t,episode,step,xb,yb,vx,vy,alpha,beta,dist,in_circle,ball_found,a0,a1,status
1.774,1,0,-0.13646,-0.11434,0.0113,-0.0082,0.00676,-0.00759,0.17616,0,1,1.000,1.000,running
1.862,1,1,-0.13692,-0.11413,-0.0256,0.0115,-0.00437,-0.01437,0.17636,0,1,1.000,1.000,running
1.906,1,2,-0.13741,-0.11410,-0.0268,0.0014,-0.00652,-0.04741,0.17670,0,1,1.000,1.000,running
1.950,1,3,-0.13823,-0.11363,-0.0450,0.0257,-0.01423,-0.09049,0.17698,0,1,1.000,1.000,running
1.992,1,4,-0.13813,-0.11304,0.0052,0.0328,-0.02632,-0.13390,0.17651,0,1,1.000,1.000,running
2.033,1,5,-0.13873,-0.11332,-0.0327,-0.0154,-0.02173,-0.14050,0.17714,0,1,1.000,1.000,running
2.078,1,6,-0.13799,-0.11352,0.0406,-0.0110,-0.02312,-0.12618,0.17673,0,1,1.000,1.000,running
2.123,1,7,-0.13847,-0.11365,-0.0265,-0.0071,-0.02551,-0.11401,0.17717,0,1,1.000,1.000,running
2.167,1,8,-0.13809,-0.11363,0.0210,0.0009,-0.02470,-0.11318,0.17688,0,1,1.000,1.000,running
2.210,1,9,-0.13842,-0.11367,-0.0186,-0.0023,-0.02481,-0.11987,0.17716,0,1,1.000,1.000,running
2.256,1,10,-0.13832,-0.11351,0.0055,0.0086,-0.02416,-0.11920,0.17698,0,1,1.000,1.000,running
2.298,1,11,-0.13841,-0.11346,-0.0048,0.0028,-0.02550,-0.11752,0.17701,0,1,1.000,1.000,running
2.342,1,12,-0.13890,-0.11360,-0.0269,-0.0076,-0.02387,-0.11886,0.17746,0,1,1.000,1.000,running
2.385,1,13,-0.13891,-0.11358,-0.0005,0.0012,-0.02397,-0.11797,0.17745,0,1,1.000,1.000,running
2.428,1,14,-0.13848,-0.11344,0.0237,0.0076,-0.02391,-0.11887,0.17704,0,1,1.000,1.000,running
2.472,1,15,-0.13822,-0.11355,0.0140,-0.0060,-0.02622,-0.11773,0.17693,0,1,1.000,1.000,running
2.518,1,16,-0.13868,-0.11348,-0.0253,0.0041,-0.02472,-0.11838,0.17721,0,1,1.000,1.000,running
2.564,1,17,-0.13817,-0.11347,0.0280,0.0001,-0.02525,-0.11772,0.17684,0,1,1.000,1.000,running
2.608,1,18,-0.13874,-0.11365,-0.0311,-0.0098,-0.02423,-0.11932,0.17737,0,1,1.000,1.000,running
2.649,1,19,-0.13815,-0.11307,0.0323,0.0322,-0.02542,-0.11798,0.17655,0,1,1.000,1.000,running
2.694,1,20,-0.13868,-0.11362,-0.0292,-0.0303,-0.02451,-0.11870,0.17731,0,1,1.000,1.000,running
2.741,1,21,-0.13861,-0.11341,0.0040,0.0115,-0.02537,-0.11795,0.17711,0,1,1.000,1.000,running
2.781,1,22,-0.13822,-0.11376,0.0216,-0.0193,-0.02429,-0.11796,0.17706,0,1,1.000,1.000,running
2.826,1,23,-0.13840,-0.11343,-0.0099,0.0180,-0.02531,-0.11719,0.17697,0,1,1.000,1.000,running
2.874,1,24,-0.13768,-0.11367,0.0398,-0.0134,-0.02537,-0.11813,0.17661,0,1,1.000,1.000,running
2.917,1,25,-0.13825,-0.11334,-0.0313,0.0183,-0.02494,-0.11778,0.17680,0,1,1.000,1.000,running
2.962,1,26,-0.13860,-0.11358,-0.0194,-0.0130,-0.02531,-0.11719,0.17722,0,1,1.000,1.000,running
3.006,1,27,-0.13795,-0.11345,0.0354,0.0069,-0.02505,-0.11819,0.17666,0,1,1.000,1.000,running
3.048,1,28,-0.13829,-0.11339,-0.0184,0.0034,-0.02616,-0.11738,0.17687,0,1,1.000,1.000,running
3.092,1,29,-0.13838,-0.11338,-0.0051,0.0008,-0.02589,-0.11680,0.17692,0,1,1.000,1.000,running
3.136,1,30,-0.13863,-0.11318,-0.0139,0.0110,-0.02601,-0.11720,0.17698,0,1,1.000,1.000,running
3.179,1,31,-0.13778,-0.11348,0.0467,-0.0167,-0.02729,-0.11767,0.17655,0,1,1.000,1.000,running
3.226,1,32,-0.13810,-0.11376,-0.0176,-0.0156,-0.02552,-0.11739,0.17698,0,1,1.000,1.000,running
3.268,1,33,-0.13825,-0.11340,-0.0083,0.0203,-0.02666,-0.11842,0.17684,0,1,1.000,1.000,running
3.312,1,34,-0.13809,-0.11367,0.0088,-0.0151,-0.02596,-0.11723,0.17691,0,1,1.000,1.000,running
3.355,1,35,-0.13801,-0.11364,0.0046,0.0015,-0.02740,-0.11671,0.17683,0,1,1.000,1.000,running
3.400,1,36,-0.13819,-0.11368,-0.0100,-0.0020,-0.02703,-0.11730,0.17699,0,1,1.000,1.000,running
3.447,1,37,-0.13786,-0.11362,0.0182,0.0034,-0.02703,-0.11730,0.17670,0,1,1.000,1.000,running
3.488,1,38,-0.13812,-0.11347,-0.0145,0.0080,-0.02619,-0.11674,0.17680,0,1,1.000,1.000,running
3.528,1,39,-0.13827,-0.11357,-0.0080,-0.0054,-0.02552,-0.11739,0.17697,0,1,1.000,1.000,running
3.575,1,40,-0.13841,-0.11311,-0.0075,0.0251,-0.02666,-0.11668,0.17677,0,1,1.000,1.000,running
3.620,1,41,-0.13815,-0.11335,0.0139,-0.0130,-0.02619,-0.11674,0.17674,0,1,1.000,1.000,running
3.662,1,42,-0.13779,-0.11369,0.0198,-0.0186,-0.02770,-0.11665,0.17670,0,1,1.000,1.000,running
3.703,1,43,-0.13795,-0.11343,-0.0087,0.0144,-0.02552,-0.11739,0.17664,0,1,1.000,1.000,running
3.751,1,44,-0.13789,-0.11357,0.0034,-0.0076,-0.02601,-0.11720,0.17669,0,1,1.000,1.000,running
3.800,1,45,-0.13799,-0.11341,-0.0058,0.0087,-0.02740,-0.11671,0.17666,0,1,1.000,1.000,running
3.926,1,46,-0.13802,-0.11327,-0.0012,0.0075,-0.02516,-0.11661,0.17658,0,1,1.000,1.000,running
3.970,1,47,-0.13769,-0.11344,0.0177,-0.0092,-0.02806,-0.11686,0.17646,0,1,1.000,1.000,running
4.016,1,48,-0.13805,-0.11327,-0.0193,0.0092,-0.02733,-0.11667,0.17661,0,1,1.000,1.000,running
4.058,1,49,-0.13846,-0.11337,-0.0230,-0.0053,-0.02703,-0.11730,0.17698,0,1,1.000,1.000,running
4.106,1,50,-0.13800,-0.11364,0.0253,-0.0149,-0.02769,-0.11745,0.17682,0,1,1.000,1.000,running
4.149,1,51,-0.13809,-0.11361,-0.0046,0.0017,-0.02818,-0.11727,0.17686,0,1,1.000,1.000,running
4.193,1,52,-0.13842,-0.11361,-0.0181,-0.0003,-0.02818,-0.11727,0.17711,0,1,1.000,1.000,running
4.278,1,53,-0.13826,-0.11359,0.0086,0.0012,-0.02666,-0.11668,0.17698,0,1,1.000,1.000,running
4.323,1,54,-0.13828,-0.11362,-0.0012,-0.0015,-0.02740,-0.11671,0.17701,0,1,1.000,1.000,running
4.366,1,55,-0.13768,-0.11341,0.0330,0.0116,-0.02806,-0.11686,0.17643,0,1,1.000,1.000,running
4.408,1,56,-0.13815,-0.11331,-0.0257,0.0054,-0.02740,-0.11671,0.17671,0,1,1.000,1.000,running
4.455,1,57,-0.13815,-0.11360,0.0001,-0.0160,-0.02769,-0.11745,0.17690,0,1,1.000,1.000,running
4.500,1,58,-0.13828,-0.11356,-0.0074,0.0019,-0.02752,-0.11711,0.17698,0,1,1.000,1.000,running
4.548,1,59,-0.13816,-0.11356,0.0071,0.0004,-0.02516,-0.11661,0.17688,0,1,1.000,1.000,running
4.590,1,60,-0.13824,-0.11341,-0.0049,0.0077,-0.02818,-0.11727,0.17685,0,1,1.000,1.000,running
4.631,1,61,-0.13798,-0.11328,0.0148,0.0076,-0.02588,-0.11726,0.17656,0,1,1.000,1.000,running
4.678,1,62,-0.13771,-0.11357,0.0146,-0.0160,-0.02836,-0.11680,0.17656,0,1,1.000,1.000,running
4.721,1,63,-0.13800,-0.11348,-0.0161,0.0048,-0.02958,-0.11677,0.17672,0,1,1.000,1.000,running
4.764,1,64,-0.13807,-0.11360,-0.0036,-0.0066,-0.02846,-0.11740,0.17684,0,1,1.000,1.000,running
4.810,1,65,-0.13807,-0.11366,-0.0002,-0.0033,-0.02835,-0.11726,0.17689,0,1,1.000,1.000,running
4.856,1,66,-0.13780,-0.11367,0.0152,-0.0006,-0.02972,-0.11649,0.17669,0,1,1.000,1.000,running
4.899,1,67,-0.13781,-0.11369,-0.0009,-0.0012,-0.02864,-0.11694,0.17672,0,1,1.000,1.000,running
4.942,1,68,-0.13831,-0.11361,-0.0275,0.0047,-0.02836,-0.11680,0.17703,0,1,1.000,1.000,running
4.983,1,69,-0.13791,-0.11343,0.0220,0.0100,-0.02888,-0.11702,0.17661,0,1,1.000,1.000,running
5.026,1,70,-0.13802,-0.11311,-0.0059,0.0176,-0.02919,-0.11697,0.17647,0,1,1.000,1.000,running
5.071,1,71,-0.13806,-0.11375,-0.0023,-0.0354,-0.02796,-0.11788,0.17694,0,1,1.000,1.000,running
5.115,1,72,-0.13820,-0.11338,-0.0075,0.0204,-0.02842,-0.11793,0.17679,0,1,1.000,1.000,running
5.159,1,73,-0.13810,-0.11382,0.0054,-0.0243,-0.02835,-0.11726,0.17702,0,1,1.000,1.000,running
5.206,1,74,-0.13810,-0.11365,-0.0004,0.0096,-0.02822,-0.11732,0.17690,0,1,1.000,1.000,running
5.251,1,75,-0.13841,-0.11350,-0.0168,0.0079,-0.02940,-0.11624,0.17703,0,1,1.000,1.000,running
5.293,1,76,-0.13812,-0.11350,0.0157,0.0000,-0.02870,-0.11694,0.17682,0,1,1.000,1.000,running
5.337,1,77,-0.13807,-0.11363,0.0032,-0.0070,-0.02870,-0.11713,0.17686,0,1,1.000,1.000,running
5.378,1,78,-0.13825,-0.11361,-0.0102,0.0009,-0.02900,-0.11688,0.17699,0,1,1.000,1.000,running
5.426,1,79,-0.13812,-0.11360,0.0075,0.0009,-0.02877,-0.11735,0.17688,0,1,1.000,1.000,running
5.467,1,80,-0.13777,-0.11339,0.0193,0.0113,-0.02959,-0.11608,0.17648,0,1,1.000,1.000,running
5.510,1,81,-0.13825,-0.11364,-0.0264,-0.0139,-0.02876,-0.11684,0.17700,0,1,1.000,1.000,running
5.556,1,82,-0.13822,-0.11347,0.0015,0.0096,-0.02900,-0.11688,0.17687,0,1,1.000,1.000,running
5.604,1,83,-0.13830,-0.11338,-0.0047,0.0048,-0.02914,-0.11698,0.17687,0,1,1.000,1.000,running
5.647,1,84,-0.13798,-0.11357,0.0176,-0.0102,-0.02835,-0.11726,0.17676,0,1,1.000,1.000,running
5.691,1,85,-0.13837,-0.11349,-0.0210,0.0041,-0.02818,-0.11727,0.17699,0,1,1.000,1.000,running
5.730,1,86,-0.13778,-0.11320,0.0323,0.0160,-0.02817,-0.11773,0.17636,0,1,1.000,1.000,running
5.775,1,87,-0.13805,-0.11356,-0.0152,-0.0197,-0.02879,-0.11641,0.17681,0,1,1.000,1.000,running
5.819,1,88,-0.13810,-0.11367,-0.0024,-0.0062,-0.02835,-0.11734,0.17691,0,1,1.000,1.000,running
5.953,1,89,-0.13821,-0.11378,-0.0061,-0.0058,-0.02726,-0.11739,0.17707,0,1,1.000,1.000,running
5.999,1,90,-0.13839,-0.11373,-0.0098,0.0026,-0.02864,-0.11694,0.17717,0,1,1.000,1.000,running
6.041,1,91,-0.13805,-0.11342,0.0186,0.0172,-0.03008,-0.11584,0.17671,0,1,1.000,1.000,running
6.085,1,92,-0.13788,-0.11330,0.0090,0.0066,-0.02847,-0.11713,0.17651,0,1,1.000,1.000,running
6.128,1,93,-0.13793,-0.11364,-0.0025,-0.0189,-0.02864,-0.11694,0.17677,0,1,1.000,1.000,running
6.172,1,94,-0.13804,-0.11356,-0.0061,0.0044,-0.02906,-0.11655,0.17680,0,1,1.000,1.000,running
6.216,1,95,-0.13814,-0.11352,-0.0054,0.0024,-0.02855,-0.11741,0.17684,0,1,1.000,1.000,running
6.263,1,96,-0.13830,-0.11341,-0.0086,0.0059,-0.02999,-0.11666,0.17689,0,1,1.000,1.000,running
6.306,1,97,-0.13808,-0.11377,0.0121,-0.0197,-0.02917,-0.11633,0.17697,0,1,1.000,1.000,running
6.354,1,98,-0.13826,-0.11357,-0.0098,0.0108,-0.02886,-0.11715,0.17697,0,1,1.000,1.000,running
6.395,1,99,-0.13823,-0.11359,0.0013,-0.0009,-0.02982,-0.11599,0.17696,0,1,1.000,1.000,running
6.436,1,100,-0.13780,-0.11371,0.0241,-0.0064,-0.02942,-0.11702,0.17672,0,1,1.000,1.000,running
6.479,1,101,-0.13763,-0.11296,0.0093,0.0409,-0.02913,-0.11729,0.17609,0,1,1.000,1.000,running
6.526,1,102,-0.13823,-0.11355,-0.0330,-0.0323,-0.02834,-0.11700,0.17693,0,1,1.000,1.000,running
6.570,1,103,-0.13875,-0.11345,-0.0289,0.0056,-0.02816,-0.11646,0.17725,0,1,1.000,1.000,running
6.612,1,104,-0.13811,-0.11351,0.0355,-0.0031,-0.02999,-0.11666,0.17681,0,1,1.000,1.000,running
6.656,1,105,-0.13821,-0.11370,-0.0058,-0.0104,-0.02886,-0.11715,0.17702,0,1,1.000,1.000,running
6.701,1,106,-0.13841,-0.11356,-0.0107,0.0075,-0.02815,-0.11831,0.17707,0,1,1.000,1.000,running
6.747,1,107,-0.13810,-0.11364,0.0166,-0.0045,-0.02850,-0.11722,0.17690,0,1,1.000,1.000,running
6.790,1,108,-0.13825,-0.11374,-0.0079,-0.0053,-0.02836,-0.11680,0.17707,0,1,1.000,1.000,running
6.831,1,109,-0.13839,-0.11356,-0.0078,0.0098,-0.02892,-0.11682,0.17706,0,1,1.000,1.000,running
6.876,1,110,-0.13796,-0.11378,0.0235,-0.0121,-0.02842,-0.11680,0.17689,0,1,1.000,1.000,running
6.918,1,111,-0.13813,-0.11373,-0.0093,0.0029,-0.02877,-0.11735,0.17698,0,1,1.000,1.000,running
6.965,1,112,-0.13845,-0.11366,-0.0174,0.0041,-0.02879,-0.11641,0.17716,0,1,1.000,1.000,running
7.010,1,113,-0.13788,-0.11350,0.0314,0.0088,-0.02876,-0.11711,0.17663,0,1,1.000,1.000,running
7.054,1,114,-0.13820,-0.11342,-0.0179,0.0042,-0.02813,-0.11688,0.17682,0,1,1.000,1.000,running
7.097,1,115,-0.13804,-0.11329,0.0090,0.0072,-0.02972,-0.11649,0.17661,0,1,1.000,1.000,running
7.138,1,116,-0.13813,-0.11359,-0.0052,-0.0167,-0.02816,-0.11608,0.17689,0,1,1.000,1.000,running
7.181,1,117,-0.13814,-0.11368,-0.0002,-0.0051,-0.02850,-0.11722,0.17695,0,1,1.000,1.000,running
7.224,1,118,-0.13810,-0.11349,0.0018,0.0108,-0.02945,-0.11694,0.17679,0,1,1.000,1.000,running
7.272,1,119,-0.13832,-0.11355,-0.0120,-0.0036,-0.02956,-0.11630,0.17700,0,1,1.000,1.000,running
7.315,1,120,-0.13843,-0.11343,-0.0060,0.0068,-0.02920,-0.11691,0.17700,0,1,1.000,1.000,running
7.359,1,121,-0.13836,-0.11361,0.0039,-0.0097,-0.02835,-0.11726,0.17706,0,1,1.000,1.000,running
7.402,1,122,-0.13842,-0.11358,-0.0035,0.0016,-0.02778,-0.11780,0.17709,0,1,1.000,1.000,running
7.447,1,123,-0.13807,-0.11365,0.0193,-0.0038,-0.02816,-0.11636,0.17688,0,1,1.000,1.000,running
7.492,1,124,-0.13841,-0.11348,-0.0188,0.0091,-0.02859,-0.11703,0.17702,0,1,1.000,1.000,running
7.534,1,125,-0.13781,-0.11378,0.0333,-0.0164,-0.02848,-0.11768,0.17677,0,1,1.000,1.000,running
7.579,1,126,-0.13842,-0.11353,-0.0337,0.0136,-0.02899,-0.11680,0.17706,0,1,1.000,1.000,running
7.623,1,127,-0.13827,-0.11373,0.0083,-0.0108,-0.02848,-0.11776,0.17708,0,1,1.000,1.000,running
7.666,1,128,-0.13815,-0.11368,0.0065,0.0028,-0.02729,-0.11752,0.17696,0,1,1.000,1.000,running
7.715,1,129,-0.13822,-0.11357,-0.0040,0.0061,-0.02941,-0.11655,0.17694,0,1,1.000,1.000,running
7.756,1,130,-0.13827,-0.11335,-0.0026,0.0118,-0.02769,-0.11745,0.17683,0,1,1.000,1.000,running
7.801,1,131,-0.13793,-0.11359,0.0190,-0.0130,-0.02890,-0.11622,0.17673,0,1,1.000,1.000,running
7.845,1,132,-0.13819,-0.11334,-0.0142,0.0139,-0.02805,-0.11732,0.17675,0,1,1.000,1.000,running
7.973,1,133,-0.13825,-0.11337,-0.0033,-0.0019,-0.02935,-0.11711,0.17682,0,1,1.000,1.000,running
8.019,1,134,-0.13793,-0.11364,0.0176,-0.0144,-0.02836,-0.11680,0.17676,0,1,1.000,1.000,running
8.062,1,135,-0.13827,-0.11355,-0.0188,0.0050,-0.02842,-0.11727,0.17695,0,1,1.000,1.000,running
8.108,1,136,-0.13803,-0.11358,0.0133,-0.0019,-0.02916,-0.11605,0.17680,0,1,1.000,1.000,running
8.152,1,137,-0.13793,-0.11341,0.0052,0.0095,-0.02959,-0.11608,0.17661,0,1,1.000,1.000,running
8.194,1,138,-0.13844,-0.11363,-0.0279,-0.0121,-0.02892,-0.11682,0.17714,0,1,1.000,1.000,running
8.240,1,139,-0.13868,-0.11331,-0.0135,0.0177,-0.02889,-0.11614,0.17710,0,1,1.000,1.000,running
8.280,1,140,-0.13814,-0.11360,0.0300,-0.0160,-0.02836,-0.11680,0.17689,0,1,1.000,1.000,running
8.326,1,141,-0.13837,-0.11361,-0.0126,-0.0008,-0.02810,-0.11738,0.17707,0,1,1.000,1.000,running
8.372,1,142,-0.13820,-0.11334,0.0094,0.0151,-0.02903,-0.11716,0.17676,0,1,1.000,1.000,running
8.415,1,143,-0.13828,-0.11358,-0.0046,-0.0133,-0.02887,-0.11639,0.17699,0,1,1.000,1.000,running
8.458,1,144,-0.13847,-0.11342,-0.0102,0.0089,-0.02818,-0.11727,0.17701,0,1,1.000,1.000,running
8.502,1,145,-0.13809,-0.11359,0.0207,-0.0097,-0.02842,-0.11793,0.17686,0,1,1.000,1.000,running
8.548,1,146,-0.13823,-0.11374,-0.0077,-0.0083,-0.02880,-0.11734,0.17706,0,1,1.000,1.000,running
8.594,1,147,-0.13815,-0.11361,0.0046,0.0076,-0.02930,-0.11674,0.17691,0,1,1.000,1.000,running
8.678,1,148,-0.13809,-0.11361,0.0032,-0.0005,-0.02834,-0.11627,0.17687,0,1,1.000,1.000,running
8.721,1,149,-0.13784,-0.11378,0.0135,-0.0091,-0.02799,-0.11739,0.17680,0,1,1.000,1.000,running
8.768,1,150,-0.13809,-0.11354,-0.0135,0.0133,-0.02806,-0.11686,0.17682,0,1,1.000,1.000,running
8.811,1,151,-0.13791,-0.11380,0.0098,-0.0146,-0.02836,-0.11680,0.17687,0,1,1.000,1.000,running
8.856,1,152,-0.13809,-0.11355,-0.0097,0.0140,-0.02806,-0.11686,0.17683,0,1,1.000,1.000,running
8.900,1,153,-0.13831,-0.11364,-0.0123,-0.0048,-0.02816,-0.11636,0.17705,0,1,1.000,1.000,running
8.948,1,154,-0.13840,-0.11371,-0.0049,-0.0042,-0.02828,-0.11677,0.17717,0,1,1.000,1.000,running
8.987,1,155,-0.13804,-0.11354,0.0201,0.0096,-0.02816,-0.11636,0.17678,0,1,1.000,1.000,running
9.029,1,156,-0.13785,-0.11385,0.0101,-0.0172,-0.02806,-0.11686,0.17686,0,1,1.000,1.000,running
9.077,1,157,-0.13812,-0.11363,-0.0147,0.0124,-0.02806,-0.11686,0.17690,0,1,1.000,1.000,running
9.118,1,158,-0.13814,-0.11356,-0.0012,0.0038,-0.02806,-0.11686,0.17687,0,1,1.000,1.000,running
9.163,1,159,-0.13828,-0.11357,-0.0075,-0.0006,-0.02806,-0.11686,0.17698,0,1,1.000,1.000,running
9.208,1,160,-0.13842,-0.11328,-0.0077,0.0160,-0.02806,-0.11686,0.17688,0,1,1.000,1.000,running
9.250,1,161,-0.13833,-0.11349,0.0050,-0.0116,-0.02929,-0.11614,0.17696,0,1,1.000,1.000,running
9.296,1,162,-0.13829,-0.11354,0.0018,-0.0031,-0.02806,-0.11686,0.17697,0,1,1.000,1.000,running
9.336,1,163,-0.13848,-0.11358,-0.0105,-0.0019,-0.02779,-0.11618,0.17714,0,1,1.000,1.000,running
9.384,1,164,-0.13815,-0.11353,0.0184,0.0029,-0.02790,-0.11735,0.17685,0,1,1.000,1.000,running
9.425,1,165,-0.13845,-0.11368,-0.0162,-0.0083,-0.02769,-0.11745,0.17717,0,1,1.000,1.000,running
9.470,1,166,-0.13834,-0.11355,0.0057,0.0072,-0.02806,-0.11686,0.17701,0,1,1.000,1.000,running
9.514,1,167,-0.13830,-0.11357,0.0025,-0.0016,-0.02806,-0.11686,0.17700,0,1,1.000,1.000,running
9.557,1,168,-0.13793,-0.11367,0.0201,-0.0054,-0.02810,-0.11713,0.17679,0,1,1.000,1.000,running
9.603,1,169,-0.13820,-0.11374,-0.0148,-0.0036,-0.02806,-0.11686,0.17704,0,1,1.000,1.000,running
9.649,1,170,-0.13802,-0.11384,0.0102,-0.0055,-0.02696,-0.11726,0.17697,0,1,1.000,1.000,running
9.693,1,171,-0.13854,-0.11365,-0.0287,0.0101,-0.02806,-0.11686,0.17723,0,1,1.000,1.000,running
9.733,1,172,-0.13833,-0.11369,0.0115,-0.0018,-0.02763,-0.11680,0.17709,0,1,1.000,1.000,running
9.776,1,173,-0.13845,-0.11353,-0.0066,0.0085,-0.02806,-0.11686,0.17708,0,1,1.000,1.000,running
9.822,1,174,-0.13787,-0.11367,0.0318,-0.0075,-0.02816,-0.11636,0.17674,0,1,1.000,1.000,running
9.865,1,175,-0.13825,-0.11362,-0.0211,0.0025,-0.02742,-0.11709,0.17700,0,1,1.000,1.000,running
9.953,1,176,-0.13841,-0.11339,-0.0087,0.0126,-0.02828,-0.11677,0.17696,0,1,1.000,1.000,running
9.998,1,177,-0.13797,-0.11340,0.0242,-0.0003,-0.02941,-0.11655,0.17664,0,1,1.000,1.000,running
10.040,1,178,-0.13794,-0.11360,0.0015,-0.0109,-0.02696,-0.11726,0.17675,0,1,1.000,1.000,running
10.085,1,179,-0.13820,-0.11374,-0.0142,-0.0078,-0.02806,-0.11686,0.17704,0,1,1.000,1.000,running
10.129,1,180,-0.13809,-0.11361,0.0062,0.0068,-0.02816,-0.11636,0.17687,0,1,1.000,1.000,running
10.174,1,181,-0.13829,-0.11354,-0.0113,0.0040,-0.02806,-0.11686,0.17697,0,1,1.000,1.000,running
10.220,1,182,-0.13798,-0.11327,0.0174,0.0150,-0.02738,-0.11682,0.17655,0,1,1.000,1.000,running
10.263,1,183,-0.13828,-0.11364,-0.0167,-0.0205,-0.02806,-0.11686,0.17703,0,1,1.000,1.000,running
10.308,1,184,-0.13798,-0.11344,0.0164,0.0109,-0.02742,-0.11617,0.17668,0,1,1.000,1.000,running
10.349,1,185,-0.13849,-0.11353,-0.0280,-0.0047,-0.02771,-0.11651,0.17711,0,1,1.000,1.000,running
10.394,1,186,-0.13809,-0.11367,0.0221,-0.0077,-0.02806,-0.11686,0.17691,0,1,1.000,1.000,running
10.439,1,187,-0.13827,-0.11353,-0.0097,0.0078,-0.02742,-0.11617,0.17694,0,1,1.000,1.000,running
10.482,1,188,-0.13802,-0.11359,0.0135,-0.0032,-0.02816,-0.11636,0.17680,0,1,1.000,1.000,running
10.525,1,189,-0.13800,-0.11309,0.0010,0.0270,-0.02806,-0.11686,0.17645,0,1,1.000,1.000,running
10.569,1,190,-0.13809,-0.11391,-0.0045,-0.0448,-0.02806,-0.11686,0.17707,0,1,1.000,1.000,running
10.616,1,191,-0.13833,-0.11348,-0.0136,0.0233,-0.02806,-0.11686,0.17696,0,1,1.000,1.000,running
10.657,1,192,-0.13804,-0.11356,0.0163,-0.0044,-0.02816,-0.11636,0.17680,0,1,1.000,1.000,running
10.703,1,193,-0.13814,-0.11372,-0.0055,-0.0084,-0.02816,-0.11636,0.17697,0,1,1.000,1.000,running
10.745,1,194,-0.13773,-0.11345,0.0221,0.0147,-0.02806,-0.11686,0.17650,0,1,1.000,1.000,running
10.790,1,195,-0.13758,-0.11332,0.0084,0.0072,-0.02806,-0.11686,0.17630,0,1,1.000,1.000,running
10.832,1,196,-0.13810,-0.11365,-0.0283,-0.0183,-0.02806,-0.11686,0.17690,0,1,1.000,1.000,running
10.875,1,197,-0.13846,-0.11341,-0.0201,0.0135,-0.02821,-0.11586,0.17700,0,1,1.000,1.000,running
10.920,1,198,-0.13830,-0.11357,0.0087,-0.0093,-0.02742,-0.11617,0.17700,0,1,1.000,1.000,running
10.967,1,199,-0.13804,-0.11352,0.0145,0.0030,-0.02742,-0.11617,0.17677,0,1,1.000,1.000,running
11.013,1,200,-0.13836,-0.11361,-0.0179,-0.0050,-0.02818,-0.11727,0.17707,0,1,1.000,1.000,running
11.056,1,201,-0.13813,-0.11356,0.0128,0.0030,-0.02806,-0.11686,0.17686,0,1,1.000,1.000,running
11.099,1,202,-0.13806,-0.11360,0.0040,-0.0022,-0.02733,-0.11667,0.17684,0,1,1.000,1.000,running
11.146,1,203,-0.13815,-0.11373,-0.0048,-0.0073,-0.02769,-0.11669,0.17699,0,1,1.000,1.000,running
11.187,1,204,-0.13794,-0.11364,0.0114,0.0050,-0.02836,-0.11628,0.17678,0,1,1.000,1.000,running
11.230,1,205,-0.13838,-0.11350,-0.0243,0.0075,-0.02733,-0.11686,0.17701,0,1,1.000,1.000,running
11.276,1,206,-0.13834,-0.11345,0.0023,0.0026,-0.02816,-0.11636,0.17694,0,1,1.000,1.000,running
11.318,1,207,-0.13844,-0.11361,-0.0056,-0.0086,-0.02806,-0.11686,0.17713,0,1,1.000,1.000,running
11.361,1,208,-0.13790,-0.11375,0.0294,-0.0078,-0.02806,-0.11686,0.17683,0,1,1.000,1.000,running
11.406,1,209,-0.13864,-0.11362,-0.0402,0.0071,-0.02664,-0.11664,0.17728,0,1,1.000,1.000,running
11.451,1,210,-0.13837,-0.11362,0.0149,-0.0001,-0.02807,-0.11622,0.17708,0,1,1.000,1.000,running
11.495,1,211,-0.13839,-0.11314,-0.0012,0.0264,-0.02806,-0.11686,0.17677,0,1,1.000,1.000,running
11.540,1,212,-0.13834,-0.11352,0.0028,-0.0206,-0.02806,-0.11686,0.17699,0,1,1.000,1.000,running
11.581,1,213,-0.13812,-0.11355,0.0119,-0.0017,-0.02806,-0.11686,0.17685,0,1,1.000,1.000,running
11.625,1,214,-0.13813,-0.11350,-0.0008,0.0026,-0.02816,-0.11636,0.17682,0,1,1.000,1.000,running
11.670,1,215,-0.13842,-0.11344,-0.0158,0.0030,-0.02818,-0.11727,0.17700,0,1,1.000,1.000,running
11.714,1,216,-0.13803,-0.11365,0.0213,-0.0115,-0.02807,-0.11622,0.17686,0,1,1.000,1.000,running
11.760,1,217,-0.13841,-0.11361,-0.0204,0.0024,-0.02818,-0.11727,0.17710,0,1,1.000,1.000,running
11.807,1,218,-0.13820,-0.11370,0.0115,-0.0048,-0.02806,-0.11686,0.17701,0,1,1.000,1.000,running
11.846,1,219,-0.13820,-0.11368,-0.0003,0.0007,-0.02806,-0.11686,0.17700,0,1,1.000,1.000,running
11.892,1,220,-0.13804,-0.11351,0.0093,0.0095,-0.02751,-0.11659,0.17676,0,1,1.000,1.000,running
11.978,1,221,-0.13811,-0.11350,-0.0041,0.0008,-0.02806,-0.11686,0.17681,0,1,1.000,1.000,running
12.021,1,222,-0.13835,-0.11359,-0.0130,-0.0050,-0.02806,-0.11686,0.17704,0,1,1.000,1.000,running
12.065,1,223,-0.13828,-0.11355,0.0034,0.0022,-0.02806,-0.11686,0.17697,0,1,1.000,1.000,running
12.109,1,224,-0.13840,-0.11370,-0.0065,-0.0085,-0.02806,-0.11686,0.17716,0,1,1.000,1.000,running
12.154,1,225,-0.13787,-0.11334,0.0292,0.0200,-0.02816,-0.11636,0.17652,0,1,1.000,1.000,running
12.201,1,226,-0.13809,-0.11349,-0.0120,-0.0084,-0.02836,-0.11628,0.17679,0,1,1.000,1.000,running
12.246,1,227,-0.13799,-0.11384,0.0055,-0.0194,-0.02806,-0.11686,0.17695,0,1,1.000,1.000,running
12.286,1,228,-0.13817,-0.11351,-0.0100,0.0185,-0.02818,-0.11727,0.17686,0,1,1.000,1.000,running
12.332,1,229,-0.13828,-0.11342,-0.0060,0.0048,-0.02859,-0.11671,0.17688,0,1,1.000,1.000,running
12.375,1,230,-0.13815,-0.11358,0.0072,-0.0087,-0.02806,-0.11686,0.17689,0,1,1.000,1.000,running
12.419,1,231,-0.13828,-0.11347,-0.0072,0.0061,-0.02836,-0.11680,0.17691,0,1,1.000,1.000,running
12.465,1,232,-0.13813,-0.11342,0.0085,0.0025,-0.02806,-0.11686,0.17677,0,1,1.000,1.000,running
12.506,1,233,-0.13807,-0.11357,0.0029,-0.0081,-0.02806,-0.11686,0.17683,0,1,1.000,1.000,running
12.551,1,234,-0.13836,-0.11362,-0.0157,-0.0026,-0.02806,-0.11686,0.17707,0,1,1.000,1.000,running
12.597,1,235,-0.13758,-0.11333,0.0428,0.0157,-0.02806,-0.11686,0.17630,0,1,1.000,1.000,running
12.639,1,236,-0.13843,-0.11348,-0.0470,-0.0079,-0.02855,-0.11690,0.17703,0,1,1.000,1.000,running
12.680,1,237,-0.13821,-0.11367,0.0124,-0.0106,-0.02781,-0.11786,0.17699,0,1,1.000,1.000,running
12.725,1,238,-0.13788,-0.11375,0.0177,-0.0043,-0.02818,-0.11727,0.17681,0,1,1.000,1.000,running
12.771,1,239,-0.13851,-0.11354,-0.0346,0.0116,-0.02806,-0.11686,0.17713,0,1,1.000,1.000,running
12.817,1,240,-0.13790,-0.11341,0.0339,0.0072,-0.02806,-0.11686,0.17659,0,1,1.000,1.000,running
12.856,1,241,-0.13824,-0.11365,-0.0188,-0.0132,-0.02806,-0.11686,0.17700,0,1,1.000,1.000,running
12.901,1,242,-0.13812,-0.11373,0.0063,-0.0048,-0.02781,-0.11786,0.17698,0,1,1.000,1.000,running
12.947,1,243,-0.13826,-0.11352,-0.0074,0.0117,-0.02781,-0.11786,0.17693,0,1,1.000,1.000,running
12.989,1,244,-0.13837,-0.11357,-0.0061,-0.0028,-0.02828,-0.11677,0.17705,0,1,1.000,1.000,running
13.035,1,245,-0.13824,-0.11343,0.0070,0.0078,-0.02806,-0.11686,0.17686,0,1,1.000,1.000,running
13.077,1,246,-0.13808,-0.11291,0.0091,0.0285,-0.02806,-0.11686,0.17639,0,1,1.000,1.000,running
13.124,1,247,-0.13795,-0.11352,0.0070,-0.0335,-0.02834,-0.11700,0.17670,0,1,1.000,1.000,running
13.168,1,248,-0.13802,-0.11362,-0.0042,-0.0054,-0.02836,-0.11680,0.17682,0,1,1.000,1.000,running
13.210,1,249,-0.13779,-0.11378,0.0131,-0.0089,-0.02806,-0.11686,0.17676,0,1,1.000,1.000,running
13.258,1,250,-0.13792,-0.11363,-0.0075,0.0085,-0.02854,-0.11721,0.17675,0,1,1.000,1.000,running
13.302,1,251,-0.13842,-0.11341,-0.0273,0.0119,-0.02836,-0.11680,0.17697,0,1,1.000,1.000,running
13.342,1,252,-0.13845,-0.11369,-0.0017,-0.0156,-0.02818,-0.11727,0.17719,0,1,1.000,1.000,running
13.385,1,253,-0.13814,-0.11369,0.0172,0.0002,-0.02769,-0.11745,0.17696,0,1,1.000,1.000,running
13.429,1,254,-0.13847,-0.11351,-0.0183,0.0102,-0.02805,-0.11740,0.17708,0,1,1.000,1.000,running
13.472,1,255,-0.13865,-0.11360,-0.0102,-0.0050,-0.02806,-0.11686,0.17727,0,1,1.000,1.000,running
13.516,1,256,-0.13802,-0.11380,0.0347,-0.0111,-0.02861,-0.11687,0.17695,0,1,1.000,1.000,running
13.562,1,257,-0.13829,-0.11349,-0.0146,0.0171,-0.02818,-0.11727,0.17693,0,1,1.000,1.000,running
13.607,1,258,-0.13849,-0.11341,-0.0112,0.0041,-0.02806,-0.11686,0.17703,0,1,1.000,1.000,running
13.653,1,259,-0.13791,-0.11349,0.0322,-0.0039,-0.02806,-0.11686,0.17665,0,1,1.000,1.000,running
13.699,1,260,-0.13828,-0.11354,-0.0205,-0.0030,-0.02781,-0.11744,0.17696,0,1,1.000,1.000,running
13.746,1,261,-0.13835,-0.11343,-0.0037,0.0060,-0.02733,-0.11686,0.17693,0,1,1.000,1.000,running
13.825,1,262,-0.13830,-0.11370,0.0027,-0.0149,-0.02798,-0.11663,0.17708,0,1,1.000,1.000,running
13.871,1,263,-0.13810,-0.11357,0.0108,0.0075,-0.02806,-0.11686,0.17684,0,1,1.000,1.000,running
13.913,1,264,-0.13799,-0.11336,0.0060,0.0116,-0.02806,-0.11686,0.17662,0,1,1.000,1.000,running
14.002,1,265,-0.13834,-0.11368,-0.0189,-0.0176,-0.02806,-0.11686,0.17709,0,1,1.000,1.000,running
14.045,1,266,-0.13842,-0.11362,-0.0048,0.0031,-0.02766,-0.11693,0.17712,0,1,1.000,1.000,running
14.090,1,267,-0.13759,-0.11334,0.0457,0.0155,-0.02778,-0.11695,0.17632,0,1,1.000,1.000,running
14.133,1,268,-0.13849,-0.11365,-0.0496,-0.0174,-0.02806,-0.11686,0.17719,0,1,1.000,1.000,running
14.178,1,269,-0.13819,-0.11367,0.0165,-0.0011,-0.02806,-0.11686,0.17699,0,1,1.000,1.000,running
14.221,1,270,-0.13848,-0.11356,-0.0158,0.0061,-0.02818,-0.11727,0.17712,0,1,1.000,1.000,running
14.266,1,271,-0.13854,-0.11375,-0.0032,-0.0105,-0.02806,-0.11686,0.17729,0,1,1.000,1.000,running
14.309,1,272,-0.13838,-0.11345,0.0087,0.0167,-0.02806,-0.11686,0.17697,0,1,1.000,1.000,running
14.355,1,273,-0.13806,-0.11351,0.0179,-0.0032,-0.02818,-0.11727,0.17677,0,1,1.000,1.000,running
14.399,1,274,-0.13840,-0.11379,-0.0190,-0.0154,-0.02769,-0.11745,0.17722,0,1,1.000,1.000,running
14.444,1,275,-0.13842,-0.11364,-0.0011,0.0078,-0.02806,-0.11686,0.17714,0,1,1.000,1.000,running
14.486,1,276,-0.13836,-0.11385,0.0032,-0.0110,-0.02769,-0.11745,0.17723,0,1,1.000,1.000,running
14.528,1,277,-0.13808,-0.11361,0.0157,0.0130,-0.02806,-0.11686,0.17686,0,1,1.000,1.000,running
14.573,1,278,-0.13805,-0.11360,0.0013,0.0006,-0.02849,-0.11647,0.17683,0,1,1.000,1.000,running
14.621,1,279,-0.13834,-0.11364,-0.0154,-0.0022,-0.02806,-0.11686,0.17707,0,1,1.000,1.000,running
14.662,1,280,-0.13847,-0.11359,-0.0077,0.0026,-0.02769,-0.11745,0.17714,0,1,1.000,1.000,running
14.707,1,281,-0.13765,-0.11379,0.0454,-0.0108,-0.02798,-0.11672,0.17666,0,1,1.000,1.000,running
14.750,1,282,-0.13837,-0.11347,-0.0396,0.0174,-0.02769,-0.11745,0.17698,0,1,1.000,1.000,running
14.794,1,283,-0.13792,-0.11374,0.0246,-0.0149,-0.02806,-0.11686,0.17683,0,1,1.000,1.000,running
14.836,1,284,-0.13835,-0.11362,-0.0233,0.0068,-0.02806,-0.11686,0.17706,0,1,1.000,1.000,running
14.882,1,285,-0.13798,-0.11346,0.0199,0.0089,-0.02854,-0.11721,0.17669,0,1,1.000,1.000,running
14.928,1,286,-0.13780,-0.11380,0.0102,-0.0189,-0.02817,-0.11773,0.17678,0,1,1.000,1.000,running
14.970,1,287,-0.13811,-0.11370,-0.0175,0.0055,-0.02766,-0.11794,0.17695,0,1,1.000,1.000,running
15.013,1,288,-0.13815,-0.11375,-0.0022,-0.0025,-0.02861,-0.11687,0.17701,0,1,1.000,1.000,running
15.059,1,289,-0.13795,-0.11353,0.0114,0.0121,-0.02806,-0.11686,0.17671,0,1,1.000,1.000,running
15.102,1,290,-0.13830,-0.11363,-0.0193,-0.0056,-0.02742,-0.11709,0.17703,0,1,1.000,1.000,running
15.157,1,291,-0.13837,-0.11354,-0.0038,0.0050,-0.02806,-0.11686,0.17702,0,1,1.000,1.000,running
15.205,1,292,-0.13820,-0.11365,0.0092,-0.0063,-0.02849,-0.11647,0.17698,0,1,1.000,1.000,running
15.279,1,293,-0.13812,-0.11321,0.0046,0.0245,-0.02818,-0.11727,0.17661,0,1,1.000,1.000,running
15.323,1,294,-0.13817,-0.11350,-0.0032,-0.0163,-0.02846,-0.11630,0.17686,0,1,1.000,1.000,running
15.367,1,295,-0.13799,-0.11349,0.0098,0.0008,-0.02806,-0.11686,0.17672,0,1,1.000,1.000,running
15.412,1,296,-0.13840,-0.11350,-0.0223,-0.0008,-0.02806,-0.11686,0.17702,0,1,1.000,1.000,running
15.456,1,297,-0.13853,-0.11349,-0.0072,0.0009,-0.02806,-0.11686,0.17711,0,1,1.000,1.000,running
15.499,1,298,-0.13821,-0.11368,0.0175,-0.0104,-0.02806,-0.11686,0.17700,0,1,1.000,1.000,running
15.544,1,299,-0.13820,-0.11345,0.0009,0.0125,-0.02818,-0.11727,0.17684,0,1,1.000,1.000,running
15.588,1,300,-0.13818,-0.11362,0.0008,-0.0095,-0.02845,-0.11578,0.17694,0,1,1.000,1.000,running
15.628,1,301,-0.13841,-0.11353,-0.0124,0.0050,-0.02816,-0.11636,0.17705,0,1,1.000,1.000,running
15.674,1,302,-0.13836,-0.11333,0.0025,0.0111,-0.02798,-0.11672,0.17688,0,1,1.000,1.000,running
15.717,1,303,-0.13836,-0.11362,0.0003,-0.0160,-0.02806,-0.11686,0.17707,0,1,1.000,1.000,running
15.761,1,304,-0.13845,-0.11376,-0.0050,-0.0077,-0.02806,-0.11686,0.17723,0,1,1.000,1.000,running
15.807,1,305,-0.13794,-0.11346,0.0278,0.0162,-0.02762,-0.11609,0.17666,0,1,1.000,1.000,running
15.849,1,306,-0.13856,-0.11340,-0.0337,0.0038,-0.02890,-0.11622,0.17707,0,1,1.000,1.000,running
15.896,1,307,-0.13828,-0.11355,0.0152,-0.0084,-0.02769,-0.11745,0.17697,0,1,1.000,1.000,running
15.937,1,308,-0.13812,-0.11362,0.0089,-0.0040,-0.02818,-0.11727,0.17690,0,1,1.000,1.000,running
16.026,1,309,-0.13814,-0.11378,-0.0014,-0.0090,-0.02812,-0.11781,0.17702,0,1,1.000,1.000,running
16.070,1,310,-0.13807,-0.11379,0.0042,-0.0005,-0.02806,-0.11686,0.17697,0,1,1.000,1.000,running
16.113,1,311,-0.13819,-0.11367,-0.0068,0.0070,-0.02769,-0.11745,0.17698,0,1,1.000,1.000,running
16.159,1,312,-0.13810,-0.11368,0.0049,-0.0008,-0.02812,-0.11629,0.17692,0,1,1.000,1.000,running
16.202,1,313,-0.13823,-0.11334,-0.0072,0.0186,-0.02806,-0.11686,0.17679,0,1,1.000,1.000,running
16.247,1,314,-0.13799,-0.11342,0.0133,-0.0042,-0.02818,-0.11727,0.17667,0,1,1.000,1.000,running
16.290,1,315,-0.13843,-0.11371,-0.0242,-0.0160,-0.02818,-0.11727,0.17719,0,1,1.000,1.000,running
16.334,1,316,-0.13834,-0.11352,0.0052,0.0106,-0.02806,-0.11686,0.17699,0,1,1.000,1.000,running
16.376,1,317,-0.13848,-0.11373,-0.0081,-0.0115,-0.02806,-0.11686,0.17724,0,1,1.000,1.000,running
16.423,1,318,-0.13794,-0.11338,0.0300,0.0188,-0.02769,-0.11745,0.17660,0,1,1.000,1.000,running
16.467,1,319,-0.13829,-0.11351,-0.0195,-0.0067,-0.02778,-0.11762,0.17695,0,1,1.000,1.000,running
16.510,1,320,-0.13816,-0.11369,0.0072,-0.0102,-0.02798,-0.11687,0.17698,0,1,1.000,1.000,running
16.554,1,321,-0.13779,-0.11349,0.0204,0.0110,-0.02806,-0.11686,0.17657,0,1,1.000,1.000,running
16.599,1,322,-0.13821,-0.11361,-0.0231,-0.0067,-0.02806,-0.11686,0.17696,0,1,1.000,1.000,running
16.642,1,323,-0.13838,-0.11376,-0.0092,-0.0081,-0.02806,-0.11686,0.17718,0,1,1.000,1.000,running
16.688,1,324,-0.13793,-0.11335,0.0246,0.0225,-0.02818,-0.11727,0.17658,0,1,1.000,1.000,running
16.739,1,325,-0.13808,-0.11367,-0.0084,-0.0174,-0.02836,-0.11680,0.17690,0,1,1.000,1.000,running
16.820,1,326,-0.13838,-0.11353,-0.0163,0.0075,-0.02818,-0.11727,0.17703,0,1,1.000,1.000,running
16.865,1,327,-0.13854,-0.11325,-0.0090,0.0155,-0.02790,-0.11699,0.17696,0,1,1.000,1.000,running
16.909,1,328,-0.13819,-0.11361,0.0197,-0.0196,-0.02836,-0.11628,0.17694,0,1,1.000,1.000,running
16.953,1,329,-0.13838,-0.11359,-0.0108,0.0007,-0.02818,-0.11727,0.17707,0,1,1.000,1.000,running
17.001,1,330,-0.13818,-0.11346,0.0113,0.0071,-0.02836,-0.11680,0.17683,0,1,1.000,1.000,running
17.042,1,331,-0.13817,-0.11384,0.0006,-0.0206,-0.02785,-0.11669,0.17708,0,1,1.000,1.000,running
17.084,1,332,-0.13827,-0.11336,-0.0059,0.0262,-0.02806,-0.11686,0.17684,0,1,1.000,1.000,running
17.131,1,333,-0.13825,-0.11329,0.0014,0.0043,-0.02818,-0.11727,0.17676,0,1,1.000,1.000,running
17.170,1,334,-0.13815,-0.11371,0.0057,-0.0231,-0.02806,-0.11686,0.17697,0,1,1.000,1.000,running
17.218,1,335,-0.13832,-0.11358,-0.0098,0.0069,-0.02806,-0.11686,0.17702,0,1,1.000,1.000,running
17.268,1,336,-0.13791,-0.11360,0.0227,-0.0010,-0.02781,-0.11786,0.17673,0,1,1.000,1.000,running
17.308,1,337,-0.13793,-0.11384,-0.0011,-0.0136,-0.02817,-0.11773,0.17691,0,1,1.000,1.000,running
17.349,1,338,-0.13797,-0.11368,-0.0023,0.0092,-0.02742,-0.11709,0.17683,0,1,1.000,1.000,running
17.398,1,339,-0.13771,-0.11381,0.0146,-0.0071,-0.02736,-0.11699,0.17672,0,1,1.000,1.000,running
17.438,1,340,-0.13833,-0.11369,-0.0344,0.0066,-0.02806,-0.11686,0.17710,0,1,1.000,1.000,running
17.487,1,341,-0.13803,-0.11364,0.0164,0.0029,-0.02806,-0.11686,0.17684,0,1,1.000,1.000,running
17.527,1,342,-0.13751,-0.11366,0.0289,-0.0011,-0.02892,-0.11682,0.17647,0,1,1.000,1.000,running
17.569,1,343,-0.13839,-0.11366,-0.0482,-0.0001,-0.02806,-0.11686,0.17712,0,1,1.000,1.000,running
17.616,1,344,-0.13836,-0.11369,0.0015,-0.0017,-0.02638,-0.11782,0.17712,0,1,1.000,1.000,running
17.657,1,345,-0.13836,-0.11358,0.0000,0.0059,-0.02816,-0.11636,0.17705,0,1,1.000,1.000,running
17.701,1,346,-0.13810,-0.11363,0.0141,-0.0027,-0.02806,-0.11686,0.17689,0,1,1.000,1.000,running
17.747,1,347,-0.13831,-0.11347,-0.0117,0.0090,-0.02818,-0.11727,0.17694,0,1,1.000,1.000,running
17.789,1,348,-0.13782,-0.11350,0.0274,-0.0016,-0.02818,-0.11727,0.17659,0,1,1.000,1.000,running
17.838,1,349,-0.13783,-0.11382,-0.0006,-0.0179,-0.02849,-0.11647,0.17682,0,1,1.000,1.000,running
17.882,1,350,-0.13810,-0.11375,-0.0152,0.0043,-0.02806,-0.11686,0.17697,0,1,1.000,1.000,running
17.927,1,351,-0.13801,-0.11377,0.0052,-0.0012,-0.02806,-0.11686,0.17691,0,1,1.000,1.000,running
17.970,1,352,-0.13832,-0.11351,-0.0171,0.0142,-0.02818,-0.11727,0.17697,0,1,1.000,1.000,running
18.051,1,353,-0.13806,-0.11353,0.0142,-0.0010,-0.02772,-0.11772,0.17679,0,1,1.000,1.000,running
18.097,1,354,-0.13795,-0.11384,0.0062,-0.0173,-0.02849,-0.11647,0.17692,0,1,1.000,1.000,running
18.139,1,355,-0.13823,-0.11367,-0.0153,0.0094,-0.02806,-0.11686,0.17701,0,1,1.000,1.000,running
18.181,1,356,-0.13814,-0.11366,0.0050,0.0006,-0.02836,-0.11628,0.17694,0,1,1.000,1.000,running
18.228,1,357,-0.13787,-0.11358,0.0148,0.0043,-0.02806,-0.11686,0.17669,0,1,1.000,1.000,running
18.272,1,358,-0.13820,-0.11365,-0.0184,-0.0040,-0.02816,-0.11636,0.17698,0,1,1.000,1.000,running
18.317,1,359,-0.13817,-0.11355,0.0018,0.0057,-0.02816,-0.11636,0.17689,0,1,1.000,1.000,running
18.360,1,360,-0.13812,-0.11351,0.0026,0.0020,-0.02806,-0.11686,0.17683,0,1,1.000,1.000,running
18.405,1,361,-0.13816,-0.11362,-0.0023,-0.0060,-0.02703,-0.11689,0.17693,0,1,1.000,1.000,running
18.448,1,362,-0.13845,-0.11350,-0.0155,0.0066,-0.02699,-0.11758,0.17706,0,1,1.000,1.000,running
18.493,1,363,-0.13822,-0.11340,0.0122,0.0058,-0.02828,-0.11677,0.17682,0,1,1.000,1.000,running
18.536,1,364,-0.13799,-0.11348,0.0126,-0.0047,-0.02880,-0.11586,0.17671,0,1,1.000,1.000,running
18.577,1,365,-0.13826,-0.11343,-0.0145,0.0031,-0.02848,-0.11669,0.17687,0,1,1.000,1.000,running
18.623,1,366,-0.13816,-0.11376,0.0051,-0.0183,-0.02818,-0.11727,0.17702,0,1,1.000,1.000,running
18.670,1,367,-0.13821,-0.11339,-0.0023,0.0202,-0.02842,-0.11680,0.17681,0,1,1.000,1.000,running
18.713,1,368,-0.13842,-0.11365,-0.0115,-0.0143,-0.02781,-0.11786,0.17714,0,1,1.000,1.000,running
18.757,1,369,-0.13821,-0.11359,0.0111,0.0032,-0.02818,-0.11727,0.17695,0,1,1.000,1.000,running
18.804,1,370,-0.13837,-0.11344,-0.0086,0.0084,-0.02778,-0.11835,0.17696,0,1,1.000,1.000,running
18.845,1,371,-0.13792,-0.11381,0.0250,-0.0201,-0.02806,-0.11686,0.17687,0,1,1.000,1.000,running
18.887,1,372,-0.13790,-0.11370,0.0009,0.0057,-0.02806,-0.11686,0.17679,0,1,1.000,1.000,running
18.935,1,373,-0.13794,-0.11389,-0.0020,-0.0103,-0.02806,-0.11686,0.17694,0,1,1.000,1.000,running
18.977,1,374,-0.13817,-0.11362,-0.0129,0.0149,-0.02849,-0.11739,0.17693,0,1,1.000,1.000,running
19.019,1,375,-0.13827,-0.11384,-0.0056,-0.0124,-0.02828,-0.11677,0.17716,0,1,1.000,1.000,running
19.063,1,376,-0.13832,-0.11371,-0.0028,0.0076,-0.02696,-0.11726,0.17710,0,1,1.000,1.000,running
19.110,1,377,-0.13836,-0.11344,-0.0018,0.0146,-0.02828,-0.11677,0.17695,0,1,1.000,1.000,running
19.155,1,378,-0.13848,-0.11353,-0.0069,-0.0050,-0.02805,-0.11740,0.17710,0,1,1.000,1.000,running
19.200,1,379,-0.13805,-0.11354,0.0237,-0.0007,-0.02805,-0.11732,0.17679,0,1,1.000,1.000,running
19.242,1,380,-0.13814,-0.11359,-0.0049,-0.0028,-0.02818,-0.11727,0.17689,0,1,1.000,1.000,running
19.287,1,381,-0.13814,-0.11353,-0.0000,0.0035,-0.02806,-0.11686,0.17685,0,1,1.000,1.000,running
19.326,1,382,-0.13844,-0.11352,-0.0163,0.0003,-0.02806,-0.11686,0.17707,0,1,1.000,1.000,running
19.372,1,383,-0.13803,-0.11368,0.0224,-0.0084,-0.02816,-0.11636,0.17687,0,1,1.000,1.000,running
19.415,1,384,-0.13799,-0.11370,0.0023,-0.0014,-0.02818,-0.11727,0.17685,0,1,1.000,1.000,running
19.460,1,385,-0.13806,-0.11365,-0.0037,0.0030,-0.02818,-0.11727,0.17687,0,1,1.000,1.000,running
19.506,1,386,-0.13836,-0.11351,-0.0166,0.0078,-0.02806,-0.11686,0.17700,0,1,1.000,1.000,running
19.546,1,387,-0.13820,-0.11377,0.0088,-0.0143,-0.02806,-0.11686,0.17705,0,1,1.000,1.000,running
19.593,1,388,-0.13795,-0.11357,0.0136,0.0106,-0.02778,-0.11695,0.17674,0,1,1.000,1.000,running
19.636,1,389,-0.13853,-0.11369,-0.0320,-0.0066,-0.02806,-0.11686,0.17725,0,1,1.000,1.000,running
19.681,1,390,-0.13848,-0.11356,0.0029,0.0073,-0.02818,-0.11727,0.17712,0,1,1.000,1.000,running
19.725,1,391,-0.13775,-0.11375,0.0404,-0.0104,-0.02919,-0.11697,0.17671,0,1,1.000,1.000,running
19.768,1,392,-0.13846,-0.11353,-0.0391,0.0123,-0.02818,-0.11727,0.17708,0,1,1.000,1.000,running
19.811,1,393,-0.13841,-0.11375,0.0029,-0.0126,-0.02816,-0.11636,0.17720,0,1,1.000,1.000,running
19.854,1,394,-0.13802,-0.11384,0.0211,-0.0047,-0.02739,-0.11815,0.17697,0,1,1.000,1.000,running
19.900,1,395,-0.13816,-0.11365,-0.0079,0.0107,-0.02818,-0.11727,0.17695,0,1,1.000,1.000,running
19.945,1,396,-0.13838,-0.11366,-0.0117,-0.0009,-0.02806,-0.11686,0.17711,0,1,1.000,1.000,running
19.987,1,397,-0.13793,-0.11372,0.0247,-0.0033,-0.02732,-0.11656,0.17682,0,1,1.000,1.000,running
20.076,1,398,-0.13823,-0.11361,-0.0168,0.0061,-0.02812,-0.11706,0.17697,0,1,1.000,1.000,running
20.123,1,399,-0.13798,-0.11340,0.0141,0.0114,-0.02806,-0.11686,0.17665,0,1,1.000,1.000,running
20.166,1,400,-0.13847,-0.11346,-0.0270,-0.0033,-0.02730,-0.11668,0.17705,0,1,1.000,1.000,running
20.211,1,401,-0.13824,-0.11363,0.0123,-0.0094,-0.02818,-0.11727,0.17700,0,1,1.000,1.000,running
20.254,1,402,-0.13830,-0.11363,-0.0033,0.0000,-0.02705,-0.11678,0.17704,0,1,1.000,1.000,running
20.298,1,403,-0.13820,-0.11360,0.0056,0.0021,-0.02806,-0.11686,0.17694,0,1,1.000,1.000,running
20.342,1,404,-0.13830,-0.11347,-0.0055,0.0072,-0.02818,-0.11727,0.17693,0,1,1.000,1.000,running
20.383,1,405,-0.13834,-0.11369,-0.0019,-0.0126,-0.02806,-0.11686,0.17711,0,1,1.000,1.000,running
20.429,1,406,-0.13811,-0.11368,0.0123,0.0006,-0.02769,-0.11745,0.17693,0,1,1.000,1.000,running
20.470,1,407,-0.13859,-0.11353,-0.0260,0.0084,-0.02736,-0.11699,0.17718,0,1,1.000,1.000,running
20.516,1,408,-0.13810,-0.11363,0.0267,-0.0055,-0.02903,-0.11716,0.17689,0,1,1.000,1.000,running
20.560,1,409,-0.13789,-0.11393,0.0119,-0.0163,-0.02769,-0.11745,0.17693,0,1,1.000,1.000,running
20.605,1,410,-0.13804,-0.11369,-0.0088,0.0128,-0.02806,-0.11686,0.17689,0,1,1.000,1.000,running
20.651,1,411,-0.13811,-0.11374,-0.0035,-0.0023,-0.02806,-0.11686,0.17697,0,1,1.000,1.000,running
20.695,1,412,-0.13827,-0.11355,-0.0089,0.0099,-0.02806,-0.11686,0.17696,0,1,1.000,1.000,running
20.737,1,413,-0.13813,-0.11351,0.0075,0.0024,-0.02850,-0.11722,0.17683,0,1,1.000,1.000,running
20.780,1,414,-0.13825,-0.11355,-0.0064,-0.0020,-0.02728,-0.11699,0.17694,0,1,1.000,1.000,running
20.824,1,415,-0.13794,-0.11342,0.0173,0.0070,-0.02796,-0.11718,0.17663,0,1,1.000,1.000,running
20.867,1,416,-0.13819,-0.11361,-0.0138,-0.0105,-0.02778,-0.11695,0.17694,0,1,1.000,1.000,running
20.915,1,417,-0.13771,-0.11388,0.0264,-0.0146,-0.02836,-0.11628,0.17677,0,1,1.000,1.000,running
20.961,1,418,-0.13808,-0.11368,-0.0202,0.0110,-0.02778,-0.11695,0.17690,0,1,1.000,1.000,running
21.003,1,419,-0.13830,-0.11367,-0.0126,0.0002,-0.02836,-0.11680,0.17707,0,1,1.000,1.000,running
21.045,1,420,-0.13826,-0.11371,0.0022,-0.0018,-0.02818,-0.11727,0.17706,0,1,1.000,1.000,running
21.086,1,421,-0.13849,-0.11361,-0.0127,0.0050,-0.02622,-0.11734,0.17717,0,1,1.000,1.000,running
21.130,1,422,-0.13828,-0.11356,0.0115,0.0032,-0.02814,-0.11570,0.17697,0,1,1.000,1.000,running
21.174,1,423,-0.13785,-0.11369,0.0241,-0.0073,-0.02863,-0.11643,0.17674,0,1,1.000,1.000,running
21.216,1,424,-0.13810,-0.11349,-0.0138,0.0112,-0.02806,-0.11686,0.17679,0,1,1.000,1.000,running
21.264,1,425,-0.13832,-0.11352,-0.0124,-0.0020,-0.02819,-0.11677,0.17698,0,1,1.000,1.000,running
21.307,1,426,-0.13836,-0.11357,-0.0022,-0.0028,-0.02818,-0.11727,0.17704,0,1,1.000,1.000,running
21.354,1,427,-0.13819,-0.11355,0.0093,0.0016,-0.02781,-0.11786,0.17690,0,1,1.000,1.000,running
21.397,1,428,-0.13791,-0.11312,0.0157,0.0235,-0.02818,-0.11727,0.17640,0,1,1.000,1.000,running
21.439,1,429,-0.13816,-0.11366,-0.0137,-0.0300,-0.02806,-0.11686,0.17695,0,1,1.000,1.000,running
21.484,1,430,-0.13809,-0.11389,0.0039,-0.0123,-0.02769,-0.11745,0.17705,0,1,1.000,1.000,running
21.527,1,431,-0.13844,-0.11345,-0.0193,0.0239,-0.02806,-0.11686,0.17702,0,1,1.000,1.000,running
21.574,1,432,-0.13820,-0.11322,0.0129,0.0127,-0.02765,-0.11669,0.17669,0,1,1.000,1.000,running
21.616,1,433,-0.13855,-0.11366,-0.0193,-0.0240,-0.02806,-0.11686,0.17724,0,1,1.000,1.000,running
21.665,1,434,-0.13791,-0.11382,0.0353,-0.0089,-0.02778,-0.11695,0.17688,0,1,1.000,1.000,running
21.708,1,435,-0.13811,-0.11371,-0.0111,0.0061,-0.02769,-0.11745,0.17695,0,1,1.000,1.000,running
21.754,1,436,-0.13802,-0.11336,0.0054,0.0190,-0.02806,-0.11686,0.17665,0,1,1.000,1.000,running
21.795,1,437,-0.13767,-0.11358,0.0187,-0.0118,-0.02788,-0.11660,0.17654,0,1,1.000,1.000,running
21.836,1,438,-0.13836,-0.11367,-0.0375,-0.0051,-0.02769,-0.11745,0.17710,0,1,1.000,1.000,running
21.882,1,439,-0.13830,-0.11354,0.0032,0.0074,-0.02806,-0.11686,0.17697,0,1,1.000,1.000,running
21.922,1,440,-0.13847,-0.11357,-0.0095,-0.0021,-0.02861,-0.11687,0.17712,0,1,1.000,1.000,running
21.968,1,441,-0.13866,-0.11325,-0.0104,0.0177,-0.02839,-0.11654,0.17705,0,1,1.000,1.000,running
22.012,1,442,-0.13799,-0.11348,0.0369,-0.0122,-0.02806,-0.11686,0.17670,0,1,1.000,1.000,running
22.104,1,443,-0.13860,-0.11357,-0.0334,-0.0053,-0.02664,-0.11683,0.17721,0,1,1.000,1.000,running
22.147,1,444,-0.13864,-0.11370,-0.0027,-0.0072,-0.02798,-0.11687,0.17734,0,1,1.000,1.000,running
22.189,1,445,-0.13808,-0.11360,0.0310,0.0058,-0.02836,-0.11628,0.17685,0,1,1.000,1.000,running
22.232,1,446,-0.13798,-0.11355,0.0055,0.0028,-0.02806,-0.11686,0.17674,0,1,1.000,1.000,running
22.277,1,447,-0.13815,-0.11368,-0.0096,-0.0075,-0.02769,-0.11745,0.17696,0,1,1.000,1.000,running
22.321,1,448,-0.13840,-0.11364,-0.0136,0.0024,-0.02806,-0.11686,0.17712,0,1,1.000,1.000,running
22.367,1,449,-0.13840,-0.11343,0.0001,0.0116,-0.02627,-0.11742,0.17697,0,1,1.000,1.000,running
22.411,1,450,-0.13837,-0.11360,0.0015,-0.0094,-0.02806,-0.11686,0.17707,0,1,1.000,1.000,running
22.454,1,451,-0.13860,-0.11328,-0.0122,0.0175,-0.02823,-0.11747,0.17702,0,1,1.000,1.000,running
22.502,1,452,-0.13809,-0.11378,0.0280,-0.0273,-0.02842,-0.11680,0.17698,0,1,1.000,1.000,running
22.546,1,453,-0.13849,-0.11354,-0.0222,0.0131,-0.02781,-0.11786,0.17711,0,1,1.000,1.000,running
22.628,1,454,-0.13797,-0.11375,0.0283,-0.0114,-0.02836,-0.11628,0.17688,0,1,1.000,1.000,running
22.673,1,455,-0.13795,-0.11357,0.0011,0.0099,-0.02769,-0.11745,0.17674,0,1,1.000,1.000,running
22.718,1,456,-0.13839,-0.11358,-0.0238,-0.0008,-0.02806,-0.11686,0.17707,0,1,1.000,1.000,running
22.764,1,457,-0.13794,-0.11371,0.0245,-0.0073,-0.02846,-0.11740,0.17683,0,1,1.000,1.000,running
22.811,1,458,-0.13811,-0.11357,-0.0092,0.0078,-0.02781,-0.11786,0.17685,0,1,1.000,1.000,running
22.854,1,459,-0.13820,-0.11364,-0.0049,-0.0040,-0.02818,-0.11727,0.17697,0,1,1.000,1.000,running
22.896,1,460,-0.13856,-0.11372,-0.0198,-0.0043,-0.02818,-0.11727,0.17729,0,1,1.000,1.000,running
22.935,1,461,-0.13835,-0.11366,0.0112,0.0036,-0.02836,-0.11628,0.17709,0,1,1.000,1.000,running
22.978,1,462,-0.13811,-0.11392,0.0135,-0.0143,-0.02769,-0.11745,0.17709,0,1,1.000,1.000,running
23.025,1,463,-0.13779,-0.11358,0.0176,0.0185,-0.02806,-0.11686,0.17663,0,1,1.000,1.000,running
23.070,1,464,-0.13812,-0.11369,-0.0182,-0.0060,-0.02806,-0.11686,0.17694,0,1,1.000,1.000,running
23.111,1,465,-0.13794,-0.11382,0.0097,-0.0073,-0.02806,-0.11686,0.17690,0,1,1.000,1.000,running
23.157,1,466,-0.13798,-0.11346,-0.0022,0.0202,-0.02849,-0.11647,0.17668,0,1,1.000,1.000,running
23.203,1,467,-0.13842,-0.11352,-0.0239,-0.0035,-0.02816,-0.11636,0.17705,0,1,1.000,1.000,running
23.246,1,468,-0.13792,-0.11339,0.0275,0.0069,-0.02921,-0.11576,0.17659,0,1,1.000,1.000,running
23.291,1,469,-0.13809,-0.11358,-0.0094,-0.0103,-0.02818,-0.11727,0.17685,0,1,1.000,1.000,running
23.331,1,470,-0.13791,-0.11380,0.0100,-0.0120,-0.02806,-0.11686,0.17686,0,1,1.000,1.000,running
23.376,1,471,-0.13830,-0.11355,-0.0214,0.0138,-0.02769,-0.11745,0.17698,0,1,1.000,1.000,running
23.419,1,472,-0.13806,-0.11351,0.0129,0.0022,-0.02693,-0.11624,0.17678,0,1,1.000,1.000,running
23.465,1,473,-0.13816,-0.11388,-0.0053,-0.0205,-0.02818,-0.11727,0.17710,0,1,1.000,1.000,running
23.510,1,474,-0.13821,-0.11346,-0.0031,0.0231,-0.02806,-0.11686,0.17686,0,1,1.000,1.000,running
23.554,1,475,-0.13811,-0.11352,0.0058,-0.0032,-0.02676,-0.11723,0.17682,0,1,1.000,1.000,running
23.597,1,476,-0.13800,-0.11359,0.0058,-0.0035,-0.02818,-0.11727,0.17679,0,1,1.000,1.000,running
23.642,1,477,-0.13815,-0.11367,-0.0081,-0.0045,-0.02818,-0.11727,0.17695,0,1,1.000,1.000,running
23.687,1,478,-0.13798,-0.11331,0.0095,0.0193,-0.02827,-0.11613,0.17658,0,1,1.000,1.000,running
23.734,1,479,-0.13840,-0.11378,-0.0235,-0.0253,-0.02798,-0.11687,0.17721,0,1,1.000,1.000,running
23.773,1,480,-0.13805,-0.11341,0.0196,0.0199,-0.02836,-0.11628,0.17670,0,1,1.000,1.000,running
23.819,1,481,-0.13833,-0.11321,-0.0156,0.0115,-0.02789,-0.11672,0.17677,0,1,1.000,1.000,running
23.861,1,482,-0.13814,-0.11350,0.0102,-0.0161,-0.02818,-0.11727,0.17683,0,1,1.000,1.000,running
23.908,1,483,-0.13854,-0.11363,-0.0220,-0.0074,-0.02748,-0.11739,0.17722,0,1,1.000,1.000,running
23.953,1,484,-0.13799,-0.11371,0.0305,-0.0043,-0.02730,-0.11606,0.17686,0,1,1.000,1.000,running
23.995,1,485,-0.13786,-0.11388,0.0073,-0.0093,-0.02806,-0.11686,0.17688,0,1,1.000,1.000,running
24.035,1,486,-0.13847,-0.11353,-0.0336,0.0194,-0.02836,-0.11680,0.17709,0,1,1.000,1.000,running
24.126,1,487,-0.13808,-0.11352,0.0214,0.0005,-0.02809,-0.11777,0.17680,0,1,1.000,1.000,running
24.167,1,488,-0.13845,-0.11338,-0.0204,0.0077,-0.02693,-0.11624,0.17697,0,1,1.000,1.000,running
24.216,1,489,-0.13786,-0.11382,0.0326,-0.0244,-0.02806,-0.11686,0.17684,0,1,1.000,1.000,running
24.258,1,490,-0.13813,-0.11361,-0.0149,0.0115,-0.02806,-0.11686,0.17690,0,1,1.000,1.000,running
24.303,1,491,-0.13831,-0.11353,-0.0098,0.0047,-0.02823,-0.11747,0.17697,0,1,1.000,1.000,running
24.346,1,492,-0.13801,-0.11361,0.0163,-0.0046,-0.02670,-0.11707,0.17681,0,1,1.000,1.000,running
24.389,1,493,-0.13812,-0.11359,-0.0063,0.0010,-0.02806,-0.11686,0.17688,0,1,1.000,1.000,running
24.432,1,494,-0.13841,-0.11357,-0.0160,0.0011,-0.02698,-0.11771,0.17708,0,1,1.000,1.000,running
24.474,1,495,-0.13814,-0.11369,0.0153,-0.0065,-0.02769,-0.11745,0.17696,0,1,1.000,1.000,running
24.523,1,496,-0.13833,-0.11369,-0.0105,0.0000,-0.02733,-0.11667,0.17710,0,1,1.000,1.000,running
24.565,1,497,-0.13846,-0.11348,-0.0075,0.0117,-0.02818,-0.11727,0.17705,0,1,1.000,1.000,running
24.612,1,498,-0.13845,-0.11365,0.0009,-0.0096,-0.02667,-0.11652,0.17716,0,1,1.000,1.000,running
24.655,1,499,-0.13841,-0.11354,0.0021,0.0063,-0.02818,-0.11727,0.17705,0,1,1.000,1.000,running
24.699,1,500,-0.13810,-0.11363,0.0169,-0.0052,-0.02806,-0.11686,0.17689,0,1,1.000,1.000,running
24.743,1,501,-0.13784,-0.11373,0.0145,-0.0052,-0.02806,-0.11686,0.17676,0,1,1.000,1.000,running
24.782,1,502,-0.13837,-0.11364,-0.0289,0.0048,-0.02818,-0.11727,0.17709,0,1,1.000,1.000,running
24.827,1,503,-0.13819,-0.11318,0.0096,0.0251,-0.02798,-0.11687,0.17665,0,1,1.000,1.000,running
24.872,1,504,-0.13816,-0.11344,0.0018,-0.0142,-0.02818,-0.11727,0.17680,0,1,1.000,1.000,running
24.917,1,505,-0.13821,-0.11357,-0.0029,-0.0069,-0.02740,-0.11671,0.17693,0,1,1.000,1.000,running
24.964,1,506,-0.13818,-0.11364,0.0017,-0.0040,-0.02667,-0.11679,0.17695,0,1,1.000,1.000,running
25.006,1,507,-0.13826,-0.11354,-0.0043,0.0055,-0.02781,-0.11786,0.17694,0,1,1.000,1.000,running
25.053,1,508,-0.13814,-0.11355,0.0064,-0.0007,-0.02818,-0.11727,0.17687,0,1,1.000,1.000,running
25.093,1,509,-0.13811,-0.11361,0.0016,-0.0032,-0.02806,-0.11686,0.17689,0,1,1.000,1.000,running
25.139,1,510,-0.13797,-0.11365,0.0082,-0.0023,-0.02769,-0.11745,0.17680,0,1,1.000,1.000,running
25.181,1,511,-0.13803,-0.11358,-0.0035,0.0040,-0.02866,-0.11622,0.17680,0,1,1.000,1.000,running
25.222,1,512,-0.13816,-0.11365,-0.0075,-0.0037,-0.02818,-0.11727,0.17695,0,1,1.000,1.000,running
25.269,1,513,-0.13777,-0.11341,0.0217,0.0131,-0.02818,-0.11727,0.17649,0,1,1.000,1.000,running
25.314,1,514,-0.13832,-0.11344,-0.0301,-0.0018,-0.02715,-0.11770,0.17692,0,1,1.000,1.000,running
25.359,1,515,-0.13810,-0.11369,0.0119,-0.0135,-0.02705,-0.11768,0.17693,0,1,1.000,1.000,running
25.400,1,516,-0.13810,-0.11349,0.0001,0.0110,-0.02769,-0.11745,0.17679,0,1,1.000,1.000,running
25.443,1,517,-0.13857,-0.11322,-0.0261,0.0146,-0.02810,-0.11728,0.17696,0,1,1.000,1.000,running
25.488,1,518,-0.13811,-0.11356,0.0251,-0.0186,-0.02806,-0.11686,0.17685,0,1,1.000,1.000,running
25.533,1,519,-0.13816,-0.11358,-0.0023,-0.0009,-0.02806,-0.11686,0.17689,0,1,1.000,1.000,running
25.575,1,520,-0.13830,-0.11371,-0.0077,-0.0074,-0.02828,-0.11677,0.17709,0,1,1.000,1.000,running
25.620,1,521,-0.13825,-0.11362,0.0025,0.0052,-0.02848,-0.11669,0.17699,0,1,1.000,1.000,running
25.667,1,522,-0.13801,-0.11348,0.0133,0.0073,-0.02818,-0.11727,0.17672,0,1,1.000,1.000,running
25.712,1,523,-0.13806,-0.11371,-0.0025,-0.0124,-0.02806,-0.11686,0.17691,0,1,1.000,1.000,running
25.757,1,524,-0.13826,-0.11359,-0.0113,0.0063,-0.02769,-0.11745,0.17698,0,1,1.000,1.000,running
25.798,1,525,-0.13798,-0.11380,0.0154,-0.0113,-0.02828,-0.11677,0.17691,0,1,1.000,1.000,running
25.845,1,526,-0.13798,-0.11354,0.0001,0.0139,-0.02781,-0.11786,0.17674,0,1,1.000,1.000,running
25.883,1,527,-0.13786,-0.11342,0.0064,0.0069,-0.02733,-0.11686,0.17657,0,1,1.000,1.000,running
25.927,1,528,-0.13779,-0.11373,0.0038,-0.0169,-0.02806,-0.11686,0.17673,0,1,1.000,1.000,running
25.975,1,529,-0.13837,-0.11353,-0.0316,0.0111,-0.02817,-0.11773,0.17701,0,1,1.000,1.000,running
26.014,1,530,-0.13820,-0.11367,0.0092,-0.0078,-0.02806,-0.11686,0.17699,0,1,1.000,1.000,running
26.061,1,531,-0.13832,-0.11362,-0.0067,0.0027,-0.02778,-0.11835,0.17704,0,1,1.000,1.000,running
26.151,1,532,-0.13832,-0.11373,0.0003,-0.0060,-0.02818,-0.11727,0.17711,0,1,1.000,1.000,running
26.193,1,533,-0.13773,-0.11351,0.0324,0.0122,-0.02769,-0.11745,0.17653,0,1,1.000,1.000,running
26.236,1,534,-0.13805,-0.11357,-0.0175,-0.0035,-0.02806,-0.11686,0.17681,0,1,1.000,1.000,running
26.277,1,535,-0.13828,-0.11365,-0.0128,-0.0043,-0.02818,-0.11727,0.17703,0,1,1.000,1.000,running
26.325,1,536,-0.13800,-0.11372,0.0153,-0.0043,-0.02769,-0.11745,0.17688,0,1,1.000,1.000,running
26.370,1,537,-0.13836,-0.11360,-0.0197,0.0071,-0.02806,-0.11686,0.17705,0,1,1.000,1.000,running
26.414,1,538,-0.13826,-0.11328,0.0052,0.0175,-0.02993,-0.11566,0.17677,0,1,1.000,1.000,running
26.460,1,539,-0.13845,-0.11358,-0.0102,-0.0167,-0.02854,-0.11721,0.17711,0,1,1.000,1.000,running
26.504,1,540,-0.13813,-0.11361,0.0173,-0.0013,-0.02818,-0.11727,0.17689,0,1,1.000,1.000,running
26.547,1,541,-0.13806,-0.11358,0.0041,0.0016,-0.02818,-0.11727,0.17682,0,1,1.000,1.000,running
26.591,1,542,-0.13813,-0.11370,-0.0038,-0.0066,-0.02788,-0.11660,0.17695,0,1,1.000,1.000,running
26.632,1,543,-0.13832,-0.11366,-0.0105,0.0018,-0.02766,-0.11794,0.17707,0,1,1.000,1.000,running
26.680,1,544,-0.13802,-0.11366,0.0166,-0.0000,-0.02850,-0.11722,0.17685,0,1,1.000,1.000,running
26.720,1,545,-0.13822,-0.11294,-0.0111,0.0397,-0.02859,-0.11671,0.17651,0,1,1.000,1.000,running
26.765,1,546,-0.13773,-0.11331,0.0266,-0.0200,-0.02818,-0.11727,0.17640,0,1,1.000,1.000,running
26.807,1,547,-0.13840,-0.11371,-0.0367,-0.0222,-0.02806,-0.11686,0.17716,0,1,1.000,1.000,running
26.853,1,548,-0.13811,-0.11363,0.0160,0.0044,-0.02818,-0.11727,0.17690,0,1,1.000,1.000,running
26.897,1,549,-0.13823,-0.11352,-0.0065,0.0063,-0.02806,-0.11686,0.17691,0,1,1.000,1.000,running
26.941,1,550,-0.13810,-0.11349,0.0072,0.0018,-0.02806,-0.11686,0.17679,0,1,1.000,1.000,running
26.987,1,551,-0.13813,-0.11345,-0.0017,0.0018,-0.02664,-0.11683,0.17679,0,1,1.000,1.000,running
27.028,1,552,-0.13827,-0.11348,-0.0078,-0.0016,-0.02781,-0.11786,0.17691,0,1,1.000,1.000,running
27.075,1,553,-0.13781,-0.11338,0.0252,0.0057,-0.02812,-0.11706,0.17651,0,1,1.000,1.000,running
27.117,1,554,-0.13834,-0.11357,-0.0289,-0.0107,-0.02806,-0.11686,0.17703,0,1,1.000,1.000,running
27.163,1,555,-0.13849,-0.11357,-0.0086,0.0001,-0.02806,-0.11686,0.17714,0,1,1.000,1.000,running
27.208,1,556,-0.13839,-0.11341,0.0056,0.0091,-0.02818,-0.11727,0.17695,0,1,1.000,1.000,running
27.250,1,557,-0.13841,-0.11356,-0.0008,-0.0084,-0.02746,-0.11648,0.17707,0,1,1.000,1.000,running
27.294,1,558,-0.13835,-0.11344,0.0034,0.0063,-0.02836,-0.11628,0.17694,0,1,1.000,1.000,running
27.336,1,559,-0.13805,-0.11360,0.0162,-0.0087,-0.02861,-0.11687,0.17683,0,1,1.000,1.000,running
27.380,1,560,-0.13815,-0.11362,-0.0053,-0.0008,-0.02664,-0.11683,0.17691,0,1,1.000,1.000,running
27.423,1,561,-0.13845,-0.11360,-0.0164,0.0009,-0.02739,-0.11725,0.17712,0,1,1.000,1.000,running
27.465,1,562,-0.13803,-0.11365,0.0228,-0.0027,-0.02848,-0.11669,0.17685,0,1,1.000,1.000,running
27.514,1,563,-0.13794,-0.11380,0.0052,-0.0086,-0.02818,-0.11727,0.17689,0,1,1.000,1.000,running
27.558,1,564,-0.13823,-0.11363,-0.0163,0.0097,-0.02769,-0.11745,0.17698,0,1,1.000,1.000,running
27.604,1,565,-0.13865,-0.11359,-0.0228,0.0021,-0.02783,-0.11631,0.17726,0,1,1.000,1.000,running
27.647,1,566,-0.13810,-0.11365,0.0302,-0.0033,-0.02689,-0.11660,0.17690,0,1,1.000,1.000,running
27.689,1,567,-0.13797,-0.11360,0.0069,0.0025,-0.02781,-0.11786,0.17678,0,1,1.000,1.000,running
27.733,1,568,-0.13816,-0.11382,-0.0105,-0.0117,-0.02657,-0.11736,0.17706,0,1,1.000,1.000,running
27.777,1,569,-0.13810,-0.11367,0.0038,0.0080,-0.02769,-0.11745,0.17691,0,1,1.000,1.000,running
27.822,1,570,-0.13844,-0.11365,-0.0192,0.0012,-0.02589,-0.11680,0.17715,0,1,1.000,1.000,running
27.866,1,571,-0.13810,-0.11345,0.0189,0.0110,-0.02733,-0.11667,0.17677,0,1,1.000,1.000,running
27.911,1,572,-0.13781,-0.11355,0.0161,-0.0058,-0.02806,-0.11686,0.17662,0,1,1.000,1.000,running
27.956,1,573,-0.13801,-0.11350,-0.0111,0.0030,-0.02770,-0.11630,0.17673,0,1,1.000,1.000,running
28.002,1,574,-0.13823,-0.11367,-0.0120,-0.0094,-0.02818,-0.11727,0.17701,0,1,1.000,1.000,running
28.083,1,575,-0.13831,-0.11365,-0.0046,0.0011,-0.02676,-0.11723,0.17706,0,1,1.000,1.000,running
28.173,1,576,-0.13816,-0.11362,0.0084,0.0014,-0.02892,-0.11756,0.17693,0,1,1.000,1.000,running
28.218,1,577,-0.13820,-0.11353,-0.0021,0.0053,-0.02769,-0.11745,0.17689,0,1,1.000,1.000,running
28.259,1,578,-0.13774,-0.11341,0.0250,0.0068,-0.02806,-0.11686,0.17647,0,1,1.000,1.000,running
28.307,1,579,-0.13786,-0.11374,-0.0064,-0.0184,-0.02848,-0.11693,0.17678,0,1,1.000,1.000,running
28.352,1,580,-0.13791,-0.11349,-0.0029,0.0139,-0.02765,-0.11640,0.17665,0,1,1.000,1.000,running
28.392,1,581,-0.13813,-0.11370,-0.0122,-0.0118,-0.02806,-0.11686,0.17696,0,1,1.000,1.000,running
28.445,1,582,-0.13837,-0.11374,-0.0133,-0.0021,-0.02850,-0.11722,0.17717,0,1,1.000,1.000,running
28.479,1,583,-0.13860,-0.11352,-0.0121,0.0121,-0.02818,-0.11727,0.17718,0,1,1.000,1.000,running
28.526,1,584,-0.13862,-0.11374,-0.0016,-0.0123,-0.02664,-0.11683,0.17735,0,1,1.000,1.000,running
28.567,1,585,-0.13826,-0.11371,0.0198,0.0021,-0.02818,-0.11727,0.17706,0,1,1.000,1.000,running
28.612,1,586,-0.13836,-0.11350,-0.0054,0.0112,-0.02806,-0.11686,0.17700,0,1,1.000,1.000,running
28.659,1,587,-0.13835,-0.11368,0.0007,-0.0099,-0.02812,-0.11781,0.17711,0,1,1.000,1.000,running
28.706,1,588,-0.13826,-0.11373,0.0048,-0.0027,-0.02680,-0.11731,0.17708,0,1,1.000,1.000,running
28.749,1,589,-0.13815,-0.11369,0.0064,0.0021,-0.02703,-0.11730,0.17696,0,1,1.000,1.000,running
28.790,1,590,-0.13841,-0.11346,-0.0146,0.0130,-0.02806,-0.11686,0.17700,0,1,1.000,1.000,running
28.830,1,591,-0.13834,-0.11359,0.0040,-0.0073,-0.02798,-0.11672,0.17704,0,1,1.000,1.000,running
28.877,1,592,-0.13822,-0.11361,0.0066,-0.0014,-0.02860,-0.11733,0.17696,0,1,1.000,1.000,running
28.920,1,593,-0.13830,-0.11364,-0.0046,-0.0012,-0.02769,-0.11745,0.17704,0,1,1.000,1.000,running
28.964,1,594,-0.13814,-0.11343,0.0087,0.0112,-0.02790,-0.11603,0.17679,0,1,1.000,1.000,running
29.012,1,595,-0.13816,-0.11373,-0.0010,-0.0166,-0.02805,-0.11732,0.17700,0,1,1.000,1.000,running
29.055,1,596,-0.13853,-0.11358,-0.0205,0.0087,-0.02736,-0.11699,0.17717,0,1,1.000,1.000,running
29.099,1,597,-0.13844,-0.11350,0.0049,0.0044,-0.02818,-0.11727,0.17705,0,1,1.000,1.000,running
29.144,1,598,-0.13806,-0.11379,0.0212,-0.0160,-0.02849,-0.11647,0.17696,0,1,1.000,1.000,running
29.183,1,599,-0.13814,-0.11364,-0.0046,0.0082,-0.02818,-0.11727,0.17693,0,1,1.000,1.000,running
29.231,1,600,-0.13838,-0.11359,-0.0132,0.0025,-0.02818,-0.11727,0.17707,0,1,1.000,1.000,running
29.273,1,601,-0.13847,-0.11355,-0.0047,0.0024,-0.02806,-0.11686,0.17710,0,1,1.000,1.000,running
29.316,1,602,-0.13861,-0.11358,-0.0078,-0.0019,-0.02769,-0.11745,0.17723,0,1,1.000,1.000,running
29.362,1,603,-0.13835,-0.11351,0.0145,0.0039,-0.02781,-0.11786,0.17699,0,1,1.000,1.000,running
29.407,1,604,-0.13815,-0.11373,0.0109,-0.0120,-0.02806,-0.11686,0.17699,0,1,1.000,1.000,running
29.450,1,605,-0.13836,-0.11364,-0.0115,0.0051,-0.02769,-0.11745,0.17708,0,1,1.000,1.000,running
29.492,1,606,-0.13818,-0.11320,0.0098,0.0241,-0.02818,-0.11727,0.17666,0,1,1.000,1.000,running
29.538,1,607,-0.13813,-0.11364,0.0024,-0.0241,-0.02804,-0.11633,0.17692,0,1,1.000,1.000,running
29.580,1,608,-0.13849,-0.11350,-0.0197,0.0075,-0.02715,-0.11770,0.17709,0,1,1.000,1.000,running
29.622,1,609,-0.13797,-0.11362,0.0290,-0.0064,-0.02836,-0.11680,0.17678,0,1,1.000,1.000,running
29.668,1,610,-0.13785,-0.11359,0.0063,0.0011,-0.02805,-0.11732,0.17668,0,1,1.000,1.000,running
29.712,1,611,-0.13814,-0.11369,-0.0159,-0.0050,-0.02818,-0.11727,0.17695,0,1,1.000,1.000,running
29.759,1,612,-0.13823,-0.11366,-0.0049,0.0013,-0.02818,-0.11727,0.17700,0,1,1.000,1.000,running
29.801,1,613,-0.13813,-0.11352,0.0056,0.0078,-0.02792,-0.11603,0.17683,0,1,1.000,1.000,running
29.845,1,614,-0.13835,-0.11373,-0.0123,-0.0113,-0.02806,-0.11686,0.17714,0,1,1.000,1.000,running
29.892,1,615,-0.13827,-0.11342,0.0046,0.0169,-0.02781,-0.11786,0.17687,0,1,1.000,1.000,running
29.932,1,616,-0.13819,-0.11366,0.0044,-0.0131,-0.02781,-0.11786,0.17697,0,1,1.000,1.000,running
29.975,1,617,-0.13859,-0.11356,-0.0225,0.0053,-0.02676,-0.11723,0.17720,0,1,1.000,1.000,running
30.022,1,618,-0.13800,-0.11390,0.0326,-0.0187,-0.02711,-0.11798,0.17700,0,1,1.000,1.000,running
30.065,1,619,-0.13806,-0.11354,-0.0033,0.0198,-0.02806,-0.11686,0.17680,0,1,1.000,1.000,running
30.111,1,620,-0.13824,-0.11338,-0.0101,0.0089,-0.02818,-0.11727,0.17682,0,1,1.000,1.000,running
30.198,1,621,-0.13832,-0.11354,-0.0042,-0.0088,-0.02806,-0.11686,0.17699,0,1,1.000,1.000,running
30.244,1,622,-0.13815,-0.11359,0.0094,-0.0031,-0.02854,-0.11721,0.17690,0,1,1.000,1.000,running
30.285,1,623,-0.13841,-0.11340,-0.0142,0.0109,-0.02818,-0.11727,0.17696,0,1,1.000,1.000,running
30.329,1,624,-0.13816,-0.11367,0.0135,-0.0149,-0.02781,-0.11786,0.17696,0,1,1.000,1.000,running
30.372,1,625,-0.13815,-0.11362,0.0005,0.0023,-0.02818,-0.11727,0.17692,0,1,1.000,1.000,running
30.415,1,626,-0.13805,-0.11370,0.0057,-0.0041,-0.02779,-0.11708,0.17690,0,1,1.000,1.000,running
30.462,1,627,-0.13840,-0.11374,-0.0195,-0.0023,-0.02699,-0.11758,0.17719,0,1,1.000,1.000,running
30.504,1,628,-0.13818,-0.11364,0.0122,0.0057,-0.02846,-0.11740,0.17695,0,1,1.000,1.000,running
30.552,1,629,-0.13820,-0.11369,-0.0008,-0.0028,-0.02818,-0.11727,0.17700,0,1,1.000,1.000,running
30.595,1,630,-0.13838,-0.11345,-0.0100,0.0131,-0.02806,-0.11686,0.17697,0,1,1.000,1.000,running
30.637,1,631,-0.13826,-0.11319,0.0065,0.0141,-0.02798,-0.11672,0.17671,0,1,1.000,1.000,running
30.681,1,632,-0.13831,-0.11354,-0.0029,-0.0189,-0.02742,-0.11767,0.17698,0,1,1.000,1.000,running
30.727,1,633,-0.13838,-0.11345,-0.0040,0.0045,-0.02748,-0.11739,0.17698,0,1,1.000,1.000,running
30.768,1,634,-0.13852,-0.11330,-0.0073,0.0083,-0.02806,-0.11686,0.17698,0,1,1.000,1.000,running
30.813,1,635,-0.13837,-0.11356,0.0080,-0.0140,-0.02703,-0.11702,0.17704,0,1,1.000,1.000,running
30.855,1,636,-0.13813,-0.11355,0.0134,0.0007,-0.02769,-0.11745,0.17685,0,1,1.000,1.000,running
30.902,1,637,-0.13818,-0.11364,-0.0029,-0.0051,-0.02769,-0.11745,0.17695,0,1,1.000,1.000,running
30.946,1,638,-0.13811,-0.11369,0.0036,-0.0027,-0.02806,-0.11686,0.17694,0,1,1.000,1.000,running
30.990,1,639,-0.13860,-0.11354,-0.0267,0.0081,-0.02627,-0.11742,0.17720,0,1,1.000,1.000,running
31.032,1,640,-0.13835,-0.11354,0.0139,0.0001,-0.02837,-0.11616,0.17701,0,1,1.000,1.000,running
31.077,1,641,-0.13809,-0.11355,0.0140,-0.0004,-0.02681,-0.11743,0.17683,0,1,1.000,1.000,running
31.122,1,642,-0.13773,-0.11379,0.0199,-0.0134,-0.02866,-0.11622,0.17673,0,1,1.000,1.000,running
31.165,1,643,-0.13766,-0.11375,0.0038,0.0021,-0.02836,-0.11680,0.17665,0,1,1.000,1.000,running
31.209,1,644,-0.13781,-0.11341,-0.0080,0.0187,-0.02818,-0.11727,0.17653,0,1,1.000,1.000,running
31.255,1,645,-0.13799,-0.11345,-0.0101,-0.0018,-0.02806,-0.11686,0.17668,0,1,1.000,1.000,running
31.301,1,646,-0.13807,-0.11365,-0.0041,-0.0113,-0.02781,-0.11786,0.17688,0,1,1.000,1.000,running
31.346,1,647,-0.13838,-0.11350,-0.0170,0.0084,-0.02789,-0.11657,0.17700,0,1,1.000,1.000,running
31.432,1,648,-0.13841,-0.11350,-0.0017,-0.0002,-0.02818,-0.11727,0.17703,0,1,1.000,1.000,running
31.473,1,649,-0.13815,-0.11341,0.0143,0.0050,-0.02810,-0.11728,0.17678,0,1,1.000,1.000,running
31.521,1,650,-0.13783,-0.11391,0.0173,-0.0271,-0.02818,-0.11727,0.17688,0,1,1.000,1.000,running
31.564,1,651,-0.13839,-0.11369,-0.0308,0.0122,-0.02752,-0.11711,0.17714,0,1,1.000,1.000,running
31.607,1,652,-0.13812,-0.11356,0.0151,0.0072,-0.02818,-0.11727,0.17685,0,1,1.000,1.000,running
31.652,1,653,-0.13786,-0.11386,0.0139,-0.0166,-0.02849,-0.11647,0.17687,0,1,1.000,1.000,running
31.696,1,654,-0.13813,-0.11349,-0.0148,0.0201,-0.02806,-0.11686,0.17682,0,1,1.000,1.000,running
31.735,1,655,-0.13830,-0.11342,-0.0094,0.0037,-0.02769,-0.11745,0.17690,0,1,1.000,1.000,running
31.782,1,656,-0.13846,-0.11373,-0.0086,-0.0168,-0.02806,-0.11686,0.17722,0,1,1.000,1.000,running
31.824,1,657,-0.13825,-0.11349,0.0118,0.0131,-0.02806,-0.11686,0.17690,0,1,1.000,1.000,running
31.871,1,658,-0.13823,-0.11365,0.0011,-0.0087,-0.02828,-0.11677,0.17699,0,1,1.000,1.000,running
31.914,1,659,-0.13825,-0.11349,-0.0016,0.0090,-0.02781,-0.11786,0.17690,0,1,1.000,1.000,running
31.960,1,660,-0.13824,-0.11340,0.0011,0.0048,-0.02910,-0.11580,0.17683,0,1,1.000,1.000,running
32.006,1,661,-0.13802,-0.11323,0.0121,0.0092,-0.02806,-0.11686,0.17656,0,1,1.000,1.000,running
32.049,1,662,-0.13818,-0.11371,-0.0091,-0.0262,-0.02818,-0.11727,0.17700,0,1,1.000,1.000,running
32.129,1,663,-0.13839,-0.11376,-0.0113,-0.0026,-0.02806,-0.11686,0.17718,0,1,1.000,1.000,running
32.222,1,664,-0.13845,-0.11348,-0.0035,0.0151,-0.02850,-0.11722,0.17705,0,1,1.000,1.000,running
32.267,1,665,-0.13831,-0.11348,0.0079,0.0002,-0.02861,-0.11687,0.17694,0,1,1.000,1.000,running
32.312,1,666,-0.13840,-0.11373,-0.0051,-0.0142,-0.02627,-0.11742,0.17718,0,1,1.000,1.000,running
32.356,1,667,-0.13801,-0.11377,0.0215,-0.0020,-0.02818,-0.11727,0.17692,0,1,1.000,1.000,running
32.398,1,668,-0.13808,-0.11368,-0.0039,0.0050,-0.02781,-0.11786,0.17691,0,1,1.000,1.000,running
32.441,1,669,-0.13815,-0.11363,-0.0042,0.0028,-0.02806,-0.11686,0.17693,0,1,1.000,1.000,running
32.484,1,670,-0.13827,-0.11344,-0.0064,0.0106,-0.02849,-0.11647,0.17688,0,1,1.000,1.000,running
32.528,1,671,-0.13803,-0.11353,0.0135,-0.0049,-0.02778,-0.11695,0.17676,0,1,1.000,1.000,running
32.574,1,672,-0.13813,-0.11368,-0.0056,-0.0086,-0.02772,-0.11772,0.17694,0,1,1.000,1.000,running
32.619,1,673,-0.13792,-0.11373,0.0113,-0.0028,-0.02806,-0.11686,0.17683,0,1,1.000,1.000,running
32.662,1,674,-0.13835,-0.11343,-0.0234,0.0168,-0.02818,-0.11727,0.17693,0,1,1.000,1.000,running
32.711,1,675,-0.13840,-0.11362,-0.0031,-0.0106,-0.02664,-0.11683,0.17711,0,1,1.000,1.000,running
32.751,1,676,-0.13845,-0.11353,-0.0026,0.0050,-0.02781,-0.11786,0.17708,0,1,1.000,1.000,running
32.792,1,677,-0.13835,-0.11354,0.0058,-0.0007,-0.02818,-0.11727,0.17701,0,1,1.000,1.000,running
32.834,1,678,-0.13844,-0.11356,-0.0052,-0.0012,-0.02806,-0.11686,0.17710,0,1,1.000,1.000,running
32.882,1,679,-0.13832,-0.11353,0.0070,0.0017,-0.02806,-0.11686,0.17698,0,1,1.000,1.000,running
32.927,1,680,-0.13844,-0.11370,-0.0068,-0.0093,-0.02812,-0.11706,0.17719,0,1,1.000,1.000,running
32.969,1,681,-0.13808,-0.11367,0.0196,0.0016,-0.02818,-0.11727,0.17691,0,1,1.000,1.000,running
33.017,1,682,-0.13806,-0.11367,0.0011,0.0000,-0.02806,-0.11686,0.17689,0,1,1.000,1.000,running
33.059,1,683,-0.13802,-0.11359,0.0022,0.0048,-0.02846,-0.11706,0.17680,0,1,1.000,1.000,running
33.104,1,684,-0.13803,-0.11378,-0.0004,-0.0109,-0.02788,-0.11705,0.17694,0,1,1.000,1.000,running
33.147,1,685,-0.13799,-0.11350,0.0022,0.0158,-0.02818,-0.11727,0.17672,0,1,1.000,1.000,running
33.188,1,686,-0.13788,-0.11379,0.0062,-0.0162,-0.02848,-0.11669,0.17684,0,1,1.000,1.000,running
33.231,1,687,-0.13824,-0.11370,-0.0197,0.0049,-0.02745,-0.11690,0.17704,0,1,1.000,1.000,running
33.275,1,688,-0.13751,-0.11371,0.0398,-0.0002,-0.02848,-0.11669,0.17651,0,1,1.000,1.000,running
33.323,1,689,-0.13800,-0.11359,-0.0267,0.0063,-0.02806,-0.11686,0.17679,0,1,1.000,1.000,running
33.364,1,690,-0.13834,-0.11357,-0.0189,0.0014,-0.02853,-0.11682,0.17702,0,1,1.000,1.000,running
33.411,1,691,-0.13854,-0.11349,-0.0111,0.0043,-0.02818,-0.11727,0.17712,0,1,1.000,1.000,running
33.459,1,692,-0.13848,-0.11352,0.0034,-0.0018,-0.02736,-0.11699,0.17710,0,1,1.000,1.000,running
33.502,1,693,-0.13852,-0.11368,-0.0019,-0.0089,-0.02781,-0.11786,0.17723,0,1,1.000,1.000,running
33.545,1,694,-0.13801,-0.11354,0.0281,0.0077,-0.02806,-0.11686,0.17676,0,1,1.000,1.000,running
33.584,1,695,-0.13794,-0.11371,0.0035,-0.0095,-0.02812,-0.11781,0.17683,0,1,1.000,1.000,running
33.631,1,696,-0.13806,-0.11354,-0.0063,0.0099,-0.02826,-0.11730,0.17679,0,1,1.000,1.000,running
33.675,1,697,-0.13826,-0.11363,-0.0114,-0.0049,-0.02818,-0.11727,0.17701,0,1,1.000,1.000,running
33.719,1,698,-0.13814,-0.11358,0.0065,0.0024,-0.02818,-0.11727,0.17689,0,1,1.000,1.000,running
33.761,1,699,-0.13848,-0.11362,-0.0186,-0.0021,-0.02769,-0.11745,0.17716,0,1,1.000,1.000,running
33.807,1,700,-0.13827,-0.11349,0.0118,0.0068,-0.02818,-0.11727,0.17692,0,1,1.000,1.000,running
33.852,1,701,-0.13823,-0.11345,0.0021,0.0024,-0.02812,-0.11781,0.17686,0,1,1.000,1.000,running
33.893,1,702,-0.13823,-0.11367,0.0002,-0.0120,-0.02806,-0.11686,0.17701,0,1,1.000,1.000,running
33.937,1,703,-0.13790,-0.11373,0.0178,-0.0035,-0.02701,-0.11663,0.17681,0,1,1.000,1.000,running
33.980,1,704,-0.13813,-0.11350,-0.0124,0.0128,-0.02818,-0.11727,0.17682,0,1,1.000,1.000,running
34.024,1,705,-0.13809,-0.11348,0.0019,0.0010,-0.02806,-0.11686,0.17678,0,1,1.000,1.000,running
34.071,1,706,-0.13789,-0.11386,0.0110,-0.0207,-0.02818,-0.11727,0.17689,0,1,1.000,1.000,running
34.115,1,707,-0.13826,-0.11383,-0.0203,0.0015,-0.02818,-0.11727,0.17715,0,1,1.000,1.000,running
34.161,1,708,-0.13828,-0.11329,-0.0010,0.0300,-0.02818,-0.11727,0.17679,0,1,1.000,1.000,running
34.249,1,709,-0.13817,-0.11336,0.0064,-0.0042,-0.02817,-0.11773,0.17676,0,1,1.000,1.000,running
34.290,1,710,-0.13837,-0.11362,-0.0114,-0.0140,-0.02769,-0.11745,0.17708,0,1,1.000,1.000,running
34.332,1,711,-0.13814,-0.11365,0.0127,-0.0016,-0.02816,-0.11636,0.17693,0,1,1.000,1.000,running
34.380,1,712,-0.13849,-0.11355,-0.0189,0.0054,-0.02750,-0.11620,0.17712,0,1,1.000,1.000,running
34.419,1,713,-0.13812,-0.11341,0.0203,0.0077,-0.02818,-0.11727,0.17675,0,1,1.000,1.000,running
34.467,1,714,-0.13810,-0.11371,0.0012,-0.0165,-0.02799,-0.11739,0.17694,0,1,1.000,1.000,running
34.510,1,715,-0.13840,-0.11356,-0.0168,0.0079,-0.02766,-0.11794,0.17706,0,1,1.000,1.000,running
34.554,1,716,-0.13833,-0.11335,0.0039,0.0116,-0.02818,-0.11727,0.17687,0,1,1.000,1.000,running
34.598,1,717,-0.13858,-0.11348,-0.0136,-0.0068,-0.02836,-0.11628,0.17714,0,1,1.000,1.000,running
34.643,1,718,-0.13770,-0.11374,0.0482,-0.0144,-0.02798,-0.11687,0.17667,0,1,1.000,1.000,running
34.684,1,719,-0.13808,-0.11348,-0.0207,0.0144,-0.02810,-0.11798,0.17677,0,1,1.000,1.000,running
34.728,1,720,-0.13822,-0.11370,-0.0076,-0.0122,-0.02703,-0.11730,0.17702,0,1,1.000,1.000,running
34.776,1,721,-0.13747,-0.11362,0.0409,0.0041,-0.02769,-0.11745,0.17642,0,1,1.000,1.000,running
34.817,1,722,-0.13815,-0.11369,-0.0372,-0.0034,-0.02781,-0.11786,0.17696,0,1,1.000,1.000,running
34.864,1,723,-0.13813,-0.11369,0.0013,0.0000,-0.02818,-0.11727,0.17694,0,1,1.000,1.000,running
34.905,1,724,-0.13790,-0.11367,0.0124,0.0006,-0.02828,-0.11677,0.17677,0,1,1.000,1.000,running
34.952,1,725,-0.13809,-0.11367,-0.0105,0.0000,-0.02806,-0.11686,0.17691,0,1,1.000,1.000,running
34.996,1,726,-0.13838,-0.11366,-0.0158,0.0010,-0.02848,-0.11669,0.17711,0,1,1.000,1.000,running
35.036,1,727,-0.13810,-0.11365,0.0156,0.0002,-0.02806,-0.11686,0.17690,0,1,1.000,1.000,running
35.080,1,728,-0.13797,-0.11384,0.0068,-0.0106,-0.02717,-0.11796,0.17694,0,1,1.000,1.000,running
35.126,1,729,-0.13835,-0.11355,-0.0210,0.0159,-0.02818,-0.11727,0.17702,0,1,1.000,1.000,running
35.169,1,730,-0.13854,-0.11333,-0.0105,0.0125,-0.02854,-0.11721,0.17701,0,1,1.000,1.000,running
35.216,1,731,-0.13812,-0.11358,0.0236,-0.0138,-0.02781,-0.11786,0.17686,0,1,1.000,1.000,running
35.258,1,732,-0.13839,-0.11366,-0.0149,-0.0045,-0.02806,-0.11686,0.17712,0,1,1.000,1.000,running
35.303,1,733,-0.13826,-0.11389,0.0067,-0.0127,-0.02769,-0.11745,0.17719,0,1,1.000,1.000,running
35.350,1,734,-0.13847,-0.11367,-0.0114,0.0120,-0.02816,-0.11636,0.17719,0,1,1.000,1.000,running
35.390,1,735,-0.13815,-0.11322,0.0176,0.0247,-0.02848,-0.11669,0.17665,0,1,1.000,1.000,running
35.434,1,736,-0.13789,-0.11352,0.0143,-0.0163,-0.02809,-0.11777,0.17666,0,1,1.000,1.000,running
35.478,1,737,-0.13814,-0.11341,-0.0137,0.0061,-0.02734,-0.11780,0.17677,0,1,1.000,1.000,running
35.524,1,738,-0.13853,-0.11361,-0.0216,-0.0112,-0.02818,-0.11727,0.17720,0,1,1.000,1.000,running
35.567,1,739,-0.13828,-0.11369,0.0142,-0.0040,-0.02676,-0.11723,0.17706,0,1,1.000,1.000,running
35.612,1,740,-0.13826,-0.11360,0.0009,0.0046,-0.02599,-0.11705,0.17699,0,1,1.000,1.000,running
35.656,1,741,-0.13845,-0.11346,-0.0105,0.0076,-0.02776,-0.11664,0.17703,0,1,1.000,1.000,running
35.702,1,742,-0.13814,-0.11367,0.0171,-0.0116,-0.02781,-0.11786,0.17695,0,1,1.000,1.000,running
35.745,1,743,-0.13825,-0.11359,-0.0059,0.0044,-0.02805,-0.11732,0.17697,0,1,1.000,1.000,running
35.827,1,744,-0.13819,-0.11356,0.0031,0.0018,-0.02781,-0.11786,0.17691,0,1,1.000,1.000,running
35.874,1,745,-0.13815,-0.11353,0.0022,0.0019,-0.02806,-0.11686,0.17685,0,1,1.000,1.000,running
35.917,1,746,-0.13837,-0.11357,-0.0119,-0.0026,-0.02797,-0.11737,0.17705,0,1,1.000,1.000,running
35.962,1,747,-0.13801,-0.11359,0.0198,-0.0011,-0.02887,-0.11639,0.17679,0,1,1.000,1.000,running
36.007,1,748,-0.13846,-0.11333,-0.0248,0.0145,-0.02599,-0.11705,0.17695,0,1,1.000,1.000,running
36.053,1,749,-0.13817,-0.11345,0.0156,-0.0063,-0.02665,-0.11703,0.17682,0,1,1.000,1.000,running
36.094,1,750,-0.13813,-0.11349,0.0023,-0.0022,-0.02805,-0.11740,0.17682,0,1,1.000,1.000,running
36.137,1,751,-0.13804,-0.11359,0.0049,-0.0056,-0.02769,-0.11745,0.17682,0,1,1.000,1.000,running
36.182,1,752,-0.13840,-0.11350,-0.0193,0.0051,-0.02769,-0.11745,0.17702,0,1,1.000,1.000,running
36.270,1,753,-0.13818,-0.11355,0.0120,-0.0031,-0.02818,-0.11727,0.17689,0,1,1.000,1.000,running
36.312,1,754,-0.13808,-0.11366,0.0055,-0.0060,-0.02818,-0.11727,0.17689,0,1,1.000,1.000,running
36.360,1,755,-0.13768,-0.11366,0.0218,0.0000,-0.02861,-0.11687,0.17660,0,1,1.000,1.000,running
36.398,1,756,-0.13792,-0.11369,-0.0132,-0.0014,-0.02627,-0.11742,0.17680,0,1,1.000,1.000,running
36.445,1,757,-0.13791,-0.11348,0.0010,0.0116,-0.02798,-0.11672,0.17664,0,1,1.000,1.000,running
36.486,1,758,-0.13751,-0.11352,0.0218,-0.0024,-0.02781,-0.11786,0.17638,0,1,1.000,1.000,running
36.531,1,759,-0.13808,-0.11365,-0.0316,-0.0069,-0.02828,-0.11677,0.17689,0,1,1.000,1.000,running
36.577,1,760,-0.13836,-0.11357,-0.0152,0.0042,-0.02769,-0.11745,0.17704,0,1,1.000,1.000,running
36.621,1,761,-0.13834,-0.11358,0.0012,-0.0005,-0.02781,-0.11786,0.17703,0,1,1.000,1.000,running
36.666,1,762,-0.13830,-0.11353,0.0021,0.0029,-0.02846,-0.11740,0.17697,0,1,1.000,1.000,running
36.711,1,763,-0.13817,-0.11341,0.0070,0.0064,-0.02781,-0.11786,0.17679,0,1,1.000,1.000,running
36.756,1,764,-0.13835,-0.11363,-0.0098,-0.0119,-0.02818,-0.11727,0.17707,0,1,1.000,1.000,running
36.798,1,765,-0.13845,-0.11363,-0.0054,-0.0001,-0.02676,-0.11723,0.17714,0,1,1.000,1.000,running
36.840,1,766,-0.13846,-0.11343,-0.0006,0.0108,-0.02798,-0.11687,0.17702,0,1,1.000,1.000,running
36.883,1,767,-0.13841,-0.11348,0.0028,-0.0023,-0.02740,-0.11671,0.17701,0,1,1.000,1.000,running
36.930,1,768,-0.13788,-0.11341,0.0293,0.0035,-0.02806,-0.11686,0.17658,0,1,1.000,1.000,running
36.974,1,769,-0.13818,-0.11362,-0.0170,-0.0113,-0.02806,-0.11686,0.17694,0,1,1.000,1.000,running
37.017,1,770,-0.13813,-0.11349,0.0032,0.0069,-0.02742,-0.11709,0.17681,0,1,1.000,1.000,running
37.066,1,771,-0.13837,-0.11356,-0.0133,-0.0038,-0.02836,-0.11680,0.17704,0,1,1.000,1.000,running
37.106,1,772,-0.13810,-0.11356,0.0144,0.0001,-0.02742,-0.11709,0.17684,0,1,1.000,1.000,running
37.149,1,773,-0.13785,-0.11379,0.0141,-0.0128,-0.02769,-0.11745,0.17681,0,1,1.000,1.000,running
37.192,1,774,-0.13833,-0.11357,-0.0266,0.0119,-0.02806,-0.11686,0.17702,0,1,1.000,1.000,running
37.235,1,775,-0.13811,-0.11348,0.0124,0.0053,-0.02849,-0.11739,0.17679,0,1,1.000,1.000,running
37.281,1,776,-0.13850,-0.11350,-0.0214,-0.0012,-0.02739,-0.11678,0.17709,0,1,1.000,1.000,running
37.324,1,777,-0.13841,-0.11369,0.0049,-0.0103,-0.02700,-0.11779,0.17715,0,1,1.000,1.000,running
37.367,1,778,-0.13827,-0.11363,0.0077,0.0029,-0.02736,-0.11699,0.17701,0,1,1.000,1.000,running
37.413,1,779,-0.13837,-0.11357,-0.0059,0.0037,-0.02781,-0.11786,0.17705,0,1,1.000,1.000,running
37.463,1,780,-0.13828,-0.11361,0.0052,-0.0026,-0.02778,-0.11835,0.17701,0,1,1.000,1.000,running
37.509,1,781,-0.13810,-0.11367,0.0097,-0.0032,-0.02806,-0.11686,0.17692,0,1,1.000,1.000,running
37.549,1,782,-0.13812,-0.11378,-0.0010,-0.0061,-0.02781,-0.11786,0.17701,0,1,1.000,1.000,running
37.592,1,783,-0.13809,-0.11337,0.0017,0.0224,-0.02818,-0.11727,0.17671,0,1,1.000,1.000,running
37.631,1,784,-0.13849,-0.11349,-0.0221,-0.0063,-0.02806,-0.11686,0.17708,0,1,1.000,1.000,running
37.677,1,785,-0.13811,-0.11374,0.0208,-0.0136,-0.02848,-0.11669,0.17697,0,1,1.000,1.000,running
37.720,1,786,-0.13856,-0.11367,-0.0244,0.0035,-0.02846,-0.11717,0.17726,0,1,1.000,1.000,running
37.765,1,787,-0.13837,-0.11339,0.0105,0.0154,-0.02819,-0.11662,0.17693,0,1,1.000,1.000,running
37.812,1,788,-0.13807,-0.11352,0.0166,-0.0073,-0.02806,-0.11686,0.17679,0,1,1.000,1.000,running
37.855,1,789,-0.13798,-0.11375,0.0044,-0.0124,-0.02842,-0.11680,0.17688,0,1,1.000,1.000,running
37.897,1,790,-0.13833,-0.11364,-0.0191,0.0060,-0.02790,-0.11735,0.17707,0,1,1.000,1.000,running
37.941,1,791,-0.13811,-0.11374,0.0119,-0.0055,-0.02769,-0.11745,0.17697,0,1,1.000,1.000,running
37.984,1,792,-0.13759,-0.11377,0.0291,-0.0016,-0.02769,-0.11745,0.17661,0,1,1.000,1.000,running
38.027,1,793,-0.13775,-0.11379,-0.0091,-0.0012,-0.02778,-0.11703,0.17674,0,1,1.000,1.000,running
38.074,1,794,-0.13847,-0.11349,-0.0396,0.0166,-0.02748,-0.11739,0.17707,0,1,1.000,1.000,running
38.115,1,795,-0.13826,-0.11360,0.0116,-0.0057,-0.02849,-0.11647,0.17698,0,1,1.000,1.000,running
38.163,1,796,-0.13828,-0.11353,-0.0008,0.0038,-0.02806,-0.11686,0.17695,0,1,1.000,1.000,running
38.204,1,797,-0.13800,-0.11361,0.0149,-0.0047,-0.02781,-0.11786,0.17680,0,1,1.000,1.000,running
38.293,1,798,-0.13826,-0.11358,-0.0139,0.0019,-0.02781,-0.11786,0.17697,0,1,1.000,1.000,running
38.336,1,799,-0.13787,-0.11390,0.0212,-0.0179,-0.02849,-0.11647,0.17690,0,1,1.000,1.000,running
38.377,1,800,-0.13821,-0.11340,-0.0186,0.0278,-0.02805,-0.11732,0.17681,0,1,1.000,1.000,running
38.426,1,801,-0.13778,-0.11378,0.0238,-0.0209,-0.02836,-0.11628,0.17675,0,1,1.000,1.000,running
38.469,1,802,-0.13777,-0.11375,0.0006,0.0015,-0.02806,-0.11686,0.17672,0,1,1.000,1.000,running
38.515,1,803,-0.13843,-0.11337,-0.0367,0.0210,-0.02752,-0.11711,0.17696,0,1,1.000,1.000,running
38.559,1,804,-0.13826,-0.11327,0.0094,0.0055,-0.02781,-0.11786,0.17676,0,1,1.000,1.000,running
38.598,1,805,-0.13819,-0.11367,0.0039,-0.0224,-0.02861,-0.11687,0.17699,0,1,1.000,1.000,running
38.644,1,806,-0.13804,-0.11381,0.0084,-0.0074,-0.02806,-0.11686,0.17696,0,1,1.000,1.000,running
38.689,1,807,-0.13828,-0.11358,-0.0132,0.0127,-0.02834,-0.11700,0.17698,0,1,1.000,1.000,running
38.732,1,808,-0.13782,-0.11375,0.0252,-0.0094,-0.02857,-0.11612,0.17676,0,1,1.000,1.000,running
38.777,1,809,-0.13829,-0.11350,-0.0260,0.0135,-0.02769,-0.11745,0.17695,0,1,1.000,1.000,running
38.820,1,810,-0.13829,-0.11365,-0.0000,-0.0079,-0.02854,-0.11721,0.17704,0,1,1.000,1.000,running
38.870,1,811,-0.13802,-0.11358,0.0154,0.0035,-0.02850,-0.11722,0.17679,0,1,1.000,1.000,running
38.913,1,812,-0.13842,-0.11376,-0.0225,-0.0097,-0.02806,-0.11686,0.17721,0,1,1.000,1.000,running
38.956,1,813,-0.13842,-0.11339,0.0005,0.0201,-0.02870,-0.11637,0.17696,0,1,1.000,1.000,running
39.000,1,814,-0.13843,-0.11368,-0.0009,-0.0160,-0.02806,-0.11686,0.17717,0,1,1.000,1.000,running
39.041,1,815,-0.13828,-0.11353,0.0084,0.0086,-0.02781,-0.11786,0.17695,0,1,1.000,1.000,running
39.083,1,816,-0.13835,-0.11371,-0.0039,-0.0102,-0.02769,-0.11745,0.17713,0,1,1.000,1.000,running
39.130,1,817,-0.13829,-0.11361,0.0035,0.0055,-0.02769,-0.11745,0.17701,0,1,1.000,1.000,running
39.175,1,818,-0.13845,-0.11355,-0.0088,0.0031,-0.02836,-0.11628,0.17709,0,1,1.000,1.000,running
39.219,1,819,-0.13813,-0.11356,0.0176,-0.0005,-0.02776,-0.11619,0.17686,0,1,1.000,1.000,running
39.264,1,820,-0.13853,-0.11354,-0.0223,0.0011,-0.02810,-0.11728,0.17715,0,1,1.000,1.000,running
39.308,1,821,-0.13840,-0.11349,0.0070,0.0032,-0.02769,-0.11612,0.17701,0,1,1.000,1.000,running
39.351,1,822,-0.13801,-0.11369,0.0218,-0.0112,-0.02806,-0.11686,0.17686,0,1,1.000,1.000,running
39.393,1,823,-0.13779,-0.11382,0.0118,-0.0072,-0.02850,-0.11722,0.17679,0,1,1.000,1.000,running
39.435,1,824,-0.13822,-0.11381,-0.0236,0.0003,-0.02779,-0.11708,0.17710,0,1,1.000,1.000,running
39.479,1,825,-0.13832,-0.11335,-0.0055,0.0256,-0.02817,-0.11773,0.17686,0,1,1.000,1.000,running
39.524,1,826,-0.13812,-0.11360,0.0108,-0.0136,-0.02818,-0.11727,0.17688,0,1,1.000,1.000,running
39.569,1,827,-0.13845,-0.11352,-0.0180,0.0042,-0.02818,-0.11727,0.17707,0,1,1.000,1.000,running
39.613,1,828,-0.13821,-0.11362,0.0134,-0.0057,-0.02818,-0.11727,0.17696,0,1,1.000,1.000,running
39.660,1,829,-0.13815,-0.11342,0.0032,0.0115,-0.02806,-0.11686,0.17678,0,1,1.000,1.000,running
39.701,1,830,-0.13805,-0.11358,0.0055,-0.0091,-0.02818,-0.11727,0.17682,0,1,1.000,1.000,running
39.749,1,831,-0.13866,-0.11348,-0.0335,0.0057,-0.02818,-0.11727,0.17720,0,1,1.000,1.000,running
39.787,1,832,-0.13840,-0.11368,0.0143,-0.0114,-0.02818,-0.11727,0.17714,0,1,1.000,1.000,running
39.832,1,833,-0.13785,-0.11360,0.0303,0.0044,-0.02823,-0.11747,0.17668,0,1,1.000,1.000,running
39.878,1,834,-0.13811,-0.11367,-0.0147,-0.0034,-0.02806,-0.11686,0.17692,0,1,1.000,1.000,running
39.923,1,835,-0.13868,-0.11339,-0.0309,0.0152,-0.02664,-0.11683,0.17715,0,1,1.000,1.000,running
39.966,1,836,-0.13838,-0.11353,0.0163,-0.0079,-0.02818,-0.11727,0.17703,0,1,1.000,1.000,running
40.009,1,837,-0.13824,-0.11331,0.0079,0.0119,-0.02742,-0.11709,0.17678,0,1,1.000,1.000,running
40.055,1,838,-0.13835,-0.11355,-0.0063,-0.0132,-0.02790,-0.11735,0.17702,0,1,1.000,1.000,running
40.096,1,839,-0.13819,-0.11345,0.0089,0.0055,-0.02806,-0.11686,0.17684,0,1,1.000,1.000,running
40.138,1,840,-0.13812,-0.11357,0.0036,-0.0063,-0.02818,-0.11727,0.17686,0,1,1.000,1.000,running
40.183,1,841,-0.13817,-0.11356,-0.0027,0.0008,-0.02806,-0.11686,0.17689,0,1,1.000,1.000,running
40.228,1,842,-0.13859,-0.11333,-0.0231,0.0123,-0.02818,-0.11727,0.17705,0,1,1.000,1.000,running
40.319,1,843,-0.13809,-0.11343,0.0277,-0.0054,-0.02798,-0.11687,0.17674,0,1,1.000,1.000,running
40.364,1,844,-0.13779,-0.11349,0.0166,-0.0036,-0.02818,-0.11727,0.17657,0,1,1.000,1.000,running
40.407,1,845,-0.13842,-0.11348,-0.0346,0.0007,-0.02818,-0.11727,0.17702,0,1,1.000,1.000,running
40.453,1,846,-0.13780,-0.11366,0.0341,-0.0098,-0.02806,-0.11686,0.17669,0,1,1.000,1.000,running
40.497,1,847,-0.13796,-0.11379,-0.0091,-0.0070,-0.02849,-0.11647,0.17689,0,1,1.000,1.000,running
40.577,1,848,-0.13808,-0.11365,-0.0063,0.0076,-0.02818,-0.11727,0.17689,0,1,1.000,1.000,running
40.625,1,849,-0.13782,-0.11379,0.0141,-0.0074,-0.02627,-0.11742,0.17679,0,1,1.000,1.000,running
40.668,1,850,-0.13828,-0.11337,-0.0254,0.0226,-0.02852,-0.11594,0.17685,0,1,1.000,1.000,running
40.713,1,851,-0.13826,-0.11335,0.0014,0.0011,-0.02818,-0.11727,0.17682,0,1,1.000,1.000,running
40.758,1,852,-0.13800,-0.11359,0.0141,-0.0132,-0.02806,-0.11686,0.17679,0,1,1.000,1.000,running
40.800,1,853,-0.13823,-0.11375,-0.0128,-0.0085,-0.02736,-0.11699,0.17707,0,1,1.000,1.000,running
40.843,1,854,-0.13747,-0.11359,0.0419,0.0088,-0.02818,-0.11727,0.17640,0,1,1.000,1.000,running
40.887,1,855,-0.13840,-0.11361,-0.0512,-0.0011,-0.02798,-0.11687,0.17710,0,1,1.000,1.000,running
40.935,1,856,-0.13811,-0.11369,0.0164,-0.0047,-0.02818,-0.11727,0.17694,0,1,1.000,1.000,running
40.979,1,857,-0.13822,-0.11366,-0.0065,0.0019,-0.02818,-0.11727,0.17700,0,1,1.000,1.000,running
41.021,1,858,-0.13832,-0.11311,-0.0051,0.0305,-0.02818,-0.11727,0.17670,0,1,1.000,1.000,running
41.068,1,859,-0.13801,-0.11385,0.0170,-0.0408,-0.02818,-0.11727,0.17697,0,1,1.000,1.000,running
41.108,1,860,-0.13820,-0.11352,-0.0103,0.0182,-0.02806,-0.11686,0.17688,0,1,1.000,1.000,running
41.155,1,861,-0.13806,-0.11371,0.0074,-0.0107,-0.02818,-0.11727,0.17691,0,1,1.000,1.000,running
41.202,1,862,-0.13844,-0.11344,-0.0207,0.0150,-0.02810,-0.11728,0.17701,0,1,1.000,1.000,running
41.282,1,863,-0.13821,-0.11344,0.0128,-0.0001,-0.02806,-0.11686,0.17684,0,1,1.000,1.000,running
41.329,1,864,-0.13836,-0.11356,-0.0082,-0.0068,-0.02849,-0.11647,0.17703,0,1,1.000,1.000,running
41.372,1,865,-0.13835,-0.11353,0.0005,0.0017,-0.02899,-0.11680,0.17700,0,1,1.000,1.000,running
41.414,1,866,-0.13806,-0.11363,0.0156,-0.0053,-0.02769,-0.11745,0.17686,0,1,1.000,1.000,running
41.461,1,867,-0.13818,-0.11356,-0.0065,0.0039,-0.02818,-0.11727,0.17690,0,1,1.000,1.000,running
41.504,1,868,-0.13842,-0.11337,-0.0132,0.0106,-0.02806,-0.11686,0.17695,0,1,1.000,1.000,running
41.549,1,869,-0.13811,-0.11359,0.0173,-0.0124,-0.02818,-0.11727,0.17687,0,1,1.000,1.000,running
41.594,1,870,-0.13801,-0.11339,0.0055,0.0112,-0.02842,-0.11680,0.17666,0,1,1.000,1.000,running
41.635,1,871,-0.13766,-0.11364,0.0190,-0.0136,-0.02805,-0.11732,0.17657,0,1,1.000,1.000,running
41.679,1,872,-0.13804,-0.11354,-0.0209,0.0053,-0.02733,-0.11667,0.17679,0,1,1.000,1.000,running
41.723,1,873,-0.13834,-0.11347,-0.0165,0.0041,-0.02846,-0.11740,0.17696,0,1,1.000,1.000,running
41.772,1,874,-0.13778,-0.11369,0.0310,-0.0122,-0.02806,-0.11686,0.17669,0,1,1.000,1.000,running
41.815,1,875,-0.13837,-0.11349,-0.0325,0.0110,-0.02848,-0.11669,0.17699,0,1,1.000,1.000,running
41.859,1,876,-0.13836,-0.11350,0.0005,-0.0009,-0.02814,-0.11682,0.17699,0,1,1.000,1.000,running
41.907,1,877,-0.13814,-0.11367,0.0123,-0.0092,-0.02806,-0.11686,0.17694,0,1,1.000,1.000,running
41.948,1,878,-0.13823,-0.11322,-0.0052,0.0251,-0.02806,-0.11686,0.17670,0,1,1.000,1.000,running
41.989,1,879,-0.13752,-0.11313,0.0392,0.0047,-0.02806,-0.11686,0.17612,0,1,1.000,1.000,running
42.032,1,880,-0.13786,-0.11377,-0.0188,-0.0352,-0.02816,-0.11636,0.17681,0,1,1.000,1.000,running
42.077,1,881,-0.13830,-0.11357,-0.0242,0.0109,-0.02823,-0.11662,0.17700,0,1,1.000,1.000,running
42.121,1,882,-0.13809,-0.11339,0.0114,0.0101,-0.02769,-0.11745,0.17672,0,1,1.000,1.000,running
42.166,1,883,-0.13805,-0.11360,0.0022,-0.0118,-0.02836,-0.11628,0.17683,0,1,1.000,1.000,running
42.208,1,884,-0.13782,-0.11366,0.0129,-0.0033,-0.02806,-0.11686,0.17670,0,1,1.000,1.000,running
42.255,1,885,-0.13780,-0.11319,0.0009,0.0262,-0.02818,-0.11727,0.17637,0,1,1.000,1.000,running
42.340,1,886,-0.13808,-0.11344,-0.0156,-0.0139,-0.02806,-0.11686,0.17675,0,1,1.000,1.000,running
42.385,1,887,-0.13826,-0.11370,-0.0097,-0.0144,-0.02818,-0.11727,0.17706,0,1,1.000,1.000,running
42.426,1,888,-0.13825,-0.11345,0.0003,0.0136,-0.02836,-0.11628,0.17688,0,1,1.000,1.000,running
42.475,1,889,-0.13791,-0.11373,0.0191,-0.0150,-0.02816,-0.11636,0.17681,0,1,1.000,1.000,running
42.517,1,890,-0.13817,-0.11370,-0.0144,0.0015,-0.02806,-0.11686,0.17699,0,1,1.000,1.000,running
42.562,1,891,-0.13816,-0.11347,0.0007,0.0128,-0.02797,-0.11682,0.17682,0,1,1.000,1.000,running
42.608,1,892,-0.13766,-0.11378,0.0273,-0.0172,-0.02818,-0.11727,0.17667,0,1,1.000,1.000,running
42.651,1,893,-0.13848,-0.11350,-0.0450,0.0153,-0.02806,-0.11686,0.17708,0,1,1.000,1.000,running
42.693,1,894,-0.13844,-0.11365,0.0020,-0.0080,-0.02843,-0.11645,0.17715,0,1,1.000,1.000,running
42.736,1,895,-0.13759,-0.11362,0.0467,0.0013,-0.02818,-0.11727,0.17651,0,1,1.000,1.000,running
42.780,1,896,-0.13831,-0.11344,-0.0394,0.0100,-0.02732,-0.11728,0.17691,0,1,1.000,1.000,running
42.824,1,897,-0.13812,-0.11340,0.0101,0.0024,-0.02806,-0.11686,0.17675,0,1,1.000,1.000,running
42.870,1,898,-0.13809,-0.11369,0.0018,-0.0164,-0.02843,-0.11645,0.17692,0,1,1.000,1.000,running
42.915,1,899,-0.13844,-0.11357,-0.0194,0.0068,-0.02818,-0.11727,0.17710,0,1,1.000,1.000,running
42.960,1,900,-0.13815,-0.11367,0.0162,-0.0054,-0.02818,-0.11727,0.17695,0,1,1.000,1.000,running
43.002,1,901,-0.13803,-0.11360,0.0066,0.0036,-0.02848,-0.11669,0.17682,0,1,1.000,1.000,running
43.047,1,902,-0.13831,-0.11362,-0.0154,-0.0011,-0.02703,-0.11730,0.17704,0,1,1.000,1.000,running
43.088,1,903,-0.13848,-0.11337,-0.0094,0.0139,-0.02798,-0.11672,0.17699,0,1,1.000,1.000,running
43.133,1,904,-0.13830,-0.11344,0.0099,-0.0039,-0.02818,-0.11727,0.17691,0,1,1.000,1.000,running
43.176,1,905,-0.13845,-0.11336,-0.0084,0.0041,-0.02850,-0.11722,0.17697,0,1,1.000,1.000,running
43.220,1,906,-0.13839,-0.11361,0.0035,-0.0134,-0.02818,-0.11727,0.17709,0,1,1.000,1.000,running
43.266,1,907,-0.13830,-0.11354,0.0048,0.0037,-0.02751,-0.11765,0.17698,0,1,1.000,1.000,running
43.311,1,908,-0.13840,-0.11366,-0.0054,-0.0067,-0.02848,-0.11669,0.17713,0,1,1.000,1.000,running
43.352,1,909,-0.13824,-0.11368,0.0090,-0.0009,-0.02806,-0.11686,0.17702,0,1,1.000,1.000,running
43.397,1,910,-0.13806,-0.11366,0.0098,0.0011,-0.02781,-0.11786,0.17688,0,1,1.000,1.000,running
43.441,1,911,-0.13832,-0.11356,-0.0142,0.0052,-0.02637,-0.11704,0.17700,0,1,1.000,1.000,running
43.482,1,912,-0.13799,-0.11387,0.0178,-0.0170,-0.02778,-0.11695,0.17697,0,1,1.000,1.000,running
43.529,1,913,-0.13840,-0.11362,-0.0224,0.0141,-0.02828,-0.11677,0.17710,0,1,1.000,1.000,running
43.573,1,914,-0.13838,-0.11369,0.0012,-0.0041,-0.02806,-0.11686,0.17714,0,1,1.000,1.000,running
43.618,1,915,-0.13818,-0.11350,0.0109,0.0106,-0.02769,-0.11745,0.17686,0,1,1.000,1.000,running
43.663,1,916,-0.13777,-0.11368,0.0226,-0.0099,-0.02849,-0.11647,0.17668,0,1,1.000,1.000,running
43.707,1,917,-0.13847,-0.11364,-0.0385,0.0024,-0.02836,-0.11628,0.17717,0,1,1.000,1.000,running
43.752,1,918,-0.13860,-0.11367,-0.0073,-0.0019,-0.02818,-0.11727,0.17729,0,1,1.000,1.000,running
43.794,1,919,-0.13820,-0.11372,0.0223,-0.0029,-0.02798,-0.11672,0.17702,0,1,1.000,1.000,running
43.842,1,920,-0.13821,-0.11352,-0.0005,0.0109,-0.02790,-0.11699,0.17690,0,1,1.000,1.000,running
43.926,1,921,-0.13818,-0.11366,0.0012,-0.0073,-0.02808,-0.11707,0.17697,0,1,1.000,1.000,running
43.971,1,922,-0.13840,-0.11357,-0.0117,0.0046,-0.02818,-0.11727,0.17707,0,1,1.000,1.000,running
44.015,1,923,-0.13815,-0.11356,0.0138,0.0007,-0.02818,-0.11727,0.17688,0,1,1.000,1.000,running
44.060,1,924,-0.13845,-0.11351,-0.0167,0.0028,-0.02781,-0.11786,0.17707,0,1,1.000,1.000,running
44.104,1,925,-0.13847,-0.11352,-0.0009,-0.0002,-0.02779,-0.11725,0.17708,0,1,1.000,1.000,running
44.147,1,926,-0.13830,-0.11367,0.0092,-0.0082,-0.02778,-0.11835,0.17706,0,1,1.000,1.000,running
44.188,1,927,-0.13815,-0.11375,0.0082,-0.0048,-0.02769,-0.11745,0.17701,0,1,1.000,1.000,running
44.235,1,928,-0.13829,-0.11360,-0.0074,0.0082,-0.02848,-0.11669,0.17701,0,1,1.000,1.000,running
44.274,1,929,-0.13805,-0.11382,0.0131,-0.0120,-0.02818,-0.11727,0.17698,0,1,1.000,1.000,running
44.365,1,930,-0.13844,-0.11353,-0.0216,0.0159,-0.02862,-0.11740,0.17707,0,1,1.000,1.000,running
44.414,1,931,-0.13816,-0.11367,0.0153,-0.0074,-0.02781,-0.11786,0.17696,0,1,1.000,1.000,running
44.453,1,932,-0.13809,-0.11367,0.0041,-0.0003,-0.02769,-0.11745,0.17691,0,1,1.000,1.000,running
44.500,1,933,-0.13827,-0.11357,-0.0099,0.0053,-0.02818,-0.11727,0.17697,0,1,1.000,1.000,running
44.541,1,934,-0.13817,-0.11358,0.0054,-0.0001,-0.02818,-0.11727,0.17690,0,1,1.000,1.000,running
44.582,1,935,-0.13841,-0.11356,-0.0134,0.0010,-0.02836,-0.11628,0.17707,0,1,1.000,1.000,running
44.629,1,936,-0.13806,-0.11361,0.0196,-0.0028,-0.02773,-0.11703,0.17684,0,1,1.000,1.000,running
44.671,1,937,-0.13811,-0.11368,-0.0029,-0.0038,-0.02813,-0.11729,0.17693,0,1,1.000,1.000,running
44.718,1,938,-0.13815,-0.11386,-0.0021,-0.0100,-0.02776,-0.11619,0.17708,0,1,1.000,1.000,running
44.764,1,939,-0.13832,-0.11349,-0.0097,0.0204,-0.02769,-0.11745,0.17696,0,1,1.000,1.000,running
44.808,1,940,-0.13845,-0.11357,-0.0072,-0.0043,-0.02818,-0.11727,0.17711,0,1,1.000,1.000,running
44.850,1,941,-0.13812,-0.11362,0.0182,-0.0029,-0.02849,-0.11647,0.17690,0,1,1.000,1.000,running
44.895,1,942,-0.13837,-0.11360,-0.0138,0.0011,-0.02806,-0.11686,0.17707,0,1,1.000,1.000,running
44.935,1,943,-0.13796,-0.11363,0.0225,-0.0015,-0.02769,-0.11745,0.17679,0,1,1.000,1.000,running
44.979,1,944,-0.13831,-0.11330,-0.0191,0.0180,-0.02772,-0.11772,0.17682,0,1,1.000,1.000,running
45.022,1,945,-0.13856,-0.11365,-0.0137,-0.0194,-0.02818,-0.11727,0.17724,0,1,1.000,1.000,running
45.067,1,946,-0.13815,-0.11385,0.0225,-0.0110,-0.02886,-0.11707,0.17708,0,1,1.000,1.000,running
45.114,1,947,-0.13845,-0.11350,-0.0163,0.0192,-0.02752,-0.11711,0.17706,0,1,1.000,1.000,running
45.158,1,948,-0.13811,-0.11338,0.0184,0.0065,-0.02854,-0.11721,0.17673,0,1,1.000,1.000,running
45.206,1,949,-0.13854,-0.11348,-0.0235,-0.0053,-0.02766,-0.11693,0.17711,0,1,1.000,1.000,running
45.248,1,950,-0.13788,-0.11347,0.0366,0.0007,-0.02711,-0.11798,0.17661,0,1,1.000,1.000,running
45.288,1,951,-0.13793,-0.11358,-0.0030,-0.0062,-0.02757,-0.11845,0.17673,0,1,1.000,1.000,running
45.332,1,952,-0.13818,-0.11371,-0.0137,-0.0069,-0.02818,-0.11727,0.17700,0,1,1.000,1.000,running
45.375,1,953,-0.13817,-0.11371,0.0007,-0.0003,-0.02806,-0.11686,0.17699,0,1,1.000,1.000,running
45.422,1,954,-0.13814,-0.11373,0.0016,-0.0007,-0.02769,-0.11745,0.17698,0,1,1.000,1.000,running
45.466,1,955,-0.13801,-0.11381,0.0069,-0.0048,-0.02769,-0.11745,0.17695,0,1,1.000,1.000,running
45.509,1,956,-0.13826,-0.11378,-0.0139,0.0016,-0.02846,-0.11648,0.17711,0,1,1.000,1.000,running
45.558,1,957,-0.13805,-0.11363,0.0116,0.0085,-0.02806,-0.11686,0.17685,0,1,1.000,1.000,running
45.599,1,958,-0.13820,-0.11368,-0.0083,-0.0030,-0.02806,-0.11686,0.17700,0,1,1.000,1.000,running
45.640,1,959,-0.13816,-0.11352,0.0026,0.0090,-0.02736,-0.11699,0.17686,0,1,1.000,1.000,running
45.684,1,960,-0.13842,-0.11365,-0.0143,-0.0070,-0.02816,-0.11636,0.17713,0,1,1.000,1.000,running
45.726,1,961,-0.13839,-0.11361,0.0017,0.0019,-0.02781,-0.11786,0.17709,0,1,1.000,1.000,running
45.772,1,962,-0.13801,-0.11356,0.0208,0.0029,-0.02818,-0.11727,0.17677,0,1,1.000,1.000,running
45.813,1,963,-0.13824,-0.11361,-0.0128,-0.0029,-0.02819,-0.11662,0.17698,0,1,1.000,1.000,running
45.863,1,964,-0.13820,-0.11370,0.0021,-0.0050,-0.02769,-0.11745,0.17701,0,1,1.000,1.000,running
45.904,1,965,-0.13808,-0.11380,0.0070,-0.0052,-0.02848,-0.11669,0.17698,0,1,1.000,1.000,running
45.952,1,966,-0.13813,-0.11345,-0.0031,0.0190,-0.02849,-0.11647,0.17679,0,1,1.000,1.000,running
45.991,1,967,-0.13819,-0.11370,-0.0031,-0.0138,-0.02806,-0.11686,0.17700,0,1,1.000,1.000,running
46.037,1,968,-0.13829,-0.11365,-0.0055,0.0030,-0.02806,-0.11686,0.17704,0,1,1.000,1.000,running
46.081,1,969,-0.13815,-0.11371,0.0077,-0.0032,-0.02760,-0.11796,0.17698,0,1,1.000,1.000,running
46.122,1,970,-0.13809,-0.11379,0.0032,-0.0045,-0.02818,-0.11727,0.17699,0,1,1.000,1.000,running
46.170,1,971,-0.13790,-0.11354,0.0106,0.0137,-0.02890,-0.11622,0.17668,0,1,1.000,1.000,running
46.214,1,972,-0.13806,-0.11359,-0.0091,-0.0029,-0.02818,-0.11727,0.17684,0,1,1.000,1.000,running
46.259,1,973,-0.13788,-0.11383,0.0100,-0.0129,-0.02849,-0.11647,0.17686,0,1,1.000,1.000,running
46.305,1,974,-0.13828,-0.11385,-0.0219,-0.0014,-0.02810,-0.11713,0.17717,0,1,1.000,1.000,running
46.390,1,975,-0.13839,-0.11359,-0.0059,0.0143,-0.02818,-0.11727,0.17707,0,1,1.000,1.000,running
46.431,1,976,-0.13809,-0.11350,0.0164,0.0052,-0.02965,-0.11548,0.17679,0,1,1.000,1.000,running
46.474,1,977,-0.13864,-0.11368,-0.0301,-0.0101,-0.02740,-0.11671,0.17732,0,1,1.000,1.000,running
46.518,1,978,-0.13812,-0.11361,0.0285,0.0037,-0.02848,-0.11669,0.17689,0,1,1.000,1.000,running
46.566,1,979,-0.13804,-0.11356,0.0043,0.0030,-0.02806,-0.11686,0.17680,0,1,1.000,1.000,running
46.609,1,980,-0.13829,-0.11364,-0.0139,-0.0043,-0.02836,-0.11680,0.17703,0,1,1.000,1.000,running
46.654,1,981,-0.13816,-0.11371,0.0072,-0.0041,-0.02769,-0.11669,0.17699,0,1,1.000,1.000,running
46.701,1,982,-0.13834,-0.11374,-0.0096,-0.0017,-0.02769,-0.11745,0.17714,0,1,1.000,1.000,running
46.741,1,983,-0.13783,-0.11376,0.0279,-0.0010,-0.02836,-0.11628,0.17678,0,1,1.000,1.000,running
46.785,1,984,-0.13776,-0.11384,0.0036,-0.0044,-0.02781,-0.11786,0.17678,0,1,1.000,1.000,running
46.827,1,985,-0.13835,-0.11360,-0.0324,0.0131,-0.02818,-0.11727,0.17705,0,1,1.000,1.000,running
46.873,1,986,-0.13788,-0.11368,0.0260,-0.0046,-0.02806,-0.11686,0.17676,0,1,1.000,1.000,running
46.919,1,987,-0.13844,-0.11359,-0.0309,0.0054,-0.02776,-0.11642,0.17711,0,1,1.000,1.000,running
46.964,1,988,-0.13855,-0.11358,-0.0061,0.0006,-0.02676,-0.11723,0.17718,0,1,1.000,1.000,running
47.007,1,989,-0.13799,-0.11361,0.0306,-0.0017,-0.02818,-0.11727,0.17680,0,1,1.000,1.000,running
47.051,1,990,-0.13819,-0.11364,-0.0105,-0.0020,-0.02769,-0.11745,0.17696,0,1,1.000,1.000,running
47.091,1,991,-0.13809,-0.11358,0.0053,0.0033,-0.02742,-0.11709,0.17685,0,1,1.000,1.000,running
47.135,1,992,-0.13818,-0.11359,-0.0049,-0.0005,-0.02806,-0.11686,0.17692,0,1,1.000,1.000,running
47.179,1,993,-0.13821,-0.11357,-0.0017,0.0013,-0.02818,-0.11727,0.17693,0,1,1.000,1.000,running
47.222,1,994,-0.13815,-0.11355,0.0034,0.0013,-0.02742,-0.11709,0.17687,0,1,1.000,1.000,running
47.269,1,995,-0.13836,-0.11359,-0.0117,-0.0027,-0.02778,-0.11835,0.17706,0,1,1.000,1.000,running
47.313,1,996,-0.13841,-0.11350,-0.0028,0.0054,-0.02699,-0.11758,0.17703,0,1,1.000,1.000,running
47.360,1,997,-0.13809,-0.11347,0.0178,0.0012,-0.02870,-0.11694,0.17677,0,1,1.000,1.000,running
47.403,1,998,-0.13835,-0.11358,-0.0144,-0.0056,-0.02781,-0.11786,0.17704,0,1,1.000,1.000,running
47.447,1,999,-0.13842,-0.11363,-0.0036,-0.0030,-0.02818,-0.11727,0.17712,0,1,1.000,1.000,running
47.487,1,1000,-0.13808,-0.11363,0.0184,0.0004,-0.02806,-0.11686,0.17687,0,1,1.000,1.000,running
47.531,1,1001,-0.13781,-0.11357,0.0146,0.0030,-0.02806,-0.11686,0.17664,0,1,1.000,1.000,running
47.578,1,1002,-0.13789,-0.11354,-0.0044,0.0019,-0.02818,-0.11727,0.17667,0,1,1.000,1.000,running
47.624,1,1003,-0.13865,-0.11352,-0.0413,0.0010,-0.02696,-0.11650,0.17721,0,1,1.000,1.000,running
47.669,1,1004,-0.13846,-0.11357,0.0104,-0.0031,-0.02818,-0.11727,0.17711,0,1,1.000,1.000,running
47.710,1,1005,-0.13854,-0.11367,-0.0044,-0.0055,-0.02806,-0.11686,0.17724,0,1,1.000,1.000,running
47.756,1,1006,-0.13808,-0.11353,0.0252,0.0080,-0.02861,-0.11687,0.17680,0,1,1.000,1.000,running
47.798,1,1007,-0.13804,-0.11365,0.0019,-0.0069,-0.02805,-0.11732,0.17686,0,1,1.000,1.000,running
47.838,1,1008,-0.13843,-0.11362,-0.0210,0.0019,-0.02707,-0.11718,0.17712,0,1,1.000,1.000,running
47.883,1,1009,-0.13849,-0.11348,-0.0033,0.0075,-0.02818,-0.11727,0.17707,0,1,1.000,1.000,running
47.927,1,1010,-0.13804,-0.11347,0.0243,0.0003,-0.02806,-0.11686,0.17674,0,1,1.000,1.000,running
47.972,1,1011,-0.13811,-0.11363,-0.0038,-0.0085,-0.02806,-0.11686,0.17690,0,1,1.000,1.000,running
48.020,1,1012,-0.13826,-0.11354,-0.0081,0.0052,-0.02818,-0.11727,0.17694,0,1,1.000,1.000,running
48.063,1,1013,-0.13848,-0.11367,-0.0122,-0.0075,-0.02806,-0.11686,0.17720,0,1,1.000,1.000,running
48.106,1,1014,-0.13836,-0.11356,0.0065,0.0061,-0.02781,-0.11786,0.17703,0,1,1.000,1.000,running
48.149,1,1015,-0.13810,-0.11364,0.0146,-0.0043,-0.02848,-0.11669,0.17689,0,1,1.000,1.000,running
48.191,1,1016,-0.13816,-0.11358,-0.0035,0.0035,-0.02806,-0.11686,0.17690,0,1,1.000,1.000,running
48.235,1,1017,-0.13791,-0.11362,0.0139,-0.0025,-0.02806,-0.11686,0.17674,0,1,1.000,1.000,running
48.279,1,1018,-0.13789,-0.11354,0.0011,0.0047,-0.02828,-0.11677,0.17667,0,1,1.000,1.000,running
48.322,1,1019,-0.13808,-0.11330,-0.0107,0.0131,-0.02836,-0.11680,0.17665,0,1,1.000,1.000,running
48.413,1,1020,-0.13789,-0.11369,0.0107,-0.0218,-0.02892,-0.11682,0.17677,0,1,1.000,1.000,running
48.461,1,1021,-0.13813,-0.11360,-0.0133,0.0054,-0.02699,-0.11758,0.17689,0,1,1.000,1.000,running
48.500,1,1022,-0.13783,-0.11361,0.0163,-0.0009,-0.02769,-0.11745,0.17668,0,1,1.000,1.000,running
48.545,1,1023,-0.13812,-0.11371,-0.0156,-0.0051,-0.02769,-0.11745,0.17695,0,1,1.000,1.000,running
48.589,1,1024,-0.13820,-0.11359,-0.0049,0.0062,-0.02806,-0.11686,0.17694,0,1,1.000,1.000,running
48.630,1,1025,-0.13828,-0.11346,-0.0042,0.0075,-0.02842,-0.11680,0.17691,0,1,1.000,1.000,running
48.678,1,1026,-0.13845,-0.11364,-0.0091,-0.0103,-0.02638,-0.11782,0.17715,0,1,1.000,1.000,running
48.721,1,1027,-0.13844,-0.11309,0.0005,0.0307,-0.02810,-0.11728,0.17677,0,1,1.000,1.000,running
48.768,1,1028,-0.13837,-0.11352,0.0040,-0.0238,-0.02748,-0.11739,0.17701,0,1,1.000,1.000,running
48.856,1,1029,-0.13824,-0.11348,0.0067,0.0023,-0.02769,-0.11669,0.17689,0,1,1.000,1.000,running
48.895,1,1030,-0.13808,-0.11347,0.0090,0.0003,-0.02818,-0.11727,0.17677,0,1,1.000,1.000,running
48.941,1,1031,-0.13828,-0.11369,-0.0110,-0.0118,-0.02818,-0.11727,0.17706,0,1,1.000,1.000,running
48.983,1,1032,-0.13812,-0.11368,0.0087,0.0003,-0.02836,-0.11628,0.17694,0,1,1.000,1.000,running
49.025,1,1033,-0.13834,-0.11335,-0.0118,0.0182,-0.02765,-0.11640,0.17687,0,1,1.000,1.000,running
49.074,1,1034,-0.13783,-0.11389,0.0278,-0.0296,-0.02816,-0.11636,0.17686,0,1,1.000,1.000,running
49.116,1,1035,-0.13812,-0.11372,-0.0161,0.0090,-0.02781,-0.11786,0.17697,0,1,1.000,1.000,running
49.164,1,1036,-0.13819,-0.11364,-0.0037,0.0046,-0.02672,-0.11721,0.17696,0,1,1.000,1.000,running
49.202,1,1037,-0.13834,-0.11339,-0.0082,0.0140,-0.02806,-0.11686,0.17690,0,1,1.000,1.000,running
49.250,1,1038,-0.13837,-0.11360,-0.0019,-0.0117,-0.02806,-0.11686,0.17707,0,1,1.000,1.000,running
49.296,1,1039,-0.13807,-0.11354,0.0168,0.0033,-0.02818,-0.11727,0.17680,0,1,1.000,1.000,running
49.336,1,1040,-0.13816,-0.11370,-0.0052,-0.0091,-0.02818,-0.11727,0.17698,0,1,1.000,1.000,running
49.380,1,1041,-0.13824,-0.11354,-0.0042,0.0092,-0.02781,-0.11786,0.17693,0,1,1.000,1.000,running
49.426,1,1042,-0.13826,-0.11354,-0.0014,-0.0000,-0.02835,-0.11734,0.17695,0,1,1.000,1.000,running
49.472,1,1043,-0.13831,-0.11360,-0.0026,-0.0038,-0.02806,-0.11686,0.17703,0,1,1.000,1.000,running
49.517,1,1044,-0.13790,-0.11348,0.0224,0.0069,-0.02764,-0.11712,0.17664,0,1,1.000,1.000,running
49.562,1,1045,-0.13845,-0.11344,-0.0300,0.0024,-0.02818,-0.11727,0.17701,0,1,1.000,1.000,running
49.605,1,1046,-0.13801,-0.11349,0.0240,-0.0031,-0.02781,-0.11786,0.17673,0,1,1.000,1.000,running
49.649,1,1047,-0.13803,-0.11360,-0.0010,-0.0059,-0.02884,-0.11656,0.17682,0,1,1.000,1.000,running
49.733,1,1048,-0.13805,-0.11357,-0.0013,0.0015,-0.02769,-0.11745,0.17681,0,1,1.000,1.000,running
49.778,1,1049,-0.13792,-0.11357,0.0073,-0.0002,-0.02790,-0.11735,0.17672,0,1,1.000,1.000,running
49.820,1,1050,-0.13792,-0.11353,-0.0002,0.0026,-0.02806,-0.11686,0.17669,0,1,1.000,1.000,running
49.866,1,1051,-0.13834,-0.11349,-0.0231,0.0023,-0.02806,-0.11686,0.17697,0,1,1.000,1.000,running
49.909,1,1052,-0.13817,-0.11347,0.0094,0.0007,-0.02769,-0.11612,0.17684,0,1,1.000,1.000,running
49.952,1,1053,-0.13829,-0.11358,-0.0064,-0.0056,-0.02836,-0.11680,0.17699,0,1,1.000,1.000,running
49.996,1,1054,-0.13804,-0.11376,0.0138,-0.0101,-0.02817,-0.11773,0.17693,0,1,1.000,1.000,running
50.042,1,1055,-0.13840,-0.11356,-0.0196,0.0112,-0.02818,-0.11727,0.17706,0,1,1.000,1.000,running
50.082,1,1056,-0.13802,-0.11302,0.0209,0.0292,-0.02765,-0.11640,0.17642,0,1,1.000,1.000,running
50.126,1,1057,-0.13832,-0.11348,-0.0168,-0.0250,-0.02766,-0.11794,0.17695,0,1,1.000,1.000,running
50.172,1,1058,-0.13834,-0.11355,-0.0009,-0.0040,-0.02805,-0.11732,0.17701,0,1,1.000,1.000,running
50.217,1,1059,-0.13848,-0.11356,-0.0079,-0.0006,-0.02818,-0.11727,0.17712,0,1,1.000,1.000,running
50.259,1,1060,-0.13792,-0.11348,0.0309,0.0043,-0.02836,-0.11628,0.17666,0,1,1.000,1.000,running
50.306,1,1061,-0.13812,-0.11371,-0.0110,-0.0125,-0.02769,-0.11745,0.17696,0,1,1.000,1.000,running
50.350,1,1062,-0.13818,-0.11353,-0.0035,0.0098,-0.02742,-0.11709,0.17688,0,1,1.000,1.000,running
50.434,1,1063,-0.13791,-0.11374,0.0149,-0.0113,-0.02818,-0.11727,0.17682,0,1,1.000,1.000,running
50.478,1,1064,-0.13815,-0.11373,-0.0131,0.0002,-0.02806,-0.11686,0.17700,0,1,1.000,1.000,running
50.522,1,1065,-0.13799,-0.11361,0.0086,0.0068,-0.02769,-0.11745,0.17680,0,1,1.000,1.000,running
50.566,1,1066,-0.13776,-0.11376,0.0128,-0.0085,-0.02806,-0.11686,0.17673,0,1,1.000,1.000,running
50.612,1,1067,-0.13833,-0.11354,-0.0311,0.0125,-0.02806,-0.11686,0.17699,0,1,1.000,1.000,running
50.656,1,1068,-0.13787,-0.11364,0.0249,-0.0058,-0.02861,-0.11676,0.17673,0,1,1.000,1.000,running
50.699,1,1069,-0.13792,-0.11364,-0.0028,0.0002,-0.02818,-0.11727,0.17676,0,1,1.000,1.000,running
50.743,1,1070,-0.13809,-0.11367,-0.0091,-0.0021,-0.02806,-0.11686,0.17691,0,1,1.000,1.000,running
50.788,1,1071,-0.13839,-0.11359,-0.0163,0.0045,-0.02818,-0.11727,0.17707,0,1,1.000,1.000,running
50.831,1,1072,-0.13822,-0.11365,0.0092,-0.0034,-0.02781,-0.11786,0.17699,0,1,1.000,1.000,running
50.877,1,1073,-0.13834,-0.11348,-0.0065,0.0095,-0.02849,-0.11647,0.17696,0,1,1.000,1.000,running
50.922,1,1074,-0.13780,-0.11332,0.0294,0.0086,-0.02806,-0.11686,0.17646,0,1,1.000,1.000,running
50.966,1,1075,-0.13786,-0.11388,-0.0029,-0.0305,-0.02806,-0.11686,0.17688,0,1,1.000,1.000,running
51.010,1,1076,-0.13832,-0.11348,-0.0258,0.0218,-0.02818,-0.11727,0.17695,0,1,1.000,1.000,running
51.054,1,1077,-0.13811,-0.11356,0.0115,-0.0042,-0.02806,-0.11686,0.17685,0,1,1.000,1.000,running
51.098,1,1078,-0.13810,-0.11355,0.0009,0.0005,-0.02769,-0.11745,0.17683,0,1,1.000,1.000,running
51.142,1,1079,-0.13826,-0.11366,-0.0088,-0.0059,-0.02790,-0.11735,0.17702,0,1,1.000,1.000,running
51.185,1,1080,-0.13840,-0.11340,-0.0077,0.0141,-0.02818,-0.11727,0.17695,0,1,1.000,1.000,running
51.227,1,1081,-0.13833,-0.11345,0.0037,-0.0028,-0.02760,-0.11732,0.17694,0,1,1.000,1.000,running
51.272,1,1082,-0.13788,-0.11379,0.0246,-0.0187,-0.02769,-0.11745,0.17684,0,1,1.000,1.000,running
51.314,1,1083,-0.13831,-0.11368,-0.0235,0.0058,-0.02806,-0.11686,0.17708,0,1,1.000,1.000,running
51.360,1,1084,-0.13798,-0.11356,0.0180,0.0069,-0.02818,-0.11727,0.17675,0,1,1.000,1.000,running
51.406,1,1085,-0.13837,-0.11361,-0.0215,-0.0029,-0.02850,-0.11722,0.17708,0,1,1.000,1.000,running
51.448,1,1086,-0.13796,-0.11338,0.0226,0.0127,-0.02850,-0.11722,0.17662,0,1,1.000,1.000,running
51.491,1,1087,-0.13818,-0.11356,-0.0120,-0.0100,-0.02705,-0.11768,0.17690,0,1,1.000,1.000,running
51.535,1,1088,-0.13790,-0.11354,0.0155,0.0009,-0.02748,-0.11724,0.17668,0,1,1.000,1.000,running
51.581,1,1089,-0.13842,-0.11353,-0.0283,0.0008,-0.02769,-0.11745,0.17705,0,1,1.000,1.000,running
51.622,1,1090,-0.13817,-0.11389,0.0132,-0.0196,-0.02806,-0.11686,0.17712,0,1,1.000,1.000,running
51.668,1,1091,-0.13787,-0.11334,0.0169,0.0302,-0.02818,-0.11727,0.17652,0,1,1.000,1.000,running
51.711,1,1092,-0.13831,-0.11350,-0.0243,-0.0088,-0.02778,-0.11695,0.17695,0,1,1.000,1.000,running
51.757,1,1093,-0.13811,-0.11341,0.0111,0.0051,-0.02823,-0.11747,0.17674,0,1,1.000,1.000,running
51.800,1,1094,-0.13832,-0.11354,-0.0116,-0.0072,-0.02781,-0.11786,0.17699,0,1,1.000,1.000,running
51.846,1,1095,-0.13842,-0.11363,-0.0058,-0.0051,-0.02806,-0.11686,0.17713,0,1,1.000,1.000,running
51.888,1,1096,-0.13813,-0.11353,0.0161,0.0056,-0.02817,-0.11781,0.17684,0,1,1.000,1.000,running
51.931,1,1097,-0.13804,-0.11354,0.0051,-0.0004,-0.02842,-0.11680,0.17678,0,1,1.000,1.000,running
51.973,1,1098,-0.13822,-0.11364,-0.0101,-0.0055,-0.02752,-0.11711,0.17698,0,1,1.000,1.000,running
52.017,1,1099,-0.13844,-0.11367,-0.0119,-0.0020,-0.02799,-0.11739,0.17717,0,1,1.000,1.000,running
52.065,1,1100,-0.13804,-0.11369,0.0216,-0.0010,-0.02778,-0.11695,0.17689,0,1,1.000,1.000,running
52.107,1,1101,-0.13847,-0.11354,-0.0233,0.0085,-0.02638,-0.11782,0.17710,0,1,1.000,1.000,running
52.151,1,1102,-0.13795,-0.11357,0.0282,-0.0020,-0.02733,-0.11667,0.17674,0,1,1.000,1.000,running
52.200,1,1103,-0.13814,-0.11362,-0.0102,-0.0028,-0.02781,-0.11786,0.17691,0,1,1.000,1.000,running
52.241,1,1104,-0.13815,-0.11353,-0.0008,0.0052,-0.02781,-0.11786,0.17686,0,1,1.000,1.000,running
52.283,1,1105,-0.13781,-0.11375,0.0190,-0.0122,-0.02836,-0.11680,0.17676,0,1,1.000,1.000,running
52.329,1,1106,-0.13841,-0.11347,-0.0328,0.0155,-0.02818,-0.11727,0.17701,0,1,1.000,1.000,running
52.374,1,1107,-0.13857,-0.11356,-0.0091,-0.0048,-0.02752,-0.11711,0.17719,0,1,1.000,1.000,running
52.460,1,1108,-0.13792,-0.11378,0.0357,-0.0123,-0.02806,-0.11686,0.17686,0,1,1.000,1.000,running
52.507,1,1109,-0.13797,-0.11346,-0.0025,0.0175,-0.02818,-0.11727,0.17668,0,1,1.000,1.000,running
52.551,1,1110,-0.13846,-0.11366,-0.0267,-0.0107,-0.02806,-0.11686,0.17717,0,1,1.000,1.000,running
52.592,1,1111,-0.13814,-0.11366,0.0175,-0.0005,-0.02776,-0.11619,0.17694,0,1,1.000,1.000,running
52.638,1,1112,-0.13825,-0.11345,-0.0064,0.0118,-0.02769,-0.11745,0.17688,0,1,1.000,1.000,running
52.679,1,1113,-0.13785,-0.11357,0.0224,-0.0065,-0.02781,-0.11786,0.17666,0,1,1.000,1.000,running
52.723,1,1114,-0.13816,-0.11367,-0.0174,-0.0053,-0.02781,-0.11786,0.17696,0,1,1.000,1.000,running
52.767,1,1115,-0.13873,-0.11338,-0.0310,0.0156,-0.02806,-0.11686,0.17718,0,1,1.000,1.000,running
52.814,1,1116,-0.13831,-0.11347,0.0231,-0.0048,-0.02836,-0.11680,0.17693,0,1,1.000,1.000,running
52.861,1,1117,-0.13852,-0.11335,-0.0115,0.0064,-0.02740,-0.11671,0.17701,0,1,1.000,1.000,running
52.900,1,1118,-0.13837,-0.11352,0.0082,-0.0094,-0.02817,-0.11773,0.17701,0,1,1.000,1.000,running
52.945,1,1119,-0.13797,-0.11371,0.0218,-0.0101,-0.02769,-0.11745,0.17685,0,1,1.000,1.000,running
52.987,1,1120,-0.13806,-0.11339,-0.0048,0.0177,-0.02781,-0.11786,0.17669,0,1,1.000,1.000,running
53.031,1,1121,-0.13819,-0.11361,-0.0074,-0.0120,-0.02818,-0.11727,0.17694,0,1,1.000,1.000,running
53.074,1,1122,-0.13781,-0.11348,0.0211,0.0068,-0.02848,-0.11663,0.17657,0,1,1.000,1.000,running
53.121,1,1123,-0.13832,-0.11375,-0.0283,-0.0145,-0.02769,-0.11745,0.17713,0,1,1.000,1.000,running
53.169,1,1124,-0.13833,-0.11334,-0.0002,0.0224,-0.02818,-0.11727,0.17686,0,1,1.000,1.000,running
53.210,1,1125,-0.13797,-0.11355,0.0198,-0.0116,-0.02806,-0.11686,0.17674,0,1,1.000,1.000,running
53.252,1,1126,-0.13828,-0.11352,-0.0171,0.0018,-0.02794,-0.11635,0.17694,0,1,1.000,1.000,running
53.297,1,1127,-0.13838,-0.11358,-0.0057,-0.0032,-0.02781,-0.11786,0.17706,0,1,1.000,1.000,running
53.338,1,1128,-0.13826,-0.11357,0.0067,0.0003,-0.02664,-0.11683,0.17697,0,1,1.000,1.000,running
53.382,1,1129,-0.13799,-0.11319,0.0150,0.0212,-0.02818,-0.11727,0.17650,0,1,1.000,1.000,running
53.425,1,1130,-0.13816,-0.11347,-0.0098,-0.0158,-0.02769,-0.11745,0.17683,0,1,1.000,1.000,running
53.475,1,1131,-0.13830,-0.11357,-0.0075,-0.0052,-0.02816,-0.11636,0.17699,0,1,1.000,1.000,running
53.515,1,1132,-0.13815,-0.11364,0.0083,-0.0041,-0.02798,-0.11687,0.17693,0,1,1.000,1.000,running
53.560,1,1133,-0.13867,-0.11288,-0.0284,0.0421,-0.02818,-0.11727,0.17680,0,1,1.000,1.000,running
53.604,1,1134,-0.13808,-0.11361,0.0323,-0.0403,-0.02806,-0.11686,0.17686,0,1,1.000,1.000,running
53.648,1,1135,-0.13776,-0.11375,0.0173,-0.0077,-0.02845,-0.11738,0.17672,0,1,1.000,1.000,running
53.692,1,1136,-0.13832,-0.11350,-0.0308,0.0138,-0.02836,-0.11680,0.17696,0,1,1.000,1.000,running
53.736,1,1137,-0.13801,-0.11353,0.0175,-0.0019,-0.02836,-0.11680,0.17675,0,1,1.000,1.000,running
53.781,1,1138,-0.13853,-0.11368,-0.0289,-0.0082,-0.02705,-0.11768,0.17724,0,1,1.000,1.000,running
53.826,1,1139,-0.13843,-0.11345,0.0056,0.0126,-0.02769,-0.11669,0.17701,0,1,1.000,1.000,running
53.868,1,1140,-0.13789,-0.11366,0.0298,-0.0114,-0.02798,-0.11672,0.17675,0,1,1.000,1.000,running
53.911,1,1141,-0.13810,-0.11360,-0.0116,0.0033,-0.02806,-0.11686,0.17687,0,1,1.000,1.000,running
53.957,1,1142,-0.13821,-0.11370,-0.0059,-0.0057,-0.02742,-0.11709,0.17702,0,1,1.000,1.000,running
54.000,1,1143,-0.13780,-0.11375,0.0225,-0.0023,-0.02781,-0.11786,0.17674,0,1,1.000,1.000,running
54.042,1,1144,-0.13750,-0.11363,0.0162,0.0063,-0.02825,-0.11615,0.17645,0,1,1.000,1.000,running
54.086,1,1145,-0.13868,-0.11333,-0.0649,0.0168,-0.02806,-0.11686,0.17711,0,1,1.000,1.000,running
54.130,1,1146,-0.13835,-0.11344,0.0185,-0.0060,-0.02810,-0.11713,0.17694,0,1,1.000,1.000,running
54.174,1,1147,-0.13835,-0.11349,-0.0001,-0.0032,-0.02818,-0.11727,0.17698,0,1,1.000,1.000,running
54.218,1,1148,-0.13801,-0.11351,0.0184,-0.0012,-0.02769,-0.11669,0.17674,0,1,1.000,1.000,running
54.264,1,1149,-0.13814,-0.11369,-0.0068,-0.0097,-0.02769,-0.11745,0.17696,0,1,1.000,1.000,running
54.309,1,1150,-0.13809,-0.11365,0.0027,0.0022,-0.02806,-0.11686,0.17689,0,1,1.000,1.000,running
54.353,1,1151,-0.13829,-0.11346,-0.0110,0.0103,-0.02761,-0.11740,0.17691,0,1,1.000,1.000,running
54.399,1,1152,-0.13834,-0.11358,-0.0029,-0.0063,-0.02769,-0.11745,0.17703,0,1,1.000,1.000,running
54.483,1,1153,-0.13781,-0.11361,0.0293,-0.0020,-0.02806,-0.11686,0.17666,0,1,1.000,1.000,running
54.529,1,1154,-0.13835,-0.11358,-0.0300,0.0021,-0.02769,-0.11745,0.17704,0,1,1.000,1.000,running
54.571,1,1155,-0.13812,-0.11363,0.0129,-0.0027,-0.02818,-0.11727,0.17690,0,1,1.000,1.000,running
54.614,1,1156,-0.13812,-0.11363,-0.0003,-0.0004,-0.02781,-0.11786,0.17691,0,1,1.000,1.000,running
54.661,1,1157,-0.13806,-0.11353,0.0033,0.0055,-0.02769,-0.11745,0.17679,0,1,1.000,1.000,running
54.703,1,1158,-0.13835,-0.11362,-0.0160,-0.0048,-0.02806,-0.11686,0.17707,0,1,1.000,1.000,running
54.748,1,1159,-0.13815,-0.11366,0.0112,-0.0022,-0.02836,-0.11628,0.17695,0,1,1.000,1.000,running
54.792,1,1160,-0.13857,-0.11366,-0.0229,0.0003,-0.02806,-0.11686,0.17725,0,1,1.000,1.000,running
54.835,1,1161,-0.13835,-0.11360,0.0121,0.0033,-0.02836,-0.11680,0.17705,0,1,1.000,1.000,running
54.879,1,1162,-0.13812,-0.11353,0.0126,0.0036,-0.02818,-0.11727,0.17683,0,1,1.000,1.000,running
54.922,1,1163,-0.13807,-0.11346,0.0026,0.0038,-0.02806,-0.11686,0.17675,0,1,1.000,1.000,running
54.969,1,1164,-0.13834,-0.11346,-0.0151,0.0002,-0.02806,-0.11686,0.17695,0,1,1.000,1.000,running
55.009,1,1165,-0.13813,-0.11354,0.0121,-0.0048,-0.02664,-0.11664,0.17685,0,1,1.000,1.000,running
55.057,1,1166,-0.13797,-0.11360,0.0088,-0.0030,-0.02818,-0.11727,0.17677,0,1,1.000,1.000,running
55.103,1,1167,-0.13860,-0.11363,-0.0351,-0.0020,-0.02812,-0.11781,0.17726,0,1,1.000,1.000,running
55.144,1,1168,-0.13830,-0.11356,0.0167,0.0042,-0.02786,-0.11630,0.17699,0,1,1.000,1.000,running
55.190,1,1169,-0.13810,-0.11368,0.0109,-0.0066,-0.02799,-0.11739,0.17692,0,1,1.000,1.000,running
55.233,1,1170,-0.13801,-0.11357,0.0053,0.0061,-0.02806,-0.11686,0.17678,0,1,1.000,1.000,running
55.277,1,1171,-0.13797,-0.11353,0.0021,0.0019,-0.02702,-0.11816,0.17672,0,1,1.000,1.000,running
55.320,1,1172,-0.13837,-0.11360,-0.0220,-0.0039,-0.02803,-0.11691,0.17707,0,1,1.000,1.000,running
55.366,1,1173,-0.13802,-0.11352,0.0193,0.0045,-0.02781,-0.11786,0.17675,0,1,1.000,1.000,running
55.411,1,1174,-0.13842,-0.11348,-0.0219,0.0021,-0.02818,-0.11727,0.17702,0,1,1.000,1.000,running
55.453,1,1175,-0.13781,-0.11370,0.0333,-0.0121,-0.02818,-0.11727,0.17672,0,1,1.000,1.000,running
55.498,1,1176,-0.13805,-0.11362,-0.0130,0.0047,-0.02806,-0.11686,0.17684,0,1,1.000,1.000,running
55.540,1,1177,-0.13805,-0.11380,0.0001,-0.0099,-0.02836,-0.11680,0.17696,0,1,1.000,1.000,running
55.581,1,1178,-0.13798,-0.11359,0.0036,0.0112,-0.02769,-0.11745,0.17677,0,1,1.000,1.000,running
55.626,1,1179,-0.13827,-0.11343,-0.0159,0.0092,-0.02861,-0.11687,0.17688,0,1,1.000,1.000,running
55.670,1,1180,-0.13751,-0.11366,0.0416,-0.0129,-0.02836,-0.11628,0.17648,0,1,1.000,1.000,running
55.717,1,1181,-0.13829,-0.11352,-0.0429,0.0078,-0.02778,-0.11695,0.17696,0,1,1.000,1.000,running
55.761,1,1182,-0.13822,-0.11349,0.0042,0.0017,-0.02818,-0.11727,0.17688,0,1,1.000,1.000,running
55.806,1,1183,-0.13850,-0.11363,-0.0154,-0.0079,-0.02818,-0.11727,0.17718,0,1,1.000,1.000,running
55.848,1,1184,-0.13840,-0.11367,0.0051,-0.0021,-0.02760,-0.11732,0.17714,0,1,1.000,1.000,running
55.891,1,1185,-0.13801,-0.11343,0.0214,0.0130,-0.02806,-0.11686,0.17669,0,1,1.000,1.000,running
55.934,1,1186,-0.13814,-0.11367,-0.0067,-0.0131,-0.02806,-0.11686,0.17694,0,1,1.000,1.000,running
55.980,1,1187,-0.13803,-0.11359,0.0059,0.0047,-0.02806,-0.11686,0.17681,0,1,1.000,1.000,running
56.024,1,1188,-0.13821,-0.11372,-0.0100,-0.0075,-0.02806,-0.11686,0.17703,0,1,1.000,1.000,running
56.071,1,1189,-0.13836,-0.11363,-0.0085,0.0049,-0.02848,-0.11669,0.17708,0,1,1.000,1.000,running
56.113,1,1190,-0.13815,-0.11367,0.0118,-0.0019,-0.02818,-0.11727,0.17695,0,1,1.000,1.000,running
56.155,1,1191,-0.13797,-0.11382,0.0100,-0.0083,-0.02769,-0.11745,0.17692,0,1,1.000,1.000,running
56.202,1,1192,-0.13787,-0.11345,0.0052,0.0205,-0.02765,-0.11640,0.17660,0,1,1.000,1.000,running
56.241,1,1193,-0.13803,-0.11364,-0.0084,-0.0106,-0.02836,-0.11680,0.17684,0,1,1.000,1.000,running
56.288,1,1194,-0.13834,-0.11353,-0.0175,0.0061,-0.02806,-0.11686,0.17700,0,1,1.000,1.000,running
56.329,1,1195,-0.13815,-0.11349,0.0107,0.0022,-0.02836,-0.11680,0.17683,0,1,1.000,1.000,running
56.375,1,1196,-0.13837,-0.11328,-0.0123,0.0112,-0.02818,-0.11727,0.17686,0,1,1.000,1.000,running
56.418,1,1197,-0.13815,-0.11365,0.0124,-0.0201,-0.02790,-0.11735,0.17694,0,1,1.000,1.000,running
56.508,1,1198,-0.13796,-0.11388,0.0101,-0.0129,-0.02781,-0.11786,0.17696,0,1,1.000,1.000,running
56.552,1,1199,-0.13837,-0.11344,-0.0226,0.0242,-0.02790,-0.11735,0.17696,0,1,1.000,1.000,running
56.595,1,1200,-0.13802,-0.11350,0.0193,-0.0034,-0.02836,-0.11628,0.17675,0,1,1.000,1.000,running
56.638,1,1201,-0.13819,-0.11343,-0.0092,0.0043,-0.02672,-0.11663,0.17682,0,1,1.000,1.000,running
56.682,1,1202,-0.13809,-0.11365,0.0056,-0.0124,-0.02806,-0.11686,0.17689,0,1,1.000,1.000,running
56.728,1,1203,-0.13832,-0.11354,-0.0129,0.0060,-0.02880,-0.11586,0.17699,0,1,1.000,1.000,running
56.774,1,1204,-0.13856,-0.11364,-0.0130,-0.0055,-0.02781,-0.11786,0.17724,0,1,1.000,1.000,running
56.817,1,1205,-0.13824,-0.11338,0.0174,0.0145,-0.02664,-0.11683,0.17682,0,1,1.000,1.000,running
56.860,1,1206,-0.13827,-0.11372,-0.0016,-0.0187,-0.02736,-0.11699,0.17708,0,1,1.000,1.000,running
56.902,1,1207,-0.13818,-0.11367,0.0052,0.0025,-0.02781,-0.11786,0.17698,0,1,1.000,1.000,running
56.948,1,1208,-0.13836,-0.11359,-0.0098,0.0046,-0.02849,-0.11647,0.17705,0,1,1.000,1.000,running
56.991,1,1209,-0.13857,-0.11361,-0.0115,-0.0012,-0.02812,-0.11706,0.17722,0,1,1.000,1.000,running
57.038,1,1210,-0.13829,-0.11357,0.0153,0.0024,-0.02836,-0.11628,0.17699,0,1,1.000,1.000,running
57.080,1,1211,-0.13855,-0.11356,-0.0146,0.0007,-0.02806,-0.11686,0.17717,0,1,1.000,1.000,running
57.122,1,1212,-0.13840,-0.11364,0.0082,-0.0045,-0.02806,-0.11686,0.17712,0,1,1.000,1.000,running
57.169,1,1213,-0.13835,-0.11355,0.0028,0.0051,-0.02848,-0.11669,0.17702,0,1,1.000,1.000,running
57.213,1,1214,-0.13808,-0.11339,0.0147,0.0087,-0.02817,-0.11773,0.17671,0,1,1.000,1.000,running
57.255,1,1215,-0.13829,-0.11347,-0.0115,-0.0043,-0.02633,-0.11766,0.17692,0,1,1.000,1.000,running
57.302,1,1216,-0.13828,-0.11352,0.0009,-0.0029,-0.02806,-0.11686,0.17694,0,1,1.000,1.000,running
57.346,1,1217,-0.13807,-0.11351,0.0111,0.0007,-0.02828,-0.11677,0.17679,0,1,1.000,1.000,running
57.387,1,1218,-0.13818,-0.11367,-0.0058,-0.0088,-0.02733,-0.11667,0.17697,0,1,1.000,1.000,running
57.431,1,1219,-0.13774,-0.11387,0.0240,-0.0112,-0.02806,-0.11686,0.17679,0,1,1.000,1.000,running
57.473,1,1220,-0.13791,-0.11354,-0.0092,0.0183,-0.02834,-0.11700,0.17668,0,1,1.000,1.000,running
57.521,1,1221,-0.13838,-0.11353,-0.0256,0.0005,-0.02781,-0.11786,0.17702,0,1,1.000,1.000,running
57.566,1,1222,-0.13845,-0.11340,-0.0041,0.0070,-0.02816,-0.11636,0.17699,0,1,1.000,1.000,running
57.606,1,1223,-0.13825,-0.11350,0.0111,-0.0058,-0.02806,-0.11686,0.17691,0,1,1.000,1.000,running
57.651,1,1224,-0.13820,-0.11366,0.0027,-0.0086,-0.02711,-0.11798,0.17698,0,1,1.000,1.000,running
57.696,1,1225,-0.13821,-0.11359,-0.0008,0.0036,-0.02818,-0.11727,0.17695,0,1,1.000,1.000,running
57.739,1,1226,-0.13799,-0.11355,0.0121,0.0026,-0.02818,-0.11727,0.17675,0,1,1.000,1.000,running
57.783,1,1227,-0.13819,-0.11358,-0.0108,-0.0018,-0.02760,-0.11796,0.17692,0,1,1.000,1.000,running
57.827,1,1228,-0.13785,-0.11385,0.0185,-0.0149,-0.02806,-0.11686,0.17686,0,1,1.000,1.000,running
57.872,1,1229,-0.13782,-0.11364,0.0016,0.0117,-0.02818,-0.11727,0.17669,0,1,1.000,1.000,running
57.914,1,1230,-0.13800,-0.11355,-0.0099,0.0050,-0.02836,-0.11628,0.17676,0,1,1.000,1.000,running
57.961,1,1231,-0.13810,-0.11312,-0.0052,0.0237,-0.02818,-0.11727,0.17654,0,1,1.000,1.000,running
58.004,1,1232,-0.13842,-0.11358,-0.0178,-0.0258,-0.02806,-0.11686,0.17709,0,1,1.000,1.000,running
58.049,1,1233,-0.13806,-0.11367,0.0202,-0.0046,-0.02781,-0.11786,0.17688,0,1,1.000,1.000,running
58.092,1,1234,-0.13854,-0.11367,-0.0264,-0.0003,-0.02837,-0.11699,0.17724,0,1,1.000,1.000,running
58.135,1,1235,-0.13820,-0.11369,0.0186,-0.0011,-0.02806,-0.11686,0.17700,0,1,1.000,1.000,running
58.178,1,1236,-0.13830,-0.11366,-0.0056,0.0016,-0.02818,-0.11727,0.17706,0,1,1.000,1.000,running
58.223,1,1237,-0.13803,-0.11357,0.0146,0.0049,-0.02769,-0.11745,0.17680,0,1,1.000,1.000,running
58.267,1,1238,-0.13834,-0.11342,-0.0167,0.0085,-0.02848,-0.11669,0.17692,0,1,1.000,1.000,running
58.310,1,1239,-0.13848,-0.11359,-0.0076,-0.0095,-0.02769,-0.11745,0.17714,0,1,1.000,1.000,running
58.359,1,1240,-0.13815,-0.11362,0.0177,-0.0014,-0.02806,-0.11686,0.17692,0,1,1.000,1.000,running
58.403,1,1241,-0.13818,-0.11373,-0.0014,-0.0060,-0.02781,-0.11786,0.17701,0,1,1.000,1.000,running
58.450,1,1242,-0.13819,-0.11358,-0.0006,0.0082,-0.02806,-0.11686,0.17692,0,1,1.000,1.000,running
58.532,1,1243,-0.13821,-0.11329,-0.0012,0.0158,-0.02781,-0.11786,0.17674,0,1,1.000,1.000,running
58.580,1,1244,-0.13831,-0.11354,-0.0052,-0.0136,-0.02818,-0.11727,0.17698,0,1,1.000,1.000,running
58.622,1,1245,-0.13782,-0.11318,0.0267,0.0198,-0.02818,-0.11727,0.17638,0,1,1.000,1.000,running
58.664,1,1246,-0.13824,-0.11363,-0.0231,-0.0250,-0.02798,-0.11672,0.17699,0,1,1.000,1.000,running
58.712,1,1247,-0.13820,-0.11369,0.0026,-0.0031,-0.02818,-0.11727,0.17700,0,1,1.000,1.000,running
58.757,1,1248,-0.13776,-0.11373,0.0237,-0.0026,-0.02736,-0.11699,0.17671,0,1,1.000,1.000,running
58.799,1,1249,-0.13848,-0.11340,-0.0392,0.0183,-0.02777,-0.11666,0.17701,0,1,1.000,1.000,running
58.839,1,1250,-0.13806,-0.11359,0.0229,-0.0103,-0.02836,-0.11680,0.17683,0,1,1.000,1.000,running
58.883,1,1251,-0.13813,-0.11372,-0.0037,-0.0071,-0.02749,-0.11744,0.17697,0,1,1.000,1.000,running
58.929,1,1252,-0.13806,-0.11358,0.0037,0.0078,-0.02769,-0.11745,0.17682,0,1,1.000,1.000,running
58.970,1,1253,-0.13842,-0.11356,-0.0200,0.0007,-0.02818,-0.11727,0.17708,0,1,1.000,1.000,running
59.015,1,1254,-0.13830,-0.11357,0.0067,-0.0002,-0.02806,-0.11686,0.17699,0,1,1.000,1.000,running
59.061,1,1255,-0.13812,-0.11350,0.0099,0.0037,-0.02951,-0.11604,0.17681,0,1,1.000,1.000,running
59.107,1,1256,-0.13840,-0.11348,-0.0152,0.0008,-0.02752,-0.11711,0.17701,0,1,1.000,1.000,running
59.152,1,1257,-0.13831,-0.11370,0.0046,-0.0118,-0.02806,-0.11686,0.17709,0,1,1.000,1.000,running
59.195,1,1258,-0.13810,-0.11342,0.0117,0.0152,-0.02818,-0.11727,0.17675,0,1,1.000,1.000,running
59.237,1,1259,-0.13856,-0.11339,-0.0251,0.0017,-0.02818,-0.11727,0.17706,0,1,1.000,1.000,running
59.278,1,1260,-0.13838,-0.11349,0.0097,-0.0056,-0.02806,-0.11686,0.17700,0,1,1.000,1.000,running
59.325,1,1261,-0.13809,-0.11355,0.0160,-0.0030,-0.02806,-0.11686,0.17683,0,1,1.000,1.000,running
59.369,1,1262,-0.13828,-0.11340,-0.0108,0.0083,-0.02828,-0.11677,0.17687,0,1,1.000,1.000,running
59.412,1,1263,-0.13807,-0.11363,0.0118,-0.0128,-0.02778,-0.11695,0.17687,0,1,1.000,1.000,running
59.460,1,1264,-0.13799,-0.11382,0.0046,-0.0105,-0.02799,-0.11739,0.17693,0,1,1.000,1.000,running
59.505,1,1265,-0.13820,-0.11369,-0.0116,0.0075,-0.02818,-0.11727,0.17700,0,1,1.000,1.000,running
59.546,1,1266,-0.13773,-0.11344,0.0258,0.0137,-0.02760,-0.11732,0.17648,0,1,1.000,1.000,running
59.587,1,1267,-0.13801,-0.11351,-0.0153,-0.0038,-0.02806,-0.11686,0.17673,0,1,1.000,1.000,running
59.634,1,1268,-0.13822,-0.11328,-0.0120,0.0127,-0.02742,-0.11617,0.17674,0,1,1.000,1.000,running
59.680,1,1269,-0.13826,-0.11350,-0.0020,-0.0124,-0.02790,-0.11735,0.17692,0,1,1.000,1.000,running
59.723,1,1270,-0.13837,-0.11347,-0.0059,0.0019,-0.02806,-0.11686,0.17697,0,1,1.000,1.000,running
59.766,1,1271,-0.13857,-0.11323,-0.0110,0.0132,-0.02736,-0.11699,0.17696,0,1,1.000,1.000,running
59.811,1,1272,-0.13855,-0.11326,0.0010,-0.0021,-0.02810,-0.11728,0.17697,0,1,1.000,1.000,running
59.856,1,1273,-0.13798,-0.11354,0.0311,-0.0152,-0.02818,-0.11727,0.17674,0,1,1.000,1.000,running
59.940,1,1274,-0.13820,-0.11362,-0.0120,-0.0041,-0.02818,-0.11727,0.17695,0,1,1.000,1.000,running
59.983,1,1275,-0.13809,-0.11366,0.0060,-0.0023,-0.02850,-0.11722,0.17690,0,1,1.000,1.000,running
60.027,1,1276,-0.13811,-0.11368,-0.0007,-0.0010,-0.02816,-0.11636,0.17692,0,1,1.000,1.000,running
60.073,1,1277,-0.13815,-0.11373,-0.0025,-0.0031,-0.02806,-0.11686,0.17700,0,1,1.000,1.000,running
60.117,1,1278,-0.13836,-0.11362,-0.0112,0.0062,-0.02696,-0.11726,0.17707,0,1,1.000,1.000,running
60.162,1,1279,-0.13830,-0.11333,0.0031,0.0162,-0.02742,-0.11709,0.17683,0,1,1.000,1.000,running
60.207,1,1280,-0.13800,-0.11349,0.0166,-0.0088,-0.02781,-0.11786,0.17672,0,1,1.000,1.000,running
60.249,1,1281,-0.13836,-0.11342,-0.0198,0.0036,-0.02798,-0.11687,0.17694,0,1,1.000,1.000,running
60.293,1,1282,-0.13799,-0.11355,0.0203,-0.0070,-0.02806,-0.11686,0.17675,0,1,1.000,1.000,running
60.336,1,1283,-0.13845,-0.11354,-0.0254,0.0003,-0.02806,-0.11686,0.17709,0,1,1.000,1.000,running
60.379,1,1284,-0.13829,-0.11359,0.0090,-0.0028,-0.02806,-0.11686,0.17700,0,1,1.000,1.000,running
60.422,1,1285,-0.13823,-0.11300,0.0030,0.0326,-0.02818,-0.11727,0.17656,0,1,1.000,1.000,running
60.467,1,1286,-0.13824,-0.11364,-0.0006,-0.0354,-0.02834,-0.11700,0.17700,0,1,1.000,1.000,running
60.559,1,1287,-0.13792,-0.11386,0.0180,-0.0120,-0.02816,-0.11636,0.17691,0,1,1.000,1.000,running
60.603,1,1288,-0.13839,-0.11361,-0.0259,0.0138,-0.02781,-0.11786,0.17709,0,1,1.000,1.000,running
60.645,1,1289,-0.13865,-0.11359,-0.0147,0.0014,-0.02836,-0.11628,0.17727,0,1,1.000,1.000,running
60.689,1,1290,-0.13821,-0.11367,0.0246,-0.0049,-0.02836,-0.11680,0.17700,0,1,1.000,1.000,running
60.732,1,1291,-0.13805,-0.11356,0.0085,0.0060,-0.02781,-0.11786,0.17681,0,1,1.000,1.000,running
60.775,1,1292,-0.13817,-0.11375,-0.0065,-0.0102,-0.02806,-0.11686,0.17702,0,1,1.000,1.000,running
60.822,1,1293,-0.13838,-0.11355,-0.0112,0.0111,-0.02769,-0.11745,0.17704,0,1,1.000,1.000,running
60.866,1,1294,-0.13857,-0.11363,-0.0108,-0.0044,-0.02740,-0.11671,0.17724,0,1,1.000,1.000,running
60.911,1,1295,-0.13811,-0.11338,0.0253,0.0135,-0.02740,-0.11671,0.17673,0,1,1.000,1.000,running
60.952,1,1296,-0.13810,-0.11355,0.0009,-0.0091,-0.02814,-0.11667,0.17683,0,1,1.000,1.000,running
60.996,1,1297,-0.13809,-0.11357,0.0006,-0.0012,-0.02769,-0.11745,0.17684,0,1,1.000,1.000,running
61.044,1,1298,-0.13843,-0.11353,-0.0189,0.0023,-0.02700,-0.11779,0.17706,0,1,1.000,1.000,running
61.085,1,1299,-0.13811,-0.11371,0.0176,-0.0100,-0.02806,-0.11686,0.17695,0,1,1.000,1.000,running
61.128,1,1300,-0.13819,-0.11358,-0.0046,0.0070,-0.02806,-0.11686,0.17693,0,1,1.000,1.000,running
61.172,1,1301,-0.13824,-0.11363,-0.0023,-0.0025,-0.02842,-0.11680,0.17699,0,1,1.000,1.000,running
61.218,1,1302,-0.13813,-0.11351,0.0055,0.0065,-0.02818,-0.11727,0.17683,0,1,1.000,1.000,running
61.262,1,1303,-0.13823,-0.11356,-0.0054,-0.0026,-0.02627,-0.11742,0.17694,0,1,1.000,1.000,running
61.304,1,1304,-0.13809,-0.11352,0.0079,0.0020,-0.02818,-0.11727,0.17681,0,1,1.000,1.000,running
61.349,1,1305,-0.13806,-0.11363,0.0014,-0.0058,-0.02781,-0.11786,0.17686,0,1,1.000,1.000,running
61.393,1,1306,-0.13786,-0.11361,0.0113,0.0011,-0.02798,-0.11687,0.17669,0,1,1.000,1.000,running
61.436,1,1307,-0.13845,-0.11373,-0.0327,-0.0069,-0.02818,-0.11727,0.17722,0,1,1.000,1.000,running
61.480,1,1308,-0.13833,-0.11362,0.0067,0.0064,-0.02836,-0.11628,0.17705,0,1,1.000,1.000,running
61.527,1,1309,-0.13811,-0.11359,0.0123,0.0014,-0.02818,-0.11727,0.17687,0,1,1.000,1.000,running
61.569,1,1310,-0.13822,-0.11370,-0.0060,-0.0057,-0.02748,-0.11724,0.17702,0,1,1.000,1.000,running
61.614,1,1311,-0.13840,-0.11357,-0.0099,0.0069,-0.02779,-0.11708,0.17707,0,1,1.000,1.000,running
61.657,1,1312,-0.13822,-0.11363,0.0095,-0.0034,-0.02769,-0.11745,0.17698,0,1,1.000,1.000,running
61.706,1,1313,-0.13790,-0.11355,0.0176,0.0045,-0.02781,-0.11786,0.17669,0,1,1.000,1.000,running
61.747,1,1314,-0.13835,-0.11377,-0.0247,-0.0120,-0.02769,-0.11745,0.17717,0,1,1.000,1.000,running
61.788,1,1315,-0.13853,-0.11351,-0.0097,0.0140,-0.02676,-0.11723,0.17712,0,1,1.000,1.000,running
61.831,1,1316,-0.13782,-0.11375,0.0391,-0.0129,-0.02810,-0.11728,0.17676,0,1,1.000,1.000,running
61.878,1,1317,-0.13820,-0.11372,-0.0207,0.0016,-0.02806,-0.11686,0.17702,0,1,1.000,1.000,running
61.921,1,1318,-0.13843,-0.11360,-0.0129,0.0064,-0.02806,-0.11686,0.17711,0,1,1.000,1.000,running
61.969,1,1319,-0.13816,-0.11345,0.0150,0.0081,-0.02836,-0.11680,0.17681,0,1,1.000,1.000,running
62.009,1,1320,-0.13814,-0.11354,0.0011,-0.0050,-0.02752,-0.11711,0.17686,0,1,1.000,1.000,running
62.053,1,1321,-0.13801,-0.11357,0.0069,-0.0017,-0.02846,-0.11630,0.17679,0,1,1.000,1.000,running
62.098,1,1322,-0.13857,-0.11351,-0.0307,0.0035,-0.02861,-0.11687,0.17716,0,1,1.000,1.000,running
62.143,1,1323,-0.13808,-0.11357,0.0272,-0.0032,-0.02828,-0.11677,0.17683,0,1,1.000,1.000,running
62.183,1,1324,-0.13792,-0.11379,0.0088,-0.0123,-0.02806,-0.11686,0.17686,0,1,1.000,1.000,running
62.228,1,1325,-0.13815,-0.11357,-0.0125,0.0122,-0.02842,-0.11680,0.17688,0,1,1.000,1.000,running
62.271,1,1326,-0.13849,-0.11362,-0.0191,-0.0025,-0.02836,-0.11680,0.17717,0,1,1.000,1.000,running
62.317,1,1327,-0.13803,-0.11347,0.0256,0.0082,-0.02806,-0.11686,0.17672,0,1,1.000,1.000,running
62.361,1,1328,-0.13831,-0.11356,-0.0154,-0.0048,-0.02781,-0.11786,0.17699,0,1,1.000,1.000,running
62.404,1,1329,-0.13820,-0.11365,0.0056,-0.0050,-0.02836,-0.11628,0.17698,0,1,1.000,1.000,running
62.451,1,1330,-0.13809,-0.11369,0.0062,-0.0025,-0.02769,-0.11745,0.17692,0,1,1.000,1.000,running
62.491,1,1331,-0.13819,-0.11341,-0.0052,0.0154,-0.02812,-0.11706,0.17680,0,1,1.000,1.000,running
62.578,1,1332,-0.13805,-0.11385,0.0077,-0.0243,-0.02769,-0.11745,0.17700,0,1,1.000,1.000,running
62.623,1,1333,-0.13839,-0.11366,-0.0188,0.0108,-0.02806,-0.11686,0.17712,0,1,1.000,1.000,running
62.668,1,1334,-0.13806,-0.11363,0.0182,0.0013,-0.02769,-0.11745,0.17686,0,1,1.000,1.000,running
62.712,1,1335,-0.13824,-0.11348,-0.0098,0.0086,-0.02842,-0.11680,0.17688,0,1,1.000,1.000,running
62.757,1,1336,-0.13805,-0.11361,0.0102,-0.0075,-0.02806,-0.11686,0.17684,0,1,1.000,1.000,running
62.806,1,1337,-0.13803,-0.11357,0.0012,0.0023,-0.02879,-0.11664,0.17680,0,1,1.000,1.000,running
62.848,1,1338,-0.13812,-0.11364,-0.0052,-0.0037,-0.02769,-0.11745,0.17691,0,1,1.000,1.000,running
62.890,1,1339,-0.13818,-0.11361,-0.0032,0.0017,-0.02805,-0.11732,0.17693,0,1,1.000,1.000,running
62.931,1,1340,-0.13818,-0.11365,0.0002,-0.0025,-0.02836,-0.11777,0.17696,0,1,1.000,1.000,running
62.975,1,1341,-0.13828,-0.11363,-0.0054,0.0015,-0.02772,-0.11772,0.17702,0,1,1.000,1.000,running
63.022,1,1342,-0.13821,-0.11366,0.0038,-0.0018,-0.02861,-0.11687,0.17699,0,1,1.000,1.000,running
63.068,1,1343,-0.13828,-0.11359,-0.0038,0.0036,-0.02670,-0.11707,0.17699,0,1,1.000,1.000,running
63.110,1,1344,-0.13826,-0.11335,0.0010,0.0132,-0.02850,-0.11700,0.17682,0,1,1.000,1.000,running
63.155,1,1345,-0.13810,-0.11358,0.0089,-0.0126,-0.02806,-0.11686,0.17685,0,1,1.000,1.000,running
63.199,1,1346,-0.13801,-0.11326,0.0048,0.0175,-0.02816,-0.11636,0.17657,0,1,1.000,1.000,running
63.239,1,1347,-0.13755,-0.11381,0.0254,-0.0301,-0.02810,-0.11713,0.17661,0,1,1.000,1.000,running
63.282,1,1348,-0.13825,-0.11334,-0.0388,0.0258,-0.02769,-0.11745,0.17681,0,1,1.000,1.000,running
63.328,1,1349,-0.13851,-0.11363,-0.0140,-0.0157,-0.02781,-0.11786,0.17719,0,1,1.000,1.000,running
63.372,1,1350,-0.13813,-0.11355,0.0209,0.0040,-0.02818,-0.11727,0.17686,0,1,1.000,1.000,running
63.417,1,1351,-0.13827,-0.11349,-0.0078,0.0036,-0.02818,-0.11727,0.17692,0,1,1.000,1.000,running
63.460,1,1352,-0.13830,-0.11364,-0.0017,-0.0081,-0.02769,-0.11745,0.17704,0,1,1.000,1.000,running
63.506,1,1353,-0.13842,-0.11355,-0.0063,0.0048,-0.02806,-0.11686,0.17707,0,1,1.000,1.000,running
63.553,1,1354,-0.13809,-0.11367,0.0180,-0.0069,-0.02806,-0.11686,0.17691,0,1,1.000,1.000,running
63.595,1,1355,-0.13813,-0.11371,-0.0020,-0.0021,-0.02806,-0.11686,0.17696,0,1,1.000,1.000,running
63.638,1,1356,-0.13853,-0.11371,-0.0220,-0.0001,-0.02681,-0.11743,0.17726,0,1,1.000,1.000,running
63.681,1,1357,-0.13840,-0.11366,0.0068,0.0031,-0.02769,-0.11745,0.17713,0,1,1.000,1.000,running
63.723,1,1358,-0.13817,-0.11371,0.0129,-0.0030,-0.02806,-0.11686,0.17699,0,1,1.000,1.000,running
63.770,1,1359,-0.13805,-0.11355,0.0066,0.0089,-0.02842,-0.11680,0.17680,0,1,1.000,1.000,running
63.812,1,1360,-0.13833,-0.11351,-0.0157,0.0021,-0.02771,-0.11651,0.17698,0,1,1.000,1.000,running
63.862,1,1361,-0.13815,-0.11366,0.0099,-0.0082,-0.02834,-0.11700,0.17695,0,1,1.000,1.000,running
63.905,1,1362,-0.13835,-0.11330,-0.0107,0.0197,-0.02769,-0.11669,0.17685,0,1,1.000,1.000,running
63.946,1,1363,-0.13845,-0.11376,-0.0057,-0.0252,-0.02818,-0.11727,0.17724,0,1,1.000,1.000,running
63.987,1,1364,-0.13848,-0.11357,-0.0016,0.0105,-0.02806,-0.11686,0.17713,0,1,1.000,1.000,running
64.031,1,1365,-0.13847,-0.11368,0.0007,-0.0061,-0.02806,-0.11686,0.17719,0,1,1.000,1.000,running
64.075,1,1366,-0.13825,-0.11362,0.0120,0.0033,-0.02861,-0.11687,0.17699,0,1,1.000,1.000,running
64.119,1,1367,-0.13829,-0.11365,-0.0020,-0.0018,-0.02849,-0.11647,0.17704,0,1,1.000,1.000,running
64.163,1,1368,-0.13846,-0.11360,-0.0094,0.0031,-0.02818,-0.11727,0.17713,0,1,1.000,1.000,running
64.208,1,1369,-0.13811,-0.11367,0.0192,-0.0039,-0.02818,-0.11727,0.17692,0,1,1.000,1.000,running
64.254,1,1370,-0.13785,-0.11351,0.0144,0.0085,-0.02818,-0.11727,0.17662,0,1,1.000,1.000,running
64.297,1,1371,-0.13822,-0.11352,-0.0205,-0.0005,-0.02781,-0.11786,0.17690,0,1,1.000,1.000,running
64.340,1,1372,-0.13839,-0.11359,-0.0092,-0.0039,-0.02818,-0.11727,0.17707,0,1,1.000,1.000,running
64.382,1,1373,-0.13840,-0.11366,-0.0008,-0.0036,-0.02769,-0.11745,0.17713,0,1,1.000,1.000,running
64.427,1,1374,-0.13794,-0.11365,0.0252,0.0002,-0.02806,-0.11686,0.17679,0,1,1.000,1.000,running
64.471,1,1375,-0.13824,-0.11344,-0.0161,0.0117,-0.02709,-0.11720,0.17686,0,1,1.000,1.000,running
64.515,1,1376,-0.13768,-0.11343,0.0307,0.0008,-0.02703,-0.11730,0.17644,0,1,1.000,1.000,running
64.603,1,1377,-0.13842,-0.11375,-0.0409,-0.0178,-0.02806,-0.11686,0.17721,0,1,1.000,1.000,running
64.645,1,1378,-0.13829,-0.11372,0.0074,0.0015,-0.02818,-0.11727,0.17709,0,1,1.000,1.000,running
64.692,1,1379,-0.13796,-0.11374,0.0178,-0.0010,-0.02733,-0.11667,0.17686,0,1,1.000,1.000,running
64.735,1,1380,-0.13775,-0.11343,0.0118,0.0170,-0.02836,-0.11680,0.17650,0,1,1.000,1.000,running
64.779,1,1381,-0.13770,-0.11353,0.0030,-0.0051,-0.02742,-0.11617,0.17652,0,1,1.000,1.000,running
64.824,1,1382,-0.13812,-0.11351,-0.0231,0.0009,-0.02816,-0.11636,0.17682,0,1,1.000,1.000,running
64.867,1,1383,-0.13782,-0.11350,0.0161,0.0002,-0.02816,-0.11636,0.17660,0,1,1.000,1.000,running
64.910,1,1384,-0.13772,-0.11381,0.0059,-0.0169,-0.02750,-0.11710,0.17673,0,1,1.000,1.000,running
64.953,1,1385,-0.13836,-0.11362,-0.0351,0.0108,-0.02796,-0.11735,0.17707,0,1,1.000,1.000,running
64.999,1,1386,-0.13816,-0.11364,0.0107,-0.0015,-0.02709,-0.11720,0.17694,0,1,1.000,1.000,running
65.042,1,1387,-0.13824,-0.11329,-0.0042,0.0194,-0.02818,-0.11727,0.17676,0,1,1.000,1.000,running
65.086,1,1388,-0.13856,-0.11361,-0.0180,-0.0173,-0.02806,-0.11686,0.17721,0,1,1.000,1.000,running
65.130,1,1389,-0.13822,-0.11356,0.0189,0.0025,-0.02806,-0.11686,0.17693,0,1,1.000,1.000,running
65.175,1,1390,-0.13778,-0.11390,0.0243,-0.0186,-0.02806,-0.11686,0.17683,0,1,1.000,1.000,running
65.219,1,1391,-0.13816,-0.11353,-0.0211,0.0202,-0.02818,-0.11727,0.17687,0,1,1.000,1.000,running
65.263,1,1392,-0.13788,-0.11341,0.0153,0.0065,-0.02848,-0.11669,0.17658,0,1,1.000,1.000,running
65.306,1,1393,-0.13837,-0.11374,-0.0271,-0.0183,-0.02781,-0.11786,0.17717,0,1,1.000,1.000,running
65.351,1,1394,-0.13845,-0.11360,-0.0043,0.0077,-0.02740,-0.11671,0.17713,0,1,1.000,1.000,running
65.396,1,1395,-0.13840,-0.11350,0.0027,0.0059,-0.02748,-0.11759,0.17702,0,1,1.000,1.000,running
65.439,1,1396,-0.13834,-0.11351,0.0034,-0.0005,-0.02781,-0.11786,0.17698,0,1,1.000,1.000,running
65.483,1,1397,-0.13792,-0.11380,0.0234,-0.0160,-0.02818,-0.11727,0.17687,0,1,1.000,1.000,running
65.526,1,1398,-0.13834,-0.11357,-0.0231,0.0125,-0.02766,-0.11794,0.17702,0,1,1.000,1.000,running
65.571,1,1399,-0.13759,-0.11327,0.0408,0.0162,-0.02836,-0.11628,0.17627,0,1,1.000,1.000,running
65.618,1,1400,-0.13797,-0.11349,-0.0206,-0.0120,-0.02828,-0.11677,0.17670,0,1,1.000,1.000,running
65.661,1,1401,-0.13811,-0.11368,-0.0076,-0.0102,-0.02810,-0.11713,0.17693,0,1,1.000,1.000,running
65.703,1,1402,-0.13835,-0.11362,-0.0135,0.0032,-0.02806,-0.11686,0.17707,0,1,1.000,1.000,running
65.749,1,1403,-0.13802,-0.11358,0.0184,0.0025,-0.02806,-0.11686,0.17679,0,1,1.000,1.000,running
65.792,1,1404,-0.13837,-0.11360,-0.0193,-0.0014,-0.02806,-0.11686,0.17707,0,1,1.000,1.000,running
65.836,1,1405,-0.13796,-0.11383,0.0225,-0.0128,-0.02699,-0.11758,0.17692,0,1,1.000,1.000,running
65.879,1,1406,-0.13813,-0.11359,-0.0095,0.0132,-0.02848,-0.11669,0.17689,0,1,1.000,1.000,running
65.923,1,1407,-0.13790,-0.11392,0.0128,-0.0179,-0.02836,-0.11680,0.17694,0,1,1.000,1.000,running
65.968,1,1408,-0.13831,-0.11353,-0.0223,0.0213,-0.02818,-0.11727,0.17697,0,1,1.000,1.000,running
66.010,1,1409,-0.13818,-0.11352,0.0071,0.0007,-0.02849,-0.11647,0.17687,0,1,1.000,1.000,running
66.057,1,1410,-0.13809,-0.11356,0.0045,-0.0025,-0.02772,-0.11836,0.17684,0,1,1.000,1.000,running
66.100,1,1411,-0.13830,-0.11354,-0.0114,0.0012,-0.02783,-0.11631,0.17698,0,1,1.000,1.000,running
66.144,1,1412,-0.13842,-0.11378,-0.0063,-0.0131,-0.02781,-0.11786,0.17722,0,1,1.000,1.000,running
66.190,1,1413,-0.13820,-0.11361,0.0120,0.0091,-0.02892,-0.11756,0.17695,0,1,1.000,1.000,running
66.230,1,1414,-0.13797,-0.11341,0.0123,0.0111,-0.02836,-0.11680,0.17665,0,1,1.000,1.000,running
66.277,1,1415,-0.13844,-0.11363,-0.0256,-0.0119,-0.02769,-0.11745,0.17714,0,1,1.000,1.000,running
66.322,1,1416,-0.13805,-0.11363,0.0214,-0.0002,-0.02769,-0.11745,0.17685,0,1,1.000,1.000,running
66.365,1,1417,-0.13834,-0.11358,-0.0158,0.0028,-0.02769,-0.11745,0.17703,0,1,1.000,1.000,running
66.411,1,1418,-0.13822,-0.11369,0.0065,-0.0060,-0.02848,-0.11669,0.17702,0,1,1.000,1.000,running
66.455,1,1419,-0.13833,-0.11365,-0.0062,0.0022,-0.02760,-0.11732,0.17707,0,1,1.000,1.000,running
66.497,1,1420,-0.13835,-0.11362,-0.0010,0.0020,-0.02806,-0.11686,0.17706,0,1,1.000,1.000,running
66.543,1,1421,-0.13847,-0.11346,-0.0068,0.0084,-0.02676,-0.11723,0.17705,0,1,1.000,1.000,running
66.628,1,1422,-0.13744,-0.11365,0.0566,-0.0103,-0.02849,-0.11647,0.17642,0,1,1.000,1.000,running
66.670,1,1423,-0.13840,-0.11314,-0.0525,0.0280,-0.02872,-0.11658,0.17678,0,1,1.000,1.000,running
66.715,1,1424,-0.13836,-0.11349,0.0022,-0.0192,-0.02818,-0.11727,0.17699,0,1,1.000,1.000,running
66.761,1,1425,-0.13815,-0.11375,0.0115,-0.0143,-0.02769,-0.11745,0.17701,0,1,1.000,1.000,running
66.805,1,1426,-0.13832,-0.11367,-0.0091,0.0047,-0.02670,-0.11777,0.17707,0,1,1.000,1.000,running
66.847,1,1427,-0.13817,-0.11357,0.0082,0.0056,-0.02818,-0.11727,0.17689,0,1,1.000,1.000,running
66.891,1,1428,-0.13833,-0.11363,-0.0089,-0.0035,-0.02676,-0.11723,0.17706,0,1,1.000,1.000,running
66.935,1,1429,-0.13790,-0.11385,0.0236,-0.0123,-0.02769,-0.11745,0.17689,0,1,1.000,1.000,running
66.978,1,1430,-0.13839,-0.11351,-0.0269,0.0189,-0.02856,-0.11681,0.17702,0,1,1.000,1.000,running
67.023,1,1431,-0.13787,-0.11353,0.0284,-0.0010,-0.02781,-0.11786,0.17665,0,1,1.000,1.000,running
67.071,1,1432,-0.13814,-0.11373,-0.0145,-0.0110,-0.02781,-0.11786,0.17698,0,1,1.000,1.000,running
67.112,1,1433,-0.13804,-0.11372,0.0052,0.0002,-0.02781,-0.11786,0.17691,0,1,1.000,1.000,running
67.156,1,1434,-0.13849,-0.11354,-0.0248,0.0100,-0.02798,-0.11725,0.17712,0,1,1.000,1.000,running
67.202,1,1435,-0.13824,-0.11350,0.0138,0.0025,-0.02810,-0.11713,0.17690,0,1,1.000,1.000,running
67.245,1,1436,-0.13835,-0.11343,-0.0058,0.0039,-0.02747,-0.11693,0.17693,0,1,1.000,1.000,running
67.287,1,1437,-0.13827,-0.11342,0.0045,0.0003,-0.02812,-0.11706,0.17687,0,1,1.000,1.000,running
67.330,1,1438,-0.13833,-0.11346,-0.0037,-0.0023,-0.02810,-0.11713,0.17695,0,1,1.000,1.000,running
67.376,1,1439,-0.13843,-0.11365,-0.0053,-0.0104,-0.02806,-0.11686,0.17715,0,1,1.000,1.000,running
67.421,1,1440,-0.13808,-0.11360,0.0193,0.0027,-0.02769,-0.11745,0.17686,0,1,1.000,1.000,running
67.465,1,1441,-0.13848,-0.11360,-0.0218,0.0004,-0.02818,-0.11727,0.17714,0,1,1.000,1.000,running
67.509,1,1442,-0.13838,-0.11363,0.0050,-0.0018,-0.02849,-0.11647,0.17710,0,1,1.000,1.000,running
67.553,1,1443,-0.13832,-0.11352,0.0038,0.0059,-0.02828,-0.11677,0.17698,0,1,1.000,1.000,running
67.599,1,1444,-0.13791,-0.11350,0.0222,0.0013,-0.02779,-0.11708,0.17666,0,1,1.000,1.000,running
67.639,1,1445,-0.13814,-0.11359,-0.0126,-0.0047,-0.02806,-0.11686,0.17689,0,1,1.000,1.000,running
67.683,1,1446,-0.13823,-0.11359,-0.0050,-0.0001,-0.02781,-0.11786,0.17696,0,1,1.000,1.000,running
67.729,1,1447,-0.13860,-0.11365,-0.0199,-0.0036,-0.02828,-0.11677,0.17727,0,1,1.000,1.000,running
67.774,1,1448,-0.13825,-0.11347,0.0192,0.0101,-0.02806,-0.11686,0.17689,0,1,1.000,1.000,running
67.816,1,1449,-0.13837,-0.11348,-0.0067,-0.0007,-0.02877,-0.11735,0.17699,0,1,1.000,1.000,running
67.859,1,1450,-0.13821,-0.11360,0.0086,-0.0063,-0.02842,-0.11680,0.17695,0,1,1.000,1.000,running
67.906,1,1451,-0.13857,-0.11367,-0.0196,-0.0040,-0.02781,-0.11786,0.17726,0,1,1.000,1.000,running
67.952,1,1452,-0.13815,-0.11370,0.0228,-0.0015,-0.02816,-0.11636,0.17697,0,1,1.000,1.000,running
68.034,1,1453,-0.13837,-0.11348,-0.0119,0.0121,-0.02552,-0.11739,0.17698,0,1,1.000,1.000,running
68.081,1,1454,-0.13822,-0.11366,0.0084,-0.0101,-0.02806,-0.11686,0.17699,0,1,1.000,1.000,running
68.123,1,1455,-0.13791,-0.11361,0.0170,0.0028,-0.02739,-0.11678,0.17673,0,1,1.000,1.000,running
68.167,1,1456,-0.13807,-0.11352,-0.0090,0.0051,-0.02846,-0.11740,0.17679,0,1,1.000,1.000,running
68.215,1,1457,-0.13814,-0.11359,-0.0038,-0.0041,-0.02769,-0.11745,0.17689,0,1,1.000,1.000,running
68.257,1,1458,-0.13835,-0.11334,-0.0119,0.0135,-0.02828,-0.11677,0.17688,0,1,1.000,1.000,running
68.304,1,1459,-0.13777,-0.11357,0.0320,-0.0124,-0.02742,-0.11709,0.17661,0,1,1.000,1.000,running
68.347,1,1460,-0.13825,-0.11346,-0.0263,0.0060,-0.02781,-0.11786,0.17688,0,1,1.000,1.000,running
68.388,1,1461,-0.13818,-0.11350,0.0037,-0.0021,-0.02769,-0.11745,0.17686,0,1,1.000,1.000,running
68.431,1,1462,-0.13834,-0.11358,-0.0084,-0.0043,-0.02806,-0.11686,0.17703,0,1,1.000,1.000,running
68.475,1,1463,-0.13830,-0.11367,0.0019,-0.0050,-0.02806,-0.11686,0.17706,0,1,1.000,1.000,running
68.521,1,1464,-0.13828,-0.11350,0.0011,0.0095,-0.02769,-0.11669,0.17693,0,1,1.000,1.000,running
68.566,1,1465,-0.13843,-0.11361,-0.0082,-0.0065,-0.02818,-0.11727,0.17712,0,1,1.000,1.000,running
68.653,1,1466,-0.13846,-0.11354,-0.0017,0.0040,-0.02849,-0.11647,0.17709,0,1,1.000,1.000,running
68.698,1,1467,-0.13783,-0.11349,0.0347,0.0025,-0.02781,-0.11786,0.17660,0,1,1.000,1.000,running
68.740,1,1468,-0.13832,-0.11352,-0.0268,-0.0014,-0.02806,-0.11686,0.17697,0,1,1.000,1.000,running
68.782,1,1469,-0.13844,-0.11356,-0.0067,-0.0024,-0.02781,-0.11786,0.17709,0,1,1.000,1.000,running
68.829,1,1470,-0.13813,-0.11364,0.0172,-0.0040,-0.02810,-0.11713,0.17691,0,1,1.000,1.000,running
68.870,1,1471,-0.13842,-0.11379,-0.0163,-0.0084,-0.02806,-0.11686,0.17723,0,1,1.000,1.000,running
68.916,1,1472,-0.13809,-0.11331,0.0184,0.0266,-0.02806,-0.11686,0.17666,0,1,1.000,1.000,running
68.961,1,1473,-0.13796,-0.11307,0.0068,0.0128,-0.02790,-0.11735,0.17641,0,1,1.000,1.000,running
69.006,1,1474,-0.13858,-0.11364,-0.0339,-0.0310,-0.02769,-0.11745,0.17725,0,1,1.000,1.000,running
69.049,1,1475,-0.13834,-0.11354,0.0135,0.0055,-0.02769,-0.11745,0.17700,0,1,1.000,1.000,running
69.092,1,1476,-0.13845,-0.11339,-0.0065,0.0082,-0.02781,-0.11786,0.17698,0,1,1.000,1.000,running
69.134,1,1477,-0.13813,-0.11366,0.0176,-0.0151,-0.02836,-0.11628,0.17693,0,1,1.000,1.000,running
69.181,1,1478,-0.13840,-0.11357,-0.0147,0.0048,-0.02818,-0.11727,0.17707,0,1,1.000,1.000,running
69.222,1,1479,-0.13812,-0.11369,0.0155,-0.0066,-0.02806,-0.11686,0.17694,0,1,1.000,1.000,running
69.268,1,1480,-0.13832,-0.11365,-0.0111,0.0021,-0.02781,-0.11786,0.17707,0,1,1.000,1.000,running
69.313,1,1481,-0.13816,-0.11365,0.0087,0.0004,-0.02818,-0.11727,0.17695,0,1,1.000,1.000,running
69.357,1,1482,-0.13808,-0.11351,0.0045,0.0076,-0.02785,-0.11565,0.17679,0,1,1.000,1.000,running
69.401,1,1483,-0.13835,-0.11370,-0.0149,-0.0106,-0.02781,-0.11786,0.17712,0,1,1.000,1.000,running
69.446,1,1484,-0.13761,-0.11376,0.0409,-0.0035,-0.02818,-0.11727,0.17662,0,1,1.000,1.000,running
69.488,1,1485,-0.13827,-0.11330,-0.0364,0.0258,-0.02836,-0.11628,0.17679,0,1,1.000,1.000,running
69.530,1,1486,-0.13750,-0.11345,0.0425,-0.0086,-0.02798,-0.11687,0.17632,0,1,1.000,1.000,running
69.574,1,1487,-0.13860,-0.11361,-0.0604,-0.0086,-0.02806,-0.11686,0.17724,0,1,1.000,1.000,running
69.619,1,1488,-0.13809,-0.11361,0.0280,-0.0003,-0.02816,-0.11636,0.17687,0,1,1.000,1.000,running
69.664,1,1489,-0.13828,-0.11369,-0.0104,-0.0039,-0.02818,-0.11727,0.17706,0,1,1.000,1.000,running
69.710,1,1490,-0.13848,-0.11341,-0.0111,0.0151,-0.02707,-0.11718,0.17702,0,1,1.000,1.000,running
69.754,1,1491,-0.13804,-0.11361,0.0240,-0.0107,-0.02781,-0.11786,0.17683,0,1,1.000,1.000,running
69.796,1,1492,-0.13816,-0.11379,-0.0063,-0.0103,-0.02699,-0.11758,0.17704,0,1,1.000,1.000,running
69.840,1,1493,-0.13787,-0.11385,0.0159,-0.0033,-0.02769,-0.11745,0.17687,0,1,1.000,1.000,running
69.884,1,1494,-0.13813,-0.11370,-0.0146,0.0086,-0.02805,-0.11732,0.17696,0,1,1.000,1.000,running
69.925,1,1495,-0.13801,-0.11340,0.0069,0.0163,-0.02798,-0.11663,0.17666,0,1,1.000,1.000,running
69.973,1,1496,-0.13800,-0.11320,0.0005,0.0109,-0.02818,-0.11727,0.17652,0,1,1.000,1.000,running
70.017,1,1497,-0.13831,-0.11347,-0.0173,-0.0147,-0.02818,-0.11727,0.17694,0,1,1.000,1.000,running
70.060,1,1498,-0.13856,-0.11329,-0.0138,0.0096,-0.02836,-0.11628,0.17700,0,1,1.000,1.000,running
70.104,1,1499,-0.13798,-0.11363,0.0321,-0.0184,-0.02828,-0.11677,0.17680,0,1,1.000,1.000,running
74.505,2,0,-0.13713,-0.11381,-0.0304,0.0054,-0.00636,0.00445,0.17630,0,1,1.000,1.000,running
74.593,2,1,-0.13656,-0.11376,0.0315,0.0026,-0.03355,-0.02190,0.17585,0,1,1.000,1.000,running
74.636,2,2,-0.13800,-0.11323,-0.0794,0.0295,-0.05241,-0.07734,0.17654,0,1,1.000,1.000,running
74.682,2,3,-0.13833,-0.11267,-0.0181,0.0309,-0.05553,-0.12073,0.17641,0,1,1.000,1.000,running
74.724,2,4,-0.13841,-0.11217,-0.0042,0.0272,-0.07513,-0.15168,0.17613,0,1,1.000,1.000,running
74.769,2,5,-0.13811,-0.11172,0.0164,0.0248,-0.07533,-0.13557,0.17561,0,1,1.000,1.000,running
74.815,2,6,-0.13888,-0.11150,-0.0427,0.0122,-0.06969,-0.13627,0.17604,0,1,1.000,1.000,running
74.858,2,7,-0.13917,-0.11080,-0.0156,0.0386,-0.07083,-0.14726,0.17578,0,1,1.000,1.000,running
74.901,2,8,-0.13906,-0.10995,0.0062,0.0467,-0.06950,-0.14871,0.17513,0,1,1.000,1.000,running
74.944,2,9,-0.13931,-0.10823,-0.0141,0.0947,-0.06914,-0.14554,0.17419,0,1,1.000,1.000,running
74.987,2,10,-0.13943,-0.10694,-0.0063,0.0706,-0.07025,-0.14801,0.17344,0,1,1.000,1.000,running
75.031,2,11,-0.13966,-0.10400,-0.0128,0.1618,-0.07080,-0.14596,0.17172,0,1,1.000,1.000,running
75.078,2,12,-0.13928,-0.10182,0.0208,0.1200,-0.07049,-0.14760,0.17003,0,1,1.000,1.000,running
75.121,2,13,-0.13949,-0.09922,-0.0115,0.1431,-0.06841,-0.14701,0.16856,0,1,1.000,1.000,running
75.163,2,14,-0.13955,-0.09611,-0.0034,0.1710,-0.07007,-0.14656,0.16669,0,1,1.000,1.000,running
75.208,2,15,-0.14015,-0.09276,-0.0330,0.1839,-0.07017,-0.14787,0.16514,0,1,1.000,1.000,running
75.253,2,16,-0.14050,-0.08895,-0.0193,0.2096,-0.07082,-0.14635,0.16317,0,1,1.000,1.000,running
75.296,2,17,-0.14067,-0.08489,-0.0091,0.2235,-0.07010,-0.14683,0.16098,0,1,1.000,1.000,running
75.344,2,18,-0.14129,-0.08020,-0.0342,0.2580,-0.07020,-0.14767,0.15890,0,1,1.000,0.007,running
75.383,2,19,-0.14137,-0.07615,-0.0044,0.2229,-0.07063,-0.14758,0.15681,0,1,1.000,-0.085,running
75.427,2,20,-0.14102,-0.07094,0.0193,0.2862,-0.07010,-0.13359,0.15384,0,1,1.000,-0.035,running
75.473,2,21,-0.14087,-0.06656,0.0080,0.2410,-0.07472,-0.08558,0.15157,0,1,1.000,-0.188,running
75.518,2,22,-0.14015,-0.06135,0.0396,0.2866,-0.07552,-0.02440,0.14850,0,1,1.000,-0.119,running
75.560,2,23,-0.14039,-0.05660,-0.0132,0.2613,-0.07817,0.01165,0.14663,0,1,1.000,-0.237,running
75.607,2,24,-0.14109,-0.05139,-0.0386,0.2864,-0.07364,-0.00363,0.14512,0,1,1.000,-0.210,running
75.653,2,25,-0.14117,-0.04668,-0.0039,0.2592,-0.07684,-0.02458,0.14339,0,1,1.000,-0.286,running
75.694,2,26,-0.14100,-0.04200,0.0088,0.2576,-0.07602,-0.02498,0.14159,0,1,1.000,-0.255,running
75.736,2,27,-0.14105,-0.03690,-0.0028,0.2805,-0.07615,-0.01306,0.13999,0,1,1.000,-0.275,running
75.782,2,28,-0.14148,-0.03206,-0.0233,0.2659,-0.07352,-0.00735,0.13899,0,1,1.000,-0.346,running
75.827,2,29,-0.14164,-0.02685,-0.0086,0.2869,-0.07320,-0.01034,0.13781,0,1,1.000,-0.342,running
75.870,2,30,-0.14157,-0.02175,0.0038,0.2803,-0.07462,-0.00929,0.13661,0,1,1.000,-0.410,running
75.916,2,31,-0.14159,-0.01565,-0.0015,0.3356,-0.07595,-0.00248,0.13553,0,1,1.000,-0.422,running
75.959,2,32,-0.14140,-0.00933,0.0105,0.3476,-0.07684,0.00056,0.13448,0,1,1.000,-0.563,running
76.002,2,33,-0.14161,-0.00209,-0.0113,0.3980,-0.07870,0.00532,0.13405,0,1,1.000,-0.619,running
76.048,2,34,-0.14159,0.00579,0.0009,0.4334,-0.07556,0.01373,0.13379,0,1,1.000,-0.756,running
76.089,2,35,-0.14139,0.01393,0.0111,0.4474,-0.07599,0.03390,0.13383,0,1,1.000,-0.800,running
76.133,2,36,-0.14105,0.02240,0.0189,0.4660,-0.07766,0.04716,0.13425,0,1,1.000,-0.800,running
76.176,2,37,-0.14045,0.03148,0.0331,0.4993,-0.07694,0.06158,0.13507,0,1,1.000,-0.800,running
76.222,2,38,-0.13954,0.04103,0.0497,0.5255,-0.07932,0.06458,0.13632,0,1,1.000,-0.800,running
76.266,2,39,-0.13896,0.05087,0.0319,0.5410,-0.07534,0.05987,0.13863,0,1,1.000,-0.800,running
76.309,2,40,-0.13687,0.06106,0.1151,0.5605,-0.07499,0.06030,0.14032,0,1,1.000,-0.800,running
76.357,2,41,-0.13635,0.07186,0.0285,0.5943,-0.07774,0.06104,0.14444,0,1,1.000,-0.800,running
76.402,2,42,-0.13471,0.08277,0.0902,0.5999,-0.07584,0.06046,0.14832,0,1,1.000,-0.800,running
76.485,2,43,-0.12968,0.10410,0.2770,1.1732,-0.07750,0.06092,0.15645,0,1,1.000,-0.800,running
76.528,2,44,-0.12706,0.11431,0.1436,0.5614,-0.07628,0.06017,0.16110,0,1,1.000,-1.000,running
76.619,2,45,-0.12277,0.10875,0.2362,-0.3059,-0.07941,0.06657,0.15419,0,1,1.000,-1.000,running
76.662,2,46,-0.12000,0.10819,0.1522,-0.0303,-0.07590,0.08578,0.15177,0,1,1.000,-1.000,running
76.707,2,47,-0.11675,0.10910,0.1788,0.0500,-0.07949,0.08801,0.15000,0,1,1.000,-1.000,running
76.751,2,48,-0.11352,0.11078,0.1776,0.0924,-0.07748,0.08833,0.14885,0,1,1.000,-1.000,running
76.794,2,49,-0.10974,0.11437,0.2079,0.1972,-0.07494,0.08560,0.14878,0,1,1.000,-1.000,running
76.836,2,50,-0.10564,0.11676,0.2259,0.1313,-0.07824,0.08684,0.14778,0,1,1.000,-1.000,running
76.880,2,51,-0.10129,0.11588,0.2390,-0.0480,-0.07572,0.08660,0.14427,0,1,1.000,-1.000,running
76.926,2,52,-0.09760,0.11582,0.2031,-0.0035,-0.07496,0.08631,0.14186,0,1,1.000,-1.000,running
76.967,2,53,-0.09251,0.11791,0.2798,0.1149,-0.07689,0.08676,0.14036,0,1,0.043,-1.000,running
77.013,2,54,-0.08730,0.11819,0.2864,0.0153,-0.07344,0.08694,0.13750,0,1,-0.136,-1.000,running
77.058,2,55,-0.08289,0.11797,0.2429,-0.0122,-0.05013,0.08795,0.13481,0,1,-0.175,-1.000,running
77.103,2,56,-0.07693,0.11793,0.3275,-0.0022,-0.00600,0.08959,0.13156,0,1,-0.110,-1.000,running
77.143,2,57,-0.07052,0.11744,0.3529,-0.0270,0.00196,0.09257,0.12787,0,1,-0.309,-1.000,running
77.189,2,58,-0.06484,0.11681,0.3124,-0.0346,-0.01155,0.09039,0.12462,0,1,-0.392,-1.000,running
77.231,2,59,-0.05755,0.11631,0.4008,-0.0271,0.00407,0.09200,0.12101,0,1,-0.340,-1.000,running
77.275,2,60,-0.05026,0.11513,0.4006,-0.0652,0.01409,0.09250,0.11710,0,1,-0.553,-1.000,running
77.319,2,61,-0.04217,0.11435,0.4452,-0.0431,0.00518,0.09173,0.11367,0,1,-0.589,-1.000,running
77.363,2,62,-0.03365,0.11299,0.4687,-0.0745,0.02066,0.09269,0.11007,0,1,-0.719,-1.000,running
77.410,2,63,-0.02457,0.11291,0.4991,-0.0045,0.02669,0.09416,0.10822,0,1,-0.800,-1.000,running
77.453,2,64,-0.01516,0.11297,0.5177,0.0034,0.02807,0.09394,0.10722,0,1,-0.800,-1.000,running
77.497,2,65,-0.00485,0.11397,0.5672,0.0548,0.03570,0.09158,0.10801,0,1,-0.800,-1.000,running
77.543,2,66,0.00569,0.11435,0.5797,0.0212,0.03534,0.09441,0.10919,0,1,-0.800,-1.000,running
77.583,2,67,0.01675,0.11453,0.6079,0.0099,0.03476,0.09361,0.11127,0,1,-0.800,-1.000,running
77.629,2,68,0.02859,0.11386,0.6516,-0.0368,0.03335,0.09405,0.11384,0,1,-0.800,-1.000,running
77.671,2,69,0.04026,0.11302,0.6415,-0.0463,0.03461,0.09325,0.11732,0,1,-0.800,-1.000,running
77.716,2,70,0.05227,0.11227,0.6606,-0.0411,0.03577,0.09359,0.12207,0,1,-0.800,-1.000,running
77.761,2,71,0.06468,0.11202,0.6826,-0.0142,0.03533,0.09384,0.12842,0,1,-0.800,-1.000,running
77.804,2,72,0.07752,0.11208,0.7064,0.0037,0.03611,0.09443,0.13614,0,1,-0.800,-1.000,running
77.850,2,73,0.09086,0.11143,0.7338,-0.0362,0.03468,0.09259,0.14439,0,1,-0.800,-1.000,running
77.892,2,74,0.10408,0.10922,0.7267,-0.1210,0.03539,0.09374,0.15222,0,1,-0.800,-1.000,running
77.937,2,75,0.11657,0.10827,0.6873,-0.0525,0.03409,0.09537,0.16102,0,1,-1.000,-1.000,running
77.980,2,76,0.13064,0.10685,0.7735,-0.0781,0.03521,0.09323,0.17127,0,1,-1.000,-1.000,running
78.024,2,77,0.13613,0.10693,0.3024,0.0045,0.04579,0.09466,0.17580,0,1,-1.000,-1.000,running
78.068,2,78,0.13081,0.10713,-0.2927,0.0110,0.04725,0.09414,0.17158,0,1,-1.000,-1.000,running
78.113,2,79,0.12775,0.10711,-0.1682,-0.0009,0.04582,0.09397,0.16911,0,1,-1.000,-1.000,running
78.157,2,80,0.12442,0.10805,-0.1835,0.0516,0.04836,0.09281,0.16702,0,1,-1.000,-1.000,running
78.202,2,81,0.12383,0.10793,-0.0322,-0.0067,0.04726,0.09419,0.16648,0,1,-1.000,-1.000,running
78.247,2,82,0.12213,0.10752,-0.0934,-0.0225,0.04657,0.09335,0.16489,0,1,-1.000,-1.000,running
78.289,2,83,0.12171,0.10796,-0.0232,0.0242,0.04633,0.09320,0.16483,0,1,-1.000,-1.000,running
78.333,2,84,0.12249,0.10689,0.0430,-0.0588,0.04750,0.09546,0.16479,0,1,-1.000,-1.000,running
78.379,2,85,0.12341,0.10764,0.0504,0.0414,0.04589,0.09358,0.16597,0,1,-1.000,-1.000,running
78.421,2,86,0.12503,0.10768,0.0889,0.0021,0.04694,0.09491,0.16728,0,1,-1.000,-1.000,running
78.467,2,87,0.12693,0.10808,0.1045,0.0217,0.04682,0.09375,0.16903,0,1,-1.000,-1.000,running
78.512,2,88,0.12926,0.10796,0.1281,-0.0066,0.04687,0.09325,0.17082,0,1,-1.000,-1.000,running
78.557,2,89,0.13257,0.10651,0.1821,-0.0798,0.04610,0.09585,0.17264,0,1,-1.000,-1.000,running
78.642,2,90,0.13823,0.10689,0.3113,0.0210,0.04694,0.09370,0.17749,0,1,-1.000,-1.000,running
78.684,2,91,0.13643,0.10643,-0.0987,-0.0249,0.04677,0.09684,0.17575,0,1,-1.000,-1.000,running
78.728,2,92,0.13654,0.10608,0.0062,-0.0198,0.04645,0.09454,0.17564,0,1,-1.000,-1.000,running
78.774,2,93,0.13679,0.10652,0.0135,0.0243,0.04668,0.09552,0.17610,0,1,-1.000,-1.000,running
78.817,2,94,0.13797,0.10661,0.0648,0.0054,0.04770,0.09422,0.17712,0,1,-1.000,-1.000,running
78.864,2,95,0.13870,0.10667,0.0403,0.0030,0.04661,0.09442,0.17776,0,1,-1.000,-1.000,running
78.909,2,96,0.13802,0.10584,-0.0378,-0.0454,0.04735,0.09403,0.17672,0,1,-1.000,-1.000,running
78.951,2,97,0.13856,0.10706,0.0300,0.0668,0.04656,0.09460,0.17786,0,1,-1.000,-1.000,running
78.994,2,98,0.13862,0.10672,0.0033,-0.0186,0.04619,0.09495,0.17772,0,1,-1.000,-1.000,running
79.036,2,99,0.13831,0.10668,-0.0168,-0.0020,0.04668,0.09507,0.17744,0,1,-1.000,-1.000,running
79.081,2,100,0.13888,0.10671,0.0311,0.0016,0.04791,0.09650,0.17793,0,1,-1.000,-1.000,running
79.124,2,101,0.13874,0.10618,-0.0078,-0.0293,0.04707,0.09564,0.17751,0,1,-1.000,-1.000,running
79.169,2,102,0.13880,0.10660,0.0035,0.0234,0.04757,0.09466,0.17780,0,1,-1.000,-1.000,running
79.216,2,103,0.13902,0.10654,0.0121,-0.0033,0.04678,0.09494,0.17795,0,1,-1.000,-1.000,running
79.256,2,104,0.13841,0.10612,-0.0334,-0.0232,0.04708,0.09466,0.17721,0,1,-1.000,-1.000,running
79.303,2,105,0.13880,0.10682,0.0211,0.0385,0.04626,0.09414,0.17792,0,1,-1.000,-1.000,running
79.346,2,106,0.13846,0.10615,-0.0188,-0.0368,0.04766,0.09492,0.17726,0,1,-1.000,-1.000,running
79.390,2,107,0.13877,0.10610,0.0171,-0.0031,0.04738,0.09466,0.17749,0,1,-1.000,-1.000,running
79.434,2,108,0.13882,0.10681,0.0025,0.0394,0.04645,0.09470,0.17793,0,1,-1.000,-1.000,running
79.476,2,109,0.13852,0.10627,-0.0162,-0.0299,0.04660,0.09484,0.17738,0,1,-1.000,-1.000,running
79.521,2,110,0.13831,0.10620,-0.0118,-0.0041,0.04662,0.09391,0.17716,0,1,-1.000,-1.000,running
79.567,2,111,0.13826,0.10662,-0.0024,0.0232,0.04630,0.09522,0.17737,0,1,-1.000,-1.000,running
79.610,2,112,0.13879,0.10629,0.0292,-0.0179,0.04628,0.09456,0.17762,0,1,-1.000,-1.000,running
79.651,2,113,0.13877,0.10675,-0.0014,0.0249,0.04573,0.09263,0.17785,0,1,-1.000,-1.000,running
79.698,2,114,0.13872,0.10649,-0.0028,-0.0140,0.04614,0.09365,0.17767,0,1,-1.000,-1.000,running
79.740,2,115,0.13867,0.10671,-0.0024,0.0120,0.04729,0.09483,0.17775,0,1,-1.000,-1.000,running
79.785,2,116,0.13864,0.10628,-0.0016,-0.0234,0.04641,0.09394,0.17749,0,1,-1.000,-1.000,running
79.832,2,117,0.13827,0.10648,-0.0204,0.0108,0.04704,0.09382,0.17730,0,1,-1.000,-1.000,running
79.871,2,118,0.13833,0.10618,0.0034,-0.0164,0.04570,0.09300,0.17718,0,1,-1.000,-1.000,running
79.916,2,119,0.13829,0.10627,-0.0025,0.0049,0.04699,0.09439,0.17719,0,1,-1.000,-1.000,running
79.961,2,120,0.13828,0.10631,-0.0005,0.0020,0.04762,0.09460,0.17720,0,1,-1.000,-1.000,running
80.005,2,121,0.13814,0.10651,-0.0075,0.0115,0.04771,0.09414,0.17721,0,1,-1.000,-1.000,running
80.051,2,122,0.13847,0.10647,0.0179,-0.0024,0.04744,0.09553,0.17745,0,1,-1.000,-1.000,running
80.094,2,123,0.13819,0.10623,-0.0153,-0.0130,0.04612,0.09280,0.17709,0,1,-1.000,-1.000,running
80.135,2,124,0.13860,0.10655,0.0223,0.0173,0.04655,0.09451,0.17760,0,1,-1.000,-1.000,running
80.180,2,125,0.13870,0.10673,0.0055,0.0098,0.04638,0.09461,0.17778,0,1,-1.000,-1.000,running
80.224,2,126,0.13848,0.10666,-0.0118,-0.0039,0.04711,0.09394,0.17757,0,1,-1.000,-1.000,running
80.268,2,127,0.13867,0.10670,0.0105,0.0023,0.04638,0.09461,0.17775,0,1,-1.000,-1.000,running
80.314,2,128,0.13852,0.10627,-0.0082,-0.0236,0.04763,0.09450,0.17738,0,1,-1.000,-1.000,running
80.357,2,129,0.13846,0.10661,-0.0036,0.0185,0.04676,0.09403,0.17752,0,1,-1.000,-1.000,running
80.404,2,130,0.13837,0.10697,-0.0049,0.0198,0.04669,0.09428,0.17765,0,1,-1.000,-1.000,running
80.450,2,131,0.13856,0.10659,0.0104,-0.0209,0.04719,0.09429,0.17759,0,1,-1.000,-1.000,running
80.534,2,132,0.13851,0.10604,-0.0025,-0.0300,0.04719,0.09429,0.17724,0,1,-1.000,-1.000,running
80.575,2,133,0.13856,0.10698,0.0025,0.0517,0.04664,0.09341,0.17781,0,1,-1.000,-1.000,running
80.664,2,134,0.13880,0.10685,0.0134,-0.0070,0.04626,0.09386,0.17794,0,1,-1.000,-1.000,running
80.708,2,135,0.13829,0.10668,-0.0283,-0.0095,0.04704,0.09486,0.17742,0,1,-1.000,-1.000,running
80.755,2,136,0.13861,0.10657,0.0180,-0.0057,0.04710,0.09306,0.17763,0,1,-1.000,-1.000,running
80.798,2,137,0.13857,0.10679,-0.0023,0.0118,0.04663,0.09223,0.17772,0,1,-1.000,-1.000,running
80.840,2,138,0.13861,0.10648,0.0018,-0.0172,0.04642,0.09325,0.17757,0,1,-1.000,-1.000,running
80.884,2,139,0.13833,0.10615,-0.0153,-0.0179,0.04668,0.09303,0.17715,0,1,-1.000,-1.000,running
80.927,2,140,0.13879,0.10638,0.0253,0.0124,0.04622,0.09334,0.17766,0,1,-1.000,-1.000,running
80.973,2,141,0.13854,0.10597,-0.0136,-0.0224,0.04675,0.09389,0.17723,0,1,-1.000,-1.000,running
81.019,2,142,0.13819,0.10674,-0.0192,0.0421,0.04529,0.09290,0.17737,0,1,-1.000,-1.000,running
81.062,2,143,0.13865,0.10658,0.0249,-0.0088,0.04638,0.09402,0.17766,0,1,-1.000,-1.000,running
81.109,2,144,0.13884,0.10641,0.0104,-0.0093,0.04652,0.09393,0.17772,0,1,-1.000,-1.000,running
81.155,2,145,0.13835,0.10656,-0.0267,0.0082,0.04613,0.09254,0.17740,0,1,-1.000,-1.000,running
81.194,2,146,0.13869,0.10657,0.0189,0.0005,0.04628,0.09436,0.17769,0,1,-1.000,-1.000,running
81.237,2,147,0.13846,0.10671,-0.0131,0.0082,0.04610,0.09497,0.17758,0,1,-1.000,-1.000,running
81.280,2,148,0.13846,0.10659,0.0005,-0.0069,0.04746,0.09425,0.17752,0,1,-1.000,-1.000,running
81.325,2,149,0.13837,0.10649,-0.0050,-0.0056,0.04714,0.09396,0.17738,0,1,-1.000,-1.000,running
81.369,2,150,0.13849,0.10670,0.0065,0.0116,0.04679,0.09545,0.17760,0,1,-1.000,-1.000,running
81.411,2,151,0.13868,0.10617,0.0103,-0.0291,0.04681,0.09428,0.17745,0,1,-1.000,-1.000,running
81.458,2,152,0.13854,0.10663,-0.0077,0.0256,0.04695,0.09588,0.17760,0,1,-1.000,-1.000,running
81.503,2,153,0.13875,0.10681,0.0118,0.0098,0.04566,0.09320,0.17788,0,1,-1.000,-1.000,running
81.545,2,154,0.13853,0.10670,-0.0122,-0.0063,0.04683,0.09559,0.17763,0,1,-1.000,-1.000,running
81.591,2,155,0.13880,0.10587,0.0146,-0.0458,0.04681,0.09428,0.17738,0,1,-1.000,-1.000,running
81.636,2,156,0.13848,0.10683,-0.0176,0.0530,0.04670,0.09389,0.17766,0,1,-1.000,-1.000,running
81.678,2,157,0.13869,0.10642,0.0119,-0.0223,0.04581,0.09364,0.17761,0,1,-1.000,-1.000,running
81.719,2,158,0.13858,0.10673,-0.0063,0.0169,0.04709,0.09417,0.17769,0,1,-1.000,-1.000,running
81.766,2,159,0.13850,0.10664,-0.0041,-0.0051,0.04766,0.09383,0.17757,0,1,-1.000,-1.000,running
81.813,2,160,0.13854,0.10633,0.0023,-0.0168,0.04667,0.09593,0.17743,0,1,-1.000,-1.000,running
81.856,2,161,0.13845,0.10653,-0.0050,0.0108,0.04662,0.09391,0.17747,0,1,-1.000,-1.000,running
81.904,2,162,0.13832,0.10671,-0.0071,0.0101,0.04748,0.09534,0.17747,0,1,-1.000,-1.000,running
81.985,2,163,0.13842,0.10666,0.0053,-0.0030,0.04765,0.09484,0.17752,0,1,-1.000,-1.000,running
82.030,2,164,0.13826,0.10693,-0.0086,0.0150,0.04761,0.09617,0.17754,0,1,-1.000,-1.000,running
82.072,2,165,0.13816,0.10694,-0.0055,0.0007,0.04683,0.09484,0.17747,0,1,-1.000,-1.000,running
82.117,2,166,0.13857,0.10657,0.0224,-0.0208,0.04709,0.09417,0.17759,0,1,-1.000,-1.000,running
82.162,2,167,0.13885,0.10645,0.0153,-0.0064,0.04642,0.09401,0.17775,0,1,-1.000,-1.000,running
82.208,2,168,0.13821,0.10648,-0.0350,0.0018,0.04651,0.09352,0.17725,0,1,-1.000,-1.000,running
82.252,2,169,0.13844,0.10664,0.0123,0.0087,0.04672,0.09530,0.17752,0,1,-1.000,-1.000,running
82.294,2,170,0.13880,0.10670,0.0198,0.0032,0.04622,0.09334,0.17785,0,1,-1.000,-1.000,running
82.336,2,171,0.13830,0.10655,-0.0272,-0.0081,0.04607,0.09558,0.17736,0,1,-1.000,-1.000,running
82.382,2,172,0.13869,0.10689,0.0213,0.0185,0.04561,0.09298,0.17787,0,1,-1.000,-1.000,running
82.424,2,173,0.13842,0.10633,-0.0146,-0.0307,0.04555,0.09406,0.17733,0,1,-1.000,-1.000,running
82.467,2,174,0.13806,0.10735,-0.0198,0.0562,0.04672,0.09573,0.17762,0,1,-1.000,-1.000,running
82.515,2,175,0.13838,0.10644,0.0176,-0.0504,0.04650,0.09462,0.17736,0,1,-1.000,-1.000,running
82.560,2,176,0.13856,0.10690,0.0096,0.0257,0.04681,0.09428,0.17777,0,1,-1.000,-1.000,running
82.607,2,177,0.13840,0.10695,-0.0085,0.0027,0.04739,0.09550,0.17767,0,1,-1.000,-1.000,running
82.732,2,178,0.13863,0.10674,0.0127,-0.0117,0.04697,0.09579,0.17774,0,1,-1.000,-1.000,running
82.776,2,179,0.13823,0.10615,-0.0222,-0.0324,0.04681,0.09428,0.17707,0,1,-1.000,-1.000,running
82.821,2,180,0.13847,0.10622,0.0132,0.0036,0.04662,0.09391,0.17731,0,1,-1.000,-1.000,running
82.865,2,181,0.13820,0.10651,-0.0150,0.0160,0.04693,0.09481,0.17725,0,1,-1.000,-1.000,running
82.912,2,182,0.13845,0.10690,0.0139,0.0216,0.04676,0.09363,0.17768,0,1,-1.000,-1.000,running
82.955,2,183,0.13808,0.10646,-0.0205,-0.0242,0.04686,0.09364,0.17712,0,1,-1.000,-1.000,running
82.998,2,184,0.13870,0.10613,0.0340,-0.0181,0.04568,0.09459,0.17745,0,1,-1.000,-1.000,running
83.043,2,185,0.13882,0.10671,0.0066,0.0317,0.04603,0.09406,0.17787,0,1,-1.000,-1.000,running
83.085,2,186,0.13836,0.10629,-0.0253,-0.0228,0.04647,0.09530,0.17726,0,1,-1.000,-1.000,running
83.129,2,187,0.13854,0.10680,0.0103,0.0279,0.04642,0.09325,0.17770,0,1,-1.000,-1.000,running
83.173,2,188,0.13816,0.10662,-0.0212,-0.0100,0.04586,0.09366,0.17728,0,1,-1.000,-1.000,running
83.220,2,189,0.13832,0.10677,0.0090,0.0086,0.04709,0.09417,0.17750,0,1,-1.000,-1.000,running
83.262,2,190,0.13883,0.10624,0.0277,-0.0293,0.04665,0.09492,0.17762,0,1,-1.000,-1.000,running
83.308,2,191,0.13885,0.10657,0.0012,0.0183,0.04626,0.09381,0.17782,0,1,-1.000,-1.000,running
83.352,2,192,0.13880,0.10633,-0.0027,-0.0134,0.04642,0.09401,0.17764,0,1,-1.000,-1.000,running
83.393,2,193,0.13822,0.10606,-0.0320,-0.0149,0.04652,0.09468,0.17701,0,1,-1.000,-1.000,running
83.438,2,194,0.13830,0.10676,0.0046,0.0388,0.04647,0.09527,0.17748,0,1,-1.000,-1.000,running
83.482,2,195,0.13830,0.10661,-0.0000,-0.0085,0.04722,0.09366,0.17739,0,1,-1.000,-1.000,running
83.526,2,196,0.13841,0.10639,0.0059,-0.0119,0.04681,0.09428,0.17736,0,1,-1.000,-1.000,running
83.569,2,197,0.13827,0.10659,-0.0077,0.0109,0.04627,0.09340,0.17735,0,1,-1.000,-1.000,running
83.613,2,198,0.13855,0.10654,0.0155,-0.0026,0.04635,0.09502,0.17756,0,1,-1.000,-1.000,running
83.659,2,199,0.13886,0.10649,0.0173,-0.0030,0.04641,0.09398,0.17779,0,1,-1.000,-1.000,running
83.701,2,200,0.13876,0.10654,-0.0054,0.0028,0.04691,0.09495,0.17773,0,1,-1.000,-1.000,running
83.748,2,201,0.13829,0.10643,-0.0260,-0.0062,0.04672,0.09414,0.17728,0,1,-1.000,-1.000,running
83.789,2,202,0.13872,0.10656,0.0237,0.0074,0.04642,0.09401,0.17771,0,1,-1.000,-1.000,running
83.834,2,203,0.13855,0.10623,-0.0094,-0.0183,0.04623,0.09363,0.17738,0,1,-1.000,-1.000,running
83.878,2,204,0.13859,0.10639,0.0023,0.0087,0.04713,0.09582,0.17751,0,1,-1.000,-1.000,running
83.921,2,205,0.13878,0.10682,0.0101,0.0239,0.04660,0.09362,0.17790,0,1,-1.000,-1.000,running
83.969,2,206,0.13846,0.10653,-0.0174,-0.0162,0.04659,0.09481,0.17748,0,1,-1.000,-1.000,running
84.013,2,207,0.13874,0.10619,0.0155,-0.0184,0.04707,0.09564,0.17752,0,1,-1.000,-1.000,running
84.055,2,208,0.13875,0.10689,0.0006,0.0380,0.04527,0.09318,0.17792,0,1,-1.000,-1.000,running
84.103,2,209,0.13835,0.10649,-0.0222,-0.0219,0.04652,0.09393,0.17736,0,1,-1.000,-1.000,running
84.143,2,210,0.13882,0.10638,0.0258,-0.0057,0.04606,0.09397,0.17769,0,1,-1.000,-1.000,running
84.185,2,211,0.13853,0.10651,-0.0159,0.0072,0.04696,0.09429,0.17753,0,1,-1.000,-1.000,running
84.227,2,212,0.13817,0.10661,-0.0200,0.0050,0.04607,0.09554,0.17728,0,1,-1.000,-1.000,running
84.273,2,213,0.13828,0.10626,0.0061,-0.0191,0.04661,0.09412,0.17717,0,1,-1.000,-1.000,running
84.319,2,214,0.13862,0.10690,0.0189,0.0354,0.04639,0.09421,0.17782,0,1,-1.000,-1.000,running
84.362,2,215,0.13845,0.10666,-0.0093,-0.0131,0.04635,0.09385,0.17755,0,1,-1.000,-1.000,running
84.409,2,216,0.13877,0.10688,0.0176,0.0117,0.04639,0.09317,0.17793,0,1,-1.000,-1.000,running
84.453,2,217,0.13863,0.10647,-0.0077,-0.0225,0.04627,0.09464,0.17758,0,1,-1.000,-1.000,running
84.495,2,218,0.13831,0.10644,-0.0173,-0.0013,0.04725,0.09463,0.17731,0,1,-1.000,-1.000,running
84.537,2,219,0.13887,0.10656,0.0306,0.0066,0.04653,0.09356,0.17783,0,1,-1.000,-1.000,running
84.580,2,220,0.13884,0.10674,-0.0017,0.0099,0.04705,0.09464,0.17791,0,1,-1.000,-1.000,running
84.625,2,221,0.13850,0.10646,-0.0187,-0.0154,0.04708,0.09449,0.17747,0,1,-1.000,-1.000,running
84.713,2,222,0.13872,0.10610,0.0124,-0.0198,0.04642,0.09325,0.17746,0,1,-1.000,-1.000,running
84.759,2,223,0.13838,0.10698,-0.0191,0.0481,0.04731,0.09388,0.17767,0,1,-1.000,-1.000,running
84.802,2,224,0.13832,0.10598,-0.0032,-0.0553,0.04741,0.09595,0.17705,0,1,-1.000,-1.000,running
84.847,2,225,0.13848,0.10654,0.0087,0.0313,0.04649,0.09315,0.17750,0,1,-1.000,-1.000,running
84.888,2,226,0.13889,0.10674,0.0225,0.0105,0.04675,0.09491,0.17795,0,1,-1.000,-1.000,running
84.933,2,227,0.13839,0.10679,-0.0274,0.0031,0.04586,0.09331,0.17757,0,1,-1.000,-1.000,running
84.978,2,228,0.13857,0.10653,0.0100,-0.0145,0.04749,0.09490,0.17757,0,1,-1.000,-1.000,running
85.022,2,229,0.13859,0.10655,0.0011,0.0015,0.04667,0.09479,0.17760,0,1,-1.000,-1.000,running
85.067,2,230,0.13850,0.10597,-0.0053,-0.0320,0.04729,0.09313,0.17719,0,1,-1.000,-1.000,running
85.111,2,231,0.13882,0.10667,0.0179,0.0382,0.04680,0.09424,0.17785,0,1,-1.000,-1.000,running
85.156,2,232,0.13830,0.10617,-0.0287,-0.0272,0.04644,0.09426,0.17714,0,1,-1.000,-1.000,running
85.201,2,233,0.13862,0.10634,0.0178,0.0090,0.04652,0.09468,0.17750,0,1,-1.000,-1.000,running
85.243,2,234,0.13840,0.10638,-0.0120,0.0022,0.04599,0.09430,0.17734,0,1,-1.000,-1.000,running
85.285,2,235,0.13835,0.10638,-0.0028,0.0002,0.04729,0.09483,0.17730,0,1,-1.000,-1.000,running
85.328,2,236,0.13844,0.10664,0.0045,0.0144,0.04742,0.09612,0.17752,0,1,-1.000,-1.000,running
85.375,2,237,0.13859,0.10634,0.0086,-0.0167,0.04597,0.09400,0.17748,0,1,-1.000,-1.000,running
85.419,2,238,0.13842,0.10655,-0.0092,0.0118,0.04739,0.09460,0.17746,0,1,-1.000,-1.000,running
85.463,2,239,0.13804,0.10629,-0.0210,-0.0143,0.04632,0.09401,0.17700,0,1,-1.000,-1.000,running
85.507,2,240,0.13872,0.10655,0.0374,0.0143,0.04622,0.09491,0.17770,0,1,-1.000,-1.000,running
85.550,2,241,0.13854,0.10644,-0.0100,-0.0063,0.04667,0.09524,0.17749,0,1,-1.000,-1.000,running
85.595,2,242,0.13881,0.10667,0.0149,0.0130,0.04655,0.09425,0.17785,0,1,-1.000,-1.000,running
85.637,2,243,0.13891,0.10685,0.0056,0.0098,0.04705,0.09497,0.17803,0,1,-1.000,-1.000,running
85.680,2,244,0.13865,0.10657,-0.0147,-0.0154,0.04725,0.09463,0.17765,0,1,-1.000,-1.000,running
85.726,2,245,0.13874,0.10688,0.0050,0.0169,0.04660,0.09362,0.17790,0,1,-1.000,-1.000,running
85.771,2,246,0.13904,0.10637,0.0164,-0.0280,0.04684,0.09556,0.17786,0,1,-1.000,-1.000,running
85.816,2,247,0.13829,0.10697,-0.0410,0.0329,0.04683,0.09486,0.17759,0,1,-1.000,-1.000,running
85.860,2,248,0.13830,0.10667,0.0005,-0.0161,0.04655,0.09482,0.17743,0,1,-1.000,-1.000,running
85.907,2,249,0.13835,0.10637,0.0026,-0.0165,0.04614,0.09359,0.17730,0,1,-1.000,-1.000,running
85.947,2,250,0.13821,0.10675,-0.0075,0.0206,0.04688,0.09462,0.17739,0,1,-1.000,-1.000,running
85.989,2,251,0.13841,0.10663,0.0113,-0.0064,0.04739,0.09569,0.17750,0,1,-1.000,-1.000,running
86.034,2,252,0.13860,0.10665,0.0103,0.0009,0.04731,0.09351,0.17766,0,1,-1.000,-1.000,running
86.076,2,253,0.13888,0.10660,0.0155,-0.0028,0.04691,0.09495,0.17786,0,1,-1.000,-1.000,running
86.120,2,254,0.13822,0.10648,-0.0362,-0.0063,0.04586,0.09331,0.17726,0,1,-1.000,-1.000,running
86.167,2,255,0.13819,0.10606,-0.0018,-0.0231,0.04637,0.09475,0.17699,0,1,-1.000,-1.000,running
86.211,2,256,0.13836,0.10623,0.0095,0.0090,0.04660,0.09362,0.17723,0,1,-1.000,-1.000,running
86.254,2,257,0.13802,0.10675,-0.0190,0.0288,0.04652,0.09460,0.17724,0,1,-1.000,-1.000,running
86.297,2,258,0.13786,0.10679,-0.0087,0.0020,0.04710,0.09445,0.17713,0,1,-1.000,-1.000,running
86.340,2,259,0.13849,0.10696,0.0345,0.0094,0.04622,0.09334,0.17774,0,1,-1.000,-1.000,running
86.385,2,260,0.13916,0.10670,0.0369,-0.0139,0.04733,0.09529,0.17815,0,1,-1.000,-1.000,running
86.430,2,261,0.13877,0.10699,-0.0212,0.0159,0.04678,0.09409,0.17800,0,1,-1.000,-1.000,running
86.472,2,262,0.13853,0.10659,-0.0135,-0.0220,0.04647,0.09530,0.17757,0,1,-1.000,-1.000,running
86.519,2,263,0.13854,0.10651,0.0006,-0.0042,0.04647,0.09413,0.17753,0,1,-1.000,-1.000,running
86.566,2,264,0.13825,0.10657,-0.0159,0.0030,0.04668,0.09536,0.17733,0,1,-1.000,-1.000,running
86.609,2,265,0.13848,0.10645,0.0126,-0.0068,0.04719,0.09483,0.17745,0,1,-1.000,-1.000,running
86.653,2,266,0.13884,0.10656,0.0195,0.0064,0.04642,0.09401,0.17781,0,1,-1.000,-1.000,running
86.737,2,267,0.13837,0.10688,-0.0255,0.0173,0.04645,0.09573,0.17760,0,1,-1.000,-1.000,running
86.781,2,268,0.13877,0.10669,0.0219,-0.0100,0.04730,0.09419,0.17783,0,1,-1.000,-1.000,running
86.827,2,269,0.13860,0.10647,-0.0096,-0.0125,0.04711,0.09518,0.17755,0,1,-1.000,-1.000,running
86.870,2,270,0.13851,0.10630,-0.0048,-0.0091,0.04653,0.09437,0.17739,0,1,-1.000,-1.000,running
86.913,2,271,0.13867,0.10663,0.0087,0.0180,0.04682,0.09473,0.17771,0,1,-1.000,-1.000,running
86.957,2,272,0.13901,0.10643,0.0188,-0.0113,0.04681,0.09428,0.17787,0,1,-1.000,-1.000,running
87.004,2,273,0.13845,0.10665,-0.0310,0.0126,0.04598,0.09368,0.17754,0,1,-1.000,-1.000,running
87.046,2,274,0.13849,0.10635,0.0023,-0.0169,0.04614,0.09417,0.17740,0,1,-1.000,-1.000,running
87.088,2,275,0.13857,0.10640,0.0044,0.0030,0.04594,0.09293,0.17750,0,1,-1.000,-1.000,running
87.132,2,276,0.13845,0.10654,-0.0066,0.0078,0.04603,0.09339,0.17748,0,1,-1.000,-1.000,running
87.177,2,277,0.13836,0.10660,-0.0047,0.0033,0.04676,0.09466,0.17744,0,1,-1.000,-1.000,running
87.221,2,278,0.13872,0.10676,0.0195,0.0084,0.04608,0.09386,0.17782,0,1,-1.000,-1.000,running
87.269,2,279,0.13831,0.10654,-0.0226,-0.0121,0.04683,0.09420,0.17735,0,1,-1.000,-1.000,running
87.311,2,280,0.13826,0.10651,-0.0026,-0.0014,0.04591,0.09467,0.17730,0,1,-1.000,-1.000,running
87.356,2,281,0.13868,0.10619,0.0233,-0.0175,0.04721,0.09585,0.17747,0,1,-1.000,-1.000,running
87.400,2,282,0.13807,0.10666,-0.0339,0.0259,0.04736,0.09366,0.17723,0,1,-1.000,-1.000,running
87.441,2,283,0.13815,0.10690,0.0046,0.0127,0.04678,0.09470,0.17743,0,1,-1.000,-1.000,running
87.484,2,284,0.13904,0.10597,0.0491,-0.0510,0.04569,0.09403,0.17764,0,1,-1.000,-1.000,running
87.530,2,285,0.13836,0.10623,-0.0375,0.0143,0.04630,0.09565,0.17722,0,1,-1.000,-1.000,running
87.574,2,286,0.13854,0.10597,0.0101,-0.0139,0.04662,0.09391,0.17723,0,1,-1.000,-1.000,running
87.619,2,287,0.13828,0.10695,-0.0142,0.0538,0.04651,0.09352,0.17757,0,1,-1.000,-1.000,running
87.665,2,288,0.13855,0.10650,0.0145,-0.0249,0.04701,0.09522,0.17753,0,1,-1.000,-1.000,running
87.709,2,289,0.13838,0.10625,-0.0092,-0.0136,0.04616,0.09421,0.17726,0,1,-1.000,-1.000,running
87.753,2,290,0.13832,0.10653,-0.0032,0.0150,0.04674,0.09458,0.17736,0,1,-1.000,-1.000,running
87.797,2,291,0.13836,0.10662,0.0019,0.0053,0.04730,0.09569,0.17745,0,1,-1.000,-1.000,running
87.839,2,292,0.13844,0.10663,0.0044,0.0002,0.04690,0.09452,0.17751,0,1,-1.000,-1.000,running
87.880,2,293,0.13867,0.10641,0.0129,-0.0121,0.04670,0.09429,0.17758,0,1,-1.000,-1.000,running
87.928,2,294,0.13850,0.10698,-0.0092,0.0318,0.04717,0.09436,0.17777,0,1,-1.000,-1.000,running
87.971,2,295,0.13867,0.10647,0.0093,-0.0285,0.04805,0.09545,0.17762,0,1,-1.000,-1.000,running
88.015,2,296,0.13827,0.10647,-0.0220,0.0005,0.04670,0.09429,0.17729,0,1,-1.000,-1.000,running
88.059,2,297,0.13889,0.10619,0.0340,-0.0154,0.04681,0.09428,0.17764,0,1,-1.000,-1.000,running
88.105,2,298,0.13849,0.10657,-0.0222,0.0204,0.04681,0.09428,0.17752,0,1,-1.000,-1.000,running
88.147,2,299,0.13879,0.10662,0.0166,0.0030,0.04681,0.09428,0.17780,0,1,-1.000,-1.000,running
88.190,2,300,0.13831,0.10649,-0.0266,-0.0073,0.04632,0.09318,0.17733,0,1,-1.000,-1.000,running
88.232,2,301,0.13869,0.10654,0.0213,0.0028,0.04670,0.09429,0.17767,0,1,-1.000,-1.000,running
88.278,2,302,0.13861,0.10644,-0.0046,-0.0053,0.04619,0.09271,0.17755,0,1,-1.000,-1.000,running
88.323,2,303,0.13826,0.10629,-0.0193,-0.0084,0.04713,0.09546,0.17718,0,1,-1.000,-1.000,running
88.367,2,304,0.13854,0.10626,0.0154,-0.0017,0.04594,0.09263,0.17739,0,1,-1.000,-1.000,running
88.409,2,305,0.13822,0.10713,-0.0176,0.0478,0.04652,0.09464,0.17762,0,1,-1.000,-1.000,running
88.455,2,306,0.13855,0.10652,0.0182,-0.0333,0.04623,0.09359,0.17755,0,1,-1.000,-1.000,running
88.496,2,307,0.13866,0.10660,0.0059,0.0040,0.04729,0.09483,0.17768,0,1,-1.000,-1.000,running
88.541,2,308,0.13843,0.10667,-0.0128,0.0042,0.04706,0.09456,0.17753,0,1,-1.000,-1.000,running
88.584,2,309,0.13863,0.10612,0.0110,-0.0302,0.04658,0.09403,0.17738,0,1,-1.000,-1.000,running
88.627,2,310,0.13837,0.10662,-0.0140,0.0274,0.04812,0.09565,0.17746,0,1,-1.000,-1.000,running
88.675,2,311,0.13876,0.10645,0.0212,-0.0094,0.04731,0.09589,0.17768,0,1,-1.000,-1.000,running
88.766,2,312,0.13877,0.10661,0.0010,0.0087,0.04710,0.09506,0.17778,0,1,-1.000,-1.000,running
88.807,2,313,0.13845,0.10656,-0.0176,-0.0025,0.04675,0.09491,0.17749,0,1,-1.000,-1.000,running
88.852,2,314,0.13873,0.10667,0.0151,0.0058,0.04667,0.09330,0.17778,0,1,-1.000,-1.000,running
88.898,2,315,0.13859,0.10618,-0.0078,-0.0270,0.04710,0.09445,0.17738,0,1,-1.000,-1.000,running
88.980,2,316,0.13862,0.10657,0.0016,0.0214,0.04652,0.09468,0.17763,0,1,-1.000,-1.000,running
89.023,2,317,0.13882,0.10662,0.0114,0.0030,0.04758,0.09565,0.17783,0,1,-1.000,-1.000,running
89.067,2,318,0.13836,0.10654,-0.0258,-0.0044,0.04681,0.09428,0.17740,0,1,-1.000,-1.000,running
89.113,2,319,0.13845,0.10670,0.0050,0.0086,0.04706,0.09456,0.17756,0,1,-1.000,-1.000,running
89.159,2,320,0.13802,0.10661,-0.0232,-0.0047,0.04698,0.09339,0.17717,0,1,-1.000,-1.000,running
89.205,2,321,0.13832,0.10674,0.0161,0.0067,0.04617,0.09395,0.17748,0,1,-1.000,-1.000,running
89.247,2,322,0.13842,0.10641,0.0060,-0.0179,0.04668,0.09388,0.17738,0,1,-1.000,-1.000,running
89.289,2,323,0.13849,0.10703,0.0038,0.0339,0.04606,0.09458,0.17779,0,1,-1.000,-1.000,running
89.332,2,324,0.13823,0.10670,-0.0144,-0.0183,0.04603,0.09297,0.17738,0,1,-1.000,-1.000,running
89.378,2,325,0.13860,0.10654,0.0199,-0.0084,0.04657,0.09520,0.17760,0,1,-1.000,-1.000,running
89.422,2,326,0.13842,0.10688,-0.0096,0.0183,0.04686,0.09436,0.17764,0,1,-1.000,-1.000,running
89.465,2,327,0.13854,0.10660,0.0065,-0.0153,0.04705,0.09569,0.17758,0,1,-1.000,-1.000,running
89.511,2,328,0.13865,0.10643,0.0059,-0.0091,0.04645,0.09455,0.17757,0,1,-1.000,-1.000,running
89.555,2,329,0.13856,0.10663,-0.0050,0.0108,0.04723,0.09507,0.17761,0,1,-1.000,-1.000,running
89.600,2,330,0.13878,0.10672,0.0123,0.0049,0.04573,0.09466,0.17785,0,1,-1.000,-1.000,running
89.644,2,331,0.13872,0.10620,-0.0031,-0.0284,0.04655,0.09425,0.17751,0,1,-1.000,-1.000,running
89.685,2,332,0.13842,0.10670,-0.0168,0.0273,0.04703,0.09463,0.17754,0,1,-1.000,-1.000,running
89.729,2,333,0.13809,0.10664,-0.0181,-0.0032,0.04529,0.09320,0.17723,0,1,-1.000,-1.000,running
89.773,2,334,0.13873,0.10680,0.0350,0.0091,0.04683,0.09486,0.17785,0,1,-1.000,-1.000,running
89.817,2,335,0.13843,0.10651,-0.0165,-0.0159,0.04613,0.09349,0.17744,0,1,-1.000,-1.000,running
89.861,2,336,0.13847,0.10613,0.0025,-0.0214,0.04642,0.09325,0.17726,0,1,-1.000,-1.000,running
89.909,2,337,0.13865,0.10655,0.0100,0.0233,0.04734,0.09490,0.17765,0,1,-1.000,-1.000,running
89.950,2,338,0.13901,0.10668,0.0199,0.0071,0.04640,0.09588,0.17802,0,1,-1.000,-1.000,running
89.995,2,339,0.13853,0.10646,-0.0268,-0.0122,0.04652,0.09468,0.17749,0,1,-1.000,-1.000,running
90.038,2,340,0.13833,0.10651,-0.0110,0.0029,0.04721,0.09585,0.17736,0,1,-1.000,-1.000,running
90.083,2,341,0.13843,0.10656,0.0058,0.0029,0.04625,0.09435,0.17747,0,1,-1.000,-1.000,running
90.127,2,342,0.13884,0.10644,0.0222,-0.0067,0.04738,0.09466,0.17774,0,1,-1.000,-1.000,running
90.169,2,343,0.13880,0.10630,-0.0022,-0.0079,0.04662,0.09391,0.17763,0,1,-1.000,-1.000,running
90.216,2,344,0.13822,0.10633,-0.0316,0.0016,0.04665,0.09295,0.17717,0,1,-1.000,-1.000,running
90.259,2,345,0.13845,0.10645,0.0123,0.0067,0.04638,0.09461,0.17742,0,1,-1.000,-1.000,running
90.305,2,346,0.13883,0.10651,0.0212,0.0033,0.04601,0.09439,0.17777,0,1,-1.000,-1.000,running
90.388,2,347,0.13825,0.10656,-0.0322,0.0028,0.04697,0.09579,0.17732,0,1,-1.000,-1.000,running
90.433,2,348,0.13862,0.10644,0.0204,-0.0068,0.04675,0.09525,0.17755,0,1,-1.000,-1.000,running
90.478,2,349,0.13908,0.10678,0.0251,0.0191,0.04620,0.09418,0.17813,0,1,-1.000,-1.000,running
90.521,2,350,0.13851,0.10646,-0.0311,-0.0177,0.04632,0.09401,0.17748,0,1,-1.000,-1.000,running
90.566,2,351,0.13899,0.10696,0.0262,0.0272,0.04681,0.09428,0.17815,0,1,-1.000,-1.000,running
90.611,2,352,0.13873,0.10634,-0.0143,-0.0336,0.04627,0.09315,0.17759,0,1,-1.000,-1.000,running
90.655,2,353,0.13868,0.10668,-0.0024,0.0187,0.04577,0.09459,0.17775,0,1,-1.000,-1.000,running
90.701,2,354,0.13858,0.10624,-0.0057,-0.0243,0.04652,0.09393,0.17741,0,1,-1.000,-1.000,running
90.786,2,355,0.13865,0.10637,0.0039,0.0070,0.04652,0.09468,0.17754,0,1,-1.000,-1.000,running
90.828,2,356,0.13861,0.10624,-0.0024,-0.0073,0.04662,0.09391,0.17743,0,1,-1.000,-1.000,running
90.873,2,357,0.13846,0.10676,-0.0082,0.0290,0.04691,0.09495,0.17761,0,1,-1.000,-1.000,running
90.920,2,358,0.13882,0.10648,0.0196,-0.0156,0.04690,0.09425,0.17774,0,1,-1.000,-1.000,running
90.964,2,359,0.13867,0.10623,-0.0080,-0.0138,0.04691,0.09495,0.17748,0,1,-1.000,-1.000,running
91.008,2,360,0.13802,0.10651,-0.0359,0.0155,0.04609,0.09288,0.17710,0,1,-1.000,-1.000,running
91.053,2,361,0.13804,0.10616,0.0012,-0.0193,0.04657,0.09526,0.17692,0,1,-1.000,-1.000,running
91.093,2,362,0.13840,0.10683,0.0200,0.0367,0.04605,0.09244,0.17760,0,1,-1.000,-1.000,running
91.136,2,363,0.13832,0.10667,-0.0043,-0.0086,0.04622,0.09334,0.17745,0,1,-1.000,-1.000,running
91.181,2,364,0.13871,0.10643,0.0212,-0.0132,0.04681,0.09428,0.17763,0,1,-1.000,-1.000,running
91.224,2,365,0.13849,0.10647,-0.0120,0.0018,0.04649,0.09525,0.17747,0,1,-1.000,-1.000,running
91.272,2,366,0.13877,0.10675,0.0155,0.0157,0.04657,0.09338,0.17786,0,1,-1.000,-1.000,running
91.315,2,367,0.13824,0.10697,-0.0292,0.0118,0.04725,0.09463,0.17755,0,1,-1.000,-1.000,running
91.361,2,368,0.13841,0.10633,0.0095,-0.0351,0.04680,0.09456,0.17733,0,1,-1.000,-1.000,running
91.405,2,369,0.13856,0.10655,0.0078,0.0120,0.04607,0.09554,0.17757,0,1,-1.000,-1.000,running
91.445,2,370,0.13825,0.10645,-0.0167,-0.0052,0.04729,0.09332,0.17726,0,1,-1.000,-1.000,running
91.490,2,371,0.13859,0.10670,0.0184,0.0140,0.04652,0.09468,0.17768,0,1,-1.000,-1.000,running
91.534,2,372,0.13855,0.10659,-0.0020,-0.0062,0.04671,0.09429,0.17759,0,1,-1.000,-1.000,running
91.578,2,373,0.13857,0.10658,0.0007,-0.0005,0.04685,0.09360,0.17759,0,1,-1.000,-1.000,running
91.621,2,374,0.13831,0.10612,-0.0141,-0.0255,0.04652,0.09393,0.17712,0,1,-1.000,-1.000,running
91.670,2,375,0.13845,0.10668,0.0080,0.0307,0.04690,0.09452,0.17756,0,1,-1.000,-1.000,running
91.715,2,376,0.13820,0.10626,-0.0142,-0.0227,0.04622,0.09331,0.17711,0,1,-1.000,-1.000,running
91.758,2,377,0.13837,0.10658,0.0094,0.0174,0.04642,0.09366,0.17743,0,1,-1.000,-1.000,running
91.803,2,378,0.13841,0.10673,0.0022,0.0083,0.04724,0.09423,0.17755,0,1,-1.000,-1.000,running
91.845,2,379,0.13820,0.10654,-0.0114,-0.0103,0.04721,0.09585,0.17727,0,1,-1.000,-1.000,running
91.884,2,380,0.13807,0.10667,-0.0073,0.0069,0.04729,0.09483,0.17723,0,1,-1.000,-1.000,running
91.928,2,381,0.13834,0.10644,0.0152,-0.0128,0.04638,0.09461,0.17733,0,1,-1.000,-1.000,running
91.974,2,382,0.13866,0.10621,0.0175,-0.0126,0.04629,0.09354,0.17746,0,1,-1.000,-1.000,running
92.020,2,383,0.13835,0.10654,-0.0169,0.0184,0.04627,0.09268,0.17740,0,1,-1.000,-1.000,running
92.064,2,384,0.13826,0.10628,-0.0052,-0.0144,0.04709,0.09458,0.17717,0,1,-1.000,-1.000,running
92.110,2,385,0.13840,0.10693,0.0080,0.0356,0.04724,0.09545,0.17766,0,1,-1.000,-1.000,running
92.153,2,386,0.13840,0.10662,-0.0003,-0.0169,0.04660,0.09495,0.17748,0,1,-1.000,-1.000,running
92.194,2,387,0.13855,0.10630,0.0082,-0.0178,0.04639,0.09465,0.17742,0,1,-1.000,-1.000,running
92.238,2,388,0.13860,0.10659,0.0029,0.0162,0.04677,0.09513,0.17763,0,1,-1.000,-1.000,running
92.281,2,389,0.13807,0.10636,-0.0291,-0.0128,0.04610,0.09494,0.17706,0,1,-1.000,-1.000,running
92.326,2,390,0.13840,0.10657,0.0180,0.0117,0.04678,0.09619,0.17745,0,1,-1.000,-1.000,running
92.370,2,391,0.13838,0.10681,-0.0010,0.0131,0.04622,0.09334,0.17757,0,1,-1.000,-1.000,running
92.418,2,392,0.13834,0.10655,-0.0020,-0.0141,0.04647,0.09457,0.17740,0,1,-1.000,-1.000,running
92.461,2,393,0.13870,0.10680,0.0194,0.0137,0.04595,0.09289,0.17783,0,1,-1.000,-1.000,running
92.508,2,394,0.13824,0.10677,-0.0250,-0.0021,0.04742,0.09422,0.17743,0,1,-1.000,-1.000,running
92.548,2,395,0.13830,0.10706,0.0029,0.0161,0.04611,0.09486,0.17764,0,1,-1.000,-1.000,running
92.589,2,396,0.13835,0.10657,0.0033,-0.0268,0.04685,0.09557,0.17741,0,1,-1.000,-1.000,running
92.632,2,397,0.13784,0.10671,-0.0284,0.0077,0.04662,0.09391,0.17707,0,1,-1.000,-1.000,running
92.676,2,398,0.13835,0.10667,0.0283,-0.0023,0.04677,0.09513,0.17747,0,1,-1.000,-1.000,running
92.722,2,399,0.13849,0.10637,0.0078,-0.0164,0.04660,0.09362,0.17742,0,1,-1.000,-1.000,running
92.815,2,400,0.13811,0.10674,-0.0211,0.0204,0.04684,0.09465,0.17731,0,1,-1.000,-1.000,running
92.859,2,401,0.13860,0.10670,0.0268,-0.0025,0.04691,0.09455,0.17769,0,1,-1.000,-1.000,running
92.902,2,402,0.13874,0.10660,0.0077,-0.0056,0.04671,0.09429,0.17775,0,1,-1.000,-1.000,running
92.944,2,403,0.13841,0.10657,-0.0179,-0.0014,0.04580,0.09397,0.17746,0,1,-1.000,-1.000,running
92.986,2,404,0.13846,0.10697,0.0024,0.0218,0.04657,0.09641,0.17772,0,1,-1.000,-1.000,running
93.030,2,405,0.13829,0.10624,-0.0094,-0.0398,0.04616,0.09397,0.17717,0,1,-1.000,-1.000,running
93.075,2,406,0.13858,0.10586,0.0161,-0.0211,0.04662,0.09463,0.17720,0,1,-1.000,-1.000,running
93.121,2,407,0.13864,0.10613,0.0033,0.0149,0.04690,0.09379,0.17740,0,1,-1.000,-1.000,running
93.166,2,408,0.13836,0.10693,-0.0153,0.0442,0.04586,0.09491,0.17763,0,1,-1.000,-1.000,running
93.208,2,409,0.13827,0.10592,-0.0052,-0.0559,0.04710,0.09506,0.17697,0,1,-1.000,-1.000,running
93.254,2,410,0.13848,0.10648,0.0115,0.0312,0.04707,0.09382,0.17746,0,1,-1.000,-1.000,running
93.297,2,411,0.13855,0.10656,0.0043,0.0044,0.04614,0.09387,0.17757,0,1,-1.000,-1.000,running
93.337,2,412,0.13884,0.10680,0.0160,0.0128,0.04668,0.09496,0.17795,0,1,-1.000,-1.000,running
93.381,2,413,0.13872,0.10566,-0.0070,-0.0623,0.04560,0.09331,0.17720,0,1,-1.000,-1.000,running
93.425,2,414,0.13885,0.10663,0.0075,0.0532,0.04612,0.09549,0.17786,0,1,-1.000,-1.000,running
93.471,2,415,0.13844,0.10652,-0.0228,-0.0063,0.04644,0.09276,0.17745,0,1,-1.000,-1.000,running
93.520,2,416,0.13856,0.10638,0.0066,-0.0077,0.04628,0.09436,0.17747,0,1,-1.000,-1.000,running
93.606,2,417,0.13868,0.10641,0.0068,0.0016,0.04591,0.09264,0.17759,0,1,-1.000,-1.000,running
93.648,2,418,0.13913,0.10670,0.0246,0.0161,0.04642,0.09401,0.17813,0,1,-1.000,-1.000,running
93.690,2,419,0.13846,0.10655,-0.0371,-0.0081,0.04673,0.09381,0.17749,0,1,-1.000,-1.000,running
93.733,2,420,0.13877,0.10657,0.0171,0.0012,0.04645,0.09457,0.17776,0,1,-1.000,-1.000,running
93.781,2,421,0.13848,0.10697,-0.0161,0.0216,0.04748,0.09534,0.17774,0,1,-1.000,-1.000,running
93.825,2,422,0.13888,0.10652,0.0220,-0.0247,0.04678,0.09439,0.17781,0,1,-1.000,-1.000,running
93.871,2,423,0.13863,0.10628,-0.0136,-0.0129,0.04701,0.09522,0.17748,0,1,-1.000,-1.000,running
93.916,2,424,0.13852,0.10662,-0.0058,0.0189,0.04624,0.09327,0.17758,0,1,-1.000,-1.000,running
93.958,2,425,0.13844,0.10644,-0.0047,-0.0099,0.04670,0.09429,0.17741,0,1,-1.000,-1.000,running
94.000,2,426,0.13818,0.10646,-0.0141,0.0010,0.04721,0.09585,0.17721,0,1,-1.000,-1.000,running
94.041,2,427,0.13862,0.10678,0.0242,0.0173,0.04623,0.09359,0.17775,0,1,-1.000,-1.000,running
94.085,2,428,0.13793,0.10677,-0.0383,-0.0003,0.04655,0.09425,0.17717,0,1,-1.000,-1.000,running
94.131,2,429,0.13838,0.10660,0.0251,-0.0093,0.04642,0.09401,0.17745,0,1,-1.000,-1.000,running
94.177,2,430,0.13859,0.10636,0.0113,-0.0132,0.04586,0.09331,0.17749,0,1,-1.000,-1.000,running
94.219,2,431,0.13829,0.10625,-0.0166,-0.0063,0.04681,0.09428,0.17717,0,1,-1.000,-1.000,running
94.265,2,432,0.13860,0.10642,0.0171,0.0096,0.04664,0.09315,0.17753,0,1,-1.000,-1.000,running
94.310,2,433,0.13861,0.10676,0.0009,0.0185,0.04691,0.09495,0.17773,0,1,-1.000,-1.000,running
94.354,2,434,0.13832,0.10651,-0.0162,-0.0135,0.04642,0.09401,0.17735,0,1,-1.000,-1.000,running
94.399,2,435,0.13836,0.10685,0.0024,0.0187,0.04652,0.09468,0.17758,0,1,-1.000,-1.000,running
94.437,2,436,0.13805,0.10675,-0.0171,-0.0057,0.04642,0.09325,0.17727,0,1,-1.000,-1.000,running
94.483,2,437,0.13856,0.10655,0.0278,-0.0109,0.04709,0.09417,0.17757,0,1,-1.000,-1.000,running
94.525,2,438,0.13879,0.10640,0.0127,-0.0085,0.04679,0.09448,0.17767,0,1,-1.000,-1.000,running
94.572,2,439,0.13846,0.10657,-0.0180,0.0097,0.04621,0.09300,0.17750,0,1,-1.000,-1.000,running
94.617,2,440,0.13868,0.10676,0.0121,0.0101,0.04642,0.09401,0.17779,0,1,-1.000,-1.000,running
94.662,2,441,0.13860,0.10662,-0.0041,-0.0077,0.04536,0.09231,0.17765,0,1,-1.000,-1.000,running
94.705,2,442,0.13818,0.10673,-0.0234,0.0061,0.04644,0.09426,0.17736,0,1,-1.000,-1.000,running
94.748,2,443,0.13819,0.10616,0.0004,-0.0312,0.04642,0.09401,0.17704,0,1,-1.000,-1.000,running
94.834,2,444,0.13854,0.10639,0.0193,0.0126,0.04704,0.09486,0.17746,0,1,-1.000,-1.000,running
94.877,2,445,0.13863,0.10640,0.0053,0.0005,0.04622,0.09334,0.17755,0,1,-1.000,-1.000,running
94.922,2,446,0.13880,0.10683,0.0093,0.0237,0.04645,0.09408,0.17793,0,1,-1.000,-1.000,running
94.969,2,447,0.13857,0.10613,-0.0125,-0.0385,0.04739,0.09550,0.17735,0,1,-1.000,-1.000,running
95.013,2,448,0.13891,0.10670,0.0187,0.0312,0.04650,0.09344,0.17795,0,1,-1.000,-1.000,running
95.059,2,449,0.13826,0.10659,-0.0358,-0.0060,0.04674,0.09363,0.17735,0,1,-1.000,-1.000,running
95.102,2,450,0.13839,0.10678,0.0071,0.0104,0.04691,0.09470,0.17756,0,1,-1.000,-1.000,running
95.143,2,451,0.13869,0.10659,0.0165,-0.0106,0.04627,0.09552,0.17770,0,1,-1.000,-1.000,running
95.184,2,452,0.13838,0.10647,-0.0173,-0.0062,0.04691,0.09350,0.17738,0,1,-1.000,-1.000,running
95.230,2,453,0.13848,0.10679,0.0058,0.0177,0.04681,0.09428,0.17765,0,1,-1.000,-1.000,running
95.273,2,454,0.13870,0.10646,0.0120,-0.0182,0.04625,0.09435,0.17764,0,1,-1.000,-1.000,running
95.321,2,455,0.13855,0.10664,-0.0082,0.0095,0.04612,0.09531,0.17761,0,1,-1.000,-1.000,running
95.366,2,456,0.13838,0.10658,-0.0096,-0.0033,0.04662,0.09391,0.17744,0,1,-1.000,-1.000,running
95.408,2,457,0.13816,0.10687,-0.0119,0.0161,0.04735,0.09521,0.17742,0,1,-1.000,-1.000,running
95.463,2,458,0.13816,0.10687,0.0000,0.0000,0.04651,0.09415,0.17742,0,0,-1.000,-1.000,running
95.540,2,459,0.13830,0.10643,0.0076,-0.0240,0.04665,0.09370,0.17729,0,1,-1.000,-1.000,running
95.581,2,460,0.13853,0.10674,0.0129,0.0169,0.04665,0.09480,0.17766,0,1,-1.000,-1.000,running
95.624,2,461,0.13860,0.10606,0.0035,-0.0372,0.04755,0.09417,0.17733,0,1,-1.000,-1.000,running
95.672,2,462,0.13849,0.10647,-0.0061,0.0224,0.04748,0.09534,0.17746,0,1,-1.000,-1.000,running
95.717,2,463,0.13868,0.10668,0.0109,0.0115,0.04722,0.09551,0.17775,0,1,-1.000,-1.000,running
95.761,2,464,0.13854,0.10661,-0.0082,-0.0040,0.04696,0.09638,0.17758,0,1,-1.000,-1.000,running
95.806,2,465,0.13854,0.10656,0.0001,-0.0023,0.04691,0.09495,0.17756,0,1,-1.000,-1.000,running
95.849,2,466,0.13887,0.10670,0.0183,0.0076,0.04662,0.09391,0.17791,0,1,-1.000,-1.000,running
95.893,2,467,0.13860,0.10650,-0.0150,-0.0111,0.04641,0.09589,0.17758,0,1,-1.000,-1.000,running
95.933,2,468,0.13875,0.10671,0.0081,0.0116,0.04767,0.09516,0.17782,0,1,-1.000,-1.000,running
95.977,2,469,0.13890,0.10672,0.0085,0.0007,0.04698,0.09570,0.17795,0,1,-1.000,-1.000,running
96.023,2,470,0.13810,0.10674,-0.0438,0.0010,0.04729,0.09506,0.17731,0,1,-1.000,-1.000,running
96.068,2,471,0.13842,0.10653,0.0175,-0.0115,0.04640,0.09392,0.17745,0,1,-1.000,-1.000,running
96.113,2,472,0.13843,0.10657,0.0005,0.0018,0.04771,0.09501,0.17747,0,1,-1.000,-1.000,running
96.159,2,473,0.13819,0.10654,-0.0132,-0.0015,0.04676,0.09582,0.17726,0,1,-1.000,-1.000,running
96.201,2,474,0.13833,0.10672,0.0074,0.0101,0.04738,0.09466,0.17748,0,1,-1.000,-1.000,running
96.245,2,475,0.13864,0.10659,0.0172,-0.0075,0.04738,0.09608,0.17766,0,1,-1.000,-1.000,running
96.285,2,476,0.13849,0.10649,-0.0083,-0.0055,0.04707,0.09446,0.17748,0,1,-1.000,-1.000,running
96.329,2,477,0.13857,0.10662,0.0046,0.0075,0.04748,0.09534,0.17762,0,1,-1.000,-1.000,running
96.373,2,478,0.13867,0.10673,0.0053,0.0057,0.04750,0.09620,0.17776,0,1,-1.000,-1.000,running
96.420,2,479,0.13853,0.10682,-0.0074,0.0052,0.04590,0.09592,0.17770,0,1,-1.000,-1.000,running
96.464,2,480,0.13853,0.10696,-0.0003,0.0075,0.04681,0.09428,0.17778,0,1,-1.000,-1.000,running
96.510,2,481,0.13854,0.10657,0.0005,-0.0216,0.04660,0.09362,0.17756,0,1,-1.000,-1.000,running
96.555,2,482,0.13866,0.10678,0.0067,0.0117,0.04738,0.09466,0.17778,0,1,-1.000,-1.000,running
96.596,2,483,0.13840,0.10696,-0.0139,0.0100,0.04663,0.09305,0.17768,0,1,-1.000,-1.000,running
96.641,2,484,0.13842,0.10652,0.0008,-0.0243,0.04743,0.09596,0.17744,0,1,-1.000,-1.000,running
96.682,2,485,0.13879,0.10650,0.0203,-0.0011,0.04721,0.09585,0.17773,0,1,-1.000,-1.000,running
96.725,2,486,0.13841,0.10654,-0.0208,0.0020,0.04715,0.09647,0.17744,0,1,-1.000,-1.000,running
96.771,2,487,0.13863,0.10675,0.0121,0.0117,0.04726,0.09483,0.17774,0,1,-1.000,-1.000,running
96.861,2,488,0.13869,0.10624,0.0031,-0.0283,0.04730,0.09569,0.17750,0,1,-1.000,-1.000,running
96.904,2,489,0.13881,0.10665,0.0066,0.0226,0.04746,0.09399,0.17783,0,1,-1.000,-1.000,running
96.949,2,490,0.13838,0.10689,-0.0234,0.0132,0.04680,0.09456,0.17761,0,1,-1.000,-1.000,running
96.994,2,491,0.13849,0.10670,0.0063,-0.0103,0.04769,0.09530,0.17760,0,1,-1.000,-1.000,running
97.035,2,492,0.13868,0.10671,0.0102,0.0005,0.04691,0.09495,0.17776,0,1,-1.000,-1.000,running
97.077,2,493,0.13870,0.10659,0.0013,-0.0063,0.04741,0.09646,0.17771,0,1,-1.000,-1.000,running
97.123,2,494,0.13841,0.10678,-0.0161,0.0103,0.04670,0.09514,0.17758,0,1,-1.000,-1.000,running
97.168,2,495,0.13826,0.10647,-0.0082,-0.0169,0.04662,0.09463,0.17728,0,1,-1.000,-1.000,running
97.213,2,496,0.13851,0.10682,0.0138,0.0190,0.04636,0.09492,0.17769,0,1,-1.000,-1.000,running
97.258,2,497,0.13838,0.10664,-0.0071,-0.0101,0.04652,0.09393,0.17747,0,1,-1.000,-1.000,running
97.303,2,498,0.13865,0.10657,0.0148,-0.0037,0.04797,0.09588,0.17766,0,1,-1.000,-1.000,running
97.344,2,499,0.13854,0.10670,-0.0066,0.0071,0.04653,0.09437,0.17763,0,1,-1.000,-1.000,running
97.428,2,500,0.13845,0.10662,-0.0047,-0.0041,0.04685,0.09557,0.17752,0,1,-1.000,-1.000,running
97.475,2,501,0.13874,0.10613,0.0161,-0.0270,0.04691,0.09470,0.17749,0,1,-1.000,-1.000,running
97.522,2,502,0.13859,0.10641,-0.0082,0.0151,0.04675,0.09292,0.17752,0,1,-1.000,-1.000,running
97.565,2,503,0.13848,0.10648,-0.0059,0.0037,0.04691,0.09495,0.17747,0,1,-1.000,-1.000,running
97.609,2,504,0.13866,0.10623,0.0095,-0.0134,0.04752,0.09470,0.17747,0,1,-1.000,-1.000,running
97.654,2,505,0.13875,0.10655,0.0053,0.0177,0.04673,0.09460,0.17773,0,1,-1.000,-1.000,running
97.696,2,506,0.13845,0.10632,-0.0166,-0.0127,0.04712,0.09533,0.17735,0,1,-1.000,-1.000,running
97.738,2,507,0.13828,0.10623,-0.0095,-0.0052,0.04739,0.09550,0.17716,0,1,-1.000,-1.000,running
97.780,2,508,0.13863,0.10616,0.0190,-0.0038,0.04641,0.09390,0.17740,0,1,-1.000,-1.000,running
97.827,2,509,0.13832,0.10648,-0.0166,0.0176,0.04671,0.09305,0.17734,0,1,-1.000,-1.000,running
97.872,2,510,0.13880,0.10676,0.0263,0.0153,0.04685,0.09557,0.17789,0,1,-1.000,-1.000,running
97.919,2,511,0.13870,0.10637,-0.0054,-0.0212,0.04670,0.09429,0.17759,0,1,-1.000,-1.000,running
97.961,2,512,0.13870,0.10655,-0.0004,0.0097,0.04660,0.09362,0.17768,0,1,-1.000,-1.000,running
98.008,2,513,0.13817,0.10596,-0.0291,-0.0325,0.04666,0.09517,0.17691,0,1,-1.000,-1.000,running
98.052,2,514,0.13853,0.10647,0.0198,0.0282,0.04716,0.09530,0.17750,0,1,-1.000,-1.000,running
98.090,2,515,0.13873,0.10655,0.0109,0.0042,0.04708,0.09528,0.17771,0,1,-1.000,-1.000,running
98.133,2,516,0.13833,0.10660,-0.0217,0.0029,0.04609,0.09430,0.17741,0,1,-1.000,-1.000,running
98.179,2,517,0.13856,0.10660,0.0127,-0.0001,0.04678,0.09365,0.17760,0,1,-1.000,-1.000,running
98.222,2,518,0.13831,0.10670,-0.0137,0.0056,0.04691,0.09495,0.17745,0,1,-1.000,-1.000,running
98.268,2,519,0.13892,0.10655,0.0332,-0.0082,0.04699,0.09439,0.17787,0,1,-1.000,-1.000,running
98.314,2,520,0.13825,0.10619,-0.0368,-0.0197,0.04719,0.09483,0.17711,0,1,-1.000,-1.000,running
98.357,2,521,0.13843,0.10662,0.0099,0.0236,0.04688,0.09392,0.17750,0,1,-1.000,-1.000,running
98.403,2,522,0.13847,0.10698,0.0023,0.0196,0.04642,0.09401,0.17774,0,1,-1.000,-1.000,running
98.446,2,523,0.13874,0.10650,0.0150,-0.0266,0.04681,0.09428,0.17769,0,1,-1.000,-1.000,running
98.488,2,524,0.13851,0.10666,-0.0125,0.0093,0.04711,0.09518,0.17760,0,1,-1.000,-1.000,running
98.531,2,525,0.13840,0.10667,-0.0060,0.0002,0.04723,0.09425,0.17751,0,1,-1.000,-1.000,running
98.575,2,526,0.13812,0.10600,-0.0157,-0.0367,0.04681,0.09428,0.17690,0,1,-1.000,-1.000,running
98.619,2,527,0.13880,0.10673,0.0375,0.0402,0.04663,0.09435,0.17787,0,1,-1.000,-1.000,running
98.664,2,528,0.13872,0.10677,-0.0043,0.0024,0.04647,0.09548,0.17783,0,1,-1.000,-1.000,running
98.708,2,529,0.13882,0.10671,0.0054,-0.0038,0.04655,0.09451,0.17787,0,1,-1.000,-1.000,running
98.754,2,530,0.13849,0.10655,-0.0181,-0.0088,0.04639,0.09490,0.17751,0,1,-1.000,-1.000,running
98.797,2,531,0.13859,0.10666,0.0052,0.0063,0.04628,0.09262,0.17766,0,1,-1.000,-1.000,running
98.882,2,532,0.13843,0.10625,-0.0089,-0.0224,0.04623,0.09363,0.17729,0,1,-1.000,-1.000,running
98.927,2,533,0.13854,0.10649,0.0066,0.0130,0.04554,0.09398,0.17752,0,1,-1.000,-1.000,running
98.969,2,534,0.13901,0.10655,0.0254,0.0033,0.04677,0.09547,0.17794,0,1,-1.000,-1.000,running
99.015,2,535,0.13857,0.10670,-0.0241,0.0086,0.04652,0.09468,0.17767,0,1,-1.000,-1.000,running
99.061,2,536,0.13862,0.10639,0.0026,-0.0174,0.04668,0.09397,0.17753,0,1,-1.000,-1.000,running
99.109,2,537,0.13833,0.10655,-0.0158,0.0087,0.04662,0.09391,0.17738,0,1,-1.000,-1.000,running
99.153,2,538,0.13851,0.10659,0.0102,0.0022,0.04707,0.09498,0.17755,0,1,-1.000,-1.000,running
99.197,2,539,0.13850,0.10673,-0.0009,0.0079,0.04707,0.09560,0.17762,0,1,-1.000,-1.000,running
99.236,2,540,0.13856,0.10637,0.0033,-0.0201,0.04552,0.09186,0.17746,0,1,-1.000,-1.000,running
99.279,2,541,0.13852,0.10623,-0.0020,-0.0073,0.04681,0.09428,0.17736,0,1,-1.000,-1.000,running
99.324,2,542,0.13842,0.10663,-0.0057,0.0217,0.04640,0.09365,0.17750,0,1,-1.000,-1.000,running
99.369,2,543,0.13864,0.10663,0.0123,0.0004,0.04622,0.09546,0.17769,0,1,-1.000,-1.000,running
99.414,2,544,0.13868,0.10657,0.0022,-0.0038,0.04691,0.09492,0.17768,0,1,-1.000,-1.000,running
99.460,2,545,0.13842,0.10637,-0.0143,-0.0107,0.04625,0.09435,0.17735,0,1,-1.000,-1.000,running
99.502,2,546,0.13853,0.10635,0.0059,-0.0010,0.04598,0.09359,0.17743,0,1,-1.000,-1.000,running
99.547,2,547,0.13892,0.10711,0.0218,0.0417,0.04727,0.09636,0.17819,0,1,-1.000,-1.000,running
99.586,2,548,0.13902,0.10662,0.0051,-0.0269,0.04652,0.09393,0.17799,0,1,-1.000,-1.000,running
99.628,2,549,0.13836,0.10653,-0.0362,-0.0050,0.04673,0.09490,0.17739,0,1,-1.000,-1.000,running
99.672,2,550,0.13844,0.10653,0.0043,-0.0002,0.04677,0.09513,0.17746,0,1,-1.000,-1.000,running
99.718,2,551,0.13839,0.10656,-0.0024,0.0016,0.04667,0.09489,0.17744,0,1,-1.000,-1.000,running
99.766,2,552,0.13856,0.10659,0.0090,0.0017,0.04660,0.09362,0.17759,0,1,-1.000,-1.000,running
99.811,2,553,0.13834,0.10668,-0.0120,0.0050,0.04662,0.09471,0.17746,0,1,-1.000,-1.000,running
99.856,2,554,0.13885,0.10665,0.0279,-0.0015,0.04572,0.09397,0.17786,0,1,-1.000,-1.000,running
99.901,2,555,0.13836,0.10661,-0.0268,-0.0024,0.04612,0.09457,0.17744,0,1,-1.000,-1.000,running
99.938,2,556,0.13815,0.10659,-0.0116,-0.0011,0.04681,0.09428,0.17725,0,1,-1.000,-1.000,running
99.983,2,557,0.13873,0.10682,0.0318,0.0129,0.04611,0.09360,0.17786,0,1,-1.000,-1.000,running
100.026,2,558,0.13830,0.10669,-0.0237,-0.0070,0.04768,0.09483,0.17744,0,1,-1.000,-1.000,running
100.072,2,559,0.13858,0.10639,0.0156,-0.0167,0.04679,0.09448,0.17750,0,1,-1.000,-1.000,running
100.119,2,560,0.13833,0.10701,-0.0134,0.0340,0.04681,0.09425,0.17765,0,1,-1.000,-1.000,running
100.162,2,561,0.13844,0.10656,0.0055,-0.0248,0.04748,0.09534,0.17747,0,1,-1.000,-1.000,running
100.207,2,562,0.13844,0.10651,0.0000,-0.0025,0.04681,0.09428,0.17745,0,1,-1.000,-1.000,running
100.246,2,563,0.13876,0.10665,0.0179,0.0076,0.04719,0.09487,0.17779,0,1,-1.000,-1.000,running
100.289,2,564,0.13859,0.10657,-0.0096,-0.0044,0.04704,0.09486,0.17761,0,1,-1.000,-1.000,running
100.335,2,565,0.13828,0.10649,-0.0172,-0.0046,0.04642,0.09401,0.17730,0,1,-1.000,-1.000,running
100.376,2,566,0.13870,0.10657,0.0235,0.0044,0.04714,0.09396,0.17770,0,1,-1.000,-1.000,running
100.422,2,567,0.13830,0.10663,-0.0221,0.0037,0.04672,0.09530,0.17741,0,1,-1.000,-1.000,running
100.467,2,568,0.13854,0.10678,0.0133,0.0078,0.04639,0.09421,0.17768,0,1,-1.000,-1.000,running
100.513,2,569,0.13862,0.10687,0.0040,0.0054,0.04597,0.09359,0.17780,0,1,-1.000,-1.000,running
100.559,2,570,0.13844,0.10658,-0.0098,-0.0163,0.04670,0.09429,0.17749,0,1,-1.000,-1.000,running
100.601,2,571,0.13873,0.10581,0.0163,-0.0421,0.04691,0.09495,0.17730,0,1,-1.000,-1.000,running
100.644,2,572,0.13844,0.10633,-0.0161,0.0282,0.04686,0.09362,0.17735,0,1,-1.000,-1.000,running
100.685,2,573,0.13862,0.10662,0.0096,0.0162,0.04625,0.09519,0.17766,0,1,-1.000,-1.000,running
100.731,2,574,0.13831,0.10654,-0.0169,-0.0042,0.04743,0.09596,0.17736,0,1,-1.000,-1.000,running
100.776,2,575,0.13889,0.10707,0.0320,0.0290,0.04689,0.09401,0.17814,0,1,-1.000,-1.000,running
100.819,2,576,0.13888,0.10652,-0.0007,-0.0303,0.04723,0.09549,0.17782,0,1,-1.000,-1.000,running
100.912,2,577,0.13833,0.10704,-0.0304,0.0284,0.04755,0.09482,0.17765,0,1,-1.000,-1.000,running
100.953,2,578,0.13871,0.10669,0.0212,-0.0188,0.04612,0.09390,0.17778,0,1,-1.000,-1.000,running
100.994,2,579,0.13839,0.10657,-0.0177,-0.0070,0.04622,0.09334,0.17744,0,1,-1.000,-1.000,running
101.037,2,580,0.13854,0.10668,0.0085,0.0063,0.04660,0.09362,0.17763,0,1,-1.000,-1.000,running
101.079,2,581,0.13904,0.10675,0.0271,0.0039,0.04625,0.09519,0.17808,0,1,-1.000,-1.000,running
101.125,2,582,0.13826,0.10653,-0.0427,-0.0124,0.04632,0.09401,0.17731,0,1,-1.000,-1.000,running
101.171,2,583,0.13870,0.10565,0.0245,-0.0483,0.04662,0.09463,0.17718,0,1,-1.000,-1.000,running
101.218,2,584,0.13841,0.10650,-0.0164,0.0469,0.04679,0.09448,0.17742,0,1,-1.000,-1.000,running
101.263,2,585,0.13900,0.10624,0.0328,-0.0146,0.04619,0.09425,0.17776,0,1,-1.000,-1.000,running
101.306,2,586,0.13879,0.10693,-0.0116,0.0384,0.04630,0.09475,0.17798,0,1,-1.000,-1.000,running
101.349,2,587,0.13838,0.10612,-0.0225,-0.0447,0.04642,0.09325,0.17718,0,1,-1.000,-1.000,running
101.392,2,588,0.13839,0.10659,0.0004,0.0257,0.04662,0.09463,0.17745,0,1,-1.000,-1.000,running
101.434,2,589,0.13862,0.10665,0.0128,0.0035,0.04653,0.09444,0.17768,0,1,-1.000,-1.000,running
101.477,2,590,0.13842,0.10658,-0.0110,-0.0037,0.04642,0.09397,0.17748,0,1,-1.000,-1.000,running
101.523,2,591,0.13874,0.10670,0.0171,0.0066,0.04675,0.09436,0.17780,0,1,-1.000,-1.000,running
101.569,2,592,0.13862,0.10667,-0.0062,-0.0017,0.04668,0.09422,0.17769,0,1,-1.000,-1.000,running
101.613,2,593,0.13851,0.10662,-0.0062,-0.0031,0.04735,0.09403,0.17757,0,1,-1.000,-1.000,running
101.658,2,594,0.13869,0.10646,0.0096,-0.0084,0.04630,0.09565,0.17763,0,1,-1.000,-1.000,running
101.700,2,595,0.13856,0.10666,-0.0069,0.0107,0.04670,0.09429,0.17763,0,1,-1.000,-1.000,running
101.742,2,596,0.13819,0.10677,-0.0203,0.0059,0.04694,0.09546,0.17739,0,1,-1.000,-1.000,running
101.785,2,597,0.13852,0.10679,0.0183,0.0014,0.04681,0.09428,0.17768,0,1,-1.000,-1.000,running
101.828,2,598,0.13881,0.10663,0.0157,-0.0087,0.04655,0.09425,0.17782,0,1,-1.000,-1.000,running
101.876,2,599,0.13855,0.10641,-0.0144,-0.0121,0.04637,0.09460,0.17748,0,1,-1.000,-1.000,running
101.922,2,600,0.13837,0.10685,-0.0099,0.0240,0.04675,0.09491,0.17758,0,1,-1.000,-1.000,running
101.966,2,601,0.13880,0.10664,0.0240,-0.0118,0.04610,0.09497,0.17782,0,1,-1.000,-1.000,running
102.010,2,602,0.13857,0.10648,-0.0128,-0.0087,0.04640,0.09560,0.17754,0,1,-1.000,-1.000,running
102.055,2,603,0.13845,0.10651,-0.0067,0.0015,0.04681,0.09428,0.17745,0,1,-1.000,-1.000,running
102.096,2,604,0.13872,0.10640,0.0151,-0.0056,0.04660,0.09362,0.17762,0,1,-1.000,-1.000,running
102.140,2,605,0.13884,0.10633,0.0064,-0.0038,0.04609,0.09395,0.17768,0,1,-1.000,-1.000,running
102.184,2,606,0.13876,0.10666,-0.0042,0.0179,0.04605,0.09369,0.17780,0,1,-1.000,-1.000,running
102.228,2,607,0.13880,0.10648,0.0021,-0.0100,0.04650,0.09418,0.17773,0,1,-1.000,-1.000,running
102.270,2,608,0.13837,0.10668,-0.0236,0.0109,0.04634,0.09428,0.17749,0,1,-1.000,-1.000,running
102.316,2,609,0.13826,0.10650,-0.0061,-0.0097,0.04575,0.09427,0.17730,0,1,-1.000,-1.000,running
102.360,2,610,0.13839,0.10655,0.0071,0.0029,0.04577,0.09297,0.17743,0,1,-1.000,-1.000,running
102.406,2,611,0.13853,0.10671,0.0076,0.0085,0.04639,0.09458,0.17763,0,1,-1.000,-1.000,running
102.450,2,612,0.13860,0.10698,0.0037,0.0151,0.04701,0.09522,0.17785,0,1,-1.000,-1.000,running
102.533,2,613,0.13843,0.10637,-0.0092,-0.0337,0.04671,0.09455,0.17736,0,1,-1.000,-1.000,running
102.577,2,614,0.13830,0.10716,-0.0070,0.0435,0.04739,0.09550,0.17770,0,1,-1.000,-1.000,running
102.623,2,615,0.13850,0.10668,0.0109,-0.0264,0.04681,0.09428,0.17759,0,1,-1.000,-1.000,running
102.669,2,616,0.13835,0.10675,-0.0079,0.0038,0.04682,0.09483,0.17751,0,1,-1.000,-1.000,running
102.716,2,617,0.13807,0.10683,-0.0156,0.0044,0.04709,0.09417,0.17733,0,1,-1.000,-1.000,running
102.758,2,618,0.13876,0.10686,0.0378,0.0018,0.04627,0.09552,0.17791,0,1,-1.000,-1.000,running
102.804,2,619,0.13881,0.10677,0.0026,-0.0047,0.04637,0.09460,0.17790,0,1,-1.000,-1.000,running
102.845,2,620,0.13913,0.10703,0.0177,0.0141,0.04690,0.09379,0.17831,0,1,-1.000,-1.000,running
102.931,2,621,0.13844,0.10677,-0.0375,-0.0141,0.04675,0.09474,0.17760,0,1,-1.000,-1.000,running
102.975,2,622,0.13888,0.10680,0.0238,0.0017,0.04681,0.09428,0.17798,0,1,-1.000,-1.000,running
103.019,2,623,0.13846,0.10690,-0.0228,0.0055,0.04738,0.09466,0.17769,0,1,-1.000,-1.000,running
103.067,2,624,0.13897,0.10652,0.0277,-0.0210,0.04660,0.09362,0.17789,0,1,-1.000,-1.000,running
103.110,2,625,0.13863,0.10672,-0.0182,0.0111,0.04681,0.09428,0.17773,0,1,-1.000,-1.000,running
103.155,2,626,0.13850,0.10659,-0.0073,-0.0074,0.04725,0.09380,0.17755,0,1,-1.000,-1.000,running
103.198,2,627,0.13876,0.10672,0.0140,0.0073,0.04691,0.09495,0.17783,0,1,-1.000,-1.000,running
103.241,2,628,0.13878,0.10662,0.0012,-0.0054,0.04618,0.09478,0.17779,0,1,-1.000,-1.000,running
103.281,2,629,0.13852,0.10675,-0.0145,0.0073,0.04612,0.09401,0.17765,0,1,-1.000,-1.000,running
103.328,2,630,0.13825,0.10676,-0.0146,0.0003,0.04689,0.09510,0.17744,0,1,-1.000,-1.000,running
103.372,2,631,0.13836,0.10684,0.0060,0.0045,0.04662,0.09391,0.17757,0,1,-1.000,-1.000,running
103.416,2,632,0.13867,0.10660,0.0174,-0.0131,0.04669,0.09457,0.17770,0,1,-1.000,-1.000,running
103.463,2,633,0.13864,0.10663,-0.0021,0.0012,0.04647,0.09530,0.17768,0,1,-1.000,-1.000,running
103.507,2,634,0.13884,0.10652,0.0114,-0.0058,0.04773,0.09443,0.17779,0,1,-1.000,-1.000,running
103.552,2,635,0.13858,0.10643,-0.0144,-0.0049,0.04635,0.09502,0.17752,0,1,-1.000,-1.000,running
103.634,2,636,0.13847,0.10656,-0.0064,0.0073,0.04679,0.09448,0.17750,0,1,-1.000,-1.000,running
103.680,2,637,0.13864,0.10664,0.0094,0.0041,0.04567,0.09320,0.17769,0,1,-1.000,-1.000,running
103.722,2,638,0.13864,0.10638,0.0001,-0.0142,0.04669,0.09381,0.17754,0,1,-1.000,-1.000,running
103.768,2,639,0.13855,0.10673,-0.0046,0.0192,0.04622,0.09334,0.17767,0,1,-1.000,-1.000,running
103.812,2,640,0.13862,0.10671,0.0038,-0.0009,0.04582,0.09446,0.17772,0,1,-1.000,-1.000,running
103.859,2,641,0.13871,0.10626,0.0047,-0.0251,0.04652,0.09468,0.17753,0,1,-1.000,-1.000,running
103.904,2,642,0.13831,0.10662,-0.0217,0.0200,0.04672,0.09530,0.17741,0,1,-1.000,-1.000,running
103.951,2,643,0.13869,0.10637,0.0207,-0.0136,0.04624,0.09327,0.17758,0,1,-1.000,-1.000,running
104.031,2,644,0.13879,0.10659,0.0055,0.0118,0.04590,0.09497,0.17778,0,1,-1.000,-1.000,running
104.073,2,645,0.13862,0.10619,-0.0096,-0.0221,0.04693,0.09580,0.17741,0,1,-1.000,-1.000,running
104.122,2,646,0.13861,0.10652,-0.0007,0.0184,0.04540,0.09494,0.17759,0,1,-1.000,-1.000,running
104.164,2,647,0.13840,0.10671,-0.0113,0.0103,0.04616,0.09397,0.17753,0,1,-1.000,-1.000,running
104.210,2,648,0.13854,0.10670,0.0075,-0.0005,0.04636,0.09424,0.17764,0,1,-1.000,-1.000,running
104.257,2,649,0.13843,0.10666,-0.0061,-0.0020,0.04693,0.09401,0.17752,0,1,-1.000,-1.000,running
104.340,2,650,0.13874,0.10641,0.0174,-0.0137,0.04645,0.09585,0.17764,0,1,-1.000,-1.000,running
104.382,2,651,0.13871,0.10650,-0.0017,0.0049,0.04554,0.09294,0.17767,0,1,-1.000,-1.000,running
104.424,2,652,0.13862,0.10652,-0.0052,0.0007,0.04642,0.09366,0.17760,0,1,-1.000,-1.000,running
104.470,2,653,0.13825,0.10653,-0.0199,0.0006,0.04646,0.09331,0.17731,0,1,-1.000,-1.000,running
104.516,2,654,0.13893,0.10664,0.0371,0.0063,0.04667,0.09288,0.17793,0,1,-1.000,-1.000,running
104.560,2,655,0.13874,0.10677,-0.0105,0.0070,0.04681,0.09428,0.17784,0,1,-1.000,-1.000,running
104.608,2,656,0.13870,0.10670,-0.0020,-0.0040,0.04635,0.09463,0.17777,0,1,-1.000,-1.000,running
104.652,2,657,0.13878,0.10639,0.0045,-0.0169,0.04642,0.09397,0.17767,0,1,-1.000,-1.000,running
104.692,2,658,0.13883,0.10683,0.0027,0.0244,0.04660,0.09362,0.17796,0,1,-1.000,-1.000,running
104.735,2,659,0.13883,0.10684,0.0000,0.0002,0.04611,0.09589,0.17796,0,1,-1.000,-1.000,running
104.778,2,660,0.13823,0.10652,-0.0332,-0.0172,0.04691,0.09495,0.17728,0,1,-1.000,-1.000,running
104.826,2,661,0.13879,0.10656,0.0309,0.0020,0.04665,0.09492,0.17777,0,1,-1.000,-1.000,running
104.869,2,662,0.13879,0.10611,0.0000,-0.0247,0.04660,0.09362,0.17752,0,1,-1.000,-1.000,running
104.958,2,663,0.13879,0.10654,-0.0003,0.0236,0.04601,0.09319,0.17775,0,1,-1.000,-1.000,running
105.002,2,664,0.13841,0.10676,-0.0205,0.0120,0.04730,0.09498,0.17757,0,1,-1.000,-1.000,running
105.045,2,665,0.13888,0.10674,0.0258,-0.0009,0.04617,0.09387,0.17795,0,1,-1.000,-1.000,running
105.085,2,666,0.13874,0.10690,-0.0076,0.0083,0.04709,0.09458,0.17792,0,1,-1.000,-1.000,running
105.130,2,667,0.13855,0.10671,-0.0105,-0.0103,0.04603,0.09339,0.17766,0,1,-1.000,-1.000,running
105.175,2,668,0.13864,0.10657,0.0047,-0.0079,0.04600,0.09357,0.17765,0,1,-1.000,-1.000,running
105.219,2,669,0.13850,0.10682,-0.0078,0.0143,0.04700,0.09502,0.17768,0,1,-1.000,-1.000,running
105.265,2,670,0.13808,0.10661,-0.0232,-0.0120,0.04583,0.09272,0.17721,0,1,-1.000,-1.000,running
105.309,2,671,0.13914,0.10655,0.0582,-0.0029,0.04691,0.09495,0.17805,0,1,-1.000,-1.000,running
105.356,2,672,0.13862,0.10666,-0.0284,0.0056,0.04660,0.09362,0.17768,0,1,-1.000,-1.000,running
105.399,2,673,0.13841,0.10660,-0.0116,-0.0031,0.04782,0.09573,0.17747,0,1,-1.000,-1.000,running
105.439,2,674,0.13872,0.10677,0.0174,0.0096,0.04634,0.09430,0.17783,0,1,-1.000,-1.000,running
105.483,2,675,0.13834,0.10648,-0.0210,-0.0160,0.04678,0.09439,0.17735,0,1,-1.000,-1.000,running
105.525,2,676,0.13847,0.10668,0.0070,0.0108,0.04647,0.09457,0.17757,0,1,-1.000,-1.000,running
105.570,2,677,0.13895,0.10672,0.0262,0.0023,0.04642,0.09401,0.17799,0,1,-1.000,-1.000,running
105.617,2,678,0.13865,0.10644,-0.0161,-0.0158,0.04691,0.09495,0.17758,0,1,-1.000,-1.000,running
105.662,2,679,0.13864,0.10647,-0.0009,0.0016,0.04659,0.09371,0.17759,0,1,-1.000,-1.000,running
105.708,2,680,0.13839,0.10661,-0.0133,0.0081,0.04692,0.09605,0.17747,0,1,-1.000,-1.000,running
105.751,2,681,0.13860,0.10645,0.0115,-0.0092,0.04694,0.09554,0.17755,0,1,-1.000,-1.000,running
105.790,2,682,0.13832,0.10708,-0.0159,0.0351,0.04730,0.09498,0.17767,0,1,-1.000,-1.000,running
105.834,2,683,0.13845,0.10659,0.0077,-0.0273,0.04598,0.09361,0.17751,0,1,-1.000,-1.000,running
105.880,2,684,0.13892,0.10641,0.0255,-0.0099,0.04648,0.09406,0.17779,0,1,-1.000,-1.000,running
105.922,2,685,0.13872,0.10636,-0.0112,-0.0028,0.04600,0.09457,0.17759,0,1,-1.000,-1.000,running
105.969,2,686,0.13871,0.10642,-0.0004,0.0036,0.04691,0.09495,0.17762,0,1,-1.000,-1.000,running
106.014,2,687,0.13847,0.10689,-0.0132,0.0258,0.04672,0.09530,0.17769,0,1,-1.000,-1.000,running
106.057,2,688,0.13838,0.10653,-0.0048,-0.0202,0.04721,0.09514,0.17741,0,1,-1.000,-1.000,running
106.099,2,689,0.13893,0.10648,0.0304,-0.0025,0.04660,0.09362,0.17784,0,1,-1.000,-1.000,running
106.147,2,690,0.13872,0.10680,-0.0118,0.0174,0.04642,0.09397,0.17784,0,1,-1.000,-1.000,running
106.189,2,691,0.13829,0.10664,-0.0238,-0.0088,0.04660,0.09362,0.17739,0,1,-1.000,-1.000,running
106.230,2,692,0.13842,0.10668,0.0074,0.0025,0.04642,0.09401,0.17753,0,1,-1.000,-1.000,running
106.277,2,693,0.13886,0.10644,0.0240,-0.0130,0.04626,0.09355,0.17776,0,1,-1.000,-1.000,running
106.320,2,694,0.13871,0.10625,-0.0081,-0.0106,0.04670,0.09355,0.17753,0,1,-1.000,-1.000,running
106.366,2,695,0.13886,0.10665,0.0083,0.0221,0.04710,0.09445,0.17788,0,1,-1.000,-1.000,running
106.410,2,696,0.13880,0.10681,-0.0030,0.0085,0.04685,0.09557,0.17792,0,1,-1.000,-1.000,running
106.457,2,697,0.13862,0.10688,-0.0099,0.0040,0.04662,0.09463,0.17781,0,1,-1.000,-1.000,running
106.496,2,698,0.13823,0.10606,-0.0218,-0.0450,0.04660,0.09362,0.17702,0,1,-1.000,-1.000,running
106.537,2,699,0.13881,0.10640,0.0320,0.0187,0.04738,0.09466,0.17770,0,1,-1.000,-1.000,running
106.582,2,700,0.13838,0.10643,-0.0237,0.0013,0.04681,0.09428,0.17735,0,1,-1.000,-1.000,running
106.625,2,701,0.13869,0.10646,0.0168,0.0018,0.04655,0.09374,0.17762,0,1,-1.000,-1.000,running
106.668,2,702,0.13867,0.10657,-0.0008,0.0060,0.04721,0.09538,0.17767,0,1,-1.000,-1.000,running
106.713,2,703,0.13847,0.10676,-0.0112,0.0107,0.04694,0.09525,0.17762,0,1,-1.000,-1.000,running
106.761,2,704,0.13799,0.10670,-0.0260,-0.0038,0.04686,0.09515,0.17719,0,1,-1.000,-1.000,running
106.805,2,705,0.13864,0.10646,0.0354,-0.0132,0.04622,0.09334,0.17758,0,1,-1.000,-1.000,running
106.852,2,706,0.13871,0.10688,0.0040,0.0231,0.04624,0.09416,0.17788,0,1,-1.000,-1.000,running
106.893,2,707,0.13855,0.10653,-0.0090,-0.0190,0.04647,0.09395,0.17755,0,1,-1.000,-1.000,running
106.979,2,708,0.13864,0.10652,0.0048,-0.0007,0.04552,0.09262,0.17762,0,1,-1.000,-1.000,running
107.021,2,709,0.13842,0.10684,-0.0119,0.0178,0.04706,0.09438,0.17762,0,1,-1.000,-1.000,running
107.067,2,710,0.13877,0.10673,0.0192,-0.0062,0.04675,0.09491,0.17785,0,1,-1.000,-1.000,running
107.110,2,711,0.13896,0.10689,0.0107,0.0090,0.04700,0.09573,0.17810,0,1,-1.000,-1.000,running
107.157,2,712,0.13885,0.10661,-0.0063,-0.0155,0.04589,0.09297,0.17785,0,1,-1.000,-1.000,running
107.199,2,713,0.13821,0.10641,-0.0354,-0.0111,0.04624,0.09327,0.17720,0,1,-1.000,-1.000,running
107.245,2,714,0.13843,0.10662,0.0126,0.0115,0.04647,0.09530,0.17751,0,1,-1.000,-1.000,running
107.285,2,715,0.13897,0.10665,0.0292,0.0017,0.04664,0.09369,0.17796,0,1,-1.000,-1.000,running
107.327,2,716,0.13856,0.10681,-0.0221,0.0090,0.04633,0.09290,0.17772,0,1,-1.000,-1.000,running
107.371,2,717,0.13800,0.10655,-0.0310,-0.0144,0.04620,0.09420,0.17711,0,1,-1.000,-1.000,running
107.416,2,718,0.13873,0.10676,0.0401,0.0112,0.04623,0.09359,0.17783,0,1,-1.000,-1.000,running
107.461,2,719,0.13865,0.10666,-0.0046,-0.0054,0.04573,0.09449,0.17770,0,1,-1.000,-1.000,running
107.510,2,720,0.13885,0.10630,0.0114,-0.0197,0.04748,0.09534,0.17767,0,1,-1.000,-1.000,running
107.555,2,721,0.13844,0.10670,-0.0226,0.0221,0.04687,0.09445,0.17756,0,1,-1.000,-1.000,running
107.595,2,722,0.13870,0.10663,0.0141,-0.0038,0.04622,0.09473,0.17773,0,1,-1.000,-1.000,running
107.641,2,723,0.13865,0.10612,-0.0025,-0.0279,0.04695,0.09410,0.17741,0,1,-1.000,-1.000,running
107.681,2,724,0.13863,0.10668,-0.0015,0.0308,0.04704,0.09486,0.17770,0,1,-1.000,-1.000,running
107.727,2,725,0.13846,0.10609,-0.0091,-0.0327,0.04691,0.09495,0.17723,0,1,-1.000,-1.000,running
107.770,2,726,0.13805,0.10689,-0.0226,0.0441,0.04649,0.09525,0.17734,0,1,-1.000,-1.000,running
107.816,2,727,0.13877,0.10692,0.0396,0.0017,0.04665,0.09513,0.17795,0,1,-1.000,-1.000,running
107.860,2,728,0.13857,0.10679,-0.0110,-0.0074,0.04610,0.09425,0.17771,0,1,-1.000,-1.000,running
107.905,2,729,0.13866,0.10648,0.0049,-0.0165,0.04652,0.09468,0.17761,0,1,-1.000,-1.000,running
107.949,2,730,0.13878,0.10643,0.0066,-0.0030,0.04673,0.09492,0.17768,0,1,-1.000,-1.000,running
107.990,2,731,0.13842,0.10645,-0.0195,0.0014,0.04714,0.09396,0.17740,0,1,-1.000,-1.000,running
108.033,2,732,0.13870,0.10659,0.0151,0.0072,0.04660,0.09422,0.17771,0,1,-1.000,-1.000,running
108.076,2,733,0.13835,0.10649,-0.0192,-0.0055,0.04614,0.09316,0.17736,0,1,-1.000,-1.000,running
108.121,2,734,0.13853,0.10685,0.0099,0.0197,0.04638,0.09461,0.17771,0,1,-1.000,-1.000,running
108.167,2,735,0.13859,0.10662,0.0031,-0.0121,0.04633,0.09286,0.17763,0,1,-1.000,-1.000,running
108.212,2,736,0.13865,0.10678,0.0033,0.0087,0.04641,0.09485,0.17777,0,1,-1.000,-1.000,running
108.255,2,737,0.13883,0.10649,0.0101,-0.0158,0.04581,0.09396,0.17776,0,1,-1.000,-1.000,running
108.305,2,738,0.13875,0.10658,-0.0044,0.0047,0.04670,0.09429,0.17774,0,1,-1.000,-1.000,running
108.385,2,739,0.13839,0.10663,-0.0200,0.0028,0.04558,0.09340,0.17747,0,1,-1.000,-1.000,running
108.431,2,740,0.13866,0.10684,0.0151,0.0117,0.04610,0.09316,0.17782,0,1,-1.000,-1.000,running
108.473,2,741,0.13872,0.10620,0.0035,-0.0356,0.04757,0.09466,0.17751,0,1,-1.000,-1.000,running
108.518,2,742,0.13837,0.10674,-0.0196,0.0298,0.04603,0.09297,0.17752,0,1,-1.000,-1.000,running
108.565,2,743,0.13851,0.10672,0.0078,-0.0008,0.04677,0.09513,0.17763,0,1,-1.000,-1.000,running
108.610,2,744,0.13839,0.10674,-0.0067,0.0010,0.04692,0.09480,0.17754,0,1,-1.000,-1.000,running
108.652,2,745,0.13871,0.10655,0.0179,-0.0106,0.04690,0.09421,0.17770,0,1,-1.000,-1.000,running
108.694,2,746,0.13809,0.10623,-0.0342,-0.0177,0.04652,0.09464,0.17700,0,1,-1.000,-1.000,running
108.738,2,747,0.13838,0.10663,0.0160,0.0221,0.04688,0.09469,0.17747,0,1,-1.000,-1.000,running
108.780,2,748,0.13840,0.10683,0.0012,0.0111,0.04642,0.09401,0.17760,0,1,-1.000,-1.000,running
108.824,2,749,0.13861,0.10639,0.0112,-0.0241,0.04720,0.09501,0.17752,0,1,-1.000,-1.000,running
108.873,2,750,0.13872,0.10671,0.0062,0.0176,0.04691,0.09455,0.17779,0,1,-1.000,-1.000,running
108.917,2,751,0.13884,0.10632,0.0064,-0.0215,0.04681,0.09428,0.17767,0,1,-1.000,-1.000,running
109.007,2,752,0.13848,0.10678,-0.0195,0.0256,0.04646,0.09524,0.17764,0,1,-1.000,-1.000,running
109.049,2,753,0.13801,0.10660,-0.0257,-0.0102,0.04702,0.09411,0.17715,0,1,-1.000,-1.000,running
109.090,2,754,0.13883,0.10680,0.0450,0.0111,0.04634,0.09432,0.17794,0,1,-1.000,-1.000,running
109.132,2,755,0.13842,0.10634,-0.0225,-0.0254,0.04621,0.09430,0.17734,0,1,-1.000,-1.000,running
109.179,2,756,0.13854,0.10717,0.0063,0.0460,0.04676,0.09668,0.17791,0,1,-1.000,-1.000,running
109.223,2,757,0.13837,0.10642,-0.0094,-0.0414,0.04606,0.09397,0.17734,0,1,-1.000,-1.000,running
109.269,2,758,0.13884,0.10660,0.0262,0.0097,0.04592,0.09463,0.17783,0,1,-1.000,-1.000,running
109.313,2,759,0.13867,0.10647,-0.0095,-0.0069,0.04691,0.09455,0.17762,0,1,-1.000,-1.000,running
109.355,2,760,0.13827,0.10653,-0.0219,0.0031,0.04662,0.09391,0.17732,0,1,-1.000,-1.000,running
109.399,2,761,0.13853,0.10637,0.0141,-0.0085,0.04686,0.09436,0.17745,0,1,-1.000,-1.000,running
109.441,2,762,0.13853,0.10641,0.0001,0.0018,0.04657,0.09327,0.17747,0,1,-1.000,-1.000,running
109.485,2,763,0.13859,0.10621,0.0033,-0.0109,0.04567,0.09284,0.17740,0,1,-1.000,-1.000,running
109.527,2,764,0.13862,0.10642,0.0014,0.0116,0.04603,0.09297,0.17754,0,1,-1.000,-1.000,running
109.573,2,765,0.13888,0.10677,0.0142,0.0194,0.04652,0.09393,0.17796,0,1,-1.000,-1.000,running
109.621,2,766,0.13893,0.10622,0.0030,-0.0303,0.04566,0.09337,0.17769,0,1,-1.000,-1.000,running
109.665,2,767,0.13816,0.10645,-0.0421,0.0127,0.04652,0.09464,0.17719,0,1,-1.000,-1.000,running
109.709,2,768,0.13834,0.10659,0.0095,0.0075,0.04641,0.09410,0.17741,0,1,-1.000,-1.000,running
109.751,2,769,0.13877,0.10681,0.0240,0.0120,0.04639,0.09421,0.17789,0,1,-1.000,-1.000,running
109.796,2,770,0.13887,0.10648,0.0053,-0.0181,0.04691,0.09495,0.17779,0,1,-1.000,-1.000,running
109.839,2,771,0.13836,0.10659,-0.0282,0.0061,0.04720,0.09501,0.17743,0,1,-1.000,-1.000,running
109.882,2,772,0.13817,0.10661,-0.0101,0.0010,0.04584,0.09398,0.17729,0,1,-1.000,-1.000,running
109.925,2,773,0.13886,0.10661,0.0377,0.0002,0.04657,0.09401,0.17785,0,1,-1.000,-1.000,running
109.971,2,774,0.13880,0.10656,-0.0030,-0.0026,0.04659,0.09290,0.17778,0,1,-1.000,-1.000,running
110.017,2,775,0.13858,0.10650,-0.0122,-0.0037,0.04536,0.09371,0.17756,0,1,-1.000,-1.000,running
110.059,2,776,0.13867,0.10647,0.0049,-0.0012,0.04642,0.09325,0.17762,0,1,-1.000,-1.000,running
110.103,2,777,0.13841,0.10680,-0.0143,0.0179,0.04701,0.09464,0.17759,0,1,-1.000,-1.000,running
110.147,2,778,0.13875,0.10688,0.0186,0.0042,0.04629,0.09426,0.17791,0,1,-1.000,-1.000,running
110.190,2,779,0.13806,0.10662,-0.0379,-0.0138,0.04642,0.09325,0.17720,0,1,-1.000,-1.000,running
110.232,2,780,0.13864,0.10642,0.0318,-0.0112,0.04652,0.09393,0.17756,0,1,-1.000,-1.000,running
110.276,2,781,0.13828,0.10654,-0.0196,0.0065,0.04709,0.09417,0.17734,0,1,-1.000,-1.000,running
110.321,2,782,0.13859,0.10612,0.0171,-0.0230,0.04668,0.09550,0.17736,0,1,-1.000,-1.000,running
110.368,2,783,0.13853,0.10657,-0.0036,0.0247,0.04670,0.09495,0.17756,0,1,-1.000,-1.000,running
110.414,2,784,0.13869,0.10695,0.0089,0.0211,0.04642,0.09397,0.17791,0,1,-1.000,-1.000,running
110.457,2,785,0.13855,0.10635,-0.0079,-0.0329,0.04676,0.09368,0.17745,0,1,-1.000,-1.000,running
110.500,2,786,0.13823,0.10653,-0.0176,0.0095,0.04691,0.09495,0.17728,0,1,-1.000,-1.000,running
110.545,2,787,0.13891,0.10693,0.0373,0.0218,0.04638,0.09485,0.17807,0,1,-1.000,-1.000,running
110.587,2,788,0.13854,0.10665,-0.0199,-0.0151,0.04665,0.09492,0.17761,0,1,-1.000,-1.000,running
110.629,2,789,0.13846,0.10645,-0.0045,-0.0108,0.04791,0.09650,0.17744,0,1,-1.000,-1.000,running
110.672,2,790,0.13846,0.10657,-0.0001,0.0062,0.04646,0.09332,0.17750,0,1,-1.000,-1.000,running
110.720,2,791,0.13858,0.10648,0.0064,-0.0051,0.04642,0.09401,0.17754,0,1,-1.000,-1.000,running
110.764,2,792,0.13864,0.10644,0.0035,-0.0017,0.04662,0.09391,0.17758,0,1,-1.000,-1.000,running
110.807,2,793,0.13821,0.10621,-0.0237,-0.0126,0.04614,0.09366,0.17709,0,1,-1.000,-1.000,running
110.856,2,794,0.13855,0.10676,0.0185,0.0299,0.04583,0.09272,0.17768,0,1,-1.000,-1.000,running
110.895,2,795,0.13873,0.10603,0.0101,-0.0403,0.04621,0.09365,0.17741,0,1,-1.000,-1.000,running
110.938,2,796,0.13876,0.10635,0.0018,0.0179,0.04642,0.09325,0.17763,0,1,-1.000,-1.000,running
111.025,2,797,0.13892,0.10691,0.0088,0.0308,0.04619,0.09498,0.17807,0,1,-1.000,-1.000,running
111.072,2,798,0.13853,0.10664,-0.0217,-0.0152,0.04695,0.09502,0.17759,0,1,-1.000,-1.000,running
111.117,2,799,0.13850,0.10647,-0.0016,-0.0094,0.04653,0.09437,0.17747,0,1,-1.000,-1.000,running
111.159,2,800,0.13857,0.10643,0.0042,-0.0021,0.04638,0.09461,0.17751,0,1,-1.000,-1.000,running
111.204,2,801,0.13846,0.10696,-0.0064,0.0291,0.04736,0.09465,0.17772,0,1,-1.000,-1.000,running
111.248,2,802,0.13861,0.10644,0.0084,-0.0287,0.04565,0.09233,0.17755,0,1,-1.000,-1.000,running
111.293,2,803,0.13857,0.10639,-0.0022,-0.0026,0.04699,0.09404,0.17749,0,1,-1.000,-1.000,running
111.335,2,804,0.13843,0.10663,-0.0074,0.0133,0.04607,0.09417,0.17751,0,1,-1.000,-1.000,running
111.377,2,805,0.13859,0.10674,0.0086,0.0062,0.04671,0.09511,0.17771,0,1,-1.000,-1.000,running
111.424,2,806,0.13884,0.10667,0.0135,-0.0043,0.04748,0.09534,0.17786,0,1,-1.000,-1.000,running
111.468,2,807,0.13865,0.10667,-0.0101,0.0004,0.04672,0.09418,0.17772,0,1,-1.000,-1.000,running
111.512,2,808,0.13842,0.10663,-0.0125,-0.0023,0.04582,0.09492,0.17750,0,1,-1.000,-1.000,running
111.558,2,809,0.13851,0.10672,0.0050,0.0047,0.04662,0.09463,0.17763,0,1,-1.000,-1.000,running
111.602,2,810,0.13815,0.10688,-0.0200,0.0091,0.04667,0.09627,0.17742,0,1,-1.000,-1.000,running
111.644,2,811,0.13850,0.10676,0.0191,-0.0066,0.04598,0.09368,0.17764,0,1,-1.000,-1.000,running
111.686,2,812,0.13885,0.10649,0.0197,-0.0151,0.04553,0.09398,0.17778,0,1,-1.000,-1.000,running
111.730,2,813,0.13864,0.10615,-0.0118,-0.0185,0.04619,0.09496,0.17741,0,1,-1.000,-1.000,running
111.773,2,814,0.13888,0.10665,0.0135,0.0276,0.04638,0.09619,0.17790,0,1,-1.000,-1.000,running
111.818,2,815,0.13908,0.10691,0.0109,0.0143,0.04688,0.09529,0.17821,0,1,-1.000,-1.000,running
111.865,2,816,0.13882,0.10675,-0.0142,-0.0089,0.04514,0.09415,0.17790,0,1,-1.000,-1.000,running
111.907,2,817,0.13825,0.10659,-0.0314,-0.0088,0.04697,0.09411,0.17734,0,1,-1.000,-1.000,running
111.953,2,818,0.13873,0.10680,0.0263,0.0114,0.04622,0.09334,0.17785,0,1,-1.000,-1.000,running
111.997,2,819,0.13851,0.10689,-0.0122,0.0050,0.04664,0.09336,0.17772,0,1,-1.000,-1.000,running
112.037,2,820,0.13802,0.10701,-0.0267,0.0070,0.04614,0.09332,0.17739,0,1,-1.000,-1.000,running
112.082,2,821,0.13900,0.10680,0.0539,-0.0116,0.04566,0.09424,0.17808,0,1,-1.000,-1.000,running
112.130,2,822,0.13884,0.10679,-0.0093,-0.0008,0.04662,0.09391,0.17793,0,1,-1.000,-1.000,running
112.171,2,823,0.13855,0.10675,-0.0159,-0.0021,0.04647,0.09465,0.17767,0,1,-1.000,-1.000,running
112.214,2,824,0.13869,0.10652,0.0077,-0.0128,0.04678,0.09622,0.17766,0,1,-1.000,-1.000,running
112.260,2,825,0.13871,0.10656,0.0013,0.0021,0.04623,0.09359,0.17770,0,1,-1.000,-1.000,running
112.304,2,826,0.13884,0.10633,0.0071,-0.0122,0.04614,0.09362,0.17768,0,1,-1.000,-1.000,running
112.351,2,827,0.13850,0.10686,-0.0187,0.0291,0.04693,0.09541,0.17770,0,1,-1.000,-1.000,running
112.433,2,828,0.13869,0.10649,0.0103,-0.0205,0.04658,0.09376,0.17764,0,1,-1.000,-1.000,running
112.478,2,829,0.13868,0.10691,-0.0001,0.0230,0.04617,0.09395,0.17788,0,1,-1.000,-1.000,running
112.523,2,830,0.13854,0.10704,-0.0079,0.0075,0.04615,0.09436,0.17783,0,1,-1.000,-1.000,running
112.568,2,831,0.13843,0.10665,-0.0059,-0.0218,0.04657,0.09484,0.17752,0,1,-1.000,-1.000,running
112.613,2,832,0.13856,0.10676,0.0070,0.0060,0.04667,0.09524,0.17769,0,1,-1.000,-1.000,running
112.656,2,833,0.13875,0.10670,0.0104,-0.0031,0.04642,0.09401,0.17781,0,1,-1.000,-1.000,running
112.700,2,834,0.13858,0.10683,-0.0093,0.0073,0.04681,0.09428,0.17775,0,1,-1.000,-1.000,running
112.743,2,835,0.13888,0.10677,0.0167,-0.0033,0.04662,0.09463,0.17796,0,1,-1.000,-1.000,running
112.785,2,836,0.13833,0.10686,-0.0304,0.0045,0.04632,0.09401,0.17756,0,1,-1.000,-1.000,running
112.832,2,837,0.13869,0.10636,0.0197,-0.0270,0.04599,0.09401,0.17757,0,1,-1.000,-1.000,running
112.874,2,838,0.13858,0.10650,-0.0058,0.0076,0.04703,0.09398,0.17756,0,1,-1.000,-1.000,running
112.919,2,839,0.13832,0.10623,-0.0146,-0.0150,0.04697,0.09404,0.17719,0,1,-1.000,-1.000,running
112.963,2,840,0.13847,0.10668,0.0087,0.0245,0.04603,0.09297,0.17757,0,1,-1.000,-1.000,running
113.053,2,841,0.13852,0.10671,0.0023,0.0017,0.04634,0.09432,0.17763,0,1,-1.000,-1.000,running
113.097,2,842,0.13892,0.10683,0.0220,0.0066,0.04619,0.09389,0.17802,0,1,-1.000,-1.000,running
113.138,2,843,0.13904,0.10697,0.0067,0.0079,0.04652,0.09464,0.17820,0,1,-1.000,-1.000,running
113.183,2,844,0.13872,0.10696,-0.0173,-0.0004,0.04729,0.09483,0.17794,0,1,-1.000,-1.000,running
113.226,2,845,0.13853,0.10652,-0.0105,-0.0244,0.04685,0.09557,0.17753,0,1,-1.000,-1.000,running
113.272,2,846,0.13871,0.10673,0.0098,0.0116,0.04721,0.09514,0.17780,0,1,-1.000,-1.000,running
113.318,2,847,0.13841,0.10643,-0.0168,-0.0168,0.04732,0.09353,0.17738,0,1,-1.000,-1.000,running
113.361,2,848,0.13853,0.10678,0.0066,0.0194,0.04595,0.09342,0.17767,0,1,-1.000,-1.000,running
113.405,2,849,0.13889,0.10658,0.0200,-0.0110,0.04638,0.09461,0.17786,0,1,-1.000,-1.000,running
113.448,2,850,0.13862,0.10659,-0.0148,0.0006,0.04657,0.09456,0.17765,0,1,-1.000,-1.000,running
113.489,2,851,0.13890,0.10646,0.0153,-0.0073,0.04654,0.09495,0.17780,0,1,-1.000,-1.000,running
113.532,2,852,0.13868,0.10676,-0.0121,0.0168,0.04667,0.09593,0.17779,0,1,-1.000,-1.000,running
113.577,2,853,0.13825,0.10661,-0.0235,-0.0085,0.04669,0.09470,0.17735,0,1,-1.000,-1.000,running
113.620,2,854,0.13867,0.10633,0.0232,-0.0152,0.04681,0.09428,0.17754,0,1,-1.000,-1.000,running
113.666,2,855,0.13824,0.10639,-0.0241,0.0034,0.04681,0.09428,0.17721,0,1,-1.000,-1.000,running
113.712,2,856,0.13872,0.10606,0.0268,-0.0182,0.04691,0.09495,0.17743,0,1,-1.000,-1.000,running
113.757,2,857,0.13847,0.10629,-0.0139,0.0128,0.04658,0.09403,0.17735,0,1,-1.000,-1.000,running
113.801,2,858,0.13871,0.10671,0.0132,0.0230,0.04710,0.09445,0.17779,0,1,-1.000,-1.000,running
113.850,2,859,0.13831,0.10677,-0.0221,0.0032,0.04647,0.09527,0.17749,0,1,-1.000,-1.000,running
113.886,2,860,0.13875,0.10653,0.0241,-0.0131,0.04628,0.09495,0.17771,0,1,-1.000,-1.000,running
113.930,2,861,0.13833,0.10676,-0.0231,0.0128,0.04727,0.09552,0.17750,0,1,-1.000,-1.000,running
113.972,2,862,0.13864,0.10653,0.0175,-0.0132,0.04672,0.09530,0.17763,0,1,-1.000,-1.000,running
114.019,2,863,0.13835,0.10667,-0.0161,0.0078,0.04592,0.09460,0.17747,0,1,-1.000,-1.000,running
114.063,2,864,0.13885,0.10647,0.0272,-0.0111,0.04653,0.09426,0.17776,0,1,-1.000,-1.000,running
114.108,2,865,0.13851,0.10668,-0.0187,0.0116,0.04665,0.09370,0.17760,0,1,-1.000,-1.000,running
114.152,2,866,0.13845,0.10685,-0.0030,0.0097,0.04696,0.09363,0.17765,0,1,-1.000,-1.000,running
114.197,2,867,0.13882,0.10636,0.0201,-0.0273,0.04597,0.09383,0.17767,0,1,-1.000,-1.000,running
114.237,2,868,0.13848,0.10667,-0.0184,0.0173,0.04683,0.09420,0.17758,0,1,-1.000,-1.000,running
114.280,2,869,0.13850,0.10653,0.0008,-0.0079,0.04673,0.09460,0.17751,0,1,-1.000,-1.000,running
114.326,2,870,0.13875,0.10676,0.0137,0.0131,0.04701,0.09522,0.17785,0,1,-1.000,-1.000,running
114.368,2,871,0.13842,0.10650,-0.0178,-0.0146,0.04662,0.09463,0.17743,0,1,-1.000,-1.000,running
114.416,2,872,0.13822,0.10663,-0.0109,0.0071,0.04740,0.09440,0.17734,0,1,-1.000,-1.000,running
114.460,2,873,0.13865,0.10670,0.0233,0.0037,0.04614,0.09409,0.17773,0,1,-1.000,-1.000,running
114.503,2,874,0.13862,0.10647,-0.0017,-0.0123,0.04701,0.09448,0.17757,0,1,-1.000,-1.000,running
114.548,2,875,0.13860,0.10646,-0.0007,-0.0009,0.04654,0.09435,0.17755,0,1,-1.000,-1.000,running
114.590,2,876,0.13857,0.10691,-0.0018,0.0246,0.04709,0.09550,0.17778,0,1,-1.000,-1.000,running
114.633,2,877,0.13833,0.10642,-0.0133,-0.0266,0.04542,0.09333,0.17731,0,1,-1.000,-1.000,running
114.677,2,878,0.13866,0.10644,0.0184,0.0008,0.04606,0.09486,0.17759,0,1,-1.000,-1.000,running
114.723,2,879,0.13845,0.10695,-0.0116,0.0285,0.04684,0.09346,0.17771,0,1,-1.000,-1.000,running
114.767,2,880,0.13879,0.10701,0.0184,0.0031,0.04623,0.09363,0.17802,0,1,-1.000,-1.000,running
114.810,2,881,0.13835,0.10666,-0.0242,-0.0195,0.04627,0.09464,0.17746,0,1,-1.000,-1.000,running
114.857,2,882,0.13857,0.10670,0.0122,0.0025,0.04713,0.09425,0.17767,0,1,-1.000,-1.000,running
114.900,2,883,0.13876,0.10650,0.0107,-0.0109,0.04739,0.09430,0.17771,0,1,-1.000,-1.000,running
114.941,2,884,0.13861,0.10677,-0.0087,0.0147,0.04672,0.09530,0.17774,0,1,-1.000,-1.000,running
114.985,2,885,0.13815,0.10634,-0.0251,-0.0238,0.04652,0.09464,0.17711,0,1,-1.000,-1.000,running
115.073,2,886,0.13852,0.10660,0.0206,0.0145,0.04591,0.09357,0.17757,0,1,-1.000,-1.000,running
115.121,2,887,0.13850,0.10676,-0.0016,0.0087,0.04652,0.09468,0.17764,0,1,-1.000,-1.000,running
115.164,2,888,0.13875,0.10668,0.0141,-0.0046,0.04730,0.09569,0.17780,0,1,-1.000,-1.000,running
115.207,2,889,0.13876,0.10706,0.0006,0.0213,0.04676,0.09414,0.17803,0,1,-1.000,-1.000,running
115.254,2,890,0.13850,0.10667,-0.0143,-0.0215,0.04681,0.09428,0.17759,0,1,-1.000,-1.000,running
115.295,2,891,0.13834,0.10659,-0.0086,-0.0044,0.04691,0.09495,0.17742,0,1,-1.000,-1.000,running
115.338,2,892,0.13821,0.10627,-0.0074,-0.0175,0.04622,0.09334,0.17713,0,1,-1.000,-1.000,running
115.380,2,893,0.13844,0.10678,0.0129,0.0278,0.04610,0.09494,0.17761,0,1,-1.000,-1.000,running
115.424,2,894,0.13849,0.10696,0.0024,0.0101,0.04665,0.09370,0.17775,0,1,-1.000,-1.000,running
115.469,2,895,0.13863,0.10668,0.0081,-0.0158,0.04660,0.09362,0.17770,0,1,-1.000,-1.000,running
115.513,2,896,0.13863,0.10661,-0.0000,-0.0036,0.04586,0.09373,0.17767,0,1,-1.000,-1.000,running
115.559,2,897,0.13882,0.10666,0.0102,0.0026,0.04629,0.09525,0.17785,0,1,-1.000,-1.000,running
115.603,2,898,0.13846,0.10658,-0.0198,-0.0041,0.04679,0.09393,0.17751,0,1,-1.000,-1.000,running
115.646,2,899,0.13884,0.10662,0.0210,0.0020,0.04697,0.09404,0.17784,0,1,-1.000,-1.000,running
115.690,2,900,0.13861,0.10694,-0.0128,0.0174,0.04642,0.09401,0.17783,0,1,-1.000,-1.000,running
115.733,2,901,0.13871,0.10643,0.0056,-0.0279,0.04659,0.09445,0.17763,0,1,-1.000,-1.000,running
115.778,2,902,0.13892,0.10682,0.0115,0.0217,0.04615,0.09406,0.17802,0,1,-1.000,-1.000,running
115.822,2,903,0.13820,0.10661,-0.0395,-0.0115,0.04693,0.09435,0.17731,0,1,-1.000,-1.000,running
115.867,2,904,0.13876,0.10662,0.0306,0.0004,0.04725,0.09463,0.17778,0,1,-1.000,-1.000,running
115.915,2,905,0.13879,0.10693,0.0019,0.0171,0.04743,0.09596,0.17798,0,1,-1.000,-1.000,running
115.957,2,906,0.13858,0.10684,-0.0116,-0.0053,0.04579,0.09367,0.17775,0,1,-1.000,-1.000,running
116.001,2,907,0.13885,0.10664,0.0145,-0.0110,0.04662,0.09463,0.17786,0,1,-1.000,-1.000,running
116.042,2,908,0.13837,0.10629,-0.0261,-0.0188,0.04649,0.09522,0.17727,0,1,-1.000,-1.000,running
116.085,2,909,0.13844,0.10656,0.0038,0.0144,0.04647,0.09530,0.17747,0,1,-1.000,-1.000,running
116.128,2,910,0.13851,0.10658,0.0039,0.0011,0.04685,0.09557,0.17755,0,1,-1.000,-1.000,running
116.172,2,911,0.13872,0.10669,0.0114,0.0065,0.04709,0.09417,0.17778,0,1,-1.000,-1.000,running
116.217,2,912,0.13859,0.10617,-0.0073,-0.0287,0.04691,0.09495,0.17738,0,1,-1.000,-1.000,running
116.261,2,913,0.13857,0.10697,-0.0010,0.0437,0.04633,0.09371,0.17781,0,1,-1.000,-1.000,running
116.307,2,914,0.13858,0.10627,0.0008,-0.0384,0.04609,0.09430,0.17743,0,1,-1.000,-1.000,running
116.352,2,915,0.13874,0.10614,0.0086,-0.0071,0.04605,0.09369,0.17749,0,1,-1.000,-1.000,running
116.396,2,916,0.13836,0.10667,-0.0207,0.0291,0.04655,0.09425,0.17748,0,1,-1.000,-1.000,running
116.436,2,917,0.13857,0.10690,0.0114,0.0128,0.04739,0.09550,0.17778,0,1,-1.000,-1.000,running
116.482,2,918,0.13808,0.10609,-0.0268,-0.0443,0.04691,0.09495,0.17692,0,1,-1.000,-1.000,running
116.527,2,919,0.13870,0.10682,0.0341,0.0401,0.04562,0.09402,0.17784,0,1,-1.000,-1.000,running
116.570,2,920,0.13858,0.10681,-0.0066,-0.0007,0.04579,0.09367,0.17774,0,1,-1.000,-1.000,running
116.614,2,921,0.13868,0.10640,0.0054,-0.0227,0.04675,0.09674,0.17759,0,1,-1.000,-1.000,running
116.659,2,922,0.13861,0.10684,-0.0040,0.0241,0.04665,0.09492,0.17777,0,1,-1.000,-1.000,running
116.704,2,923,0.13870,0.10686,0.0048,0.0014,0.04681,0.09428,0.17786,0,1,-1.000,-1.000,running
116.745,2,924,0.13853,0.10666,-0.0090,-0.0111,0.04703,0.09398,0.17761,0,1,-1.000,-1.000,running
116.790,2,925,0.13876,0.10657,0.0123,-0.0049,0.04629,0.09496,0.17775,0,1,-1.000,-1.000,running
116.832,2,926,0.13864,0.10656,-0.0064,-0.0007,0.04566,0.09424,0.17764,0,1,-1.000,-1.000,running
116.877,2,927,0.13836,0.10682,-0.0154,0.0145,0.04645,0.09409,0.17756,0,1,-1.000,-1.000,running
116.921,2,928,0.13873,0.10673,0.0204,-0.0049,0.04721,0.09514,0.17782,0,1,-1.000,-1.000,running
116.967,2,929,0.13841,0.10717,-0.0176,0.0242,0.04699,0.09404,0.17780,0,1,-1.000,-1.000,running
117.013,2,930,0.13830,0.10649,-0.0060,-0.0374,0.04655,0.09459,0.17733,0,1,-1.000,-1.000,running
117.103,2,931,0.13838,0.10668,0.0041,0.0106,0.04610,0.09475,0.17750,0,1,-1.000,-1.000,running
117.145,2,932,0.13870,0.10645,0.0176,-0.0131,0.04685,0.09557,0.17763,0,1,-1.000,-1.000,running
117.184,2,933,0.13861,0.10651,-0.0050,0.0034,0.04652,0.09393,0.17759,0,1,-1.000,-1.000,running
117.228,2,934,0.13844,0.10653,-0.0093,0.0012,0.04581,0.09364,0.17746,0,1,-1.000,-1.000,running
117.273,2,935,0.13830,0.10653,-0.0077,0.0001,0.04656,0.09515,0.17735,0,1,-1.000,-1.000,running
117.320,2,936,0.13866,0.10644,0.0197,-0.0052,0.04666,0.09558,0.17759,0,1,-1.000,-1.000,running
117.363,2,937,0.13844,0.10659,-0.0118,0.0084,0.04655,0.09453,0.17750,0,1,-1.000,-1.000,running
117.408,2,938,0.13835,0.10651,-0.0052,-0.0045,0.04652,0.09468,0.17737,0,1,-1.000,-1.000,running
117.453,2,939,0.13873,0.10666,0.0210,0.0082,0.04662,0.09391,0.17777,0,1,-1.000,-1.000,running
117.495,2,940,0.13847,0.10655,-0.0145,-0.0058,0.04681,0.09428,0.17750,0,1,-1.000,-1.000,running
117.537,2,941,0.13912,0.10656,0.0358,0.0003,0.04617,0.09460,0.17804,0,1,-1.000,-1.000,running
117.583,2,942,0.13898,0.10668,-0.0077,0.0069,0.04565,0.09307,0.17799,0,1,-1.000,-1.000,running
117.627,2,943,0.13872,0.10633,-0.0144,-0.0193,0.04670,0.09429,0.17758,0,1,-1.000,-1.000,running
117.671,2,944,0.13876,0.10635,0.0023,0.0012,0.04644,0.09306,0.17762,0,1,-1.000,-1.000,running
117.716,2,945,0.13827,0.10672,-0.0269,0.0200,0.04696,0.09431,0.17743,0,1,-1.000,-1.000,running
117.761,2,946,0.13850,0.10667,0.0125,-0.0028,0.04592,0.09412,0.17758,0,1,-1.000,-1.000,running
117.807,2,947,0.13853,0.10709,0.0018,0.0234,0.04671,0.09476,0.17785,0,1,-1.000,-1.000,running
117.848,2,948,0.13845,0.10665,-0.0045,-0.0240,0.04621,0.09344,0.17754,0,1,-1.000,-1.000,running
117.907,2,949,0.13845,0.10665,0.0000,0.0000,0.04617,0.09395,0.17754,0,0,-1.000,-1.000,running
117.979,2,950,0.13845,0.10692,-0.0000,0.0147,0.04647,0.09530,0.17769,0,1,-1.000,-1.000,running
118.020,2,951,0.13862,0.10673,0.0095,-0.0103,0.04681,0.09428,0.17773,0,1,-1.000,-1.000,running
118.068,2,952,0.13855,0.10648,-0.0037,-0.0141,0.04583,0.09272,0.17753,0,1,-1.000,-1.000,running
118.112,2,953,0.13853,0.10650,-0.0011,0.0011,0.04587,0.09525,0.17752,0,1,-1.000,-1.000,running
118.157,2,954,0.13857,0.10669,0.0018,0.0108,0.04673,0.09471,0.17766,0,1,-1.000,-1.000,running
118.199,2,955,0.13882,0.10648,0.0140,-0.0117,0.04639,0.09334,0.17775,0,1,-1.000,-1.000,running
118.243,2,956,0.13868,0.10686,-0.0077,0.0208,0.04668,0.09550,0.17785,0,1,-1.000,-1.000,running
118.287,2,957,0.13841,0.10655,-0.0147,-0.0168,0.04662,0.09463,0.17745,0,1,-1.000,-1.000,running
118.328,2,958,0.13827,0.10664,-0.0081,0.0046,0.04632,0.09401,0.17738,0,1,-1.000,-1.000,running
118.374,2,959,0.13861,0.10702,0.0191,0.0207,0.04603,0.09339,0.17788,0,1,-1.000,-1.000,running
118.419,2,960,0.13848,0.10690,-0.0073,-0.0064,0.04652,0.09468,0.17770,0,1,-1.000,-1.000,running
118.464,2,961,0.13862,0.10650,0.0077,-0.0220,0.04695,0.09584,0.17759,0,1,-1.000,-1.000,running
118.510,2,962,0.13858,0.10660,-0.0022,0.0057,0.04603,0.09339,0.17762,0,1,-1.000,-1.000,running
118.551,2,963,0.13841,0.10644,-0.0091,-0.0091,0.04695,0.09425,0.17739,0,1,-1.000,-1.000,running
118.595,2,964,0.13849,0.10666,0.0040,0.0122,0.04703,0.09398,0.17757,0,1,-1.000,-1.000,running
118.637,2,965,0.13833,0.10706,-0.0087,0.0220,0.04630,0.09565,0.17767,0,1,-1.000,-1.000,running
118.683,2,966,0.13843,0.10690,0.0057,-0.0087,0.04719,0.09429,0.17767,0,1,-1.000,-1.000,running
118.725,2,967,0.13888,0.10656,0.0243,-0.0186,0.04630,0.09565,0.17784,0,1,-1.000,-1.000,running
118.769,2,968,0.13876,0.10655,-0.0062,-0.0008,0.04691,0.09495,0.17774,0,1,-1.000,-1.000,running
118.816,2,969,0.13845,0.10642,-0.0174,-0.0070,0.04649,0.09525,0.17740,0,1,-1.000,-1.000,running
118.862,2,970,0.13851,0.10646,0.0036,0.0019,0.04611,0.09469,0.17748,0,1,-1.000,-1.000,running
118.904,2,971,0.13876,0.10664,0.0139,0.0100,0.04672,0.09530,0.17779,0,1,-1.000,-1.000,running
118.946,2,972,0.13885,0.10674,0.0046,0.0054,0.04693,0.09639,0.17791,0,1,-1.000,-1.000,running
118.989,2,973,0.13869,0.10669,-0.0085,-0.0025,0.04673,0.09460,0.17776,0,1,-1.000,-1.000,running
119.032,2,974,0.13855,0.10681,-0.0076,0.0065,0.04725,0.09463,0.17771,0,1,-1.000,-1.000,running
119.123,2,975,0.13868,0.10677,0.0071,-0.0023,0.04669,0.09470,0.17780,0,1,-1.000,-1.000,running
119.168,2,976,0.13847,0.10696,-0.0118,0.0106,0.04667,0.09523,0.17773,0,1,-1.000,-1.000,running
119.213,2,977,0.13833,0.10606,-0.0077,-0.0494,0.04670,0.09429,0.17710,0,1,-1.000,-1.000,running
119.259,2,978,0.13872,0.10663,0.0213,0.0313,0.04703,0.09398,0.17774,0,1,-1.000,-1.000,running
119.301,2,979,0.13827,0.10625,-0.0243,-0.0209,0.04623,0.09363,0.17717,0,1,-1.000,-1.000,running
119.343,2,980,0.13901,0.10669,0.0406,0.0242,0.04681,0.09428,0.17802,0,1,-1.000,-1.000,running
119.386,2,981,0.13849,0.10667,-0.0290,-0.0013,0.04649,0.09559,0.17758,0,1,-1.000,-1.000,running
119.431,2,982,0.13866,0.10634,0.0097,-0.0179,0.04667,0.09524,0.17754,0,1,-1.000,-1.000,running
119.474,2,983,0.13833,0.10662,-0.0180,0.0153,0.04652,0.09464,0.17742,0,1,-1.000,-1.000,running
119.517,2,984,0.13893,0.10619,0.0330,-0.0236,0.04653,0.09444,0.17768,0,1,-1.000,-1.000,running
119.563,2,985,0.13825,0.10649,-0.0377,0.0163,0.04721,0.09585,0.17728,0,1,-1.000,-1.000,running
119.608,2,986,0.13868,0.10675,0.0238,0.0144,0.04725,0.09562,0.17778,0,1,-1.000,-1.000,running
119.653,2,987,0.13872,0.10671,0.0020,-0.0023,0.04652,0.09468,0.17779,0,1,-1.000,-1.000,running
119.695,2,988,0.13838,0.10666,-0.0185,-0.0028,0.04653,0.09437,0.17748,0,1,-1.000,-1.000,running
119.738,2,989,0.13847,0.10627,0.0048,-0.0212,0.04762,0.09519,0.17734,0,1,-1.000,-1.000,running
119.782,2,990,0.13891,0.10662,0.0244,0.0189,0.04639,0.09465,0.17790,0,1,-1.000,-1.000,running
119.825,2,991,0.13786,0.10682,-0.0576,0.0114,0.04642,0.09325,0.17715,0,1,-1.000,-1.000,running
119.874,2,992,0.13836,0.10653,0.0273,-0.0159,0.04622,0.09372,0.17740,0,1,-1.000,-1.000,running
119.916,2,993,0.13863,0.10643,0.0147,-0.0058,0.04685,0.09448,0.17756,0,1,-1.000,-1.000,running
119.959,2,994,0.13883,0.10678,0.0111,0.0195,0.04729,0.09483,0.17792,0,1,-1.000,-1.000,running
120.006,2,995,0.13872,0.10610,-0.0059,-0.0374,0.04634,0.09432,0.17745,0,1,-1.000,-1.000,running
120.051,2,996,0.13851,0.10643,-0.0119,0.0179,0.04707,0.09360,0.17746,0,1,-1.000,-1.000,running
120.091,2,997,0.13829,0.10673,-0.0118,0.0167,0.04657,0.09526,0.17745,0,1,-1.000,-1.000,running
120.134,2,998,0.13833,0.10677,0.0018,0.0024,0.04673,0.09577,0.17750,0,1,-1.000,-1.000,running
120.179,2,999,0.13854,0.10685,0.0116,0.0042,0.04691,0.09495,0.17772,0,1,-1.000,-1.000,running
