t,episode,step,xb,yb,vx,vy,alpha,beta,dist,in_circle,ball_found,a0,a1,status
1.437,1,0,-0.13550,-0.11275,-0.0019,0.0086,-0.01803,0.04358,0.17439,0,1,1.000,1.000,running
1.526,1,1,-0.13593,-0.11259,-0.0233,0.0089,-0.03727,0.05222,0.17459,0,1,1.000,1.000,running
1.573,1,2,-0.13570,-0.11216,0.0127,0.0236,-0.05061,0.07437,0.17413,0,1,1.000,1.000,running
1.614,1,3,-0.13539,-0.11174,0.0167,0.0232,-0.05908,0.09395,0.17362,0,1,1.000,1.000,running
1.657,1,4,-0.13493,-0.11053,0.0254,0.0667,-0.11713,0.13379,0.17246,0,1,1.000,1.000,running
1.700,1,5,-0.13396,-0.10889,0.0537,0.0904,-0.11884,0.17531,0.17063,0,1,1.000,1.000,running
1.746,1,6,-0.13111,-0.10634,0.1567,0.1399,-0.11934,0.16562,0.16681,0,1,1.000,1.000,running
1.788,1,7,-0.12786,-0.10291,0.1784,0.1886,-0.12193,0.17295,0.16210,0,1,1.000,1.000,running
1.832,1,8,-0.12319,-0.09876,0.2568,0.2283,-0.12007,0.16616,0.15585,0,1,1.000,1.000,running
1.876,1,9,-0.11709,-0.09348,0.3358,0.2902,-0.11881,0.15474,0.14779,0,1,1.000,1.000,running
1.921,1,10,-0.10976,-0.08674,0.4031,0.3710,-0.11493,0.14429,0.13783,0,1,1.000,1.000,running
1.966,1,11,-0.10146,-0.07935,0.4566,0.4064,-0.11148,0.12699,0.12671,0,1,1.000,1.000,running
2.011,1,12,-0.09168,-0.07086,0.5377,0.4670,-0.11202,0.11076,0.11377,0,1,1.000,-0.386,running
2.052,1,13,-0.08200,-0.06168,0.5322,0.5049,-0.10406,0.10150,0.10043,0,1,-0.656,-0.550,running
2.096,1,14,-0.07111,-0.05180,0.5991,0.5433,-0.07913,0.10453,0.08573,0,1,-0.693,-0.671,running
2.140,1,15,-0.05911,-0.04069,0.6603,0.6110,-0.03337,0.10189,0.06937,0,1,-0.800,-0.800,running
2.185,1,16,-0.04671,-0.03070,0.6821,0.5496,0.00144,0.06036,0.05348,0,1,-0.800,-0.800,running
2.228,1,17,-0.03517,-0.01962,0.6346,0.6095,0.02821,-0.00414,0.03748,1,1,-0.800,-0.800,in_circle
2.281,1,18,-0.03517,-0.01962,0.0000,0.0000,0.06815,-0.06851,0.03748,0,0,-0.800,-0.800,in_circle
2.367,1,19,-0.00487,0.00634,1.6660,1.4275,0.10115,-0.12471,0.00295,1,1,0.078,0.073,in_circle
2.407,1,20,0.00185,0.01146,0.3700,0.2817,0.07914,-0.11470,0.01109,1,1,-0.800,-0.800,in_circle
2.449,1,21,0.00655,0.01544,0.2585,0.2189,0.06423,-0.08208,0.01718,1,1,-0.800,-0.800,in_circle
2.492,1,22,0.00929,0.01755,0.1508,0.1158,0.08798,-0.04867,0.02063,1,1,-0.800,-0.800,in_circle
2.537,1,23,0.01016,0.01891,0.0477,0.0747,0.07432,-0.02703,0.02212,1,1,-0.638,-0.485,in_circle
2.580,1,24,0.01004,0.01858,-0.0066,-0.0179,0.05665,-0.00402,0.02183,1,1,-0.229,-0.324,in_circle
2.625,1,25,0.01048,0.01847,0.0243,-0.0060,0.03336,0.02560,0.02213,1,1,-0.012,0.047,in_circle
2.669,1,26,0.01093,0.01775,0.0246,-0.0399,-0.01443,0.06106,0.02211,1,1,-0.138,-0.001,in_circle
2.714,1,27,0.01120,0.01740,0.0149,-0.0192,-0.04954,0.11049,0.02216,1,1,-0.141,0.136,in_circle
2.767,1,28,0.01120,0.01740,0.0000,0.0000,-0.06400,0.14938,0.02216,0,0,-0.104,0.053,in_circle
2.804,1,29,0.01493,0.01826,0.2051,0.0477,-0.07770,0.13818,0.02583,1,1,-0.045,-0.024,in_circle
2.845,1,30,0.01966,0.01987,0.2600,0.0885,-0.07015,0.09533,0.03076,1,1,-0.800,-0.217,in_circle
2.889,1,31,0.02352,0.02268,0.2125,0.1542,-0.03955,0.05372,0.03548,1,1,-0.800,-0.385,in_circle
2.933,1,32,0.02873,0.02552,0.2866,0.1562,0.00335,-0.00250,0.04142,1,1,-0.800,-0.656,in_circle
2.977,1,33,0.03265,0.02790,0.2154,0.1310,0.04573,-0.05304,0.04600,0,1,-0.800,-0.664,running
3.021,1,34,0.03494,0.02967,0.1260,0.0975,0.07395,-0.08998,0.04886,0,1,-0.800,-0.553,running
3.066,1,35,0.03585,0.03004,0.0500,0.0201,0.09137,-0.11640,0.04983,0,1,-0.591,-0.426,running
3.110,1,36,0.03517,0.02894,-0.0371,-0.0604,0.07473,-0.11744,0.04871,0,1,-0.319,-0.146,running
3.153,1,37,0.03264,0.02663,-0.1394,-0.1271,0.03743,-0.08737,0.04540,1,1,-0.001,0.151,in_circle
3.197,1,38,0.02809,0.02340,-0.2501,-0.1775,-0.00151,-0.03466,0.03989,1,1,0.404,0.420,in_circle
3.241,1,39,0.02242,0.02078,-0.3120,-0.1441,-0.03447,0.03409,0.03364,1,1,0.800,0.663,in_circle
3.285,1,40,0.01730,0.01848,-0.2815,-0.1264,-0.06700,0.09226,0.02803,1,1,0.800,0.535,in_circle
3.329,1,41,0.01278,0.01653,-0.2487,-0.1073,-0.10098,0.12880,0.02312,1,1,0.800,0.469,in_circle
3.373,1,42,0.00949,0.01680,-0.1807,0.0152,-0.10580,0.14414,0.02039,1,1,0.800,0.397,in_circle
3.417,1,43,0.00760,0.01814,-0.1041,0.0736,-0.08814,0.15675,0.01961,1,1,0.662,-0.094,in_circle
3.462,1,44,0.00816,0.01998,0.0309,0.1013,-0.06454,0.15966,0.02122,1,1,0.360,-0.331,in_circle
3.550,1,45,0.01174,0.02584,0.1969,0.3222,0.00783,0.12955,0.02785,1,1,-0.183,-0.448,in_circle
3.593,1,46,0.01620,0.02822,0.2453,0.1307,0.00832,0.08950,0.03271,1,1,-0.800,-0.800,in_circle
3.637,1,47,0.02091,0.03021,0.2590,0.1098,0.02644,0.05463,0.03756,1,1,-0.800,-0.588,in_circle
3.681,1,48,0.02530,0.03138,0.2415,0.0642,0.08043,0.02176,0.04171,1,1,-0.800,-0.511,in_circle
3.726,1,49,0.03073,0.03091,0.2984,-0.0262,0.07589,-0.01885,0.04588,0,1,-0.800,-0.330,running
3.768,1,50,0.03372,0.02951,0.1647,-0.0768,0.04813,-0.06981,0.04772,0,1,-0.800,0.016,running
3.815,1,51,0.03591,0.02753,0.1202,-0.1086,0.03367,-0.11556,0.04873,0,1,-0.756,0.202,running
3.857,1,52,0.03570,0.02502,-0.0115,-0.1385,-0.00630,-0.13258,0.04747,0,1,-0.597,0.318,running
3.901,1,53,0.03388,0.02288,-0.1002,-0.1173,-0.05154,-0.11551,0.04497,1,1,-0.114,0.442,in_circle
3.944,1,54,0.03003,0.02129,-0.2116,-0.0879,-0.07721,-0.06535,0.04080,1,1,0.233,0.383,in_circle
3.990,1,55,0.02406,0.01918,-0.3282,-0.1155,-0.10441,0.00318,0.03448,1,1,0.708,0.293,in_circle
4.034,1,56,0.01812,0.01867,-0.3268,-0.0282,-0.10133,0.05827,0.02885,1,1,0.800,0.411,in_circle
4.078,1,57,0.01281,0.01956,-0.2923,0.0490,-0.07738,0.10738,0.02467,1,1,0.800,0.063,in_circle
4.121,1,58,0.00901,0.02145,-0.2088,0.1040,-0.06221,0.13511,0.02284,1,1,0.800,-0.249,in_circle
4.167,1,59,0.00615,0.02456,-0.1574,0.1710,-0.03425,0.15509,0.02322,1,1,0.754,-0.475,in_circle
4.209,1,60,0.00505,0.02666,-0.0606,0.1153,0.00810,0.16506,0.02433,1,1,0.555,-0.751,in_circle
4.254,1,61,0.00459,0.02959,-0.0253,0.1612,0.03997,0.15994,0.02665,1,1,0.170,-0.535,in_circle
4.296,1,62,0.00634,0.03053,0.0964,0.0518,0.06379,0.13757,0.02832,1,1,0.029,-0.726,in_circle
4.342,1,63,0.00940,0.03184,0.1680,0.0722,0.06252,0.09222,0.03104,1,1,-0.463,-0.292,in_circle
4.384,1,64,0.01322,0.03032,0.2106,-0.0836,0.06799,0.03288,0.03215,1,1,-0.757,-0.378,in_circle
4.430,1,65,0.01661,0.02891,0.1863,-0.0775,0.05443,-0.02416,0.03348,1,1,-0.800,0.248,in_circle
4.473,1,66,0.01921,0.02590,0.1429,-0.1658,0.02900,-0.07422,0.03355,1,1,-0.800,0.226,in_circle
4.519,1,67,0.02013,0.02150,0.0505,-0.2419,0.00005,-0.10488,0.03194,1,1,-0.685,0.586,in_circle
4.562,1,68,0.01993,0.01840,-0.0108,-0.1703,-0.03494,-0.11008,0.03038,1,1,-0.318,0.800,in_circle
4.606,1,69,0.01800,0.01607,-0.1059,-0.1283,-0.07308,-0.09437,0.02770,1,1,-0.074,0.621,in_circle
4.648,1,70,0.01395,0.01383,-0.2231,-0.1232,-0.10149,-0.04456,0.02312,1,1,0.310,0.459,in_circle
4.693,1,71,0.00992,0.01372,-0.2217,-0.0064,-0.09869,0.01887,0.01933,1,1,0.788,0.444,in_circle
4.736,1,72,0.00516,0.01362,-0.2619,-0.0053,-0.08267,0.07455,0.01503,1,1,0.791,-0.024,in_circle
4.782,1,73,0.00104,0.01523,-0.2263,0.0885,-0.06014,0.11957,0.01278,1,1,0.800,-0.028,in_circle
4.825,1,74,-0.00187,0.01643,-0.1601,0.0663,-0.02620,0.15224,0.01200,1,1,0.800,-0.408,in_circle
4.869,1,75,-0.00324,0.01825,-0.0754,0.0996,0.01365,0.17292,0.01307,1,1,0.573,-0.322,in_circle
4.914,1,76,-0.00285,0.01838,0.0214,0.0073,0.04396,0.17382,0.01333,1,1,0.238,-0.461,in_circle
4.957,1,77,-0.00171,0.02058,0.0629,0.1210,0.05289,0.16088,0.01580,1,1,-0.150,-0.093,in_circle
5.001,1,78,0.00083,0.02096,0.1397,0.0209,0.05937,0.11952,0.01727,1,1,-0.320,-0.554,in_circle
5.044,1,79,0.00464,0.01999,0.2095,-0.0532,0.04399,0.05789,0.01872,1,1,-0.633,-0.155,in_circle
5.090,1,80,0.00984,0.01847,0.2861,-0.0836,0.04937,0.00055,0.02161,1,1,-0.800,0.143,in_circle
5.133,1,81,0.01363,0.01691,0.2080,-0.0860,0.04338,-0.04060,0.02404,1,1,-0.800,0.269,in_circle
5.177,1,82,0.01604,0.01468,0.1329,-0.1225,-0.00946,-0.07394,0.02537,1,1,-0.800,0.282,in_circle
5.229,1,83,0.01604,0.01468,0.0000,0.0000,-0.04315,-0.10664,0.02537,0,0,-0.648,0.432,in_circle
5.267,1,84,0.01650,0.01074,0.0252,-0.2169,-0.06703,-0.11152,0.02476,1,1,-0.117,-0.058,in_circle
5.310,1,85,0.01401,0.01054,-0.1372,-0.0109,-0.09775,-0.08851,0.02227,1,1,-0.220,0.800,in_circle
5.354,1,86,0.01118,0.00961,-0.1553,-0.0509,-0.07882,-0.04366,0.01932,1,1,0.435,-0.004,in_circle
5.397,1,87,0.00734,0.01070,-0.2113,0.0595,-0.08048,0.02463,0.01585,1,1,0.513,0.158,in_circle
5.442,1,88,0.00211,0.01200,-0.2876,0.0718,-0.08519,0.09001,0.01159,1,1,0.746,-0.287,in_circle
5.484,1,89,-0.00116,0.01416,-0.1802,0.1190,-0.05049,0.13509,0.01052,1,1,0.800,-0.339,in_circle
5.575,1,90,-0.00341,0.01942,-0.1236,0.2890,0.00797,0.17960,0.01412,1,1,0.642,-0.534,in_circle
5.618,1,91,-0.00207,0.02209,0.0740,0.1472,0.01656,0.17929,0.01709,1,1,0.421,-0.800,in_circle
5.661,1,92,0.00097,0.02400,0.1668,0.1047,0.02857,0.16960,0.02002,1,1,-0.373,-0.668,in_circle
5.706,1,93,0.00443,0.02590,0.1906,0.1047,0.08183,0.14050,0.02336,1,1,-0.752,-0.504,in_circle
5.748,1,94,0.01043,0.02629,0.3297,0.0213,0.08292,0.08992,0.02727,1,1,-0.800,-0.510,in_circle
5.793,1,95,0.01633,0.02582,0.3248,-0.0259,0.04958,0.03695,0.03123,1,1,-0.800,-0.178,in_circle
5.838,1,96,0.02193,0.02378,0.3076,-0.1122,0.03400,-0.01455,0.03464,1,1,-0.800,0.011,in_circle
5.881,1,97,0.02782,0.02175,0.3239,-0.1115,-0.00656,-0.06160,0.03894,1,1,-0.800,0.361,in_circle
5.926,1,98,0.03132,0.01965,0.1927,-0.1154,-0.04543,-0.09635,0.04143,1,1,-0.800,0.363,in_circle
5.970,1,99,0.03378,0.01811,0.1351,-0.0851,-0.07342,-0.11418,0.04330,1,1,-0.800,0.375,in_circle
6.012,1,100,0.03369,0.01750,-0.0049,-0.0333,-0.09380,-0.10511,0.04305,1,1,-0.705,0.252,in_circle
6.059,1,101,0.03231,0.01691,-0.0758,-0.0327,-0.09428,-0.07190,0.04157,1,1,-0.165,0.053,in_circle
6.101,1,102,0.02924,0.01809,-0.1690,0.0653,-0.07494,-0.02073,0.03896,1,1,0.120,0.054,in_circle
6.145,1,103,0.02602,0.02028,-0.1770,0.1200,-0.03692,0.03372,0.03671,1,1,0.506,-0.338,in_circle
6.189,1,104,0.02228,0.02288,-0.2053,0.1430,-0.00286,0.08161,0.03449,1,1,0.545,-0.563,in_circle
6.233,1,105,0.01893,0.02583,-0.1847,0.1627,0.03156,0.12304,0.03328,1,1,0.666,-0.662,in_circle
6.277,1,106,0.01742,0.02761,-0.0826,0.0974,0.06505,0.15951,0.03321,1,1,0.591,-0.749,in_circle
6.322,1,107,0.01783,0.02750,0.0225,-0.0058,0.09681,0.17786,0.03346,1,1,0.185,-0.494,in_circle
6.365,1,108,0.01903,0.02574,0.0657,-0.0970,0.09972,0.17765,0.03330,1,1,-0.237,-0.081,in_circle
6.411,1,109,0.02263,0.02292,0.1982,-0.1547,0.07860,0.14695,0.03482,1,1,-0.414,0.287,in_circle
6.453,1,110,0.02690,0.01845,0.2349,-0.2458,0.04171,0.09943,0.03687,1,1,-0.800,0.524,in_circle
6.497,1,111,0.03293,0.01449,0.3314,-0.2179,0.00111,0.04024,0.04160,1,1,-0.800,0.800,in_circle
6.541,1,112,0.03878,0.01049,0.3219,-0.2203,-0.02527,-0.00882,0.04679,0,1,-0.800,0.783,running
6.586,1,113,0.04256,0.00542,0.2082,-0.2785,-0.05973,-0.05178,0.05037,0,1,-0.800,0.755,running
6.629,1,114,0.04503,0.00046,0.1359,-0.2730,-0.09513,-0.08838,0.05312,0,1,-0.800,0.800,running
6.676,1,115,0.04603,-0.00279,0.0546,-0.1785,-0.09585,-0.10936,0.05454,0,1,-0.735,0.800,running
6.719,1,116,0.04485,-0.00474,-0.0646,-0.1073,-0.10036,-0.10191,0.05374,0,1,-0.458,0.586,running
6.761,1,117,0.04338,-0.00612,-0.0810,-0.0763,-0.10267,-0.07302,0.05260,0,1,-0.045,0.352,running
6.806,1,118,0.04010,-0.00595,-0.1805,0.0095,-0.09757,-0.02171,0.04937,0,1,0.020,0.253,running
6.848,1,119,0.03554,-0.00532,-0.2508,0.0345,-0.07589,0.03450,0.04479,1,1,0.408,-0.050,in_circle
6.893,1,120,0.03151,-0.00439,-0.2214,0.0511,-0.02995,0.08328,0.04066,1,1,0.730,-0.151,in_circle
6.944,1,121,0.03151,-0.00439,0.0000,0.0000,0.00160,0.12480,0.04066,0,0,0.672,-0.227,in_circle
6.983,1,122,0.02546,-0.00116,-0.3327,0.1777,0.03078,0.16124,0.03402,1,1,-0.210,-0.024,in_circle
7.025,1,123,0.02525,0.00018,-0.0117,0.0737,0.05678,0.18493,0.03356,1,1,0.800,-0.743,in_circle
7.070,1,124,0.02669,-0.00027,0.0792,-0.0244,0.03607,0.17653,0.03505,1,1,-0.149,-0.330,in_circle
7.121,1,125,0.02669,-0.00027,0.0000,0.0000,0.04416,0.14769,0.03505,0,0,-0.517,0.064,in_circle
7.159,1,126,0.03360,-0.00120,0.3804,-0.0514,0.03914,0.12149,0.04203,1,1,-0.203,-0.033,in_circle
7.202,1,127,0.03922,-0.00318,0.3088,-0.1091,-0.01530,0.09021,0.04791,0,1,-0.800,0.172,running
7.244,1,128,0.04497,-0.00448,0.3161,-0.0711,-0.03789,0.04572,0.05380,0,1,-0.800,0.380,running
7.290,1,129,0.04975,-0.00553,0.2629,-0.0582,-0.05370,-0.01536,0.05869,0,1,-0.800,0.231,running
7.333,1,130,0.05447,-0.00686,0.2600,-0.0727,-0.09780,-0.07146,0.06359,0,1,-0.800,0.182,running
7.377,1,131,0.05788,-0.00718,0.1876,-0.0177,-0.08428,-0.11225,0.06699,0,1,-0.800,0.223,running
7.422,1,132,0.05922,-0.00640,0.0737,0.0426,-0.05952,-0.12574,0.06816,0,1,-0.800,0.056,running
7.466,1,133,0.05805,-0.00556,-0.0648,0.0466,-0.04512,-0.11008,0.06685,0,1,-0.607,-0.120,running
7.509,1,134,0.05476,-0.00425,-0.1806,0.0720,-0.01069,-0.06795,0.06340,0,1,-0.200,-0.137,running
7.598,1,135,0.04688,-0.00332,-0.4335,0.0512,0.04475,0.04067,0.05547,0,1,0.182,-0.227,running
7.642,1,136,0.04189,-0.00417,-0.2745,-0.0469,0.04177,0.07853,0.05072,0,1,0.800,-0.186,running
7.686,1,137,0.03726,-0.00522,-0.2547,-0.0575,0.05019,0.08655,0.04643,0,1,0.683,0.155,running
7.730,1,138,0.03340,-0.00642,-0.2123,-0.0664,0.03533,0.09758,0.04303,1,1,0.678,0.204,in_circle
7.774,1,139,0.03062,-0.00982,-0.1528,-0.1871,-0.00863,0.12699,0.04155,1,1,0.564,0.248,in_circle
7.819,1,140,0.02946,-0.01189,-0.0640,-0.1137,-0.04249,0.15427,0.04133,1,1,0.351,0.736,in_circle
7.862,1,141,0.02925,-0.01457,-0.0112,-0.1471,-0.07147,0.15920,0.04238,1,1,0.003,0.454,in_circle
7.905,1,142,0.03053,-0.01614,0.0700,-0.0867,-0.10089,0.13244,0.04426,1,1,-0.208,0.588,in_circle
7.949,1,143,0.03261,-0.01705,0.1144,-0.0497,-0.09476,0.08351,0.04652,0,1,-0.529,0.353,running
7.994,1,144,0.03542,-0.01711,0.1548,-0.0036,-0.08654,0.01435,0.04901,0,1,-0.700,0.213,running
8.037,1,145,0.03774,-0.01583,0.1273,0.0706,-0.07501,-0.04765,0.05050,0,1,-0.800,0.045,running
8.082,1,146,0.03959,-0.01359,0.1017,0.1229,-0.02505,-0.08016,0.05128,0,1,-0.756,-0.223,running
8.128,1,147,0.03911,-0.01118,-0.0262,0.1329,0.01482,-0.09771,0.04996,0,1,-0.671,-0.411,running
8.172,1,148,0.03726,-0.01059,-0.1018,0.0324,0.03857,-0.09949,0.04802,0,1,-0.213,-0.461,running
8.214,1,149,0.03375,-0.00942,-0.1933,0.0645,0.07509,-0.07817,0.04431,1,1,0.075,-0.105,in_circle
8.259,1,150,0.02750,-0.00957,-0.3437,-0.0086,0.08215,-0.03045,0.03858,1,1,0.456,-0.238,in_circle
8.302,1,151,0.02136,-0.01102,-0.3376,-0.0799,0.04705,0.02682,0.03377,1,1,0.800,0.041,in_circle
8.345,1,152,0.01475,-0.01330,-0.3637,-0.1254,0.01337,0.08701,0.02968,1,1,0.800,0.331,in_circle
8.388,1,153,0.01033,-0.01529,-0.2428,-0.1093,-0.01415,0.13507,0.02797,1,1,0.800,0.520,in_circle
8.434,1,154,0.00514,-0.01772,-0.2858,-0.1336,-0.05125,0.16492,0.02702,1,1,0.751,0.461,in_circle
8.479,1,155,0.00277,-0.02016,-0.1300,-0.1344,-0.08831,0.17479,0.02822,1,1,0.800,0.565,in_circle
8.525,1,156,0.00115,-0.02058,-0.0891,-0.0231,-0.10504,0.16426,0.02805,1,1,0.318,0.576,in_circle
8.569,1,157,0.00117,-0.02079,0.0009,-0.0116,-0.11316,0.14864,0.02826,1,1,0.157,0.133,in_circle
8.612,1,158,0.00294,-0.01940,0.0973,0.0767,-0.10622,0.12856,0.02758,1,1,-0.203,0.088,in_circle
8.653,1,159,0.00587,-0.01742,0.1612,0.1087,-0.08467,0.08793,0.02712,1,1,-0.594,-0.267,in_circle
8.697,1,160,0.00870,-0.01398,0.1559,0.1893,-0.04380,0.03441,0.02592,1,1,-0.800,-0.399,in_circle
8.743,1,161,0.01163,-0.01086,0.1608,0.1717,-0.00570,-0.02088,0.02572,1,1,-0.800,-0.729,in_circle
8.794,1,162,0.01163,-0.01086,0.0000,0.0000,0.02878,-0.07352,0.02572,0,0,-0.800,-0.666,in_circle
8.877,1,163,0.01271,-0.00482,0.0598,0.3320,0.08068,-0.11588,0.02319,1,1,-0.229,0.022,in_circle
8.920,1,164,0.01015,-0.00537,-0.1410,-0.0301,0.05364,-0.10308,0.02125,1,1,-0.473,-0.800,in_circle
8.970,1,165,0.01015,-0.00537,0.0000,0.0000,0.03430,-0.06979,0.02125,0,0,0.336,0.130,in_circle
9.060,1,166,0.01015,-0.00537,0.0000,0.0000,0.04635,0.00938,0.02125,0,0,-0.229,0.010,in_circle
9.098,1,167,-0.01193,-0.01819,-1.2145,-0.7051,-0.00515,0.05533,0.02454,1,1,-0.230,0.011,in_circle
9.139,1,168,-0.01889,-0.02299,-0.3827,-0.2639,-0.01033,0.07550,0.03104,1,1,0.800,0.800,in_circle
9.183,1,169,-0.02547,-0.02843,-0.3620,-0.2991,-0.01356,0.06533,0.03870,1,1,0.800,0.800,in_circle
9.226,1,170,-0.03126,-0.03336,-0.3186,-0.2714,-0.07338,0.05913,0.04583,0,1,0.800,0.800,running
9.270,1,171,-0.03621,-0.03653,-0.2719,-0.1742,-0.11685,0.09041,0.05114,0,1,0.800,0.800,running
9.315,1,172,-0.04037,-0.03921,-0.2289,-0.1474,-0.11612,0.13413,0.05572,0,1,0.800,0.739,running
9.357,1,173,-0.04307,-0.04079,-0.1489,-0.0866,-0.12171,0.17156,0.05859,0,1,0.698,0.637,running
9.402,1,174,-0.04362,-0.04188,-0.0301,-0.0601,-0.11386,0.16498,0.05980,0,1,0.427,0.436,running
9.446,1,175,-0.04248,-0.04146,0.0630,0.0231,-0.09539,0.15895,0.05878,0,1,0.044,0.356,running
9.489,1,176,-0.03970,-0.04055,0.1526,0.0500,-0.05045,0.15080,0.05643,0,1,-0.261,0.086,running
9.534,1,177,-0.03518,-0.03987,0.2488,0.0375,-0.01451,0.12519,0.05342,0,1,-0.579,-0.012,running
9.625,1,178,-0.02482,-0.03900,0.5695,0.0478,0.04173,-0.00859,0.04811,0,1,-0.800,0.020,running
9.669,1,179,-0.02045,-0.03922,0.2404,-0.0120,0.04255,-0.04712,0.04695,0,1,-0.800,-0.039,running
9.713,1,180,-0.01681,-0.04009,0.2004,-0.0480,0.03255,-0.04544,0.04696,0,1,-0.800,0.182,running
9.754,1,181,-0.01450,-0.04161,0.1268,-0.0835,0.01671,-0.04732,0.04808,0,1,-0.800,0.320,running
9.796,1,182,-0.01295,-0.04353,0.0852,-0.1058,-0.02239,-0.05585,0.04980,0,1,-0.617,0.458,running
9.842,1,183,-0.01328,-0.04497,-0.0181,-0.0790,-0.06365,-0.05706,0.05126,0,1,-0.462,0.544,running
9.884,1,184,-0.01531,-0.04589,-0.1118,-0.0507,-0.09358,-0.04305,0.05243,0,1,-0.089,0.453,running
9.932,1,185,-0.01786,-0.04665,-0.1399,-0.0419,-0.10495,0.00009,0.05360,0,1,0.246,0.359,running
9.977,1,186,-0.02092,-0.04565,-0.1685,0.0549,-0.10990,0.06370,0.05329,0,1,0.347,0.333,running
10.020,1,187,-0.02339,-0.04424,-0.1361,0.0780,-0.08736,0.12135,0.05260,0,1,0.458,-0.003,running
10.063,1,188,-0.02492,-0.04169,-0.0838,0.1399,-0.04493,0.15784,0.05067,0,1,0.357,-0.089,running
10.106,1,189,-0.02531,-0.03893,-0.0216,0.1522,-0.00947,0.17528,0.04822,0,1,0.185,-0.327,running
10.150,1,190,-0.02368,-0.03700,0.0899,0.1060,0.01787,0.16960,0.04584,0,1,-0.036,-0.398,running
10.195,1,191,-0.02066,-0.03501,0.1661,0.1095,0.05770,0.13874,0.04298,1,1,-0.459,-0.247,in_circle
10.239,1,192,-0.01701,-0.03403,0.2009,0.0535,0.07488,0.09157,0.04108,1,1,-0.775,-0.283,in_circle
10.284,1,193,-0.01290,-0.03445,0.2259,-0.0228,0.05130,0.03097,0.04077,1,1,-0.800,-0.074,in_circle
10.328,1,194,-0.00854,-0.03530,0.2399,-0.0467,0.02367,-0.02919,0.04131,1,1,-0.800,0.230,in_circle
10.371,1,195,-0.00573,-0.03683,0.1542,-0.0843,-0.00320,-0.06918,0.04288,1,1,-0.800,0.329,in_circle
10.416,1,196,-0.00442,-0.03846,0.0720,-0.0893,-0.04029,-0.09466,0.04458,1,1,-0.768,0.481,in_circle
10.463,1,197,-0.00444,-0.03973,-0.0007,-0.0698,-0.07667,-0.10188,0.04585,0,1,-0.448,0.505,running
10.504,1,198,-0.00674,-0.04063,-0.1266,-0.0498,-0.09949,-0.09065,0.04664,0,1,-0.171,0.436,running
10.545,1,199,-0.00964,-0.04075,-0.1594,-0.0065,-0.10307,-0.06111,0.04678,0,1,0.305,0.365,running
10.590,1,200,-0.01499,-0.03980,-0.2945,0.0519,-0.10219,-0.01196,0.04637,0,1,0.435,0.206,running
10.632,1,201,-0.01978,-0.03864,-0.2634,0.0642,-0.08245,0.05705,0.04622,0,1,0.800,-0.015,running
10.680,1,202,-0.02593,-0.03585,-0.3385,0.1531,-0.03392,0.11730,0.04561,0,1,0.800,-0.063,running
10.724,1,203,-0.02956,-0.03296,-0.1994,0.1591,-0.00200,0.15539,0.04463,1,1,0.800,-0.407,in_circle
10.766,1,204,-0.03233,-0.03040,-0.1523,0.1412,0.02799,0.17310,0.04389,1,1,0.658,-0.444,in_circle
10.814,1,205,-0.03354,-0.02819,-0.0667,0.1212,0.06225,0.17531,0.04280,1,1,0.491,-0.387,in_circle
10.855,1,206,-0.03205,-0.02760,0.0819,0.0323,0.07789,0.15976,0.04144,1,1,0.168,-0.321,in_circle
10.899,1,207,-0.02977,-0.02817,0.1254,-0.0310,0.06037,0.12783,0.04062,1,1,-0.419,0.020,in_circle
10.941,1,208,-0.02698,-0.02990,0.1532,-0.0952,0.03545,0.07697,0.04070,1,1,-0.601,0.272,in_circle
10.986,1,209,-0.02318,-0.03138,0.2092,-0.0817,-0.00742,0.01322,0.04042,1,1,-0.717,0.533,in_circle
11.031,1,210,-0.02018,-0.03325,0.1651,-0.1028,-0.04248,-0.04593,0.04116,1,1,-0.800,0.485,in_circle
11.074,1,211,-0.01840,-0.03455,0.0977,-0.0713,-0.07013,-0.08721,0.04191,1,1,-0.776,0.574,in_circle
11.118,1,212,-0.01846,-0.03587,-0.0032,-0.0724,-0.09505,-0.10556,0.04320,1,1,-0.511,0.454,in_circle
11.163,1,213,-0.01992,-0.03605,-0.0804,-0.0102,-0.09487,-0.10774,0.04377,1,1,-0.114,0.463,in_circle
11.208,1,214,-0.02314,-0.03552,-0.1769,0.0292,-0.09646,-0.08240,0.04427,1,1,0.188,0.225,in_circle
11.249,1,215,-0.02729,-0.03355,-0.2282,0.1086,-0.08381,-0.03703,0.04409,1,1,0.566,0.076,in_circle
11.293,1,216,-0.03363,-0.03118,-0.3489,0.1305,-0.05194,0.02127,0.04527,1,1,0.776,-0.233,in_circle
11.339,1,217,-0.03946,-0.02792,-0.3206,0.1792,-0.01266,0.08305,0.04640,0,1,0.800,-0.314,running
11.381,1,218,-0.04447,-0.02551,-0.2754,0.1323,0.02449,0.12860,0.04835,0,1,0.800,-0.496,running
11.428,1,219,-0.04884,-0.02298,-0.2404,0.1390,0.05549,0.16098,0.05024,0,1,0.800,-0.312,running
11.471,1,220,-0.05175,-0.02186,-0.1602,0.0618,0.08217,0.17767,0.05204,0,1,0.800,-0.330,running
11.515,1,221,-0.05306,-0.02157,-0.0719,0.0162,0.06692,0.17590,0.05299,0,1,0.555,-0.047,running
11.562,1,222,-0.05264,-0.02277,0.0227,-0.0661,0.03283,0.16067,0.05328,0,1,0.250,0.115,running
11.646,1,223,-0.04779,-0.02728,0.2669,-0.2481,-0.02960,0.09616,0.05203,0,1,-0.075,0.408,running
11.692,1,224,-0.04471,-0.02926,0.1694,-0.1087,-0.04107,0.04953,0.05105,0,1,-0.800,0.800,running
11.734,1,225,-0.04169,-0.03066,0.1661,-0.0770,-0.04780,0.01752,0.04993,0,1,-0.625,0.585,running
11.777,1,226,-0.03855,-0.03140,0.1729,-0.0407,-0.10024,-0.00567,0.04842,0,1,-0.631,0.479,running
11.823,1,227,-0.03677,-0.03109,0.0977,0.0168,-0.09280,-0.03633,0.04707,0,1,-0.676,0.352,running
11.869,1,228,-0.03592,-0.02959,0.0470,0.0827,-0.07790,-0.07054,0.04536,1,1,-0.412,0.139,in_circle
11.911,1,229,-0.03677,-0.02810,-0.0467,0.0817,-0.06741,-0.09447,0.04475,1,1,-0.230,-0.118,in_circle
11.953,1,230,-0.03777,-0.02532,-0.0552,0.1533,-0.02250,-0.08113,0.04335,1,1,0.129,-0.120,in_circle
11.998,1,231,-0.04154,-0.02273,-0.2073,0.1425,0.01921,-0.03236,0.04431,1,1,0.166,-0.409,in_circle
12.042,1,232,-0.04495,-0.02062,-0.1875,0.1158,0.04254,0.04858,0.04570,0,1,0.759,-0.366,running
12.084,1,233,-0.04944,-0.01927,-0.2468,0.0742,0.07474,0.11547,0.04871,0,1,0.687,-0.261,running
12.129,1,234,-0.05276,-0.01883,-0.1829,0.0243,0.06852,0.15287,0.05136,0,1,0.800,-0.094,running
12.174,1,235,-0.05461,-0.01969,-0.1017,-0.0473,0.03071,0.16338,0.05340,0,1,0.666,0.094,running
12.219,1,236,-0.05508,-0.02128,-0.0259,-0.0877,-0.00247,0.16181,0.05459,0,1,0.383,0.351,running
12.262,1,237,-0.05424,-0.02335,0.0467,-0.1134,-0.03134,0.15237,0.05493,0,1,0.125,0.494,running
12.306,1,238,-0.05171,-0.02519,0.1390,-0.1014,-0.06765,0.12967,0.05386,0,1,-0.122,0.589,running
12.350,1,239,-0.04875,-0.02621,0.1627,-0.0564,-0.09639,0.07943,0.05210,0,1,-0.451,0.558,running
12.395,1,240,-0.04578,-0.02600,0.1632,0.0120,-0.11174,0.01410,0.04966,0,1,-0.555,0.409,running
12.436,1,241,-0.04329,-0.02430,0.1374,0.0935,-0.10282,-0.05053,0.04666,0,1,-0.585,0.164,running
12.482,1,242,-0.04227,-0.02100,0.0556,0.1814,-0.09176,-0.08926,0.04379,1,1,-0.520,-0.150,in_circle
12.526,1,243,-0.04312,-0.01804,-0.0464,0.1627,-0.06211,-0.10390,0.04272,1,1,-0.227,-0.511,in_circle
12.571,1,244,-0.04486,-0.01333,-0.0959,0.2588,-0.01354,-0.08896,0.04180,1,1,0.169,-0.454,in_circle
12.614,1,245,-0.04905,-0.01003,-0.2306,0.1819,0.01707,-0.04667,0.04426,1,1,0.370,-0.800,in_circle
12.659,1,246,-0.05349,-0.00621,-0.2442,0.2101,0.04192,0.00842,0.04730,0,1,0.800,-0.536,running
12.702,1,247,-0.05878,-0.00364,-0.2908,0.1410,0.07627,0.06544,0.05188,0,1,0.800,-0.627,running
12.746,1,248,-0.06354,-0.00247,-0.2617,0.0645,0.06419,0.11650,0.05638,0,1,0.800,-0.349,running
12.789,1,249,-0.06701,-0.00300,-0.1911,-0.0290,0.05399,0.15378,0.05989,0,1,0.800,-0.069,running
12.834,1,250,-0.06971,-0.00509,-0.1486,-0.1150,0.03958,0.17795,0.06290,0,1,0.728,0.243,running
12.878,1,251,-0.07027,-0.00805,-0.0303,-0.1627,-0.00920,0.17834,0.06403,0,1,0.595,0.514,running
12.923,1,252,-0.06972,-0.01123,0.0298,-0.1749,-0.05107,0.16037,0.06428,0,1,0.237,0.667,running
12.966,1,253,-0.06793,-0.01405,0.0990,-0.1554,-0.07137,0.13026,0.06338,0,1,0.057,0.714,running
13.010,1,254,-0.06503,-0.01618,0.1591,-0.1171,-0.10424,0.08006,0.06138,0,1,-0.163,0.671,running
13.053,1,255,-0.06214,-0.01730,0.1593,-0.0615,-0.10778,0.02821,0.05912,0,1,-0.374,0.570,running
13.098,1,256,-0.05979,-0.01739,0.1292,-0.0049,-0.10876,-0.02179,0.05701,0,1,-0.403,0.403,running
13.141,1,257,-0.05795,-0.01689,0.1013,0.0273,-0.09165,-0.07123,0.05512,0,1,-0.328,0.219,running
13.185,1,258,-0.05765,-0.01521,0.0165,0.0924,-0.06473,-0.10098,0.05417,0,1,-0.252,0.108,running
13.232,1,259,-0.05906,-0.01281,-0.0779,0.1321,-0.02140,-0.09294,0.05460,0,1,0.034,-0.123,running
13.275,1,260,-0.06174,-0.01082,-0.1472,0.1096,0.01219,-0.04130,0.05650,0,1,0.365,-0.263,running
13.318,1,261,-0.06521,-0.00944,-0.1910,0.0756,0.04027,0.02711,0.05945,0,1,0.607,-0.182,running
13.361,1,262,-0.06925,-0.00839,-0.2223,0.0580,0.06137,0.08664,0.06311,0,1,0.753,-0.061,running
13.407,1,263,-0.07271,-0.00875,-0.1900,-0.0201,0.04809,0.12748,0.06656,0,1,0.800,0.004,running
13.450,1,264,-0.07592,-0.00977,-0.1768,-0.0559,0.01012,0.15228,0.06992,0,1,0.750,0.246,running
13.494,1,265,-0.07682,-0.01158,-0.0492,-0.0998,-0.02145,0.16938,0.07122,0,1,0.715,0.351,running
13.536,1,266,-0.07762,-0.01358,-0.0442,-0.1101,-0.05463,0.16977,0.07252,0,1,0.365,0.478,running
13.581,1,267,-0.07607,-0.01474,0.0850,-0.0635,-0.08706,0.15444,0.07136,0,1,0.360,0.510,running
13.671,1,268,-0.07074,-0.01468,0.2934,0.0031,-0.11159,0.06919,0.06625,0,1,0.003,0.393,running
13.713,1,269,-0.06725,-0.01278,0.1918,0.1045,-0.11037,0.02126,0.06235,0,1,-0.664,0.205,running
13.766,1,270,-0.06478,-0.00998,0.1358,0.1543,-0.10047,0.01027,0.05918,0,1,-0.416,-0.120,running
13.801,1,271,-0.06196,-0.00643,0.1552,0.1950,-0.06461,-0.00144,0.05557,0,1,-0.275,-0.307,running
13.846,1,272,-0.06049,-0.00270,0.0808,0.2054,-0.02278,-0.03226,0.05341,0,1,-0.377,-0.480,running
13.891,1,273,-0.05906,0.00070,0.0790,0.1869,0.00282,-0.04165,0.05153,0,1,-0.141,-0.546,running
13.934,1,274,-0.05844,0.00361,0.0339,0.1603,0.04157,-0.02733,0.05070,0,1,-0.148,-0.507,running
13.977,1,275,-0.05931,0.00461,-0.0475,0.0547,0.08109,0.00193,0.05152,0,1,0.009,-0.427,running
14.022,1,276,-0.06018,0.00411,-0.0479,-0.0276,0.08189,0.04767,0.05241,0,1,0.305,-0.051,running
14.065,1,277,-0.06107,0.00175,-0.0492,-0.1295,0.05483,0.09234,0.05344,0,1,0.312,0.241,running
14.110,1,278,-0.06141,-0.00053,-0.0185,-0.1253,0.02596,0.13531,0.05400,0,1,0.322,0.600,running
14.153,1,279,-0.06003,-0.00407,0.0757,-0.1947,-0.01315,0.16386,0.05319,0,1,0.221,0.591,running
14.197,1,280,-0.05778,-0.00860,0.1236,-0.2496,-0.04802,0.16475,0.05207,0,1,-0.110,0.800,running
14.241,1,281,-0.05417,-0.01215,0.1987,-0.1950,-0.07444,0.14259,0.04980,0,1,-0.290,0.800,running
14.286,1,282,-0.04974,-0.01530,0.2434,-0.1733,-0.11325,0.09221,0.04704,0,1,-0.587,0.800,running
14.328,1,283,-0.04387,-0.01697,0.3233,-0.0920,-0.10706,0.02844,0.04276,1,1,-0.792,0.800,in_circle
14.373,1,284,-0.03899,-0.01758,0.2682,-0.0336,-0.10681,-0.03151,0.03910,1,1,-0.800,0.561,in_circle
14.417,1,285,-0.03546,-0.01689,0.1943,0.0380,-0.10222,-0.07344,0.03590,1,1,-0.800,0.337,in_circle
14.462,1,286,-0.03330,-0.01421,0.1185,0.1474,-0.08684,-0.09882,0.03254,1,1,-0.710,0.050,in_circle
14.507,1,287,-0.03286,-0.01203,0.0242,0.1202,-0.06154,-0.10477,0.03087,1,1,-0.411,-0.394,in_circle
14.550,1,288,-0.03430,-0.00900,-0.0791,0.1664,-0.01646,-0.08583,0.03045,1,1,-0.034,-0.289,in_circle
14.593,1,289,-0.03762,-0.00536,-0.1823,0.2005,0.01290,-0.04065,0.03190,1,1,0.384,-0.481,in_circle
14.643,1,290,-0.04099,-0.00266,-0.1855,0.1485,0.03597,0.01815,0.03430,1,1,0.800,-0.626,in_circle
14.681,1,291,-0.04543,-0.00118,-0.2443,0.0813,0.06966,0.07777,0.03831,1,1,0.800,-0.424,in_circle
14.726,1,292,-0.04927,-0.00104,-0.2110,0.0079,0.09572,0.12824,0.04206,1,1,0.800,-0.159,in_circle
14.770,1,293,-0.05138,-0.00324,-0.1163,-0.1211,0.07095,0.16136,0.04455,1,1,0.800,0.136,in_circle
14.815,1,294,-0.05325,-0.00617,-0.1028,-0.1614,0.02220,0.17617,0.04705,0,1,0.572,0.636,running
14.860,1,295,-0.05261,-0.00998,0.0353,-0.2093,-0.00707,0.17211,0.04757,0,1,0.523,0.784,running
14.903,1,296,-0.05100,-0.01360,0.0885,-0.1992,-0.03345,0.15118,0.04744,0,1,0.012,0.800,running
14.944,1,297,-0.04734,-0.01782,0.2011,-0.2322,-0.07075,0.11268,0.04616,0,1,-0.188,0.800,running
14.990,1,298,-0.04327,-0.02061,0.2241,-0.1532,-0.10395,0.05769,0.04434,1,1,-0.627,0.800,in_circle
15.033,1,299,-0.03925,-0.02252,0.2210,-0.1050,-0.10827,-0.00279,0.04245,1,1,-0.743,0.800,in_circle
15.079,1,300,-0.03625,-0.02334,0.1649,-0.0455,-0.10519,-0.05491,0.04087,1,1,-0.760,0.639,in_circle
15.122,1,301,-0.03465,-0.02169,0.0882,0.0911,-0.10090,-0.08530,0.03857,1,1,-0.560,0.411,in_circle
15.166,1,302,-0.03365,-0.01991,0.0547,0.0976,-0.09156,-0.10225,0.03660,1,1,-0.263,-0.138,in_circle
15.210,1,303,-0.03578,-0.01691,-0.1172,0.1653,-0.07189,-0.09294,0.03616,1,1,-0.131,-0.167,in_circle
15.253,1,304,-0.03863,-0.01286,-0.1563,0.2226,-0.02624,-0.04831,0.03614,1,1,0.563,-0.445,in_circle
15.298,1,305,-0.04317,-0.00888,-0.2501,0.2190,0.00814,0.01924,0.03837,1,1,0.728,-0.684,in_circle
15.341,1,306,-0.04825,-0.00555,-0.2791,0.1831,0.03309,0.07895,0.04206,1,1,0.800,-0.678,in_circle
15.386,1,307,-0.05214,-0.00281,-0.2139,0.1507,0.07296,0.12413,0.04520,1,1,0.800,-0.526,in_circle
15.429,1,308,-0.05550,-0.00242,-0.1853,0.0212,0.08512,0.15726,0.04844,0,1,0.800,-0.386,running
15.474,1,309,-0.05734,-0.00274,-0.1008,-0.0175,0.06414,0.17519,0.05030,0,1,0.800,0.109,running
15.518,1,310,-0.05735,-0.00467,-0.0009,-0.1063,0.03377,0.17663,0.05069,0,1,0.547,0.251,running
15.563,1,311,-0.05547,-0.00757,0.1037,-0.1594,-0.00526,0.15895,0.04956,0,1,0.191,0.575,running
15.605,1,312,-0.05299,-0.01126,0.1363,-0.2029,-0.03888,0.13450,0.04837,0,1,-0.193,0.780,running
15.696,1,313,-0.04293,-0.01601,0.5535,-0.2613,-0.10182,0.03460,0.04145,1,1,-0.324,0.800,in_circle
15.737,1,314,-0.03943,-0.01656,0.1924,-0.0299,-0.10470,-0.01024,0.03885,1,1,-0.800,0.800,in_circle
15.782,1,315,-0.03536,-0.01627,0.2235,0.0157,-0.10781,-0.02405,0.03544,1,1,-0.644,0.343,in_circle
15.826,1,316,-0.03198,-0.01465,0.1860,0.0890,-0.10455,-0.03257,0.03180,1,1,-0.777,0.161,in_circle
15.870,1,317,-0.03055,-0.01182,0.0790,0.1556,-0.09017,-0.05386,0.02890,1,1,-0.634,-0.136,in_circle
15.913,1,318,-0.03023,-0.00871,0.0175,0.1710,-0.05611,-0.06598,0.02682,1,1,-0.209,-0.409,in_circle
15.958,1,319,-0.03054,-0.00500,-0.0174,0.2044,-0.01286,-0.06127,0.02526,1,1,0.037,-0.477,in_circle
16.001,1,320,-0.03304,-0.00122,-0.1373,0.2078,0.01781,-0.03191,0.02625,1,1,0.178,-0.619,in_circle
16.045,1,321,-0.03617,0.00143,-0.1723,0.1456,0.04740,0.01889,0.02874,1,1,0.665,-0.643,in_circle
16.090,1,322,-0.03916,0.00218,-0.1644,0.0414,0.08472,0.08654,0.03159,1,1,0.800,-0.400,in_circle
16.134,1,323,-0.04153,0.00138,-0.1302,-0.0438,0.09004,0.14488,0.03404,1,1,0.792,0.015,in_circle
16.177,1,324,-0.04278,-0.00061,-0.0686,-0.1097,0.05684,0.18224,0.03559,1,1,0.662,0.358,in_circle
16.222,1,325,-0.04257,-0.00407,0.0116,-0.1902,0.02126,0.18191,0.03619,1,1,0.421,0.627,in_circle
16.267,1,326,-0.04118,-0.00839,0.0762,-0.2374,-0.01006,0.16076,0.03635,1,1,0.101,0.800,in_circle
16.309,1,327,-0.03790,-0.01253,0.1807,-0.2280,-0.04690,0.12192,0.03534,1,1,-0.159,0.800,in_circle
16.355,1,328,-0.03393,-0.01690,0.2180,-0.2404,-0.07946,0.07759,0.03475,1,1,-0.584,0.800,in_circle
16.397,1,329,-0.02935,-0.02001,0.2522,-0.1711,-0.11133,0.02760,0.03378,1,1,-0.742,0.800,in_circle
16.442,1,330,-0.02485,-0.02234,0.2474,-0.1281,-0.10786,-0.02060,0.03308,1,1,-0.800,0.800,in_circle
16.484,1,331,-0.02209,-0.02312,0.1520,-0.0426,-0.10419,-0.06748,0.03243,1,1,-0.800,0.760,in_circle
16.530,1,332,-0.02059,-0.02277,0.0823,0.0192,-0.10207,-0.10260,0.03148,1,1,-0.506,0.421,in_circle
16.575,1,333,-0.02084,-0.02165,-0.0137,0.0616,-0.09350,-0.11610,0.03057,1,1,-0.230,0.175,in_circle
16.617,1,334,-0.02358,-0.01917,-0.1506,0.1363,-0.08042,-0.09794,0.02971,1,1,0.155,0.003,in_circle
16.662,1,335,-0.02800,-0.01600,-0.2433,0.1742,-0.04147,-0.04640,0.02987,1,1,0.710,-0.301,in_circle
16.705,1,336,-0.03302,-0.01301,-0.2760,0.1647,-0.00038,0.01998,0.03158,1,1,0.800,-0.459,in_circle
16.750,1,337,-0.03826,-0.00979,-0.2883,0.1772,0.02828,0.07736,0.03431,1,1,0.800,-0.428,in_circle
16.794,1,338,-0.04334,-0.00768,-0.2795,0.1160,0.05920,0.12027,0.03808,1,1,0.800,-0.485,in_circle
16.837,1,339,-0.04774,-0.00662,-0.2417,0.0582,0.07027,0.15203,0.04188,1,1,0.800,-0.245,in_circle
16.882,1,340,-0.05063,-0.00690,-0.1593,-0.0157,0.06036,0.17254,0.04473,1,1,0.800,-0.010,in_circle
16.925,1,341,-0.05236,-0.00842,-0.0952,-0.0833,0.03718,0.17357,0.04684,0,1,0.800,0.281,running
16.970,1,342,-0.05177,-0.01037,0.0328,-0.1072,-0.00491,0.15911,0.04692,0,1,0.561,0.538,running
17.014,1,343,-0.05006,-0.01178,0.0938,-0.0778,-0.04301,0.13936,0.04585,0,1,0.084,0.633,running
17.058,1,344,-0.04709,-0.01352,0.1637,-0.0958,-0.06685,0.10664,0.04387,1,1,-0.152,0.531,in_circle
17.102,1,345,-0.04327,-0.01521,0.2101,-0.0926,-0.10047,0.05668,0.04132,1,1,-0.439,0.610,in_circle
17.145,1,346,-0.04044,-0.01502,0.1557,0.0101,-0.10366,0.00042,0.03882,1,1,-0.652,0.610,in_circle
17.190,1,347,-0.03731,-0.01317,0.1722,0.1022,-0.09699,-0.05856,0.03518,1,1,-0.454,0.203,in_circle
17.234,1,348,-0.03629,-0.01136,0.0556,0.0992,-0.08950,-0.09917,0.03337,1,1,-0.526,-0.169,in_circle
17.277,1,349,-0.03636,-0.00933,-0.0034,0.1116,-0.06568,-0.10961,0.03241,1,1,-0.061,-0.161,in_circle
17.321,1,350,-0.03794,-0.00542,-0.0869,0.2151,-0.02358,-0.07817,0.03223,1,1,0.176,-0.215,in_circle
17.366,1,351,-0.04121,-0.00299,-0.1799,0.1339,0.00964,-0.03005,0.03460,1,1,0.516,-0.638,in_circle
17.410,1,352,-0.04628,-0.00087,-0.2789,0.1167,0.03861,0.02817,0.03909,1,1,0.800,-0.319,in_circle
17.453,1,353,-0.05001,0.00077,-0.2052,0.0903,0.06784,0.07544,0.04253,1,1,0.800,-0.255,in_circle
17.498,1,354,-0.05447,-0.00027,-0.2453,-0.0573,0.04382,0.11899,0.04709,0,1,0.800,-0.144,running
17.541,1,355,-0.05760,-0.00195,-0.1723,-0.0927,0.00023,0.15572,0.05043,0,1,0.800,0.426,running
17.586,1,356,-0.05886,-0.00492,-0.0690,-0.1632,-0.02399,0.17959,0.05221,0,1,0.800,0.551,running
17.629,1,357,-0.05885,-0.00805,0.0002,-0.1722,-0.05132,0.17452,0.05295,0,1,0.505,0.800,running
17.717,1,358,-0.05428,-0.01138,0.2515,-0.1830,-0.11757,0.13011,0.04962,0,1,0.269,0.800,running
17.762,1,359,-0.05019,-0.01203,0.2248,-0.0361,-0.10828,0.10537,0.04607,0,1,-0.660,0.800,running
17.807,1,360,-0.04467,-0.01092,0.3036,0.0614,-0.11430,0.08457,0.04057,1,1,-0.613,0.385,in_circle
17.850,1,361,-0.03996,-0.00927,0.2590,0.0905,-0.11492,0.05089,0.03561,1,1,-0.800,-0.002,in_circle
17.894,1,362,-0.03430,-0.00588,0.3113,0.1863,-0.09307,-0.00203,0.02905,1,1,-0.800,-0.124,in_circle
17.938,1,363,-0.03001,-0.00245,0.2362,0.1889,-0.05756,-0.06004,0.02376,1,1,-0.800,-0.515,in_circle
17.988,1,364,-0.03001,-0.00245,0.0000,0.0000,-0.01425,-0.10175,0.02376,0,0,-0.771,-0.534,in_circle
18.028,1,365,-0.02527,0.00538,0.2607,0.4307,0.01793,-0.12757,0.01748,1,1,0.174,0.222,in_circle
18.070,1,366,-0.02593,0.00685,-0.0364,0.0811,0.04272,-0.11391,0.01815,1,1,-0.800,-0.800,in_circle
18.113,1,367,-0.02989,0.00880,-0.2177,0.1071,0.03022,-0.08084,0.02226,1,1,0.311,-0.125,in_circle
18.159,1,368,-0.03394,0.00924,-0.2230,0.0239,0.02447,-0.03303,0.02634,1,1,0.800,-0.234,in_circle
18.201,1,369,-0.03905,0.00987,-0.2811,0.0348,0.02272,0.00792,0.03149,1,1,0.800,0.097,in_circle
18.246,1,370,-0.04497,0.00831,-0.3254,-0.0857,0.00077,0.04505,0.03724,1,1,0.800,0.052,in_circle
18.289,1,371,-0.05055,0.00772,-0.3072,-0.0325,-0.02426,0.07759,0.04279,1,1,0.800,0.538,in_circle
18.334,1,372,-0.05569,0.00676,-0.2825,-0.0529,-0.05532,0.11018,0.04790,0,1,0.800,0.323,running
18.377,1,373,-0.05934,0.00533,-0.2007,-0.0784,-0.08221,0.15280,0.05154,0,1,0.800,0.393,running
18.421,1,374,-0.06183,0.00525,-0.1370,-0.0046,-0.07791,0.17888,0.05403,0,1,0.800,0.480,running
18.465,1,375,-0.06246,0.00586,-0.0349,0.0334,-0.07523,0.16484,0.05466,0,1,0.778,0.219,running
18.510,1,376,-0.06177,0.00699,0.0379,0.0625,-0.07947,0.15436,0.05398,0,1,0.432,0.087,running
18.554,1,377,-0.06008,0.00865,0.0931,0.0910,-0.04861,0.14239,0.05235,0,1,0.181,-0.018,running
18.598,1,378,-0.05661,0.01020,0.1909,0.0853,-0.00483,0.11126,0.04899,0,1,-0.022,-0.127,running
18.640,1,379,-0.05300,0.01120,0.1986,0.0552,0.02514,0.06293,0.04550,1,1,-0.408,-0.123,in_circle
18.686,1,380,-0.04895,0.01144,0.2226,0.0130,0.05198,0.00518,0.04151,1,1,-0.480,-0.023,in_circle
18.729,1,381,-0.04587,0.00989,0.1693,-0.0852,0.05282,-0.04745,0.03827,1,1,-0.624,0.135,in_circle
18.775,1,382,-0.04372,0.00875,0.1186,-0.0627,0.02051,-0.09335,0.03602,1,1,-0.433,0.531,in_circle
18.818,1,383,-0.04378,0.00643,-0.0035,-0.1273,-0.01409,-0.11413,0.03598,1,1,-0.234,0.443,in_circle
18.863,1,384,-0.04525,0.00465,-0.0809,-0.0982,-0.04637,-0.10326,0.03748,1,1,0.256,0.708,in_circle
18.908,1,385,-0.04817,0.00351,-0.1606,-0.0627,-0.08263,-0.05098,0.04045,1,1,0.571,0.596,in_circle
18.951,1,386,-0.05273,0.00267,-0.2503,-0.0464,-0.11226,0.02053,0.04505,1,1,0.800,0.456,in_circle
18.993,1,387,-0.05738,0.00224,-0.2559,-0.0231,-0.10492,0.08142,0.04972,0,1,0.800,0.385,running
19.038,1,388,-0.06163,0.00274,-0.2339,0.0272,-0.09406,0.11947,0.05393,0,1,0.800,0.295,running
19.081,1,389,-0.06419,0.00337,-0.1410,0.0347,-0.06407,0.14137,0.05646,0,1,0.800,0.117,running
19.126,1,390,-0.06590,0.00362,-0.0935,0.0136,-0.01767,0.15969,0.05814,0,1,0.800,0.093,running
19.169,1,391,-0.06645,0.00389,-0.0305,0.0152,0.01239,0.16693,0.05869,0,1,0.671,0.164,running
19.214,1,392,-0.06574,0.00273,0.0388,-0.0639,0.03031,0.16170,0.05803,0,1,0.470,0.158,running
19.258,1,393,-0.06422,0.00055,0.0837,-0.1199,0.01640,0.14020,0.05668,0,1,0.242,0.421,running
19.302,1,394,-0.06115,-0.00232,0.1690,-0.1579,-0.01063,0.09992,0.05399,0,1,0.084,0.619,running
19.344,1,395,-0.05765,-0.00507,0.1924,-0.1511,-0.03959,0.04302,0.05106,0,1,-0.234,0.771,running
19.390,1,396,-0.05385,-0.00931,0.2089,-0.2335,-0.07947,-0.01236,0.04853,0,1,-0.353,0.773,running
19.436,1,397,-0.05133,-0.01051,0.1385,-0.0660,-0.10574,-0.06306,0.04656,0,1,-0.448,0.800,running
19.478,1,398,-0.05015,-0.01162,0.0653,-0.0612,-0.10010,-0.09752,0.04587,0,1,-0.211,0.497,running
19.521,1,399,-0.05038,-0.01215,-0.0130,-0.0289,-0.09985,-0.09917,0.04629,0,1,0.057,0.483,running
19.567,1,400,-0.05174,-0.01012,-0.0748,0.1118,-0.09851,-0.07626,0.04680,0,1,0.355,0.364,running
19.610,1,401,-0.05505,-0.00809,-0.1820,0.1115,-0.09195,-0.02099,0.04931,0,1,0.593,-0.165,running
19.653,1,402,-0.05916,-0.00544,-0.2261,0.1456,-0.04942,0.04495,0.05262,0,1,0.800,-0.157,running
19.742,1,403,-0.06553,0.00106,-0.3501,0.3577,0.01594,0.13604,0.05794,0,1,0.800,-0.266,running
19.785,1,404,-0.06720,0.00294,-0.0917,0.1034,0.01806,0.14844,0.05947,0,1,0.800,-0.800,running
19.831,1,405,-0.06803,0.00363,-0.0457,0.0381,0.03946,0.15022,0.06027,0,1,0.702,-0.115,running
19.873,1,406,-0.06781,0.00260,0.0121,-0.0571,0.09051,0.14826,0.06010,0,1,0.561,0.094,running
19.918,1,407,-0.06589,0.00051,0.1053,-0.1147,0.05639,0.14547,0.05835,0,1,0.377,0.402,running
19.962,1,408,-0.06425,-0.00289,0.0903,-0.1868,-0.00267,0.12115,0.05715,0,1,0.063,0.601,running
20.006,1,409,-0.06061,-0.00728,0.2001,-0.2414,-0.02729,0.06325,0.05446,0,1,0.101,0.800,running
20.050,1,410,-0.05705,-0.01151,0.1960,-0.2329,-0.04366,0.00383,0.05227,0,1,-0.301,0.800,running
20.094,1,411,-0.05449,-0.01542,0.1409,-0.2151,-0.08898,-0.04354,0.05137,0,1,-0.319,0.800,running
20.137,1,412,-0.05274,-0.01779,0.0962,-0.1303,-0.10160,-0.07581,0.05085,0,1,-0.139,0.800,running
20.182,1,413,-0.05230,-0.01967,0.0241,-0.1037,-0.09859,-0.08682,0.05137,0,1,0.013,0.749,running
20.225,1,414,-0.05360,-0.02080,-0.0716,-0.0621,-0.10486,-0.06434,0.05307,0,1,0.272,0.659,running
20.271,1,415,-0.05574,-0.01955,-0.1173,0.0687,-0.10495,-0.01645,0.05432,0,1,0.617,0.514,running
20.314,1,416,-0.05904,-0.01791,-0.1815,0.0904,-0.10580,0.05529,0.05654,0,1,0.782,0.062,running
20.359,1,417,-0.06215,-0.01467,-0.1715,0.1784,-0.07796,0.11206,0.05815,0,1,0.800,-0.006,running
20.402,1,418,-0.06501,-0.01101,-0.1569,0.2011,-0.03462,0.15320,0.05968,0,1,0.800,-0.297,running
20.445,1,419,-0.06562,-0.00724,-0.0339,0.2071,-0.00103,0.17225,0.05932,0,1,0.800,-0.369,running
20.490,1,420,-0.06506,-0.00408,0.0311,0.1739,0.02882,0.17296,0.05814,0,1,0.545,-0.404,running
20.534,1,421,-0.06324,-0.00202,0.1001,0.1134,0.06350,0.16591,0.05601,0,1,0.331,-0.316,running
20.578,1,422,-0.06016,-0.00155,0.1691,0.0259,0.07319,0.14650,0.05290,0,1,0.087,-0.135,running
20.622,1,423,-0.05585,-0.00268,0.2374,-0.0620,0.04885,0.10847,0.04882,0,1,-0.182,0.153,running
20.666,1,424,-0.05048,-0.00477,0.2951,-0.1150,0.01736,0.04286,0.04402,1,1,-0.480,0.471,in_circle
20.710,1,425,-0.04597,-0.00701,0.2479,-0.1233,-0.01711,-0.02577,0.04033,1,1,-0.771,0.691,in_circle
20.754,1,426,-0.04222,-0.01086,0.2067,-0.2119,-0.05445,-0.06988,0.03833,1,1,-0.644,0.745,in_circle
20.798,1,427,-0.03970,-0.01283,0.1383,-0.1081,-0.07967,-0.09405,0.03704,1,1,-0.491,0.800,in_circle
20.843,1,428,-0.03836,-0.01413,0.0737,-0.0719,-0.09958,-0.09869,0.03660,1,1,-0.222,0.702,in_circle
20.886,1,429,-0.03957,-0.01459,-0.0667,-0.0251,-0.10274,-0.07433,0.03786,1,1,0.034,0.561,in_circle
20.930,1,430,-0.04137,-0.01343,-0.0989,0.0639,-0.10728,-0.02352,0.03879,1,1,0.600,0.376,in_circle
20.974,1,431,-0.04516,-0.01124,-0.2085,0.1202,-0.10282,0.03434,0.04115,1,1,0.735,0.018,in_circle
21.017,1,432,-0.04888,-0.00798,-0.2045,0.1793,-0.07076,0.08988,0.04340,1,1,0.800,-0.205,in_circle
21.062,1,433,-0.05153,-0.00523,-0.1454,0.1518,-0.02570,0.13996,0.04515,1,1,0.800,-0.429,in_circle
21.106,1,434,-0.05279,-0.00194,-0.0693,0.1807,0.00645,0.16883,0.04568,0,1,0.800,-0.318,running
21.149,1,435,-0.05318,0.00008,-0.0215,0.1109,0.03481,0.17951,0.04576,0,1,0.649,-0.432,running
21.193,1,436,-0.05181,0.00164,0.0752,0.0862,0.04588,0.17230,0.04423,1,1,0.472,-0.174,in_circle
21.237,1,437,-0.04891,0.00124,0.1594,-0.0221,0.04736,0.14964,0.04139,1,1,0.098,-0.091,in_circle
21.282,1,438,-0.04458,-0.00029,0.2384,-0.0840,0.03050,0.10852,0.03731,1,1,-0.255,0.328,in_circle
21.327,1,439,-0.03962,-0.00226,0.2724,-0.1088,-0.01343,0.05333,0.03288,1,1,-0.592,0.580,in_circle
21.370,1,440,-0.03471,-0.00488,0.2705,-0.1440,-0.04711,-0.00641,0.02903,1,1,-0.739,0.684,in_circle
21.415,1,441,-0.03057,-0.00824,0.2278,-0.1847,-0.07107,-0.05933,0.02685,1,1,-0.742,0.800,in_circle
21.459,1,442,-0.02796,-0.01015,0.1432,-0.1051,-0.10100,-0.09675,0.02583,1,1,-0.581,0.800,in_circle
21.502,1,443,-0.02718,-0.01025,0.0432,-0.0055,-0.09855,-0.11134,0.02529,1,1,-0.248,0.691,in_circle
21.544,1,444,-0.02786,-0.00980,-0.0378,0.0251,-0.09867,-0.09223,0.02554,1,1,0.151,0.294,in_circle
21.590,1,445,-0.03002,-0.00859,-0.1184,0.0661,-0.10115,-0.04544,0.02658,1,1,0.477,0.171,in_circle
21.633,1,446,-0.03393,-0.00458,-0.2155,0.2210,-0.09899,0.01486,0.02819,1,1,0.800,0.005,in_circle
21.677,1,447,-0.03755,-0.00183,-0.1990,0.1510,-0.06189,0.07707,0.03077,1,1,0.800,-0.624,in_circle
21.766,1,448,-0.04370,0.00531,-0.3382,0.3925,0.00587,0.15741,0.03591,1,1,0.800,-0.351,in_circle
21.811,1,449,-0.04490,0.00721,-0.0658,0.1050,0.00643,0.16489,0.03712,1,1,0.800,-0.800,in_circle
21.854,1,450,-0.04463,0.00890,0.0148,0.0928,0.01936,0.16222,0.03694,1,1,0.640,-0.189,in_circle
21.897,1,451,-0.04266,0.00983,0.1086,0.0512,0.06911,0.15389,0.03507,1,1,0.319,-0.145,in_circle
21.941,1,452,-0.03958,0.01001,0.1691,0.0095,0.04441,0.14365,0.03203,1,1,-0.060,0.019,in_circle
21.986,1,453,-0.03528,0.00829,0.2363,-0.0947,-0.01667,0.10135,0.02758,1,1,-0.308,0.185,in_circle
22.029,1,454,-0.03163,0.00684,0.2011,-0.0795,-0.03804,0.04271,0.02384,1,1,-0.587,0.606,in_circle
22.074,1,455,-0.02687,0.00513,0.2619,-0.0943,-0.05959,-0.02585,0.01909,1,1,-0.454,0.549,in_circle
22.117,1,456,-0.02277,0.00562,0.2254,0.0274,-0.10140,-0.08035,0.01497,1,1,-0.708,0.612,in_circle
22.162,1,457,-0.02084,0.00521,0.1058,-0.0226,-0.09086,-0.09951,0.01307,1,1,-0.572,0.124,in_circle
22.206,1,458,-0.02151,0.00780,-0.0366,0.1425,-0.09834,-0.08942,0.01383,1,1,-0.098,0.326,in_circle
22.250,1,459,-0.02329,0.01026,-0.0981,0.1352,-0.08364,-0.07124,0.01607,1,1,0.474,-0.342,in_circle
22.293,1,460,-0.02603,0.01261,-0.1506,0.1288,-0.08198,-0.03425,0.01939,1,1,0.725,-0.319,in_circle
22.338,1,461,-0.02984,0.01617,-0.2097,0.1959,-0.05907,0.02326,0.02428,1,1,0.800,-0.299,in_circle
22.381,1,462,-0.03339,0.02040,-0.1951,0.2328,-0.00929,0.07748,0.02936,1,1,0.800,-0.577,in_circle
22.426,1,463,-0.03701,0.02466,-0.1988,0.2344,0.02631,0.12641,0.03466,1,1,0.800,-0.736,in_circle
22.469,1,464,-0.03894,0.02829,-0.1063,0.1994,0.04877,0.16539,0.03829,1,1,0.800,-0.753,in_circle
22.514,1,465,-0.03960,0.03092,-0.0363,0.1448,0.08947,0.18787,0.04040,1,1,0.800,-0.624,in_circle
22.558,1,466,-0.03829,0.03186,0.0720,0.0516,0.09384,0.17990,0.03998,1,1,0.525,-0.411,in_circle
22.602,1,467,-0.03505,0.03179,0.1781,-0.0037,0.07658,0.15839,0.03752,1,1,0.088,-0.044,in_circle
22.645,1,468,-0.03057,0.02966,0.2463,-0.1173,0.04708,0.12715,0.03284,1,1,-0.344,0.177,in_circle
22.691,1,469,-0.02443,0.02746,0.3377,-0.1210,0.00081,0.08135,0.02715,1,1,-0.628,0.635,in_circle
22.733,1,470,-0.01851,0.02571,0.3259,-0.0960,-0.03000,0.03355,0.02243,1,1,-0.800,0.655,in_circle
22.779,1,471,-0.01312,0.02400,0.2965,-0.0940,-0.05677,-0.02370,0.01877,1,1,-0.800,0.558,in_circle
22.821,1,472,-0.00845,0.02279,0.2564,-0.0670,-0.08988,-0.07327,0.01680,1,1,-0.800,0.554,in_circle
22.867,1,473,-0.00484,0.02294,0.1986,0.0086,-0.09480,-0.10840,0.01720,1,1,-0.724,0.448,in_circle
22.910,1,474,-0.00306,0.02390,0.0979,0.0528,-0.09402,-0.11524,0.01852,1,1,-0.502,0.144,in_circle
22.953,1,475,-0.00332,0.02674,-0.0143,0.1560,-0.08205,-0.09426,0.02122,1,1,-0.104,-0.035,in_circle
22.997,1,476,-0.00598,0.02979,-0.1463,0.1681,-0.04821,-0.04819,0.02386,1,1,0.345,-0.456,in_circle
23.042,1,477,-0.00895,0.03375,-0.1633,0.2179,-0.00803,0.00960,0.02778,1,1,0.800,-0.513,in_circle
23.085,1,478,-0.01260,0.03648,-0.2006,0.1497,0.02589,0.06469,0.03085,1,1,0.800,-0.724,in_circle
23.130,1,479,-0.01644,0.03925,-0.2112,0.1526,0.05383,0.11147,0.03436,1,1,0.800,-0.459,in_circle
23.173,1,480,-0.01889,0.04172,-0.1349,0.1360,0.08878,0.14662,0.03741,1,1,0.800,-0.479,in_circle
23.218,1,481,-0.02009,0.04170,-0.0660,-0.0012,0.06753,0.17427,0.03776,1,1,0.800,-0.420,in_circle
23.263,1,482,-0.01976,0.04049,0.0183,-0.0666,0.03502,0.18142,0.03651,1,1,0.595,0.127,in_circle
23.307,1,483,-0.01690,0.03954,0.1573,-0.0526,0.01147,0.16819,0.03475,1,1,0.257,0.390,in_circle
23.349,1,484,-0.01294,0.03744,0.2177,-0.1154,-0.02722,0.14570,0.03185,1,1,-0.307,0.335,in_circle
23.394,1,485,-0.00818,0.03618,0.2619,-0.0691,-0.06508,0.09901,0.03018,1,1,-0.558,0.590,in_circle
23.437,1,486,-0.00299,0.03473,0.2851,-0.0798,-0.08708,0.04418,0.02913,1,1,-0.747,0.407,in_circle
23.482,1,487,0.00301,0.03464,0.3303,-0.0050,-0.10919,-0.01616,0.03061,1,1,-0.800,0.452,in_circle
23.525,1,488,0.00765,0.03584,0.2553,0.0662,-0.08877,-0.06629,0.03361,1,1,-0.800,0.151,in_circle
23.572,1,489,0.01035,0.03844,0.1484,0.1427,-0.07679,-0.09851,0.03717,1,1,-0.761,-0.138,in_circle
23.614,1,490,0.01238,0.04159,0.1116,0.1735,-0.05558,-0.11022,0.04091,1,1,-0.341,-0.451,in_circle
23.660,1,491,0.01199,0.04515,-0.0216,0.1956,-0.00747,-0.09561,0.04386,1,1,-0.197,-0.579,in_circle
23.703,1,492,0.01003,0.04834,-0.1077,0.1756,0.02548,-0.05846,0.04594,0,1,0.326,-0.660,running
23.789,1,493,0.00384,0.05218,-0.3403,0.2114,0.08741,0.05688,0.04763,0,1,0.650,-0.586,running
23.834,1,494,0.00056,0.05242,-0.1805,0.0132,0.08804,0.09232,0.04717,0,1,0.800,-0.723,running
23.878,1,495,-0.00253,0.05110,-0.1701,-0.0727,0.07396,0.10278,0.04541,1,1,0.800,0.008,in_circle
23.923,1,496,-0.00406,0.04865,-0.0838,-0.1348,0.07263,0.10901,0.04281,1,1,0.800,0.337,in_circle
23.967,1,497,-0.00427,0.04469,-0.0120,-0.2177,0.03984,0.13375,0.03885,1,1,0.609,0.597,in_circle
24.011,1,498,-0.00339,0.04003,0.0487,-0.2562,-0.00770,0.15875,0.03432,1,1,0.332,0.800,in_circle
24.055,1,499,-0.00104,0.03608,0.1292,-0.2174,-0.03342,0.15897,0.03083,1,1,0.087,0.800,in_circle
24.105,1,500,-0.00104,0.03608,0.0000,0.0000,-0.06050,0.12827,0.03083,0,0,-0.241,0.800,in_circle
24.186,1,501,0.01093,0.02554,0.6585,-0.5798,-0.10973,0.00600,0.02707,1,1,0.275,0.104,in_circle
24.230,1,502,0.01416,0.02392,0.1773,-0.0889,-0.09908,-0.03339,0.02834,1,1,-0.800,0.800,in_circle
24.275,1,503,0.01887,0.02423,0.2591,0.0171,-0.09537,-0.02382,0.03230,1,1,-0.474,0.488,in_circle
24.318,1,504,0.02051,0.02597,0.0902,0.0955,-0.10679,-0.00666,0.03464,1,1,-0.800,0.062,in_circle
24.361,1,505,0.02253,0.02818,0.1113,0.1216,-0.09146,-0.01291,0.03757,1,1,-0.144,-0.257,in_circle
24.407,1,506,0.02405,0.03243,0.0835,0.2341,-0.06131,-0.04329,0.04139,1,1,-0.235,-0.368,in_circle
24.450,1,507,0.02313,0.03620,-0.0508,0.2069,-0.02195,-0.05778,0.04322,1,1,-0.127,-0.800,in_circle
24.494,1,508,0.02249,0.03996,-0.0350,0.2068,0.01628,-0.03162,0.04550,0,1,0.397,-0.710,running
24.541,1,509,0.02035,0.04244,-0.1178,0.1363,0.03990,0.03102,0.04604,0,1,0.330,-0.706,running
24.582,1,510,0.01824,0.04561,-0.1159,0.1747,0.07324,0.09723,0.04740,0,1,0.645,-0.446,running
24.626,1,511,0.01637,0.04628,-0.1029,0.0366,0.07721,0.14700,0.04697,0,1,0.634,-0.594,running
24.670,1,512,0.01602,0.04639,-0.0192,0.0061,0.04927,0.17220,0.04689,0,1,0.592,-0.086,running
24.716,1,513,0.01748,0.04584,0.0804,-0.0303,0.03155,0.17096,0.04718,0,1,0.281,0.026,running
24.759,1,514,0.02017,0.04479,0.1478,-0.0579,0.01289,0.15212,0.04782,0,1,-0.095,0.160,running
24.802,1,515,0.02371,0.04338,0.1946,-0.0775,-0.03335,0.11908,0.04888,0,1,-0.351,0.261,running
24.846,1,516,0.02811,0.04227,0.2424,-0.0606,-0.07024,0.06814,0.05105,0,1,-0.528,0.331,running
24.889,1,517,0.03285,0.04176,0.2604,-0.0284,-0.09222,0.00821,0.05414,0,1,-0.700,0.262,running
24.935,1,518,0.03774,0.04220,0.2690,0.0245,-0.10243,-0.04896,0.05818,0,1,-0.754,0.138,running
24.978,1,519,0.03972,0.04321,0.1091,0.0556,-0.08084,-0.08814,0.06036,0,1,-0.767,-0.050,running
25.023,1,520,0.04063,0.04471,0.0500,0.0822,-0.05338,-0.10729,0.06200,0,1,-0.249,-0.156,running
25.066,1,521,0.03986,0.04694,-0.0427,0.1230,-0.01566,-0.10366,0.06283,0,1,-0.066,-0.246,running
25.111,1,522,0.03729,0.04902,-0.1414,0.1145,0.02127,-0.07467,0.06232,0,1,0.220,-0.380,running
25.153,1,523,0.03312,0.05164,-0.2291,0.1437,0.04692,-0.02317,0.06130,0,1,0.536,-0.365,running
25.198,1,524,0.02818,0.05322,-0.2714,0.0873,0.07644,0.03137,0.05937,0,1,0.800,-0.471,running
25.241,1,525,0.02324,0.05308,-0.2718,-0.0078,0.06795,0.09310,0.05639,0,1,0.800,-0.303,running
25.286,1,526,0.01887,0.05185,-0.2405,-0.0680,0.06015,0.13731,0.05304,0,1,0.800,0.010,running
25.329,1,527,0.01576,0.04994,-0.1710,-0.1050,0.03784,0.16493,0.04986,0,1,0.800,0.230,running
25.375,1,528,0.01484,0.04762,-0.0509,-0.1275,-0.01373,0.17041,0.04738,0,1,0.799,0.384,running
25.418,1,529,0.01489,0.04534,0.0029,-0.1255,-0.04896,0.15618,0.04541,1,1,0.376,0.487,in_circle
25.463,1,530,0.01632,0.04288,0.0789,-0.1354,-0.07040,0.13690,0.04407,1,1,0.177,0.499,in_circle
25.507,1,531,0.01931,0.04113,0.1642,-0.0959,-0.10410,0.11064,0.04437,1,1,-0.118,0.551,in_circle
25.550,1,532,0.02237,0.04036,0.1686,-0.0423,-0.11029,0.06512,0.04573,0,1,-0.453,0.401,running
25.594,1,533,0.02599,0.04072,0.1989,0.0195,-0.10074,0.00516,0.04845,0,1,-0.472,0.192,running
25.638,1,534,0.02902,0.04176,0.1669,0.0575,-0.08875,-0.05532,0.05133,0,1,-0.581,-0.046,running
25.682,1,535,0.02983,0.04404,0.0444,0.1251,-0.04575,-0.09507,0.05351,0,1,-0.461,-0.188,running
25.726,1,536,0.03001,0.04632,0.0099,0.1253,-0.00472,-0.10321,0.05527,0,1,-0.031,-0.430,running
25.861,1,537,0.02170,0.05208,-0.4572,0.3172,0.05933,0.01555,0.05472,0,1,0.082,-0.437,running
25.901,1,538,0.01758,0.05220,-0.2263,0.0066,0.05378,0.02606,0.05272,0,1,0.800,-0.800,running
25.946,1,539,0.01293,0.05129,-0.2558,-0.0499,0.06930,0.02529,0.04981,0,1,0.800,-0.054,running
25.992,1,540,0.00827,0.04909,-0.2566,-0.1215,0.08598,0.04239,0.04598,0,1,0.800,0.156,running
26.034,1,541,0.00376,0.04615,-0.2481,-0.1616,0.06842,0.09076,0.04178,1,1,0.800,0.446,in_circle
26.078,1,542,0.00086,0.04183,-0.1594,-0.2372,0.02516,0.14329,0.03687,1,1,0.800,0.639,in_circle
26.121,1,543,-0.00139,0.03659,-0.1239,-0.2883,-0.01061,0.18481,0.03126,1,1,0.800,0.800,in_circle
26.166,1,544,-0.00099,0.03057,0.0224,-0.3312,-0.03984,0.17086,0.02550,1,1,0.712,0.800,in_circle
26.210,1,545,-0.00017,0.02617,0.0448,-0.2417,-0.07309,0.14154,0.02157,1,1,0.126,0.800,in_circle
26.254,1,546,0.00268,0.02326,0.1566,-0.1603,-0.11148,0.11803,0.02019,1,1,0.034,0.800,in_circle
26.298,1,547,0.00623,0.02072,0.1955,-0.1398,-0.11198,0.08441,0.02034,1,1,-0.421,0.701,in_circle
26.341,1,548,0.01055,0.01912,0.2377,-0.0880,-0.11171,0.03283,0.02256,1,1,-0.586,0.624,in_circle
26.386,1,549,0.01323,0.01962,0.1475,0.0276,-0.09934,-0.01707,0.02506,1,1,-0.766,0.421,in_circle
26.430,1,550,0.01591,0.02105,0.1472,0.0788,-0.08793,-0.06184,0.02809,1,1,-0.413,-0.044,in_circle
26.474,1,551,0.01787,0.02369,0.1078,0.1451,-0.05261,-0.10373,0.03118,1,1,-0.420,-0.253,in_circle
26.518,1,552,0.01803,0.02691,0.0086,0.1770,-0.00794,-0.11856,0.03323,1,1,-0.268,-0.525,in_circle
26.563,1,553,0.01629,0.02988,-0.0954,0.1631,0.02141,-0.08657,0.03392,1,1,0.127,-0.662,in_circle
26.605,1,554,0.01329,0.03267,-0.1651,0.1537,0.05263,-0.02696,0.03400,1,1,0.546,-0.615,in_circle
26.649,1,555,0.00967,0.03375,-0.1989,0.0593,0.08860,0.04159,0.03279,1,1,0.800,-0.585,in_circle
26.693,1,556,0.00499,0.03320,-0.2574,-0.0305,0.08669,0.10635,0.03005,1,1,0.800,-0.212,in_circle
26.738,1,557,0.00250,0.03272,-0.1372,-0.0259,0.06291,0.13933,0.02864,1,1,0.800,0.148,in_circle
26.783,1,558,0.00022,0.02941,-0.1251,-0.1823,0.04382,0.14863,0.02475,1,1,0.745,0.129,in_circle
26.826,1,559,0.00080,0.02792,0.0316,-0.0821,-0.00242,0.14797,0.02354,1,1,0.702,0.762,in_circle
26.870,1,560,0.00167,0.02488,0.0482,-0.1672,-0.03686,0.13701,0.02112,1,1,0.074,0.364,in_circle
26.915,1,561,0.00386,0.02271,0.1202,-0.1193,-0.05942,0.11931,0.02037,1,1,0.004,0.712,in_circle
26.959,1,562,0.00611,0.02064,0.1237,-0.1139,-0.06862,0.09122,0.02019,1,1,-0.290,0.524,in_circle
27.001,1,563,0.00886,0.01965,0.1511,-0.0541,-0.08458,0.03695,0.02154,1,1,-0.310,0.508,in_circle
27.046,1,564,0.01204,0.01949,0.1750,-0.0089,-0.08671,-0.02748,0.02399,1,1,-0.427,0.270,in_circle
27.089,1,565,0.01393,0.02025,0.1039,0.0420,-0.07381,-0.07854,0.02599,1,1,-0.531,0.089,in_circle
27.134,1,566,0.01504,0.02176,0.0611,0.0830,-0.04601,-0.10020,0.02775,1,1,-0.253,-0.117,in_circle
27.179,1,567,0.01388,0.02409,-0.0641,0.1283,-0.00442,-0.09537,0.02824,1,1,-0.085,-0.286,in_circle
27.222,1,568,0.01251,0.02638,-0.0752,0.1254,0.02988,-0.07082,0.02877,1,1,0.417,-0.474,in_circle
27.265,1,569,0.00864,0.02773,-0.2125,0.0745,0.05974,-0.02293,0.02725,1,1,0.465,-0.469,in_circle
27.312,1,570,0.00383,0.02717,-0.2647,-0.0310,0.08768,0.03533,0.02415,1,1,0.800,-0.269,in_circle
27.355,1,571,-0.00004,0.02756,-0.2130,0.0216,0.08284,0.09289,0.02291,1,1,0.800,0.153,in_circle
27.398,1,572,-0.00438,0.02538,-0.2386,-0.1199,0.04448,0.13732,0.01968,1,1,0.800,-0.059,in_circle
27.442,1,573,-0.00590,0.02302,-0.0837,-0.1299,0.01568,0.16205,0.01712,1,1,0.800,0.511,in_circle
27.487,1,574,-0.00672,0.02043,-0.0450,-0.1420,-0.02172,0.16082,0.01448,1,1,0.543,0.557,in_circle
27.529,1,575,-0.00603,0.01851,0.0379,-0.1060,-0.05414,0.13938,0.01263,1,1,0.390,0.611,in_circle
27.576,1,576,-0.00432,0.01591,0.0941,-0.1431,-0.08725,0.11583,0.01050,1,1,0.057,0.471,in_circle
27.618,1,577,-0.00192,0.01610,0.1322,0.0106,-0.11421,0.07380,0.01169,1,1,-0.173,0.626,in_circle
27.662,1,578,0.00159,0.01750,0.1929,0.0769,-0.10211,0.02415,0.01485,1,1,-0.331,0.010,in_circle
27.705,1,579,0.00433,0.01933,0.1504,0.1009,-0.10362,-0.03519,0.01802,1,1,-0.583,-0.259,in_circle
27.759,1,580,0.00433,0.01933,0.0000,0.0000,-0.08114,-0.08814,0.01802,0,0,-0.421,-0.360,in_circle
27.840,1,581,0.00464,0.03201,0.0173,0.6971,-0.00607,-0.12287,0.02883,1,1,0.180,0.042,in_circle
27.882,1,582,0.00154,0.03641,-0.1703,0.2423,-0.00535,-0.09469,0.03182,1,1,0.109,-0.800,in_circle
27.926,1,583,-0.00483,0.04097,-0.3507,0.2505,-0.01839,-0.05821,0.03509,1,1,0.800,-0.800,in_circle
27.970,1,584,-0.01141,0.04533,-0.3616,0.2402,0.01210,-0.00871,0.03950,1,1,0.800,-0.800,in_circle
28.015,1,585,-0.01884,0.04771,-0.4086,0.1305,0.05713,0.03941,0.04314,1,1,0.800,-0.800,in_circle
28.058,1,586,-0.02594,0.04934,-0.3906,0.0900,0.08499,0.08855,0.04698,0,1,0.800,-0.549,running
28.101,1,587,-0.03269,0.04929,-0.3715,-0.0027,0.09843,0.13261,0.04994,0,1,0.800,-0.393,running
28.146,1,588,-0.03711,0.04772,-0.2427,-0.0868,0.07167,0.16042,0.05098,0,1,0.800,-0.056,running
28.189,1,589,-0.04016,0.04384,-0.1683,-0.2133,0.02792,0.16159,0.04979,0,1,0.800,0.244,running
28.234,1,590,-0.04205,0.04041,-0.1037,-0.1888,-0.00447,0.14383,0.04855,0,1,0.800,0.717,running
28.280,1,591,-0.04220,0.03604,-0.0079,-0.2403,-0.03456,0.12204,0.04566,0,1,0.696,0.649,running
28.323,1,592,-0.04141,0.03218,0.0432,-0.2121,-0.07065,0.10003,0.04260,1,1,0.343,0.800,in_circle
28.367,1,593,-0.03936,0.02907,0.1128,-0.1713,-0.09969,0.07629,0.03909,1,1,0.139,0.800,in_circle
28.411,1,594,-0.03778,0.02729,0.0870,-0.0976,-0.11208,0.04265,0.03677,1,1,-0.152,0.683,in_circle
28.455,1,595,-0.03556,0.02614,0.1218,-0.0636,-0.10762,-0.00713,0.03429,1,1,-0.052,0.392,in_circle
28.499,1,596,-0.03436,0.02657,0.0663,0.0241,-0.10276,-0.05079,0.03359,1,1,-0.195,0.258,in_circle
28.542,1,597,-0.03396,0.02864,0.0219,0.1136,-0.08620,-0.08468,0.03460,1,1,0.025,-0.095,in_circle
28.587,1,598,-0.03543,0.03229,-0.0809,0.2005,-0.05164,-0.07536,0.03814,1,1,0.203,-0.459,in_circle
28.630,1,599,-0.03709,0.03592,-0.0911,0.1997,-0.00997,-0.03665,0.04186,1,1,0.619,-0.800,in_circle
28.675,1,600,-0.04005,0.03884,-0.1629,0.1609,0.02206,0.01942,0.04603,0,1,0.661,-0.800,running
28.718,1,601,-0.04314,0.04103,-0.1698,0.1205,0.05216,0.07494,0.04976,0,1,0.800,-0.649,running
28.763,1,602,-0.04568,0.04209,-0.1398,0.0582,0.08566,0.12390,0.05232,0,1,0.800,-0.493,running
28.805,1,603,-0.04735,0.04175,-0.0921,-0.0186,0.07573,0.15854,0.05332,0,1,0.800,-0.272,running
28.851,1,604,-0.04710,0.04004,0.0139,-0.0944,0.04181,0.16447,0.05199,0,1,0.678,-0.005,running
28.893,1,605,-0.04577,0.03732,0.0730,-0.1497,0.01030,0.14834,0.04922,0,1,0.308,0.268,running
28.938,1,606,-0.04382,0.03433,0.1074,-0.1643,-0.02513,0.12037,0.04582,0,1,0.085,0.491,running
28.983,1,607,-0.04085,0.03088,0.1635,-0.1897,-0.06164,0.07897,0.04136,1,1,-0.065,0.579,in_circle
29.026,1,608,-0.03779,0.02844,0.1683,-0.1340,-0.09230,0.03028,0.03746,1,1,-0.320,0.722,in_circle
29.069,1,609,-0.03428,0.02677,0.1930,-0.0918,-0.11054,-0.02020,0.03365,1,1,-0.356,0.517,in_circle
29.114,1,610,-0.03243,0.02754,0.1014,0.0420,-0.10609,-0.06518,0.03272,1,1,-0.463,0.351,in_circle
29.158,1,611,-0.03074,0.02878,0.0932,0.0683,-0.09620,-0.09965,0.03233,1,1,-0.100,-0.187,in_circle
29.203,1,612,-0.03159,0.03129,-0.0466,0.1382,-0.07980,-0.10144,0.03472,1,1,-0.071,-0.296,in_circle
29.245,1,613,-0.03263,0.03475,-0.0574,0.1901,-0.03789,-0.07124,0.03799,1,1,0.492,-0.583,in_circle
29.291,1,614,-0.03540,0.03795,-0.1526,0.1763,-0.00263,-0.01003,0.04222,1,1,0.539,-0.800,in_circle
29.334,1,615,-0.03893,0.04026,-0.1940,0.1267,0.02449,0.05724,0.04629,0,1,0.800,-0.742,running
29.378,1,616,-0.04182,0.04301,-0.1590,0.1515,0.05984,0.11181,0.05027,0,1,0.800,-0.542,running
29.422,1,617,-0.04456,0.04407,-0.1505,0.0583,0.07996,0.14052,0.05292,0,1,0.800,-0.628,running
29.467,1,618,-0.04514,0.04404,-0.0318,-0.0016,0.06012,0.15183,0.05330,0,1,0.800,-0.297,running
29.510,1,619,-0.04450,0.04203,0.0351,-0.1105,0.05279,0.14963,0.05143,0,1,0.483,-0.091,running
29.557,1,620,-0.04189,0.03958,0.1436,-0.1350,0.03305,0.13935,0.04785,0,1,0.244,0.303,running
29.597,1,621,-0.03859,0.03687,0.1813,-0.1489,-0.02141,0.11997,0.04360,1,1,-0.173,0.421,in_circle
29.642,1,622,-0.03456,0.03357,0.2218,-0.1816,-0.05496,0.07511,0.03842,1,1,-0.358,0.511,in_circle
29.685,1,623,-0.03031,0.03021,0.2336,-0.1847,-0.07620,0.00861,0.03306,1,1,-0.560,0.676,in_circle
29.730,1,624,-0.02661,0.02909,0.2036,-0.0615,-0.10570,-0.04982,0.02978,1,1,-0.617,0.696,in_circle
29.775,1,625,-0.02360,0.02874,0.1655,-0.0194,-0.10012,-0.08680,0.02769,1,1,-0.505,0.204,in_circle
29.869,1,626,-0.02279,0.03212,0.0446,0.1857,-0.09667,-0.09508,0.03011,1,1,-0.359,0.035,in_circle
29.906,1,627,-0.02496,0.03575,-0.1194,0.1998,-0.09879,-0.07239,0.03434,1,1,0.123,-0.795,in_circle
29.950,1,628,-0.02818,0.03991,-0.1771,0.2291,-0.08349,-0.04816,0.03957,1,1,0.785,-0.800,in_circle
29.994,1,629,-0.03242,0.04405,-0.2332,0.2276,-0.04301,-0.00906,0.04532,1,1,0.800,-0.800,in_circle
30.038,1,630,-0.03661,0.04860,-0.2306,0.2504,0.00518,0.05237,0.05143,0,1,0.800,-0.800,running
30.084,1,631,-0.04108,0.05281,-0.2457,0.2314,0.03212,0.11495,0.05744,0,1,0.800,-0.800,running
30.126,1,632,-0.04439,0.05546,-0.1822,0.1458,0.06092,0.15823,0.06153,0,1,0.800,-0.800,running
30.171,1,633,-0.04661,0.05707,-0.1220,0.0885,0.08977,0.16846,0.06415,0,1,0.800,-0.632,running
30.214,1,634,-0.04724,0.05781,-0.0344,0.0405,0.09182,0.14945,0.06511,0,1,0.787,-0.458,running
30.257,1,635,-0.04675,0.05757,0.0269,-0.0128,0.06539,0.13054,0.06463,0,1,0.526,-0.318,running
30.303,1,636,-0.04464,0.05655,0.1161,-0.0563,0.03148,0.11246,0.06255,0,1,0.340,-0.158,running
30.345,1,637,-0.04203,0.05480,0.1437,-0.0963,-0.01054,0.07717,0.05960,0,1,0.052,-0.016,running
30.390,1,638,-0.04002,0.05344,0.1103,-0.0746,-0.04306,0.02698,0.05735,0,1,-0.064,0.131,running
30.433,1,639,-0.03797,0.05221,0.1129,-0.0676,-0.06902,-0.02939,0.05519,0,1,0.025,0.076,running
30.479,1,640,-0.03693,0.05162,0.0568,-0.0325,-0.09554,-0.07473,0.05413,0,1,-0.003,0.066,running
30.522,1,641,-0.03689,0.05149,0.0022,-0.0071,-0.08109,-0.07850,0.05400,0,1,0.182,-0.050,running
30.567,1,642,-0.03828,0.05175,-0.0761,0.0139,-0.04973,-0.04345,0.05497,0,1,0.370,-0.138,running
30.609,1,643,-0.04052,0.05275,-0.1234,0.0555,-0.02050,0.01437,0.05707,0,1,0.644,-0.215,running
30.655,1,644,-0.04307,0.05322,-0.1402,0.0258,0.01484,0.07053,0.05894,0,1,0.800,-0.362,running
30.699,1,645,-0.04542,0.05338,-0.1295,0.0087,0.04952,0.11980,0.06050,0,1,0.800,-0.269,running
30.743,1,646,-0.04741,0.05361,-0.1090,0.0127,0.07716,0.15581,0.06193,0,1,0.800,-0.220,running
30.786,1,647,-0.04774,0.05254,-0.0186,-0.0590,0.06413,0.16558,0.06133,0,1,0.775,-0.238,running
30.830,1,648,-0.04607,0.05043,0.0924,-0.1159,0.02793,0.14702,0.05864,0,1,0.495,-0.010,running
30.874,1,649,-0.04371,0.04915,0.1297,-0.0705,-0.00695,0.12787,0.05613,0,1,0.126,0.194,running
30.918,1,650,-0.04042,0.04648,0.1808,-0.1466,-0.04238,0.09822,0.05199,0,1,-0.019,0.061,running
30.961,1,651,-0.03650,0.04447,0.2157,-0.1104,-0.06894,0.05721,0.04800,0,1,-0.237,0.356,running
31.006,1,652,-0.03245,0.04348,0.2227,-0.0546,-0.07039,0.00528,0.04486,1,1,-0.411,0.258,in_circle
31.049,1,653,-0.02941,0.04254,0.1672,-0.0516,-0.07969,-0.05459,0.04245,1,1,-0.480,0.067,in_circle
31.094,1,654,-0.02594,0.04228,0.1909,-0.0142,-0.07971,-0.10346,0.04057,1,1,-0.296,0.066,in_circle
31.137,1,655,-0.02610,0.04218,-0.0088,-0.0060,-0.03570,-0.12644,0.04054,1,1,-0.414,-0.077,in_circle
31.182,1,656,-0.02730,0.04187,-0.0659,-0.0167,-0.00118,-0.10234,0.04083,1,1,0.381,-0.111,in_circle
31.226,1,657,-0.02964,0.04141,-0.1287,-0.0257,0.02729,-0.04079,0.04160,1,1,0.611,-0.070,in_circle
31.271,1,658,-0.03367,0.04016,-0.2216,-0.0687,0.04025,0.04062,0.04285,1,1,0.800,-0.037,in_circle
31.314,1,659,-0.03771,0.03845,-0.2222,-0.0937,0.02775,0.09804,0.04413,1,1,0.800,0.129,in_circle
31.359,1,660,-0.04051,0.03577,-0.1541,-0.1477,0.00255,0.12338,0.04422,1,1,0.800,0.222,in_circle
31.402,1,661,-0.04226,0.03380,-0.0967,-0.1085,-0.02800,0.13276,0.04428,1,1,0.800,0.435,in_circle
31.446,1,662,-0.04300,0.03158,-0.0405,-0.1217,-0.06928,0.13300,0.04352,1,1,0.764,0.288,in_circle
31.489,1,663,-0.04250,0.03038,0.0276,-0.0663,-0.09643,0.13017,0.04241,1,1,0.550,0.348,in_circle
31.534,1,664,-0.04039,0.02968,0.1162,-0.0385,-0.09454,0.12442,0.04028,1,1,0.283,0.141,in_circle
31.579,1,665,-0.03788,0.03019,0.1380,0.0281,-0.08037,0.10988,0.03860,1,1,-0.082,0.039,in_circle
31.624,1,666,-0.03429,0.03140,0.1972,0.0667,-0.06046,0.07181,0.03670,1,1,-0.177,-0.229,in_circle
31.666,1,667,-0.02978,0.03369,0.2480,0.1260,-0.01611,0.01753,0.03536,1,1,-0.423,-0.387,in_circle
31.712,1,668,-0.02585,0.03514,0.2161,0.0795,0.02410,-0.03753,0.03428,1,1,-0.637,-0.631,in_circle
31.755,1,669,-0.02340,0.03667,0.1349,0.0844,0.05085,-0.07584,0.03441,1,1,-0.519,-0.450,in_circle
31.799,1,670,-0.02201,0.03708,0.0765,0.0225,0.08669,-0.11158,0.03417,1,1,-0.201,-0.475,in_circle
31.887,1,671,-0.02601,0.03450,-0.2201,-0.1421,0.04712,-0.09383,0.03382,1,1,0.030,-0.232,in_circle
31.930,1,672,-0.03020,0.03194,-0.2303,-0.1408,0.05078,-0.04201,0.03427,1,1,0.800,0.432,in_circle
31.974,1,673,-0.03596,0.02797,-0.3170,-0.2179,0.03045,0.00577,0.03572,1,1,0.800,0.432,in_circle
32.019,1,674,-0.04166,0.02485,-0.3134,-0.1716,-0.03084,0.03656,0.03876,1,1,0.800,0.750,in_circle
32.061,1,675,-0.04737,0.02176,-0.3141,-0.1703,-0.06324,0.06321,0.04259,1,1,0.800,0.572,in_circle
32.107,1,676,-0.05305,0.01945,-0.3124,-0.1270,-0.08117,0.10308,0.04721,0,1,0.800,0.554,running
32.150,1,677,-0.05610,0.01758,-0.1678,-0.1028,-0.08885,0.14520,0.04967,0,1,0.800,0.364,running
32.195,1,678,-0.05945,0.01681,-0.1841,-0.0424,-0.08051,0.16308,0.05277,0,1,0.800,0.267,running
32.238,1,679,-0.06101,0.01661,-0.0858,-0.0107,-0.05999,0.15267,0.05426,0,1,0.800,0.044,running
32.284,1,680,-0.06113,0.01704,-0.0065,0.0236,-0.02059,0.13286,0.05446,0,1,0.765,-0.068,running
32.326,1,681,-0.05975,0.01682,0.0756,-0.0120,0.01648,0.11155,0.05307,0,1,0.494,-0.187,running
32.370,1,682,-0.05837,0.01603,0.0761,-0.0438,0.04609,0.09180,0.05155,0,1,0.201,-0.064,running
32.415,1,683,-0.05586,0.01448,0.1381,-0.0853,0.06409,0.07004,0.04880,0,1,0.186,0.052,running
32.458,1,684,-0.05444,0.01225,0.0781,-0.1225,0.03989,0.02510,0.04705,0,1,-0.063,0.214,running
32.503,1,685,-0.05267,0.00846,0.0972,-0.2086,-0.00080,-0.03302,0.04494,1,1,0.143,0.365,in_circle
32.545,1,686,-0.05210,0.00439,0.0312,-0.2237,-0.03142,-0.06812,0.04433,1,1,0.054,0.714,in_circle
32.591,1,687,-0.05209,0.00134,0.0007,-0.1678,-0.06478,-0.06608,0.04453,1,1,0.301,0.788,in_circle
32.634,1,688,-0.05347,-0.00166,-0.0757,-0.1648,-0.09710,-0.02267,0.04630,0,1,0.418,0.581,running
32.679,1,689,-0.05603,-0.00422,-0.1410,-0.1409,-0.10953,0.04048,0.04930,0,1,0.712,0.567,running
32.723,1,690,-0.05843,-0.00505,-0.1322,-0.0457,-0.10901,0.09428,0.05183,0,1,0.800,0.470,running
32.767,1,691,-0.06015,-0.00538,-0.0944,-0.0181,-0.09648,0.13037,0.05357,0,1,0.800,0.124,running
32.812,1,692,-0.06105,-0.00476,-0.0496,0.0342,-0.06213,0.15118,0.05433,0,1,0.793,0.028,running
32.854,1,693,-0.06070,-0.00362,0.0195,0.0630,-0.02240,0.14908,0.05377,0,1,0.641,-0.153,running
32.899,1,694,-0.05892,-0.00368,0.0976,-0.0037,0.00718,0.13770,0.05203,0,1,0.401,-0.256,running
32.941,1,695,-0.05652,-0.00417,0.1323,-0.0267,0.03968,0.12533,0.04977,0,1,0.115,-0.026,running
32.986,1,696,-0.05275,-0.00500,0.2074,-0.0461,0.06457,0.08708,0.04628,0,1,-0.032,0.058,running
33.032,1,697,-0.04830,-0.00694,0.2447,-0.1066,0.03305,0.02417,0.04252,1,1,-0.351,0.135,in_circle
33.074,1,698,-0.04492,-0.00979,0.1857,-0.1567,-0.01522,-0.03571,0.04034,1,1,-0.548,0.382,in_circle
33.119,1,699,-0.04303,-0.01168,0.1041,-0.1038,-0.04379,-0.07711,0.03942,1,1,-0.347,0.597,in_circle
33.162,1,700,-0.04188,-0.01416,0.0632,-0.1364,-0.06563,-0.10530,0.03960,1,1,-0.029,0.393,in_circle
33.207,1,701,-0.04269,-0.01608,-0.0448,-0.1054,-0.10109,-0.10305,0.04129,1,1,0.132,0.531,in_circle
33.250,1,702,-0.04548,-0.01703,-0.1535,-0.0523,-0.08943,-0.06280,0.04416,1,1,0.566,0.408,in_circle
33.294,1,703,-0.04901,-0.01593,-0.1941,0.0602,-0.09551,0.00227,0.04669,0,1,0.800,0.199,running
33.338,1,704,-0.05350,-0.01408,-0.2466,0.1021,-0.07757,0.07020,0.04991,0,1,0.800,-0.225,running
33.382,1,705,-0.05788,-0.01243,-0.2408,0.0906,-0.02998,0.12740,0.05336,0,1,0.800,-0.369,running
33.426,1,706,-0.06098,-0.01041,-0.1708,0.1109,0.00265,0.15642,0.05566,0,1,0.800,-0.317,running
33.470,1,707,-0.06281,-0.00846,-0.1004,0.1071,0.02841,0.15903,0.05688,0,1,0.800,-0.381,running
33.515,1,708,-0.06332,-0.00822,-0.0281,0.0134,0.05094,0.14091,0.05731,0,1,0.800,-0.367,running
33.559,1,709,-0.06243,-0.00818,0.0491,0.0021,0.05061,0.12809,0.05644,0,1,0.580,-0.055,running
33.603,1,710,-0.06051,-0.00910,0.1051,-0.0506,0.04560,0.10529,0.05484,0,1,0.317,-0.018,running
33.646,1,711,-0.05816,-0.01173,0.1292,-0.1446,0.01833,0.08114,0.05340,0,1,0.113,0.164,running
33.690,1,712,-0.05545,-0.01351,0.1494,-0.0976,-0.02630,0.03476,0.05149,0,1,0.012,0.500,running
33.734,1,713,-0.05298,-0.01580,0.1356,-0.1264,-0.05875,-0.02986,0.05017,0,1,-0.083,0.349,running
33.778,1,714,-0.05137,-0.01710,0.0886,-0.0712,-0.08158,-0.07964,0.04931,0,1,-0.051,0.465,running
33.828,1,715,-0.05110,-0.01789,0.0147,-0.0435,-0.08814,-0.09280,0.04946,0,1,0.108,0.273,running
33.909,1,716,-0.05533,-0.01620,-0.2325,0.0928,-0.06856,-0.01072,0.05246,0,1,0.375,0.177,running
33.955,1,717,-0.05843,-0.01365,-0.1703,0.1401,-0.05864,0.04087,0.05431,0,1,0.800,-0.307,running
33.999,1,718,-0.06190,-0.01092,-0.1911,0.1502,-0.03896,0.05960,0.05669,0,1,0.800,-0.467,running
34.043,1,719,-0.06472,-0.00891,-0.1549,0.1107,0.01234,0.07444,0.05884,0,1,0.800,-0.493,running
34.085,1,720,-0.06722,-0.00733,-0.1377,0.0871,0.04503,0.10971,0.06090,0,1,0.800,-0.357,running
34.131,1,721,-0.06900,-0.00655,-0.0981,0.0427,0.06980,0.15006,0.06248,0,1,0.800,-0.276,running
34.175,1,722,-0.06925,-0.00676,-0.0133,-0.0114,0.05907,0.16540,0.06276,0,1,0.800,-0.134,running
34.218,1,723,-0.06852,-0.00781,0.0401,-0.0579,0.02605,0.15128,0.06227,0,1,0.565,0.035,running
34.264,1,724,-0.06696,-0.00992,0.0855,-0.1158,-0.00609,0.13116,0.06127,0,1,0.395,0.184,running
34.305,1,725,-0.06435,-0.01198,0.1435,-0.1135,-0.03977,0.10415,0.05934,0,1,0.242,0.376,running
34.350,1,726,-0.06102,-0.01463,0.1832,-0.1459,-0.07408,0.06586,0.05708,0,1,0.033,0.384,running
34.393,1,727,-0.05778,-0.01575,0.1784,-0.0614,-0.10278,0.02065,0.05451,0,1,-0.129,0.509,running
34.438,1,728,-0.05504,-0.01646,0.1510,-0.0390,-0.10319,-0.03757,0.05230,0,1,-0.149,0.237,running
34.481,1,729,-0.05351,-0.01512,0.0840,0.0736,-0.09769,-0.08752,0.05035,0,1,-0.082,0.165,running
34.526,1,730,-0.05347,-0.01327,0.0023,0.1019,-0.08403,-0.10507,0.04956,0,1,0.137,-0.241,running
34.571,1,731,-0.05432,-0.01164,-0.0470,0.0895,-0.04922,-0.07822,0.04975,0,1,0.428,-0.352,running
34.615,1,732,-0.05665,-0.00875,-0.1282,0.1590,-0.01051,-0.02026,0.05103,0,1,0.609,-0.310,running
34.659,1,733,-0.06012,-0.00563,-0.1910,0.1712,0.01978,0.04017,0.05360,0,1,0.800,-0.560,running
34.703,1,734,-0.06339,-0.00415,-0.1799,0.0818,0.04269,0.09285,0.05651,0,1,0.800,-0.593,running
34.746,1,735,-0.06632,-0.00339,-0.1610,0.0417,0.07971,0.13232,0.05927,0,1,0.800,-0.277,running
34.790,1,736,-0.06798,-0.00435,-0.0915,-0.0528,0.08927,0.14885,0.06107,0,1,0.800,-0.140,running
34.834,1,737,-0.06863,-0.00658,-0.0357,-0.1230,0.05309,0.14222,0.06212,0,1,0.800,0.166,running
34.879,1,738,-0.06790,-0.01019,0.0406,-0.1985,0.01138,0.12779,0.06224,0,1,0.631,0.392,running
34.923,1,739,-0.06611,-0.01416,0.0980,-0.2182,-0.01727,0.11003,0.06170,0,1,0.391,0.640,running
34.967,1,740,-0.06334,-0.01813,0.1526,-0.2186,-0.04918,0.08727,0.06056,0,1,0.202,0.721,running
35.010,1,741,-0.06043,-0.02162,0.1600,-0.1920,-0.08547,0.05326,0.05944,0,1,0.011,0.746,running
35.055,1,742,-0.05757,-0.02466,0.1576,-0.1669,-0.11353,0.00374,0.05845,0,1,-0.033,0.682,running
35.097,1,743,-0.05602,-0.02636,0.0852,-0.0937,-0.10504,-0.04667,0.05807,0,1,-0.044,0.618,running
35.143,1,744,-0.05497,-0.02683,0.0574,-0.0255,-0.09713,-0.08533,0.05747,0,1,0.185,0.387,running
35.186,1,745,-0.05567,-0.02537,-0.0384,0.0803,-0.09517,-0.07883,0.05723,0,1,0.270,0.167,running
35.230,1,746,-0.05751,-0.02368,-0.1011,0.0927,-0.07136,-0.03845,0.05790,0,1,0.588,-0.187,running
35.274,1,747,-0.05995,-0.02108,-0.1343,0.1433,-0.02172,0.03202,0.05876,0,1,0.800,-0.229,running
35.319,1,748,-0.06307,-0.01894,-0.1718,0.1175,0.01076,0.09903,0.06064,0,1,0.800,-0.397,running
35.362,1,749,-0.06533,-0.01664,-0.1243,0.1263,0.03847,0.14306,0.06183,0,1,0.800,-0.308,running
35.406,1,750,-0.06681,-0.01535,-0.0812,0.0709,0.07329,0.15607,0.06275,0,1,0.800,-0.336,running
35.449,1,751,-0.06705,-0.01511,-0.0133,0.0134,0.06192,0.14133,0.06290,0,1,0.766,-0.163,running
35.494,1,752,-0.06645,-0.01500,0.0332,0.0059,0.04116,0.12216,0.06229,0,1,0.557,0.015,running
35.538,1,753,-0.06458,-0.01594,0.1028,-0.0518,0.01927,0.10294,0.06087,0,1,0.409,0.038,running
35.582,1,754,-0.06261,-0.01735,0.1084,-0.0772,-0.02528,0.07897,0.05957,0,1,0.176,0.223,running
35.626,1,755,-0.06015,-0.01843,0.1348,-0.0593,-0.05997,0.03337,0.05777,0,1,0.142,0.312,running
35.671,1,756,-0.05820,-0.01911,0.1072,-0.0378,-0.08638,-0.01732,0.05631,0,1,0.034,0.261,running
35.716,1,757,-0.05712,-0.01921,0.0594,-0.0052,-0.10374,-0.06209,0.05539,0,1,0.108,0.195,running
35.758,1,758,-0.05717,-0.01826,-0.0023,0.0520,-0.08910,-0.06663,0.05501,0,1,0.260,0.086,running
35.801,1,759,-0.05878,-0.01610,-0.0885,0.1193,-0.06199,-0.03293,0.05556,0,1,0.468,-0.111,running
35.846,1,760,-0.06133,-0.01348,-0.1403,0.1439,-0.02325,0.03001,0.05696,0,1,0.766,-0.343,running
35.933,1,761,-0.06627,-0.00949,-0.2721,0.2195,0.04323,0.12825,0.06049,0,1,0.800,-0.423,running
35.979,1,762,-0.06752,-0.00817,-0.0684,0.0727,0.04400,0.15113,0.06137,0,1,0.800,-0.653,running
36.023,1,763,-0.06785,-0.00829,-0.0183,-0.0070,0.05855,0.14431,0.06173,0,1,0.728,-0.187,running
36.066,1,764,-0.06733,-0.01014,0.0286,-0.1016,0.09516,0.12764,0.06168,0,1,0.573,0.065,running
36.111,1,765,-0.06569,-0.01266,0.0901,-0.1388,0.06011,0.11274,0.06083,0,1,0.424,0.368,running
36.154,1,766,-0.06356,-0.01665,0.1174,-0.2195,0.00921,0.08424,0.06018,0,1,0.220,0.499,running
36.197,1,767,-0.06088,-0.02030,0.1472,-0.2008,-0.01157,0.03883,0.05924,0,1,0.121,0.774,running
36.242,1,768,-0.05917,-0.02459,0.0940,-0.2359,-0.04069,-0.00821,0.05979,0,1,0.008,0.735,running
36.289,1,769,-0.05698,-0.02848,0.1207,-0.2138,-0.08289,-0.05243,0.06006,0,1,0.178,0.800,running
36.334,1,770,-0.05595,-0.03136,0.0566,-0.1582,-0.10305,-0.07193,0.06094,0,1,0.086,0.800,running
36.375,1,771,-0.05649,-0.03280,-0.0298,-0.0793,-0.10230,-0.04921,0.06226,0,1,0.292,0.632,running
36.418,1,772,-0.05815,-0.03304,-0.0911,-0.0131,-0.11107,0.00930,0.06371,0,1,0.569,0.388,running
36.463,1,773,-0.06051,-0.03211,-0.1302,0.0509,-0.10842,0.07021,0.06505,0,1,0.764,0.187,running
36.507,1,774,-0.06278,-0.02997,-0.1249,0.1175,-0.08360,0.12370,0.06571,0,1,0.800,-0.005,running
36.550,1,775,-0.06414,-0.02771,-0.0746,0.1247,-0.04502,0.15696,0.06565,0,1,0.800,-0.207,running
36.594,1,776,-0.06393,-0.02513,0.0116,0.1416,-0.00983,0.14817,0.06419,0,1,0.735,-0.235,running
36.639,1,777,-0.06263,-0.02286,0.0713,0.1251,0.02219,0.12603,0.06196,0,1,0.473,-0.305,running
36.682,1,778,-0.06075,-0.02089,0.1037,0.1081,0.05014,0.10451,0.05939,0,1,0.275,-0.276,running
36.727,1,779,-0.05801,-0.02050,0.1506,0.0218,0.06101,0.07464,0.05677,0,1,0.149,-0.244,running
36.771,1,780,-0.05513,-0.02107,0.1586,-0.0316,0.04839,0.03655,0.05452,0,1,-0.034,0.029,running
36.815,1,781,-0.05228,-0.02188,0.1568,-0.0446,0.02347,-0.00992,0.05249,0,1,-0.089,0.209,running
36.858,1,782,-0.05105,-0.02359,0.0673,-0.0937,-0.01001,-0.05963,0.05240,0,1,-0.110,0.258,running
36.902,1,783,-0.05043,-0.02477,0.0343,-0.0651,-0.04697,-0.08929,0.05257,0,1,0.199,0.437,running
36.947,1,784,-0.05219,-0.02558,-0.0968,-0.0446,-0.07902,-0.07204,0.05448,0,1,0.313,0.342,running
36.989,1,785,-0.05481,-0.02642,-0.1442,-0.0462,-0.10589,-0.03021,0.05711,0,1,0.774,0.274,running
37.035,1,786,-0.05788,-0.02527,-0.1687,0.0633,-0.09258,0.03441,0.05904,0,1,0.800,0.283,running
37.078,1,787,-0.06168,-0.02325,-0.2090,0.1114,-0.08009,0.09696,0.06130,0,1,0.800,-0.075,running
37.124,1,788,-0.06506,-0.02087,-0.1860,0.1309,-0.04753,0.14333,0.06325,0,1,0.800,-0.223,running
37.167,1,789,-0.06670,-0.01813,-0.0900,0.1507,-0.00736,0.15372,0.06365,0,1,0.800,-0.279,running
37.212,1,790,-0.06811,-0.01612,-0.0777,0.1104,0.02408,0.14029,0.06424,0,1,0.792,-0.346,running
37.254,1,791,-0.06819,-0.01459,-0.0044,0.0840,0.05284,0.12071,0.06380,0,1,0.759,-0.226,running
37.300,1,792,-0.06733,-0.01416,0.0471,0.0239,0.07245,0.10238,0.06285,0,1,0.536,-0.153,running
37.342,1,793,-0.06605,-0.01429,0.0707,-0.0070,0.04724,0.08805,0.06168,0,1,0.372,0.028,running
37.387,1,794,-0.06410,-0.01522,0.1071,-0.0513,0.00754,0.06550,0.06017,0,1,0.287,0.124,running
37.430,1,795,-0.06256,-0.01668,0.0848,-0.0803,-0.02226,0.03371,0.05927,0,1,0.156,0.268,running
37.475,1,796,-0.06139,-0.01863,0.0641,-0.1074,-0.05629,-0.00128,0.05898,0,1,0.216,0.369,running
37.520,1,797,-0.05982,-0.01915,0.0865,-0.0286,-0.09175,-0.02265,0.05778,0,1,0.277,0.465,running
37.562,1,798,-0.05960,-0.01951,0.0123,-0.0197,-0.10632,-0.02032,0.05774,0,1,0.192,0.213,running
37.608,1,799,-0.05996,-0.01874,-0.0201,0.0425,-0.10945,0.01259,0.05773,0,1,0.435,0.186,running
37.650,1,800,-0.06060,-0.01729,-0.0352,0.0797,-0.09440,0.05890,0.05771,0,1,0.543,-0.020,running
37.694,1,801,-0.06095,-0.01472,-0.0188,0.1415,-0.05501,0.10321,0.05704,0,1,0.595,-0.147,running
37.737,1,802,-0.06061,-0.01188,0.0187,0.1560,-0.01704,0.14147,0.05575,0,1,0.541,-0.363,running
37.783,1,803,-0.05960,-0.00975,0.0555,0.1171,0.01421,0.14843,0.05414,0,1,0.410,-0.429,running
37.828,1,804,-0.05746,-0.00811,0.1174,0.0901,0.04703,0.13323,0.05163,0,1,0.275,-0.313,running
37.872,1,805,-0.05408,-0.00685,0.1862,0.0693,0.07005,0.11020,0.04803,0,1,0.038,-0.235,running
37.960,1,806,-0.04547,-0.00794,0.4732,-0.0596,0.02687,-0.00053,0.04017,1,1,-0.251,-0.177,in_circle
38.002,1,807,-0.04175,-0.01048,0.2049,-0.1399,0.02240,-0.04216,0.03774,1,1,-0.800,0.314,in_circle
38.047,1,808,-0.03922,-0.01345,0.1387,-0.1631,0.01061,-0.03933,0.03696,1,1,-0.435,0.643,in_circle
38.092,1,809,-0.03869,-0.01665,0.0295,-0.1763,-0.04707,-0.05052,0.03831,1,1,-0.176,0.744,in_circle
38.134,1,810,-0.03822,-0.01892,0.0258,-0.1249,-0.09324,-0.06882,0.03933,1,1,0.259,0.800,in_circle
38.178,1,811,-0.04007,-0.02084,-0.1018,-0.1051,-0.10143,-0.05741,0.04197,1,1,0.273,0.607,in_circle
38.221,1,812,-0.04282,-0.02121,-0.1514,-0.0206,-0.10530,-0.00101,0.04435,1,1,0.783,0.528,in_circle
38.267,1,813,-0.04626,-0.01998,-0.1892,0.0675,-0.10734,0.07553,0.04642,0,1,0.800,0.200,running
38.311,1,814,-0.04953,-0.01827,-0.1795,0.0943,-0.08613,0.13778,0.04827,0,1,0.800,-0.131,running
38.357,1,815,-0.05135,-0.01555,-0.1003,0.1496,-0.04462,0.16258,0.04859,0,1,0.800,-0.226,running
38.398,1,816,-0.05239,-0.01323,-0.0570,0.1277,-0.01115,0.14347,0.04856,0,1,0.794,-0.433,running
38.443,1,817,-0.05260,-0.01153,-0.0115,0.0936,0.02001,0.11547,0.04810,0,1,0.639,-0.359,running
38.486,1,818,-0.05092,-0.00953,0.0921,0.1101,0.05316,0.09159,0.04583,0,1,0.472,-0.241,running
38.531,1,819,-0.04980,-0.00843,0.0618,0.0601,0.06018,0.07740,0.04441,1,1,0.074,-0.318,in_circle
38.575,1,820,-0.04835,-0.00872,0.0798,-0.0158,0.03247,0.05601,0.04314,1,1,0.178,-0.137,in_circle
38.621,1,821,-0.04694,-0.00998,0.0773,-0.0693,0.01701,0.01509,0.04228,1,1,0.098,0.155,in_circle
38.663,1,822,-0.04508,-0.01095,0.1022,-0.0534,-0.00634,-0.02881,0.04095,1,1,0.100,0.367,in_circle
38.708,1,823,-0.04466,-0.01230,0.0230,-0.0745,-0.05210,-0.04220,0.04116,1,1,-0.010,0.310,in_circle
38.751,1,824,-0.04563,-0.01349,-0.0530,-0.0650,-0.08129,-0.02195,0.04255,1,1,0.303,0.398,in_circle
38.795,1,825,-0.04662,-0.01309,-0.0544,0.0217,-0.09448,0.00773,0.04326,1,1,0.606,0.362,in_circle
38.839,1,826,-0.04848,-0.01266,-0.1025,0.0239,-0.09694,0.04803,0.04475,1,1,0.614,0.025,in_circle
38.883,1,827,-0.04984,-0.01089,-0.0747,0.0970,-0.08586,0.09132,0.04531,1,1,0.800,0.019,in_circle
38.926,1,828,-0.05080,-0.00800,-0.0527,0.1593,-0.05660,0.12863,0.04522,1,1,0.699,-0.261,in_circle
38.972,1,829,-0.05042,-0.00526,0.0209,0.1504,-0.01464,0.14547,0.04408,1,1,0.619,-0.505,in_circle
39.015,1,830,-0.04927,-0.00290,0.0631,0.1297,0.01804,0.13981,0.04241,1,1,0.335,-0.486,in_circle
39.059,1,831,-0.04718,-0.00155,0.1151,0.0744,0.04948,0.12370,0.04009,1,1,0.162,-0.422,in_circle
39.102,1,832,-0.04344,-0.00173,0.2054,-0.0100,0.06783,0.09640,0.03647,1,1,-0.061,-0.217,in_circle
39.147,1,833,-0.04038,-0.00244,0.1683,-0.0391,0.05503,0.04546,0.03366,1,1,-0.433,0.121,in_circle
39.189,1,834,-0.03643,-0.00518,0.2175,-0.1504,0.03194,-0.01469,0.03073,1,1,-0.292,0.240,in_circle
39.235,1,835,-0.03446,-0.00910,0.1080,-0.2157,-0.00996,-0.06853,0.03064,1,1,-0.498,0.692,in_circle
39.278,1,836,-0.03283,-0.01207,0.0898,-0.1633,-0.04511,-0.09625,0.03087,1,1,-0.065,0.800,in_circle
39.324,1,837,-0.03341,-0.01565,-0.0318,-0.1967,-0.07597,-0.09004,0.03353,1,1,0.003,0.763,in_circle
39.366,1,838,-0.03515,-0.01703,-0.0957,-0.0764,-0.10378,-0.06317,0.03575,1,1,0.491,0.800,in_circle
39.412,1,839,-0.03867,-0.01854,-0.1936,-0.0828,-0.10603,-0.01928,0.03943,1,1,0.751,0.429,in_circle
39.454,1,840,-0.04232,-0.01782,-0.2010,0.0395,-0.10950,0.03762,0.04194,1,1,0.800,0.460,in_circle
39.499,1,841,-0.04670,-0.01681,-0.2407,0.0556,-0.10314,0.09330,0.04509,1,1,0.800,-0.025,in_circle
39.543,1,842,-0.05012,-0.01374,-0.1883,0.1686,-0.07983,0.13642,0.04670,0,1,0.800,-0.079,running
39.585,1,843,-0.05242,-0.01098,-0.1265,0.1518,-0.04327,0.15463,0.04774,0,1,0.800,-0.503,running
39.631,1,844,-0.05386,-0.00756,-0.0792,0.1886,-0.00575,0.14381,0.04802,0,1,0.800,-0.440,running
39.676,1,845,-0.05364,-0.00466,0.0123,0.1595,0.02639,0.11951,0.04706,0,1,0.725,-0.583,running
39.719,1,846,-0.05207,-0.00247,0.0860,0.1202,0.05387,0.10548,0.04508,1,1,0.385,-0.491,in_circle
39.763,1,847,-0.05053,-0.00223,0.0852,0.0130,0.07942,0.08874,0.04351,1,1,0.095,-0.361,in_circle
39.807,1,848,-0.04823,-0.00308,0.1263,-0.0468,0.07075,0.06973,0.04144,1,1,0.086,0.045,in_circle
39.849,1,849,-0.04577,-0.00498,0.1353,-0.1044,0.03702,0.01683,0.03953,1,1,-0.094,0.281,in_circle
39.895,1,850,-0.04295,-0.00766,0.1549,-0.1473,0.00439,-0.04216,0.03771,1,1,-0.146,0.518,in_circle
39.982,1,851,-0.04171,-0.01313,0.0686,-0.3009,-0.06537,-0.08217,0.03893,1,1,-0.232,0.698,in_circle
40.027,1,852,-0.04408,-0.01512,-0.1303,-0.1097,-0.06730,-0.06484,0.04198,1,1,0.110,0.800,in_circle
40.072,1,853,-0.04789,-0.01625,-0.2098,-0.0620,-0.08019,-0.04921,0.04585,0,1,0.800,0.561,running
40.115,1,854,-0.05198,-0.01750,-0.2249,-0.0684,-0.10706,-0.02343,0.05004,0,1,0.800,0.373,running
40.158,1,855,-0.05678,-0.01630,-0.2641,0.0660,-0.08730,0.02322,0.05382,0,1,0.800,0.395,running
40.202,1,856,-0.06202,-0.01483,-0.2880,0.0806,-0.06941,0.08138,0.05808,0,1,0.800,-0.077,running
40.247,1,857,-0.06683,-0.01301,-0.2646,0.0999,-0.03182,0.12940,0.06202,0,1,0.800,-0.113,running
40.291,1,858,-0.07017,-0.01077,-0.1840,0.1232,-0.00005,0.15941,0.06459,0,1,0.800,-0.162,running
40.335,1,859,-0.07274,-0.00959,-0.1412,0.0649,0.03405,0.14765,0.06679,0,1,0.800,-0.227,running
40.379,1,860,-0.07397,-0.00910,-0.0674,0.0270,0.04948,0.12421,0.06787,0,1,0.800,-0.047,running
40.424,1,861,-0.07432,-0.00905,-0.0193,0.0026,0.05048,0.10396,0.06820,0,1,0.752,0.064,running
40.468,1,862,-0.07367,-0.01029,0.0356,-0.0682,0.02719,0.08818,0.06786,0,1,0.616,0.135,running
40.512,1,863,-0.07264,-0.01201,0.0567,-0.0942,-0.01672,0.07534,0.06729,0,1,0.454,0.345,running
40.554,1,864,-0.07156,-0.01478,0.0591,-0.1527,-0.04756,0.06942,0.06707,0,1,0.386,0.429,running
40.599,1,865,-0.06990,-0.01638,0.0916,-0.0880,-0.07798,0.05960,0.06601,0,1,0.373,0.612,running
40.643,1,866,-0.06837,-0.01716,0.0842,-0.0428,-0.10942,0.04444,0.06485,0,1,0.265,0.433,running
40.687,1,867,-0.06658,-0.01712,0.0982,0.0020,-0.10849,0.03509,0.06317,0,1,0.274,0.304,running
40.732,1,868,-0.06497,-0.01588,0.0885,0.0683,-0.10700,0.02931,0.06122,0,1,0.213,0.168,running
40.775,1,869,-0.06394,-0.01392,0.0569,0.1082,-0.08238,0.03711,0.05957,0,1,0.225,-0.047,running
40.820,1,870,-0.06282,-0.01044,0.0614,0.1911,-0.03518,0.04255,0.05743,0,1,0.312,-0.187,running
40.863,1,871,-0.06208,-0.00754,0.0410,0.1596,-0.00489,0.05492,0.05594,0,1,0.283,-0.484,running
40.908,1,872,-0.06091,-0.00480,0.0641,0.1506,0.02486,0.07784,0.05420,0,1,0.341,-0.399,running
40.950,1,873,-0.05947,-0.00354,0.0794,0.0695,0.05977,0.10680,0.05254,0,1,0.251,-0.389,running
40.995,1,874,-0.05751,-0.00280,0.1079,0.0406,0.06764,0.12110,0.05048,0,1,0.184,-0.120,running
41.038,1,875,-0.05365,-0.00409,0.2123,-0.0709,0.04893,0.12396,0.04695,0,1,0.064,-0.025,running
41.083,1,876,-0.04993,-0.00549,0.2046,-0.0771,0.02779,0.10289,0.04367,1,1,-0.360,0.387,in_circle
41.127,1,877,-0.04503,-0.00842,0.2694,-0.1610,-0.01819,0.06386,0.03992,1,1,-0.376,0.423,in_circle
41.173,1,878,-0.04073,-0.01077,0.2365,-0.1292,-0.05129,0.01072,0.03695,1,1,-0.684,0.776,in_circle
41.217,1,879,-0.03638,-0.01285,0.2394,-0.1145,-0.07655,-0.04229,0.03423,1,1,-0.564,0.655,in_circle
41.260,1,880,-0.03326,-0.01446,0.1711,-0.0887,-0.09926,-0.09451,0.03267,1,1,-0.586,0.602,in_circle
41.304,1,881,-0.03189,-0.01440,0.0756,0.0032,-0.09369,-0.12105,0.03157,1,1,-0.321,0.504,in_circle
41.348,1,882,-0.03287,-0.01316,-0.0541,0.0683,-0.09580,-0.10277,0.03156,1,1,0.058,0.137,in_circle
41.390,1,883,-0.03491,-0.01143,-0.1119,0.0953,-0.08798,-0.06268,0.03223,1,1,0.579,-0.126,in_circle
41.435,1,884,-0.03849,-0.00803,-0.1972,0.1872,-0.04214,-0.00780,0.03375,1,1,0.800,-0.237,in_circle
41.479,1,885,-0.04307,-0.00519,-0.2516,0.1557,-0.00474,0.05527,0.03700,1,1,0.800,-0.613,in_circle
41.523,1,886,-0.04721,-0.00256,-0.2276,0.1450,0.02598,0.10707,0.04032,1,1,0.800,-0.493,in_circle
41.567,1,887,-0.05069,-0.00137,-0.1916,0.0651,0.05566,0.14019,0.04352,1,1,0.800,-0.455,in_circle
41.614,1,888,-0.05294,-0.00071,-0.1236,0.0367,0.06377,0.14685,0.04563,0,1,0.800,-0.129,running
41.655,1,889,-0.05401,-0.00176,-0.0590,-0.0582,0.04689,0.13690,0.04686,0,1,0.800,-0.017,running
41.699,1,890,-0.05389,-0.00372,0.0063,-0.1076,0.02910,0.12192,0.04711,0,1,0.651,0.342,running
41.745,1,891,-0.05214,-0.00713,0.0967,-0.1875,-0.01685,0.11126,0.04624,0,1,0.408,0.531,running
41.785,1,892,-0.05062,-0.01036,0.0834,-0.1774,-0.05578,0.08958,0.04584,0,1,0.062,0.800,running
41.831,1,893,-0.04777,-0.01279,0.1567,-0.1340,-0.08143,0.05302,0.04417,1,1,0.105,0.800,in_circle
41.874,1,894,-0.04536,-0.01440,0.1327,-0.0886,-0.11056,0.00306,0.04274,1,1,-0.192,0.670,in_circle
41.920,1,895,-0.04355,-0.01554,0.0997,-0.0629,-0.10087,-0.04204,0.04174,1,1,-0.117,0.505,in_circle
42.009,1,896,-0.04356,-0.01289,-0.0010,0.1461,-0.08488,-0.07390,0.04044,1,1,0.001,0.411,in_circle
42.052,1,897,-0.04543,-0.01081,-0.1029,0.1144,-0.08220,-0.05732,0.04122,1,1,0.394,-0.425,in_circle
42.095,1,898,-0.04842,-0.00708,-0.1644,0.2050,-0.06116,-0.03492,0.04268,1,1,0.800,-0.299,in_circle
42.138,1,899,-0.05255,-0.00355,-0.2268,0.1940,-0.01100,0.00902,0.04575,0,1,0.800,-0.653,running
42.184,1,900,-0.05650,-0.00027,-0.2177,0.1806,0.03080,0.07282,0.04911,0,1,0.800,-0.594,running
42.227,1,901,-0.05992,0.00267,-0.1880,0.1619,0.05180,0.13276,0.05223,0,1,0.800,-0.527,running
42.271,1,902,-0.06239,0.00276,-0.1354,0.0047,0.06990,0.16420,0.05468,0,1,0.800,-0.447,running
42.316,1,903,-0.06417,0.00182,-0.0980,-0.0515,0.05564,0.15132,0.05652,0,1,0.800,0.106,running
42.360,1,904,-0.06453,-0.00047,-0.0202,-0.1261,0.03611,0.12332,0.05710,0,1,0.800,0.297,running
42.403,1,905,-0.06353,-0.00338,0.0555,-0.1599,-0.00116,0.09772,0.05651,0,1,0.557,0.552,running
42.446,1,906,-0.06246,-0.00732,0.0584,-0.2169,-0.03815,0.07751,0.05626,0,1,0.300,0.677,running
42.492,1,907,-0.06087,-0.01133,0.0876,-0.2204,-0.06919,0.06175,0.05583,0,1,0.285,0.800,running
42.536,1,908,-0.05877,-0.01414,0.1157,-0.1549,-0.10142,0.02759,0.05480,0,1,0.180,0.800,running
42.580,1,909,-0.05750,-0.01585,0.0697,-0.0939,-0.10576,-0.00741,0.05429,0,1,0.071,0.708,running
42.625,1,910,-0.05601,-0.01734,0.0819,-0.0819,-0.11091,-0.02262,0.05356,0,1,0.221,0.508,running
42.667,1,911,-0.05583,-0.01691,0.0097,0.0240,-0.10451,-0.01661,0.05322,0,1,0.170,0.474,running
42.711,1,912,-0.05699,-0.01535,-0.0633,0.0853,-0.09374,0.00331,0.05362,0,1,0.418,0.107,running
42.756,1,913,-0.05844,-0.01342,-0.0798,0.1065,-0.06047,0.04638,0.05423,0,1,0.675,-0.108,running
42.799,1,914,-0.05923,-0.01078,-0.0438,0.1449,-0.01661,0.09329,0.05410,0,1,0.737,-0.184,running
42.843,1,915,-0.06018,-0.00852,-0.0519,0.1246,0.01051,0.14061,0.05435,0,1,0.615,-0.324,running
42.888,1,916,-0.05981,-0.00640,0.0205,0.1163,0.03965,0.15615,0.05346,0,1,0.646,-0.259,running
42.930,1,917,-0.05840,-0.00591,0.0772,0.0270,0.07094,0.13946,0.05199,0,1,0.394,-0.242,running
42.975,1,918,-0.05581,-0.00608,0.1428,-0.0093,0.05952,0.11470,0.04950,0,1,0.185,0.064,running
43.019,1,919,-0.05174,-0.00800,0.2239,-0.1055,0.03091,0.08037,0.04611,0,1,-0.074,0.192,running
43.064,1,920,-0.04782,-0.00981,0.2155,-0.0997,0.00014,0.03809,0.04303,1,1,-0.418,0.558,in_circle
43.108,1,921,-0.04428,-0.01219,0.1946,-0.1308,-0.03047,-0.01408,0.04076,1,1,-0.430,0.552,in_circle
43.151,1,922,-0.04119,-0.01448,0.1697,-0.1260,-0.06781,-0.06151,0.03917,1,1,-0.380,0.690,in_circle
43.194,1,923,-0.03987,-0.01648,0.0730,-0.1098,-0.09470,-0.10053,0.03916,1,1,-0.295,0.680,in_circle
43.238,1,924,-0.04046,-0.01593,-0.0327,0.0298,-0.09921,-0.10144,0.03934,1,1,0.088,0.621,in_circle
43.283,1,925,-0.04227,-0.01507,-0.0997,0.0476,-0.09938,-0.06317,0.04040,1,1,0.513,0.063,in_circle
43.327,1,926,-0.04554,-0.01285,-0.1799,0.1220,-0.10414,0.00173,0.04219,1,1,0.784,-0.008,in_circle
43.370,1,927,-0.04946,-0.00958,-0.2155,0.1800,-0.08961,0.07028,0.04448,1,1,0.800,-0.299,in_circle
43.415,1,928,-0.05284,-0.00595,-0.1859,0.1994,-0.05016,0.12120,0.04660,0,1,0.800,-0.516,running
43.458,1,929,-0.05535,-0.00234,-0.1377,0.1987,-0.01345,0.14954,0.04827,0,1,0.800,-0.581,running
43.503,1,930,-0.05660,0.00156,-0.0691,0.2145,0.01951,0.14609,0.04900,0,1,0.800,-0.574,running
43.545,1,931,-0.05659,0.00397,0.0005,0.1325,0.05125,0.13041,0.04884,0,1,0.696,-0.637,running
43.592,1,932,-0.05556,0.00413,0.0568,0.0089,0.07956,0.11368,0.04780,0,1,0.442,-0.346,running
43.634,1,933,-0.05391,0.00346,0.0910,-0.0370,0.08137,0.10131,0.04618,0,1,0.229,0.104,running
43.680,1,934,-0.05112,0.00066,0.1535,-0.1539,0.05627,0.07729,0.04365,1,1,0.088,0.277,in_circle
43.722,1,935,-0.04908,-0.00310,0.1123,-0.2071,0.01833,0.02997,0.04227,1,1,-0.175,0.739,in_circle
43.768,1,936,-0.04709,-0.00657,0.1093,-0.1909,-0.02041,-0.03442,0.04125,1,1,-0.031,0.800,in_circle
43.810,1,937,-0.04621,-0.01116,0.0484,-0.2522,-0.04658,-0.09212,0.04207,1,1,-0.031,0.800,in_circle
43.855,1,938,-0.04629,-0.01470,-0.0044,-0.1950,-0.07909,-0.11355,0.04370,1,1,0.210,0.800,in_circle
43.899,1,939,-0.04874,-0.01707,-0.1349,-0.1300,-0.09934,-0.08385,0.04699,0,1,0.420,0.800,running
43.943,1,940,-0.05236,-0.01923,-0.1990,-0.1191,-0.11142,-0.02345,0.05121,0,1,0.800,0.684,running
44.031,1,941,-0.06115,-0.01844,-0.4836,0.0432,-0.11543,0.09983,0.05868,0,1,0.800,0.637,running
44.074,1,942,-0.06481,-0.01666,-0.2012,0.0980,-0.11703,0.11735,0.06135,0,1,0.800,0.082,running
44.120,1,943,-0.06820,-0.01401,-0.1864,0.1460,-0.09934,0.11009,0.06363,0,1,0.800,-0.088,running
44.164,1,944,-0.07085,-0.01067,-0.1458,0.1838,-0.05937,0.10450,0.06522,0,1,0.800,-0.232,running
44.209,1,945,-0.07240,-0.00626,-0.0854,0.2424,-0.02344,0.11211,0.06576,0,1,0.800,-0.346,running
44.251,1,946,-0.07308,-0.00299,-0.0372,0.1796,0.00489,0.11307,0.06590,0,1,0.798,-0.532,running
44.295,1,947,-0.07241,0.00010,0.0365,0.1701,0.04063,0.10820,0.06488,0,1,0.658,-0.356,running
44.339,1,948,-0.07134,0.00161,0.0589,0.0829,0.07372,0.11443,0.06369,0,1,0.432,-0.347,running
44.384,1,949,-0.06974,0.00146,0.0883,-0.0082,0.06178,0.11148,0.06210,0,1,0.354,-0.095,running
44.427,1,950,-0.06737,0.00015,0.1301,-0.0717,0.03790,0.09603,0.05986,0,1,0.248,0.184,running
44.474,1,951,-0.06418,-0.00317,0.1755,-0.1830,0.01400,0.06382,0.05712,0,1,0.091,0.393,running
44.516,1,952,-0.06145,-0.00638,0.1504,-0.1765,-0.02767,0.02380,0.05506,0,1,-0.093,0.781,running
44.559,1,953,-0.05867,-0.00985,0.1528,-0.1907,-0.06469,-0.01638,0.05328,0,1,-0.036,0.784,running
44.605,1,954,-0.05699,-0.01258,0.0922,-0.1500,-0.08635,-0.04851,0.05258,0,1,-0.069,0.800,running
44.646,1,955,-0.05630,-0.01416,0.0380,-0.0869,-0.10302,-0.06397,0.05252,0,1,0.131,0.728,running
44.691,1,956,-0.05641,-0.01471,-0.0060,-0.0303,-0.10382,-0.04596,0.05284,0,1,0.319,0.513,running
44.735,1,957,-0.05829,-0.01426,-0.1033,0.0248,-0.10534,-0.00750,0.05440,0,1,0.474,0.318,running
44.779,1,958,-0.06012,-0.01260,-0.1008,0.0911,-0.10024,0.05420,0.05553,0,1,0.800,0.128,running
44.822,1,959,-0.06172,-0.00909,-0.0879,0.1932,-0.06468,0.11552,0.05599,0,1,0.800,-0.098,running
44.867,1,960,-0.06324,-0.00654,-0.0836,0.1402,-0.01819,0.14972,0.05684,0,1,0.773,-0.450,running
44.910,1,961,-0.06352,-0.00349,-0.0154,0.1676,0.01002,0.13849,0.05652,0,1,0.763,-0.275,running
44.956,1,962,-0.06313,-0.00156,0.0216,0.1062,0.03898,0.11176,0.05584,0,1,0.537,-0.378,running
44.998,1,963,-0.06147,-0.00065,0.0911,0.0503,0.03838,0.09180,0.05408,0,1,0.409,-0.182,running
45.044,1,964,-0.05951,-0.00151,0.1080,-0.0475,0.03596,0.07502,0.05225,0,1,0.159,-0.001,running
45.086,1,965,-0.05672,-0.00283,0.1531,-0.0725,0.01763,0.04719,0.04971,0,1,0.082,0.341,running
45.132,1,966,-0.05408,-0.00519,0.1454,-0.1296,-0.02633,0.00496,0.04761,0,1,-0.107,0.440,running
45.174,1,967,-0.05246,-0.00701,0.0890,-0.1000,-0.06023,-0.04092,0.04652,0,1,-0.104,0.663,running
45.220,1,968,-0.05101,-0.00857,0.0798,-0.0862,-0.08508,-0.06835,0.04560,0,1,0.093,0.563,running
45.263,1,969,-0.05157,-0.00903,-0.0309,-0.0249,-0.10134,-0.06399,0.04628,0,1,0.119,0.520,running
45.309,1,970,-0.05253,-0.00819,-0.0528,0.0462,-0.10617,-0.02551,0.04693,0,1,0.539,0.290,running
45.350,1,971,-0.05487,-0.00691,-0.1288,0.0701,-0.10054,0.03296,0.04881,0,1,0.624,0.023,running
45.396,1,972,-0.05716,-0.00368,-0.1255,0.1781,-0.07162,0.08647,0.05030,0,1,0.800,-0.062,running
45.438,1,973,-0.05889,-0.00116,-0.0951,0.1387,-0.03028,0.12755,0.05159,0,1,0.800,-0.454,running
45.483,1,974,-0.05947,0.00137,-0.0322,0.1389,0.00754,0.13869,0.05188,0,1,0.794,-0.312,running
45.526,1,975,-0.05942,0.00271,0.0028,0.0735,0.03234,0.12539,0.05173,0,1,0.573,-0.319,running
45.573,1,976,-0.05817,0.00298,0.0687,0.0152,0.04178,0.10905,0.05046,0,1,0.450,-0.093,running
45.616,1,977,-0.05646,0.00159,0.0942,-0.0766,0.03675,0.09765,0.04886,0,1,0.206,0.111,running
45.660,1,978,-0.05384,-0.00096,0.1439,-0.1403,0.01135,0.06315,0.04657,0,1,0.100,0.449,running
45.703,1,979,-0.05146,-0.00456,0.1312,-0.1977,-0.02519,0.01126,0.04492,1,1,-0.108,0.701,in_circle
45.748,1,980,-0.04998,-0.00759,0.0815,-0.1669,-0.06256,-0.04192,0.04431,1,1,-0.079,0.800,in_circle
45.792,1,981,-0.04928,-0.01010,0.0384,-0.1382,-0.09018,-0.07470,0.04449,1,1,0.103,0.800,in_circle
45.835,1,982,-0.05004,-0.01190,-0.0419,-0.0990,-0.10152,-0.07590,0.04588,0,1,0.266,0.730,running
45.879,1,983,-0.05254,-0.01267,-0.1375,-0.0422,-0.10422,-0.04195,0.04848,0,1,0.576,0.582,running
45.923,1,984,-0.05497,-0.01236,-0.1334,0.0170,-0.10932,0.01347,0.05061,0,1,0.800,0.370,running
45.967,1,985,-0.05808,-0.01089,-0.1713,0.0811,-0.09832,0.06920,0.05304,0,1,0.800,0.156,running
46.055,1,986,-0.06344,-0.00534,-0.2946,0.3050,-0.02521,0.14549,0.05678,0,1,0.800,-0.066,running
46.099,1,987,-0.06490,-0.00265,-0.0804,0.1477,-0.02519,0.13524,0.05775,0,1,0.800,-0.800,running
46.143,1,988,-0.06463,-0.00046,0.0146,0.1205,-0.01449,0.11203,0.05720,0,1,0.758,-0.293,running
46.186,1,989,-0.06419,0.00054,0.0244,0.0550,0.04174,0.10058,0.05665,0,1,0.443,-0.213,running
46.231,1,990,-0.06289,0.00091,0.0716,0.0209,0.03527,0.09160,0.05532,0,1,0.407,-0.001,running
46.276,1,991,-0.06140,0.00034,0.0820,-0.0315,0.01169,0.07808,0.05390,0,1,0.237,0.110,running
46.321,1,992,-0.05908,-0.00199,0.1273,-0.1283,0.00332,0.05196,0.05190,0,1,0.189,0.291,running
46.363,1,993,-0.05670,-0.00375,0.1309,-0.0969,-0.04021,0.01423,0.04987,0,1,0.010,0.642,running
46.407,1,994,-0.05410,-0.00594,0.1430,-0.1201,-0.08384,-0.02015,0.04782,0,1,-0.026,0.544,running
46.451,1,995,-0.05352,-0.00683,0.0319,-0.0491,-0.10444,-0.03337,0.04749,0,1,-0.093,0.643,running
46.494,1,996,-0.05338,-0.00694,0.0077,-0.0061,-0.10457,-0.03014,0.04738,0,1,0.313,0.385,running
46.539,1,997,-0.05339,-0.00557,-0.0005,0.0755,-0.10287,-0.01584,0.04704,0,1,0.402,0.226,running
46.583,1,998,-0.05481,-0.00332,-0.0778,0.1237,-0.08680,0.01981,0.04792,0,1,0.432,-0.080,running
46.627,1,999,-0.05654,-0.00073,-0.0953,0.1423,-0.04752,0.06975,0.04920,0,1,0.723,-0.261,running
46.672,1,1000,-0.05737,0.00236,-0.0459,0.1697,-0.00974,0.11703,0.04971,0,1,0.790,-0.329,running
46.716,1,1001,-0.05768,0.00336,-0.0168,0.0552,0.01813,0.14317,0.04995,0,1,0.614,-0.434,running
46.760,1,1002,-0.05726,0.00411,0.0232,0.0411,0.05487,0.13388,0.04949,0,1,0.510,-0.022,running
46.803,1,1003,-0.05511,0.00256,0.1183,-0.0849,0.07570,0.10918,0.04743,0,1,0.363,0.025,running
46.848,1,1004,-0.05243,-0.00048,0.1473,-0.1675,0.04877,0.08039,0.04510,1,1,-0.002,0.493,in_circle
46.890,1,1005,-0.04959,-0.00389,0.1562,-0.1873,-0.00109,0.04505,0.04294,1,1,-0.136,0.800,in_circle
46.936,1,1006,-0.04672,-0.00763,0.1575,-0.2057,-0.02726,-0.00476,0.04124,1,1,-0.196,0.800,in_circle
46.979,1,1007,-0.04479,-0.01195,0.1063,-0.2377,-0.05348,-0.06232,0.04112,1,1,-0.222,0.800,in_circle
47.023,1,1008,-0.04395,-0.01561,0.0463,-0.2011,-0.09303,-0.09885,0.04211,1,1,-0.026,0.800,in_circle
47.066,1,1009,-0.04461,-0.01772,-0.0363,-0.1161,-0.09756,-0.09114,0.04379,1,1,0.213,0.800,in_circle
47.112,1,1010,-0.04706,-0.01869,-0.1347,-0.0534,-0.10425,-0.04998,0.04638,0,1,0.539,0.683,running
47.156,1,1011,-0.04989,-0.01875,-0.1555,-0.0031,-0.11143,0.00974,0.04882,0,1,0.800,0.443,running
47.199,1,1012,-0.05360,-0.01710,-0.2045,0.0904,-0.10877,0.06255,0.05130,0,1,0.800,0.259,running
47.243,1,1013,-0.05691,-0.01485,-0.1816,0.1240,-0.09029,0.10608,0.05335,0,1,0.800,-0.074,running
47.288,1,1014,-0.05964,-0.01163,-0.1502,0.1769,-0.04836,0.13621,0.05475,0,1,0.800,-0.187,running
47.331,1,1015,-0.06165,-0.00891,-0.1107,0.1498,-0.01283,0.13304,0.05587,0,1,0.800,-0.368,running
47.376,1,1016,-0.06182,-0.00567,-0.0096,0.1778,0.01858,0.11917,0.05527,0,1,0.800,-0.277,running
47.420,1,1017,-0.06122,-0.00345,0.0330,0.1223,0.04779,0.10523,0.05425,0,1,0.509,-0.386,running
47.463,1,1018,-0.06029,-0.00257,0.0516,0.0485,0.05102,0.09949,0.05318,0,1,0.359,-0.210,running
47.506,1,1019,-0.05828,-0.00354,0.1106,-0.0535,0.04648,0.08836,0.05137,0,1,0.287,0.038,running
47.551,1,1020,-0.05563,-0.00475,0.1453,-0.0666,0.02812,0.06367,0.04903,0,1,0.063,0.399,running
47.595,1,1021,-0.05273,-0.00757,0.1598,-0.1549,-0.01735,0.01476,0.04693,0,1,-0.088,0.455,running
47.640,1,1022,-0.05076,-0.01023,0.1084,-0.1462,-0.05457,-0.03015,0.04592,0,1,-0.167,0.797,running
47.691,1,1023,-0.04976,-0.01215,0.0547,-0.1056,-0.07438,-0.06451,0.04572,0,1,0.012,0.778,running
47.728,1,1024,-0.04978,-0.01345,-0.0008,-0.0718,-0.10187,-0.07491,0.04627,0,1,0.211,0.632,running
47.771,1,1025,-0.05105,-0.01315,-0.0698,0.0166,-0.10320,-0.04606,0.04730,0,1,0.421,0.507,running
47.817,1,1026,-0.05362,-0.01265,-0.1417,0.0276,-0.10512,0.00027,0.04947,0,1,0.683,0.178,running
47.859,1,1027,-0.05601,-0.01145,-0.1312,0.0661,-0.08652,0.05479,0.05127,0,1,0.800,0.141,running
47.903,1,1028,-0.05904,-0.00835,-0.1667,0.1704,-0.04199,0.10770,0.05321,0,1,0.800,0.005,running
47.946,1,1029,-0.06090,-0.00506,-0.1025,0.1812,-0.00627,0.14505,0.05424,0,1,0.800,-0.360,running
47.991,1,1030,-0.06213,-0.00313,-0.0674,0.1062,0.01861,0.13937,0.05509,0,1,0.800,-0.399,running
48.079,1,1031,-0.06037,-0.00230,0.0964,0.0453,0.07300,0.10135,0.05322,0,1,0.706,-0.143,running
48.123,1,1032,-0.05872,-0.00451,0.0910,-0.1217,0.06146,0.09668,0.05199,0,1,0.131,0.057,running
48.168,1,1033,-0.05579,-0.00757,0.1613,-0.1681,0.04002,0.09676,0.04987,0,1,0.138,0.650,running
48.211,1,1034,-0.05236,-0.01189,0.1882,-0.2375,-0.00472,0.07758,0.04802,0,1,-0.138,0.800,running
48.255,1,1035,-0.04909,-0.01584,0.1803,-0.2172,-0.04026,0.02907,0.04671,0,1,-0.263,0.800,running
48.298,1,1036,-0.04608,-0.02038,0.1654,-0.2496,-0.06568,-0.02030,0.04649,0,1,-0.256,0.800,running
48.344,1,1037,-0.04352,-0.02344,0.1411,-0.1687,-0.10035,-0.07248,0.04629,0,1,-0.210,0.800,running
48.387,1,1038,-0.04260,-0.02533,0.0502,-0.1038,-0.09912,-0.10249,0.04683,0,1,-0.129,0.800,running
48.431,1,1039,-0.04311,-0.02591,-0.0278,-0.0319,-0.09792,-0.08945,0.04759,0,1,0.212,0.671,running
48.476,1,1040,-0.04551,-0.02558,-0.1323,0.0180,-0.10626,-0.03202,0.04919,0,1,0.505,0.406,running
48.521,1,1041,-0.04898,-0.02308,-0.1905,0.1376,-0.10421,0.03470,0.05041,0,1,0.800,0.226,running
48.563,1,1042,-0.05191,-0.02024,-0.1610,0.1562,-0.07701,0.08943,0.05132,0,1,0.800,-0.206,running
48.608,1,1043,-0.05526,-0.01614,-0.1846,0.2255,-0.03452,0.12672,0.05237,0,1,0.800,-0.274,running
48.650,1,1044,-0.05696,-0.01257,-0.0932,0.1961,-0.00385,0.13409,0.05255,0,1,0.800,-0.520,running
48.696,1,1045,-0.05801,-0.00910,-0.0583,0.1912,0.02866,0.12349,0.05244,0,1,0.780,-0.426,running
48.738,1,1046,-0.05829,-0.00620,-0.0150,0.1597,0.06078,0.11511,0.05194,0,1,0.661,-0.420,running
48.784,1,1047,-0.05706,-0.00499,0.0675,0.0663,0.06665,0.10570,0.05047,0,1,0.509,-0.322,running
48.827,1,1048,-0.05559,-0.00462,0.0807,0.0203,0.05064,0.10143,0.04896,0,1,0.207,-0.001,running
48.871,1,1049,-0.05254,-0.00599,0.1677,-0.0753,0.02710,0.07985,0.04632,0,1,0.147,0.161,running
48.915,1,1050,-0.05030,-0.00705,0.1233,-0.0585,-0.01367,0.03840,0.04446,1,1,-0.203,0.520,in_circle
48.959,1,1051,-0.04852,-0.00948,0.0981,-0.1338,-0.04872,-0.01158,0.04356,1,1,-0.055,0.464,in_circle
49.003,1,1052,-0.04669,-0.01024,0.1003,-0.0414,-0.07562,-0.06307,0.04215,1,1,0.031,0.763,in_circle
49.046,1,1053,-0.04657,-0.01103,0.0066,-0.0433,-0.09675,-0.08233,0.04235,1,1,0.009,0.411,in_circle
49.091,1,1054,-0.04759,-0.01017,-0.0561,0.0470,-0.10252,-0.05870,0.04295,1,1,0.376,0.421,in_circle
49.134,1,1055,-0.04958,-0.00842,-0.1093,0.0963,-0.10079,-0.00541,0.04420,1,1,0.623,0.068,in_circle
49.179,1,1056,-0.05186,-0.00515,-0.1251,0.1801,-0.07890,0.05974,0.04545,1,1,0.800,-0.121,in_circle
49.223,1,1057,-0.05501,-0.00170,-0.1736,0.1893,-0.04031,0.11976,0.04784,0,1,0.800,-0.441,running
49.268,1,1058,-0.05655,0.00119,-0.0847,0.1593,-0.00390,0.14421,0.04899,0,1,0.800,-0.466,running
49.311,1,1059,-0.05713,0.00330,-0.0317,0.1157,0.03097,0.12584,0.04940,0,1,0.752,-0.356,running
49.356,1,1060,-0.05684,0.00380,0.0162,0.0278,0.05785,0.09889,0.04909,0,1,0.561,-0.202,running
49.398,1,1061,-0.05537,0.00357,0.0807,-0.0129,0.05505,0.08514,0.04763,0,1,0.386,0.115,running
49.443,1,1062,-0.05341,0.00188,0.1076,-0.0931,0.02123,0.06972,0.04580,0,1,0.139,0.265,running
49.487,1,1063,-0.05118,-0.00103,0.1229,-0.1597,-0.01371,0.05321,0.04395,1,1,0.022,0.572,in_circle
49.532,1,1064,-0.04950,-0.00376,0.0923,-0.1502,-0.04548,0.01357,0.04283,1,1,-0.055,0.800,in_circle
49.575,1,1065,-0.04776,-0.00603,0.0955,-0.1250,-0.08206,-0.03382,0.04174,1,1,0.051,0.800,in_circle
49.620,1,1066,-0.04696,-0.00776,0.0443,-0.0949,-0.10431,-0.06151,0.04150,1,1,0.028,0.734,in_circle
49.663,1,1067,-0.04713,-0.00798,-0.0097,-0.0122,-0.10118,-0.05493,0.04174,1,1,0.226,0.621,in_circle
49.707,1,1068,-0.04843,-0.00740,-0.0711,0.0320,-0.10460,-0.00663,0.04278,1,1,0.440,0.297,in_circle
49.751,1,1069,-0.05060,-0.00541,-0.1197,0.1096,-0.10147,0.05311,0.04430,1,1,0.684,0.124,in_circle
49.795,1,1070,-0.05311,-0.00269,-0.1379,0.1496,-0.06794,0.10515,0.04613,0,1,0.800,-0.175,running
49.839,1,1071,-0.05475,-0.00014,-0.0902,0.1403,-0.02640,0.13749,0.04735,0,1,0.800,-0.323,running
49.884,1,1072,-0.05469,0.00249,0.0034,0.1444,0.00373,0.12897,0.04702,0,1,0.769,-0.288,running
49.927,1,1073,-0.05436,0.00349,0.0180,0.0547,0.03369,0.10676,0.04663,0,1,0.421,-0.313,running
49.972,1,1074,-0.05261,0.00331,0.0966,-0.0097,0.04966,0.09179,0.04489,1,1,0.365,0.017,in_circle
50.016,1,1075,-0.05050,0.00130,0.1161,-0.1106,0.04545,0.08017,0.04295,1,1,0.056,0.259,in_circle
50.103,1,1076,-0.04548,-0.00521,0.2757,-0.3580,-0.01643,0.01022,0.03932,1,1,-0.038,0.657,in_circle
50.148,1,1077,-0.04408,-0.00934,0.0770,-0.2270,-0.02194,-0.03147,0.03939,1,1,-0.709,0.800,in_circle
50.191,1,1078,-0.04316,-0.01350,0.0506,-0.2286,-0.03241,-0.04514,0.04038,1,1,0.083,0.800,in_circle
50.235,1,1079,-0.04317,-0.01688,-0.0004,-0.1863,-0.08777,-0.05947,0.04213,1,1,0.187,0.800,in_circle
50.278,1,1080,-0.04530,-0.01948,-0.1172,-0.1427,-0.09953,-0.06618,0.04534,1,1,0.394,0.800,in_circle
50.323,1,1081,-0.04799,-0.02071,-0.1477,-0.0676,-0.10531,-0.04333,0.04825,0,1,0.800,0.800,running
50.367,1,1082,-0.05165,-0.02122,-0.2012,-0.0284,-0.11392,0.01756,0.05161,0,1,0.800,0.546,running
50.411,1,1083,-0.05563,-0.01999,-0.2190,0.0680,-0.11762,0.09067,0.05443,0,1,0.800,0.406,running
50.456,1,1084,-0.05924,-0.01752,-0.1989,0.1358,-0.10407,0.13908,0.05657,0,1,0.800,0.074,running
50.499,1,1085,-0.06158,-0.01456,-0.1283,0.1625,-0.07328,0.13808,0.05757,0,1,0.800,-0.151,running
50.544,1,1086,-0.06363,-0.01102,-0.1130,0.1950,-0.03564,0.10639,0.05837,0,1,0.800,-0.241,running
50.587,1,1087,-0.06432,-0.00803,-0.0378,0.1645,-0.00311,0.08447,0.05823,0,1,0.800,-0.353,running
50.632,1,1088,-0.06478,-0.00492,-0.0255,0.1709,0.03052,0.07853,0.05802,0,1,0.616,-0.264,running
50.676,1,1089,-0.06468,-0.00311,0.0054,0.0996,0.06153,0.08379,0.05761,0,1,0.578,-0.297,running
50.718,1,1090,-0.06404,-0.00251,0.0356,0.0332,0.05664,0.08771,0.05688,0,1,0.475,-0.070,running
50.764,1,1091,-0.06282,-0.00329,0.0670,-0.0432,0.04107,0.08198,0.05580,0,1,0.370,0.146,running
50.806,1,1092,-0.06138,-0.00459,0.0793,-0.0714,0.01999,0.08202,0.05461,0,1,0.255,0.404,running
50.853,1,1093,-0.05879,-0.00702,0.1422,-0.1335,-0.02693,0.07674,0.05263,0,1,0.202,0.506,running
50.894,1,1094,-0.05592,-0.00890,0.1581,-0.1038,-0.06025,0.06480,0.05037,0,1,-0.037,0.736,running
50.940,1,1095,-0.05320,-0.01042,0.1495,-0.0832,-0.08883,0.04334,0.04828,0,1,-0.122,0.646,running
50.984,1,1096,-0.05044,-0.01110,0.1516,-0.0374,-0.11386,0.00942,0.04594,0,1,-0.116,0.583,running
51.026,1,1097,-0.04882,-0.01010,0.0895,0.0549,-0.10394,-0.02474,0.04406,1,1,-0.151,0.419,in_circle
51.072,1,1098,-0.04779,-0.00907,0.0562,0.0565,-0.09958,-0.05290,0.04274,1,1,0.067,0.064,in_circle
51.115,1,1099,-0.04719,-0.00586,0.0330,0.1768,-0.07658,-0.04999,0.04114,1,1,0.187,0.052,in_circle
51.159,1,1100,-0.04825,-0.00234,-0.0580,0.1932,-0.03145,-0.01624,0.04130,1,1,0.270,-0.436,in_circle
51.203,1,1101,-0.05058,0.00005,-0.1282,0.1318,0.00146,0.03938,0.04319,1,1,0.633,-0.508,in_circle
51.247,1,1102,-0.05239,0.00298,-0.0998,0.1611,0.03356,0.09464,0.04470,1,1,0.800,-0.261,in_circle
51.291,1,1103,-0.05389,0.00391,-0.0821,0.0509,0.06426,0.13216,0.04613,0,1,0.800,-0.372,running
51.337,1,1104,-0.05404,0.00295,-0.0082,-0.0528,0.04784,0.13416,0.04634,0,1,0.738,0.049,running
51.379,1,1105,-0.05340,0.00111,0.0349,-0.1011,0.03237,0.11550,0.04586,0,1,0.461,0.440,running
51.425,1,1106,-0.05154,-0.00256,0.1023,-0.2017,0.01733,0.09329,0.04457,1,1,0.296,0.628,in_circle
51.466,1,1107,-0.04901,-0.00614,0.1392,-0.1969,-0.03337,0.07738,0.04296,1,1,0.029,0.800,in_circle
51.511,1,1108,-0.04626,-0.00951,0.1512,-0.1855,-0.07024,0.04080,0.04147,1,1,-0.131,0.800,in_circle
51.555,1,1109,-0.04374,-0.01210,0.1387,-0.1426,-0.09235,-0.01442,0.04024,1,1,-0.197,0.800,in_circle
51.599,1,1110,-0.04257,-0.01386,0.0641,-0.0963,-0.10300,-0.06824,0.04004,1,1,-0.163,0.800,in_circle
51.644,1,1111,-0.04189,-0.01507,0.0376,-0.0666,-0.10027,-0.10359,0.04007,1,1,0.131,0.672,in_circle
51.688,1,1112,-0.04291,-0.01413,-0.0559,0.0517,-0.09780,-0.09221,0.04047,1,1,0.235,0.557,in_circle
51.732,1,1113,-0.04571,-0.01290,-0.1542,0.0676,-0.10156,-0.04624,0.04236,1,1,0.611,0.084,in_circle
51.776,1,1114,-0.04919,-0.00992,-0.1912,0.1637,-0.08539,0.01270,0.04434,1,1,0.800,0.026,in_circle
51.820,1,1115,-0.05345,-0.00700,-0.2345,0.1607,-0.03949,0.07314,0.04746,0,1,0.800,-0.342,running
51.864,1,1116,-0.05711,-0.00297,-0.2014,0.2218,-0.00529,0.11591,0.05012,0,1,0.800,-0.316,running
51.908,1,1117,-0.06030,0.00008,-0.1751,0.1676,0.02222,0.13636,0.05283,0,1,0.800,-0.529,running
51.951,1,1118,-0.06191,0.00204,-0.0888,0.1078,0.04989,0.12378,0.05426,0,1,0.800,-0.324,running
51.996,1,1119,-0.06238,0.00250,-0.0257,0.0253,0.07574,0.10422,0.05469,0,1,0.778,-0.115,running
52.039,1,1120,-0.06230,0.00125,0.0041,-0.0688,0.05620,0.09200,0.05471,0,1,0.564,0.167,running
52.128,1,1121,-0.06014,-0.00439,0.1192,-0.3102,-0.01808,0.08791,0.05336,0,1,0.463,0.493,running
52.171,1,1122,-0.05791,-0.00882,0.1227,-0.2434,-0.01620,0.07824,0.05225,0,1,0.053,0.800,running
52.215,1,1123,-0.05550,-0.01261,0.1323,-0.2086,-0.03204,0.06877,0.05120,0,1,0.025,0.800,running
52.260,1,1124,-0.05286,-0.01617,0.1450,-0.1957,-0.08987,0.04375,0.05022,0,1,-0.024,0.800,running
52.302,1,1125,-0.05005,-0.01863,0.1547,-0.1353,-0.10961,0.00245,0.04891,0,1,-0.085,0.800,running
52.348,1,1126,-0.04839,-0.02010,0.0916,-0.0808,-0.10803,-0.03366,0.04825,0,1,-0.139,0.800,running
52.392,1,1127,-0.04739,-0.02048,0.0548,-0.0210,-0.10573,-0.05198,0.04763,0,1,0.082,0.620,running
52.436,1,1128,-0.04752,-0.01917,-0.0069,0.0718,-0.10705,-0.04015,0.04702,0,1,0.212,0.403,running
52.478,1,1129,-0.04848,-0.01719,-0.0533,0.1091,-0.09952,-0.01930,0.04683,0,1,0.439,0.055,running
52.525,1,1130,-0.05058,-0.01367,-0.1155,0.1933,-0.06828,0.03599,0.04709,0,1,0.614,-0.090,running
52.568,1,1131,-0.05257,-0.01078,-0.1094,0.1594,-0.02303,0.10175,0.04781,0,1,0.800,-0.410,running
52.613,1,1132,-0.05354,-0.00692,-0.0533,0.2120,0.00662,0.14337,0.04753,0,1,0.800,-0.286,running
52.656,1,1133,-0.05383,-0.00298,-0.0159,0.2169,0.02992,0.13694,0.04690,0,1,0.629,-0.494,running
52.698,1,1134,-0.05321,-0.00126,0.0344,0.0946,0.04231,0.10531,0.04598,0,1,0.490,-0.528,running
52.744,1,1135,-0.05153,-0.00015,0.0920,0.0608,0.05793,0.07890,0.04417,1,1,0.298,-0.081,in_circle
52.788,1,1136,-0.04898,-0.00150,0.1403,-0.0741,0.07008,0.05166,0.04186,1,1,0.066,0.038,in_circle
52.831,1,1137,-0.04677,-0.00396,0.1218,-0.1354,0.03564,0.02484,0.04022,1,1,-0.144,0.565,in_circle
52.876,1,1138,-0.04470,-0.00717,0.1137,-0.1764,-0.00472,-0.01212,0.03918,1,1,-0.088,0.800,in_circle
52.919,1,1139,-0.04370,-0.00968,0.0549,-0.1383,-0.03086,-0.05092,0.03918,1,1,-0.062,0.800,in_circle
52.964,1,1140,-0.04347,-0.01338,0.0130,-0.2034,-0.06459,-0.07730,0.04059,1,1,0.170,0.800,in_circle
53.007,1,1141,-0.04496,-0.01495,-0.0821,-0.0863,-0.10333,-0.06069,0.04266,1,1,0.339,0.800,in_circle
53.050,1,1142,-0.04720,-0.01661,-0.1232,-0.0910,-0.10588,-0.00509,0.04543,1,1,0.718,0.649,in_circle
53.096,1,1143,-0.05011,-0.01671,-0.1600,-0.0054,-0.11299,0.06169,0.04802,0,1,0.800,0.666,running
53.138,1,1144,-0.05283,-0.01583,-0.1497,0.0479,-0.11174,0.11715,0.05004,0,1,0.800,0.346,running
53.184,1,1145,-0.05514,-0.01378,-0.1269,0.1132,-0.09666,0.14116,0.05130,0,1,0.800,0.154,running
53.226,1,1146,-0.05596,-0.01095,-0.0452,0.1553,-0.06860,0.11820,0.05106,0,1,0.800,-0.079,running
53.272,1,1147,-0.05642,-0.00761,-0.0251,0.1839,-0.02682,0.09779,0.05048,0,1,0.608,-0.238,running
53.318,1,1148,-0.05559,-0.00425,0.0453,0.1846,0.00462,0.08769,0.04888,0,1,0.537,-0.354,running
53.360,1,1149,-0.05405,-0.00214,0.0849,0.1161,0.03680,0.08567,0.04696,0,1,0.276,-0.379,running
53.405,1,1150,-0.05229,-0.00141,0.0969,0.0402,0.06767,0.07933,0.04510,1,1,0.116,-0.145,in_circle
53.447,1,1151,-0.05025,-0.00185,0.1121,-0.0240,0.06991,0.05635,0.04317,1,1,0.055,0.132,in_circle
53.494,1,1152,-0.04798,-0.00361,0.1248,-0.0968,0.04007,0.01498,0.04131,1,1,-0.021,0.379,in_circle
53.536,1,1153,-0.04664,-0.00647,0.0737,-0.1573,0.00111,-0.02732,0.04079,1,1,-0.090,0.672,in_circle
53.580,1,1154,-0.04572,-0.00937,0.0507,-0.1598,-0.02731,-0.05272,0.04091,1,1,0.106,0.800,in_circle
53.625,1,1155,-0.04603,-0.01284,-0.0175,-0.1908,-0.06171,-0.05090,0.04262,1,1,0.195,0.800,in_circle
53.669,1,1156,-0.04696,-0.01560,-0.0506,-0.1518,-0.09465,-0.02188,0.04472,1,1,0.469,0.800,in_circle
53.711,1,1157,-0.04875,-0.01714,-0.0986,-0.0848,-0.10991,0.02709,0.04704,0,1,0.600,0.800,running
53.754,1,1158,-0.05030,-0.01789,-0.0853,-0.0412,-0.11825,0.07505,0.04875,0,1,0.784,0.650,running
53.799,1,1159,-0.05214,-0.01682,-0.1014,0.0591,-0.11783,0.12082,0.04987,0,1,0.736,0.491,running
53.843,1,1160,-0.05323,-0.01475,-0.0596,0.1137,-0.10629,0.13531,0.04994,0,1,0.798,0.126,running
53.892,1,1161,-0.05312,-0.01290,0.0059,0.1017,-0.07330,0.11265,0.04910,0,1,0.651,-0.075,running
53.932,1,1162,-0.05313,-0.01067,-0.0005,0.1225,-0.03182,0.09661,0.04830,0,1,0.412,-0.041,running
53.976,1,1163,-0.05156,-0.00730,0.0860,0.1856,-0.00167,0.08426,0.04574,0,1,0.434,-0.127,running
54.019,1,1164,-0.04984,-0.00463,0.0951,0.1467,0.01878,0.07047,0.04336,1,1,0.098,-0.389,in_circle
54.065,1,1165,-0.04780,-0.00184,0.1117,0.1534,0.04702,0.04795,0.04077,1,1,0.045,-0.264,in_circle
54.152,1,1166,-0.04497,-0.00260,0.1559,-0.0414,0.06469,-0.02141,0.03815,1,1,-0.042,-0.314,in_circle
54.197,1,1167,-0.04444,-0.00497,0.0289,-0.1308,0.05513,-0.04186,0.03825,1,1,-0.231,0.463,in_circle
54.239,1,1168,-0.04468,-0.00857,-0.0130,-0.1977,0.05148,-0.03434,0.03965,1,1,0.276,0.800,in_circle
54.283,1,1169,-0.04608,-0.01311,-0.0772,-0.2500,0.00755,-0.03050,0.04279,1,1,0.444,0.800,in_circle
54.327,1,1170,-0.04822,-0.01707,-0.1173,-0.2175,-0.03739,-0.01833,0.04654,0,1,0.701,0.800,running
54.371,1,1171,-0.05071,-0.02137,-0.1372,-0.2366,-0.06550,0.02501,0.05090,0,1,0.800,0.800,running
54.416,1,1172,-0.05375,-0.02467,-0.1669,-0.1814,-0.09645,0.08268,0.05524,0,1,0.800,0.800,running
54.460,1,1173,-0.05616,-0.02686,-0.1329,-0.1206,-0.11967,0.12827,0.05847,0,1,0.800,0.800,running
54.504,1,1174,-0.05792,-0.02790,-0.0967,-0.0573,-0.11887,0.13595,0.06051,0,1,0.800,0.788,running
54.548,1,1175,-0.05864,-0.02810,-0.0395,-0.0108,-0.11467,0.11196,0.06122,0,1,0.784,0.586,running
54.592,1,1176,-0.05913,-0.02699,-0.0269,0.0610,-0.10753,0.09006,0.06102,0,1,0.605,0.441,running
54.636,1,1177,-0.05848,-0.02502,0.0354,0.1082,-0.08590,0.08226,0.05942,0,1,0.567,0.212,running
54.679,1,1178,-0.05735,-0.02218,0.0625,0.1564,-0.03954,0.07859,0.05700,0,1,0.362,0.047,running
54.723,1,1179,-0.05562,-0.01973,0.0951,0.1348,-0.00597,0.07194,0.05430,0,1,0.258,-0.135,running
54.769,1,1180,-0.05402,-0.01703,0.0877,0.1482,0.02143,0.06681,0.05164,0,1,0.128,-0.089,running
54.812,1,1181,-0.05183,-0.01511,0.1208,0.1058,0.05742,0.04629,0.04883,0,1,0.133,-0.161,running
54.856,1,1182,-0.05009,-0.01405,0.0957,0.0580,0.05083,0.02419,0.04680,0,1,-0.011,-0.031,running
54.899,1,1183,-0.04773,-0.01432,0.1299,-0.0146,0.03376,-0.00095,0.04480,1,1,0.063,0.134,in_circle
54.943,1,1184,-0.04684,-0.01463,0.0488,-0.0172,0.01596,-0.00686,0.04416,1,1,-0.085,0.406,in_circle
54.987,1,1185,-0.04585,-0.01534,0.0543,-0.0388,-0.03128,-0.00021,0.04362,1,1,0.219,0.417,in_circle
55.031,1,1186,-0.04584,-0.01619,0.0006,-0.0468,-0.06973,0.00432,0.04404,1,1,0.193,0.503,in_circle
55.075,1,1187,-0.04581,-0.01607,0.0015,0.0064,-0.09316,0.02333,0.04396,1,1,0.400,0.537,in_circle
55.120,1,1188,-0.04608,-0.01457,-0.0148,0.0824,-0.11205,0.06269,0.04346,1,1,0.397,0.333,in_circle
55.163,1,1189,-0.04551,-0.01242,0.0315,0.1186,-0.10643,0.10830,0.04197,1,1,0.460,0.036,in_circle
55.206,1,1190,-0.04408,-0.00876,0.0788,0.2011,-0.09198,0.12784,0.03916,1,1,0.274,-0.117,in_circle
55.251,1,1191,-0.04281,-0.00433,0.0699,0.2439,-0.05107,0.12360,0.03650,1,1,0.075,-0.467,in_circle
55.294,1,1192,-0.03989,-0.00037,0.1606,0.2175,-0.01169,0.09638,0.03271,1,1,0.108,-0.650,in_circle
55.341,1,1193,-0.03678,0.00315,0.1709,0.1937,0.01507,0.05026,0.02912,1,1,-0.262,-0.554,in_circle
55.384,1,1194,-0.03421,0.00523,0.1414,0.1145,0.04940,-0.00323,0.02642,1,1,-0.311,-0.468,in_circle
55.427,1,1195,-0.03177,0.00615,0.1339,0.0503,0.06693,-0.04372,0.02397,1,1,-0.200,-0.156,in_circle
55.472,1,1196,-0.03049,0.00618,0.0707,0.0022,0.05186,-0.07073,0.02269,1,1,-0.176,0.099,in_circle
55.517,1,1197,-0.02979,0.00299,0.0382,-0.1756,0.02862,-0.06523,0.02220,1,1,0.074,0.291,in_circle
55.560,1,1198,-0.03102,0.00223,-0.0674,-0.0420,-0.01505,-0.03170,0.02352,1,1,0.202,0.800,in_circle
55.603,1,1199,-0.03342,0.00025,-0.1324,-0.1087,-0.05112,0.02149,0.02626,1,1,0.628,0.477,in_circle
55.647,1,1200,-0.03511,-0.00189,-0.0928,-0.1180,-0.07352,0.07742,0.02843,1,1,0.800,0.749,in_circle
55.692,1,1201,-0.03740,-0.00446,-0.1262,-0.1414,-0.07702,0.11248,0.03140,1,1,0.739,0.792,in_circle
55.735,1,1202,-0.03862,-0.00562,-0.0668,-0.0636,-0.09398,0.12382,0.03294,1,1,0.800,0.800,in_circle
55.779,1,1203,-0.03906,-0.00568,-0.0243,-0.0034,-0.11807,0.11786,0.03337,1,1,0.644,0.583,in_circle
55.824,1,1204,-0.03815,-0.00495,0.0501,0.0400,-0.10674,0.10300,0.03226,1,1,0.475,0.343,in_circle
55.868,1,1205,-0.03646,-0.00275,0.0927,0.1209,-0.09983,0.08710,0.02997,1,1,0.175,0.167,in_circle
55.912,1,1206,-0.03462,-0.00054,0.1013,0.1220,-0.05981,0.07136,0.02761,1,1,0.001,-0.162,in_circle
55.955,1,1207,-0.03264,0.00297,0.1093,0.1929,-0.01879,0.04188,0.02502,1,1,-0.038,-0.172,in_circle
55.999,1,1208,-0.03112,0.00473,0.0834,0.0966,0.01060,-0.00371,0.02335,1,1,-0.075,-0.464,in_circle
56.042,1,1209,-0.02953,0.00565,0.0875,0.0509,0.04390,-0.05017,0.02173,1,1,0.025,-0.083,in_circle
56.087,1,1210,-0.03035,0.00506,-0.0451,-0.0325,0.07406,-0.06759,0.02257,1,1,0.004,0.097,in_circle
56.175,1,1211,-0.03287,0.00310,-0.1387,-0.1078,-0.00431,-0.00302,0.02524,1,1,0.537,0.432,in_circle
56.218,1,1212,-0.03518,-0.00001,-0.1268,-0.1713,-0.00038,0.04741,0.02803,1,1,0.800,0.739,in_circle
56.263,1,1213,-0.03844,-0.00290,-0.1798,-0.1588,-0.01526,0.08420,0.03191,1,1,0.800,0.800,in_circle
56.307,1,1214,-0.04035,-0.00703,-0.1046,-0.2272,-0.07162,0.10183,0.03506,1,1,0.800,0.800,in_circle
56.351,1,1215,-0.04189,-0.00945,-0.0848,-0.1328,-0.10885,0.10666,0.03743,1,1,0.800,0.800,in_circle
56.395,1,1216,-0.04308,-0.01140,-0.0653,-0.1074,-0.11482,0.10518,0.03933,1,1,0.724,0.800,in_circle
56.439,1,1217,-0.04290,-0.01165,0.0098,-0.0138,-0.11616,0.10063,0.03929,1,1,0.649,0.773,in_circle
56.484,1,1218,-0.04279,-0.01019,0.0059,0.0802,-0.11529,0.09969,0.03856,1,1,0.348,0.399,in_circle
56.526,1,1219,-0.04130,-0.00819,0.0817,0.1103,-0.10644,0.09501,0.03638,1,1,0.364,0.020,in_circle
56.573,1,1220,-0.03965,-0.00457,0.0911,0.1987,-0.08125,0.08200,0.03356,1,1,0.057,-0.106,in_circle
56.615,1,1221,-0.03822,-0.00114,0.0787,0.1889,-0.03355,0.05486,0.03124,1,1,0.015,-0.468,in_circle
56.661,1,1222,-0.03548,0.00193,0.1507,0.1686,-0.00206,0.02499,0.02798,1,1,0.061,-0.438,in_circle
56.703,1,1223,-0.03375,0.00441,0.0948,0.1367,0.02402,-0.00958,0.02600,1,1,-0.234,-0.364,in_circle
56.749,1,1224,-0.03335,0.00630,0.0220,0.1038,0.05486,-0.03255,0.02556,1,1,-0.014,-0.243,in_circle
56.791,1,1225,-0.03253,0.00617,0.0450,-0.0074,0.05213,-0.04096,0.02474,1,1,0.276,-0.116,in_circle
56.835,1,1226,-0.03378,0.00500,-0.0684,-0.0638,0.02584,-0.02759,0.02600,1,1,0.182,0.329,in_circle
56.878,1,1227,-0.03541,0.00384,-0.0896,-0.0642,-0.00271,0.00729,0.02769,1,1,0.638,0.558,in_circle
56.923,1,1228,-0.03661,0.00249,-0.0664,-0.0742,-0.04400,0.07010,0.02903,1,1,0.728,0.562,in_circle
56.967,1,1229,-0.03791,-0.00019,-0.0713,-0.1474,-0.08052,0.12878,0.03074,1,1,0.638,0.606,in_circle
57.012,1,1230,-0.03881,-0.00141,-0.0495,-0.0669,-0.10679,0.14192,0.03188,1,1,0.661,0.800,in_circle
57.056,1,1231,-0.03898,-0.00190,-0.0095,-0.0270,-0.11750,0.11664,0.03217,1,1,0.576,0.586,in_circle
57.100,1,1232,-0.03823,-0.00190,0.0415,-0.0000,-0.11555,0.08629,0.03144,1,1,0.416,0.428,in_circle
57.143,1,1233,-0.03671,-0.00111,0.0835,0.0432,-0.10724,0.06509,0.02977,1,1,0.210,0.320,in_circle
57.187,1,1234,-0.03397,0.00064,0.1508,0.0965,-0.08831,0.04505,0.02671,1,1,0.038,0.145,in_circle
57.230,1,1235,-0.03311,0.00205,0.0472,0.0775,-0.04017,0.02563,0.02562,1,1,-0.238,-0.073,in_circle
57.283,1,1236,-0.03311,0.00205,0.0000,0.0000,-0.00526,-0.00261,0.02562,0,0,0.175,-0.000,in_circle
57.320,1,1237,-0.03027,0.00521,0.1562,0.1739,0.01985,-0.03948,0.02249,1,1,0.363,0.310,in_circle
57.364,1,1238,-0.03139,0.00502,-0.0615,-0.0107,0.02602,-0.05003,0.02361,1,1,-0.268,-0.394,in_circle
57.406,1,1239,-0.03297,0.00532,-0.0867,0.0166,0.00421,-0.02134,0.02518,1,1,0.605,0.345,in_circle
57.451,1,1240,-0.03478,0.00353,-0.0998,-0.0983,0.00791,0.02218,0.02710,1,1,0.710,0.235,in_circle
57.494,1,1241,-0.03715,0.00228,-0.1300,-0.0687,0.00552,0.05390,0.02958,1,1,0.767,0.699,in_circle
57.540,1,1242,-0.03926,0.00042,-0.1164,-0.1025,-0.03711,0.07902,0.03195,1,1,0.800,0.584,in_circle
57.584,1,1243,-0.04060,-0.00205,-0.0735,-0.1356,-0.06399,0.09598,0.03377,1,1,0.800,0.724,in_circle
57.628,1,1244,-0.04166,-0.00389,-0.0584,-0.1012,-0.09017,0.09735,0.03527,1,1,0.676,0.800,in_circle
57.672,1,1245,-0.04205,-0.00484,-0.0215,-0.0526,-0.11904,0.09072,0.03593,1,1,0.618,0.729,in_circle
57.716,1,1246,-0.04228,-0.00421,-0.0128,0.0350,-0.11334,0.08555,0.03596,1,1,0.471,0.537,in_circle
57.758,1,1247,-0.04150,-0.00340,0.0430,0.0445,-0.11376,0.08417,0.03499,1,1,0.438,0.186,in_circle
57.804,1,1248,-0.04088,-0.00134,0.0344,0.1134,-0.09731,0.08033,0.03388,1,1,0.212,0.146,in_circle
57.846,1,1249,-0.03904,0.00139,0.1008,0.1497,-0.06740,0.07406,0.03158,1,1,0.245,-0.135,in_circle
57.892,1,1250,-0.03700,0.00417,0.1123,0.1530,-0.02366,0.05854,0.02926,1,1,-0.025,-0.287,in_circle
57.935,1,1251,-0.03475,0.00583,0.1241,0.0915,0.00765,0.03530,0.02695,1,1,-0.076,-0.307,in_circle
57.979,1,1252,-0.03298,0.00756,0.0971,0.0949,0.03820,0.00401,0.02523,1,1,-0.129,-0.066,in_circle
58.023,1,1253,-0.03187,0.00726,0.0610,-0.0163,0.05277,-0.02213,0.02411,1,1,-0.025,-0.084,in_circle
58.068,1,1254,-0.03034,0.00727,0.0844,0.0006,0.02751,-0.04443,0.02257,1,1,0.116,0.362,in_circle
58.111,1,1255,-0.03141,0.00642,-0.0592,-0.0468,-0.01497,-0.03061,0.02362,1,1,0.019,0.294,in_circle
58.199,1,1256,-0.03346,0.00484,-0.1124,-0.0870,-0.06606,0.06433,0.02568,1,1,0.596,0.486,in_circle
58.243,1,1257,-0.03411,0.00384,-0.0358,-0.0553,-0.07796,0.10801,0.02640,1,1,0.800,0.651,in_circle
58.288,1,1258,-0.03443,0.00322,-0.0176,-0.0338,-0.09063,0.10477,0.02677,1,1,0.509,0.527,in_circle
58.332,1,1259,-0.03508,0.00493,-0.0360,0.0938,-0.11552,0.09304,0.02731,1,1,0.437,0.442,in_circle
58.375,1,1260,-0.03465,0.00613,0.0240,0.0664,-0.09478,0.07603,0.02685,1,1,0.512,-0.072,in_circle
58.419,1,1261,-0.03380,0.00766,0.0468,0.0839,-0.08418,0.05501,0.02605,1,1,0.271,0.034,in_circle
58.463,1,1262,-0.03342,0.01053,0.0205,0.1580,-0.04957,0.03904,0.02602,1,1,0.178,-0.040,in_circle
58.508,1,1263,-0.03131,0.01275,0.1161,0.1218,-0.00999,0.02594,0.02446,1,1,0.282,-0.344,in_circle
58.552,1,1264,-0.03155,0.01528,-0.0132,0.1391,0.01829,0.01911,0.02550,1,1,-0.106,-0.205,in_circle
58.596,1,1265,-0.03081,0.01703,0.0411,0.0967,0.04873,0.02563,0.02551,1,1,0.412,-0.280,in_circle
58.641,1,1266,-0.02956,0.01693,0.0684,-0.0057,0.04605,0.02977,0.02435,1,1,0.193,-0.116,in_circle
58.684,1,1267,-0.02867,0.01513,0.0491,-0.0989,0.03236,0.02644,0.02278,1,1,0.081,0.293,in_circle
58.726,1,1268,-0.02710,0.01386,0.0862,-0.0702,0.01661,0.03827,0.02084,1,1,0.156,0.670,in_circle
58.778,1,1269,-0.02710,0.01386,0.0000,0.0000,-0.02854,0.04981,0.02084,0,0,0.003,0.559,in_circle
58.860,1,1270,-0.02374,0.00886,0.1850,-0.2747,-0.09087,0.06066,0.01619,1,1,0.348,0.277,in_circle
58.903,1,1271,-0.02256,0.00815,0.0649,-0.0393,-0.08165,0.06289,0.01492,1,1,-0.400,0.800,in_circle
58.948,1,1272,-0.02103,0.00860,0.0845,0.0249,-0.07095,0.07597,0.01348,1,1,0.078,0.448,in_circle
58.991,1,1273,-0.01894,0.01043,0.1145,0.1007,-0.09907,0.08260,0.01199,1,1,-0.005,0.190,in_circle
59.035,1,1274,-0.01559,0.01153,0.1845,0.0603,-0.08554,0.07282,0.00955,1,1,-0.130,-0.117,in_circle
59.080,1,1275,-0.01375,0.01399,0.1013,0.1354,-0.03009,0.05819,0.00996,1,1,-0.418,0.041,in_circle
59.124,1,1276,-0.01102,0.01650,0.1503,0.1382,-0.00058,0.03432,0.01098,1,1,-0.090,-0.266,in_circle
59.169,1,1277,-0.00887,0.01909,0.1179,0.1425,0.01070,-0.00382,0.01314,1,1,-0.293,-0.284,in_circle
59.218,1,1278,-0.00887,0.01909,0.0000,0.0000,0.04214,-0.03566,0.01314,0,0,-0.169,-0.308,in_circle
59.257,1,1279,-0.00767,0.02251,0.0661,0.1879,0.06067,-0.04694,0.01651,1,1,0.303,0.261,in_circle
59.300,1,1280,-0.00820,0.02344,-0.0291,0.0513,0.04752,-0.03780,0.01745,1,1,0.035,-0.499,in_circle
59.342,1,1281,-0.00940,0.02360,-0.0661,0.0087,0.03102,-0.00636,0.01767,1,1,0.418,0.044,in_circle
59.387,1,1282,-0.01176,0.02295,-0.1297,-0.0357,0.03429,0.04019,0.01741,1,1,0.568,0.213,in_circle
59.430,1,1283,-0.01380,0.02200,-0.1123,-0.0519,0.01340,0.08539,0.01709,1,1,0.800,0.392,in_circle
59.475,1,1284,-0.01574,0.02137,-0.1065,-0.0351,-0.03943,0.11981,0.01730,1,1,0.764,0.458,in_circle
59.518,1,1285,-0.01552,0.02102,0.0124,-0.0193,-0.07516,0.11300,0.01688,1,1,0.746,0.392,in_circle
59.564,1,1286,-0.01604,0.02118,-0.0287,0.0092,-0.09654,0.09222,0.01727,1,1,0.270,0.329,in_circle
59.608,1,1287,-0.01530,0.02276,0.0403,0.0869,-0.09602,0.07537,0.01837,1,1,0.435,0.213,in_circle
59.652,1,1288,-0.01323,0.02473,0.1141,0.1083,-0.07653,0.06618,0.01950,1,1,0.158,-0.102,in_circle
59.695,1,1289,-0.01206,0.02809,0.0644,0.1848,-0.04576,0.05690,0.02250,1,1,-0.143,-0.193,in_circle
59.739,1,1290,-0.01004,0.03134,0.1109,0.1788,-0.00685,0.04410,0.02544,1,1,0.053,-0.509,in_circle
59.784,1,1291,-0.00888,0.03529,0.0638,0.2168,0.02697,0.00859,0.02931,1,1,-0.138,-0.494,in_circle
59.826,1,1292,-0.00774,0.03806,0.0626,0.1524,0.06066,-0.02338,0.03206,1,1,0.047,-0.657,in_circle
59.872,1,1293,-0.00768,0.04019,0.0037,0.1175,0.07845,-0.03352,0.03419,1,1,0.050,-0.408,in_circle
59.916,1,1294,-0.00819,0.04116,-0.0283,0.0533,0.08569,-0.01577,0.03516,1,1,0.285,-0.275,in_circle
59.961,1,1295,-0.00900,0.03997,-0.0447,-0.0657,0.06495,0.02212,0.03399,1,1,0.414,-0.022,in_circle
60.004,1,1296,-0.01122,0.03734,-0.1222,-0.1445,0.01921,0.06814,0.03153,1,1,0.482,0.455,in_circle
60.047,1,1297,-0.01217,0.03503,-0.0519,-0.1271,-0.01536,0.11043,0.02936,1,1,0.797,0.776,in_circle
60.091,1,1298,-0.01245,0.03242,-0.0158,-0.1438,-0.04360,0.12139,0.02682,1,1,0.518,0.711,in_circle
60.135,1,1299,-0.01187,0.03080,0.0324,-0.0886,-0.07865,0.10299,0.02514,1,1,0.375,0.783,in_circle
60.268,1,1300,-0.00875,0.03139,0.1717,0.0321,-0.11358,0.01986,0.02541,1,1,0.181,0.564,in_circle
60.311,1,1301,-0.00768,0.03498,0.0588,0.1976,-0.10437,0.00582,0.02898,1,1,-0.384,0.077,in_circle
60.356,1,1302,-0.00625,0.03894,0.0786,0.2177,-0.10350,-0.00832,0.03298,1,1,0.065,-0.595,in_circle
60.399,1,1303,-0.00739,0.04367,-0.0627,0.2605,-0.08064,-0.02040,0.03768,1,1,-0.018,-0.687,in_circle
60.444,1,1304,-0.00818,0.04900,-0.0436,0.2927,-0.03618,-0.02893,0.04300,1,1,0.550,-0.800,in_circle
60.487,1,1305,-0.00944,0.05352,-0.0690,0.2487,-0.00082,-0.01834,0.04755,0,1,0.470,-0.800,running
60.532,1,1306,-0.01154,0.05821,-0.1159,0.2580,0.02654,0.02012,0.05234,0,1,0.560,-0.796,running
60.576,1,1307,-0.01377,0.06140,-0.1227,0.1755,0.05970,0.07101,0.05572,0,1,0.718,-0.800,running
60.619,1,1308,-0.01523,0.06260,-0.0800,0.0658,0.08971,0.11746,0.05708,0,1,0.733,-0.518,running
60.663,1,1309,-0.01597,0.06223,-0.0405,-0.0202,0.09557,0.12566,0.05682,0,1,0.590,-0.154,running
60.710,1,1310,-0.01594,0.06088,0.0012,-0.0741,0.06665,0.10056,0.05548,0,1,0.462,0.131,running
60.754,1,1311,-0.01487,0.05816,0.0589,-0.1499,0.02659,0.07500,0.05263,0,1,0.323,0.319,running
60.795,1,1312,-0.01349,0.05475,0.0763,-0.1873,-0.01043,0.05328,0.04908,0,1,0.116,0.607,running
60.839,1,1313,-0.01231,0.05184,0.0648,-0.1600,-0.03449,0.02567,0.04606,0,1,0.039,0.781,running
60.883,1,1314,-0.01110,0.04879,0.0666,-0.1681,-0.07071,-0.00127,0.04291,1,1,0.069,0.715,in_circle
60.926,1,1315,-0.01105,0.04629,0.0027,-0.1373,-0.10676,-0.02527,0.04042,1,1,0.050,0.780,in_circle
60.971,1,1316,-0.01018,0.04475,0.0476,-0.0846,-0.10468,-0.02733,0.03883,1,1,0.297,0.684,in_circle
61.015,1,1317,-0.01106,0.04452,-0.0483,-0.0130,-0.10566,-0.00872,0.03865,1,1,0.115,0.478,in_circle
61.059,1,1318,-0.01225,0.04485,-0.0654,0.0184,-0.10901,0.02849,0.03910,1,1,0.501,0.191,in_circle
61.104,1,1319,-0.01294,0.04589,-0.0377,0.0574,-0.08287,0.07343,0.04022,1,1,0.573,0.063,in_circle
61.146,1,1320,-0.01388,0.04787,-0.0521,0.1088,-0.03720,0.10752,0.04231,1,1,0.463,-0.097,in_circle
61.191,1,1321,-0.01374,0.04980,0.0080,0.1063,-0.00556,0.11700,0.04421,1,1,0.520,-0.305,in_circle
61.235,1,1322,-0.01291,0.05039,0.0453,0.0320,0.02303,0.10139,0.04468,1,1,0.285,-0.298,in_circle
61.280,1,1323,-0.01115,0.05118,0.0969,0.0435,0.05872,0.08800,0.04530,1,1,0.141,-0.017,in_circle
61.324,1,1324,-0.00823,0.05020,0.1607,-0.0539,0.06198,0.06761,0.04420,1,1,-0.058,-0.066,in_circle
61.369,1,1325,-0.00565,0.04930,0.1418,-0.0495,0.02552,0.03478,0.04335,1,1,-0.315,0.309,in_circle
61.411,1,1326,-0.00283,0.04711,0.1550,-0.1203,-0.01186,-0.01589,0.04141,1,1,-0.254,0.296,in_circle
61.455,1,1327,-0.00123,0.04489,0.0882,-0.1219,-0.03532,-0.06314,0.03945,1,1,-0.324,0.587,in_circle
61.499,1,1328,-0.00145,0.04251,-0.0124,-0.1310,-0.06993,-0.09840,0.03706,1,1,-0.070,0.607,in_circle
61.544,1,1329,-0.00222,0.04173,-0.0422,-0.0433,-0.09780,-0.09686,0.03616,1,1,0.333,0.648,in_circle
61.588,1,1330,-0.00485,0.04188,-0.1443,0.0083,-0.10466,-0.05607,0.03600,1,1,0.454,0.298,in_circle
61.632,1,1331,-0.00840,0.04243,-0.1954,0.0305,-0.10705,-0.00049,0.03644,1,1,0.800,0.089,in_circle
61.676,1,1332,-0.01225,0.04419,-0.2121,0.0969,-0.10087,0.05186,0.03845,1,1,0.800,-0.003,in_circle
61.719,1,1333,-0.01623,0.04656,-0.2186,0.1303,-0.07177,0.09799,0.04143,1,1,0.800,-0.274,in_circle
61.764,1,1334,-0.01934,0.04946,-0.1712,0.1592,-0.02866,0.12047,0.04496,1,1,0.800,-0.411,in_circle
61.808,1,1335,-0.02149,0.05193,-0.1181,0.1359,0.00342,0.10977,0.04792,0,1,0.800,-0.520,running
61.851,1,1336,-0.02288,0.05371,-0.0763,0.0979,0.03607,0.09426,0.05003,0,1,0.775,-0.431,running
61.895,1,1337,-0.02296,0.05452,-0.0046,0.0446,0.06991,0.08433,0.05083,0,1,0.620,-0.295,running
61.940,1,1338,-0.02295,0.05379,0.0008,-0.0401,0.06575,0.08911,0.05013,0,1,0.363,-0.108,running
61.983,1,1339,-0.02181,0.05119,0.0623,-0.1429,0.03394,0.09040,0.04731,0,1,0.343,0.197,running
62.028,1,1340,-0.02000,0.04877,0.0999,-0.1329,0.00087,0.07686,0.04448,1,1,0.109,0.595,in_circle
62.072,1,1341,-0.01771,0.04560,0.1256,-0.1747,-0.03058,0.05540,0.04082,1,1,-0.049,0.584,in_circle
62.115,1,1342,-0.01557,0.04248,0.1177,-0.1717,-0.06828,0.02817,0.03729,1,1,-0.173,0.783,in_circle
62.159,1,1343,-0.01345,0.03946,0.1168,-0.1661,-0.09849,-0.00757,0.03393,1,1,-0.152,0.785,in_circle
62.249,1,1344,-0.01203,0.03738,0.0782,-0.1142,-0.10432,-0.06502,0.03166,1,1,-0.153,0.767,in_circle
62.291,1,1345,-0.01250,0.03776,-0.0262,0.0209,-0.10606,-0.05704,0.03210,1,1,-0.002,0.564,in_circle
62.335,1,1346,-0.01453,0.04078,-0.1114,0.1664,-0.10473,-0.04248,0.03543,1,1,0.416,0.021,in_circle
62.379,1,1347,-0.01709,0.04353,-0.1410,0.1512,-0.09425,-0.02351,0.03867,1,1,0.762,-0.571,in_circle
62.423,1,1348,-0.02023,0.04707,-0.1727,0.1947,-0.06823,0.02578,0.04291,1,1,0.800,-0.518,in_circle
62.467,1,1349,-0.02369,0.05027,-0.1904,0.1759,-0.02671,0.09164,0.04704,0,1,0.800,-0.686,running
62.511,1,1350,-0.02589,0.05373,-0.1209,0.1902,0.00605,0.13064,0.05104,0,1,0.800,-0.604,running
62.555,1,1351,-0.02785,0.05671,-0.1077,0.1638,0.03928,0.12164,0.05453,0,1,0.785,-0.648,running
62.599,1,1352,-0.02783,0.05825,0.0012,0.0847,0.06429,0.09080,0.05595,0,1,0.733,-0.551,running
62.643,1,1353,-0.02755,0.05877,0.0155,0.0289,0.08095,0.07447,0.05635,0,1,0.362,-0.287,running
62.687,1,1354,-0.02665,0.05771,0.0492,-0.0584,0.06277,0.07294,0.05504,0,1,0.314,-0.104,running
62.732,1,1355,-0.02543,0.05592,0.0669,-0.0984,0.03584,0.06662,0.05294,0,1,0.194,0.196,running
62.776,1,1356,-0.02396,0.05349,0.0812,-0.1339,-0.00668,0.04584,0.05016,0,1,0.122,0.349,running
62.821,1,1357,-0.02229,0.05100,0.0917,-0.1369,-0.04021,0.02018,0.04727,0,1,0.057,0.500,running
62.863,1,1358,-0.02107,0.04912,0.0673,-0.1035,-0.06988,-0.00025,0.04511,1,1,0.001,0.538,in_circle
62.907,1,1359,-0.01974,0.04766,0.0731,-0.0799,-0.10096,-0.00855,0.04334,1,1,0.081,0.431,in_circle
62.952,1,1360,-0.01882,0.04685,0.0502,-0.0444,-0.10350,-0.00661,0.04232,1,1,0.049,0.353,in_circle
62.995,1,1361,-0.01836,0.04717,0.0254,0.0176,-0.09651,0.00385,0.04251,1,1,0.133,0.220,in_circle
63.039,1,1362,-0.01857,0.04734,-0.0117,0.0092,-0.07595,0.03413,0.04272,1,1,0.229,-0.025,in_circle
63.083,1,1363,-0.01825,0.04806,0.0181,0.0394,-0.02940,0.07384,0.04333,1,1,0.374,0.005,in_circle
63.127,1,1364,-0.01771,0.04923,0.0292,0.0648,0.00711,0.10428,0.04436,1,1,0.258,-0.116,in_circle
63.172,1,1365,-0.01645,0.04938,0.0693,0.0081,0.02797,0.11370,0.04424,1,1,0.215,-0.219,in_circle
63.216,1,1366,-0.01434,0.04902,0.1161,-0.0198,0.05031,0.09987,0.04352,1,1,0.058,-0.004,in_circle
63.259,1,1367,-0.01156,0.04735,0.1533,-0.0918,0.05306,0.06976,0.04152,1,1,-0.131,0.104,in_circle
63.304,1,1368,-0.00867,0.04592,0.1587,-0.0786,0.02202,0.03770,0.03993,1,1,-0.294,0.396,in_circle
63.347,1,1369,-0.00552,0.04340,0.1735,-0.1386,-0.01833,-0.00945,0.03747,1,1,-0.333,0.353,in_circle
63.392,1,1370,-0.00331,0.04038,0.1214,-0.1662,-0.05077,-0.05737,0.03467,1,1,-0.400,0.598,in_circle
63.435,1,1371,-0.00324,0.03827,0.0038,-0.1161,-0.07637,-0.09497,0.03259,1,1,-0.197,0.715,in_circle
63.481,1,1372,-0.00398,0.03747,-0.0409,-0.0440,-0.09895,-0.10317,0.03170,1,1,0.273,0.518,in_circle
63.523,1,1373,-0.00572,0.03725,-0.0956,-0.0123,-0.10202,-0.07354,0.03132,1,1,0.453,0.230,in_circle
63.567,1,1374,-0.00835,0.03873,-0.1447,0.0817,-0.10311,-0.01878,0.03274,1,1,0.676,0.103,in_circle
63.612,1,1375,-0.01238,0.04113,-0.2215,0.1317,-0.08696,0.03808,0.03543,1,1,0.800,-0.279,in_circle
63.656,1,1376,-0.01668,0.04363,-0.2366,0.1377,-0.04126,0.09205,0.03867,1,1,0.800,-0.486,in_circle
63.698,1,1377,-0.02009,0.04621,-0.1878,0.1420,-0.00680,0.12563,0.04205,1,1,0.800,-0.518,in_circle
63.744,1,1378,-0.02251,0.04879,-0.1329,0.1417,0.01941,0.11671,0.04525,1,1,0.800,-0.536,in_circle
63.787,1,1379,-0.02365,0.05018,-0.0625,0.0764,0.05408,0.09310,0.04694,0,1,0.800,-0.532,running
63.832,1,1380,-0.02456,0.04935,-0.0501,-0.0456,0.07838,0.07977,0.04648,0,1,0.578,-0.289,running
63.876,1,1381,-0.02427,0.04827,0.0160,-0.0595,0.07119,0.08308,0.04536,1,1,0.535,0.167,in_circle
63.919,1,1382,-0.02339,0.04499,0.0481,-0.1804,0.04392,0.08495,0.04199,1,1,0.285,0.226,in_circle
63.962,1,1383,-0.02222,0.04161,0.0647,-0.1858,0.00521,0.07807,0.03842,1,1,0.152,0.722,in_circle
64.007,1,1384,-0.01996,0.03724,0.1241,-0.2405,-0.02938,0.06585,0.03352,1,1,0.077,0.768,in_circle
64.051,1,1385,-0.01796,0.03304,0.1103,-0.2311,-0.06042,0.04251,0.02888,1,1,-0.166,0.800,in_circle
64.096,1,1386,-0.01569,0.02986,0.1247,-0.1751,-0.09357,0.00515,0.02513,1,1,-0.116,0.800,in_circle
64.139,1,1387,-0.01411,0.02780,0.0868,-0.1129,-0.10691,-0.03027,0.02270,1,1,-0.179,0.751,in_circle
64.185,1,1388,-0.01341,0.02727,0.0388,-0.0294,-0.10542,-0.05973,0.02199,1,1,-0.032,0.507,in_circle
64.272,1,1389,-0.01561,0.02752,-0.1210,0.0140,-0.09954,-0.02727,0.02290,1,1,0.159,0.172,in_circle
64.316,1,1390,-0.01770,0.02950,-0.1153,0.1089,-0.09214,0.00765,0.02550,1,1,0.800,-0.003,in_circle
64.361,1,1391,-0.02011,0.03267,-0.1323,0.1744,-0.06968,0.03677,0.02938,1,1,0.786,-0.389,in_circle
64.405,1,1392,-0.02352,0.03566,-0.1879,0.1645,-0.02016,0.07304,0.03357,1,1,0.800,-0.660,in_circle
64.449,1,1393,-0.02591,0.04004,-0.1313,0.2407,0.01142,0.10396,0.03856,1,1,0.800,-0.629,in_circle
64.492,1,1394,-0.02678,0.04274,-0.0480,0.1483,0.03800,0.11056,0.04135,1,1,0.800,-0.800,in_circle
64.536,1,1395,-0.02773,0.04452,-0.0521,0.0980,0.07076,0.10160,0.04337,1,1,0.538,-0.579,in_circle
64.579,1,1396,-0.02729,0.04547,0.0243,0.0526,0.09609,0.09303,0.04402,1,1,0.555,-0.383,in_circle
64.624,1,1397,-0.02582,0.04444,0.0811,-0.0567,0.07528,0.08383,0.04245,1,1,0.259,-0.212,in_circle
64.667,1,1398,-0.02455,0.04230,0.0697,-0.1177,0.03621,0.07599,0.03998,1,1,0.031,0.216,in_circle
64.712,1,1399,-0.02255,0.03890,0.1097,-0.1874,0.00055,0.05145,0.03605,1,1,0.063,0.473,in_circle
64.754,1,1400,-0.02024,0.03497,0.1274,-0.2159,-0.02832,0.00997,0.03153,1,1,-0.102,0.759,in_circle
64.800,1,1401,-0.01875,0.03164,0.0819,-0.1834,-0.06327,-0.03851,0.02788,1,1,-0.178,0.800,in_circle
64.843,1,1402,-0.01853,0.02931,0.0119,-0.1280,-0.09451,-0.05996,0.02566,1,1,-0.000,0.759,in_circle
64.888,1,1403,-0.01917,0.02824,-0.0351,-0.0588,-0.10264,-0.05678,0.02498,1,1,0.279,0.542,in_circle
64.931,1,1404,-0.02115,0.02819,-0.1090,-0.0030,-0.10492,-0.03446,0.02589,1,1,0.469,0.267,in_circle
64.976,1,1405,-0.02360,0.02960,-0.1346,0.0776,-0.10446,0.00706,0.02840,1,1,0.769,0.043,in_circle
65.020,1,1406,-0.02550,0.03229,-0.1046,0.1482,-0.07387,0.06038,0.03170,1,1,0.800,-0.284,in_circle
65.063,1,1407,-0.02835,0.03520,-0.1568,0.1601,-0.02726,0.11026,0.03571,1,1,0.763,-0.574,in_circle
65.108,1,1408,-0.03008,0.03898,-0.0950,0.2077,0.00250,0.12605,0.03980,1,1,0.800,-0.630,in_circle
65.151,1,1409,-0.03051,0.04141,-0.0237,0.1335,0.03161,0.10435,0.04206,1,1,0.736,-0.800,in_circle
65.196,1,1410,-0.03056,0.04334,-0.0025,0.1061,0.07336,0.08359,0.04372,1,1,0.452,-0.535,in_circle
65.241,1,1411,-0.02939,0.04331,0.0639,-0.0012,0.10188,0.07948,0.04311,1,1,0.371,-0.430,in_circle
65.286,1,1412,-0.02790,0.04250,0.0821,-0.0451,0.07782,0.07287,0.04166,1,1,0.110,-0.018,in_circle
65.329,1,1413,-0.02558,0.04020,0.1278,-0.1261,0.03186,0.05757,0.03855,1,1,0.029,0.158,in_circle
65.371,1,1414,-0.02359,0.03613,0.1092,-0.2237,0.00239,0.03083,0.03402,1,1,-0.167,0.493,in_circle
65.416,1,1415,-0.02170,0.03213,0.1038,-0.2203,-0.02601,-0.00812,0.02960,1,1,-0.097,0.800,in_circle
65.460,1,1416,-0.02099,0.02935,0.0395,-0.1531,-0.06278,-0.04839,0.02681,1,1,-0.081,0.800,in_circle
65.505,1,1417,-0.02080,0.02696,0.0101,-0.1313,-0.10010,-0.07092,0.02467,1,1,0.175,0.624,in_circle
65.547,1,1418,-0.02185,0.02607,-0.0576,-0.0489,-0.10216,-0.04752,0.02450,1,1,0.292,0.542,in_circle
65.591,1,1419,-0.02436,0.02686,-0.1378,0.0432,-0.10578,0.00185,0.02663,1,1,0.566,0.214,in_circle
65.636,1,1420,-0.02685,0.02744,-0.1369,0.0321,-0.09611,0.05512,0.02868,1,1,0.800,-0.157,in_circle
65.678,1,1421,-0.02859,0.03021,-0.0962,0.1524,-0.05721,0.09999,0.03191,1,1,0.800,-0.115,in_circle
65.724,1,1422,-0.03062,0.03355,-0.1113,0.1836,-0.01717,0.11979,0.03577,1,1,0.737,-0.605,in_circle
65.766,1,1423,-0.03102,0.03670,-0.0223,0.1734,0.00960,0.10614,0.03850,1,1,0.800,-0.739,in_circle
65.812,1,1424,-0.03041,0.03915,0.0338,0.1346,0.04673,0.08785,0.04012,1,1,0.447,-0.707,in_circle
65.857,1,1425,-0.02941,0.04056,0.0548,0.0778,0.07866,0.08476,0.04076,1,1,0.222,-0.559,in_circle
65.900,1,1426,-0.02704,0.04122,0.1304,0.0362,0.08758,0.08246,0.04013,1,1,0.137,-0.336,in_circle
65.945,1,1427,-0.02450,0.04016,0.1395,-0.0582,0.06714,0.05173,0.03803,1,1,-0.173,-0.174,in_circle
65.988,1,1428,-0.02260,0.03753,0.1048,-0.1447,0.03559,0.00785,0.03483,1,1,-0.216,0.204,in_circle
66.032,1,1429,-0.02092,0.03443,0.0920,-0.1703,-0.00555,-0.03322,0.03132,1,1,-0.082,0.556,in_circle
66.076,1,1430,-0.02060,0.03126,0.0177,-0.1744,-0.03648,-0.06526,0.02832,1,1,-0.035,0.665,in_circle
66.119,1,1431,-0.02082,0.02864,-0.0119,-0.1443,-0.06839,-0.06656,0.02612,1,1,0.261,0.688,in_circle
66.164,1,1432,-0.02214,0.02775,-0.0727,-0.0490,-0.10276,-0.02995,0.02605,1,1,0.380,0.573,in_circle
66.207,1,1433,-0.02427,0.02735,-0.1172,-0.0217,-0.10545,0.02935,0.02697,1,1,0.627,0.193,in_circle
66.296,1,1434,-0.02794,0.03021,-0.2017,0.1571,-0.08692,0.13195,0.03149,1,1,0.800,0.083,in_circle
66.339,1,1435,-0.02833,0.03363,-0.0215,0.1880,-0.07581,0.11317,0.03442,1,1,0.800,-0.640,in_circle
66.384,1,1436,-0.02848,0.03752,-0.0082,0.2140,-0.05796,0.08368,0.03770,1,1,0.438,-0.774,in_circle
66.427,1,1437,-0.02710,0.04142,0.0759,0.2144,-0.01113,0.07067,0.04033,1,1,0.384,-0.800,in_circle
66.472,1,1438,-0.02511,0.04492,0.1097,0.1925,0.03144,0.06745,0.04259,1,1,0.046,-0.800,in_circle
66.515,1,1439,-0.02340,0.04766,0.0940,0.1510,0.05240,0.05565,0.04449,1,1,-0.082,-0.800,in_circle
66.561,1,1440,-0.02107,0.04915,0.1280,0.0819,0.09013,0.03448,0.04515,1,1,-0.017,-0.650,in_circle
66.603,1,1441,-0.01858,0.04873,0.1371,-0.0231,0.10066,-0.00659,0.04407,1,1,-0.149,-0.391,in_circle
66.648,1,1442,-0.01733,0.04700,0.0683,-0.0951,0.07192,-0.04521,0.04210,1,1,-0.197,0.010,in_circle
66.692,1,1443,-0.01669,0.04380,0.0353,-0.1759,0.04346,-0.05606,0.03884,1,1,0.057,0.301,in_circle
66.735,1,1444,-0.01737,0.03941,-0.0374,-0.2414,0.00214,-0.04609,0.03476,1,1,0.181,0.642,in_circle
66.780,1,1445,-0.01891,0.03450,-0.0846,-0.2702,-0.03509,-0.02203,0.03059,1,1,0.474,0.800,in_circle
66.823,1,1446,-0.02122,0.03077,-0.1271,-0.2051,-0.06322,0.02663,0.02818,1,1,0.666,0.800,in_circle
66.868,1,1447,-0.02293,0.02723,-0.0936,-0.1951,-0.09583,0.09081,0.02606,1,1,0.800,0.788,in_circle
66.911,1,1448,-0.02391,0.02537,-0.0543,-0.1023,-0.11775,0.12798,0.02519,1,1,0.712,0.756,in_circle
66.956,1,1449,-0.02523,0.02484,-0.0724,-0.0289,-0.11680,0.11567,0.02567,1,1,0.557,0.388,in_circle
66.998,1,1450,-0.02496,0.02568,0.0150,0.0460,-0.11104,0.08899,0.02611,1,1,0.633,0.095,in_circle
67.044,1,1451,-0.02380,0.02710,0.0636,0.0784,-0.09016,0.06353,0.02648,1,1,0.283,-0.207,in_circle
67.087,1,1452,-0.02330,0.02952,0.0274,0.1328,-0.05838,0.04809,0.02817,1,1,0.086,-0.341,in_circle
67.132,1,1453,-0.02192,0.03287,0.0762,0.1846,-0.01742,0.04057,0.03036,1,1,0.229,-0.566,in_circle
67.176,1,1454,-0.01992,0.03633,0.1100,0.1899,0.01273,0.02254,0.03266,1,1,0.030,-0.783,in_circle
67.221,1,1455,-0.01890,0.03963,0.0559,0.1819,0.04514,0.00909,0.03542,1,1,-0.110,-0.800,in_circle
67.263,1,1456,-0.01825,0.04150,0.0357,0.1024,0.08154,0.00739,0.03700,1,1,0.104,-0.792,in_circle
67.308,1,1457,-0.01795,0.04213,0.0168,0.0348,0.10374,0.00798,0.03753,1,1,0.183,-0.480,in_circle
67.352,1,1458,-0.01768,0.04133,0.0149,-0.0440,0.09518,0.01597,0.03668,1,1,0.258,-0.213,in_circle
67.396,1,1459,-0.01879,0.03861,-0.0613,-0.1495,0.06788,0.04832,0.03441,1,1,0.265,0.103,in_circle
67.439,1,1460,-0.01852,0.03548,0.0149,-0.1720,0.02909,0.09014,0.03137,1,1,0.573,0.530,in_circle
67.484,1,1461,-0.01769,0.03169,0.0460,-0.2084,-0.00848,0.11331,0.02753,1,1,0.267,0.627,in_circle
67.527,1,1462,-0.01671,0.02801,0.0539,-0.2027,-0.04021,0.10897,0.02374,1,1,0.141,0.781,in_circle
67.571,1,1463,-0.01505,0.02428,0.0909,-0.2049,-0.07003,0.08382,0.01967,1,1,0.107,0.767,in_circle
67.616,1,1464,-0.01226,0.02253,0.1539,-0.0963,-0.10671,0.03669,0.01712,1,1,-0.045,0.784,in_circle
67.660,1,1465,-0.00999,0.02061,0.1245,-0.1059,-0.10498,-0.01350,0.01477,1,1,-0.304,0.353,in_circle
67.703,1,1466,-0.00850,0.02168,0.0821,0.0592,-0.10708,-0.05643,0.01570,1,1,-0.192,0.395,in_circle
67.748,1,1467,-0.00946,0.02354,-0.0527,0.1023,-0.09462,-0.08125,0.01762,1,1,-0.027,-0.268,in_circle
67.792,1,1468,-0.00991,0.02674,-0.0249,0.1758,-0.08461,-0.08355,0.02085,1,1,0.515,-0.446,in_circle
67.836,1,1469,-0.01217,0.03104,-0.1243,0.2368,-0.04470,-0.04283,0.02542,1,1,0.405,-0.749,in_circle
67.880,1,1470,-0.01557,0.03537,-0.1870,0.2377,-0.00360,0.03131,0.03038,1,1,0.800,-0.800,in_circle
67.924,1,1471,-0.01983,0.03965,-0.2342,0.2357,0.02551,0.09387,0.03574,1,1,0.800,-0.800,in_circle
67.969,1,1472,-0.02292,0.04325,-0.1701,0.1981,0.05986,0.12707,0.04021,1,1,0.800,-0.800,in_circle
68.012,1,1473,-0.02568,0.04497,-0.1515,0.0945,0.08855,0.11809,0.04288,1,1,0.800,-0.800,in_circle
68.055,1,1474,-0.02639,0.04545,-0.0390,0.0264,0.09663,0.09425,0.04361,1,1,0.800,-0.471,in_circle
68.101,1,1475,-0.02682,0.04405,-0.0238,-0.0768,0.08922,0.08030,0.04254,1,1,0.500,-0.210,in_circle
68.143,1,1476,-0.02651,0.04124,0.0168,-0.1548,0.06321,0.08487,0.03990,1,1,0.443,0.195,in_circle
68.189,1,1477,-0.02564,0.03666,0.0483,-0.2522,0.01724,0.07976,0.03547,1,1,0.280,0.525,in_circle
68.231,1,1478,-0.02387,0.03217,0.0972,-0.2465,-0.01272,0.06427,0.03071,1,1,0.151,0.800,in_circle
68.321,1,1479,-0.01989,0.02384,0.2188,-0.4585,-0.07493,0.02329,0.02155,1,1,-0.049,0.800,in_circle
68.364,1,1480,-0.01825,0.02141,0.0901,-0.1336,-0.08267,0.00522,0.01862,1,1,-0.545,0.800,in_circle
68.409,1,1481,-0.01754,0.01987,0.0393,-0.0847,-0.09229,-0.01337,0.01694,1,1,-0.034,0.484,in_circle
68.452,1,1482,-0.01719,0.01917,0.0193,-0.0385,-0.10352,-0.03341,0.01617,1,1,0.167,0.292,in_circle
68.496,1,1483,-0.01732,0.02007,-0.0076,0.0499,-0.07823,-0.05511,0.01699,1,1,0.246,0.109,in_circle
68.539,1,1484,-0.01827,0.02126,-0.0518,0.0655,-0.04906,-0.03482,0.01851,1,1,0.354,-0.248,in_circle
68.584,1,1485,-0.01922,0.02293,-0.0526,0.0915,-0.01081,0.01988,0.02042,1,1,0.533,-0.314,in_circle
68.627,1,1486,-0.02191,0.02532,-0.1477,0.1313,0.02379,0.07852,0.02392,1,1,0.539,-0.423,in_circle
68.672,1,1487,-0.02368,0.02650,-0.0975,0.0649,0.05558,0.11439,0.02593,1,1,0.800,-0.589,in_circle
68.715,1,1488,-0.02462,0.02662,-0.0515,0.0071,0.08051,0.09448,0.02661,1,1,0.730,-0.327,in_circle
68.760,1,1489,-0.02504,0.02632,-0.0231,-0.0169,0.09552,0.06889,0.02664,1,1,0.548,-0.097,in_circle
68.803,1,1490,-0.02462,0.02514,0.0230,-0.0645,0.06613,0.05161,0.02548,1,1,0.435,-0.001,in_circle
68.848,1,1491,-0.02443,0.02223,0.0106,-0.1602,0.02197,0.05445,0.02323,1,1,0.250,0.191,in_circle
68.892,1,1492,-0.02368,0.01895,0.0410,-0.1807,-0.00917,0.05269,0.02049,1,1,0.299,0.581,in_circle
68.937,1,1493,-0.02362,0.01606,0.0031,-0.1588,-0.03889,0.04935,0.01875,1,1,0.176,0.670,in_circle
68.980,1,1494,-0.02246,0.01431,0.0639,-0.0962,-0.07466,0.04309,0.01685,1,1,0.327,0.589,in_circle
69.024,1,1495,-0.02105,0.01322,0.0776,-0.0600,-0.10606,0.04516,0.01509,1,1,0.081,0.343,in_circle
69.067,1,1496,-0.01981,0.01291,0.0685,-0.0171,-0.10494,0.04740,0.01385,1,1,0.023,0.200,in_circle
69.112,1,1497,-0.01868,0.01405,0.0619,0.0626,-0.07993,0.04482,0.01353,1,1,0.056,0.029,in_circle
69.155,1,1498,-0.01687,0.01604,0.0995,0.1096,-0.04287,0.04720,0.01353,1,1,0.080,-0.292,in_circle
69.200,1,1499,-0.01506,0.01735,0.0997,0.0721,-0.00835,0.04790,0.01347,1,1,-0.075,-0.486,in_circle
70.212,2,0,0.00851,0.03722,0.0248,0.1185,-0.02144,0.04326,0.03523,1,1,0.257,-0.101,in_circle
70.257,2,1,0.00898,0.03931,0.0258,0.1148,-0.02090,0.04287,0.03730,1,1,0.156,-0.581,in_circle
70.345,2,2,0.01017,0.04281,0.0652,0.1924,0.02792,0.06654,0.04096,1,1,0.150,-0.575,in_circle
70.387,2,3,0.01094,0.04314,0.0427,0.0179,0.03559,0.07463,0.04160,1,1,-0.010,-0.800,in_circle
70.433,2,4,0.01233,0.04346,0.0764,0.0180,0.04385,0.07574,0.04253,1,1,0.077,-0.202,in_circle
70.475,2,5,0.01458,0.04192,0.1233,-0.0847,0.09113,0.06556,0.04232,1,1,-0.059,-0.206,in_circle
70.520,2,6,0.01657,0.04007,0.1099,-0.1019,0.06640,0.05658,0.04189,1,1,-0.249,0.198,in_circle
70.564,2,7,0.01884,0.03629,0.1246,-0.2076,0.00876,0.04088,0.04034,1,1,-0.204,0.271,in_circle
70.608,2,8,0.02054,0.03326,0.0935,-0.1667,-0.01845,0.01167,0.03932,1,1,-0.275,0.710,in_circle
70.652,2,9,0.02226,0.02911,0.0946,-0.2283,-0.03976,-0.03073,0.03792,1,1,-0.157,0.556,in_circle
70.696,2,10,0.02196,0.02628,-0.0164,-0.1556,-0.07919,-0.06372,0.03602,1,1,-0.167,0.800,in_circle
70.739,2,11,0.02208,0.02394,0.0068,-0.1287,-0.09978,-0.05936,0.03486,1,1,0.276,0.527,in_circle
70.784,2,12,0.02047,0.02299,-0.0889,-0.0524,-0.10406,-0.02828,0.03298,1,1,0.182,0.425,in_circle
70.826,2,13,0.01771,0.02164,-0.1513,-0.0743,-0.09181,0.01632,0.02993,1,1,0.568,0.121,in_circle
70.871,2,14,0.01615,0.02329,-0.0863,0.0909,-0.05686,0.06923,0.02954,1,1,0.800,0.211,in_circle
70.916,2,15,0.01335,0.02459,-0.1540,0.0716,-0.01595,0.10874,0.02816,1,1,0.566,-0.454,in_circle
70.960,2,16,0.01305,0.02620,-0.0161,0.0882,0.00108,0.10103,0.02903,1,1,0.800,-0.382,in_circle
71.004,2,17,0.01213,0.02685,-0.0508,0.0361,0.03031,0.07137,0.02885,1,1,0.291,-0.453,in_circle
71.047,2,18,0.01135,0.02771,-0.0427,0.0469,0.06472,0.06016,0.02895,1,1,0.431,-0.247,in_circle
71.091,2,19,0.01230,0.02597,0.0519,-0.0954,0.06950,0.05293,0.02833,1,1,0.400,-0.293,in_circle
71.136,2,20,0.01190,0.02491,-0.0217,-0.0586,0.03909,0.05151,0.02731,1,1,0.018,0.279,in_circle
71.180,2,21,0.01274,0.02270,0.0459,-0.1215,0.00501,0.05199,0.02647,1,1,0.313,0.134,in_circle
71.224,2,22,0.01274,0.01997,0.0003,-0.1498,-0.02191,0.04469,0.02484,1,1,0.039,0.390,in_circle
71.267,2,23,0.01405,0.01756,0.0717,-0.1328,-0.05444,0.03995,0.02472,1,1,0.221,0.510,in_circle
71.312,2,24,0.01471,0.01695,0.0366,-0.0333,-0.08842,0.03755,0.02504,1,1,-0.069,0.447,in_circle
71.356,2,25,0.01454,0.01751,-0.0092,0.0303,-0.11540,0.03858,0.02513,1,1,0.069,0.050,in_circle
71.400,2,26,0.01590,0.01893,0.0747,0.0782,-0.10166,0.03843,0.02700,1,1,0.251,-0.206,in_circle
71.444,2,27,0.01637,0.02173,0.0260,0.1541,-0.08528,0.03860,0.02884,1,1,-0.089,-0.402,in_circle
71.489,2,28,0.01685,0.02596,0.0262,0.2330,-0.04872,0.04725,0.03172,1,1,0.104,-0.713,in_circle
71.532,2,29,0.01764,0.03000,0.0431,0.2217,-0.00647,0.06239,0.03497,1,1,0.100,-0.800,in_circle
71.577,2,30,0.01873,0.03392,0.0600,0.2160,0.02134,0.06359,0.03851,1,1,0.030,-0.800,in_circle
71.621,2,31,0.01994,0.03797,0.0666,0.2228,0.05037,0.06585,0.04233,1,1,-0.042,-0.800,in_circle
71.664,2,32,0.02118,0.03986,0.0685,0.1036,0.09112,0.06317,0.04457,1,1,-0.069,-0.800,in_circle
71.708,2,33,0.02255,0.04120,0.0748,0.0737,0.09953,0.05641,0.04647,0,1,-0.078,-0.551,running
71.752,2,34,0.02423,0.04029,0.0925,-0.0498,0.09255,0.04470,0.04692,0,1,-0.105,-0.440,running
71.795,2,35,0.02538,0.03842,0.0634,-0.1030,0.07125,0.02329,0.04639,0,1,-0.176,0.021,running
71.842,2,36,0.02768,0.03473,0.1264,-0.2029,0.02863,0.00512,0.04565,0,1,-0.073,0.227,running
71.883,2,37,0.02694,0.03113,-0.0407,-0.1981,-0.00650,-0.00728,0.04287,1,1,-0.319,0.617,in_circle
71.928,2,38,0.02777,0.02631,0.0455,-0.2647,-0.03721,-0.01072,0.04096,1,1,0.321,0.633,in_circle
71.971,2,39,0.02640,0.02319,-0.0754,-0.1720,-0.06900,-0.01047,0.03827,1,1,-0.017,0.800,in_circle
72.017,2,40,0.02524,0.02085,-0.0635,-0.1285,-0.10488,-0.00611,0.03623,1,1,0.468,0.573,in_circle
72.060,2,41,0.02434,0.01903,-0.0494,-0.1004,-0.10794,0.01753,0.03468,1,1,0.422,0.404,in_circle
72.104,2,42,0.02221,0.01859,-0.1176,-0.0238,-0.10973,0.05211,0.03254,1,1,0.366,0.296,in_circle
72.149,2,43,0.02107,0.01882,-0.0625,0.0126,-0.08670,0.08018,0.03159,1,1,0.643,-0.010,in_circle
72.193,2,44,0.02031,0.02145,-0.0420,0.1444,-0.04056,0.09266,0.03207,1,1,0.424,-0.157,in_circle
72.237,2,45,0.01958,0.02320,-0.0397,0.0966,-0.00742,0.07967,0.03234,1,1,0.343,-0.691,in_circle
72.280,2,46,0.02035,0.02548,0.0422,0.1253,0.02096,0.06594,0.03423,1,1,0.334,-0.505,in_circle
72.368,2,47,0.02301,0.02751,0.1462,0.1113,0.06311,0.04176,0.03757,1,1,0.002,-0.627,in_circle
72.412,2,48,0.02363,0.02617,0.0344,-0.0733,0.05188,0.03767,0.03735,1,1,-0.422,-0.577,in_circle
72.456,2,49,0.02511,0.02449,0.0813,-0.0924,0.06778,0.03604,0.03775,1,1,0.023,0.164,in_circle
72.500,2,50,0.02623,0.02138,0.0615,-0.1710,0.05255,0.00046,0.03735,1,1,-0.170,0.244,in_circle
72.543,2,51,0.02660,0.01725,0.0203,-0.2275,0.01718,-0.04493,0.03619,1,1,-0.095,0.565,in_circle
72.589,2,52,0.02577,0.01405,-0.0457,-0.1760,-0.01411,-0.04408,0.03452,1,1,0.067,0.800,in_circle
72.631,2,53,0.02426,0.00982,-0.0828,-0.2324,-0.04620,-0.01874,0.03229,1,1,0.332,0.603,in_circle
72.675,2,54,0.02274,0.00606,-0.0837,-0.2070,-0.07899,0.01518,0.03054,1,1,0.483,0.800,in_circle
72.726,2,55,0.02274,0.00606,0.0000,0.0000,-0.09917,0.05572,0.03054,0,0,0.489,0.746,in_circle
72.773,2,56,0.02274,0.00606,0.0000,0.0000,-0.11364,0.08869,0.03054,0,0,0.152,-0.082,in_circle
72.810,2,57,0.01869,0.00315,-0.2230,-0.1601,-0.11303,0.09068,0.02664,1,1,0.151,-0.082,in_circle
72.858,2,58,0.01869,0.00315,0.0000,0.0000,-0.09778,0.06713,0.02664,0,0,0.800,0.566,in_circle
72.905,2,59,0.01869,0.00315,0.0000,0.0000,-0.06221,0.03330,0.02664,0,0,0.159,-0.074,in_circle
72.986,2,60,0.01739,0.01167,-0.0713,0.4685,-0.05777,0.04363,0.02582,1,1,0.157,-0.074,in_circle
73.028,2,61,0.01792,0.01529,0.0294,0.1992,-0.01355,0.05268,0.02735,1,1,0.444,-0.800,in_circle
73.073,2,62,0.01797,0.01841,0.0026,0.1720,-0.00073,0.04783,0.02860,1,1,0.039,-0.800,in_circle
73.116,2,63,0.01838,0.02161,0.0227,0.1756,0.00939,0.04510,0.03048,1,1,0.145,-0.800,in_circle
73.160,2,64,0.01875,0.02401,0.0204,0.1319,0.06321,0.04826,0.03208,1,1,0.062,-0.800,in_circle
73.203,2,65,0.01917,0.02637,0.0230,0.1302,0.09527,0.04787,0.03380,1,1,0.069,-0.657,in_circle
73.248,2,66,0.01986,0.02585,0.0378,-0.0287,0.09618,0.04912,0.03404,1,1,0.057,-0.657,in_circle
73.292,2,67,0.02011,0.02444,0.0140,-0.0776,0.08496,0.04847,0.03345,1,1,-0.006,-0.021,in_circle
73.336,2,68,0.02100,0.02131,0.0488,-0.1722,0.04390,0.04773,0.03261,1,1,0.088,0.178,in_circle
73.379,2,69,0.02250,0.01872,0.0829,-0.1423,0.00755,0.04642,0.03286,1,1,-0.055,0.563,in_circle
73.425,2,70,0.02399,0.01490,0.0819,-0.2103,-0.02332,0.04450,0.03301,1,1,-0.196,0.450,in_circle
73.475,2,71,0.02399,0.01490,0.0000,0.0000,-0.05464,0.04270,0.03301,0,0,-0.198,0.730,in_circle
73.514,2,72,0.02597,0.00955,0.1090,-0.2942,-0.08339,0.03097,0.03396,1,1,0.128,-0.111,in_circle
73.556,2,73,0.02806,0.00764,0.1145,-0.1048,-0.10700,0.01247,0.03589,1,1,-0.314,0.800,in_circle
73.601,2,74,0.02863,0.00778,0.0317,0.0075,-0.09079,0.00170,0.03648,1,1,-0.343,0.326,in_circle
73.644,2,75,0.03033,0.00788,0.0932,0.0053,-0.09278,0.00768,0.03817,1,1,-0.014,-0.123,in_circle
73.689,2,76,0.03004,0.00841,-0.0160,0.0295,-0.08932,0.00507,0.03791,1,1,-0.266,-0.115,in_circle
73.738,2,77,0.03004,0.00841,0.0000,0.0000,-0.03982,0.00274,0.03791,0,0,0.170,-0.213,in_circle
73.777,2,78,0.03026,0.01116,0.0123,0.1512,-0.00100,0.01605,0.03841,1,1,0.104,-0.095,in_circle
73.820,2,79,0.02922,0.01349,-0.0574,0.1280,0.02095,0.03097,0.03777,1,1,0.052,-0.707,in_circle
73.864,2,80,0.02930,0.01472,0.0044,0.0676,0.02863,0.05325,0.03811,1,1,0.332,-0.621,in_circle
73.908,2,81,0.02838,0.01497,-0.0503,0.0138,0.05302,0.08243,0.03728,1,1,0.083,-0.382,in_circle
73.953,2,82,0.02857,0.01461,0.0106,-0.0196,0.07433,0.08690,0.03738,1,1,0.303,-0.168,in_circle
73.995,2,83,0.02907,0.01285,0.0276,-0.0969,0.04007,0.07589,0.03751,1,1,0.057,-0.034,in_circle
74.048,2,84,0.02907,0.01285,0.0000,0.0000,-0.00361,0.05792,0.03751,0,0,-0.014,0.279,in_circle
74.085,2,85,0.03239,0.00995,0.1821,-0.1597,-0.02634,0.04894,0.04038,1,1,0.095,-0.109,in_circle
74.128,2,86,0.03344,0.00769,0.0581,-0.1239,-0.05675,0.02492,0.04128,1,1,-0.642,0.535,in_circle
74.171,2,87,0.03498,0.00651,0.0847,-0.0648,-0.04309,0.00015,0.04278,1,1,-0.152,0.393,in_circle
74.217,2,88,0.03460,0.00535,-0.0212,-0.0639,-0.04229,-0.01862,0.04240,1,1,-0.261,0.159,in_circle
74.259,2,89,0.03494,0.00444,0.0190,-0.0502,-0.06052,-0.03064,0.04277,1,1,0.151,0.159,in_circle
74.305,2,90,0.03467,0.00413,-0.0147,-0.0173,-0.03411,-0.02019,0.04252,1,1,-0.009,0.107,in_circle
74.392,2,91,0.03202,0.00399,-0.1459,-0.0074,-0.01266,0.03988,0.03987,1,1,0.120,-0.019,in_circle
74.442,2,92,0.03202,0.00399,0.0000,0.0000,-0.00564,0.08081,0.03987,0,0,0.656,-0.057,in_circle
74.489,2,93,0.03202,0.00399,0.0000,0.0000,0.01099,0.09156,0.03987,0,0,0.071,-0.086,in_circle
74.570,2,94,0.02920,-0.00040,-0.1549,-0.2414,0.01512,0.06533,0.03755,1,1,0.069,-0.086,in_circle
74.611,2,95,0.02938,-0.00254,0.0097,-0.1177,0.01193,0.03761,0.03815,1,1,0.693,0.800,in_circle
74.657,2,96,0.03021,-0.00486,0.0455,-0.1277,0.00694,0.00637,0.03953,1,1,0.032,0.402,in_circle
74.700,2,97,0.03057,-0.00698,0.0197,-0.1165,-0.01881,-0.00308,0.04050,1,1,-0.115,0.448,in_circle
74.746,2,98,0.03105,-0.00894,0.0268,-0.1079,-0.06901,0.01171,0.04163,1,1,-0.015,0.407,in_circle
74.790,2,99,0.03100,-0.01045,-0.0032,-0.0828,-0.09815,0.02127,0.04214,1,1,-0.047,0.375,in_circle
74.833,2,100,0.03058,-0.01096,-0.0228,-0.0282,-0.10356,0.02210,0.04196,1,1,0.069,0.279,in_circle
74.877,2,101,0.03000,-0.01048,-0.0322,0.0266,-0.09264,0.02831,0.04123,1,1,0.145,0.067,in_circle
74.920,2,102,0.02952,-0.00856,-0.0260,0.1053,-0.07000,0.05083,0.04006,1,1,0.184,-0.149,in_circle
74.965,2,103,0.02902,-0.00735,-0.0277,0.0668,-0.02467,0.07438,0.03916,1,1,0.163,-0.470,in_circle
75.007,2,104,0.02990,-0.00575,0.0483,0.0881,0.01421,0.08370,0.03949,1,1,0.169,-0.319,in_circle
75.052,2,105,0.03078,-0.00475,0.0486,0.0550,0.03578,0.07840,0.04005,1,1,-0.138,-0.408,in_circle
75.095,2,106,0.03242,-0.00343,0.0900,0.0725,0.04139,0.07046,0.04131,1,1,-0.144,-0.277,in_circle
75.141,2,107,0.03399,-0.00405,0.0865,-0.0339,0.04334,0.05648,0.04298,1,1,-0.313,-0.346,in_circle
75.184,2,108,0.03636,-0.00479,0.1302,-0.0408,0.02629,0.02375,0.04546,1,1,-0.303,0.075,in_circle
75.229,2,109,0.03822,-0.00688,0.1021,-0.1148,0.00620,-0.02919,0.04778,0,1,-0.473,0.101,running
75.273,2,110,0.03890,-0.00725,0.0377,-0.0208,-0.01295,-0.07282,0.04855,0,1,-0.370,0.378,running
75.315,2,111,0.03843,-0.00907,-0.0261,-0.1000,-0.05531,-0.09837,0.04862,0,1,-0.137,0.033,running
75.360,2,112,0.03608,-0.00971,-0.1293,-0.0353,-0.08724,-0.08964,0.04661,0,1,0.095,0.328,running
75.404,2,113,0.03205,-0.01018,-0.2213,-0.0256,-0.06615,-0.04994,0.04301,1,1,0.493,0.096,in_circle
75.448,2,114,0.02707,-0.00932,-0.2741,0.0472,-0.06478,0.01320,0.03809,1,1,0.800,0.062,in_circle
75.491,2,115,0.02265,-0.00828,-0.2429,0.0573,-0.06294,0.07905,0.03363,1,1,0.800,-0.229,in_circle
75.536,2,116,0.01818,-0.00644,-0.2458,0.1011,-0.01904,0.11582,0.02881,1,1,0.800,-0.272,in_circle
75.586,2,117,0.01818,-0.00644,0.0000,0.0000,0.01777,0.09493,0.02881,0,0,0.800,-0.451,in_circle
75.626,2,118,0.01175,-0.00441,-0.3541,0.1119,0.04644,0.06216,0.02214,1,1,0.062,-0.046,in_circle
75.667,2,119,0.00967,-0.00396,-0.1141,0.0247,0.07759,0.05498,0.02011,1,1,0.800,-0.499,in_circle
75.714,2,120,0.00865,-0.00590,-0.0560,-0.1070,0.05958,0.06323,0.02031,1,1,0.538,-0.150,in_circle
75.764,2,121,0.00865,-0.00590,0.0000,0.0000,0.05627,0.05782,0.02031,0,0,0.307,0.382,in_circle
75.809,2,122,0.00865,-0.00590,0.0000,0.0000,0.05129,0.05990,0.02031,0,0,0.082,-0.046,in_circle
75.845,2,123,0.01175,-0.01741,0.1703,-0.6330,0.00130,0.06221,0.03050,1,1,0.082,-0.045,in_circle
75.889,2,124,0.01334,-0.02241,0.0875,-0.2750,-0.00587,0.05373,0.03541,1,1,-0.608,0.800,in_circle
75.931,2,125,0.01501,-0.02720,0.0916,-0.2632,-0.00660,0.03805,0.04028,1,1,-0.282,0.800,in_circle
75.977,2,126,0.01598,-0.03210,0.0534,-0.2695,-0.06750,0.00802,0.04491,1,1,-0.303,0.800,in_circle
76.019,2,127,0.01708,-0.03570,0.0607,-0.1981,-0.10901,-0.02534,0.04856,0,1,-0.150,0.800,running
76.065,2,128,0.01734,-0.03852,0.0144,-0.1549,-0.10340,-0.04736,0.05113,0,1,-0.177,0.779,running
76.107,2,129,0.01627,-0.04031,-0.0592,-0.0987,-0.10581,-0.04041,0.05219,0,1,-0.011,0.621,running
76.152,2,130,0.01486,-0.04102,-0.0775,-0.0391,-0.10553,-0.01027,0.05220,0,1,0.249,0.427,running
76.195,2,131,0.01265,-0.04060,-0.1215,0.0230,-0.10006,0.03439,0.05089,0,1,0.317,0.222,running
76.240,2,132,0.01086,-0.03925,-0.0983,0.0747,-0.06046,0.07636,0.04894,0,1,0.485,0.000,running
76.283,2,133,0.00908,-0.03723,-0.0979,0.1107,-0.01770,0.09745,0.04641,0,1,0.416,-0.196,running
76.329,2,134,0.00752,-0.03575,-0.0858,0.0816,0.01044,0.08665,0.04447,1,1,0.431,-0.348,in_circle
76.417,2,135,0.00617,-0.03391,-0.0744,0.1012,0.07491,0.06365,0.04228,1,1,0.397,-0.250,in_circle
76.460,2,136,0.00591,-0.03429,-0.0139,-0.0208,0.07034,0.06574,0.04256,1,1,0.365,-0.341,in_circle
76.505,2,137,0.00598,-0.03597,0.0035,-0.0927,0.05296,0.06456,0.04418,1,1,0.128,0.138,in_circle
76.548,2,138,0.00663,-0.03822,0.0359,-0.1234,0.03572,0.06309,0.04651,0,1,0.058,0.422,running
76.592,2,139,0.00707,-0.04096,0.0242,-0.1507,-0.00597,0.05936,0.04926,0,1,-0.067,0.542,running
76.636,2,140,0.00760,-0.04389,0.0292,-0.1612,-0.04288,0.04598,0.05221,0,1,-0.024,0.644,running
76.680,2,141,0.00822,-0.04668,0.0342,-0.1535,-0.07035,0.01431,0.05506,0,1,-0.043,0.681,running
76.723,2,142,0.00819,-0.04855,-0.0018,-0.1029,-0.10291,-0.01419,0.05685,0,1,-0.062,0.655,running
76.769,2,143,0.00747,-0.04969,-0.0398,-0.0625,-0.10314,-0.02695,0.05774,0,1,0.058,0.489,running
76.813,2,144,0.00599,-0.04940,-0.0812,0.0156,-0.10508,-0.02030,0.05709,0,1,0.184,0.361,running
76.857,2,145,0.00394,-0.04818,-0.1126,0.0671,-0.09510,0.00637,0.05544,0,1,0.327,0.103,running
76.901,2,146,0.00115,-0.04730,-0.1538,0.0486,-0.06407,0.05384,0.05405,0,1,0.446,-0.078,running
76.943,2,147,-0.00122,-0.04421,-0.1301,0.1698,-0.02065,0.09365,0.05064,0,1,0.604,-0.022,running
76.989,2,148,-0.00309,-0.04247,-0.1029,0.0960,0.01165,0.09875,0.04870,0,1,0.548,-0.479,running
77.032,2,149,-0.00409,-0.04137,-0.0548,0.0603,0.03043,0.07822,0.04752,0,1,0.465,-0.230,running
77.076,2,150,-0.00478,-0.04048,-0.0383,0.0490,0.05579,0.06245,0.04658,0,1,0.295,-0.106,running
77.119,2,151,-0.00545,-0.03963,-0.0368,0.0468,0.04001,0.05622,0.04569,0,1,0.237,-0.069,running
77.165,2,152,-0.00599,-0.04048,-0.0297,-0.0469,-0.01451,0.05310,0.04652,0,1,0.235,-0.065,running
77.208,2,153,-0.00513,-0.04138,0.0472,-0.0492,-0.04273,0.04556,0.04745,0,1,0.209,0.293,running
77.253,2,154,-0.00570,-0.04125,-0.0312,0.0069,-0.06293,0.04122,0.04730,0,1,-0.080,0.307,running
77.296,2,155,-0.00506,-0.04092,0.0354,0.0183,-0.09532,0.03545,0.04700,0,1,0.212,0.100,running
77.341,2,156,-0.00516,-0.03946,-0.0056,0.0804,-0.10527,0.03010,0.04553,0,1,-0.037,0.058,running
77.384,2,157,-0.00552,-0.03718,-0.0198,0.1255,-0.06814,0.02725,0.04324,1,1,0.116,-0.183,in_circle
77.429,2,158,-0.00561,-0.03492,-0.0053,0.1240,-0.02430,0.03195,0.04098,1,1,0.173,-0.374,in_circle
77.471,2,159,-0.00618,-0.03188,-0.0312,0.1670,-0.00054,0.03408,0.03792,1,1,0.117,-0.389,in_circle
77.516,2,160,-0.00704,-0.02996,-0.0472,0.1059,0.03576,0.04966,0.03597,1,1,0.223,-0.574,in_circle
77.560,2,161,-0.00772,-0.02813,-0.0373,0.1006,0.06182,0.06790,0.03413,1,1,0.289,-0.332,in_circle
77.605,2,162,-0.00875,-0.02747,-0.0566,0.0360,0.08573,0.08171,0.03349,1,1,0.251,-0.314,in_circle
77.649,2,163,-0.00839,-0.02813,0.0197,-0.0360,0.06088,0.07703,0.03413,1,1,0.331,-0.056,in_circle
77.693,2,164,-0.00801,-0.03017,0.0207,-0.1122,0.01222,0.07051,0.03617,1,1,0.025,0.235,in_circle
77.737,2,165,-0.00842,-0.03144,-0.0224,-0.0700,-0.01528,0.07071,0.03744,1,1,0.019,0.547,in_circle
77.782,2,166,-0.00779,-0.03396,0.0347,-0.1384,-0.04051,0.06118,0.03996,1,1,0.193,0.383,in_circle
77.823,2,167,-0.00750,-0.03564,0.0159,-0.0927,-0.07883,0.03563,0.04164,1,1,-0.037,0.665,in_circle
77.871,2,168,-0.00721,-0.03673,0.0157,-0.0596,-0.08867,0.01050,0.04273,1,1,0.039,0.485,in_circle
77.911,2,169,-0.00761,-0.03692,-0.0220,-0.0109,-0.09725,-0.00505,0.04292,1,1,0.039,0.359,in_circle
77.956,2,170,-0.00845,-0.03617,-0.0459,0.0417,-0.09373,-0.00193,0.04217,1,1,0.187,0.172,in_circle
78.001,2,171,-0.00931,-0.03502,-0.0476,0.0628,-0.05490,0.01237,0.04105,1,1,0.283,-0.035,in_circle
78.044,2,172,-0.01056,-0.03322,-0.0686,0.0990,-0.01347,0.04856,0.03932,1,1,0.294,-0.124,in_circle
78.087,2,173,-0.01204,-0.03192,-0.0815,0.0716,0.01438,0.08729,0.03816,1,1,0.384,-0.276,in_circle
78.133,2,174,-0.01323,-0.03096,-0.0652,0.0527,0.04457,0.10232,0.03736,1,1,0.439,-0.168,in_circle
78.176,2,175,-0.01361,-0.03090,-0.0211,0.0032,0.07202,0.08294,0.03736,1,1,0.377,-0.093,in_circle
78.220,2,176,-0.01339,-0.03191,0.0123,-0.0555,0.04994,0.06518,0.03832,1,1,0.202,0.106,in_circle
78.265,2,177,-0.01252,-0.03387,0.0476,-0.1078,0.01069,0.05984,0.04015,1,1,0.068,0.345,in_circle
78.308,2,178,-0.01166,-0.03592,0.0474,-0.1127,-0.02150,0.04761,0.04210,1,1,-0.075,0.561,in_circle
78.353,2,179,-0.01143,-0.03806,0.0129,-0.1175,-0.05244,0.03434,0.04421,1,1,-0.072,0.583,in_circle
78.439,2,180,-0.01095,-0.04084,0.0262,-0.1529,-0.11190,-0.02159,0.04694,0,1,0.064,0.606,running
78.484,2,181,-0.01145,-0.04083,-0.0277,0.0003,-0.10295,-0.03235,0.04697,0,1,0.015,0.741,running
78.527,2,182,-0.01267,-0.03937,-0.0666,0.0803,-0.10639,-0.02248,0.04563,0,1,0.217,0.172,running
78.573,2,183,-0.01464,-0.03719,-0.1084,0.1198,-0.10925,0.01006,0.04373,1,1,0.369,-0.135,in_circle
78.615,2,184,-0.01695,-0.03463,-0.1272,0.1411,-0.09088,0.05409,0.04164,1,1,0.540,-0.301,in_circle
78.661,2,185,-0.01939,-0.03078,-0.1345,0.2113,-0.05373,0.09285,0.03857,1,1,0.629,-0.405,in_circle
78.703,2,186,-0.02080,-0.02565,-0.0776,0.2822,-0.01312,0.09510,0.03422,1,1,0.673,-0.706,in_circle
78.749,2,187,-0.02200,-0.02165,-0.0660,0.2205,0.01691,0.07897,0.03108,1,1,0.449,-0.800,in_circle
78.791,2,188,-0.02293,-0.01799,-0.0511,0.2011,0.04825,0.06486,0.02836,1,1,0.406,-0.763,in_circle
78.836,2,189,-0.02325,-0.01554,-0.0176,0.1345,0.08120,0.06107,0.02651,1,1,0.350,-0.693,in_circle
78.880,2,190,-0.02229,-0.01528,0.0531,0.0147,0.09098,0.05602,0.02574,1,1,0.217,-0.432,in_circle
78.925,2,191,-0.02264,-0.01411,-0.0193,0.0641,0.07664,0.05399,0.02499,1,1,-0.068,0.047,in_circle
78.968,2,192,-0.02268,-0.01546,-0.0021,-0.0742,0.05003,0.04822,0.02611,1,1,0.224,-0.152,in_circle
79.012,2,193,-0.02222,-0.01804,0.0252,-0.1421,0.00577,0.03553,0.02804,1,1,0.156,0.405,in_circle
79.056,2,194,-0.02279,-0.02094,-0.0312,-0.1592,-0.02204,0.01539,0.03083,1,1,0.046,0.684,in_circle
79.100,2,195,-0.02314,-0.02339,-0.0196,-0.1346,-0.04252,0.01234,0.03315,1,1,0.274,0.761,in_circle
79.143,2,196,-0.02357,-0.02588,-0.0233,-0.1374,-0.08186,0.02344,0.03557,1,1,0.229,0.670,in_circle
79.188,2,197,-0.02386,-0.02747,-0.0163,-0.0871,-0.11200,0.03481,0.03712,1,1,0.245,0.689,in_circle
79.231,2,198,-0.02440,-0.02759,-0.0297,-0.0067,-0.10822,0.06156,0.03747,1,1,0.219,0.493,in_circle
79.277,2,199,-0.02374,-0.02686,0.0366,0.0401,-0.11263,0.07596,0.03652,1,1,0.274,0.173,in_circle
79.321,2,200,-0.02386,-0.02431,-0.0069,0.1404,-0.09427,0.07602,0.03430,1,1,0.008,-0.014,in_circle
79.364,2,201,-0.02346,-0.02142,0.0220,0.1587,-0.05417,0.07076,0.03158,1,1,0.183,-0.420,in_circle
79.409,2,202,-0.02234,-0.01790,0.0619,0.1938,-0.01521,0.06138,0.02797,1,1,0.067,-0.500,in_circle
79.452,2,203,-0.02113,-0.01497,0.0664,0.1609,0.01263,0.04542,0.02485,1,1,-0.095,-0.648,in_circle
79.496,2,204,-0.01927,-0.01260,0.1021,0.1306,0.04812,0.03604,0.02185,1,1,-0.115,-0.522,in_circle
79.540,2,205,-0.01807,-0.01168,0.0660,0.0503,0.08024,0.01946,0.02045,1,1,-0.262,-0.406,in_circle
79.584,2,206,-0.01782,-0.01146,0.0141,0.0123,0.07357,-0.00255,0.02013,1,1,-0.120,-0.087,in_circle
79.629,2,207,-0.01833,-0.01267,-0.0280,-0.0665,0.04120,-0.01722,0.02143,1,1,0.087,0.066,in_circle
79.673,2,208,-0.01852,-0.01394,-0.0104,-0.0700,0.00885,-0.02826,0.02264,1,1,0.258,0.384,in_circle
79.717,2,209,-0.02012,-0.01568,-0.0880,-0.0959,-0.02512,-0.00675,0.02494,1,1,0.188,0.403,in_circle
79.760,2,210,-0.02226,-0.01821,-0.1179,-0.1387,-0.06133,0.04240,0.02820,1,1,0.503,0.512,in_circle
79.803,2,211,-0.02357,-0.02031,-0.0723,-0.1159,-0.09190,0.09150,0.03068,1,1,0.629,0.690,in_circle
79.848,2,212,-0.02562,-0.02040,-0.1125,-0.0050,-0.11749,0.10194,0.03185,1,1,0.450,0.605,in_circle
79.891,2,213,-0.02588,-0.02057,-0.0144,-0.0093,-0.11778,0.07717,0.03214,1,1,0.617,0.163,in_circle
79.936,2,214,-0.02672,-0.01942,-0.0460,0.0634,-0.11582,0.05222,0.03169,1,1,0.226,0.182,in_circle
79.980,2,215,-0.02657,-0.01687,0.0078,0.1404,-0.09276,0.03961,0.02959,1,1,0.355,-0.111,in_circle
80.024,2,216,-0.02643,-0.01364,0.0079,0.1773,-0.05710,0.03897,0.02707,1,1,0.140,-0.424,in_circle
80.069,2,217,-0.02629,-0.01042,0.0078,0.1772,-0.01902,0.04077,0.02473,1,1,0.141,-0.579,in_circle
80.113,2,218,-0.02748,-0.00624,-0.0658,0.2298,0.01140,0.04121,0.02318,1,1,0.141,-0.586,in_circle
80.155,2,219,-0.02789,-0.00338,-0.0225,0.1576,0.04310,0.04093,0.02217,1,1,0.440,-0.800,in_circle
80.202,2,220,-0.02813,-0.00158,-0.0132,0.0988,0.07737,0.04833,0.02170,1,1,0.269,-0.524,in_circle
80.252,2,221,-0.02813,-0.00158,0.0000,0.0000,0.09992,0.05635,0.02170,0,0,0.233,-0.293,in_circle
80.290,2,222,-0.02980,-0.00378,-0.0915,-0.1209,0.07816,0.06960,0.02407,1,1,0.181,0.103,in_circle
80.333,2,223,-0.02959,-0.00683,0.0116,-0.1681,0.03122,0.07214,0.02529,1,1,0.552,0.592,in_circle
80.376,2,224,-0.02939,-0.01155,0.0107,-0.2593,0.00197,0.06912,0.02782,1,1,0.140,0.789,in_circle
80.465,2,225,-0.02875,-0.01971,0.0352,-0.4489,-0.07021,0.06027,0.03317,1,1,0.145,0.800,in_circle
80.507,2,226,-0.02755,-0.02276,0.0661,-0.1679,-0.07125,0.03956,0.03489,1,1,0.046,0.800,in_circle
80.552,2,227,-0.02663,-0.02582,0.0507,-0.1678,-0.08139,0.02484,0.03697,1,1,-0.079,0.800,in_circle
80.595,2,228,-0.02638,-0.02805,0.0138,-0.1226,-0.11171,0.01249,0.03878,1,1,-0.019,0.800,in_circle
80.641,2,229,-0.02576,-0.02822,0.0339,-0.0097,-0.10146,0.00480,0.03865,1,1,0.128,0.667,in_circle
80.685,2,230,-0.02666,-0.02726,-0.0496,0.0532,-0.10826,0.00213,0.03823,1,1,0.047,0.217,in_circle
80.729,2,231,-0.02731,-0.02601,-0.0356,0.0688,-0.08918,0.01751,0.03748,1,1,0.385,-0.035,in_circle
80.773,2,232,-0.02806,-0.02300,-0.0411,0.1652,-0.06080,0.04612,0.03538,1,1,0.331,-0.099,in_circle
80.817,2,233,-0.02876,-0.02005,-0.0386,0.1621,-0.01979,0.06983,0.03344,1,1,0.356,-0.491,in_circle
80.860,2,234,-0.02987,-0.01700,-0.0611,0.1682,0.01453,0.08313,0.03187,1,1,0.348,-0.485,in_circle
80.904,2,235,-0.02960,-0.01501,0.0148,0.1090,0.04378,0.07813,0.03028,1,1,0.442,-0.516,in_circle
80.948,2,236,-0.02946,-0.01342,0.0078,0.0878,0.06653,0.07194,0.02909,1,1,0.139,-0.283,in_circle
80.992,2,237,-0.02855,-0.01299,0.0501,0.0236,0.06827,0.07315,0.02812,1,1,0.167,-0.202,in_circle
81.037,2,238,-0.02772,-0.01401,0.0452,-0.0564,0.04119,0.06792,0.02824,1,1,-0.003,0.055,in_circle
81.080,2,239,-0.02677,-0.01525,0.0525,-0.0679,0.00038,0.05113,0.02848,1,1,0.015,0.378,in_circle
81.125,2,240,-0.02613,-0.01646,0.0352,-0.0664,-0.02901,0.02422,0.02899,1,1,-0.016,0.428,in_circle
81.168,2,241,-0.02550,-0.01746,0.0344,-0.0552,-0.06129,-0.00601,0.02939,1,1,0.053,0.426,in_circle
81.212,2,242,-0.02491,-0.01877,0.0327,-0.0720,-0.09545,-0.02403,0.03010,1,1,0.055,0.385,in_circle
81.258,2,243,-0.02568,-0.01838,-0.0423,0.0214,-0.10116,-0.01859,0.03023,1,1,0.061,0.456,in_circle
81.300,2,244,-0.02731,-0.01676,-0.0899,0.0889,-0.09280,0.00393,0.02998,1,1,0.364,0.083,in_circle
81.344,2,245,-0.02875,-0.01547,-0.0793,0.0709,-0.08929,0.03998,0.03000,1,1,0.560,-0.190,in_circle
81.387,2,246,-0.03086,-0.01223,-0.1158,0.1785,-0.05572,0.07750,0.02939,1,1,0.521,-0.120,in_circle
81.433,2,247,-0.03227,-0.00883,-0.0776,0.1868,-0.00997,0.09345,0.02861,1,1,0.674,-0.558,in_circle
81.476,2,248,-0.03365,-0.00564,-0.0760,0.1754,0.02108,0.08555,0.02835,1,1,0.525,-0.599,in_circle
81.521,2,249,-0.03404,-0.00383,-0.0214,0.0998,0.04877,0.07026,0.02802,1,1,0.524,-0.561,in_circle
81.565,2,250,-0.03400,-0.00288,0.0021,0.0523,0.07724,0.06366,0.02766,1,1,0.308,-0.262,in_circle
81.609,2,251,-0.03446,-0.00403,-0.0253,-0.0636,0.07503,0.06441,0.02849,1,1,0.215,-0.074,in_circle
81.653,2,252,-0.03353,-0.00515,0.0514,-0.0613,0.04368,0.05905,0.02804,1,1,0.326,0.392,in_circle
81.696,2,253,-0.03371,-0.00827,-0.0102,-0.1718,0.00631,0.05306,0.02958,1,1,0.018,0.386,in_circle
81.741,2,254,-0.03330,-0.01147,0.0226,-0.1761,-0.02662,0.04492,0.03091,1,1,0.267,0.800,in_circle
81.784,2,255,-0.03329,-0.01471,0.0008,-0.1782,-0.05857,0.03382,0.03284,1,1,0.135,0.800,in_circle
81.829,2,256,-0.03250,-0.01717,0.0431,-0.1349,-0.09534,0.02621,0.03387,1,1,0.224,0.800,in_circle
81.872,2,257,-0.03329,-0.01836,-0.0434,-0.0659,-0.11259,0.02815,0.03526,1,1,0.053,0.714,in_circle
81.917,2,258,-0.03401,-0.01750,-0.0397,0.0474,-0.11085,0.03506,0.03521,1,1,0.403,0.442,in_circle
81.960,2,259,-0.03439,-0.01657,-0.0208,0.0514,-0.11148,0.04280,0.03488,1,1,0.391,-0.012,in_circle
82.005,2,260,-0.03477,-0.01477,-0.0207,0.0987,-0.09483,0.04920,0.03404,1,1,0.317,-0.029,in_circle
82.048,2,261,-0.03569,-0.01115,-0.0508,0.1995,-0.05814,0.05975,0.03274,1,1,0.319,-0.222,in_circle
82.093,2,262,-0.03598,-0.00765,-0.0160,0.1922,-0.01711,0.06206,0.03131,1,1,0.443,-0.634,in_circle
82.136,2,263,-0.03651,-0.00394,-0.0292,0.2040,0.01213,0.06207,0.03038,1,1,0.306,-0.612,in_circle
82.182,2,264,-0.03608,-0.00114,0.0235,0.1541,0.04616,0.06311,0.02917,1,1,0.361,-0.668,in_circle
82.225,2,265,-0.03561,0.00030,0.0259,0.0795,0.07292,0.06365,0.02839,1,1,0.151,-0.476,in_circle
82.270,2,266,-0.03477,-0.00028,0.0462,-0.0319,0.08497,0.06255,0.02769,1,1,0.141,-0.181,in_circle
82.313,2,267,-0.03426,-0.00304,0.0284,-0.1522,0.05920,0.06148,0.02796,1,1,0.059,0.267,in_circle
82.356,2,268,-0.03287,-0.00552,0.0765,-0.1364,0.01951,0.05423,0.02759,1,1,0.130,0.755,in_circle
82.402,2,269,-0.03176,-0.00944,0.0611,-0.2154,-0.01584,0.04551,0.02850,1,1,-0.065,0.699,in_circle
82.488,2,270,-0.03034,-0.01740,0.0781,-0.4375,-0.07840,0.03142,0.03249,1,1,-0.004,0.800,in_circle
82.532,2,271,-0.02985,-0.02044,0.0270,-0.1675,-0.08257,0.02160,0.03443,1,1,-0.074,0.800,in_circle
82.577,2,272,-0.02971,-0.02220,0.0073,-0.0968,-0.09402,0.01434,0.03572,1,1,0.130,0.800,in_circle
82.620,2,273,-0.03069,-0.02278,-0.0537,-0.0315,-0.11053,0.01541,0.03677,1,1,0.209,0.587,in_circle
82.664,2,274,-0.03103,-0.02247,-0.0186,0.0166,-0.10617,0.02469,0.03675,1,1,0.457,0.328,in_circle
82.709,2,275,-0.03210,-0.02120,-0.0588,0.0699,-0.09437,0.04763,0.03647,1,1,0.318,0.136,in_circle
82.752,2,276,-0.03274,-0.01927,-0.0354,0.1062,-0.04838,0.07312,0.03551,1,1,0.483,-0.079,in_circle
82.797,2,277,-0.03325,-0.01701,-0.0279,0.1242,-0.01035,0.08241,0.03431,1,1,0.392,-0.228,in_circle
82.840,2,278,-0.03302,-0.01431,0.0127,0.1487,0.01592,0.07862,0.03238,1,1,0.364,-0.304,in_circle
82.885,2,279,-0.03289,-0.01256,0.0067,0.0960,0.04970,0.06988,0.03121,1,1,0.202,-0.408,in_circle
82.929,2,280,-0.03311,-0.01208,-0.0117,0.0268,0.07023,0.06970,0.03110,1,1,0.227,-0.201,in_circle
82.973,2,281,-0.03224,-0.01180,0.0477,0.0153,0.06876,0.06565,0.03023,1,1,0.302,0.075,in_circle
83.017,2,282,-0.03186,-0.01288,0.0209,-0.0596,0.04235,0.05377,0.03058,1,1,0.063,0.121,in_circle
83.061,2,283,-0.03081,-0.01520,0.0575,-0.1278,0.00278,0.04814,0.03129,1,1,0.171,0.424,in_circle
83.104,2,284,-0.03048,-0.01726,0.0181,-0.1130,-0.03260,0.03725,0.03249,1,1,0.023,0.704,in_circle
83.148,2,285,-0.02959,-0.01973,0.0489,-0.1359,-0.06309,0.02931,0.03372,1,1,0.181,0.651,in_circle
83.193,2,286,-0.02934,-0.02056,0.0137,-0.0458,-0.09552,0.02325,0.03420,1,1,0.056,0.750,in_circle
83.235,2,287,-0.02921,-0.02077,0.0075,-0.0117,-0.10906,0.02231,0.03428,1,1,0.197,0.393,in_circle
83.281,2,288,-0.02992,-0.02022,-0.0389,0.0303,-0.10967,0.02768,0.03430,1,1,0.223,0.258,in_circle
83.325,2,289,-0.02980,-0.01890,0.0062,0.0725,-0.10044,0.03596,0.03323,1,1,0.411,0.090,in_circle
83.368,2,290,-0.03019,-0.01632,-0.0212,0.1421,-0.06684,0.05950,0.03161,1,1,0.232,-0.081,in_circle
83.412,2,291,-0.03051,-0.01306,-0.0176,0.1792,-0.02414,0.07467,0.02965,1,1,0.343,-0.365,in_circle
83.457,2,292,-0.03013,-0.00961,0.0208,0.1897,0.00400,0.07669,0.02725,1,1,0.330,-0.521,in_circle
83.500,2,293,-0.03008,-0.00740,0.0029,0.1216,0.03993,0.07434,0.02600,1,1,0.177,-0.570,in_circle
83.544,2,294,-0.02977,-0.00567,0.0170,0.0955,0.07378,0.07167,0.02488,1,1,0.249,-0.303,in_circle
83.588,2,295,-0.02807,-0.00586,0.0932,-0.0104,0.08705,0.06591,0.02349,1,1,0.193,-0.202,in_circle
83.633,2,296,-0.02677,-0.00652,0.0715,-0.0365,0.05247,0.06204,0.02273,1,1,-0.115,0.222,in_circle
83.676,2,297,-0.02584,-0.00908,0.0513,-0.1405,0.01416,0.05709,0.02351,1,1,-0.031,0.329,in_circle
83.721,2,298,-0.02430,-0.01091,0.0848,-0.1008,-0.01597,0.03500,0.02363,1,1,0.049,0.752,in_circle
83.764,2,299,-0.02271,-0.01314,0.0877,-0.1229,-0.04855,-0.00175,0.02426,1,1,-0.088,0.598,in_circle
83.809,2,300,-0.02235,-0.01487,0.0194,-0.0950,-0.08285,-0.02223,0.02544,1,1,-0.103,0.693,in_circle
83.852,2,301,-0.02222,-0.01588,0.0076,-0.0557,-0.10018,-0.01830,0.02620,1,1,0.170,0.587,in_circle
83.897,2,302,-0.02283,-0.01618,-0.0339,-0.0164,-0.10522,-0.01037,0.02679,1,1,0.217,0.433,in_circle
83.941,2,303,-0.02407,-0.01548,-0.0682,0.0383,-0.10305,0.00909,0.02695,1,1,0.385,0.278,in_circle
83.984,2,304,-0.02569,-0.01401,-0.0889,0.0809,-0.07436,0.05387,0.02684,1,1,0.526,0.058,in_circle
84.029,2,305,-0.02742,-0.01134,-0.0952,0.1470,-0.02989,0.08870,0.02618,1,1,0.614,-0.115,in_circle
84.073,2,306,-0.02805,-0.00891,-0.0348,0.1336,0.00118,0.09626,0.02515,1,1,0.644,-0.385,in_circle
84.116,2,307,-0.02800,-0.00712,0.0029,0.0983,0.03146,0.07893,0.02409,1,1,0.405,-0.337,in_circle
84.161,2,308,-0.02828,-0.00571,-0.0157,0.0775,0.06658,0.06813,0.02360,1,1,0.255,-0.200,in_circle
84.204,2,309,-0.02782,-0.00548,0.0255,0.0131,0.06577,0.06391,0.02308,1,1,0.331,-0.120,in_circle
84.248,2,310,-0.02739,-0.00628,0.0236,-0.0444,0.02826,0.05006,0.02312,1,1,0.166,0.138,in_circle
84.291,2,311,-0.02661,-0.00792,0.0432,-0.0899,-0.00451,0.03776,0.02340,1,1,0.173,0.370,in_circle
84.337,2,312,-0.02646,-0.00924,0.0083,-0.0726,-0.03490,0.02656,0.02409,1,1,0.094,0.557,in_circle
84.381,2,313,-0.02616,-0.01055,0.0165,-0.0719,-0.07421,0.01813,0.02471,1,1,0.234,0.492,in_circle
84.425,2,314,-0.02532,-0.01139,0.0460,-0.0464,-0.10430,0.02197,0.02469,1,1,0.201,0.493,in_circle
84.513,2,315,-0.02691,-0.00981,-0.0873,0.0867,-0.10118,0.05012,0.02480,1,1,0.082,0.395,in_circle
84.556,2,316,-0.02676,-0.00761,0.0079,0.1210,-0.10160,0.07048,0.02334,1,1,0.620,-0.141,in_circle
84.600,2,317,-0.02740,-0.00392,-0.0350,0.2031,-0.07408,0.07803,0.02197,1,1,0.240,-0.283,in_circle
84.644,2,318,-0.02649,-0.00117,0.0498,0.1512,-0.02696,0.07306,0.02002,1,1,0.414,-0.620,in_circle
84.689,2,319,-0.02561,0.00283,0.0485,0.2199,0.00286,0.06305,0.01809,1,1,0.074,-0.420,in_circle
84.732,2,320,-0.02500,0.00425,0.0334,0.0782,0.03098,0.04942,0.01729,1,1,0.078,-0.704,in_circle
84.784,2,321,-0.02500,0.00425,0.0000,0.0000,0.03997,0.03721,0.01729,0,0,0.137,-0.141,in_circle
84.824,2,322,-0.02381,0.00528,0.0655,0.0570,0.05691,0.02401,0.01603,1,1,0.272,0.172,in_circle
84.865,2,323,-0.02362,0.00447,0.0104,-0.0447,0.04959,0.01144,0.01590,1,1,0.007,-0.059,in_circle
84.915,2,324,-0.02362,0.00447,0.0000,0.0000,0.00192,0.01705,0.01590,0,0,0.228,0.350,in_circle
84.954,2,325,-0.02343,-0.00094,0.0108,-0.2977,-0.02567,0.03653,0.01710,1,1,0.270,0.172,in_circle
84.996,2,326,-0.02404,-0.00457,-0.0339,-0.1998,-0.03866,0.05038,0.01938,1,1,0.227,0.800,in_circle
85.041,2,327,-0.02465,-0.00790,-0.0336,-0.1830,-0.05313,0.06875,0.02185,1,1,0.408,0.800,in_circle
85.085,2,328,-0.02403,-0.00992,0.0344,-0.1111,-0.07391,0.07223,0.02273,1,1,0.409,0.800,in_circle
85.129,2,329,-0.02406,-0.01183,-0.0018,-0.1047,-0.11804,0.06896,0.02413,1,1,0.136,0.654,in_circle
85.172,2,330,-0.02427,-0.01202,-0.0116,-0.0109,-0.11034,0.06608,0.02442,1,1,0.282,0.634,in_circle
85.217,2,331,-0.02398,-0.01113,0.0161,0.0492,-0.11028,0.06275,0.02356,1,1,0.322,0.260,in_circle
85.260,2,332,-0.02388,-0.00991,0.0054,0.0668,-0.09790,0.05416,0.02263,1,1,0.211,0.018,in_circle
85.304,2,333,-0.02265,-0.00736,0.0677,0.1405,-0.06902,0.05288,0.01998,1,1,0.255,-0.054,in_circle
85.349,2,334,-0.02108,-0.00379,0.0862,0.1966,-0.02411,0.05587,0.01650,1,1,0.003,-0.355,in_circle
85.392,2,335,-0.02024,-0.00067,0.0466,0.1711,0.00976,0.05461,0.01411,1,1,-0.074,-0.588,in_circle
85.444,2,336,-0.02024,-0.00067,0.0000,0.0000,0.03784,0.05351,0.01411,0,0,0.083,-0.493,in_circle
85.482,2,337,-0.01765,0.00179,0.1419,0.1354,0.07064,0.04718,0.01072,1,1,0.270,0.191,in_circle
85.532,2,338,-0.01765,0.00179,0.0000,0.0000,0.06982,0.03301,0.01072,0,0,-0.304,-0.356,in_circle
85.578,2,339,-0.01765,0.00179,0.0000,0.0000,0.03911,0.03107,0.01072,0,0,0.264,0.186,in_circle
85.660,2,340,-0.01482,-0.00970,0.1561,-0.6318,0.02220,0.03727,0.01720,1,1,0.265,0.186,in_circle
85.701,2,341,-0.01443,-0.01421,0.0215,-0.2482,-0.02843,0.04436,0.02127,1,1,-0.366,0.800,in_circle
85.745,2,342,-0.01365,-0.01854,0.0428,-0.2383,-0.04657,0.06512,0.02523,1,1,0.172,0.800,in_circle
85.788,2,343,-0.01243,-0.02265,0.0672,-0.2261,-0.04737,0.06917,0.02903,1,1,0.085,0.800,in_circle
85.834,2,344,-0.01156,-0.02632,0.0477,-0.2018,-0.10219,0.06038,0.03254,1,1,-0.016,0.800,in_circle
85.877,2,345,-0.01008,-0.02954,0.0814,-0.1771,-0.10757,0.05592,0.03562,1,1,0.060,0.800,in_circle
85.922,2,346,-0.00903,-0.03021,0.0574,-0.0368,-0.11556,0.05290,0.03623,1,1,-0.079,0.800,in_circle
85.964,2,347,-0.00780,-0.03032,0.0682,-0.0060,-0.11528,0.04865,0.03632,1,1,0.015,0.422,in_circle
86.009,2,348,-0.00664,-0.02926,0.0634,0.0583,-0.11000,0.03961,0.03528,1,1,-0.031,0.301,in_circle
86.051,2,349,-0.00530,-0.02665,0.0738,0.1437,-0.09704,0.02510,0.03274,1,1,-0.015,0.043,in_circle
86.097,2,350,-0.00429,-0.02307,0.0554,0.1969,-0.05436,0.01569,0.02928,1,1,-0.060,-0.305,in_circle
86.140,2,351,-0.00426,-0.01887,0.0018,0.2308,-0.01587,0.01573,0.02512,1,1,0.011,-0.525,in_circle
86.185,2,352,-0.00381,-0.01554,0.0248,0.1831,0.01458,0.01777,0.02191,1,1,0.225,-0.670,in_circle
86.228,2,353,-0.00320,-0.01327,0.0334,0.1252,0.04453,0.02516,0.01981,1,1,0.132,-0.486,in_circle
86.280,2,354,-0.00320,-0.01327,0.0000,0.0000,0.08172,0.04849,0.01981,0,0,0.096,-0.259,in_circle
86.370,2,355,-0.00320,-0.01327,0.0000,0.0000,0.02634,0.08880,0.01981,0,0,0.229,0.242,in_circle
86.442,2,356,-0.00320,-0.01327,0.0000,0.0000,0.00110,0.08182,0.01981,0,0,0.229,0.244,ball_lost
88.076,3,0,-0.01623,-0.04098,0.0223,-0.0019,-0.01747,0.04226,0.04773,0,1,0.267,0.341,running
88.120,3,1,-0.01637,-0.04081,-0.0076,0.0093,-0.01941,0.04288,0.04759,0,1,0.184,0.350,running
88.165,3,2,-0.01671,-0.04058,-0.0185,0.0127,-0.04528,0.04791,0.04742,0,1,0.295,0.310,running
88.209,3,3,-0.01633,-0.04001,0.0207,0.0308,-0.08296,0.06059,0.04680,0,1,0.337,0.298,running
88.252,3,4,-0.01553,-0.03903,0.0442,0.0541,-0.08550,0.06547,0.04569,0,1,0.191,0.229,running
88.297,3,5,-0.01512,-0.03729,0.0222,0.0957,-0.07453,0.06086,0.04391,1,1,0.098,0.136,in_circle
88.340,3,6,-0.01419,-0.03482,0.0512,0.1357,-0.05779,0.05874,0.04132,1,1,0.178,-0.034,in_circle
88.386,3,7,-0.01260,-0.03255,0.0875,0.1248,-0.01964,0.05627,0.03885,1,1,0.059,-0.212,in_circle
88.429,3,8,-0.01059,-0.03054,0.1107,0.1109,0.02300,0.05059,0.03664,1,1,-0.094,-0.182,in_circle
88.473,3,9,-0.00883,-0.02839,0.0969,0.1183,0.05108,0.04578,0.03440,1,1,-0.191,-0.130,in_circle
88.561,3,10,-0.00655,-0.02743,0.1254,0.0525,0.03421,0.02064,0.03346,1,1,-0.140,-0.162,in_circle
88.604,3,11,-0.00551,-0.02855,0.0571,-0.0618,0.03319,-0.00502,0.03463,1,1,-0.260,0.100,in_circle
88.649,3,12,-0.00548,-0.02947,0.0014,-0.0504,0.01361,-0.01764,0.03555,1,1,0.010,0.562,in_circle
88.692,3,13,-0.00620,-0.03122,-0.0395,-0.0962,-0.03525,-0.01758,0.03725,1,1,0.233,0.520,in_circle
88.736,3,14,-0.00788,-0.03182,-0.0922,-0.0332,-0.07578,-0.00822,0.03782,1,1,0.399,0.709,in_circle
88.780,3,15,-0.00968,-0.03273,-0.0992,-0.0498,-0.09670,0.02857,0.03877,1,1,0.613,0.460,in_circle
88.826,3,16,-0.01149,-0.03192,-0.0997,0.0447,-0.11672,0.07424,0.03810,1,1,0.646,0.531,in_circle
88.869,3,17,-0.01352,-0.03111,-0.1116,0.0445,-0.09498,0.09874,0.03755,1,1,0.653,0.153,in_circle
88.914,3,18,-0.01455,-0.02877,-0.0566,0.1284,-0.08694,0.08457,0.03542,1,1,0.705,0.153,in_circle
88.956,3,19,-0.01544,-0.02536,-0.0488,0.1879,-0.06010,0.06352,0.03227,1,1,0.488,-0.187,in_circle
89.001,3,20,-0.01600,-0.02211,-0.0309,0.1785,-0.01049,0.05867,0.02928,1,1,0.460,-0.432,in_circle
89.045,3,21,-0.01594,-0.01938,0.0032,0.1504,0.02189,0.06133,0.02665,1,1,0.390,-0.401,in_circle
89.096,3,22,-0.01594,-0.01938,0.0000,0.0000,0.04785,0.06114,0.02665,0,0,0.254,-0.295,in_circle
89.180,3,23,-0.01469,-0.01518,0.0689,0.2307,0.03998,0.05730,0.02228,1,1,0.267,0.308,in_circle
89.227,3,24,-0.01469,-0.01518,0.0000,0.0000,0.01660,0.06176,0.02228,0,0,-0.011,-0.623,in_circle
89.275,3,25,-0.01469,-0.01518,0.0000,0.0000,0.00312,0.06122,0.02228,0,0,0.265,0.300,in_circle
89.359,3,26,-0.01006,-0.01907,0.2548,-0.2137,0.01704,0.05046,0.02517,1,1,0.265,0.301,in_circle
89.397,3,27,-0.00952,-0.02180,0.0293,-0.1503,-0.03397,0.05193,0.02785,1,1,-0.765,0.800,in_circle
89.443,3,28,-0.00802,-0.02373,0.0829,-0.1058,-0.04251,0.05355,0.02973,1,1,0.135,0.800,in_circle
89.486,3,29,-0.00702,-0.02534,0.0548,-0.0890,-0.04729,0.04976,0.03135,1,1,-0.083,0.751,in_circle
89.530,3,30,-0.00520,-0.02585,0.1001,-0.0279,-0.10340,0.04309,0.03196,1,1,0.027,0.689,in_circle
89.572,3,31,-0.00370,-0.02647,0.0825,-0.0343,-0.10479,0.03876,0.03273,1,1,-0.159,0.447,in_circle
89.618,3,32,-0.00254,-0.02524,0.0638,0.0680,-0.10825,0.03349,0.03168,1,1,-0.093,0.476,in_circle
89.662,3,33,-0.00224,-0.02335,0.0168,0.1040,-0.09574,0.03121,0.02987,1,1,-0.021,0.065,in_circle
89.707,3,34,-0.00093,-0.02080,0.0719,0.1401,-0.06231,0.02433,0.02767,1,1,0.166,-0.083,in_circle
89.748,3,35,-0.00004,-0.01751,0.0492,0.1808,-0.03328,0.02330,0.02476,1,1,-0.058,-0.232,in_circle
89.793,3,36,-0.00017,-0.01323,-0.0075,0.2357,-0.00326,0.03100,0.02068,1,1,0.031,-0.402,in_circle
89.837,3,37,0.00078,-0.01121,0.0524,0.1109,0.03706,0.04726,0.01923,1,1,0.257,-0.632,in_circle
89.889,3,38,0.00078,-0.01121,0.0000,0.0000,0.07296,0.05487,0.01923,0,0,0.015,-0.137,in_circle
89.934,3,39,0.00078,-0.01121,0.0000,0.0000,0.09813,0.06221,0.01923,0,0,0.224,0.308,in_circle
90.009,3,40,0.00078,-0.01121,0.0000,0.0000,0.07342,0.06499,0.01923,0,0,0.224,0.308,ball_lost
91.289,4,0,-0.00083,-0.05937,-0.0152,0.0217,-0.01700,0.04549,0.06574,0,1,0.216,0.529,running
91.378,4,1,-0.00079,-0.05857,0.0026,0.0439,-0.04075,0.05096,0.06495,0,1,0.262,0.467,running
91.421,4,2,-0.00043,-0.05740,0.0197,0.0645,-0.05609,0.06376,0.06383,0,1,0.209,0.397,running
91.464,4,3,0.00011,-0.05624,0.0298,0.0639,-0.06254,0.06932,0.06274,0,1,0.155,0.327,running
91.509,4,4,0.00121,-0.05438,0.0601,0.1022,-0.06647,0.06374,0.06105,0,1,0.121,0.321,running
91.553,4,5,0.00149,-0.05276,0.0156,0.0888,-0.06001,0.06511,0.05949,0,1,0.020,0.187,running
91.596,4,6,0.00245,-0.04985,0.0531,0.1605,-0.05119,0.06313,0.05678,0,1,0.159,0.216,running
91.642,4,7,0.00338,-0.04639,0.0511,0.1901,-0.02990,0.05490,0.05357,0,1,0.030,-0.048,running
91.684,4,8,0.00492,-0.04407,0.0846,0.1274,-0.00836,0.04812,0.05166,0,1,0.028,-0.191,running
91.729,4,9,0.00555,-0.04090,0.0344,0.1745,0.01475,0.04009,0.04876,0,1,-0.098,0.004,running
91.773,4,10,0.00591,-0.03890,0.0197,0.1101,0.04731,0.03795,0.04694,0,1,0.075,-0.199,running
91.818,4,11,0.00636,-0.03693,0.0250,0.1082,0.03072,0.02566,0.04521,1,1,0.126,0.018,in_circle
91.861,4,12,0.00673,-0.03637,0.0203,0.0310,0.02319,0.01971,0.04479,1,1,0.104,0.008,in_circle
91.906,4,13,0.00670,-0.03596,-0.0014,0.0226,0.01282,0.02776,0.04439,1,1,0.120,0.298,in_circle
91.950,4,14,0.00660,-0.03649,-0.0057,-0.0292,-0.03270,0.03681,0.04486,1,1,0.202,0.328,in_circle
91.993,4,15,0.00600,-0.03662,-0.0331,-0.0073,-0.06871,0.05509,0.04480,1,1,0.218,0.528,in_circle
92.037,4,16,0.00599,-0.03590,-0.0005,0.0397,-0.09350,0.07138,0.04411,1,1,0.324,0.445,in_circle
92.080,4,17,0.00578,-0.03420,-0.0117,0.0932,-0.11754,0.07325,0.04243,1,1,0.200,0.261,in_circle
92.125,4,18,0.00660,-0.03162,0.0455,0.1419,-0.10145,0.07061,0.04029,1,1,0.244,0.042,in_circle
92.168,4,19,0.00800,-0.02800,0.0768,0.1995,-0.08619,0.06446,0.03749,1,1,0.016,-0.171,in_circle
92.213,4,20,0.00887,-0.02460,0.0480,0.1868,-0.04423,0.05704,0.03485,1,1,-0.114,-0.413,in_circle
92.257,4,21,0.00974,-0.01955,0.0478,0.2776,-0.00390,0.05202,0.03099,1,1,-0.001,-0.371,in_circle
92.301,4,22,0.01163,-0.01575,0.1041,0.2092,0.02292,0.03399,0.02917,1,1,-0.004,-0.747,in_circle
92.344,4,23,0.01251,-0.01269,0.0479,0.1683,0.05296,0.00647,0.02760,1,1,-0.234,-0.482,in_circle
92.397,4,24,0.01251,-0.01269,0.0000,0.0000,0.08243,-0.01013,0.02760,0,0,-0.013,-0.327,in_circle
92.434,4,25,0.01403,-0.00830,0.0838,0.2416,0.06065,-0.01464,0.02609,1,1,0.178,0.347,in_circle
92.477,4,26,0.01415,-0.00840,0.0065,-0.0059,0.01678,-0.00891,0.02625,1,1,-0.162,-0.631,in_circle
92.520,4,27,0.01324,-0.00789,-0.0498,0.0284,-0.00717,0.01347,0.02521,1,1,0.146,0.359,in_circle
92.567,4,28,0.01289,-0.00854,-0.0193,-0.0359,0.00171,0.05155,0.02529,1,1,0.372,0.221,in_circle
92.610,4,29,0.01264,-0.00917,-0.0137,-0.0349,-0.01506,0.08144,0.02546,1,1,0.250,0.480,in_circle
92.662,4,30,0.01264,-0.00917,0.0000,0.0000,-0.05619,0.08808,0.02546,0,0,0.228,0.477,in_circle
92.708,4,31,0.01264,-0.00917,0.0000,0.0000,-0.07859,0.07694,0.02546,0,0,0.172,0.338,in_circle
92.742,4,32,0.01742,-0.00549,0.2630,0.2023,-0.10299,0.06314,0.02772,1,1,0.171,0.338,in_circle
92.785,4,33,0.01972,-0.00310,0.1264,0.1318,-0.09516,0.04987,0.02899,1,1,-0.800,-0.480,in_circle
92.829,4,34,0.02108,0.00049,0.0749,0.1973,-0.06900,0.03705,0.02940,1,1,-0.354,-0.205,in_circle
92.874,4,35,0.02318,0.00464,0.1155,0.2280,-0.04074,0.01559,0.03101,1,1,-0.153,-0.476,in_circle
92.917,4,36,0.02475,0.00845,0.0864,0.2098,0.00551,-0.02006,0.03265,1,1,-0.322,-0.609,in_circle
92.970,4,37,0.02475,0.00845,0.0000,0.0000,0.03843,-0.04275,0.03265,0,0,-0.211,-0.545,in_circle
93.052,4,38,0.02563,0.01513,0.0481,0.3674,0.07107,-0.01533,0.03465,1,1,0.133,0.294,in_circle
93.093,4,39,0.02508,0.01648,-0.0299,0.0743,0.04102,0.00853,0.03451,1,1,-0.064,-0.800,in_circle
93.138,4,40,0.02349,0.01657,-0.0877,0.0051,0.03249,0.04526,0.03303,1,1,0.248,-0.025,in_circle
93.181,4,41,0.02198,0.01600,-0.0829,-0.0314,0.05381,0.06699,0.03142,1,1,0.481,0.251,in_circle
93.226,4,42,0.02113,0.01451,-0.0472,-0.0823,0.03540,0.07650,0.03015,1,1,0.465,0.398,in_circle
93.270,4,43,0.02213,0.01344,0.0551,-0.0584,-0.02080,0.07685,0.03084,1,1,0.323,0.605,in_circle
93.314,4,44,0.02216,0.01224,0.0017,-0.0665,-0.04650,0.07011,0.03060,1,1,-0.090,0.512,in_circle
93.401,4,45,0.02558,0.01124,0.1879,-0.0549,-0.09270,0.04542,0.03378,1,1,0.120,0.547,in_circle
93.445,4,46,0.02651,0.01164,0.0513,0.0223,-0.08961,0.01641,0.03477,1,1,-0.634,0.503,in_circle
93.496,4,47,0.02651,0.01164,0.0000,0.0000,-0.08950,0.00064,0.03477,0,0,-0.092,0.193,in_circle
93.578,4,48,0.02871,0.01886,0.1208,0.3971,-0.05163,0.00377,0.03871,1,1,0.112,0.282,in_circle
93.621,4,49,0.02877,0.02310,0.0036,0.2331,-0.02932,0.01398,0.04037,1,1,-0.380,-0.800,in_circle
93.665,4,50,0.02874,0.02693,-0.0018,0.2107,-0.03276,0.05058,0.04211,1,1,0.086,-0.678,in_circle
93.714,4,51,0.02859,0.03080,-0.0085,0.2129,-0.01130,0.07084,0.04403,1,1,0.103,-0.587,in_circle
93.753,4,52,0.02805,0.03515,-0.0292,0.2395,0.04490,0.06815,0.04621,0,1,0.124,-0.592,running
93.798,4,53,0.02887,0.03818,0.0447,0.1662,0.06832,0.06525,0.04878,0,1,0.197,-0.690,running
93.841,4,54,0.02850,0.03944,-0.0204,0.0696,0.07531,0.06795,0.04935,0,1,-0.084,-0.412,running
93.885,4,55,0.02912,0.03952,0.0345,0.0044,0.09199,0.06517,0.04987,0,1,0.151,-0.064,running
93.928,4,56,0.02988,0.03811,0.0414,-0.0779,0.05967,0.05860,0.04950,0,1,-0.051,0.170,running
93.974,4,57,0.03077,0.03625,0.0490,-0.1019,0.01572,0.04209,0.04902,0,1,-0.080,0.471,running
94.019,4,58,0.03166,0.03329,0.0491,-0.1629,-0.01447,0.03335,0.04798,0,1,-0.112,0.565,running
94.063,4,59,0.03264,0.03010,0.0537,-0.1754,-0.04291,0.02057,0.04707,0,1,-0.117,0.800,running
94.105,4,60,0.03220,0.02776,-0.0242,-0.1288,-0.07952,-0.00102,0.04553,0,1,-0.139,0.800,running
94.151,4,61,0.03126,0.02617,-0.0517,-0.0875,-0.10901,-0.01252,0.04396,1,1,0.155,0.706,in_circle
94.193,4,62,0.03002,0.02644,-0.0682,0.0151,-0.10609,-0.01125,0.04299,1,1,0.266,0.561,in_circle
94.237,4,63,0.02851,0.02680,-0.0827,0.0198,-0.10778,0.00143,0.04185,1,1,0.336,0.166,in_circle
94.280,4,64,0.02608,0.02855,-0.1339,0.0961,-0.10145,0.03686,0.04070,1,1,0.400,0.146,in_circle
94.326,4,65,0.02389,0.03146,-0.1207,0.1603,-0.05905,0.08094,0.04065,1,1,0.614,-0.162,in_circle
94.368,4,66,0.02277,0.03472,-0.0616,0.1792,-0.01684,0.09844,0.04194,1,1,0.566,-0.426,in_circle
94.414,4,67,0.02129,0.03802,-0.0813,0.1811,0.01012,0.08659,0.04326,1,1,0.328,-0.503,in_circle
94.457,4,68,0.02166,0.04095,0.0202,0.1614,0.04151,0.06973,0.04571,0,1,0.401,-0.513,running
94.501,4,69,0.02131,0.04213,-0.0188,0.0652,0.07837,0.05543,0.04640,0,1,0.005,-0.435,running
94.546,4,70,0.02230,0.04283,0.0541,0.0381,0.08215,0.04607,0.04756,0,1,0.150,-0.076,running
94.590,4,71,0.02232,0.04217,0.0011,-0.0364,0.06069,0.03844,0.04706,0,1,-0.126,0.021,running
94.635,4,72,0.02351,0.04093,0.0656,-0.0682,0.02840,0.02248,0.04690,0,1,0.069,0.298,running
94.679,4,73,0.02297,0.03909,-0.0297,-0.1011,-0.01336,0.00701,0.04518,1,1,-0.176,0.420,in_circle
94.721,4,74,0.02241,0.03699,-0.0306,-0.1154,-0.04423,-0.00556,0.04328,1,1,0.184,0.556,in_circle
94.774,4,75,0.02241,0.03699,0.0000,0.0000,-0.07204,-0.01091,0.04328,0,0,0.193,0.626,in_circle
94.812,4,76,0.02078,0.03478,-0.0896,-0.1215,-0.10963,0.00438,0.04056,1,1,0.073,0.178,in_circle
94.860,4,77,0.02078,0.03478,0.0000,0.0000,-0.10952,0.04259,0.04056,0,0,0.437,0.670,in_circle
94.899,4,78,0.01846,0.03596,-0.1277,0.0648,-0.10654,0.07857,0.03984,1,1,0.079,0.185,in_circle
94.940,4,79,0.01721,0.03931,-0.0691,0.1842,-0.11288,0.09335,0.04165,1,1,0.595,-0.077,in_circle
94.986,4,80,0.01663,0.04298,-0.0316,0.2020,-0.09662,0.07566,0.04432,1,1,0.356,-0.555,in_circle
95.029,4,81,0.01586,0.04762,-0.0425,0.2553,-0.05369,0.04990,0.04788,0,1,0.202,-0.620,running
95.073,4,82,0.01573,0.05235,-0.0073,0.2601,-0.01584,0.04551,0.05198,0,1,0.235,-0.800,running
95.118,4,83,0.01621,0.05687,0.0264,0.2488,0.00997,0.04137,0.05625,0,1,0.099,-0.800,running
95.162,4,84,0.01666,0.06095,0.0250,0.2242,0.04545,0.04144,0.06015,0,1,-0.023,-0.754,running
95.205,4,85,0.01733,0.06348,0.0365,0.1393,0.08153,0.04133,0.06274,0,1,-0.022,-0.664,running
95.250,4,86,0.01839,0.06433,0.0585,0.0467,0.09218,0.03846,0.06394,0,1,-0.062,-0.397,running
95.293,4,87,0.01917,0.06261,0.0431,-0.0948,0.07718,0.02991,0.06271,0,1,-0.134,-0.118,running
95.339,4,88,0.02005,0.05946,0.0483,-0.1732,0.04955,0.02714,0.06028,0,1,-0.091,0.325,running
95.426,4,89,0.02142,0.05130,0.0754,-0.4486,-0.02566,0.01349,0.05391,0,1,-0.114,0.597,running
95.470,4,90,0.02134,0.04702,-0.0043,-0.2354,-0.02632,0.01323,0.05032,0,1,-0.216,0.800,running
95.514,4,91,0.02095,0.04271,-0.0216,-0.2371,-0.03987,0.01633,0.04663,0,1,0.063,0.800,running
95.557,4,92,0.01965,0.03900,-0.0715,-0.2042,-0.09524,0.01512,0.04292,1,1,0.133,0.800,in_circle
95.603,4,93,0.01891,0.03593,-0.0408,-0.1689,-0.10725,0.02145,0.04011,1,1,0.338,0.800,in_circle
95.644,4,94,0.01740,0.03498,-0.0830,-0.0524,-0.11582,0.04788,0.03840,1,1,0.228,0.800,in_circle
95.690,4,95,0.01621,0.03504,-0.0653,0.0033,-0.11680,0.07585,0.03768,1,1,0.399,0.361,in_circle
95.733,4,96,0.01493,0.03633,-0.0706,0.0709,-0.11326,0.08839,0.03790,1,1,0.330,0.136,in_circle
95.777,4,97,0.01491,0.03850,-0.0010,0.1193,-0.10543,0.07794,0.03964,1,1,0.354,-0.138,in_circle
95.821,4,98,0.01508,0.04205,0.0095,0.1957,-0.06486,0.06296,0.04270,1,1,0.074,-0.339,in_circle
95.866,4,99,0.01504,0.04537,-0.0025,0.1823,-0.02707,0.05986,0.04551,0,1,0.029,-0.639,running
95.909,4,100,0.01596,0.04975,0.0507,0.2410,0.00121,0.05168,0.04978,0,1,0.071,-0.582,running
95.954,4,101,0.01678,0.05257,0.0455,0.1553,0.03329,0.03196,0.05266,0,1,-0.130,-0.786,running
95.996,4,102,0.01773,0.05494,0.0519,0.1303,0.06462,0.01171,0.05520,0,1,-0.113,-0.476,running
96.041,4,103,0.01836,0.05712,0.0349,0.1196,0.09122,-0.00367,0.05742,0,1,-0.137,-0.392,running
96.085,4,104,0.01769,0.05655,-0.0371,-0.0313,0.06488,-0.01305,0.05661,0,1,-0.083,-0.360,running
96.130,4,105,0.01688,0.05625,-0.0442,-0.0166,0.01539,-0.01206,0.05598,0,1,0.159,0.141,running
96.173,4,106,0.01530,0.05529,-0.0872,-0.0526,-0.01423,-0.00122,0.05444,0,1,0.186,0.093,running
96.218,4,107,0.01363,0.05419,-0.0919,-0.0604,-0.03738,0.03567,0.05274,0,1,0.342,0.222,running
96.262,4,108,0.01149,0.05331,-0.1179,-0.0485,-0.06503,0.08179,0.05109,0,1,0.370,0.258,running
96.306,4,109,0.01073,0.05295,-0.0414,-0.0199,-0.08187,0.10047,0.05048,0,1,0.476,0.225,running
96.348,4,110,0.00969,0.05263,-0.0573,-0.0177,-0.08743,0.08229,0.04980,0,1,0.207,0.124,running
96.394,4,111,0.00986,0.05371,0.0092,0.0593,-0.07372,0.06111,0.05087,0,1,0.269,0.117,running
96.437,4,112,0.00998,0.05507,0.0067,0.0750,-0.04209,0.04788,0.05219,0,1,0.027,-0.166,running
96.481,4,113,0.01078,0.05621,0.0439,0.0625,-0.00283,0.03165,0.05353,0,1,0.034,-0.228,running
96.525,4,114,0.01151,0.05711,0.0400,0.0499,0.02991,0.02139,0.05464,0,1,-0.099,-0.189,running
96.570,4,115,0.01147,0.05713,-0.0020,0.0011,0.05567,0.01132,0.05464,0,1,-0.088,-0.152,running
96.614,4,116,0.01169,0.05615,0.0120,-0.0544,0.04889,0.00307,0.05380,0,1,0.055,0.013,running
96.658,4,117,0.01142,0.05423,-0.0148,-0.1054,0.02630,-0.00010,0.05192,0,1,0.006,0.207,running
96.701,4,118,0.01037,0.05201,-0.0574,-0.1224,-0.00331,0.00725,0.04947,0,1,0.101,0.399,running
96.745,4,119,0.00981,0.04994,-0.0311,-0.1136,-0.04306,0.03207,0.04734,0,1,0.261,0.482,running
96.789,4,120,0.00861,0.04768,-0.0662,-0.1244,-0.08059,0.06032,0.04479,1,1,0.172,0.469,in_circle
96.835,4,121,0.00773,0.04685,-0.0479,-0.0459,-0.10612,0.08206,0.04370,1,1,0.313,0.531,in_circle
96.877,4,122,0.00725,0.04660,-0.0265,-0.0136,-0.10994,0.08131,0.04330,1,1,0.248,0.237,in_circle
96.922,4,123,0.00665,0.04765,-0.0330,0.0579,-0.10201,0.07325,0.04409,1,1,0.167,0.113,in_circle
96.964,4,124,0.00669,0.04899,0.0020,0.0736,-0.08387,0.06292,0.04536,1,1,0.192,-0.169,in_circle
97.011,4,125,0.00756,0.05130,0.0481,0.1272,-0.04103,0.05312,0.04784,0,1,0.056,-0.233,running
97.053,4,126,0.00845,0.05362,0.0488,0.1275,-0.00530,0.04576,0.05032,0,1,-0.119,-0.438,running
97.096,4,127,0.00909,0.05521,0.0351,0.0873,0.02683,0.03697,0.05203,0,1,-0.122,-0.441,running
97.143,4,128,0.01000,0.05660,0.0501,0.0764,0.05818,0.01969,0.05364,0,1,-0.074,-0.302,running
97.185,4,129,0.01109,0.05673,0.0598,0.0076,0.07297,-0.00254,0.05414,0,1,-0.129,-0.269,running
97.230,4,130,0.01133,0.05500,0.0132,-0.0954,0.04245,-0.01551,0.05260,0,1,-0.166,-0.035,running
97.273,4,131,0.01158,0.05389,0.0139,-0.0609,0.01486,-0.01337,0.05166,0,1,-0.007,0.332,running
97.319,4,132,0.01146,0.05179,-0.0067,-0.1155,-0.02077,-0.00388,0.04968,0,1,-0.011,0.217,running
97.362,4,133,0.01049,0.04924,-0.0530,-0.1405,-0.05837,0.01572,0.04695,0,1,0.064,0.428,running
97.450,4,134,0.00901,0.04767,-0.0816,-0.0861,-0.09475,0.08700,0.04493,1,1,0.241,0.543,in_circle
97.494,4,135,0.00839,0.04719,-0.0339,-0.0265,-0.10782,0.09278,0.04426,1,1,0.359,0.355,in_circle
97.537,4,136,0.00838,0.04823,-0.0008,0.0574,-0.10819,0.07560,0.04523,1,1,0.180,0.130,in_circle
97.581,4,137,0.00913,0.05045,0.0413,0.1216,-0.09208,0.06139,0.04756,0,1,0.052,-0.196,running
97.624,4,138,0.00938,0.05290,0.0136,0.1349,-0.05045,0.05213,0.04994,0,1,-0.109,-0.441,running
97.669,4,139,0.01084,0.05572,0.0805,0.1555,-0.01080,0.03928,0.05310,0,1,-0.008,-0.492,running
97.714,4,140,0.01154,0.05860,0.0386,0.1580,0.01921,0.01424,0.05604,0,1,-0.247,-0.565,running
97.756,4,141,0.01314,0.06078,0.0881,0.1200,0.05575,-0.01224,0.05865,0,1,-0.103,-0.575,running
97.802,4,142,0.01363,0.06122,0.0268,0.0244,0.08235,-0.03051,0.05923,0,1,-0.269,-0.451,running
97.845,4,143,0.01308,0.05979,-0.0303,-0.0787,0.08309,-0.03007,0.05770,0,1,-0.072,-0.145,running
97.891,4,144,0.01186,0.05676,-0.0671,-0.1668,0.05493,-0.01719,0.05443,0,1,0.117,0.199,running
97.933,4,145,0.01077,0.05348,-0.0597,-0.1804,0.01928,0.00132,0.05098,0,1,0.253,0.528,running
97.977,4,146,0.00868,0.04970,-0.1154,-0.2077,-0.01901,0.05135,0.04670,0,1,0.242,0.616,running
98.020,4,147,0.00745,0.04565,-0.0673,-0.2229,-0.04608,0.09750,0.04248,1,1,0.469,0.767,in_circle
98.065,4,148,0.00683,0.04216,-0.0342,-0.1919,-0.08294,0.10230,0.03901,1,1,0.307,0.800,in_circle
98.110,4,149,0.00609,0.03996,-0.0407,-0.1210,-0.11912,0.07369,0.03669,1,1,0.184,0.790,in_circle
98.154,4,150,0.00561,0.03849,-0.0264,-0.0807,-0.11477,0.04614,0.03515,1,1,0.211,0.510,in_circle
98.197,4,151,0.00605,0.03841,0.0239,-0.0042,-0.11425,0.02106,0.03525,1,1,0.155,0.351,in_circle
98.240,4,152,0.00572,0.03971,-0.0182,0.0711,-0.10367,0.00647,0.03632,1,1,-0.048,0.044,in_circle
98.285,4,153,0.00441,0.04145,-0.0721,0.0960,-0.07752,0.00136,0.03749,1,1,0.120,-0.262,in_circle
98.329,4,154,0.00335,0.04454,-0.0580,0.1699,-0.03310,0.00608,0.04012,1,1,0.339,-0.367,in_circle
98.373,4,155,0.00225,0.04809,-0.0604,0.1951,0.00054,0.01663,0.04327,1,1,0.284,-0.672,in_circle
98.416,4,156,0.00100,0.05045,-0.0690,0.1300,0.02960,0.04859,0.04531,1,1,0.287,-0.765,in_circle
98.461,4,157,-0.00075,0.05262,-0.0960,0.1195,0.06458,0.08227,0.04716,0,1,0.317,-0.515,running
98.504,4,158,-0.00134,0.05303,-0.0328,0.0223,0.09438,0.09436,0.04747,0,1,0.416,-0.479,running
98.549,4,159,-0.00075,0.05246,0.0328,-0.0312,0.07115,0.08287,0.04700,0,1,0.182,-0.122,running
98.592,4,160,0.00061,0.05048,0.0749,-0.1090,0.03447,0.07146,0.04527,1,1,-0.064,0.077,in_circle
98.637,4,161,0.00230,0.04805,0.0929,-0.1336,0.00599,0.06065,0.04325,1,1,-0.229,0.382,in_circle
98.681,4,162,0.00373,0.04559,0.0784,-0.1354,-0.02603,0.02917,0.04123,1,1,-0.309,0.495,in_circle
98.725,4,163,0.00512,0.04269,0.0763,-0.1595,-0.06251,-0.03232,0.03890,1,1,-0.262,0.522,in_circle
98.769,4,164,0.00540,0.04053,0.0157,-0.1187,-0.09402,-0.08319,0.03697,1,1,-0.261,0.633,in_circle
98.813,4,165,0.00455,0.04039,-0.0469,-0.0078,-0.09551,-0.10393,0.03654,1,1,-0.019,0.474,in_circle
98.856,4,166,0.00205,0.04039,-0.1373,0.0000,-0.10137,-0.07769,0.03577,1,1,0.232,0.029,in_circle
98.902,4,167,-0.00202,0.04203,-0.2242,0.0901,-0.09852,-0.02530,0.03649,1,1,0.600,-0.004,in_circle
98.944,4,168,-0.00619,0.04437,-0.2289,0.1291,-0.06822,0.03124,0.03841,1,1,0.800,-0.370,in_circle
98.989,4,169,-0.01153,0.04679,-0.2941,0.1328,-0.02438,0.08087,0.04096,1,1,0.800,-0.534,in_circle
99.032,4,170,-0.01568,0.04848,-0.2283,0.0929,0.00598,0.10250,0.04320,1,1,0.800,-0.553,in_circle
99.077,4,171,-0.01913,0.05002,-0.1895,0.0848,0.03934,0.08893,0.04545,1,1,0.800,-0.397,in_circle
99.121,4,172,-0.02189,0.05044,-0.1517,0.0233,0.06526,0.07119,0.04662,0,1,0.800,-0.370,running
99.165,4,173,-0.02396,0.04954,-0.1141,-0.0495,0.05300,0.06488,0.04645,0,1,0.683,-0.142,running
99.208,4,174,-0.02550,0.04750,-0.0848,-0.1121,0.03501,0.07128,0.04512,1,1,0.550,0.131,in_circle
99.253,4,175,-0.02630,0.04433,-0.0435,-0.1746,0.00977,0.07447,0.04256,1,1,0.449,0.379,in_circle
99.296,4,176,-0.02670,0.04140,-0.0223,-0.1612,-0.03646,0.07220,0.04013,1,1,0.297,0.646,in_circle
99.342,4,177,-0.02619,0.03829,0.0280,-0.1713,-0.06863,0.06537,0.03716,1,1,0.216,0.619,in_circle
99.385,4,178,-0.02596,0.03526,0.0129,-0.1666,-0.09495,0.06527,0.03443,1,1,0.015,0.667,in_circle
99.473,4,179,-0.02371,0.03316,0.1236,-0.1153,-0.10989,0.03976,0.03148,1,1,0.076,0.653,in_circle
99.518,4,180,-0.02345,0.03412,0.0143,0.0529,-0.10736,0.02434,0.03218,1,1,-0.372,0.452,in_circle
99.562,4,181,-0.02318,0.03688,0.0148,0.1517,-0.10564,0.00995,0.03450,1,1,0.065,-0.224,in_circle
99.605,4,182,-0.02192,0.04058,0.0696,0.2034,-0.08184,-0.00301,0.03735,1,1,0.064,-0.628,in_circle
99.650,4,183,-0.02251,0.04349,-0.0329,0.1605,-0.03828,-0.01290,0.04028,1,1,-0.158,-0.800,in_circle
99.694,4,184,-0.02264,0.04688,-0.0069,0.1860,-0.00231,0.00550,0.04349,1,1,0.254,-0.681,in_circle
99.737,4,185,-0.02432,0.05048,-0.0927,0.1984,0.02858,0.02807,0.04745,0,1,0.152,-0.776,running
99.781,4,186,-0.02514,0.05260,-0.0446,0.1162,0.05753,0.05319,0.04972,0,1,0.477,-0.800,running
99.824,4,187,-0.02543,0.05286,-0.0161,0.0143,0.09254,0.07329,0.05006,0,1,0.300,-0.511,running
99.869,4,188,-0.02544,0.05150,-0.0006,-0.0748,0.10438,0.08182,0.04880,0,1,0.199,-0.147,running
99.912,4,189,-0.02449,0.04792,0.0525,-0.1967,0.06669,0.07283,0.04512,1,1,0.143,0.183,in_circle
99.958,4,190,-0.02359,0.04388,0.0491,-0.2220,0.02966,0.06238,0.04104,1,1,-0.063,0.673,in_circle
100.001,4,191,-0.02199,0.03906,0.0882,-0.2654,-0.00106,0.04678,0.03597,1,1,-0.063,0.800,in_circle
100.045,4,192,-0.02026,0.03299,0.0949,-0.3335,-0.03347,0.02755,0.02973,1,1,-0.226,0.800,in_circle
100.088,4,193,-0.01953,0.02784,0.0402,-0.2835,-0.06810,-0.00337,0.02479,1,1,-0.257,0.800,in_circle
100.133,4,194,-0.01849,0.02359,0.0574,-0.2336,-0.09957,-0.03256,0.02059,1,1,-0.039,0.800,in_circle
100.176,4,195,-0.01858,0.02065,-0.0051,-0.1617,-0.10288,-0.05528,0.01819,1,1,-0.110,0.800,in_circle
100.221,4,196,-0.01882,0.01957,-0.0131,-0.0594,-0.10190,-0.04385,0.01748,1,1,0.140,0.645,in_circle
100.264,4,197,-0.02081,0.01929,-0.1096,-0.0156,-0.10766,0.00097,0.01860,1,1,0.174,0.238,in_circle
100.309,4,198,-0.02246,0.02155,-0.0906,0.1245,-0.10379,0.05600,0.02137,1,1,0.565,0.063,in_circle
100.354,4,199,-0.02494,0.02320,-0.1365,0.0907,-0.07184,0.09552,0.02428,1,1,0.494,-0.504,in_circle
100.398,4,200,-0.02548,0.02716,-0.0297,0.2177,-0.02757,0.09899,0.02757,1,1,0.685,-0.374,in_circle
100.442,4,201,-0.02621,0.03086,-0.0402,0.2034,0.00117,0.07534,0.03093,1,1,0.259,-0.800,in_circle
100.486,4,202,-0.02676,0.03449,-0.0299,0.1998,0.02867,0.06102,0.03422,1,1,0.304,-0.800,in_circle
100.531,4,203,-0.02592,0.03762,0.0462,0.1724,0.06917,0.05402,0.03645,1,1,0.265,-0.800,in_circle
100.574,4,204,-0.02608,0.03920,-0.0090,0.0868,0.09632,0.04644,0.03790,1,1,-0.041,-0.741,in_circle
100.618,4,205,-0.02567,0.03955,0.0225,0.0189,0.10221,0.04138,0.03801,1,1,0.181,-0.404,in_circle
100.662,4,206,-0.02535,0.03782,0.0178,-0.0947,0.08655,0.02907,0.03634,1,1,0.055,-0.135,in_circle
100.708,4,207,-0.02477,0.03478,0.0319,-0.1672,0.05454,0.01427,0.03341,1,1,0.074,0.322,in_circle
100.749,4,208,-0.02460,0.03073,0.0091,-0.2232,0.01334,0.01355,0.02990,1,1,0.017,0.619,in_circle
100.793,4,209,-0.02411,0.02650,0.0271,-0.2325,-0.01970,0.01841,0.02620,1,1,0.108,0.800,in_circle
100.836,4,210,-0.02594,0.02302,-0.1005,-0.1912,-0.05143,0.02611,0.02488,1,1,0.036,0.800,in_circle
100.881,4,211,-0.02641,0.02016,-0.0259,-0.1575,-0.08804,0.04142,0.02338,1,1,0.552,0.741,in_circle
100.925,4,212,-0.02740,0.01846,-0.0545,-0.0936,-0.11454,0.06365,0.02322,1,1,0.255,0.613,in_circle
100.971,4,213,-0.02736,0.01852,0.0022,0.0032,-0.11230,0.07501,0.02322,1,1,0.373,0.361,in_circle
101.012,4,214,-0.02673,0.01898,0.0345,0.0254,-0.11053,0.07326,0.02295,1,1,0.147,-0.027,in_circle
101.057,4,215,-0.02600,0.02156,0.0405,0.1418,-0.08043,0.06270,0.02394,1,1,0.017,-0.117,in_circle
101.100,4,216,-0.02404,0.02462,0.1077,0.1685,-0.03483,0.05698,0.02471,1,1,-0.008,-0.590,in_circle
101.146,4,217,-0.02350,0.02771,0.0295,0.1696,-0.00049,0.04553,0.02679,1,1,-0.281,-0.705,in_circle
101.189,4,218,-0.02253,0.02988,0.0533,0.1194,0.03122,0.02149,0.02805,1,1,0.031,-0.718,in_circle
101.233,4,219,-0.02178,0.03226,0.0413,0.1310,0.06570,-0.00324,0.02975,1,1,-0.066,-0.524,in_circle
101.277,4,220,-0.02108,0.03369,0.0383,0.0786,0.08668,-0.03159,0.03071,1,1,-0.019,-0.577,in_circle
101.323,4,221,-0.02172,0.03335,-0.0350,-0.0182,0.06741,-0.02841,0.03069,1,1,-0.008,-0.373,in_circle
101.366,4,222,-0.02277,0.03221,-0.0579,-0.0627,0.04853,-0.00040,0.03019,1,1,0.287,0.014,in_circle
101.411,4,223,-0.02410,0.03037,-0.0730,-0.1017,0.02256,0.03822,0.02931,1,1,0.382,0.194,in_circle
101.498,4,224,-0.02639,0.02661,-0.1259,-0.2063,-0.05602,0.09437,0.02776,1,1,0.447,0.352,in_circle
101.541,4,225,-0.02693,0.02535,-0.0295,-0.0696,-0.05337,0.08318,0.02720,1,1,0.665,0.779,in_circle
101.585,4,226,-0.02682,0.02425,0.0061,-0.0604,-0.06919,0.06660,0.02636,1,1,0.282,0.235,in_circle
101.630,4,227,-0.02587,0.02427,0.0518,0.0014,-0.11402,0.06326,0.02570,1,1,0.140,0.200,in_circle
101.674,4,228,-0.02488,0.02647,0.0548,0.1208,-0.07835,0.05899,0.02666,1,1,-0.044,-0.048,in_circle
101.719,4,229,-0.02347,0.02932,0.0773,0.1568,-0.05114,0.03739,0.02810,1,1,-0.058,-0.532,in_circle
101.763,4,230,-0.02288,0.03158,0.0326,0.1243,-0.02912,0.00743,0.02970,1,1,-0.151,-0.684,in_circle
101.806,4,231,-0.02164,0.03460,0.0679,0.1662,0.01029,-0.02483,0.03178,1,1,0.027,-0.561,in_circle
101.850,4,232,-0.02206,0.03680,-0.0230,0.1211,0.04669,-0.04050,0.03395,1,1,-0.117,-0.737,in_circle
101.895,4,233,-0.02287,0.03877,-0.0443,0.1079,0.06378,-0.02855,0.03606,1,1,0.249,-0.564,in_circle
101.938,4,234,-0.02485,0.03909,-0.1088,0.0177,0.08985,0.00378,0.03722,1,1,0.337,-0.517,in_circle
101.981,4,235,-0.02727,0.03821,-0.1336,-0.0481,0.07702,0.03835,0.03764,1,1,0.600,-0.159,in_circle
102.025,4,236,-0.02962,0.03633,-0.1293,-0.1035,0.04009,0.07354,0.03737,1,1,0.706,0.105,in_circle
102.070,4,237,-0.03144,0.03317,-0.0996,-0.1736,0.00893,0.08961,0.03602,1,1,0.696,0.330,in_circle
102.113,4,238,-0.03257,0.03005,-0.0626,-0.1716,-0.02549,0.08401,0.03453,1,1,0.583,0.617,in_circle
102.156,4,239,-0.03271,0.02782,-0.0073,-0.1231,-0.06234,0.06926,0.03311,1,1,0.439,0.616,in_circle
102.202,4,240,-0.03352,0.02554,-0.0446,-0.1253,-0.09147,0.05817,0.03230,1,1,0.219,0.426,in_circle
102.245,4,241,-0.03354,0.02595,-0.0012,0.0227,-0.10894,0.05629,0.03257,1,1,0.371,0.440,in_circle
102.289,4,242,-0.03328,0.02650,0.0141,0.0300,-0.09345,0.05096,0.03270,1,1,0.199,-0.154,in_circle
102.333,4,243,-0.03284,0.02778,0.0243,0.0707,-0.07213,0.04176,0.03319,1,1,0.138,-0.185,in_circle
102.379,4,244,-0.03225,0.03014,0.0325,0.1296,-0.04744,0.04252,0.03436,1,1,0.097,-0.352,in_circle
102.422,4,245,-0.03131,0.03317,0.0519,0.1665,-0.00448,0.04590,0.03592,1,1,0.064,-0.595,in_circle
102.466,4,246,-0.03024,0.03580,0.0588,0.1448,0.03260,0.04453,0.03730,1,1,-0.015,-0.751,in_circle
102.510,4,247,-0.02944,0.03776,0.0437,0.1078,0.05731,0.04216,0.03843,1,1,-0.044,-0.672,in_circle
102.553,4,248,-0.02844,0.03860,0.0550,0.0462,0.09670,0.04281,0.03858,1,1,0.015,-0.531,in_circle
102.598,4,249,-0.02706,0.03828,0.0759,-0.0178,0.09196,0.04056,0.03759,1,1,-0.032,-0.288,in_circle
102.641,4,250,-0.02622,0.03623,0.0463,-0.1127,0.05413,0.03963,0.03540,1,1,-0.118,-0.032,in_circle
102.686,4,251,-0.02463,0.03426,0.0872,-0.1081,0.02435,0.04001,0.03289,1,1,-0.001,0.351,in_circle
102.730,4,252,-0.02286,0.03162,0.0973,-0.1452,-0.00946,0.03678,0.02972,1,1,-0.168,0.336,in_circle
102.775,4,253,-0.02146,0.02966,0.0770,-0.1077,-0.05018,0.03135,0.02733,1,1,-0.211,0.490,in_circle
102.817,4,254,-0.01979,0.02858,0.0918,-0.0597,-0.08059,0.02868,0.02557,1,1,-0.133,0.344,in_circle
102.862,4,255,-0.01866,0.02781,0.0621,-0.0421,-0.10525,0.01915,0.02437,1,1,-0.196,0.154,in_circle
102.907,4,256,-0.01730,0.02802,0.0748,0.0116,-0.09247,0.00834,0.02399,1,1,-0.080,0.085,in_circle
102.950,4,257,-0.01784,0.02871,-0.0295,0.0380,-0.05948,0.00372,0.02483,1,1,-0.133,-0.132,in_circle
102.993,4,258,-0.01868,0.03150,-0.0461,0.1532,-0.02598,0.01037,0.02772,1,1,0.286,-0.240,in_circle
103.038,4,259,-0.01863,0.03351,0.0025,0.1104,0.00755,0.01858,0.02956,1,1,0.354,-0.709,in_circle
103.081,4,260,-0.01984,0.03561,-0.0663,0.1154,0.04150,0.04378,0.03196,1,1,0.161,-0.544,in_circle
103.126,4,261,-0.02060,0.03624,-0.0419,0.0350,0.07575,0.07636,0.03284,1,1,0.439,-0.571,in_circle
103.169,4,262,-0.02100,0.03637,-0.0218,0.0073,0.06789,0.09319,0.03312,1,1,0.344,-0.252,in_circle
103.214,4,263,-0.02045,0.03543,0.0303,-0.0518,0.05873,0.08342,0.03203,1,1,0.265,-0.143,in_circle
103.257,4,264,-0.01957,0.03331,0.0481,-0.1169,0.04023,0.06875,0.02974,1,1,0.056,0.094,in_circle
103.301,4,265,-0.01854,0.03077,0.0568,-0.1395,-0.01284,0.05261,0.02700,1,1,-0.017,0.359,in_circle
103.345,4,266,-0.01697,0.02799,0.0864,-0.1528,-0.04825,0.03324,0.02383,1,1,-0.054,0.455,in_circle
103.390,4,267,-0.01653,0.02558,0.0240,-0.1327,-0.06983,0.00621,0.02144,1,1,-0.176,0.514,in_circle
103.433,4,268,-0.01729,0.02400,-0.0415,-0.0867,-0.10410,-0.02499,0.02035,1,1,0.073,0.439,in_circle
103.520,4,269,-0.01844,0.02547,-0.0634,0.0805,-0.10371,-0.03247,0.02218,1,1,0.338,0.257,in_circle
103.566,4,270,-0.02102,0.02859,-0.1421,0.1720,-0.10237,-0.00128,0.02618,1,1,0.429,-0.416,in_circle
103.608,4,271,-0.02355,0.03098,-0.1392,0.1314,-0.07754,0.02972,0.02953,1,1,0.751,-0.791,in_circle
103.653,4,272,-0.02598,0.03584,-0.1336,0.2669,-0.03060,0.06029,0.03494,1,1,0.746,-0.636,in_circle
103.696,4,273,-0.02752,0.03991,-0.0848,0.2242,0.00610,0.08334,0.03923,1,1,0.731,-0.800,in_circle
103.742,4,274,-0.02906,0.04355,-0.0843,0.2001,0.03279,0.08655,0.04315,1,1,0.540,-0.800,in_circle
103.784,4,275,-0.02934,0.04597,-0.0158,0.1332,0.06907,0.07619,0.04541,1,1,0.536,-0.800,in_circle
103.830,4,276,-0.02957,0.04697,-0.0122,0.0546,0.09715,0.06565,0.04639,0,1,0.273,-0.669,running
103.874,4,277,-0.02926,0.04654,0.0166,-0.0232,0.09433,0.06176,0.04587,0,1,0.262,-0.376,running
103.918,4,278,-0.02815,0.04462,0.0613,-0.1060,0.07291,0.05790,0.04365,1,1,0.153,-0.083,in_circle
103.961,4,279,-0.02711,0.04136,0.0569,-0.1793,0.03570,0.05121,0.04029,1,1,-0.025,0.246,in_circle
104.006,4,280,-0.02564,0.03749,0.0809,-0.2124,-0.00400,0.03748,0.03620,1,1,-0.021,0.565,in_circle
104.049,4,281,-0.02402,0.03279,0.0894,-0.2586,-0.03535,0.02026,0.03132,1,1,-0.121,0.709,in_circle
104.093,4,282,-0.02209,0.02802,0.1058,-0.2624,-0.06569,-0.00216,0.02625,1,1,-0.158,0.800,in_circle
104.136,4,283,-0.02132,0.02589,0.0423,-0.1173,-0.09938,-0.01680,0.02405,1,1,-0.228,0.800,in_circle
104.183,4,284,-0.02147,0.02347,-0.0081,-0.1332,-0.11004,-0.02078,0.02218,1,1,0.025,0.354,in_circle
104.233,4,285,-0.02105,0.02384,0.0230,0.0206,-0.10994,-0.01731,0.02223,1,1,0.227,0.423,in_circle
104.278,4,286,-0.02250,0.02461,-0.0794,0.0423,-0.10334,-0.00042,0.02371,1,1,0.102,-0.194,in_circle
104.320,4,287,-0.02287,0.02745,-0.0207,0.1560,-0.09130,0.03424,0.02621,1,1,0.516,-0.283,in_circle
104.360,4,288,-0.02402,0.03126,-0.0630,0.2096,-0.06199,0.07949,0.03002,1,1,0.283,-0.746,in_circle
104.402,4,289,-0.02482,0.03566,-0.0443,0.2420,-0.01946,0.09944,0.03420,1,1,0.455,-0.800,in_circle
104.447,4,290,-0.02467,0.03958,0.0087,0.2159,0.01561,0.08518,0.03758,1,1,0.384,-0.800,in_circle
104.490,4,291,-0.02390,0.04297,0.0421,0.1865,0.04835,0.06516,0.04033,1,1,0.172,-0.800,in_circle
104.533,4,292,-0.02314,0.04497,0.0420,0.1101,0.08618,0.05980,0.04188,1,1,0.038,-0.800,in_circle
104.580,4,293,-0.02054,0.04566,0.1430,0.0379,0.10315,0.05137,0.04166,1,1,0.041,-0.609,in_circle
104.624,4,294,-0.01879,0.04490,0.0965,-0.0422,0.09604,0.03511,0.04042,1,1,-0.363,-0.329,in_circle
104.668,4,295,-0.01762,0.04203,0.0641,-0.1574,0.07264,0.00795,0.03735,1,1,-0.190,-0.009,in_circle
104.711,4,296,-0.01603,0.03775,0.0876,-0.2356,0.03497,-0.02104,0.03280,1,1,-0.064,0.459,in_circle
104.754,4,297,-0.01566,0.03370,0.0200,-0.2226,-0.00314,-0.04491,0.02880,1,1,-0.162,0.781,in_circle
104.796,4,298,-0.01658,0.02919,-0.0503,-0.2480,-0.03470,-0.04271,0.02480,1,1,0.108,0.738,in_circle
104.842,4,299,-0.01824,0.02530,-0.0915,-0.2140,-0.06914,-0.01351,0.02195,1,1,0.392,0.800,in_circle
104.885,4,300,-0.02019,0.02283,-0.1071,-0.1360,-0.10374,0.02946,0.02090,1,1,0.561,0.722,in_circle
104.930,4,301,-0.02200,0.02122,-0.0995,-0.0887,-0.11718,0.07347,0.02081,1,1,0.629,0.416,in_circle
104.973,4,302,-0.02435,0.02094,-0.1293,-0.0155,-0.11676,0.09826,0.02229,1,1,0.604,0.230,in_circle
105.018,4,303,-0.02459,0.02149,-0.0134,0.0305,-0.10567,0.08517,0.02285,1,1,0.729,-0.062,in_circle
105.062,4,304,-0.02530,0.02415,-0.0388,0.1463,-0.06551,0.06387,0.02521,1,1,0.267,-0.249,in_circle
105.106,4,305,-0.02531,0.02730,-0.0005,0.1733,-0.02669,0.06046,0.02757,1,1,0.371,-0.719,in_circle
105.151,4,306,-0.02519,0.03052,0.0066,0.1769,0.00016,0.06166,0.03006,1,1,0.219,-0.800,in_circle
105.193,4,307,-0.02418,0.03388,0.0553,0.1850,0.03536,0.05472,0.03234,1,1,0.191,-0.800,in_circle
105.238,4,308,-0.02371,0.03613,0.0260,0.1238,0.07499,0.04944,0.03408,1,1,-0.006,-0.800,in_circle
105.282,4,309,-0.02207,0.03797,0.0900,0.1010,0.09985,0.04334,0.03501,1,1,0.111,-0.664,in_circle
105.327,4,310,-0.02162,0.03726,0.0247,-0.0393,0.09957,0.03465,0.03418,1,1,-0.148,-0.579,in_circle
105.370,4,311,-0.02124,0.03477,0.0211,-0.1365,0.07277,0.02560,0.03176,1,1,0.112,-0.017,in_circle
105.415,4,312,-0.02085,0.03146,0.0215,-0.1824,0.03560,0.01676,0.02861,1,1,0.127,0.377,in_circle
105.459,4,313,-0.02092,0.02731,-0.0038,-0.2283,-0.00072,0.00941,0.02502,1,1,0.124,0.567,in_circle
105.544,4,314,-0.02130,0.02080,-0.0211,-0.3577,-0.06189,0.03778,0.02004,1,1,0.227,0.759,in_circle
105.591,4,315,-0.02176,0.01931,-0.0252,-0.0820,-0.06940,0.05698,0.01929,1,1,0.298,0.800,in_circle
105.634,4,316,-0.02280,0.01755,-0.0574,-0.0970,-0.08291,0.06599,0.01893,1,1,0.316,0.193,in_circle
105.678,4,317,-0.02225,0.01736,0.0307,-0.0106,-0.11685,0.06602,0.01838,1,1,0.448,0.257,in_circle
105.722,4,318,-0.02216,0.01758,0.0045,0.0125,-0.08326,0.06212,0.01845,1,1,0.095,-0.089,in_circle
105.765,4,319,-0.02152,0.02029,0.0356,0.1489,-0.04152,0.06358,0.01981,1,1,0.200,-0.182,in_circle
105.810,4,320,-0.02028,0.02263,0.0680,0.1289,-0.02337,0.05827,0.02080,1,1,0.075,-0.735,in_circle
105.853,4,321,-0.01982,0.02434,0.0256,0.0937,0.01070,0.04932,0.02193,1,1,-0.058,-0.662,in_circle
105.898,4,322,-0.01875,0.02598,0.0589,0.0902,0.05441,0.03807,0.02278,1,1,0.111,-0.526,in_circle
105.943,4,323,-0.01780,0.02657,0.0523,0.0323,0.07742,0.02550,0.02287,1,1,-0.024,-0.517,in_circle
105.986,4,324,-0.01630,0.02685,0.0823,0.0158,0.07091,0.01741,0.02252,1,1,0.001,-0.288,in_circle
106.030,4,325,-0.01677,0.02645,-0.0257,-0.0222,0.05782,0.01544,0.02233,1,1,-0.123,-0.224,in_circle
106.074,4,326,-0.01662,0.02483,0.0082,-0.0889,0.02677,0.01979,0.02080,1,1,0.311,-0.071,in_circle
106.117,4,327,-0.01629,0.02333,0.0181,-0.0827,-0.01793,0.01890,0.01930,1,1,0.175,0.199,in_circle
106.161,4,328,-0.01662,0.02203,-0.0184,-0.0712,-0.05140,0.02739,0.01830,1,1,0.135,0.177,in_circle
106.205,4,329,-0.01601,0.02119,0.0339,-0.0462,-0.07770,0.05875,0.01727,1,1,0.282,0.134,in_circle
106.251,4,330,-0.01529,0.02079,0.0395,-0.0220,-0.08720,0.07897,0.01658,1,1,0.072,0.035,in_circle
106.293,4,331,-0.01541,0.02200,-0.0066,0.0665,-0.06698,0.08346,0.01772,1,1,0.048,-0.061,in_circle
106.338,4,332,-0.01367,0.02306,0.0957,0.0580,-0.03704,0.06794,0.01804,1,1,0.233,-0.419,in_circle
106.381,4,333,-0.01239,0.02584,0.0703,0.1529,0.00197,0.04867,0.02036,1,1,-0.180,-0.389,in_circle
106.427,4,334,-0.01189,0.02658,0.0278,0.0407,0.03716,0.02876,0.02098,1,1,-0.082,-0.776,in_circle
106.469,4,335,-0.01091,0.02787,0.0538,0.0713,0.05990,0.02270,0.02209,1,1,0.087,-0.330,in_circle
106.514,4,336,-0.00989,0.02824,0.0563,0.0203,0.08555,0.01001,0.02234,1,1,-0.019,-0.456,in_circle
106.557,4,337,-0.00913,0.02599,0.0413,-0.1240,0.06830,0.00618,0.02003,1,1,-0.031,-0.255,in_circle
106.603,4,338,-0.00948,0.02457,-0.0192,-0.0782,0.03582,0.01731,0.01864,1,1,0.027,0.328,in_circle
106.645,4,339,-0.00936,0.02233,0.0069,-0.1231,0.01960,0.03267,0.01640,1,1,0.270,0.147,in_circle
106.691,4,340,-0.00946,0.01873,-0.0059,-0.1978,-0.02179,0.04368,0.01284,1,1,0.165,0.332,in_circle
106.734,4,341,-0.01012,0.01728,-0.0361,-0.0799,-0.05780,0.06513,0.01152,1,1,0.216,0.639,in_circle
106.779,4,342,-0.00993,0.01556,0.0108,-0.0948,-0.07940,0.07427,0.00979,1,1,0.339,0.170,in_circle
106.822,4,343,-0.00995,0.01492,-0.0016,-0.0351,-0.11104,0.07111,0.00917,1,1,0.151,0.234,in_circle
106.867,4,344,-0.00866,0.01566,0.0710,0.0410,-0.08874,0.06932,0.00970,1,1,0.201,-0.004,in_circle
106.910,4,345,-0.00735,0.01673,0.0721,0.0589,-0.05512,0.06256,0.01074,1,1,-0.093,-0.310,in_circle
106.955,4,346,-0.00562,0.01907,0.0953,0.1283,-0.03521,0.05577,0.01325,1,1,-0.100,-0.385,in_circle
106.998,4,347,-0.00387,0.02184,0.0961,0.1527,-0.00013,0.04053,0.01632,1,1,-0.198,-0.669,in_circle
107.042,4,348,-0.00228,0.02342,0.0875,0.0868,0.04508,0.01032,0.01827,1,1,-0.206,-0.775,in_circle
107.087,4,349,-0.00084,0.02502,0.0794,0.0883,0.07445,-0.02388,0.02026,1,1,-0.175,-0.516,in_circle
107.129,4,350,-0.00029,0.02474,0.0301,-0.0159,0.10250,-0.04230,0.02019,1,1,-0.147,-0.526,in_circle
107.176,4,351,-0.00111,0.02360,-0.0453,-0.0627,0.08071,-0.04192,0.01882,1,1,0.049,-0.110,in_circle
107.218,4,352,-0.00364,0.02159,-0.1391,-0.1105,0.03625,-0.01977,0.01613,1,1,0.352,0.079,in_circle
107.264,4,353,-0.00559,0.01933,-0.1070,-0.1239,0.00953,0.01908,0.01352,1,1,0.733,0.275,in_circle
107.307,4,354,-0.00784,0.01673,-0.1241,-0.1433,-0.02171,0.06540,0.01073,1,1,0.610,0.334,in_circle
107.350,4,355,-0.01045,0.01462,-0.1435,-0.1161,-0.06405,0.09719,0.00902,1,1,0.684,0.417,in_circle
107.395,4,356,-0.01199,0.01332,-0.0845,-0.0712,-0.09387,0.09254,0.00844,1,1,0.768,0.313,in_circle
107.438,4,357,-0.01323,0.01207,-0.0682,-0.0688,-0.11227,0.07032,0.00815,1,1,0.536,0.137,in_circle
107.483,4,358,-0.01329,0.01345,-0.0031,0.0755,-0.09762,0.05563,0.00925,1,1,0.474,0.130,in_circle
107.570,4,359,-0.01266,0.01713,0.0346,0.2025,-0.02962,0.05711,0.01214,1,1,0.215,-0.451,in_circle
107.616,4,360,-0.01256,0.01893,0.0050,0.0993,-0.02198,0.05829,0.01378,1,1,0.062,-0.800,in_circle
107.657,4,361,-0.01213,0.02250,0.0241,0.1961,-0.00905,0.05418,0.01706,1,1,0.181,-0.562,in_circle
107.704,4,362,-0.01042,0.02448,0.0936,0.1090,0.04583,0.04379,0.01867,1,1,0.104,-0.800,in_circle
107.746,4,363,-0.00955,0.02697,0.0479,0.1369,0.05684,0.03229,0.02104,1,1,-0.179,-0.616,in_circle
107.799,4,364,-0.00815,0.02762,0.0771,0.0359,0.06172,0.02405,0.02162,1,1,0.002,-0.734,in_circle
107.881,4,365,-0.00774,0.02603,0.0226,-0.0877,0.05588,0.01681,0.02003,1,1,-0.118,-0.333,in_circle
107.922,4,366,-0.00776,0.02465,-0.0012,-0.0759,0.04053,0.01655,0.01865,1,1,0.099,0.164,in_circle
107.967,4,367,-0.00740,0.02260,0.0202,-0.1126,0.01817,0.01641,0.01661,1,1,0.194,0.119,in_circle
108.010,4,368,-0.00844,0.01989,-0.0574,-0.1491,-0.00082,0.02107,0.01390,1,1,0.107,0.270,in_circle
108.056,4,369,-0.00891,0.01816,-0.0259,-0.0954,-0.04514,0.04522,0.01221,1,1,0.420,0.423,in_circle
108.097,4,370,-0.00946,0.01619,-0.0303,-0.1084,-0.08546,0.07382,0.01032,1,1,0.295,0.211,in_circle
108.143,4,371,-0.00973,0.01536,-0.0147,-0.0456,-0.10695,0.08496,0.00955,1,1,0.315,0.268,in_circle
108.186,4,372,-0.00876,0.01580,0.0534,0.0245,-0.09206,0.07628,0.00985,1,1,0.253,0.019,in_circle
108.232,4,373,-0.00685,0.01692,0.1047,0.0618,-0.06153,0.06753,0.01097,1,1,-0.022,-0.263,in_circle
108.274,4,374,-0.00579,0.02044,0.0584,0.1936,-0.03677,0.06238,0.01458,1,1,-0.232,-0.416,in_circle
108.318,4,375,-0.00436,0.02237,0.0787,0.1058,0.00090,0.05341,0.01673,1,1,-0.049,-0.800,in_circle
108.362,4,376,-0.00244,0.02466,0.1055,0.1259,0.04070,0.02390,0.01941,1,1,-0.134,-0.607,in_circle
108.406,4,377,-0.00107,0.02626,0.0754,0.0881,0.06964,-0.02501,0.02135,1,1,-0.246,-0.694,in_circle
108.450,4,378,0.00119,0.02628,0.1242,0.0010,0.07007,-0.05211,0.02218,1,1,-0.130,-0.548,in_circle
108.494,4,379,0.00058,0.02715,-0.0335,0.0481,0.06908,-0.04717,0.02275,1,1,-0.331,-0.200,in_circle
108.538,4,380,-0.00210,0.02579,-0.1471,-0.0752,0.05046,-0.02891,0.02059,1,1,0.301,-0.392,in_circle
108.583,4,381,-0.00430,0.02415,-0.1212,-0.0903,0.00167,0.00479,0.01848,1,1,0.762,0.104,in_circle
108.627,4,382,-0.00656,0.02216,-0.1244,-0.1091,-0.01351,0.03371,0.01621,1,1,0.664,0.168,in_circle
108.673,4,383,-0.00937,0.02070,-0.1542,-0.0805,-0.02497,0.06326,0.01478,1,1,0.682,0.247,in_circle
108.716,4,384,-0.01217,0.01930,-0.1540,-0.0771,-0.06560,0.08568,0.01399,1,1,0.800,0.136,in_circle
108.761,4,385,-0.01332,0.01919,-0.0636,-0.0059,-0.09048,0.08233,0.01430,1,1,0.800,0.125,in_circle
108.802,4,386,-0.01404,0.01986,-0.0396,0.0370,-0.07394,0.06941,0.01520,1,1,0.456,-0.160,in_circle
108.849,4,387,-0.01539,0.02124,-0.0741,0.0756,-0.05612,0.06609,0.01702,1,1,0.362,-0.334,in_circle
108.890,4,388,-0.01567,0.02276,-0.0156,0.0840,-0.03336,0.06357,0.01852,1,1,0.504,-0.492,in_circle
108.936,4,389,-0.01564,0.02523,0.0018,0.1356,0.01567,0.06016,0.02077,1,1,0.271,-0.530,in_circle
108.978,4,390,-0.01535,0.02658,0.0157,0.0745,0.04958,0.05453,0.02193,1,1,0.202,-0.744,in_circle
109.026,4,391,-0.01474,0.02802,0.0335,0.0789,0.08015,0.05414,0.02309,1,1,0.146,-0.504,in_circle
109.067,4,392,-0.01413,0.02711,0.0340,-0.0499,0.11183,0.05304,0.02204,1,1,0.073,-0.526,in_circle
109.114,4,393,-0.01400,0.02501,0.0069,-0.1159,0.08701,0.04885,0.01999,1,1,0.070,-0.009,in_circle
109.153,4,394,-0.01354,0.02305,0.0253,-0.1077,0.04252,0.04537,0.01799,1,1,0.178,0.259,in_circle
109.201,4,395,-0.01279,0.01898,0.0412,-0.2239,0.01701,0.03873,0.01390,1,1,0.104,0.230,in_circle
109.243,4,396,-0.01265,0.01548,0.0078,-0.1922,-0.01332,0.03561,0.01065,1,1,0.039,0.705,in_circle
109.296,4,397,-0.01265,0.01548,0.0000,0.0000,-0.05671,0.03536,0.01065,0,0,0.172,0.586,in_circle
109.332,4,398,-0.01117,0.01007,0.0817,-0.2976,-0.08321,0.03681,0.00528,1,1,0.203,-0.183,in_circle
109.377,4,399,-0.01079,0.00788,0.0205,-0.1203,-0.10081,0.03810,0.00354,1,1,-0.127,0.800,in_circle
109.418,4,400,-0.00985,0.00693,0.0521,-0.0527,-0.08479,0.05078,0.00225,1,1,0.117,0.317,in_circle
109.466,4,401,-0.00893,0.00774,0.0506,0.0449,-0.08413,0.05902,0.00208,1,1,-0.011,0.049,in_circle
109.507,4,402,-0.00792,0.00894,0.0556,0.0658,-0.08387,0.05515,0.00294,1,1,-0.008,-0.344,in_circle
109.594,4,403,-0.00691,0.01153,0.0556,0.1426,0.00232,0.05316,0.00560,1,1,-0.030,-0.430,in_circle
109.647,4,404,-0.00691,0.01153,0.0000,0.0000,-0.00126,0.05177,0.00560,0,0,-0.033,-0.744,in_circle
109.684,4,405,-0.00486,0.01477,0.1126,0.1782,0.01673,0.04816,0.00925,1,1,0.189,-0.174,in_circle
109.729,4,406,-0.00377,0.01625,0.0600,0.0813,0.07692,0.04733,0.01101,1,1,-0.266,-0.800,in_circle
109.770,4,407,-0.00260,0.01578,0.0639,-0.0256,0.05513,0.04189,0.01108,1,1,-0.059,-0.512,in_circle
109.819,4,408,-0.00096,0.01440,0.0904,-0.0761,0.04048,0.04129,0.01083,1,1,-0.078,-0.084,in_circle
109.859,4,409,0.00040,0.01398,0.0751,-0.0229,0.04827,0.03613,0.01145,1,1,-0.188,0.121,in_circle
109.905,4,410,0.00164,0.01215,0.0677,-0.1009,-0.00752,0.03146,0.01126,1,1,-0.130,-0.091,in_circle
109.946,4,411,0.00341,0.00972,0.0977,-0.1339,-0.04899,0.02920,0.01181,1,1,-0.104,0.226,in_circle
109.998,4,412,0.00341,0.00972,0.0000,0.0000,-0.04628,0.02252,0.01181,0,0,-0.229,0.363,in_circle
110.035,4,413,0.00422,0.00728,0.0442,-0.1339,-0.06957,0.01803,0.01208,1,1,0.161,-0.172,in_circle
110.080,4,414,0.00409,0.00753,-0.0069,0.0135,-0.10185,0.01840,0.01199,1,1,-0.018,0.369,in_circle
110.122,4,415,0.00483,0.00813,0.0406,0.0332,-0.07672,0.01599,0.01281,1,1,0.186,-0.221,in_circle
110.166,4,416,0.00496,0.00996,0.0072,0.1006,-0.07407,0.03247,0.01336,1,1,-0.006,-0.301,in_circle
110.211,4,417,0.00547,0.01256,0.0282,0.1428,-0.07746,0.04755,0.01480,1,1,0.126,-0.576,in_circle
110.254,4,418,0.00508,0.01491,-0.0212,0.1292,-0.02324,0.06618,0.01566,1,1,0.040,-0.751,in_circle
110.298,4,419,0.00531,0.01694,0.0122,0.1117,0.01878,0.07378,0.01707,1,1,0.238,-0.703,in_circle
110.343,4,420,0.00571,0.01866,0.0221,0.0950,0.03724,0.07266,0.01851,1,1,0.104,-0.639,in_circle
110.386,4,421,0.00705,0.02082,0.0741,0.1187,0.07092,0.07147,0.02098,1,1,0.063,-0.577,in_circle
110.433,4,422,0.00877,0.02083,0.0941,0.0006,0.07606,0.06635,0.02224,1,1,-0.150,-0.678,in_circle
110.474,4,423,0.01122,0.02070,0.1350,-0.0074,0.05887,0.05628,0.02404,1,1,-0.235,-0.206,in_circle
110.522,4,424,0.01241,0.01971,0.0655,-0.0540,0.06029,0.02794,0.02443,1,1,-0.405,-0.174,in_circle
110.563,4,425,0.01359,0.01739,0.0647,-0.1277,0.03604,-0.01269,0.02423,1,1,-0.131,0.014,in_circle
110.607,4,426,0.01456,0.01438,0.0534,-0.1657,-0.02119,-0.05726,0.02388,1,1,-0.132,0.314,in_circle
110.651,4,427,0.01498,0.01257,0.0231,-0.0996,-0.04816,-0.08106,0.02371,1,1,-0.090,0.473,in_circle
110.693,4,428,0.01375,0.01091,-0.0674,-0.0913,-0.07247,-0.06003,0.02211,1,1,0.029,0.213,in_circle
110.747,4,429,0.01375,0.01091,0.0000,0.0000,-0.10590,-0.00677,0.02211,0,0,0.393,0.184,in_circle
110.785,4,430,0.00886,0.01027,-0.2689,-0.0352,-0.08380,0.05194,0.01720,1,1,0.123,-0.182,in_circle
110.828,4,431,0.00575,0.01057,-0.1713,0.0169,-0.04876,0.09847,0.01430,1,1,0.800,-0.039,in_circle
110.870,4,432,0.00394,0.01269,-0.0993,0.1164,-0.03503,0.10245,0.01352,1,1,0.800,-0.249,in_circle
110.915,4,433,0.00235,0.01401,-0.0879,0.0727,-0.00293,0.07500,0.01293,1,1,0.543,-0.652,in_circle
110.960,4,434,0.00119,0.01517,-0.0638,0.0636,0.03705,0.05585,0.01284,1,1,0.501,-0.481,in_circle
111.003,4,435,0.00237,0.01542,0.0651,0.0136,0.06669,0.05169,0.01386,1,1,0.406,-0.448,in_circle
111.046,4,436,0.00088,0.01411,-0.0819,-0.0718,0.06193,0.04998,0.01188,1,1,-0.112,-0.249,in_circle
111.090,4,437,0.00093,0.01277,0.0029,-0.0739,0.04708,0.05593,0.01105,1,1,0.479,0.095,in_circle
111.135,4,438,0.00195,0.01019,0.0562,-0.1417,0.02385,0.04729,0.01062,1,1,0.139,0.107,in_circle
111.178,4,439,0.00218,0.00775,0.0126,-0.1344,-0.02245,0.04041,0.01013,1,1,-0.077,0.384,in_circle
111.224,4,440,0.00249,0.00480,0.0168,-0.1621,-0.05613,0.04016,0.01036,1,1,0.097,0.361,in_circle
111.274,4,441,0.00249,0.00480,0.0000,0.0000,-0.07972,0.03293,0.01036,0,0,0.078,0.479,in_circle
111.357,4,442,0.00389,0.00265,0.0770,-0.1183,-0.10126,0.02152,0.01216,1,1,0.145,-0.169,in_circle
111.398,4,443,0.00399,0.00380,0.0053,0.0635,-0.08576,0.02579,0.01199,1,1,-0.167,0.310,in_circle
111.443,4,444,0.00456,0.00542,0.0318,0.0890,-0.07053,0.03689,0.01238,1,1,0.119,-0.420,in_circle
111.488,4,445,0.00448,0.00813,-0.0047,0.1492,-0.08127,0.04239,0.01246,1,1,0.011,-0.526,in_circle
111.530,4,446,0.00420,0.01193,-0.0155,0.2089,-0.05173,0.04362,0.01338,1,1,0.156,-0.774,in_circle
111.619,4,447,0.00493,0.01910,0.0404,0.3943,0.02687,0.05961,0.01827,1,1,0.199,-0.800,in_circle
111.665,4,448,0.00553,0.02264,0.0327,0.1947,0.02444,0.06593,0.02132,1,1,-0.027,-0.800,in_circle
111.707,4,449,0.00681,0.02398,0.0708,0.0736,0.04438,0.06705,0.02317,1,1,0.002,-0.800,in_circle
111.751,4,450,0.00744,0.02601,0.0346,0.1115,0.07992,0.06150,0.02515,1,1,-0.154,-0.514,in_circle
111.795,4,451,0.00946,0.02633,0.1107,0.0176,0.08433,0.05200,0.02666,1,1,-0.012,-0.671,in_circle
111.840,4,452,0.01085,0.02482,0.0768,-0.0830,0.05356,0.03697,0.02650,1,1,-0.322,-0.297,in_circle
111.882,4,453,0.01295,0.02295,0.1154,-0.1027,0.04090,0.01547,0.02679,1,1,-0.191,0.108,in_circle
111.929,4,454,0.01355,0.02038,0.0330,-0.1415,0.02080,-0.00697,0.02574,1,1,-0.351,0.191,in_circle
111.970,4,455,0.01481,0.01793,0.0690,-0.1344,-0.03017,-0.03146,0.02556,1,1,-0.024,0.352,in_circle
112.017,4,456,0.01423,0.01563,-0.0317,-0.1265,-0.06875,-0.04341,0.02404,1,1,-0.172,0.329,in_circle
112.059,4,457,0.01322,0.01430,-0.0557,-0.0730,-0.08542,-0.03845,0.02260,1,1,0.231,0.303,in_circle
112.103,4,458,0.01098,0.01415,-0.1232,-0.0084,-0.09788,-0.00385,0.02047,1,1,0.329,0.092,in_circle
112.146,4,459,0.00847,0.01473,-0.1381,0.0317,-0.08467,0.03884,0.01846,1,1,0.603,-0.167,in_circle
112.193,4,460,0.00589,0.01572,-0.1416,0.0545,-0.04998,0.08041,0.01679,1,1,0.669,-0.329,in_circle
112.235,4,461,0.00475,0.01744,-0.0630,0.0948,-0.01252,0.09709,0.01698,1,1,0.689,-0.423,in_circle
112.283,4,462,0.00340,0.01868,-0.0739,0.0678,0.02469,0.08666,0.01692,1,1,0.376,-0.589,in_circle
112.323,4,463,0.00259,0.02017,-0.0446,0.0821,0.04949,0.06993,0.01757,1,1,0.423,-0.485,in_circle
112.369,4,464,0.00222,0.02029,-0.0205,0.0066,0.08822,0.06111,0.01745,1,1,0.307,-0.546,in_circle
112.410,4,465,0.00326,0.01933,0.0573,-0.0527,0.08191,0.04682,0.01732,1,1,0.211,-0.245,in_circle
112.457,4,466,0.00306,0.01681,-0.0109,-0.1383,0.06265,0.04013,0.01533,1,1,-0.103,-0.006,in_circle
112.499,4,467,0.00307,0.01360,0.0003,-0.1769,0.04414,0.03101,0.01326,1,1,0.170,0.342,in_circle
112.546,4,468,0.00333,0.01180,0.0147,-0.0991,-0.00667,0.01984,0.01255,1,1,0.125,0.504,in_circle
112.588,4,469,0.00244,0.00860,-0.0491,-0.1759,-0.04064,0.00537,0.01057,1,1,0.066,0.197,in_circle
112.634,4,470,0.00360,0.00482,0.0638,-0.2076,-0.06072,0.00765,0.01146,1,1,0.323,0.512,in_circle
112.681,4,471,0.00360,0.00482,0.0000,0.0000,-0.06015,0.02316,0.01146,0,0,-0.132,0.649,in_circle
112.732,4,472,0.00360,0.00482,0.0000,0.0000,-0.07310,0.04111,0.01146,0,0,0.122,-0.182,in_circle
112.841,4,473,0.00360,0.00482,0.0000,0.0000,-0.08840,0.06801,0.01146,0,0,0.122,-0.182,ball_lost
114.346,5,0,0.04962,0.00099,0.0124,0.0319,-0.02105,0.04492,0.05764,0,1,-0.054,-0.165,running
114.434,5,1,0.04897,0.00236,-0.0359,0.0758,-0.00564,0.04773,0.05688,0,1,-0.102,-0.271,running
114.479,5,2,0.04890,0.00240,-0.0039,0.0020,0.00461,0.04595,0.05681,0,1,0.061,-0.423,running
114.522,5,3,0.04890,0.00164,0.0003,-0.0416,0.01714,0.04312,0.05687,0,1,-0.048,-0.177,running
114.569,5,4,0.04905,0.00061,0.0079,-0.0567,0.05346,0.04753,0.05710,0,1,-0.064,-0.030,running
114.609,5,5,0.04928,-0.00105,0.0127,-0.0913,0.03179,0.04801,0.05751,0,1,-0.093,0.024,running
114.655,5,6,0.04893,-0.00328,-0.0189,-0.1230,-0.01977,0.04225,0.05749,0,1,-0.113,0.143,running
114.698,5,7,0.04851,-0.00599,-0.0232,-0.1486,-0.04377,0.03787,0.05757,0,1,-0.010,0.256,running
114.745,5,8,0.04826,-0.00779,-0.0137,-0.0993,-0.07228,0.03189,0.05774,0,1,0.003,0.349,running
114.785,5,9,0.04747,-0.00933,-0.0436,-0.0846,-0.10069,0.02630,0.05736,0,1,-0.031,0.193,running
114.833,5,10,0.04684,-0.00803,-0.0346,0.0712,-0.10142,0.02748,0.05642,0,1,0.069,0.151,running
114.874,5,11,0.04579,-0.00664,-0.0577,0.0768,-0.07574,0.03282,0.05506,0,1,0.043,-0.371,running
114.922,5,12,0.04513,-0.00468,-0.0366,0.1075,-0.03640,0.03550,0.05400,0,1,0.128,-0.398,running
114.961,5,13,0.04472,-0.00216,-0.0226,0.1386,-0.00460,0.05168,0.05315,0,1,0.061,-0.514,running
115.008,5,14,0.04391,-0.00017,-0.0443,0.1097,0.02940,0.06587,0.05208,0,1,0.015,-0.633,running
115.049,5,15,0.04361,0.00089,-0.0165,0.0585,0.06065,0.07383,0.05166,0,1,0.095,-0.544,running
115.099,5,16,0.04316,0.00088,-0.0247,-0.0006,0.09707,0.07255,0.05122,0,1,-0.003,-0.368,running
115.138,5,17,0.04356,-0.00001,0.0218,-0.0490,0.08444,0.06825,0.05171,0,1,0.027,-0.159,running
115.184,5,18,0.04363,-0.00297,0.0040,-0.1630,0.04693,0.06495,0.05221,0,1,-0.143,0.015,running
115.226,5,19,0.04409,-0.00631,0.0251,-0.1838,0.02045,0.05587,0.05333,0,1,-0.083,0.424,running
115.274,5,20,0.04446,-0.01044,0.0206,-0.2270,-0.02125,0.02762,0.05479,0,1,-0.163,0.500,running
115.314,5,21,0.04439,-0.01325,-0.0042,-0.1546,-0.05475,-0.00590,0.05563,0,1,-0.154,0.652,running
115.358,5,22,0.04350,-0.01562,-0.0491,-0.1300,-0.08245,-0.02919,0.05566,0,1,-0.073,0.411,running
115.402,5,23,0.04162,-0.01743,-0.1034,-0.0999,-0.10576,-0.03531,0.05469,0,1,0.079,0.336,running
115.446,5,24,0.03959,-0.01844,-0.1112,-0.0554,-0.08812,-0.02360,0.05332,0,1,0.272,0.244,running
115.489,5,25,0.03653,-0.01832,-0.1687,0.0064,-0.07023,0.01409,0.05056,0,1,0.313,0.098,running
115.534,5,26,0.03255,-0.01715,-0.2190,0.0643,-0.03718,0.06415,0.04652,0,1,0.545,-0.119,running
115.580,5,27,0.02927,-0.01577,-0.1803,0.0763,0.00622,0.10297,0.04299,1,1,0.778,-0.344,in_circle
115.623,5,28,0.02667,-0.01492,-0.1430,0.0467,0.03936,0.09929,0.04032,1,1,0.673,-0.407,in_circle
115.668,5,29,0.02526,-0.01446,-0.0776,0.0253,0.06516,0.07493,0.03888,1,1,0.554,-0.301,in_circle
115.710,5,30,0.02435,-0.01650,-0.0498,-0.1123,0.07432,0.06246,0.03924,1,1,0.297,-0.216,in_circle
115.755,5,31,0.02447,-0.01944,0.0064,-0.1616,0.05055,0.05812,0.04109,1,1,0.187,0.340,in_circle
115.799,5,32,0.02434,-0.02339,-0.0070,-0.2173,0.01494,0.05447,0.04355,1,1,-0.042,0.540,in_circle
115.842,5,33,0.02398,-0.02686,-0.0197,-0.1910,-0.02399,0.03676,0.04572,0,1,0.006,0.754,running
115.886,5,34,0.02316,-0.03016,-0.0450,-0.1813,-0.05149,0.01487,0.04761,0,1,0.049,0.651,running
115.931,5,35,0.02224,-0.03376,-0.0506,-0.1979,-0.08829,-0.01327,0.04983,0,1,0.139,0.614,running
115.975,5,36,0.02149,-0.03590,-0.0415,-0.1177,-0.10378,-0.02597,0.05112,0,1,0.153,0.675,running
116.019,5,37,0.01943,-0.03706,-0.1132,-0.0639,-0.10294,-0.00884,0.05095,0,1,0.117,0.390,running
116.062,5,38,0.01641,-0.03721,-0.1664,-0.0084,-0.10430,0.03006,0.04953,0,1,0.378,0.204,running
116.107,5,39,0.01379,-0.03588,-0.1439,0.0731,-0.08112,0.07599,0.04712,0,1,0.587,0.006,running
116.150,5,40,0.01165,-0.03479,-0.1175,0.0603,-0.04345,0.09978,0.04519,1,1,0.529,-0.303,in_circle
116.193,5,41,0.00981,-0.03328,-0.1014,0.0829,-0.00209,0.08869,0.04305,1,1,0.447,-0.265,in_circle
116.239,5,42,0.00824,-0.03214,-0.0861,0.0629,0.02716,0.07057,0.04137,1,1,0.401,-0.365,in_circle
116.282,5,43,0.00752,-0.03148,-0.0394,0.0360,0.04838,0.05799,0.04049,1,1,0.353,-0.296,in_circle
116.329,5,44,0.00632,-0.03141,-0.0665,0.0038,0.05905,0.05506,0.03998,1,1,0.171,-0.193,in_circle
116.370,5,45,0.00613,-0.03244,-0.0102,-0.0566,0.04465,0.05286,0.04089,1,1,0.283,-0.064,in_circle
116.459,5,46,0.00506,-0.03625,-0.0590,-0.2094,-0.02194,0.04826,0.04416,1,1,0.056,0.184,in_circle
116.503,5,47,0.00486,-0.03859,-0.0106,-0.1287,-0.02564,0.05102,0.04635,0,1,0.242,0.780,running
116.546,5,48,0.00396,-0.04009,-0.0500,-0.0827,-0.03766,0.04583,0.04756,0,1,0.054,0.473,running
116.589,5,49,0.00351,-0.04172,-0.0244,-0.0897,-0.09237,0.04250,0.04904,0,1,0.201,0.305,running
116.635,5,50,0.00337,-0.04245,-0.0080,-0.0399,-0.09662,0.04102,0.04972,0,1,0.105,0.336,running
116.678,5,51,0.00270,-0.04264,-0.0365,-0.0109,-0.06276,0.04392,0.04977,0,1,0.044,0.160,running
116.724,5,52,0.00237,-0.04225,-0.0181,0.0220,-0.05673,0.04700,0.04931,0,1,0.149,0.058,running
116.765,5,53,0.00259,-0.04134,0.0117,0.0501,-0.03150,0.04735,0.04846,0,1,0.083,-0.061,running
116.812,5,54,0.00197,-0.04100,-0.0338,0.0185,0.01840,0.05330,0.04800,0,1,-0.026,-0.167,running
116.854,5,55,0.00190,-0.04077,-0.0041,0.0126,0.04417,0.05896,0.04776,0,1,0.143,-0.052,running
116.899,5,56,0.00236,-0.04143,0.0256,-0.0363,0.06458,0.05879,0.04850,0,1,0.034,-0.030,running
116.942,5,57,0.00247,-0.04254,0.0060,-0.0613,0.04193,0.05520,0.04962,0,1,-0.077,0.155,running
116.987,5,58,0.00329,-0.04433,0.0451,-0.0985,-0.00586,0.05489,0.05154,0,1,-0.007,0.252,running
117.031,5,59,0.00333,-0.04658,0.0019,-0.1238,-0.03649,0.05088,0.05375,0,1,-0.149,0.392,running
117.075,5,60,0.00413,-0.04846,0.0439,-0.1033,-0.05945,0.03766,0.05575,0,1,0.002,0.485,running
117.118,5,61,0.00490,-0.04987,0.0426,-0.0774,-0.09959,0.02671,0.05730,0,1,-0.143,0.420,running
117.164,5,62,0.00472,-0.05042,-0.0099,-0.0304,-0.10972,0.01909,0.05779,0,1,-0.140,0.340,running
117.206,5,63,0.00452,-0.04960,-0.0110,0.0452,-0.09692,0.01524,0.05695,0,1,0.033,0.189,running
117.253,5,64,0.00374,-0.04790,-0.0428,0.0936,-0.08717,0.01144,0.05512,0,1,0.038,-0.064,running
117.294,5,65,0.00225,-0.04577,-0.0823,0.1170,-0.04008,0.01547,0.05274,0,1,0.150,-0.239,running
117.341,5,66,0.00092,-0.04271,-0.0731,0.1685,-0.00032,0.03515,0.04948,0,1,0.297,-0.341,running
117.381,5,67,-0.00030,-0.04089,-0.0671,0.1002,0.02324,0.06214,0.04748,0,1,0.280,-0.558,running
117.430,5,68,-0.00212,-0.03964,-0.0998,0.0685,0.06212,0.08302,0.04599,0,1,0.268,-0.327,running
117.471,5,69,-0.00285,-0.03928,-0.0403,0.0196,0.09291,0.08591,0.04555,0,1,0.400,-0.218,running
117.518,5,70,-0.00323,-0.04004,-0.0210,-0.0418,0.06400,0.07609,0.04627,0,1,0.179,-0.035,running
117.558,5,71,-0.00334,-0.04190,-0.0057,-0.1021,0.02321,0.06911,0.04811,0,1,0.106,0.202,running
117.605,5,72,-0.00328,-0.04372,0.0032,-0.1002,-0.00865,0.06684,0.04993,0,1,0.048,0.432,running
117.647,5,73,-0.00312,-0.04648,0.0085,-0.1518,-0.03692,0.04891,0.05269,0,1,0.015,0.430,running
117.691,5,74,-0.00277,-0.04807,0.0196,-0.0872,-0.07612,0.01660,0.05430,0,1,-0.005,0.617,running
117.736,5,75,-0.00288,-0.04987,-0.0062,-0.0990,-0.10170,-0.01100,0.05608,0,1,-0.044,0.397,running
117.780,5,76,-0.00367,-0.05013,-0.0437,-0.0143,-0.10766,-0.02190,0.05628,0,1,0.044,0.443,running
117.823,5,77,-0.00483,-0.04975,-0.0638,0.0210,-0.09920,-0.01830,0.05583,0,1,0.172,0.163,running
117.868,5,78,-0.00648,-0.04922,-0.0905,0.0288,-0.08317,-0.00023,0.05524,0,1,0.244,0.044,running
117.912,5,79,-0.00964,-0.04661,-0.1738,0.1435,-0.04593,0.04385,0.05265,0,1,0.341,0.017,running
117.956,5,80,-0.01195,-0.04466,-0.1271,0.1073,-0.00739,0.09165,0.05083,0,1,0.652,-0.400,running
117.998,5,81,-0.01431,-0.04280,-0.1297,0.1023,0.02509,0.10359,0.04924,0,1,0.505,-0.290,running
118.042,5,82,-0.01617,-0.04186,-0.1027,0.0519,0.05356,0.08452,0.04859,0,1,0.529,-0.286,running
118.086,5,83,-0.01719,-0.04178,-0.0561,0.0045,0.05312,0.06008,0.04869,0,1,0.439,-0.107,running
118.130,5,84,-0.01831,-0.04226,-0.0616,-0.0265,0.03606,0.04587,0.04939,0,1,0.272,0.069,running
118.175,5,85,-0.01884,-0.04405,-0.0288,-0.0986,0.01050,0.04602,0.05126,0,1,0.295,0.186,running
118.217,5,86,-0.01921,-0.04525,-0.0204,-0.0659,-0.03423,0.04427,0.05251,0,1,0.177,0.453,running
118.266,5,87,-0.01981,-0.04724,-0.0330,-0.1094,-0.06610,0.04374,0.05458,0,1,0.148,0.342,running
118.307,5,88,-0.02051,-0.04870,-0.0385,-0.0804,-0.08922,0.04330,0.05616,0,1,0.193,0.500,running
118.351,5,89,-0.02054,-0.04882,-0.0020,-0.0064,-0.09200,0.04445,0.05628,0,1,0.214,0.407,running
118.396,5,90,-0.02131,-0.04849,-0.0421,0.0179,-0.09224,0.04536,0.05614,0,1,0.092,0.162,running
118.483,5,91,-0.02196,-0.04578,-0.0360,0.1493,-0.04561,0.06179,0.05368,0,1,0.230,0.084,running
118.529,5,92,-0.02205,-0.04409,-0.0049,0.0927,-0.03542,0.06253,0.05208,0,1,0.214,-0.385,running
118.571,5,93,-0.02202,-0.04208,0.0021,0.1104,-0.02699,0.06214,0.05014,0,1,0.107,-0.202,running
118.618,5,94,-0.02127,-0.04091,0.0412,0.0644,0.03157,0.06429,0.04881,0,1,0.081,-0.282,running
118.659,5,95,-0.02106,-0.04034,0.0115,0.0315,0.03832,0.05833,0.04820,0,1,-0.064,-0.125,running
118.702,5,96,-0.02211,-0.03947,-0.0579,0.0480,0.03388,0.05600,0.04767,0,1,0.044,-0.007,running
118.747,5,97,-0.02247,-0.03963,-0.0197,-0.0090,0.03024,0.04929,0.04793,0,1,0.303,-0.070,running
118.790,5,98,-0.02298,-0.03960,-0.0280,0.0019,-0.01968,0.03834,0.04806,0,1,0.164,0.143,running
118.840,5,99,-0.02355,-0.04044,-0.0315,-0.0462,-0.05006,0.03651,0.04904,0,1,0.196,0.105,running
118.926,5,100,-0.02360,-0.04082,-0.0028,-0.0209,-0.06949,0.05654,0.04941,0,1,0.211,0.288,running
118.966,5,101,-0.02317,-0.03998,0.0236,0.0458,-0.07822,0.05921,0.04848,0,1,0.109,0.201,running
119.012,5,102,-0.02277,-0.03868,0.0224,0.0719,-0.08222,0.05866,0.04712,0,1,0.011,-0.045,running
119.053,5,103,-0.02244,-0.03649,0.0179,0.1201,-0.06044,0.05559,0.04494,1,1,0.012,-0.149,in_circle
119.099,5,104,-0.02138,-0.03476,0.0582,0.0953,-0.02526,0.05438,0.04296,1,1,0.025,-0.348,in_circle
119.143,5,105,-0.02055,-0.03220,0.0456,0.1408,0.01238,0.04354,0.04027,1,1,-0.136,-0.268,in_circle
119.187,5,106,-0.01965,-0.03072,0.0498,0.0813,0.04389,0.04018,0.03858,1,1,-0.095,-0.470,in_circle
119.232,5,107,-0.01909,-0.02971,0.0308,0.0558,0.05271,0.03713,0.03745,1,1,-0.115,-0.236,in_circle
119.275,5,108,-0.01848,-0.03012,0.0333,-0.0225,0.06602,0.02483,0.03766,1,1,-0.039,-0.135,in_circle
119.323,5,109,-0.01901,-0.03129,-0.0288,-0.0648,0.04563,0.01502,0.03894,1,1,-0.051,0.181,in_circle
119.363,5,110,-0.01977,-0.03272,-0.0418,-0.0783,0.00034,0.01247,0.04052,1,1,0.200,0.355,in_circle
119.409,5,111,-0.02103,-0.03478,-0.0697,-0.1133,-0.03237,0.01258,0.04287,1,1,0.253,0.413,in_circle
119.450,5,112,-0.02221,-0.03716,-0.0646,-0.1308,-0.05689,0.02371,0.04550,1,1,0.363,0.553,in_circle
119.499,5,113,-0.02402,-0.03863,-0.0999,-0.0811,-0.09744,0.05713,0.04749,0,1,0.342,0.622,running
119.539,5,114,-0.02546,-0.03872,-0.0791,-0.0050,-0.11499,0.08056,0.04808,0,1,0.475,0.438,running
119.585,5,115,-0.02629,-0.03786,-0.0458,0.0471,-0.11582,0.08661,0.04760,0,1,0.402,0.160,running
119.627,5,116,-0.02603,-0.03644,0.0146,0.0783,-0.10885,0.07477,0.04619,0,1,0.283,-0.034,running
119.674,5,117,-0.02617,-0.03339,-0.0079,0.1677,-0.07866,0.06222,0.04347,1,1,0.058,-0.159,in_circle
119.715,5,118,-0.02532,-0.03039,0.0467,0.1652,-0.03485,0.05607,0.04039,1,1,0.142,-0.525,in_circle
119.761,5,119,-0.02516,-0.02575,0.0089,0.2548,-0.00529,0.04586,0.03619,1,1,-0.079,-0.548,in_circle
119.804,5,120,-0.02418,-0.02280,0.0541,0.1627,0.02690,0.02382,0.03313,1,1,0.072,-0.800,in_circle
119.850,5,121,-0.02378,-0.02119,0.0219,0.0882,0.06753,0.00564,0.03154,1,1,-0.111,-0.557,in_circle
119.891,5,122,-0.02405,-0.01955,-0.0148,0.0901,0.09656,-0.00535,0.03028,1,1,0.018,-0.262,in_circle
119.936,5,123,-0.02481,-0.01969,-0.0416,-0.0077,0.07956,-0.00418,0.03081,1,1,0.166,-0.273,in_circle
119.978,5,124,-0.02597,-0.02045,-0.0638,-0.0416,0.03959,0.00033,0.03209,1,1,0.276,0.120,in_circle
120.026,5,125,-0.02713,-0.02275,-0.0639,-0.1267,-0.00114,0.03658,0.03465,1,1,0.368,0.258,in_circle
120.067,5,126,-0.02900,-0.02428,-0.1027,-0.0839,-0.03185,0.07967,0.03696,1,1,0.372,0.606,in_circle
120.112,5,127,-0.03066,-0.02690,-0.0916,-0.1441,-0.06443,0.09981,0.04006,1,1,0.533,0.440,in_circle
120.155,5,128,-0.03099,-0.02876,-0.0181,-0.1026,-0.09313,0.08127,0.04179,1,1,0.494,0.688,in_circle
120.201,5,129,-0.03091,-0.02899,0.0047,-0.0124,-0.10036,0.06279,0.04193,1,1,0.202,0.524,in_circle
120.242,5,130,-0.03033,-0.02839,0.0317,0.0330,-0.10531,0.05335,0.04111,1,1,0.114,0.173,in_circle
120.289,5,131,-0.03042,-0.02652,-0.0052,0.1028,-0.09728,0.05067,0.03962,1,1,0.005,-0.008,in_circle
120.331,5,132,-0.02993,-0.02373,0.0269,0.1535,-0.05885,0.03810,0.03707,1,1,0.152,-0.294,in_circle
120.378,5,133,-0.02910,-0.02155,0.0460,0.1198,-0.01722,0.01625,0.03483,1,1,0.023,-0.502,in_circle
120.419,5,134,-0.02947,-0.01782,-0.0202,0.2055,0.00778,0.00071,0.03220,1,1,-0.055,-0.372,in_circle
120.553,5,135,-0.03175,-0.01352,-0.1258,0.2365,0.03880,0.01198,0.03090,1,1,0.213,-0.721,in_circle
120.594,5,136,-0.03301,-0.01372,-0.0689,-0.0111,0.06206,0.01882,0.03200,1,1,0.643,-0.800,in_circle
120.641,5,137,-0.03451,-0.01426,-0.0829,-0.0298,0.08999,0.04049,0.03353,1,1,0.420,0.137,in_circle
120.681,5,138,-0.03594,-0.01763,-0.0785,-0.1851,0.08506,0.06785,0.03674,1,1,0.481,0.214,in_circle
120.732,5,139,-0.03731,-0.02170,-0.0750,-0.2243,0.06124,0.08708,0.04047,1,1,0.468,0.800,in_circle
120.772,5,140,-0.03813,-0.02598,-0.0455,-0.2351,0.02502,0.08139,0.04408,1,1,0.458,0.800,in_circle
120.817,5,141,-0.03849,-0.03157,-0.0194,-0.3077,-0.01808,0.06961,0.04851,0,1,0.343,0.800,running
120.859,5,142,-0.03861,-0.03618,-0.0070,-0.2537,-0.04040,0.06694,0.05224,0,1,0.248,0.800,running
120.903,5,143,-0.03759,-0.04065,0.0562,-0.2456,-0.07510,0.06401,0.05535,0,1,0.209,0.800,running
120.947,5,144,-0.03580,-0.04413,0.0986,-0.1912,-0.11122,0.05946,0.05742,0,1,-0.003,0.800,running
120.992,5,145,-0.03426,-0.04644,0.0846,-0.1272,-0.11339,0.05058,0.05874,0,1,-0.140,0.800,running
121.035,5,146,-0.03244,-0.04815,0.1003,-0.0942,-0.10974,0.03404,0.05949,0,1,-0.091,0.651,running
121.082,5,147,-0.03095,-0.04885,0.0815,-0.0386,-0.11033,0.00368,0.05954,0,1,-0.144,0.552,running
121.123,5,148,-0.02970,-0.04741,0.0692,0.0791,-0.09641,-0.02485,0.05773,0,1,-0.087,0.378,running
121.168,5,149,-0.02980,-0.04635,-0.0056,0.0587,-0.06586,-0.03911,0.05678,0,1,-0.058,-0.015,running
121.211,5,150,-0.03059,-0.04388,-0.0435,0.1359,-0.02681,-0.02141,0.05484,0,1,0.189,0.047,running
121.256,5,151,-0.03169,-0.04191,-0.0607,0.1082,0.00796,0.01078,0.05354,0,1,0.320,-0.232,running
121.299,5,152,-0.03291,-0.04018,-0.0670,0.0950,0.02457,0.05755,0.05257,0,1,0.385,-0.150,running
121.345,5,153,-0.03390,-0.03909,-0.0541,0.0602,0.04388,0.09541,0.05210,0,1,0.413,-0.114,running
121.387,5,154,-0.03450,-0.03861,-0.0331,0.0261,0.04079,0.10039,0.05199,0,1,0.372,0.004,running
121.435,5,155,-0.03365,-0.03855,0.0464,0.0034,0.01295,0.07717,0.05151,0,1,0.301,0.124,running
121.475,5,156,-0.03210,-0.03941,0.0853,-0.0472,-0.01511,0.06009,0.05150,0,1,0.019,0.205,running
121.521,5,157,-0.03017,-0.03967,0.1061,-0.0142,-0.05410,0.04436,0.05086,0,1,-0.123,0.388,running
121.563,5,158,-0.02849,-0.03972,0.0928,-0.0029,-0.08480,0.02960,0.05018,0,1,-0.205,0.273,running
121.607,5,159,-0.02746,-0.03893,0.0565,0.0436,-0.10797,-0.00307,0.04904,0,1,-0.165,0.233,running
121.650,5,160,-0.02687,-0.03762,0.0322,0.0722,-0.09049,-0.04331,0.04760,0,1,-0.041,0.061,running
121.699,5,161,-0.02776,-0.03554,-0.0489,0.1140,-0.07369,-0.06464,0.04609,0,1,0.044,-0.052,running
121.739,5,162,-0.02964,-0.03275,-0.1032,0.1538,-0.04201,-0.04236,0.04448,1,1,0.348,-0.220,in_circle
121.786,5,163,-0.03224,-0.03053,-0.1433,0.1219,-0.00020,0.01400,0.04395,1,1,0.564,-0.389,in_circle
121.827,5,164,-0.03550,-0.02845,-0.1792,0.1146,0.02949,0.07281,0.04420,1,1,0.727,-0.275,in_circle
121.875,5,165,-0.03871,-0.02684,-0.1762,0.0886,0.05963,0.11201,0.04509,1,1,0.800,-0.250,in_circle
121.914,5,166,-0.04083,-0.02632,-0.1168,0.0281,0.05555,0.09493,0.04622,0,1,0.800,-0.148,running
121.961,5,167,-0.04286,-0.02582,-0.1114,0.0276,0.03284,0.06953,0.04735,0,1,0.646,0.084,running
122.003,5,168,-0.04388,-0.02654,-0.0564,-0.0391,0.00739,0.05445,0.04858,0,1,0.630,0.090,running
122.047,5,169,-0.04462,-0.02732,-0.0405,-0.0433,-0.03614,0.05817,0.04966,0,1,0.430,0.340,running
122.091,5,170,-0.04521,-0.02768,-0.0328,-0.0197,-0.06992,0.06222,0.05034,0,1,0.376,0.359,running
122.137,5,171,-0.04564,-0.02726,-0.0238,0.0234,-0.09480,0.06044,0.05038,0,1,0.352,0.277,running
122.178,5,172,-0.04586,-0.02599,-0.0119,0.0699,-0.10710,0.05989,0.04972,0,1,0.322,0.123,running
122.225,5,173,-0.04554,-0.02397,0.0174,0.1106,-0.08271,0.06082,0.04820,0,1,0.281,-0.049,running
122.266,5,174,-0.04524,-0.02052,0.0169,0.1902,-0.05192,0.06177,0.04588,0,1,0.172,-0.210,running
122.313,5,175,-0.04405,-0.01676,0.0650,0.2068,-0.01145,0.06257,0.04280,1,1,0.169,-0.532,in_circle
122.354,5,176,-0.04351,-0.01345,0.0299,0.1819,0.01963,0.06275,0.04066,1,1,-0.028,-0.633,in_circle
122.400,5,177,-0.04250,-0.01163,0.0558,0.0999,0.05261,0.06111,0.03892,1,1,0.103,-0.562,in_circle
122.443,5,178,-0.04148,-0.01006,0.0560,0.0866,0.08333,0.06018,0.03731,1,1,-0.004,-0.243,in_circle
122.531,5,179,-0.03944,-0.01100,0.1121,-0.0517,0.05190,0.03899,0.03592,1,1,-0.004,-0.192,in_circle
122.578,5,180,-0.03823,-0.01243,0.0666,-0.0786,0.04490,0.03205,0.03557,1,1,-0.232,0.364,in_circle
122.620,5,181,-0.03654,-0.01527,0.0926,-0.1561,0.03207,0.02252,0.03576,1,1,-0.052,0.476,in_circle
122.665,5,182,-0.03546,-0.01752,0.0595,-0.1242,-0.02704,0.01053,0.03631,1,1,-0.159,0.794,in_circle
122.707,5,183,-0.03528,-0.02027,0.0103,-0.1510,-0.06146,-0.00351,0.03801,1,1,-0.028,0.673,in_circle
122.752,5,184,-0.03497,-0.02230,0.0168,-0.1116,-0.07918,-0.00818,0.03923,1,1,0.169,0.789,in_circle
122.795,5,185,-0.03482,-0.02317,0.0083,-0.0481,-0.10616,0.00135,0.03976,1,1,0.144,0.637,in_circle
122.840,5,186,-0.03527,-0.02301,-0.0246,0.0090,-0.10851,0.03316,0.03995,1,1,0.179,0.386,in_circle
122.882,5,187,-0.03569,-0.02170,-0.0234,0.0717,-0.10714,0.07486,0.03931,1,1,0.313,0.159,in_circle
122.929,5,188,-0.03542,-0.01831,0.0150,0.1865,-0.07973,0.09472,0.03680,1,1,0.310,-0.094,in_circle
122.972,5,189,-0.03551,-0.01514,-0.0047,0.1742,-0.04069,0.08301,0.03485,1,1,0.157,-0.560,in_circle
123.018,5,190,-0.03471,-0.01236,0.0440,0.1533,-0.00465,0.06674,0.03257,1,1,0.237,-0.518,in_circle
123.059,5,191,-0.03323,-0.00923,0.0811,0.1721,0.02328,0.05172,0.02964,1,1,0.042,-0.441,in_circle
123.104,5,192,-0.03214,-0.00691,0.0601,0.1274,0.05781,0.04025,0.02755,1,1,-0.109,-0.523,in_circle
123.146,5,193,-0.03152,-0.00556,0.0340,0.0744,0.06817,0.03113,0.02639,1,1,-0.027,-0.350,in_circle
123.195,5,194,-0.03074,-0.00570,0.0430,-0.0080,0.06250,0.01752,0.02575,1,1,0.077,-0.140,in_circle
123.235,5,195,-0.03027,-0.00636,0.0255,-0.0363,0.04682,-0.00618,0.02565,1,1,0.040,0.190,in_circle
123.282,5,196,-0.02993,-0.00900,0.0187,-0.1448,-0.00157,-0.00819,0.02673,1,1,0.110,0.305,in_circle
123.323,5,197,-0.03053,-0.01095,-0.0326,-0.1073,-0.03163,0.00798,0.02835,1,1,0.137,0.747,in_circle
123.369,5,198,-0.03175,-0.01267,-0.0674,-0.0947,-0.06238,0.03944,0.03037,1,1,0.345,0.602,in_circle
123.411,5,199,-0.03254,-0.01392,-0.0431,-0.0687,-0.09580,0.07141,0.03176,1,1,0.488,0.557,in_circle
123.455,5,200,-0.03308,-0.01487,-0.0299,-0.0526,-0.10881,0.08822,0.03278,1,1,0.394,0.457,in_circle
123.499,5,201,-0.03278,-0.01410,0.0162,0.0427,-0.09396,0.08089,0.03206,1,1,0.344,0.396,in_circle
123.544,5,202,-0.03212,-0.01316,0.0367,0.0516,-0.07449,0.06359,0.03096,1,1,0.160,0.014,in_circle
123.586,5,203,-0.03160,-0.01134,0.0283,0.0999,-0.04411,0.05849,0.02945,1,1,0.077,-0.023,in_circle
123.634,5,204,-0.03020,-0.00968,0.0774,0.0913,-0.00201,0.05078,0.02734,1,1,0.111,-0.221,in_circle
123.675,5,205,-0.02999,-0.00754,0.0112,0.1175,0.03137,0.03778,0.02600,1,1,-0.088,-0.190,in_circle
123.722,5,206,-0.02903,-0.00673,0.0533,0.0449,0.06224,0.02328,0.02475,1,1,0.177,-0.299,in_circle
123.764,5,207,-0.02806,-0.00649,0.0531,0.0128,0.06100,0.00909,0.02380,1,1,0.007,-0.010,in_circle
123.808,5,208,-0.02808,-0.00821,-0.0013,-0.0945,0.04981,0.00497,0.02477,1,1,0.006,0.118,in_circle
123.850,5,209,-0.02751,-0.00992,0.0315,-0.0942,0.03136,0.01268,0.02534,1,1,0.225,0.552,in_circle
123.898,5,210,-0.02835,-0.01263,-0.0461,-0.1490,-0.02022,0.02700,0.02774,1,1,0.093,0.556,in_circle
123.938,5,211,-0.02819,-0.01542,0.0086,-0.1535,-0.05728,0.04545,0.02958,1,1,0.406,0.783,in_circle
123.986,5,212,-0.02936,-0.01671,-0.0640,-0.0705,-0.07758,0.06964,0.03131,1,1,0.188,0.800,in_circle
124.026,5,213,-0.02876,-0.01826,0.0327,-0.0854,-0.11122,0.07835,0.03206,1,1,0.482,0.481,in_circle
124.073,5,214,-0.02903,-0.01846,-0.0148,-0.0113,-0.11205,0.07292,0.03239,1,1,0.095,0.546,in_circle
124.114,5,215,-0.02812,-0.01717,0.0504,0.0709,-0.10493,0.06388,0.03082,1,1,0.287,0.251,in_circle
124.160,5,216,-0.02674,-0.01471,0.0754,0.1357,-0.08049,0.05584,0.02807,1,1,0.024,-0.080,in_circle
124.203,5,217,-0.02610,-0.01216,0.0351,0.1400,-0.04893,0.04474,0.02579,1,1,-0.078,-0.344,in_circle
124.250,5,218,-0.02432,-0.00964,0.0979,0.1387,-0.00799,0.02913,0.02275,1,1,0.082,-0.367,in_circle
124.290,5,219,-0.02484,-0.00573,-0.0282,0.2151,0.02334,0.01141,0.02068,1,1,-0.173,-0.368,in_circle
124.337,5,220,-0.02480,-0.00374,0.0018,0.1091,0.05128,-0.00207,0.01960,1,1,0.334,-0.683,in_circle
124.379,5,221,-0.02444,-0.00335,0.0199,0.0214,0.07198,-0.00257,0.01909,1,1,0.214,-0.263,in_circle
124.427,5,222,-0.02573,-0.00410,-0.0711,-0.0407,0.08924,0.01085,0.02058,1,1,0.142,0.087,in_circle
124.467,5,223,-0.02653,-0.00691,-0.0436,-0.1546,0.07791,0.03778,0.02274,1,1,0.510,0.338,in_circle
124.555,5,224,-0.02865,-0.01475,-0.1166,-0.4312,-0.00544,0.08645,0.02941,1,1,0.403,0.800,in_circle
124.599,5,225,-0.02882,-0.01984,-0.0093,-0.2799,-0.00430,0.08180,0.03330,1,1,0.702,0.800,in_circle
124.642,5,226,-0.02892,-0.02375,-0.0057,-0.2152,-0.02083,0.07278,0.03648,1,1,0.274,0.800,in_circle
124.688,5,227,-0.02849,-0.02911,0.0235,-0.2951,-0.08066,0.06435,0.04076,1,1,0.261,0.800,in_circle
124.731,5,228,-0.02774,-0.03257,0.0413,-0.1902,-0.11087,0.06377,0.04342,1,1,0.145,0.800,in_circle
124.777,5,229,-0.02640,-0.03514,0.0739,-0.1414,-0.11404,0.04411,0.04515,1,1,0.080,0.800,in_circle
124.819,5,230,-0.02570,-0.03656,0.0385,-0.0782,-0.11259,0.01933,0.04617,0,1,-0.041,0.800,running
124.863,5,231,-0.02563,-0.03661,0.0035,-0.0025,-0.10994,-0.00107,0.04619,0,1,0.094,0.574,running
124.908,5,232,-0.02500,-0.03550,0.0351,0.0608,-0.10388,-0.01425,0.04493,1,1,0.226,0.292,in_circle
124.950,5,233,-0.02616,-0.03351,-0.0641,0.1098,-0.08514,-0.00979,0.04357,1,1,0.104,0.048,in_circle
124.995,5,234,-0.02726,-0.03116,-0.0605,0.1291,-0.04424,0.02207,0.04195,1,1,0.487,-0.151,in_circle
125.038,5,235,-0.02838,-0.02808,-0.0615,0.1697,-0.00904,0.06885,0.03981,1,1,0.480,-0.242,in_circle
125.084,5,236,-0.02939,-0.02519,-0.0552,0.1589,0.02260,0.09817,0.03793,1,1,0.490,-0.424,in_circle
125.126,5,237,-0.02977,-0.02277,-0.0213,0.1329,0.05501,0.09255,0.03620,1,1,0.468,-0.386,in_circle
125.173,5,238,-0.02911,-0.02205,0.0367,0.0395,0.08629,0.07211,0.03523,1,1,0.334,-0.287,in_circle
125.215,5,239,-0.02893,-0.02166,0.0094,0.0218,0.07356,0.05936,0.03481,1,1,0.102,0.086,in_circle
125.259,5,240,-0.02810,-0.02308,0.0459,-0.0785,0.03910,0.05114,0.03547,1,1,0.212,0.157,in_circle
125.302,5,241,-0.02733,-0.02520,0.0425,-0.1167,0.00821,0.03885,0.03681,1,1,0.064,0.563,in_circle
125.347,5,242,-0.02655,-0.02793,0.0430,-0.1500,-0.02712,0.02458,0.03877,1,1,0.077,0.722,in_circle
125.394,5,243,-0.02588,-0.03027,0.0366,-0.1288,-0.06254,0.01364,0.04053,1,1,0.074,0.800,in_circle
125.436,5,244,-0.02605,-0.03187,-0.0091,-0.0881,-0.09337,0.01448,0.04204,1,1,0.100,0.785,in_circle
125.482,5,245,-0.02634,-0.03270,-0.0161,-0.0455,-0.11188,0.01882,0.04291,1,1,0.284,0.626,in_circle
125.523,5,246,-0.02675,-0.03271,-0.0226,-0.0007,-0.11152,0.02950,0.04310,1,1,0.313,0.463,in_circle
125.570,5,247,-0.02734,-0.03134,-0.0325,0.0755,-0.10686,0.04825,0.04215,1,1,0.340,0.291,in_circle
125.611,5,248,-0.02833,-0.02888,-0.0544,0.1353,-0.08590,0.06678,0.04047,1,1,0.381,-0.011,in_circle
125.657,5,249,-0.02831,-0.02556,0.0013,0.1827,-0.03842,0.07523,0.03764,1,1,0.472,-0.262,in_circle
125.699,5,250,-0.02778,-0.02273,0.0291,0.1557,-0.00764,0.07259,0.03499,1,1,0.251,-0.462,in_circle
125.744,5,251,-0.02749,-0.01985,0.0162,0.1582,0.02098,0.06795,0.03249,1,1,0.139,-0.360,in_circle
125.787,5,252,-0.02685,-0.01765,0.0349,0.1209,0.05633,0.06789,0.03037,1,1,0.191,-0.375,in_circle
125.833,5,253,-0.02560,-0.01602,0.0689,0.0898,0.06193,0.05695,0.02831,1,1,0.115,-0.231,in_circle
125.876,5,254,-0.02414,-0.01600,0.0804,0.0012,0.04889,0.03862,0.02740,1,1,-0.023,-0.109,in_circle
125.920,5,255,-0.02232,-0.01675,0.1000,-0.0415,0.02859,0.02582,0.02699,1,1,-0.072,0.246,in_circle
125.972,5,256,-0.02232,-0.01675,0.0000,0.0000,-0.01399,0.01681,0.02699,0,0,-0.154,0.419,in_circle
126.009,5,257,-0.02137,-0.01879,0.0520,-0.1121,-0.05402,0.00517,0.02826,1,1,0.247,0.255,in_circle
126.050,5,258,-0.02087,-0.01964,0.0278,-0.0464,-0.07731,-0.00464,0.02877,1,1,0.037,0.709,in_circle
126.095,5,259,-0.02230,-0.01924,-0.0789,0.0219,-0.08175,0.00290,0.02911,1,1,0.133,0.449,in_circle
126.138,5,260,-0.02256,-0.01861,-0.0143,0.0345,-0.09412,0.02186,0.02870,1,1,0.564,0.176,in_circle
126.184,5,261,-0.02355,-0.01715,-0.0542,0.0806,-0.09103,0.05056,0.02799,1,1,0.307,0.126,in_circle
126.228,5,262,-0.02474,-0.01440,-0.0655,0.1511,-0.04158,0.07592,0.02651,1,1,0.469,-0.061,in_circle
126.272,5,263,-0.02508,-0.01176,-0.0188,0.1450,-0.00166,0.08397,0.02478,1,1,0.519,-0.349,in_circle
126.316,5,264,-0.02502,-0.00984,0.0033,0.1058,0.02009,0.07818,0.02340,1,1,0.333,-0.331,in_circle
126.359,5,265,-0.02485,-0.00778,0.0093,0.1132,0.05531,0.06877,0.02192,1,1,0.245,-0.178,in_circle
126.404,5,266,-0.02367,-0.00735,0.0650,0.0234,0.06608,0.06559,0.02074,1,1,0.222,-0.212,in_circle
126.446,5,267,-0.02286,-0.00742,0.0445,-0.0038,0.02936,0.05601,0.02017,1,1,-0.003,0.146,in_circle
126.495,5,268,-0.02146,-0.00820,0.0769,-0.0427,0.00052,0.04496,0.01970,1,1,0.077,0.256,in_circle
126.580,5,269,-0.01994,-0.01118,0.0835,-0.1639,-0.06250,0.00449,0.02104,1,1,-0.055,0.415,in_circle
126.622,5,270,-0.01954,-0.01190,0.0223,-0.0394,-0.07132,-0.00320,0.02140,1,1,-0.084,0.800,in_circle
126.667,5,271,-0.02016,-0.01212,-0.0341,-0.0123,-0.08087,-0.00281,0.02193,1,1,0.160,0.412,in_circle
126.710,5,272,-0.02139,-0.01174,-0.0677,0.0209,-0.10874,-0.00098,0.02235,1,1,0.388,0.305,in_circle
126.755,5,273,-0.02299,-0.01008,-0.0881,0.0913,-0.08905,0.01080,0.02212,1,1,0.526,0.172,in_circle
126.798,5,274,-0.02489,-0.00721,-0.1042,0.1580,-0.07120,0.04891,0.02159,1,1,0.612,-0.113,in_circle
126.842,5,275,-0.02662,-0.00457,-0.0955,0.1451,-0.03229,0.08324,0.02158,1,1,0.682,-0.386,in_circle
126.887,5,276,-0.02837,-0.00190,-0.0961,0.1466,0.00901,0.09404,0.02203,1,1,0.652,-0.341,in_circle
126.930,5,277,-0.02914,0.00036,-0.0423,0.1243,0.03721,0.08086,0.02207,1,1,0.660,-0.353,in_circle
126.975,5,278,-0.02974,0.00124,-0.0329,0.0487,0.05439,0.06687,0.02245,1,1,0.448,-0.269,in_circle
127.019,5,279,-0.03032,-0.00021,-0.0323,-0.0803,0.05113,0.06567,0.02337,1,1,0.413,0.031,in_circle
127.063,5,280,-0.03004,-0.00219,0.0159,-0.1088,0.03281,0.06730,0.02370,1,1,0.412,0.551,in_circle
127.108,5,281,-0.02943,-0.00511,0.0335,-0.1603,-0.00413,0.06516,0.02431,1,1,0.220,0.671,in_circle
127.151,5,282,-0.02954,-0.00727,-0.0060,-0.1191,-0.04154,0.06316,0.02547,1,1,0.149,0.800,in_circle
127.195,5,283,-0.02916,-0.01085,0.0205,-0.1966,-0.07519,0.06034,0.02721,1,1,0.308,0.725,in_circle
127.239,5,284,-0.02747,-0.01314,0.0931,-0.1263,-0.10151,0.05196,0.02745,1,1,0.202,0.800,in_circle
127.282,5,285,-0.02660,-0.01369,0.0478,-0.0301,-0.11459,0.04339,0.02723,1,1,-0.091,0.770,in_circle
127.328,5,286,-0.02564,-0.01311,0.0526,0.0317,-0.11151,0.04203,0.02615,1,1,0.089,0.388,in_circle
127.371,5,287,-0.02404,-0.01188,0.0880,0.0678,-0.10943,0.04161,0.02416,1,1,0.068,0.140,in_circle
127.416,5,288,-0.02375,-0.01009,0.0164,0.0985,-0.09282,0.03763,0.02265,1,1,-0.077,-0.006,in_circle
127.459,5,289,-0.02231,-0.00642,0.0791,0.2020,-0.05382,0.03932,0.01910,1,1,0.209,-0.133,in_circle
127.502,5,290,-0.02165,-0.00295,0.0364,0.1907,-0.01109,0.03751,0.01649,1,1,-0.045,-0.556,in_circle
127.547,5,291,-0.02044,-0.00050,0.0664,0.1346,0.01377,0.03656,0.01422,1,1,0.125,-0.519,in_circle
127.592,5,292,-0.01925,0.00193,0.0653,0.1336,0.04867,0.03795,0.01216,1,1,0.003,-0.300,in_circle
127.636,5,293,-0.01876,0.00222,0.0269,0.0164,0.06613,0.04721,0.01160,1,1,0.004,-0.302,in_circle
127.678,5,294,-0.01844,0.00179,0.0176,-0.0237,0.03823,0.05035,0.01145,1,1,0.157,0.166,in_circle
127.724,5,295,-0.01829,-0.00033,0.0083,-0.1169,0.01168,0.05285,0.01226,1,1,0.194,0.328,in_circle
127.766,5,296,-0.01783,-0.00306,0.0254,-0.1498,-0.01484,0.05409,0.01352,1,1,0.231,0.706,in_circle
127.811,5,297,-0.01629,-0.00536,0.0850,-0.1265,-0.05574,0.05866,0.01418,1,1,0.163,0.800,in_circle
127.854,5,298,-0.01547,-0.00682,0.0451,-0.0804,-0.08792,0.06167,0.01494,1,1,-0.079,0.758,in_circle
127.899,5,299,-0.01364,-0.00808,0.1004,-0.0691,-0.11240,0.05826,0.01524,1,1,0.078,0.578,in_circle
127.943,5,300,-0.01162,-0.00780,0.1109,0.0150,-0.10571,0.05582,0.01432,1,1,-0.147,0.536,in_circle
127.986,5,301,-0.00989,-0.00757,0.0954,0.0125,-0.10580,0.04673,0.01373,1,1,-0.194,0.200,in_circle
128.037,5,302,-0.00989,-0.00757,0.0000,0.0000,-0.07780,0.03519,0.01373,0,0,-0.136,0.210,in_circle
128.083,5,303,-0.00989,-0.00757,0.0000,0.0000,-0.03443,0.01156,0.01373,0,0,0.246,0.261,in_circle
128.120,5,304,-0.00765,-0.00188,0.1230,0.3131,-0.00325,-0.01087,0.00788,1,1,0.246,0.261,in_circle
128.163,5,305,-0.00739,0.00037,0.0145,0.1236,0.00354,-0.00821,0.00565,1,1,-0.252,-0.800,in_circle
128.206,5,306,-0.00797,0.00070,-0.0318,0.0184,0.00421,0.03719,0.00530,1,1,0.182,-0.253,in_circle
128.259,5,307,-0.00797,0.00070,0.0000,0.0000,0.03056,0.07742,0.00530,0,0,0.368,0.168,in_circle
128.296,5,308,-0.00801,-0.00050,-0.0024,-0.0663,0.04490,0.08471,0.00651,1,1,0.241,0.241,in_circle
128.340,5,309,-0.00717,-0.00213,0.0463,-0.0894,0.00446,0.07751,0.00815,1,1,0.251,0.510,in_circle
128.382,5,310,-0.00589,-0.00410,0.0701,-0.1081,-0.03142,0.06819,0.01027,1,1,0.053,0.607,in_circle
128.427,5,311,-0.00417,-0.00682,0.0947,-0.1498,-0.06011,0.05409,0.01332,1,1,-0.045,0.687,in_circle
128.470,5,312,-0.00285,-0.00843,0.0728,-0.0886,-0.10086,0.03686,0.01525,1,1,-0.148,0.800,in_circle
128.515,5,313,-0.00138,-0.00927,0.0806,-0.0463,-0.11053,0.01212,0.01656,1,1,-0.064,0.621,in_circle
128.664,5,314,-0.00138,-0.00927,0.0000,0.0000,-0.10594,-0.02562,0.01656,0,0,-0.099,0.455,in_circle
128.737,5,315,-0.00635,0.00282,-0.2732,0.6650,-0.08646,-0.01455,0.00349,1,1,0.223,0.272,in_circle
128.778,5,316,-0.00962,0.00622,-0.1799,0.1867,-0.07518,-0.01714,0.00183,1,1,0.800,-0.800,in_circle
128.823,5,317,-0.01333,0.01212,-0.2040,0.3247,-0.04850,0.00835,0.00825,1,1,0.800,-0.514,in_circle
128.866,5,318,-0.01695,0.01763,-0.1991,0.3031,-0.02478,0.05182,0.01480,1,1,0.800,-0.800,in_circle
128.912,5,319,-0.02124,0.02227,-0.2358,0.2552,0.01784,0.09112,0.02110,1,1,0.800,-0.800,in_circle
128.954,5,320,-0.02489,0.02710,-0.2007,0.2657,0.05277,0.09840,0.02715,1,1,0.800,-0.800,in_circle
128.999,5,321,-0.02784,0.03102,-0.1625,0.2156,0.08016,0.08122,0.03206,1,1,0.800,-0.800,in_circle
129.043,5,322,-0.03000,0.03389,-0.1187,0.1580,0.09798,0.06816,0.03565,1,1,0.800,-0.695,in_circle
129.087,5,323,-0.03144,0.03466,-0.0794,0.0421,0.09097,0.06463,0.03715,1,1,0.773,-0.473,in_circle
129.131,5,324,-0.03200,0.03375,-0.0305,-0.0498,0.06338,0.07203,0.03682,1,1,0.620,-0.012,in_circle
129.175,5,325,-0.03245,0.03273,-0.0250,-0.0560,0.03005,0.07189,0.03636,1,1,0.427,0.356,in_circle
129.218,5,326,-0.03237,0.03036,0.0043,-0.1303,-0.01323,0.07037,0.03460,1,1,0.407,0.382,in_circle
129.263,5,327,-0.03163,0.02866,0.0409,-0.0938,-0.03970,0.06801,0.03288,1,1,0.291,0.685,in_circle
129.306,5,328,-0.03003,0.02718,0.0880,-0.0813,-0.07249,0.06119,0.03070,1,1,0.144,0.542,in_circle
129.351,5,329,-0.02924,0.02635,0.0434,-0.0455,-0.10683,0.05768,0.02956,1,1,-0.048,0.495,in_circle
129.394,5,330,-0.02790,0.02736,0.0735,0.0556,-0.10182,0.05023,0.02933,1,1,0.130,0.353,in_circle
129.439,5,331,-0.02583,0.02907,0.1140,0.0941,-0.08456,0.03434,0.02928,1,1,0.007,-0.055,in_circle
129.483,5,332,-0.02413,0.03271,0.0935,0.2003,-0.06908,0.01251,0.03131,1,1,-0.160,-0.215,in_circle
129.528,5,333,-0.02316,0.03658,0.0536,0.2125,-0.02318,0.00636,0.03422,1,1,-0.081,-0.650,in_circle
129.571,5,334,-0.02207,0.04029,0.0599,0.2040,0.01249,0.00032,0.03714,1,1,0.077,-0.710,in_circle
129.615,5,335,-0.02248,0.04318,-0.0229,0.1590,0.03944,0.00213,0.03997,1,1,0.049,-0.686,in_circle
129.659,5,336,-0.02228,0.04529,0.0111,0.1162,0.07443,0.01535,0.04188,1,1,0.383,-0.515,in_circle
129.704,5,337,-0.02300,0.04578,-0.0397,0.0268,0.09032,0.05009,0.04259,1,1,0.249,-0.346,in_circle
129.746,5,338,-0.02288,0.04491,0.0067,-0.0479,0.05872,0.08619,0.04173,1,1,0.450,0.001,in_circle
129.791,5,339,-0.02207,0.04308,0.0449,-0.1006,0.02704,0.09422,0.03973,1,1,0.269,0.296,in_circle
129.834,5,340,-0.02064,0.04013,0.0786,-0.1621,-0.00940,0.07878,0.03647,1,1,0.113,0.517,in_circle
129.879,5,341,-0.01833,0.03788,0.1271,-0.1241,-0.04414,0.05643,0.03357,1,1,-0.025,0.768,in_circle
129.923,5,342,-0.01721,0.03545,0.0616,-0.1335,-0.07676,0.03426,0.03091,1,1,-0.224,0.621,in_circle
129.966,5,343,-0.01462,0.03344,0.1424,-0.1107,-0.10429,-0.00248,0.02827,1,1,0.035,0.663,in_circle
130.011,5,344,-0.01390,0.03371,0.0394,0.0151,-0.09607,-0.03813,0.02837,1,1,-0.294,0.576,in_circle
130.054,5,345,-0.01402,0.03418,-0.0063,0.0260,-0.10294,-0.05883,0.02886,1,1,0.117,0.071,in_circle
130.099,5,346,-0.01457,0.03664,-0.0307,0.1353,-0.08551,-0.04517,0.03138,1,1,0.300,0.025,in_circle
130.142,5,347,-0.01611,0.03954,-0.0843,0.1593,-0.05057,-0.02590,0.03455,1,1,0.399,-0.420,in_circle
130.187,5,348,-0.01862,0.04253,-0.1383,0.1647,-0.01028,0.02538,0.03810,1,1,0.618,-0.525,in_circle
130.230,5,349,-0.02094,0.04490,-0.1274,0.1300,0.02211,0.08248,0.04105,1,1,0.800,-0.555,in_circle
130.275,5,350,-0.02339,0.04609,-0.1349,0.0659,0.05407,0.11040,0.04302,1,1,0.799,-0.421,in_circle
130.318,5,351,-0.02469,0.04679,-0.0715,0.0383,0.07525,0.08938,0.04415,1,1,0.800,-0.171,in_circle
130.364,5,352,-0.02531,0.04572,-0.0343,-0.0587,0.05636,0.06416,0.04341,1,1,0.582,-0.068,in_circle
130.406,5,353,-0.02515,0.04438,0.0093,-0.0739,0.02320,0.05946,0.04212,1,1,0.442,0.308,in_circle
130.452,5,354,-0.02495,0.04138,0.0106,-0.1649,-0.01290,0.06213,0.03932,1,1,0.273,0.375,in_circle
130.494,5,355,-0.02446,0.03920,0.0273,-0.1203,-0.04801,0.05647,0.03714,1,1,0.265,0.755,in_circle
130.539,5,356,-0.02342,0.03668,0.0571,-0.1383,-0.07876,0.04686,0.03443,1,1,0.197,0.581,in_circle
130.628,5,357,-0.02077,0.03458,0.1458,-0.1154,-0.09781,0.04437,0.03139,1,1,0.077,0.656,in_circle
130.674,5,358,-0.01940,0.03579,0.0754,0.0662,-0.09667,0.04492,0.03196,1,1,-0.284,0.569,in_circle
130.717,5,359,-0.01790,0.03832,0.0820,0.1393,-0.10636,0.04202,0.03386,1,1,-0.005,-0.162,in_circle
130.762,5,360,-0.01719,0.04126,0.0395,0.1616,-0.08572,0.02554,0.03649,1,1,-0.035,-0.462,in_circle
130.802,5,361,-0.01657,0.04448,0.0339,0.1771,-0.05639,-0.00126,0.03946,1,1,0.134,-0.560,in_circle
130.846,5,362,-0.01581,0.04909,0.0419,0.2539,-0.01271,-0.00655,0.04383,1,1,0.155,-0.632,in_circle
130.891,5,363,-0.01542,0.05215,0.0213,0.1681,0.01929,0.01236,0.04677,0,1,0.129,-0.800,running
130.934,5,364,-0.01501,0.05387,0.0224,0.0948,0.05255,0.05413,0.04841,0,1,0.212,-0.589,running
130.979,5,365,-0.01475,0.05495,0.0144,0.0595,0.08131,0.08994,0.04945,0,1,0.209,-0.320,running
131.023,5,366,-0.01413,0.05385,0.0341,-0.0607,0.06700,0.09658,0.04827,0,1,0.239,-0.196,running
131.067,5,367,-0.01228,0.05128,0.1019,-0.1415,0.03175,0.07736,0.04550,1,1,0.164,0.246,in_circle
131.110,5,368,-0.01009,0.04926,0.1202,-0.1110,-0.00215,0.05974,0.04332,1,1,-0.102,0.570,in_circle
131.156,5,369,-0.00763,0.04573,0.1358,-0.1940,-0.03655,0.04749,0.03973,1,1,-0.188,0.473,in_circle
131.198,5,370,-0.00516,0.04205,0.1358,-0.2027,-0.07015,0.02820,0.03614,1,1,-0.273,0.800,in_circle
131.243,5,371,-0.00277,0.03935,0.1312,-0.1484,-0.09181,-0.01445,0.03373,1,1,-0.279,0.800,in_circle
131.286,5,372,-0.00114,0.03747,0.0900,-0.1032,-0.10589,-0.05715,0.03217,1,1,-0.267,0.664,in_circle
131.332,5,373,-0.00057,0.03723,0.0312,-0.0136,-0.10207,-0.07528,0.03205,1,1,-0.107,0.487,in_circle
131.375,5,374,-0.00204,0.03780,-0.0808,0.0318,-0.09855,-0.05977,0.03232,1,1,0.127,0.128,in_circle
131.419,5,375,-0.00419,0.03903,-0.1185,0.0674,-0.08442,-0.01877,0.03322,1,1,0.578,-0.057,in_circle
131.463,5,376,-0.00602,0.04217,-0.1005,0.1726,-0.04017,0.04062,0.03621,1,1,0.734,-0.204,in_circle
131.507,5,377,-0.00872,0.04405,-0.1487,0.1036,-0.00137,0.09003,0.03806,1,1,0.667,-0.634,in_circle
131.552,5,378,-0.01094,0.04604,-0.1221,0.1096,0.02646,0.10533,0.04017,1,1,0.800,-0.364,in_circle
131.596,5,379,-0.01254,0.04732,-0.0877,0.0705,0.05451,0.08471,0.04160,1,1,0.765,-0.395,in_circle
131.639,5,380,-0.01331,0.04735,-0.0425,0.0011,0.04790,0.06229,0.04171,1,1,0.627,-0.243,in_circle
131.682,5,381,-0.01411,0.04651,-0.0439,-0.0459,0.02839,0.06180,0.04100,1,1,0.451,0.028,in_circle
131.727,5,382,-0.01390,0.04463,0.0115,-0.1032,0.00954,0.06937,0.03911,1,1,0.460,0.217,in_circle
131.772,5,383,-0.01369,0.04280,0.0116,-0.1010,-0.03770,0.06961,0.03727,1,1,0.240,0.452,in_circle
131.817,5,384,-0.01299,0.04113,0.0385,-0.0919,-0.08043,0.06321,0.03551,1,1,0.239,0.446,in_circle
131.860,5,385,-0.01193,0.04054,0.0582,-0.0321,-0.09771,0.06016,0.03479,1,1,0.130,0.413,in_circle
131.902,5,386,-0.01090,0.04026,0.0565,-0.0158,-0.10361,0.05393,0.03440,1,1,0.049,0.174,in_circle
131.947,5,387,-0.00949,0.04102,0.0776,0.0423,-0.09189,0.04631,0.03507,1,1,0.053,0.108,in_circle
131.991,5,388,-0.00784,0.04394,0.0907,0.1602,-0.05806,0.03583,0.03794,1,1,-0.035,-0.128,in_circle
132.035,5,389,-0.00644,0.04631,0.0768,0.1303,-0.02012,0.02613,0.04033,1,1,-0.091,-0.609,in_circle
132.078,5,390,-0.00491,0.04855,0.0844,0.1232,0.01547,0.02035,0.04264,1,1,-0.038,-0.496,in_circle
132.124,5,391,-0.00372,0.05013,0.0653,0.0869,0.04336,0.01481,0.04431,1,1,-0.065,-0.468,in_circle
132.168,5,392,-0.00272,0.05067,0.0549,0.0299,0.06002,0.01714,0.04496,1,1,0.010,-0.331,in_circle
132.212,5,393,-0.00240,0.04984,0.0176,-0.0459,0.05002,0.01794,0.04417,1,1,0.048,-0.117,in_circle
132.255,5,394,-0.00100,0.04825,0.0774,-0.0873,0.02930,0.02484,0.04279,1,1,0.188,0.175,in_circle
132.300,5,395,-0.00013,0.04603,0.0476,-0.1219,-0.01191,0.04556,0.04076,1,1,-0.048,0.343,in_circle
132.342,5,396,0.00029,0.04323,0.0231,-0.1543,-0.04706,0.06736,0.03810,1,1,0.061,0.496,in_circle
132.387,5,397,0.00113,0.04185,0.0464,-0.0757,-0.07656,0.07525,0.03695,1,1,0.157,0.636,in_circle
132.432,5,398,0.00270,0.04075,0.0862,-0.0603,-0.11003,0.07101,0.03630,1,1,0.061,0.324,in_circle
132.475,5,399,0.00421,0.04087,0.0831,0.0064,-0.10784,0.06521,0.03688,1,1,-0.102,0.263,in_circle
132.518,5,400,0.00696,0.04226,0.1512,0.0762,-0.10462,0.06162,0.03914,1,1,-0.094,-0.005,in_circle
132.563,5,401,0.00924,0.04375,0.1255,0.0824,-0.07364,0.04533,0.04142,1,1,-0.374,-0.290,in_circle
132.651,5,402,0.01216,0.04946,0.1605,0.3138,0.00510,-0.01705,0.04782,0,1,-0.273,-0.320,running
132.694,5,403,0.01292,0.05195,0.0417,0.1369,-0.00106,-0.05309,0.05040,0,1,-0.384,-0.800,running
132.739,5,404,0.01307,0.05398,0.0083,0.1115,0.02178,-0.05689,0.05232,0,1,0.052,-0.531,running
132.782,5,405,0.01220,0.05533,-0.0477,0.0745,0.07623,-0.03992,0.05323,0,1,0.169,-0.444,running
132.827,5,406,0.01002,0.05575,-0.1202,0.0232,0.06264,-0.01631,0.05285,0,1,0.365,-0.320,running
132.870,5,407,0.00793,0.05512,-0.1145,-0.0349,0.03311,0.03174,0.05158,0,1,0.625,-0.145,running
132.915,5,408,0.00516,0.05371,-0.1526,-0.0774,0.01982,0.08186,0.04944,0,1,0.617,0.062,running
132.958,5,409,0.00298,0.05179,-0.1199,-0.1055,-0.02154,0.10353,0.04704,0,1,0.775,0.227,running
133.003,5,410,0.00177,0.04967,-0.0667,-0.1168,-0.06553,0.08840,0.04470,1,1,0.675,0.347,in_circle
133.046,5,411,0.00115,0.04815,-0.0337,-0.0834,-0.08836,0.06433,0.04309,1,1,0.488,0.410,in_circle
133.091,5,412,0.00119,0.04827,0.0018,0.0068,-0.11349,0.05327,0.04322,1,1,0.366,0.294,in_circle
133.136,5,413,0.00078,0.04847,-0.0221,0.0110,-0.10090,0.05162,0.04333,1,1,0.228,-0.059,in_circle
133.180,5,414,0.00148,0.05016,0.0384,0.0929,-0.07898,0.04983,0.04513,1,1,0.321,-0.078,in_circle
133.223,5,415,0.00208,0.05229,0.0329,0.1168,-0.04803,0.04843,0.04733,0,1,0.087,-0.398,running
133.268,5,416,0.00348,0.05482,0.0770,0.1395,-0.01070,0.05107,0.05011,0,1,0.107,-0.491,running
133.310,5,417,0.00560,0.05626,0.1165,0.0793,0.02540,0.04740,0.05202,0,1,-0.054,-0.576,running
133.355,5,418,0.00707,0.05744,0.0811,0.0648,0.05417,0.04651,0.05355,0,1,-0.195,-0.365,running
133.398,5,419,0.00920,0.05772,0.1168,0.0153,0.08621,0.04183,0.05444,0,1,-0.072,-0.320,running
133.442,5,420,0.01024,0.05583,0.0573,-0.1039,0.06153,0.02670,0.05300,0,1,-0.199,-0.154,running
133.487,5,421,0.01222,0.05360,0.1088,-0.1227,0.02169,0.00649,0.05164,0,1,-0.002,0.268,running
133.531,5,422,0.01318,0.05082,0.0530,-0.1528,-0.00691,-0.01108,0.04949,0,1,-0.193,0.348,running
133.575,5,423,0.01330,0.04794,0.0066,-0.1588,-0.04087,-0.00733,0.04695,0,1,-0.002,0.479,running
133.619,5,424,0.01334,0.04599,0.0021,-0.1071,-0.07873,-0.00104,0.04523,1,1,0.167,0.529,in_circle
133.662,5,425,0.01248,0.04445,-0.0471,-0.0847,-0.10988,0.01153,0.04347,1,1,0.184,0.351,in_circle
133.707,5,426,0.01184,0.04367,-0.0352,-0.0430,-0.10832,0.04454,0.04248,1,1,0.377,0.278,in_circle
133.751,5,427,0.01118,0.04390,-0.0364,0.0130,-0.09547,0.07860,0.04239,1,1,0.335,0.121,in_circle
133.795,5,428,0.01115,0.04354,-0.0016,-0.0199,-0.05699,0.09270,0.04205,1,1,0.340,-0.099,in_circle
133.840,5,429,0.01191,0.04300,0.0416,-0.0297,-0.01661,0.08242,0.04192,1,1,0.204,0.029,in_circle
133.883,5,430,0.01465,0.04248,0.1508,-0.0289,0.00865,0.06779,0.04283,1,1,0.032,0.068,in_circle
133.926,5,431,0.01663,0.04234,0.1089,-0.0073,0.01477,0.05980,0.04379,1,1,-0.400,0.062,in_circle
133.972,5,432,0.01900,0.04182,0.1303,-0.0289,0.00392,0.03977,0.04473,1,1,-0.241,-0.025,in_circle
134.014,5,433,0.02096,0.04044,0.1080,-0.0757,-0.00744,0.00511,0.04487,1,1,-0.327,0.055,in_circle
134.060,5,434,0.02233,0.03895,0.0749,-0.0818,-0.01424,-0.04325,0.04465,1,1,-0.248,0.235,in_circle
134.113,5,435,0.02319,0.03774,0.0477,-0.0670,-0.03463,-0.07089,0.04436,1,1,-0.128,0.261,in_circle
134.146,5,436,0.02232,0.03658,-0.0483,-0.0637,-0.07553,-0.06569,0.04292,1,1,-0.028,0.208,in_circle
134.190,5,437,0.01988,0.03596,-0.1337,-0.0341,-0.09599,-0.03390,0.04079,1,1,0.346,0.203,in_circle
134.235,5,438,0.01713,0.03643,-0.1517,0.0258,-0.08630,0.01605,0.03933,1,1,0.697,0.095,in_circle
134.279,5,439,0.01412,0.03711,-0.1654,0.0378,-0.06544,0.07712,0.03806,1,1,0.780,-0.145,in_circle
134.323,5,440,0.01192,0.03931,-0.1210,0.1207,-0.03763,0.11114,0.03871,1,1,0.800,-0.196,in_circle
134.366,5,441,0.00989,0.04117,-0.1115,0.1024,0.00460,0.09542,0.03937,1,1,0.668,-0.535,in_circle
134.411,5,442,0.00879,0.04287,-0.0605,0.0936,0.03982,0.06443,0.04043,1,1,0.634,-0.468,in_circle
134.456,5,443,0.00739,0.04294,-0.0771,0.0035,0.06624,0.04995,0.03994,1,1,0.431,-0.438,in_circle
134.499,5,444,0.00691,0.04292,-0.0263,-0.0008,0.07022,0.05027,0.03974,1,1,0.502,-0.080,in_circle
134.543,5,445,0.00672,0.04093,-0.0108,-0.1093,0.05266,0.05861,0.03783,1,1,0.299,-0.064,in_circle
134.587,5,446,0.00664,0.03843,-0.0041,-0.1378,0.02710,0.05549,0.03550,1,1,0.237,0.373,in_circle
134.675,5,447,0.00660,0.03245,-0.0024,-0.3288,-0.05059,0.05567,0.03011,1,1,0.209,0.491,in_circle
134.718,5,448,0.00613,0.02992,-0.0256,-0.1391,-0.04864,0.05608,0.02768,1,1,0.202,0.800,in_circle
134.763,5,449,0.00726,0.02788,0.0621,-0.1119,-0.06012,0.05648,0.02657,1,1,0.295,0.515,in_circle
134.806,5,450,0.00883,0.02636,0.0859,-0.0836,-0.11376,0.05607,0.02629,1,1,-0.059,0.410,in_circle
134.852,5,451,0.00886,0.02720,0.0019,0.0463,-0.08487,0.05848,0.02697,1,1,-0.159,0.300,in_circle
134.894,5,452,0.01052,0.02905,0.0915,0.1016,-0.07336,0.05557,0.02945,1,1,0.176,-0.223,in_circle
134.939,5,453,0.01192,0.03112,0.0765,0.1139,-0.05755,0.03442,0.03194,1,1,-0.187,-0.450,in_circle
134.982,5,454,0.01415,0.03312,0.1226,0.1101,-0.01007,0.02034,0.03489,1,1,-0.132,-0.505,in_circle
135.028,5,455,0.01495,0.03534,0.0444,0.1221,0.03159,0.01749,0.03713,1,1,-0.322,-0.496,in_circle
135.072,5,456,0.01548,0.03696,0.0290,0.0888,0.05641,0.01362,0.03873,1,1,-0.013,-0.551,in_circle
135.115,5,457,0.01587,0.03767,0.0213,0.0391,0.07506,0.00835,0.03954,1,1,0.047,-0.423,in_circle
135.159,5,458,0.01618,0.03701,0.0170,-0.0363,0.07069,0.00570,0.03920,1,1,0.075,-0.227,in_circle
135.202,5,459,0.01522,0.03593,-0.0528,-0.0596,0.04633,0.02639,0.03775,1,1,0.091,0.074,in_circle
135.247,5,460,0.01427,0.03389,-0.0523,-0.1121,0.00444,0.05432,0.03556,1,1,0.371,0.169,in_circle
135.291,5,461,0.01356,0.03162,-0.0390,-0.1248,-0.02953,0.07976,0.03335,1,1,0.371,0.383,in_circle
135.335,5,462,0.01326,0.03004,-0.0161,-0.0866,-0.05901,0.08423,0.03197,1,1,0.318,0.438,in_circle
135.381,5,463,0.01374,0.02799,0.0261,-0.1127,-0.09486,0.07691,0.03078,1,1,0.227,0.288,in_circle
135.423,5,464,0.01400,0.02770,0.0144,-0.0164,-0.10821,0.06719,0.03076,1,1,0.056,0.397,in_circle
135.468,5,465,0.01396,0.02833,-0.0020,0.0350,-0.08673,0.05837,0.03118,1,1,0.101,0.012,in_circle
135.512,5,466,0.01585,0.03074,0.1039,0.1326,-0.07545,0.04105,0.03423,1,1,0.166,-0.197,in_circle
135.555,5,467,0.01669,0.03299,0.0461,0.1234,-0.05099,0.01934,0.03644,1,1,-0.264,-0.594,in_circle
135.598,5,468,0.01661,0.03505,-0.0047,0.1135,-0.00571,0.00814,0.03794,1,1,-0.036,-0.564,in_circle
135.645,5,469,0.01704,0.03750,0.0241,0.1349,0.03137,0.00782,0.04012,1,1,0.167,-0.531,in_circle
135.687,5,470,0.01703,0.04023,-0.0010,0.1500,0.06018,0.00811,0.04228,1,1,0.049,-0.624,in_circle
135.731,5,471,0.01625,0.04067,-0.0428,0.0242,0.07434,0.02029,0.04219,1,1,0.146,-0.683,in_circle
135.775,5,472,0.01527,0.03998,-0.0539,-0.0378,0.07599,0.05092,0.04107,1,1,0.310,-0.194,in_circle
135.819,5,473,0.01502,0.03753,-0.0138,-0.1346,0.07320,0.07778,0.03892,1,1,0.359,0.052,in_circle
135.864,5,474,0.01450,0.03473,-0.0282,-0.1541,0.04675,0.08941,0.03637,1,1,0.202,0.448,in_circle
135.906,5,475,0.01504,0.03085,0.0296,-0.2133,0.00282,0.07989,0.03376,1,1,0.259,0.532,in_circle
135.951,5,476,0.01513,0.02708,0.0048,-0.2077,-0.02903,0.06730,0.03115,1,1,0.026,0.777,in_circle
135.994,5,477,0.01582,0.02300,0.0379,-0.2241,-0.06050,0.05041,0.02910,1,1,0.124,0.763,in_circle
136.040,5,478,0.01699,0.01988,0.0645,-0.1719,-0.09747,0.02957,0.02841,1,1,-0.011,0.800,in_circle
136.082,5,479,0.01887,0.01820,0.1036,-0.0922,-0.11206,0.01082,0.02933,1,1,-0.122,0.637,in_circle
136.127,5,480,0.01832,0.01777,-0.0306,-0.0236,-0.10753,-0.00896,0.02865,1,1,-0.284,0.321,in_circle
136.170,5,481,0.01900,0.01889,0.0377,0.0613,-0.10141,-0.01340,0.02974,1,1,0.253,0.048,in_circle
136.215,5,482,0.01793,0.02011,-0.0589,0.0674,-0.07751,-0.01347,0.02935,1,1,-0.023,-0.295,in_circle
136.258,5,483,0.01694,0.02345,-0.0546,0.1834,-0.03950,-0.00548,0.03027,1,1,0.365,-0.324,in_circle
136.303,5,484,0.01493,0.02606,-0.1106,0.1440,-0.00332,0.01596,0.03032,1,1,0.349,-0.796,in_circle
136.346,5,485,0.01378,0.02947,-0.0632,0.1872,0.02797,0.04204,0.03188,1,1,0.577,-0.646,in_circle
136.392,5,486,0.01192,0.03136,-0.1020,0.1041,0.05894,0.07281,0.03213,1,1,0.390,-0.800,in_circle
136.435,5,487,0.01018,0.03265,-0.0957,0.0710,0.07150,0.09240,0.03215,1,1,0.549,-0.502,in_circle
136.479,5,488,0.00860,0.03199,-0.0873,-0.0364,0.07853,0.08572,0.03073,1,1,0.527,-0.374,in_circle
136.523,5,489,0.00854,0.03007,-0.0034,-0.1055,0.06186,0.07465,0.02909,1,1,0.497,0.056,in_circle
136.567,5,490,0.00900,0.02786,0.0258,-0.1217,0.01528,0.06813,0.02757,1,1,0.160,0.336,in_circle
136.613,5,491,0.00965,0.02463,0.0354,-0.1776,-0.01710,0.06827,0.02552,1,1,0.042,0.405,in_circle
136.700,5,492,0.01140,0.02001,0.0964,-0.2541,-0.07776,0.03502,0.02377,1,1,-0.000,0.635,in_circle
136.743,5,493,0.01209,0.01961,0.0377,-0.0220,-0.08509,0.00367,0.02410,1,1,-0.249,0.800,in_circle
136.787,5,494,0.01293,0.01947,0.0466,-0.0077,-0.09273,-0.01555,0.02472,1,1,-0.017,0.024,in_circle
136.830,5,495,0.01252,0.02115,-0.0226,0.0926,-0.10658,-0.02179,0.02535,1,1,-0.056,-0.033,in_circle
136.876,5,496,0.01146,0.02392,-0.0583,0.1524,-0.09442,-0.02072,0.02631,1,1,0.222,-0.439,in_circle
136.919,5,497,0.01058,0.02762,-0.0487,0.2037,-0.07245,0.00479,0.02838,1,1,0.366,-0.686,in_circle
136.964,5,498,0.00887,0.03181,-0.0936,0.2302,-0.02396,0.04972,0.03073,1,1,0.329,-0.800,in_circle
137.007,5,499,0.00776,0.03586,-0.0614,0.2225,0.00806,0.09078,0.03367,1,1,0.512,-0.800,in_circle
137.051,5,500,0.00582,0.04011,-0.1066,0.2339,0.03535,0.10189,0.03673,1,1,0.386,-0.800,in_circle
137.096,5,501,0.00545,0.04341,-0.0205,0.1815,0.07321,0.08054,0.03968,1,1,0.570,-0.800,in_circle
137.139,5,502,0.00518,0.04539,-0.0148,0.1088,0.09741,0.05900,0.04147,1,1,0.227,-0.800,in_circle
137.183,5,503,0.00533,0.04557,0.0082,0.0102,0.09696,0.05332,0.04169,1,1,0.202,-0.570,in_circle
137.229,5,504,0.00564,0.04382,0.0172,-0.0965,0.08882,0.05581,0.04013,1,1,0.110,-0.184,in_circle
137.270,5,505,0.00668,0.04168,0.0571,-0.1176,0.05848,0.04623,0.03850,1,1,0.073,0.247,in_circle
137.316,5,506,0.00713,0.03756,0.0248,-0.2262,0.01257,0.03637,0.03492,1,1,-0.089,0.336,in_circle
137.359,5,507,0.00805,0.03439,0.0503,-0.1746,-0.01707,0.02496,0.03251,1,1,0.038,0.780,in_circle
137.404,5,508,0.00786,0.03079,-0.0100,-0.1982,-0.04632,0.01246,0.02932,1,1,-0.067,0.580,in_circle
137.446,5,509,0.00735,0.02728,-0.0282,-0.1929,-0.08139,0.00526,0.02612,1,1,0.174,0.682,in_circle
137.491,5,510,0.00704,0.02476,-0.0173,-0.1386,-0.09543,0.00274,0.02392,1,1,0.247,0.669,in_circle
137.534,5,511,0.00652,0.02413,-0.0283,-0.0346,-0.10413,0.01779,0.02310,1,1,0.204,0.457,in_circle
137.580,5,512,0.00527,0.02378,-0.0686,-0.0195,-0.10497,0.05622,0.02207,1,1,0.249,0.042,in_circle
137.622,5,513,0.00499,0.02506,-0.0158,0.0706,-0.08221,0.08770,0.02295,1,1,0.412,-0.019,in_circle
137.668,5,514,0.00500,0.02752,0.0007,0.1351,-0.04121,0.09288,0.02504,1,1,0.201,-0.383,in_circle
137.711,5,515,0.00474,0.02921,-0.0140,0.0931,-0.00675,0.07537,0.02638,1,1,0.135,-0.648,in_circle
137.758,5,516,0.00601,0.03163,0.0697,0.1334,0.02630,0.05347,0.02912,1,1,0.194,-0.485,in_circle
137.799,5,517,0.00676,0.03338,0.0414,0.0962,0.05566,0.03537,0.03102,1,1,-0.145,-0.654,in_circle
137.843,5,518,0.00776,0.03350,0.0548,0.0064,0.06135,0.01307,0.03160,1,1,-0.034,-0.510,in_circle
137.887,5,519,0.00890,0.03216,0.0627,-0.0738,0.06783,-0.00045,0.03104,1,1,-0.091,-0.153,in_circle
137.932,5,520,0.00953,0.03154,0.0346,-0.0343,0.05534,-0.01142,0.03086,1,1,-0.126,0.170,in_circle
137.975,5,521,0.00908,0.02826,-0.0247,-0.1804,0.01243,-0.01261,0.02793,1,1,-0.016,0.013,in_circle
138.019,5,522,0.00822,0.02597,-0.0470,-0.1258,-0.02606,-0.00545,0.02560,1,1,0.221,0.604,in_circle
138.064,5,523,0.00718,0.02451,-0.0575,-0.0803,-0.04444,0.01675,0.02381,1,1,0.312,0.391,in_circle
138.108,5,524,0.00518,0.02194,-0.1102,-0.1414,-0.07463,0.04822,0.02055,1,1,0.356,0.212,in_circle
138.152,5,525,0.00477,0.02125,-0.0225,-0.0378,-0.08705,0.08165,0.01976,1,1,0.571,0.462,in_circle
138.196,5,526,0.00402,0.02107,-0.0411,-0.0099,-0.06081,0.09130,0.01915,1,1,0.221,0.048,in_circle
138.240,5,527,0.00338,0.02256,-0.0350,0.0818,-0.06658,0.07765,0.01998,1,1,0.297,-0.063,in_circle
138.283,5,528,0.00313,0.02281,-0.0138,0.0139,-0.05492,0.06013,0.02005,1,1,0.273,-0.435,in_circle
138.329,5,529,0.00371,0.02507,0.0320,0.1243,-0.00220,0.03939,0.02228,1,1,0.189,-0.164,in_circle
138.372,5,530,0.00434,0.02659,0.0346,0.0834,0.03359,0.02134,0.02390,1,1,0.003,-0.613,in_circle
138.415,5,531,0.00534,0.02737,0.0548,0.0431,0.02827,0.01419,0.02509,1,1,-0.009,-0.454,in_circle
138.459,5,532,0.00563,0.02764,0.0159,0.0144,0.04448,0.01290,0.02546,1,1,-0.093,-0.295,in_circle
138.504,5,533,0.00525,0.02746,-0.0208,-0.0096,0.04736,0.01402,0.02512,1,1,0.061,-0.182,in_circle
138.548,5,534,0.00441,0.02628,-0.0461,-0.0651,0.00650,0.01643,0.02367,1,1,0.209,-0.087,in_circle
138.591,5,535,0.00458,0.02513,0.0091,-0.0633,-0.02835,0.02399,0.02278,1,1,0.311,0.137,in_circle
138.636,5,536,0.00319,0.02318,-0.0765,-0.1071,-0.05487,0.04636,0.02039,1,1,0.090,0.132,in_circle
138.723,5,537,0.00258,0.02416,-0.0332,0.0538,-0.09576,0.08294,0.02092,1,1,0.434,0.311,in_circle
138.767,5,538,0.00301,0.02600,0.0233,0.1013,-0.08222,0.07523,0.02273,1,1,0.262,-0.336,in_circle
138.811,5,539,0.00466,0.02811,0.0908,0.1161,-0.09170,0.06476,0.02538,1,1,0.035,-0.532,in_circle
138.854,5,540,0.00461,0.03221,-0.0026,0.2252,-0.07690,0.05911,0.02900,1,1,-0.240,-0.597,in_circle
138.900,5,541,0.00663,0.03594,0.1108,0.2052,-0.02512,0.04481,0.03323,1,1,0.133,-0.800,in_circle
138.942,5,542,0.00846,0.04066,0.1011,0.2599,0.00743,0.01327,0.03829,1,1,-0.326,-0.800,in_circle
138.987,5,543,0.00901,0.04406,0.0302,0.1869,0.03550,-0.01887,0.04161,1,1,-0.292,-0.800,in_circle
139.030,5,544,0.00882,0.04674,-0.0108,0.1471,0.07488,-0.03462,0.04399,1,1,-0.010,-0.800,in_circle
139.075,5,545,0.00786,0.04867,-0.0525,0.1064,0.09978,-0.03405,0.04545,1,1,0.148,-0.759,in_circle
139.118,5,546,0.00641,0.04883,-0.0798,0.0086,0.09573,-0.02076,0.04512,1,1,0.305,-0.607,in_circle
139.163,5,547,0.00428,0.04806,-0.1171,-0.0420,0.08316,0.03104,0.04376,1,1,0.413,-0.239,in_circle
139.206,5,548,0.00255,0.04571,-0.0956,-0.1295,0.04812,0.08946,0.04103,1,1,0.568,-0.042,in_circle
139.252,5,549,0.00101,0.04254,-0.0844,-0.1741,0.00081,0.11272,0.03759,1,1,0.501,0.319,in_circle
139.295,5,550,0.00047,0.03834,-0.0296,-0.2313,-0.02859,0.08687,0.03338,1,1,0.464,0.511,in_circle
139.339,5,551,-0.00027,0.03477,-0.0411,-0.1960,-0.05493,0.05484,0.02974,1,1,0.246,0.749,in_circle
139.384,5,552,-0.00035,0.03168,-0.0041,-0.1701,-0.09243,0.03725,0.02674,1,1,0.293,0.616,in_circle
139.428,5,553,-0.00067,0.03074,-0.0177,-0.0518,-0.11147,0.02895,0.02575,1,1,0.145,0.518,in_circle
139.472,5,554,-0.00049,0.03016,0.0098,-0.0315,-0.10476,0.02718,0.02525,1,1,0.200,0.047,in_circle
139.517,5,555,-0.00082,0.03045,-0.0183,0.0157,-0.09809,0.02779,0.02543,1,1,0.089,-0.034,in_circle
139.559,5,556,-0.00139,0.03275,-0.0314,0.1266,-0.06047,0.03253,0.02751,1,1,0.202,-0.225,in_circle
139.603,5,557,-0.00118,0.03500,0.0119,0.1237,-0.01986,0.04241,0.02975,1,1,0.256,-0.675,in_circle
139.647,5,558,-0.00192,0.03823,-0.0410,0.1779,0.00700,0.05438,0.03277,1,1,0.082,-0.670,in_circle
139.691,5,559,-0.00222,0.04028,-0.0161,0.1127,0.04190,0.06570,0.03473,1,1,0.295,-0.800,in_circle
139.735,5,560,-0.00177,0.04170,0.0246,0.0782,0.07934,0.07179,0.03621,1,1,0.196,-0.643,in_circle
139.779,5,561,-0.00117,0.04162,0.0330,-0.0044,0.10304,0.06615,0.03624,1,1,0.032,-0.510,in_circle
139.825,5,562,0.00052,0.04071,0.0928,-0.0503,0.09004,0.06545,0.03569,1,1,-0.004,-0.181,in_circle
139.867,5,563,0.00120,0.03785,0.0376,-0.1574,0.04956,0.06228,0.03309,1,1,-0.247,0.004,in_circle
139.912,5,564,0.00334,0.03451,0.1175,-0.1834,0.01567,0.04215,0.03061,1,1,-0.029,0.438,in_circle
139.954,5,565,0.00357,0.03109,0.0126,-0.1880,-0.01616,0.01016,0.02755,1,1,-0.354,0.549,in_circle
139.999,5,566,0.00481,0.02824,0.0686,-0.1572,-0.05209,-0.02565,0.02557,1,1,0.064,0.575,in_circle
140.042,5,567,0.00520,0.02501,0.0210,-0.1773,-0.08163,-0.04305,0.02303,1,1,-0.163,0.457,in_circle
140.087,5,568,0.00521,0.02335,0.0007,-0.0918,-0.10490,-0.03756,0.02168,1,1,0.026,0.545,in_circle
140.130,5,569,0.00322,0.02396,-0.1095,0.0338,-0.09677,-0.01933,0.02107,1,1,0.106,0.207,in_circle
140.181,5,570,0.00322,0.02396,0.0000,0.0000,-0.10435,0.01011,0.02107,0,0,0.552,-0.298,in_circle
140.220,5,571,-0.00170,0.02634,-0.2707,0.1307,-0.07440,0.05031,0.02123,1,1,0.113,-0.164,in_circle
140.263,5,572,-0.00348,0.02925,-0.0977,0.1604,-0.03181,0.08542,0.02365,1,1,0.800,-0.693,in_circle
140.306,5,573,-0.00552,0.03259,-0.1122,0.1834,-0.00544,0.09013,0.02669,1,1,0.520,-0.800,in_circle
140.352,5,574,-0.00698,0.03615,-0.0805,0.1959,0.03140,0.07313,0.03016,1,1,0.583,-0.800,in_circle
140.395,5,575,-0.00765,0.03733,-0.0365,0.0649,0.07163,0.05843,0.03133,1,1,0.460,-0.800,in_circle
140.440,5,576,-0.00874,0.03846,-0.0600,0.0621,0.09773,0.06204,0.03247,1,1,0.286,-0.462,in_circle
140.484,5,577,-0.00883,0.03822,-0.0051,-0.0130,0.09979,0.07021,0.03224,1,1,0.382,-0.456,in_circle
140.526,5,578,-0.00878,0.03620,0.0026,-0.1110,0.07231,0.07050,0.03022,1,1,0.163,-0.156,in_circle
140.570,5,579,-0.00784,0.03323,0.0518,-0.1637,0.03585,0.06804,0.02723,1,1,0.132,0.240,in_circle
140.615,5,580,-0.00729,0.02950,0.0304,-0.2049,-0.00276,0.06187,0.02351,1,1,-0.067,0.457,in_circle
140.659,5,581,-0.00604,0.02551,0.0689,-0.2197,-0.03462,0.05379,0.01959,1,1,0.017,0.630,in_circle
140.747,5,582,-0.00364,0.02075,0.1317,-0.2616,-0.09830,0.00633,0.01533,1,1,-0.140,0.697,in_circle
140.791,5,583,-0.00276,0.01961,0.0487,-0.0627,-0.10249,-0.00958,0.01452,1,1,-0.398,0.800,in_circle
140.835,5,584,-0.00292,0.01945,-0.0089,-0.0090,-0.11076,-0.01541,0.01431,1,1,-0.068,0.083,in_circle
140.879,5,585,-0.00358,0.02186,-0.0366,0.1326,-0.10640,-0.01863,0.01641,1,1,0.162,-0.132,in_circle
140.924,5,586,-0.00488,0.02476,-0.0715,0.1597,-0.09866,-0.01350,0.01899,1,1,0.275,-0.705,in_circle
140.968,5,587,-0.00573,0.02916,-0.0467,0.2418,-0.06850,0.01139,0.02325,1,1,0.417,-0.800,in_circle
141.013,5,588,-0.00723,0.03458,-0.0825,0.2981,-0.02807,0.06071,0.02858,1,1,0.320,-0.800,in_circle
141.055,5,589,-0.00928,0.03855,-0.1128,0.2186,0.00429,0.09752,0.03259,1,1,0.467,-0.800,in_circle
141.099,5,590,-0.01010,0.04320,-0.0447,0.2555,0.03670,0.09768,0.03727,1,1,0.594,-0.800,in_circle
141.144,5,591,-0.01033,0.04662,-0.0131,0.1882,0.07323,0.07548,0.04070,1,1,0.323,-0.800,in_circle
141.188,5,592,-0.00979,0.04846,0.0301,0.1011,0.09870,0.06355,0.04251,1,1,0.197,-0.800,in_circle
141.231,5,593,-0.00903,0.04914,0.0418,0.0374,0.09758,0.05867,0.04316,1,1,0.027,-0.651,in_circle
141.275,5,594,-0.00780,0.04771,0.0675,-0.0785,0.09039,0.04899,0.04171,1,1,-0.019,-0.406,in_circle
141.318,5,595,-0.00689,0.04479,0.0502,-0.1605,0.05950,0.01999,0.03880,1,1,-0.126,0.052,in_circle
141.364,5,596,-0.00629,0.04094,0.0325,-0.2119,0.01277,-0.01402,0.03497,1,1,-0.064,0.395,in_circle
141.408,5,597,-0.00645,0.03656,-0.0088,-0.2409,-0.01942,-0.03738,0.03059,1,1,0.005,0.608,in_circle
141.451,5,598,-0.00767,0.03205,-0.0668,-0.2480,-0.04613,-0.03581,0.02605,1,1,0.171,0.734,in_circle
141.495,5,599,-0.00826,0.02887,-0.0325,-0.1748,-0.08105,-0.01112,0.02288,1,1,0.406,0.772,in_circle
141.539,5,600,-0.01071,0.02635,-0.1345,-0.1390,-0.11157,0.03361,0.02055,1,1,0.270,0.486,in_circle
141.583,5,601,-0.01312,0.02498,-0.1328,-0.0751,-0.11527,0.07950,0.01971,1,1,0.684,0.349,in_circle
141.627,5,602,-0.01527,0.02529,-0.1186,0.0170,-0.10473,0.10209,0.02069,1,1,0.684,0.096,in_circle
141.670,5,603,-0.01616,0.02671,-0.0487,0.0782,-0.07056,0.08378,0.02233,1,1,0.633,-0.274,in_circle
141.715,5,604,-0.01750,0.02833,-0.0737,0.0891,-0.02963,0.06386,0.02435,1,1,0.356,-0.524,in_circle
141.759,5,605,-0.01730,0.03116,0.0111,0.1556,-0.00132,0.05931,0.02689,1,1,0.460,-0.572,in_circle
141.803,5,606,-0.01741,0.03338,-0.0059,0.1223,0.03175,0.05587,0.02902,1,1,0.120,-0.800,in_circle
141.846,5,607,-0.01768,0.03534,-0.0151,0.1078,0.06934,0.05559,0.03096,1,1,0.189,-0.720,in_circle
141.892,5,608,-0.01707,0.03566,0.0339,0.0174,0.09990,0.05368,0.03107,1,1,0.227,-0.668,in_circle
141.936,5,609,-0.01686,0.03442,0.0116,-0.0682,0.09536,0.04867,0.02982,1,1,0.030,-0.308,in_circle
141.980,5,610,-0.01674,0.03099,0.0061,-0.1886,0.07337,0.04477,0.02654,1,1,0.119,0.036,in_circle
142.024,5,611,-0.01539,0.02731,0.0747,-0.2022,0.04426,0.03925,0.02262,1,1,0.141,0.525,in_circle
142.068,5,612,-0.01618,0.02296,-0.0436,-0.2391,-0.00052,0.03657,0.01892,1,1,-0.137,0.587,in_circle
142.111,5,613,-0.01564,0.01870,0.0295,-0.2347,-0.03309,0.03627,0.01492,1,1,0.339,0.745,in_circle
142.156,5,614,-0.01507,0.01508,0.0316,-0.1986,-0.05759,0.03470,0.01163,1,1,0.046,0.738,in_circle
142.199,5,615,-0.01431,0.01278,0.0414,-0.1265,-0.09679,0.03472,0.00941,1,1,0.036,0.602,in_circle
142.243,5,616,-0.01378,0.01050,0.0292,-0.1256,-0.11142,0.04117,0.00749,1,1,-0.005,0.319,in_circle
142.286,5,617,-0.01320,0.00944,0.0322,-0.0585,-0.10180,0.03898,0.00640,1,1,0.043,0.321,in_circle
142.331,5,618,-0.01254,0.01070,0.0360,0.0698,-0.08795,0.03884,0.00668,1,1,0.030,0.055,in_circle
142.376,5,619,-0.01205,0.01158,0.0269,0.0484,-0.04326,0.04213,0.00702,1,1,0.013,-0.462,in_circle
142.419,5,620,-0.01261,0.01223,-0.0308,0.0357,-0.00390,0.04744,0.00788,1,1,0.049,-0.379,in_circle
142.464,5,621,-0.01251,0.01331,0.0055,0.0589,0.02129,0.04695,0.00869,1,1,0.281,-0.330,in_circle
142.508,5,622,-0.01126,0.01437,0.0687,0.0584,0.04524,0.05088,0.00906,1,1,0.136,-0.425,in_circle
142.550,5,623,-0.01081,0.01372,0.0251,-0.0355,0.04904,0.06030,0.00829,1,1,-0.120,-0.426,in_circle
142.595,5,624,-0.00905,0.01277,0.0964,-0.0522,0.04751,0.06429,0.00689,1,1,0.053,-0.050,in_circle
142.639,5,625,-0.00782,0.01020,0.0677,-0.1416,0.04396,0.05995,0.00420,1,1,-0.236,0.019,in_circle
142.684,5,626,-0.00700,0.00799,0.0452,-0.1215,0.00467,0.05106,0.00214,1,1,-0.124,0.383,in_circle
142.772,5,627,-0.00406,0.00295,0.1620,-0.2774,-0.05884,0.00099,0.00483,1,1,-0.037,0.308,in_circle
