t,episode,step,xb,yb,vx,vy,alpha,beta,dist,in_circle,ball_found,a0,a1,status,i0,i1,k0,k1,kicking
1.478,1,0,-0.07054,-0.11943,-0.0139,-0.0034,-0.02040,0.04333,0.14025,0,1,0.311,1.000,running,0.0000,0.0000,0.0000,0.0000,0
1.567,1,1,-0.07138,-0.11907,-0.0095,0.0041,-0.04955,0.05348,0.14030,0,1,0.342,1.000,running,0.0000,0.0000,0.0000,0.0000,0
1.610,1,2,-0.07193,-0.11791,-0.0125,0.0265,-0.06796,0.07981,0.13952,0,1,0.337,1.000,running,0.0000,0.0000,0.0000,0.0000,0
1.656,1,3,-0.07150,-0.11680,0.0096,0.0246,-0.07447,0.09313,0.13833,0,1,0.346,1.000,running,0.0000,0.0000,0.0000,0.0000,0
1.698,1,4,-0.07111,-0.11539,0.0090,0.0333,-0.10975,0.09837,0.13691,0,1,0.299,1.000,running,0.0000,0.0000,0.0000,0.0000,0
1.743,1,5,-0.06957,-0.11303,0.0341,0.0521,-0.10738,0.09483,0.13410,0,1,0.299,1.000,running,0.0000,0.0000,0.0000,0.0000,0
1.786,1,6,-0.06766,-0.11022,0.0445,0.0654,-0.11523,0.09125,0.13073,0,1,0.241,1.000,running,0.0000,0.0000,0.0000,0.0000,0
1.830,1,7,-0.06599,-0.10659,0.0382,0.0829,-0.11014,0.08668,0.12674,0,1,0.210,1.000,running,0.0000,0.0000,0.0000,0.0000,0
1.877,1,8,-0.06347,-0.10227,0.0532,0.0913,-0.11135,0.07810,0.12174,0,1,0.215,1.000,running,0.0000,0.0000,0.0000,0.0000,0
1.929,1,9,-0.06107,-0.09720,0.0464,0.0979,-0.11134,0.07280,0.11613,0,1,0.172,1.000,running,0.0000,0.0000,0.0000,0.0000,0
1.964,1,10,-0.05852,-0.09149,0.0742,0.1664,-0.10907,0.06356,0.10990,0,1,0.174,1.000,running,0.0000,0.0000,0.0000,0.0000,0
2.006,1,11,-0.05498,-0.08508,0.0832,0.1502,-0.10858,0.05321,0.10257,0,1,0.105,1.000,running,0.0000,0.0000,0.0000,0.0000,0
2.051,1,12,-0.05173,-0.07750,0.0724,0.1688,-0.10839,0.04381,0.09435,0,1,0.070,1.000,running,0.0000,0.0000,0.0000,0.0000,0
2.094,1,13,-0.04807,-0.06899,0.0847,0.1972,-0.10747,0.03447,0.08512,0,1,0.077,0.084,running,0.0020,0.0037,0.0000,0.0000,0
2.140,1,14,-0.04492,-0.05893,0.0695,0.2221,-0.10555,0.02860,0.07479,0,1,0.009,-0.069,running,0.0037,0.0070,0.0000,0.0000,0
2.184,1,15,-0.04144,-0.04859,0.0791,0.2354,-0.08913,0.03210,0.06412,0,1,-0.019,-0.294,running,0.0054,0.0099,0.0000,0.0000,0
2.228,1,16,-0.03755,-0.03788,0.0886,0.2435,-0.04786,0.03292,0.05301,0,1,-0.109,-0.500,running,0.0069,0.0123,0.0000,0.0000,0
2.270,1,17,-0.03341,-0.02635,0.0968,0.2700,-0.00864,0.03176,0.04126,1,1,-0.206,-0.695,in_circle,0.0082,0.0143,0.0000,0.0000,0
2.314,1,18,-0.03004,-0.01494,0.0766,0.2594,0.02029,0.03417,0.03055,1,1,-0.308,-0.800,in_circle,0.0093,0.0156,0.0000,0.0000,0
2.359,1,19,-0.02640,-0.00424,0.0807,0.2371,0.05423,0.03246,0.02123,1,1,-0.241,-0.800,in_circle,0.0103,0.0166,0.0000,0.0000,0
2.404,1,20,-0.02296,0.00478,0.0777,0.2035,0.08506,0.01962,0.01521,1,1,-0.265,-0.800,in_circle,0.0111,0.0170,0.0000,0.0000,0
2.446,1,21,-0.01930,0.01168,0.0858,0.1616,0.08227,0.00980,0.01282,1,1,-0.261,-0.794,in_circle,0.0118,0.0171,0.0000,0.0000,0
2.491,1,22,-0.01737,0.01887,0.0432,0.1614,0.07999,0.00524,0.01604,1,1,-0.302,-0.644,in_circle,0.0123,0.0168,0.0000,0.0000,0
2.535,1,23,-0.01602,0.02363,0.0307,0.1082,0.07709,0.00404,0.01945,1,1,-0.136,-0.661,in_circle,0.0127,0.0163,0.0000,0.0000,0
2.580,1,24,-0.01424,0.02728,0.0398,0.0814,0.04778,0.00692,0.02223,1,1,-0.089,-0.462,in_circle,0.0130,0.0155,0.0000,0.0000,0
2.625,1,25,-0.01314,0.02994,0.0245,0.0594,0.03153,0.00664,0.02453,1,1,-0.130,-0.364,in_circle,0.0133,0.0145,0.0000,0.0000,0
2.669,1,26,-0.01311,0.03182,0.0007,0.0426,0.01190,0.01705,0.02636,1,1,-0.071,-0.284,in_circle,0.0136,0.0135,0.0000,0.0000,0
2.712,1,27,-0.01287,0.03422,0.0055,0.0555,-0.02428,0.02932,0.02867,1,1,0.024,-0.223,in_circle,0.0138,0.0123,0.0000,0.0000,0
2.756,1,28,-0.01313,0.03548,-0.0057,0.0288,-0.03326,0.03526,0.02996,1,1,0.005,-0.281,in_circle,0.0140,0.0111,0.0000,0.0000,0
2.800,1,29,-0.01363,0.03745,-0.0114,0.0444,-0.03073,0.04917,0.03199,1,1,0.051,-0.179,in_circle,0.0143,0.0098,0.0000,0.0000,0
2.844,1,30,-0.01302,0.03933,0.0140,0.0429,-0.03045,0.05774,0.03373,1,1,0.075,-0.248,in_circle,0.0145,0.0084,0.0000,0.0000,0
2.888,1,31,-0.01312,0.04093,-0.0021,0.0365,-0.02737,0.06378,0.03533,1,1,-0.028,-0.248,in_circle,0.0147,0.0069,0.0000,0.0000,0
2.939,1,32,-0.01235,0.04331,0.0149,0.0468,-0.01660,0.06321,0.03759,1,1,0.037,-0.228,in_circle,0.0150,0.0054,0.0000,0.0000,0
2.975,1,33,-0.01133,0.04422,0.0284,0.0253,-0.00443,0.06632,0.03838,1,1,-0.033,-0.277,in_circle,0.0152,0.0035,0.0000,0.0000,0
3.024,1,34,-0.00957,0.04500,0.0355,0.0158,-0.00284,0.06414,0.03904,1,1,-0.089,-0.195,in_circle,0.0153,0.0021,0.0000,0.0000,0
3.064,1,35,-0.00805,0.04630,0.0381,0.0326,0.00074,0.06332,0.04031,1,1,-0.122,-0.160,in_circle,0.0154,0.0002,0.0000,0.0000,0
3.110,1,36,-0.00560,0.04713,0.0540,0.0181,0.00376,0.05387,0.04119,1,1,-0.136,-0.233,in_circle,0.0154,-0.0014,0.0000,0.0000,0
3.154,1,37,-0.00393,0.04720,0.0374,0.0016,0.00064,0.04142,0.04138,1,1,-0.204,-0.180,in_circle,0.0153,-0.0033,0.0000,0.0000,0
3.198,1,38,-0.00159,0.04691,0.0541,-0.0067,0.00315,0.02915,0.04138,1,1,-0.142,-0.117,in_circle,0.0152,-0.0051,0.0000,0.0000,0
3.244,1,39,0.00012,0.04566,0.0372,-0.0270,0.00206,0.02014,0.04045,1,1,-0.214,-0.085,in_circle,0.0149,-0.0069,0.0000,0.0000,0
3.285,1,40,0.00160,0.04476,0.0361,-0.0221,-0.00562,0.01737,0.03988,1,1,-0.153,-0.001,in_circle,0.0145,-0.0087,0.0000,0.0000,0
3.331,1,41,0.00283,0.04312,0.0264,-0.0351,-0.01122,0.01596,0.03861,1,1,-0.154,-0.019,in_circle,0.0141,-0.0103,0.0000,0.0000,0
3.379,1,42,0.00304,0.04127,0.0044,-0.0392,-0.02002,0.01449,0.03690,1,1,-0.118,0.035,in_circle,0.0136,-0.0120,0.0000,0.0000,0
3.416,1,43,0.00434,0.04014,0.0348,-0.0302,-0.02396,0.01130,0.03624,1,1,-0.032,0.055,in_circle,0.0131,-0.0137,0.0000,0.0000,0
3.462,1,44,0.00434,0.03849,0.0001,-0.0359,-0.02859,0.01286,0.03469,1,1,-0.157,0.020,in_circle,0.0127,-0.0150,0.0000,0.0000,0
3.505,1,45,0.00428,0.03833,-0.0015,-0.0037,-0.03219,0.02209,0.03451,1,1,-0.019,0.046,in_circle,0.0121,-0.0165,0.0000,0.0000,0
3.638,1,46,0.00504,0.03677,0.0057,-0.0117,-0.03310,0.03915,0.03334,1,1,-0.013,-0.085,in_circle,0.0110,-0.0195,0.0000,0.0000,0
3.678,1,47,0.00513,0.03708,0.0022,0.0078,-0.02383,0.04387,0.03367,1,1,-0.045,-0.052,in_circle,0.0099,-0.0220,0.0000,0.0000,0
3.724,1,48,0.00588,0.03786,0.0167,0.0171,-0.01983,0.04760,0.03467,1,1,-0.032,-0.132,in_circle,0.0094,-0.0233,0.0000,0.0000,0
3.767,1,49,0.00551,0.03755,-0.0087,-0.0071,-0.01972,0.04616,0.03424,1,1,-0.092,-0.173,in_circle,0.0088,-0.0247,0.0000,0.0000,0
3.812,1,50,0.00575,0.03777,0.0054,0.0048,-0.01158,0.05035,0.03454,1,1,0.010,-0.077,in_circle,0.0082,-0.0261,0.0000,0.0000,0
3.855,1,51,0.00636,0.03775,0.0140,-0.0003,0.00193,0.04820,0.03477,1,1,-0.048,-0.126,in_circle,0.0076,-0.0275,0.0000,0.0000,0
3.900,1,52,0.00537,0.03735,-0.0224,-0.0091,-0.00430,0.04850,0.03400,1,1,-0.085,-0.107,in_circle,0.0070,-0.0289,0.0000,0.0000,0
3.945,1,53,0.00517,0.03660,-0.0044,-0.0167,-0.00138,0.04725,0.03324,1,1,0.063,-0.072,in_circle,0.0064,-0.0303,0.0000,0.0000,0
3.988,1,54,0.00463,0.03620,-0.0124,-0.0093,-0.00444,0.04729,0.03266,1,1,-0.009,-0.041,in_circle,0.0058,-0.0317,0.0000,0.0000,0
4.033,1,55,0.00452,0.03570,-0.0027,-0.0113,-0.00761,0.04869,0.03215,1,1,0.024,-0.071,in_circle,0.0053,-0.0330,0.0000,0.0000,0
4.076,1,56,0.00454,0.03465,0.0005,-0.0242,-0.01402,0.04885,0.03119,1,1,-0.015,-0.063,in_circle,0.0047,-0.0343,0.0000,0.0000,0
4.120,1,57,0.00527,0.03399,0.0166,-0.0150,-0.01382,0.04915,0.03089,1,1,-0.029,-0.010,in_circle,0.0042,-0.0355,0.0000,0.0000,0
4.164,1,58,0.00558,0.03279,0.0071,-0.0273,-0.01364,0.04784,0.02994,1,1,-0.095,-0.047,in_circle,0.0036,-0.0368,0.0000,0.0000,0
4.206,1,59,0.00571,0.03170,0.0031,-0.0255,-0.01757,0.04604,0.02904,1,1,-0.059,0.004,in_circle,0.0030,-0.0379,0.0000,0.0000,0
4.252,1,60,0.00563,0.03100,-0.0018,-0.0155,-0.01692,0.04313,0.02838,1,1,-0.044,-0.001,in_circle,0.0025,-0.0390,0.0000,0.0000,0
4.296,1,61,0.00551,0.03039,-0.0028,-0.0140,-0.01797,0.04001,0.02778,1,1,-0.024,-0.041,in_circle,0.0019,-0.0402,0.0000,0.0000,0
4.340,1,62,0.00600,0.03007,0.0111,-0.0073,-0.01856,0.03901,0.02774,1,1,-0.021,-0.046,in_circle,0.0013,-0.0413,0.0000,0.0000,0
4.383,1,63,0.00620,0.02993,0.0047,-0.0030,-0.01805,0.03987,0.02773,1,1,-0.078,-0.073,in_circle,0.0007,-0.0423,0.0000,0.0000,0
4.429,1,64,0.00563,0.02992,-0.0125,-0.0003,-0.01804,0.04150,0.02744,1,1,-0.054,-0.091,in_circle,0.0001,-0.0433,0.0000,0.0000,0
4.471,1,65,0.00586,0.03057,0.0053,0.0153,-0.01601,0.04095,0.02811,1,1,0.016,-0.103,in_circle,-0.0006,-0.0444,0.0000,0.0000,0
4.515,1,66,0.00580,0.03105,-0.0012,0.0109,-0.01311,0.04019,0.02851,1,1,-0.056,-0.168,in_circle,-0.0011,-0.0455,0.0000,0.0000,0
4.559,1,67,0.00528,0.03105,-0.0121,0.0000,-0.01064,0.04085,0.02826,1,1,-0.031,-0.153,in_circle,-0.0017,-0.0466,0.0000,0.0000,0
4.603,1,68,0.00608,0.03075,0.0181,-0.0069,-0.00504,0.04096,0.02837,1,1,0.014,-0.110,in_circle,-0.0023,-0.0477,0.0000,0.0000,0
4.647,1,69,0.00568,0.03004,-0.0090,-0.0160,-0.00391,0.04032,0.02756,1,1,-0.110,-0.083,in_circle,-0.0029,-0.0488,0.0000,0.0000,0
4.692,1,70,0.00582,0.02964,0.0031,-0.0091,-0.00553,0.04206,0.02728,1,1,-0.001,-0.046,in_circle,-0.0035,-0.0498,0.0000,0.0000,0
4.735,1,71,0.00611,0.02944,0.0066,-0.0046,-0.00670,0.03983,0.02726,1,1,-0.051,-0.074,in_circle,-0.0041,-0.0509,0.0000,0.0000,0
4.780,1,72,0.00585,0.02897,-0.0057,-0.0103,-0.01053,0.03814,0.02672,1,1,-0.066,-0.092,in_circle,-0.0047,-0.0519,0.0000,0.0000,0
4.823,1,73,0.00594,0.02843,0.0022,-0.0127,-0.00889,0.03902,0.02631,1,1,-0.017,-0.069,in_circle,-0.0053,-0.0529,0.0000,0.0000,0
4.867,1,74,0.00539,0.02758,-0.0122,-0.0190,-0.00949,0.03863,0.02530,1,1,-0.049,-0.059,in_circle,-0.0059,-0.0539,0.0000,0.0000,0
4.910,1,75,0.00553,0.02739,0.0032,-0.0046,-0.01037,0.03883,0.02520,1,1,0.009,-0.033,in_circle,-0.0065,-0.0549,0.0000,0.0000,0
4.956,1,76,0.00579,0.02647,0.0057,-0.0201,-0.01118,0.03891,0.02457,1,1,-0.053,-0.091,in_circle,-0.0071,-0.0558,0.0000,0.0000,0
5.000,1,77,0.00581,0.02669,0.0004,0.0050,-0.01490,0.03764,0.02476,1,1,-0.064,-0.028,in_circle,-0.0077,-0.0567,0.0000,0.0000,0
5.043,1,78,0.00511,0.02682,-0.0162,0.0032,-0.01423,0.03770,0.02450,1,1,-0.044,-0.129,in_circle,-0.0083,-0.0576,0.0000,0.0000,0
5.087,1,79,0.00595,0.02724,0.0195,0.0097,-0.01600,0.03804,0.02530,1,1,0.024,-0.123,in_circle,-0.0089,-0.0585,0.0000,0.0000,0
5.132,1,80,0.00529,0.02762,-0.0145,0.0083,-0.01167,0.03889,0.02527,1,1,-0.122,-0.151,in_circle,-0.0095,-0.0594,0.0000,0.0000,0
5.174,1,81,0.00567,0.02773,0.0090,0.0027,-0.01040,0.03941,0.02557,1,1,0.015,-0.148,in_circle,-0.0101,-0.0604,0.0000,0.0000,0
5.219,1,82,0.00512,0.02789,-0.0122,0.0035,-0.00982,0.03858,0.02542,1,1,-0.080,-0.127,in_circle,-0.0106,-0.0613,0.0000,0.0000,0
5.263,1,83,0.00517,0.02781,0.0013,-0.0018,-0.00885,0.04187,0.02538,1,1,0.005,-0.131,in_circle,-0.0112,-0.0623,0.0000,0.0000,0
5.308,1,84,0.00408,0.02759,-0.0242,-0.0049,-0.00882,0.04197,0.02465,1,1,-0.049,-0.111,in_circle,-0.0118,-0.0633,0.0000,0.0000,0
5.352,1,85,0.00435,0.02762,0.0059,0.0006,-0.00850,0.04195,0.02480,1,1,0.055,-0.099,in_circle,-0.0123,-0.0642,0.0000,0.0000,0
5.397,1,86,0.00407,0.02758,-0.0061,-0.0008,-0.00805,0.04225,0.02463,1,1,-0.067,-0.122,in_circle,-0.0128,-0.0652,0.0000,0.0000,0
5.439,1,87,0.00434,0.02761,0.0064,0.0006,-0.00787,0.04358,0.02478,1,1,-0.019,-0.117,in_circle,-0.0134,-0.0662,0.0000,0.0000,0
5.484,1,88,0.00440,0.02770,0.0014,0.0020,-0.00791,0.04397,0.02489,1,1,-0.070,-0.123,in_circle,-0.0139,-0.0671,0.0000,0.0000,0
5.528,1,89,0.00448,0.02741,0.0019,-0.0065,-0.00918,0.04240,0.02469,1,1,-0.050,-0.130,in_circle,-0.0144,-0.0681,0.0000,0.0000,0
5.616,1,90,0.00428,0.02777,-0.0022,0.0040,-0.00716,0.04213,0.02490,1,1,-0.054,-0.098,in_circle,-0.0156,-0.0700,0.0000,0.0000,0
5.660,1,91,0.00490,0.02780,0.0142,0.0008,-0.00873,0.04270,0.02523,1,1,-0.037,-0.141,in_circle,-0.0161,-0.0709,0.0000,0.0000,0
5.705,1,92,0.00468,0.02772,-0.0048,-0.0018,-0.00857,0.04245,0.02505,1,1,-0.105,-0.129,in_circle,-0.0166,-0.0718,0.0000,0.0000,0
5.746,1,93,0.00445,0.02754,-0.0054,-0.0044,-0.00852,0.04331,0.02478,1,1,-0.029,-0.120,in_circle,-0.0172,-0.0728,0.0000,0.0000,0
5.790,1,94,0.00433,0.02765,-0.0027,0.0027,-0.00834,0.04160,0.02482,1,1,-0.027,-0.110,in_circle,-0.0177,-0.0737,0.0000,0.0000,0
5.835,1,95,0.00445,0.02732,0.0025,-0.0075,-0.00834,0.04167,0.02459,1,1,-0.038,-0.140,in_circle,-0.0182,-0.0747,0.0000,0.0000,0
5.879,1,96,0.00420,0.02761,-0.0058,0.0067,-0.00850,0.04195,0.02472,1,1,-0.059,-0.099,in_circle,-0.0188,-0.0756,0.0000,0.0000,0
5.924,1,97,0.00431,0.02775,0.0026,0.0030,-0.00874,0.04127,0.02489,1,1,-0.026,-0.157,in_circle,-0.0188,-0.0756,-0.0000,-0.0000,1
5.968,1,98,0.00455,0.02717,0.0053,-0.0130,-0.00871,0.04172,0.02451,1,1,-0.072,-0.166,in_circle,-0.0188,-0.0756,-0.0131,-0.0235,1
6.012,1,99,0.00445,0.02751,-0.0023,0.0078,-0.00683,0.04178,0.02475,1,1,-0.097,-0.123,in_circle,-0.0188,-0.0756,-0.0265,-0.0465,1
6.055,1,100,0.00412,0.02758,-0.0075,0.0015,-0.00418,0.04052,0.02465,1,1,-0.080,-0.230,in_circle,-0.0188,-0.0756,-0.0395,-0.0693,1
6.099,1,101,0.00421,0.02746,0.0020,-0.0026,-0.00566,0.03634,0.02459,1,1,-0.071,-0.228,in_circle,-0.0188,-0.0756,-0.0520,-0.0920,1
6.144,1,102,0.00510,0.02702,0.0201,-0.0099,0.00153,0.03737,0.02467,1,1,-0.122,-0.234,in_circle,-0.0188,-0.0756,-0.0650,-0.1152,1
6.187,1,103,0.00427,0.02730,-0.0193,0.0064,0.00696,0.03627,0.02448,1,1,-0.210,-0.226,in_circle,-0.0188,-0.0756,-0.0789,-0.1379,1
6.232,1,104,0.00484,0.02724,0.0126,-0.0012,0.00591,0.03549,0.02472,1,1,-0.063,-0.315,in_circle,-0.0188,-0.0756,-0.0917,-0.1604,1
6.277,1,105,0.00380,0.02717,-0.0233,-0.0018,0.00741,0.02929,0.02414,1,1,-0.206,-0.308,in_circle,-0.0188,-0.0756,-0.1057,-0.1839,1
6.321,1,106,0.00364,0.02670,-0.0037,-0.0107,0.01315,0.02552,0.02365,1,1,-0.073,-0.329,in_circle,-0.0188,-0.0756,-0.1186,-0.2074,1
6.364,1,107,0.00389,0.02680,0.0058,0.0025,0.01956,0.02252,0.02386,1,1,-0.164,-0.315,in_circle,-0.0188,-0.0756,-0.1312,-0.2304,1
6.407,1,108,0.00371,0.02640,-0.0041,-0.0094,0.01836,0.02386,0.02342,1,1,-0.215,-0.390,in_circle,-0.0188,-0.0756,-0.1438,-0.2528,1
6.452,1,109,0.00372,0.02627,0.0001,-0.0029,0.01782,0.02468,0.02331,1,1,-0.188,-0.364,in_circle,-0.0188,-0.0756,-0.1566,-0.2754,1
6.496,1,110,0.00347,0.02558,-0.0055,-0.0155,0.02010,0.02503,0.02259,1,1,-0.218,-0.413,in_circle,-0.0188,-0.0756,-0.1699,-0.2988,1
6.539,1,111,0.00399,0.02474,0.0123,-0.0197,0.02178,0.02351,0.02215,1,1,-0.025,-0.064,in_circle,-0.0193,-0.0765,0.0000,0.0000,0
6.583,1,112,0.00374,0.02338,-0.0057,-0.0304,0.02163,0.02346,0.02086,1,1,-0.098,-0.045,in_circle,-0.0198,-0.0773,0.0000,0.0000,0
6.628,1,113,0.00406,0.02272,0.0072,-0.0148,-0.00091,0.02486,0.02050,1,1,-0.026,0.000,in_circle,-0.0203,-0.0781,0.0000,0.0000,0
6.672,1,114,0.00390,0.02250,-0.0037,-0.0051,-0.02474,0.03061,0.02022,1,1,-0.079,-0.061,in_circle,-0.0208,-0.0788,0.0000,0.0000,0
6.716,1,115,0.00263,0.02134,-0.0292,-0.0265,-0.02892,0.03283,0.01855,1,1,-0.036,-0.100,in_circle,-0.0213,-0.0796,0.0000,0.0000,0
6.760,1,116,0.00202,0.02007,-0.0137,-0.0288,-0.02617,0.03462,0.01716,1,1,0.069,-0.013,in_circle,-0.0218,-0.0802,0.0000,0.0000,0
6.804,1,117,0.00164,0.02028,-0.0086,0.0048,-0.02507,0.03566,0.01712,1,1,0.008,-0.001,in_circle,-0.0222,-0.0808,0.0000,0.0000,0
6.848,1,118,0.00101,0.02033,-0.0145,0.0010,-0.02599,0.04325,0.01682,1,1,-0.012,-0.136,in_circle,-0.0226,-0.0815,0.0000,0.0000,0
6.891,1,119,0.00083,0.02131,-0.0041,0.0228,-0.02399,0.05492,0.01757,1,1,0.013,-0.122,in_circle,-0.0230,-0.0821,0.0000,0.0000,0
6.936,1,120,0.00041,0.02213,-0.0092,0.0184,-0.01453,0.05273,0.01811,1,1,-0.028,-0.212,in_circle,-0.0234,-0.0828,0.0000,0.0000,0
6.980,1,121,0.00128,0.02297,0.0197,0.0191,-0.00831,0.05150,0.01925,1,1,-0.007,-0.197,in_circle,-0.0238,-0.0835,0.0000,0.0000,0
7.024,1,122,0.00188,0.02366,0.0136,0.0156,0.00012,0.05092,0.02014,1,1,-0.126,-0.203,in_circle,-0.0242,-0.0842,0.0000,0.0000,0
7.068,1,123,0.00170,0.02363,-0.0040,-0.0008,0.00898,0.05375,0.02002,1,1,-0.103,-0.192,in_circle,-0.0246,-0.0850,0.0000,0.0000,0
7.111,1,124,0.00326,0.02384,0.0362,0.0050,0.00706,0.05101,0.02099,1,1,-0.033,-0.127,in_circle,-0.0250,-0.0858,0.0000,0.0000,0
7.156,1,125,0.00424,0.02384,0.0216,-0.0001,0.00678,0.04687,0.02152,1,1,-0.198,-0.151,in_circle,-0.0255,-0.0866,0.0000,0.0000,0
7.198,1,126,0.00551,0.02346,0.0301,-0.0089,0.00018,0.04331,0.02196,1,1,-0.142,-0.132,in_circle,-0.0260,-0.0874,0.0000,0.0000,0
7.244,1,127,0.00636,0.02357,0.0184,0.0023,-0.00195,0.04270,0.02256,1,1,-0.180,-0.096,in_circle,-0.0266,-0.0881,0.0000,0.0000,0
7.288,1,128,0.00708,0.02291,0.0166,-0.0151,-0.00450,0.03148,0.02253,1,1,-0.136,-0.142,in_circle,-0.0272,-0.0889,0.0000,0.0000,0
7.333,1,129,0.00842,0.02236,0.0296,-0.0122,-0.01047,0.02457,0.02304,1,1,-0.131,-0.072,in_circle,-0.0279,-0.0896,0.0000,0.0000,0
7.375,1,130,0.00902,0.02177,0.0144,-0.0140,-0.00842,0.02079,0.02306,1,1,-0.188,-0.082,in_circle,-0.0286,-0.0904,0.0000,0.0000,0
7.420,1,131,0.00878,0.02063,-0.0053,-0.0253,-0.01546,0.02282,0.02211,1,1,-0.129,-0.075,in_circle,-0.0293,-0.0910,0.0000,0.0000,0
7.463,1,132,0.00882,0.01995,0.0009,-0.0157,-0.01583,0.02382,0.02170,1,1,-0.050,-0.027,in_circle,-0.0301,-0.0917,0.0000,0.0000,0
7.508,1,133,0.00882,0.01999,-0.0000,0.0010,-0.01453,0.02371,0.02173,1,1,-0.076,-0.064,in_circle,-0.0308,-0.0923,0.0000,0.0000,0
7.552,1,134,0.00914,0.02069,0.0073,0.0159,-0.01977,0.02633,0.02242,1,1,-0.073,-0.132,in_circle,-0.0315,-0.0929,0.0000,0.0000,0
7.639,1,135,0.00846,0.02145,-0.0078,0.0088,-0.01573,0.02853,0.02243,1,1,-0.105,-0.195,in_circle,-0.0331,-0.0943,0.0000,0.0000,0
7.683,1,136,0.00900,0.02233,0.0121,0.0197,-0.01488,0.03062,0.02343,1,1,-0.043,-0.169,in_circle,-0.0337,-0.0949,0.0000,0.0000,0
7.728,1,137,0.00909,0.02224,0.0020,-0.0021,-0.00739,0.02874,0.02343,1,1,-0.125,-0.215,in_circle,-0.0345,-0.0956,0.0000,0.0000,0
7.772,1,138,0.00829,0.02225,-0.0180,0.0002,-0.00375,0.03166,0.02286,1,1,-0.085,-0.128,in_circle,-0.0352,-0.0963,0.0000,0.0000,0
7.816,1,139,0.00870,0.02201,0.0093,-0.0054,-0.00160,0.03534,0.02299,1,1,-0.004,-0.138,in_circle,-0.0359,-0.0970,0.0000,0.0000,0
7.859,1,140,0.00833,0.02113,-0.0088,-0.0205,-0.00334,0.03614,0.02211,1,1,-0.115,-0.116,in_circle,-0.0367,-0.0978,0.0000,0.0000,0
7.905,1,141,0.00837,0.02122,0.0010,0.0020,-0.00446,0.03937,0.02221,1,1,-0.043,-0.054,in_circle,-0.0374,-0.0984,0.0000,0.0000,0
7.948,1,142,0.00836,0.02047,-0.0003,-0.0176,-0.00672,0.04531,0.02169,1,1,-0.082,-0.145,in_circle,-0.0381,-0.0991,0.0000,0.0000,0
7.992,1,143,0.00888,0.02028,0.0115,-0.0042,-0.01073,0.04413,0.02195,1,1,-0.078,-0.066,in_circle,-0.0388,-0.0997,0.0000,0.0000,0
8.036,1,144,0.00917,0.02004,0.0067,-0.0055,-0.00821,0.04412,0.02202,1,1,-0.127,-0.119,in_circle,-0.0395,-0.1004,0.0000,0.0000,0
8.079,1,145,0.00958,0.01973,0.0095,-0.0072,-0.01116,0.04439,0.02215,1,1,-0.109,-0.114,in_circle,-0.0403,-0.1010,0.0000,0.0000,0
8.123,1,146,0.00926,0.02062,-0.0071,0.0201,-0.00902,0.04351,0.02247,1,1,-0.123,-0.107,in_circle,-0.0410,-0.1016,0.0000,0.0000,0
8.167,1,147,0.00943,0.02083,0.0039,0.0047,-0.01041,0.04208,0.02273,1,1,-0.056,-0.219,in_circle,-0.0418,-0.1022,0.0000,0.0000,0
8.212,1,148,0.00921,0.02109,-0.0050,0.0058,-0.00918,0.04240,0.02274,1,1,-0.101,-0.159,in_circle,-0.0425,-0.1029,0.0000,0.0000,0
8.256,1,149,0.00976,0.02170,0.0127,0.0141,-0.00431,0.04261,0.02356,1,1,-0.066,-0.165,in_circle,-0.0433,-0.1035,0.0000,0.0000,0
8.299,1,150,0.00996,0.02187,0.0045,0.0039,-0.00369,0.04251,0.02382,1,1,-0.139,-0.200,in_circle,-0.0441,-0.1042,0.0000,0.0000,0
8.344,1,151,0.01013,0.02179,0.0038,-0.0019,-0.00417,0.04099,0.02389,1,1,-0.107,-0.160,in_circle,-0.0448,-0.1049,0.0000,0.0000,0
8.388,1,152,0.01051,0.02105,0.0086,-0.0166,-0.00189,0.03691,0.02370,1,1,-0.106,-0.137,in_circle,-0.0456,-0.1056,0.0000,0.0000,0
8.432,1,153,0.01040,0.02118,-0.0024,0.0028,-0.00319,0.03255,0.02370,1,1,-0.126,-0.077,in_circle,-0.0464,-0.1063,0.0000,0.0000,0
8.476,1,154,0.01108,0.02129,0.0156,0.0027,-0.00352,0.03193,0.02429,1,1,-0.083,-0.156,in_circle,-0.0472,-0.1070,0.0000,0.0000,0
8.520,1,155,0.01128,0.02079,0.0046,-0.0114,-0.00760,0.03075,0.02414,1,1,-0.158,-0.157,in_circle,-0.0481,-0.1076,0.0000,0.0000,0
8.564,1,156,0.01137,0.02141,0.0020,0.0140,-0.00651,0.02996,0.02460,1,1,-0.115,-0.100,in_circle,-0.0489,-0.1083,0.0000,0.0000,0
8.607,1,157,0.01079,0.02121,-0.0135,-0.0045,-0.00698,0.02804,0.02402,1,1,-0.106,-0.203,in_circle,-0.0498,-0.1089,0.0000,0.0000,0
8.652,1,158,0.01050,0.02147,-0.0065,0.0059,-0.00883,0.02820,0.02396,1,1,-0.043,-0.130,in_circle,-0.0506,-0.1096,0.0000,0.0000,0
8.696,1,159,0.01024,0.02176,-0.0057,0.0063,-0.00413,0.02942,0.02395,1,1,-0.071,-0.173,in_circle,-0.0514,-0.1103,0.0000,0.0000,0
8.739,1,160,0.01025,0.02136,0.0002,-0.0094,-0.00657,0.03035,0.02370,1,1,-0.074,-0.176,in_circle,-0.0522,-0.1110,0.0000,0.0000,0
8.784,1,161,0.01050,0.02136,0.0056,0.0000,-0.00453,0.03168,0.02389,1,1,-0.099,-0.112,in_circle,-0.0529,-0.1116,0.0000,0.0000,0
8.827,1,162,0.01095,0.02106,0.0103,-0.0068,-0.00583,0.03117,0.02405,1,1,-0.122,-0.151,in_circle,-0.0538,-0.1123,0.0000,0.0000,0
8.872,1,163,0.01051,0.02155,-0.0098,0.0109,-0.00583,0.03234,0.02402,1,1,-0.142,-0.123,in_circle,-0.0546,-0.1130,0.0000,0.0000,0
8.916,1,164,0.01027,0.02133,-0.0054,-0.0050,-0.00596,0.03222,0.02370,1,1,-0.062,-0.196,in_circle,-0.0554,-0.1137,0.0000,0.0000,0
8.960,1,165,0.01051,0.02123,0.0053,-0.0023,-0.00617,0.03162,0.02381,1,1,-0.236,-0.266,in_circle,-0.0554,-0.1137,-0.1573,-0.1334,1
9.003,1,166,0.01014,0.02116,-0.0086,-0.0016,-0.00349,0.03266,0.02348,1,1,-0.300,-0.293,in_circle,-0.0554,-0.1137,-0.1778,-0.1504,1
9.049,1,167,0.01057,0.02100,0.0094,-0.0035,0.00294,0.03447,0.02371,1,1,-0.264,-0.312,in_circle,-0.0554,-0.1137,-0.1975,-0.1671,1
9.091,1,168,0.01032,0.02081,-0.0060,-0.0044,0.01170,0.03119,0.02340,1,1,-0.358,-0.322,in_circle,-0.0554,-0.1137,-0.2188,-0.1845,1
9.137,1,169,0.01055,0.02064,0.0052,-0.0037,0.01527,0.02651,0.02348,1,1,-0.315,-0.334,in_circle,-0.0554,-0.1137,-0.2384,-0.2005,1
9.179,1,170,0.00997,0.02042,-0.0139,-0.0053,0.01905,0.02097,0.02289,1,1,-0.382,-0.353,in_circle,-0.0554,-0.1137,-0.2600,-0.2178,1
9.223,1,171,0.01008,0.02056,0.0025,0.0032,0.01851,0.01203,0.02306,1,1,-0.324,-0.362,in_circle,-0.0554,-0.1137,-0.2796,-0.2337,1
9.267,1,172,0.01008,0.01968,-0.0001,-0.0198,0.02151,0.00677,0.02251,1,1,-0.410,-0.413,in_circle,-0.0554,-0.1137,-0.2998,-0.2501,1
9.311,1,173,0.00927,0.01991,-0.0184,0.0052,0.02081,-0.00028,0.02202,1,1,-0.421,-0.335,in_circle,-0.0554,-0.1137,-0.3209,-0.2663,1
9.356,1,174,0.00849,0.01911,-0.0174,-0.0177,0.02476,0.00063,0.02091,1,1,-0.366,-0.452,in_circle,-0.0554,-0.1137,-0.3412,-0.2828,1
9.400,1,175,0.00645,0.01874,-0.0465,-0.0084,0.02183,-0.00054,0.01912,1,1,-0.027,-0.076,in_circle,-0.0561,-0.1143,0.0000,0.0000,0
9.444,1,176,0.00468,0.01740,-0.0401,-0.0304,0.02468,-0.00112,0.01691,1,1,0.093,-0.113,in_circle,-0.0568,-0.1148,0.0000,0.0000,0
9.487,1,177,0.00233,0.01638,-0.0543,-0.0237,0.00070,0.00890,0.01451,1,1,0.072,-0.022,in_circle,-0.0573,-0.1153,0.0000,0.0000,0
9.532,1,178,0.00034,0.01450,-0.0441,-0.0415,-0.01517,0.03662,0.01177,1,1,0.134,-0.047,in_circle,-0.0577,-0.1158,0.0000,0.0000,0
9.576,1,179,-0.00139,0.01323,-0.0400,-0.0293,-0.02029,0.06682,0.00966,1,1,0.098,0.029,in_circle,-0.0581,-0.1162,0.0000,0.0000,0
9.665,1,180,-0.00441,0.01158,-0.0340,-0.0185,-0.03155,0.09693,0.00653,1,1,0.085,-0.018,in_circle,-0.0587,-0.1168,0.0000,0.0000,0
9.707,1,181,-0.00489,0.01054,-0.0111,-0.0245,-0.03556,0.08928,0.00539,1,1,0.069,-0.057,in_circle,-0.0588,-0.1171,0.0000,0.0000,0
9.752,1,182,-0.00433,0.01047,0.0125,-0.0015,-0.03384,0.08313,0.00566,1,1,-0.022,-0.031,in_circle,-0.0590,-0.1173,0.0000,0.0000,0
9.796,1,183,-0.00356,0.01113,0.0174,0.0148,-0.02741,0.08143,0.00665,1,1,-0.118,-0.123,in_circle,-0.0591,-0.1175,0.0000,0.0000,0
9.840,1,184,-0.00193,0.01124,0.0373,0.0025,-0.02385,0.07129,0.00786,1,1,-0.139,-0.190,in_circle,-0.0593,-0.1177,0.0000,0.0000,0
9.885,1,185,-0.00009,0.01203,0.0409,0.0177,-0.01362,0.04936,0.00979,1,1,-0.223,-0.141,in_circle,-0.0596,-0.1179,0.0000,0.0000,0
9.927,1,186,0.00236,0.01224,0.0576,0.0049,0.00577,0.02401,0.01192,1,1,-0.243,-0.204,in_circle,-0.0599,-0.1182,0.0000,0.0000,0
9.972,1,187,0.00348,0.01257,0.0252,0.0074,0.00315,-0.00116,0.01305,1,1,-0.316,-0.154,in_circle,-0.0603,-0.1184,0.0000,0.0000,0
10.015,1,188,0.00462,0.01261,0.0264,0.0009,0.00756,-0.01407,0.01407,1,1,-0.190,-0.165,in_circle,-0.0608,-0.1187,0.0000,0.0000,0
10.061,1,189,0.00506,0.01214,0.0096,-0.0100,0.00704,-0.01711,0.01426,1,1,-0.198,-0.139,in_circle,-0.0614,-0.1190,0.0000,0.0000,0
10.104,1,190,0.00477,0.01189,-0.0070,-0.0059,0.00548,-0.01255,0.01388,1,1,-0.132,-0.094,in_circle,-0.0620,-0.1193,0.0000,0.0000,0
10.149,1,191,0.00339,0.01140,-0.0308,-0.0110,0.00088,-0.00373,0.01243,1,1,-0.066,-0.111,in_circle,-0.0625,-0.1196,0.0000,0.0000,0
10.193,1,192,0.00150,0.01092,-0.0426,-0.0108,-0.00926,0.01056,0.01053,1,1,0.032,-0.089,in_circle,-0.0630,-0.1198,0.0000,0.0000,0
10.235,1,193,-0.00044,0.00993,-0.0466,-0.0237,-0.00955,0.02624,0.00835,1,1,0.084,-0.089,in_circle,-0.0634,-0.1200,0.0000,0.0000,0
10.280,1,194,-0.00217,0.00903,-0.0379,-0.0198,-0.01285,0.05071,0.00639,1,1,0.104,-0.035,in_circle,-0.0637,-0.1202,0.0000,0.0000,0
10.324,1,195,-0.00370,0.00872,-0.0352,-0.0071,-0.01590,0.07220,0.00492,1,1,0.074,-0.049,in_circle,-0.0640,-0.1203,0.0000,0.0000,0
10.367,1,196,-0.00463,0.00886,-0.0216,0.0033,-0.01880,0.09022,0.00427,1,1,0.067,-0.099,in_circle,-0.0642,-0.1204,0.0000,0.0000,0
10.411,1,197,-0.00525,0.00812,-0.0141,-0.0169,-0.02016,0.09283,0.00332,1,1,0.014,-0.141,in_circle,-0.0643,-0.1206,0.0000,0.0000,0
10.455,1,198,-0.00475,0.00789,0.0112,-0.0052,-0.01746,0.08616,0.00358,1,1,-0.014,-0.059,in_circle,-0.0644,-0.1207,0.0000,0.0000,0
10.500,1,199,-0.00366,0.00702,0.0242,-0.0192,-0.01647,0.07530,0.00426,1,1,-0.117,-0.105,in_circle,-0.0645,-0.1207,0.0000,0.0000,0
10.545,1,200,-0.00170,0.00689,0.0436,-0.0029,-0.01543,0.06371,0.00616,1,1,-0.172,-0.046,in_circle,-0.0647,-0.1208,0.0000,0.0000,0
10.588,1,201,-0.00056,0.00681,0.0261,-0.0018,-0.01468,0.04588,0.00728,1,1,-0.255,-0.111,in_circle,-0.0650,-0.1208,0.0000,0.0000,0
10.631,1,202,0.00132,0.00699,0.0443,0.0043,-0.01457,0.02618,0.00917,1,1,-0.188,-0.116,in_circle,-0.0653,-0.1209,0.0000,0.0000,0
10.675,1,203,0.00289,0.00774,0.0353,0.0167,-0.00836,-0.00002,0.01083,1,1,-0.266,-0.141,in_circle,-0.0657,-0.1209,0.0000,0.0000,0
10.720,1,204,0.00359,0.00714,0.0156,-0.0133,-0.00660,-0.01334,0.01145,1,1,-0.234,-0.192,in_circle,-0.0662,-0.1210,0.0000,0.0000,0
10.763,1,205,0.00363,0.00690,0.0008,-0.0057,-0.00577,-0.01214,0.01146,1,1,-0.158,-0.071,in_circle,-0.0667,-0.1210,0.0000,0.0000,0
10.808,1,206,0.00428,0.00676,0.0142,-0.0030,-0.00304,-0.00892,0.01210,1,1,-0.099,-0.100,in_circle,-0.0672,-0.1211,0.0000,0.0000,0
10.852,1,207,0.00322,0.00522,-0.0243,-0.0352,-0.00530,-0.00149,0.01105,1,1,-0.155,-0.111,in_circle,-0.0677,-0.1211,0.0000,0.0000,0
10.896,1,208,0.00276,0.00511,-0.0106,-0.0027,-0.00669,0.01046,0.01059,1,1,0.002,0.022,in_circle,-0.0682,-0.1211,0.0000,0.0000,0
10.939,1,209,0.00109,0.00537,-0.0387,0.0062,-0.00660,0.02742,0.00892,1,1,-0.053,-0.108,in_circle,-0.0687,-0.1210,0.0000,0.0000,0
10.985,1,210,-0.00021,0.00534,-0.0283,-0.0007,-0.01686,0.04253,0.00762,1,1,0.064,-0.144,in_circle,-0.0691,-0.1210,0.0000,0.0000,0
11.029,1,211,-0.00083,0.00499,-0.0142,-0.0079,-0.01428,0.05631,0.00704,1,1,0.025,-0.117,in_circle,-0.0694,-0.1210,0.0000,0.0000,0
11.072,1,212,-0.00154,0.00449,-0.0163,-0.0116,-0.01117,0.06795,0.00644,1,1,-0.030,-0.087,in_circle,-0.0697,-0.1209,0.0000,0.0000,0
11.116,1,213,-0.00147,0.00404,0.0015,-0.0103,-0.01222,0.07269,0.00663,1,1,-0.020,-0.071,in_circle,-0.0700,-0.1209,0.0000,0.0000,0
11.160,1,214,-0.00117,0.00390,0.0068,-0.0030,-0.01184,0.06992,0.00695,1,1,-0.092,-0.075,in_circle,-0.0703,-0.1208,0.0000,0.0000,0
11.203,1,215,-0.00098,0.00361,0.0044,-0.0067,-0.01222,0.06770,0.00722,1,1,-0.114,-0.103,in_circle,-0.0706,-0.1207,0.0000,0.0000,0
11.248,1,216,-0.00012,0.00301,0.0191,-0.0134,-0.00863,0.06384,0.00824,1,1,-0.105,-0.088,in_circle,-0.0709,-0.1206,0.0000,0.0000,0
11.292,1,217,0.00083,0.00259,0.0222,-0.0095,-0.01246,0.05101,0.00928,1,1,-0.167,-0.059,in_circle,-0.0712,-0.1204,0.0000,0.0000,0
11.335,1,218,0.00246,0.00128,0.0375,-0.0305,-0.01055,0.03863,0.01129,1,1,-0.182,-0.074,in_circle,-0.0716,-0.1203,0.0000,0.0000,0
11.380,1,219,0.00258,0.00046,0.0028,-0.0181,-0.01039,0.02467,0.01177,1,1,-0.248,0.014,in_circle,-0.0720,-0.1201,0.0000,0.0000,0
11.423,1,220,0.00413,-0.00067,0.0356,-0.0259,-0.01184,0.01621,0.01366,1,1,-0.109,-0.034,in_circle,-0.0725,-0.1198,0.0000,0.0000,0
11.469,1,221,0.00435,-0.00152,0.0049,-0.0190,-0.01805,0.00681,0.01429,1,1,-0.245,0.001,in_circle,-0.0730,-0.1196,0.0000,0.0000,0
11.512,1,222,0.00385,-0.00350,-0.0114,-0.0452,-0.01728,0.00614,0.01503,1,1,-0.124,-0.024,in_circle,-0.0735,-0.1192,0.0000,0.0000,0
11.557,1,223,0.00394,-0.00523,0.0020,-0.0390,-0.01839,0.00592,0.01625,1,1,-0.058,0.086,in_circle,-0.0741,-0.1188,0.0000,0.0000,0
11.599,1,224,0.00290,-0.00666,-0.0245,-0.0335,-0.01829,0.00801,0.01657,1,1,-0.112,0.066,in_circle,-0.0746,-0.1183,0.0000,0.0000,0
11.687,1,225,-0.00040,-0.01009,-0.0376,-0.0392,-0.03177,0.02796,0.01771,1,1,-0.004,0.048,in_circle,-0.0756,-0.1171,0.0000,0.0000,0
11.733,1,226,-0.00213,-0.01132,-0.0377,-0.0267,-0.03024,0.03192,0.01822,1,1,0.056,0.081,in_circle,-0.0758,-0.1165,0.0000,0.0000,0
11.777,1,227,-0.00444,-0.01274,-0.0527,-0.0325,-0.03238,0.03386,0.01904,1,1,0.061,0.034,in_circle,-0.0761,-0.1157,0.0000,0.0000,0
11.821,1,228,-0.00645,-0.01351,-0.0453,-0.0174,-0.02971,0.04770,0.01956,1,1,0.126,0.062,in_circle,-0.0763,-0.1149,0.0000,0.0000,0
11.865,1,229,-0.00835,-0.01432,-0.0433,-0.0183,-0.03232,0.05805,0.02032,1,1,0.101,0.004,in_circle,-0.0763,-0.1140,0.0000,0.0000,0
11.908,1,230,-0.01024,-0.01470,-0.0437,-0.0089,-0.03090,0.06889,0.02084,1,1,0.098,0.011,in_circle,-0.0763,-0.1132,0.0000,0.0000,0
11.952,1,231,-0.01219,-0.01494,-0.0447,-0.0054,-0.02583,0.07407,0.02139,1,1,0.105,-0.025,in_circle,-0.0762,-0.1123,0.0000,0.0000,0
11.996,1,232,-0.01257,-0.01559,-0.0087,-0.0148,-0.02162,0.07050,0.02211,1,1,0.114,-0.037,in_circle,-0.0760,-0.1113,0.0000,0.0000,0
12.039,1,233,-0.01288,-0.01597,-0.0072,-0.0088,-0.01850,0.07166,0.02255,1,1,-0.029,0.003,in_circle,-0.0758,-0.1104,0.0000,0.0000,0
12.085,1,234,-0.01317,-0.01683,-0.0063,-0.0185,-0.01526,0.07187,0.02345,1,1,-0.034,-0.020,in_circle,-0.0756,-0.1095,0.0000,0.0000,0
12.127,1,235,-0.01296,-0.01759,0.0052,-0.0184,-0.01507,0.06319,0.02415,1,1,-0.037,0.023,in_circle,-0.0753,-0.1084,0.0000,0.0000,0
12.172,1,236,-0.01301,-0.01797,-0.0013,-0.0082,-0.01450,0.05511,0.02453,1,1,-0.083,0.025,in_circle,-0.0751,-0.1074,0.0000,0.0000,0
12.215,1,237,-0.01274,-0.01860,0.0064,-0.0147,-0.01443,0.04261,0.02509,1,1,-0.057,-0.013,in_circle,-0.0749,-0.1063,0.0000,0.0000,0
12.260,1,238,-0.01269,-0.01910,0.0010,-0.0113,-0.01518,0.03109,0.02558,1,1,-0.088,0.015,in_circle,-0.0747,-0.1053,0.0000,0.0000,0
12.304,1,239,-0.01242,-0.01975,0.0063,-0.0148,-0.01702,0.02521,0.02616,1,1,-0.066,0.004,in_circle,-0.0744,-0.1041,0.0000,0.0000,0
12.348,1,240,-0.01283,-0.02006,-0.0093,-0.0070,-0.01801,0.02545,0.02654,1,1,-0.088,0.020,in_circle,-0.0742,-0.1030,0.0000,0.0000,0
12.391,1,241,-0.01336,-0.02003,-0.0124,0.0007,-0.01832,0.02635,0.02662,1,1,-0.024,-0.009,in_circle,-0.0740,-0.1019,0.0000,0.0000,0
12.437,1,242,-0.01360,-0.02055,-0.0053,-0.0112,-0.01998,0.02508,0.02717,1,1,-0.010,-0.038,in_circle,-0.0738,-0.1007,0.0000,0.0000,0
12.479,1,243,-0.01478,-0.02070,-0.0278,-0.0036,-0.01995,0.02592,0.02760,1,1,-0.038,0.012,in_circle,-0.0735,-0.0995,0.0000,0.0000,0
12.525,1,244,-0.01536,-0.02022,-0.0129,0.0104,-0.01846,0.03025,0.02729,1,1,0.056,-0.017,in_circle,-0.0732,-0.0984,0.0000,0.0000,0
12.568,1,245,-0.01649,-0.01994,-0.0257,0.0064,-0.01769,0.03203,0.02736,1,1,-0.002,-0.073,in_circle,-0.0729,-0.0972,0.0000,0.0000,0
12.614,1,246,-0.01726,-0.01980,-0.0167,0.0031,-0.01517,0.03662,0.02748,1,1,0.052,-0.057,in_circle,-0.0725,-0.0961,0.0000,0.0000,0
12.659,1,247,-0.01800,-0.01889,-0.0166,0.0205,-0.01595,0.04611,0.02690,1,1,0.019,-0.043,in_circle,-0.0720,-0.0949,0.0000,0.0000,0
12.701,1,248,-0.01896,-0.01894,-0.0228,-0.0013,-0.01533,0.04739,0.02732,1,1,0.020,-0.114,in_circle,-0.0716,-0.0938,0.0000,0.0000,0
12.745,1,249,-0.01985,-0.01892,-0.0200,0.0004,-0.01421,0.04925,0.02768,1,1,0.048,-0.025,in_circle,-0.0711,-0.0927,0.0000,0.0000,0
12.789,1,250,-0.02055,-0.01862,-0.0162,0.0069,-0.01271,0.05114,0.02773,1,1,0.040,-0.031,in_circle,-0.0706,-0.0916,0.0000,0.0000,0
12.832,1,251,-0.02096,-0.01856,-0.0095,0.0015,-0.01220,0.04999,0.02786,1,1,0.027,-0.056,in_circle,-0.0700,-0.0905,0.0000,0.0000,0
12.875,1,252,-0.02148,-0.01831,-0.0122,0.0058,-0.01298,0.05061,0.02790,1,1,0.001,-0.034,in_circle,-0.0695,-0.0895,0.0000,0.0000,0
12.920,1,253,-0.02176,-0.01855,-0.0061,-0.0052,-0.01339,0.05062,0.02824,1,1,0.014,-0.051,in_circle,-0.0689,-0.0884,0.0000,0.0000,0
12.964,1,254,-0.02225,-0.01823,-0.0112,0.0073,-0.01251,0.05020,0.02821,1,1,-0.009,-0.005,in_circle,-0.0682,-0.0873,0.0000,0.0000,0
13.008,1,255,-0.02250,-0.01808,-0.0059,0.0034,-0.01293,0.05075,0.02822,1,1,0.013,-0.055,in_circle,-0.0676,-0.0863,0.0000,0.0000,0
13.052,1,256,-0.02248,-0.01821,0.0005,-0.0028,-0.01543,0.04955,0.02831,1,1,-0.007,-0.039,in_circle,-0.0670,-0.0852,0.0000,0.0000,0
13.096,1,257,-0.02233,-0.01807,0.0034,0.0031,-0.01457,0.04971,0.02812,1,1,-0.032,-0.012,in_circle,-0.0663,-0.0841,0.0000,0.0000,0
13.139,1,258,-0.02179,-0.01786,0.0126,0.0049,-0.01510,0.04896,0.02765,1,1,-0.043,-0.035,in_circle,-0.0657,-0.0831,0.0000,0.0000,0
13.185,1,259,-0.02184,-0.01840,-0.0013,-0.0119,-0.01608,0.04944,0.02815,1,1,-0.081,-0.042,in_circle,-0.0651,-0.0821,0.0000,0.0000,0
13.228,1,260,-0.02221,-0.01825,-0.0086,0.0035,-0.01578,0.04792,0.02821,1,1,-0.024,0.028,in_circle,-0.0644,-0.0809,0.0000,0.0000,0
13.273,1,261,-0.02211,-0.01806,0.0022,0.0040,-0.01622,0.04568,0.02800,1,1,0.006,-0.033,in_circle,-0.0638,-0.0799,0.0000,0.0000,0
13.315,1,262,-0.02241,-0.01813,-0.0071,-0.0016,-0.01831,0.04275,0.02821,1,1,-0.036,-0.035,in_circle,-0.0632,-0.0788,0.0000,0.0000,0
13.361,1,263,-0.02243,-0.01799,-0.0004,0.0030,-0.01802,0.04284,0.02810,1,1,0.002,-0.011,in_circle,-0.0626,-0.0778,0.0000,0.0000,0
13.404,1,264,-0.02226,-0.01818,0.0040,-0.0042,-0.01829,0.04185,0.02817,1,1,-0.024,-0.029,in_circle,-0.0619,-0.0767,0.0000,0.0000,0
13.448,1,265,-0.02250,-0.01808,-0.0055,0.0022,-0.01765,0.04158,0.02821,1,1,-0.041,0.002,in_circle,-0.0613,-0.0756,0.0000,0.0000,0
13.492,1,266,-0.02188,-0.01846,0.0143,-0.0086,-0.01945,0.04017,0.02822,1,1,-0.002,-0.023,in_circle,-0.0606,-0.0746,0.0000,0.0000,0
13.539,1,267,-0.02250,-0.01843,-0.0132,0.0007,-0.01779,0.04177,0.02851,1,1,0.050,0.252,in_circle,-0.0606,-0.0746,0.1327,0.2305,1
13.582,1,268,-0.02217,-0.01781,0.0076,0.0142,-0.01936,0.04072,0.02781,1,1,0.176,0.238,in_circle,-0.0606,-0.0746,0.1472,0.2547,1
13.627,1,269,-0.02250,-0.01762,-0.0073,0.0040,-0.04099,0.04232,0.02782,1,1,0.106,0.205,in_circle,-0.0606,-0.0746,0.1608,0.2771,1
13.716,1,270,-0.02204,-0.01615,0.0052,0.0165,-0.05312,0.04770,0.02633,1,1,0.197,0.295,in_circle,-0.0606,-0.0746,0.1916,0.3267,1
13.756,1,271,-0.02180,-0.01479,0.0058,0.0337,-0.05199,0.04868,0.02507,1,1,-0.045,-0.085,in_circle,-0.0601,-0.0738,0.0000,0.0000,0
13.800,1,272,-0.02129,-0.01371,0.0116,0.0247,-0.05964,0.04904,0.02388,1,1,-0.048,-0.156,in_circle,-0.0595,-0.0729,0.0000,0.0000,0
13.844,1,273,-0.02117,-0.01165,0.0029,0.0474,-0.04206,0.05092,0.02214,1,1,-0.071,-0.122,in_circle,-0.0589,-0.0721,0.0000,0.0000,0
13.888,1,274,-0.02065,-0.00899,0.0117,0.0603,-0.01108,0.05081,0.01975,1,1,-0.036,-0.217,in_circle,-0.0584,-0.0713,0.0000,0.0000,0
13.932,1,275,-0.01999,-0.00730,0.0150,0.0381,-0.00117,0.04590,0.01804,1,1,-0.072,-0.274,in_circle,-0.0578,-0.0707,0.0000,0.0000,0
13.977,1,276,-0.01945,-0.00600,0.0122,0.0293,0.00804,0.04353,0.01672,1,1,-0.087,-0.189,in_circle,-0.0573,-0.0701,0.0000,0.0000,0
14.021,1,277,-0.01959,-0.00527,-0.0033,0.0165,0.02957,0.04441,0.01631,1,1,-0.077,-0.157,in_circle,-0.0567,-0.0695,0.0000,0.0000,0
14.064,1,278,-0.01944,-0.00474,0.0035,0.0124,0.01779,0.04029,0.01584,1,1,-0.013,-0.107,in_circle,-0.0562,-0.0690,0.0000,0.0000,0
14.109,1,279,-0.01887,-0.00558,0.0129,-0.0189,0.01031,0.03832,0.01602,1,1,-0.041,-0.091,in_circle,-0.0557,-0.0686,0.0000,0.0000,0
14.152,1,280,-0.01913,-0.00640,-0.0060,-0.0189,0.00410,0.03886,0.01679,1,1,-0.079,0.037,in_circle,-0.0552,-0.0681,0.0000,0.0000,0
14.197,1,281,-0.01960,-0.00789,-0.0104,-0.0331,-0.01065,0.03951,0.01822,1,1,-0.002,0.039,in_circle,-0.0547,-0.0675,0.0000,0.0000,0
14.240,1,282,-0.02020,-0.00900,-0.0139,-0.0258,-0.03066,0.03610,0.01946,1,1,0.017,0.100,in_circle,-0.0542,-0.0669,0.0000,0.0000,0
14.284,1,283,-0.02103,-0.01026,-0.0188,-0.0285,-0.03963,0.03901,0.02096,1,1,0.033,0.074,in_circle,-0.0537,-0.0662,0.0000,0.0000,0
14.327,1,284,-0.02227,-0.01139,-0.0292,-0.0263,-0.04361,0.03934,0.02262,1,1,0.055,0.089,in_circle,-0.0531,-0.0655,0.0000,0.0000,0
14.373,1,285,-0.02337,-0.01196,-0.0240,-0.0125,-0.04309,0.04132,0.02377,1,1,0.100,0.084,in_circle,-0.0525,-0.0648,0.0000,0.0000,0
14.416,1,286,-0.02382,-0.01240,-0.0104,-0.0100,-0.04175,0.04216,0.02439,1,1,0.083,0.031,in_circle,-0.0517,-0.0640,0.0000,0.0000,0
14.460,1,287,-0.02450,-0.01203,-0.0154,0.0082,-0.03920,0.04387,0.02458,1,1,0.031,0.023,in_circle,-0.0511,-0.0632,0.0000,0.0000,0
14.505,1,288,-0.02513,-0.01230,-0.0140,-0.0060,-0.02956,0.04936,0.02521,1,1,0.053,-0.050,in_circle,-0.0503,-0.0624,0.0000,0.0000,0
14.548,1,289,-0.02571,-0.01226,-0.0136,0.0011,-0.02358,0.04794,0.02558,1,1,0.050,0.008,in_circle,-0.0495,-0.0615,0.0000,0.0000,0
14.593,1,290,-0.02587,-0.01221,-0.0035,0.0011,-0.01595,0.04838,0.02565,1,1,0.050,-0.019,in_circle,-0.0488,-0.0608,0.0000,0.0000,0
14.636,1,291,-0.02616,-0.01224,-0.0066,-0.0007,-0.01420,0.04946,0.02588,1,1,0.011,-0.019,in_circle,-0.0480,-0.0599,0.0000,0.0000,0
14.680,1,292,-0.02642,-0.01265,-0.0060,-0.0093,-0.01467,0.04965,0.02635,1,1,0.025,-0.011,in_circle,-0.0472,-0.0592,0.0000,0.0000,0
14.724,1,293,-0.02630,-0.01272,0.0027,-0.0016,-0.01436,0.04854,0.02632,1,1,0.024,0.026,in_circle,-0.0463,-0.0583,0.0000,0.0000,0
14.769,1,294,-0.02677,-0.01305,-0.0105,-0.0074,-0.01403,0.05021,0.02689,1,1,-0.010,-0.004,in_circle,-0.0455,-0.0575,0.0000,0.0000,0
14.811,1,295,-0.02679,-0.01315,-0.0005,-0.0023,-0.01459,0.04937,0.02697,1,1,0.045,0.021,in_circle,-0.0447,-0.0567,0.0000,0.0000,0
14.856,1,296,-0.02693,-0.01304,-0.0030,0.0024,-0.01481,0.04892,0.02699,1,1,0.006,0.001,in_circle,-0.0439,-0.0558,0.0000,0.0000,0
14.900,1,297,-0.02725,-0.01296,-0.0073,0.0018,-0.01554,0.04957,0.02716,1,1,0.017,-0.017,in_circle,-0.0430,-0.0550,0.0000,0.0000,0
14.944,1,298,-0.02698,-0.01316,0.0060,-0.0045,-0.01524,0.04915,0.02711,1,1,0.036,-0.014,in_circle,-0.0422,-0.0542,0.0000,0.0000,0
14.988,1,299,-0.02723,-0.01337,-0.0056,-0.0049,-0.01630,0.04968,0.02744,1,1,-0.017,0.012,in_circle,-0.0413,-0.0533,0.0000,0.0000,0
15.032,1,300,-0.02738,-0.01313,-0.0035,0.0055,-0.01593,0.04881,0.02737,1,1,0.031,0.015,in_circle,-0.0405,-0.0525,0.0000,0.0000,0
15.075,1,301,-0.02731,-0.01307,0.0018,0.0014,-0.01678,0.04685,0.02728,1,1,0.023,-0.026,in_circle,-0.0396,-0.0516,0.0000,0.0000,0
15.120,1,302,-0.02741,-0.01305,-0.0024,0.0003,-0.01809,0.04633,0.02734,1,1,0.003,-0.009,in_circle,-0.0388,-0.0508,0.0000,0.0000,0
15.163,1,303,-0.02754,-0.01312,-0.0029,-0.0016,-0.01765,0.04670,0.02748,1,1,0.021,-0.003,in_circle,-0.0379,-0.0499,0.0000,0.0000,0
15.208,1,304,-0.02753,-0.01335,0.0003,-0.0051,-0.01827,0.04725,0.02763,1,1,0.024,0.005,in_circle,-0.0370,-0.0491,0.0000,0.0000,0
15.251,1,305,-0.02731,-0.01308,0.0050,0.0061,-0.01895,0.04552,0.02729,1,1,0.012,0.021,in_circle,-0.0362,-0.0483,0.0000,0.0000,0
15.296,1,306,-0.02732,-0.01287,-0.0003,0.0047,-0.01840,0.04541,0.02715,1,1,0.155,0.134,in_circle,-0.0362,-0.0483,0.1624,0.1589,1
15.339,1,307,-0.02734,-0.01316,-0.0003,-0.0067,-0.02089,0.04480,0.02737,1,1,0.196,0.158,in_circle,-0.0362,-0.0483,0.1818,0.1777,1
15.384,1,308,-0.02762,-0.01297,-0.0065,0.0042,-0.03294,0.04852,0.02744,1,1,0.214,0.222,in_circle,-0.0362,-0.0483,0.2003,0.1957,1
15.428,1,309,-0.02736,-0.01265,0.0061,0.0073,-0.04424,0.05048,0.02703,1,1,0.259,0.197,in_circle,-0.0362,-0.0483,0.2197,0.2143,1
15.473,1,310,-0.02711,-0.01233,0.0057,0.0072,-0.05029,0.05523,0.02662,1,1,0.227,0.202,in_circle,-0.0362,-0.0483,0.2387,0.2325,1
15.516,1,311,-0.02704,-0.01171,0.0016,0.0144,-0.04855,0.06477,0.02615,1,1,0.248,0.220,in_circle,-0.0362,-0.0483,0.2582,0.2509,1
15.559,1,312,-0.02601,-0.01108,0.0239,0.0147,-0.05131,0.06807,0.02496,1,1,0.283,0.207,in_circle,-0.0362,-0.0483,0.2773,0.2685,1
15.604,1,313,-0.02484,-0.01014,0.0260,0.0207,-0.04712,0.07000,0.02347,1,1,-0.085,-0.064,in_circle,-0.0354,-0.0475,0.0000,0.0000,0
15.648,1,314,-0.02386,-0.00860,0.0224,0.0354,-0.04446,0.07304,0.02171,1,1,-0.096,-0.089,in_circle,-0.0346,-0.0468,0.0000,0.0000,0
15.783,1,315,-0.01809,-0.00433,0.0426,0.0315,-0.00341,0.04151,0.01458,1,1,-0.083,-0.151,in_circle,-0.0331,-0.0454,0.0000,0.0000,0
15.825,1,316,-0.01629,-0.00399,0.0432,0.0081,0.00445,0.03618,0.01311,1,1,-0.177,-0.145,in_circle,-0.0322,-0.0445,0.0000,0.0000,0
15.867,1,317,-0.01404,-0.00439,0.0535,-0.0095,0.01876,0.03691,0.01212,1,1,-0.183,-0.052,in_circle,-0.0319,-0.0441,0.0000,0.0000,0
15.913,1,318,-0.01238,-0.00509,0.0363,-0.0153,0.01000,0.03453,0.01200,1,1,-0.230,0.020,in_circle,-0.0316,-0.0437,0.0000,0.0000,0
15.956,1,319,-0.01101,-0.00616,0.0314,-0.0245,0.00074,0.02913,0.01258,1,1,-0.165,0.046,in_circle,-0.0314,-0.0432,0.0000,0.0000,0
16.001,1,320,-0.00987,-0.00829,0.0255,-0.0476,-0.01360,0.02264,0.01444,1,1,-0.149,0.086,in_circle,-0.0312,-0.0426,0.0000,0.0000,0
16.044,1,321,-0.00902,-0.01018,0.0199,-0.0440,-0.02622,0.01880,0.01622,1,1,-0.128,0.184,in_circle,-0.0311,-0.0420,0.0000,0.0000,0
16.088,1,322,-0.00880,-0.01184,0.0049,-0.0374,-0.03391,0.01894,0.01786,1,1,-0.108,0.175,in_circle,-0.0311,-0.0413,0.0000,0.0000,0
16.132,1,323,-0.00903,-0.01349,-0.0053,-0.0380,-0.04548,0.02049,0.01952,1,1,-0.048,0.154,in_circle,-0.0311,-0.0405,0.0000,0.0000,0
16.176,1,324,-0.00903,-0.01459,0.0000,-0.0248,-0.05148,0.01907,0.02063,1,1,-0.007,0.161,in_circle,-0.0310,-0.0397,0.0000,0.0000,0
16.219,1,325,-0.00950,-0.01578,-0.0110,-0.0276,-0.04727,0.02226,0.02184,1,1,-0.028,0.112,in_circle,-0.0309,-0.0388,0.0000,0.0000,0
16.264,1,326,-0.01120,-0.01598,-0.0375,-0.0044,-0.05009,0.03121,0.02224,1,1,0.018,0.127,in_circle,-0.0309,-0.0378,0.0000,0.0000,0
16.307,1,327,-0.01171,-0.01546,-0.0119,0.0121,-0.04139,0.04190,0.02181,1,1,0.128,0.036,in_circle,-0.0307,-0.0368,0.0000,0.0000,0
16.353,1,328,-0.01287,-0.01472,-0.0257,0.0163,-0.03495,0.04922,0.02133,1,1,0.027,-0.031,in_circle,-0.0305,-0.0359,0.0000,0.0000,0
16.395,1,329,-0.01413,-0.01413,-0.0294,0.0137,-0.02538,0.05825,0.02110,1,1,0.085,-0.048,in_circle,-0.0303,-0.0350,0.0000,0.0000,0
16.440,1,330,-0.01452,-0.01313,-0.0088,0.0222,-0.00844,0.06833,0.02028,1,1,0.103,-0.039,in_circle,-0.0300,-0.0341,0.0000,0.0000,0
16.485,1,331,-0.01505,-0.01297,-0.0120,0.0037,-0.00175,0.06958,0.02031,1,1,0.022,-0.074,in_circle,-0.0297,-0.0332,0.0000,0.0000,0
16.529,1,332,-0.01499,-0.01221,0.0015,0.0172,-0.00295,0.06772,0.01958,1,1,0.037,0.000,in_circle,-0.0294,-0.0324,0.0000,0.0000,0
16.571,1,333,-0.01487,-0.01296,0.0028,-0.0175,-0.00161,0.06617,0.02023,1,1,-0.017,-0.055,in_circle,-0.0291,-0.0316,0.0000,0.0000,0
16.616,1,334,-0.01460,-0.01294,0.0060,0.0003,-0.00600,0.06317,0.02013,1,1,-0.022,0.087,in_circle,-0.0288,-0.0308,0.0000,0.0000,0
16.661,1,335,-0.01435,-0.01361,0.0057,-0.0152,-0.00574,0.05727,0.02068,1,1,-0.035,0.016,in_circle,-0.0285,-0.0299,0.0000,0.0000,0
16.705,1,336,-0.01354,-0.01465,0.0179,-0.0232,-0.01848,0.04802,0.02144,1,1,-0.035,0.081,in_circle,-0.0282,-0.0291,0.0000,0.0000,0
16.748,1,337,-0.01305,-0.01542,0.0116,-0.0179,-0.02135,0.03883,0.02205,1,1,-0.085,0.116,in_circle,-0.0280,-0.0282,0.0000,0.0000,0
16.792,1,338,-0.01238,-0.01613,0.0152,-0.0163,-0.02448,0.03657,0.02260,1,1,-0.061,0.098,in_circle,-0.0277,-0.0272,0.0000,0.0000,0
16.837,1,339,-0.01158,-0.01686,0.0179,-0.0162,-0.03270,0.03359,0.02317,1,1,-0.077,0.094,in_circle,-0.0275,-0.0263,0.0000,0.0000,0
16.879,1,340,-0.01192,-0.01701,-0.0079,-0.0035,-0.03408,0.03139,0.02337,1,1,-0.090,0.097,in_circle,-0.0274,-0.0252,0.0000,0.0000,0
16.924,1,341,-0.01170,-0.01665,0.0048,0.0079,-0.03476,0.03040,0.02299,1,1,0.015,0.047,in_circle,-0.0272,-0.0243,0.0000,0.0000,0
16.969,1,342,-0.01166,-0.01625,0.0009,0.0089,-0.03231,0.03032,0.02258,1,1,-0.036,0.002,in_circle,-0.0270,-0.0232,0.0000,0.0000,0
17.014,1,343,-0.01209,-0.01516,-0.0097,0.0246,-0.02953,0.03295,0.02159,1,1,-0.021,-0.002,in_circle,-0.0268,-0.0222,0.0000,0.0000,0
17.057,1,344,-0.01259,-0.01443,-0.0116,0.0172,-0.02615,0.03312,0.02098,1,1,0.023,-0.067,in_circle,-0.0266,-0.0213,0.0000,0.0000,0
17.101,1,345,-0.01265,-0.01358,-0.0013,0.0189,-0.02102,0.03389,0.02017,1,1,0.032,-0.038,in_circle,-0.0264,-0.0204,0.0000,0.0000,0
17.145,1,346,-0.01306,-0.01293,-0.0096,0.0151,-0.01335,0.03483,0.01964,1,1,-0.009,-0.046,in_circle,-0.0262,-0.0196,0.0000,0.0000,0
17.188,1,347,-0.01422,-0.01212,-0.0269,0.0187,-0.01005,0.04012,0.01922,1,1,0.025,-0.032,in_circle,-0.0260,-0.0187,0.0000,0.0000,0
17.233,1,348,-0.01443,-0.01180,-0.0046,0.0070,-0.00983,0.04318,0.01900,1,1,0.098,-0.048,in_circle,-0.0257,-0.0179,0.0000,0.0000,0
17.277,1,349,-0.01529,-0.01114,-0.0196,0.0152,-0.00901,0.04463,0.01870,1,1,0.010,-0.001,in_circle,-0.0254,-0.0172,0.0000,0.0000,0
17.320,1,350,-0.01592,-0.01149,-0.0147,-0.0081,-0.01286,0.04794,0.01928,1,1,0.072,-0.034,in_circle,-0.0251,-0.0164,0.0000,0.0000,0
17.365,1,351,-0.01648,-0.01135,-0.0123,0.0029,-0.01392,0.04995,0.01940,1,1,0.054,0.060,in_circle,-0.0247,-0.0156,0.0000,0.0000,0
17.410,1,352,-0.01603,-0.01194,0.0100,-0.0129,-0.01439,0.04957,0.01973,1,1,0.047,0.017,in_circle,-0.0244,-0.0149,0.0000,0.0000,0
17.452,1,353,-0.01621,-0.01227,-0.0044,-0.0078,-0.02096,0.04839,0.02011,1,1,-0.043,0.082,in_circle,-0.0240,-0.0141,0.0000,0.0000,0
17.497,1,354,-0.01561,-0.01269,0.0134,-0.0094,-0.02146,0.05019,0.02026,1,1,0.015,0.064,in_circle,-0.0236,-0.0133,0.0000,0.0000,0
17.540,1,355,-0.01511,-0.01306,0.0116,-0.0087,-0.02223,0.04810,0.02042,1,1,-0.057,0.072,in_circle,-0.0233,-0.0124,0.0000,0.0000,0
17.585,1,356,-0.01473,-0.01362,0.0084,-0.0124,-0.02504,0.04835,0.02081,1,1,-0.051,0.071,in_circle,-0.0230,-0.0116,0.0000,0.0000,0
17.628,1,357,-0.01430,-0.01353,0.0103,0.0023,-0.02525,0.04743,0.02058,1,1,-0.039,0.088,in_circle,-0.0226,-0.0107,0.0000,0.0000,0
17.674,1,358,-0.01408,-0.01354,0.0047,-0.0003,-0.02692,0.04591,0.02052,1,1,-0.047,0.030,in_circle,-0.0224,-0.0099,0.0000,0.0000,0
17.761,1,359,-0.01378,-0.01391,0.0035,-0.0042,-0.02685,0.04576,0.02079,1,1,-0.025,0.042,in_circle,-0.0218,-0.0081,0.0000,0.0000,0
17.803,1,360,-0.01395,-0.01364,-0.0039,0.0063,-0.02777,0.04462,0.02058,1,1,-0.020,0.059,in_circle,-0.0215,-0.0073,0.0000,0.0000,0
17.848,1,361,-0.01449,-0.01366,-0.0121,-0.0005,-0.02797,0.04538,0.02077,1,1,0.010,0.017,in_circle,-0.0213,-0.0065,0.0000,0.0000,0
17.892,1,362,-0.01382,-0.01379,0.0151,-0.0028,-0.02695,0.04384,0.02068,1,1,0.044,0.046,in_circle,-0.0210,-0.0056,0.0000,0.0000,0
17.935,1,363,-0.01428,-0.01320,-0.0107,0.0136,-0.02531,0.04187,0.02026,1,1,-0.066,0.056,in_circle,-0.0207,-0.0047,0.0000,0.0000,0
17.981,1,364,-0.01434,-0.01356,-0.0014,-0.0078,-0.02576,0.04393,0.02062,1,1,0.038,-0.010,in_circle,-0.0204,-0.0039,0.0000,0.0000,0
18.024,1,365,-0.01415,-0.01311,0.0045,0.0104,-0.02496,0.04124,0.02014,1,1,0.002,0.077,in_circle,-0.0201,-0.0030,0.0000,0.0000,0
18.070,1,366,-0.01440,-0.01322,-0.0056,-0.0024,-0.01934,0.04460,0.02032,1,1,-0.022,0.004,in_circle,-0.0199,-0.0022,0.0000,0.0000,0
18.112,1,367,-0.01437,-0.01352,0.0007,-0.0070,-0.02244,0.04265,0.02059,1,1,0.019,0.056,in_circle,-0.0196,-0.0013,0.0000,0.0000,0
18.156,1,368,-0.01411,-0.01351,0.0059,0.0002,-0.01806,0.04384,0.02050,1,1,-0.006,0.076,in_circle,-0.0193,-0.0005,0.0000,0.0000,0
18.200,1,369,-0.01442,-0.01331,-0.0071,0.0044,-0.02086,0.04380,0.02042,1,1,-0.027,0.048,in_circle,-0.0190,0.0004,0.0000,0.0000,0
18.245,1,370,-0.01414,-0.01337,0.0061,-0.0011,-0.02135,0.04278,0.02038,1,1,0.101,0.250,in_circle,-0.0190,0.0004,0.0751,0.2191,1
18.288,1,371,-0.01415,-0.01352,-0.0001,-0.0036,-0.02340,0.04219,0.02053,1,1,0.056,0.298,in_circle,-0.0190,0.0004,0.0836,0.2450,1
18.333,1,372,-0.01437,-0.01325,-0.0050,0.0061,-0.04493,0.04448,0.02034,1,1,0.089,0.333,in_circle,-0.0190,0.0004,0.0916,0.2696,1
18.376,1,373,-0.01429,-0.01306,0.0018,0.0044,-0.06334,0.04695,0.02014,1,1,0.118,0.319,in_circle,-0.0190,0.0004,0.1002,0.2948,1
18.420,1,374,-0.01442,-0.01203,-0.0029,0.0234,-0.06508,0.04733,0.01921,1,1,0.099,0.350,in_circle,-0.0190,0.0004,0.1086,0.3194,1
18.463,1,375,-0.01399,-0.01097,0.0099,0.0245,-0.06581,0.05089,0.01807,1,1,0.127,0.296,in_circle,-0.0190,0.0004,0.1176,0.3441,1
18.507,1,376,-0.01404,-0.00916,-0.0011,0.0416,-0.06563,0.05104,0.01640,1,1,-0.043,-0.054,in_circle,-0.0187,0.0011,0.0000,0.0000,0
18.552,1,377,-0.01384,-0.00640,0.0045,0.0611,-0.05565,0.05066,0.01379,1,1,0.002,-0.127,in_circle,-0.0185,0.0018,0.0000,0.0000,0
18.595,1,378,-0.01321,-0.00392,0.0147,0.0577,-0.02784,0.05317,0.01130,1,1,-0.021,-0.211,in_circle,-0.0182,0.0024,0.0000,0.0000,0
18.640,1,379,-0.01299,-0.00234,0.0048,0.0352,0.00459,0.05233,0.00983,1,1,-0.063,-0.203,in_circle,-0.0180,0.0028,0.0000,0.0000,0
18.683,1,380,-0.01276,-0.00052,0.0055,0.0420,0.01996,0.05440,0.00819,1,1,-0.024,-0.117,in_circle,-0.0177,0.0032,0.0000,0.0000,0
18.728,1,381,-0.01254,-0.00028,0.0048,0.0054,0.02134,0.04932,0.00787,1,1,-0.027,-0.148,in_circle,-0.0175,0.0034,0.0000,0.0000,0
18.772,1,382,-0.01241,-0.00071,0.0030,-0.0098,0.01430,0.04631,0.00814,1,1,-0.025,-0.002,in_circle,-0.0173,0.0037,0.0000,0.0000,0
18.816,1,383,-0.01351,-0.00212,-0.0247,-0.0318,0.00849,0.04359,0.00993,1,1,-0.017,0.060,in_circle,-0.0171,0.0040,0.0000,0.0000,0
18.859,1,384,-0.01391,-0.00421,-0.0091,-0.0483,-0.00904,0.04403,0.01190,1,1,0.096,0.152,in_circle,-0.0169,0.0044,0.0000,0.0000,0
18.905,1,385,-0.01409,-0.00630,-0.0040,-0.0453,-0.03426,0.04073,0.01382,1,1,0.035,0.223,in_circle,-0.0166,0.0048,0.0000,0.0000,0
18.950,1,386,-0.01510,-0.00857,-0.0228,-0.0513,-0.04859,0.04397,0.01629,1,1,0.015,0.217,in_circle,-0.0163,0.0054,0.0000,0.0000,0
18.993,1,387,-0.01583,-0.01010,-0.0169,-0.0354,-0.06072,0.04167,0.01799,1,1,0.094,0.247,in_circle,-0.0160,0.0060,0.0000,0.0000,0
19.036,1,388,-0.01604,-0.01174,-0.0049,-0.0380,-0.06095,0.04358,0.01956,1,1,0.072,0.189,in_circle,-0.0156,0.0067,0.0000,0.0000,0
19.080,1,389,-0.01669,-0.01251,-0.0148,-0.0173,-0.05949,0.04561,0.02053,1,1,0.025,0.204,in_circle,-0.0153,0.0075,0.0000,0.0000,0
19.125,1,390,-0.01659,-0.01285,0.0023,-0.0078,-0.05558,0.04511,0.02080,1,1,0.067,0.124,in_circle,-0.0149,0.0083,0.0000,0.0000,0
19.168,1,391,-0.01613,-0.01276,0.0106,0.0021,-0.04699,0.04488,0.02053,1,1,-0.002,0.087,in_circle,-0.0145,0.0092,0.0000,0.0000,0
19.212,1,392,-0.01645,-0.01236,-0.0073,0.0092,-0.03764,0.04738,0.02029,1,1,-0.036,0.048,in_circle,-0.0141,0.0100,0.0000,0.0000,0
19.257,1,393,-0.01538,-0.01204,0.0236,0.0070,-0.02042,0.04435,0.01957,1,1,0.037,0.020,in_circle,-0.0137,0.0108,0.0000,0.0000,0
19.300,1,394,-0.01481,-0.01251,0.0132,-0.0108,-0.01408,0.04646,0.01979,1,1,-0.089,0.029,in_circle,-0.0134,0.0116,0.0000,0.0000,0
19.346,1,395,-0.01438,-0.01219,0.0093,0.0070,-0.00805,0.04750,0.01934,1,1,-0.048,0.102,in_circle,-0.0131,0.0124,0.0000,0.0000,0
19.389,1,396,-0.01434,-0.01269,0.0010,-0.0116,-0.00809,0.04501,0.01980,1,1,-0.034,0.031,in_circle,-0.0128,0.0132,0.0000,0.0000,0
19.432,1,397,-0.01440,-0.01287,-0.0014,-0.0042,-0.01177,0.04486,0.01999,1,1,-0.000,0.107,in_circle,-0.0125,0.0140,0.0000,0.0000,0
19.476,1,398,-0.01418,-0.01311,0.0049,-0.0055,-0.01289,0.04430,0.02015,1,1,0.010,0.079,in_circle,-0.0122,0.0148,0.0000,0.0000,0
19.521,1,399,-0.01425,-0.01377,-0.0015,-0.0147,-0.01855,0.04299,0.02080,1,1,-0.016,0.086,in_circle,-0.0120,0.0157,0.0000,0.0000,0
19.565,1,400,-0.01398,-0.01439,0.0060,-0.0137,-0.02275,0.04132,0.02130,1,1,0.010,0.125,in_circle,-0.0117,0.0166,0.0000,0.0000,0
19.608,1,401,-0.01421,-0.01466,-0.0054,-0.0063,-0.02388,0.04028,0.02163,1,1,-0.020,0.123,in_circle,-0.0114,0.0175,0.0000,0.0000,0
19.653,1,402,-0.01431,-0.01514,-0.0021,-0.0107,-0.02930,0.04122,0.02212,1,1,0.026,0.095,in_circle,-0.0111,0.0184,0.0000,0.0000,0
19.697,1,403,-0.01445,-0.01548,-0.0032,-0.0078,-0.03464,0.04302,0.02248,1,1,0.014,0.115,in_circle,-0.0108,0.0193,0.0000,0.0000,0
19.785,1,404,-0.01367,-0.01531,0.0088,0.0019,-0.03272,0.04168,0.02210,1,1,0.019,0.106,in_circle,-0.0102,0.0213,0.0000,0.0000,0
19.829,1,405,-0.01456,-0.01471,-0.0203,0.0136,-0.03327,0.04315,0.02179,1,1,-0.031,0.068,in_circle,-0.0100,0.0221,0.0000,0.0000,0
19.874,1,406,-0.01409,-0.01401,0.0104,0.0158,-0.03341,0.04283,0.02098,1,1,0.088,0.021,in_circle,-0.0097,0.0230,0.0000,0.0000,0
19.916,1,407,-0.01432,-0.01356,-0.0055,0.0108,-0.03164,0.04097,0.02062,1,1,-0.035,0.011,in_circle,-0.0094,0.0239,0.0000,0.0000,0
19.960,1,408,-0.01392,-0.01316,0.0090,0.0089,-0.02383,0.04176,0.02011,1,1,0.029,0.030,in_circle,-0.0091,0.0248,0.0000,0.0000,0
20.003,1,409,-0.01398,-0.01257,-0.0014,0.0138,-0.01909,0.04322,0.01957,1,1,-0.029,0.038,in_circle,-0.0088,0.0256,0.0000,0.0000,0
20.049,1,410,-0.01432,-0.01174,-0.0074,0.0180,-0.02019,0.04250,0.01890,1,1,0.012,0.018,in_circle,-0.0086,0.0264,0.0000,0.0000,0
20.092,1,411,-0.01407,-0.01142,0.0056,0.0076,-0.01900,0.04324,0.01851,1,1,0.037,-0.000,in_circle,-0.0083,0.0272,0.0000,0.0000,0
20.137,1,412,-0.01478,-0.01088,-0.0156,0.0118,-0.01862,0.04316,0.01827,1,1,-0.015,0.041,in_circle,-0.0080,0.0280,0.0000,0.0000,0
20.180,1,413,-0.01485,-0.01109,-0.0017,-0.0049,-0.01787,0.04472,0.01849,1,1,0.072,0.024,in_circle,-0.0077,0.0287,0.0000,0.0000,0
20.226,1,414,-0.01542,-0.01138,-0.0123,-0.0063,-0.01848,0.04492,0.01898,1,1,0.017,0.092,in_circle,-0.0074,0.0295,0.0000,0.0000,0
20.269,1,415,-0.01540,-0.01183,0.0004,-0.0104,-0.01855,0.04553,0.01938,1,1,0.061,0.099,in_circle,-0.0070,0.0303,0.0000,0.0000,0
20.312,1,416,-0.01533,-0.01185,0.0017,-0.0004,-0.02268,0.04779,0.01937,1,1,0.011,0.117,in_circle,-0.0067,0.0310,0.0000,0.0000,0
20.356,1,417,-0.01516,-0.01228,0.0038,-0.0097,-0.02540,0.05006,0.01971,1,1,0.006,0.078,in_circle,-0.0064,0.0318,0.0000,0.0000,0
20.400,1,418,-0.01463,-0.01213,0.0120,0.0034,-0.02636,0.05073,0.01937,1,1,-0.003,0.117,in_circle,-0.0061,0.0326,0.0000,0.0000,0
20.445,1,419,-0.01398,-0.01196,0.0144,0.0039,-0.02494,0.05102,0.01899,1,1,-0.037,0.065,in_circle,-0.0058,0.0334,0.0000,0.0000,0
20.488,1,420,-0.01440,-0.01105,-0.0096,0.0209,-0.02657,0.05106,0.01828,1,1,-0.047,0.064,in_circle,-0.0055,0.0342,0.0000,0.0000,0
20.534,1,421,-0.01398,-0.01134,0.0091,-0.0063,-0.02709,0.04819,0.01841,1,1,0.050,-0.006,in_circle,-0.0052,0.0349,0.0000,0.0000,0
20.576,1,422,-0.01303,-0.01128,0.0225,0.0013,-0.02711,0.04661,0.01806,1,1,-0.026,0.104,in_circle,-0.0049,0.0357,0.0000,0.0000,0
20.621,1,423,-0.01332,-0.01111,-0.0064,0.0039,-0.02374,0.04672,0.01798,1,1,-0.082,0.074,in_circle,-0.0047,0.0365,0.0000,0.0000,0
20.664,1,424,-0.01326,-0.01091,0.0014,0.0046,-0.02723,0.04606,0.01777,1,1,0.035,0.065,in_circle,-0.0045,0.0372,0.0000,0.0000,0
20.709,1,425,-0.01384,-0.01135,-0.0130,-0.0098,-0.02684,0.04241,0.01837,1,1,0.004,0.062,in_circle,-0.0042,0.0380,0.0000,0.0000,0
20.752,1,426,-0.01409,-0.01161,-0.0057,-0.0060,-0.02745,0.03867,0.01870,1,1,0.063,0.121,in_circle,-0.0040,0.0387,0.0000,0.0000,0
20.798,1,427,-0.01417,-0.01126,-0.0018,0.0078,-0.02688,0.04046,0.01839,1,1,0.035,0.108,in_circle,-0.0037,0.0395,0.0000,0.0000,0
20.840,1,428,-0.01411,-0.01125,0.0013,0.0001,-0.02900,0.04251,0.01837,1,1,0.020,0.052,in_circle,-0.0034,0.0403,0.0000,0.0000,0
20.885,1,429,-0.01430,-0.01144,-0.0041,-0.0043,-0.02897,0.04076,0.01861,1,1,0.007,0.084,in_circle,-0.0031,0.0410,0.0000,0.0000,0
20.929,1,430,-0.01420,-0.01180,0.0021,-0.0082,-0.02777,0.04272,0.01892,1,1,0.030,0.102,in_circle,-0.0028,0.0418,0.0000,0.0000,0
20.972,1,431,-0.01420,-0.01120,0.0001,0.0140,-0.02867,0.04239,0.01835,1,1,0.005,0.120,in_circle,-0.0026,0.0426,0.0000,0.0000,0
21.017,1,432,-0.01406,-0.01116,0.0031,0.0008,-0.02762,0.04231,0.01826,1,1,0.013,0.030,in_circle,-0.0023,0.0433,0.0000,0.0000,0
21.060,1,433,-0.01413,-0.01125,-0.0015,-0.0020,-0.02700,0.04216,0.01837,1,1,0.001,0.084,in_circle,-0.0020,0.0441,0.0000,0.0000,0
21.105,1,434,-0.01402,-0.01105,0.0025,0.0044,-0.02438,0.04199,0.01815,1,1,0.095,0.300,in_circle,-0.0020,0.0441,0.0751,0.2049,1
21.150,1,435,-0.01416,-0.01123,-0.0032,-0.0039,-0.02703,0.04255,0.01836,1,1,0.088,0.299,in_circle,-0.0020,0.0441,0.0843,0.2300,1
21.191,1,436,-0.01421,-0.01079,-0.0012,0.0106,-0.04414,0.04568,0.01797,1,1,0.120,0.358,in_circle,-0.0020,0.0441,0.0936,0.2551,1
21.236,1,437,-0.01378,-0.01073,0.0095,0.0012,-0.06040,0.04997,0.01777,1,1,0.121,0.322,in_circle,-0.0020,0.0441,0.1025,0.2785,1
21.281,1,438,-0.01374,-0.01008,0.0008,0.0145,-0.06167,0.05551,0.01715,1,1,0.086,0.385,in_circle,-0.0020,0.0441,0.1116,0.3039,1
21.324,1,439,-0.01345,-0.00884,0.0069,0.0292,-0.05899,0.05798,0.01588,1,1,0.131,0.356,in_circle,-0.0020,0.0441,0.1209,0.3291,1
21.369,1,440,-0.01343,-0.00725,0.0006,0.0352,-0.05875,0.05740,0.01440,1,1,-0.015,-0.035,in_circle,-0.0018,0.0447,0.0000,0.0000,0
21.413,1,441,-0.01302,-0.00484,0.0092,0.0546,-0.05853,0.05728,0.01203,1,1,0.010,-0.062,in_circle,-0.0015,0.0453,0.0000,0.0000,0
21.456,1,442,-0.01252,-0.00296,0.0117,0.0434,-0.03553,0.05722,0.01013,1,1,-0.025,-0.145,in_circle,-0.0013,0.0458,0.0000,0.0000,0
21.502,1,443,-0.01262,-0.00082,-0.0022,0.0467,-0.00735,0.05908,0.00835,1,1,-0.036,-0.105,in_circle,-0.0011,0.0462,0.0000,0.0000,0
21.544,1,444,-0.01270,0.00026,-0.0020,0.0260,0.00078,0.05888,0.00754,1,1,0.020,-0.123,in_circle,-0.0008,0.0465,0.0000,0.0000,0
21.589,1,445,-0.01232,0.00102,0.0084,0.0167,0.00330,0.05350,0.00673,1,1,0.020,-0.043,in_circle,-0.0006,0.0467,0.0000,0.0000,0
21.633,1,446,-0.01275,0.00129,-0.0097,0.0061,0.00489,0.04985,0.00683,1,1,-0.023,-0.008,in_circle,-0.0004,0.0470,0.0000,0.0000,0
21.677,1,447,-0.01294,0.00052,-0.0045,-0.0179,-0.00024,0.04912,0.00752,1,1,0.051,0.034,in_circle,-0.0002,0.0472,0.0000,0.0000,0
21.721,1,448,-0.01338,-0.00077,-0.0100,-0.0292,-0.01168,0.04937,0.00878,1,1,0.031,0.133,in_circle,0.0000,0.0474,0.0000,0.0000,0
21.809,1,449,-0.01415,-0.00386,-0.0087,-0.0350,-0.03324,0.04736,0.01173,1,1,0.054,0.182,in_circle,0.0005,0.0480,0.0000,0.0000,0
21.853,1,450,-0.01449,-0.00554,-0.0077,-0.0383,-0.03920,0.04777,0.01334,1,1,0.051,0.213,in_circle,0.0008,0.0484,0.0000,0.0000,0
21.899,1,451,-0.01437,-0.00686,0.0026,-0.0290,-0.04006,0.04716,0.01444,1,1,0.049,0.231,in_circle,0.0011,0.0489,0.0000,0.0000,0
21.943,1,452,-0.01478,-0.00856,-0.0092,-0.0384,-0.04950,0.04548,0.01614,1,1,0.007,0.198,in_circle,0.0014,0.0495,0.0000,0.0000,0
21.993,1,453,-0.01501,-0.00955,-0.0047,-0.0198,-0.05099,0.04497,0.01714,1,1,0.056,0.240,in_circle,0.0017,0.0502,0.0000,0.0000,0
22.032,1,454,-0.01548,-0.00970,-0.0117,-0.0038,-0.04964,0.04574,0.01748,1,1,0.039,0.169,in_circle,0.0020,0.0509,0.0000,0.0000,0
22.076,1,455,-0.01537,-0.00979,0.0023,-0.0020,-0.04993,0.04332,0.01751,1,1,0.068,0.106,in_circle,0.0023,0.0516,0.0000,0.0000,0
22.120,1,456,-0.01513,-0.00952,0.0055,0.0061,-0.04257,0.04519,0.01717,1,1,0.012,0.100,in_circle,0.0027,0.0523,0.0000,0.0000,0
22.169,1,457,-0.01530,-0.00890,-0.0034,0.0128,-0.03285,0.04393,0.01668,1,1,-0.001,0.067,in_circle,0.0030,0.0529,0.0000,0.0000,0
22.211,1,458,-0.01486,-0.00879,0.0106,0.0025,-0.02669,0.04268,0.01639,1,1,0.036,0.040,in_circle,0.0034,0.0537,0.0000,0.0000,0
22.253,1,459,-0.01518,-0.00765,-0.0077,0.0269,-0.02117,0.04305,0.01552,1,1,-0.021,0.081,in_circle,0.0037,0.0543,0.0000,0.0000,0
22.294,1,460,-0.01536,-0.00743,-0.0044,0.0053,-0.01500,0.04537,0.01541,1,1,0.053,-0.018,in_circle,0.0040,0.0549,0.0000,0.0000,0
22.339,1,461,-0.01570,-0.00669,-0.0076,0.0166,-0.01616,0.04452,0.01495,1,1,0.041,0.068,in_circle,0.0043,0.0554,0.0000,0.0000,0
22.385,1,462,-0.01556,-0.00728,0.0031,-0.0129,-0.01160,0.04556,0.01538,1,1,0.055,0.021,in_circle,0.0046,0.0560,0.0000,0.0000,0
22.424,1,463,-0.01518,-0.00769,0.0099,-0.0106,-0.01352,0.04569,0.01555,1,1,0.012,0.141,in_circle,0.0050,0.0566,0.0000,0.0000,0
22.470,1,464,-0.01495,-0.00822,0.0050,-0.0114,-0.01376,0.04710,0.01591,1,1,-0.016,0.134,in_circle,0.0053,0.0571,0.0000,0.0000,0
22.513,1,465,-0.01487,-0.00863,0.0018,-0.0095,-0.02081,0.04401,0.01625,1,1,0.003,0.139,in_circle,0.0056,0.0578,0.0000,0.0000,0
22.557,1,466,-0.01488,-0.00935,-0.0003,-0.0166,-0.03168,0.04414,0.01690,1,1,0.016,0.133,in_circle,0.0059,0.0584,0.0000,0.0000,0
22.600,1,467,-0.01527,-0.00958,-0.0091,-0.0053,-0.03036,0.04389,0.01728,1,1,0.025,0.164,in_circle,0.0062,0.0591,0.0000,0.0000,0
22.645,1,468,-0.01471,-0.01012,0.0126,-0.0120,-0.03407,0.04430,0.01754,1,1,0.062,0.120,in_circle,0.0065,0.0598,0.0000,0.0000,0
22.689,1,469,-0.01470,-0.00956,0.0002,0.0126,-0.03389,0.04581,0.01702,1,1,-0.026,0.149,in_circle,0.0069,0.0605,0.0000,0.0000,0
22.734,1,470,-0.01406,-0.00949,0.0143,0.0015,-0.03384,0.04638,0.01671,1,1,0.024,0.049,in_circle,0.0072,0.0612,0.0000,0.0000,0
22.777,1,471,-0.01428,-0.00877,-0.0054,0.0169,-0.03372,0.04577,0.01613,1,1,-0.034,0.095,in_circle,0.0074,0.0619,0.0000,0.0000,0
22.822,1,472,-0.01329,-0.00876,0.0222,0.0001,-0.02992,0.04389,0.01575,1,1,0.045,0.032,in_circle,0.0077,0.0625,0.0000,0.0000,0
22.864,1,473,-0.01374,-0.00883,-0.0106,-0.0017,-0.03027,0.04325,0.01598,1,1,-0.067,0.100,in_circle,0.0080,0.0632,0.0000,0.0000,0
22.908,1,474,-0.01351,-0.00912,0.0050,-0.0064,-0.02580,0.04290,0.01616,1,1,0.065,0.107,in_circle,0.0082,0.0638,0.0000,0.0000,0
22.952,1,475,-0.01386,-0.00943,-0.0080,-0.0070,-0.02764,0.04394,0.01658,1,1,0.003,0.128,in_circle,0.0085,0.0645,0.0000,0.0000,0
22.998,1,476,-0.01395,-0.00899,-0.0018,0.0096,-0.02595,0.04211,0.01620,1,1,0.056,0.132,in_circle,0.0087,0.0651,0.0000,0.0000,0
23.040,1,477,-0.01431,-0.00907,-0.0085,-0.0019,-0.02706,0.04392,0.01642,1,1,0.032,0.065,in_circle,0.0090,0.0658,0.0000,0.0000,0
23.085,1,478,-0.01429,-0.00941,0.0005,-0.0076,-0.02698,0.04471,0.01672,1,1,0.060,0.112,in_circle,0.0093,0.0665,0.0000,0.0000,0
23.133,1,479,-0.01394,-0.00945,0.0072,-0.0009,-0.02663,0.04428,0.01663,1,1,0.024,0.136,in_circle,0.0096,0.0671,0.0000,0.0000,0
23.174,1,480,-0.01481,-0.00970,-0.0214,-0.0062,-0.02623,0.04569,0.01720,1,1,-0.004,0.110,in_circle,0.0099,0.0679,0.0000,0.0000,0
23.216,1,481,-0.01429,-0.01003,0.0123,-0.0078,-0.02849,0.04527,0.01730,1,1,0.113,0.133,in_circle,0.0102,0.0685,0.0000,0.0000,0
23.262,1,482,-0.01433,-0.00977,-0.0009,0.0058,-0.02863,0.04554,0.01706,1,1,-0.023,0.140,in_circle,0.0104,0.0692,0.0000,0.0000,0
23.305,1,483,-0.01450,-0.00985,-0.0041,-0.0020,-0.02972,0.04742,0.01721,1,1,0.031,0.086,in_circle,0.0107,0.0699,0.0000,0.0000,0
23.349,1,484,-0.01424,-0.00984,0.0059,0.0003,-0.02898,0.04808,0.01710,1,1,0.044,0.118,in_circle,0.0110,0.0706,0.0000,0.0000,0
23.392,1,485,-0.01431,-0.00989,-0.0016,-0.0012,-0.02949,0.04820,0.01717,1,1,0.004,0.110,in_circle,0.0113,0.0713,0.0000,0.0000,0
23.436,1,486,-0.01460,-0.00951,-0.0067,0.0088,-0.02954,0.04904,0.01693,1,1,0.034,0.117,in_circle,0.0116,0.0720,0.0000,0.0000,0
23.481,1,487,-0.01447,-0.00953,0.0029,-0.0004,-0.03025,0.04812,0.01690,1,1,0.056,0.076,in_circle,0.0119,0.0727,0.0000,0.0000,0
23.525,1,488,-0.01446,-0.00958,0.0003,-0.0012,-0.03012,0.04836,0.01694,1,1,0.100,0.307,in_circle,0.0119,0.0727,0.0831,0.1933,1
23.568,1,489,-0.01410,-0.01000,0.0084,-0.0098,-0.03036,0.04912,0.01720,1,1,0.121,0.334,in_circle,0.0119,0.0727,0.0936,0.2178,1
23.613,1,490,-0.01404,-0.00960,0.0013,0.0089,-0.04699,0.04664,0.01681,1,1,0.097,0.394,in_circle,0.0119,0.0727,0.1030,0.2417,1
23.655,1,491,-0.01385,-0.00967,0.0045,-0.0015,-0.06545,0.04920,0.01680,1,1,0.135,0.343,in_circle,0.0119,0.0727,0.1129,0.2666,1
23.702,1,492,-0.01410,-0.00877,-0.0054,0.0195,-0.06735,0.05207,0.01606,1,1,0.131,0.409,in_circle,0.0119,0.0727,0.1222,0.2906,1
23.744,1,493,-0.01418,-0.00732,-0.0018,0.0342,-0.06741,0.05200,0.01477,1,1,0.182,0.348,in_circle,0.0119,0.0727,0.1330,0.3160,1
23.877,1,494,-0.01284,-0.00076,0.0100,0.0492,-0.05831,0.06069,0.00844,1,1,0.036,-0.030,in_circle,0.0125,0.0739,0.0000,0.0000,0
23.920,1,495,-0.01265,0.00122,0.0044,0.0465,-0.03980,0.06121,0.00682,1,1,-0.015,-0.106,in_circle,0.0129,0.0745,0.0000,0.0000,0
23.968,1,496,-0.01146,0.00337,0.0248,0.0450,-0.01925,0.05989,0.00451,1,1,0.007,-0.099,in_circle,0.0131,0.0747,0.0000,0.0000,0
24.008,1,497,-0.01089,0.00513,0.0141,0.0432,-0.01323,0.06201,0.00321,1,1,-0.077,-0.099,in_circle,0.0133,0.0748,0.0000,0.0000,0
24.053,1,498,-0.00976,0.00615,0.0249,0.0228,-0.00418,0.05554,0.00197,1,1,-0.035,-0.096,in_circle,0.0134,0.0748,0.0000,0.0000,0
24.097,1,499,-0.00871,0.00719,0.0239,0.0235,-0.00056,0.04897,0.00150,1,1,-0.081,-0.017,in_circle,0.0135,0.0748,0.0000,0.0000,0
24.140,1,500,-0.00707,0.00660,0.0389,-0.0139,-0.00305,0.04168,0.00095,1,1,-0.080,-0.022,in_circle,0.0135,0.0748,0.0000,0.0000,0
24.185,1,501,-0.00659,0.00678,0.0104,0.0039,-0.00735,0.03477,0.00144,1,1,-0.144,0.129,in_circle,0.0135,0.0748,0.0000,0.0000,0
24.228,1,502,-0.00594,0.00646,0.0151,-0.0074,-0.01126,0.03315,0.00191,1,1,-0.031,0.057,in_circle,0.0134,0.0747,0.0000,0.0000,0
24.274,1,503,-0.00595,0.00544,-0.0001,-0.0226,-0.02514,0.02906,0.00194,1,1,-0.052,0.103,in_circle,0.0134,0.0747,0.0000,0.0000,0
24.316,1,504,-0.00474,0.00426,0.0287,-0.0282,-0.03096,0.02457,0.00352,1,1,0.009,0.167,in_circle,0.0133,0.0747,0.0000,0.0000,0
24.361,1,505,-0.00499,0.00373,-0.0053,-0.0116,-0.03137,0.02644,0.00361,1,1,-0.109,0.192,in_circle,0.0132,0.0748,0.0000,0.0000,0
24.405,1,506,-0.00465,0.00369,0.0077,-0.0009,-0.04087,0.02458,0.00391,1,1,0.027,0.127,in_circle,0.0130,0.0749,0.0000,0.0000,0
24.450,1,507,-0.00390,0.00361,0.0167,-0.0017,-0.04717,0.02440,0.00457,1,1,-0.026,0.085,in_circle,0.0129,0.0750,0.0000,0.0000,0
24.492,1,508,-0.00401,0.00400,-0.0027,0.0091,-0.04345,0.02896,0.00428,1,1,-0.064,0.088,in_circle,0.0127,0.0751,0.0000,0.0000,0
24.537,1,509,-0.00474,0.00441,-0.0164,0.0092,-0.03872,0.03545,0.00345,1,1,0.014,0.044,in_circle,0.0126,0.0752,0.0000,0.0000,0
24.581,1,510,-0.00505,0.00454,-0.0068,0.0029,-0.03476,0.03560,0.00312,1,1,0.070,0.042,in_circle,0.0124,0.0753,0.0000,0.0000,0
24.625,1,511,-0.00503,0.00522,0.0005,0.0155,-0.02943,0.03698,0.00288,1,1,0.033,0.067,in_circle,0.0123,0.0753,0.0000,0.0000,0
24.669,1,512,-0.00571,0.00557,-0.0156,0.0080,-0.02056,0.04558,0.00214,1,1,0.003,0.015,in_circle,0.0122,0.0754,0.0000,0.0000,0
24.713,1,513,-0.00599,0.00574,-0.0063,0.0040,-0.02232,0.05416,0.00183,1,1,0.069,0.044,in_circle,0.0121,0.0754,0.0000,0.0000,0
24.757,1,514,-0.00571,0.00564,0.0065,-0.0025,-0.01821,0.05523,0.00212,1,1,0.033,0.060,in_circle,0.0120,0.0754,0.0000,0.0000,0
24.802,1,515,-0.00578,0.00505,-0.0017,-0.0129,-0.01738,0.05621,0.00223,1,1,-0.019,0.086,in_circle,0.0119,0.0754,0.0000,0.0000,0
24.844,1,516,-0.00536,0.00462,0.0103,-0.0104,-0.01921,0.05796,0.00281,1,1,0.013,0.130,in_circle,0.0118,0.0755,0.0000,0.0000,0
24.888,1,517,-0.00517,0.00411,0.0043,-0.0115,-0.01856,0.05912,0.00324,1,1,-0.035,0.121,in_circle,0.0117,0.0755,0.0000,0.0000,0
24.932,1,518,-0.00427,0.00388,0.0204,-0.0053,-0.02356,0.05772,0.00412,1,1,-0.012,0.126,in_circle,0.0116,0.0756,0.0000,0.0000,0
24.977,1,519,-0.00398,0.00397,0.0064,0.0019,-0.02606,0.05632,0.00432,1,1,-0.079,0.102,in_circle,0.0114,0.0757,0.0000,0.0000,0
25.021,1,520,-0.00320,0.00325,0.0177,-0.0163,-0.02557,0.05255,0.00536,1,1,-0.024,0.073,in_circle,0.0113,0.0758,0.0000,0.0000,0
25.066,1,521,-0.00201,0.00272,0.0266,-0.0119,-0.02752,0.04536,0.00665,1,1,-0.071,0.148,in_circle,0.0111,0.0759,0.0000,0.0000,0
25.108,1,522,-0.00192,0.00231,0.0021,-0.0096,-0.02881,0.04034,0.00694,1,1,-0.110,0.132,in_circle,0.0108,0.0760,0.0000,0.0000,0
25.154,1,523,-0.00161,0.00150,0.0068,-0.0176,-0.03312,0.03691,0.00765,1,1,-0.013,0.124,in_circle,0.0106,0.0762,0.0000,0.0000,0
25.197,1,524,-0.00120,0.00127,0.0094,-0.0054,-0.03314,0.03387,0.00812,1,1,-0.032,0.158,in_circle,0.0103,0.0764,0.0000,0.0000,0
25.240,1,525,-0.00124,0.00099,-0.0008,-0.0065,-0.03063,0.03272,0.00826,1,1,-0.044,0.110,in_circle,0.0100,0.0766,0.0000,0.0000,0
25.285,1,526,-0.00062,0.00069,0.0137,-0.0067,-0.03070,0.03233,0.00893,1,1,-0.003,0.115,in_circle,0.0097,0.0768,0.0000,0.0000,0
25.329,1,527,-0.00052,0.00032,0.0024,-0.0083,-0.03235,0.03218,0.00923,1,1,-0.063,0.117,in_circle,0.0094,0.0771,0.0000,0.0000,0
25.372,1,528,-0.00126,0.00032,-0.0172,-0.0001,-0.03202,0.03351,0.00866,1,1,-0.019,0.125,in_circle,0.0091,0.0773,0.0000,0.0000,0
25.416,1,529,-0.00175,0.00020,-0.0110,-0.0027,-0.03241,0.03429,0.00838,1,1,0.061,0.092,in_circle,0.0088,0.0776,0.0000,0.0000,0
25.460,1,530,-0.00218,-0.00006,-0.0099,-0.0062,-0.03111,0.03432,0.00827,1,1,0.037,0.103,in_circle,0.0085,0.0778,0.0000,0.0000,0
25.506,1,531,-0.00231,-0.00020,-0.0027,-0.0030,-0.03139,0.03771,0.00829,1,1,0.034,0.118,in_circle,0.0083,0.0781,0.0000,0.0000,0
25.549,1,532,-0.00187,-0.00048,0.0100,-0.0065,-0.03049,0.04338,0.00878,1,1,0.005,0.106,in_circle,0.0080,0.0784,0.0000,0.0000,0
25.593,1,533,-0.00194,-0.00050,-0.0016,-0.0003,-0.02916,0.04723,0.00875,1,1,-0.047,0.121,in_circle,0.0078,0.0786,0.0000,0.0000,0
25.637,1,534,-0.00200,0.00019,-0.0014,0.0156,-0.03029,0.04770,0.00821,1,1,-0.001,0.096,in_circle,0.0075,0.0789,0.0000,0.0000,0
25.681,1,535,-0.00148,0.00009,0.0120,-0.0021,-0.03104,0.04744,0.00865,1,1,-0.002,0.031,in_circle,0.0073,0.0792,0.0000,0.0000,0
25.724,1,536,-0.00157,-0.00003,-0.0020,-0.0030,-0.02723,0.04606,0.00868,1,1,-0.057,0.103,in_circle,0.0070,0.0794,0.0000,0.0000,0
25.768,1,537,-0.00113,0.00039,0.0097,0.0094,-0.02139,0.04448,0.00872,1,1,-0.001,0.107,in_circle,0.0067,0.0797,0.0000,0.0000,0
25.857,1,538,-0.00029,0.00029,0.0095,-0.0011,-0.02184,0.04431,0.00944,1,1,-0.050,0.056,in_circle,0.0061,0.0802,0.0000,0.0000,0
25.900,1,539,-0.00112,-0.00012,-0.0191,-0.0094,-0.02305,0.04383,0.00906,1,1,-0.051,0.099,in_circle,0.0058,0.0805,0.0000,0.0000,0
25.945,1,540,-0.00124,-0.00014,-0.0027,-0.0005,-0.02252,0.04395,0.00899,1,1,0.065,0.134,in_circle,0.0055,0.0807,0.0000,0.0000,0
25.988,1,541,-0.00123,-0.00025,0.0002,-0.0024,-0.02388,0.04389,0.00907,1,1,-0.000,0.098,in_circle,0.0052,0.0810,0.0000,0.0000,0
26.032,1,542,-0.00118,-0.00022,0.0011,0.0006,-0.02703,0.04577,0.00908,1,1,-0.012,0.107,in_circle,0.0049,0.0813,0.0000,0.0000,0
26.076,1,543,-0.00141,-0.00006,-0.0051,0.0035,-0.02661,0.04564,0.00881,1,1,-0.016,0.095,in_circle,0.0046,0.0815,0.0000,0.0000,0
26.121,1,544,-0.00129,0.00017,0.0027,0.0053,-0.02725,0.04489,0.00874,1,1,0.009,0.083,in_circle,0.0043,0.0818,0.0000,0.0000,0
26.165,1,545,-0.00129,-0.00023,-0.0001,-0.0093,-0.02603,0.04576,0.00901,1,1,-0.023,0.075,in_circle,0.0041,0.0821,0.0000,0.0000,0
26.208,1,546,-0.00120,0.00006,0.0022,0.0069,-0.02631,0.04620,0.00888,1,1,-0.012,0.135,in_circle,0.0038,0.0823,0.0000,0.0000,0
26.252,1,547,-0.00109,-0.00004,0.0024,-0.0023,-0.02703,0.04531,0.00903,1,1,-0.022,0.070,in_circle,0.0035,0.0826,0.0000,0.0000,0
26.297,1,548,-0.00153,-0.00010,-0.0099,-0.0014,-0.03016,0.04627,0.00875,1,1,-0.023,0.107,in_circle,0.0032,0.0829,0.0000,0.0000,0
26.341,1,549,-0.00143,0.00022,0.0021,0.0071,-0.03040,0.04591,0.00860,1,1,0.027,0.104,in_circle,0.0029,0.0831,0.0000,0.0000,0
26.384,1,550,-0.00128,0.00023,0.0036,0.0004,-0.03059,0.04593,0.00871,1,1,-0.174,0.207,in_circle,0.0029,0.0831,-0.1523,0.1383,1
26.428,1,551,-0.00138,0.00036,-0.0024,0.0029,-0.03118,0.04457,0.00854,1,1,-0.200,0.252,in_circle,0.0029,0.0831,-0.1717,0.1555,1
26.472,1,552,-0.00191,-0.00001,-0.0122,-0.0085,-0.03613,0.04259,0.00841,1,1,-0.195,0.259,in_circle,0.0029,0.0831,-0.1916,0.1730,1
26.516,1,553,-0.00200,0.00031,-0.0019,0.0071,-0.04738,0.02931,0.00813,1,1,-0.173,0.324,in_circle,0.0029,0.0831,-0.2098,0.1916,1
26.561,1,554,-0.00161,0.00033,0.0086,0.0004,-0.04975,0.01660,0.00839,1,1,-0.233,0.279,in_circle,0.0029,0.0831,-0.2290,0.2104,1
26.604,1,555,-0.00202,0.00030,-0.0093,-0.0008,-0.05368,0.01566,0.00812,1,1,-0.296,0.324,in_circle,0.0029,0.0831,-0.2486,0.2283,1
26.649,1,556,-0.00264,0.00066,-0.0138,0.0079,-0.05340,0.01523,0.00742,1,1,-0.241,0.347,in_circle,0.0029,0.0831,-0.2671,0.2465,1
26.694,1,557,-0.00310,0.00092,-0.0103,0.0060,-0.05436,0.01042,0.00692,1,1,-0.241,0.331,in_circle,0.0029,0.0831,-0.2860,0.2662,1
26.738,1,558,-0.00393,0.00162,-0.0189,0.0160,-0.05364,0.00914,0.00584,1,1,0.032,0.072,in_circle,0.0027,0.0834,0.0000,0.0000,0
26.780,1,559,-0.00514,0.00203,-0.0283,0.0095,-0.05310,0.00788,0.00478,1,1,0.068,0.031,in_circle,0.0025,0.0836,0.0000,0.0000,0
26.826,1,560,-0.00695,0.00253,-0.0400,0.0110,-0.03507,0.01473,0.00357,1,1,0.109,0.056,in_circle,0.0024,0.0837,0.0000,0.0000,0
26.869,1,561,-0.00807,0.00334,-0.0257,0.0186,-0.01045,0.03840,0.00267,1,1,0.160,0.049,in_circle,0.0024,0.0839,0.0000,0.0000,0
26.913,1,562,-0.00976,0.00340,-0.0383,0.0014,-0.01151,0.06680,0.00325,1,1,0.106,0.016,in_circle,0.0024,0.0840,0.0000,0.0000,0
26.957,1,563,-0.01120,0.00334,-0.0331,-0.0015,-0.01034,0.08427,0.00431,1,1,0.160,0.085,in_circle,0.0025,0.0841,0.0000,0.0000,0
27.001,1,564,-0.01236,0.00302,-0.0264,-0.0072,-0.00965,0.08933,0.00544,1,1,0.143,0.097,in_circle,0.0026,0.0842,0.0000,0.0000,0
27.044,1,565,-0.01282,0.00152,-0.0107,-0.0349,-0.01679,0.08545,0.00673,1,1,0.120,0.121,in_circle,0.0028,0.0844,0.0000,0.0000,0
27.089,1,566,-0.01240,0.00005,0.0094,-0.0327,-0.01622,0.08513,0.00752,1,1,0.059,0.235,in_circle,0.0030,0.0846,0.0000,0.0000,0
27.132,1,567,-0.01198,-0.00123,0.0096,-0.0297,-0.02387,0.08073,0.00835,1,1,-0.023,0.231,in_circle,0.0032,0.0848,0.0000,0.0000,0
27.177,1,568,-0.01035,-0.00311,0.0361,-0.0416,-0.04129,0.06939,0.00946,1,1,-0.025,0.222,in_circle,0.0034,0.0851,0.0000,0.0000,0
27.220,1,569,-0.00894,-0.00474,0.0330,-0.0381,-0.04982,0.04939,0.01080,1,1,-0.134,0.275,in_circle,0.0035,0.0855,0.0000,0.0000,0
27.265,1,570,-0.00770,-0.00600,0.0274,-0.0278,-0.05143,0.02707,0.01200,1,1,-0.125,0.265,in_circle,0.0036,0.0860,0.0000,0.0000,0
27.308,1,571,-0.00751,-0.00655,0.0044,-0.0128,-0.04979,0.01393,0.01256,1,1,-0.106,0.228,in_circle,0.0036,0.0865,0.0000,0.0000,0
27.352,1,572,-0.00636,-0.00690,0.0265,-0.0079,-0.05291,0.00134,0.01298,1,1,-0.015,0.170,in_circle,0.0036,0.0871,0.0000,0.0000,0
27.398,1,573,-0.00673,-0.00718,-0.0081,-0.0061,-0.05088,0.00429,0.01322,1,1,-0.106,0.152,in_circle,0.0035,0.0876,0.0000,0.0000,0
27.440,1,574,-0.00679,-0.00703,-0.0014,0.0037,-0.04370,0.01063,0.01306,1,1,0.033,0.146,in_circle,0.0035,0.0883,0.0000,0.0000,0
27.485,1,575,-0.00792,-0.00667,-0.0250,0.0078,-0.03412,0.01575,0.01267,1,1,0.006,0.106,in_circle,0.0034,0.0888,0.0000,0.0000,0
27.529,1,576,-0.00857,-0.00563,-0.0148,0.0237,-0.02979,0.02328,0.01166,1,1,0.104,0.090,in_circle,0.0034,0.0894,0.0000,0.0000,0
27.573,1,577,-0.01003,-0.00535,-0.0327,0.0063,-0.02448,0.03583,0.01157,1,1,0.065,0.024,in_circle,0.0035,0.0899,0.0000,0.0000,0
27.618,1,578,-0.01197,-0.00448,-0.0441,0.0198,-0.01787,0.06078,0.01128,1,1,0.140,0.094,in_circle,0.0036,0.0904,0.0000,0.0000,0
27.662,1,579,-0.01266,-0.00425,-0.0154,0.0053,-0.01350,0.07313,0.01134,1,1,0.191,0.038,in_circle,0.0037,0.0909,0.0000,0.0000,0
27.704,1,580,-0.01369,-0.00309,-0.0246,0.0279,-0.01426,0.07782,0.01082,1,1,0.078,0.096,in_circle,0.0040,0.0913,0.0000,0.0000,0
27.749,1,581,-0.01369,-0.00362,-0.0001,-0.0121,-0.01408,0.07668,0.01128,1,1,0.117,0.003,in_circle,0.0042,0.0917,0.0000,0.0000,0
27.793,1,582,-0.01333,-0.00348,0.0080,0.0033,-0.01811,0.07497,0.01097,1,1,0.020,0.165,in_circle,0.0045,0.0921,0.0000,0.0000,0
27.947,1,583,-0.01104,-0.00475,0.0149,-0.0083,-0.03028,0.06222,0.01123,1,1,-0.013,0.104,in_circle,0.0050,0.0930,0.0000,0.0000,0
28.012,1,584,-0.00886,-0.00615,0.0334,-0.0214,-0.02552,0.05256,0.01219,1,1,-0.046,0.154,in_circle,0.0053,0.0941,0.0000,0.0000,0
28.058,1,585,-0.00780,-0.00622,0.0234,-0.0016,-0.02797,0.05081,0.01222,1,1,-0.126,0.211,in_circle,0.0054,0.0949,0.0000,0.0000,0
28.101,1,586,-0.00659,-0.00684,0.0282,-0.0145,-0.03062,0.04545,0.01290,1,1,-0.088,0.132,in_circle,0.0054,0.0955,0.0000,0.0000,0
28.145,1,587,-0.00581,-0.00754,0.0174,-0.0158,-0.03466,0.03751,0.01369,1,1,-0.110,0.186,in_circle,0.0053,0.0960,0.0000,0.0000,0
28.188,1,588,-0.00489,-0.00759,0.0214,-0.0012,-0.03391,0.03070,0.01390,1,1,-0.069,0.194,in_circle,0.0053,0.0966,0.0000,0.0000,0
28.233,1,589,-0.00463,-0.00783,0.0058,-0.0052,-0.03446,0.02833,0.01419,1,1,-0.088,0.136,in_circle,0.0051,0.0972,0.0000,0.0000,0
28.277,1,590,-0.00439,-0.00863,0.0055,-0.0183,-0.03485,0.02777,0.01502,1,1,-0.026,0.153,in_circle,0.0050,0.0978,0.0000,0.0000,0
28.322,1,591,-0.00439,-0.00785,-0.0000,0.0176,-0.03488,0.02760,0.01426,1,1,-0.026,0.208,in_circle,0.0048,0.0985,0.0000,0.0000,0
28.364,1,592,-0.00465,-0.00731,-0.0061,0.0129,-0.03448,0.02716,0.01367,1,1,-0.004,0.063,in_circle,0.0047,0.0991,0.0000,0.0000,0
28.410,1,593,-0.00579,-0.00770,-0.0245,-0.0084,-0.03600,0.02923,0.01385,1,1,0.021,0.081,in_circle,0.0046,0.0997,0.0000,0.0000,0
28.452,1,594,-0.00645,-0.00743,-0.0156,0.0063,-0.02873,0.03306,0.01350,1,1,0.098,0.168,in_circle,0.0045,0.1003,0.0000,0.0000,0
28.496,1,595,-0.00706,-0.00760,-0.0138,-0.0037,-0.02919,0.03583,0.01362,1,1,0.063,0.109,in_circle,0.0044,0.1009,0.0000,0.0000,0
28.540,1,596,-0.00823,-0.00695,-0.0269,0.0149,-0.03200,0.04439,0.01296,1,1,0.058,0.150,in_circle,0.0044,0.1015,0.0000,0.0000,0
28.586,1,597,-0.00968,-0.00721,-0.0313,-0.0056,-0.02862,0.05200,0.01335,1,1,0.113,0.075,in_circle,0.0044,0.1020,0.0000,0.0000,0
28.628,1,598,-0.01080,-0.00667,-0.0269,0.0130,-0.03025,0.05529,0.01302,1,1,0.135,0.158,in_circle,0.0045,0.1026,0.0000,0.0000,0
28.672,1,599,-0.01157,-0.00581,-0.0172,0.0193,-0.03065,0.05633,0.01240,1,1,0.120,0.083,in_circle,0.0046,0.1032,0.0000,0.0000,0
28.717,1,600,-0.01178,-0.00526,-0.0049,0.0125,-0.03213,0.05903,0.01194,1,1,0.083,0.056,in_circle,0.0048,0.1037,0.0000,0.0000,0
28.760,1,601,-0.01245,-0.00476,-0.0153,0.0114,-0.02861,0.06142,0.01173,1,1,0.035,0.082,in_circle,0.0049,0.1042,0.0000,0.0000,0
28.806,1,602,-0.01211,-0.00407,0.0074,0.0153,-0.02585,0.06136,0.01095,1,1,0.078,0.086,in_circle,0.0051,0.1047,0.0000,0.0000,0
28.849,1,603,-0.01189,-0.00405,0.0051,0.0003,-0.02704,0.06136,0.01085,1,1,-0.013,0.069,in_circle,0.0053,0.1051,0.0000,0.0000,0
28.892,1,604,-0.01160,-0.00363,0.0067,0.0099,-0.02645,0.06070,0.01035,1,1,-0.005,0.129,in_circle,0.0055,0.1056,0.0000,0.0000,0
28.937,1,605,-0.01152,-0.00371,0.0017,-0.0019,-0.02604,0.05955,0.01040,1,1,-0.012,0.090,in_circle,0.0057,0.1060,0.0000,0.0000,0
28.982,1,606,-0.01085,-0.00391,0.0150,-0.0046,-0.02561,0.05667,0.01037,1,1,0.008,0.138,in_circle,0.0059,0.1064,0.0000,0.0000,0
29.025,1,607,-0.00949,-0.00393,0.0314,-0.0003,-0.02503,0.04762,0.01007,1,1,-0.046,0.150,in_circle,0.0060,0.1068,0.0000,0.0000,0
29.068,1,608,-0.00907,-0.00407,0.0097,-0.0033,-0.02505,0.04544,0.01015,1,1,-0.115,0.133,in_circle,0.0061,0.1073,0.0000,0.0000,0
29.113,1,609,-0.00888,-0.00452,0.0042,-0.0100,-0.02774,0.04384,0.01058,1,1,-0.030,0.146,in_circle,0.0061,0.1077,0.0000,0.0000,0
29.157,1,610,-0.00918,-0.00521,-0.0067,-0.0157,-0.02874,0.03561,0.01130,1,1,-0.008,0.175,in_circle,0.0062,0.1082,0.0000,0.0000,0
29.202,1,611,-0.00924,-0.00467,-0.0013,0.0122,-0.02846,0.03242,0.01077,1,1,0.036,0.200,in_circle,0.0062,0.1087,0.0000,0.0000,0
29.244,1,612,-0.01015,-0.00431,-0.0214,0.0086,-0.03476,0.03040,0.01057,1,1,0.015,0.087,in_circle,0.0063,0.1092,0.0000,0.0000,0
29.290,1,613,-0.01069,-0.00426,-0.0120,0.0010,-0.03704,0.03078,0.01066,1,1,0.098,0.101,in_circle,0.0064,0.1096,0.0000,0.0000,0
29.332,1,614,-0.01155,-0.00352,-0.0203,0.0174,-0.03099,0.03298,0.01023,1,1,0.062,0.132,in_circle,0.0065,0.1101,0.0000,0.0000,0
29.377,1,615,-0.01225,-0.00337,-0.0157,0.0033,-0.03260,0.03434,0.01038,1,1,0.097,0.065,in_circle,0.0067,0.1105,0.0000,0.0000,0
29.420,1,616,-0.01348,-0.00342,-0.0288,-0.0010,-0.03288,0.04298,0.01100,1,1,0.081,0.121,in_circle,0.0069,0.1109,0.0000,0.0000,0
29.466,1,617,-0.01389,-0.00354,-0.0087,-0.0027,-0.02754,0.04565,0.01132,1,1,0.136,0.139,in_circle,0.0071,0.1113,0.0000,0.0000,0
29.509,1,618,-0.01526,-0.00340,-0.0325,0.0033,-0.02788,0.05277,0.01200,1,1,0.057,0.146,in_circle,0.0074,0.1117,0.0000,0.0000,0
29.552,1,619,-0.01596,-0.00333,-0.0161,0.0016,-0.02945,0.05641,0.01240,1,1,0.156,0.122,in_circle,0.0077,0.1121,0.0000,0.0000,0
29.596,1,620,-0.01619,-0.00389,-0.0051,-0.0127,-0.03127,0.05868,0.01297,1,1,0.093,0.129,in_circle,0.0081,0.1125,0.0000,0.0000,0
29.641,1,621,-0.01546,-0.00403,0.0163,-0.0032,-0.03057,0.05939,0.01262,1,1,0.050,0.188,in_circle,0.0084,0.1130,0.0000,0.0000,0
29.685,1,622,-0.01494,-0.00441,0.0119,-0.0087,-0.03133,0.05953,0.01262,1,1,-0.037,0.151,in_circle,0.0088,0.1134,0.0000,0.0000,0
29.730,1,623,-0.01451,-0.00409,0.0095,0.0073,-0.03344,0.05705,0.01212,1,1,-0.021,0.175,in_circle,0.0091,0.1139,0.0000,0.0000,0
29.773,1,624,-0.01354,-0.00426,0.0222,-0.0038,-0.03304,0.05550,0.01175,1,1,-0.012,0.110,in_circle,0.0094,0.1143,0.0000,0.0000,0
29.817,1,625,-0.01252,-0.00457,0.0232,-0.0070,-0.03294,0.05443,0.01157,1,1,-0.065,0.156,in_circle,0.0097,0.1148,0.0000,0.0000,0
29.905,1,626,-0.01093,-0.00434,0.0182,0.0026,-0.03333,0.04455,0.01080,1,1,-0.071,0.170,in_circle,0.0101,0.1157,0.0000,0.0000,0
29.948,1,627,-0.00938,-0.00415,0.0358,0.0043,-0.03434,0.04105,0.01027,1,1,-0.055,0.131,in_circle,0.0102,0.1162,0.0000,0.0000,0
29.994,1,628,-0.00954,-0.00373,-0.0034,0.0093,-0.03340,0.04042,0.00988,1,1,-0.129,0.125,in_circle,0.0103,0.1166,0.0000,0.0000,0
30.036,1,629,-0.00943,-0.00401,0.0025,-0.0067,-0.03394,0.04092,0.01014,1,1,0.028,0.104,in_circle,0.0104,0.1170,0.0000,0.0000,0
30.082,1,630,-0.00967,-0.00420,-0.0054,-0.0041,-0.03103,0.03650,0.01037,1,1,0.004,0.169,in_circle,0.0104,0.1175,0.0000,0.0000,0
30.125,1,631,-0.00979,-0.00471,-0.0026,-0.0116,-0.03142,0.03332,0.01089,1,1,0.037,0.160,in_circle,0.0105,0.1179,0.0000,0.0000,0
30.170,1,632,-0.00992,-0.00495,-0.0030,-0.0055,-0.02945,0.03410,0.01115,1,1,0.026,0.192,in_circle,0.0106,0.1184,0.0000,0.0000,0
30.213,1,633,-0.00997,-0.00548,-0.0011,-0.0121,-0.03083,0.03524,0.01168,1,1,0.028,0.168,in_circle,0.0107,0.1189,0.0000,0.0000,0
30.257,1,634,-0.01069,-0.00593,-0.0167,-0.0103,-0.03332,0.03637,0.01227,1,1,0.021,0.197,in_circle,0.0108,0.1194,0.0000,0.0000,0
30.301,1,635,-0.01094,-0.00621,-0.0056,-0.0065,-0.03365,0.03912,0.01261,1,1,0.085,0.191,in_circle,0.0109,0.1199,0.0000,0.0000,0
30.344,1,636,-0.01108,-0.00661,-0.0032,-0.0091,-0.03574,0.04307,0.01303,1,1,0.041,0.177,in_circle,0.0111,0.1204,0.0000,0.0000,0
30.388,1,637,-0.01098,-0.00581,0.0022,0.0182,-0.03456,0.04742,0.01223,1,1,0.032,0.189,in_circle,0.0112,0.1210,0.0000,0.0000,0
30.434,1,638,-0.01077,-0.00598,0.0045,-0.0038,-0.03529,0.04938,0.01235,1,1,0.010,0.078,in_circle,0.0113,0.1215,0.0000,0.0000,0
30.476,1,639,-0.01017,-0.00571,0.0143,0.0065,-0.03368,0.05139,0.01195,1,1,0.001,0.167,in_circle,0.0115,0.1221,0.0000,0.0000,0
30.522,1,640,-0.00949,-0.00575,0.0150,-0.0009,-0.02805,0.04981,0.01187,1,1,-0.040,0.126,in_circle,0.0116,0.1225,0.0000,0.0000,0
30.566,1,641,-0.00980,-0.00546,-0.0071,0.0065,-0.03235,0.04919,0.01163,1,1,-0.044,0.156,in_circle,0.0116,0.1231,0.0000,0.0000,0
30.609,1,642,-0.01021,-0.00497,-0.0094,0.0112,-0.02917,0.04888,0.01124,1,1,0.045,0.126,in_circle,0.0117,0.1236,0.0000,0.0000,0
30.654,1,643,-0.01027,-0.00483,-0.0014,0.0033,-0.03028,0.04937,0.01110,1,1,0.055,0.107,in_circle,0.0118,0.1241,0.0000,0.0000,0
30.698,1,644,-0.01045,-0.00521,-0.0042,-0.0085,-0.03009,0.05034,0.01151,1,1,0.024,0.138,in_circle,0.0119,0.1245,0.0000,0.0000,0
30.742,1,645,-0.00995,-0.00500,0.0118,0.0048,-0.02794,0.04839,0.01120,1,1,0.035,0.187,in_circle,0.0121,0.1250,0.0000,0.0000,0
30.785,1,646,-0.00998,-0.00496,-0.0008,0.0008,-0.03006,0.04895,0.01118,1,1,-0.030,0.134,in_circle,0.0122,0.1255,0.0000,0.0000,0
30.830,1,647,-0.01000,-0.00538,-0.0003,-0.0095,-0.03171,0.05053,0.01159,1,1,0.021,0.150,in_circle,0.0123,0.1260,0.0000,0.0000,0
30.874,1,648,-0.00968,-0.00496,0.0071,0.0096,-0.03173,0.04745,0.01112,1,1,0.019,0.193,in_circle,0.0124,0.1265,0.0000,0.0000,0
30.916,1,649,-0.01012,-0.00520,-0.0102,-0.0057,-0.03307,0.04763,0.01144,1,1,-0.011,0.116,in_circle,0.0124,0.1270,0.0000,0.0000,0
30.961,1,650,-0.00978,-0.00527,0.0074,-0.0015,-0.03379,0.04728,0.01144,1,1,0.059,0.178,in_circle,0.0125,0.1275,0.0000,0.0000,0
31.004,1,651,-0.00983,-0.00493,-0.0011,0.0080,-0.03222,0.04653,0.01111,1,1,-0.012,0.162,in_circle,0.0126,0.1280,0.0000,0.0000,0
31.050,1,652,-0.00986,-0.00546,-0.0007,-0.0117,-0.03556,0.04602,0.01164,1,1,0.065,0.354,in_circle,0.0126,0.1280,0.0428,0.2305,1
31.093,1,653,-0.00993,-0.00530,-0.0016,0.0038,-0.03487,0.04440,0.01150,1,1,0.068,0.461,in_circle,0.0126,0.1280,0.0477,0.2574,1
31.137,1,654,-0.00994,-0.00512,-0.0004,0.0040,-0.05453,0.04509,0.01132,1,1,0.077,0.423,in_circle,0.0126,0.1280,0.0524,0.2826,1
31.180,1,655,-0.00992,-0.00449,0.0006,0.0147,-0.07707,0.04312,0.01070,1,1,0.077,0.449,in_circle,0.0126,0.1280,0.0575,0.3090,1
31.226,1,656,-0.00957,-0.00369,0.0077,0.0174,-0.07619,0.04147,0.00985,1,1,0.078,0.430,in_circle,0.0126,0.1280,0.0626,0.3341,1
31.270,1,657,-0.00996,-0.00250,-0.0089,0.0272,-0.07504,0.04177,0.00877,1,1,0.054,0.444,in_circle,0.0126,0.1280,0.0675,0.3611,1
31.313,1,658,-0.01003,-0.00112,-0.0017,0.0317,-0.07331,0.04324,0.00746,1,1,0.054,0.041,in_circle,0.0127,0.1283,0.0000,0.0000,0
31.357,1,659,-0.01022,0.00063,-0.0044,0.0403,-0.06958,0.04488,0.00589,1,1,0.025,0.020,in_circle,0.0128,0.1287,0.0000,0.0000,0
31.402,1,660,-0.01021,0.00175,0.0002,0.0246,-0.04396,0.04665,0.00489,1,1,0.036,-0.019,in_circle,0.0129,0.1289,0.0000,0.0000,0
31.445,1,661,-0.01018,0.00352,0.0008,0.0409,-0.01559,0.04799,0.00344,1,1,0.018,0.041,in_circle,0.0130,0.1291,0.0000,0.0000,0
31.490,1,662,-0.01021,0.00490,-0.0009,0.0313,-0.00648,0.04694,0.00265,1,1,0.016,-0.028,in_circle,0.0131,0.1292,0.0000,0.0000,0
31.534,1,663,-0.01008,0.00596,0.0030,0.0239,-0.00667,0.04930,0.00228,1,1,0.023,0.007,in_circle,0.0132,0.1292,0.0000,0.0000,0
31.577,1,664,-0.00934,0.00586,0.0170,-0.0022,-0.00385,0.04748,0.00155,1,1,0.007,0.034,in_circle,0.0133,0.1292,0.0000,0.0000,0
31.622,1,665,-0.00904,0.00575,0.0068,-0.0024,-0.00553,0.04639,0.00126,1,1,-0.051,0.138,in_circle,0.0134,0.1292,0.0000,0.0000,0
31.666,1,666,-0.00930,0.00594,-0.0060,0.0042,-0.01172,0.04966,0.00150,1,1,-0.011,0.140,in_circle,0.0135,0.1293,0.0000,0.0000,0
31.708,1,667,-0.00865,0.00517,0.0154,-0.0181,-0.02273,0.04564,0.00119,1,1,0.041,0.112,in_circle,0.0135,0.1293,0.0000,0.0000,0
31.754,1,668,-0.00852,0.00402,0.0028,-0.0255,-0.03201,0.04756,0.00211,1,1,-0.046,0.204,in_circle,0.0136,0.1293,0.0000,0.0000,0
31.796,1,669,-0.00816,0.00429,0.0086,0.0065,-0.03214,0.04768,0.00174,1,1,0.004,0.236,in_circle,0.0136,0.1294,0.0000,0.0000,0
31.841,1,670,-0.00857,0.00373,-0.0092,-0.0125,-0.04363,0.04490,0.00239,1,1,-0.020,0.108,in_circle,0.0136,0.1295,0.0000,0.0000,0
31.976,1,671,-0.00867,0.00311,-0.0008,-0.0046,-0.04201,0.04658,0.00302,1,1,0.053,0.186,in_circle,0.0137,0.1297,0.0000,0.0000,0
32.016,1,672,-0.00847,0.00291,0.0050,-0.0049,-0.04416,0.04566,0.00316,1,1,0.019,0.156,in_circle,0.0138,0.1299,0.0000,0.0000,0
32.060,1,673,-0.00825,0.00315,0.0050,0.0055,-0.04354,0.04474,0.00288,1,1,-0.005,0.157,in_circle,0.0138,0.1300,0.0000,0.0000,0
32.105,1,674,-0.00935,0.00315,-0.0249,-0.0001,-0.04286,0.04708,0.00325,1,1,-0.005,0.115,in_circle,0.0138,0.1302,0.0000,0.0000,0
32.149,1,675,-0.00787,0.00305,0.0334,-0.0021,-0.04014,0.04472,0.00295,1,1,0.118,0.138,in_circle,0.0139,0.1303,0.0000,0.0000,0
32.193,1,676,-0.00884,0.00298,-0.0218,-0.0015,-0.03356,0.04594,0.00319,1,1,-0.120,0.146,in_circle,0.0139,0.1304,0.0000,0.0000,0
32.238,1,677,-0.00909,0.00272,-0.0056,-0.0060,-0.03160,0.04862,0.00353,1,1,0.104,0.144,in_circle,0.0139,0.1306,0.0000,0.0000,0
32.282,1,678,-0.00842,0.00226,0.0153,-0.0105,-0.03145,0.04536,0.00379,1,1,0.039,0.163,in_circle,0.0140,0.1307,0.0000,0.0000,0
32.325,1,679,-0.00839,0.00236,0.0007,0.0023,-0.03195,0.04302,0.00369,1,1,-0.046,0.182,in_circle,0.0140,0.1309,0.0000,0.0000,0
32.369,1,680,-0.00851,0.00261,-0.0027,0.0057,-0.03170,0.04772,0.00346,1,1,0.013,0.131,in_circle,0.0140,0.1310,0.0000,0.0000,0
32.414,1,681,-0.00847,0.00245,0.0008,-0.0036,-0.03098,0.04455,0.00361,1,1,0.026,0.117,in_circle,0.0141,0.1312,0.0000,0.0000,0
32.457,1,682,-0.00822,0.00227,0.0058,-0.0042,-0.03254,0.04300,0.00376,1,1,0.013,0.155,in_circle,0.0141,0.1313,0.0000,0.0000,0
32.502,1,683,-0.00908,0.00292,-0.0194,0.0146,-0.03061,0.04263,0.00334,1,1,-0.008,0.158,in_circle,0.0141,0.1315,0.0000,0.0000,0
32.546,1,684,-0.00869,0.00233,0.0090,-0.0134,-0.03114,0.04222,0.00378,1,1,0.095,0.081,in_circle,0.0142,0.1316,0.0000,0.0000,0
32.589,1,685,-0.00904,0.00335,-0.0082,0.0236,-0.03099,0.04320,0.00293,1,1,-0.020,0.194,in_circle,0.0142,0.1316,0.0000,0.0000,0
32.632,1,686,-0.00820,0.00261,0.0194,-0.0170,-0.02592,0.04386,0.00342,1,1,0.050,0.044,in_circle,0.0142,0.1316,0.0000,0.0000,0
32.678,1,687,-0.00753,0.00310,0.0145,0.0107,-0.02735,0.04407,0.00292,1,1,-0.062,0.208,in_circle,0.0142,0.1316,0.0000,0.0000,0
32.722,1,688,-0.00798,0.00251,-0.0102,-0.0133,-0.02090,0.04462,0.00349,1,1,-0.044,0.096,in_circle,0.0142,0.1318,0.0000,0.0000,0
32.766,1,689,-0.00916,0.00248,-0.0270,-0.0009,-0.02669,0.04251,0.00378,1,1,0.055,0.194,in_circle,0.0142,0.1319,0.0000,0.0000,0
32.809,1,690,-0.00875,0.00251,0.0095,0.0008,-0.02671,0.04200,0.00362,1,1,0.126,0.144,in_circle,0.0142,0.1321,0.0000,0.0000,0
32.853,1,691,-0.00890,0.00230,-0.0033,-0.0047,-0.03112,0.04668,0.00386,1,1,-0.021,0.138,in_circle,0.0143,0.1322,0.0000,0.0000,0
32.896,1,692,-0.00872,0.00285,0.0042,0.0129,-0.02842,0.04947,0.00328,1,1,0.030,0.161,in_circle,0.0143,0.1324,0.0000,0.0000,0
32.941,1,693,-0.00820,0.00267,0.0118,-0.0041,-0.02863,0.05017,0.00335,1,1,0.000,0.089,in_circle,0.0144,0.1325,0.0000,0.0000,0
32.986,1,694,-0.00857,0.00272,-0.0084,0.0012,-0.03040,0.04739,0.00337,1,1,-0.032,0.158,in_circle,0.0144,0.1327,0.0000,0.0000,0
33.030,1,695,-0.00815,0.00302,0.0094,0.0068,-0.02990,0.04926,0.00300,1,1,0.050,0.136,in_circle,0.0144,0.1328,0.0000,0.0000,0
33.072,1,696,-0.00822,0.00270,-0.0016,-0.0078,-0.03140,0.04796,0.00333,1,1,-0.022,0.113,in_circle,0.0144,0.1330,0.0000,0.0000,0
33.117,1,697,-0.00827,0.00253,-0.0012,-0.0036,-0.03012,0.04752,0.00350,1,1,0.022,0.173,in_circle,0.0144,0.1331,0.0000,0.0000,0
33.162,1,698,-0.00890,0.00257,-0.0140,0.0008,-0.03228,0.04756,0.00360,1,1,0.021,0.156,in_circle,0.0145,0.1332,0.0000,0.0000,0
33.205,1,699,-0.00938,0.00259,-0.0112,0.0005,-0.03265,0.04725,0.00376,1,1,0.073,0.139,in_circle,0.0145,0.1334,0.0000,0.0000,0
33.248,1,700,-0.00861,0.00228,0.0179,-0.0072,-0.03381,0.04886,0.00381,1,1,0.063,0.140,in_circle,0.0146,0.1335,0.0000,0.0000,0
33.294,1,701,-0.00898,0.00245,-0.0080,0.0037,-0.03225,0.04679,0.00374,1,1,-0.055,0.172,in_circle,0.0146,0.1337,0.0000,0.0000,0
33.337,1,702,-0.00834,0.00295,0.0148,0.0118,-0.03274,0.04606,0.00309,1,1,0.050,0.128,in_circle,0.0147,0.1339,0.0000,0.0000,0
33.382,1,703,-0.00836,0.00261,-0.0004,-0.0076,-0.03452,0.04546,0.00344,1,1,-0.043,0.094,in_circle,0.0147,0.1339,0.0000,0.0000,0
33.425,1,704,-0.00864,0.00267,-0.0064,0.0013,-0.03444,0.04479,0.00344,1,1,0.018,0.173,in_circle,0.0147,0.1339,0.0000,0.0000,0
33.470,1,705,-0.00859,0.00224,0.0010,-0.0094,-0.03147,0.04279,0.00384,1,1,0.042,0.137,in_circle,0.0147,0.1339,0.0000,0.0000,0
33.513,1,706,-0.00840,0.00271,0.0045,0.0109,-0.03338,0.04319,0.00334,1,1,0.012,0.181,in_circle,0.0147,0.1339,0.0000,0.0000,0
33.557,1,707,-0.00830,0.00246,0.0023,-0.0059,-0.03365,0.04281,0.00357,1,1,-0.002,0.099,in_circle,0.0147,0.1339,0.0000,0.0000,0
33.601,1,708,-0.00864,0.00265,-0.0078,0.0044,-0.03560,0.04377,0.00345,1,1,0.007,0.166,in_circle,0.0147,0.1339,0.0000,0.0000,0
33.645,1,709,-0.00859,0.00282,0.0011,0.0038,-0.03089,0.04303,0.00328,1,1,0.048,0.125,in_circle,0.0147,0.1339,0.0000,0.0000,0
33.689,1,710,-0.00876,0.00258,-0.0038,-0.0055,-0.03262,0.04313,0.00355,1,1,0.012,0.127,in_circle,0.0147,0.1339,0.0000,0.0000,0
33.734,1,711,-0.00920,0.00287,-0.0098,0.0065,-0.02881,0.04419,0.00343,1,1,0.032,0.164,in_circle,0.0147,0.1339,0.0000,0.0000,0
33.778,1,712,-0.00828,0.00288,0.0207,0.0001,-0.03092,0.04208,0.00316,1,1,0.057,0.116,in_circle,0.0147,0.1339,0.0000,0.0000,0
33.821,1,713,-0.00886,0.00251,-0.0134,-0.0084,-0.02986,0.04429,0.00365,1,1,-0.067,0.141,in_circle,0.0147,0.1339,0.0000,0.0000,0
33.865,1,714,-0.00930,0.00248,-0.0101,-0.0007,-0.02967,0.04383,0.00383,1,1,0.071,0.176,in_circle,0.0147,0.1339,0.0000,0.0000,0
33.996,1,715,-0.00888,0.00237,0.0032,-0.0009,-0.02997,0.04847,0.00379,1,1,0.059,0.145,in_circle,0.0147,0.1339,0.0000,0.0000,0
34.040,1,716,-0.00837,0.00252,0.0118,0.0034,-0.03018,0.04780,0.00353,1,1,0.005,0.146,in_circle,0.0147,0.1339,0.0000,0.0000,0
34.085,1,717,-0.00873,0.00286,-0.0079,0.0076,-0.03149,0.04920,0.00327,1,1,-0.031,0.129,in_circle,0.0147,0.1339,0.0000,0.0000,0
34.129,1,718,-0.00898,0.00271,-0.0059,-0.0035,-0.03079,0.05074,0.00350,1,1,0.049,0.111,in_circle,0.0147,0.1339,0.0000,0.0000,0
34.173,1,719,-0.00903,0.00302,-0.0009,0.0071,-0.02997,0.04726,0.00322,1,1,0.041,0.156,in_circle,0.0147,0.1339,0.0000,0.0000,0
34.216,1,720,-0.00879,0.00249,0.0054,-0.0124,-0.03013,0.04829,0.00365,1,1,0.021,0.113,in_circle,0.0147,0.1339,0.0000,0.0000,0
34.261,1,721,-0.00848,0.00292,0.0069,0.0097,-0.03096,0.04795,0.00315,1,1,-0.005,0.192,in_circle,0.0147,0.1339,0.0000,0.0000,0
34.305,1,722,-0.00942,0.00261,-0.0214,-0.0070,-0.03163,0.04891,0.00376,1,1,-0.011,0.103,in_circle,0.0147,0.1339,0.0000,0.0000,0
34.350,1,723,-0.00935,0.00280,0.0016,0.0043,-0.03424,0.04638,0.00355,1,1,0.104,0.170,in_circle,0.0147,0.1339,0.0000,0.0000,0
34.393,1,724,-0.00907,0.00246,0.0067,-0.0080,-0.03064,0.04549,0.00376,1,1,0.012,0.125,in_circle,0.0147,0.1339,0.0000,0.0000,0
34.437,1,725,-0.00820,0.00238,0.0197,-0.0019,-0.03174,0.04942,0.00364,1,1,-0.009,0.175,in_circle,0.0147,0.1339,0.0000,0.0000,0
34.482,1,726,-0.00876,0.00267,-0.0125,0.0065,-0.03091,0.04694,0.00347,1,1,-0.063,0.150,in_circle,0.0147,0.1339,0.0000,0.0000,0
34.525,1,727,-0.00826,0.00246,0.0117,-0.0049,-0.03298,0.04439,0.00357,1,1,0.067,0.116,in_circle,0.0147,0.1339,0.0000,0.0000,0
34.570,1,728,-0.00883,0.00288,-0.0126,0.0094,-0.03202,0.04324,0.00328,1,1,-0.031,0.162,in_circle,0.0147,0.1339,0.0000,0.0000,0
34.612,1,729,-0.00861,0.00230,0.0051,-0.0137,-0.03284,0.04318,0.00379,1,1,0.068,0.104,in_circle,0.0147,0.1339,0.0000,0.0000,0
34.658,1,730,-0.00823,0.00291,0.0082,0.0134,-0.03415,0.04309,0.00312,1,1,-0.004,0.198,in_circle,0.0147,0.1339,0.0000,0.0000,0
34.701,1,731,-0.00918,0.00274,-0.0219,-0.0041,-0.03156,0.04137,0.00354,1,1,-0.017,0.088,in_circle,0.0147,0.1339,0.0000,0.0000,0
34.748,1,732,-0.00819,0.00276,0.0210,0.0004,-0.03420,0.04440,0.00327,1,1,0.106,0.158,in_circle,0.0147,0.1339,0.0000,0.0000,0
34.790,1,733,-0.00933,0.00243,-0.0272,-0.0077,-0.02984,0.04287,0.00388,1,1,-0.068,0.140,in_circle,0.0147,0.1339,0.0000,0.0000,0
34.834,1,734,-0.00868,0.00293,0.0147,0.0112,-0.03096,0.04546,0.00320,1,1,0.127,0.174,in_circle,0.0147,0.1339,0.0000,0.0000,0
34.878,1,735,-0.00883,0.00285,-0.0034,-0.0018,-0.02888,0.04389,0.00331,1,1,-0.042,0.097,in_circle,0.0147,0.1339,0.0000,0.0000,0
34.922,1,736,-0.00842,0.00240,0.0093,-0.0103,-0.02987,0.04405,0.00366,1,1,0.031,0.149,in_circle,0.0147,0.1339,0.0000,0.0000,0
34.966,1,737,-0.00862,0.00265,-0.0047,0.0058,-0.02872,0.04551,0.00345,1,1,-0.021,0.184,in_circle,0.0147,0.1339,0.0000,0.0000,0
35.008,1,738,-0.00805,0.00236,0.0136,-0.0070,-0.03118,0.04425,0.00365,1,1,0.036,0.119,in_circle,0.0147,0.1339,0.0000,0.0000,0
35.052,1,739,-0.00877,0.00272,-0.0164,0.0081,-0.03182,0.04677,0.00343,1,1,-0.039,0.171,in_circle,0.0147,0.1339,0.0000,0.0000,0
35.097,1,740,-0.00894,0.00261,-0.0037,-0.0023,-0.03153,0.04518,0.00358,1,1,0.083,0.110,in_circle,0.0147,0.1339,0.0000,0.0000,0
35.142,1,741,-0.00878,0.00293,0.0035,0.0072,-0.03132,0.04514,0.00322,1,1,0.032,0.152,in_circle,0.0147,0.1339,0.0000,0.0000,0
35.185,1,742,-0.00824,0.00253,0.0128,-0.0093,-0.02887,0.04748,0.00349,1,1,0.003,0.113,in_circle,0.0147,0.1339,0.0000,0.0000,0
35.231,1,743,-0.00831,0.00253,-0.0016,-0.0001,-0.03023,0.04743,0.00351,1,1,-0.035,0.180,in_circle,0.0147,0.1339,0.0000,0.0000,0
35.274,1,744,-0.00901,0.00239,-0.0164,-0.0032,-0.03060,0.04539,0.00381,1,1,0.022,0.143,in_circle,0.0147,0.1339,0.0000,0.0000,0
35.318,1,745,-0.00875,0.00274,0.0061,0.0079,-0.03474,0.04639,0.00340,1,1,0.083,0.156,in_circle,0.0147,0.1339,0.0000,0.0000,0
35.361,1,746,-0.00839,0.00235,0.0083,-0.0090,-0.03310,0.04560,0.00370,1,1,-0.007,0.110,in_circle,0.0147,0.1339,0.0000,0.0000,0
35.406,1,747,-0.00922,0.00268,-0.0184,0.0073,-0.03223,0.04739,0.00361,1,1,-0.017,0.179,in_circle,0.0147,0.1339,0.0000,0.0000,0
35.449,1,748,-0.00826,0.00236,0.0225,-0.0076,-0.03108,0.04533,0.00367,1,1,0.092,0.113,in_circle,0.0147,0.1339,0.0000,0.0000,0
35.494,1,749,-0.00824,0.00257,0.0005,0.0049,-0.03362,0.04603,0.00346,1,1,-0.074,0.173,in_circle,0.0147,0.1339,0.0000,0.0000,0
35.536,1,750,-0.00900,0.00257,-0.0177,0.0000,-0.03068,0.04718,0.00363,1,1,0.014,0.123,in_circle,0.0147,0.1339,0.0000,0.0000,0
35.582,1,751,-0.00883,0.00327,0.0036,0.0154,-0.03302,0.04575,0.00292,1,1,0.089,0.142,in_circle,0.0147,0.1339,0.0000,0.0000,0
35.625,1,752,-0.00834,0.00236,0.0111,-0.0208,-0.03165,0.04211,0.00368,1,1,0.003,0.079,in_circle,0.0147,0.1339,0.0000,0.0000,0
35.670,1,753,-0.00944,0.00257,-0.0245,0.0047,-0.03194,0.04602,0.00380,1,1,-0.028,0.226,in_circle,0.0147,0.1339,0.0000,0.0000,0
35.713,1,754,-0.00857,0.00224,0.0204,-0.0079,-0.02807,0.04585,0.00384,1,1,0.117,0.124,in_circle,0.0147,0.1339,0.0000,0.0000,0
35.758,1,755,-0.00840,0.00288,0.0038,0.0144,-0.03457,0.04640,0.00318,1,1,-0.065,0.175,in_circle,0.0147,0.1339,0.0000,0.0000,0
35.802,1,756,-0.00871,0.00249,-0.0069,-0.0087,-0.03172,0.04915,0.00362,1,1,0.001,0.084,in_circle,0.0147,0.1339,0.0000,0.0000,0
35.846,1,757,-0.00917,0.00264,-0.0107,0.0033,-0.03225,0.04577,0.00363,1,1,0.045,0.177,in_circle,0.0147,0.1339,0.0000,0.0000,0
35.889,1,758,-0.00817,0.00235,0.0231,-0.0067,-0.02825,0.04227,0.00367,1,1,0.061,0.129,in_circle,0.0147,0.1339,0.0000,0.0000,0
35.977,1,759,-0.00872,0.00257,-0.0063,0.0025,-0.03079,0.04477,0.00356,1,1,-0.077,0.170,in_circle,0.0147,0.1339,0.0000,0.0000,0
36.020,1,760,-0.00826,0.00237,0.0107,-0.0045,-0.03090,0.04555,0.00366,1,1,0.042,0.133,in_circle,0.0147,0.1339,0.0000,0.0000,0
36.066,1,761,-0.00890,0.00227,-0.0139,-0.0022,-0.03279,0.04383,0.00389,1,1,-0.027,0.161,in_circle,0.0147,0.1339,0.0000,0.0000,0
36.110,1,762,-0.00937,0.00253,-0.0107,0.0059,-0.03153,0.04309,0.00381,1,1,0.073,0.152,in_circle,0.0147,0.1339,0.0000,0.0000,0
36.154,1,763,-0.00927,0.00253,0.0022,0.0001,-0.03262,0.04288,0.00376,1,1,0.061,0.119,in_circle,0.0147,0.1339,0.0000,0.0000,0
36.197,1,764,-0.00918,0.00260,0.0021,0.0016,-0.03111,0.04473,0.00366,1,1,0.009,0.142,in_circle,0.0147,0.1339,0.0000,0.0000,0
36.242,1,765,-0.00831,0.00263,0.0193,0.0006,-0.03068,0.04655,0.00341,1,1,0.010,0.136,in_circle,0.0147,0.1339,0.0000,0.0000,0
36.287,1,766,-0.00912,0.00233,-0.0181,-0.0066,-0.03083,0.04594,0.00390,1,1,-0.061,0.140,in_circle,0.0147,0.1339,0.0000,0.0000,0
36.330,1,767,-0.00806,0.00254,0.0246,0.0048,-0.03062,0.04609,0.00347,1,1,0.090,0.170,in_circle,0.0147,0.1339,0.0000,0.0000,0
36.375,1,768,-0.00876,0.00287,-0.0153,0.0072,-0.03242,0.04172,0.00328,1,1,-0.083,0.123,in_circle,0.0147,0.1339,0.0000,0.0000,0
36.418,1,769,-0.00944,0.00250,-0.0158,-0.0087,-0.03144,0.04668,0.00387,1,1,0.078,0.113,in_circle,0.0147,0.1339,0.0000,0.0000,0
36.462,1,770,-0.00922,0.00300,0.0051,0.0116,-0.03176,0.04500,0.00332,1,1,0.082,0.177,in_circle,0.0147,0.1339,0.0000,0.0000,0
36.504,1,771,-0.00844,0.00302,0.0185,0.0004,-0.03149,0.04383,0.00305,1,1,-0.002,0.095,in_circle,0.0147,0.1339,0.0000,0.0000,0
36.549,1,772,-0.00925,0.00256,-0.0179,-0.0102,-0.03154,0.04970,0.00373,1,1,-0.058,0.140,in_circle,0.0147,0.1339,0.0000,0.0000,0
36.592,1,773,-0.00822,0.00227,0.0239,-0.0067,-0.02839,0.04658,0.00375,1,1,0.090,0.183,in_circle,0.0147,0.1339,0.0000,0.0000,0
36.637,1,774,-0.00914,0.00265,-0.0205,0.0084,-0.03070,0.04540,0.00361,1,1,-0.080,0.170,in_circle,0.0147,0.1339,0.0000,0.0000,0
36.682,1,775,-0.00811,0.00343,0.0233,0.0176,-0.03059,0.04636,0.00259,1,1,0.100,0.109,in_circle,0.0147,0.1339,0.0000,0.0000,0
36.726,1,776,-0.00888,0.00249,-0.0176,-0.0214,-0.03221,0.04632,0.00367,1,1,-0.078,0.070,in_circle,0.0147,0.1339,0.0000,0.0000,0
36.769,1,777,-0.00899,0.00299,-0.0024,0.0115,-0.03006,0.04707,0.00323,1,1,0.088,0.228,in_circle,0.0147,0.1339,0.0000,0.0000,0
36.813,1,778,-0.00872,0.00253,0.0060,-0.0106,-0.02805,0.04432,0.00359,1,1,0.027,0.095,in_circle,0.0147,0.1339,0.0000,0.0000,0
36.857,1,779,-0.00841,0.00256,0.0071,0.0009,-0.03559,0.04704,0.00349,1,1,-0.007,0.185,in_circle,0.0147,0.1339,0.0000,0.0000,0
36.902,1,780,-0.00927,0.00302,-0.0190,0.0100,-0.02959,0.04642,0.00333,1,1,-0.012,0.139,in_circle,0.0147,0.1339,0.0000,0.0000,0
36.945,1,781,-0.00829,0.00244,0.0229,-0.0135,-0.03351,0.04596,0.00359,1,1,0.094,0.101,in_circle,0.0147,0.1339,0.0000,0.0000,0
36.989,1,782,-0.00835,0.00268,-0.0014,0.0056,-0.03107,0.04659,0.00336,1,1,-0.076,0.197,in_circle,0.0147,0.1339,0.0000,0.0000,0
37.034,1,783,-0.00935,0.00298,-0.0219,0.0064,-0.03065,0.04679,0.00339,1,1,0.022,0.120,in_circle,0.0147,0.1339,0.0000,0.0000,0
37.077,1,784,-0.00849,0.00307,0.0199,0.0022,-0.03514,0.04545,0.00301,1,1,0.106,0.116,in_circle,0.0147,0.1339,0.0000,0.0000,0
37.122,1,785,-0.00900,0.00302,-0.0114,-0.0012,-0.03155,0.04214,0.00321,1,1,-0.063,0.132,in_circle,0.0147,0.1339,0.0000,0.0000,0
37.165,1,786,-0.00866,0.00235,0.0079,-0.0157,-0.03012,0.04793,0.00375,1,1,0.063,0.146,in_circle,0.0147,0.1339,0.0000,0.0000,0
37.210,1,787,-0.00869,0.00253,-0.0006,0.0040,-0.03128,0.04624,0.00358,1,1,-0.015,0.206,in_circle,0.0147,0.1339,0.0000,0.0000,0
37.253,1,788,-0.00863,0.00291,0.0013,0.0090,-0.03068,0.04397,0.00320,1,1,0.019,0.127,in_circle,0.0147,0.1339,0.0000,0.0000,0
37.298,1,789,-0.00911,0.00295,-0.0106,0.0007,-0.03551,0.04668,0.00332,1,1,0.012,0.106,in_circle,0.0147,0.1339,0.0000,0.0000,0
37.342,1,790,-0.00915,0.00239,-0.0009,-0.0126,-0.03137,0.04635,0.00385,1,1,0.060,0.139,in_circle,0.0147,0.1339,0.0000,0.0000,0
37.385,1,791,-0.00869,0.00225,0.0106,-0.0033,-0.03081,0.04794,0.00385,1,1,0.021,0.193,in_circle,0.0147,0.1339,0.0000,0.0000,0
37.428,1,792,-0.00846,0.00224,0.0053,-0.0002,-0.02966,0.04617,0.00381,1,1,-0.025,0.156,in_circle,0.0147,0.1339,0.0000,0.0000,0
37.473,1,793,-0.00825,0.00267,0.0046,0.0095,-0.03145,0.04688,0.00336,1,1,-0.005,0.144,in_circle,0.0147,0.1339,0.0000,0.0000,0
37.516,1,794,-0.00890,0.00238,-0.0151,-0.0068,-0.03187,0.04594,0.00378,1,1,-0.003,0.104,in_circle,0.0147,0.1339,0.0000,0.0000,0
37.562,1,795,-0.00863,0.00241,0.0061,0.0006,-0.03120,0.04622,0.00369,1,1,0.078,0.170,in_circle,0.0147,0.1339,0.0000,0.0000,0
37.606,1,796,-0.00889,0.00314,-0.0059,0.0165,-0.02915,0.04499,0.00306,1,1,-0.008,0.141,in_circle,0.0147,0.1339,0.0000,0.0000,0
37.650,1,797,-0.00909,0.00254,-0.0046,-0.0135,-0.03154,0.04668,0.00369,1,1,0.041,0.075,in_circle,0.0147,0.1339,0.0000,0.0000,0
37.694,1,798,-0.00928,0.00278,-0.0043,0.0055,-0.02995,0.04458,0.00354,1,1,0.036,0.196,in_circle,0.0147,0.1339,0.0000,0.0000,0
37.737,1,799,-0.00849,0.00244,0.0182,-0.0080,-0.02850,0.04354,0.00363,1,1,0.035,0.120,in_circle,0.0147,0.1339,0.0000,0.0000,0
37.781,1,800,-0.00920,0.00296,-0.0162,0.0119,-0.03302,0.04575,0.00335,1,1,-0.056,0.175,in_circle,0.0147,0.1339,0.0000,0.0000,0
37.825,1,801,-0.00913,0.00297,0.0016,0.0003,-0.03053,0.04401,0.00331,1,1,0.083,0.094,in_circle,0.0147,0.1339,0.0000,0.0000,0
37.869,1,802,-0.00823,0.00308,0.0204,0.0023,-0.03264,0.04477,0.00296,1,1,0.012,0.140,in_circle,0.0147,0.1339,0.0000,0.0000,0
37.914,1,803,-0.00827,0.00216,-0.0007,-0.0203,-0.02880,0.04509,0.00387,1,1,-0.066,0.132,in_circle,0.0147,0.1339,0.0000,0.0000,0
38.002,1,804,-0.00807,0.00229,0.0022,0.0015,-0.03119,0.04138,0.00372,1,1,0.019,0.225,in_circle,0.0147,0.1339,0.0000,0.0000,0
38.046,1,805,-0.00921,0.00239,-0.0261,0.0023,-0.03301,0.04191,0.00387,1,1,0.007,0.137,in_circle,0.0147,0.1339,0.0000,0.0000,0
38.090,1,806,-0.00945,0.00254,-0.0054,0.0033,-0.03564,0.04407,0.00383,1,1,0.123,0.134,in_circle,0.0147,0.1339,0.0000,0.0000,0
38.135,1,807,-0.00931,0.00263,0.0031,0.0020,-0.03403,0.04317,0.00370,1,1,0.041,0.129,in_circle,0.0147,0.1339,0.0000,0.0000,0
38.178,1,808,-0.00858,0.00255,0.0171,-0.0019,-0.03211,0.04651,0.00354,1,1,0.006,0.134,in_circle,0.0147,0.1339,0.0000,0.0000,0
38.222,1,809,-0.00842,0.00260,0.0037,0.0012,-0.03125,0.04939,0.00345,1,1,-0.052,0.150,in_circle,0.0147,0.1339,0.0000,0.0000,0
38.266,1,810,-0.00861,0.00238,-0.0045,-0.0052,-0.03279,0.04946,0.00371,1,1,0.002,0.137,in_circle,0.0147,0.1339,0.0000,0.0000,0
38.310,1,811,-0.00921,0.00286,-0.0135,0.0109,-0.03098,0.04736,0.00344,1,1,0.035,0.164,in_circle,0.0147,0.1339,0.0000,0.0000,0
38.353,1,812,-0.00911,0.00320,0.0021,0.0078,-0.03169,0.04733,0.00309,1,1,0.072,0.098,in_circle,0.0147,0.1339,0.0000,0.0000,0
38.398,1,813,-0.00842,0.00330,0.0154,0.0023,-0.03015,0.04863,0.00277,1,1,0.009,0.109,in_circle,0.0147,0.1339,0.0000,0.0000,0
38.440,1,814,-0.00842,0.00228,-0.0001,-0.0246,-0.02721,0.04764,0.00377,1,1,-0.045,0.131,in_circle,0.0147,0.1339,0.0000,0.0000,0
38.486,1,815,-0.00862,0.00300,-0.0042,0.0154,-0.02781,0.04588,0.00311,1,1,0.017,0.241,in_circle,0.0147,0.1339,0.0000,0.0000,0
38.529,1,816,-0.00869,0.00263,-0.0018,-0.0088,-0.03098,0.04486,0.00349,1,1,0.033,0.080,in_circle,0.0147,0.1339,0.0000,0.0000,0
38.573,1,817,-0.00936,0.00287,-0.0149,0.0053,-0.03687,0.04642,0.00350,1,1,0.024,0.177,in_circle,0.0147,0.1339,0.0000,0.0000,0
38.617,1,818,-0.00883,0.00339,0.0120,0.0120,-0.02995,0.04458,0.00281,1,1,0.078,0.121,in_circle,0.0147,0.1339,0.0000,0.0000,0
38.663,1,819,-0.00888,0.00284,-0.0010,-0.0120,-0.03159,0.04569,0.00334,1,1,-0.031,0.092,in_circle,0.0147,0.1339,0.0000,0.0000,0
38.705,1,820,-0.00838,0.00267,0.0117,-0.0039,-0.03097,0.04740,0.00338,1,1,0.021,0.190,in_circle,0.0147,0.1339,0.0000,0.0000,0
38.749,1,821,-0.00915,0.00274,-0.0177,0.0016,-0.02922,0.04491,0.00352,1,1,-0.031,0.158,in_circle,0.0147,0.1339,0.0000,0.0000,0
38.794,1,822,-0.00846,0.00253,0.0153,-0.0047,-0.03257,0.04551,0.00353,1,1,0.089,0.136,in_circle,0.0147,0.1339,0.0000,0.0000,0
38.837,1,823,-0.00853,0.00230,-0.0018,-0.0055,-0.03117,0.04462,0.00378,1,1,-0.045,0.161,in_circle,0.0147,0.1339,0.0000,0.0000,0
38.882,1,824,-0.00908,0.00269,-0.0122,0.0086,-0.03154,0.04730,0.00355,1,1,0.024,0.165,in_circle,0.0147,0.1339,0.0000,0.0000,0
38.924,1,825,-0.00831,0.00259,0.0183,-0.0023,-0.03178,0.04493,0.00345,1,1,0.066,0.108,in_circle,0.0147,0.1339,0.0000,0.0000,0
38.969,1,826,-0.00931,0.00301,-0.0222,0.0092,-0.03316,0.04373,0.00335,1,1,-0.057,0.152,in_circle,0.0147,0.1339,0.0000,0.0000,0
39.013,1,827,-0.00865,0.00237,0.0152,-0.0147,-0.03032,0.04674,0.00372,1,1,0.107,0.104,in_circle,0.0147,0.1339,0.0000,0.0000,0
39.057,1,828,-0.00871,0.00231,-0.0012,-0.0014,-0.03278,0.04347,0.00380,1,1,-0.044,0.202,in_circle,0.0147,0.1339,0.0000,0.0000,0
39.101,1,829,-0.00812,0.00241,0.0137,0.0022,-0.03083,0.04499,0.00361,1,1,0.022,0.149,in_circle,0.0147,0.1339,0.0000,0.0000,0
39.146,1,830,-0.00888,0.00273,-0.0168,0.0072,-0.03436,0.04631,0.00344,1,1,-0.039,0.134,in_circle,0.0147,0.1339,0.0000,0.0000,0
39.189,1,831,-0.00832,0.00271,0.0132,-0.0007,-0.03227,0.04403,0.00333,1,1,0.085,0.113,in_circle,0.0147,0.1339,0.0000,0.0000,0
39.234,1,832,-0.00848,0.00235,-0.0036,-0.0079,-0.03240,0.04512,0.00371,1,1,-0.037,0.145,in_circle,0.0147,0.1339,0.0000,0.0000,0
39.277,1,833,-0.00949,0.00260,-0.0238,0.0059,-0.03063,0.04736,0.00380,1,1,0.031,0.175,in_circle,0.0147,0.1339,0.0000,0.0000,0
39.322,1,834,-0.00898,0.00238,0.0113,-0.0049,-0.03138,0.04459,0.00381,1,1,0.114,0.119,in_circle,0.0147,0.1339,0.0000,0.0000,0
39.365,1,835,-0.00818,0.00243,0.0187,0.0011,-0.02954,0.04426,0.00359,1,1,-0.028,0.162,in_circle,0.0147,0.1339,0.0000,0.0000,0
39.410,1,836,-0.00849,0.00215,-0.0069,-0.0061,-0.02926,0.04840,0.00391,1,1,-0.059,0.138,in_circle,0.0147,0.1339,0.0000,0.0000,0
39.453,1,837,-0.00876,0.00260,-0.0063,0.0106,-0.03099,0.04620,0.00353,1,1,0.044,0.168,in_circle,0.0147,0.1339,0.0000,0.0000,0
39.498,1,838,-0.00901,0.00279,-0.0054,0.0042,-0.03135,0.04293,0.00343,1,1,0.042,0.100,in_circle,0.0147,0.1339,0.0000,0.0000,0
39.542,1,839,-0.00936,0.00322,-0.0081,0.0098,-0.03134,0.04404,0.00319,1,1,0.039,0.125,in_circle,0.0147,0.1339,0.0000,0.0000,0
39.585,1,840,-0.00819,0.00277,0.0269,-0.0102,-0.03106,0.04375,0.00325,1,1,0.051,0.102,in_circle,0.0147,0.1339,0.0000,0.0000,0
39.630,1,841,-0.00841,0.00241,-0.0051,-0.0082,-0.03016,0.04462,0.00364,1,1,-0.092,0.183,in_circle,0.0147,0.1339,0.0000,0.0000,0
39.673,1,842,-0.00874,0.00263,-0.0077,0.0050,-0.03059,0.04589,0.00350,1,1,0.036,0.175,in_circle,0.0147,0.1339,0.0000,0.0000,0
39.718,1,843,-0.00950,0.00249,-0.0166,-0.0031,-0.03385,0.04357,0.00390,1,1,0.048,0.122,in_circle,0.0147,0.1339,0.0000,0.0000,0
39.761,1,844,-0.00829,0.00248,0.0284,-0.0001,-0.03366,0.04347,0.00355,1,1,0.086,0.155,in_circle,0.0147,0.1339,0.0000,0.0000,0
39.805,1,845,-0.00854,0.00307,-0.0056,0.0131,-0.03198,0.04655,0.00303,1,1,-0.098,0.143,in_circle,0.0147,0.1339,0.0000,0.0000,0
39.849,1,846,-0.00832,0.00226,0.0052,-0.0183,-0.03215,0.04503,0.00377,1,1,0.039,0.089,in_circle,0.0147,0.1339,0.0000,0.0000,0
39.895,1,847,-0.00829,0.00287,0.0006,0.0133,-0.03224,0.04306,0.00317,1,1,-0.005,0.217,in_circle,0.0147,0.1339,0.0000,0.0000,0
39.938,1,848,-0.00945,0.00290,-0.0268,0.0007,-0.03019,0.04466,0.00351,1,1,0.013,0.088,in_circle,0.0147,0.1339,0.0000,0.0000,0
40.070,1,849,-0.00800,0.00267,0.0109,-0.0018,-0.02701,0.04547,0.00333,1,1,0.126,0.139,in_circle,0.0147,0.1339,0.0000,0.0000,0
40.113,1,850,-0.00911,0.00257,-0.0263,-0.0024,-0.02769,0.04643,0.00367,1,1,-0.028,0.149,in_circle,0.0147,0.1339,0.0000,0.0000,0
40.157,1,851,-0.00828,0.00252,0.0184,-0.0012,-0.02621,0.05158,0.00352,1,1,0.123,0.152,in_circle,0.0147,0.1339,0.0000,0.0000,0
40.200,1,852,-0.00841,0.00246,-0.0030,-0.0012,-0.02716,0.04983,0.00359,1,1,-0.058,0.147,in_circle,0.0147,0.1339,0.0000,0.0000,0
40.246,1,853,-0.00827,0.00299,0.0031,0.0114,-0.02745,0.05135,0.00305,1,1,0.028,0.148,in_circle,0.0147,0.1339,0.0000,0.0000,0
40.289,1,854,-0.00803,0.00275,0.0056,-0.0054,-0.02959,0.04945,0.00325,1,1,0.003,0.096,in_circle,0.0147,0.1339,0.0000,0.0000,0
40.334,1,855,-0.00886,0.00271,-0.0186,-0.0010,-0.03171,0.04988,0.00346,1,1,-0.007,0.164,in_circle,0.0147,0.1339,0.0000,0.0000,0
40.377,1,856,-0.00937,0.00253,-0.0119,-0.0041,-0.03212,0.04991,0.00381,1,1,0.092,0.146,in_circle,0.0147,0.1339,0.0000,0.0000,0
40.421,1,857,-0.00930,0.00265,0.0017,0.0029,-0.03557,0.04879,0.00366,1,1,0.066,0.159,in_circle,0.0147,0.1339,0.0000,0.0000,0
40.465,1,858,-0.00878,0.00246,0.0115,-0.0044,-0.03420,0.04839,0.00368,1,1,0.011,0.131,in_circle,0.0147,0.1339,0.0000,0.0000,0
40.509,1,859,-0.00834,0.00243,0.0103,-0.0007,-0.03311,0.04828,0.00361,1,1,-0.029,0.160,in_circle,0.0147,0.1339,0.0000,0.0000,0
40.552,1,860,-0.00827,0.00302,0.0017,0.0137,-0.03314,0.04844,0.00301,1,1,-0.025,0.146,in_circle,0.0147,0.1339,0.0000,0.0000,0
40.597,1,861,-0.00858,0.00284,-0.0069,-0.0041,-0.03407,0.04450,0.00325,1,1,0.009,0.086,in_circle,0.0147,0.1339,0.0000,0.0000,0
40.642,1,862,-0.00941,0.00265,-0.0187,-0.0042,-0.03466,0.04305,0.00372,1,1,0.044,0.158,in_circle,0.0147,0.1339,0.0000,0.0000,0
40.685,1,863,-0.00935,0.00271,0.0015,0.0013,-0.03238,0.04136,0.00364,1,1,0.094,0.159,in_circle,0.0147,0.1339,0.0000,0.0000,0
40.729,1,864,-0.00872,0.00247,0.0142,-0.0052,-0.03402,0.04306,0.00364,1,1,0.013,0.137,in_circle,0.0147,0.1339,0.0000,0.0000,0
40.773,1,865,-0.00901,0.00296,-0.0066,0.0111,-0.03151,0.04346,0.00327,1,1,-0.040,0.164,in_circle,0.0147,0.1339,0.0000,0.0000,0
40.818,1,866,-0.00842,0.00230,0.0131,-0.0147,-0.03408,0.04223,0.00375,1,1,0.044,0.097,in_circle,0.0147,0.1339,0.0000,0.0000,0
40.861,1,867,-0.00901,0.00332,-0.0137,0.0237,-0.03245,0.04136,0.00294,1,1,-0.036,0.202,in_circle,0.0147,0.1339,0.0000,0.0000,0
40.906,1,868,-0.00899,0.00257,0.0003,-0.0170,-0.03073,0.04356,0.00364,1,1,0.073,0.046,in_circle,0.0147,0.1339,0.0000,0.0000,0
40.950,1,869,-0.00943,0.00251,-0.0099,-0.0011,-0.03423,0.04184,0.00385,1,1,0.016,0.210,in_circle,0.0147,0.1339,0.0000,0.0000,0
40.994,1,870,-0.00917,0.00225,0.0060,-0.0059,-0.02529,0.04348,0.00399,1,1,0.058,0.147,in_circle,0.0147,0.1339,0.0000,0.0000,0
41.036,1,871,-0.00879,0.00250,0.0088,0.0057,-0.03111,0.04473,0.00364,1,1,-0.006,0.167,in_circle,0.0147,0.1339,0.0000,0.0000,0
41.082,1,872,-0.00806,0.00297,0.0160,0.0102,-0.03264,0.04528,0.00304,1,1,-0.018,0.120,in_circle,0.0147,0.1339,0.0000,0.0000,0
41.126,1,873,-0.00846,0.00304,-0.0092,0.0016,-0.03132,0.04514,0.00304,1,1,-0.049,0.101,in_circle,0.0147,0.1339,0.0000,0.0000,0
41.170,1,874,-0.00874,0.00283,-0.0064,-0.0046,-0.03149,0.04421,0.00330,1,1,0.053,0.135,in_circle,0.0147,0.1339,0.0000,0.0000,0
41.214,1,875,-0.00892,0.00277,-0.0041,-0.0015,-0.03030,0.04408,0.00342,1,1,0.043,0.160,in_circle,0.0147,0.1339,0.0000,0.0000,0
41.257,1,876,-0.00857,0.00279,0.0082,0.0005,-0.03010,0.04528,0.00330,1,1,0.034,0.148,in_circle,0.0147,0.1339,0.0000,0.0000,0
41.302,1,877,-0.00908,0.00262,-0.0114,-0.0037,-0.03020,0.04592,0.00361,1,1,-0.016,0.140,in_circle,0.0147,0.1339,0.0000,0.0000,0
41.345,1,878,-0.00864,0.00227,0.0102,-0.0083,-0.03037,0.04474,0.00383,1,1,0.063,0.157,in_circle,0.0147,0.1339,0.0000,0.0000,0
41.390,1,879,-0.00853,0.00292,0.0025,0.0147,-0.03010,0.04617,0.00316,1,1,-0.024,0.176,in_circle,0.0147,0.1339,0.0000,0.0000,0
41.434,1,880,-0.00913,0.00289,-0.0135,-0.0007,-0.03109,0.04729,0.00338,1,1,0.007,0.083,in_circle,0.0147,0.1339,0.0000,0.0000,0
41.478,1,881,-0.00906,0.00249,0.0015,-0.0091,-0.03139,0.04622,0.00373,1,1,0.072,0.144,in_circle,0.0147,0.1339,0.0000,0.0000,0
41.522,1,882,-0.00864,0.00251,0.0096,0.0003,-0.03040,0.04591,0.00359,1,1,0.012,0.179,in_circle,0.0147,0.1339,0.0000,0.0000,0
41.566,1,883,-0.00833,0.00253,0.0070,0.0006,-0.03091,0.04668,0.00351,1,1,-0.022,0.141,in_circle,0.0147,0.1339,0.0000,0.0000,0
41.611,1,884,-0.00928,0.00276,-0.0212,0.0050,-0.03318,0.04655,0.00356,1,1,-0.012,0.140,in_circle,0.0147,0.1339,0.0000,0.0000,0
41.654,1,885,-0.00862,0.00282,0.0153,0.0014,-0.03241,0.04409,0.00328,1,1,0.103,0.122,in_circle,0.0147,0.1339,0.0000,0.0000,0
41.699,1,886,-0.00878,0.00232,-0.0037,-0.0112,-0.03298,0.04586,0.00381,1,1,-0.045,0.136,in_circle,0.0147,0.1339,0.0000,0.0000,0
41.742,1,887,-0.00908,0.00247,-0.0069,0.0034,-0.03181,0.04761,0.00376,1,1,0.032,0.188,in_circle,0.0147,0.1339,0.0000,0.0000,0
41.785,1,888,-0.00846,0.00241,0.0143,-0.0012,-0.03196,0.04597,0.00365,1,1,0.046,0.129,in_circle,0.0147,0.1339,0.0000,0.0000,0
41.829,1,889,-0.00847,0.00344,-0.0002,0.0234,-0.03195,0.04635,0.00265,1,1,-0.041,0.148,in_circle,0.0147,0.1339,0.0000,0.0000,0
41.873,1,890,-0.00904,0.00201,-0.0133,-0.0329,-0.03193,0.04933,0.00418,1,1,0.017,0.047,in_circle,0.0147,0.1339,0.0000,0.0000,0
41.918,1,891,-0.00902,0.00257,0.0006,0.0124,-0.03153,0.04518,0.00364,1,1,0.071,0.276,in_circle,0.0147,0.1339,0.0000,0.0000,0
41.962,1,892,-0.00826,0.00284,0.0172,0.0062,-0.02692,0.04538,0.00319,1,1,0.015,0.093,in_circle,0.0147,0.1339,0.0000,0.0000,0
42.056,1,893,-0.00947,0.00310,-0.0128,0.0027,-0.03243,0.04724,0.00335,1,1,-0.053,0.117,in_circle,0.0147,0.1339,0.0000,0.0000,0
42.094,1,894,-0.00859,0.00260,0.0231,-0.0129,-0.02497,0.04616,0.00349,1,1,0.070,0.130,in_circle,0.0147,0.1339,0.0000,0.0000,0
42.137,1,895,-0.00822,0.00236,0.0084,-0.0057,-0.03030,0.04615,0.00367,1,1,-0.076,0.194,in_circle,0.0147,0.1339,0.0000,0.0000,0
42.182,1,896,-0.00847,0.00216,-0.0056,-0.0044,-0.03029,0.04718,0.00390,1,1,-0.018,0.166,in_circle,0.0147,0.1339,0.0000,0.0000,0
42.226,1,897,-0.00836,0.00200,0.0026,-0.0036,-0.03475,0.04555,0.00404,1,1,0.039,0.161,in_circle,0.0147,0.1339,0.0000,0.0000,0
42.270,1,898,-0.00913,0.00170,-0.0176,-0.0069,-0.03491,0.04224,0.00450,1,1,0.006,0.158,in_circle,0.0147,0.1339,0.0000,0.0000,0
42.313,1,899,-0.00895,0.00222,0.0041,0.0121,-0.03562,0.04550,0.00396,1,1,0.088,0.172,in_circle,0.0147,0.1341,0.0000,0.0000,0
42.357,1,900,-0.00970,0.00152,-0.0169,-0.0156,-0.03443,0.04468,0.00486,1,1,0.001,0.095,in_circle,0.0148,0.1342,0.0000,0.0000,0
42.402,1,901,-0.00917,0.00233,0.0120,0.0180,-0.03363,0.04588,0.00392,1,1,0.087,0.208,in_circle,0.0149,0.1344,0.0000,0.0000,0
42.446,1,902,-0.00903,0.00255,0.0031,0.0050,-0.03223,0.04450,0.00366,1,1,-0.030,0.072,in_circle,0.0149,0.1346,0.0000,0.0000,0
42.489,1,903,-0.00920,0.00217,-0.0039,-0.0089,-0.03492,0.04727,0.00408,1,1,0.006,0.123,in_circle,0.0150,0.1347,0.0000,0.0000,0
42.534,1,904,-0.00895,0.00175,0.0055,-0.0093,-0.02970,0.04489,0.00441,1,1,0.034,0.180,in_circle,0.0150,0.1349,0.0000,0.0000,0
42.578,1,905,-0.00901,0.00236,-0.0012,0.0139,-0.03065,0.04390,0.00383,1,1,-0.004,0.183,in_circle,0.0151,0.1351,0.0000,0.0000,0
42.622,1,906,-0.00898,0.00176,0.0006,-0.0136,-0.03264,0.04516,0.00440,1,1,0.023,0.089,in_circle,0.0151,0.1353,0.0000,0.0000,0
42.666,1,907,-0.00861,0.00199,0.0084,0.0051,-0.03204,0.04356,0.00409,1,1,0.016,0.201,in_circle,0.0152,0.1354,0.0000,0.0000,0
42.709,1,908,-0.00896,0.00222,-0.0083,0.0054,-0.02996,0.04534,0.00395,1,1,-0.016,0.125,in_circle,0.0152,0.1356,0.0000,0.0000,0
42.753,1,909,-0.00908,0.00217,-0.0027,-0.0011,-0.03440,0.04621,0.00404,1,1,0.051,0.123,in_circle,0.0152,0.1356,0.0000,0.0000,0
42.798,1,910,-0.00820,0.00170,0.0198,-0.0106,-0.03040,0.04341,0.00432,1,1,0.029,0.150,in_circle,0.0152,0.1356,0.0000,0.0000,0
42.841,1,911,-0.00928,0.00142,-0.0252,-0.0064,-0.03149,0.04421,0.00481,1,1,-0.063,0.189,in_circle,0.0152,0.1358,0.0000,0.0000,0
42.886,1,912,-0.00902,0.00204,0.0057,0.0136,-0.03147,0.04302,0.00415,1,1,0.120,0.173,in_circle,0.0153,0.1360,0.0000,0.0000,0
42.931,1,913,-0.00900,0.00163,0.0006,-0.0090,-0.03381,0.04485,0.00453,1,1,-0.004,0.092,in_circle,0.0154,0.1362,0.0000,0.0000,0
42.974,1,914,-0.00931,0.00207,-0.0072,0.0100,-0.03195,0.04635,0.00421,1,1,0.016,0.183,in_circle,0.0154,0.1364,0.0000,0.0000,0
43.017,1,915,-0.00944,0.00188,-0.0029,-0.0044,-0.02825,0.04880,0.00443,1,1,0.048,0.106,in_circle,0.0155,0.1366,0.0000,0.0000,0
43.062,1,916,-0.00927,0.00238,0.0037,0.0111,-0.03244,0.04746,0.00391,1,1,0.031,0.164,in_circle,0.0155,0.1366,0.0000,0.0000,0
43.105,1,917,-0.00871,0.00212,0.0131,-0.0058,-0.02894,0.04865,0.00398,1,1,0.004,0.101,in_circle,0.0155,0.1366,0.0000,0.0000,0
43.150,1,918,-0.00924,0.00222,-0.0120,0.0021,-0.03228,0.04858,0.00405,1,1,-0.035,0.170,in_circle,0.0155,0.1366,0.0000,0.0000,0
43.193,1,919,-0.00855,0.00181,0.0160,-0.0093,-0.02800,0.04670,0.00425,1,1,0.067,0.137,in_circle,0.0155,0.1366,0.0000,0.0000,0
43.238,1,920,-0.00912,0.00225,-0.0127,0.0096,-0.03228,0.04755,0.00398,1,1,-0.047,0.184,in_circle,0.0155,0.1366,0.0000,0.0000,0
43.281,1,921,-0.00901,0.00238,0.0024,0.0031,-0.03114,0.04974,0.00382,1,1,0.069,0.107,in_circle,0.0155,0.1366,0.0000,0.0000,0
43.326,1,922,-0.00920,0.00167,-0.0042,-0.0156,-0.03324,0.04719,0.00455,1,1,0.009,0.133,in_circle,0.0155,0.1366,0.0000,0.0000,0
43.369,1,923,-0.00943,0.00205,-0.0053,0.0090,-0.03106,0.04421,0.00427,1,1,0.036,0.210,in_circle,0.0155,0.1366,0.0000,0.0000,0
43.414,1,924,-0.00907,0.00206,0.0078,0.0002,-0.03146,0.04640,0.00414,1,1,0.041,0.111,in_circle,0.0155,0.1366,0.0000,0.0000,0
43.458,1,925,-0.00913,0.00157,-0.0012,-0.0112,-0.03561,0.04847,0.00463,1,1,-0.012,0.145,in_circle,0.0155,0.1366,0.0000,0.0000,0
43.501,1,926,-0.00904,0.00195,0.0021,0.0090,-0.03174,0.04672,0.00424,1,1,0.024,0.192,in_circle,0.0155,0.1366,0.0000,0.0000,0
43.546,1,927,-0.00957,0.00194,-0.0119,-0.0002,-0.03226,0.04686,0.00443,1,1,0.010,0.111,in_circle,0.0155,0.1366,0.0000,0.0000,0
43.590,1,928,-0.00901,0.00177,0.0127,-0.0036,-0.03427,0.04698,0.00440,1,1,0.067,0.148,in_circle,0.0155,0.1366,0.0000,0.0000,0
43.633,1,929,-0.00918,0.00175,-0.0041,-0.0006,-0.03130,0.04427,0.00447,1,1,-0.032,0.162,in_circle,0.0155,0.1366,0.0000,0.0000,0
43.676,1,930,-0.00886,0.00209,0.0074,0.0079,-0.03152,0.04762,0.00405,1,1,0.035,0.150,in_circle,0.0155,0.1366,0.0000,0.0000,0
43.721,1,931,-0.00945,0.00183,-0.0133,-0.0058,-0.03229,0.04335,0.00448,1,1,-0.012,0.115,in_circle,0.0155,0.1366,0.0000,0.0000,0
43.766,1,932,-0.00889,0.00134,0.0124,-0.0108,-0.03206,0.04596,0.00478,1,1,0.073,0.170,in_circle,0.0155,0.1366,0.0000,0.0000,0
43.809,1,933,-0.00877,0.00200,0.0027,0.0152,-0.03252,0.04402,0.00411,1,1,-0.031,0.191,in_circle,0.0155,0.1366,0.0000,0.0000,0
43.854,1,934,-0.00893,0.00190,-0.0037,-0.0024,-0.03198,0.04702,0.00426,1,1,0.007,0.086,in_circle,0.0155,0.1366,0.0000,0.0000,0
43.898,1,935,-0.00897,0.00216,-0.0009,0.0059,-0.03404,0.04423,0.00402,1,1,0.033,0.157,in_circle,0.0155,0.1366,0.0000,0.0000,0
43.942,1,936,-0.00943,0.00224,-0.0103,0.0018,-0.02916,0.04331,0.00410,1,1,0.022,0.123,in_circle,0.0155,0.1366,0.0000,0.0000,0
43.986,1,937,-0.00896,0.00216,0.0107,-0.0017,-0.03169,0.04399,0.00401,1,1,0.061,0.139,in_circle,0.0155,0.1366,0.0000,0.0000,0
44.118,1,938,-0.00909,0.00196,-0.0010,-0.0015,-0.03040,0.04591,0.00424,1,1,-0.024,0.153,in_circle,0.0155,0.1366,0.0000,0.0000,0
44.161,1,939,-0.00938,0.00198,-0.0068,0.0005,-0.03014,0.04323,0.00432,1,1,0.023,0.153,in_circle,0.0155,0.1366,0.0000,0.0000,0
44.204,1,940,-0.00864,0.00224,0.0169,0.0059,-0.03087,0.04535,0.00385,1,1,0.047,0.145,in_circle,0.0155,0.1366,0.0000,0.0000,0
44.251,1,941,-0.00842,0.00187,0.0047,-0.0080,-0.03059,0.04589,0.00418,1,1,-0.050,0.122,in_circle,0.0155,0.1366,0.0000,0.0000,0
44.294,1,942,-0.00901,0.00237,-0.0138,0.0117,-0.02990,0.04519,0.00383,1,1,-0.002,0.179,in_circle,0.0155,0.1366,0.0000,0.0000,0
44.338,1,943,-0.00893,0.00187,0.0019,-0.0114,-0.03036,0.04537,0.00428,1,1,0.074,0.099,in_circle,0.0155,0.1366,0.0000,0.0000,0
44.382,1,944,-0.00864,0.00186,0.0065,-0.0002,-0.03261,0.04557,0.00423,1,1,0.011,0.193,in_circle,0.0155,0.1366,0.0000,0.0000,0
44.426,1,945,-0.00937,0.00226,-0.0165,0.0091,-0.03122,0.04537,0.00406,1,1,-0.009,0.148,in_circle,0.0155,0.1366,0.0000,0.0000,0
44.469,1,946,-0.00883,0.00223,0.0126,-0.0005,-0.03446,0.04572,0.00390,1,1,0.085,0.110,in_circle,0.0155,0.1366,0.0000,0.0000,0
44.514,1,947,-0.00883,0.00196,0.0001,-0.0061,-0.03239,0.04610,0.00417,1,1,-0.032,0.148,in_circle,0.0155,0.1366,0.0000,0.0000,0
44.558,1,948,-0.00898,0.00170,-0.0035,-0.0059,-0.03175,0.04607,0.00446,1,1,0.018,0.171,in_circle,0.0155,0.1366,0.0000,0.0000,0
44.602,1,949,-0.00907,0.00222,-0.0020,0.0118,-0.03161,0.04415,0.00399,1,1,0.033,0.171,in_circle,0.0155,0.1366,0.0000,0.0000,0
44.647,1,950,-0.00911,0.00166,-0.0009,-0.0126,-0.03290,0.04439,0.00454,1,1,0.027,0.099,in_circle,0.0155,0.1366,0.0000,0.0000,0
44.689,1,951,-0.00937,0.00227,-0.0061,0.0146,-0.03108,0.04533,0.00405,1,1,0.023,0.198,in_circle,0.0155,0.1366,0.0000,0.0000,0
44.734,1,952,-0.00897,0.00212,0.0088,-0.0032,-0.03035,0.04503,0.00405,1,1,0.044,0.088,in_circle,0.0155,0.1366,0.0000,0.0000,0
44.777,1,953,-0.00886,0.00223,0.0026,0.0024,-0.03384,0.04550,0.00392,1,1,-0.017,0.159,in_circle,0.0155,0.1366,0.0000,0.0000,0
44.823,1,954,-0.00903,0.00233,-0.0038,0.0023,-0.03112,0.04668,0.00387,1,1,0.008,0.136,in_circle,0.0155,0.1366,0.0000,0.0000,0
44.865,1,955,-0.00924,0.00216,-0.0050,-0.0041,-0.03138,0.04590,0.00410,1,1,0.034,0.136,in_circle,0.0155,0.1366,0.0000,0.0000,0
44.911,1,956,-0.00898,0.00244,0.0057,0.0061,-0.03019,0.04656,0.00375,1,1,0.039,0.163,in_circle,0.0155,0.1366,0.0000,0.0000,0
44.953,1,957,-0.00919,0.00191,-0.0050,-0.0123,-0.03098,0.04455,0.00432,1,1,-0.005,0.121,in_circle,0.0155,0.1366,0.0000,0.0000,0
44.998,1,958,-0.00959,0.00152,-0.0089,-0.0087,-0.03099,0.04620,0.00482,1,1,0.039,0.196,in_circle,0.0155,0.1366,0.0000,0.0000,0
45.041,1,959,-0.00905,0.00190,0.0124,0.0089,-0.03153,0.04584,0.00428,1,1,0.056,0.182,in_circle,0.0155,0.1366,0.0000,0.0000,0
45.086,1,960,-0.00911,0.00207,-0.0013,0.0037,-0.03404,0.04654,0.00414,1,1,-0.031,0.111,in_circle,0.0155,0.1366,0.0000,0.0000,0
45.129,1,961,-0.00906,0.00213,0.0010,0.0013,-0.03269,0.04640,0.00408,1,1,0.024,0.131,in_circle,0.0155,0.1366,0.0000,0.0000,0
45.175,1,962,-0.00888,0.00205,0.0041,-0.0017,-0.03202,0.04565,0.00410,1,1,0.015,0.141,in_circle,0.0155,0.1366,0.0000,0.0000,0
45.218,1,963,-0.00906,0.00241,-0.0043,0.0083,-0.03224,0.04629,0.00381,1,1,0.002,0.153,in_circle,0.0155,0.1366,0.0000,0.0000,0
45.261,1,964,-0.00891,0.00228,0.0035,-0.0029,-0.03163,0.04406,0.00388,1,1,0.036,0.112,in_circle,0.0155,0.1366,0.0000,0.0000,0
45.306,1,965,-0.00962,0.00218,-0.0159,-0.0023,-0.03164,0.04549,0.00423,1,1,0.004,0.157,in_circle,0.0155,0.1366,0.0000,0.0000,0
45.349,1,966,-0.00945,0.00167,0.0040,-0.0119,-0.03081,0.04409,0.00464,1,1,0.084,0.155,in_circle,0.0155,0.1366,0.0000,0.0000,0
45.393,1,967,-0.00839,0.00221,0.0242,0.0124,-0.03090,0.04555,0.00384,1,1,0.004,0.195,in_circle,0.0155,0.1366,0.0000,0.0000,0
45.437,1,968,-0.00957,0.00170,-0.0266,-0.0114,-0.03006,0.04805,0.00465,1,1,-0.080,0.096,in_circle,0.0155,0.1366,0.0000,0.0000,0
45.482,1,969,-0.00926,0.00242,0.0071,0.0161,-0.03181,0.04749,0.00386,1,1,0.126,0.193,in_circle,0.0155,0.1366,0.0000,0.0000,0
45.527,1,970,-0.00883,0.00154,0.0094,-0.0197,-0.03108,0.04332,0.00458,1,1,-0.009,0.081,in_circle,0.0155,0.1366,0.0000,0.0000,0
45.570,1,971,-0.00926,0.00198,-0.0098,0.0100,-0.03197,0.04727,0.00428,1,1,-0.020,0.227,in_circle,0.0155,0.1366,0.0000,0.0000,0
45.614,1,972,-0.00908,0.00218,0.0041,0.0046,-0.03112,0.05009,0.00403,1,1,0.058,0.107,in_circle,0.0155,0.1366,0.0000,0.0000,0
45.657,1,973,-0.00854,0.00168,0.0127,-0.0117,-0.03563,0.04727,0.00438,1,1,0.002,0.128,in_circle,0.0155,0.1366,0.0000,0.0000,0
45.702,1,974,-0.00905,0.00198,-0.0112,0.0067,-0.03127,0.04635,0.00421,1,1,-0.034,0.194,in_circle,0.0155,0.1366,0.0000,0.0000,0
45.746,1,975,-0.00904,0.00227,0.0002,0.0065,-0.03158,0.04701,0.00393,1,1,0.063,0.120,in_circle,0.0155,0.1366,0.0000,0.0000,0
45.790,1,976,-0.00938,0.00201,-0.0077,-0.0059,-0.03475,0.04623,0.00429,1,1,0.018,0.120,in_circle,0.0155,0.1366,0.0000,0.0000,0
45.833,1,977,-0.00895,0.00180,0.0098,-0.0048,-0.03123,0.04461,0.00435,1,1,0.050,0.170,in_circle,0.0155,0.1366,0.0000,0.0000,0
45.879,1,978,-0.00902,0.00204,-0.0016,0.0053,-0.03119,0.04595,0.00414,1,1,-0.021,0.166,in_circle,0.0155,0.1366,0.0000,0.0000,0
45.921,1,979,-0.00873,0.00190,0.0070,-0.0033,-0.03074,0.04587,0.00420,1,1,0.025,0.125,in_circle,0.0155,0.1366,0.0000,0.0000,0
45.966,1,980,-0.00919,0.00184,-0.0103,-0.0014,-0.03155,0.04458,0.00439,1,1,-0.010,0.160,in_circle,0.0155,0.1366,0.0000,0.0000,0
46.009,1,981,-0.00925,0.00255,-0.0014,0.0167,-0.03170,0.04508,0.00374,1,1,0.060,0.152,in_circle,0.0155,0.1366,0.0000,0.0000,0
46.097,1,982,-0.00852,0.00211,0.0082,-0.0050,-0.03090,0.04555,0.00396,1,1,0.025,0.078,in_circle,0.0155,0.1366,0.0000,0.0000,0
46.141,1,983,-0.00913,0.00181,-0.0141,-0.0069,-0.03137,0.04725,0.00439,1,1,-0.016,0.166,in_circle,0.0155,0.1366,0.0000,0.0000,0
46.185,1,984,-0.00901,0.00180,0.0028,-0.0003,-0.03040,0.04591,0.00437,1,1,0.075,0.175,in_circle,0.0155,0.1366,0.0000,0.0000,0
46.230,1,985,-0.00903,0.00186,-0.0004,0.0013,-0.03172,0.04265,0.00432,1,1,0.007,0.148,in_circle,0.0155,0.1366,0.0000,0.0000,0
46.273,1,986,-0.00872,0.00212,0.0072,0.0060,-0.03220,0.04636,0.00399,1,1,0.020,0.142,in_circle,0.0155,0.1366,0.0000,0.0000,0
46.318,1,987,-0.00890,0.00226,-0.0041,0.0032,-0.03238,0.04525,0.00389,1,1,-0.011,0.122,in_circle,0.0155,0.1366,0.0000,0.0000,0
46.361,1,988,-0.00919,0.00195,-0.0068,-0.0074,-0.03180,0.04474,0.00428,1,1,0.034,0.133,in_circle,0.0155,0.1366,0.0000,0.0000,0
46.405,1,989,-0.00906,0.00211,0.0030,0.0037,-0.03256,0.04624,0.00409,1,1,0.046,0.176,in_circle,0.0155,0.1366,0.0000,0.0000,0
46.448,1,990,-0.00903,0.00239,0.0008,0.0064,-0.03174,0.04672,0.00381,1,1,0.007,0.132,in_circle,0.0155,0.1366,0.0000,0.0000,0
46.494,1,991,-0.00869,0.00197,0.0074,-0.0092,-0.03230,0.04684,0.00413,1,1,0.015,0.120,in_circle,0.0155,0.1366,0.0000,0.0000,0
46.537,1,992,-0.00916,0.00172,-0.0112,-0.0058,-0.03201,0.04659,0.00449,1,1,-0.012,0.183,in_circle,0.0155,0.1366,0.0000,0.0000,0
46.582,1,993,-0.00893,0.00180,0.0052,0.0017,-0.03123,0.04506,0.00435,1,1,0.064,0.171,in_circle,0.0155,0.1366,0.0000,0.0000,0
46.626,1,994,-0.00868,0.00169,0.0058,-0.0026,-0.03179,0.04584,0.00440,1,1,-0.002,0.140,in_circle,0.0155,0.1366,0.0000,0.0000,0
46.670,1,995,-0.00906,0.00222,-0.0088,0.0121,-0.03172,0.04615,0.00399,1,1,-0.005,0.158,in_circle,0.0155,0.1366,0.0000,0.0000,0
46.714,1,996,-0.00951,0.00175,-0.0102,-0.0105,-0.03274,0.04496,0.00458,1,1,0.054,0.097,in_circle,0.0155,0.1366,0.0000,0.0000,0
46.758,1,997,-0.00903,0.00203,0.0112,0.0064,-0.03098,0.04656,0.00416,1,1,0.060,0.189,in_circle,0.0155,0.1366,0.0000,0.0000,0
46.802,1,998,-0.00915,0.00193,-0.0026,-0.0021,-0.02992,0.04601,0.00429,1,1,-0.026,0.121,in_circle,0.0155,0.1366,0.0000,0.0000,0
46.845,1,999,-0.00916,0.00208,-0.0003,0.0035,-0.03305,0.04778,0.00415,1,1,0.029,0.155,in_circle,0.0155,0.1366,0.0000,0.0000,0
46.890,1,1000,-0.00900,0.00240,0.0033,0.0071,-0.03077,0.04538,0.00379,1,1,0.020,0.133,in_circle,0.0155,0.1366,0.0000,0.0000,0
46.933,1,1001,-0.00893,0.00208,0.0018,-0.0076,-0.03137,0.04630,0.00408,1,1,0.005,0.117,in_circle,0.0155,0.1366,0.0000,0.0000,0
46.978,1,1002,-0.00898,0.00227,-0.0012,0.0042,-0.03120,0.04601,0.00392,1,1,0.011,0.177,in_circle,0.0155,0.1366,0.0000,0.0000,0
47.021,1,1003,-0.00909,0.00243,-0.0024,0.0038,-0.03101,0.04556,0.00379,1,1,0.023,0.129,in_circle,0.0155,0.1366,0.0000,0.0000,0
47.066,1,1004,-0.00898,0.00224,0.0023,-0.0042,-0.03123,0.04461,0.00394,1,1,0.028,0.130,in_circle,0.0155,0.1366,0.0000,0.0000,0
47.110,1,1005,-0.00908,0.00203,-0.0023,-0.0048,-0.03134,0.04524,0.00417,1,1,0.009,0.163,in_circle,0.0155,0.1366,0.0000,0.0000,0
47.166,1,1006,-0.00906,0.00240,0.0004,0.0066,-0.03056,0.04719,0.00382,1,1,0.028,0.166,in_circle,0.0155,0.1366,0.0000,0.0000,0
47.211,1,1007,-0.00918,0.00164,-0.0026,-0.0168,-0.03136,0.04483,0.00457,1,1,0.017,0.119,in_circle,0.0155,0.1366,0.0000,0.0000,0
47.264,1,1008,-0.00924,0.00218,-0.0011,0.0103,-0.03123,0.04461,0.00408,1,1,0.029,0.215,in_circle,0.0155,0.1366,0.0000,0.0000,0
47.298,1,1009,-0.00913,0.00195,0.0031,-0.0068,-0.03123,0.04461,0.00426,1,1,0.024,0.105,in_circle,0.0155,0.1366,0.0000,0.0000,0
47.340,1,1010,-0.00828,0.00184,0.0205,-0.0027,-0.03494,0.04621,0.00419,1,1,0.007,0.174,in_circle,0.0155,0.1366,0.0000,0.0000,0
47.383,1,1011,-0.00894,0.00179,-0.0153,-0.0012,-0.03274,0.04569,0.00437,1,1,-0.065,0.158,in_circle,0.0155,0.1366,0.0000,0.0000,0
47.431,1,1012,-0.00901,0.00219,-0.0015,0.0083,-0.03372,0.04619,0.00400,1,1,0.079,0.152,in_circle,0.0155,0.1366,0.0000,0.0000,0
47.470,1,1013,-0.00908,0.00189,-0.0017,-0.0076,-0.03446,0.04613,0.00430,1,1,0.025,0.113,in_circle,0.0155,0.1366,0.0000,0.0000,0
47.512,1,1014,-0.00919,0.00162,-0.0027,-0.0064,-0.03342,0.04449,0.00459,1,1,0.026,0.177,in_circle,0.0155,0.1366,0.0000,0.0000,0
47.556,1,1015,-0.00862,0.00203,0.0130,0.0094,-0.03165,0.04545,0.00405,1,1,0.030,0.173,in_circle,0.0155,0.1366,0.0000,0.0000,0
47.600,1,1016,-0.00856,0.00187,0.0014,-0.0037,-0.03205,0.04494,0.00420,1,1,-0.034,0.109,in_circle,0.0155,0.1366,0.0000,0.0000,0
47.637,1,1017,-0.00901,0.00213,-0.0121,0.0069,-0.03132,0.04514,0.00405,1,1,0.012,0.162,in_circle,0.0155,0.1366,0.0000,0.0000,0
47.685,1,1018,-0.00921,0.00197,-0.0041,-0.0034,-0.03049,0.04336,0.00427,1,1,0.067,0.118,in_circle,0.0155,0.1366,0.0000,0.0000,0
47.724,1,1019,-0.00888,0.00184,0.0085,-0.0033,-0.03091,0.04309,0.00429,1,1,0.035,0.160,in_circle,0.0155,0.1366,0.0000,0.0000,0
47.770,1,1020,-0.00900,0.00189,-0.0028,0.0011,-0.03091,0.04668,0.00428,1,1,-0.016,0.160,in_circle,0.0155,0.1366,0.0000,0.0000,0
47.813,1,1021,-0.00873,0.00195,0.0063,0.0013,-0.03078,0.04665,0.00416,1,1,0.030,0.142,in_circle,0.0155,0.1366,0.0000,0.0000,0
47.858,1,1022,-0.00854,0.00174,0.0044,-0.0047,-0.03065,0.04390,0.00432,1,1,-0.007,0.141,in_circle,0.0155,0.1366,0.0000,0.0000,0
47.902,1,1023,-0.00893,0.00211,-0.0089,0.0085,-0.03147,0.04481,0.00405,1,1,-0.000,0.166,in_circle,0.0155,0.1366,0.0000,0.0000,0
47.946,1,1024,-0.00911,0.00173,-0.0040,-0.0088,-0.03129,0.04504,0.00447,1,1,0.054,0.112,in_circle,0.0155,0.1366,0.0000,0.0000,0
47.991,1,1025,-0.00906,0.00223,0.0011,0.0113,-0.03132,0.04552,0.00397,1,1,0.035,0.182,in_circle,0.0155,0.1366,0.0000,0.0000,0
48.034,1,1026,-0.00870,0.00204,0.0084,-0.0045,-0.03108,0.04533,0.00406,1,1,0.014,0.101,in_circle,0.0155,0.1366,0.0000,0.0000,0
48.125,1,1027,-0.00863,0.00192,0.0007,-0.0013,-0.02995,0.04613,0.00416,1,1,-0.016,0.165,in_circle,0.0155,0.1366,0.0000,0.0000,0
48.166,1,1028,-0.00894,0.00208,-0.0076,0.0037,-0.03131,0.04616,0.00409,1,1,0.015,0.152,in_circle,0.0155,0.1366,0.0000,0.0000,0
48.210,1,1029,-0.00910,0.00204,-0.0035,-0.0008,-0.03268,0.04595,0.00417,1,1,0.049,0.131,in_circle,0.0155,0.1366,0.0000,0.0000,0
48.253,1,1030,-0.00921,0.00221,-0.0028,0.0040,-0.03170,0.04587,0.00405,1,1,0.033,0.150,in_circle,0.0155,0.1366,0.0000,0.0000,0
48.298,1,1031,-0.00870,0.00236,0.0116,0.0034,-0.03091,0.04492,0.00375,1,1,0.030,0.130,in_circle,0.0155,0.1366,0.0000,0.0000,0
48.342,1,1032,-0.00873,0.00206,-0.0007,-0.0067,-0.03132,0.04552,0.00404,1,1,-0.029,0.132,in_circle,0.0155,0.1366,0.0000,0.0000,0
48.386,1,1033,-0.00904,0.00226,-0.0070,0.0045,-0.03172,0.04615,0.00394,1,1,0.021,0.173,in_circle,0.0155,0.1366,0.0000,0.0000,0
48.429,1,1034,-0.00904,0.00155,-0.0000,-0.0165,-0.03302,0.04427,0.00462,1,1,0.047,0.128,in_circle,0.0155,0.1366,0.0000,0.0000,0
48.474,1,1035,-0.00895,0.00189,0.0021,0.0075,-0.03231,0.04554,0.00427,1,1,0.019,0.214,in_circle,0.0155,0.1366,0.0000,0.0000,0
48.518,1,1036,-0.00875,0.00217,0.0045,0.0064,-0.03356,0.04502,0.00394,1,1,0.010,0.117,in_circle,0.0155,0.1366,0.0000,0.0000,0
48.561,1,1037,-0.00929,0.00143,-0.0125,-0.0173,-0.03710,0.04813,0.00481,1,1,-0.000,0.120,in_circle,0.0155,0.1366,0.0000,0.0000,0
48.607,1,1038,-0.00877,0.00232,0.0114,0.0198,-0.03127,0.04577,0.00380,1,1,0.069,0.217,in_circle,0.0155,0.1366,0.0000,0.0000,0
48.648,1,1039,-0.00908,0.00227,-0.0075,-0.0012,-0.03239,0.04802,0.00394,1,1,-0.028,0.066,in_circle,0.0155,0.1366,0.0000,0.0000,0
48.693,1,1040,-0.00879,0.00195,0.0064,-0.0073,-0.03631,0.04795,0.00417,1,1,0.049,0.151,in_circle,0.0155,0.1366,0.0000,0.0000,0
48.737,1,1041,-0.00865,0.00186,0.0033,-0.0020,-0.02752,0.04536,0.00423,1,1,-0.008,0.176,in_circle,0.0155,0.1366,0.0000,0.0000,0
48.782,1,1042,-0.00882,0.00211,-0.0037,0.0056,-0.03030,0.04757,0.00402,1,1,0.005,0.155,in_circle,0.0155,0.1366,0.0000,0.0000,0
48.825,1,1043,-0.00887,0.00182,-0.0013,-0.0066,-0.03016,0.04596,0.00431,1,1,0.033,0.124,in_circle,0.0155,0.1366,0.0000,0.0000,0
48.870,1,1044,-0.00904,0.00181,-0.0037,-0.0003,-0.03122,0.04747,0.00437,1,1,0.023,0.173,in_circle,0.0155,0.1366,0.0000,0.0000,0
48.914,1,1045,-0.00876,0.00199,0.0063,0.0042,-0.03104,0.04671,0.00412,1,1,0.033,0.148,in_circle,0.0155,0.1366,0.0000,0.0000,0
48.957,1,1046,-0.00899,0.00215,-0.0053,0.0036,-0.03308,0.04544,0.00403,1,1,-0.007,0.130,in_circle,0.0155,0.1366,0.0000,0.0000,0
49.001,1,1047,-0.00878,0.00251,0.0046,0.0080,-0.03224,0.04538,0.00363,1,1,0.040,0.132,in_circle,0.0155,0.1366,0.0000,0.0000,0
49.047,1,1048,-0.00900,0.00243,-0.0048,-0.0016,-0.03177,0.04544,0.00376,1,1,-0.001,0.113,in_circle,0.0155,0.1366,0.0000,0.0000,0
49.089,1,1049,-0.00896,0.00209,0.0011,-0.0082,-0.03177,0.04718,0.00408,1,1,0.038,0.152,in_circle,0.0155,0.1366,0.0000,0.0000,0
49.134,1,1050,-0.00901,0.00218,-0.0012,0.0021,-0.03190,0.04503,0.00400,1,1,0.014,0.179,in_circle,0.0155,0.1366,0.0000,0.0000,0
49.178,1,1051,-0.00884,0.00193,0.0039,-0.0060,-0.03170,0.04560,0.00421,1,1,0.023,0.138,in_circle,0.0155,0.1366,0.0000,0.0000,0
49.223,1,1052,-0.00898,0.00181,-0.0029,-0.0026,-0.03162,0.04609,0.00435,1,1,0.003,0.171,in_circle,0.0155,0.1366,0.0000,0.0000,0
49.266,1,1053,-0.00897,0.00197,0.0001,0.0038,-0.03145,0.04606,0.00420,1,1,0.030,0.157,in_circle,0.0155,0.1366,0.0000,0.0000,0
49.310,1,1054,-0.00887,0.00183,0.0024,-0.0031,-0.03277,0.04618,0.00430,1,1,0.018,0.132,in_circle,0.0155,0.1366,0.0000,0.0000,0
49.353,1,1055,-0.00875,0.00210,0.0028,0.0061,-0.03174,0.04443,0.00401,1,1,0.009,0.159,in_circle,0.0155,0.1366,0.0000,0.0000,0
49.397,1,1056,-0.00915,0.00199,-0.0091,-0.0024,-0.03174,0.04672,0.00423,1,1,0.007,0.122,in_circle,0.0155,0.1366,0.0000,0.0000,0
49.441,1,1057,-0.00909,0.00162,0.0014,-0.0084,-0.03147,0.04443,0.00456,1,1,0.055,0.156,in_circle,0.0155,0.1366,0.0000,0.0000,0
49.484,1,1058,-0.00896,0.00228,0.0031,0.0151,-0.03212,0.04599,0.00389,1,1,0.013,0.181,in_circle,0.0155,0.1366,0.0000,0.0000,0
49.530,1,1059,-0.00875,0.00174,0.0046,-0.0119,-0.03167,0.04737,0.00436,1,1,0.006,0.086,in_circle,0.0155,0.1366,0.0000,0.0000,0
49.574,1,1060,-0.00895,0.00194,-0.0047,0.0046,-0.03185,0.04436,0.00422,1,1,-0.001,0.195,in_circle,0.0155,0.1366,0.0000,0.0000,0
49.619,1,1061,-0.00893,0.00207,0.0005,0.0029,-0.02867,0.04671,0.00409,1,1,0.037,0.128,in_circle,0.0155,0.1366,0.0000,0.0000,0
49.661,1,1062,-0.00877,0.00185,0.0038,-0.0052,-0.03317,0.04597,0.00426,1,1,0.016,0.135,in_circle,0.0155,0.1366,0.0000,0.0000,0
49.705,1,1063,-0.00884,0.00175,-0.0017,-0.0024,-0.03153,0.04518,0.00438,1,1,0.003,0.168,in_circle,0.0155,0.1366,0.0000,0.0000,0
49.750,1,1064,-0.00891,0.00241,-0.0014,0.0148,-0.03233,0.04482,0.00376,1,1,0.025,0.157,in_circle,0.0155,0.1366,0.0000,0.0000,0
49.793,1,1065,-0.00876,0.00189,0.0033,-0.0118,-0.03269,0.04546,0.00422,1,1,0.024,0.086,in_circle,0.0155,0.1366,0.0000,0.0000,0
49.837,1,1066,-0.00896,0.00236,-0.0046,0.0107,-0.03206,0.04616,0.00382,1,1,0.005,0.194,in_circle,0.0155,0.1366,0.0000,0.0000,0
49.881,1,1067,-0.00900,0.00184,-0.0009,-0.0119,-0.03052,0.04604,0.00433,1,1,0.037,0.103,in_circle,0.0155,0.1366,0.0000,0.0000,0
49.926,1,1068,-0.00922,0.00227,-0.0049,0.0097,-0.03350,0.04583,0.00399,1,1,0.022,0.195,in_circle,0.0155,0.1366,0.0000,0.0000,0
49.969,1,1069,-0.00881,0.00162,0.0095,-0.0151,-0.03105,0.04484,0.00450,1,1,0.039,0.107,in_circle,0.0155,0.1366,0.0000,0.0000,0
50.013,1,1070,-0.00874,0.00229,0.0016,0.0154,-0.03350,0.04583,0.00383,1,1,-0.020,0.208,in_circle,0.0155,0.1366,0.0000,0.0000,0
50.058,1,1071,-0.00902,0.00181,-0.0062,-0.0106,-0.03022,0.04413,0.00436,1,1,0.011,0.084,in_circle,0.0155,0.1366,0.0000,0.0000,0
50.146,1,1072,-0.00908,0.00156,-0.0007,-0.0028,-0.02972,0.04684,0.00462,1,1,0.043,0.189,in_circle,0.0155,0.1366,0.0000,0.0000,0
50.189,1,1073,-0.00882,0.00165,0.0060,0.0020,-0.03048,0.04539,0.00447,1,1,0.021,0.159,in_circle,0.0155,0.1366,0.0000,0.0000,0
50.234,1,1074,-0.00893,0.00216,-0.0024,0.0113,-0.03396,0.04528,0.00401,1,1,-0.006,0.140,in_circle,0.0155,0.1366,0.0000,0.0000,0
50.277,1,1075,-0.00957,0.00178,-0.0149,-0.0088,-0.03239,0.04610,0.00458,1,1,0.028,0.101,in_circle,0.0155,0.1366,0.0000,0.0000,0
50.322,1,1076,-0.00869,0.00236,0.0198,0.0130,-0.03188,0.04565,0.00375,1,1,0.080,0.182,in_circle,0.0155,0.1366,0.0000,0.0000,0
50.365,1,1077,-0.00876,0.00215,-0.0017,-0.0049,-0.03098,0.04486,0.00397,1,1,-0.061,0.093,in_circle,0.0155,0.1366,0.0000,0.0000,0
50.409,1,1078,-0.00856,0.00201,0.0045,-0.0032,-0.03193,0.04761,0.00407,1,1,0.025,0.166,in_circle,0.0155,0.1366,0.0000,0.0000,0
50.454,1,1079,-0.00850,0.00212,0.0014,0.0025,-0.02928,0.04359,0.00394,1,1,-0.001,0.159,in_circle,0.0155,0.1366,0.0000,0.0000,0
50.498,1,1080,-0.00925,0.00232,-0.0171,0.0045,-0.03206,0.04613,0.00396,1,1,0.012,0.136,in_circle,0.0155,0.1366,0.0000,0.0000,0
50.540,1,1081,-0.00889,0.00201,0.0085,-0.0072,-0.03119,0.04399,0.00414,1,1,0.087,0.128,in_circle,0.0155,0.1366,0.0000,0.0000,0
50.585,1,1082,-0.00918,0.00186,-0.0065,-0.0033,-0.03153,0.04544,0.00436,1,1,-0.016,0.175,in_circle,0.0155,0.1366,0.0000,0.0000,0
50.630,1,1083,-0.00860,0.00175,0.0130,-0.0024,-0.03125,0.04878,0.00432,1,1,0.045,0.160,in_circle,0.0155,0.1366,0.0000,0.0000,0
50.673,1,1084,-0.00929,0.00182,-0.0160,0.0016,-0.03231,0.04610,0.00444,1,1,-0.035,0.157,in_circle,0.0155,0.1366,0.0000,0.0000,0
50.719,1,1085,-0.00889,0.00187,0.0086,0.0009,-0.03201,0.04672,0.00428,1,1,0.083,0.140,in_circle,0.0155,0.1366,0.0000,0.0000,0
50.761,1,1086,-0.00851,0.00208,0.0092,0.0051,-0.03157,0.04568,0.00399,1,1,-0.016,0.143,in_circle,0.0155,0.1366,0.0000,0.0000,0
50.807,1,1087,-0.00862,0.00185,-0.0023,-0.0050,-0.03172,0.04615,0.00423,1,1,-0.020,0.126,in_circle,0.0155,0.1366,0.0000,0.0000,0
50.850,1,1088,-0.00905,0.00211,-0.0101,0.0060,-0.03203,0.04499,0.00409,1,1,0.027,0.167,in_circle,0.0155,0.1366,0.0000,0.0000,0
50.893,1,1089,-0.00886,0.00198,0.0044,-0.0030,-0.03234,0.04556,0.00416,1,1,0.059,0.122,in_circle,0.0155,0.1366,0.0000,0.0000,0
50.937,1,1090,-0.00888,0.00217,-0.0003,0.0042,-0.03255,0.04453,0.00398,1,1,0.000,0.158,in_circle,0.0155,0.1366,0.0000,0.0000,0
50.983,1,1091,-0.00908,0.00245,-0.0046,0.0062,-0.03284,0.04590,0.00378,1,1,0.019,0.129,in_circle,0.0155,0.1366,0.0000,0.0000,0
51.025,1,1092,-0.00873,0.00161,0.0085,-0.0199,-0.03185,0.04516,0.00449,1,1,0.037,0.121,in_circle,0.0155,0.1366,0.0000,0.0000,0
51.069,1,1093,-0.00917,0.00152,-0.0101,-0.0020,-0.03129,0.04504,0.00468,1,1,-0.016,0.227,in_circle,0.0155,0.1366,0.0000,0.0000,0
51.113,1,1094,-0.00905,0.00214,0.0028,0.0142,-0.03223,0.04609,0.00405,1,1,0.059,0.156,in_circle,0.0155,0.1366,0.0000,0.0000,0
51.157,1,1095,-0.00900,0.00176,0.0011,-0.0085,-0.03634,0.04602,0.00440,1,1,0.008,0.090,in_circle,0.0155,0.1366,0.0000,0.0000,0
51.202,1,1096,-0.00873,0.00234,0.0059,0.0130,-0.03259,0.04661,0.00377,1,1,0.014,0.181,in_circle,0.0155,0.1366,0.0000,0.0000,0
51.245,1,1097,-0.00880,0.00198,-0.0016,-0.0083,-0.02997,0.04641,0.00414,1,1,-0.006,0.094,in_circle,0.0155,0.1366,0.0000,0.0000,0
51.289,1,1098,-0.00908,0.00172,-0.0061,-0.0060,-0.03077,0.04538,0.00447,1,1,0.024,0.180,in_circle,0.0155,0.1366,0.0000,0.0000,0
51.333,1,1099,-0.00893,0.00178,0.0033,0.0014,-0.02840,0.04572,0.00437,1,1,0.043,0.171,in_circle,0.0155,0.1366,0.0000,0.0000,0
51.377,1,1100,-0.00862,0.00207,0.0071,0.0065,-0.03172,0.04526,0.00402,1,1,0.005,0.141,in_circle,0.0155,0.1366,0.0000,0.0000,0
51.421,1,1101,-0.00832,0.00148,0.0067,-0.0133,-0.03157,0.04647,0.00455,1,1,-0.011,0.120,in_circle,0.0155,0.1366,0.0000,0.0000,0
51.465,1,1102,-0.00888,0.00215,-0.0129,0.0154,-0.03174,0.04738,0.00400,1,1,-0.010,0.201,in_circle,0.0155,0.1366,0.0000,0.0000,0
51.510,1,1103,-0.00883,0.00197,0.0012,-0.0039,-0.03194,0.04375,0.00416,1,1,0.070,0.085,in_circle,0.0155,0.1366,0.0000,0.0000,0
51.554,1,1104,-0.00866,0.00209,0.0039,0.0028,-0.03256,0.04485,0.00400,1,1,0.013,0.162,in_circle,0.0155,0.1366,0.0000,0.0000,0
51.597,1,1105,-0.00874,0.00166,-0.0019,-0.0100,-0.02964,0.04612,0.00444,1,1,0.002,0.135,in_circle,0.0155,0.1366,0.0000,0.0000,0
51.641,1,1106,-0.00884,0.00207,-0.0021,0.0091,-0.03249,0.04537,0.00407,1,1,0.025,0.187,in_circle,0.0155,0.1366,0.0000,0.0000,0
51.686,1,1107,-0.00893,0.00185,-0.0022,-0.0050,-0.03147,0.04481,0.00430,1,1,0.027,0.110,in_circle,0.0155,0.1366,0.0000,0.0000,0
51.730,1,1108,-0.00892,0.00200,0.0004,0.0035,-0.03387,0.04626,0.00415,1,1,0.027,0.167,in_circle,0.0155,0.1366,0.0000,0.0000,0
51.774,1,1109,-0.00889,0.00182,0.0005,-0.0041,-0.03147,0.04547,0.00432,1,1,0.017,0.132,in_circle,0.0155,0.1366,0.0000,0.0000,0
51.817,1,1110,-0.00880,0.00221,0.0021,0.0090,-0.03234,0.04556,0.00392,1,1,0.016,0.163,in_circle,0.0155,0.1366,0.0000,0.0000,0
51.861,1,1111,-0.00872,0.00174,0.0018,-0.0108,-0.03158,0.04562,0.00436,1,1,0.010,0.110,in_circle,0.0155,0.1366,0.0000,0.0000,0
51.905,1,1112,-0.00888,0.00202,-0.0034,0.0065,-0.03178,0.04525,0.00412,1,1,0.010,0.190,in_circle,0.0155,0.1366,0.0000,0.0000,0
51.950,1,1113,-0.00889,0.00200,-0.0004,-0.0006,-0.03123,0.04504,0.00415,1,1,0.032,0.121,in_circle,0.0155,0.1366,0.0000,0.0000,0
51.994,1,1114,-0.00872,0.00208,0.0038,0.0019,-0.03315,0.04614,0.00403,1,1,0.020,0.149,in_circle,0.0155,0.1366,0.0000,0.0000,0
52.038,1,1115,-0.00879,0.00202,-0.0016,-0.0013,-0.03104,0.04497,0.00410,1,1,0.002,0.139,in_circle,0.0155,0.1366,0.0000,0.0000,0
52.083,1,1116,-0.00873,0.00202,0.0014,-0.0001,-0.03170,0.04587,0.00409,1,1,0.024,0.152,in_circle,0.0155,0.1366,0.0000,0.0000,0
52.171,1,1117,-0.00877,0.00198,-0.0004,-0.0005,-0.03182,0.04402,0.00414,1,1,0.012,0.147,in_circle,0.0155,0.1366,0.0000,0.0000,0
52.215,1,1118,-0.00888,0.00193,-0.0027,-0.0011,-0.03184,0.04501,0.00421,1,1,0.020,0.148,in_circle,0.0155,0.1366,0.0000,0.0000,0
52.258,1,1119,-0.00898,0.00211,-0.0021,0.0042,-0.03142,0.04779,0.00406,1,1,0.029,0.151,in_circle,0.0155,0.1366,0.0000,0.0000,0
52.309,1,1120,-0.00898,0.00211,0.0000,0.0000,-0.03169,0.04550,0.00406,0,0,0.027,0.129,in_circle,0.0155,0.1366,0.0000,0.0000,0
52.348,1,1121,-0.00878,0.00186,0.0050,-0.0063,-0.03168,0.04518,0.00425,1,1,0.018,0.146,in_circle,0.0155,0.1367,0.0000,0.0000,0
52.389,1,1122,-0.00884,0.00180,-0.0016,-0.0016,-0.03147,0.04481,0.00433,1,1,-0.002,0.172,in_circle,0.0155,0.1367,0.0000,0.0000,0
52.432,1,1123,-0.00920,0.00198,-0.0081,0.0041,-0.03147,0.04481,0.00426,1,1,0.024,0.154,in_circle,0.0155,0.1367,0.0000,0.0000,0
52.478,1,1124,-0.00872,0.00209,0.0104,0.0026,-0.03185,0.04516,0.00401,1,1,0.052,0.130,in_circle,0.0155,0.1367,0.0000,0.0000,0
52.521,1,1125,-0.00897,0.00240,-0.0057,0.0070,-0.03286,0.04578,0.00379,1,1,-0.024,0.136,in_circle,0.0155,0.1367,0.0000,0.0000,0
52.567,1,1126,-0.00881,0.00190,0.0034,-0.0109,-0.03266,0.04643,0.00422,1,1,0.041,0.118,in_circle,0.0155,0.1367,0.0000,0.0000,0
52.610,1,1127,-0.00900,0.00194,-0.0043,0.0008,-0.03130,0.04619,0.00424,1,1,0.004,0.191,in_circle,0.0155,0.1367,0.0000,0.0000,0
52.654,1,1128,-0.00894,0.00222,0.0013,0.0065,-0.03032,0.04698,0.00395,1,1,0.036,0.144,in_circle,0.0155,0.1367,0.0000,0.0000,0
52.697,1,1129,-0.00856,0.00176,0.0089,-0.0108,-0.03265,0.04674,0.00431,1,1,0.013,0.120,in_circle,0.0155,0.1367,0.0000,0.0000,0
52.743,1,1130,-0.00821,0.00153,0.0077,-0.0052,-0.03146,0.04568,0.00449,1,1,-0.018,0.190,in_circle,0.0155,0.1367,0.0000,0.0000,0
52.785,1,1131,-0.00913,0.00224,-0.0214,0.0167,-0.03201,0.04639,0.00399,1,1,-0.014,0.169,in_circle,0.0155,0.1367,0.0000,0.0000,0
52.831,1,1132,-0.00919,0.00213,-0.0012,-0.0024,-0.03328,0.04520,0.00411,1,1,0.105,0.079,in_circle,0.0155,0.1367,0.0000,0.0000,0
52.873,1,1133,-0.00915,0.00185,0.0009,-0.0066,-0.03203,0.04493,0.00436,1,1,0.024,0.156,in_circle,0.0155,0.1367,0.0000,0.0000,0
52.918,1,1134,-0.00901,0.00165,0.0030,-0.0045,-0.02719,0.04611,0.00451,1,1,0.015,0.174,in_circle,0.0155,0.1367,0.0000,0.0000,0
52.962,1,1135,-0.00900,0.00192,0.0003,0.0059,-0.03006,0.04835,0.00426,1,1,0.007,0.166,in_circle,0.0155,0.1367,0.0000,0.0000,0
53.005,1,1136,-0.00899,0.00209,0.0002,0.0040,-0.03239,0.04806,0.00409,1,1,0.017,0.123,in_circle,0.0155,0.1367,0.0000,0.0000,0
53.050,1,1137,-0.00871,0.00171,0.0061,-0.0083,-0.03193,0.04761,0.00439,1,1,0.018,0.131,in_circle,0.0155,0.1367,0.0000,0.0000,0
53.094,1,1138,-0.00894,0.00178,-0.0051,0.0016,-0.03124,0.04947,0.00437,1,1,-0.007,0.181,in_circle,0.0155,0.1367,0.0000,0.0000,0
53.137,1,1139,-0.00896,0.00187,-0.0004,0.0022,-0.03174,0.04763,0.00429,1,1,0.039,0.141,in_circle,0.0155,0.1367,0.0000,0.0000,0
53.181,1,1140,-0.00912,0.00207,-0.0037,0.0046,-0.03162,0.04700,0.00414,1,1,0.020,0.138,in_circle,0.0155,0.1367,0.0000,0.0000,0
53.226,1,1141,-0.00833,0.00174,0.0176,-0.0075,-0.03191,0.04757,0.00429,1,1,0.034,0.128,in_circle,0.0155,0.1367,0.0000,0.0000,0
53.270,1,1142,-0.00898,0.00196,-0.0147,0.0050,-0.03146,0.04568,0.00421,1,1,-0.053,0.177,in_circle,0.0155,0.1367,0.0000,0.0000,0
53.314,1,1143,-0.00875,0.00212,0.0052,0.0036,-0.03220,0.04636,0.00400,1,1,0.077,0.127,in_circle,0.0155,0.1367,0.0000,0.0000,0
53.359,1,1144,-0.00899,0.00226,-0.0052,0.0030,-0.03254,0.04440,0.00393,1,1,-0.003,0.132,in_circle,0.0155,0.1367,0.0000,0.0000,0
53.426,1,1145,-0.00874,0.00221,0.0037,-0.0008,-0.03380,0.04367,0.00391,1,1,0.040,0.134,in_circle,0.0155,0.1367,0.0000,0.0000,0
53.504,1,1146,-0.00885,0.00192,-0.0015,-0.0037,-0.03310,0.04301,0.00422,1,1,0.003,0.149,in_circle,0.0155,0.1367,0.0000,0.0000,0
53.548,1,1147,-0.00899,0.00222,-0.0032,0.0068,-0.03305,0.04367,0.00397,1,1,0.024,0.162,in_circle,0.0155,0.1367,0.0000,0.0000,0
53.586,1,1148,-0.00896,0.00181,0.0008,-0.0107,-0.03284,0.04318,0.00435,1,1,0.031,0.119,in_circle,0.0155,0.1367,0.0000,0.0000,0
53.631,1,1149,-0.00872,0.00194,0.0054,0.0030,-0.03349,0.04428,0.00416,1,1,0.015,0.190,in_circle,0.0155,0.1367,0.0000,0.0000,0
53.673,1,1150,-0.00907,0.00211,-0.0081,0.0039,-0.03124,0.04453,0.00410,1,1,-0.004,0.135,in_circle,0.0155,0.1367,0.0000,0.0000,0
53.725,1,1151,-0.00886,0.00184,0.0041,-0.0053,-0.03380,0.04367,0.00430,1,1,0.051,0.131,in_circle,0.0155,0.1367,0.0000,0.0000,0
53.763,1,1152,-0.00922,0.00202,-0.0094,0.0047,-0.03161,0.04370,0.00423,1,1,0.002,0.168,in_circle,0.0155,0.1367,0.0000,0.0000,0
53.807,1,1153,-0.00871,0.00191,0.0116,-0.0025,-0.03150,0.04467,0.00419,1,1,0.057,0.128,in_circle,0.0155,0.1367,0.0000,0.0000,0
53.851,1,1154,-0.00900,0.00201,-0.0064,0.0023,-0.03093,0.04530,0.00417,1,1,-0.029,0.157,in_circle,0.0155,0.1367,0.0000,0.0000,0
53.895,1,1155,-0.00895,0.00216,0.0012,0.0035,-0.02980,0.04469,0.00401,1,1,0.044,0.137,in_circle,0.0155,0.1367,0.0000,0.0000,0
53.938,1,1156,-0.00879,0.00212,0.0037,-0.0008,-0.03108,0.04332,0.00400,1,1,0.014,0.132,in_circle,0.0155,0.1367,0.0000,0.0000,0
53.982,1,1157,-0.00914,0.00212,-0.0079,0.0000,-0.03127,0.04549,0.00410,1,1,0.003,0.150,in_circle,0.0155,0.1367,0.0000,0.0000,0
54.026,1,1158,-0.00905,0.00237,0.0020,0.0055,-0.03136,0.04483,0.00384,1,1,0.051,0.146,in_circle,0.0155,0.1367,0.0000,0.0000,0
54.072,1,1159,-0.00882,0.00182,0.0052,-0.0119,-0.03114,0.04548,0.00430,1,1,0.011,0.124,in_circle,0.0155,0.1367,0.0000,0.0000,0
54.115,1,1160,-0.00911,0.00211,-0.0068,0.0067,-0.03012,0.04552,0.00410,1,1,-0.003,0.195,in_circle,0.0155,0.1367,0.0000,0.0000,0
54.249,1,1161,-0.00941,0.00189,-0.0023,-0.0017,-0.03242,0.04660,0.00441,1,1,0.046,0.120,in_circle,0.0155,0.1367,0.0000,0.0000,0
54.303,1,1162,-0.00927,0.00191,0.0027,0.0004,-0.03089,0.04541,0.00434,1,1,0.029,0.154,in_circle,0.0155,0.1367,0.0000,0.0000,0
54.367,1,1163,-0.00904,0.00211,0.0036,0.0032,-0.03097,0.04687,0.00408,1,1,0.009,0.145,in_circle,0.0155,0.1367,0.0000,0.0000,0
54.423,1,1164,-0.00889,0.00181,0.0026,-0.0054,-0.03108,0.04551,0.00433,1,1,0.004,0.134,in_circle,0.0155,0.1367,0.0000,0.0000,0
54.468,1,1165,-0.00884,0.00193,0.0011,0.0026,-0.03082,0.04610,0.00420,1,1,0.008,0.169,in_circle,0.0155,0.1367,0.0000,0.0000,0
54.511,1,1166,-0.00885,0.00210,-0.0003,0.0041,-0.03144,0.04567,0.00404,1,1,0.014,0.136,in_circle,0.0155,0.1367,0.0000,0.0000,0
54.554,1,1167,-0.00898,0.00213,-0.0028,0.0008,-0.03194,0.04602,0.00404,1,1,0.019,0.130,in_circle,0.0155,0.1367,0.0000,0.0000,0
54.599,1,1168,-0.00868,0.00179,0.0066,-0.0076,-0.03106,0.04637,0.00430,1,1,0.030,0.143,in_circle,0.0155,0.1367,0.0000,0.0000,0
54.643,1,1169,-0.00923,0.00184,-0.0124,0.0009,-0.03078,0.04665,0.00440,1,1,-0.009,0.178,in_circle,0.0155,0.1367,0.0000,0.0000,0
54.687,1,1170,-0.00897,0.00179,0.0058,-0.0011,-0.03146,0.04572,0.00437,1,1,0.069,0.143,in_circle,0.0155,0.1367,0.0000,0.0000,0
54.731,1,1171,-0.00894,0.00181,0.0006,0.0005,-0.03203,0.04592,0.00435,1,1,-0.005,0.152,in_circle,0.0155,0.1367,0.0000,0.0000,0
54.774,1,1172,-0.00880,0.00215,0.0033,0.0078,-0.03178,0.04759,0.00398,1,1,0.016,0.145,in_circle,0.0155,0.1367,0.0000,0.0000,0
54.820,1,1173,-0.00901,0.00194,-0.0047,-0.0045,-0.03207,0.04716,0.00423,1,1,0.005,0.115,in_circle,0.0155,0.1367,0.0000,0.0000,0
54.862,1,1174,-0.00879,0.00233,0.0054,0.0092,-0.03172,0.04798,0.00380,1,1,0.038,0.165,in_circle,0.0155,0.1367,0.0000,0.0000,0
54.909,1,1175,-0.00891,0.00191,-0.0027,-0.0091,-0.03106,0.04611,0.00424,1,1,-0.004,0.109,in_circle,0.0155,0.1367,0.0000,0.0000,0
54.952,1,1176,-0.00899,0.00219,-0.0018,0.0065,-0.03175,0.04607,0.00399,1,1,0.029,0.183,in_circle,0.0155,0.1367,0.0000,0.0000,0
54.995,1,1177,-0.00869,0.00236,0.0069,0.0039,-0.03077,0.04538,0.00375,1,1,0.026,0.120,in_circle,0.0155,0.1367,0.0000,0.0000,0
55.039,1,1178,-0.00892,0.00193,-0.0053,-0.0098,-0.03247,0.04672,0.00422,1,1,-0.010,0.130,in_circle,0.0155,0.1367,0.0000,0.0000,0
55.081,1,1179,-0.00897,0.00176,-0.0011,-0.0040,-0.03104,0.04684,0.00440,1,1,0.039,0.186,in_circle,0.0155,0.1367,0.0000,0.0000,0
55.126,1,1180,-0.00897,0.00190,-0.0001,0.0031,-0.03206,0.04413,0.00426,1,1,0.023,0.164,in_circle,0.0155,0.1367,0.0000,0.0000,0
55.170,1,1181,-0.00895,0.00181,0.0004,-0.0021,-0.03168,0.04624,0.00434,1,1,0.019,0.135,in_circle,0.0155,0.1367,0.0000,0.0000,0
55.215,1,1182,-0.00902,0.00145,-0.0015,-0.0080,-0.03248,0.04520,0.00471,1,1,0.017,0.155,in_circle,0.0155,0.1367,0.0000,0.0000,0
55.257,1,1183,-0.00904,0.00198,-0.0004,0.0123,-0.03243,0.04529,0.00421,1,1,0.025,0.180,in_circle,0.0155,0.1367,0.0000,0.0000,0
55.303,1,1184,-0.00916,0.00243,-0.0027,0.0098,-0.03193,0.04504,0.00383,1,1,0.020,0.098,in_circle,0.0155,0.1367,0.0000,0.0000,0
55.345,1,1185,-0.00894,0.00251,0.0052,0.0019,-0.03235,0.04718,0.00368,1,1,0.030,0.107,in_circle,0.0155,0.1367,0.0000,0.0000,0
55.389,1,1186,-0.00920,0.00133,-0.0058,-0.0269,-0.03159,0.04586,0.00488,1,1,-0.002,0.138,in_circle,0.0155,0.1367,0.0000,0.0000,0
55.429,1,1187,-0.00898,0.00214,0.0053,0.0201,-0.03019,0.04466,0.00404,1,1,0.042,0.256,in_circle,0.0155,0.1367,0.0000,0.0000,0
55.475,1,1188,-0.00879,0.00217,0.0043,0.0006,-0.03107,0.04559,0.00396,1,1,-0.003,0.066,in_circle,0.0155,0.1367,0.0000,0.0000,0
55.521,1,1189,-0.00883,0.00199,-0.0009,-0.0037,-0.03713,0.04640,0.00414,1,1,0.001,0.144,in_circle,0.0155,0.1367,0.0000,0.0000,0
55.565,1,1190,-0.00823,0.00199,0.0137,-0.0000,-0.03147,0.04547,0.00403,1,1,0.022,0.162,in_circle,0.0155,0.1367,0.0000,0.0000,0
55.608,1,1191,-0.00854,0.00221,-0.0073,0.0050,-0.02996,0.04444,0.00387,1,1,-0.038,0.147,in_circle,0.0155,0.1367,0.0000,0.0000,0
55.651,1,1192,-0.00881,0.00160,-0.0063,-0.0141,-0.03117,0.04661,0.00452,1,1,0.047,0.126,in_circle,0.0155,0.1367,0.0000,0.0000,0
55.696,1,1193,-0.00865,0.00208,0.0035,0.0108,-0.03054,0.04410,0.00401,1,1,0.043,0.204,in_circle,0.0155,0.1367,0.0000,0.0000,0
55.739,1,1194,-0.00887,0.00165,-0.0051,-0.0102,-0.03105,0.04484,0.00448,1,1,0.004,0.103,in_circle,0.0155,0.1367,0.0000,0.0000,0
55.783,1,1195,-0.00930,0.00192,-0.0097,0.0060,-0.03293,0.04661,0.00435,1,1,0.039,0.188,in_circle,0.0155,0.1367,0.0000,0.0000,0
55.828,1,1196,-0.00867,0.00235,0.0143,0.0097,-0.03126,0.04401,0.00375,1,1,0.058,0.123,in_circle,0.0155,0.1367,0.0000,0.0000,0
55.873,1,1197,-0.00893,0.00230,-0.0059,-0.0011,-0.03303,0.04507,0.00387,1,1,-0.039,0.107,in_circle,0.0155,0.1367,0.0000,0.0000,0
55.912,1,1198,-0.00859,0.00201,0.0085,-0.0075,-0.03099,0.04620,0.00407,1,1,0.042,0.150,in_circle,0.0155,0.1367,0.0000,0.0000,0
55.961,1,1199,-0.00881,0.00178,-0.0043,-0.0046,-0.03163,0.04395,0.00434,1,1,-0.017,0.177,in_circle,0.0155,0.1367,0.0000,0.0000,0
56.002,1,1200,-0.00893,0.00215,-0.0031,0.0090,-0.03114,0.04575,0.00402,1,1,0.035,0.166,in_circle,0.0155,0.1367,0.0000,0.0000,0
56.047,1,1201,-0.00862,0.00178,0.0069,-0.0080,-0.03232,0.04524,0.00430,1,1,0.031,0.110,in_circle,0.0155,0.1367,0.0000,0.0000,0
56.091,1,1202,-0.00876,0.00234,-0.0033,0.0129,-0.03162,0.04609,0.00378,1,1,-0.010,0.179,in_circle,0.0155,0.1367,0.0000,0.0000,0
56.133,1,1203,-0.00835,0.00187,0.0097,-0.0113,-0.03105,0.04484,0.00417,1,1,0.031,0.094,in_circle,0.0155,0.1367,0.0000,0.0000,0
56.221,1,1204,-0.00894,0.00230,-0.0067,0.0049,-0.02907,0.04603,0.00387,1,1,-0.022,0.192,in_circle,0.0155,0.1367,0.0000,0.0000,0
56.266,1,1205,-0.00879,0.00190,0.0033,-0.0089,-0.02883,0.04638,0.00422,1,1,0.045,0.127,in_circle,0.0155,0.1367,0.0000,0.0000,0
56.314,1,1206,-0.00897,0.00180,-0.0037,-0.0020,-0.03237,0.04586,0.00436,1,1,0.005,0.182,in_circle,0.0155,0.1367,0.0000,0.0000,0
56.356,1,1207,-0.00916,0.00244,-0.0047,0.0153,-0.03188,0.04565,0.00382,1,1,0.033,0.155,in_circle,0.0155,0.1367,0.0000,0.0000,0
56.401,1,1208,-0.00906,0.00188,0.0024,-0.0125,-0.03386,0.04512,0.00431,1,1,0.038,0.084,in_circle,0.0155,0.1367,0.0000,0.0000,0
56.439,1,1209,-0.00887,0.00186,0.0048,-0.0004,-0.03258,0.04577,0.00428,1,1,0.009,0.197,in_circle,0.0155,0.1367,0.0000,0.0000,0
56.487,1,1210,-0.00892,0.00159,-0.0012,-0.0056,-0.03127,0.04549,0.00455,1,1,-0.001,0.149,in_circle,0.0155,0.1367,0.0000,0.0000,0
56.531,1,1211,-0.00860,0.00181,0.0076,0.0049,-0.03261,0.04668,0.00427,1,1,0.023,0.170,in_circle,0.0155,0.1367,0.0000,0.0000,0
56.576,1,1212,-0.00886,0.00187,-0.0059,0.0013,-0.03196,0.04681,0.00427,1,1,-0.013,0.127,in_circle,0.0155,0.1367,0.0000,0.0000,0
56.620,1,1213,-0.00902,0.00177,-0.0037,-0.0022,-0.03279,0.04583,0.00440,1,1,0.042,0.142,in_circle,0.0155,0.1367,0.0000,0.0000,0
56.662,1,1214,-0.00890,0.00192,0.0030,0.0037,-0.03244,0.04656,0.00422,1,1,0.033,0.156,in_circle,0.0155,0.1367,0.0000,0.0000,0
56.704,1,1215,-0.00873,0.00230,0.0040,0.0090,-0.03171,0.04680,0.00381,1,1,0.006,0.132,in_circle,0.0155,0.1367,0.0000,0.0000,0
56.749,1,1216,-0.00844,0.00195,0.0065,-0.0078,-0.03212,0.04547,0.00410,1,1,0.002,0.110,in_circle,0.0155,0.1367,0.0000,0.0000,0
56.794,1,1217,-0.00916,0.00204,-0.0161,0.0019,-0.03215,0.04670,0.00419,1,1,-0.009,0.178,in_circle,0.0155,0.1367,0.0000,0.0000,0
56.835,1,1218,-0.00895,0.00201,0.0051,-0.0008,-0.03131,0.04444,0.00416,1,1,0.083,0.139,in_circle,0.0155,0.1367,0.0000,0.0000,0
56.878,1,1219,-0.00920,0.00190,-0.0057,-0.0024,-0.03320,0.04478,0.00433,1,1,-0.002,0.150,in_circle,0.0155,0.1367,0.0000,0.0000,0
56.922,1,1220,-0.00905,0.00251,0.0032,0.0141,-0.03176,0.04823,0.00371,1,1,0.042,0.157,in_circle,0.0155,0.1367,0.0000,0.0000,0
56.967,1,1221,-0.00891,0.00210,0.0032,-0.0091,-0.03172,0.04526,0.00405,1,1,0.006,0.089,in_circle,0.0155,0.1367,0.0000,0.0000,0
57.011,1,1222,-0.00893,0.00220,-0.0004,0.0022,-0.03119,0.04595,0.00397,1,1,0.005,0.183,in_circle,0.0155,0.1367,0.0000,0.0000,0
57.057,1,1223,-0.00894,0.00189,-0.0003,-0.0066,-0.02989,0.04692,0.00426,1,1,0.020,0.137,in_circle,0.0155,0.1367,0.0000,0.0000,0
57.097,1,1224,-0.00899,0.00213,-0.0012,0.0058,-0.03274,0.04660,0.00405,1,1,0.020,0.173,in_circle,0.0155,0.1367,0.0000,0.0000,0
57.143,1,1225,-0.00882,0.00166,0.0037,-0.0104,-0.03134,0.04570,0.00446,1,1,0.023,0.123,in_circle,0.0155,0.1367,0.0000,0.0000,0
57.188,1,1226,-0.00851,0.00191,0.0069,0.0055,-0.03217,0.04597,0.00415,1,1,0.003,0.189,in_circle,0.0155,0.1367,0.0000,0.0000,0
57.230,1,1227,-0.00894,0.00211,-0.0102,0.0048,-0.03127,0.04752,0.00405,1,1,-0.010,0.125,in_circle,0.0155,0.1367,0.0000,0.0000,0
57.274,1,1228,-0.00889,0.00194,0.0012,-0.0039,-0.03330,0.04446,0.00420,1,1,0.059,0.127,in_circle,0.0155,0.1367,0.0000,0.0000,0
57.319,1,1229,-0.00871,0.00200,0.0041,0.0014,-0.03191,0.04495,0.00410,1,1,0.014,0.163,in_circle,0.0155,0.1367,0.0000,0.0000,0
57.364,1,1230,-0.00914,0.00171,-0.0096,-0.0064,-0.03230,0.04684,0.00449,1,1,0.001,0.141,in_circle,0.0155,0.1367,0.0000,0.0000,0
57.411,1,1231,-0.00859,0.00208,0.0115,0.0076,-0.03106,0.04637,0.00400,1,1,0.057,0.173,in_circle,0.0155,0.1367,0.0000,0.0000,0
57.454,1,1232,-0.00842,0.00184,0.0040,-0.0054,-0.03258,0.04511,0.00420,1,1,-0.029,0.116,in_circle,0.0155,0.1367,0.0000,0.0000,0
57.495,1,1233,-0.00874,0.00203,-0.0077,0.0045,-0.03199,0.04627,0.00408,1,1,0.001,0.169,in_circle,0.0155,0.1367,0.0000,0.0000,0
57.538,1,1234,-0.00920,0.00179,-0.0110,-0.0057,-0.03237,0.04480,0.00444,1,1,0.049,0.129,in_circle,0.0155,0.1367,0.0000,0.0000,0
57.582,1,1235,-0.00882,0.00176,0.0086,-0.0006,-0.03213,0.04353,0.00436,1,1,0.063,0.170,in_circle,0.0155,0.1367,0.0000,0.0000,0
57.627,1,1236,-0.00870,0.00204,0.0028,0.0062,-0.03129,0.04504,0.00406,1,1,-0.016,0.150,in_circle,0.0155,0.1367,0.0000,0.0000,0
57.670,1,1237,-0.00892,0.00214,-0.0051,0.0025,-0.03223,0.04607,0.00401,1,1,0.007,0.122,in_circle,0.0155,0.1367,0.0000,0.0000,0
57.715,1,1238,-0.00907,0.00207,-0.0034,-0.0017,-0.03171,0.04508,0.00413,1,1,0.039,0.136,in_circle,0.0155,0.1367,0.0000,0.0000,0
57.759,1,1239,-0.00890,0.00192,0.0039,-0.0033,-0.03193,0.04584,0.00423,1,1,0.032,0.154,in_circle,0.0155,0.1367,0.0000,0.0000,0
57.802,1,1240,-0.00877,0.00166,0.0030,-0.0061,-0.03174,0.04552,0.00445,1,1,0.003,0.160,in_circle,0.0155,0.1367,0.0000,0.0000,0
57.848,1,1241,-0.00908,0.00165,-0.0069,-0.0001,-0.03156,0.04506,0.00453,1,1,0.006,0.172,in_circle,0.0155,0.1367,0.0000,0.0000,0
57.890,1,1242,-0.00925,0.00176,-0.0038,0.0026,-0.03146,0.04629,0.00448,1,1,0.047,0.148,in_circle,0.0155,0.1367,0.0000,0.0000,0
57.935,1,1243,-0.00886,0.00174,0.0087,-0.0005,-0.03161,0.04481,0.00439,1,1,0.034,0.137,in_circle,0.0155,0.1367,0.0000,0.0000,0
57.978,1,1244,-0.00876,0.00197,0.0022,0.0054,-0.03202,0.04565,0.00414,1,1,-0.016,0.150,in_circle,0.0155,0.1367,0.0000,0.0000,0
58.022,1,1245,-0.00917,0.00161,-0.0092,-0.0081,-0.03142,0.04558,0.00460,1,1,0.009,0.125,in_circle,0.0155,0.1367,0.0000,0.0000,0
58.069,1,1246,-0.00889,0.00166,0.0058,0.0010,-0.03199,0.04625,0.00447,1,1,0.056,0.180,in_circle,0.0155,0.1367,0.0000,0.0000,0
58.111,1,1247,-0.00887,0.00171,0.0007,0.0012,-0.03242,0.04688,0.00442,1,1,-0.005,0.144,in_circle,0.0155,0.1367,0.0000,0.0000,0
58.155,1,1248,-0.00887,0.00196,-0.0002,0.0057,-0.03204,0.04590,0.00418,1,1,0.016,0.143,in_circle,0.0155,0.1367,0.0000,0.0000,0
58.244,1,1249,-0.00844,0.00163,0.0049,-0.0037,-0.03204,0.04607,0.00442,1,1,0.019,0.124,in_circle,0.0155,0.1367,0.0000,0.0000,0
58.288,1,1250,-0.00843,0.00159,0.0001,-0.0010,-0.03256,0.04626,0.00446,1,1,-0.002,0.162,in_circle,0.0155,0.1367,0.0000,0.0000,0
58.332,1,1251,-0.00893,0.00216,-0.0112,0.0130,-0.03181,0.04625,0.00400,1,1,0.017,0.152,in_circle,0.0155,0.1367,0.0000,0.0000,0
58.376,1,1252,-0.00863,0.00176,0.0067,-0.0090,-0.03165,0.04576,0.00432,1,1,0.063,0.094,in_circle,0.0155,0.1367,0.0000,0.0000,0
58.420,1,1253,-0.00888,0.00154,-0.0056,-0.0051,-0.03178,0.04525,0.00459,1,1,-0.009,0.183,in_circle,0.0155,0.1367,0.0000,0.0000,0
58.463,1,1254,-0.00871,0.00211,0.0040,0.0135,-0.03077,0.04529,0.00399,1,1,0.041,0.168,in_circle,0.0155,0.1367,0.0000,0.0000,0
58.507,1,1255,-0.00909,0.00173,-0.0085,-0.0087,-0.03333,0.04671,0.00446,1,1,0.002,0.092,in_circle,0.0155,0.1367,0.0000,0.0000,0
58.552,1,1256,-0.00871,0.00199,0.0085,0.0059,-0.03191,0.04540,0.00411,1,1,0.053,0.182,in_circle,0.0155,0.1367,0.0000,0.0000,0
58.595,1,1257,-0.00915,0.00172,-0.0105,-0.0063,-0.02908,0.04558,0.00448,1,1,-0.016,0.123,in_circle,0.0155,0.1367,0.0000,0.0000,0
58.638,1,1258,-0.00897,0.00215,0.0043,0.0097,-0.03203,0.04584,0.00403,1,1,0.061,0.173,in_circle,0.0155,0.1367,0.0000,0.0000,0
58.682,1,1259,-0.00840,0.00162,0.0131,-0.0121,-0.03074,0.04558,0.00442,1,1,0.001,0.108,in_circle,0.0155,0.1367,0.0000,0.0000,0
58.726,1,1260,-0.00857,0.00181,-0.0038,0.0043,-0.03166,0.04678,0.00426,1,1,-0.035,0.196,in_circle,0.0155,0.1367,0.0000,0.0000,0
58.770,1,1261,-0.00904,0.00174,-0.0106,-0.0016,-0.03019,0.04578,0.00444,1,1,0.033,0.130,in_circle,0.0155,0.1367,0.0000,0.0000,0
58.814,1,1262,-0.00896,0.00207,0.0019,0.0075,-0.03383,0.04501,0.00410,1,1,0.061,0.154,in_circle,0.0155,0.1367,0.0000,0.0000,0
58.859,1,1263,-0.00867,0.00198,0.0063,-0.0021,-0.03157,0.04552,0.00412,1,1,0.011,0.116,in_circle,0.0155,0.1367,0.0000,0.0000,0
58.903,1,1264,-0.00905,0.00181,-0.0085,-0.0037,-0.03088,0.04701,0.00437,1,1,-0.008,0.155,in_circle,0.0155,0.1367,0.0000,0.0000,0
58.946,1,1265,-0.00857,0.00162,0.0110,-0.0045,-0.03142,0.04681,0.00445,1,1,0.053,0.162,in_circle,0.0155,0.1367,0.0000,0.0000,0
58.992,1,1266,-0.00892,0.00219,-0.0075,0.0124,-0.03131,0.04442,0.00397,1,1,-0.027,0.166,in_circle,0.0155,0.1367,0.0000,0.0000,0
59.035,1,1267,-0.00879,0.00204,0.0030,-0.0035,-0.03138,0.04615,0.00408,1,1,0.048,0.097,in_circle,0.0155,0.1367,0.0000,0.0000,0
59.080,1,1268,-0.00892,0.00247,-0.0029,0.0095,-0.03179,0.04478,0.00371,1,1,0.006,0.161,in_circle,0.0155,0.1367,0.0000,0.0000,0
59.124,1,1269,-0.00876,0.00133,0.0037,-0.0257,-0.03091,0.04617,0.00477,1,1,0.030,0.107,in_circle,0.0155,0.1367,0.0000,0.0000,0
59.170,1,1270,-0.00891,0.00180,-0.0033,0.0101,-0.03153,0.04544,0.00435,1,1,0.003,0.251,in_circle,0.0155,0.1367,0.0000,0.0000,0
59.211,1,1271,-0.00863,0.00168,0.0068,-0.0028,-0.03158,0.04562,0.00440,1,1,0.032,0.107,in_circle,0.0155,0.1367,0.0000,0.0000,0
59.256,1,1272,-0.00849,0.00204,0.0032,0.0079,-0.03795,0.04451,0.00402,1,1,-0.010,0.159,in_circle,0.0155,0.1367,0.0000,0.0000,0
59.299,1,1273,-0.00904,0.00170,-0.0129,-0.0080,-0.03319,0.04526,0.00447,1,1,0.004,0.115,in_circle,0.0155,0.1367,0.0000,0.0000,0
59.346,1,1274,-0.00823,0.00146,0.0173,-0.0052,-0.03369,0.04546,0.00456,1,1,0.070,0.179,in_circle,0.0155,0.1367,0.0000,0.0000,0
59.387,1,1275,-0.00874,0.00177,-0.0124,0.0075,-0.03220,0.04485,0.00433,1,1,-0.053,0.169,in_circle,0.0155,0.1367,0.0000,0.0000,0
59.432,1,1276,-0.00867,0.00185,0.0016,0.0019,-0.03280,0.04480,0.00424,1,1,0.067,0.117,in_circle,0.0155,0.1367,0.0000,0.0000,0
59.476,1,1277,-0.00904,0.00234,-0.0084,0.0111,-0.03279,0.04383,0.00386,1,1,0.011,0.140,in_circle,0.0155,0.1367,0.0000,0.0000,0
59.520,1,1278,-0.00850,0.00167,0.0124,-0.0153,-0.03148,0.04426,0.00439,1,1,0.052,0.101,in_circle,0.0155,0.1367,0.0000,0.0000,0
59.565,1,1279,-0.00876,0.00239,-0.0059,0.0159,-0.03045,0.04571,0.00374,1,1,-0.032,0.209,in_circle,0.0155,0.1367,0.0000,0.0000,0
59.607,1,1280,-0.00882,0.00161,-0.0015,-0.0186,-0.02862,0.04550,0.00451,1,1,0.041,0.082,in_circle,0.0155,0.1367,0.0000,0.0000,0
59.653,1,1281,-0.00881,0.00211,0.0003,0.0107,-0.03287,0.04358,0.00402,1,1,0.024,0.222,in_circle,0.0155,0.1367,0.0000,0.0000,0
59.694,1,1282,-0.00900,0.00165,-0.0045,-0.0110,-0.02805,0.04533,0.00451,1,1,0.017,0.104,in_circle,0.0155,0.1367,0.0000,0.0000,0
59.738,1,1283,-0.00854,0.00223,0.0103,0.0130,-0.03348,0.04524,0.00384,1,1,0.037,0.191,in_circle,0.0155,0.1367,0.0000,0.0000,0
59.783,1,1284,-0.00882,0.00206,-0.0064,-0.0038,-0.03040,0.04601,0.00407,1,1,-0.024,0.094,in_circle,0.0155,0.1367,0.0000,0.0000,0
59.827,1,1285,-0.00902,0.00239,-0.0044,0.0074,-0.03276,0.04649,0.00381,1,1,0.044,0.162,in_circle,0.0155,0.1367,0.0000,0.0000,0
59.871,1,1286,-0.00899,0.00148,0.0005,-0.0208,-0.03109,0.04729,0.00468,1,1,0.036,0.116,in_circle,0.0155,0.1367,0.0000,0.0000,0
59.914,1,1287,-0.00897,0.00205,0.0007,0.0132,-0.03206,0.04641,0.00412,1,1,0.017,0.231,in_circle,0.0155,0.1367,0.0000,0.0000,0
59.960,1,1288,-0.00890,0.00212,0.0015,0.0016,-0.03125,0.04597,0.00404,1,1,0.016,0.094,in_circle,0.0155,0.1367,0.0000,0.0000,0
60.004,1,1289,-0.00899,0.00223,-0.0022,0.0025,-0.03482,0.04721,0.00396,1,1,0.012,0.140,in_circle,0.0155,0.1367,0.0000,0.0000,0
60.047,1,1290,-0.00886,0.00179,0.0031,-0.0102,-0.03078,0.04665,0.00434,1,1,0.027,0.136,in_circle,0.0155,0.1367,0.0000,0.0000,0
60.092,1,1291,-0.00895,0.00210,-0.0019,0.0069,-0.03106,0.04596,0.00406,1,1,0.006,0.188,in_circle,0.0155,0.1367,0.0000,0.0000,0
60.137,1,1292,-0.00913,0.00218,-0.0041,0.0017,-0.03115,0.04835,0.00405,1,1,0.026,0.119,in_circle,0.0155,0.1367,0.0000,0.0000,0
60.179,1,1293,-0.00895,0.00197,0.0043,-0.0049,-0.03249,0.04674,0.00419,1,1,0.035,0.139,in_circle,0.0155,0.1367,0.0000,0.0000,0
60.268,1,1294,-0.00893,0.00218,0.0003,0.0024,-0.03182,0.04544,0.00398,1,1,0.001,0.166,in_circle,0.0155,0.1367,0.0000,0.0000,0
60.311,1,1295,-0.00840,0.00180,0.0124,-0.0089,-0.03151,0.04629,0.00424,1,1,0.017,0.137,in_circle,0.0155,0.1367,0.0000,0.0000,0
60.357,1,1296,-0.00848,0.00178,-0.0018,-0.0006,-0.03029,0.04696,0.00428,1,1,-0.032,0.183,in_circle,0.0155,0.1367,0.0000,0.0000,0
60.399,1,1297,-0.00888,0.00154,-0.0096,-0.0057,-0.03142,0.04481,0.00459,1,1,0.024,0.150,in_circle,0.0155,0.1367,0.0000,0.0000,0
60.442,1,1298,-0.00886,0.00219,0.0005,0.0152,-0.03197,0.04289,0.00395,1,1,0.056,0.171,in_circle,0.0155,0.1367,0.0000,0.0000,0
60.486,1,1299,-0.00882,0.00235,0.0008,0.0035,-0.03182,0.04361,0.00379,1,1,0.016,0.086,in_circle,0.0155,0.1367,0.0000,0.0000,0
60.532,1,1300,-0.00882,0.00146,0.0002,-0.0195,-0.03216,0.04520,0.00465,1,1,0.015,0.132,in_circle,0.0155,0.1367,0.0000,0.0000,0
60.576,1,1301,-0.00883,0.00202,-0.0003,0.0128,-0.03005,0.04586,0.00411,1,1,0.017,0.226,in_circle,0.0155,0.1367,0.0000,0.0000,0
60.620,1,1302,-0.00881,0.00213,0.0005,0.0025,-0.03123,0.04506,0.00400,1,1,0.019,0.096,in_circle,0.0155,0.1367,0.0000,0.0000,0
60.663,1,1303,-0.00911,0.00208,-0.0071,-0.0013,-0.03668,0.04660,0.00414,1,1,0.016,0.137,in_circle,0.0155,0.1367,0.0000,0.0000,0
60.707,1,1304,-0.00887,0.00201,0.0055,-0.0015,-0.03169,0.04494,0.00413,1,1,0.047,0.152,in_circle,0.0155,0.1367,0.0000,0.0000,0
60.751,1,1305,-0.00901,0.00208,-0.0031,0.0014,-0.03156,0.04606,0.00411,1,1,-0.004,0.153,in_circle,0.0155,0.1367,0.0000,0.0000,0
60.797,1,1306,-0.00867,0.00206,0.0073,-0.0004,-0.03134,0.04638,0.00404,1,1,0.031,0.141,in_circle,0.0155,0.1367,0.0000,0.0000,0
60.838,1,1307,-0.00881,0.00223,-0.0036,0.0043,-0.03227,0.04475,0.00390,1,1,-0.012,0.148,in_circle,0.0155,0.1367,0.0000,0.0000,0
60.883,1,1308,-0.00917,0.00164,-0.0079,-0.0132,-0.03149,0.04421,0.00457,1,1,0.033,0.129,in_circle,0.0155,0.1367,0.0000,0.0000,0
60.927,1,1309,-0.00871,0.00187,0.0104,0.0053,-0.03202,0.04460,0.00422,1,1,0.051,0.201,in_circle,0.0155,0.1367,0.0000,0.0000,0
60.971,1,1310,-0.00898,0.00178,-0.0060,-0.0022,-0.03279,0.04449,0.00438,1,1,-0.024,0.126,in_circle,0.0155,0.1367,0.0000,0.0000,0
61.015,1,1311,-0.00871,0.00230,0.0060,0.0118,-0.03270,0.04559,0.00381,1,1,0.042,0.156,in_circle,0.0155,0.1367,0.0000,0.0000,0
61.061,1,1312,-0.00905,0.00188,-0.0075,-0.0092,-0.03219,0.04433,0.00430,1,1,-0.006,0.099,in_circle,0.0155,0.1367,0.0000,0.0000,0
61.102,1,1313,-0.00913,0.00130,-0.0019,-0.0141,-0.03210,0.04732,0.00488,1,1,0.049,0.184,in_circle,0.0155,0.1367,0.0000,0.0000,0
61.147,1,1314,-0.00903,0.00211,0.0021,0.0180,-0.02891,0.04534,0.00408,1,1,0.026,0.205,in_circle,0.0155,0.1367,0.0000,0.0000,0
61.189,1,1315,-0.00890,0.00174,0.0031,-0.0087,-0.03211,0.04683,0.00440,1,1,0.010,0.075,in_circle,0.0155,0.1367,0.0000,0.0000,0
61.236,1,1316,-0.00882,0.00209,0.0018,0.0074,-0.03372,0.04637,0.00404,1,1,0.006,0.182,in_circle,0.0155,0.1367,0.0000,0.0000,0
61.279,1,1317,-0.00883,0.00217,-0.0002,0.0018,-0.02849,0.04717,0.00397,1,1,0.011,0.117,in_circle,0.0155,0.1367,0.0000,0.0000,0
61.324,1,1318,-0.00885,0.00169,-0.0005,-0.0104,-0.03207,0.04571,0.00444,1,1,0.019,0.139,in_circle,0.0155,0.1367,0.0000,0.0000,0
61.367,1,1319,-0.00880,0.00138,0.0012,-0.0074,-0.03109,0.04729,0.00473,1,1,0.020,0.189,in_circle,0.0155,0.1367,0.0000,0.0000,0
61.410,1,1320,-0.00855,0.00177,0.0057,0.0089,-0.03214,0.04575,0.00430,1,1,0.013,0.178,in_circle,0.0155,0.1367,0.0000,0.0000,0
61.454,1,1321,-0.00894,0.00204,-0.0089,0.0061,-0.03332,0.04518,0.00413,1,1,-0.005,0.112,in_circle,0.0155,0.1367,0.0000,0.0000,0
61.498,1,1322,-0.00899,0.00219,-0.0011,0.0034,-0.03280,0.04663,0.00399,1,1,0.054,0.122,in_circle,0.0155,0.1367,0.0000,0.0000,0
61.543,1,1323,-0.00845,0.00193,0.0120,-0.0058,-0.03221,0.04744,0.00412,1,1,0.023,0.133,in_circle,0.0155,0.1367,0.0000,0.0000,0
61.587,1,1324,-0.00892,0.00183,-0.0105,-0.0022,-0.03218,0.04659,0.00431,1,1,-0.031,0.170,in_circle,0.0155,0.1367,0.0000,0.0000,0
61.630,1,1325,-0.00897,0.00267,-0.0013,0.0193,-0.03205,0.04544,0.00353,1,1,0.060,0.156,in_circle,0.0155,0.1367,0.0000,0.0000,0
61.675,1,1326,-0.00880,0.00195,0.0039,-0.0159,-0.03164,0.04416,0.00417,1,1,0.024,0.068,in_circle,0.0155,0.1367,0.0000,0.0000,0
61.719,1,1327,-0.00889,0.00183,-0.0021,-0.0027,-0.03170,0.04627,0.00431,1,1,0.003,0.210,in_circle,0.0155,0.1367,0.0000,0.0000,0
61.763,1,1328,-0.00903,0.00180,-0.0033,-0.0007,-0.02904,0.04568,0.00438,1,1,0.027,0.158,in_circle,0.0155,0.1367,0.0000,0.0000,0
61.808,1,1329,-0.00904,0.00190,-0.0000,0.0023,-0.03247,0.04731,0.00428,1,1,0.032,0.150,in_circle,0.0155,0.1367,0.0000,0.0000,0
61.851,1,1330,-0.00866,0.00173,0.0088,-0.0040,-0.03164,0.04440,0.00436,1,1,0.019,0.138,in_circle,0.0155,0.1367,0.0000,0.0000,0
61.895,1,1331,-0.00878,0.00216,-0.0026,0.0098,-0.03229,0.04420,0.00396,1,1,-0.017,0.164,in_circle,0.0155,0.1367,0.0000,0.0000,0
61.939,1,1332,-0.00894,0.00186,-0.0038,-0.0068,-0.03158,0.04562,0.00429,1,1,0.029,0.107,in_circle,0.0155,0.1367,0.0000,0.0000,0
61.983,1,1333,-0.00891,0.00204,0.0008,0.0042,-0.03191,0.04560,0.00411,1,1,0.033,0.174,in_circle,0.0155,0.1367,0.0000,0.0000,0
62.026,1,1334,-0.00839,0.00190,0.0120,-0.0033,-0.03098,0.04663,0.00414,1,1,0.015,0.130,in_circle,0.0155,0.1367,0.0000,0.0000,0
62.071,1,1335,-0.00926,0.00160,-0.0196,-0.0067,-0.03157,0.04606,0.00464,1,1,-0.031,0.160,in_circle,0.0155,0.1367,0.0000,0.0000,0
62.134,1,1336,-0.00888,0.00244,0.0060,0.0132,-0.03158,0.04562,0.00372,1,1,0.098,0.175,in_circle,0.0155,0.1367,0.0000,0.0000,0
62.203,1,1337,-0.00899,0.00214,-0.0016,-0.0043,-0.03198,0.04929,0.00404,1,1,-0.006,0.093,in_circle,0.0155,0.1367,0.0000,0.0000,0
62.292,1,1338,-0.00928,0.00199,-0.0033,-0.0017,-0.02990,0.04627,0.00428,1,1,0.025,0.164,in_circle,0.0155,0.1367,0.0000,0.0000,0
62.336,1,1339,-0.00857,0.00193,0.0159,-0.0012,-0.02935,0.04728,0.00414,1,1,0.032,0.154,in_circle,0.0155,0.1367,0.0000,0.0000,0
62.379,1,1340,-0.00889,0.00202,-0.0074,0.0021,-0.03049,0.04696,0.00413,1,1,-0.046,0.152,in_circle,0.0155,0.1367,0.0000,0.0000,0
62.423,1,1341,-0.00912,0.00164,-0.0051,-0.0086,-0.02898,0.04661,0.00455,1,1,0.048,0.138,in_circle,0.0155,0.1367,0.0000,0.0000,0
62.468,1,1342,-0.00888,0.00219,0.0053,0.0122,-0.03096,0.04546,0.00396,1,1,0.039,0.182,in_circle,0.0155,0.1367,0.0000,0.0000,0
62.512,1,1343,-0.00851,0.00148,0.0083,-0.0162,-0.03104,0.04684,0.00458,1,1,-0.003,0.097,in_circle,0.0155,0.1367,0.0000,0.0000,0
62.554,1,1344,-0.00889,0.00211,-0.0088,0.0150,-0.03363,0.04561,0.00404,1,1,-0.016,0.213,in_circle,0.0155,0.1367,0.0000,0.0000,0
62.600,1,1345,-0.00821,0.00148,0.0147,-0.0138,-0.03248,0.04523,0.00454,1,1,0.054,0.086,in_circle,0.0155,0.1367,0.0000,0.0000,0
62.643,1,1346,-0.00890,0.00210,-0.0162,0.0145,-0.03656,0.04756,0.00406,1,1,-0.042,0.203,in_circle,0.0155,0.1367,0.0000,0.0000,0
62.689,1,1347,-0.00898,0.00220,-0.0017,0.0023,-0.03314,0.04755,0.00398,1,1,0.083,0.088,in_circle,0.0155,0.1367,0.0000,0.0000,0
62.730,1,1348,-0.00828,0.00140,0.0170,-0.0195,-0.03393,0.04380,0.00463,1,1,0.025,0.137,in_circle,0.0155,0.1367,0.0000,0.0000,0
62.776,1,1349,-0.00897,0.00210,-0.0153,0.0156,-0.03166,0.04632,0.00407,1,1,-0.051,0.226,in_circle,0.0155,0.1367,0.0000,0.0000,0
62.820,1,1350,-0.00878,0.00215,0.0043,0.0012,-0.03252,0.04443,0.00397,1,1,0.080,0.084,in_circle,0.0155,0.1367,0.0000,0.0000,0
62.864,1,1351,-0.00877,0.00183,0.0004,-0.0073,-0.03554,0.04326,0.00428,1,1,0.001,0.142,in_circle,0.0155,0.1367,0.0000,0.0000,0
62.908,1,1352,-0.00865,0.00179,0.0027,-0.0009,-0.03047,0.04398,0.00429,1,1,0.017,0.177,in_circle,0.0155,0.1367,0.0000,0.0000,0
62.950,1,1353,-0.00874,0.00220,-0.0023,0.0098,-0.03160,0.04502,0.00391,1,1,0.007,0.151,in_circle,0.0155,0.1367,0.0000,0.0000,0
62.994,1,1354,-0.00834,0.00175,0.0090,-0.0103,-0.03218,0.04284,0.00429,1,1,0.027,0.107,in_circle,0.0155,0.1367,0.0000,0.0000,0
63.038,1,1355,-0.00818,0.00150,0.0036,-0.0057,-0.03150,0.04419,0.00452,1,1,-0.019,0.188,in_circle,0.0155,0.1367,0.0000,0.0000,0
63.082,1,1356,-0.00852,0.00209,-0.0077,0.0135,-0.03195,0.04478,0.00398,1,1,0.002,0.171,in_circle,0.0155,0.1367,0.0000,0.0000,0
63.128,1,1357,-0.00893,0.00193,-0.0088,-0.0035,-0.03349,0.04344,0.00422,1,1,0.048,0.093,in_circle,0.0155,0.1367,0.0000,0.0000,0
63.173,1,1358,-0.00845,0.00157,0.0106,-0.0082,-0.03233,0.04496,0.00448,1,1,0.053,0.161,in_circle,0.0155,0.1367,0.0000,0.0000,0
63.215,1,1359,-0.00860,0.00170,-0.0034,0.0032,-0.03078,0.04580,0.00437,1,1,-0.025,0.180,in_circle,0.0155,0.1367,0.0000,0.0000,0
63.260,1,1360,-0.00898,0.00178,-0.0086,0.0017,-0.03157,0.04552,0.00438,1,1,0.031,0.135,in_circle,0.0155,0.1367,0.0000,0.0000,0
63.303,1,1361,-0.00847,0.00170,0.0119,-0.0018,-0.03150,0.04451,0.00435,1,1,0.053,0.141,in_circle,0.0155,0.1367,0.0000,0.0000,0
63.349,1,1362,-0.00907,0.00182,-0.0130,0.0026,-0.03182,0.04666,0.00437,1,1,-0.031,0.155,in_circle,0.0155,0.1367,0.0000,0.0000,0
63.390,1,1363,-0.00893,0.00213,0.0033,0.0075,-0.03153,0.04544,0.00403,1,1,0.071,0.137,in_circle,0.0155,0.1367,0.0000,0.0000,0
63.434,1,1364,-0.00875,0.00203,0.0041,-0.0024,-0.03166,0.04362,0.00408,1,1,0.005,0.116,in_circle,0.0155,0.1367,0.0000,0.0000,0
63.479,1,1365,-0.00884,0.00169,-0.0019,-0.0075,-0.03175,0.04529,0.00443,1,1,0.002,0.156,in_circle,0.0155,0.1367,0.0000,0.0000,0
63.524,1,1366,-0.00888,0.00180,-0.0008,0.0024,-0.03154,0.04642,0.00434,1,1,0.026,0.177,in_circle,0.0155,0.1367,0.0000,0.0000,0
63.568,1,1367,-0.00840,0.00145,0.0109,-0.0079,-0.03153,0.04568,0.00459,1,1,0.022,0.138,in_circle,0.0155,0.1367,0.0000,0.0000,0
63.610,1,1368,-0.00896,0.00177,-0.0130,0.0073,-0.03189,0.04615,0.00439,1,1,-0.026,0.180,in_circle,0.0155,0.1367,0.0000,0.0000,0
63.656,1,1369,-0.00869,0.00183,0.0058,0.0015,-0.03106,0.04637,0.00426,1,1,0.070,0.118,in_circle,0.0155,0.1367,0.0000,0.0000,0
63.699,1,1370,-0.00864,0.00174,0.0012,-0.0022,-0.03200,0.04594,0.00434,1,1,-0.006,0.141,in_circle,0.0155,0.1367,0.0000,0.0000,0
63.742,1,1371,-0.00842,0.00157,0.0049,-0.0039,-0.02986,0.04684,0.00447,1,1,0.013,0.156,in_circle,0.0155,0.1367,0.0000,0.0000,0
63.787,1,1372,-0.00902,0.00212,-0.0134,0.0124,-0.03172,0.04714,0.00407,1,1,-0.002,0.163,in_circle,0.0155,0.1367,0.0000,0.0000,0
63.832,1,1373,-0.00835,0.00152,0.0150,-0.0134,-0.03207,0.04528,0.00452,1,1,0.072,0.097,in_circle,0.0155,0.1367,0.0000,0.0000,0
63.875,1,1374,-0.00911,0.00234,-0.0178,0.0191,-0.03163,0.04694,0.00389,1,1,-0.043,0.202,in_circle,0.0155,0.1367,0.0000,0.0000,0
63.919,1,1375,-0.00865,0.00234,0.0104,-0.0001,-0.02929,0.04551,0.00376,1,1,0.090,0.070,in_circle,0.0155,0.1367,0.0000,0.0000,0
63.962,1,1376,-0.00884,0.00193,-0.0043,-0.0096,-0.03334,0.04379,0.00420,1,1,-0.024,0.146,in_circle,0.0155,0.1367,0.0000,0.0000,0
64.009,1,1377,-0.00848,0.00211,0.0077,0.0038,-0.02960,0.04601,0.00395,1,1,0.035,0.185,in_circle,0.0155,0.1367,0.0000,0.0000,0
64.051,1,1378,-0.00869,0.00131,-0.0051,-0.0188,-0.03114,0.04629,0.00477,1,1,-0.013,0.131,in_circle,0.0155,0.1367,0.0000,0.0000,0
64.095,1,1379,-0.00853,0.00212,0.0036,0.0186,-0.03286,0.04457,0.00395,1,1,0.038,0.224,in_circle,0.0155,0.1367,0.0000,0.0000,0
64.138,1,1380,-0.00844,0.00143,0.0022,-0.0160,-0.03245,0.04541,0.00462,1,1,0.003,0.072,in_circle,0.0155,0.1367,0.0000,0.0000,0
64.183,1,1381,-0.00915,0.00197,-0.0159,0.0120,-0.03451,0.04561,0.00425,1,1,0.009,0.212,in_circle,0.0155,0.1367,0.0000,0.0000,0
64.228,1,1382,-0.00862,0.00178,0.0121,-0.0042,-0.03135,0.04748,0.00430,1,1,0.083,0.099,in_circle,0.0155,0.1367,0.0000,0.0000,0
64.359,1,1383,-0.00898,0.00215,-0.0027,0.0028,-0.02946,0.04676,0.00403,1,1,-0.031,0.164,in_circle,0.0155,0.1367,0.0000,0.0000,0
64.404,1,1384,-0.00841,0.00179,0.0127,-0.0079,-0.03124,0.04827,0.00425,1,1,0.029,0.135,in_circle,0.0155,0.1367,0.0000,0.0000,0
64.447,1,1385,-0.00830,0.00188,0.0025,0.0020,-0.03119,0.04641,0.00415,1,1,-0.034,0.179,in_circle,0.0155,0.1367,0.0000,0.0000,0
64.491,1,1386,-0.00933,0.00169,-0.0239,-0.0044,-0.03183,0.04783,0.00458,1,1,0.007,0.139,in_circle,0.0155,0.1367,0.0000,0.0000,0
64.536,1,1387,-0.00903,0.00187,0.0067,0.0040,-0.03304,0.04632,0.00431,1,1,0.115,0.165,in_circle,0.0155,0.1367,0.0000,0.0000,0
64.577,1,1388,-0.00836,0.00160,0.0161,-0.0065,-0.03227,0.04475,0.00444,1,1,-0.008,0.131,in_circle,0.0155,0.1367,0.0000,0.0000,0
64.623,1,1389,-0.00857,0.00221,-0.0047,0.0136,-0.03183,0.04781,0.00386,1,1,-0.048,0.174,in_circle,0.0155,0.1367,0.0000,0.0000,0
64.666,1,1390,-0.00916,0.00213,-0.0137,-0.0019,-0.03167,0.04740,0.00410,1,1,0.036,0.092,in_circle,0.0155,0.1367,0.0000,0.0000,0
64.711,1,1391,-0.00856,0.00195,0.0134,-0.0040,-0.03231,0.04433,0.00412,1,1,0.074,0.154,in_circle,0.0155,0.1367,0.0000,0.0000,0
64.756,1,1392,-0.00828,0.00170,0.0060,-0.0056,-0.03123,0.04506,0.00433,1,1,-0.036,0.163,in_circle,0.0155,0.1367,0.0000,0.0000,0
64.801,1,1393,-0.00883,0.00230,-0.0122,0.0135,-0.03215,0.04512,0.00384,1,1,-0.007,0.170,in_circle,0.0155,0.1367,0.0000,0.0000,0
64.843,1,1394,-0.00856,0.00204,0.0061,-0.0061,-0.03152,0.04280,0.00403,1,1,0.067,0.092,in_circle,0.0155,0.1367,0.0000,0.0000,0
64.888,1,1395,-0.00872,0.00144,-0.0034,-0.0135,-0.03337,0.04310,0.00465,1,1,-0.007,0.171,in_circle,0.0155,0.1367,0.0000,0.0000,0
64.931,1,1396,-0.00914,0.00179,-0.0097,0.0081,-0.03089,0.04558,0.00442,1,1,0.031,0.202,in_circle,0.0155,0.1367,0.0000,0.0000,0
64.977,1,1397,-0.00883,0.00194,0.0067,0.0034,-0.03383,0.04501,0.00418,1,1,0.058,0.115,in_circle,0.0155,0.1367,0.0000,0.0000,0
65.019,1,1398,-0.00896,0.00224,-0.0031,0.0070,-0.03391,0.04598,0.00394,1,1,-0.009,0.133,in_circle,0.0155,0.1367,0.0000,0.0000,0
65.065,1,1399,-0.00898,0.00185,-0.0004,-0.0085,-0.03181,0.04525,0.00431,1,1,0.031,0.118,in_circle,0.0155,0.1367,0.0000,0.0000,0
65.106,1,1400,-0.00888,0.00209,0.0025,0.0058,-0.03281,0.04452,0.00405,1,1,0.020,0.181,in_circle,0.0155,0.1367,0.0000,0.0000,0
65.150,1,1401,-0.00902,0.00163,-0.0034,-0.0108,-0.03163,0.04421,0.00454,1,1,0.008,0.123,in_circle,0.0155,0.1367,0.0000,0.0000,0
65.194,1,1402,-0.00844,0.00161,0.0131,-0.0003,-0.03202,0.04460,0.00444,1,1,0.032,0.191,in_circle,0.0155,0.1367,0.0000,0.0000,0
65.238,1,1403,-0.00895,0.00236,-0.0113,0.0168,-0.03131,0.04444,0.00381,1,1,-0.035,0.149,in_circle,0.0155,0.1367,0.0000,0.0000,0
65.284,1,1404,-0.00869,0.00196,0.0057,-0.0090,-0.03343,0.04505,0.00414,1,1,0.064,0.078,in_circle,0.0155,0.1367,0.0000,0.0000,0
65.326,1,1405,-0.00870,0.00201,-0.0000,0.0012,-0.03183,0.04416,0.00409,1,1,-0.005,0.183,in_circle,0.0155,0.1367,0.0000,0.0000,0
65.372,1,1406,-0.00905,0.00211,-0.0076,0.0023,-0.02934,0.04669,0.00408,1,1,0.018,0.142,in_circle,0.0155,0.1367,0.0000,0.0000,0
65.414,1,1407,-0.00900,0.00197,0.0011,-0.0033,-0.03188,0.04580,0.00420,1,1,0.049,0.137,in_circle,0.0155,0.1367,0.0000,0.0000,0
65.459,1,1408,-0.00900,0.00211,0.0001,0.0030,-0.03147,0.04547,0.00407,1,1,0.014,0.160,in_circle,0.0155,0.1367,0.0000,0.0000,0
65.506,1,1409,-0.00904,0.00185,-0.0009,-0.0055,-0.03089,0.04755,0.00433,1,1,0.018,0.135,in_circle,0.0155,0.1367,0.0000,0.0000,0
65.548,1,1410,-0.00896,0.00212,0.0018,0.0065,-0.02984,0.04660,0.00405,1,1,0.022,0.169,in_circle,0.0155,0.1367,0.0000,0.0000,0
65.590,1,1411,-0.00893,0.00185,0.0007,-0.0065,-0.03058,0.04599,0.00431,1,1,0.011,0.120,in_circle,0.0155,0.1367,0.0000,0.0000,0
65.635,1,1412,-0.00891,0.00214,0.0004,0.0065,-0.03190,0.04555,0.00402,1,1,0.016,0.173,in_circle,0.0155,0.1367,0.0000,0.0000,0
65.679,1,1413,-0.00882,0.00217,0.0021,0.0006,-0.03154,0.04719,0.00397,1,1,0.017,0.120,in_circle,0.0155,0.1367,0.0000,0.0000,0
65.722,1,1414,-0.00899,0.00198,-0.0040,-0.0043,-0.03211,0.04711,0.00419,1,1,0.010,0.144,in_circle,0.0155,0.1367,0.0000,0.0000,0
65.767,1,1415,-0.00879,0.00193,0.0045,-0.0011,-0.03146,0.04572,0.00419,1,1,0.034,0.164,in_circle,0.0155,0.1367,0.0000,0.0000,0
65.811,1,1416,-0.00898,0.00214,-0.0042,0.0046,-0.03169,0.04680,0.00404,1,1,-0.000,0.151,in_circle,0.0155,0.1367,0.0000,0.0000,0
65.856,1,1417,-0.00899,0.00214,-0.0001,0.0000,-0.03187,0.04774,0.00404,1,1,0.035,0.128,in_circle,0.0155,0.1367,0.0000,0.0000,0
65.900,1,1418,-0.00857,0.00228,0.0097,0.0033,-0.03150,0.04647,0.00380,1,1,0.019,0.146,in_circle,0.0155,0.1367,0.0000,0.0000,0
65.944,1,1419,-0.00894,0.00218,-0.0083,-0.0024,-0.03227,0.04687,0.00399,1,1,-0.021,0.133,in_circle,0.0155,0.1367,0.0000,0.0000,0
65.990,1,1420,-0.00919,0.00184,-0.0055,-0.0075,-0.03140,0.04684,0.00439,1,1,0.052,0.156,in_circle,0.0155,0.1367,0.0000,0.0000,0
66.034,1,1421,-0.00910,0.00165,0.0021,-0.0043,-0.03215,0.04293,0.00454,1,1,0.041,0.177,in_circle,0.0155,0.1367,0.0000,0.0000,0
66.075,1,1422,-0.00878,0.00192,0.0077,0.0066,-0.03123,0.04504,0.00420,1,1,0.010,0.165,in_circle,0.0155,0.1367,0.0000,0.0000,0
66.119,1,1423,-0.00889,0.00195,-0.0025,0.0008,-0.03201,0.04559,0.00419,1,1,-0.013,0.120,in_circle,0.0155,0.1367,0.0000,0.0000,0
66.163,1,1424,-0.00885,0.00221,0.0010,0.0058,-0.03162,0.04541,0.00393,1,1,0.028,0.144,in_circle,0.0155,0.1367,0.0000,0.0000,0
66.208,1,1425,-0.00898,0.00153,-0.0031,-0.0151,-0.03149,0.04421,0.00463,1,1,0.014,0.123,in_circle,0.0155,0.1367,0.0000,0.0000,0
66.250,1,1426,-0.00899,0.00210,-0.0002,0.0134,-0.03131,0.04442,0.00408,1,1,0.031,0.208,in_circle,0.0155,0.1367,0.0000,0.0000,0
66.340,1,1427,-0.00905,0.00221,-0.0006,0.0013,-0.03481,0.04708,0.00399,1,1,0.019,0.093,in_circle,0.0155,0.1367,0.0000,0.0000,0
66.385,1,1428,-0.00865,0.00209,0.0087,-0.0026,-0.03342,0.04449,0.00400,1,1,0.021,0.141,in_circle,0.0155,0.1367,0.0000,0.0000,0
66.426,1,1429,-0.00934,0.00199,-0.0166,-0.0024,-0.03131,0.04630,0.00429,1,1,-0.017,0.157,in_circle,0.0155,0.1367,0.0000,0.0000,0
66.470,1,1430,-0.00887,0.00181,0.0109,-0.0043,-0.03182,0.04666,0.00433,1,1,0.086,0.156,in_circle,0.0155,0.1367,0.0000,0.0000,0
66.515,1,1431,-0.00912,0.00160,-0.0056,-0.0045,-0.03185,0.04482,0.00459,1,1,-0.025,0.164,in_circle,0.0155,0.1367,0.0000,0.0000,0
66.561,1,1432,-0.00913,0.00234,-0.0003,0.0162,-0.03225,0.04604,0.00389,1,1,0.041,0.166,in_circle,0.0155,0.1367,0.0000,0.0000,0
66.604,1,1433,-0.00889,0.00221,0.0054,-0.0029,-0.03100,0.04657,0.00394,1,1,0.020,0.081,in_circle,0.0155,0.1367,0.0000,0.0000,0
66.647,1,1434,-0.00893,0.00194,-0.0007,-0.0065,-0.03066,0.04499,0.00422,1,1,-0.004,0.158,in_circle,0.0155,0.1367,0.0000,0.0000,0
66.691,1,1435,-0.00869,0.00202,0.0052,0.0020,-0.02959,0.04666,0.00408,1,1,0.021,0.173,in_circle,0.0155,0.1367,0.0000,0.0000,0
66.737,1,1436,-0.00901,0.00205,-0.0070,0.0006,-0.03094,0.04560,0.00413,1,1,-0.003,0.139,in_circle,0.0155,0.1367,0.0000,0.0000,0
66.779,1,1437,-0.00900,0.00180,0.0004,-0.0058,-0.03134,0.04667,0.00436,1,1,0.047,0.144,in_circle,0.0155,0.1367,0.0000,0.0000,0
66.825,1,1438,-0.00830,0.00168,0.0152,-0.0027,-0.03149,0.04421,0.00435,1,1,0.017,0.171,in_circle,0.0155,0.1367,0.0000,0.0000,0
66.869,1,1439,-0.00931,0.00196,-0.0234,0.0064,-0.03228,0.04760,0.00432,1,1,-0.044,0.158,in_circle,0.0155,0.1367,0.0000,0.0000,0
66.912,1,1440,-0.00893,0.00171,0.0090,-0.0056,-0.03198,0.04573,0.00443,1,1,0.113,0.121,in_circle,0.0155,0.1367,0.0000,0.0000,0
66.955,1,1441,-0.00866,0.00204,0.0060,0.0077,-0.03185,0.04482,0.00405,1,1,-0.018,0.170,in_circle,0.0155,0.1367,0.0000,0.0000,0
66.999,1,1442,-0.00855,0.00120,0.0026,-0.0193,-0.03210,0.04654,0.00486,1,1,-0.006,0.116,in_circle,0.0155,0.1367,0.0000,0.0000,0
67.042,1,1443,-0.00925,0.00190,-0.0162,0.0163,-0.03139,0.04622,0.00435,1,1,0.007,0.226,in_circle,0.0155,0.1367,0.0000,0.0000,0
67.086,1,1444,-0.00819,0.00120,0.0246,-0.0161,-0.03287,0.04358,0.00481,1,1,0.084,0.082,in_circle,0.0155,0.1367,0.0000,0.0000,0
67.131,1,1445,-0.00852,0.00213,-0.0074,0.0205,-0.03752,0.04650,0.00393,1,1,-0.082,0.213,in_circle,0.0155,0.1367,0.0000,0.0000,0
67.177,1,1446,-0.00903,0.00213,-0.0111,-0.0002,-0.03235,0.04692,0.00406,1,1,0.047,0.064,in_circle,0.0155,0.1367,0.0000,0.0000,0
67.220,1,1447,-0.00910,0.00243,-0.0016,0.0072,-0.03480,0.04488,0.00379,1,1,0.063,0.147,in_circle,0.0155,0.1367,0.0000,0.0000,0
67.265,1,1448,-0.00845,0.00192,0.0144,-0.0115,-0.02909,0.04377,0.00413,1,1,0.025,0.117,in_circle,0.0155,0.1367,0.0000,0.0000,0
67.308,1,1449,-0.00889,0.00185,-0.0103,-0.0016,-0.02922,0.04555,0.00429,1,1,-0.040,0.193,in_circle,0.0155,0.1367,0.0000,0.0000,0
67.350,1,1450,-0.00859,0.00184,0.0072,-0.0001,-0.03048,0.04718,0.00423,1,1,0.059,0.154,in_circle,0.0155,0.1367,0.0000,0.0000,0
67.396,1,1451,-0.00851,0.00200,0.0017,0.0035,-0.03266,0.04368,0.00406,1,1,-0.011,0.147,in_circle,0.0155,0.1367,0.0000,0.0000,0
67.440,1,1452,-0.00904,0.00212,-0.0120,0.0027,-0.03172,0.04714,0.00407,1,1,0.010,0.133,in_circle,0.0155,0.1367,0.0000,0.0000,0
67.483,1,1453,-0.00929,0.00195,-0.0058,-0.0040,-0.03240,0.04490,0.00432,1,1,0.067,0.136,in_circle,0.0155,0.1367,0.0000,0.0000,0
67.528,1,1454,-0.00929,0.00183,-0.0001,-0.0027,-0.03121,0.04566,0.00443,1,1,0.042,0.163,in_circle,0.0155,0.1367,0.0000,0.0000,0
67.573,1,1455,-0.00894,0.00220,0.0077,0.0083,-0.03204,0.04633,0.00397,1,1,0.020,0.158,in_circle,0.0155,0.1367,0.0000,0.0000,0
67.614,1,1456,-0.00900,0.00216,-0.0013,-0.0011,-0.03199,0.04627,0.00402,1,1,-0.012,0.113,in_circle,0.0155,0.1367,0.0000,0.0000,0
67.660,1,1457,-0.00827,0.00191,0.0159,-0.0054,-0.03135,0.04491,0.00412,1,1,0.024,0.151,in_circle,0.0155,0.1367,0.0000,0.0000,0
67.703,1,1458,-0.00882,0.00174,-0.0125,-0.0038,-0.03179,0.04478,0.00438,1,1,-0.047,0.169,in_circle,0.0155,0.1367,0.0000,0.0000,0
67.748,1,1459,-0.00880,0.00213,0.0005,0.0087,-0.03077,0.04420,0.00400,1,1,0.068,0.163,in_circle,0.0155,0.1367,0.0000,0.0000,0
67.792,1,1460,-0.00879,0.00218,0.0002,0.0011,-0.03149,0.04421,0.00395,1,1,0.016,0.111,in_circle,0.0155,0.1367,0.0000,0.0000,0
67.836,1,1461,-0.00869,0.00174,0.0023,-0.0101,-0.03174,0.04610,0.00436,1,1,0.017,0.142,in_circle,0.0155,0.1367,0.0000,0.0000,0
67.879,1,1462,-0.00874,0.00173,-0.0010,-0.0000,-0.03163,0.04694,0.00437,1,1,0.009,0.188,in_circle,0.0155,0.1367,0.0000,0.0000,0
67.924,1,1463,-0.00905,0.00203,-0.0070,0.0065,-0.03137,0.04623,0.00417,1,1,0.022,0.148,in_circle,0.0155,0.1367,0.0000,0.0000,0
67.967,1,1464,-0.00840,0.00223,0.0150,0.0047,-0.03172,0.04618,0.00382,1,1,0.047,0.121,in_circle,0.0155,0.1367,0.0000,0.0000,0
68.010,1,1465,-0.00910,0.00177,-0.0166,-0.0109,-0.03201,0.04639,0.00443,1,1,-0.043,0.127,in_circle,0.0155,0.1367,0.0000,0.0000,0
68.057,1,1466,-0.00896,0.00198,0.0030,0.0046,-0.03206,0.04715,0.00418,1,1,0.085,0.191,in_circle,0.0155,0.1367,0.0000,0.0000,0
68.099,1,1467,-0.00883,0.00160,0.0030,-0.0090,-0.03260,0.04607,0.00452,1,1,0.006,0.128,in_circle,0.0155,0.1367,0.0000,0.0000,0
68.144,1,1468,-0.00881,0.00243,0.0005,0.0188,-0.03223,0.04719,0.00371,1,1,0.006,0.184,in_circle,0.0155,0.1367,0.0000,0.0000,0
68.188,1,1469,-0.00887,0.00189,-0.0015,-0.0124,-0.03199,0.04646,0.00425,1,1,0.016,0.071,in_circle,0.0155,0.1367,0.0000,0.0000,0
68.233,1,1470,-0.00899,0.00220,-0.0026,0.0070,-0.03215,0.04814,0.00398,1,1,0.024,0.197,in_circle,0.0155,0.1367,0.0000,0.0000,0
68.276,1,1471,-0.00872,0.00176,0.0062,-0.0102,-0.02866,0.04579,0.00433,1,1,0.029,0.118,in_circle,0.0155,0.1367,0.0000,0.0000,0
68.365,1,1472,-0.00887,0.00186,-0.0016,0.0011,-0.03015,0.04828,0.00427,1,1,-0.007,0.188,in_circle,0.0155,0.1367,0.0000,0.0000,0
68.408,1,1473,-0.00899,0.00197,-0.0027,0.0026,-0.03067,0.04554,0.00420,1,1,0.025,0.143,in_circle,0.0155,0.1367,0.0000,0.0000,0
68.452,1,1474,-0.00854,0.00172,0.0101,-0.0059,-0.03332,0.04657,0.00435,1,1,0.029,0.137,in_circle,0.0155,0.1367,0.0000,0.0000,0
68.495,1,1475,-0.00918,0.00168,-0.0150,-0.0009,-0.03223,0.04740,0.00454,1,1,-0.023,0.171,in_circle,0.0155,0.1367,0.0000,0.0000,0
68.538,1,1476,-0.00879,0.00235,0.0090,0.0152,-0.03227,0.04733,0.00378,1,1,0.079,0.151,in_circle,0.0155,0.1367,0.0000,0.0000,0
68.584,1,1477,-0.00848,0.00147,0.0068,-0.0192,-0.03299,0.04523,0.00458,1,1,-0.018,0.085,in_circle,0.0155,0.1367,0.0000,0.0000,0
68.627,1,1478,-0.00888,0.00195,-0.0094,0.0111,-0.03199,0.04758,0.00419,1,1,-0.010,0.225,in_circle,0.0155,0.1367,0.0000,0.0000,0
68.669,1,1479,-0.00885,0.00186,0.0007,-0.0023,-0.03100,0.04490,0.00428,1,1,0.056,0.102,in_circle,0.0155,0.1367,0.0000,0.0000,0
68.715,1,1480,-0.00927,0.00201,-0.0091,0.0035,-0.03507,0.04550,0.00425,1,1,0.015,0.156,in_circle,0.0155,0.1367,0.0000,0.0000,0
68.759,1,1481,-0.00889,0.00226,0.0086,0.0056,-0.03190,0.04490,0.00389,1,1,0.056,0.133,in_circle,0.0155,0.1367,0.0000,0.0000,0
68.806,1,1482,-0.00904,0.00202,-0.0033,-0.0052,-0.03297,0.04376,0.00417,1,1,-0.016,0.124,in_circle,0.0155,0.1367,0.0000,0.0000,0
68.847,1,1483,-0.00897,0.00164,0.0016,-0.0092,-0.03156,0.04534,0.00451,1,1,0.032,0.167,in_circle,0.0155,0.1367,0.0000,0.0000,0
68.891,1,1484,-0.00910,0.00199,-0.0028,0.0079,-0.03257,0.04291,0.00422,1,1,0.012,0.184,in_circle,0.0155,0.1367,0.0000,0.0000,0
68.934,1,1485,-0.00875,0.00197,0.0082,-0.0003,-0.03251,0.04465,0.00414,1,1,0.030,0.115,in_circle,0.0155,0.1367,0.0000,0.0000,0
68.980,1,1486,-0.00919,0.00152,-0.0098,-0.0100,-0.03204,0.04419,0.00469,1,1,-0.015,0.148,in_circle,0.0155,0.1367,0.0000,0.0000,0
69.023,1,1487,-0.00916,0.00156,0.0009,0.0009,-0.03089,0.04409,0.00465,1,1,0.058,0.188,in_circle,0.0155,0.1367,0.0000,0.0000,0
69.067,1,1488,-0.00854,0.00203,0.0138,0.0106,-0.03183,0.04176,0.00404,1,1,0.015,0.144,in_circle,0.0155,0.1367,0.0000,0.0000,0
69.110,1,1489,-0.00836,0.00224,0.0043,0.0049,-0.03277,0.04493,0.00380,1,1,-0.038,0.104,in_circle,0.0155,0.1367,0.0000,0.0000,0
69.155,1,1490,-0.00901,0.00181,-0.0144,-0.0096,-0.03202,0.04565,0.00436,1,1,-0.000,0.126,in_circle,0.0155,0.1367,0.0000,0.0000,0
69.198,1,1491,-0.00911,0.00143,-0.0022,-0.0089,-0.03085,0.04608,0.00475,1,1,0.076,0.186,in_circle,0.0155,0.1367,0.0000,0.0000,0
69.243,1,1492,-0.00899,0.00185,0.0027,0.0092,-0.03147,0.04487,0.00432,1,1,0.028,0.184,in_circle,0.0155,0.1367,0.0000,0.0000,0
69.287,1,1493,-0.00886,0.00209,0.0028,0.0057,-0.03221,0.04687,0.00405,1,1,0.008,0.111,in_circle,0.0155,0.1367,0.0000,0.0000,0
69.331,1,1494,-0.00895,0.00212,-0.0018,0.0007,-0.03170,0.04587,0.00404,1,1,0.007,0.124,in_circle,0.0155,0.1367,0.0000,0.0000,0
69.374,1,1495,-0.00891,0.00206,0.0008,-0.0014,-0.03142,0.04681,0.00409,1,1,0.026,0.144,in_circle,0.0155,0.1367,0.0000,0.0000,0
69.418,1,1496,-0.00877,0.00199,0.0032,-0.0016,-0.03139,0.04562,0.00412,1,1,0.015,0.152,in_circle,0.0155,0.1367,0.0000,0.0000,0
69.463,1,1497,-0.00848,0.00184,0.0064,-0.0034,-0.03029,0.04512,0.00422,1,1,0.005,0.153,in_circle,0.0155,0.1367,0.0000,0.0000,0
69.507,1,1498,-0.00907,0.00162,-0.0135,-0.0050,-0.03131,0.04630,0.00456,1,1,-0.008,0.161,in_circle,0.0155,0.1367,0.0000,0.0000,0
69.551,1,1499,-0.00903,0.00146,0.0009,-0.0035,-0.03098,0.04662,0.00470,1,1,0.073,0.168,in_circle,0.0155,0.1367,0.0000,0.0000,0
69.594,1,1500,-0.00886,0.00231,0.0041,0.0197,-0.03126,0.04711,0.00384,1,1,0.015,0.162,in_circle,0.0155,0.1367,0.0000,0.0000,0
69.640,1,1501,-0.00933,0.00230,-0.0103,-0.0001,-0.03119,0.04600,0.00400,1,1,0.002,0.067,in_circle,0.0155,0.1367,0.0000,0.0000,0
69.682,1,1502,-0.00910,0.00178,0.0055,-0.0124,-0.03106,0.04611,0.00441,1,1,0.061,0.146,in_circle,0.0155,0.1367,0.0000,0.0000,0
69.727,1,1503,-0.00842,0.00175,0.0150,-0.0007,-0.02780,0.04586,0.00430,1,1,-0.003,0.197,in_circle,0.0155,0.1367,0.0000,0.0000,0
69.772,1,1504,-0.00836,0.00188,0.0013,0.0029,-0.03151,0.04559,0.00416,1,1,-0.043,0.150,in_circle,0.0155,0.1367,0.0000,0.0000,0
69.816,1,1505,-0.00870,0.00212,-0.0076,0.0053,-0.03330,0.04531,0.00399,1,1,0.012,0.135,in_circle,0.0155,0.1367,0.0000,0.0000,0
69.859,1,1506,-0.00897,0.00230,-0.0062,0.0042,-0.03302,0.04427,0.00388,1,1,0.048,0.125,in_circle,0.0155,0.1367,0.0000,0.0000,0
69.903,1,1507,-0.00844,0.00199,0.0122,-0.0069,-0.03379,0.04552,0.00406,1,1,0.043,0.129,in_circle,0.0155,0.1367,0.0000,0.0000,0
69.946,1,1508,-0.00826,0.00190,0.0042,-0.0021,-0.03205,0.04499,0.00412,1,1,-0.031,0.174,in_circle,0.0155,0.1367,0.0000,0.0000,0
69.991,1,1509,-0.00865,0.00175,-0.0087,-0.0033,-0.03289,0.04629,0.00433,1,1,0.000,0.155,in_circle,0.0155,0.1367,0.0000,0.0000,0
70.034,1,1510,-0.00884,0.00195,-0.0042,0.0046,-0.03281,0.04420,0.00418,1,1,0.053,0.161,in_circle,0.0155,0.1367,0.0000,0.0000,0
70.079,1,1511,-0.00903,0.00151,-0.0044,-0.0099,-0.03363,0.04588,0.00466,1,1,0.035,0.129,in_circle,0.0155,0.1367,0.0000,0.0000,0
70.123,1,1512,-0.00891,0.00247,0.0027,0.0219,-0.03226,0.04520,0.00370,1,1,0.036,0.187,in_circle,0.0155,0.1367,0.0000,0.0000,0
70.167,1,1513,-0.00911,0.00177,-0.0045,-0.0160,-0.03240,0.04492,0.00443,1,1,0.007,0.058,in_circle,0.0155,0.1367,0.0000,0.0000,0
70.211,1,1514,-0.00880,0.00219,0.0070,0.0097,-0.03203,0.04577,0.00394,1,1,0.037,0.211,in_circle,0.0155,0.1367,0.0000,0.0000,0
70.254,1,1515,-0.00857,0.00207,0.0054,-0.0030,-0.02705,0.04580,0.00401,1,1,-0.010,0.108,in_circle,0.0155,0.1367,0.0000,0.0000,0
70.300,1,1516,-0.00841,0.00152,0.0035,-0.0119,-0.03218,0.04622,0.00452,1,1,-0.004,0.158,in_circle,0.0155,0.1367,0.0000,0.0000,0
70.387,1,1517,-0.00869,0.00177,-0.0033,0.0028,-0.03154,0.04651,0.00432,1,1,0.003,0.196,in_circle,0.0155,0.1367,0.0000,0.0000,0
70.431,1,1518,-0.00857,0.00163,0.0028,-0.0031,-0.03144,0.04548,0.00444,1,1,0.031,0.136,in_circle,0.0155,0.1367,0.0000,0.0000,0
70.474,1,1519,-0.00884,0.00212,-0.0064,0.0113,-0.03212,0.04547,0.00402,1,1,0.006,0.160,in_circle,0.0155,0.1367,0.0000,0.0000,0
70.519,1,1520,-0.00887,0.00187,-0.0005,-0.0054,-0.03224,0.04725,0.00426,1,1,0.044,0.101,in_circle,0.0155,0.1367,0.0000,0.0000,0
70.563,1,1521,-0.00890,0.00180,-0.0008,-0.0017,-0.03165,0.04548,0.00434,1,1,0.020,0.169,in_circle,0.0155,0.1367,0.0000,0.0000,0
70.606,1,1522,-0.00895,0.00180,-0.0012,0.0000,-0.03133,0.04556,0.00436,1,1,0.021,0.154,in_circle,0.0155,0.1367,0.0000,0.0000,0
70.650,1,1523,-0.00911,0.00162,-0.0035,-0.0041,-0.03258,0.04604,0.00457,1,1,0.023,0.147,in_circle,0.0155,0.1367,0.0000,0.0000,0
70.694,1,1524,-0.00892,0.00219,0.0043,0.0128,-0.03138,0.04557,0.00397,1,1,0.033,0.164,in_circle,0.0155,0.1367,0.0000,0.0000,0
70.740,1,1525,-0.00881,0.00180,0.0024,-0.0085,-0.03197,0.04745,0.00432,1,1,0.001,0.095,in_circle,0.0155,0.1367,0.0000,0.0000,0
70.782,1,1526,-0.00896,0.00185,-0.0038,0.0012,-0.03180,0.04620,0.00431,1,1,0.008,0.181,in_circle,0.0155,0.1367,0.0000,0.0000,0
70.826,1,1527,-0.00917,0.00196,-0.0046,0.0025,-0.03141,0.04507,0.00427,1,1,0.033,0.142,in_circle,0.0155,0.1367,0.0000,0.0000,0
70.871,1,1528,-0.00889,0.00218,0.0061,0.0050,-0.03302,0.04668,0.00397,1,1,0.037,0.137,in_circle,0.0155,0.1367,0.0000,0.0000,0
70.914,1,1529,-0.00950,0.00209,-0.0141,-0.0021,-0.03254,0.04805,0.00426,1,1,-0.006,0.126,in_circle,0.0155,0.1367,0.0000,0.0000,0
70.959,1,1530,-0.00912,0.00209,0.0083,0.0001,-0.03252,0.04612,0.00412,1,1,0.076,0.155,in_circle,0.0155,0.1367,0.0000,0.0000,0
71.003,1,1531,-0.00849,0.00185,0.0146,-0.0057,-0.03162,0.04650,0.00421,1,1,-0.014,0.146,in_circle,0.0155,0.1367,0.0000,0.0000,0
71.046,1,1532,-0.00842,0.00193,0.0014,0.0018,-0.03194,0.04569,0.00412,1,1,-0.041,0.170,in_circle,0.0155,0.1367,0.0000,0.0000,0
71.091,1,1533,-0.00894,0.00187,-0.0116,-0.0012,-0.03167,0.04503,0.00428,1,1,0.011,0.140,in_circle,0.0155,0.1367,0.0000,0.0000,0
71.135,1,1534,-0.00863,0.00178,0.0071,-0.0021,-0.03211,0.04358,0.00430,1,1,0.065,0.152,in_circle,0.0155,0.1367,0.0000,0.0000,0
71.179,1,1535,-0.00883,0.00204,-0.0048,0.0061,-0.03209,0.04376,0.00409,1,1,-0.011,0.156,in_circle,0.0155,0.1367,0.0000,0.0000,0
71.224,1,1536,-0.00905,0.00217,-0.0048,0.0028,-0.03172,0.04526,0.00403,1,1,0.037,0.122,in_circle,0.0155,0.1367,0.0000,0.0000,0
71.268,1,1537,-0.00906,0.00171,-0.0001,-0.0106,-0.03164,0.04504,0.00447,1,1,0.038,0.135,in_circle,0.0155,0.1367,0.0000,0.0000,0
71.311,1,1538,-0.00896,0.00213,0.0022,0.0096,-0.03136,0.04465,0.00404,1,1,0.019,0.190,in_circle,0.0155,0.1367,0.0000,0.0000,0
71.355,1,1539,-0.00894,0.00189,0.0005,-0.0054,-0.03162,0.04650,0.00427,1,1,0.010,0.108,in_circle,0.0155,0.1367,0.0000,0.0000,0
71.398,1,1540,-0.00869,0.00196,0.0059,0.0017,-0.03263,0.04540,0.00413,1,1,0.017,0.169,in_circle,0.0155,0.1367,0.0000,0.0000,0
71.443,1,1541,-0.00911,0.00176,-0.0095,-0.0045,-0.03135,0.04748,0.00443,1,1,-0.006,0.140,in_circle,0.0155,0.1367,0.0000,0.0000,0
71.487,1,1542,-0.00863,0.00227,0.0110,0.0115,-0.03172,0.04567,0.00383,1,1,0.057,0.165,in_circle,0.0155,0.1367,0.0000,0.0000,0
71.530,1,1543,-0.00887,0.00208,-0.0054,-0.0041,-0.03101,0.04557,0.00406,1,1,-0.026,0.100,in_circle,0.0155,0.1367,0.0000,0.0000,0
71.574,1,1544,-0.00887,0.00188,-0.0000,-0.0046,-0.03094,0.04610,0.00425,1,1,0.040,0.163,in_circle,0.0155,0.1367,0.0000,0.0000,0
71.619,1,1545,-0.00898,0.00186,-0.0026,-0.0006,-0.03026,0.04579,0.00431,1,1,0.018,0.165,in_circle,0.0155,0.1367,0.0000,0.0000,0
71.663,1,1546,-0.00833,0.00186,0.0150,0.0000,-0.03127,0.04549,0.00418,1,1,0.029,0.150,in_circle,0.0155,0.1367,0.0000,0.0000,0
71.707,1,1547,-0.00885,0.00219,-0.0117,0.0075,-0.03141,0.04507,0.00395,1,1,-0.043,0.147,in_circle,0.0155,0.1367,0.0000,0.0000,0
71.750,1,1548,-0.00897,0.00233,-0.0029,0.0033,-0.03131,0.04616,0.00385,1,1,0.065,0.116,in_circle,0.0155,0.1367,0.0000,0.0000,0
71.796,1,1549,-0.00891,0.00180,0.0014,-0.0117,-0.03153,0.04544,0.00435,1,1,0.030,0.133,in_circle,0.0155,0.1367,0.0000,0.0000,0
71.838,1,1550,-0.00875,0.00198,0.0039,0.0042,-0.03049,0.04745,0.00413,1,1,0.013,0.194,in_circle,0.0155,0.1367,0.0000,0.0000,0
71.883,1,1551,-0.00903,0.00152,-0.0064,-0.0103,-0.03113,0.04695,0.00465,1,1,0.002,0.130,in_circle,0.0155,0.1367,0.0000,0.0000,0
71.926,1,1552,-0.00886,0.00172,0.0040,0.0048,-0.03203,0.04752,0.00441,1,1,0.044,0.189,in_circle,0.0155,0.1367,0.0000,0.0000,0
71.972,1,1553,-0.00871,0.00211,0.0033,0.0083,-0.03249,0.04674,0.00400,1,1,0.002,0.128,in_circle,0.0155,0.1367,0.0000,0.0000,0
72.015,1,1554,-0.00900,0.00194,-0.0067,-0.0038,-0.03347,0.04781,0.00423,1,1,0.005,0.113,in_circle,0.0155,0.1367,0.0000,0.0000,0
72.061,1,1555,-0.00902,0.00187,-0.0005,-0.0015,-0.03154,0.04786,0.00430,1,1,0.045,0.162,in_circle,0.0155,0.1367,0.0000,0.0000,0
72.103,1,1556,-0.00873,0.00209,0.0068,0.0050,-0.03207,0.04716,0.00402,1,1,0.021,0.153,in_circle,0.0155,0.1367,0.0000,0.0000,0
72.146,1,1557,-0.00884,0.00198,-0.0026,-0.0026,-0.03199,0.04646,0.00416,1,1,-0.009,0.127,in_circle,0.0155,0.1367,0.0000,0.0000,0
72.191,1,1558,-0.00894,0.00207,-0.0022,0.0020,-0.03200,0.04741,0.00410,1,1,0.029,0.157,in_circle,0.0155,0.1367,0.0000,0.0000,0
72.234,1,1559,-0.00851,0.00191,0.0102,-0.0035,-0.03203,0.04584,0.00415,1,1,0.027,0.139,in_circle,0.0155,0.1367,0.0000,0.0000,0
72.280,1,1560,-0.00892,0.00194,-0.0091,0.0005,-0.03148,0.04595,0.00421,1,1,-0.023,0.161,in_circle,0.0155,0.1367,0.0000,0.0000,0
72.322,1,1561,-0.00908,0.00179,-0.0037,-0.0033,-0.03151,0.04534,0.00440,1,1,0.055,0.145,in_circle,0.0155,0.1367,0.0000,0.0000,0
72.411,1,1562,-0.00889,0.00201,0.0021,0.0024,-0.03176,0.04538,0.00414,1,1,0.034,0.161,in_circle,0.0155,0.1367,0.0000,0.0000,0
72.455,1,1563,-0.00938,0.00172,-0.0109,-0.0064,-0.03188,0.04486,0.00456,1,1,0.010,0.137,in_circle,0.0155,0.1367,0.0000,0.0000,0
72.498,1,1564,-0.00892,0.00206,0.0107,0.0080,-0.03179,0.04580,0.00409,1,1,0.063,0.173,in_circle,0.0155,0.1367,0.0000,0.0000,0
72.543,1,1565,-0.00853,0.00179,0.0086,-0.0062,-0.03212,0.04514,0.00427,1,1,-0.025,0.115,in_circle,0.0155,0.1367,0.0000,0.0000,0
72.586,1,1566,-0.00907,0.00169,-0.0124,-0.0022,-0.03143,0.04615,0.00449,1,1,-0.017,0.172,in_circle,0.0155,0.1367,0.0000,0.0000,0
72.631,1,1567,-0.00888,0.00210,0.0043,0.0090,-0.03179,0.04409,0.00405,1,1,0.068,0.156,in_circle,0.0155,0.1367,0.0000,0.0000,0
72.675,1,1568,-0.00894,0.00199,-0.0014,-0.0025,-0.03311,0.04440,0.00417,1,1,0.001,0.110,in_circle,0.0155,0.1367,0.0000,0.0000,0
72.719,1,1569,-0.00858,0.00214,0.0081,0.0034,-0.03223,0.04493,0.00394,1,1,0.024,0.157,in_circle,0.0155,0.1367,0.0000,0.0000,0
72.763,1,1570,-0.00875,0.00175,-0.0040,-0.0091,-0.03185,0.04372,0.00436,1,1,-0.015,0.133,in_circle,0.0155,0.1367,0.0000,0.0000,0
72.808,1,1571,-0.00866,0.00151,0.0021,-0.0052,-0.03155,0.04426,0.00457,1,1,0.034,0.184,in_circle,0.0155,0.1367,0.0000,0.0000,0
72.850,1,1572,-0.00897,0.00177,-0.0073,0.0060,-0.03189,0.04547,0.00439,1,1,0.009,0.169,in_circle,0.0155,0.1367,0.0000,0.0000,0
72.895,1,1573,-0.00943,0.00198,-0.0103,0.0045,-0.03277,0.04649,0.00434,1,1,0.048,0.123,in_circle,0.0155,0.1367,0.0000,0.0000,0
72.938,1,1574,-0.00910,0.00203,0.0075,0.0012,-0.03203,0.04284,0.00418,1,1,0.061,0.129,in_circle,0.0155,0.1367,0.0000,0.0000,0
72.983,1,1575,-0.00896,0.00193,0.0030,-0.0022,-0.03160,0.04657,0.00423,1,1,-0.011,0.142,in_circle,0.0155,0.1367,0.0000,0.0000,0
73.026,1,1576,-0.00878,0.00151,0.0043,-0.0097,-0.03201,0.04639,0.00459,1,1,0.006,0.156,in_circle,0.0155,0.1367,0.0000,0.0000,0
73.071,1,1577,-0.00913,0.00188,-0.0077,0.0082,-0.03219,0.04467,0.00432,1,1,0.001,0.187,in_circle,0.0155,0.1367,0.0000,0.0000,0
73.114,1,1578,-0.00875,0.00189,0.0089,0.0001,-0.03215,0.04485,0.00422,1,1,0.050,0.114,in_circle,0.0155,0.1367,0.0000,0.0000,0
73.159,1,1579,-0.00885,0.00202,-0.0024,0.0030,-0.03239,0.04373,0.00411,1,1,-0.017,0.147,in_circle,0.0155,0.1367,0.0000,0.0000,0
73.202,1,1580,-0.00901,0.00179,-0.0037,-0.0053,-0.03093,0.04619,0.00438,1,1,0.028,0.135,in_circle,0.0155,0.1367,0.0000,0.0000,0
73.249,1,1581,-0.00861,0.00169,0.0088,-0.0023,-0.03136,0.04612,0.00439,1,1,0.034,0.168,in_circle,0.0155,0.1367,0.0000,0.0000,0
73.290,1,1582,-0.00923,0.00174,-0.0148,0.0013,-0.03121,0.04566,0.00449,1,1,-0.018,0.157,in_circle,0.0155,0.1367,0.0000,0.0000,0
73.336,1,1583,-0.00902,0.00203,0.0045,0.0063,-0.03211,0.04358,0.00416,1,1,0.078,0.142,in_circle,0.0155,0.1367,0.0000,0.0000,0
73.380,1,1584,-0.00908,0.00198,-0.0013,-0.0010,-0.03185,0.04436,0.00421,1,1,0.001,0.122,in_circle,0.0155,0.1367,0.0000,0.0000,0
73.423,1,1585,-0.00894,0.00215,0.0033,0.0038,-0.03142,0.04640,0.00402,1,1,0.024,0.151,in_circle,0.0155,0.1367,0.0000,0.0000,0
73.466,1,1586,-0.00912,0.00190,-0.0042,-0.0058,-0.03129,0.04504,0.00431,1,1,0.005,0.131,in_circle,0.0155,0.1367,0.0000,0.0000,0
73.511,1,1587,-0.00827,0.00170,0.0190,-0.0044,-0.03142,0.04641,0.00433,1,1,0.036,0.170,in_circle,0.0155,0.1367,0.0000,0.0000,0
73.555,1,1588,-0.00835,0.00160,-0.0019,-0.0022,-0.03147,0.04708,0.00443,1,1,-0.059,0.165,in_circle,0.0155,0.1367,0.0000,0.0000,0
73.599,1,1589,-0.00875,0.00193,-0.0091,0.0074,-0.03098,0.04430,0.00418,1,1,0.025,0.156,in_circle,0.0155,0.1367,0.0000,0.0000,0
73.643,1,1590,-0.00911,0.00182,-0.0083,-0.0025,-0.03191,0.04540,0.00438,1,1,0.054,0.117,in_circle,0.0155,0.1367,0.0000,0.0000,0
73.687,1,1591,-0.00889,0.00185,0.0049,0.0007,-0.03136,0.04676,0.00429,1,1,0.052,0.157,in_circle,0.0155,0.1367,0.0000,0.0000,0
73.730,1,1592,-0.00902,0.00187,-0.0029,0.0004,-0.03135,0.04959,0.00431,1,1,-0.002,0.144,in_circle,0.0155,0.1367,0.0000,0.0000,0
73.776,1,1593,-0.00879,0.00193,0.0050,0.0013,-0.03155,0.04632,0.00419,1,1,0.030,0.145,in_circle,0.0155,0.1367,0.0000,0.0000,0
73.818,1,1594,-0.00929,0.00194,-0.0120,0.0002,-0.03169,0.04719,0.00433,1,1,-0.002,0.142,in_circle,0.0155,0.1367,0.0000,0.0000,0
73.863,1,1595,-0.00931,0.00203,-0.0004,0.0019,-0.03055,0.04825,0.00425,1,1,0.067,0.146,in_circle,0.0155,0.1367,0.0000,0.0000,0
73.908,1,1596,-0.00928,0.00165,0.0008,-0.0083,-0.03148,0.04764,0.00459,1,1,0.021,0.139,in_circle,0.0155,0.1367,0.0000,0.0000,0
73.951,1,1597,-0.00906,0.00195,0.0050,0.0068,-0.03002,0.04886,0.00424,1,1,0.016,0.181,in_circle,0.0155,0.1367,0.0000,0.0000,0
73.994,1,1598,-0.00884,0.00152,0.0051,-0.0100,-0.03207,0.04716,0.00460,1,1,-0.001,0.120,in_circle,0.0155,0.1367,0.0000,0.0000,0
74.039,1,1599,-0.00895,0.00217,-0.0024,0.0146,-0.03165,0.04638,0.00400,1,1,-0.002,0.188,in_circle,0.0155,0.1367,0.0000,0.0000,0
74.084,1,1600,-0.00874,0.00211,0.0046,-0.0011,-0.03199,0.04676,0.00400,1,1,0.028,0.088,in_circle,0.0155,0.1367,0.0000,0.0000,0
74.126,1,1601,-0.00909,0.00216,-0.0085,0.0011,-0.03397,0.04708,0.00405,1,1,-0.001,0.151,in_circle,0.0155,0.1367,0.0000,0.0000,0
74.171,1,1602,-0.00879,0.00188,0.0067,-0.0063,-0.03050,0.04570,0.00423,1,1,0.053,0.142,in_circle,0.0155,0.1367,0.0000,0.0000,0
74.214,1,1603,-0.00899,0.00172,-0.0046,-0.0038,-0.03146,0.04574,0.00444,1,1,-0.009,0.172,in_circle,0.0155,0.1367,0.0000,0.0000,0
74.259,1,1604,-0.00940,0.00149,-0.0093,-0.0051,-0.03120,0.04549,0.00478,1,1,0.037,0.162,in_circle,0.0155,0.1367,0.0000,0.0000,0
74.302,1,1605,-0.00890,0.00174,0.0116,0.0056,-0.03326,0.04426,0.00440,1,1,0.057,0.168,in_circle,0.0155,0.1367,0.0000,0.0000,0
74.348,1,1606,-0.00857,0.00193,0.0074,0.0043,-0.03219,0.04616,0.00414,1,1,-0.028,0.125,in_circle,0.0155,0.1367,0.0000,0.0000,0
74.436,1,1607,-0.00876,0.00203,-0.0022,0.0012,-0.03272,0.04606,0.00408,1,1,-0.012,0.130,in_circle,0.0155,0.1367,0.0000,0.0000,0
74.479,1,1608,-0.00870,0.00192,0.0013,-0.0027,-0.03355,0.04460,0.00418,1,1,0.027,0.142,in_circle,0.0155,0.1367,0.0000,0.0000,0
74.523,1,1609,-0.00893,0.00206,-0.0051,0.0032,-0.03211,0.04358,0.00410,1,1,0.012,0.158,in_circle,0.0155,0.1367,0.0000,0.0000,0
74.568,1,1610,-0.00900,0.00171,-0.0016,-0.0077,-0.03330,0.04292,0.00445,1,1,0.039,0.134,in_circle,0.0155,0.1367,0.0000,0.0000,0
74.610,1,1611,-0.00920,0.00206,-0.0047,0.0081,-0.03179,0.04409,0.00418,1,1,0.025,0.178,in_circle,0.0155,0.1367,0.0000,0.0000,0
74.656,1,1612,-0.00911,0.00172,0.0020,-0.0074,-0.03246,0.04592,0.00447,1,1,0.038,0.114,in_circle,0.0155,0.1367,0.0000,0.0000,0
74.707,1,1613,-0.00906,0.00217,0.0009,0.0088,-0.03225,0.04547,0.00403,1,1,0.011,0.177,in_circle,0.0155,0.1367,0.0000,0.0000,0
74.789,1,1614,-0.00825,0.00165,0.0099,-0.0064,-0.03265,0.04454,0.00438,1,1,0.015,0.111,in_circle,0.0155,0.1367,0.0000,0.0000,0
74.831,1,1615,-0.00876,0.00196,-0.0120,0.0075,-0.03136,0.04483,0.00415,1,1,-0.023,0.173,in_circle,0.0155,0.1367,0.0000,0.0000,0
74.875,1,1616,-0.00852,0.00194,0.0053,-0.0005,-0.03109,0.04564,0.00412,1,1,0.066,0.117,in_circle,0.0155,0.1367,0.0000,0.0000,0
74.919,1,1617,-0.00916,0.00171,-0.0147,-0.0052,-0.03078,0.04548,0.00450,1,1,-0.004,0.149,in_circle,0.0155,0.1367,0.0000,0.0000,0
74.964,1,1618,-0.00894,0.00228,0.0050,0.0126,-0.03090,0.04730,0.00389,1,1,0.078,0.168,in_circle,0.0155,0.1367,0.0000,0.0000,0
75.007,1,1619,-0.00894,0.00208,-0.0002,-0.0045,-0.03111,0.04472,0.00408,1,1,-0.001,0.096,in_circle,0.0155,0.1367,0.0000,0.0000,0
75.052,1,1620,-0.00827,0.00194,0.0150,-0.0032,-0.02914,0.04640,0.00409,1,1,0.019,0.164,in_circle,0.0155,0.1367,0.0000,0.0000,0
75.095,1,1621,-0.00892,0.00217,-0.0152,0.0053,-0.02902,0.04617,0.00399,1,1,-0.043,0.160,in_circle,0.0155,0.1367,0.0000,0.0000,0
75.139,1,1622,-0.00881,0.00190,0.0025,-0.0061,-0.03034,0.04669,0.00422,1,1,0.079,0.125,in_circle,0.0155,0.1367,0.0000,0.0000,0
75.182,1,1623,-0.00893,0.00187,-0.0027,-0.0006,-0.03160,0.04502,0.00428,1,1,0.008,0.171,in_circle,0.0155,0.1367,0.0000,0.0000,0
75.228,1,1624,-0.00878,0.00197,0.0033,0.0021,-0.03109,0.04729,0.00415,1,1,0.029,0.149,in_circle,0.0155,0.1367,0.0000,0.0000,0
75.272,1,1625,-0.00912,0.00228,-0.0077,0.0070,-0.03199,0.04812,0.00395,1,1,0.005,0.138,in_circle,0.0155,0.1367,0.0000,0.0000,0
75.316,1,1626,-0.00874,0.00201,0.0086,-0.0060,-0.03225,0.04692,0.00409,1,1,0.050,0.118,in_circle,0.0155,0.1367,0.0000,0.0000,0
75.359,1,1627,-0.00901,0.00209,-0.0063,0.0019,-0.03172,0.04714,0.00409,1,1,-0.017,0.171,in_circle,0.0155,0.1367,0.0000,0.0000,0
75.402,1,1628,-0.00910,0.00170,-0.0021,-0.0091,-0.03215,0.04739,0.00449,1,1,0.044,0.139,in_circle,0.0155,0.1367,0.0000,0.0000,0
75.446,1,1629,-0.00908,0.00170,0.0005,0.0001,-0.03199,0.04676,0.00448,1,1,0.027,0.184,in_circle,0.0155,0.1367,0.0000,0.0000,0
75.491,1,1630,-0.00933,0.00213,-0.0057,0.0096,-0.03195,0.04635,0.00416,1,1,0.017,0.147,in_circle,0.0155,0.1367,0.0000,0.0000,0
75.536,1,1631,-0.00899,0.00204,0.0077,-0.0019,-0.03248,0.04620,0.00413,1,1,0.042,0.108,in_circle,0.0155,0.1367,0.0000,0.0000,0
75.578,1,1632,-0.00889,0.00239,0.0023,0.0082,-0.03233,0.04590,0.00377,1,1,-0.012,0.154,in_circle,0.0155,0.1367,0.0000,0.0000,0
75.626,1,1633,-0.00907,0.00184,-0.0038,-0.0114,-0.03119,0.04534,0.00435,1,1,0.009,0.113,in_circle,0.0155,0.1367,0.0000,0.0000,0
75.666,1,1634,-0.00885,0.00219,0.0056,0.0088,-0.03150,0.04419,0.00395,1,1,0.034,0.193,in_circle,0.0155,0.1367,0.0000,0.0000,0
75.711,1,1635,-0.00848,0.00168,0.0082,-0.0113,-0.03130,0.04406,0.00437,1,1,-0.004,0.111,in_circle,0.0155,0.1367,0.0000,0.0000,0
75.754,1,1636,-0.00943,0.00210,-0.0222,0.0099,-0.03363,0.04705,0.00422,1,1,-0.015,0.193,in_circle,0.0155,0.1367,0.0000,0.0000,0
75.800,1,1637,-0.00901,0.00184,0.0093,-0.0059,-0.03145,0.04608,0.00434,1,1,0.108,0.107,in_circle,0.0155,0.1367,0.0000,0.0000,0
75.843,1,1638,-0.00930,0.00209,-0.0068,0.0058,-0.03382,0.04517,0.00419,1,1,-0.018,0.171,in_circle,0.0155,0.1367,0.0000,0.0000,0
75.888,1,1639,-0.00891,0.00212,0.0085,0.0007,-0.02982,0.04588,0.00404,1,1,0.046,0.123,in_circle,0.0155,0.1367,0.0000,0.0000,0
75.931,1,1640,-0.00899,0.00234,-0.0018,0.0053,-0.03237,0.04537,0.00384,1,1,-0.016,0.143,in_circle,0.0155,0.1367,0.0000,0.0000,0
75.976,1,1641,-0.00923,0.00193,-0.0052,-0.0092,-0.03149,0.04421,0.00431,1,1,0.026,0.125,in_circle,0.0155,0.1367,0.0000,0.0000,0
76.019,1,1642,-0.00872,0.00211,0.0117,0.0042,-0.03131,0.04444,0.00399,1,1,0.040,0.184,in_circle,0.0155,0.1367,0.0000,0.0000,0
76.062,1,1643,-0.00884,0.00219,-0.0026,0.0017,-0.03149,0.04421,0.00395,1,1,-0.029,0.130,in_circle,0.0155,0.1367,0.0000,0.0000,0
76.108,1,1644,-0.00885,0.00205,-0.0003,-0.0030,-0.03271,0.04517,0.00409,1,1,0.029,0.140,in_circle,0.0155,0.1367,0.0000,0.0000,0
76.151,1,1645,-0.00932,0.00205,-0.0108,0.0000,-0.03150,0.04459,0.00423,1,1,0.019,0.159,in_circle,0.0155,0.1367,0.0000,0.0000,0
76.196,1,1646,-0.00889,0.00195,0.0099,-0.0023,-0.03147,0.04481,0.00419,1,1,0.063,0.147,in_circle,0.0155,0.1367,0.0000,0.0000,0
76.238,1,1647,-0.00905,0.00213,-0.0040,0.0042,-0.03119,0.04595,0.00407,1,1,-0.021,0.156,in_circle,0.0155,0.1367,0.0000,0.0000,0
76.284,1,1648,-0.00874,0.00194,0.0067,-0.0041,-0.03190,0.04555,0.00417,1,1,0.034,0.130,in_circle,0.0155,0.1367,0.0000,0.0000,0
76.327,1,1649,-0.00909,0.00214,-0.0081,0.0046,-0.03151,0.04604,0.00407,1,1,-0.009,0.163,in_circle,0.0155,0.1367,0.0000,0.0000,0
76.372,1,1650,-0.00898,0.00168,0.0025,-0.0101,-0.03149,0.04421,0.00448,1,1,0.051,0.128,in_circle,0.0155,0.1367,0.0000,0.0000,0
76.459,1,1651,-0.00913,0.00187,-0.0017,0.0022,-0.03149,0.04711,0.00433,1,1,0.009,0.188,in_circle,0.0155,0.1367,0.0000,0.0000,0
76.503,1,1652,-0.00907,0.00195,0.0013,0.0017,-0.03035,0.04821,0.00425,1,1,0.026,0.138,in_circle,0.0155,0.1367,0.0000,0.0000,0
76.547,1,1653,-0.00905,0.00185,0.0005,-0.0023,-0.03212,0.04677,0.00434,1,1,0.013,0.140,in_circle,0.0155,0.1367,0.0000,0.0000,0
76.591,1,1654,-0.00896,0.00218,0.0021,0.0074,-0.03266,0.04777,0.00399,1,1,0.017,0.156,in_circle,0.0155,0.1367,0.0000,0.0000,0
76.635,1,1655,-0.00939,0.00192,-0.0100,-0.0059,-0.03206,0.04697,0.00438,1,1,0.010,0.117,in_circle,0.0155,0.1367,0.0000,0.0000,0
76.680,1,1656,-0.00884,0.00250,0.0122,0.0128,-0.03212,0.04547,0.00365,1,1,0.060,0.171,in_circle,0.0155,0.1367,0.0000,0.0000,0
76.723,1,1657,-0.00892,0.00195,-0.0019,-0.0126,-0.03096,0.04546,0.00420,1,1,-0.031,0.094,in_circle,0.0155,0.1367,0.0000,0.0000,0
76.767,1,1658,-0.00866,0.00190,0.0059,-0.0013,-0.03077,0.04538,0.00419,1,1,0.026,0.197,in_circle,0.0155,0.1367,0.0000,0.0000,0
76.811,1,1659,-0.00844,0.00173,0.0051,-0.0038,-0.02907,0.04508,0.00432,1,1,-0.006,0.152,in_circle,0.0155,0.1367,0.0000,0.0000,0
76.856,1,1660,-0.00950,0.00171,-0.0236,-0.0005,-0.03303,0.04472,0.00462,1,1,-0.003,0.163,in_circle,0.0155,0.1367,0.0000,0.0000,0
76.900,1,1661,-0.00868,0.00175,0.0187,0.0010,-0.03128,0.04504,0.00434,1,1,0.114,0.150,in_circle,0.0155,0.1367,0.0000,0.0000,0
76.944,1,1662,-0.00912,0.00173,-0.0100,-0.0006,-0.03319,0.04464,0.00447,1,1,-0.057,0.143,in_circle,0.0155,0.1367,0.0000,0.0000,0
76.988,1,1663,-0.00883,0.00190,0.0067,0.0039,-0.03180,0.04901,0.00423,1,1,0.059,0.150,in_circle,0.0155,0.1367,0.0000,0.0000,0
77.032,1,1664,-0.00850,0.00184,0.0075,-0.0012,-0.03209,0.04646,0.00421,1,1,-0.008,0.131,in_circle,0.0155,0.1367,0.0000,0.0000,0
77.076,1,1665,-0.00881,0.00189,-0.0072,0.0009,-0.03203,0.04493,0.00424,1,1,-0.013,0.152,in_circle,0.0155,0.1367,0.0000,0.0000,0
77.120,1,1666,-0.00908,0.00165,-0.0060,-0.0053,-0.03126,0.04781,0.00453,1,1,0.047,0.143,in_circle,0.0155,0.1367,0.0000,0.0000,0
77.163,1,1667,-0.00919,0.00156,-0.0026,-0.0020,-0.03213,0.04428,0.00465,1,1,0.043,0.169,in_circle,0.0155,0.1367,0.0000,0.0000,0
77.208,1,1668,-0.00948,0.00154,-0.0064,-0.0004,-0.03203,0.04493,0.00476,1,1,0.029,0.156,in_circle,0.0155,0.1367,0.0000,0.0000,0
77.251,1,1669,-0.00846,0.00162,0.0236,0.0016,-0.03176,0.04634,0.00443,1,1,0.046,0.150,in_circle,0.0155,0.1367,0.0000,0.0000,0
77.295,1,1670,-0.00921,0.00216,-0.0172,0.0126,-0.03225,0.04738,0.00409,1,1,-0.077,0.141,in_circle,0.0155,0.1367,0.0000,0.0000,0
77.339,1,1671,-0.00922,0.00213,-0.0002,-0.0008,-0.03257,0.04572,0.00413,1,1,0.088,0.096,in_circle,0.0155,0.1367,0.0000,0.0000,0
77.384,1,1672,-0.00926,0.00166,-0.0010,-0.0105,-0.03172,0.04448,0.00458,1,1,0.020,0.150,in_circle,0.0155,0.1367,0.0000,0.0000,0
77.427,1,1673,-0.00928,0.00190,-0.0005,0.0056,-0.02992,0.04647,0.00436,1,1,0.023,0.189,in_circle,0.0155,0.1367,0.0000,0.0000,0
77.472,1,1674,-0.00871,0.00174,0.0127,-0.0035,-0.03082,0.04574,0.00435,1,1,0.021,0.125,in_circle,0.0155,0.1367,0.0000,0.0000,0
77.515,1,1675,-0.00966,0.00198,-0.0224,0.0056,-0.03186,0.04682,0.00443,1,1,-0.033,0.161,in_circle,0.0155,0.1367,0.0000,0.0000,0
77.559,1,1676,-0.00968,0.00192,-0.0005,-0.0014,-0.03144,0.04722,0.00450,1,1,0.110,0.125,in_circle,0.0155,0.1367,0.0000,0.0000,0
77.604,1,1677,-0.00891,0.00241,0.0171,0.0110,-0.03349,0.04428,0.00376,1,1,0.022,0.153,in_circle,0.0155,0.1367,0.0000,0.0000,0
77.647,1,1678,-0.00872,0.00228,0.0045,-0.0031,-0.03175,0.04708,0.00384,1,1,-0.050,0.102,in_circle,0.0155,0.1367,0.0000,0.0000,0
77.691,1,1679,-0.00915,0.00196,-0.0095,-0.0070,-0.03165,0.04839,0.00426,1,1,0.000,0.159,in_circle,0.0155,0.1367,0.0000,0.0000,0
77.735,1,1680,-0.00926,0.00194,-0.0026,-0.0004,-0.03175,0.04497,0.00431,1,1,0.057,0.175,in_circle,0.0155,0.1367,0.0000,0.0000,0
77.779,1,1681,-0.00909,0.00204,0.0037,0.0022,-0.03192,0.04363,0.00416,1,1,0.029,0.148,in_circle,0.0155,0.1367,0.0000,0.0000,0
77.824,1,1682,-0.00927,0.00185,-0.0041,-0.0043,-0.03170,0.04627,0.00440,1,1,0.004,0.138,in_circle,0.0155,0.1367,0.0000,0.0000,0
77.867,1,1683,-0.00874,0.00203,0.0123,0.0041,-0.03132,0.04514,0.00408,1,1,0.036,0.164,in_circle,0.0155,0.1367,0.0000,0.0000,0
77.912,1,1684,-0.00914,0.00178,-0.0090,-0.0055,-0.03074,0.04440,0.00443,1,1,-0.031,0.130,in_circle,0.0155,0.1367,0.0000,0.0000,0
77.956,1,1685,-0.00916,0.00192,-0.0003,0.0031,-0.03132,0.04552,0.00430,1,1,0.055,0.169,in_circle,0.0155,0.1367,0.0000,0.0000,0
78.000,1,1686,-0.00915,0.00212,0.0001,0.0047,-0.03149,0.04383,0.00411,1,1,0.020,0.135,in_circle,0.0155,0.1367,0.0000,0.0000,0
78.042,1,1687,-0.00897,0.00197,0.0044,-0.0036,-0.03250,0.04502,0.00420,1,1,0.019,0.128,in_circle,0.0155,0.1367,0.0000,0.0000,0
78.088,1,1688,-0.00894,0.00219,0.0006,0.0048,-0.03235,0.04529,0.00398,1,1,0.001,0.161,in_circle,0.0155,0.1367,0.0000,0.0000,0
78.132,1,1689,-0.00910,0.00180,-0.0037,-0.0090,-0.03132,0.04552,0.00440,1,1,0.016,0.127,in_circle,0.0155,0.1367,0.0000,0.0000,0
78.176,1,1690,-0.00918,0.00211,-0.0018,0.0070,-0.03138,0.04468,0.00413,1,1,0.034,0.183,in_circle,0.0155,0.1367,0.0000,0.0000,0
78.219,1,1691,-0.00912,0.00239,0.0014,0.0065,-0.03233,0.04590,0.00385,1,1,0.026,0.119,in_circle,0.0155,0.1367,0.0000,0.0000,0
78.266,1,1692,-0.00894,0.00155,0.0038,-0.0178,-0.03188,0.04565,0.00459,1,1,0.013,0.120,in_circle,0.0155,0.1367,0.0000,0.0000,0
78.308,1,1693,-0.00915,0.00230,-0.0049,0.0179,-0.03147,0.04600,0.00394,1,1,0.003,0.219,in_circle,0.0155,0.1367,0.0000,0.0000,0
78.351,1,1694,-0.00887,0.00213,0.0063,-0.0040,-0.03155,0.04496,0.00402,1,1,0.039,0.074,in_circle,0.0155,0.1367,0.0000,0.0000,0
78.396,1,1695,-0.00940,0.00193,-0.0117,-0.0043,-0.03475,0.04756,0.00437,1,1,-0.007,0.163,in_circle,0.0155,0.1367,0.0000,0.0000,0
78.482,1,1696,-0.00904,0.00163,0.0042,-0.0035,-0.03132,0.04552,0.00454,1,1,0.066,0.164,in_circle,0.0155,0.1367,0.0000,0.0000,0
78.532,1,1697,-0.00849,0.00182,0.0112,0.0039,-0.03131,0.04444,0.00424,1,1,0.002,0.162,in_circle,0.0155,0.1367,0.0000,0.0000,0
78.579,1,1698,-0.00877,0.00213,-0.0060,0.0066,-0.03164,0.04623,0.00399,1,1,-0.028,0.132,in_circle,0.0155,0.1367,0.0000,0.0000,0
78.623,1,1699,-0.00903,0.00220,-0.0058,0.0016,-0.03064,0.04549,0.00400,1,1,0.042,0.120,in_circle,0.0155,0.1367,0.0000,0.0000,0
78.667,1,1700,-0.00927,0.00199,-0.0055,-0.0048,-0.03185,0.04591,0.00428,1,1,0.042,0.140,in_circle,0.0155,0.1367,0.0000,0.0000,0
78.709,1,1701,-0.00907,0.00202,0.0049,0.0009,-0.03155,0.04458,0.00417,1,1,0.041,0.166,in_circle,0.0155,0.1367,0.0000,0.0000,0
78.751,1,1702,-0.00892,0.00221,0.0035,0.0044,-0.03053,0.04401,0.00396,1,1,-0.001,0.143,in_circle,0.0155,0.1367,0.0000,0.0000,0
78.795,1,1703,-0.00897,0.00206,-0.0011,-0.0032,-0.03149,0.04591,0.00411,1,1,0.004,0.128,in_circle,0.0155,0.1367,0.0000,0.0000,0
78.841,1,1704,-0.00892,0.00216,0.0011,0.0021,-0.03147,0.04481,0.00400,1,1,0.023,0.160,in_circle,0.0155,0.1367,0.0000,0.0000,0
78.885,1,1705,-0.00893,0.00216,-0.0001,-0.0000,-0.03034,0.04552,0.00400,1,1,0.014,0.138,in_circle,0.0155,0.1367,0.0000,0.0000,0
78.931,1,1706,-0.00896,0.00219,-0.0006,0.0008,-0.03000,0.04508,0.00398,1,1,0.019,0.147,in_circle,0.0155,0.1367,0.0000,0.0000,0
78.976,1,1707,-0.00889,0.00244,0.0014,0.0056,-0.02991,0.04504,0.00372,1,1,0.021,0.143,in_circle,0.0155,0.1367,0.0000,0.0000,0
79.020,1,1708,-0.00945,0.00201,-0.0124,-0.0098,-0.03142,0.04561,0.00432,1,1,0.013,0.123,in_circle,0.0155,0.1367,0.0000,0.0000,0
79.061,1,1709,-0.00898,0.00224,0.0114,0.0057,-0.03090,0.04550,0.00394,1,1,0.069,0.186,in_circle,0.0155,0.1367,0.0000,0.0000,0
79.102,1,1710,-0.00913,0.00209,-0.0037,-0.0038,-0.03085,0.04545,0.00413,1,1,-0.027,0.123,in_circle,0.0155,0.1367,0.0000,0.0000,0
79.147,1,1711,-0.00897,0.00232,0.0036,0.0051,-0.03485,0.04753,0.00386,1,1,0.034,0.162,in_circle,0.0155,0.1367,0.0000,0.0000,0
79.191,1,1712,-0.00944,0.00177,-0.0107,-0.0125,-0.03138,0.04680,0.00454,1,1,0.004,0.125,in_circle,0.0155,0.1367,0.0000,0.0000,0
79.239,1,1713,-0.00913,0.00189,0.0065,0.0026,-0.03172,0.04699,0.00432,1,1,0.063,0.197,in_circle,0.0155,0.1367,0.0000,0.0000,0
79.282,1,1714,-0.00905,0.00192,0.0019,0.0007,-0.03270,0.04660,0.00427,1,1,-0.007,0.137,in_circle,0.0155,0.1367,0.0000,0.0000,0
79.327,1,1715,-0.00877,0.00185,0.0063,-0.0016,-0.03676,0.04788,0.00426,1,1,0.011,0.144,in_circle,0.0155,0.1367,0.0000,0.0000,0
79.372,1,1716,-0.00906,0.00242,-0.0066,0.0126,-0.03302,0.04595,0.00380,1,1,-0.007,0.153,in_circle,0.0155,0.1367,0.0000,0.0000,0
79.415,1,1717,-0.00952,0.00188,-0.0106,-0.0124,-0.03477,0.04740,0.00446,1,1,0.045,0.095,in_circle,0.0155,0.1367,0.0000,0.0000,0
79.457,1,1718,-0.00921,0.00235,0.0076,0.0113,-0.03293,0.04661,0.00392,1,1,0.062,0.197,in_circle,0.0155,0.1367,0.0000,0.0000,0
79.499,1,1719,-0.00872,0.00246,0.0116,0.0027,-0.02966,0.04587,0.00366,1,1,-0.011,0.101,in_circle,0.0155,0.1367,0.0000,0.0000,0
79.546,1,1720,-0.00907,0.00180,-0.0073,-0.0140,-0.03196,0.04597,0.00439,1,1,-0.028,0.135,in_circle,0.0155,0.1367,0.0000,0.0000,0
79.590,1,1721,-0.00889,0.00232,0.0040,0.0118,-0.03076,0.04512,0.00384,1,1,0.048,0.203,in_circle,0.0155,0.1367,0.0000,0.0000,0
79.635,1,1722,-0.00894,0.00212,-0.0012,-0.0045,-0.03085,0.04666,0.00404,1,1,0.002,0.099,in_circle,0.0155,0.1367,0.0000,0.0000,0
79.679,1,1723,-0.00918,0.00204,-0.0054,-0.0017,-0.03225,0.04714,0.00419,1,1,0.023,0.164,in_circle,0.0155,0.1367,0.0000,0.0000,0
79.724,1,1724,-0.00898,0.00202,0.0045,-0.0006,-0.03027,0.04704,0.00415,1,1,0.041,0.153,in_circle,0.0155,0.1367,0.0000,0.0000,0
79.768,1,1725,-0.00881,0.00185,0.0038,-0.0039,-0.03057,0.04389,0.00428,1,1,0.000,0.149,in_circle,0.0155,0.1367,0.0000,0.0000,0
79.808,1,1726,-0.00896,0.00183,-0.0035,-0.0004,-0.02989,0.04566,0.00433,1,1,0.003,0.163,in_circle,0.0155,0.1367,0.0000,0.0000,0
79.850,1,1727,-0.00905,0.00184,-0.0023,0.0003,-0.03073,0.04627,0.00434,1,1,0.033,0.149,in_circle,0.0155,0.1367,0.0000,0.0000,0
79.895,1,1728,-0.00884,0.00211,0.0048,0.0059,-0.02986,0.04456,0.00403,1,1,0.028,0.146,in_circle,0.0155,0.1367,0.0000,0.0000,0
79.942,1,1729,-0.00890,0.00205,-0.0013,-0.0012,-0.03022,0.04452,0.00410,1,1,-0.001,0.123,in_circle,0.0155,0.1367,0.0000,0.0000,0
79.986,1,1730,-0.00875,0.00230,0.0032,0.0056,-0.03121,0.04554,0.00382,1,1,0.023,0.151,in_circle,0.0155,0.1367,0.0000,0.0000,0
80.030,1,1731,-0.00909,0.00192,-0.0077,-0.0087,-0.03038,0.04472,0.00428,1,1,0.005,0.124,in_circle,0.0155,0.1367,0.0000,0.0000,0
80.076,1,1732,-0.00901,0.00222,0.0018,0.0065,-0.03032,0.04653,0.00397,1,1,0.050,0.182,in_circle,0.0155,0.1367,0.0000,0.0000,0
80.120,1,1733,-0.00897,0.00222,0.0010,-0.0000,-0.03165,0.04545,0.00396,1,1,0.012,0.120,in_circle,0.0155,0.1367,0.0000,0.0000,0
80.163,1,1734,-0.00906,0.00223,-0.0021,0.0003,-0.03342,0.04635,0.00397,1,1,0.014,0.146,in_circle,0.0155,0.1367,0.0000,0.0000,0
80.247,1,1735,-0.00963,0.00177,-0.0069,-0.0056,-0.03373,0.04745,0.00461,1,1,0.027,0.145,in_circle,0.0155,0.1367,0.0000,0.0000,0
80.292,1,1736,-0.00956,0.00183,0.0016,0.0015,-0.03373,0.04745,0.00452,1,1,0.048,0.170,in_circle,0.0155,0.1367,0.0000,0.0000,0
80.339,1,1737,-0.00880,0.00172,0.0159,-0.0024,-0.03344,0.04740,0.00440,1,1,0.014,0.141,in_circle,0.0155,0.1367,0.0000,0.0000,0
80.383,1,1738,-0.00880,0.00215,-0.0000,0.0100,-0.03312,0.04682,0.00397,1,1,-0.046,0.157,in_circle,0.0155,0.1367,0.0000,0.0000,0
80.428,1,1739,-0.00905,0.00228,-0.0056,0.0028,-0.03276,0.04734,0.00393,1,1,0.018,0.106,in_circle,0.0155,0.1367,0.0000,0.0000,0
80.514,1,1740,-0.00918,0.00202,-0.0015,-0.0030,-0.03111,0.04473,0.00422,1,1,0.041,0.135,in_circle,0.0155,0.1367,0.0000,0.0000,0
80.557,1,1741,-0.00921,0.00220,-0.0007,0.0044,-0.03098,0.04462,0.00405,1,1,0.025,0.159,in_circle,0.0155,0.1367,0.0000,0.0000,0
80.599,1,1742,-0.00885,0.00224,0.0086,0.0008,-0.02974,0.04502,0.00391,1,1,0.022,0.129,in_circle,0.0155,0.1367,0.0000,0.0000,0
80.643,1,1743,-0.00879,0.00193,0.0013,-0.0069,-0.03194,0.04425,0.00419,1,1,-0.016,0.143,in_circle,0.0155,0.1367,0.0000,0.0000,0
80.690,1,1744,-0.00917,0.00153,-0.0080,-0.0085,-0.03168,0.04344,0.00467,1,1,0.013,0.175,in_circle,0.0155,0.1367,0.0000,0.0000,0
80.734,1,1745,-0.00920,0.00193,-0.0006,0.0089,-0.03156,0.04534,0.00430,1,1,0.051,0.182,in_circle,0.0155,0.1367,0.0000,0.0000,0
80.779,1,1746,-0.00966,0.00194,-0.0105,0.0003,-0.03258,0.04455,0.00446,1,1,0.021,0.111,in_circle,0.0155,0.1367,0.0000,0.0000,0
80.823,1,1747,-0.00953,0.00208,0.0029,0.0030,-0.03331,0.04577,0.00429,1,1,0.062,0.146,in_circle,0.0155,0.1367,0.0000,0.0000,0
80.861,1,1748,-0.00953,0.00157,0.0001,-0.0132,-0.03047,0.04509,0.00475,1,1,0.008,0.134,in_circle,0.0155,0.1367,0.0000,0.0000,0
80.904,1,1749,-0.00878,0.00215,0.0178,0.0134,-0.03030,0.04752,0.00398,1,1,0.020,0.201,in_circle,0.0155,0.1367,0.0000,0.0000,0
80.948,1,1750,-0.00920,0.00179,-0.0094,-0.0079,-0.03196,0.04681,0.00443,1,1,-0.053,0.093,in_circle,0.0155,0.1367,0.0000,0.0000,0
80.992,1,1751,-0.00908,0.00244,0.0027,0.0148,-0.03366,0.04827,0.00378,1,1,0.057,0.179,in_circle,0.0155,0.1367,0.0000,0.0000,0
81.036,1,1752,-0.00902,0.00210,0.0013,-0.0078,-0.03172,0.04386,0.00409,1,1,0.008,0.086,in_circle,0.0155,0.1367,0.0000,0.0000,0
81.081,1,1753,-0.00909,0.00182,-0.0015,-0.0062,-0.03219,0.04474,0.00438,1,1,0.014,0.178,in_circle,0.0155,0.1367,0.0000,0.0000,0
81.125,1,1754,-0.00884,0.00217,0.0057,0.0081,-0.03018,0.04367,0.00397,1,1,0.025,0.172,in_circle,0.0155,0.1367,0.0000,0.0000,0
81.168,1,1755,-0.00948,0.00197,-0.0147,-0.0045,-0.03242,0.04426,0.00436,1,1,-0.005,0.114,in_circle,0.0155,0.1367,0.0000,0.0000,0
81.211,1,1756,-0.00954,0.00188,-0.0015,-0.0022,-0.03215,0.04739,0.00448,1,1,0.079,0.165,in_circle,0.0155,0.1367,0.0000,0.0000,0
81.257,1,1757,-0.00912,0.00218,0.0092,0.0066,-0.03223,0.04716,0.00404,1,1,0.026,0.156,in_circle,0.0155,0.1367,0.0000,0.0000,0
81.300,1,1758,-0.00928,0.00153,-0.0037,-0.0151,-0.03212,0.04697,0.00471,1,1,-0.018,0.120,in_circle,0.0155,0.1367,0.0000,0.0000,0
81.344,1,1759,-0.00927,0.00210,0.0002,0.0127,-0.03176,0.04881,0.00417,1,1,0.034,0.208,in_circle,0.0155,0.1367,0.0000,0.0000,0
81.387,1,1760,-0.00901,0.00237,0.0062,0.0063,-0.03182,0.04683,0.00383,1,1,0.019,0.096,in_circle,0.0155,0.1367,0.0000,0.0000,0
81.432,1,1761,-0.00932,0.00195,-0.0071,-0.0093,-0.03383,0.04726,0.00433,1,1,-0.006,0.121,in_circle,0.0155,0.1367,0.0000,0.0000,0
81.476,1,1762,-0.00898,0.00202,0.0077,0.0017,-0.03080,0.04604,0.00415,1,1,0.048,0.184,in_circle,0.0155,0.1367,0.0000,0.0000,0
81.520,1,1763,-0.00918,0.00166,-0.0044,-0.0083,-0.03102,0.04533,0.00455,1,1,-0.012,0.140,in_circle,0.0155,0.1367,0.0000,0.0000,0
81.563,1,1764,-0.00896,0.00195,0.0051,0.0069,-0.03302,0.04575,0.00421,1,1,0.037,0.181,in_circle,0.0155,0.1367,0.0000,0.0000,0
81.608,1,1765,-0.00899,0.00235,-0.0007,0.0086,-0.03153,0.04557,0.00384,1,1,-0.002,0.119,in_circle,0.0155,0.1367,0.0000,0.0000,0
81.651,1,1766,-0.00869,0.00247,0.0070,0.0030,-0.03292,0.04610,0.00364,1,1,0.021,0.111,in_circle,0.0155,0.1367,0.0000,0.0000,0
81.696,1,1767,-0.00876,0.00189,-0.0015,-0.0129,-0.03075,0.04480,0.00422,1,1,-0.010,0.134,in_circle,0.0155,0.1367,0.0000,0.0000,0
81.740,1,1768,-0.00890,0.00225,-0.0033,0.0083,-0.03027,0.04494,0.00390,1,1,0.024,0.199,in_circle,0.0155,0.1367,0.0000,0.0000,0
81.788,1,1769,-0.00891,0.00208,-0.0001,-0.0035,-0.03070,0.04398,0.00407,1,1,0.031,0.113,in_circle,0.0155,0.1367,0.0000,0.0000,0
81.828,1,1770,-0.00911,0.00215,-0.0051,0.0016,-0.03284,0.04502,0.00407,1,1,0.019,0.161,in_circle,0.0155,0.1367,0.0000,0.0000,0
81.872,1,1771,-0.00882,0.00200,0.0065,-0.0034,-0.03017,0.04377,0.00413,1,1,0.039,0.140,in_circle,0.0155,0.1367,0.0000,0.0000,0
81.916,1,1772,-0.00923,0.00173,-0.0094,-0.0063,-0.03156,0.04534,0.00450,1,1,-0.008,0.160,in_circle,0.0155,0.1367,0.0000,0.0000,0
81.961,1,1773,-0.00895,0.00245,0.0062,0.0160,-0.03070,0.04398,0.00373,1,1,0.057,0.172,in_circle,0.0155,0.1367,0.0000,0.0000,0
82.004,1,1774,-0.00929,0.00202,-0.0081,-0.0103,-0.03149,0.04427,0.00425,1,1,-0.006,0.082,in_circle,0.0155,0.1367,0.0000,0.0000,0
82.048,1,1775,-0.00875,0.00209,0.0121,0.0015,-0.03101,0.04557,0.00403,1,1,0.052,0.188,in_circle,0.0155,0.1367,0.0000,0.0000,0
82.091,1,1776,-0.00913,0.00173,-0.0088,-0.0083,-0.02989,0.04398,0.00447,1,1,-0.030,0.140,in_circle,0.0155,0.1367,0.0000,0.0000,0
82.137,1,1777,-0.00936,0.00208,-0.0052,0.0077,-0.03297,0.04600,0.00422,1,1,0.054,0.181,in_circle,0.0155,0.1367,0.0000,0.0000,0
82.193,1,1778,-0.00923,0.00226,0.0023,0.0030,-0.03194,0.04489,0.00401,1,1,0.040,0.116,in_circle,0.0155,0.1367,0.0000,0.0000,0
82.236,1,1779,-0.00933,0.00190,-0.0024,-0.0083,-0.03288,0.04661,0.00437,1,1,0.010,0.134,in_circle,0.0155,0.1367,0.0000,0.0000,0
82.285,1,1780,-0.00899,0.00216,0.0069,0.0052,-0.02973,0.04657,0.00402,1,1,0.029,0.180,in_circle,0.0155,0.1367,0.0000,0.0000,0
82.320,1,1781,-0.00863,0.00185,0.0107,-0.0090,-0.03060,0.04695,0.00423,1,1,-0.009,0.125,in_circle,0.0155,0.1367,0.0000,0.0000,0
82.357,1,1782,-0.00956,0.00228,-0.0251,0.0116,-0.03226,0.04585,0.00412,1,1,-0.025,0.183,in_circle,0.0155,0.1367,0.0000,0.0000,0
82.400,1,1783,-0.00915,0.00196,0.0095,-0.0074,-0.03197,0.04552,0.00426,1,1,0.120,0.100,in_circle,0.0155,0.1367,0.0000,0.0000,0
82.443,1,1784,-0.00920,0.00186,-0.0013,-0.0022,-0.03274,0.04576,0.00437,1,1,-0.019,0.176,in_circle,0.0155,0.1367,0.0000,0.0000,0
82.532,1,1785,-0.00918,0.00225,0.0003,0.0044,-0.03322,0.04598,0.00399,1,1,0.024,0.156,in_circle,0.0155,0.1367,0.0000,0.0000,0
82.576,1,1786,-0.00889,0.00223,0.0066,-0.0005,-0.03323,0.04579,0.00393,1,1,0.018,0.129,in_circle,0.0155,0.1367,0.0000,0.0000,0
82.621,1,1787,-0.00928,0.00223,-0.0086,0.0000,-0.03378,0.04674,0.00405,1,1,-0.008,0.148,in_circle,0.0155,0.1367,0.0000,0.0000,0
82.664,1,1788,-0.00923,0.00198,0.0013,-0.0059,-0.03263,0.04466,0.00427,1,1,0.054,0.146,in_circle,0.0155,0.1367,0.0000,0.0000,0
82.709,1,1789,-0.00969,0.00187,-0.0104,-0.0023,-0.03249,0.04605,0.00454,1,1,0.014,0.170,in_circle,0.0155,0.1367,0.0000,0.0000,0
82.752,1,1790,-0.00900,0.00250,0.0160,0.0145,-0.03215,0.04658,0.00370,1,1,0.062,0.156,in_circle,0.0155,0.1367,0.0000,0.0000,0
82.795,1,1791,-0.00878,0.00208,0.0050,-0.0096,-0.03098,0.04585,0.00404,1,1,-0.045,0.087,in_circle,0.0155,0.1367,0.0000,0.0000,0
82.840,1,1792,-0.00899,0.00212,-0.0046,0.0009,-0.03135,0.04743,0.00406,1,1,-0.002,0.185,in_circle,0.0155,0.1367,0.0000,0.0000,0
82.884,1,1793,-0.00937,0.00182,-0.0088,-0.0069,-0.03024,0.04474,0.00447,1,1,0.037,0.143,in_circle,0.0155,0.1367,0.0000,0.0000,0
82.927,1,1794,-0.00950,0.00196,-0.0031,0.0033,-0.03265,0.04446,0.00438,1,1,0.055,0.175,in_circle,0.0155,0.1367,0.0000,0.0000,0
82.970,1,1795,-0.00891,0.00205,0.0136,0.0021,-0.03116,0.04493,0.00410,1,1,0.032,0.133,in_circle,0.0155,0.1367,0.0000,0.0000,0
83.015,1,1796,-0.00913,0.00174,-0.0050,-0.0070,-0.03280,0.04618,0.00446,1,1,-0.036,0.138,in_circle,0.0155,0.1367,0.0000,0.0000,0
83.060,1,1797,-0.00899,0.00238,0.0032,0.0142,-0.03138,0.04680,0.00381,1,1,0.039,0.175,in_circle,0.0155,0.1367,0.0000,0.0000,0
83.103,1,1798,-0.00955,0.00203,-0.0132,-0.0082,-0.03204,0.04563,0.00434,1,1,0.006,0.089,in_circle,0.0155,0.1367,0.0000,0.0000,0
83.147,1,1799,-0.00929,0.00163,0.0059,-0.0090,-0.03172,0.04615,0.00462,1,1,0.073,0.179,in_circle,0.0155,0.1367,0.0000,0.0000,0
83.192,1,1800,-0.00898,0.00237,0.0069,0.0167,-0.02998,0.04605,0.00382,1,1,-0.005,0.184,in_circle,0.0155,0.1367,0.0000,0.0000,0
83.236,1,1801,-0.00905,0.00253,-0.0016,0.0036,-0.03278,0.04791,0.00369,1,1,-0.009,0.079,in_circle,0.0155,0.1367,0.0000,0.0000,0
83.280,1,1802,-0.00908,0.00246,-0.0006,-0.0017,-0.03233,0.04590,0.00377,1,1,0.025,0.131,in_circle,0.0155,0.1367,0.0000,0.0000,0
83.324,1,1803,-0.00936,0.00185,-0.0065,-0.0140,-0.02781,0.04588,0.00443,1,1,0.021,0.152,in_circle,0.0155,0.1367,0.0000,0.0000,0
83.367,1,1804,-0.00875,0.00205,0.0140,0.0046,-0.02960,0.04521,0.00406,1,1,0.045,0.203,in_circle,0.0155,0.1367,0.0000,0.0000,0
83.412,1,1805,-0.00889,0.00219,-0.0031,0.0032,-0.02926,0.04566,0.00396,1,1,-0.038,0.128,in_circle,0.0155,0.1367,0.0000,0.0000,0
83.456,1,1806,-0.00925,0.00230,-0.0082,0.0025,-0.03505,0.04639,0.00397,1,1,0.031,0.133,in_circle,0.0155,0.1367,0.0000,0.0000,0
83.500,1,1807,-0.00903,0.00219,0.0051,-0.0025,-0.03163,0.04529,0.00400,1,1,0.052,0.136,in_circle,0.0155,0.1367,0.0000,0.0000,0
83.543,1,1808,-0.00856,0.00198,0.0108,-0.0050,-0.03295,0.04505,0.00409,1,1,-0.002,0.156,in_circle,0.0155,0.1367,0.0000,0.0000,0
83.588,1,1809,-0.00881,0.00217,-0.0054,0.0044,-0.03256,0.04682,0.00396,1,1,-0.026,0.167,in_circle,0.0155,0.1367,0.0000,0.0000,0
83.631,1,1810,-0.00977,0.00202,-0.0225,-0.0036,-0.03293,0.04661,0.00444,1,1,0.040,0.129,in_circle,0.0155,0.1367,0.0000,0.0000,0
83.675,1,1811,-0.00928,0.00226,0.0111,0.0054,-0.03354,0.04473,0.00403,1,1,0.110,0.161,in_circle,0.0155,0.1367,0.0000,0.0000,0
83.721,1,1812,-0.00936,0.00216,-0.0018,-0.0022,-0.03319,0.04647,0.00415,1,1,-0.025,0.125,in_circle,0.0155,0.1367,0.0000,0.0000,0
83.764,1,1813,-0.00904,0.00214,0.0075,-0.0003,-0.03184,0.04995,0.00405,1,1,0.027,0.155,in_circle,0.0155,0.1367,0.0000,0.0000,0
83.809,1,1814,-0.00894,0.00217,0.0023,0.0007,-0.03186,0.04762,0.00399,1,1,-0.011,0.147,in_circle,0.0155,0.1367,0.0000,0.0000,0
83.851,1,1815,-0.00926,0.00170,-0.0077,-0.0113,-0.03185,0.04627,0.00455,1,1,0.009,0.144,in_circle,0.0155,0.1367,0.0000,0.0000,0
83.896,1,1816,-0.00901,0.00208,0.0057,0.0085,-0.03143,0.04723,0.00410,1,1,0.050,0.193,in_circle,0.0155,0.1367,0.0000,0.0000,0
83.939,1,1817,-0.00909,0.00225,-0.0019,0.0040,-0.03191,0.04579,0.00397,1,1,-0.004,0.113,in_circle,0.0155,0.1367,0.0000,0.0000,0
83.984,1,1818,-0.00979,0.00214,-0.0156,-0.0024,-0.03102,0.04689,0.00434,1,1,0.026,0.130,in_circle,0.0155,0.1367,0.0000,0.0000,0
84.027,1,1819,-0.00937,0.00196,0.0097,-0.0042,-0.03147,0.04488,0.00433,1,1,0.083,0.156,in_circle,0.0155,0.1367,0.0000,0.0000,0
84.072,1,1820,-0.00945,0.00181,-0.0019,-0.0034,-0.03110,0.04637,0.00451,1,1,-0.019,0.164,in_circle,0.0155,0.1367,0.0000,0.0000,0
84.117,1,1821,-0.00901,0.00216,0.0098,0.0078,-0.03035,0.04643,0.00402,1,1,0.027,0.161,in_circle,0.0155,0.1367,0.0000,0.0000,0
84.160,1,1822,-0.00899,0.00205,0.0003,-0.0026,-0.03083,0.04594,0.00413,1,1,-0.021,0.115,in_circle,0.0155,0.1367,0.0000,0.0000,0
84.203,1,1823,-0.00960,0.00169,-0.0140,-0.0081,-0.03122,0.04545,0.00467,1,1,0.018,0.157,in_circle,0.0155,0.1367,0.0000,0.0000,0
84.248,1,1824,-0.00893,0.00203,0.0149,0.0074,-0.03023,0.04490,0.00413,1,1,0.076,0.180,in_circle,0.0155,0.1367,0.0000,0.0000,0
84.291,1,1825,-0.00958,0.00224,-0.0154,0.0050,-0.03139,0.04673,0.00416,1,1,-0.041,0.117,in_circle,0.0155,0.1367,0.0000,0.0000,0
84.336,1,1826,-0.00952,0.00156,0.0014,-0.0151,-0.03244,0.04677,0.00476,1,1,0.081,0.126,in_circle,0.0155,0.1367,0.0000,0.0000,0
84.379,1,1827,-0.00944,0.00202,0.0018,0.0107,-0.03172,0.04409,0.00430,1,1,0.014,0.208,in_circle,0.0155,0.1367,0.0000,0.0000,0
84.424,1,1828,-0.00960,0.00205,-0.0036,0.0005,-0.03236,0.04649,0.00434,1,1,0.012,0.104,in_circle,0.0155,0.1367,0.0000,0.0000,0
84.467,1,1829,-0.00904,0.00225,0.0131,0.0047,-0.03438,0.04591,0.00395,1,1,0.034,0.144,in_circle,0.0155,0.1367,0.0000,0.0000,0
84.555,1,1830,-0.00903,0.00200,0.0002,-0.0029,-0.03287,0.04514,0.00419,1,1,-0.034,0.127,in_circle,0.0155,0.1367,0.0000,0.0000,0
84.599,1,1831,-0.00964,0.00183,-0.0140,-0.0038,-0.02999,0.04518,0.00456,1,1,0.018,0.158,in_circle,0.0155,0.1367,0.0000,0.0000,0
84.643,1,1832,-0.00898,0.00197,0.0152,0.0033,-0.03271,0.04349,0.00420,1,1,0.076,0.162,in_circle,0.0155,0.1367,0.0000,0.0000,0
84.689,1,1833,-0.00903,0.00217,-0.0011,0.0043,-0.03241,0.04433,0.00402,1,1,-0.042,0.134,in_circle,0.0155,0.1367,0.0000,0.0000,0
84.730,1,1834,-0.00858,0.00198,0.0108,-0.0046,-0.03179,0.04691,0.00410,1,1,0.023,0.129,in_circle,0.0155,0.1367,0.0000,0.0000,0
84.775,1,1835,-0.00952,0.00171,-0.0210,-0.0061,-0.03253,0.04422,0.00463,1,1,-0.026,0.165,in_circle,0.0155,0.1367,0.0000,0.0000,0
84.819,1,1836,-0.00928,0.00204,0.0053,0.0075,-0.03147,0.04541,0.00423,1,1,0.104,0.172,in_circle,0.0155,0.1367,0.0000,0.0000,0
84.863,1,1837,-0.00916,0.00181,0.0028,-0.0052,-0.03307,0.04397,0.00441,1,1,-0.002,0.117,in_circle,0.0155,0.1367,0.0000,0.0000,0
84.907,1,1838,-0.00957,0.00202,-0.0095,0.0049,-0.03240,0.04746,0.00435,1,1,0.008,0.168,in_circle,0.0155,0.1367,0.0000,0.0000,0
84.952,1,1839,-0.00924,0.00170,0.0073,-0.0072,-0.03134,0.04811,0.00454,1,1,0.058,0.127,in_circle,0.0155,0.1367,0.0000,0.0000,0
84.995,1,1840,-0.00964,0.00188,-0.0091,0.0042,-0.03108,0.04533,0.00451,1,1,-0.010,0.176,in_circle,0.0155,0.1367,0.0000,0.0000,0
85.041,1,1841,-0.00933,0.00195,0.0068,0.0016,-0.03174,0.04740,0.00432,1,1,0.057,0.130,in_circle,0.0155,0.1367,0.0000,0.0000,0
85.083,1,1842,-0.00958,0.00188,-0.0059,-0.0018,-0.03116,0.04603,0.00449,1,1,-0.008,0.140,in_circle,0.0155,0.1367,0.0000,0.0000,0
85.127,1,1843,-0.00920,0.00180,0.0087,-0.0017,-0.03240,0.04638,0.00443,1,1,0.043,0.154,in_circle,0.0155,0.1367,0.0000,0.0000,0
85.173,1,1844,-0.00887,0.00233,0.0071,0.0115,-0.03188,0.04527,0.00383,1,1,-0.016,0.154,in_circle,0.0155,0.1367,0.0000,0.0000,0
85.216,1,1845,-0.00900,0.00189,-0.0030,-0.0102,-0.03027,0.04717,0.00429,1,1,-0.010,0.100,in_circle,0.0155,0.1367,0.0000,0.0000,0
85.259,1,1846,-0.00895,0.00212,0.0012,0.0055,-0.03166,0.04412,0.00405,1,1,0.030,0.188,in_circle,0.0155,0.1367,0.0000,0.0000,0
85.303,1,1847,-0.00905,0.00152,-0.0024,-0.0136,-0.03102,0.04481,0.00465,1,1,0.013,0.125,in_circle,0.0155,0.1367,0.0000,0.0000,0
85.347,1,1848,-0.00912,0.00154,-0.0016,0.0005,-0.03242,0.04535,0.00465,1,1,0.028,0.202,in_circle,0.0155,0.1367,0.0000,0.0000,0
85.392,1,1849,-0.00980,0.00189,-0.0151,0.0078,-0.03081,0.04586,0.00457,1,1,0.025,0.146,in_circle,0.0155,0.1367,0.0000,0.0000,0
85.435,1,1850,-0.00965,0.00182,0.0036,-0.0017,-0.03448,0.04681,0.00457,1,1,0.081,0.116,in_circle,0.0155,0.1367,0.0000,0.0000,0
85.480,1,1851,-0.00898,0.00250,0.0150,0.0150,-0.03194,0.04450,0.00370,1,1,0.006,0.154,in_circle,0.0155,0.1367,0.0000,0.0000,0
85.523,1,1852,-0.00958,0.00230,-0.0142,-0.0047,-0.03064,0.04699,0.00411,1,1,-0.042,0.085,in_circle,0.0155,0.1367,0.0000,0.0000,0
85.567,1,1853,-0.00873,0.00205,0.0194,-0.0056,-0.03033,0.04489,0.00406,1,1,0.077,0.165,in_circle,0.0155,0.1367,0.0000,0.0000,0
85.612,1,1854,-0.00932,0.00198,-0.0133,-0.0015,-0.02920,0.04596,0.00430,1,1,-0.060,0.169,in_circle,0.0155,0.1367,0.0000,0.0000,0
85.657,1,1855,-0.00927,0.00191,0.0012,-0.0015,-0.03156,0.04534,0.00434,1,1,0.072,0.153,in_circle,0.0155,0.1367,0.0000,0.0000,0
85.700,1,1856,-0.00972,0.00179,-0.0107,-0.0028,-0.03195,0.04303,0.00462,1,1,0.014,0.153,in_circle,0.0155,0.1367,0.0000,0.0000,0
85.744,1,1857,-0.00907,0.00216,0.0146,0.0082,-0.03142,0.04524,0.00405,1,1,0.063,0.158,in_circle,0.0155,0.1367,0.0000,0.0000,0
85.788,1,1858,-0.00919,0.00193,-0.0026,-0.0053,-0.03176,0.04694,0.00430,1,1,-0.040,0.113,in_circle,0.0155,0.1367,0.0000,0.0000,0
85.831,1,1859,-0.00925,0.00180,-0.0016,-0.0031,-0.03081,0.04586,0.00445,1,1,0.029,0.168,in_circle,0.0155,0.1367,0.0000,0.0000,0
85.875,1,1860,-0.00954,0.00177,-0.0064,-0.0007,-0.03164,0.04419,0.00458,1,1,0.025,0.159,in_circle,0.0155,0.1367,0.0000,0.0000,0
85.919,1,1861,-0.00951,0.00210,0.0006,0.0077,-0.03205,0.04463,0.00426,1,1,0.046,0.150,in_circle,0.0155,0.1367,0.0000,0.0000,0
85.964,1,1862,-0.00912,0.00214,0.0088,0.0008,-0.03200,0.04616,0.00408,1,1,0.017,0.116,in_circle,0.0155,0.1367,0.0000,0.0000,0
86.009,1,1863,-0.00928,0.00205,-0.0036,-0.0019,-0.03273,0.04641,0.00422,1,1,-0.016,0.143,in_circle,0.0155,0.1367,0.0000,0.0000,0
86.051,1,1864,-0.00892,0.00217,0.0084,0.0029,-0.03262,0.04478,0.00399,1,1,0.034,0.154,in_circle,0.0155,0.1367,0.0000,0.0000,0
86.097,1,1865,-0.00901,0.00214,-0.0019,-0.0007,-0.03178,0.04652,0.00405,1,1,-0.015,0.135,in_circle,0.0155,0.1367,0.0000,0.0000,0
86.139,1,1866,-0.00941,0.00189,-0.0094,-0.0060,-0.03211,0.04683,0.00441,1,1,0.026,0.149,in_circle,0.0155,0.1367,0.0000,0.0000,0
86.183,1,1867,-0.00958,0.00210,-0.0039,0.0046,-0.03272,0.04524,0.00429,1,1,0.057,0.171,in_circle,0.0155,0.1367,0.0000,0.0000,0
86.227,1,1868,-0.00956,0.00177,0.0003,-0.0074,-0.03134,0.04451,0.00458,1,1,0.035,0.128,in_circle,0.0155,0.1367,0.0000,0.0000,0
86.272,1,1869,-0.00915,0.00177,0.0093,-0.0001,-0.03258,0.04620,0.00445,1,1,0.019,0.177,in_circle,0.0155,0.1367,0.0000,0.0000,0
86.315,1,1870,-0.00909,0.00222,0.0014,0.0104,-0.03207,0.04703,0.00400,1,1,-0.018,0.148,in_circle,0.0155,0.1367,0.0000,0.0000,0
86.360,1,1871,-0.00951,0.00202,-0.0092,-0.0045,-0.03203,0.04618,0.00433,1,1,0.013,0.105,in_circle,0.0155,0.1367,0.0000,0.0000,0
86.403,1,1872,-0.00950,0.00192,0.0001,-0.0022,-0.03146,0.04487,0.00442,1,1,0.057,0.165,in_circle,0.0155,0.1367,0.0000,0.0000,0
86.447,1,1873,-0.00974,0.00220,-0.0053,0.0063,-0.02991,0.04504,0.00427,1,1,0.019,0.156,in_circle,0.0155,0.1367,0.0000,0.0000,0
86.492,1,1874,-0.00933,0.00185,0.0091,-0.0077,-0.03133,0.04463,0.00442,1,1,0.042,0.121,in_circle,0.0155,0.1367,0.0000,0.0000,0
86.580,1,1875,-0.00917,0.00176,0.0018,-0.0011,-0.02992,0.04636,0.00446,1,1,-0.017,0.178,in_circle,0.0155,0.1367,0.0000,0.0000,0
86.623,1,1876,-0.00945,0.00181,-0.0064,0.0012,-0.03067,0.04719,0.00450,1,1,0.012,0.152,in_circle,0.0155,0.1367,0.0000,0.0000,0
86.668,1,1877,-0.00961,0.00198,-0.0036,0.0038,-0.03302,0.04613,0.00441,1,1,0.045,0.143,in_circle,0.0155,0.1367,0.0000,0.0000,0
86.711,1,1878,-0.00949,0.00197,0.0028,-0.0002,-0.03228,0.04614,0.00437,1,1,0.034,0.132,in_circle,0.0155,0.1367,0.0000,0.0000,0
86.757,1,1879,-0.00976,0.00181,-0.0059,-0.0036,-0.03286,0.04645,0.00463,1,1,0.008,0.147,in_circle,0.0155,0.1367,0.0000,0.0000,0
86.799,1,1880,-0.00961,0.00228,0.0034,0.0109,-0.03185,0.04720,0.00414,1,1,0.044,0.162,in_circle,0.0155,0.1367,0.0000,0.0000,0
86.844,1,1881,-0.00939,0.00179,0.0051,-0.0110,-0.03238,0.04597,0.00450,1,1,0.006,0.102,in_circle,0.0155,0.1367,0.0000,0.0000,0
86.887,1,1882,-0.00930,0.00184,0.0020,0.0010,-0.03164,0.04599,0.00443,1,1,-0.001,0.191,in_circle,0.0155,0.1367,0.0000,0.0000,0
86.932,1,1883,-0.00885,0.00223,0.0100,0.0088,-0.02952,0.04583,0.00391,1,1,0.011,0.143,in_circle,0.0155,0.1367,0.0000,0.0000,0
86.976,1,1884,-0.00965,0.00193,-0.0184,-0.0071,-0.03294,0.04594,0.00447,1,1,-0.022,0.111,in_circle,0.0155,0.1367,0.0000,0.0000,0
87.019,1,1885,-0.00939,0.00167,0.0058,-0.0059,-0.03152,0.04634,0.00462,1,1,0.094,0.175,in_circle,0.0155,0.1367,0.0000,0.0000,0
87.064,1,1886,-0.00877,0.00217,0.0140,0.0113,-0.03103,0.04655,0.00395,1,1,-0.004,0.171,in_circle,0.0155,0.1367,0.0000,0.0000,0
87.108,1,1887,-0.00950,0.00207,-0.0166,-0.0024,-0.03215,0.04658,0.00428,1,1,-0.038,0.101,in_circle,0.0155,0.1367,0.0000,0.0000,0
87.152,1,1888,-0.00919,0.00192,0.0069,-0.0034,-0.03261,0.04575,0.00431,1,1,0.086,0.156,in_circle,0.0155,0.1367,0.0000,0.0000,0
87.195,1,1889,-0.00910,0.00196,0.0022,0.0009,-0.03107,0.04546,0.00424,1,1,-0.009,0.160,in_circle,0.0155,0.1367,0.0000,0.0000,0
87.239,1,1890,-0.00904,0.00248,0.0013,0.0116,-0.03133,0.04694,0.00374,1,1,0.010,0.143,in_circle,0.0155,0.1367,0.0000,0.0000,0
87.283,1,1891,-0.00909,0.00192,-0.0013,-0.0126,-0.03055,0.04470,0.00428,1,1,0.013,0.099,in_circle,0.0155,0.1367,0.0000,0.0000,0
87.328,1,1892,-0.00932,0.00215,-0.0051,0.0051,-0.03210,0.04549,0.00414,1,1,0.024,0.197,in_circle,0.0155,0.1367,0.0000,0.0000,0
87.371,1,1893,-0.00952,0.00194,-0.0045,-0.0050,-0.03084,0.04608,0.00441,1,1,0.040,0.126,in_circle,0.0155,0.1367,0.0000,0.0000,0
87.416,1,1894,-0.00955,0.00198,-0.0006,0.0009,-0.03476,0.04747,0.00439,1,1,0.038,0.167,in_circle,0.0155,0.1367,0.0000,0.0000,0
87.461,1,1895,-0.00948,0.00194,0.0015,-0.0009,-0.03110,0.04470,0.00440,1,1,0.022,0.143,in_circle,0.0155,0.1367,0.0000,0.0000,0
87.504,1,1896,-0.00865,0.00172,0.0190,-0.0050,-0.03322,0.04598,0.00437,1,1,0.014,0.151,in_circle,0.0155,0.1367,0.0000,0.0000,0
87.547,1,1897,-0.00906,0.00204,-0.0097,0.0077,-0.03245,0.04613,0.00415,1,1,-0.058,0.167,in_circle,0.0155,0.1367,0.0000,0.0000,0
87.593,1,1898,-0.00896,0.00198,0.0022,-0.0014,-0.03269,0.04640,0.00418,1,1,0.058,0.116,in_circle,0.0155,0.1367,0.0000,0.0000,0
87.635,1,1899,-0.00978,0.00177,-0.0193,-0.0050,-0.03330,0.04456,0.00467,1,1,0.009,0.152,in_circle,0.0155,0.1367,0.0000,0.0000,0
87.680,1,1900,-0.00890,0.00221,0.0194,0.0098,-0.03274,0.04663,0.00394,1,1,0.098,0.167,in_circle,0.0155,0.1367,0.0000,0.0000,0
87.724,1,1901,-0.00896,0.00179,-0.0014,-0.0098,-0.03158,0.04474,0.00437,1,1,-0.059,0.107,in_circle,0.0155,0.1367,0.0000,0.0000,0
87.769,1,1902,-0.00970,0.00181,-0.0165,0.0004,-0.03067,0.04583,0.00460,1,1,0.024,0.186,in_circle,0.0155,0.1367,0.0000,0.0000,0
87.812,1,1903,-0.00854,0.00181,0.0271,0.0000,-0.03244,0.04428,0.00426,1,1,0.086,0.146,in_circle,0.0155,0.1367,0.0000,0.0000,0
87.856,1,1904,-0.00956,0.00201,-0.0230,0.0047,-0.03327,0.04534,0.00436,1,1,-0.091,0.147,in_circle,0.0155,0.1367,0.0000,0.0000,0
87.900,1,1905,-0.00951,0.00204,0.0012,0.0006,-0.03168,0.04737,0.00432,1,1,0.112,0.128,in_circle,0.0155,0.1367,0.0000,0.0000,0
87.943,1,1906,-0.00953,0.00213,-0.0003,0.0021,-0.03177,0.04485,0.00424,1,1,0.015,0.144,in_circle,0.0155,0.1367,0.0000,0.0000,0
87.988,1,1907,-0.00930,0.00207,0.0050,-0.0014,-0.03078,0.04669,0.00421,1,1,0.021,0.138,in_circle,0.0155,0.1367,0.0000,0.0000,0
88.032,1,1908,-0.00965,0.00215,-0.0080,0.0020,-0.03208,0.04832,0.00427,1,1,-0.001,0.152,in_circle,0.0155,0.1367,0.0000,0.0000,0
88.076,1,1909,-0.00908,0.00189,0.0127,-0.0058,-0.03100,0.04609,0.00430,1,1,0.052,0.139,in_circle,0.0155,0.1367,0.0000,0.0000,0
88.119,1,1910,-0.00968,0.00168,-0.0139,-0.0049,-0.03201,0.04672,0.00471,1,1,-0.032,0.170,in_circle,0.0155,0.1367,0.0000,0.0000,0
88.164,1,1911,-0.00902,0.00225,0.0149,0.0126,-0.03057,0.04789,0.00394,1,1,0.076,0.167,in_circle,0.0155,0.1367,0.0000,0.0000,0
88.207,1,1912,-0.00936,0.00205,-0.0079,-0.0046,-0.03106,0.04650,0.00425,1,1,-0.041,0.096,in_circle,0.0155,0.1367,0.0000,0.0000,0
88.252,1,1913,-0.00952,0.00189,-0.0035,-0.0036,-0.03174,0.04773,0.00446,1,1,0.051,0.165,in_circle,0.0155,0.1367,0.0000,0.0000,0
88.295,1,1914,-0.00942,0.00197,0.0022,0.0020,-0.03008,0.04545,0.00434,1,1,0.034,0.162,in_circle,0.0155,0.1367,0.0000,0.0000,0
88.339,1,1915,-0.00979,0.00204,-0.0084,0.0016,-0.03169,0.04633,0.00443,1,1,0.011,0.139,in_circle,0.0155,0.1367,0.0000,0.0000,0
88.384,1,1916,-0.00932,0.00193,0.0105,-0.0024,-0.03130,0.04660,0.00434,1,1,0.054,0.140,in_circle,0.0155,0.1367,0.0000,0.0000,0
88.426,1,1917,-0.00931,0.00165,0.0001,-0.0065,-0.03163,0.04604,0.00460,1,1,-0.023,0.157,in_circle,0.0155,0.1367,0.0000,0.0000,0
88.472,1,1918,-0.00949,0.00211,-0.0039,0.0100,-0.03122,0.04545,0.00424,1,1,0.019,0.174,in_circle,0.0155,0.1367,0.0000,0.0000,0
88.515,1,1919,-0.00963,0.00179,-0.0033,-0.0074,-0.03221,0.04369,0.00459,1,1,0.035,0.106,in_circle,0.0155,0.1367,0.0000,0.0000,0
88.603,1,1920,-0.00971,0.00188,-0.0009,0.0011,-0.03124,0.04485,0.00454,1,1,0.033,0.177,in_circle,0.0155,0.1367,0.0000,0.0000,0
88.648,1,1921,-0.00966,0.00155,0.0011,-0.0075,-0.03108,0.04627,0.00482,1,1,0.024,0.143,in_circle,0.0155,0.1367,0.0000,0.0000,0
88.693,1,1922,-0.00963,0.00147,0.0006,-0.0017,-0.03277,0.04487,0.00488,1,1,0.016,0.178,in_circle,0.0155,0.1367,0.0000,0.0000,0
88.735,1,1923,-0.00954,0.00181,0.0022,0.0081,-0.03261,0.04559,0.00454,1,1,0.018,0.155,in_circle,0.0155,0.1367,0.0000,0.0000,0
88.780,1,1924,-0.00906,0.00180,0.0108,-0.0002,-0.03391,0.04598,0.00438,1,1,0.011,0.115,in_circle,0.0155,0.1367,0.0000,0.0000,0
88.823,1,1925,-0.00935,0.00163,-0.0066,-0.0039,-0.03186,0.04655,0.00463,1,1,-0.024,0.148,in_circle,0.0155,0.1367,0.0000,0.0000,0
88.867,1,1926,-0.00915,0.00221,0.0046,0.0132,-0.03230,0.04679,0.00402,1,1,0.046,0.163,in_circle,0.0155,0.1367,0.0000,0.0000,0
88.911,1,1927,-0.00920,0.00185,-0.0013,-0.0082,-0.03354,0.04495,0.00438,1,1,0.001,0.093,in_circle,0.0155,0.1367,0.0000,0.0000,0
88.955,1,1928,-0.00980,0.00179,-0.0136,-0.0012,-0.03143,0.04573,0.00466,1,1,0.024,0.180,in_circle,0.0155,0.1367,0.0000,0.0000,0
88.999,1,1929,-0.00948,0.00184,0.0070,0.0011,-0.03121,0.04535,0.00449,1,1,0.075,0.152,in_circle,0.0155,0.1367,0.0000,0.0000,0
89.044,1,1930,-0.00909,0.00217,0.0088,0.0072,-0.03143,0.04723,0.00404,1,1,-0.008,0.143,in_circle,0.0155,0.1367,0.0000,0.0000,0
89.087,1,1931,-0.00885,0.00241,0.0056,0.0057,-0.03188,0.04604,0.00374,1,1,-0.016,0.117,in_circle,0.0155,0.1367,0.0000,0.0000,0
89.131,1,1932,-0.00903,0.00187,-0.0040,-0.0123,-0.03171,0.04780,0.00431,1,1,-0.004,0.123,in_circle,0.0155,0.1367,0.0000,0.0000,0
89.176,1,1933,-0.00937,0.00173,-0.0075,-0.0031,-0.03091,0.04534,0.00455,1,1,0.035,0.196,in_circle,0.0155,0.1367,0.0000,0.0000,0
89.220,1,1934,-0.00928,0.00182,0.0019,0.0020,-0.03276,0.04429,0.00443,1,1,0.049,0.160,in_circle,0.0155,0.1367,0.0000,0.0000,0
89.264,1,1935,-0.00923,0.00179,0.0013,-0.0007,-0.03298,0.04541,0.00444,1,1,0.012,0.139,in_circle,0.0155,0.1367,0.0000,0.0000,0
89.308,1,1936,-0.00921,0.00209,0.0004,0.0066,-0.03172,0.04699,0.00416,1,1,0.014,0.150,in_circle,0.0155,0.1367,0.0000,0.0000,0
89.351,1,1937,-0.00974,0.00206,-0.0124,-0.0007,-0.03295,0.04505,0.00439,1,1,0.017,0.120,in_circle,0.0155,0.1367,0.0000,0.0000,0
89.396,1,1938,-0.00958,0.00197,0.0035,-0.0019,-0.03257,0.04551,0.00440,1,1,0.070,0.149,in_circle,0.0155,0.1367,0.0000,0.0000,0
89.439,1,1939,-0.00936,0.00217,0.0050,0.0046,-0.03161,0.04572,0.00414,1,1,0.006,0.154,in_circle,0.0155,0.1367,0.0000,0.0000,0
89.484,1,1940,-0.00962,0.00174,-0.0057,-0.0095,-0.03180,0.04659,0.00463,1,1,-0.001,0.128,in_circle,0.0155,0.1367,0.0000,0.0000,0
89.527,1,1941,-0.00902,0.00207,0.0137,0.0075,-0.03172,0.04615,0.00412,1,1,0.043,0.185,in_circle,0.0155,0.1367,0.0000,0.0000,0
89.572,1,1942,-0.00930,0.00195,-0.0062,-0.0026,-0.03102,0.04606,0.00432,1,1,-0.036,0.117,in_circle,0.0155,0.1367,0.0000,0.0000,0
89.615,1,1943,-0.00956,0.00180,-0.0061,-0.0035,-0.03081,0.04586,0.00456,1,1,0.044,0.157,in_circle,0.0155,0.1367,0.0000,0.0000,0
89.662,1,1944,-0.00916,0.00197,0.0085,0.0036,-0.03078,0.04301,0.00426,1,1,0.044,0.161,in_circle,0.0155,0.1367,0.0000,0.0000,0
89.704,1,1945,-0.00947,0.00167,-0.0072,-0.0070,-0.03221,0.04382,0.00464,1,1,-0.015,0.132,in_circle,0.0155,0.1367,0.0000,0.0000,0
89.748,1,1946,-0.00954,0.00189,-0.0017,0.0049,-0.03033,0.04564,0.00447,1,1,0.049,0.176,in_circle,0.0155,0.1367,0.0000,0.0000,0
89.791,1,1947,-0.00955,0.00170,-0.0001,-0.0044,-0.03167,0.04520,0.00464,1,1,0.027,0.127,in_circle,0.0155,0.1367,0.0000,0.0000,0
89.836,1,1948,-0.00944,0.00194,0.0026,0.0055,-0.03121,0.04615,0.00438,1,1,0.021,0.165,in_circle,0.0155,0.1367,0.0000,0.0000,0
89.880,1,1949,-0.00889,0.00217,0.0123,0.0050,-0.03041,0.04387,0.00398,1,1,0.009,0.125,in_circle,0.0155,0.1367,0.0000,0.0000,0
89.925,1,1950,-0.00868,0.00204,0.0046,-0.0028,-0.03142,0.04524,0.00405,1,1,-0.031,0.126,in_circle,0.0155,0.1367,0.0000,0.0000,0
89.967,1,1951,-0.00934,0.00181,-0.0154,-0.0056,-0.03136,0.04392,0.00447,1,1,-0.001,0.158,in_circle,0.0155,0.1367,0.0000,0.0000,0
90.011,1,1952,-0.00974,0.00176,-0.0092,-0.0011,-0.03173,0.04553,0.00467,1,1,0.081,0.169,in_circle,0.0155,0.1367,0.0000,0.0000,0
90.056,1,1953,-0.00907,0.00214,0.0151,0.0085,-0.03084,0.04619,0.00406,1,1,0.057,0.152,in_circle,0.0155,0.1367,0.0000,0.0000,0
90.099,1,1954,-0.00928,0.00211,-0.0050,-0.0006,-0.03158,0.04909,0.00416,1,1,-0.042,0.112,in_circle,0.0155,0.1367,0.0000,0.0000,0
90.145,1,1955,-0.00930,0.00207,-0.0005,-0.0009,-0.02967,0.04690,0.00421,1,1,0.039,0.149,in_circle,0.0155,0.1367,0.0000,0.0000,0
90.187,1,1956,-0.00912,0.00221,0.0044,0.0034,-0.03106,0.04462,0.00401,1,1,0.021,0.150,in_circle,0.0155,0.1367,0.0000,0.0000,0
90.233,1,1957,-0.00910,0.00254,0.0005,0.0072,-0.03116,0.04603,0.00369,1,1,0.001,0.133,in_circle,0.0155,0.1367,0.0000,0.0000,0
90.276,1,1958,-0.00955,0.00193,-0.0103,-0.0141,-0.03112,0.04742,0.00443,1,1,0.017,0.117,in_circle,0.0155,0.1367,0.0000,0.0000,0
90.320,1,1959,-0.00956,0.00194,-0.0003,0.0002,-0.03243,0.04631,0.00442,1,1,0.061,0.203,in_circle,0.0155,0.1367,0.0000,0.0000,0
90.364,1,1960,-0.00896,0.00223,0.0134,0.0065,-0.03203,0.04522,0.00395,1,1,0.021,0.146,in_circle,0.0155,0.1367,0.0000,0.0000,0
90.408,1,1961,-0.00962,0.00187,-0.0151,-0.0082,-0.03433,0.04679,0.00451,1,1,-0.035,0.120,in_circle,0.0155,0.1367,0.0000,0.0000,0
90.453,1,1962,-0.00969,0.00177,-0.0016,-0.0021,-0.03273,0.04756,0.00463,1,1,0.081,0.180,in_circle,0.0155,0.1367,0.0000,0.0000,0
90.495,1,1963,-0.00937,0.00156,0.0076,-0.0050,-0.03314,0.04643,0.00471,1,1,0.027,0.156,in_circle,0.0155,0.1367,0.0000,0.0000,0
90.539,1,1964,-0.00919,0.00200,0.0041,0.0098,-0.03359,0.04722,0.00424,1,1,-0.011,0.168,in_circle,0.0155,0.1367,0.0000,0.0000,0
90.627,1,1965,-0.00976,0.00166,-0.0064,-0.0038,-0.03326,0.04596,0.00476,1,1,0.003,0.108,in_circle,0.0155,0.1367,0.0000,0.0000,0
90.672,1,1966,-0.00964,0.00191,0.0026,0.0056,-0.03372,0.04619,0.00448,1,1,0.046,0.163,in_circle,0.0155,0.1367,0.0000,0.0000,0
90.715,1,1967,-0.00869,0.00235,0.0223,0.0104,-0.03219,0.04453,0.00375,1,1,0.010,0.125,in_circle,0.0155,0.1367,0.0000,0.0000,0
90.760,1,1968,-0.00885,0.00198,-0.0035,-0.0083,-0.03211,0.04740,0.00415,1,1,-0.071,0.104,in_circle,0.0155,0.1367,0.0000,0.0000,0
90.805,1,1969,-0.00938,0.00177,-0.0119,-0.0048,-0.03077,0.04538,0.00452,1,1,0.032,0.180,in_circle,0.0155,0.1367,0.0000,0.0000,0
90.847,1,1970,-0.00939,0.00182,-0.0004,0.0013,-0.03119,0.04198,0.00447,1,1,0.067,0.166,in_circle,0.0155,0.1367,0.0000,0.0000,0
90.891,1,1971,-0.00947,0.00155,-0.0018,-0.0063,-0.03268,0.04209,0.00476,1,1,0.021,0.142,in_circle,0.0155,0.1367,0.0000,0.0000,0
90.936,1,1972,-0.00947,0.00182,0.0000,0.0060,-0.03298,0.04304,0.00450,1,1,0.027,0.173,in_circle,0.0155,0.1367,0.0000,0.0000,0
90.980,1,1973,-0.00956,0.00207,-0.0022,0.0057,-0.03295,0.04438,0.00431,1,1,0.020,0.123,in_circle,0.0155,0.1367,0.0000,0.0000,0
91.024,1,1974,-0.00923,0.00169,0.0076,-0.0086,-0.03314,0.04292,0.00454,1,1,0.029,0.124,in_circle,0.0155,0.1367,0.0000,0.0000,0
91.067,1,1975,-0.00869,0.00194,0.0125,0.0059,-0.03230,0.04318,0.00416,1,1,-0.011,0.182,in_circle,0.0155,0.1367,0.0000,0.0000,0
91.112,1,1976,-0.00940,0.00206,-0.0158,0.0026,-0.03187,0.04337,0.00426,1,1,-0.032,0.123,in_circle,0.0155,0.1367,0.0000,0.0000,0
91.156,1,1977,-0.00909,0.00183,0.0072,-0.0052,-0.03356,0.04346,0.00437,1,1,0.083,0.136,in_circle,0.0155,0.1367,0.0000,0.0000,0
91.200,1,1978,-0.00903,0.00208,0.0013,0.0058,-0.03020,0.04394,0.00411,1,1,-0.010,0.168,in_circle,0.0155,0.1367,0.0000,0.0000,0
91.245,1,1979,-0.00903,0.00210,-0.0001,0.0005,-0.02919,0.04621,0.00409,1,1,0.013,0.123,in_circle,0.0155,0.1367,0.0000,0.0000,0
91.287,1,1980,-0.00921,0.00167,-0.0041,-0.0101,-0.02928,0.04612,0.00455,1,1,0.019,0.145,in_circle,0.0155,0.1367,0.0000,0.0000,0
91.332,1,1981,-0.00904,0.00205,0.0037,0.0083,-0.02837,0.04498,0.00414,1,1,0.036,0.188,in_circle,0.0155,0.1367,0.0000,0.0000,0
91.376,1,1982,-0.00937,0.00236,-0.0075,0.0071,-0.03009,0.04595,0.00396,1,1,0.004,0.113,in_circle,0.0155,0.1367,0.0000,0.0000,0
91.419,1,1983,-0.00969,0.00214,-0.0076,-0.0051,-0.03115,0.04773,0.00430,1,1,0.049,0.117,in_circle,0.0155,0.1367,0.0000,0.0000,0
91.464,1,1984,-0.00937,0.00189,0.0072,-0.0055,-0.03021,0.04751,0.00440,1,1,0.051,0.167,in_circle,0.0155,0.1367,0.0000,0.0000,0
91.507,1,1985,-0.00949,0.00196,-0.0029,0.0016,-0.03046,0.04677,0.00438,1,1,-0.009,0.169,in_circle,0.0155,0.1367,0.0000,0.0000,0
91.551,1,1986,-0.00961,0.00195,-0.0025,-0.0001,-0.02993,0.04738,0.00443,1,1,0.031,0.141,in_circle,0.0155,0.1367,0.0000,0.0000,0
91.595,1,1987,-0.00896,0.00213,0.0149,0.0040,-0.03146,0.04847,0.00404,1,1,0.030,0.147,in_circle,0.0155,0.1367,0.0000,0.0000,0
91.639,1,1988,-0.00945,0.00190,-0.0112,-0.0051,-0.03054,0.04594,0.00442,1,1,-0.041,0.130,in_circle,0.0155,0.1367,0.0000,0.0000,0
91.685,1,1989,-0.00977,0.00198,-0.0070,0.0017,-0.02970,0.04678,0.00448,1,1,0.064,0.168,in_circle,0.0155,0.1367,0.0000,0.0000,0
91.727,1,1990,-0.00894,0.00191,0.0197,-0.0017,-0.03261,0.04631,0.00425,1,1,0.049,0.140,in_circle,0.0155,0.1367,0.0000,0.0000,0
91.771,1,1991,-0.00930,0.00208,-0.0083,0.0039,-0.03276,0.04640,0.00420,1,1,-0.060,0.154,in_circle,0.0155,0.1367,0.0000,0.0000,0
91.816,1,1992,-0.00947,0.00198,-0.0036,-0.0021,-0.03082,0.04814,0.00435,1,1,0.052,0.131,in_circle,0.0155,0.1367,0.0000,0.0000,0
91.860,1,1993,-0.00896,0.00230,0.0117,0.0072,-0.03268,0.04409,0.00388,1,1,0.034,0.155,in_circle,0.0155,0.1367,0.0000,0.0000,0
91.904,1,1994,-0.00926,0.00206,-0.0066,-0.0051,-0.03196,0.04597,0.00420,1,1,-0.028,0.117,in_circle,0.0155,0.1367,0.0000,0.0000,0
91.948,1,1995,-0.00950,0.00166,-0.0057,-0.0094,-0.03264,0.04760,0.00466,1,1,0.046,0.167,in_circle,0.0155,0.1367,0.0000,0.0000,0
91.992,1,1996,-0.00965,0.00157,-0.0033,-0.0019,-0.03245,0.04682,0.00480,1,1,0.042,0.185,in_circle,0.0155,0.1367,0.0000,0.0000,0
92.036,1,1997,-0.00949,0.00211,0.0036,0.0122,-0.03150,0.04656,0.00425,1,1,0.034,0.156,in_circle,0.0155,0.1367,0.0000,0.0000,0
92.081,1,1998,-0.00889,0.00246,0.0134,0.0078,-0.03376,0.04724,0.00370,1,1,0.006,0.098,in_circle,0.0155,0.1367,0.0000,0.0000,0
92.123,1,1999,-0.00902,0.00187,-0.0031,-0.0139,-0.03378,0.04722,0.00430,1,1,-0.035,0.114,in_circle,0.0155,0.1367,0.0000,0.0000,0
92.169,1,2000,-0.00959,0.00176,-0.0126,-0.0024,-0.03078,0.04691,0.00460,1,1,0.031,0.202,in_circle,0.0155,0.1367,0.0000,0.0000,0
92.212,1,2001,-0.00959,0.00172,-0.0001,-0.0011,-0.03307,0.04397,0.00464,1,1,0.070,0.157,in_circle,0.0155,0.1367,0.0000,0.0000,0
92.256,1,2002,-0.00927,0.00140,0.0074,-0.0072,-0.03551,0.04668,0.00483,1,1,0.020,0.152,in_circle,0.0155,0.1367,0.0000,0.0000,0
92.299,1,2003,-0.00943,0.00208,-0.0038,0.0159,-0.03352,0.04597,0.00425,1,1,-0.010,0.177,in_circle,0.0155,0.1367,0.0000,0.0000,0
92.345,1,2004,-0.00909,0.00210,0.0074,0.0004,-0.03599,0.04804,0.00411,1,1,0.035,0.083,in_circle,0.0155,0.1367,0.0000,0.0000,0
92.387,1,2005,-0.00941,0.00205,-0.0074,-0.0011,-0.03380,0.04604,0.00426,1,1,-0.011,0.145,in_circle,0.0155,0.1367,0.0000,0.0000,0
92.431,1,2006,-0.00909,0.00183,0.0071,-0.0049,-0.02834,0.04534,0.00436,1,1,0.049,0.151,in_circle,0.0155,0.1367,0.0000,0.0000,0
92.476,1,2007,-0.00897,0.00185,0.0028,0.0004,-0.02904,0.04357,0.00431,1,1,-0.010,0.167,in_circle,0.0155,0.1367,0.0000,0.0000,0
92.520,1,2008,-0.00920,0.00204,-0.0053,0.0044,-0.02984,0.04513,0.00420,1,1,0.007,0.146,in_circle,0.0155,0.1367,0.0000,0.0000,0
92.565,1,2009,-0.00884,0.00187,0.0081,-0.0039,-0.03125,0.04468,0.00426,1,1,0.040,0.129,in_circle,0.0155,0.1367,0.0000,0.0000,0
92.652,1,2010,-0.00916,0.00194,-0.0036,0.0008,-0.02909,0.04447,0.00429,1,1,-0.014,0.163,in_circle,0.0155,0.1367,0.0000,0.0000,0
92.695,1,2011,-0.00924,0.00195,-0.0018,0.0003,-0.02957,0.04616,0.00430,1,1,0.034,0.144,in_circle,0.0155,0.1367,0.0000,0.0000,0
92.740,1,2012,-0.00939,0.00187,-0.0035,-0.0017,-0.02961,0.04582,0.00443,1,1,0.026,0.146,in_circle,0.0155,0.1367,0.0000,0.0000,0
92.783,1,2013,-0.00960,0.00182,-0.0047,-0.0011,-0.03093,0.04607,0.00455,1,1,0.033,0.154,in_circle,0.0155,0.1367,0.0000,0.0000,0
92.828,1,2014,-0.00948,0.00224,0.0027,0.0094,-0.03074,0.04603,0.00411,1,1,0.039,0.152,in_circle,0.0155,0.1367,0.0000,0.0000,0
92.873,1,2015,-0.00942,0.00194,0.0012,-0.0067,-0.03112,0.04706,0.00437,1,1,0.009,0.109,in_circle,0.0155,0.1367,0.0000,0.0000,0
92.916,1,2016,-0.00941,0.00205,0.0002,0.0026,-0.03281,0.04511,0.00426,1,1,0.015,0.174,in_circle,0.0155,0.1367,0.0000,0.0000,0
92.959,1,2017,-0.00954,0.00181,-0.0031,-0.0057,-0.03295,0.04636,0.00454,1,1,0.019,0.136,in_circle,0.0155,0.1367,0.0000,0.0000,0
93.004,1,2018,-0.00967,0.00192,-0.0029,0.0025,-0.03327,0.04709,0.00449,1,1,0.032,0.170,in_circle,0.0155,0.1367,0.0000,0.0000,0
93.048,1,2019,-0.00953,0.00207,0.0032,0.0033,-0.03338,0.04565,0.00430,1,1,0.032,0.137,in_circle,0.0155,0.1367,0.0000,0.0000,0
93.092,1,2020,-0.00914,0.00221,0.0089,0.0032,-0.03314,0.04618,0.00402,1,1,0.007,0.133,in_circle,0.0155,0.1367,0.0000,0.0000,0
93.136,1,2021,-0.00902,0.00194,0.0027,-0.0062,-0.03365,0.04550,0.00424,1,1,-0.017,0.134,in_circle,0.0155,0.1367,0.0000,0.0000,0
93.180,1,2022,-0.00882,0.00198,0.0046,0.0010,-0.03326,0.04596,0.00415,1,1,0.008,0.172,in_circle,0.0155,0.1367,0.0000,0.0000,0
93.224,1,2023,-0.00888,0.00171,-0.0014,-0.0062,-0.03311,0.04462,0.00442,1,1,-0.000,0.143,in_circle,0.0155,0.1367,0.0000,0.0000,0
93.268,1,2024,-0.00896,0.00198,-0.0018,0.0063,-0.03270,0.04626,0.00418,1,1,0.024,0.172,in_circle,0.0155,0.1367,0.0000,0.0000,0
93.312,1,2025,-0.00929,0.00167,-0.0075,-0.0070,-0.03380,0.04640,0.00458,1,1,0.026,0.122,in_circle,0.0155,0.1367,0.0000,0.0000,0
93.355,1,2026,-0.00963,0.00183,-0.0081,0.0036,-0.03259,0.04488,0.00456,1,1,0.049,0.176,in_circle,0.0155,0.1367,0.0000,0.0000,0
93.401,1,2027,-0.00970,0.00178,-0.0014,-0.0011,-0.03094,0.04582,0.00463,1,1,0.052,0.133,in_circle,0.0155,0.1367,0.0000,0.0000,0
93.443,1,2028,-0.00913,0.00173,0.0135,-0.0010,-0.03201,0.04554,0.00447,1,1,0.026,0.152,in_circle,0.0155,0.1367,0.0000,0.0000,0
93.489,1,2029,-0.00885,0.00206,0.0062,0.0073,-0.03196,0.04610,0.00407,1,1,-0.035,0.152,in_circle,0.0155,0.1367,0.0000,0.0000,0
93.531,1,2030,-0.00972,0.00207,-0.0203,0.0001,-0.03187,0.04615,0.00438,1,1,-0.007,0.117,in_circle,0.0155,0.1367,0.0000,0.0000,0
93.575,1,2031,-0.00941,0.00179,0.0071,-0.0063,-0.03186,0.04515,0.00451,1,1,0.102,0.146,in_circle,0.0155,0.1367,0.0000,0.0000,0
93.621,1,2032,-0.00913,0.00187,0.0061,0.0018,-0.03110,0.04477,0.00434,1,1,-0.009,0.173,in_circle,0.0155,0.1367,0.0000,0.0000,0
93.664,1,2033,-0.00900,0.00221,0.0029,0.0080,-0.02941,0.04770,0.00398,1,1,-0.006,0.140,in_circle,0.0155,0.1367,0.0000,0.0000,0
93.708,1,2034,-0.00949,0.00187,-0.0109,-0.0078,-0.03135,0.04647,0.00446,1,1,0.007,0.114,in_circle,0.0155,0.1367,0.0000,0.0000,0
93.751,1,2035,-0.00915,0.00197,0.0077,0.0024,-0.03095,0.04537,0.00425,1,1,0.064,0.178,in_circle,0.0155,0.1367,0.0000,0.0000,0
93.796,1,2036,-0.00965,0.00194,-0.0111,-0.0007,-0.03043,0.04653,0.00446,1,1,-0.012,0.137,in_circle,0.0155,0.1367,0.0000,0.0000,0
93.840,1,2037,-0.00944,0.00229,0.0047,0.0078,-0.03161,0.04608,0.00406,1,1,0.065,0.150,in_circle,0.0155,0.1367,0.0000,0.0000,0
93.884,1,2038,-0.00959,0.00180,-0.0034,-0.0113,-0.03042,0.04582,0.00457,1,1,0.001,0.115,in_circle,0.0155,0.1367,0.0000,0.0000,0
93.928,1,2039,-0.00924,0.00153,0.0078,-0.0060,-0.03086,0.04461,0.00469,1,1,0.034,0.193,in_circle,0.0155,0.1367,0.0000,0.0000,0
93.972,1,2040,-0.00953,0.00197,-0.0065,0.0100,-0.03116,0.04515,0.00439,1,1,-0.012,0.172,in_circle,0.0155,0.1367,0.0000,0.0000,0
94.016,1,2041,-0.00900,0.00229,0.0121,0.0074,-0.03329,0.04456,0.00390,1,1,0.046,0.107,in_circle,0.0155,0.1367,0.0000,0.0000,0
94.061,1,2042,-0.00967,0.00192,-0.0148,-0.0084,-0.03284,0.04472,0.00449,1,1,-0.030,0.117,in_circle,0.0155,0.1367,0.0000,0.0000,0
94.103,1,2043,-0.00928,0.00210,0.0090,0.0044,-0.03045,0.04610,0.00417,1,1,0.079,0.180,in_circle,0.0155,0.1367,0.0000,0.0000,0
94.148,1,2044,-0.00922,0.00139,0.0015,-0.0160,-0.03091,0.04534,0.00482,1,1,-0.017,0.129,in_circle,0.0155,0.1367,0.0000,0.0000,0
94.191,1,2045,-0.00966,0.00164,-0.0105,0.0059,-0.03214,0.04811,0.00474,1,1,0.013,0.212,in_circle,0.0155,0.1367,0.0000,0.0000,0
94.236,1,2046,-0.00920,0.00181,0.0103,0.0039,-0.03210,0.04569,0.00441,1,1,0.062,0.124,in_circle,0.0155,0.1367,0.0000,0.0000,0
94.280,1,2047,-0.00959,0.00208,-0.0089,0.0061,-0.03420,0.04746,0.00431,1,1,-0.022,0.132,in_circle,0.0155,0.1367,0.0000,0.0000,0
94.324,1,2048,-0.00987,0.00190,-0.0062,-0.0040,-0.03069,0.04679,0.00459,1,1,0.056,0.122,in_circle,0.0155,0.1367,0.0000,0.0000,0
94.367,1,2049,-0.00920,0.00199,0.0157,0.0021,-0.03227,0.04419,0.00424,1,1,0.045,0.163,in_circle,0.0155,0.1367,0.0000,0.0000,0
94.413,1,2050,-0.00868,0.00216,0.0113,0.0036,-0.02854,0.04627,0.00394,1,1,-0.044,0.138,in_circle,0.0155,0.1367,0.0000,0.0000,0
94.456,1,2051,-0.00903,0.00163,-0.0080,-0.0121,-0.03108,0.04533,0.00454,1,1,-0.027,0.132,in_circle,0.0155,0.1367,0.0000,0.0000,0
94.500,1,2052,-0.00916,0.00200,-0.0029,0.0081,-0.03196,0.04430,0.00423,1,1,0.051,0.196,in_circle,0.0155,0.1367,0.0000,0.0000,0
94.544,1,2053,-0.00950,0.00199,-0.0078,-0.0001,-0.03172,0.04409,0.00436,1,1,0.031,0.114,in_circle,0.0155,0.1367,0.0000,0.0000,0
94.587,1,2054,-0.00969,0.00191,-0.0043,-0.0019,-0.03374,0.04617,0.00451,1,1,0.051,0.147,in_circle,0.0155,0.1367,0.0000,0.0000,0
94.677,1,2055,-0.00950,0.00167,0.0021,-0.0026,-0.03191,0.04719,0.00465,1,1,0.037,0.155,in_circle,0.0155,0.1367,0.0000,0.0000,0
94.719,1,2056,-0.00904,0.00182,0.0109,0.0035,-0.03075,0.04569,0.00436,1,1,0.011,0.158,in_circle,0.0155,0.1367,0.0000,0.0000,0
94.764,1,2057,-0.00939,0.00217,-0.0079,0.0080,-0.03018,0.04611,0.00415,1,1,-0.025,0.133,in_circle,0.0155,0.1367,0.0000,0.0000,0
94.809,1,2058,-0.00937,0.00182,0.0005,-0.0078,-0.03226,0.04743,0.00447,1,1,0.051,0.114,in_circle,0.0155,0.1367,0.0000,0.0000,0
94.852,1,2059,-0.00935,0.00214,0.0005,0.0076,-0.03051,0.04461,0.00416,1,1,0.018,0.178,in_circle,0.0155,0.1367,0.0000,0.0000,0
94.895,1,2060,-0.00971,0.00164,-0.0083,-0.0113,-0.03079,0.04530,0.00476,1,1,0.017,0.116,in_circle,0.0155,0.1367,0.0000,0.0000,0
94.940,1,2061,-0.00933,0.00176,0.0086,0.0027,-0.03116,0.04603,0.00450,1,1,0.053,0.193,in_circle,0.0155,0.1367,0.0000,0.0000,0
94.983,1,2062,-0.00933,0.00174,-0.0002,-0.0005,-0.03053,0.04530,0.00453,1,1,-0.015,0.137,in_circle,0.0155,0.1367,0.0000,0.0000,0
95.029,1,2063,-0.00947,0.00188,-0.0030,0.0031,-0.03383,0.04511,0.00444,1,1,0.020,0.149,in_circle,0.0155,0.1367,0.0000,0.0000,0
95.072,1,2064,-0.00879,0.00205,0.0153,0.0038,-0.03257,0.04572,0.00408,1,1,0.032,0.135,in_circle,0.0155,0.1367,0.0000,0.0000,0
95.115,1,2065,-0.00918,0.00188,-0.0090,-0.0039,-0.03270,0.04641,0.00434,1,1,-0.043,0.131,in_circle,0.0155,0.1367,0.0000,0.0000,0
95.160,1,2066,-0.00942,0.00182,-0.0052,-0.0014,-0.03354,0.04529,0.00448,1,1,0.055,0.163,in_circle,0.0155,0.1367,0.0000,0.0000,0
95.203,1,2067,-0.00929,0.00175,0.0029,-0.0015,-0.03283,0.04376,0.00450,1,1,0.040,0.153,in_circle,0.0155,0.1367,0.0000,0.0000,0
95.248,1,2068,-0.00969,0.00172,-0.0089,-0.0008,-0.03233,0.04551,0.00468,1,1,0.008,0.153,in_circle,0.0155,0.1367,0.0000,0.0000,0
95.292,1,2069,-0.00967,0.00189,0.0004,0.0039,-0.03231,0.04686,0.00452,1,1,0.056,0.151,in_circle,0.0155,0.1367,0.0000,0.0000,0
95.335,1,2070,-0.00899,0.00227,0.0158,0.0090,-0.03207,0.04692,0.00391,1,1,0.018,0.132,in_circle,0.0155,0.1367,0.0000,0.0000,0
95.381,1,2071,-0.00960,0.00192,-0.0133,-0.0077,-0.03196,0.04597,0.00446,1,1,-0.045,0.110,in_circle,0.0155,0.1367,0.0000,0.0000,0
95.423,1,2072,-0.00968,0.00217,-0.0019,0.0060,-0.03201,0.04672,0.00427,1,1,0.073,0.178,in_circle,0.0155,0.1367,0.0000,0.0000,0
95.469,1,2073,-0.00950,0.00209,0.0039,-0.0018,-0.03111,0.04473,0.00427,1,1,0.028,0.122,in_circle,0.0155,0.1367,0.0000,0.0000,0
95.512,1,2074,-0.00917,0.00160,0.0077,-0.0115,-0.03140,0.04725,0.00461,1,1,0.004,0.154,in_circle,0.0155,0.1367,0.0000,0.0000,0
95.557,1,2075,-0.00951,0.00207,-0.0075,0.0105,-0.02950,0.04769,0.00429,1,1,-0.012,0.194,in_circle,0.0155,0.1367,0.0000,0.0000,0
95.600,1,2076,-0.00895,0.00180,0.0130,-0.0061,-0.03144,0.04668,0.00435,1,1,0.050,0.105,in_circle,0.0155,0.1367,0.0000,0.0000,0
95.644,1,2077,-0.00961,0.00141,-0.0150,-0.0089,-0.03291,0.04592,0.00493,1,1,-0.034,0.172,in_circle,0.0155,0.1367,0.0000,0.0000,0
95.687,1,2078,-0.00937,0.00189,0.0056,0.0112,-0.02973,0.04492,0.00440,1,1,0.080,0.184,in_circle,0.0155,0.1367,0.0000,0.0000,0
95.733,1,2079,-0.00960,0.00178,-0.0051,-0.0024,-0.03396,0.04640,0.00459,1,1,-0.003,0.102,in_circle,0.0155,0.1367,0.0000,0.0000,0
95.777,1,2080,-0.00923,0.00186,0.0087,0.0018,-0.03270,0.04723,0.00438,1,1,0.040,0.157,in_circle,0.0155,0.1367,0.0000,0.0000,0
95.821,1,2081,-0.00942,0.00191,-0.0043,0.0011,-0.03006,0.04605,0.00440,1,1,-0.016,0.140,in_circle,0.0155,0.1367,0.0000,0.0000,0
95.865,1,2082,-0.00969,0.00174,-0.0063,-0.0038,-0.03143,0.04573,0.00466,1,1,0.037,0.143,in_circle,0.0155,0.1367,0.0000,0.0000,0
95.908,1,2083,-0.00933,0.00198,0.0083,0.0056,-0.03050,0.04483,0.00430,1,1,0.045,0.163,in_circle,0.0155,0.1367,0.0000,0.0000,0
95.954,1,2084,-0.00868,0.00181,0.0144,-0.0039,-0.03005,0.04518,0.00428,1,1,-0.014,0.124,in_circle,0.0155,0.1367,0.0000,0.0000,0
95.995,1,2085,-0.00874,0.00204,-0.0015,0.0057,-0.03089,0.04594,0.00407,1,1,-0.040,0.163,in_circle,0.0155,0.1367,0.0000,0.0000,0
96.041,1,2086,-0.00916,0.00207,-0.0090,0.0006,-0.03082,0.04525,0.00416,1,1,0.024,0.124,in_circle,0.0155,0.1367,0.0000,0.0000,0
96.084,1,2087,-0.00969,0.00193,-0.0125,-0.0034,-0.03312,0.04471,0.00449,1,1,0.055,0.144,in_circle,0.0155,0.1367,0.0000,0.0000,0
96.128,1,2088,-0.00912,0.00228,0.0130,0.0080,-0.03259,0.04412,0.00395,1,1,0.070,0.161,in_circle,0.0155,0.1367,0.0000,0.0000,0
96.173,1,2089,-0.00965,0.00182,-0.0118,-0.0100,-0.03169,0.04617,0.00457,1,1,-0.033,0.114,in_circle,0.0155,0.1367,0.0000,0.0000,0
96.217,1,2090,-0.00935,0.00221,0.0070,0.0089,-0.03089,0.04421,0.00410,1,1,0.067,0.187,in_circle,0.0155,0.1367,0.0000,0.0000,0
96.261,1,2091,-0.00931,0.00188,0.0010,-0.0073,-0.03271,0.04408,0.00438,1,1,-0.008,0.111,in_circle,0.0155,0.1367,0.0000,0.0000,0
96.304,1,2092,-0.00940,0.00221,-0.0023,0.0075,-0.03225,0.04654,0.00412,1,1,0.015,0.176,in_circle,0.0155,0.1367,0.0000,0.0000,0
96.349,1,2093,-0.00892,0.00243,0.0108,0.0050,-0.03102,0.04606,0.00374,1,1,0.029,0.116,in_circle,0.0155,0.1367,0.0000,0.0000,0
96.393,1,2094,-0.00927,0.00219,-0.0080,-0.0055,-0.03322,0.04598,0.00409,1,1,-0.025,0.126,in_circle,0.0155,0.1367,0.0000,0.0000,0
96.437,1,2095,-0.00935,0.00198,-0.0017,-0.0047,-0.03016,0.04607,0.00431,1,1,0.051,0.168,in_circle,0.0155,0.1367,0.0000,0.0000,0
96.480,1,2096,-0.00953,0.00196,-0.0044,-0.0005,-0.03186,0.04523,0.00440,1,1,0.026,0.165,in_circle,0.0155,0.1367,0.0000,0.0000,0
96.525,1,2097,-0.00928,0.00169,0.0055,-0.0060,-0.03149,0.04762,0.00456,1,1,0.038,0.149,in_circle,0.0155,0.1367,0.0000,0.0000,0
96.568,1,2098,-0.00902,0.00225,0.0060,0.0131,-0.03220,0.04624,0.00394,1,1,-0.003,0.171,in_circle,0.0155,0.1367,0.0000,0.0000,0
96.612,1,2099,-0.00959,0.00177,-0.0127,-0.0108,-0.03256,0.04642,0.00459,1,1,-0.006,0.094,in_circle,0.0155,0.1367,0.0000,0.0000,0
96.700,1,2100,-0.00890,0.00181,0.0079,0.0004,-0.03018,0.04610,0.00433,1,1,0.071,0.190,in_circle,0.0155,0.1367,0.0000,0.0000,0
96.744,1,2101,-0.00942,0.00199,-0.0118,0.0039,-0.03030,0.04623,0.00433,1,1,-0.013,0.145,in_circle,0.0155,0.1367,0.0000,0.0000,0
96.789,1,2102,-0.00891,0.00192,0.0115,-0.0016,-0.03393,0.04590,0.00423,1,1,0.067,0.131,in_circle,0.0155,0.1367,0.0000,0.0000,0
96.832,1,2103,-0.00921,0.00194,-0.0071,0.0006,-0.03319,0.04594,0.00430,1,1,-0.028,0.153,in_circle,0.0155,0.1367,0.0000,0.0000,0
96.877,1,2104,-0.00930,0.00210,-0.0020,0.0036,-0.03322,0.04598,0.00418,1,1,0.048,0.144,in_circle,0.0155,0.1367,0.0000,0.0000,0
96.920,1,2105,-0.00898,0.00169,0.0074,-0.0097,-0.03269,0.04640,0.00447,1,1,0.027,0.132,in_circle,0.0155,0.1367,0.0000,0.0000,0
96.965,1,2106,-0.00945,0.00171,-0.0102,0.0004,-0.03288,0.04724,0.00460,1,1,-0.011,0.186,in_circle,0.0155,0.1367,0.0000,0.0000,0
97.009,1,2107,-0.00914,0.00244,0.0070,0.0168,-0.03367,0.04547,0.00381,1,1,0.060,0.146,in_circle,0.0155,0.1367,0.0000,0.0000,0
97.053,1,2108,-0.00950,0.00151,-0.0081,-0.0208,-0.03286,0.04659,0.00480,1,1,-0.009,0.078,in_circle,0.0155,0.1367,0.0000,0.0000,0
97.096,1,2109,-0.00871,0.00188,0.0183,0.0083,-0.03190,0.04620,0.00422,1,1,0.052,0.231,in_circle,0.0155,0.1367,0.0000,0.0000,0
97.141,1,2110,-0.00940,0.00197,-0.0156,0.0020,-0.02882,0.04537,0.00434,1,1,-0.055,0.114,in_circle,0.0155,0.1367,0.0000,0.0000,0
97.184,1,2111,-0.00919,0.00246,0.0049,0.0115,-0.03470,0.04631,0.00380,1,1,0.082,0.139,in_circle,0.0155,0.1367,0.0000,0.0000,0
97.229,1,2112,-0.00887,0.00182,0.0071,-0.0144,-0.03184,0.04368,0.00432,1,1,-0.001,0.099,in_circle,0.0155,0.1367,0.0000,0.0000,0
97.273,1,2113,-0.00905,0.00206,-0.0040,0.0056,-0.03130,0.04444,0.00413,1,1,-0.010,0.205,in_circle,0.0155,0.1367,0.0000,0.0000,0
97.318,1,2114,-0.00839,0.00173,0.0148,-0.0074,-0.03096,0.04616,0.00431,1,1,0.035,0.124,in_circle,0.0155,0.1367,0.0000,0.0000,0
97.361,1,2115,-0.00952,0.00193,-0.0260,0.0046,-0.03295,0.04443,0.00441,1,1,-0.042,0.177,in_circle,0.0155,0.1367,0.0000,0.0000,0
97.404,1,2116,-0.00907,0.00184,0.0104,-0.0023,-0.03036,0.04492,0.00435,1,1,0.124,0.129,in_circle,0.0155,0.1367,0.0000,0.0000,0
97.449,1,2117,-0.00941,0.00224,-0.0075,0.0089,-0.03259,0.04295,0.00409,1,1,-0.023,0.156,in_circle,0.0155,0.1367,0.0000,0.0000,0
97.492,1,2118,-0.00905,0.00217,0.0084,-0.0017,-0.03021,0.04867,0.00403,1,1,0.050,0.110,in_circle,0.0155,0.1367,0.0000,0.0000,0
97.537,1,2119,-0.00901,0.00236,0.0011,0.0044,-0.03004,0.04722,0.00383,1,1,-0.015,0.153,in_circle,0.0155,0.1367,0.0000,0.0000,0
97.579,1,2120,-0.00957,0.00195,-0.0133,-0.0098,-0.02986,0.04646,0.00442,1,1,0.014,0.128,in_circle,0.0155,0.1367,0.0000,0.0000,0
97.625,1,2121,-0.00932,0.00177,0.0054,-0.0040,-0.03021,0.04726,0.00450,1,1,0.073,0.186,in_circle,0.0155,0.1367,0.0000,0.0000,0
97.669,1,2122,-0.00940,0.00172,-0.0016,-0.0009,-0.03062,0.04609,0.00456,1,1,-0.002,0.163,in_circle,0.0155,0.1367,0.0000,0.0000,0
97.713,1,2123,-0.00924,0.00200,0.0035,0.0063,-0.03296,0.04686,0.00425,1,1,0.026,0.151,in_circle,0.0155,0.1367,0.0000,0.0000,0
97.756,1,2124,-0.00972,0.00183,-0.0111,-0.0041,-0.03293,0.04678,0.00459,1,1,0.005,0.122,in_circle,0.0155,0.1367,0.0000,0.0000,0
97.800,1,2125,-0.00895,0.00200,0.0172,0.0039,-0.03215,0.04615,0.00416,1,1,0.065,0.164,in_circle,0.0155,0.1367,0.0000,0.0000,0
97.845,1,2126,-0.00874,0.00178,0.0048,-0.0050,-0.03130,0.04615,0.00432,1,1,-0.050,0.131,in_circle,0.0155,0.1367,0.0000,0.0000,0
97.888,1,2127,-0.00927,0.00195,-0.0122,0.0039,-0.03140,0.04594,0.00431,1,1,-0.001,0.167,in_circle,0.0155,0.1367,0.0000,0.0000,0
97.933,1,2128,-0.00999,0.00179,-0.0163,-0.0035,-0.03258,0.04608,0.00474,1,1,0.068,0.131,in_circle,0.0155,0.1367,0.0000,0.0000,0
97.976,1,2129,-0.00922,0.00211,0.0177,0.0072,-0.03331,0.04281,0.00414,1,1,0.086,0.161,in_circle,0.0156,0.1369,0.0000,0.0000,0
98.021,1,2130,-0.00957,0.00201,-0.0080,-0.0022,-0.03063,0.04590,0.00437,1,1,-0.051,0.118,in_circle,0.0156,0.1369,0.0000,0.0000,0
98.064,1,2131,-0.00928,0.00189,0.0066,-0.0027,-0.03097,0.04711,0.00437,1,1,0.052,0.156,in_circle,0.0156,0.1369,0.0000,0.0000,0
98.112,1,2132,-0.00878,0.00176,0.0107,-0.0028,-0.03175,0.04505,0.00435,1,1,-0.007,0.158,in_circle,0.0156,0.1369,0.0000,0.0000,0
98.152,1,2133,-0.00942,0.00191,-0.0158,0.0036,-0.03298,0.04439,0.00440,1,1,-0.025,0.159,in_circle,0.0156,0.1369,0.0000,0.0000,0
98.197,1,2134,-0.00948,0.00226,-0.0013,0.0080,-0.03157,0.04750,0.00410,1,1,0.083,0.133,in_circle,0.0156,0.1369,0.0000,0.0000,0
98.239,1,2135,-0.00949,0.00184,-0.0003,-0.0101,-0.03177,0.04294,0.00449,1,1,0.025,0.114,in_circle,0.0156,0.1369,0.0000,0.0000,0
98.285,1,2136,-0.00982,0.00194,-0.0071,0.0022,-0.03041,0.04895,0.00453,1,1,0.021,0.188,in_circle,0.0156,0.1369,0.0000,0.0000,0
98.327,1,2137,-0.00919,0.00181,0.0147,-0.0031,-0.03181,0.04761,0.00442,1,1,0.049,0.138,in_circle,0.0156,0.1369,0.0000,0.0000,0
98.373,1,2138,-0.00930,0.00217,-0.0024,0.0078,-0.03271,0.04562,0.00412,1,1,-0.040,0.160,in_circle,0.0156,0.1369,0.0000,0.0000,0
98.416,1,2139,-0.00938,0.00141,-0.0018,-0.0176,-0.03135,0.04829,0.00486,1,1,0.029,0.115,in_circle,0.0156,0.1369,0.0000,0.0000,0
98.462,1,2140,-0.00895,0.00225,0.0094,0.0184,-0.03279,0.04511,0.00392,1,1,0.027,0.219,in_circle,0.0156,0.1369,0.0000,0.0000,0
98.504,1,2141,-0.00938,0.00163,-0.0102,-0.0145,-0.03347,0.04634,0.00465,1,1,-0.019,0.073,in_circle,0.0156,0.1369,0.0000,0.0000,0
98.550,1,2142,-0.00905,0.00236,0.0074,0.0161,-0.03612,0.04662,0.00385,1,1,0.060,0.206,in_circle,0.0156,0.1369,0.0000,0.0000,0
98.592,1,2143,-0.00911,0.00170,-0.0013,-0.0157,-0.02847,0.04422,0.00450,1,1,-0.011,0.082,in_circle,0.0156,0.1369,0.0000,0.0000,0
98.637,1,2144,-0.00943,0.00183,-0.0072,0.0029,-0.03310,0.04849,0.00448,1,1,0.024,0.210,in_circle,0.0156,0.1369,0.0000,0.0000,0
98.725,1,2145,-0.00970,0.00174,-0.0031,-0.0009,-0.03319,0.04683,0.00466,1,1,0.048,0.136,in_circle,0.0156,0.1369,0.0000,0.0000,0
98.767,1,2146,-0.00940,0.00223,0.0070,0.0115,-0.03343,0.04600,0.00410,1,1,0.033,0.151,in_circle,0.0156,0.1369,0.0000,0.0000,0
98.813,1,2147,-0.00944,0.00208,-0.0009,-0.0033,-0.03153,0.04557,0.00425,1,1,-0.008,0.100,in_circle,0.0156,0.1369,0.0000,0.0000,0
98.856,1,2148,-0.00964,0.00206,-0.0045,-0.0005,-0.03246,0.04563,0.00435,1,1,0.023,0.160,in_circle,0.0156,0.1369,0.0000,0.0000,0
98.900,1,2149,-0.00939,0.00201,0.0059,-0.0012,-0.03043,0.04465,0.00430,1,1,0.038,0.149,in_circle,0.0156,0.1369,0.0000,0.0000,0
98.944,1,2150,-0.00945,0.00200,-0.0014,-0.0002,-0.03140,0.04530,0.00433,1,1,-0.004,0.152,in_circle,0.0156,0.1369,0.0000,0.0000,0
98.989,1,2151,-0.00977,0.00179,-0.0072,-0.0047,-0.03085,0.04674,0.00465,1,1,0.025,0.148,in_circle,0.0156,0.1369,0.0000,0.0000,0
99.033,1,2152,-0.00951,0.00185,0.0058,0.0014,-0.03121,0.04554,0.00449,1,1,0.049,0.166,in_circle,0.0156,0.1369,0.0000,0.0000,0
99.077,1,2153,-0.00882,0.00183,0.0156,-0.0004,-0.03191,0.04607,0.00429,1,1,-0.003,0.142,in_circle,0.0156,0.1369,0.0000,0.0000,0
99.121,1,2154,-0.00965,0.00181,-0.0185,-0.0006,-0.03134,0.04492,0.00458,1,1,-0.044,0.149,in_circle,0.0156,0.1369,0.0000,0.0000,0
99.163,1,2155,-0.00923,0.00202,0.0099,0.0049,-0.02996,0.04465,0.00423,1,1,0.094,0.150,in_circle,0.0156,0.1369,0.0000,0.0000,0
99.208,1,2156,-0.00923,0.00189,-0.0001,-0.0029,-0.03014,0.04385,0.00436,1,1,-0.020,0.127,in_circle,0.0156,0.1369,0.0000,0.0000,0
99.252,1,2157,-0.00936,0.00167,-0.0027,-0.0049,-0.03033,0.04793,0.00461,1,1,0.019,0.159,in_circle,0.0156,0.1369,0.0000,0.0000,0
99.297,1,2158,-0.00947,0.00172,-0.0027,0.0012,-0.03160,0.04404,0.00460,1,1,0.031,0.168,in_circle,0.0156,0.1369,0.0000,0.0000,0
99.341,1,2159,-0.00946,0.00174,0.0002,0.0004,-0.03146,0.04487,0.00458,1,1,0.030,0.143,in_circle,0.0156,0.1369,0.0000,0.0000,0
99.384,1,2160,-0.00964,0.00201,-0.0041,0.0064,-0.03226,0.04600,0.00439,1,1,0.019,0.146,in_circle,0.0156,0.1369,0.0000,0.0000,0
99.431,1,2161,-0.00897,0.00178,0.0142,-0.0049,-0.03246,0.04563,0.00438,1,1,0.037,0.121,in_circle,0.0156,0.1369,0.0000,0.0000,0
99.472,1,2162,-0.00964,0.00203,-0.0164,0.0060,-0.03130,0.04542,0.00438,1,1,-0.038,0.167,in_circle,0.0156,0.1369,0.0000,0.0000,0
99.516,1,2163,-0.00942,0.00187,0.0051,-0.0036,-0.03283,0.04656,0.00444,1,1,0.086,0.123,in_circle,0.0156,0.1369,0.0000,0.0000,0
99.560,1,2164,-0.00959,0.00165,-0.0040,-0.0049,-0.03266,0.04417,0.00470,1,1,-0.001,0.162,in_circle,0.0156,0.1369,0.0000,0.0000,0
99.605,1,2165,-0.00897,0.00193,0.0138,0.0061,-0.03178,0.04753,0.00424,1,1,0.036,0.168,in_circle,0.0156,0.1369,0.0000,0.0000,0
99.647,1,2166,-0.00931,0.00224,-0.0081,0.0075,-0.03188,0.04695,0.00405,1,1,-0.037,0.123,in_circle,0.0156,0.1369,0.0000,0.0000,0
99.693,1,2167,-0.00959,0.00189,-0.0061,-0.0076,-0.03119,0.04741,0.00448,1,1,0.052,0.116,in_circle,0.0156,0.1369,0.0000,0.0000,0
99.737,1,2168,-0.00909,0.00217,0.0114,0.0064,-0.03220,0.04573,0.00404,1,1,0.045,0.178,in_circle,0.0156,0.1369,0.0000,0.0000,0
99.780,1,2169,-0.00883,0.00206,0.0060,-0.0025,-0.03215,0.04711,0.00407,1,1,-0.027,0.121,in_circle,0.0156,0.1369,0.0000,0.0000,0
99.823,1,2170,-0.00923,0.00158,-0.0093,-0.0112,-0.03168,0.04668,0.00464,1,1,-0.006,0.157,in_circle,0.0156,0.1369,0.0000,0.0000,0
99.868,1,2171,-0.00869,0.00244,0.0120,0.0192,-0.03283,0.04376,0.00367,1,1,0.056,0.193,in_circle,0.0156,0.1369,0.0000,0.0000,0
99.911,1,2172,-0.00984,0.00170,-0.0267,-0.0172,-0.03270,0.04515,0.00476,1,1,-0.030,0.069,in_circle,0.0156,0.1369,0.0000,0.0000,0
99.956,1,2173,-0.00872,0.00212,0.0248,0.0092,-0.03277,0.04620,0.00399,1,1,0.127,0.216,in_circle,0.0156,0.1369,0.0000,0.0000,0
100.000,1,2174,-0.00912,0.00176,-0.0092,-0.0082,-0.03102,0.04366,0.00444,1,1,-0.081,0.110,in_circle,0.0156,0.1369,0.0000,0.0000,0
100.045,1,2175,-0.00899,0.00208,0.0029,0.0072,-0.03457,0.04631,0.00409,1,1,0.056,0.181,in_circle,0.0156,0.1369,0.0000,0.0000,0
100.088,1,2176,-0.00963,0.00191,-0.0148,-0.0040,-0.03047,0.04755,0.00448,1,1,0.007,0.118,in_circle,0.0156,0.1369,0.0000,0.0000,0
100.133,1,2177,-0.00960,0.00192,0.0006,0.0002,-0.03269,0.04638,0.00446,1,1,0.079,0.163,in_circle,0.0156,0.1369,0.0000,0.0000,0
100.177,1,2178,-0.00921,0.00199,0.0088,0.0016,-0.03102,0.04733,0.00425,1,1,0.018,0.146,in_circle,0.0156,0.1369,0.0000,0.0000,0
100.221,1,2179,-0.00923,0.00199,-0.0005,0.0000,-0.03127,0.04629,0.00426,1,1,-0.016,0.140,in_circle,0.0156,0.1369,0.0000,0.0000,0
100.264,1,2180,-0.00962,0.00210,-0.0090,0.0026,-0.03049,0.04481,0.00430,1,1,0.021,0.147,in_circle,0.0156,0.1369,0.0000,0.0000,0
100.310,1,2181,-0.00907,0.00217,0.0121,0.0014,-0.03160,0.04485,0.00404,1,1,0.056,0.136,in_circle,0.0156,0.1369,0.0000,0.0000,0
100.351,1,2182,-0.00950,0.00176,-0.0105,-0.0098,-0.03124,0.04485,0.00457,1,1,-0.029,0.141,in_circle,0.0156,0.1369,0.0000,0.0000,0
100.395,1,2183,-0.00928,0.00175,0.0052,-0.0003,-0.03098,0.04718,0.00450,1,1,0.062,0.187,in_circle,0.0156,0.1369,0.0000,0.0000,0
100.441,1,2184,-0.00919,0.00197,0.0019,0.0048,-0.03134,0.04575,0.00427,1,1,-0.001,0.149,in_circle,0.0156,0.1369,0.0000,0.0000,0
100.484,1,2185,-0.00972,0.00177,-0.0124,-0.0047,-0.03185,0.04790,0.00465,1,1,0.012,0.128,in_circle,0.0156,0.1369,0.0000,0.0000,0
100.528,1,2186,-0.00920,0.00190,0.0119,0.0031,-0.03225,0.04623,0.00433,1,1,0.070,0.166,in_circle,0.0156,0.1369,0.0000,0.0000,0
100.572,1,2187,-0.00947,0.00222,-0.0060,0.0070,-0.03245,0.04682,0.00413,1,1,-0.028,0.135,in_circle,0.0156,0.1369,0.0000,0.0000,0
100.617,1,2188,-0.00888,0.00190,0.0131,-0.0072,-0.03079,0.04635,0.00424,1,1,0.044,0.118,in_circle,0.0156,0.1369,0.0000,0.0000,0
100.661,1,2189,-0.00922,0.00157,-0.0077,-0.0074,-0.03275,0.04466,0.00465,1,1,-0.034,0.176,in_circle,0.0156,0.1369,0.0000,0.0000,0
100.749,1,2190,-0.00958,0.00167,-0.0041,0.0012,-0.03307,0.04397,0.00468,1,1,0.050,0.178,in_circle,0.0156,0.1369,0.0000,0.0000,0
100.793,1,2191,-0.00955,0.00172,0.0007,0.0009,-0.03268,0.04255,0.00463,1,1,0.037,0.143,in_circle,0.0156,0.1369,0.0000,0.0000,0
100.836,1,2192,-0.00896,0.00234,0.0139,0.0147,-0.03170,0.04468,0.00383,1,1,0.017,0.144,in_circle,0.0156,0.1369,0.0000,0.0000,0
100.881,1,2193,-0.00923,0.00189,-0.0061,-0.0102,-0.03249,0.04496,0.00435,1,1,-0.037,0.087,in_circle,0.0156,0.1369,0.0000,0.0000,0
100.924,1,2194,-0.00929,0.00208,-0.0015,0.0044,-0.03151,0.04466,0.00419,1,1,0.044,0.188,in_circle,0.0156,0.1369,0.0000,0.0000,0
100.968,1,2195,-0.00892,0.00186,0.0085,-0.0051,-0.03068,0.04404,0.00429,1,1,0.025,0.129,in_circle,0.0156,0.1369,0.0000,0.0000,0
101.013,1,2196,-0.01003,0.00188,-0.0249,0.0005,-0.03240,0.04606,0.00469,1,1,-0.016,0.168,in_circle,0.0156,0.1369,0.0000,0.0000,0
101.057,1,2197,-0.00911,0.00208,0.0205,0.0046,-0.03044,0.04391,0.00413,1,1,0.121,0.145,in_circle,0.0156,0.1369,0.0000,0.0000,0
101.100,1,2198,-0.00919,0.00193,-0.0019,-0.0036,-0.03201,0.04539,0.00430,1,1,-0.063,0.128,in_circle,0.0156,0.1369,0.0000,0.0000,0
101.145,1,2199,-0.00925,0.00228,-0.0013,0.0079,-0.03039,0.04564,0.00399,1,1,0.027,0.161,in_circle,0.0156,0.1369,0.0000,0.0000,0
101.188,1,2200,-0.00930,0.00206,-0.0011,-0.0050,-0.03238,0.04480,0.00421,1,1,0.024,0.115,in_circle,0.0156,0.1369,0.0000,0.0000,0
101.232,1,2201,-0.00955,0.00189,-0.0058,-0.0039,-0.03016,0.04431,0.00446,1,1,0.024,0.167,in_circle,0.0156,0.1369,0.0000,0.0000,0
101.277,1,2202,-0.00938,0.00196,0.0037,0.0015,-0.03141,0.04507,0.00434,1,1,0.043,0.163,in_circle,0.0156,0.1369,0.0000,0.0000,0
101.321,1,2203,-0.00927,0.00201,0.0027,0.0012,-0.03110,0.04643,0.00425,1,1,0.005,0.141,in_circle,0.0156,0.1369,0.0000,0.0000,0
101.365,1,2204,-0.00942,0.00191,-0.0035,-0.0023,-0.02980,0.04763,0.00440,1,1,0.008,0.142,in_circle,0.0156,0.1369,0.0000,0.0000,0
101.409,1,2205,-0.00975,0.00181,-0.0075,-0.0024,-0.03081,0.04690,0.00462,1,1,0.034,0.156,in_circle,0.0156,0.1369,0.0000,0.0000,0
101.453,1,2206,-0.00889,0.00229,0.0196,0.0112,-0.02887,0.04488,0.00386,1,1,0.050,0.157,in_circle,0.0156,0.1369,0.0000,0.0000,0
101.496,1,2207,-0.00896,0.00180,-0.0016,-0.0113,-0.03007,0.04782,0.00436,1,1,-0.060,0.102,in_circle,0.0156,0.1369,0.0000,0.0000,0
101.541,1,2208,-0.00947,0.00184,-0.0114,0.0009,-0.03118,0.04621,0.00448,1,1,0.025,0.193,in_circle,0.0156,0.1369,0.0000,0.0000,0
101.584,1,2209,-0.00945,0.00214,0.0006,0.0069,-0.03141,0.04451,0.00420,1,1,0.065,0.144,in_circle,0.0156,0.1369,0.0000,0.0000,0
101.629,1,2210,-0.00953,0.00158,-0.0018,-0.0126,-0.03729,0.04654,0.00475,1,1,0.017,0.119,in_circle,0.0156,0.1369,0.0000,0.0000,0
101.673,1,2211,-0.00942,0.00176,0.0025,0.0042,-0.03443,0.04735,0.00454,1,1,0.027,0.199,in_circle,0.0156,0.1369,0.0000,0.0000,0
101.717,1,2212,-0.00899,0.00204,0.0098,0.0062,-0.03320,0.04528,0.00414,1,1,0.010,0.131,in_circle,0.0156,0.1369,0.0000,0.0000,0
101.761,1,2213,-0.00961,0.00180,-0.0143,-0.0054,-0.03496,0.04684,0.00457,1,1,-0.021,0.122,in_circle,0.0156,0.1369,0.0000,0.0000,0
101.804,1,2214,-0.00971,0.00176,-0.0023,-0.0009,-0.03150,0.04793,0.00465,1,1,0.077,0.169,in_circle,0.0156,0.1369,0.0000,0.0000,0
101.848,1,2215,-0.00948,0.00180,0.0053,0.0009,-0.03173,0.04725,0.00452,1,1,0.030,0.151,in_circle,0.0156,0.1369,0.0000,0.0000,0
101.893,1,2216,-0.00887,0.00191,0.0134,0.0024,-0.02969,0.04835,0.00423,1,1,-0.001,0.144,in_circle,0.0156,0.1369,0.0000,0.0000,0
101.937,1,2217,-0.00875,0.00217,0.0027,0.0059,-0.03092,0.04873,0.00394,1,1,-0.035,0.137,in_circle,0.0156,0.1369,0.0000,0.0000,0
101.981,1,2218,-0.00893,0.00191,-0.0040,-0.0060,-0.03117,0.04612,0.00425,1,1,0.007,0.123,in_circle,0.0156,0.1369,0.0000,0.0000,0
102.024,1,2219,-0.00969,0.00177,-0.0174,-0.0031,-0.03118,0.04543,0.00463,1,1,0.035,0.171,in_circle,0.0156,0.1369,0.0000,0.0000,0
102.069,1,2220,-0.00956,0.00193,0.0028,0.0035,-0.03108,0.04533,0.00444,1,1,0.090,0.160,in_circle,0.0156,0.1369,0.0000,0.0000,0
102.115,1,2221,-0.00943,0.00240,0.0028,0.0105,-0.03071,0.04701,0.00395,1,1,0.009,0.133,in_circle,0.0156,0.1369,0.0000,0.0000,0
102.156,1,2222,-0.00945,0.00231,-0.0005,-0.0022,-0.03071,0.04673,0.00404,1,1,0.008,0.104,in_circle,0.0156,0.1369,0.0000,0.0000,0
102.200,1,2223,-0.00896,0.00202,0.0110,-0.0066,-0.03117,0.04688,0.00414,1,1,0.022,0.155,in_circle,0.0156,0.1369,0.0000,0.0000,0
102.245,1,2224,-0.00916,0.00191,-0.0044,-0.0026,-0.03070,0.04679,0.00431,1,1,-0.025,0.173,in_circle,0.0156,0.1369,0.0000,0.0000,0
102.289,1,2225,-0.00937,0.00181,-0.0047,-0.0023,-0.03053,0.04530,0.00448,1,1,0.037,0.157,in_circle,0.0156,0.1369,0.0000,0.0000,0
102.333,1,2226,-0.00984,0.00168,-0.0106,-0.0029,-0.03291,0.04441,0.00478,1,1,0.038,0.157,in_circle,0.0156,0.1369,0.0000,0.0000,0
102.380,1,2227,-0.00966,0.00177,0.0038,0.0019,-0.03293,0.04715,0.00463,1,1,0.063,0.159,in_circle,0.0156,0.1369,0.0000,0.0000,0
102.422,1,2228,-0.00955,0.00200,0.0026,0.0057,-0.03185,0.04635,0.00436,1,1,0.005,0.140,in_circle,0.0156,0.1369,0.0000,0.0000,0
102.464,1,2229,-0.00906,0.00200,0.0117,0.0000,-0.03117,0.04653,0.00419,1,1,0.010,0.124,in_circle,0.0156,0.1369,0.0000,0.0000,0
102.508,1,2230,-0.00974,0.00182,-0.0152,-0.0042,-0.03326,0.04563,0.00461,1,1,-0.028,0.147,in_circle,0.0156,0.1369,0.0000,0.0000,0
102.553,1,2231,-0.00954,0.00203,0.0043,0.0046,-0.03241,0.04626,0.00434,1,1,0.081,0.164,in_circle,0.0156,0.1369,0.0000,0.0000,0
102.596,1,2232,-0.00962,0.00185,-0.0018,-0.0041,-0.03205,0.04416,0.00453,1,1,0.003,0.128,in_circle,0.0156,0.1369,0.0000,0.0000,0
102.641,1,2233,-0.00974,0.00217,-0.0026,0.0072,-0.03221,0.04764,0.00430,1,1,0.027,0.164,in_circle,0.0156,0.1369,0.0000,0.0000,0
102.685,1,2234,-0.00939,0.00201,0.0077,-0.0036,-0.03244,0.04573,0.00430,1,1,0.031,0.118,in_circle,0.0156,0.1369,0.0000,0.0000,0
102.773,1,2235,-0.00954,0.00214,-0.0017,0.0015,-0.03145,0.04606,0.00424,1,1,-0.011,0.161,in_circle,0.0156,0.1369,0.0000,0.0000,0
102.815,1,2236,-0.00931,0.00216,0.0055,0.0005,-0.03191,0.04749,0.00413,1,1,0.027,0.141,in_circle,0.0156,0.1369,0.0000,0.0000,0
102.862,1,2237,-0.00920,0.00186,0.0023,-0.0065,-0.03027,0.04573,0.00437,1,1,-0.003,0.145,in_circle,0.0156,0.1369,0.0000,0.0000,0
102.904,1,2238,-0.00961,0.00192,-0.0096,0.0014,-0.03226,0.04585,0.00446,1,1,0.010,0.173,in_circle,0.0156,0.1369,0.0000,0.0000,0
102.949,1,2239,-0.00945,0.00185,0.0035,-0.0016,-0.03284,0.04574,0.00447,1,1,0.059,0.141,in_circle,0.0156,0.1369,0.0000,0.0000,0
102.994,1,2240,-0.00939,0.00187,0.0014,0.0006,-0.03188,0.04527,0.00442,1,1,0.006,0.154,in_circle,0.0156,0.1369,0.0000,0.0000,0
103.038,1,2241,-0.00944,0.00184,-0.0013,-0.0007,-0.03221,0.04699,0.00447,1,1,0.014,0.145,in_circle,0.0156,0.1369,0.0000,0.0000,0
103.079,1,2242,-0.00966,0.00196,-0.0052,0.0029,-0.03289,0.04822,0.00445,1,1,0.025,0.150,in_circle,0.0156,0.1369,0.0000,0.0000,0
103.124,1,2243,-0.00950,0.00165,0.0037,-0.0070,-0.03338,0.04659,0.00467,1,1,0.041,0.135,in_circle,0.0156,0.1369,0.0000,0.0000,0
103.169,1,2244,-0.00926,0.00146,0.0053,-0.0043,-0.03270,0.04531,0.00477,1,1,0.005,0.176,in_circle,0.0156,0.1369,0.0000,0.0000,0
103.212,1,2245,-0.00911,0.00209,0.0035,0.0148,-0.03196,0.04597,0.00412,1,1,-0.002,0.166,in_circle,0.0156,0.1369,0.0000,0.0000,0
103.257,1,2246,-0.00930,0.00200,-0.0044,-0.0019,-0.03179,0.04699,0.00427,1,1,0.005,0.088,in_circle,0.0156,0.1369,0.0000,0.0000,0
103.300,1,2247,-0.00894,0.00249,0.0084,0.0112,-0.03258,0.04476,0.00369,1,1,0.037,0.154,in_circle,0.0156,0.1369,0.0000,0.0000,0
103.345,1,2248,-0.00958,0.00188,-0.0142,-0.0135,-0.02907,0.04677,0.00448,1,1,-0.015,0.101,in_circle,0.0156,0.1369,0.0000,0.0000,0
103.389,1,2249,-0.00897,0.00210,0.0137,0.0049,-0.03075,0.04586,0.00407,1,1,0.077,0.201,in_circle,0.0156,0.1369,0.0000,0.0000,0
103.432,1,2250,-0.00931,0.00182,-0.0080,-0.0066,-0.03012,0.04394,0.00445,1,1,-0.036,0.127,in_circle,0.0156,0.1369,0.0000,0.0000,0
103.480,1,2251,-0.00896,0.00177,0.0073,-0.0010,-0.03348,0.04524,0.00439,1,1,0.052,0.174,in_circle,0.0156,0.1369,0.0000,0.0000,0
103.522,1,2252,-0.00923,0.00216,-0.0062,0.0093,-0.03266,0.04280,0.00409,1,1,-0.011,0.151,in_circle,0.0156,0.1369,0.0000,0.0000,0
103.565,1,2253,-0.00943,0.00212,-0.0047,-0.0010,-0.03466,0.04362,0.00421,1,1,0.044,0.109,in_circle,0.0156,0.1369,0.0000,0.0000,0
103.608,1,2254,-0.00905,0.00183,0.0089,-0.0068,-0.03397,0.04462,0.00435,1,1,0.039,0.150,in_circle,0.0156,0.1369,0.0000,0.0000,0
103.653,1,2255,-0.00952,0.00173,-0.0105,-0.0022,-0.03070,0.04398,0.00460,1,1,-0.017,0.175,in_circle,0.0156,0.1369,0.0000,0.0000,0
103.698,1,2256,-0.00948,0.00199,0.0007,0.0057,-0.03159,0.04557,0.00435,1,1,0.062,0.157,in_circle,0.0156,0.1369,0.0000,0.0000,0
103.741,1,2257,-0.00898,0.00239,0.0117,0.0093,-0.03316,0.04358,0.00380,1,1,0.017,0.124,in_circle,0.0156,0.1369,0.0000,0.0000,0
103.785,1,2258,-0.00921,0.00181,-0.0051,-0.0133,-0.03148,0.04703,0.00442,1,1,-0.028,0.109,in_circle,0.0156,0.1369,0.0000,0.0000,0
103.829,1,2259,-0.00921,0.00199,0.0000,0.0041,-0.03104,0.04409,0.00425,1,1,0.040,0.201,in_circle,0.0156,0.1369,0.0000,0.0000,0
103.872,1,2260,-0.00905,0.00181,0.0035,-0.0043,-0.03086,0.04308,0.00438,1,1,0.019,0.131,in_circle,0.0156,0.1369,0.0000,0.0000,0
103.916,1,2261,-0.00947,0.00184,-0.0094,0.0007,-0.03298,0.04439,0.00449,1,1,0.005,0.165,in_circle,0.0156,0.1369,0.0000,0.0000,0
103.961,1,2262,-0.00941,0.00161,0.0013,-0.0050,-0.03174,0.04541,0.00467,1,1,0.058,0.144,in_circle,0.0156,0.1369,0.0000,0.0000,0
104.005,1,2263,-0.00957,0.00198,-0.0035,0.0085,-0.03276,0.04459,0.00439,1,1,0.015,0.168,in_circle,0.0156,0.1369,0.0000,0.0000,0
104.049,1,2264,-0.00922,0.00262,0.0077,0.0144,-0.03225,0.04591,0.00366,1,1,0.034,0.113,in_circle,0.0156,0.1369,0.0000,0.0000,0
104.093,1,2265,-0.00934,0.00213,-0.0026,-0.0113,-0.03124,0.04597,0.00417,1,1,-0.012,0.088,in_circle,0.0156,0.1369,0.0000,0.0000,0
104.139,1,2266,-0.00930,0.00187,0.0008,-0.0056,-0.02933,0.04652,0.00439,1,1,0.030,0.192,in_circle,0.0156,0.1369,0.0000,0.0000,0
104.181,1,2267,-0.00877,0.00185,0.0127,-0.0006,-0.02759,0.04602,0.00427,1,1,0.016,0.170,in_circle,0.0156,0.1369,0.0000,0.0000,0
104.226,1,2268,-0.00954,0.00159,-0.0173,-0.0056,-0.03194,0.04708,0.00474,1,1,-0.033,0.150,in_circle,0.0156,0.1369,0.0000,0.0000,0
104.269,1,2269,-0.00921,0.00212,0.0079,0.0122,-0.03102,0.04416,0.00413,1,1,0.089,0.170,in_circle,0.0156,0.1369,0.0000,0.0000,0
104.312,1,2270,-0.00881,0.00240,0.0091,0.0064,-0.03202,0.04519,0.00374,1,1,-0.012,0.098,in_circle,0.0156,0.1369,0.0000,0.0000,0
104.357,1,2271,-0.00928,0.00196,-0.0105,-0.0098,-0.03042,0.04667,0.00430,1,1,-0.018,0.120,in_circle,0.0156,0.1369,0.0000,0.0000,0
104.402,1,2272,-0.00883,0.00224,0.0099,0.0061,-0.03024,0.04412,0.00390,1,1,0.061,0.186,in_circle,0.0156,0.1369,0.0000,0.0000,0
104.444,1,2273,-0.00873,0.00198,0.0025,-0.0060,-0.03010,0.04488,0.00412,1,1,-0.021,0.122,in_circle,0.0156,0.1369,0.0000,0.0000,0
104.489,1,2274,-0.00901,0.00233,-0.0063,0.0077,-0.03185,0.04720,0.00387,1,1,0.008,0.171,in_circle,0.0156,0.1369,0.0000,0.0000,0
104.532,1,2275,-0.00934,0.00211,-0.0077,-0.0050,-0.03156,0.04428,0.00418,1,1,0.044,0.115,in_circle,0.0156,0.1369,0.0000,0.0000,0
104.577,1,2276,-0.00929,0.00182,0.0011,-0.0065,-0.03302,0.04575,0.00444,1,1,0.050,0.167,in_circle,0.0156,0.1369,0.0000,0.0000,0
104.620,1,2277,-0.00898,0.00190,0.0074,0.0020,-0.03206,0.04632,0.00427,1,1,0.015,0.174,in_circle,0.0156,0.1369,0.0000,0.0000,0
104.674,1,2278,-0.00917,0.00143,-0.0036,-0.0087,-0.03346,0.04619,0.00477,1,1,-0.011,0.139,in_circle,0.0156,0.1369,0.0000,0.0000,0
104.709,1,2279,-0.00950,0.00169,-0.0094,0.0073,-0.03223,0.04747,0.00464,1,1,0.033,0.183,in_circle,0.0156,0.1369,0.0000,0.0000,0
104.797,1,2280,-0.00923,0.00183,0.0032,0.0016,-0.03306,0.04508,0.00441,1,1,0.057,0.119,in_circle,0.0156,0.1369,0.0000,0.0000,0
104.842,1,2281,-0.00931,0.00189,-0.0018,0.0014,-0.03318,0.04567,0.00438,1,1,0.007,0.141,in_circle,0.0156,0.1369,0.0000,0.0000,0
104.885,1,2282,-0.00907,0.00200,0.0055,0.0025,-0.03256,0.04740,0.00420,1,1,0.027,0.142,in_circle,0.0156,0.1369,0.0000,0.0000,0
104.929,1,2283,-0.00949,0.00200,-0.0097,0.0001,-0.03376,0.04537,0.00434,1,1,-0.003,0.137,in_circle,0.0156,0.1369,0.0000,0.0000,0
104.973,1,2284,-0.00956,0.00183,-0.0015,-0.0040,-0.03226,0.04585,0.00453,1,1,0.059,0.147,in_circle,0.0156,0.1369,0.0000,0.0000,0
105.017,1,2285,-0.00925,0.00220,0.0070,0.0085,-0.03239,0.04639,0.00406,1,1,0.026,0.163,in_circle,0.0156,0.1369,0.0000,0.0000,0
105.061,1,2286,-0.00946,0.00176,-0.0047,-0.0102,-0.03116,0.04790,0.00456,1,1,-0.009,0.113,in_circle,0.0156,0.1369,0.0000,0.0000,0
105.106,1,2287,-0.00943,0.00197,0.0006,0.0048,-0.03145,0.04633,0.00435,1,1,0.039,0.188,in_circle,0.0156,0.1369,0.0000,0.0000,0
105.150,1,2288,-0.00922,0.00166,0.0048,-0.0071,-0.02894,0.04646,0.00457,1,1,0.017,0.128,in_circle,0.0156,0.1369,0.0000,0.0000,0
105.192,1,2289,-0.00962,0.00204,-0.0096,0.0091,-0.03211,0.04740,0.00436,1,1,0.000,0.176,in_circle,0.0156,0.1369,0.0000,0.0000,0
105.238,1,2290,-0.00963,0.00182,-0.0002,-0.0048,-0.03147,0.04661,0.00457,1,1,0.058,0.111,in_circle,0.0156,0.1369,0.0000,0.0000,0
105.281,1,2291,-0.00925,0.00215,0.0089,0.0078,-0.03370,0.04619,0.00411,1,1,0.021,0.167,in_circle,0.0156,0.1369,0.0000,0.0000,0
105.388,1,2292,-0.00944,0.00190,-0.0018,-0.0023,-0.02927,0.04657,0.00441,1,1,-0.016,0.115,in_circle,0.0156,0.1369,0.0000,0.0000,0
105.462,1,2293,-0.00925,0.00213,0.0026,0.0031,-0.03035,0.04602,0.00413,1,1,0.027,0.156,in_circle,0.0156,0.1369,0.0000,0.0000,0
105.500,1,2294,-0.00925,0.00202,-0.0000,-0.0028,-0.03090,0.04598,0.00423,1,1,0.009,0.134,in_circle,0.0156,0.1369,0.0000,0.0000,0
105.545,1,2295,-0.00918,0.00171,0.0017,-0.0070,-0.03012,0.04599,0.00451,1,1,0.019,0.158,in_circle,0.0156,0.1369,0.0000,0.0000,0
105.589,1,2296,-0.00904,0.00186,0.0032,0.0035,-0.03042,0.04527,0.00432,1,1,0.012,0.176,in_circle,0.0156,0.1369,0.0000,0.0000,0
105.633,1,2297,-0.00947,0.00143,-0.0100,-0.0099,-0.03061,0.04679,0.00487,1,1,0.006,0.133,in_circle,0.0156,0.1369,0.0000,0.0000,0
105.676,1,2298,-0.00970,0.00179,-0.0052,0.0084,-0.03308,0.04652,0.00462,1,1,0.060,0.188,in_circle,0.0156,0.1369,0.0000,0.0000,0
105.721,1,2299,-0.00935,0.00219,0.0078,0.0090,-0.03282,0.04572,0.00411,1,1,0.041,0.114,in_circle,0.0156,0.1369,0.0000,0.0000,0
105.766,1,2300,-0.00942,0.00159,-0.0015,-0.0136,-0.03557,0.04716,0.00470,1,1,-0.012,0.110,in_circle,0.0156,0.1369,0.0000,0.0000,0
105.808,1,2301,-0.00954,0.00171,-0.0029,0.0028,-0.03102,0.04559,0.00463,1,1,0.026,0.202,in_circle,0.0156,0.1369,0.0000,0.0000,0
105.853,1,2302,-0.00974,0.00183,-0.0045,0.0028,-0.03231,0.04686,0.00460,1,1,0.032,0.136,in_circle,0.0156,0.1369,0.0000,0.0000,0
105.896,1,2303,-0.00947,0.00173,0.0062,-0.0022,-0.03453,0.04615,0.00458,1,1,0.038,0.136,in_circle,0.0156,0.1369,0.0000,0.0000,0
105.940,1,2304,-0.00925,0.00234,0.0050,0.0138,-0.03117,0.04539,0.00393,1,1,-0.005,0.157,in_circle,0.0156,0.1369,0.0000,0.0000,0
105.985,1,2305,-0.00941,0.00129,-0.0036,-0.0234,-0.03321,0.04761,0.00498,1,1,-0.001,0.091,in_circle,0.0156,0.1369,0.0000,0.0000,0
106.028,1,2306,-0.00936,0.00185,0.0013,0.0133,-0.03205,0.04624,0.00443,1,1,0.034,0.242,in_circle,0.0156,0.1369,0.0000,0.0000,0
106.073,1,2307,-0.00941,0.00163,-0.0011,-0.0050,-0.03102,0.04707,0.00466,1,1,0.015,0.094,in_circle,0.0156,0.1369,0.0000,0.0000,0
106.118,1,2308,-0.00895,0.00192,0.0102,0.0065,-0.03551,0.04571,0.00424,1,1,0.024,0.168,in_circle,0.0156,0.1369,0.0000,0.0000,0
106.162,1,2309,-0.00969,0.00166,-0.0168,-0.0060,-0.03052,0.04638,0.00474,1,1,-0.022,0.121,in_circle,0.0156,0.1369,0.0000,0.0000,0
106.207,1,2310,-0.00930,0.00230,0.0088,0.0142,-0.03010,0.04681,0.00399,1,1,0.088,0.172,in_circle,0.0156,0.1369,0.0000,0.0000,0
106.250,1,2311,-0.00901,0.00182,0.0067,-0.0113,-0.03107,0.04424,0.00435,1,1,-0.016,0.089,in_circle,0.0156,0.1369,0.0000,0.0000,0
106.294,1,2312,-0.00926,0.00168,-0.0056,-0.0031,-0.03088,0.04688,0.00456,1,1,-0.008,0.193,in_circle,0.0156,0.1369,0.0000,0.0000,0
106.337,1,2313,-0.00941,0.00200,-0.0035,0.0073,-0.02758,0.04508,0.00431,1,1,0.042,0.160,in_circle,0.0156,0.1369,0.0000,0.0000,0
106.380,1,2314,-0.00923,0.00190,0.0043,-0.0023,-0.03309,0.04604,0.00434,1,1,0.034,0.118,in_circle,0.0156,0.1369,0.0000,0.0000,0
106.426,1,2315,-0.00945,0.00154,-0.0048,-0.0078,-0.03022,0.04538,0.00475,1,1,0.002,0.156,in_circle,0.0156,0.1369,0.0000,0.0000,0
106.468,1,2316,-0.00914,0.00158,0.0073,0.0008,-0.03191,0.04369,0.00462,1,1,0.039,0.179,in_circle,0.0156,0.1369,0.0000,0.0000,0
106.514,1,2317,-0.00926,0.00199,-0.0027,0.0089,-0.03091,0.04534,0.00427,1,1,-0.010,0.145,in_circle,0.0156,0.1369,0.0000,0.0000,0
106.556,1,2318,-0.00938,0.00167,-0.0028,-0.0074,-0.03205,0.04503,0.00461,1,1,0.030,0.111,in_circle,0.0156,0.1369,0.0000,0.0000,0
106.601,1,2319,-0.00936,0.00154,0.0004,-0.0029,-0.03130,0.04577,0.00473,1,1,0.031,0.178,in_circle,0.0156,0.1369,0.0000,0.0000,0
106.645,1,2320,-0.00884,0.00201,0.0117,0.0107,-0.03295,0.04505,0.00412,1,1,0.018,0.160,in_circle,0.0156,0.1369,0.0000,0.0000,0
106.688,1,2321,-0.00927,0.00215,-0.0099,0.0031,-0.03351,0.04596,0.00412,1,1,-0.028,0.104,in_circle,0.0156,0.1369,0.0000,0.0000,0
106.732,1,2322,-0.00867,0.00225,0.0136,0.0023,-0.03262,0.04598,0.00385,1,1,0.059,0.134,in_circle,0.0156,0.1369,0.0000,0.0000,0
106.822,1,2323,-0.00950,0.00173,-0.0091,-0.0056,-0.03015,0.04575,0.00459,1,1,-0.037,0.137,in_circle,0.0156,0.1369,0.0000,0.0000,0
106.864,1,2324,-0.00964,0.00166,-0.0034,-0.0019,-0.02953,0.04664,0.00472,1,1,0.056,0.170,in_circle,0.0156,0.1369,0.0000,0.0000,0
106.910,1,2325,-0.00921,0.00209,0.0094,0.0094,-0.03234,0.04380,0.00416,1,1,0.034,0.155,in_circle,0.0156,0.1369,0.0000,0.0000,0
106.953,1,2326,-0.00940,0.00199,-0.0045,-0.0023,-0.03300,0.04684,0.00432,1,1,-0.019,0.109,in_circle,0.0156,0.1369,0.0000,0.0000,0
106.997,1,2327,-0.00946,0.00213,-0.0013,0.0031,-0.03222,0.04580,0.00421,1,1,0.038,0.156,in_circle,0.0156,0.1369,0.0000,0.0000,0
107.040,1,2328,-0.00895,0.00188,0.0119,-0.0057,-0.03172,0.04409,0.00427,1,1,0.025,0.134,in_circle,0.0156,0.1369,0.0000,0.0000,0
107.085,1,2329,-0.00923,0.00226,-0.0063,0.0083,-0.03120,0.04409,0.00401,1,1,-0.029,0.170,in_circle,0.0156,0.1369,0.0000,0.0000,0
107.128,1,2330,-0.00892,0.00190,0.0073,-0.0082,-0.03212,0.04528,0.00425,1,1,0.044,0.113,in_circle,0.0156,0.1369,0.0000,0.0000,0
107.174,1,2331,-0.00953,0.00189,-0.0135,-0.0003,-0.03179,0.04496,0.00446,1,1,-0.011,0.180,in_circle,0.0156,0.1369,0.0000,0.0000,0
107.218,1,2332,-0.00984,0.00189,-0.0071,-0.0001,-0.03129,0.04776,0.00459,1,1,0.074,0.148,in_circle,0.0156,0.1369,0.0000,0.0000,0
107.261,1,2333,-0.00905,0.00184,0.0182,-0.0012,-0.03303,0.04513,0.00435,1,1,0.049,0.148,in_circle,0.0156,0.1369,0.0000,0.0000,0
107.305,1,2334,-0.00939,0.00165,-0.0077,-0.0043,-0.03194,0.04704,0.00464,1,1,-0.054,0.152,in_circle,0.0156,0.1369,0.0000,0.0000,0
107.350,1,2335,-0.00950,0.00191,-0.0024,0.0058,-0.03081,0.04693,0.00443,1,1,0.050,0.165,in_circle,0.0156,0.1369,0.0000,0.0000,0
107.394,1,2336,-0.00989,0.00196,-0.0091,0.0013,-0.03307,0.04500,0.00455,1,1,0.029,0.124,in_circle,0.0156,0.1369,0.0000,0.0000,0
107.437,1,2337,-0.00957,0.00165,0.0075,-0.0072,-0.03300,0.04684,0.00469,1,1,0.057,0.142,in_circle,0.0156,0.1369,0.0000,0.0000,0
107.482,1,2338,-0.00902,0.00227,0.0121,0.0137,-0.03083,0.04613,0.00392,1,1,-0.010,0.177,in_circle,0.0156,0.1369,0.0000,0.0000,0
107.524,1,2339,-0.00946,0.00178,-0.0104,-0.0117,-0.03095,0.04683,0.00454,1,1,-0.030,0.092,in_circle,0.0156,0.1369,0.0000,0.0000,0
107.569,1,2340,-0.00962,0.00182,-0.0035,0.0009,-0.03116,0.04603,0.00456,1,1,0.061,0.194,in_circle,0.0156,0.1369,0.0000,0.0000,0
107.612,1,2341,-0.00896,0.00182,0.0154,0.0001,-0.02941,0.04510,0.00433,1,1,0.034,0.144,in_circle,0.0156,0.1369,0.0000,0.0000,0
107.657,1,2342,-0.00929,0.00201,-0.0074,0.0042,-0.03299,0.04556,0.00426,1,1,-0.043,0.147,in_circle,0.0156,0.1369,0.0000,0.0000,0
107.701,1,2343,-0.00940,0.00234,-0.0025,0.0074,-0.03039,0.04557,0.00400,1,1,0.049,0.130,in_circle,0.0156,0.1369,0.0000,0.0000,0
107.744,1,2344,-0.00950,0.00184,-0.0023,-0.0117,-0.03239,0.04493,0.00450,1,1,0.030,0.116,in_circle,0.0156,0.1369,0.0000,0.0000,0
107.790,1,2345,-0.00937,0.00228,0.0028,0.0097,-0.03257,0.04526,0.00404,1,1,0.029,0.194,in_circle,0.0156,0.1369,0.0000,0.0000,0
107.833,1,2346,-0.00925,0.00200,0.0029,-0.0065,-0.03139,0.04622,0.00425,1,1,0.008,0.108,in_circle,0.0156,0.1369,0.0000,0.0000,0
107.877,1,2347,-0.00862,0.00224,0.0143,0.0054,-0.03312,0.04682,0.00385,1,1,0.008,0.173,in_circle,0.0156,0.1369,0.0000,0.0000,0
107.921,1,2348,-0.00953,0.00210,-0.0206,-0.0032,-0.02952,0.04711,0.00427,1,1,-0.039,0.125,in_circle,0.0156,0.1369,0.0000,0.0000,0
107.966,1,2349,-0.00956,0.00160,-0.0006,-0.0111,-0.03245,0.04682,0.00474,1,1,0.102,0.160,in_circle,0.0156,0.1369,0.0000,0.0000,0
108.009,1,2350,-0.00946,0.00158,0.0022,-0.0006,-0.03049,0.04358,0.00473,1,1,0.023,0.192,in_circle,0.0156,0.1369,0.0000,0.0000,0
108.052,1,2351,-0.00933,0.00186,0.0031,0.0066,-0.03197,0.04763,0.00441,1,1,0.011,0.150,in_circle,0.0156,0.1369,0.0000,0.0000,0
108.096,1,2352,-0.00972,0.00197,-0.0087,0.0023,-0.03269,0.04640,0.00447,1,1,0.007,0.121,in_circle,0.0156,0.1369,0.0000,0.0000,0
108.140,1,2353,-0.00964,0.00185,0.0017,-0.0027,-0.03268,0.04817,0.00454,1,1,0.055,0.138,in_circle,0.0156,0.1369,0.0000,0.0000,0
108.184,1,2354,-0.00965,0.00192,-0.0001,0.0016,-0.03166,0.04594,0.00448,1,1,0.013,0.158,in_circle,0.0156,0.1369,0.0000,0.0000,0
108.229,1,2355,-0.00937,0.00244,0.0062,0.0115,-0.03122,0.04686,0.00389,1,1,0.021,0.141,in_circle,0.0156,0.1369,0.0000,0.0000,0
108.274,1,2356,-0.00929,0.00181,0.0018,-0.0140,-0.03223,0.04581,0.00445,1,1,-0.005,0.100,in_circle,0.0156,0.1369,0.0000,0.0000,0
108.317,1,2357,-0.00894,0.00180,0.0079,-0.0001,-0.03144,0.04668,0.00435,1,1,0.012,0.203,in_circle,0.0156,0.1369,0.0000,0.0000,0
108.361,1,2358,-0.00948,0.00196,-0.0123,0.0035,-0.03028,0.04544,0.00438,1,1,-0.013,0.148,in_circle,0.0156,0.1369,0.0000,0.0000,0
108.407,1,2359,-0.00967,0.00180,-0.0043,-0.0035,-0.03452,0.04766,0.00460,1,1,0.069,0.133,in_circle,0.0156,0.1369,0.0000,0.0000,0
108.449,1,2360,-0.00965,0.00171,0.0005,-0.0019,-0.03210,0.04507,0.00467,1,1,0.037,0.162,in_circle,0.0156,0.1369,0.0000,0.0000,0
108.494,1,2361,-0.00948,0.00196,0.0040,0.0055,-0.02995,0.04734,0.00438,1,1,0.018,0.155,in_circle,0.0156,0.1369,0.0000,0.0000,0
108.537,1,2362,-0.00993,0.00182,-0.0103,-0.0032,-0.03253,0.04637,0.00469,1,1,0.004,0.125,in_circle,0.0156,0.1369,0.0000,0.0000,0
108.580,1,2363,-0.00825,0.00148,0.0387,-0.0079,-0.03202,0.04603,0.00454,1,1,0.062,0.160,in_circle,0.0156,0.1369,0.0000,0.0000,0
108.626,1,2364,-0.00921,0.00186,-0.0209,0.0084,-0.03143,0.04635,0.00437,1,1,-0.138,0.180,in_circle,0.0157,0.1371,0.0000,0.0000,0
108.668,1,2365,-0.00975,0.00177,-0.0129,-0.0022,-0.03034,0.04717,0.00466,1,1,0.103,0.114,in_circle,0.0157,0.1373,0.0000,0.0000,0
108.713,1,2366,-0.00877,0.00161,0.0218,-0.0035,-0.03511,0.04248,0.00449,1,1,0.072,0.157,in_circle,0.0158,0.1375,0.0000,0.0000,0
108.757,1,2367,-0.00899,0.00185,-0.0052,0.0055,-0.03460,0.03737,0.00432,1,1,-0.069,0.163,in_circle,0.0159,0.1377,0.0000,0.0000,0
108.845,1,2368,-0.00934,0.00182,-0.0040,-0.0004,-0.03431,0.04440,0.00446,1,1,0.040,0.126,in_circle,0.0160,0.1381,0.0000,0.0000,0
108.889,1,2369,-0.01000,0.00160,-0.0148,-0.0048,-0.03416,0.03936,0.00491,1,1,0.036,0.150,in_circle,0.0160,0.1382,0.0000,0.0000,0
108.934,1,2370,-0.00900,0.00241,0.0222,0.0181,-0.03368,0.04016,0.00378,1,1,0.081,0.169,in_circle,0.0161,0.1384,0.0000,0.0000,0
108.977,1,2371,-0.00970,0.00172,-0.0159,-0.0161,-0.03310,0.04367,0.00468,1,1,-0.070,0.075,in_circle,0.0162,0.1386,0.0000,0.0000,0
109.020,1,2372,-0.00908,0.00184,0.0141,0.0029,-0.03084,0.04715,0.00435,1,1,0.085,0.214,in_circle,0.0163,0.1388,0.0000,0.0000,0
109.066,1,2373,-0.00843,0.00210,0.0141,0.0055,-0.02743,0.04507,0.00396,1,1,-0.037,0.138,in_circle,0.0163,0.1390,0.0000,0.0000,0
109.108,1,2374,-0.00927,0.00212,-0.0199,0.0006,-0.02942,0.04707,0.00415,1,1,-0.039,0.127,in_circle,0.0163,0.1391,0.0000,0.0000,0
109.153,1,2375,-0.00966,0.00181,-0.0087,-0.0069,-0.02923,0.04610,0.00458,1,1,0.100,0.147,in_circle,0.0164,0.1393,0.0000,0.0000,0
109.197,1,2376,-0.00891,0.00244,0.0169,0.0142,-0.02951,0.04559,0.00373,1,1,0.056,0.178,in_circle,0.0165,0.1395,0.0000,0.0000,0
109.240,1,2377,-0.00943,0.00184,-0.0121,-0.0137,-0.02840,0.04879,0.00447,1,1,-0.048,0.092,in_circle,0.0165,0.1396,0.0000,0.0000,0
109.285,1,2378,-0.00926,0.00160,0.0039,-0.0054,-0.03001,0.04930,0.00464,1,1,0.069,0.205,in_circle,0.0166,0.1398,0.0000,0.0000,0
109.330,1,2379,-0.00948,0.00167,-0.0049,0.0016,-0.02802,0.04585,0.00464,1,1,0.005,0.173,in_circle,0.0167,0.1400,0.0000,0.0000,0
109.372,1,2380,-0.00921,0.00204,0.0064,0.0087,-0.03541,0.04677,0.00420,1,1,0.041,0.144,in_circle,0.0167,0.1402,0.0000,0.0000,0
109.416,1,2381,-0.00966,0.00183,-0.0103,-0.0048,-0.03234,0.04777,0.00456,1,1,-0.005,0.116,in_circle,0.0168,0.1404,0.0000,0.0000,0
109.461,1,2382,-0.00964,0.00184,0.0003,0.0001,-0.03363,0.04748,0.00455,1,1,0.063,0.170,in_circle,0.0169,0.1406,0.0000,0.0000,0
109.506,1,2383,-0.00930,0.00171,0.0076,-0.0028,-0.03149,0.04834,0.00455,1,1,0.020,0.151,in_circle,0.0170,0.1408,0.0000,0.0000,0
109.549,1,2384,-0.00937,0.00201,-0.0016,0.0071,-0.03366,0.04880,0.00429,1,1,-0.009,0.163,in_circle,0.0170,0.1410,0.0000,0.0000,0
109.593,1,2385,-0.00886,0.00218,0.0116,0.0039,-0.03316,0.04651,0.00396,1,1,0.027,0.123,in_circle,0.0170,0.1410,0.0000,0.0000,0
109.638,1,2386,-0.00961,0.00227,-0.0171,0.0019,-0.03255,0.04806,0.00415,1,1,-0.027,0.135,in_circle,0.0170,0.1410,0.0000,0.0000,0
109.681,1,2387,-0.00948,0.00194,0.0031,-0.0077,-0.03172,0.04823,0.00439,1,1,0.090,0.143,in_circle,0.0170,0.1410,0.0000,0.0000,0
109.725,1,2388,-0.00940,0.00193,0.0018,-0.0002,-0.03206,0.04577,0.00437,1,1,0.009,0.182,in_circle,0.0170,0.1410,0.0000,0.0000,0
109.770,1,2389,-0.00929,0.00182,0.0024,-0.0026,-0.03403,0.04693,0.00444,1,1,0.014,0.152,in_circle,0.0170,0.1410,0.0000,0.0000,0
109.814,1,2390,-0.00988,0.00181,-0.0132,-0.0001,-0.03245,0.04704,0.00467,1,1,0.011,0.162,in_circle,0.0170,0.1410,0.0000,0.0000,0
109.857,1,2391,-0.00897,0.00203,0.0208,0.0049,-0.03200,0.04616,0.00414,1,1,0.075,0.152,in_circle,0.0170,0.1410,0.0000,0.0000,0
109.901,1,2392,-0.00983,0.00189,-0.0196,-0.0031,-0.03296,0.04807,0.00459,1,1,-0.063,0.131,in_circle,0.0170,0.1410,0.0000,0.0000,0
109.945,1,2393,-0.00927,0.00192,0.0127,0.0007,-0.03160,0.04742,0.00433,1,1,0.101,0.164,in_circle,0.0170,0.1410,0.0000,0.0000,0
109.988,1,2394,-0.00950,0.00202,-0.0054,0.0022,-0.03339,0.04507,0.00433,1,1,-0.030,0.148,in_circle,0.0170,0.1410,0.0000,0.0000,0
110.033,1,2395,-0.00929,0.00195,0.0046,-0.0016,-0.03213,0.04502,0.00432,1,1,0.043,0.142,in_circle,0.0170,0.1410,0.0000,0.0000,0
110.078,1,2396,-0.00935,0.00211,-0.0013,0.0037,-0.03309,0.04481,0.00419,1,1,0.002,0.157,in_circle,0.0170,0.1410,0.0000,0.0000,0
110.121,1,2397,-0.00976,0.00204,-0.0095,-0.0016,-0.03398,0.04389,0.00442,1,1,0.026,0.136,in_circle,0.0170,0.1410,0.0000,0.0000,0
110.166,1,2398,-0.00946,0.00161,0.0069,-0.0096,-0.03339,0.04434,0.00469,1,1,0.060,0.157,in_circle,0.0170,0.1410,0.0000,0.0000,0
110.209,1,2399,-0.00956,0.00169,-0.0024,0.0019,-0.03333,0.04381,0.00465,1,1,-0.006,0.191,in_circle,0.0170,0.1410,0.0000,0.0000,0
110.252,1,2400,-0.00957,0.00170,-0.0001,0.0002,-0.03323,0.04656,0.00465,1,1,0.031,0.144,in_circle,0.0170,0.1410,0.0000,0.0000,0
110.297,1,2401,-0.00934,0.00246,0.0051,0.0171,-0.03294,0.04609,0.00386,1,1,0.022,0.151,in_circle,0.0170,0.1410,0.0000,0.0000,0
110.341,1,2402,-0.00922,0.00131,0.0026,-0.0259,-0.03394,0.04537,0.00490,1,1,0.000,0.081,in_circle,0.0170,0.1410,0.0000,0.0000,0
110.385,1,2403,-0.00949,0.00171,-0.0062,0.0093,-0.03233,0.04467,0.00461,1,1,0.010,0.256,in_circle,0.0170,0.1410,0.0000,0.0000,0
110.428,1,2404,-0.00946,0.00169,0.0006,-0.0006,-0.02897,0.04537,0.00462,1,1,0.046,0.115,in_circle,0.0170,0.1410,0.0000,0.0000,0
110.473,1,2405,-0.00972,0.00192,-0.0057,0.0051,-0.03675,0.04612,0.00451,1,1,0.019,0.154,in_circle,0.0170,0.1410,0.0000,0.0000,0
110.516,1,2406,-0.00943,0.00128,0.0065,-0.0146,-0.03166,0.04427,0.00499,1,1,0.044,0.131,in_circle,0.0170,0.1410,0.0000,0.0000,0
110.562,1,2407,-0.00960,0.00168,-0.0036,0.0087,-0.03074,0.04413,0.00468,1,1,-0.005,0.211,in_circle,0.0170,0.1410,0.0000,0.0000,0
110.604,1,2408,-0.00966,0.00201,-0.0015,0.0079,-0.03111,0.04473,0.00440,1,1,0.036,0.117,in_circle,0.0170,0.1410,0.0000,0.0000,0
110.649,1,2409,-0.00923,0.00187,0.0096,-0.0032,-0.03396,0.04640,0.00437,1,1,0.028,0.119,in_circle,0.0170,0.1410,0.0000,0.0000,0
110.694,1,2410,-0.00915,0.00183,0.0019,-0.0009,-0.02922,0.04352,0.00439,1,1,-0.018,0.164,in_circle,0.0170,0.1410,0.0000,0.0000,0
110.738,1,2411,-0.00911,0.00159,0.0010,-0.0054,-0.03000,0.04558,0.00460,1,1,0.013,0.155,in_circle,0.0170,0.1410,0.0000,0.0000,0
110.782,1,2412,-0.00918,0.00193,-0.0016,0.0078,-0.03008,0.04510,0.00430,1,1,0.016,0.174,in_circle,0.0170,0.1410,0.0000,0.0000,0
110.869,1,2413,-0.00944,0.00184,-0.0031,-0.0011,-0.03106,0.04507,0.00448,1,1,0.027,0.120,in_circle,0.0170,0.1410,0.0000,0.0000,0
110.913,1,2414,-0.00941,0.00205,0.0007,0.0048,-0.02993,0.04479,0.00427,1,1,0.033,0.156,in_circle,0.0170,0.1410,0.0000,0.0000,0
110.956,1,2415,-0.00961,0.00156,-0.0046,-0.0113,-0.03076,0.04560,0.00480,1,1,0.018,0.132,in_circle,0.0170,0.1410,0.0000,0.0000,0
111.001,1,2416,-0.00921,0.00193,0.0090,0.0084,-0.03011,0.04692,0.00430,1,1,0.040,0.197,in_circle,0.0170,0.1410,0.0000,0.0000,0
111.045,1,2417,-0.00910,0.00199,0.0026,0.0014,-0.03312,0.04539,0.00421,1,1,-0.016,0.117,in_circle,0.0170,0.1410,0.0000,0.0000,0
111.089,1,2418,-0.00957,0.00162,-0.0108,-0.0085,-0.03445,0.04512,0.00473,1,1,0.010,0.145,in_circle,0.0170,0.1410,0.0000,0.0000,0
111.132,1,2419,-0.00945,0.00176,0.0030,0.0033,-0.03134,0.04714,0.00455,1,1,0.065,0.186,in_circle,0.0170,0.1410,0.0000,0.0000,0
111.177,1,2420,-0.00951,0.00182,-0.0015,0.0013,-0.03321,0.04595,0.00452,1,1,0.009,0.139,in_circle,0.0170,0.1410,0.0000,0.0000,0
111.220,1,2421,-0.00915,0.00216,0.0086,0.0081,-0.03390,0.04763,0.00407,1,1,0.027,0.146,in_circle,0.0170,0.1410,0.0000,0.0000,0
111.264,1,2422,-0.00948,0.00211,-0.0077,-0.0012,-0.03266,0.04832,0.00424,1,1,-0.014,0.118,in_circle,0.0170,0.1410,0.0000,0.0000,0
111.309,1,2423,-0.00880,0.00161,0.0150,-0.0110,-0.03249,0.04875,0.00450,1,1,0.052,0.155,in_circle,0.0170,0.1410,0.0000,0.0000,0
111.352,1,2424,-0.00931,0.00195,-0.0119,0.0080,-0.03102,0.04682,0.00432,1,1,-0.040,0.196,in_circle,0.0170,0.1410,0.0000,0.0000,0
111.398,1,2425,-0.00877,0.00178,0.0119,-0.0037,-0.03091,0.04756,0.00433,1,1,0.069,0.119,in_circle,0.0170,0.1410,0.0000,0.0000,0
111.441,1,2426,-0.00928,0.00167,-0.0119,-0.0026,-0.03302,0.04575,0.00457,1,1,-0.028,0.166,in_circle,0.0170,0.1410,0.0000,0.0000,0
111.486,1,2427,-0.00946,0.00163,-0.0039,-0.0009,-0.02898,0.04771,0.00467,1,1,0.068,0.162,in_circle,0.0170,0.1410,0.0000,0.0000,0
111.530,1,2428,-0.00964,0.00187,-0.0043,0.0054,-0.03264,0.04765,0.00452,1,1,0.037,0.155,in_circle,0.0170,0.1410,0.0000,0.0000,0
111.572,1,2429,-0.00914,0.00185,0.0119,-0.0005,-0.03116,0.04705,0.00436,1,1,0.039,0.129,in_circle,0.0170,0.1410,0.0000,0.0000,0
111.617,1,2430,-0.00956,0.00171,-0.0092,-0.0031,-0.03157,0.04861,0.00463,1,1,-0.027,0.153,in_circle,0.0170,0.1410,0.0000,0.0000,0
111.661,1,2431,-0.00900,0.00148,0.0129,-0.0055,-0.03240,0.04746,0.00468,1,1,0.058,0.164,in_circle,0.0170,0.1410,0.0000,0.0000,0
111.705,1,2432,-0.00978,0.00195,-0.0174,0.0106,-0.03211,0.04599,0.00451,1,1,-0.032,0.174,in_circle,0.0170,0.1410,0.0000,0.0000,0
111.749,1,2433,-0.00955,0.00212,0.0054,0.0040,-0.03158,0.04694,0.00425,1,1,0.092,0.109,in_circle,0.0170,0.1410,0.0000,0.0000,0
111.793,1,2434,-0.00961,0.00197,-0.0013,-0.0034,-0.03261,0.04524,0.00441,1,1,-0.000,0.135,in_circle,0.0170,0.1410,0.0000,0.0000,0
111.836,1,2435,-0.00954,0.00210,0.0016,0.0030,-0.03105,0.04747,0.00427,1,1,0.027,0.165,in_circle,0.0170,0.1410,0.0000,0.0000,0
111.882,1,2436,-0.00967,0.00184,-0.0029,-0.0059,-0.03124,0.04670,0.00456,1,1,0.015,0.139,in_circle,0.0170,0.1410,0.0000,0.0000,0
111.924,1,2437,-0.00926,0.00201,0.0097,0.0040,-0.03333,0.04671,0.00425,1,1,0.033,0.175,in_circle,0.0170,0.1410,0.0000,0.0000,0
111.969,1,2438,-0.00929,0.00175,-0.0009,-0.0056,-0.03298,0.04615,0.00450,1,1,-0.018,0.135,in_circle,0.0170,0.1410,0.0000,0.0000,0
112.013,1,2439,-0.00967,0.00173,-0.0085,-0.0005,-0.03326,0.04596,0.00466,1,1,0.024,0.174,in_circle,0.0170,0.1410,0.0000,0.0000,0
112.057,1,2440,-0.00943,0.00182,0.0054,0.0020,-0.03395,0.04517,0.00448,1,1,0.056,0.154,in_circle,0.0170,0.1410,0.0000,0.0000,0
112.102,1,2441,-0.00955,0.00191,-0.0028,0.0019,-0.03351,0.04512,0.00445,1,1,-0.001,0.143,in_circle,0.0170,0.1410,0.0000,0.0000,0
112.145,1,2442,-0.00970,0.00181,-0.0035,-0.0023,-0.03365,0.04668,0.00460,1,1,0.033,0.144,in_circle,0.0170,0.1410,0.0000,0.0000,0
112.190,1,2443,-0.00930,0.00180,0.0089,-0.0002,-0.03383,0.04602,0.00446,1,1,0.036,0.161,in_circle,0.0170,0.1410,0.0000,0.0000,0
112.233,1,2444,-0.00926,0.00213,0.0010,0.0077,-0.03331,0.04556,0.00414,1,1,-0.015,0.152,in_circle,0.0170,0.1410,0.0000,0.0000,0
112.279,1,2445,-0.00956,0.00186,-0.0067,-0.0061,-0.03326,0.04596,0.00450,1,1,0.017,0.120,in_circle,0.0170,0.1410,0.0000,0.0000,0
112.321,1,2446,-0.00940,0.00191,0.0038,0.0012,-0.03315,0.04493,0.00440,1,1,0.048,0.176,in_circle,0.0170,0.1410,0.0000,0.0000,0
112.365,1,2447,-0.00937,0.00190,0.0007,-0.0001,-0.03077,0.04535,0.00439,1,1,0.006,0.146,in_circle,0.0170,0.1410,0.0000,0.0000,0
112.408,1,2448,-0.00958,0.00182,-0.0049,-0.0020,-0.03297,0.04551,0.00455,1,1,0.018,0.152,in_circle,0.0170,0.1410,0.0000,0.0000,0
112.453,1,2449,-0.00949,0.00159,0.0020,-0.0049,-0.03076,0.04519,0.00472,1,1,0.041,0.159,in_circle,0.0170,0.1410,0.0000,0.0000,0
112.497,1,2450,-0.00916,0.00188,0.0076,0.0065,-0.02996,0.04712,0.00434,1,1,0.013,0.172,in_circle,0.0170,0.1410,0.0000,0.0000,0
112.541,1,2451,-0.00964,0.00224,-0.0109,0.0081,-0.03139,0.04623,0.00419,1,1,-0.010,0.125,in_circle,0.0170,0.1410,0.0000,0.0000,0
112.584,1,2452,-0.00952,0.00170,0.0027,-0.0124,-0.03283,0.04803,0.00463,1,1,0.065,0.118,in_circle,0.0170,0.1410,0.0000,0.0000,0
112.629,1,2453,-0.00929,0.00150,0.0052,-0.0044,-0.03173,0.04550,0.00474,1,1,0.010,0.201,in_circle,0.0170,0.1410,0.0000,0.0000,0
112.672,1,2454,-0.00907,0.00201,0.0050,0.0118,-0.03219,0.04807,0.00419,1,1,0.000,0.170,in_circle,0.0170,0.1410,0.0000,0.0000,0
112.717,1,2455,-0.00968,0.00178,-0.0138,-0.0053,-0.03358,0.04663,0.00463,1,1,0.000,0.104,in_circle,0.0170,0.1410,0.0000,0.0000,0
112.761,1,2456,-0.00988,0.00170,-0.0044,-0.0018,-0.03333,0.04671,0.00478,1,1,0.077,0.173,in_circle,0.0170,0.1410,0.0000,0.0000,0
112.805,1,2457,-0.00937,0.00164,0.0117,-0.0014,-0.02968,0.04347,0.00464,1,1,0.040,0.159,in_circle,0.0170,0.1410,0.0000,0.0000,0
112.894,1,2458,-0.00882,0.00227,0.0061,0.0070,-0.03086,0.04637,0.00387,1,1,-0.026,0.157,in_circle,0.0170,0.1410,0.0000,0.0000,0
112.938,1,2459,-0.00945,0.00175,-0.0145,-0.0118,-0.03138,0.04762,0.00456,1,1,-0.005,0.122,in_circle,0.0170,0.1410,0.0000,0.0000,0
112.983,1,2460,-0.00988,0.00180,-0.0096,0.0010,-0.03257,0.04488,0.00469,1,1,0.079,0.199,in_circle,0.0170,0.1410,0.0000,0.0000,0
113.024,1,2461,-0.00935,0.00183,0.0126,0.0009,-0.03239,0.04372,0.00445,1,1,0.060,0.148,in_circle,0.0170,0.1410,0.0000,0.0000,0
113.071,1,2462,-0.00956,0.00185,-0.0045,0.0003,-0.03408,0.04687,0.00451,1,1,-0.029,0.148,in_circle,0.0170,0.1410,0.0000,0.0000,0
113.113,1,2463,-0.00935,0.00180,0.0051,-0.0010,-0.03405,0.04535,0.00447,1,1,0.039,0.150,in_circle,0.0170,0.1410,0.0000,0.0000,0
113.158,1,2464,-0.00970,0.00186,-0.0079,0.0011,-0.03460,0.04537,0.00456,1,1,0.001,0.156,in_circle,0.0170,0.1410,0.0000,0.0000,0
113.201,1,2465,-0.00971,0.00211,-0.0003,0.0059,-0.03400,0.04575,0.00433,1,1,0.053,0.147,in_circle,0.0170,0.1410,0.0000,0.0000,0
113.246,1,2466,-0.00972,0.00164,-0.0001,-0.0103,-0.03520,0.04468,0.00476,1,1,0.023,0.127,in_circle,0.0170,0.1410,0.0000,0.0000,0
113.289,1,2467,-0.00965,0.00164,0.0016,-0.0002,-0.03338,0.04565,0.00474,1,1,0.022,0.193,in_circle,0.0170,0.1410,0.0000,0.0000,0
113.334,1,2468,-0.00969,0.00159,-0.0009,-0.0011,-0.03249,0.04501,0.00480,1,1,0.015,0.153,in_circle,0.0170,0.1410,0.0000,0.0000,0
113.376,1,2469,-0.00965,0.00190,0.0009,0.0075,-0.03201,0.04437,0.00450,1,1,0.025,0.156,in_circle,0.0170,0.1410,0.0000,0.0000,0
113.422,1,2470,-0.00953,0.00191,0.0027,0.0002,-0.03315,0.04471,0.00444,1,1,0.018,0.121,in_circle,0.0170,0.1410,0.0000,0.0000,0
113.464,1,2471,-0.00933,0.00161,0.0049,-0.0070,-0.03214,0.04438,0.00465,1,1,0.011,0.150,in_circle,0.0170,0.1410,0.0000,0.0000,0
113.510,1,2472,-0.00933,0.00160,-0.0001,-0.0001,-0.03027,0.04407,0.00465,1,1,0.001,0.180,in_circle,0.0170,0.1410,0.0000,0.0000,0
113.554,1,2473,-0.00907,0.00196,0.0058,0.0081,-0.03147,0.04415,0.00424,1,1,0.021,0.152,in_circle,0.0170,0.1410,0.0000,0.0000,0
113.597,1,2474,-0.00965,0.00150,-0.0133,-0.0105,-0.03140,0.04530,0.00487,1,1,-0.003,0.119,in_circle,0.0170,0.1410,0.0000,0.0000,0
113.640,1,2475,-0.00929,0.00188,0.0084,0.0088,-0.03166,0.04521,0.00438,1,1,0.075,0.194,in_circle,0.0170,0.1410,0.0000,0.0000,0
113.686,1,2476,-0.00892,0.00220,0.0082,0.0070,-0.02959,0.04560,0.00396,1,1,-0.013,0.116,in_circle,0.0170,0.1410,0.0000,0.0000,0
113.729,1,2477,-0.00942,0.00182,-0.0118,-0.0089,-0.03134,0.04603,0.00449,1,1,-0.013,0.123,in_circle,0.0170,0.1410,0.0000,0.0000,0
113.774,1,2478,-0.00961,0.00179,-0.0041,-0.0006,-0.02942,0.04674,0.00458,1,1,0.068,0.187,in_circle,0.0170,0.1410,0.0000,0.0000,0
113.818,1,2479,-0.00946,0.00199,0.0034,0.0045,-0.03111,0.04473,0.00434,1,1,0.038,0.154,in_circle,0.0170,0.1410,0.0000,0.0000,0
113.865,1,2480,-0.00930,0.00199,0.0035,0.0000,-0.03156,0.04775,0.00428,1,1,0.007,0.133,in_circle,0.0170,0.1410,0.0000,0.0000,0
113.906,1,2481,-0.00972,0.00190,-0.0103,-0.0021,-0.03101,0.04839,0.00453,1,1,0.007,0.151,in_circle,0.0170,0.1410,0.0000,0.0000,0
113.950,1,2482,-0.00926,0.00237,0.0106,0.0107,-0.03129,0.04728,0.00391,1,1,0.063,0.159,in_circle,0.0170,0.1410,0.0000,0.0000,0
113.994,1,2483,-0.00955,0.00177,-0.0067,-0.0137,-0.03066,0.04736,0.00458,1,1,-0.022,0.107,in_circle,0.0170,0.1410,0.0000,0.0000,0
114.037,1,2484,-0.00925,0.00188,0.0070,0.0026,-0.03125,0.04628,0.00436,1,1,0.048,0.206,in_circle,0.0170,0.1410,0.0000,0.0000,0
114.082,1,2485,-0.00903,0.00207,0.0049,0.0040,-0.03050,0.04504,0.00412,1,1,-0.008,0.141,in_circle,0.0170,0.1410,0.0000,0.0000,0
114.126,1,2486,-0.01014,0.00191,-0.0255,-0.0036,-0.03478,0.04705,0.00471,1,1,0.000,0.135,in_circle,0.0170,0.1410,0.0000,0.0000,0
114.173,1,2487,-0.00974,0.00167,0.0082,-0.0050,-0.03302,0.04575,0.00475,1,1,0.125,0.166,in_circle,0.0170,0.1410,0.0000,0.0000,0
114.216,1,2488,-0.00940,0.00192,0.0082,0.0060,-0.03386,0.04468,0.00438,1,1,-0.011,0.172,in_circle,0.0170,0.1410,0.0000,0.0000,0
114.258,1,2489,-0.00926,0.00212,0.0031,0.0047,-0.03353,0.04743,0.00415,1,1,-0.012,0.127,in_circle,0.0170,0.1410,0.0000,0.0000,0
114.305,1,2490,-0.00965,0.00173,-0.0081,-0.0083,-0.03281,0.04810,0.00465,1,1,0.008,0.132,in_circle,0.0170,0.1410,0.0000,0.0000,0
114.347,1,2491,-0.00972,0.00177,-0.0018,0.0009,-0.03221,0.04699,0.00465,1,1,0.054,0.185,in_circle,0.0170,0.1410,0.0000,0.0000,0
114.390,1,2492,-0.00941,0.00225,0.0073,0.0112,-0.03231,0.04686,0.00408,1,1,0.029,0.148,in_circle,0.0170,0.1410,0.0000,0.0000,0
114.436,1,2493,-0.00972,0.00181,-0.0069,-0.0099,-0.03334,0.04665,0.00461,1,1,-0.008,0.105,in_circle,0.0170,0.1410,0.0000,0.0000,0
114.476,1,2494,-0.00958,0.00145,0.0035,-0.0088,-0.03168,0.04671,0.00489,1,1,0.050,0.191,in_circle,0.0170,0.1410,0.0000,0.0000,0
114.522,1,2495,-0.00945,0.00162,0.0028,0.0039,-0.03161,0.04533,0.00468,1,1,0.007,0.187,in_circle,0.0170,0.1410,0.0000,0.0000,0
114.567,1,2496,-0.00932,0.00203,0.0029,0.0090,-0.03346,0.04619,0.00425,1,1,0.010,0.136,in_circle,0.0170,0.1410,0.0000,0.0000,0
114.615,1,2497,-0.00934,0.00166,-0.0005,-0.0078,-0.03286,0.04510,0.00461,1,1,0.009,0.115,in_circle,0.0170,0.1410,0.0000,0.0000,0
114.655,1,2498,-0.00974,0.00177,-0.0098,0.0027,-0.03360,0.04646,0.00465,1,1,0.023,0.183,in_circle,0.0170,0.1410,0.0000,0.0000,0
114.698,1,2499,-0.00942,0.00198,0.0073,0.0049,-0.03246,0.04442,0.00434,1,1,0.061,0.141,in_circle,0.0170,0.1410,0.0000,0.0000,0
114.741,1,2500,-0.00938,0.00214,0.0009,0.0037,-0.03384,0.04682,0.00417,1,1,-0.008,0.132,in_circle,0.0170,0.1410,0.0000,0.0000,0
114.785,1,2501,-0.00937,0.00186,0.0003,-0.0064,-0.03117,0.04539,0.00442,1,1,0.017,0.136,in_circle,0.0170,0.1410,0.0000,0.0000,0
114.829,1,2502,-0.00955,0.00183,-0.0040,-0.0008,-0.03180,0.04619,0.00453,1,1,0.020,0.177,in_circle,0.0170,0.1410,0.0000,0.0000,0
114.917,1,2503,-0.00939,0.00185,0.0018,0.0002,-0.03221,0.04699,0.00445,1,1,0.037,0.155,in_circle,0.0170,0.1410,0.0000,0.0000,0
114.963,1,2504,-0.00966,0.00185,-0.0058,0.0001,-0.03035,0.04643,0.00455,1,1,0.014,0.150,in_circle,0.0170,0.1410,0.0000,0.0000,0
115.007,1,2505,-0.00921,0.00210,0.0102,0.0057,-0.03184,0.04591,0.00415,1,1,0.045,0.151,in_circle,0.0170,0.1410,0.0000,0.0000,0
115.049,1,2506,-0.00957,0.00168,-0.0085,-0.0098,-0.03163,0.04600,0.00467,1,1,-0.020,0.128,in_circle,0.0170,0.1410,0.0000,0.0000,0
115.095,1,2507,-0.00958,0.00202,-0.0001,0.0075,-0.03177,0.04698,0.00436,1,1,0.056,0.191,in_circle,0.0170,0.1410,0.0000,0.0000,0
115.139,1,2508,-0.00878,0.00186,0.0181,-0.0038,-0.03319,0.04464,0.00426,1,1,0.022,0.121,in_circle,0.0170,0.1410,0.0000,0.0000,0
115.180,1,2509,-0.00973,0.00194,-0.0226,0.0019,-0.03261,0.04674,0.00450,1,1,-0.053,0.166,in_circle,0.0170,0.1410,0.0000,0.0000,0
115.225,1,2510,-0.00944,0.00160,0.0064,-0.0075,-0.03043,0.04606,0.00469,1,1,0.112,0.144,in_circle,0.0170,0.1410,0.0000,0.0000,0
115.270,1,2511,-0.00916,0.00189,0.0063,0.0064,-0.03217,0.04450,0.00433,1,1,-0.005,0.182,in_circle,0.0170,0.1410,0.0000,0.0000,0
115.313,1,2512,-0.00951,0.00189,-0.0081,0.0001,-0.03118,0.04632,0.00445,1,1,-0.005,0.126,in_circle,0.0170,0.1410,0.0000,0.0000,0
115.358,1,2513,-0.00968,0.00169,-0.0039,-0.0045,-0.03327,0.04534,0.00470,1,1,0.054,0.151,in_circle,0.0170,0.1410,0.0000,0.0000,0
115.401,1,2514,-0.00957,0.00162,0.0025,-0.0016,-0.03284,0.04463,0.00472,1,1,0.037,0.170,in_circle,0.0170,0.1410,0.0000,0.0000,0
115.446,1,2515,-0.00935,0.00166,0.0051,0.0009,-0.03307,0.04499,0.00461,1,1,0.011,0.158,in_circle,0.0170,0.1410,0.0000,0.0000,0
115.489,1,2516,-0.00937,0.00188,-0.0006,0.0050,-0.03216,0.04562,0.00441,1,1,0.001,0.148,in_circle,0.0170,0.1410,0.0000,0.0000,0
115.533,1,2517,-0.00970,0.00183,-0.0075,-0.0013,-0.03272,0.04524,0.00459,1,1,0.023,0.131,in_circle,0.0170,0.1410,0.0000,0.0000,0
115.577,1,2518,-0.00929,0.00175,0.0093,-0.0016,-0.03272,0.04524,0.00450,1,1,0.052,0.156,in_circle,0.0170,0.1410,0.0000,0.0000,0
115.621,1,2519,-0.00962,0.00181,-0.0073,0.0011,-0.03177,0.04538,0.00457,1,1,-0.016,0.158,in_circle,0.0170,0.1410,0.0000,0.0000,0
115.665,1,2520,-0.00870,0.00203,0.0209,0.0051,-0.03183,0.04534,0.00407,1,1,0.051,0.147,in_circle,0.0170,0.1410,0.0000,0.0000,0
115.710,1,2521,-0.00910,0.00152,-0.0089,-0.0113,-0.03295,0.04505,0.00466,1,1,-0.064,0.130,in_circle,0.0170,0.1410,0.0000,0.0000,0
115.754,1,2522,-0.00873,0.00179,0.0085,0.0062,-0.03270,0.04626,0.00431,1,1,0.056,0.198,in_circle,0.0170,0.1410,0.0000,0.0000,0
115.797,1,2523,-0.00950,0.00187,-0.0176,0.0017,-0.03290,0.04439,0.00447,1,1,-0.015,0.127,in_circle,0.0170,0.1410,0.0000,0.0000,0
115.842,1,2524,-0.00947,0.00177,0.0005,-0.0021,-0.03392,0.04536,0.00455,1,1,0.092,0.144,in_circle,0.0170,0.1410,0.0000,0.0000,0
115.885,1,2525,-0.00957,0.00185,-0.0022,0.0017,-0.03202,0.04499,0.00451,1,1,0.019,0.160,in_circle,0.0170,0.1410,0.0000,0.0000,0
115.930,1,2526,-0.00919,0.00189,0.0083,0.0009,-0.03326,0.04563,0.00434,1,1,0.030,0.145,in_circle,0.0170,0.1410,0.0000,0.0000,0
115.976,1,2527,-0.00946,0.00195,-0.0058,0.0014,-0.03058,0.04533,0.00438,1,1,-0.013,0.148,in_circle,0.0170,0.1410,0.0000,0.0000,0
116.022,1,2528,-0.00949,0.00182,-0.0006,-0.0029,-0.03033,0.04537,0.00451,1,1,0.044,0.145,in_circle,0.0170,0.1410,0.0000,0.0000,0
116.061,1,2529,-0.00954,0.00196,-0.0013,0.0037,-0.03315,0.04433,0.00440,1,1,0.024,0.163,in_circle,0.0170,0.1410,0.0000,0.0000,0
116.106,1,2530,-0.00948,0.00171,0.0013,-0.0056,-0.03301,0.04487,0.00461,1,1,0.027,0.136,in_circle,0.0170,0.1410,0.0000,0.0000,0
116.150,1,2531,-0.00980,0.00187,-0.0072,0.0036,-0.03093,0.04732,0.00459,1,1,0.016,0.174,in_circle,0.0170,0.1410,0.0000,0.0000,0
116.193,1,2532,-0.00932,0.00185,0.0112,-0.0004,-0.03272,0.04559,0.00442,1,1,0.051,0.137,in_circle,0.0170,0.1410,0.0000,0.0000,0
116.238,1,2533,-0.00913,0.00197,0.0043,0.0026,-0.03069,0.04580,0.00425,1,1,-0.024,0.153,in_circle,0.0170,0.1410,0.0000,0.0000,0
116.281,1,2534,-0.00937,0.00187,-0.0057,-0.0022,-0.03109,0.04675,0.00442,1,1,0.003,0.141,in_circle,0.0170,0.1410,0.0000,0.0000,0
116.326,1,2535,-0.00970,0.00177,-0.0072,-0.0022,-0.03288,0.04560,0.00463,1,1,0.044,0.160,in_circle,0.0170,0.1410,0.0000,0.0000,0
116.371,1,2536,-0.00956,0.00184,0.0031,0.0015,-0.03171,0.04582,0.00452,1,1,0.050,0.160,in_circle,0.0170,0.1410,0.0000,0.0000,0
116.414,1,2537,-0.00964,0.00150,-0.0019,-0.0079,-0.03167,0.04355,0.00487,1,1,0.009,0.145,in_circle,0.0170,0.1410,0.0000,0.0000,0
116.459,1,2538,-0.00943,0.00192,0.0048,0.0094,-0.03176,0.04634,0.00440,1,1,0.029,0.184,in_circle,0.0170,0.1410,0.0000,0.0000,0
116.502,1,2539,-0.00972,0.00185,-0.0067,-0.0015,-0.03261,0.04674,0.00457,1,1,0.002,0.114,in_circle,0.0170,0.1410,0.0000,0.0000,0
116.546,1,2540,-0.00944,0.00207,0.0064,0.0050,-0.03298,0.04439,0.00426,1,1,0.049,0.157,in_circle,0.0170,0.1410,0.0000,0.0000,0
116.590,1,2541,-0.00962,0.00152,-0.0040,-0.0123,-0.02987,0.04599,0.00483,1,1,-0.004,0.131,in_circle,0.0170,0.1410,0.0000,0.0000,0
116.635,1,2542,-0.00867,0.00209,0.0212,0.0126,-0.03144,0.04606,0.00401,1,1,0.038,0.201,in_circle,0.0170,0.1410,0.0000,0.0000,0
116.678,1,2543,-0.00891,0.00197,-0.0055,-0.0028,-0.03177,0.04627,0.00418,1,1,-0.066,0.100,in_circle,0.0170,0.1410,0.0000,0.0000,0
116.723,1,2544,-0.00966,0.00205,-0.0170,0.0018,-0.03408,0.04703,0.00437,1,1,0.042,0.162,in_circle,0.0170,0.1410,0.0000,0.0000,0
116.766,1,2545,-0.00962,0.00171,0.0009,-0.0079,-0.03141,0.04461,0.00466,1,1,0.090,0.143,in_circle,0.0170,0.1410,0.0000,0.0000,0
116.810,1,2546,-0.00945,0.00162,0.0040,-0.0020,-0.03245,0.04776,0.00468,1,1,0.018,0.183,in_circle,0.0170,0.1410,0.0000,0.0000,0
116.853,1,2547,-0.00963,0.00225,-0.0043,0.0146,-0.03078,0.04967,0.00417,1,1,0.005,0.160,in_circle,0.0170,0.1410,0.0000,0.0000,0
116.941,1,2548,-0.00914,0.00178,0.0056,-0.0053,-0.03255,0.04806,0.00442,1,1,0.039,0.092,in_circle,0.0170,0.1410,0.0000,0.0000,0
116.986,1,2549,-0.00925,0.00207,-0.0025,0.0064,-0.03010,0.04676,0.00419,1,1,-0.002,0.173,in_circle,0.0170,0.1410,0.0000,0.0000,0
117.029,1,2550,-0.00941,0.00201,-0.0037,-0.0014,-0.02861,0.04778,0.00430,1,1,0.031,0.125,in_circle,0.0170,0.1410,0.0000,0.0000,0
117.074,1,2551,-0.00912,0.00190,0.0066,-0.0025,-0.03293,0.04678,0.00431,1,1,0.036,0.156,in_circle,0.0170,0.1410,0.0000,0.0000,0
117.118,1,2552,-0.00933,0.00203,-0.0046,0.0029,-0.03166,0.04739,0.00425,1,1,-0.006,0.161,in_circle,0.0170,0.1410,0.0000,0.0000,0
117.162,1,2553,-0.00934,0.00220,-0.0003,0.0038,-0.03107,0.04670,0.00410,1,1,0.039,0.139,in_circle,0.0170,0.1410,0.0000,0.0000,0
117.206,1,2554,-0.00975,0.00209,-0.0091,-0.0025,-0.03096,0.04660,0.00437,1,1,0.022,0.135,in_circle,0.0170,0.1410,0.0000,0.0000,0
117.249,1,2555,-0.00931,0.00174,0.0102,-0.0082,-0.03152,0.04787,0.00452,1,1,0.058,0.161,in_circle,0.0170,0.1410,0.0000,0.0000,0
117.294,1,2556,-0.00986,0.00167,-0.0120,-0.0015,-0.03143,0.04723,0.00479,1,1,-0.020,0.184,in_circle,0.0170,0.1410,0.0000,0.0000,0
117.338,1,2557,-0.00924,0.00165,0.0139,-0.0005,-0.03121,0.04615,0.00458,1,1,0.070,0.158,in_circle,0.0170,0.1410,0.0000,0.0000,0
117.382,1,2558,-0.00924,0.00203,0.0002,0.0086,-0.03312,0.04682,0.00422,1,1,-0.035,0.154,in_circle,0.0170,0.1410,0.0000,0.0000,0
117.425,1,2559,-0.00953,0.00232,-0.0068,0.0069,-0.03283,0.04650,0.00406,1,1,0.020,0.117,in_circle,0.0170,0.1410,0.0000,0.0000,0
117.470,1,2560,-0.00991,0.00201,-0.0084,-0.0070,-0.03350,0.04554,0.00451,1,1,0.049,0.122,in_circle,0.0170,0.1410,0.0000,0.0000,0
117.513,1,2561,-0.00939,0.00192,0.0122,-0.0021,-0.03252,0.04342,0.00438,1,1,0.056,0.179,in_circle,0.0170,0.1410,0.0000,0.0000,0
117.558,1,2562,-0.00990,0.00216,-0.0114,0.0054,-0.03251,0.04694,0.00437,1,1,-0.028,0.159,in_circle,0.0170,0.1410,0.0000,0.0000,0
117.602,1,2563,-0.00980,0.00171,0.0023,-0.0103,-0.03386,0.04673,0.00473,1,1,0.068,0.129,in_circle,0.0170,0.1410,0.0000,0.0000,0
117.646,1,2564,-0.00972,0.00195,0.0019,0.0054,-0.03299,0.04556,0.00448,1,1,0.013,0.193,in_circle,0.0170,0.1410,0.0000,0.0000,0
117.690,1,2565,-0.00937,0.00198,0.0079,0.0006,-0.03370,0.04619,0.00432,1,1,0.014,0.130,in_circle,0.0170,0.1410,0.0000,0.0000,0
117.734,1,2566,-0.00889,0.00133,0.0107,-0.0147,-0.03492,0.04747,0.00480,1,1,-0.011,0.148,in_circle,0.0170,0.1410,0.0000,0.0000,0
117.778,1,2567,-0.00897,0.00144,-0.0017,0.0027,-0.03306,0.04568,0.00470,1,1,-0.023,0.211,in_circle,0.0170,0.1410,0.0000,0.0000,0
117.821,1,2568,-0.00930,0.00194,-0.0077,0.0114,-0.03330,0.04531,0.00433,1,1,0.027,0.142,in_circle,0.0170,0.1410,0.0000,0.0000,0
117.866,1,2569,-0.00954,0.00181,-0.0054,-0.0028,-0.03597,0.04659,0.00454,1,1,0.051,0.105,in_circle,0.0170,0.1410,0.0000,0.0000,0
117.909,1,2570,-0.00954,0.00169,0.0000,-0.0027,-0.03288,0.04598,0.00464,1,1,0.043,0.163,in_circle,0.0170,0.1410,0.0000,0.0000,0
117.954,1,2571,-0.00933,0.00188,0.0047,0.0040,-0.03079,0.04560,0.00440,1,1,0.021,0.162,in_circle,0.0170,0.1410,0.0000,0.0000,0
117.998,1,2572,-0.00993,0.00201,-0.0135,0.0031,-0.03152,0.04585,0.00452,1,1,0.002,0.135,in_circle,0.0170,0.1410,0.0000,0.0000,0
118.041,1,2573,-0.00908,0.00201,0.0202,-0.0001,-0.03071,0.04379,0.00419,1,1,0.077,0.139,in_circle,0.0170,0.1410,0.0000,0.0000,0
118.086,1,2574,-0.00866,0.00236,0.0092,0.0077,-0.03076,0.04513,0.00374,1,1,-0.060,0.151,in_circle,0.0170,0.1410,0.0000,0.0000,0
118.130,1,2575,-0.00920,0.00193,-0.0125,-0.0097,-0.03152,0.04787,0.00430,1,1,-0.018,0.119,in_circle,0.0170,0.1410,0.0000,0.0000,0
118.175,1,2576,-0.00923,0.00171,-0.0005,-0.0050,-0.03142,0.04348,0.00452,1,1,0.070,0.190,in_circle,0.0170,0.1410,0.0000,0.0000,0
118.217,1,2577,-0.00937,0.00169,-0.0035,-0.0005,-0.03328,0.04220,0.00459,1,1,0.023,0.172,in_circle,0.0170,0.1410,0.0000,0.0000,0
118.262,1,2578,-0.00977,0.00172,-0.0088,0.0009,-0.03302,0.04575,0.00471,1,1,0.035,0.154,in_circle,0.0170,0.1410,0.0000,0.0000,0
118.305,1,2579,-0.00940,0.00167,0.0086,-0.0012,-0.03336,0.04461,0.00461,1,1,0.057,0.148,in_circle,0.0170,0.1410,0.0000,0.0000,0
118.350,1,2580,-0.00943,0.00174,-0.0006,0.0015,-0.03302,0.04575,0.00456,1,1,-0.013,0.156,in_circle,0.0170,0.1410,0.0000,0.0000,0
118.393,1,2581,-0.00920,0.00193,0.0054,0.0043,-0.03306,0.04508,0.00430,1,1,0.024,0.146,in_circle,0.0170,0.1410,0.0000,0.0000,0
118.438,1,2582,-0.00933,0.00177,-0.0029,-0.0036,-0.03231,0.04527,0.00450,1,1,-0.001,0.134,in_circle,0.0170,0.1410,0.0000,0.0000,0
118.481,1,2583,-0.00932,0.00219,0.0001,0.0098,-0.03192,0.04551,0.00410,1,1,0.032,0.166,in_circle,0.0170,0.1410,0.0000,0.0000,0
118.526,1,2584,-0.00928,0.00176,0.0009,-0.0096,-0.03241,0.04433,0.00449,1,1,0.020,0.111,in_circle,0.0170,0.1410,0.0000,0.0000,0
118.570,1,2585,-0.00957,0.00186,-0.0065,0.0023,-0.03151,0.04618,0.00450,1,1,0.017,0.190,in_circle,0.0170,0.1410,0.0000,0.0000,0
118.614,1,2586,-0.00959,0.00192,-0.0004,0.0014,-0.03064,0.04528,0.00445,1,1,0.048,0.142,in_circle,0.0170,0.1410,0.0000,0.0000,0
118.657,1,2587,-0.00968,0.00163,-0.0022,-0.0067,-0.03354,0.04421,0.00476,1,1,0.023,0.146,in_circle,0.0170,0.1410,0.0000,0.0000,0
118.702,1,2588,-0.00965,0.00187,0.0007,0.0053,-0.03118,0.04543,0.00453,1,1,0.030,0.179,in_circle,0.0170,0.1410,0.0000,0.0000,0
118.745,1,2589,-0.00967,0.00160,-0.0004,-0.0061,-0.03293,0.04614,0.00478,1,1,0.019,0.130,in_circle,0.0170,0.1410,0.0000,0.0000,0
118.790,1,2590,-0.00970,0.00205,-0.0008,0.0100,-0.03282,0.04516,0.00438,1,1,0.023,0.176,in_circle,0.0170,0.1410,0.0000,0.0000,0
118.832,1,2591,-0.00889,0.00161,0.0190,-0.0105,-0.03134,0.04451,0.00453,1,1,0.025,0.111,in_circle,0.0170,0.1410,0.0000,0.0000,0
118.878,1,2592,-0.00962,0.00202,-0.0159,0.0090,-0.03111,0.04473,0.00438,1,1,-0.056,0.194,in_circle,0.0170,0.1410,0.0000,0.0000,0
118.966,1,2593,-0.00948,0.00150,0.0016,-0.0059,-0.03422,0.04515,0.00480,1,1,0.085,0.115,in_circle,0.0170,0.1410,0.0000,0.0000,0
119.010,1,2594,-0.00874,0.00175,0.0170,0.0056,-0.03270,0.04469,0.00435,1,1,0.015,0.176,in_circle,0.0170,0.1410,0.0000,0.0000,0
119.055,1,2595,-0.00937,0.00187,-0.0139,0.0026,-0.02835,0.04675,0.00442,1,1,-0.049,0.129,in_circle,0.0170,0.1410,0.0000,0.0000,0
119.097,1,2596,-0.00927,0.00172,0.0022,-0.0035,-0.03042,0.04751,0.00453,1,1,0.076,0.141,in_circle,0.0170,0.1410,0.0000,0.0000,0
119.141,1,2597,-0.00934,0.00189,-0.0016,0.0040,-0.03034,0.04552,0.00439,1,1,0.012,0.166,in_circle,0.0170,0.1410,0.0000,0.0000,0
119.187,1,2598,-0.00970,0.00182,-0.0080,-0.0015,-0.02995,0.04840,0.00459,1,1,0.027,0.135,in_circle,0.0170,0.1410,0.0000,0.0000,0
119.229,1,2599,-0.00962,0.00169,0.0019,-0.0033,-0.02989,0.04812,0.00468,1,1,0.054,0.158,in_circle,0.0170,0.1410,0.0000,0.0000,0
119.274,1,2600,-0.00923,0.00138,0.0085,-0.0067,-0.03094,0.04915,0.00484,1,1,0.014,0.165,in_circle,0.0170,0.1410,0.0000,0.0000,0
119.318,1,2601,-0.00948,0.00186,-0.0056,0.0109,-0.03013,0.04838,0.00447,1,1,-0.014,0.179,in_circle,0.0170,0.1410,0.0000,0.0000,0
119.362,1,2602,-0.00957,0.00201,-0.0021,0.0034,-0.03098,0.04894,0.00437,1,1,0.044,0.108,in_circle,0.0170,0.1410,0.0000,0.0000,0
119.405,1,2603,-0.00944,0.00197,0.0030,-0.0008,-0.03219,0.04773,0.00435,1,1,0.030,0.137,in_circle,0.0170,0.1410,0.0000,0.0000,0
119.450,1,2604,-0.00894,0.00214,0.0113,0.0036,-0.03084,0.04608,0.00403,1,1,0.009,0.154,in_circle,0.0170,0.1410,0.0000,0.0000,0
119.494,1,2605,-0.00973,0.00195,-0.0181,-0.0041,-0.03083,0.04752,0.00448,1,1,-0.025,0.136,in_circle,0.0170,0.1410,0.0000,0.0000,0
119.537,1,2606,-0.00910,0.00158,0.0145,-0.0087,-0.03119,0.04694,0.00461,1,1,0.094,0.168,in_circle,0.0170,0.1410,0.0000,0.0000,0
119.582,1,2607,-0.00902,0.00174,0.0019,0.0036,-0.03138,0.04680,0.00443,1,1,-0.038,0.187,in_circle,0.0170,0.1410,0.0000,0.0000,0
119.626,1,2608,-0.00884,0.00191,0.0040,0.0039,-0.03366,0.04757,0.00422,1,1,0.012,0.137,in_circle,0.0170,0.1410,0.0000,0.0000,0
119.670,1,2609,-0.00885,0.00234,-0.0001,0.0096,-0.03610,0.04724,0.00381,1,1,0.004,0.136,in_circle,0.0170,0.1410,0.0000,0.0000,0
119.713,1,2610,-0.00890,0.00215,-0.0014,-0.0046,-0.03505,0.04700,0.00401,1,1,0.020,0.112,in_circle,0.0170,0.1410,0.0000,0.0000,0
119.758,1,2611,-0.00972,0.00198,-0.0178,-0.0037,-0.03529,0.04527,0.00445,1,1,0.025,0.169,in_circle,0.0170,0.1410,0.0000,0.0000,0
119.801,1,2612,-0.00954,0.00150,0.0042,-0.0114,-0.03257,0.04403,0.00483,1,1,0.093,0.166,in_circle,0.0170,0.1410,0.0000,0.0000,0
119.846,1,2613,-0.00943,0.00198,0.0025,0.0105,-0.03363,0.04705,0.00434,1,1,0.005,0.198,in_circle,0.0170,0.1410,0.0000,0.0000,0
119.889,1,2614,-0.00980,0.00193,-0.0089,-0.0012,-0.03293,0.04678,0.00454,1,1,0.011,0.109,in_circle,0.0170,0.1410,0.0000,0.0000,0
119.934,1,2615,-0.00973,0.00182,0.0017,-0.0023,-0.03477,0.04591,0.00460,1,1,0.058,0.156,in_circle,0.0170,0.1410,0.0000,0.0000,0
119.979,1,2616,-0.00933,0.00173,0.0088,-0.0020,-0.03001,0.04449,0.00453,1,1,0.015,0.161,in_circle,0.0170,0.1410,0.0000,0.0000,0
120.023,1,2617,-0.00970,0.00159,-0.0085,-0.0032,-0.03329,0.04673,0.00480,1,1,-0.015,0.160,in_circle,0.0170,0.1410,0.0000,0.0000,0
120.065,1,2618,-0.00928,0.00181,0.0100,0.0052,-0.03100,0.04525,0.00445,1,1,0.056,0.165,in_circle,0.0170,0.1410,0.0000,0.0000,0
120.111,1,2619,-0.00974,0.00168,-0.0100,-0.0028,-0.03187,0.04487,0.00474,1,1,-0.019,0.131,in_circle,0.0170,0.1410,0.0000,0.0000,0
120.153,1,2620,-0.00907,0.00224,0.0160,0.0133,-0.03164,0.04422,0.00397,1,1,0.062,0.163,in_circle,0.0170,0.1410,0.0000,0.0000,0
120.198,1,2621,-0.00970,0.00180,-0.0140,-0.0098,-0.03132,0.04514,0.00461,1,1,-0.044,0.097,in_circle,0.0170,0.1410,0.0000,0.0000,0
120.243,1,2622,-0.00940,0.00189,0.0067,0.0019,-0.03256,0.04593,0.00441,1,1,0.078,0.191,in_circle,0.0170,0.1410,0.0000,0.0000,0
120.285,1,2623,-0.00983,0.00204,-0.0102,0.0036,-0.03087,0.04512,0.00445,1,1,-0.006,0.144,in_circle,0.0170,0.1410,0.0000,0.0000,0
120.329,1,2624,-0.00937,0.00189,0.0105,-0.0035,-0.03454,0.04623,0.00440,1,1,0.063,0.136,in_circle,0.0170,0.1410,0.0000,0.0000,0
120.374,1,2625,-0.00953,0.00144,-0.0034,-0.0100,-0.03276,0.04429,0.00488,1,1,-0.021,0.165,in_circle,0.0170,0.1410,0.0000,0.0000,0
120.418,1,2626,-0.00931,0.00202,0.0049,0.0134,-0.03269,0.04640,0.00425,1,1,0.035,0.192,in_circle,0.0170,0.1410,0.0000,0.0000,0
120.462,1,2627,-0.00982,0.00210,-0.0117,0.0017,-0.03330,0.04531,0.00440,1,1,0.001,0.097,in_circle,0.0170,0.1410,0.0000,0.0000,0
120.505,1,2628,-0.00956,0.00170,0.0062,-0.0093,-0.03244,0.04511,0.00465,1,1,0.069,0.144,in_circle,0.0170,0.1410,0.0000,0.0000,0
120.549,1,2629,-0.00920,0.00178,0.0081,0.0019,-0.03074,0.04478,0.00445,1,1,-0.003,0.189,in_circle,0.0170,0.1410,0.0000,0.0000,0
120.593,1,2630,-0.00936,0.00233,-0.0037,0.0125,-0.03150,0.04666,0.00399,1,1,-0.012,0.144,in_circle,0.0170,0.1410,0.0000,0.0000,0
120.638,1,2631,-0.00934,0.00185,0.0005,-0.0106,-0.03144,0.04604,0.00442,1,1,0.036,0.100,in_circle,0.0170,0.1410,0.0000,0.0000,0
120.681,1,2632,-0.00988,0.00187,-0.0125,0.0004,-0.03238,0.04442,0.00463,1,1,0.019,0.194,in_circle,0.0170,0.1410,0.0000,0.0000,0
120.726,1,2633,-0.00939,0.00154,0.0111,-0.0073,-0.03153,0.04622,0.00473,1,1,0.072,0.150,in_circle,0.0170,0.1410,0.0000,0.0000,0
120.769,1,2634,-0.00954,0.00171,-0.0036,0.0041,-0.03356,0.04514,0.00463,1,1,-0.023,0.181,in_circle,0.0170,0.1410,0.0000,0.0000,0
120.814,1,2635,-0.00911,0.00170,0.0095,-0.0004,-0.03190,0.04801,0.00450,1,1,0.036,0.135,in_circle,0.0170,0.1410,0.0000,0.0000,0
120.857,1,2636,-0.00977,0.00182,-0.0154,0.0028,-0.03324,0.04518,0.00462,1,1,-0.018,0.153,in_circle,0.0170,0.1410,0.0000,0.0000,0
120.902,1,2637,-0.00946,0.00202,0.0067,0.0045,-0.03174,0.04490,0.00431,1,1,0.083,0.140,in_circle,0.0170,0.1410,0.0000,0.0000,0
120.989,1,2638,-0.00953,0.00220,-0.0008,0.0020,-0.03257,0.04856,0.00418,1,1,-0.006,0.133,in_circle,0.0170,0.1410,0.0000,0.0000,0
121.034,1,2639,-0.00897,0.00192,0.0125,-0.0061,-0.03130,0.04819,0.00424,1,1,0.025,0.142,in_circle,0.0170,0.1410,0.0000,0.0000,0
121.078,1,2640,-0.00964,0.00175,-0.0152,-0.0040,-0.03259,0.04807,0.00464,1,1,-0.030,0.176,in_circle,0.0170,0.1410,0.0000,0.0000,0
121.122,1,2641,-0.00948,0.00193,0.0036,0.0042,-0.03256,0.04667,0.00441,1,1,0.082,0.168,in_circle,0.0170,0.1410,0.0000,0.0000,0
121.166,1,2642,-0.00910,0.00191,0.0087,-0.0004,-0.03314,0.04589,0.00429,1,1,0.007,0.134,in_circle,0.0170,0.1410,0.0000,0.0000,0
121.210,1,2643,-0.00918,0.00225,-0.0019,0.0078,-0.03176,0.04658,0.00399,1,1,-0.015,0.153,in_circle,0.0170,0.1410,0.0000,0.0000,0
121.254,1,2644,-0.00934,0.00197,-0.0036,-0.0065,-0.03222,0.04692,0.00432,1,1,0.028,0.119,in_circle,0.0170,0.1410,0.0000,0.0000,0
121.298,1,2645,-0.00996,0.00208,-0.0140,0.0026,-0.03204,0.04563,0.00447,1,1,0.035,0.177,in_circle,0.0170,0.1410,0.0000,0.0000,0
121.342,1,2646,-0.00946,0.00178,0.0115,-0.0070,-0.03111,0.04473,0.00453,1,1,0.078,0.140,in_circle,0.0170,0.1410,0.0000,0.0000,0
121.386,1,2647,-0.00946,0.00182,-0.0000,0.0008,-0.03080,0.04527,0.00450,1,1,-0.025,0.179,in_circle,0.0170,0.1410,0.0000,0.0000,0
121.429,1,2648,-0.00957,0.00211,-0.0024,0.0066,-0.03182,0.04622,0.00428,1,1,0.021,0.148,in_circle,0.0170,0.1410,0.0000,0.0000,0
121.473,1,2649,-0.00971,0.00178,-0.0033,-0.0075,-0.03283,0.04376,0.00463,1,1,0.031,0.124,in_circle,0.0170,0.1410,0.0000,0.0000,0
121.518,1,2650,-0.00965,0.00191,0.0013,0.0028,-0.03200,0.04616,0.00449,1,1,0.035,0.182,in_circle,0.0170,0.1410,0.0000,0.0000,0
121.561,1,2651,-0.00983,0.00161,-0.0041,-0.0069,-0.03224,0.04520,0.00483,1,1,0.017,0.140,in_circle,0.0170,0.1410,0.0000,0.0000,0
121.606,1,2652,-0.00912,0.00210,0.0155,0.0107,-0.03245,0.04613,0.00412,1,1,0.039,0.179,in_circle,0.0170,0.1410,0.0000,0.0000,0
121.650,1,2653,-0.00931,0.00174,-0.0043,-0.0084,-0.03177,0.04423,0.00452,1,1,-0.042,0.108,in_circle,0.0170,0.1410,0.0000,0.0000,0
121.693,1,2654,-0.00930,0.00179,0.0003,0.0012,-0.03227,0.04497,0.00447,1,1,0.038,0.185,in_circle,0.0170,0.1410,0.0000,0.0000,0
121.738,1,2655,-0.00951,0.00180,-0.0046,0.0003,-0.03149,0.04653,0.00453,1,1,0.020,0.147,in_circle,0.0170,0.1410,0.0000,0.0000,0
121.781,1,2656,-0.00926,0.00229,0.0056,0.0113,-0.03302,0.04575,0.00399,1,1,0.040,0.150,in_circle,0.0170,0.1410,0.0000,0.0000,0
121.825,1,2657,-0.00889,0.00225,0.0084,-0.0009,-0.03136,0.04530,0.00391,1,1,-0.002,0.105,in_circle,0.0170,0.1410,0.0000,0.0000,0
121.871,1,2658,-0.00960,0.00193,-0.0155,-0.0070,-0.03284,0.04574,0.00445,1,1,-0.014,0.154,in_circle,0.0170,0.1410,0.0000,0.0000,0
121.914,1,2659,-0.00947,0.00163,0.0030,-0.0068,-0.02856,0.04595,0.00467,1,1,0.083,0.179,in_circle,0.0170,0.1410,0.0000,0.0000,0
121.959,1,2660,-0.00943,0.00209,0.0009,0.0103,-0.02967,0.04527,0.00423,1,1,0.009,0.179,in_circle,0.0170,0.1410,0.0000,0.0000,0
122.001,1,2661,-0.00933,0.00178,0.0022,-0.0074,-0.03048,0.04648,0.00449,1,1,0.018,0.109,in_circle,0.0170,0.1410,0.0000,0.0000,0
122.047,1,2662,-0.00915,0.00217,0.0039,0.0085,-0.03216,0.04737,0.00406,1,1,0.012,0.181,in_circle,0.0170,0.1410,0.0000,0.0000,0
122.089,1,2663,-0.00913,0.00169,0.0005,-0.0117,-0.03172,0.04615,0.00452,1,1,0.005,0.117,in_circle,0.0170,0.1410,0.0000,0.0000,0
122.134,1,2664,-0.00975,0.00183,-0.0136,0.0031,-0.03370,0.04619,0.00461,1,1,0.018,0.198,in_circle,0.0170,0.1410,0.0000,0.0000,0
122.178,1,2665,-0.00900,0.00222,0.0172,0.0091,-0.03151,0.04638,0.00396,1,1,0.077,0.139,in_circle,0.0170,0.1410,0.0000,0.0000,0
122.221,1,2666,-0.00897,0.00180,0.0007,-0.0099,-0.03594,0.04631,0.00436,1,1,-0.049,0.114,in_circle,0.0170,0.1410,0.0000,0.0000,0
122.265,1,2667,-0.00909,0.00222,-0.0028,0.0096,-0.03187,0.04764,0.00400,1,1,0.017,0.191,in_circle,0.0170,0.1410,0.0000,0.0000,0
122.311,1,2668,-0.00966,0.00170,-0.0126,-0.0113,-0.03269,0.04389,0.00469,1,1,0.031,0.112,in_circle,0.0170,0.1410,0.0000,0.0000,0
122.353,1,2669,-0.00959,0.00175,0.0018,0.0013,-0.03365,0.04613,0.00461,1,1,0.072,0.197,in_circle,0.0170,0.1410,0.0000,0.0000,0
122.398,1,2670,-0.00935,0.00178,0.0051,0.0006,-0.03051,0.04461,0.00450,1,1,0.014,0.147,in_circle,0.0170,0.1410,0.0000,0.0000,0
122.441,1,2671,-0.00936,0.00165,-0.0001,-0.0029,-0.03423,0.04573,0.00462,1,1,0.001,0.149,in_circle,0.0170,0.1410,0.0000,0.0000,0
122.487,1,2672,-0.00899,0.00111,0.0081,-0.0118,-0.03176,0.04658,0.00503,1,1,0.021,0.163,in_circle,0.0170,0.1410,0.0000,0.0000,0
122.529,1,2673,-0.00919,0.00216,-0.0049,0.0248,-0.03315,0.04530,0.00408,1,1,0.040,0.415,in_circle,0.0170,0.1410,0.0521,0.2142,1
122.575,1,2674,-0.00885,0.00178,0.0075,-0.0083,-0.03503,0.04644,0.00435,1,1,0.101,0.289,in_circle,0.0170,0.1410,0.0607,0.2380,1
122.618,1,2675,-0.00960,0.00147,-0.0171,-0.0071,-0.05627,0.04626,0.00487,1,1,0.057,0.449,in_circle,0.0170,0.1410,0.0673,0.2645,1
122.662,1,2676,-0.00929,0.00240,0.0072,0.0216,-0.06342,0.04847,0.00389,1,1,0.167,0.470,in_circle,0.0170,0.1410,0.0771,0.2891,1
122.706,1,2677,-0.00881,0.00366,0.0107,0.0281,-0.06671,0.04626,0.00255,1,1,0.079,0.376,in_circle,0.0170,0.1410,0.0869,0.3128,1
122.749,1,2678,-0.00926,0.00370,-0.0104,0.0009,-0.07911,0.04704,0.00272,1,1,0.074,0.372,in_circle,0.0170,0.1410,0.0976,0.3375,1
122.793,1,2679,-0.00859,0.00470,0.0153,0.0231,-0.07050,0.05127,0.00152,1,1,0.174,0.502,in_circle,0.0170,0.1410,0.1114,0.3593,1
122.838,1,2680,-0.00761,0.00522,0.0218,0.0114,-0.06665,0.05209,0.00080,1,1,-0.042,0.052,in_circle,0.0171,0.1410,0.0000,0.0000,0
122.881,1,2681,-0.00725,0.00659,0.0084,0.0320,-0.07086,0.05348,0.00081,1,1,-0.071,0.097,in_circle,0.0171,0.1410,0.0000,0.0000,0
122.926,1,2682,-0.00724,0.00882,0.0002,0.0489,-0.04690,0.05488,0.00287,1,1,-0.018,0.012,in_circle,0.0170,0.1410,0.0000,0.0000,0
123.014,1,2683,-0.00520,0.01271,0.0232,0.0445,-0.01766,0.04805,0.00720,1,1,0.015,-0.062,in_circle,0.0170,0.1408,0.0000,0.0000,0
123.057,1,2684,-0.00413,0.01444,0.0250,0.0401,-0.01388,0.05020,0.00920,1,1,-0.082,-0.054,in_circle,0.0169,0.1405,0.0000,0.0000,0
123.102,1,2685,-0.00358,0.01615,0.0121,0.0378,0.00042,0.04887,0.01099,1,1,-0.092,-0.041,in_circle,0.0167,0.1401,0.0000,0.0000,0
123.145,1,2686,-0.00294,0.01729,0.0149,0.0268,0.00581,0.04811,0.01229,1,1,-0.043,-0.037,in_circle,0.0165,0.1397,0.0000,0.0000,0
123.191,1,2687,-0.00274,0.01824,0.0045,0.0205,-0.00039,0.04355,0.01325,1,1,-0.055,0.004,in_circle,0.0163,0.1392,0.0000,0.0000,0
123.233,1,2688,-0.00180,0.01884,0.0221,0.0140,-0.00164,0.04226,0.01417,1,1,-0.014,0.026,in_circle,0.0161,0.1386,0.0000,0.0000,0
123.278,1,2689,-0.00143,0.01959,0.0082,0.0167,-0.00867,0.04092,0.01501,1,1,-0.088,0.050,in_circle,0.0158,0.1381,0.0000,0.0000,0
123.322,1,2690,-0.00122,0.01995,0.0049,0.0082,-0.01372,0.03899,0.01542,1,1,-0.033,0.037,in_circle,0.0155,0.1375,0.0000,0.0000,0
123.365,1,2691,-0.00073,0.02013,0.0114,0.0043,-0.02046,0.03649,0.01580,1,1,-0.021,0.069,in_circle,0.0153,0.1368,0.0000,0.0000,0
123.410,1,2692,-0.00057,0.02028,0.0034,0.0033,-0.02468,0.03697,0.01601,1,1,-0.048,0.084,in_circle,0.0150,0.1362,0.0000,0.0000,0
123.453,1,2693,-0.00136,0.02092,-0.0184,0.0150,-0.02829,0.03542,0.01625,1,1,-0.017,0.087,in_circle,0.0146,0.1356,0.0000,0.0000,0
123.498,1,2694,-0.00167,0.02242,-0.0069,0.0330,-0.03336,0.03429,0.01752,1,1,0.072,0.038,in_circle,0.0144,0.1350,0.0000,0.0000,0
123.541,1,2695,-0.00195,0.02315,-0.0066,0.0172,-0.03602,0.03463,0.01812,1,1,0.026,-0.039,in_circle,0.0141,0.1342,0.0000,0.0000,0
123.586,1,2696,-0.00265,0.02470,-0.0157,0.0345,-0.03295,0.03701,0.01940,1,1,0.026,0.022,in_circle,0.0138,0.1335,0.0000,0.0000,0
123.629,1,2697,-0.00295,0.02657,-0.0068,0.0434,-0.02554,0.04061,0.02113,1,1,0.064,-0.052,in_circle,0.0136,0.1326,0.0000,0.0000,0
123.674,1,2698,-0.00363,0.02851,-0.0153,0.0432,-0.02387,0.03925,0.02289,1,1,0.028,-0.093,in_circle,0.0134,0.1318,0.0000,0.0000,0
123.718,1,2699,-0.00367,0.03068,-0.0007,0.0494,-0.01621,0.04509,0.02503,1,1,0.064,-0.098,in_circle,0.0132,0.1307,0.0000,0.0000,0
123.762,1,2700,-0.00375,0.03280,-0.0018,0.0482,-0.00495,0.04772,0.02711,1,1,0.006,-0.130,in_circle,0.0130,0.1297,0.0000,0.0000,0
123.805,1,2701,-0.00374,0.03465,0.0002,0.0426,-0.00196,0.04795,0.02893,1,1,0.010,-0.131,in_circle,0.0128,0.1285,0.0000,0.0000,0
123.849,1,2702,-0.00331,0.03645,0.0096,0.0409,0.00156,0.04999,0.03078,1,1,0.002,-0.115,in_circle,0.0127,0.1272,0.0000,0.0000,0
123.894,1,2703,-0.00315,0.03780,0.0036,0.0302,0.00156,0.04880,0.03214,1,1,-0.037,-0.114,in_circle,0.0125,0.1259,0.0000,0.0000,0
123.938,1,2704,-0.00248,0.03882,0.0153,0.0231,0.00162,0.05024,0.03324,1,1,-0.014,-0.076,in_circle,0.0123,0.1245,0.0000,0.0000,0
123.982,1,2705,-0.00195,0.03955,0.0121,0.0168,0.00012,0.04875,0.03406,1,1,-0.063,-0.051,in_circle,0.0120,0.1230,0.0000,0.0000,0
124.032,1,2706,-0.00162,0.03989,0.0065,0.0066,-0.00646,0.04926,0.03445,1,1,-0.051,-0.030,in_circle,0.0118,0.1216,0.0000,0.0000,0
124.072,1,2707,-0.00044,0.03979,0.0301,-0.0026,-0.01573,0.04688,0.03458,1,1,-0.030,0.009,in_circle,0.0115,0.1198,0.0000,0.0000,0
124.114,1,2708,0.00014,0.03982,0.0137,0.0008,-0.01573,0.04381,0.03474,1,1,-0.128,0.045,in_circle,0.0112,0.1185,0.0000,0.0000,0
124.159,1,2709,0.00051,0.03943,0.0082,-0.0087,-0.02068,0.04190,0.03445,1,1,-0.064,0.029,in_circle,0.0108,0.1171,0.0000,0.0000,0
124.202,1,2710,0.00128,0.03963,0.0179,0.0046,-0.02946,0.03907,0.03483,1,1,-0.043,0.067,in_circle,0.0105,0.1156,0.0000,0.0000,0
124.247,1,2711,0.00169,0.03985,0.0093,0.0049,-0.02925,0.03495,0.03515,1,1,-0.084,0.012,in_circle,0.0101,0.1141,0.0000,0.0000,0
124.290,1,2712,0.00183,0.04070,0.0032,0.0196,-0.03103,0.03611,0.03601,1,1,-0.051,0.008,in_circle,0.0096,0.1126,0.0000,0.0000,0
124.336,1,2713,0.00137,0.04147,-0.0101,0.0170,-0.02907,0.03514,0.03664,1,1,-0.028,-0.054,in_circle,0.0092,0.1111,0.0000,0.0000,0
124.378,1,2714,0.00055,0.04165,-0.0197,0.0042,-0.02815,0.03621,0.03661,1,1,0.026,-0.047,in_circle,0.0088,0.1095,0.0000,0.0000,0
124.421,1,2715,0.00006,0.04222,-0.0112,0.0132,-0.02020,0.03578,0.03706,1,1,0.066,0.002,in_circle,0.0085,0.1080,0.0000,0.0000,0
124.465,1,2716,-0.00055,0.04328,-0.0139,0.0241,-0.01406,0.03670,0.03798,1,1,0.033,-0.037,in_circle,0.0081,0.1064,0.0000,0.0000,0
124.510,1,2717,-0.00100,0.04404,-0.0098,0.0168,-0.01686,0.04228,0.03865,1,1,0.045,-0.085,in_circle,0.0078,0.1048,0.0000,0.0000,0
124.554,1,2718,-0.00154,0.04508,-0.0126,0.0239,-0.01589,0.04540,0.03958,1,1,0.030,-0.059,in_circle,0.0075,0.1031,0.0000,0.0000,0
124.597,1,2719,-0.00213,0.04464,-0.0134,-0.0101,-0.01447,0.04817,0.03905,1,1,0.042,-0.092,in_circle,0.0072,0.1014,0.0000,0.0000,0
124.643,1,2720,-0.00238,0.04459,-0.0055,-0.0011,-0.01321,0.04894,0.03897,1,1,0.047,0.044,in_circle,0.0070,0.0997,0.0000,0.0000,0
124.685,1,2721,-0.00268,0.04459,-0.0073,-0.0000,-0.01240,0.04699,0.03893,1,1,0.015,0.006,in_circle,0.0067,0.0979,0.0000,0.0000,0
124.729,1,2722,-0.00256,0.04403,0.0027,-0.0124,-0.01782,0.04704,0.03839,1,1,0.023,-0.000,in_circle,0.0065,0.0963,0.0000,0.0000,0
124.774,1,2723,-0.00287,0.04376,-0.0069,-0.0062,-0.01700,0.04718,0.03808,1,1,-0.018,0.049,in_circle,0.0063,0.0946,0.0000,0.0000,0
124.818,1,2724,-0.00264,0.04335,0.0054,-0.0094,-0.01729,0.04756,0.03770,1,1,0.021,0.023,in_circle,0.0061,0.0929,0.0000,0.0000,0
124.861,1,2725,-0.00275,0.04362,-0.0025,0.0062,-0.01842,0.04540,0.03795,1,1,-0.029,0.036,in_circle,0.0058,0.0913,0.0000,0.0000,0
124.906,1,2726,-0.00281,0.04429,-0.0014,0.0152,-0.01850,0.04611,0.03862,1,1,0.003,-0.029,in_circle,0.0056,0.0897,0.0000,0.0000,0
124.949,1,2727,-0.00283,0.04437,-0.0004,0.0019,-0.01993,0.04397,0.03869,1,1,-0.001,-0.068,in_circle,0.0054,0.0879,0.0000,0.0000,0
125.038,1,2728,-0.00284,0.04432,-0.0001,-0.0007,-0.01755,0.04556,0.03864,1,1,-0.006,-0.019,in_circle,0.0049,0.0844,0.0000,0.0000,0
125.082,1,2729,-0.00264,0.04425,0.0046,-0.0014,-0.01665,0.04596,0.03860,1,1,-0.007,-0.010,in_circle,0.0047,0.0829,0.0000,0.0000,0
125.127,1,2730,-0.00289,0.04397,-0.0057,-0.0064,-0.01757,0.04604,0.03828,1,1,-0.027,-0.009,in_circle,0.0045,0.0812,0.0000,0.0000,0
125.171,1,2731,-0.00246,0.04431,0.0097,0.0077,-0.01720,0.04601,0.03868,1,1,0.015,0.010,in_circle,0.0043,0.0795,0.0000,0.0000,0
125.214,1,2732,-0.00263,0.04417,-0.0038,-0.0032,-0.01757,0.04604,0.03852,1,1,-0.048,-0.049,in_circle,0.0040,0.0778,0.0000,0.0000,0
125.259,1,2733,-0.00286,0.04420,-0.0052,0.0007,-0.01819,0.04422,0.03852,1,1,0.006,-0.007,in_circle,0.0038,0.0762,0.0000,0.0000,0
125.303,1,2734,-0.00258,0.04396,0.0065,-0.0055,-0.01645,0.04482,0.03832,1,1,-0.017,-0.246,in_circle,0.0038,0.0762,-0.0289,-0.2238,1
125.346,1,2735,-0.00288,0.04429,-0.0070,0.0076,-0.01596,0.04540,0.03861,1,1,-0.068,-0.247,in_circle,0.0038,0.0762,-0.0325,-0.2499,1
125.390,1,2736,-0.00306,0.04387,-0.0041,-0.0095,0.00428,0.04634,0.03817,1,1,-0.016,-0.326,in_circle,0.0038,0.0762,-0.0358,-0.2756,1
125.434,1,2737,-0.00301,0.04336,0.0013,-0.0118,0.01764,0.04312,0.03767,1,1,-0.031,-0.282,in_circle,0.0038,0.0762,-0.0391,-0.3018,1
125.478,1,2738,-0.00279,0.04238,0.0050,-0.0222,0.02224,0.04200,0.03673,1,1,-0.056,-0.298,in_circle,0.0038,0.0762,-0.0424,-0.3278,1
125.521,1,2739,-0.00258,0.04094,0.0049,-0.0336,0.02254,0.04273,0.03533,1,1,-0.075,-0.280,in_circle,0.0038,0.0762,-0.0460,-0.3540,1
125.566,1,2740,-0.00297,0.03830,-0.0087,-0.0585,0.02114,0.04102,0.03266,1,1,-0.029,0.122,in_circle,0.0036,0.0747,0.0000,0.0000,0
125.609,1,2741,-0.00304,0.03634,-0.0016,-0.0455,0.01402,0.03956,0.03071,1,1,0.026,0.226,in_circle,0.0034,0.0732,0.0000,0.0000,0
125.655,1,2742,-0.00276,0.03413,0.0061,-0.0484,-0.01296,0.03919,0.02858,1,1,-0.002,0.178,in_circle,0.0032,0.0719,0.0000,0.0000,0
125.697,1,2743,-0.00217,0.03217,0.0138,-0.0466,-0.04981,0.04078,0.02677,1,1,-0.034,0.194,in_circle,0.0029,0.0706,0.0000,0.0000,0
125.742,1,2744,-0.00181,0.03020,0.0080,-0.0435,-0.05365,0.03938,0.02493,1,1,-0.067,0.191,in_circle,0.0027,0.0695,0.0000,0.0000,0
125.785,1,2745,-0.00157,0.02951,0.0055,-0.0160,-0.05124,0.04079,0.02432,1,1,-0.045,0.182,in_circle,0.0024,0.0684,0.0000,0.0000,0
125.830,1,2746,-0.00064,0.02912,0.0209,-0.0087,-0.05365,0.03984,0.02420,1,1,-0.036,0.073,in_circle,0.0022,0.0674,0.0000,0.0000,0
125.874,1,2747,-0.00078,0.02900,-0.0030,-0.0027,-0.04640,0.04037,0.02405,1,1,-0.100,0.043,in_circle,0.0019,0.0664,0.0000,0.0000,0
125.918,1,2748,-0.00010,0.02895,0.0155,-0.0012,-0.03448,0.03929,0.02421,1,1,-0.004,0.019,in_circle,0.0015,0.0654,0.0000,0.0000,0
125.962,1,2749,0.00006,0.02994,0.0036,0.0228,-0.01975,0.03787,0.02520,1,1,-0.080,0.012,in_circle,0.0012,0.0644,0.0000,0.0000,0
126.007,1,2750,0.00052,0.02982,0.0104,-0.0027,-0.01211,0.03894,0.02523,1,1,-0.033,-0.088,in_circle,0.0009,0.0633,0.0000,0.0000,0
126.049,1,2751,0.00126,0.02911,0.0175,-0.0168,-0.00909,0.03699,0.02483,1,1,-0.062,0.013,in_circle,0.0005,0.0622,0.0000,0.0000,0
126.094,1,2752,0.00127,0.02827,0.0002,-0.0185,0.00007,0.03707,0.02405,1,1,-0.092,0.071,in_circle,0.0001,0.0613,0.0000,0.0000,0
126.138,1,2753,0.00223,0.02770,0.0217,-0.0130,-0.00524,0.03777,0.02390,1,1,-0.024,0.079,in_circle,-0.0003,0.0603,0.0000,0.0000,0
126.182,1,2754,0.00315,0.02777,0.0211,0.0017,-0.01408,0.03715,0.02437,1,1,-0.113,0.057,in_circle,-0.0008,0.0593,0.0000,0.0000,0
126.227,1,2755,0.00343,0.02777,0.0062,-0.0001,-0.01705,0.03705,0.02449,1,1,-0.113,-0.003,in_circle,-0.0012,0.0584,0.0000,0.0000,0
126.271,1,2756,0.00410,0.02754,0.0155,-0.0052,-0.01754,0.03503,0.02461,1,1,-0.055,0.003,in_circle,-0.0017,0.0574,0.0000,0.0000,0
126.315,1,2757,0.00434,0.02793,0.0053,0.0087,-0.01617,0.03525,0.02506,1,1,-0.094,0.023,in_circle,-0.0023,0.0564,0.0000,0.0000,0
126.357,1,2758,0.00485,0.02836,0.0122,0.0103,-0.01752,0.03530,0.02569,1,1,-0.054,-0.034,in_circle,-0.0028,0.0555,0.0000,0.0000,0
126.401,1,2759,0.00490,0.02917,0.0010,0.0184,-0.01641,0.03496,0.02642,1,1,-0.084,-0.042,in_circle,-0.0033,0.0545,0.0000,0.0000,0
126.446,1,2760,0.00494,0.02891,0.0009,-0.0056,-0.01721,0.03572,0.02622,1,1,-0.040,-0.078,in_circle,-0.0039,0.0535,0.0000,0.0000,0
126.490,1,2761,0.00424,0.02913,-0.0157,0.0049,-0.01589,0.03558,0.02608,1,1,-0.040,0.018,in_circle,-0.0045,0.0525,0.0000,0.0000,0
126.534,1,2762,0.00452,0.02919,0.0063,0.0014,-0.01460,0.03666,0.02626,1,1,0.028,-0.026,in_circle,-0.0050,0.0514,0.0000,0.0000,0
126.577,1,2763,0.00496,0.02888,0.0104,-0.0073,-0.01730,0.03603,0.02620,1,1,-0.062,-0.013,in_circle,-0.0055,0.0504,0.0000,0.0000,0
126.623,1,2764,0.00509,0.02864,0.0028,-0.0053,-0.01742,0.03961,0.02605,1,1,-0.079,0.021,in_circle,-0.0061,0.0495,0.0000,0.0000,0
126.665,1,2765,0.00429,0.02806,-0.0190,-0.0135,-0.01834,0.04104,0.02516,1,1,-0.050,0.013,in_circle,-0.0067,0.0484,0.0000,0.0000,0
126.710,1,2766,0.00442,0.02832,0.0030,0.0056,-0.01866,0.04061,0.02545,1,1,0.039,0.046,in_circle,-0.0072,0.0475,0.0000,0.0000,0
126.753,1,2767,0.00415,0.02825,-0.0063,-0.0016,-0.01938,0.04033,0.02526,1,1,-0.050,-0.032,in_circle,-0.0077,0.0465,0.0000,0.0000,0
126.798,1,2768,0.00398,0.02863,-0.0040,0.0085,-0.02187,0.04158,0.02551,1,1,-0.013,-0.004,in_circle,-0.0082,0.0455,0.0000,0.0000,0
126.841,1,2769,0.00401,0.02855,0.0009,-0.0018,-0.01983,0.04263,0.02546,1,1,-0.022,-0.046,in_circle,-0.0088,0.0445,0.0000,0.0000,0
126.886,1,2770,0.00380,0.02856,-0.0047,0.0003,-0.02079,0.04219,0.02537,1,1,-0.042,-0.006,in_circle,-0.0093,0.0435,0.0000,0.0000,0
126.930,1,2771,0.00415,0.02845,0.0078,-0.0027,-0.01965,0.04181,0.02543,1,1,-0.020,-0.015,in_circle,-0.0098,0.0425,0.0000,0.0000,0
126.974,1,2772,0.00400,0.02882,-0.0034,0.0086,-0.01971,0.04314,0.02569,1,1,-0.172,-0.192,in_circle,-0.0098,0.0425,-0.1006,-0.1891,1
127.062,1,2773,0.00416,0.02844,0.0018,-0.0044,-0.00542,0.04367,0.02543,1,1,-0.152,-0.287,in_circle,-0.0098,0.0425,-0.1258,-0.2376,1
127.105,1,2774,0.00371,0.02774,-0.0106,-0.0163,-0.00065,0.03810,0.02460,1,1,-0.184,-0.255,in_circle,-0.0098,0.0425,-0.1373,-0.2592,1
127.150,1,2775,0.00402,0.02767,0.0068,-0.0016,0.00500,0.03567,0.02468,1,1,-0.146,-0.228,in_circle,-0.0098,0.0425,-0.1493,-0.2819,1
127.194,1,2776,0.00386,0.02738,-0.0036,-0.0066,0.01442,0.03562,0.02435,1,1,-0.229,-0.311,in_circle,-0.0098,0.0425,-0.1623,-0.3058,1
127.239,1,2777,0.00394,0.02677,0.0016,-0.0136,0.01035,0.03459,0.02385,1,1,-0.199,-0.313,in_circle,-0.0098,0.0425,-0.1748,-0.3287,1
127.282,1,2778,0.00297,0.02657,-0.0222,-0.0045,0.01909,0.03203,0.02322,1,1,-0.234,-0.307,in_circle,-0.0098,0.0425,-0.1881,-0.3523,1
127.326,1,2779,0.00237,0.02525,-0.0139,-0.0299,0.01625,0.02303,0.02177,1,1,0.052,0.008,in_circle,-0.0103,0.0416,0.0000,0.0000,0
127.369,1,2780,0.00238,0.02421,0.0003,-0.0241,0.01539,0.01954,0.02087,1,1,0.019,0.112,in_circle,-0.0107,0.0408,0.0000,0.0000,0
127.415,1,2781,0.00120,0.02325,-0.0261,-0.0213,-0.01188,0.02119,0.01946,1,1,-0.038,0.091,in_circle,-0.0112,0.0400,0.0000,0.0000,0
127.457,1,2782,0.00090,0.02240,-0.0072,-0.0202,-0.04301,0.02938,0.01856,1,1,0.070,0.081,in_circle,-0.0116,0.0392,0.0000,0.0000,0
127.502,1,2783,0.00014,0.02208,-0.0166,-0.0071,-0.04910,0.03522,0.01793,1,1,-0.005,0.078,in_circle,-0.0119,0.0385,0.0000,0.0000,0
127.546,1,2784,0.00035,0.02181,0.0046,-0.0061,-0.04197,0.03798,0.01779,1,1,0.034,0.026,in_circle,-0.0123,0.0378,0.0000,0.0000,0
127.590,1,2785,-0.00202,0.02322,-0.0538,0.0319,-0.04187,0.04247,0.01816,1,1,-0.052,0.022,in_circle,-0.0126,0.0371,0.0000,0.0000,0
127.633,1,2786,-0.00213,0.02453,-0.0025,0.0303,-0.03222,0.04861,0.01938,1,1,0.188,-0.134,in_circle,-0.0129,0.0363,0.0000,0.0000,0
127.678,1,2787,-0.00348,0.02616,-0.0301,0.0364,-0.02502,0.04746,0.02062,1,1,-0.017,-0.132,in_circle,-0.0131,0.0355,0.0000,0.0000,0
127.721,1,2788,-0.00428,0.02741,-0.0185,0.0289,-0.00822,0.05297,0.02170,1,1,0.096,-0.161,in_circle,-0.0133,0.0346,0.0000,0.0000,0
127.766,1,2789,-0.00423,0.02940,0.0011,0.0441,0.00848,0.06017,0.02367,1,1,0.052,-0.135,in_circle,-0.0135,0.0337,0.0000,0.0000,0
127.809,1,2790,-0.00431,0.03052,-0.0018,0.0261,0.00887,0.06065,0.02476,1,1,-0.027,-0.202,in_circle,-0.0137,0.0326,0.0000,0.0000,0
127.855,1,2791,-0.00460,0.03134,-0.0065,0.0183,0.00998,0.06029,0.02555,1,1,-0.015,-0.134,in_circle,-0.0138,0.0316,0.0000,0.0000,0
127.897,1,2792,-0.00409,0.03210,0.0122,0.0179,0.00976,0.05962,0.02637,1,1,0.004,-0.106,in_circle,-0.0139,0.0304,0.0000,0.0000,0
127.942,1,2793,-0.00388,0.03248,0.0047,0.0083,0.00488,0.05629,0.02677,1,1,-0.072,-0.108,in_circle,-0.0141,0.0293,0.0000,0.0000,0
127.986,1,2794,-0.00283,0.03290,0.0239,0.0098,-0.00293,0.05615,0.02736,1,1,-0.043,-0.071,in_circle,-0.0143,0.0282,0.0000,0.0000,0
128.030,1,2795,-0.00281,0.03194,0.0004,-0.0221,-0.00706,0.04997,0.02641,1,1,-0.122,-0.079,in_circle,-0.0145,0.0270,0.0000,0.0000,0
128.074,1,2796,-0.00248,0.03154,0.0075,-0.0089,-0.00968,0.04363,0.02609,1,1,-0.029,0.049,in_circle,-0.0147,0.0258,0.0000,0.0000,0
128.119,1,2797,-0.00178,0.03106,0.0157,-0.0107,-0.01257,0.03554,0.02578,1,1,-0.058,-0.004,in_circle,-0.0150,0.0247,0.0000,0.0000,0
128.164,1,2798,-0.00061,0.03105,0.0260,-0.0002,-0.02785,0.03288,0.02606,1,1,-0.093,0.004,in_circle,-0.0152,0.0236,0.0000,0.0000,0
128.208,1,2799,-0.00055,0.03048,0.0013,-0.0131,-0.02990,0.03345,0.02553,1,1,-0.137,-0.040,in_circle,-0.0155,0.0225,0.0000,0.0000,0
128.251,1,2800,-0.00026,0.03053,0.0069,0.0013,-0.02862,0.03355,0.02566,1,1,-0.039,0.013,in_circle,-0.0159,0.0214,0.0000,0.0000,0
128.293,1,2801,-0.00036,0.03115,-0.0023,0.0146,-0.02912,0.03205,0.02623,1,1,-0.063,-0.046,in_circle,-0.0162,0.0203,0.0000,0.0000,0
128.339,1,2802,-0.00058,0.03164,-0.0050,0.0107,-0.02785,0.03157,0.02663,1,1,-0.026,-0.102,in_circle,-0.0165,0.0193,0.0000,0.0000,0
128.381,1,2803,-0.00109,0.03177,-0.0118,0.0032,-0.02318,0.03127,0.02663,1,1,-0.015,-0.089,in_circle,-0.0168,0.0181,0.0000,0.0000,0
128.426,1,2804,-0.00144,0.03195,-0.0077,0.0039,-0.01291,0.02867,0.02672,1,1,0.013,-0.060,in_circle,-0.0171,0.0170,0.0000,0.0000,0
128.469,1,2805,-0.00205,0.03270,-0.0142,0.0174,-0.01151,0.03124,0.02731,1,1,-0.002,-0.065,in_circle,-0.0174,0.0158,0.0000,0.0000,0
128.515,1,2806,-0.00265,0.03320,-0.0133,0.0110,-0.00939,0.03581,0.02768,1,1,0.025,-0.122,in_circle,-0.0177,0.0147,0.0000,0.0000,0
128.559,1,2807,-0.00286,0.03367,-0.0047,0.0107,-0.00929,0.03972,0.02811,1,1,0.022,-0.099,in_circle,-0.0179,0.0134,0.0000,0.0000,0
128.601,1,2808,-0.00319,0.03369,-0.0079,0.0005,-0.00711,0.04656,0.02807,1,1,-0.012,-0.100,in_circle,-0.0181,0.0122,0.0000,0.0000,0
128.647,1,2809,-0.00333,0.03373,-0.0030,0.0009,-0.00700,0.04812,0.02809,1,1,0.002,-0.060,in_circle,-0.0183,0.0111,0.0000,0.0000,0
128.689,1,2810,-0.00364,0.03338,-0.0074,-0.0083,-0.00661,0.04794,0.02770,1,1,-0.018,-0.063,in_circle,-0.0185,0.0098,0.0000,0.0000,0
128.734,1,2811,-0.00276,0.03337,0.0194,-0.0003,-0.00776,0.04745,0.02783,1,1,0.000,-0.027,in_circle,-0.0187,0.0086,0.0000,0.0000,0
128.777,1,2812,-0.00294,0.03296,-0.0043,-0.0095,-0.01125,0.04734,0.02740,1,1,-0.109,-0.060,in_circle,-0.0189,0.0074,0.0000,0.0000,0
128.823,1,2813,-0.00244,0.03337,0.0110,0.0090,-0.01427,0.04677,0.02789,1,1,-0.014,-0.023,in_circle,-0.0191,0.0062,0.0000,0.0000,0
128.865,1,2814,-0.00186,0.03308,0.0135,-0.0069,-0.01365,0.04563,0.02772,1,1,-0.077,-0.100,in_circle,-0.0194,0.0050,0.0000,0.0000,0
128.918,1,2815,-0.00140,0.03309,0.0088,0.0003,-0.01564,0.04402,0.02784,1,1,-0.088,-0.036,in_circle,-0.0196,0.0038,0.0000,0.0000,0
128.957,1,2816,-0.00081,0.03322,0.0151,0.0032,-0.01477,0.04373,0.02810,1,1,-0.071,-0.067,in_circle,-0.0199,0.0024,0.0000,0.0000,0
129.001,1,2817,-0.00036,0.03381,0.0102,0.0132,-0.01415,0.04178,0.02879,1,1,-0.098,-0.079,in_circle,-0.0202,0.0014,0.0000,0.0000,0
129.092,1,2818,-0.00000,0.03394,0.0040,0.0014,-0.01205,0.03891,0.02900,1,1,-0.080,-0.124,in_circle,-0.0209,-0.0013,0.0000,0.0000,0
129.133,1,2819,-0.00022,0.03425,-0.0052,0.0076,-0.01285,0.03802,0.02925,1,1,-0.057,-0.078,in_circle,-0.0212,-0.0024,0.0000,0.0000,0
129.176,1,2820,-0.00078,0.03479,-0.0133,0.0127,-0.01014,0.03747,0.02963,1,1,-0.020,-0.105,in_circle,-0.0216,-0.0036,0.0000,0.0000,0
129.218,1,2821,-0.00080,0.03482,-0.0004,0.0007,-0.01115,0.03879,0.02966,1,1,0.014,-0.127,in_circle,-0.0219,-0.0048,0.0000,0.0000,0
129.263,1,2822,-0.00056,0.03482,0.0053,-0.0001,-0.01038,0.03838,0.02971,1,1,-0.038,-0.081,in_circle,-0.0222,-0.0060,0.0000,0.0000,0
129.307,1,2823,-0.00050,0.03410,0.0016,-0.0161,-0.00918,0.03877,0.02904,1,1,-0.062,-0.079,in_circle,-0.0225,-0.0073,0.0000,0.0000,0
129.351,1,2824,-0.00075,0.03391,-0.0056,-0.0043,-0.00946,0.03999,0.02879,1,1,-0.047,-0.014,in_circle,-0.0228,-0.0086,0.0000,0.0000,0
129.393,1,2825,-0.00082,0.03431,-0.0017,0.0094,-0.01032,0.03737,0.02916,1,1,-0.018,-0.062,in_circle,-0.0231,-0.0098,0.0000,0.0000,0
129.439,1,2826,-0.00083,0.03409,-0.0003,-0.0048,-0.01304,0.03882,0.02894,1,1,-0.034,-0.119,in_circle,-0.0234,-0.0110,0.0000,0.0000,0
129.481,1,2827,-0.00103,0.03396,-0.0048,-0.0030,-0.01199,0.03871,0.02877,1,1,-0.040,-0.063,in_circle,-0.0237,-0.0123,0.0000,0.0000,0
129.529,1,2828,-0.00142,0.03375,-0.0081,-0.0045,-0.01066,0.03871,0.02847,1,1,-0.022,-0.071,in_circle,-0.0240,-0.0134,0.0000,0.0000,0
129.570,1,2829,-0.00121,0.03392,0.0050,0.0041,-0.01113,0.03820,0.02869,1,1,-0.008,-0.066,in_circle,-0.0243,-0.0148,0.0000,0.0000,0
129.615,1,2830,-0.00163,0.03398,-0.0095,0.0013,-0.01055,0.03863,0.02865,1,1,-0.061,-0.102,in_circle,-0.0246,-0.0159,0.0000,0.0000,0
129.659,1,2831,-0.00088,0.03438,0.0173,0.0091,-0.01164,0.03895,0.02921,1,1,-0.002,-0.093,in_circle,-0.0249,-0.0172,0.0000,0.0000,0
129.703,1,2832,-0.00126,0.03382,-0.0086,-0.0126,-0.01118,0.04021,0.02858,1,1,-0.112,-0.126,in_circle,-0.0252,-0.0184,0.0000,0.0000,0
129.748,1,2833,-0.00102,0.03391,0.0052,0.0020,-0.01098,0.04126,0.02872,1,1,-0.007,-0.039,in_circle,-0.0254,-0.0196,0.0000,0.0000,0
129.793,1,2834,-0.00122,0.03398,-0.0045,0.0014,-0.01146,0.03969,0.02874,1,1,-0.120,-0.330,in_circle,-0.0254,-0.0196,-0.0566,-0.2329,1
129.835,1,2835,-0.00109,0.03417,0.0031,0.0045,-0.01248,0.04059,0.02896,1,1,-0.087,-0.354,in_circle,-0.0254,-0.0196,-0.0627,-0.2589,1
129.879,1,2836,-0.00087,0.03362,0.0049,-0.0127,0.00754,0.04054,0.02847,1,1,-0.123,-0.392,in_circle,-0.0254,-0.0196,-0.0686,-0.2835,1
129.923,1,2837,-0.00118,0.03313,-0.0071,-0.0111,0.03096,0.04120,0.02792,1,1,-0.137,-0.347,in_circle,-0.0254,-0.0196,-0.0749,-0.3089,1
129.968,1,2838,-0.00121,0.03191,-0.0007,-0.0270,0.03193,0.04199,0.02673,1,1,-0.095,-0.377,in_circle,-0.0254,-0.0196,-0.0812,-0.3344,1
130.009,1,2839,-0.00078,0.03067,0.0103,-0.0296,0.03095,0.04013,0.02565,1,1,-0.040,0.023,in_circle,-0.0257,-0.0208,0.0000,0.0000,0
130.055,1,2840,-0.00108,0.02856,-0.0064,-0.0462,0.02577,0.03806,0.02354,1,1,-0.085,0.035,in_circle,-0.0260,-0.0218,0.0000,0.0000,0
130.099,1,2841,-0.00058,0.02662,0.0112,-0.0444,-0.00073,0.03749,0.02184,1,1,-0.018,0.105,in_circle,-0.0263,-0.0229,0.0000,0.0000,0
130.145,1,2842,0.00011,0.02405,0.0151,-0.0561,-0.02829,0.03504,0.01971,1,1,-0.090,0.102,in_circle,-0.0267,-0.0238,0.0000,0.0000,0
130.187,1,2843,0.00024,0.02217,0.0030,-0.0441,-0.03640,0.03674,0.01806,1,1,-0.107,0.155,in_circle,-0.0270,-0.0246,0.0000,0.0000,0
130.233,1,2844,0.00081,0.02049,0.0124,-0.0365,-0.04242,0.03626,0.01686,1,1,-0.060,0.111,in_circle,-0.0274,-0.0253,0.0000,0.0000,0
130.277,1,2845,0.00062,0.02006,-0.0044,-0.0098,-0.04693,0.03672,0.01639,1,1,-0.099,0.084,in_circle,-0.0278,-0.0260,0.0000,0.0000,0
130.318,1,2846,0.00072,0.02058,0.0024,0.0127,-0.04455,0.03621,0.01688,1,1,-0.032,-0.022,in_circle,-0.0281,-0.0266,0.0000,0.0000,0
130.364,1,2847,0.00158,0.02094,0.0189,0.0078,-0.03956,0.03511,0.01764,1,1,-0.060,-0.114,in_circle,-0.0285,-0.0272,0.0000,0.0000,0
130.407,1,2848,0.00170,0.02209,0.0028,0.0269,-0.02714,0.03596,0.01868,1,1,-0.128,-0.097,in_circle,-0.0289,-0.0279,0.0000,0.0000,0
130.451,1,2849,0.00075,0.02302,-0.0214,0.0210,-0.00587,0.03610,0.01905,1,1,-0.064,-0.176,in_circle,-0.0293,-0.0285,0.0000,0.0000,0
130.495,1,2850,0.00027,0.02415,-0.0110,0.0261,0.00042,0.03703,0.01987,1,1,0.035,-0.156,in_circle,-0.0297,-0.0293,0.0000,0.0000,0
130.539,1,2851,0.00085,0.02531,0.0130,0.0260,0.00931,0.03583,0.02116,1,1,-0.006,-0.180,in_circle,-0.0300,-0.0301,0.0000,0.0000,0
130.582,1,2852,0.00034,0.02649,-0.0118,0.0273,0.01370,0.03670,0.02205,1,1,-0.104,-0.183,in_circle,-0.0304,-0.0310,0.0000,0.0000,0
130.633,1,2853,0.00052,0.02682,0.0035,0.0066,0.01153,0.03898,0.02242,1,1,-0.004,-0.192,in_circle,-0.0308,-0.0318,0.0000,0.0000,0
130.672,1,2854,0.00072,0.02726,0.0052,0.0114,0.01190,0.03891,0.02291,1,1,-0.066,-0.111,in_circle,-0.0312,-0.0329,0.0000,0.0000,0
130.715,1,2855,0.00077,0.02719,0.0012,-0.0018,0.01109,0.04007,0.02285,1,1,-0.074,-0.132,in_circle,-0.0315,-0.0337,0.0000,0.0000,0
130.758,1,2856,0.00036,0.02634,-0.0096,-0.0200,-0.00151,0.04316,0.02191,1,1,-0.058,-0.080,in_circle,-0.0319,-0.0346,0.0000,0.0000,0
130.804,1,2857,0.00036,0.02603,0.0000,-0.0067,-0.00902,0.04208,0.02163,1,1,-0.014,-0.006,in_circle,-0.0323,-0.0355,0.0000,0.0000,0
130.845,1,2858,0.00071,0.02562,0.0082,-0.0097,-0.01048,0.04147,0.02139,1,1,-0.053,-0.060,in_circle,-0.0326,-0.0364,0.0000,0.0000,0
130.891,1,2859,0.00067,0.02583,-0.0008,0.0046,-0.02485,0.03784,0.02156,1,1,-0.087,-0.047,in_circle,-0.0330,-0.0372,0.0000,0.0000,0
130.936,1,2860,0.00046,0.02550,-0.0047,-0.0072,-0.02467,0.03823,0.02118,1,1,-0.051,-0.106,in_circle,-0.0334,-0.0381,0.0000,0.0000,0
130.982,1,2861,0.00078,0.02621,0.0068,0.0153,-0.02234,0.03720,0.02196,1,1,-0.035,-0.059,in_circle,-0.0337,-0.0390,0.0000,0.0000,0
131.026,1,2862,0.00052,0.02712,-0.0059,0.0206,-0.02116,0.03753,0.02270,1,1,-0.083,-0.152,in_circle,-0.0341,-0.0400,0.0000,0.0000,0
131.113,1,2863,-0.00008,0.02892,-0.0069,0.0208,-0.01129,0.03998,0.02418,1,1,-0.032,-0.177,in_circle,-0.0349,-0.0418,0.0000,0.0000,0
131.156,1,2864,0.00018,0.02957,0.0063,0.0152,-0.00825,0.04197,0.02489,1,1,-0.027,-0.183,in_circle,-0.0352,-0.0428,0.0000,0.0000,0
131.197,1,2865,-0.00013,0.03038,-0.0076,0.0193,-0.00806,0.04318,0.02556,1,1,-0.081,-0.163,in_circle,-0.0355,-0.0438,0.0000,0.0000,0
131.244,1,2866,-0.00014,0.03092,-0.0001,0.0116,-0.00308,0.04251,0.02607,1,1,-0.025,-0.183,in_circle,-0.0359,-0.0448,0.0000,0.0000,0
131.287,1,2867,-0.00040,0.03103,-0.0059,0.0026,-0.00338,0.04316,0.02610,1,1,-0.055,-0.155,in_circle,-0.0362,-0.0460,0.0000,0.0000,0
131.333,1,2868,-0.00086,0.03064,-0.0103,-0.0087,-0.00216,0.04369,0.02560,1,1,-0.031,-0.120,in_circle,-0.0365,-0.0471,0.0000,0.0000,0
131.374,1,2869,-0.00063,0.03035,0.0056,-0.0069,-0.00290,0.04174,0.02539,1,1,-0.013,-0.075,in_circle,-0.0369,-0.0482,0.0000,0.0000,0
131.417,1,2870,-0.00057,0.02964,0.0014,-0.0165,-0.00335,0.04374,0.02472,1,1,-0.078,-0.083,in_circle,-0.0372,-0.0492,0.0000,0.0000,0
131.464,1,2871,-0.00051,0.02912,0.0014,-0.0113,-0.00789,0.04197,0.02424,1,1,-0.061,-0.043,in_circle,-0.0375,-0.0502,0.0000,0.0000,0
131.507,1,2872,-0.00037,0.02893,0.0033,-0.0044,-0.00998,0.04037,0.02410,1,1,-0.062,-0.064,in_circle,-0.0378,-0.0513,0.0000,0.0000,0
131.550,1,2873,-0.00019,0.02858,0.0041,-0.0081,-0.01156,0.03903,0.02383,1,1,-0.070,-0.092,in_circle,-0.0381,-0.0523,0.0000,0.0000,0
131.593,1,2874,-0.00088,0.02788,-0.0160,-0.0162,-0.01121,0.03980,0.02294,1,1,-0.074,-0.077,in_circle,-0.0385,-0.0533,0.0000,0.0000,0
131.639,1,2875,-0.00065,0.02790,0.0050,0.0006,-0.01158,0.03927,0.02304,1,1,0.008,-0.044,in_circle,-0.0388,-0.0542,0.0000,0.0000,0
131.685,1,2876,-0.00041,0.02792,0.0053,0.0004,-0.01127,0.03902,0.02314,1,1,-0.077,-0.112,in_circle,-0.0391,-0.0552,0.0000,0.0000,0
131.727,1,2877,-0.00055,0.02812,-0.0033,0.0046,-0.01351,0.03904,0.02328,1,1,-0.079,-0.113,in_circle,-0.0394,-0.0562,0.0000,0.0000,0
131.771,1,2878,-0.00061,0.02809,-0.0014,-0.0006,-0.01215,0.03851,0.02324,1,1,-0.045,-0.131,in_circle,-0.0397,-0.0571,0.0000,0.0000,0
131.820,1,2879,0.00020,0.02809,0.0166,-0.0002,-0.01222,0.03833,0.02349,1,1,-0.053,-0.111,in_circle,-0.0400,-0.0581,0.0000,0.0000,0
131.863,1,2880,0.00079,0.02755,0.0138,-0.0126,-0.01127,0.03902,0.02320,1,1,-0.127,-0.114,in_circle,-0.0404,-0.0592,0.0000,0.0000,0
131.904,1,2881,0.00033,0.02742,-0.0111,-0.0030,-0.01050,0.03950,0.02291,1,1,-0.118,-0.063,in_circle,-0.0408,-0.0601,0.0000,0.0000,0
131.948,1,2882,0.00075,0.02707,0.0095,-0.0080,-0.01136,0.03810,0.02274,1,1,-0.017,-0.103,in_circle,-0.0411,-0.0610,0.0000,0.0000,0
131.991,1,2883,0.00083,0.02767,0.0019,0.0140,-0.01296,0.03516,0.02333,1,1,-0.101,-0.083,in_circle,-0.0415,-0.0619,0.0000,0.0000,0
132.034,1,2884,0.00061,0.02753,-0.0052,-0.0032,-0.01139,0.03605,0.02312,1,1,-0.071,-0.173,in_circle,-0.0419,-0.0629,0.0000,0.0000,0
132.079,1,2885,0.00029,0.02753,-0.0071,-0.0000,-0.01041,0.03587,0.02300,1,1,-0.042,-0.105,in_circle,-0.0422,-0.0638,0.0000,0.0000,0
132.122,1,2886,-0.00012,0.02771,-0.0095,0.0043,-0.00696,0.03312,0.02303,1,1,-0.034,-0.118,in_circle,-0.0426,-0.0648,0.0000,0.0000,0
132.167,1,2887,-0.00006,0.02788,0.0014,0.0038,-0.00862,0.03528,0.02321,1,1,-0.024,-0.137,in_circle,-0.0429,-0.0657,0.0000,0.0000,0
132.211,1,2888,0.00018,0.02784,0.0054,-0.0010,-0.00697,0.03617,0.02325,1,1,-0.068,-0.136,in_circle,-0.0433,-0.0667,0.0000,0.0000,0
132.255,1,2889,0.00008,0.02722,-0.0023,-0.0142,-0.00746,0.03567,0.02264,1,1,-0.085,-0.118,in_circle,-0.0436,-0.0676,0.0000,0.0000,0
132.298,1,2890,0.00040,0.02733,0.0073,0.0026,-0.00782,0.03579,0.02286,1,1,-0.126,-0.258,in_circle,-0.0436,-0.0676,-0.0719,-0.1935,1
132.342,1,2891,-0.00003,0.02711,-0.0098,-0.0050,-0.00593,0.03571,0.02250,1,1,-0.175,-0.349,in_circle,-0.0436,-0.0676,-0.0813,-0.2180,1
132.387,1,2892,0.00024,0.02744,0.0060,0.0073,0.00322,0.03781,0.02290,1,1,-0.114,-0.343,in_circle,-0.0436,-0.0676,-0.0903,-0.2425,1
132.430,1,2893,0.00005,0.02689,-0.0045,-0.0128,0.02370,0.03496,0.02231,1,1,-0.188,-0.418,in_circle,-0.0436,-0.0676,-0.0998,-0.2679,1
132.474,1,2894,0.00026,0.02662,0.0049,-0.0061,0.02683,0.03565,0.02214,1,1,-0.154,-0.361,in_circle,-0.0436,-0.0676,-0.1090,-0.2923,1
132.519,1,2895,0.00016,0.02532,-0.0022,-0.0291,0.03050,0.03348,0.02090,1,1,-0.202,-0.412,in_circle,-0.0436,-0.0676,-0.1186,-0.3168,1
132.570,1,2896,0.00032,0.02401,0.0030,-0.0257,0.03031,0.03306,0.01976,1,1,-0.055,-0.000,in_circle,-0.0440,-0.0685,0.0000,0.0000,0
132.610,1,2897,0.00139,0.02244,0.0265,-0.0391,0.02943,0.03020,0.01883,1,1,-0.077,-0.011,in_circle,-0.0444,-0.0694,0.0000,0.0000,0
132.652,1,2898,0.00126,0.02102,-0.0030,-0.0342,0.00337,0.02894,0.01754,1,1,-0.174,0.045,in_circle,-0.0448,-0.0701,0.0000,0.0000,0
132.696,1,2899,0.00055,0.01915,-0.0161,-0.0423,-0.02029,0.03387,0.01558,1,1,-0.056,0.029,in_circle,-0.0452,-0.0707,0.0000,0.0000,0
132.738,1,2900,-0.00026,0.01717,-0.0192,-0.0469,-0.02738,0.03298,0.01347,1,1,-0.002,0.065,in_circle,-0.0455,-0.0713,0.0000,0.0000,0
132.784,1,2901,-0.00094,0.01501,-0.0147,-0.0466,-0.03080,0.03192,0.01133,1,1,0.012,0.088,in_circle,-0.0458,-0.0717,0.0000,0.0000,0
132.827,1,2902,-0.00136,0.01351,-0.0100,-0.0350,-0.03978,0.03212,0.00989,1,1,-0.005,0.092,in_circle,-0.0462,-0.0722,0.0000,0.0000,0
132.871,1,2903,-0.00199,0.01297,-0.0141,-0.0122,-0.03888,0.03926,0.00907,1,1,-0.023,0.049,in_circle,-0.0464,-0.0725,0.0000,0.0000,0
132.915,1,2904,-0.00182,0.01270,0.0041,-0.0062,-0.03791,0.04307,0.00899,1,1,-0.005,-0.041,in_circle,-0.0467,-0.0728,0.0000,0.0000,0
132.958,1,2905,-0.00227,0.01281,-0.0104,0.0025,-0.03472,0.04317,0.00877,1,1,-0.078,-0.065,in_circle,-0.0469,-0.0731,0.0000,0.0000,0
133.003,1,2906,-0.00178,0.01320,0.0110,0.0086,-0.02422,0.04209,0.00938,1,1,-0.020,-0.100,in_circle,-0.0472,-0.0734,0.0000,0.0000,0
133.046,1,2907,-0.00163,0.01359,0.0036,0.0092,-0.01435,0.04344,0.00978,1,1,-0.106,-0.126,in_circle,-0.0475,-0.0737,0.0000,0.0000,0
133.133,1,2908,-0.00167,0.01445,-0.0005,0.0098,-0.00141,0.04327,0.01044,1,1,-0.078,-0.130,in_circle,-0.0480,-0.0744,0.0000,0.0000,0
133.179,1,2909,-0.00152,0.01497,0.0032,0.0114,0.00062,0.04199,0.01095,1,1,-0.062,-0.135,in_circle,-0.0483,-0.0747,0.0000,0.0000,0
133.223,1,2910,-0.00120,0.01487,0.0076,-0.0025,0.00151,0.04310,0.01105,1,1,-0.077,-0.143,in_circle,-0.0485,-0.0751,0.0000,0.0000,0
133.267,1,2911,-0.00093,0.01508,0.0060,0.0049,-0.00043,0.04311,0.01139,1,1,-0.096,-0.088,in_circle,-0.0488,-0.0755,0.0000,0.0000,0
133.310,1,2912,-0.00061,0.01498,0.0074,-0.0024,-0.00085,0.04395,0.01150,1,1,-0.090,-0.118,in_circle,-0.0491,-0.0759,0.0000,0.0000,0
133.355,1,2913,-0.00087,0.01447,-0.0058,-0.0113,-0.00235,0.04500,0.01094,1,1,-0.097,-0.089,in_circle,-0.0494,-0.0763,0.0000,0.0000,0
133.398,1,2914,-0.00052,0.01367,0.0081,-0.0186,-0.00303,0.03969,0.01057,1,1,-0.044,-0.053,in_circle,-0.0498,-0.0767,0.0000,0.0000,0
133.444,1,2915,-0.00057,0.01390,-0.0010,0.0053,-0.00688,0.04054,0.01071,1,1,-0.101,-0.022,in_circle,-0.0501,-0.0770,0.0000,0.0000,0
133.486,1,2916,-0.00102,0.01344,-0.0106,-0.0109,-0.01127,0.03900,0.01007,1,1,-0.065,-0.118,in_circle,-0.0504,-0.0774,0.0000,0.0000,0
133.530,1,2917,-0.00097,0.01399,0.0011,0.0125,-0.01480,0.03638,0.01051,1,1,-0.025,-0.053,in_circle,-0.0507,-0.0777,0.0000,0.0000,0
133.576,1,2918,-0.00081,0.01461,0.0036,0.0136,-0.01261,0.03742,0.01109,1,1,-0.072,-0.148,in_circle,-0.0510,-0.0780,0.0000,0.0000,0
133.620,1,2919,-0.00083,0.01479,-0.0005,0.0042,-0.01469,0.03675,0.01122,1,1,-0.083,-0.154,in_circle,-0.0513,-0.0784,0.0000,0.0000,0
133.664,1,2920,-0.00113,0.01518,-0.0067,0.0087,-0.00975,0.03675,0.01135,1,1,-0.067,-0.118,in_circle,-0.0516,-0.0788,0.0000,0.0000,0
133.708,1,2921,-0.00001,0.01581,0.0258,0.0144,-0.00808,0.03663,0.01252,1,1,-0.042,-0.137,in_circle,-0.0519,-0.0792,0.0000,0.0000,0
133.751,1,2922,-0.00026,0.01573,-0.0059,-0.0017,-0.00830,0.03663,0.01231,1,1,-0.175,-0.162,in_circle,-0.0523,-0.0797,0.0000,0.0000,0
133.794,1,2923,-0.00042,0.01545,-0.0036,-0.0066,-0.00832,0.03540,0.01199,1,1,-0.048,-0.097,in_circle,-0.0526,-0.0801,0.0000,0.0000,0
133.839,1,2924,-0.00076,0.01523,-0.0075,-0.0047,-0.00738,0.03266,0.01161,1,1,-0.057,-0.078,in_circle,-0.0529,-0.0805,0.0000,0.0000,0
133.883,1,2925,-0.00053,0.01471,0.0052,-0.0119,-0.00855,0.03052,0.01135,1,1,-0.041,-0.085,in_circle,-0.0532,-0.0809,0.0000,0.0000,0
133.927,1,2926,-0.00056,0.01432,-0.0005,-0.0089,-0.00809,0.03366,0.01103,1,1,-0.093,-0.056,in_circle,-0.0535,-0.0813,0.0000,0.0000,0
133.970,1,2927,-0.00055,0.01504,0.0002,0.0168,-0.00984,0.03375,0.01159,1,1,-0.070,-0.067,in_circle,-0.0539,-0.0817,0.0000,0.0000,0
134.014,1,2928,-0.00032,0.01463,0.0051,-0.0091,-0.01251,0.03453,0.01142,1,1,-0.073,-0.172,in_circle,-0.0542,-0.0820,0.0000,0.0000,0
134.059,1,2929,-0.00121,0.01535,-0.0200,0.0161,-0.01196,0.03468,0.01144,1,1,-0.094,-0.068,in_circle,-0.0545,-0.0824,0.0000,0.0000,0
134.102,1,2930,-0.00089,0.01509,0.0074,-0.0059,-0.00789,0.03377,0.01142,1,1,0.009,-0.171,in_circle,-0.0548,-0.0828,0.0000,0.0000,0
134.147,1,2931,-0.00057,0.01495,0.0072,-0.0033,-0.01135,0.03427,0.01150,1,1,-0.102,-0.082,in_circle,-0.0551,-0.0832,0.0000,0.0000,0
134.190,1,2932,-0.00099,0.01470,-0.0097,-0.0057,-0.00809,0.03649,0.01105,1,1,-0.102,-0.093,in_circle,-0.0554,-0.0836,0.0000,0.0000,0
134.235,1,2933,-0.00085,0.01479,0.0031,0.0021,-0.00992,0.04106,0.01121,1,1,-0.159,-0.242,in_circle,-0.0554,-0.0836,-0.1251,-0.1598,1
134.278,1,2934,-0.00073,0.01479,0.0027,-0.0001,-0.01032,0.04096,0.01127,1,1,-0.227,-0.295,in_circle,-0.0554,-0.0836,-0.1419,-0.1809,1
134.323,1,2935,-0.00074,0.01483,-0.0002,0.0010,0.00032,0.03974,0.01130,1,1,-0.242,-0.306,in_circle,-0.0554,-0.0836,-0.1582,-0.2013,1
134.366,1,2936,-0.00096,0.01416,-0.0050,-0.0156,0.01216,0.03512,0.01065,1,1,-0.247,-0.332,in_circle,-0.0554,-0.0836,-0.1750,-0.2223,1
134.411,1,2937,-0.00077,0.01412,0.0042,-0.0008,0.01759,0.03046,0.01074,1,1,-0.244,-0.284,in_circle,-0.0554,-0.0836,-0.1917,-0.2421,1
134.454,1,2938,-0.00090,0.01319,-0.0030,-0.0216,0.01860,0.02527,0.00996,1,1,-0.299,-0.363,in_circle,-0.0554,-0.0836,-0.2093,-0.2625,1
134.498,1,2939,-0.00117,0.01248,-0.0062,-0.0162,0.01729,0.01942,0.00927,1,1,-0.288,-0.297,in_circle,-0.0554,-0.0836,-0.2273,-0.2812,1
134.543,1,2940,-0.00186,0.01159,-0.0153,-0.0198,0.01904,0.01295,0.00816,1,1,-0.048,-0.035,in_circle,-0.0557,-0.0839,0.0000,0.0000,0
134.587,1,2941,-0.00288,0.01044,-0.0232,-0.0262,0.01351,0.01035,0.00663,1,1,-0.009,-0.019,in_circle,-0.0560,-0.0842,0.0000,0.0000,0
134.634,1,2942,-0.00319,0.00875,-0.0066,-0.0360,-0.01383,0.01395,0.00537,1,1,0.024,0.009,in_circle,-0.0562,-0.0844,0.0000,0.0000,0
134.677,1,2943,-0.00411,0.00768,-0.0212,-0.0245,-0.03528,0.02530,0.00405,1,1,-0.041,0.052,in_circle,-0.0564,-0.0845,0.0000,0.0000,0
134.719,1,2944,-0.00577,0.00571,-0.0395,-0.0471,-0.03706,0.03798,0.00205,1,1,0.019,0.009,in_circle,-0.0566,-0.0846,0.0000,0.0000,0
134.762,1,2945,-0.00637,0.00506,-0.0138,-0.0150,-0.04020,0.04807,0.00171,1,1,0.096,0.104,in_circle,-0.0566,-0.0846,0.0000,0.0000,0
134.807,1,2946,-0.00728,0.00446,-0.0205,-0.0136,-0.03983,0.04961,0.00163,1,1,-0.005,-0.022,in_circle,-0.0567,-0.0845,0.0000,0.0000,0
134.849,1,2947,-0.00766,0.00463,-0.0090,0.0042,-0.03878,0.05156,0.00138,1,1,0.024,-0.026,in_circle,-0.0567,-0.0844,0.0000,0.0000,0
134.894,1,2948,-0.00836,0.00475,-0.0156,0.0027,-0.03184,0.05680,0.00137,1,1,-0.021,-0.098,in_circle,-0.0567,-0.0844,0.0000,0.0000,0
134.938,1,2949,-0.00842,0.00493,-0.0014,0.0041,-0.02127,0.05763,0.00124,1,1,0.007,-0.092,in_circle,-0.0567,-0.0843,0.0000,0.0000,0
134.982,1,2950,-0.00831,0.00458,0.0026,-0.0079,-0.01125,0.05574,0.00150,1,1,-0.050,-0.098,in_circle,-0.0567,-0.0843,0.0000,0.0000,0
135.026,1,2951,-0.00806,0.00390,0.0056,-0.0153,-0.00468,0.05563,0.00211,1,1,-0.066,-0.049,in_circle,-0.0567,-0.0842,0.0000,0.0000,0
135.071,1,2952,-0.00784,0.00310,0.0049,-0.0177,-0.00512,0.05525,0.00290,1,1,-0.079,-0.018,in_circle,-0.0566,-0.0841,0.0000,0.0000,0
135.159,1,2953,-0.00724,0.00040,0.0068,-0.0307,-0.00873,0.04270,0.00563,1,1,-0.076,-0.006,in_circle,-0.0566,-0.0839,0.0000,0.0000,0
135.202,1,2954,-0.00678,-0.00135,0.0107,-0.0407,-0.00902,0.04214,0.00742,1,1,-0.085,0.053,in_circle,-0.0567,-0.0836,0.0000,0.0000,0
135.246,1,2955,-0.00662,-0.00359,0.0036,-0.0510,-0.01063,0.04046,0.00966,1,1,-0.102,0.098,in_circle,-0.0567,-0.0833,0.0000,0.0000,0
135.291,1,2956,-0.00681,-0.00575,-0.0044,-0.0485,-0.02142,0.03899,0.01179,1,1,-0.074,0.145,in_circle,-0.0568,-0.0829,0.0000,0.0000,0
135.335,1,2957,-0.00697,-0.00781,-0.0035,-0.0469,-0.03019,0.03614,0.01384,1,1,-0.042,0.141,in_circle,-0.0568,-0.0824,0.0000,0.0000,0
135.381,1,2958,-0.00767,-0.01024,-0.0152,-0.0528,-0.03757,0.03314,0.01625,1,1,-0.045,0.140,in_circle,-0.0568,-0.0818,0.0000,0.0000,0
135.422,1,2959,-0.00797,-0.01197,-0.0073,-0.0416,-0.04260,0.03497,0.01797,1,1,0.004,0.171,in_circle,-0.0569,-0.0810,0.0000,0.0000,0
135.467,1,2960,-0.00859,-0.01396,-0.0137,-0.0441,-0.04124,0.03460,0.01997,1,1,-0.027,0.131,in_circle,-0.0568,-0.0803,0.0000,0.0000,0
135.511,1,2961,-0.00916,-0.01570,-0.0128,-0.0393,-0.04075,0.03488,0.02174,1,1,-0.000,0.147,in_circle,-0.0568,-0.0794,0.0000,0.0000,0
135.554,1,2962,-0.01077,-0.01609,-0.0376,-0.0091,-0.04097,0.03508,0.02229,1,1,-0.002,0.133,in_circle,-0.0567,-0.0784,0.0000,0.0000,0
135.599,1,2963,-0.01137,-0.01711,-0.0136,-0.0230,-0.04080,0.03704,0.02338,1,1,0.101,0.014,in_circle,-0.0566,-0.0775,0.0000,0.0000,0
135.642,1,2964,-0.01218,-0.01704,-0.0186,0.0014,-0.03629,0.03605,0.02346,1,1,0.007,0.073,in_circle,-0.0565,-0.0764,0.0000,0.0000,0
135.687,1,2965,-0.01386,-0.01669,-0.0381,0.0079,-0.02240,0.04003,0.02349,1,1,0.029,-0.024,in_circle,-0.0563,-0.0754,0.0000,0.0000,0
135.730,1,2966,-0.01408,-0.01716,-0.0052,-0.0108,-0.02013,0.04340,0.02400,1,1,0.111,-0.049,in_circle,-0.0560,-0.0744,0.0000,0.0000,0
135.775,1,2967,-0.01480,-0.01817,-0.0157,-0.0221,-0.01508,0.04848,0.02516,1,1,-0.019,0.028,in_circle,-0.0557,-0.0734,0.0000,0.0000,0
135.818,1,2968,-0.01490,-0.01916,-0.0023,-0.0234,-0.00396,0.04968,0.02614,1,1,0.025,0.076,in_circle,-0.0554,-0.0723,0.0000,0.0000,0
135.863,1,2969,-0.01454,-0.02041,0.0080,-0.0277,-0.01219,0.05150,0.02725,1,1,-0.028,0.085,in_circle,-0.0551,-0.0713,0.0000,0.0000,0
135.907,1,2970,-0.01337,-0.02194,0.0264,-0.0347,-0.01698,0.04998,0.02849,1,1,-0.070,0.107,in_circle,-0.0548,-0.0701,0.0000,0.0000,0
135.951,1,2971,-0.01258,-0.02239,0.0180,-0.0102,-0.01987,0.04924,0.02879,1,1,-0.146,0.140,in_circle,-0.0546,-0.0688,0.0000,0.0000,0
135.995,1,2972,-0.01171,-0.02360,0.0198,-0.0277,-0.02276,0.04709,0.02986,1,1,-0.114,0.044,in_circle,-0.0544,-0.0676,0.0000,0.0000,0
136.039,1,2973,-0.01093,-0.02476,0.0179,-0.0265,-0.02970,0.04452,0.03092,1,1,-0.124,0.119,in_circle,-0.0542,-0.0663,0.0000,0.0000,0
136.082,1,2974,-0.01079,-0.02540,0.0032,-0.0147,-0.02743,0.03755,0.03154,1,1,-0.118,0.118,in_circle,-0.0540,-0.0649,0.0000,0.0000,0
136.126,1,2975,-0.01019,-0.02553,0.0136,-0.0031,-0.03023,0.03455,0.03162,1,1,-0.059,0.074,in_circle,-0.0539,-0.0636,0.0000,0.0000,0
136.171,1,2976,-0.01002,-0.02540,0.0038,0.0029,-0.03011,0.03394,0.03148,1,1,-0.102,0.029,in_circle,-0.0538,-0.0622,0.0000,0.0000,0
136.216,1,2977,-0.00961,-0.02564,0.0092,-0.0052,-0.02958,0.03420,0.03169,1,1,-0.063,0.006,in_circle,-0.0537,-0.0608,0.0000,0.0000,0
136.259,1,2978,-0.00884,-0.02484,0.0177,0.0182,-0.02653,0.03493,0.03086,1,1,-0.086,0.041,in_circle,-0.0536,-0.0594,0.0000,0.0000,0
136.303,1,2979,-0.00897,-0.02511,-0.0031,-0.0060,-0.02430,0.03654,0.03113,1,1,-0.122,-0.054,in_circle,-0.0536,-0.0580,0.0000,0.0000,0
136.347,1,2980,-0.00921,-0.02488,-0.0054,0.0053,-0.02345,0.03496,0.03091,1,1,-0.038,0.045,in_circle,-0.0535,-0.0567,0.0000,0.0000,0
136.391,1,2981,-0.00885,-0.02498,0.0081,-0.0024,-0.01334,0.03640,0.03100,1,1,-0.028,0.001,in_circle,-0.0535,-0.0553,0.0000,0.0000,0
136.435,1,2982,-0.00936,-0.02478,-0.0114,0.0044,-0.01527,0.03681,0.03082,1,1,-0.083,0.033,in_circle,-0.0534,-0.0539,0.0000,0.0000,0
136.478,1,2983,-0.00977,-0.02417,-0.0097,0.0145,-0.01566,0.03647,0.03023,1,1,-0.004,0.007,in_circle,-0.0534,-0.0526,0.0000,0.0000,0
136.523,1,2984,-0.01021,-0.02394,-0.0096,0.0051,-0.01672,0.03538,0.03004,1,1,-0.010,-0.034,in_circle,-0.0533,-0.0513,0.0000,0.0000,0
136.566,1,2985,-0.01103,-0.02407,-0.0191,-0.0031,-0.01474,0.03747,0.03025,1,1,-0.009,0.005,in_circle,-0.0532,-0.0499,0.0000,0.0000,0
136.611,1,2986,-0.01176,-0.02345,-0.0160,0.0139,-0.01547,0.03895,0.02971,1,1,0.032,0.039,in_circle,-0.0530,-0.0486,0.0000,0.0000,0
136.655,1,2987,-0.01156,-0.02340,0.0045,0.0009,-0.01639,0.04095,0.02964,1,1,0.021,-0.029,in_circle,-0.0528,-0.0473,0.0000,0.0000,0
136.698,1,2988,-0.01198,-0.02301,-0.0099,0.0092,-0.01732,0.04276,0.02931,1,1,-0.061,0.024,in_circle,-0.0527,-0.0460,0.0000,0.0000,0
136.743,1,2989,-0.01262,-0.02303,-0.0142,-0.0005,-0.01771,0.04357,0.02943,1,1,-0.002,-0.009,in_circle,-0.0525,-0.0448,0.0000,0.0000,0
136.788,1,2990,-0.01264,-0.02345,-0.0004,-0.0093,-0.01987,0.04263,0.02984,1,1,0.017,0.031,in_circle,-0.0523,-0.0435,0.0000,0.0000,0
136.831,1,2991,-0.01361,-0.02244,-0.0225,0.0233,-0.01893,0.04342,0.02903,1,1,-0.039,0.069,in_circle,-0.0521,-0.0422,0.0000,0.0000,0
136.875,1,2992,-0.01367,-0.02276,-0.0012,-0.0072,-0.01967,0.04436,0.02935,1,1,0.053,-0.063,in_circle,-0.0518,-0.0409,0.0000,0.0000,0
136.919,1,2993,-0.01353,-0.02272,0.0030,0.0009,-0.02364,0.04310,0.02928,1,1,-0.032,0.061,in_circle,-0.0516,-0.0397,0.0000,0.0000,0
136.962,1,2994,-0.01298,-0.02273,0.0128,-0.0002,-0.01901,0.04449,0.02919,1,1,-0.049,0.030,in_circle,-0.0513,-0.0384,0.0000,0.0000,0
137.007,1,2995,-0.01319,-0.02285,-0.0048,-0.0027,-0.02352,0.04526,0.02935,1,1,-0.089,0.036,in_circle,-0.0511,-0.0372,0.0000,0.0000,0
137.051,1,2996,-0.01236,-0.02304,0.0190,-0.0045,-0.02331,0.04552,0.02940,1,1,-0.018,0.047,in_circle,-0.0508,-0.0359,0.0000,0.0000,0
137.095,1,2997,-0.01233,-0.02262,0.0009,0.0096,-0.02293,0.04312,0.02898,1,1,-0.115,0.056,in_circle,-0.0506,-0.0346,0.0000,0.0000,0
137.184,1,2998,-0.01215,-0.02180,0.0019,0.0093,-0.02353,0.04388,0.02813,1,1,-0.042,0.001,in_circle,-0.0502,-0.0320,0.0000,0.0000,0
137.226,1,2999,-0.01203,-0.02210,0.0028,-0.0070,-0.02296,0.03949,0.02841,1,1,-0.047,0.001,in_circle,-0.0500,-0.0308,0.0000,0.0000,0
137.271,1,3000,-0.01148,-0.02207,0.0124,0.0006,-0.02273,0.03815,0.02831,1,1,-0.051,0.069,in_circle,-0.0499,-0.0296,0.0000,0.0000,0
137.314,1,3001,-0.01169,-0.02229,-0.0048,-0.0051,-0.02345,0.03864,0.02856,1,1,-0.090,0.040,in_circle,-0.0497,-0.0284,0.0000,0.0000,0
137.359,1,3002,-0.01215,-0.02248,-0.0101,-0.0042,-0.02395,0.03801,0.02881,1,1,-0.020,0.064,in_circle,-0.0495,-0.0272,0.0000,0.0000,0
137.403,1,3003,-0.01195,-0.02267,0.0044,-0.0044,-0.02416,0.03742,0.02897,1,1,0.002,0.062,in_circle,-0.0493,-0.0259,0.0000,0.0000,0
137.447,1,3004,-0.01227,-0.02219,-0.0074,0.0110,-0.02398,0.03870,0.02855,1,1,-0.057,0.065,in_circle,-0.0492,-0.0246,0.0000,0.0000,0
137.491,1,3005,-0.01200,-0.02221,0.0062,-0.0004,-0.02332,0.03909,0.02852,1,1,-0.008,0.003,in_circle,-0.0490,-0.0234,0.0000,0.0000,0
137.535,1,3006,-0.01232,-0.02217,-0.0074,0.0008,-0.02308,0.03791,0.02853,1,1,-0.063,0.050,in_circle,-0.0488,-0.0221,0.0000,0.0000,0
137.579,1,3007,-0.01235,-0.02218,-0.0005,-0.0002,-0.02297,0.04097,0.02855,1,1,-0.008,0.046,in_circle,-0.0486,-0.0209,0.0000,0.0000,0
137.623,1,3008,-0.01172,-0.02236,0.0140,-0.0039,-0.02325,0.03981,0.02863,1,1,-0.035,0.052,in_circle,-0.0484,-0.0197,0.0000,0.0000,0
137.667,1,3009,-0.01223,-0.02259,-0.0115,-0.0052,-0.02390,0.04003,0.02893,1,1,-0.095,0.068,in_circle,-0.0482,-0.0184,0.0000,0.0000,0
137.711,1,3010,-0.01173,-0.02288,0.0116,-0.0069,-0.02279,0.04099,0.02915,1,1,0.009,0.075,in_circle,-0.0480,-0.0171,0.0000,0.0000,0
137.754,1,3011,-0.01207,-0.02217,-0.0077,0.0163,-0.02398,0.04133,0.02849,1,1,-0.055,0.298,in_circle,-0.0480,-0.0171,0.0292,0.2150,1
137.798,1,3012,-0.01202,-0.02225,0.0012,-0.0020,-0.02701,0.04116,0.02857,1,1,0.027,0.229,in_circle,-0.0480,-0.0171,0.0332,0.2410,1
137.844,1,3013,-0.01226,-0.02190,-0.0054,0.0078,-0.04985,0.04359,0.02825,1,1,-0.005,0.328,in_circle,-0.0480,-0.0171,0.0370,0.2668,1
137.887,1,3014,-0.01229,-0.02194,-0.0006,-0.0010,-0.06351,0.04203,0.02830,1,1,0.026,0.315,in_circle,-0.0480,-0.0171,0.0414,0.2939,1
137.931,1,3015,-0.01282,-0.02047,-0.0119,0.0330,-0.06230,0.04325,0.02694,1,1,0.011,0.376,in_circle,-0.0480,-0.0171,0.0455,0.3194,1
137.974,1,3016,-0.01291,-0.01970,-0.0021,0.0179,-0.06422,0.04338,0.02620,1,1,0.012,-0.082,in_circle,-0.0478,-0.0160,0.0000,0.0000,0
138.018,1,3017,-0.01359,-0.01769,-0.0155,0.0456,-0.06249,0.04411,0.02439,1,1,-0.027,-0.022,in_circle,-0.0476,-0.0149,0.0000,0.0000,0
138.063,1,3018,-0.01407,-0.01586,-0.0108,0.0413,-0.04315,0.04553,0.02274,1,1,0.029,-0.137,in_circle,-0.0473,-0.0138,0.0000,0.0000,0
138.107,1,3019,-0.01359,-0.01329,0.0107,0.0579,-0.02258,0.04412,0.02014,1,1,0.012,-0.123,in_circle,-0.0470,-0.0128,0.0000,0.0000,0
138.151,1,3020,-0.01288,-0.01095,0.0162,0.0533,-0.01141,0.04840,0.01769,1,1,-0.075,-0.195,in_circle,-0.0468,-0.0120,0.0000,0.0000,0
138.195,1,3021,-0.01271,-0.00894,0.0039,0.0459,0.00506,0.04942,0.01572,1,1,-0.098,-0.182,in_circle,-0.0465,-0.0112,0.0000,0.0000,0
138.239,1,3022,-0.01199,-0.00781,0.0163,0.0253,0.01216,0.04454,0.01443,1,1,-0.050,-0.157,in_circle,-0.0463,-0.0106,0.0000,0.0000,0
138.282,1,3023,-0.01126,-0.00684,0.0168,0.0225,0.01344,0.04501,0.01330,1,1,-0.101,-0.077,in_circle,-0.0461,-0.0100,0.0000,0.0000,0
138.328,1,3024,-0.01106,-0.00643,0.0045,0.0091,0.01131,0.04528,0.01285,1,1,-0.105,-0.067,in_circle,-0.0460,-0.0094,0.0000,0.0000,0
138.372,1,3025,-0.01075,-0.00683,0.0071,-0.0091,0.00038,0.04355,0.01316,1,1,-0.056,-0.014,in_circle,-0.0458,-0.0088,0.0000,0.0000,0
138.416,1,3026,-0.01000,-0.00690,0.0169,-0.0018,-0.00905,0.04053,0.01309,1,1,-0.067,0.060,in_circle,-0.0457,-0.0083,0.0000,0.0000,0
138.460,1,3027,-0.01001,-0.00775,-0.0002,-0.0192,-0.01379,0.04036,0.01393,1,1,-0.108,0.032,in_circle,-0.0456,-0.0077,0.0000,0.0000,0
138.502,1,3028,-0.01014,-0.00907,-0.0030,-0.0309,-0.03295,0.03700,0.01525,1,1,-0.039,0.104,in_circle,-0.0455,-0.0071,0.0000,0.0000,0
138.547,1,3029,-0.00991,-0.00991,0.0052,-0.0189,-0.03587,0.03590,0.01605,1,1,-0.028,0.155,in_circle,-0.0454,-0.0065,0.0000,0.0000,0
138.591,1,3030,-0.01098,-0.01040,-0.0242,-0.0112,-0.03989,0.03608,0.01671,1,1,-0.061,0.110,in_circle,-0.0453,-0.0058,0.0000,0.0000,0
138.635,1,3031,-0.01080,-0.01030,0.0040,0.0023,-0.04687,0.03723,0.01657,1,1,0.059,0.081,in_circle,-0.0452,-0.0050,0.0000,0.0000,0
138.679,1,3032,-0.01179,-0.01037,-0.0224,-0.0015,-0.04234,0.03679,0.01685,1,1,-0.054,0.027,in_circle,-0.0451,-0.0043,0.0000,0.0000,0
138.724,1,3033,-0.01166,-0.01049,0.0028,-0.0028,-0.03680,0.03865,0.01694,1,1,0.055,0.043,in_circle,-0.0449,-0.0036,0.0000,0.0000,0
138.767,1,3034,-0.01310,-0.00987,-0.0333,0.0144,-0.03140,0.03873,0.01673,1,1,-0.046,0.050,in_circle,-0.0447,-0.0029,0.0000,0.0000,0
138.811,1,3035,-0.01316,-0.00921,-0.0013,0.0150,-0.02604,0.04023,0.01612,1,1,0.102,-0.020,in_circle,-0.0445,-0.0022,0.0000,0.0000,0
138.854,1,3036,-0.01387,-0.00879,-0.0166,0.0097,-0.02488,0.04240,0.01599,1,1,-0.025,-0.024,in_circle,-0.0442,-0.0015,0.0000,0.0000,0
138.899,1,3037,-0.01496,-0.00876,-0.0242,0.0008,-0.01539,0.04659,0.01640,1,1,0.038,-0.003,in_circle,-0.0440,-0.0009,0.0000,0.0000,0
138.942,1,3038,-0.01565,-0.00871,-0.0161,0.0012,-0.01038,0.04940,0.01667,1,1,0.071,0.034,in_circle,-0.0437,-0.0002,0.0000,0.0000,0
138.988,1,3039,-0.01617,-0.00837,-0.0113,0.0072,-0.01269,0.05069,0.01663,1,1,0.041,0.032,in_circle,-0.0433,0.0004,0.0000,0.0000,0
139.032,1,3040,-0.01672,-0.00872,-0.0125,-0.0080,-0.01231,0.04994,0.01721,1,1,0.023,0.008,in_circle,-0.0429,0.0011,0.0000,0.0000,0
139.075,1,3041,-0.01683,-0.00847,-0.0026,0.0058,-0.01432,0.04860,0.01706,1,1,0.030,0.071,in_circle,-0.0426,0.0017,0.0000,0.0000,0
139.118,1,3042,-0.01624,-0.00876,0.0140,-0.0069,-0.01342,0.04875,0.01700,1,1,-0.009,0.015,in_circle,-0.0422,0.0024,0.0000,0.0000,0
139.207,1,3043,-0.01590,-0.00822,0.0038,0.0060,-0.01860,0.04639,0.01637,1,1,-0.076,0.068,in_circle,-0.0414,0.0037,0.0000,0.0000,0
139.251,1,3044,-0.01616,-0.00866,-0.0059,-0.0099,-0.01758,0.04663,0.01687,1,1,-0.036,0.016,in_circle,-0.0411,0.0043,0.0000,0.0000,0
139.295,1,3045,-0.01548,-0.00804,0.0157,0.0142,-0.02279,0.04414,0.01600,1,1,0.004,0.081,in_circle,-0.0407,0.0049,0.0000,0.0000,0
139.339,1,3046,-0.01531,-0.00778,0.0038,0.0059,-0.02117,0.04305,0.01569,1,1,-0.084,-0.016,in_circle,-0.0404,0.0055,0.0000,0.0000,0
139.383,1,3047,-0.01531,-0.00756,0.0000,0.0049,-0.02309,0.04360,0.01550,1,1,-0.036,0.017,in_circle,-0.0400,0.0062,0.0000,0.0000,0
139.429,1,3048,-0.01522,-0.00723,0.0018,0.0073,-0.02167,0.04011,0.01517,1,1,-0.021,0.021,in_circle,-0.0397,0.0067,0.0000,0.0000,0
139.471,1,3049,-0.01599,-0.00709,-0.0181,0.0032,-0.02369,0.03850,0.01544,1,1,-0.028,0.011,in_circle,-0.0394,0.0074,0.0000,0.0000,0
139.514,1,3050,-0.01639,-0.00666,-0.0091,0.0097,-0.02032,0.04036,0.01530,1,1,0.054,0.028,in_circle,-0.0390,0.0079,0.0000,0.0000,0
139.559,1,3051,-0.01618,-0.00671,0.0047,-0.0010,-0.02304,0.04143,0.01522,1,1,0.019,0.001,in_circle,-0.0386,0.0085,0.0000,0.0000,0
139.602,1,3052,-0.01605,-0.00608,0.0031,0.0148,-0.02344,0.04061,0.01462,1,1,-0.036,0.045,in_circle,-0.0383,0.0090,0.0000,0.0000,0
139.647,1,3053,-0.01607,-0.00665,-0.0005,-0.0128,-0.02147,0.04299,0.01511,1,1,-0.030,-0.019,in_circle,-0.0379,0.0095,0.0000,0.0000,0
139.692,1,3054,-0.01562,-0.00665,0.0099,-0.0001,-0.02189,0.04067,0.01488,1,1,-0.015,0.093,in_circle,-0.0375,0.0101,0.0000,0.0000,0
139.735,1,3055,-0.01564,-0.00658,-0.0005,0.0017,-0.02024,0.04304,0.01482,1,1,-0.057,0.043,in_circle,-0.0372,0.0107,0.0000,0.0000,0
139.779,1,3056,-0.01571,-0.00701,-0.0014,-0.0098,-0.02373,0.04150,0.01522,1,1,-0.015,0.036,in_circle,-0.0368,0.0112,0.0000,0.0000,0
139.822,1,3057,-0.01560,-0.00632,0.0026,0.0162,-0.02182,0.03962,0.01458,1,1,-0.011,0.084,in_circle,-0.0365,0.0118,0.0000,0.0000,0
139.867,1,3058,-0.01532,-0.00673,0.0062,-0.0092,-0.02261,0.04101,0.01479,1,1,-0.027,-0.022,in_circle,-0.0362,0.0123,0.0000,0.0000,0
139.911,1,3059,-0.01515,-0.00641,0.0039,0.0073,-0.02311,0.04173,0.01442,1,1,-0.042,0.082,in_circle,-0.0358,0.0129,0.0000,0.0000,0
139.955,1,3060,-0.01589,-0.00652,-0.0170,-0.0026,-0.02030,0.04152,0.01491,1,1,-0.033,0.015,in_circle,-0.0355,0.0134,0.0000,0.0000,0
139.998,1,3061,-0.01564,-0.00649,0.0058,0.0007,-0.02171,0.04091,0.01475,1,1,0.053,0.056,in_circle,-0.0351,0.0140,0.0000,0.0000,0
140.043,1,3062,-0.01580,-0.00670,-0.0036,-0.0046,-0.02058,0.04049,0.01501,1,1,0.064,0.207,in_circle,-0.0351,0.0140,0.1029,0.1640,1
140.087,1,3063,-0.01609,-0.00609,-0.0063,0.0138,-0.02536,0.04014,0.01465,1,1,0.116,0.251,in_circle,-0.0351,0.0140,0.1172,0.1867,1
140.131,1,3064,-0.01641,-0.00610,-0.0073,-0.0003,-0.03965,0.04725,0.01485,1,1,0.143,0.198,in_circle,-0.0351,0.0140,0.1323,0.2087,1
140.176,1,3065,-0.01550,-0.00560,0.0204,0.0112,-0.05410,0.04930,0.01393,1,1,0.163,0.276,in_circle,-0.0351,0.0140,0.1477,0.2303,1
140.220,1,3066,-0.01556,-0.00556,-0.0013,0.0010,-0.05236,0.05291,0.01392,1,1,0.065,0.251,in_circle,-0.0351,0.0140,0.1625,0.2525,1
140.263,1,3067,-0.01521,-0.00525,0.0082,0.0071,-0.05398,0.05877,0.01347,1,1,0.167,0.314,in_circle,-0.0351,0.0140,0.1773,0.2746,1
140.309,1,3068,-0.01468,-0.00509,0.0115,0.0035,-0.05508,0.06088,0.01306,1,1,0.142,0.310,in_circle,-0.0351,0.0140,0.1915,0.2962,1
140.352,1,3069,-0.01471,-0.00455,-0.0007,0.0127,-0.05473,0.06081,0.01261,1,1,0.142,0.347,in_circle,-0.0351,0.0140,0.2059,0.3195,1
140.395,1,3070,-0.01493,-0.00364,-0.0050,0.0209,-0.05501,0.06465,0.01199,1,1,-0.015,-0.010,in_circle,-0.0348,0.0144,0.0000,0.0000,0
140.440,1,3071,-0.01480,-0.00305,0.0030,0.0133,-0.05206,0.06487,0.01144,1,1,0.003,-0.045,in_circle,-0.0345,0.0149,0.0000,0.0000,0
140.484,1,3072,-0.01479,-0.00200,0.0003,0.0236,-0.03382,0.05938,0.01062,1,1,-0.029,-0.015,in_circle,-0.0342,0.0153,0.0000,0.0000,0
140.527,1,3073,-0.01487,-0.00118,-0.0019,0.0193,-0.00609,0.05772,0.01007,1,1,-0.017,-0.059,in_circle,-0.0339,0.0156,0.0000,0.0000,0
140.572,1,3074,-0.01488,-0.00154,-0.0004,-0.0081,-0.00748,0.05358,0.01035,1,1,-0.008,-0.043,in_circle,-0.0336,0.0159,0.0000,0.0000,0
140.615,1,3075,-0.01471,-0.00167,0.0039,-0.0029,-0.00305,0.04765,0.01033,1,1,-0.014,0.068,in_circle,-0.0333,0.0163,0.0000,0.0000,0
140.659,1,3076,-0.01474,-0.00268,-0.0007,-0.0230,-0.00522,0.04525,0.01112,1,1,-0.031,0.048,in_circle,-0.0330,0.0166,0.0000,0.0000,0
140.704,1,3077,-0.01563,-0.00410,-0.0198,-0.0316,-0.01039,0.04307,0.01278,1,1,-0.012,0.131,in_circle,-0.0327,0.0170,0.0000,0.0000,0
140.748,1,3078,-0.01627,-0.00490,-0.0145,-0.0181,-0.01700,0.04157,0.01380,1,1,0.066,0.169,in_circle,-0.0323,0.0174,0.0000,0.0000,0
140.791,1,3079,-0.01702,-0.00708,-0.0173,-0.0504,-0.02365,0.04079,0.01600,1,1,0.047,0.117,in_circle,-0.0320,0.0179,0.0000,0.0000,0
140.835,1,3080,-0.01797,-0.00822,-0.0216,-0.0259,-0.03826,0.04144,0.01748,1,1,0.061,0.253,in_circle,-0.0316,0.0185,0.0000,0.0000,0
140.880,1,3081,-0.01876,-0.00935,-0.0175,-0.0251,-0.03832,0.04237,0.01886,1,1,0.081,0.158,in_circle,-0.0311,0.0191,0.0000,0.0000,0
140.923,1,3082,-0.01952,-0.00962,-0.0179,-0.0063,-0.04844,0.04365,0.01952,1,1,0.067,0.159,in_circle,-0.0306,0.0198,0.0000,0.0000,0
140.968,1,3083,-0.01946,-0.00958,0.0013,0.0008,-0.04938,0.04331,0.01946,1,1,0.071,0.085,in_circle,-0.0301,0.0205,0.0000,0.0000,0
141.011,1,3084,-0.02053,-0.00899,-0.0252,0.0140,-0.04405,0.04422,0.01966,1,1,-0.006,0.057,in_circle,-0.0296,0.0212,0.0000,0.0000,0
141.055,1,3085,-0.02091,-0.00784,-0.0087,0.0258,-0.03653,0.04425,0.01907,1,1,0.104,0.003,in_circle,-0.0291,0.0218,0.0000,0.0000,0
141.099,1,3086,-0.02050,-0.00701,0.0095,0.0190,-0.02504,0.04289,0.01819,1,1,0.039,-0.046,in_circle,-0.0285,0.0224,0.0000,0.0000,0
141.142,1,3087,-0.02015,-0.00574,0.0079,0.0292,-0.01548,0.04641,0.01704,1,1,-0.034,-0.021,in_circle,-0.0279,0.0230,0.0000,0.0000,0
141.231,1,3088,-0.01983,-0.00485,0.0037,0.0099,-0.00423,0.04682,0.01620,1,1,-0.028,-0.063,in_circle,-0.0268,0.0241,0.0000,0.0000,0
141.275,1,3089,-0.01897,-0.00460,0.0198,0.0059,-0.00605,0.04660,0.01540,1,1,-0.011,0.012,in_circle,-0.0263,0.0245,0.0000,0.0000,0
141.319,1,3090,-0.01891,-0.00484,0.0014,-0.0056,-0.00618,0.04703,0.01552,1,1,-0.077,0.028,in_circle,-0.0258,0.0250,0.0000,0.0000,0
141.362,1,3091,-0.01826,-0.00597,0.0152,-0.0263,-0.00665,0.04739,0.01589,1,1,-0.003,0.075,in_circle,-0.0253,0.0254,0.0000,0.0000,0
141.407,1,3092,-0.01801,-0.00668,0.0054,-0.0158,-0.01225,0.04510,0.01628,1,1,-0.060,0.161,in_circle,-0.0249,0.0260,0.0000,0.0000,0
141.451,1,3093,-0.01782,-0.00746,0.0044,-0.0178,-0.01925,0.04335,0.01678,1,1,-0.020,0.121,in_circle,-0.0244,0.0265,0.0000,0.0000,0
141.495,1,3094,-0.01786,-0.00836,-0.0009,-0.0205,-0.03449,0.04138,0.01753,1,1,-0.017,0.132,in_circle,-0.0240,0.0271,0.0000,0.0000,0
141.540,1,3095,-0.01775,-0.00902,0.0024,-0.0147,-0.03750,0.04112,0.01802,1,1,0.005,0.146,in_circle,-0.0235,0.0277,0.0000,0.0000,0
141.583,1,3096,-0.01733,-0.00917,0.0098,-0.0034,-0.03613,0.04111,0.01791,1,1,-0.008,0.125,in_circle,-0.0231,0.0284,0.0000,0.0000,0
141.627,1,3097,-0.01743,-0.00933,-0.0024,-0.0037,-0.03612,0.04200,0.01811,1,1,-0.038,0.081,in_circle,-0.0227,0.0291,0.0000,0.0000,0
141.670,1,3098,-0.01731,-0.00926,0.0029,0.0017,-0.03695,0.04099,0.01798,1,1,0.011,0.083,in_circle,-0.0222,0.0298,0.0000,0.0000,0
141.715,1,3099,-0.01710,-0.00903,0.0046,0.0050,-0.03339,0.03912,0.01768,1,1,-0.010,0.062,in_circle,-0.0218,0.0304,0.0000,0.0000,0
141.759,1,3100,-0.01710,-0.00907,-0.0001,-0.0009,-0.03296,0.04103,0.01771,1,1,-0.017,0.049,in_circle,-0.0214,0.0311,0.0000,0.0000,0
141.803,1,3101,-0.01743,-0.00894,-0.0075,0.0030,-0.02921,0.03884,0.01777,1,1,0.003,0.073,in_circle,-0.0210,0.0317,0.0000,0.0000,0
141.847,1,3102,-0.01695,-0.00872,0.0109,0.0048,-0.02334,0.04073,0.01733,1,1,0.033,0.058,in_circle,-0.0206,0.0324,0.0000,0.0000,0
141.890,1,3103,-0.01711,-0.00888,-0.0037,-0.0037,-0.02433,0.04110,0.01755,1,1,-0.041,0.051,in_circle,-0.0202,0.0331,0.0000,0.0000,0
141.935,1,3104,-0.01712,-0.00893,-0.0002,-0.0011,-0.02154,0.04238,0.01760,1,1,0.018,0.086,in_circle,-0.0198,0.0337,0.0000,0.0000,0
141.979,1,3105,-0.01722,-0.00929,-0.0024,-0.0081,-0.02165,0.04082,0.01796,1,1,0.005,0.076,in_circle,-0.0194,0.0344,0.0000,0.0000,0
142.023,1,3106,-0.01732,-0.00964,-0.0022,-0.0079,-0.02143,0.04090,0.01831,1,1,0.014,0.106,in_circle,-0.0190,0.0350,0.0000,0.0000,0
142.068,1,3107,-0.01657,-0.00974,0.0167,-0.0023,-0.02216,0.04190,0.01802,1,1,0.014,0.106,in_circle,-0.0185,0.0357,0.0000,0.0000,0
142.112,1,3108,-0.01673,-0.00984,-0.0035,-0.0023,-0.02456,0.04285,0.01818,1,1,-0.063,0.085,in_circle,-0.0181,0.0364,0.0000,0.0000,0
142.157,1,3109,-0.01665,-0.00943,0.0017,0.0094,-0.02349,0.04085,0.01778,1,1,0.130,0.284,in_circle,-0.0181,0.0364,0.1119,0.1987,1
142.198,1,3110,-0.01655,-0.00968,0.0024,-0.0061,-0.02605,0.04151,0.01796,1,1,0.123,0.259,in_circle,-0.0181,0.0364,0.1251,0.2217,1
142.242,1,3111,-0.01662,-0.00911,-0.0014,0.0130,-0.04478,0.04568,0.01749,1,1,0.132,0.343,in_circle,-0.0181,0.0364,0.1373,0.2434,1
142.288,1,3112,-0.01666,-0.00864,-0.0010,0.0102,-0.05651,0.05310,0.01711,1,1,0.160,0.288,in_circle,-0.0181,0.0364,0.1505,0.2660,1
142.330,1,3113,-0.01686,-0.00806,-0.0046,0.0139,-0.05642,0.05726,0.01672,1,1,0.173,0.322,in_circle,-0.0181,0.0364,0.1648,0.2897,1
142.376,1,3114,-0.01663,-0.00737,0.0050,0.0151,-0.05687,0.06103,0.01602,1,1,0.202,0.327,in_circle,-0.0181,0.0364,0.1785,0.3109,1
142.418,1,3115,-0.01608,-0.00624,0.0130,0.0265,-0.05883,0.06606,0.01477,1,1,0.178,0.343,in_circle,-0.0181,0.0364,0.1936,0.3338,1
142.462,1,3116,-0.01531,-0.00451,0.0177,0.0397,-0.05861,0.07022,0.01292,1,1,-0.049,-0.039,in_circle,-0.0178,0.0370,0.0000,0.0000,0
142.507,1,3117,-0.01441,-0.00228,0.0198,0.0491,-0.05669,0.07093,0.01059,1,1,-0.070,-0.095,in_circle,-0.0175,0.0374,0.0000,0.0000,0
142.551,1,3118,-0.01292,-0.00013,0.0337,0.0486,-0.03495,0.06439,0.00799,1,1,-0.080,-0.138,in_circle,-0.0172,0.0378,0.0000,0.0000,0
142.596,1,3119,-0.01135,0.00063,0.0355,0.0173,-0.00324,0.05684,0.00643,1,1,-0.139,-0.141,in_circle,-0.0169,0.0381,0.0000,0.0000,0
142.643,1,3120,-0.01003,0.00127,0.0278,0.0135,0.00588,0.04583,0.00523,1,1,-0.150,-0.018,in_circle,-0.0168,0.0383,0.0000,0.0000,0
142.685,1,3121,-0.00847,0.00204,0.0374,0.0185,0.00831,0.03403,0.00401,1,1,-0.122,-0.004,in_circle,-0.0167,0.0385,0.0000,0.0000,0
142.727,1,3122,-0.00767,0.00163,0.0189,-0.0098,0.00241,0.02453,0.00438,1,1,-0.165,-0.025,in_circle,-0.0166,0.0387,0.0000,0.0000,0
142.772,1,3123,-0.00757,0.00123,0.0023,-0.0089,-0.00801,0.02058,0.00478,1,1,-0.093,0.089,in_circle,-0.0166,0.0389,0.0000,0.0000,0
142.814,1,3124,-0.00703,0.00016,0.0128,-0.0250,-0.01010,0.01776,0.00589,1,1,-0.026,0.087,in_circle,-0.0167,0.0391,0.0000,0.0000,0
142.859,1,3125,-0.00765,-0.00184,-0.0138,-0.0448,-0.02343,0.01720,0.00784,1,1,-0.070,0.154,in_circle,-0.0167,0.0393,0.0000,0.0000,0
142.903,1,3126,-0.00858,-0.00271,-0.0212,-0.0198,-0.03672,0.01992,0.00875,1,1,0.038,0.238,in_circle,-0.0167,0.0397,0.0000,0.0000,0
142.947,1,3127,-0.00960,-0.00461,-0.0235,-0.0435,-0.04085,0.02415,0.01076,1,1,0.070,0.141,in_circle,-0.0167,0.0401,0.0000,0.0000,0
142.991,1,3128,-0.01091,-0.00609,-0.0293,-0.0332,-0.05335,0.02970,0.01248,1,1,0.082,0.241,in_circle,-0.0166,0.0405,0.0000,0.0000,0
143.036,1,3129,-0.01227,-0.00738,-0.0305,-0.0289,-0.05129,0.04264,0.01410,1,1,0.108,0.204,in_circle,-0.0164,0.0411,0.0000,0.0000,0
143.079,1,3130,-0.01386,-0.00773,-0.0369,-0.0081,-0.05268,0.05207,0.01501,1,1,0.117,0.191,in_circle,-0.0162,0.0417,0.0000,0.0000,0
143.124,1,3131,-0.01496,-0.00839,-0.0242,-0.0146,-0.05107,0.06487,0.01607,1,1,0.147,0.109,in_circle,-0.0160,0.0423,0.0000,0.0000,0
143.167,1,3132,-0.01560,-0.00815,-0.0150,0.0056,-0.04578,0.06844,0.01616,1,1,0.099,0.137,in_circle,-0.0157,0.0429,0.0000,0.0000,0
143.255,1,3133,-0.01630,-0.00758,-0.0080,0.0065,-0.02934,0.06955,0.01602,1,1,0.064,0.057,in_circle,-0.0150,0.0442,0.0000,0.0000,0
143.299,1,3134,-0.01637,-0.00718,-0.0017,0.0091,-0.03152,0.06853,0.01573,1,1,0.039,0.053,in_circle,-0.0146,0.0447,0.0000,0.0000,0
143.346,1,3135,-0.01553,-0.00673,0.0179,0.0096,-0.02183,0.06499,0.01490,1,1,0.014,0.042,in_circle,-0.0142,0.0453,0.0000,0.0000,0
143.388,1,3136,-0.01432,-0.00669,0.0290,0.0011,-0.01261,0.06456,0.01427,1,1,-0.066,0.039,in_circle,-0.0139,0.0459,0.0000,0.0000,0
143.432,1,3137,-0.01364,-0.00622,0.0153,0.0105,-0.01434,0.06234,0.01354,1,1,-0.113,0.074,in_circle,-0.0136,0.0464,0.0000,0.0000,0
143.476,1,3138,-0.01245,-0.00715,0.0273,-0.0213,-0.01389,0.05071,0.01395,1,1,-0.060,0.035,in_circle,-0.0133,0.0470,0.0000,0.0000,0
143.519,1,3139,-0.01128,-0.00779,0.0272,-0.0149,-0.01361,0.03732,0.01422,1,1,-0.111,0.166,in_circle,-0.0131,0.0476,0.0000,0.0000,0
143.562,1,3140,-0.01066,-0.00837,0.0143,-0.0134,-0.01620,0.02562,0.01465,1,1,-0.113,0.142,in_circle,-0.0130,0.0482,0.0000,0.0000,0
143.607,1,3141,-0.01034,-0.00936,0.0071,-0.0220,-0.02805,0.02234,0.01557,1,1,-0.063,0.138,in_circle,-0.0129,0.0488,0.0000,0.0000,0
143.650,1,3142,-0.01023,-0.00975,0.0027,-0.0091,-0.03180,0.02358,0.01594,1,1,-0.035,0.176,in_circle,-0.0128,0.0495,0.0000,0.0000,0
143.695,1,3143,-0.01035,-0.00964,-0.0027,0.0023,-0.02989,0.02465,0.01585,1,1,-0.017,0.126,in_circle,-0.0126,0.0501,0.0000,0.0000,0
143.740,1,3144,-0.01136,-0.00967,-0.0228,-0.0007,-0.03307,0.02382,0.01607,1,1,0.005,0.081,in_circle,-0.0125,0.0509,0.0000,0.0000,0
143.784,1,3145,-0.01219,-0.00985,-0.0189,-0.0040,-0.03403,0.02658,0.01645,1,1,0.088,0.093,in_circle,-0.0124,0.0516,0.0000,0.0000,0
143.827,1,3146,-0.01341,-0.00877,-0.0284,0.0250,-0.03085,0.03214,0.01580,1,1,0.074,0.108,in_circle,-0.0122,0.0522,0.0000,0.0000,0
143.872,1,3147,-0.01483,-0.00864,-0.0316,0.0029,-0.03467,0.04137,0.01624,1,1,0.116,-0.010,in_circle,-0.0119,0.0529,0.0000,0.0000,0
143.914,1,3148,-0.01613,-0.00706,-0.0305,0.0370,-0.02972,0.05184,0.01549,1,1,0.132,0.078,in_circle,-0.0116,0.0535,0.0000,0.0000,0
143.958,1,3149,-0.01716,-0.00623,-0.0236,0.0190,-0.02134,0.05874,0.01540,1,1,0.132,-0.061,in_circle,-0.0113,0.0541,0.0000,0.0000,0
144.004,1,3150,-0.01759,-0.00548,-0.0092,0.0164,-0.02384,0.06397,0.01509,1,1,0.107,0.009,in_circle,-0.0109,0.0546,0.0000,0.0000,0
144.047,1,3151,-0.01817,-0.00484,-0.0134,0.0147,-0.01400,0.06538,0.01500,1,1,0.051,0.018,in_circle,-0.0104,0.0552,0.0000,0.0000,0
144.092,1,3152,-0.01795,-0.00468,0.0048,0.0036,-0.01341,0.06577,0.01474,1,1,0.069,0.024,in_circle,-0.0100,0.0556,0.0000,0.0000,0
144.136,1,3153,-0.01810,-0.00406,-0.0034,0.0139,-0.01412,0.06447,0.01440,1,1,-0.004,0.068,in_circle,-0.0095,0.0561,0.0000,0.0000,0
144.180,1,3154,-0.01798,-0.00484,0.0026,-0.0177,-0.01482,0.06350,0.01488,1,1,0.030,0.026,in_circle,-0.0091,0.0566,0.0000,0.0000,0
144.224,1,3155,-0.01813,-0.00492,-0.0035,-0.0017,-0.01942,0.06207,0.01503,1,1,0.006,0.155,in_circle,-0.0086,0.0570,0.0000,0.0000,0
144.267,1,3156,-0.01827,-0.00477,-0.0031,0.0034,-0.01831,0.05797,0.01502,1,1,0.032,0.092,in_circle,-0.0082,0.0575,0.0000,0.0000,0
144.311,1,3157,-0.01760,-0.00555,0.0153,-0.0177,-0.02716,0.05177,0.01514,1,1,0.031,0.071,in_circle,-0.0077,0.0580,0.0000,0.0000,0
144.356,1,3158,-0.01802,-0.00642,-0.0093,-0.0191,-0.03077,0.04931,0.01608,1,1,-0.044,0.158,in_circle,-0.0073,0.0585,0.0000,0.0000,0
144.398,1,3159,-0.01798,-0.00689,0.0009,-0.0112,-0.03010,0.04528,0.01642,1,1,0.056,0.167,in_circle,-0.0068,0.0590,0.0000,0.0000,0
144.442,1,3160,-0.01811,-0.00731,-0.0029,-0.0095,-0.03637,0.04123,0.01683,1,1,0.015,0.137,in_circle,-0.0064,0.0596,0.0000,0.0000,0
144.487,1,3161,-0.01859,-0.00664,-0.0107,0.0147,-0.04057,0.04027,0.01662,1,1,0.031,0.132,in_circle,-0.0059,0.0602,0.0000,0.0000,0
144.531,1,3162,-0.01827,-0.00660,0.0074,0.0009,-0.03722,0.03818,0.01638,1,1,0.065,0.033,in_circle,-0.0054,0.0607,0.0000,0.0000,0
144.575,1,3163,-0.01835,-0.00603,-0.0018,0.0131,-0.03668,0.03948,0.01600,1,1,-0.008,0.089,in_circle,-0.0050,0.0613,0.0000,0.0000,0
144.618,1,3164,-0.01889,-0.00486,-0.0125,0.0271,-0.02849,0.03844,0.01552,1,1,0.029,0.040,in_circle,-0.0045,0.0618,0.0000,0.0000,0
144.663,1,3165,-0.01932,-0.00473,-0.0096,0.0029,-0.02924,0.03750,0.01574,1,1,0.074,-0.019,in_circle,-0.0040,0.0623,0.0000,0.0000,0
144.707,1,3166,-0.01949,-0.00503,-0.0039,-0.0069,-0.02348,0.03826,0.01607,1,1,0.064,0.078,in_circle,-0.0035,0.0628,0.0000,0.0000,0
144.751,1,3167,-0.02016,-0.00440,-0.0151,0.0142,-0.01463,0.04246,0.01615,1,1,0.042,0.119,in_circle,-0.0030,0.0632,0.0000,0.0000,0
144.795,1,3168,-0.02082,-0.00421,-0.0151,0.0042,-0.01802,0.04284,0.01655,1,1,0.089,0.033,in_circle,-0.0025,0.0637,0.0000,0.0000,0
144.840,1,3169,-0.02056,-0.00419,0.0056,0.0004,-0.02153,0.04262,0.01634,1,1,0.091,0.073,in_circle,-0.0019,0.0642,0.0000,0.0000,0
144.883,1,3170,-0.02083,-0.00519,-0.0061,-0.0232,-0.02077,0.04598,0.01717,1,1,0.008,0.088,in_circle,-0.0013,0.0646,0.0000,0.0000,0
144.928,1,3171,-0.02094,-0.00479,-0.0024,0.0087,-0.02215,0.05015,0.01700,1,1,0.056,0.186,in_circle,-0.0008,0.0651,0.0000,0.0000,0
144.970,1,3172,-0.02098,-0.00540,-0.0010,-0.0145,-0.02300,0.05064,0.01743,1,1,0.042,0.058,in_circle,-0.0002,0.0656,0.0000,0.0000,0
145.016,1,3173,-0.02083,-0.00597,0.0034,-0.0125,-0.03366,0.05130,0.01769,1,1,0.037,0.153,in_circle,0.0004,0.0661,0.0000,0.0000,0
145.058,1,3174,-0.02072,-0.00565,0.0025,0.0074,-0.02930,0.05009,0.01740,1,1,0.020,0.147,in_circle,0.0010,0.0666,0.0000,0.0000,0
145.104,1,3175,-0.02083,-0.00586,-0.0024,-0.0046,-0.03310,0.05040,0.01762,1,1,0.024,0.066,in_circle,0.0015,0.0671,0.0000,0.0000,0
145.148,1,3176,-0.02019,-0.00649,0.0146,-0.0143,-0.03354,0.05131,0.01759,1,1,0.044,0.116,in_circle,0.0021,0.0676,0.0000,0.0000,0
145.193,1,3177,-0.01969,-0.00606,0.0109,0.0095,-0.02869,0.04975,0.01694,1,1,-0.025,0.157,in_circle,0.0027,0.0682,0.0000,0.0000,0
145.280,1,3178,-0.01963,-0.00583,0.0007,0.0027,-0.03030,0.04989,0.01673,1,1,-0.010,0.062,in_circle,0.0038,0.0693,0.0000,0.0000,0
145.323,1,3179,-0.01978,-0.00538,-0.0034,0.0104,-0.03082,0.04881,0.01652,1,1,0.031,0.088,in_circle,0.0042,0.0698,0.0000,0.0000,0
145.367,1,3180,-0.01918,-0.00482,0.0133,0.0127,-0.02821,0.04707,0.01570,1,1,0.048,0.057,in_circle,0.0048,0.0703,0.0000,0.0000,0
145.410,1,3181,-0.01860,-0.00445,0.0136,0.0084,-0.02854,0.04676,0.01503,1,1,-0.020,0.047,in_circle,0.0053,0.0707,0.0000,0.0000,0
145.456,1,3182,-0.01863,-0.00510,-0.0007,-0.0142,-0.02613,0.04862,0.01551,1,1,-0.022,0.064,in_circle,0.0057,0.0712,0.0000,0.0000,0
145.498,1,3183,-0.01832,-0.00526,0.0073,-0.0037,-0.02198,0.04570,0.01541,1,1,0.036,0.156,in_circle,0.0062,0.0717,0.0000,0.0000,0
145.543,1,3184,-0.01835,-0.00596,-0.0006,-0.0156,-0.02473,0.04421,0.01595,1,1,0.004,0.115,in_circle,0.0067,0.0722,0.0000,0.0000,0
145.586,1,3185,-0.01782,-0.00581,0.0123,0.0034,-0.02973,0.04396,0.01549,1,1,0.036,0.165,in_circle,0.0071,0.0727,0.0000,0.0000,0
145.631,1,3186,-0.01737,-0.00550,0.0102,0.0069,-0.02703,0.04395,0.01496,1,1,-0.016,0.089,in_circle,0.0076,0.0732,0.0000,0.0000,0
145.674,1,3187,-0.01754,-0.00514,-0.0041,0.0085,-0.02939,0.04440,0.01480,1,1,-0.009,0.075,in_circle,0.0080,0.0737,0.0000,0.0000,0
145.720,1,3188,-0.01747,-0.00553,0.0017,-0.0085,-0.02939,0.04409,0.01504,1,1,0.049,0.068,in_circle,0.0084,0.0742,0.0000,0.0000,0
145.765,1,3189,-0.01736,-0.00512,0.0024,0.0090,-0.02862,0.04548,0.01467,1,1,0.026,0.138,in_circle,0.0089,0.0748,0.0000,0.0000,0
145.807,1,3190,-0.01700,-0.00547,0.0087,-0.0081,-0.02802,0.04493,0.01470,1,1,0.024,0.067,in_circle,0.0093,0.0752,0.0000,0.0000,0
145.851,1,3191,-0.01694,-0.00545,0.0014,0.0005,-0.02904,0.04556,0.01464,1,1,-0.002,0.137,in_circle,0.0097,0.0757,0.0000,0.0000,0
145.896,1,3192,-0.01708,-0.00541,-0.0031,0.0009,-0.02703,0.04508,0.01470,1,1,0.027,0.103,in_circle,0.0101,0.0762,0.0000,0.0000,0
145.938,1,3193,-0.01724,-0.00555,-0.0038,-0.0034,-0.03040,0.04591,0.01492,1,1,0.046,0.102,in_circle,0.0105,0.0767,0.0000,0.0000,0
145.984,1,3194,-0.01703,-0.00546,0.0045,0.0019,-0.02879,0.04473,0.01472,1,1,0.050,0.120,in_circle,0.0109,0.0772,0.0000,0.0000,0
146.027,1,3195,-0.01696,-0.00535,0.0017,0.0025,-0.02801,0.04521,0.01459,1,1,0.016,0.099,in_circle,0.0113,0.0778,0.0000,0.0000,0
146.071,1,3196,-0.01724,-0.00522,-0.0064,0.0030,-0.02930,0.04615,0.01467,1,1,0.028,0.097,in_circle,0.0117,0.0783,0.0000,0.0000,0
146.114,1,3197,-0.01708,-0.00549,0.0038,-0.0061,-0.02813,0.04542,0.01476,1,1,0.061,0.095,in_circle,0.0121,0.0787,0.0000,0.0000,0
146.159,1,3198,-0.01691,-0.00509,0.0038,0.0088,-0.02799,0.04467,0.01435,1,1,0.166,0.312,in_circle,0.0121,0.0787,0.1455,0.1802,1
146.202,1,3199,-0.01696,-0.00538,-0.0012,-0.0065,-0.02958,0.04550,0.01461,1,1,0.182,0.272,in_circle,0.0121,0.0787,0.1624,0.2008,1
