t,episode,step,xb,yb,vx,vy,alpha,beta,dist,in_circle,ball_found,a0,a1,status
1.652,1,0,0.13863,-0.10217,-0.0032,-0.0018,-0.01923,0.04551,0.18205,0,1,-1.000,1.000,running
1.739,1,1,0.13917,-0.10196,0.0062,0.0024,-0.04664,0.03765,0.18236,0,1,-1.000,1.000,running
1.784,1,2,0.13877,-0.10134,-0.0088,0.0140,-0.06711,0.01485,0.18167,0,1,-1.000,1.000,running
1.827,1,3,0.13835,-0.10091,-0.0097,0.0098,-0.07401,-0.00664,0.18108,0,1,-1.000,1.000,running
1.872,1,4,0.13774,-0.09965,-0.0135,0.0279,-0.10328,-0.05199,0.17985,0,1,-1.000,1.000,running
1.915,1,5,0.13653,-0.09791,-0.0281,0.0405,-0.10248,-0.10585,0.17785,0,1,-1.000,1.000,running
1.960,1,6,0.13349,-0.09463,-0.0688,0.0742,-0.09539,-0.12409,0.17347,0,1,-1.000,1.000,running
2.003,1,7,0.12837,-0.09157,-0.1173,0.0700,-0.09798,-0.10792,0.16752,0,1,-1.000,1.000,running
2.048,1,8,0.12209,-0.08843,-0.1419,0.0710,-0.10065,-0.09418,0.16059,0,1,-1.000,1.000,running
2.092,1,9,0.11373,-0.08420,-0.1870,0.0947,-0.10458,-0.07142,0.15135,0,1,-1.000,1.000,running
2.136,1,10,0.10437,-0.07881,-0.2135,0.1230,-0.10664,-0.03194,0.14062,0,1,-1.000,0.262,running
2.179,1,11,0.09444,-0.07152,-0.2333,0.1712,-0.11188,0.00905,0.12831,0,1,-1.000,0.178,running
2.224,1,12,0.08373,-0.06326,-0.2390,0.1843,-0.10993,0.04309,0.11478,0,1,-0.045,0.045,running
2.268,1,13,0.07298,-0.05418,-0.2427,0.2049,-0.09412,0.04157,0.10073,0,1,0.020,-0.022,running
2.311,1,14,0.06242,-0.04372,-0.2456,0.2433,-0.05183,0.02781,0.08604,0,1,0.082,-0.109,running
2.356,1,15,0.05117,-0.03295,-0.2506,0.2399,-0.01433,0.05551,0.07067,0,1,0.190,-0.284,running
2.399,1,16,0.04085,-0.02244,-0.2375,0.2419,0.01132,0.11029,0.05636,0,1,0.451,-0.504,running
2.452,1,17,0.04085,-0.02244,0.0000,0.0000,0.04781,0.15561,0.05636,0,0,0.625,-0.710,running
2.490,1,18,0.02377,-0.00359,-0.4497,0.4965,0.08360,0.18012,0.03300,1,1,-0.172,0.101,in_circle
2.533,1,19,0.01675,0.00349,-0.1639,0.1651,0.10313,0.18205,0.02468,1,1,0.800,-0.800,in_circle
2.577,1,20,0.01206,0.00917,-0.1054,0.1277,0.08765,0.17066,0.02011,1,1,0.581,-0.647,in_circle
2.621,1,21,0.00869,0.01403,-0.0769,0.1105,0.09397,0.14858,0.01834,1,1,0.358,-0.512,in_circle
2.665,1,22,0.00749,0.01682,-0.0275,0.0644,0.07799,0.12749,0.01873,1,1,0.252,-0.456,in_circle
2.709,1,23,0.00700,0.01851,-0.0110,0.0380,0.02908,0.09048,0.01938,1,1,0.057,-0.279,in_circle
2.753,1,24,0.00683,0.01923,-0.0040,0.0164,-0.00895,0.02677,0.01972,1,1,-0.008,-0.178,in_circle
2.798,1,25,0.00666,0.01904,-0.0036,-0.0042,-0.02798,-0.03405,0.01947,1,1,-0.037,-0.094,in_circle
2.841,1,26,0.00633,0.01933,-0.0079,0.0068,-0.05955,-0.08015,0.01942,1,1,-0.039,-0.011,in_circle
2.886,1,27,0.00378,0.02155,-0.0561,0.0490,-0.07154,-0.08138,0.01939,1,1,-0.021,-0.057,in_circle
2.929,1,28,0.00073,0.02330,-0.0706,0.0403,-0.06562,-0.04663,0.01928,1,1,0.178,-0.232,in_circle
2.974,1,29,-0.00319,0.02517,-0.0877,0.0421,-0.04490,0.00601,0.01972,1,1,0.243,-0.202,in_circle
3.018,1,30,-0.00888,0.02883,-0.1308,0.0840,-0.01008,0.06907,0.02286,1,1,0.321,-0.215,in_circle
3.060,1,31,-0.01332,0.03104,-0.1033,0.0513,0.02673,0.11463,0.02564,1,1,0.507,-0.392,in_circle
3.105,1,32,-0.01650,0.03367,-0.0711,0.0590,0.05144,0.15402,0.02901,1,1,0.409,-0.268,in_circle
3.149,1,33,-0.01845,0.03503,-0.0446,0.0311,0.07223,0.17547,0.03092,1,1,0.288,-0.307,in_circle
3.191,1,34,-0.01871,0.03603,-0.0062,0.0236,0.05874,0.17833,0.03195,1,1,0.188,-0.200,in_circle
3.237,1,35,-0.01731,0.03587,0.0310,-0.0034,0.02752,0.14649,0.03135,1,1,0.035,-0.174,in_circle
3.281,1,36,-0.01558,0.03481,0.0386,-0.0239,0.00076,0.08377,0.02984,1,1,-0.117,-0.067,in_circle
3.324,1,37,-0.01281,0.03398,0.0644,-0.0193,-0.03525,0.01567,0.02842,1,1,-0.151,0.017,in_circle
3.369,1,38,-0.01145,0.03303,0.0307,-0.0212,-0.06848,-0.03449,0.02728,1,1,-0.261,-0.001,in_circle
3.411,1,39,-0.00939,0.03269,0.0483,-0.0081,-0.08165,-0.05878,0.02673,1,1,-0.129,0.008,in_circle
3.456,1,40,-0.00976,0.03308,-0.0084,0.0089,-0.07044,-0.06524,0.02715,1,1,-0.205,-0.045,in_circle
3.501,1,41,-0.01074,0.03448,-0.0216,0.0308,-0.04613,-0.04779,0.02863,1,1,0.023,-0.115,in_circle
3.544,1,42,-0.01269,0.03611,-0.0449,0.0378,-0.01191,-0.00237,0.03051,1,1,0.078,-0.207,in_circle
3.591,1,43,-0.01472,0.03771,-0.0436,0.0344,0.02637,0.05103,0.03246,1,1,0.176,-0.241,in_circle
3.633,1,44,-0.01778,0.03843,-0.0732,0.0173,0.05570,0.11090,0.03393,1,1,0.177,-0.233,in_circle
3.677,1,45,-0.01931,0.03830,-0.0349,-0.0030,0.06427,0.15738,0.03429,1,1,0.303,-0.167,in_circle
3.763,1,46,-0.01804,0.03449,0.0147,-0.0439,0.01841,0.16313,0.03027,1,1,0.155,-0.089,in_circle
3.809,1,47,-0.01524,0.03245,0.0622,-0.0453,0.00929,0.14155,0.02747,1,1,-0.046,0.083,in_circle
3.852,1,48,-0.01074,0.02993,0.1037,-0.0580,-0.00367,0.12227,0.02411,1,1,-0.243,0.093,in_circle
3.896,1,49,-0.00490,0.02771,0.1318,-0.0502,-0.05703,0.08643,0.02190,1,1,-0.420,0.149,in_circle
3.941,1,50,0.00022,0.02610,0.1146,-0.0361,-0.08665,0.03409,0.02164,1,1,-0.547,0.122,in_circle
3.984,1,51,0.00498,0.02448,0.1094,-0.0371,-0.08384,-0.03194,0.02247,1,1,-0.491,0.069,in_circle
4.028,1,52,0.00846,0.02486,0.0792,0.0087,-0.07512,-0.08783,0.02490,1,1,-0.483,0.076,in_circle
4.073,1,53,0.01138,0.02520,0.0653,0.0075,-0.04699,-0.11476,0.02713,1,1,-0.372,-0.109,in_circle
4.116,1,54,0.01232,0.02673,0.0218,0.0355,-0.00365,-0.09626,0.02889,1,1,-0.324,-0.106,in_circle
4.162,1,55,0.01179,0.02785,-0.0116,0.0243,0.02737,-0.04836,0.02934,1,1,-0.154,-0.222,in_circle
4.206,1,56,0.01034,0.02789,-0.0331,0.0010,0.04384,0.01601,0.02843,1,1,-0.020,-0.182,in_circle
4.248,1,57,0.00866,0.02744,-0.0397,-0.0106,0.05178,0.07529,0.02703,1,1,0.069,-0.089,in_circle
4.293,1,58,0.00766,0.02670,-0.0224,-0.0164,0.03714,0.11279,0.02584,1,1,0.099,-0.043,in_circle
4.338,1,59,0.00748,0.02441,-0.0039,-0.0516,-0.00088,0.13569,0.02393,1,1,0.032,-0.019,in_circle
4.380,1,60,0.00722,0.02279,-0.0061,-0.0379,-0.03924,0.13915,0.02253,1,1,-0.043,0.127,in_circle
4.424,1,61,0.00923,0.02157,0.0457,-0.0278,-0.06536,0.11314,0.02307,1,1,-0.033,0.075,in_circle
4.467,1,62,0.01175,0.02126,0.0588,-0.0074,-0.08919,0.06875,0.02480,1,1,-0.247,0.038,in_circle
4.513,1,63,0.01388,0.02182,0.0461,0.0123,-0.08278,0.00518,0.02684,1,1,-0.306,-0.044,in_circle
4.557,1,64,0.01616,0.02276,0.0528,0.0216,-0.05100,-0.05735,0.02924,1,1,-0.262,-0.125,in_circle
4.600,1,65,0.01714,0.02546,0.0223,0.0617,-0.01627,-0.09191,0.03163,1,1,-0.295,-0.165,in_circle
4.644,1,66,0.01718,0.02708,0.0010,0.0373,0.02019,-0.09130,0.03269,1,1,-0.177,-0.333,in_circle
4.689,1,67,0.01484,0.02812,-0.0521,0.0232,0.05041,-0.05634,0.03165,1,1,-0.093,-0.241,in_circle
4.733,1,68,0.01203,0.02988,-0.0631,0.0394,0.07274,0.00442,0.03103,1,1,0.125,-0.188,in_circle
4.777,1,69,0.00877,0.02863,-0.0741,-0.0284,0.05311,0.05955,0.02805,1,1,0.175,-0.258,in_circle
4.822,1,70,0.00563,0.02809,-0.0707,-0.0121,0.01732,0.10373,0.02585,1,1,0.226,0.016,in_circle
4.865,1,71,0.00372,0.02633,-0.0436,-0.0402,-0.01620,0.13907,0.02336,1,1,0.220,-0.049,in_circle
4.910,1,72,0.00238,0.02471,-0.0302,-0.0364,-0.04266,0.15296,0.02130,1,1,0.116,0.066,in_circle
4.952,1,73,0.00249,0.02401,0.0024,-0.0164,-0.06036,0.14095,0.02074,1,1,0.065,0.055,in_circle
4.999,1,74,0.00437,0.02423,0.0407,0.0048,-0.06382,0.10801,0.02192,1,1,-0.066,-0.025,in_circle
5.040,1,75,0.00666,0.02494,0.0554,0.0172,-0.06000,0.04781,0.02383,1,1,-0.225,-0.111,in_circle
5.084,1,76,0.00890,0.02640,0.0510,0.0333,-0.03372,-0.01606,0.02637,1,1,-0.290,-0.163,in_circle
5.128,1,77,0.01144,0.02789,0.0582,0.0340,0.00610,-0.05917,0.02914,1,1,-0.279,-0.232,in_circle
5.173,1,78,0.01171,0.02956,0.0059,0.0371,0.04658,-0.08493,0.03059,1,1,-0.314,-0.239,in_circle
5.216,1,79,0.01118,0.02934,-0.0122,-0.0050,0.06588,-0.07867,0.03009,1,1,-0.107,-0.257,in_circle
5.260,1,80,0.00912,0.02834,-0.0473,-0.0230,0.06306,-0.04602,0.02802,1,1,-0.034,-0.089,in_circle
5.303,1,81,0.00607,0.02678,-0.0703,-0.0361,0.04179,0.00166,0.02498,1,1,0.111,-0.015,in_circle
5.349,1,82,0.00289,0.02472,-0.0691,-0.0447,0.00664,0.05741,0.02156,1,1,0.210,0.040,in_circle
5.393,1,83,-0.00006,0.02303,-0.0668,-0.0382,-0.03631,0.10717,0.01870,1,1,0.213,0.078,in_circle
5.437,1,84,-0.00194,0.02149,-0.0429,-0.0351,-0.06392,0.15133,0.01656,1,1,0.210,0.056,in_circle
5.481,1,85,-0.00239,0.02040,-0.0103,-0.0249,-0.07861,0.16960,0.01538,1,1,0.119,0.047,in_circle
5.526,1,86,-0.00187,0.02032,0.0117,-0.0018,-0.07156,0.15446,0.01550,1,1,-0.010,0.008,in_circle
5.569,1,87,0.00064,0.02122,0.0585,0.0210,-0.05043,0.10645,0.01740,1,1,-0.100,-0.085,in_circle
5.613,1,88,0.00359,0.02275,0.0659,0.0341,-0.01895,0.05136,0.02025,1,1,-0.294,-0.179,in_circle
5.657,1,89,0.00691,0.02326,0.0762,0.0118,0.02251,-0.00070,0.02268,1,1,-0.331,-0.236,in_circle
5.700,1,90,0.01001,0.02440,0.0714,0.0262,0.05710,-0.04158,0.02561,1,1,-0.381,-0.149,in_circle
5.789,1,91,0.01203,0.02335,0.0228,-0.0118,0.04543,-0.07694,0.02635,1,1,-0.372,-0.211,in_circle
5.832,1,92,0.01088,0.02201,-0.0266,-0.0308,0.04105,-0.06924,0.02460,1,1,-0.183,-0.057,in_circle
5.877,1,93,0.00878,0.01914,-0.0472,-0.0646,0.03084,-0.05646,0.02116,1,1,0.017,0.022,in_circle
5.921,1,94,0.00475,0.01713,-0.0915,-0.0457,-0.01763,-0.02485,0.01677,1,1,0.104,0.164,in_circle
5.965,1,95,0.00183,0.01502,-0.0662,-0.0479,-0.06046,0.03371,0.01320,1,1,0.290,0.092,in_circle
6.009,1,96,-0.00249,0.01356,-0.0982,-0.0333,-0.08293,0.09093,0.00924,1,1,0.196,0.106,in_circle
6.053,1,97,-0.00565,0.01356,-0.0717,0.0000,-0.07843,0.13488,0.00786,1,1,0.335,0.051,in_circle
6.097,1,98,-0.00729,0.01329,-0.0371,-0.0060,-0.06477,0.16018,0.00731,1,1,0.237,-0.082,in_circle
6.141,1,99,-0.00750,0.01446,-0.0047,0.0264,-0.03502,0.15594,0.00846,1,1,0.102,-0.058,in_circle
6.185,1,100,-0.00603,0.01523,0.0340,0.0177,0.00429,0.13329,0.00939,1,1,-0.027,-0.191,in_circle
6.230,1,101,-0.00433,0.01578,0.0379,0.0124,0.03242,0.09379,0.01038,1,1,-0.186,-0.158,in_circle
6.273,1,102,-0.00246,0.01629,0.0427,0.0117,0.04891,0.03038,0.01159,1,1,-0.206,-0.139,in_circle
6.317,1,103,0.00102,0.01614,0.0800,-0.0034,0.05222,-0.03406,0.01344,1,1,-0.230,-0.138,in_circle
6.363,1,104,0.00185,0.01502,0.0180,-0.0245,0.02773,-0.07448,0.01321,1,1,-0.388,-0.078,in_circle
6.405,1,105,0.00209,0.01346,0.0056,-0.0369,-0.00038,-0.08545,0.01238,1,1,-0.143,0.009,in_circle
6.450,1,106,0.00094,0.01244,-0.0254,-0.0227,-0.03868,-0.07374,0.01086,1,1,-0.094,0.062,in_circle
6.493,1,107,-0.00112,0.01067,-0.0480,-0.0411,-0.07361,-0.04865,0.00815,1,1,0.033,0.008,in_circle
6.536,1,108,-0.00382,0.01078,-0.0626,0.0026,-0.08834,-0.00065,0.00622,1,1,0.128,0.085,in_circle
6.592,1,109,-0.00382,0.01078,0.0000,0.0000,-0.07809,0.05893,0.00622,0,0,0.193,-0.090,in_circle
6.671,1,110,-0.01211,0.01408,-0.1057,0.0420,-0.02651,0.15776,0.00915,1,1,-0.058,-0.080,in_circle
6.713,1,111,-0.01245,0.01564,-0.0080,0.0372,0.00398,0.17077,0.01071,1,1,0.386,-0.256,in_circle
6.756,1,112,-0.01097,0.01779,0.0338,0.0491,0.01677,0.13922,0.01221,1,1,-0.004,-0.242,in_circle
6.802,1,113,-0.00879,0.01931,0.0478,0.0334,0.03098,0.10641,0.01335,1,1,-0.175,-0.295,in_circle
6.845,1,114,-0.00598,0.01970,0.0649,0.0091,0.04471,0.08458,0.01382,1,1,-0.236,-0.237,in_circle
6.889,1,115,-0.00202,0.01984,0.0898,0.0031,0.03324,0.05875,0.01500,1,1,-0.312,-0.141,in_circle
6.933,1,116,0.00239,0.02021,0.1014,0.0086,0.02125,0.01543,0.01749,1,1,-0.421,-0.118,in_circle
6.977,1,117,0.00573,0.01918,0.0754,-0.0233,-0.00978,-0.04281,0.01889,1,1,-0.479,-0.141,in_circle
7.021,1,118,0.00818,0.01936,0.0562,0.0041,-0.04578,-0.09917,0.02083,1,1,-0.384,-0.012,in_circle
7.067,1,119,0.00834,0.01938,0.0033,0.0003,-0.05462,-0.12609,0.02096,1,1,-0.314,-0.123,in_circle
7.108,1,120,0.00713,0.01992,-0.0299,0.0134,-0.05494,-0.11057,0.02041,1,1,-0.104,-0.108,in_circle
7.153,1,121,0.00377,0.02100,-0.0743,0.0239,-0.04203,-0.05177,0.01894,1,1,0.032,-0.162,in_circle
7.197,1,122,0.00019,0.02314,-0.0805,0.0483,-0.01458,0.02642,0.01892,1,1,0.217,-0.208,in_circle
7.241,1,123,-0.00437,0.02444,-0.1040,0.0295,0.02141,0.08802,0.01876,1,1,0.251,-0.312,in_circle
7.286,1,124,-0.00833,0.02519,-0.0895,0.0170,0.04595,0.11697,0.01920,1,1,0.356,-0.240,in_circle
7.329,1,125,-0.01134,0.02598,-0.0690,0.0180,0.06151,0.13252,0.02029,1,1,0.308,-0.193,in_circle
7.372,1,126,-0.01271,0.02527,-0.0322,-0.0166,0.04510,0.13791,0.01989,1,1,0.233,-0.200,in_circle
7.417,1,127,-0.01269,0.02516,0.0006,-0.0023,0.01993,0.12924,0.01978,1,1,0.090,-0.061,in_circle
7.460,1,128,-0.01206,0.02378,0.0144,-0.0319,-0.01855,0.10238,0.01828,1,1,-0.041,-0.118,in_circle
7.506,1,129,-0.01088,0.02272,0.0261,-0.0233,-0.05189,0.04747,0.01700,1,1,-0.098,0.003,in_circle
7.551,1,130,-0.00943,0.02222,0.0322,-0.0112,-0.06348,-0.01937,0.01630,1,1,-0.148,-0.030,in_circle
7.594,1,131,-0.00909,0.02275,0.0079,0.0125,-0.06087,-0.07025,0.01680,1,1,-0.175,-0.078,in_circle
7.637,1,132,-0.00962,0.02359,-0.0121,0.0193,-0.05250,-0.09331,0.01769,1,1,-0.079,-0.174,in_circle
7.682,1,133,-0.01167,0.02523,-0.0461,0.0368,-0.01812,-0.07308,0.01962,1,1,0.003,-0.205,in_circle
7.724,1,134,-0.01428,0.02659,-0.0618,0.0324,0.02393,-0.03196,0.02159,1,1,0.144,-0.279,in_circle
7.812,1,135,-0.02288,0.02900,-0.0978,0.0274,0.06293,0.08237,0.02750,1,1,0.214,-0.267,in_circle
7.859,1,136,-0.02611,0.02858,-0.0687,-0.0090,0.06099,0.11674,0.02907,1,1,0.380,-0.254,in_circle
7.902,1,137,-0.02854,0.02690,-0.0565,-0.0390,0.05138,0.12116,0.02944,1,1,0.272,-0.108,in_circle
7.944,1,138,-0.02962,0.02487,-0.0258,-0.0483,0.02721,0.12197,0.02885,1,1,0.231,0.015,in_circle
7.989,1,139,-0.03010,0.02254,-0.0106,-0.0517,-0.01650,0.11969,0.02776,1,1,0.111,0.056,in_circle
8.033,1,140,-0.02989,0.02032,0.0049,-0.0507,-0.05051,0.09853,0.02632,1,1,0.053,0.075,in_circle
8.076,1,141,-0.02899,0.01917,0.0204,-0.0262,-0.07690,0.05431,0.02495,1,1,-0.009,0.076,in_circle
8.121,1,142,-0.02750,0.01854,0.0338,-0.0141,-0.08399,-0.00418,0.02335,1,1,-0.072,-0.020,in_circle
8.164,1,143,-0.02745,0.01859,0.0011,0.0011,-0.06909,-0.04965,0.02334,1,1,-0.129,-0.067,in_circle
8.209,1,144,-0.02769,0.02010,-0.0054,0.0338,-0.04015,-0.07589,0.02438,1,1,0.003,-0.128,in_circle
8.254,1,145,-0.02936,0.02147,-0.0367,0.0301,0.00316,-0.06898,0.02654,1,1,0.031,-0.264,in_circle
8.297,1,146,-0.03217,0.02232,-0.0651,0.0198,0.03485,-0.03303,0.02933,1,1,0.161,-0.253,in_circle
8.341,1,147,-0.03585,0.02294,-0.0850,0.0143,0.06600,0.02259,0.03277,1,1,0.283,-0.215,in_circle
8.384,1,148,-0.03980,0.02237,-0.0921,-0.0134,0.06253,0.08956,0.03594,1,1,0.372,-0.195,in_circle
8.429,1,149,-0.04317,0.02150,-0.0738,-0.0190,0.03669,0.14543,0.03861,1,1,0.412,-0.083,in_circle
8.473,1,150,-0.04504,0.01974,-0.0428,-0.0402,0.00462,0.17689,0.03969,1,1,0.349,-0.060,in_circle
8.517,1,151,-0.04524,0.01751,-0.0046,-0.0511,-0.03275,0.17402,0.03917,1,1,0.231,0.029,in_circle
8.562,1,152,-0.04378,0.01533,0.0320,-0.0477,-0.05953,0.14219,0.03717,1,1,0.081,0.077,in_circle
8.604,1,153,-0.04176,0.01369,0.0482,-0.0392,-0.07711,0.09346,0.03482,1,1,-0.068,0.069,in_circle
8.648,1,154,-0.03943,0.01250,0.0535,-0.0274,-0.07813,0.04115,0.03229,1,1,-0.136,0.039,in_circle
8.692,1,155,-0.03741,0.01188,0.0456,-0.0141,-0.06036,-0.00460,0.03018,1,1,-0.162,-0.006,in_circle
8.736,1,156,-0.03583,0.01207,0.0358,0.0045,-0.02927,-0.04722,0.02868,1,1,-0.134,-0.058,in_circle
8.779,1,157,-0.03500,0.01238,0.0192,0.0070,0.01130,-0.07196,0.02794,1,1,-0.098,-0.133,in_circle
8.824,1,158,-0.03609,0.01164,-0.0243,-0.0164,0.04402,-0.05883,0.02885,1,1,-0.032,-0.144,in_circle
8.869,1,159,-0.03748,0.01036,-0.0306,-0.0283,0.05222,-0.02066,0.03000,1,1,0.146,-0.049,in_circle
8.914,1,160,-0.03966,0.00841,-0.0488,-0.0437,0.04032,0.04530,0.03195,1,1,0.176,0.002,in_circle
8.957,1,161,-0.04157,0.00634,-0.0445,-0.0483,0.01620,0.11254,0.03377,1,1,0.256,0.068,in_circle
9.001,1,162,-0.04298,0.00288,-0.0322,-0.0788,-0.02581,0.15308,0.03532,1,1,0.244,0.092,in_circle
9.045,1,163,-0.04361,-0.00028,-0.0140,-0.0713,-0.05696,0.16950,0.03635,1,1,0.201,0.223,in_circle
9.089,1,164,-0.04231,-0.00345,0.0296,-0.0726,-0.08261,0.15187,0.03578,1,1,0.131,0.201,in_circle
9.134,1,165,-0.04035,-0.00592,0.0438,-0.0551,-0.09428,0.11717,0.03466,1,1,-0.045,0.214,in_circle
9.176,1,166,-0.03729,-0.00774,0.0723,-0.0430,-0.08625,0.06326,0.03253,1,1,-0.106,0.151,in_circle
9.221,1,167,-0.03361,-0.00843,0.0810,-0.0152,-0.06473,0.00893,0.02957,1,1,-0.226,0.108,in_circle
9.265,1,168,-0.03092,-0.00771,0.0621,0.0166,-0.03067,-0.04040,0.02688,1,1,-0.269,-0.001,in_circle
9.310,1,169,-0.02920,-0.00791,0.0379,-0.0045,0.01261,-0.07729,0.02552,1,1,-0.199,-0.130,in_circle
9.353,1,170,-0.02878,-0.00816,0.0099,-0.0058,0.04324,-0.08912,0.02531,1,1,-0.105,-0.044,in_circle
9.397,1,171,-0.02999,-0.00986,-0.0273,-0.0384,0.06233,-0.06468,0.02728,1,1,0.006,-0.038,in_circle
9.441,1,172,-0.03259,-0.01159,-0.0597,-0.0397,0.04289,-0.00383,0.03040,1,1,0.159,0.098,in_circle
9.483,1,173,-0.03510,-0.01461,-0.0593,-0.0714,-0.00156,0.06675,0.03421,1,1,0.296,0.108,in_circle
9.528,1,174,-0.03763,-0.01763,-0.0565,-0.0673,-0.03203,0.11928,0.03806,1,1,0.302,0.244,in_circle
9.573,1,175,-0.03914,-0.02041,-0.0335,-0.0617,-0.06125,0.14316,0.04099,1,1,0.299,0.236,in_circle
9.617,1,176,-0.04008,-0.02320,-0.0211,-0.0629,-0.10064,0.15384,0.04353,1,1,0.212,0.220,in_circle
9.659,1,177,-0.03948,-0.02424,0.0143,-0.0247,-0.10076,0.14327,0.04379,1,1,0.169,0.231,in_circle
9.707,1,178,-0.03805,-0.02510,0.0300,-0.0181,-0.07931,0.11050,0.04338,1,1,0.033,0.088,in_circle
9.749,1,179,-0.03595,-0.02466,0.0494,0.0104,-0.05250,0.05866,0.04162,1,1,-0.032,0.066,in_circle
9.839,1,180,-0.03256,-0.02343,0.0380,0.0137,0.01808,-0.05628,0.03846,1,1,-0.115,-0.046,in_circle
9.881,1,181,-0.03243,-0.02272,0.0033,0.0168,0.01931,-0.07709,0.03783,1,1,-0.083,-0.065,in_circle
9.925,1,182,-0.03350,-0.02289,-0.0244,-0.0040,0.02981,-0.06383,0.03867,1,1,0.057,-0.078,in_circle
9.969,1,183,-0.03573,-0.02368,-0.0500,-0.0176,0.03926,-0.04091,0.04075,1,1,0.171,0.007,in_circle
10.013,1,184,-0.03906,-0.02509,-0.0762,-0.0323,0.01002,-0.00316,0.04409,1,1,0.280,0.066,in_circle
10.056,1,185,-0.04287,-0.02641,-0.0888,-0.0307,-0.02079,0.05161,0.04775,0,1,0.389,0.130,running
10.101,1,186,-0.04652,-0.02809,-0.0813,-0.0374,-0.05645,0.09953,0.05159,0,1,0.443,0.130,running
10.146,1,187,-0.04933,-0.02845,-0.0630,-0.0080,-0.08515,0.14437,0.05395,0,1,0.422,0.162,running
10.189,1,188,-0.05148,-0.02883,-0.0492,-0.0089,-0.08784,0.17276,0.05587,0,1,0.367,0.064,running
10.233,1,189,-0.05194,-0.02799,-0.0106,0.0193,-0.07499,0.17062,0.05571,0,1,0.328,0.072,running
10.277,1,190,-0.05126,-0.02701,0.0151,0.0220,-0.04900,0.14708,0.05458,0,1,0.202,-0.024,running
10.321,1,191,-0.04938,-0.02530,0.0435,0.0394,-0.00845,0.10484,0.05204,0,1,0.112,-0.038,running
10.365,1,192,-0.04691,-0.02429,0.0564,0.0230,0.02861,0.04466,0.04947,0,1,0.001,-0.109,running
10.409,1,193,-0.04494,-0.02385,0.0440,0.0100,0.04207,-0.00877,0.04765,0,1,-0.061,-0.060,running
10.454,1,194,-0.04339,-0.02451,0.0345,-0.0148,0.04306,-0.04596,0.04688,0,1,-0.027,-0.016,running
10.497,1,195,-0.04345,-0.02507,-0.0015,-0.0132,0.02439,-0.06690,0.04729,0,1,0.002,0.078,running
10.542,1,196,-0.04415,-0.02630,-0.0153,-0.0272,-0.01520,-0.06003,0.04863,0,1,0.139,0.075,running
10.584,1,197,-0.04618,-0.02739,-0.0483,-0.0257,-0.04874,-0.02288,0.05087,0,1,0.195,0.133,running
10.629,1,198,-0.04883,-0.02826,-0.0586,-0.0192,-0.07669,0.03711,0.05345,0,1,0.323,0.134,running
10.673,1,199,-0.05195,-0.02761,-0.0717,0.0148,-0.08458,0.10361,0.05549,0,1,0.370,0.117,running
10.716,1,200,-0.05472,-0.02635,-0.0636,0.0290,-0.07689,0.15583,0.05699,0,1,0.425,0.003,running
10.762,1,201,-0.05628,-0.02495,-0.0342,0.0306,-0.05151,0.18182,0.05752,0,1,0.409,-0.043,running
10.804,1,202,-0.05631,-0.02337,-0.0007,0.0379,-0.01759,0.17030,0.05671,0,1,0.319,-0.050,running
10.849,1,203,-0.05434,-0.02255,0.0441,0.0182,0.02412,0.14426,0.05460,0,1,0.209,-0.081,running
10.895,1,204,-0.05152,-0.02204,0.0614,0.0111,0.03442,0.10435,0.05194,0,1,0.046,-0.021,running
10.937,1,205,-0.04846,-0.02203,0.0723,0.0003,0.03628,0.05286,0.04939,0,1,-0.032,-0.002,running
10.981,1,206,-0.04536,-0.02238,0.0707,-0.0079,0.02129,0.00465,0.04708,0,1,-0.091,0.033,running
11.026,1,207,-0.04248,-0.02325,0.0645,-0.0196,-0.01543,-0.04431,0.04537,1,1,-0.103,0.063,in_circle
11.069,1,208,-0.04105,-0.02431,0.0327,-0.0242,-0.04989,-0.07778,0.04499,1,1,-0.094,0.109,in_circle
11.113,1,209,-0.04097,-0.02424,0.0018,0.0016,-0.07771,-0.07312,0.04489,1,1,0.022,0.130,in_circle
11.157,1,210,-0.04192,-0.02341,-0.0213,0.0187,-0.08517,-0.04106,0.04505,1,1,0.141,0.033,in_circle
11.200,1,211,-0.04433,-0.02137,-0.0561,0.0475,-0.07688,0.02317,0.04564,0,1,0.233,-0.032,running
11.244,1,212,-0.04674,-0.01834,-0.0547,0.0687,-0.05212,0.09332,0.04592,0,1,0.373,-0.144,running
11.288,1,213,-0.04870,-0.01585,-0.0449,0.0571,-0.00721,0.14239,0.04637,0,1,0.376,-0.231,running
11.333,1,214,-0.04980,-0.01369,-0.0245,0.0482,0.02973,0.16683,0.04639,0,1,0.346,-0.191,running
11.377,1,215,-0.04885,-0.01195,0.0219,0.0400,0.05411,0.16899,0.04480,1,1,0.275,-0.163,in_circle
11.420,1,216,-0.04678,-0.01106,0.0473,0.0202,0.05293,0.15137,0.04255,1,1,0.096,-0.141,in_circle
11.463,1,217,-0.04317,-0.01089,0.0838,0.0039,0.02985,0.10949,0.03920,1,1,-0.013,-0.071,in_circle
11.510,1,218,-0.03895,-0.01131,0.0910,-0.0090,-0.00025,0.05517,0.03563,1,1,-0.177,-0.010,in_circle
11.553,1,219,-0.03497,-0.01212,0.0918,-0.0188,-0.03977,-0.00605,0.03266,1,1,-0.215,0.044,in_circle
11.597,1,220,-0.03170,-0.01242,0.0741,-0.0068,-0.06855,-0.05926,0.03018,1,1,-0.227,0.086,in_circle
11.641,1,221,-0.03032,-0.01210,0.0313,0.0075,-0.07959,-0.08968,0.02889,1,1,-0.163,0.040,in_circle
11.685,1,222,-0.02952,-0.01130,0.0183,0.0181,-0.07273,-0.08365,0.02777,1,1,0.006,-0.018,in_circle
11.728,1,223,-0.02954,-0.01001,-0.0006,0.0298,-0.05371,-0.04322,0.02700,1,1,0.057,-0.061,in_circle
11.773,1,224,-0.03133,-0.00772,-0.0399,0.0512,-0.01855,0.02141,0.02724,1,1,0.133,-0.111,in_circle
11.860,1,225,-0.03537,-0.00484,-0.0464,0.0331,0.04690,0.12727,0.02962,1,1,0.297,-0.201,in_circle
11.906,1,226,-0.03628,-0.00480,-0.0199,0.0009,0.04402,0.14407,0.03045,1,1,0.334,-0.135,in_circle
11.948,1,227,-0.03573,-0.00506,0.0129,-0.0063,0.05155,0.14610,0.03004,1,1,0.232,-0.006,in_circle
11.994,1,228,-0.03382,-0.00627,0.0420,-0.0266,0.03590,0.14235,0.02877,1,1,0.101,0.024,in_circle
12.037,1,229,-0.03109,-0.00865,0.0627,-0.0545,-0.01406,0.12805,0.02751,1,1,-0.020,0.109,in_circle
12.080,1,230,-0.02767,-0.01044,0.0792,-0.0415,-0.04557,0.07632,0.02579,1,1,-0.108,0.227,in_circle
12.125,1,231,-0.02349,-0.01258,0.0943,-0.0484,-0.07054,0.00850,0.02432,1,1,-0.182,0.180,in_circle
12.169,1,232,-0.01943,-0.01358,0.0917,-0.0227,-0.09624,-0.05206,0.02278,1,1,-0.252,0.214,in_circle
12.212,1,233,-0.01752,-0.01346,0.0444,0.0028,-0.08834,-0.08239,0.02176,1,1,-0.251,0.114,in_circle
12.256,1,234,-0.01735,-0.01330,0.0039,0.0037,-0.06237,-0.08531,0.02153,1,1,-0.066,0.013,in_circle
12.301,1,235,-0.01806,-0.01172,-0.0158,0.0352,-0.03960,-0.06361,0.02047,1,1,0.096,0.010,in_circle
12.344,1,236,-0.01994,-0.01022,-0.0439,0.0351,-0.00439,-0.01481,0.02026,1,1,0.177,-0.119,in_circle
12.388,1,237,-0.02244,-0.00879,-0.0570,0.0325,0.02857,0.04607,0.02081,1,1,0.294,-0.122,in_circle
12.434,1,238,-0.02589,-0.00762,-0.0750,0.0254,0.03945,0.10429,0.02264,1,1,0.354,-0.114,in_circle
12.479,1,239,-0.02712,-0.00746,-0.0272,0.0035,0.04427,0.15081,0.02355,1,1,0.435,-0.088,in_circle
12.522,1,240,-0.02755,-0.00833,-0.0101,-0.0202,0.02172,0.17499,0.02440,1,1,0.248,-0.000,in_circle
12.564,1,241,-0.02706,-0.00979,0.0118,-0.0348,-0.00596,0.17165,0.02490,1,1,0.181,0.097,in_circle
12.610,1,242,-0.02472,-0.01089,0.0507,-0.0239,-0.03833,0.14717,0.02391,1,1,0.093,0.160,in_circle
12.652,1,243,-0.02097,-0.01232,0.0903,-0.0344,-0.07601,0.09663,0.02256,1,1,-0.067,0.120,in_circle
12.698,1,244,-0.01764,-0.01266,0.0714,-0.0074,-0.09635,0.03457,0.02110,1,1,-0.234,0.166,in_circle
12.742,1,245,-0.01349,-0.01168,0.0957,0.0227,-0.08078,-0.01933,0.01857,1,1,-0.167,0.060,in_circle
12.786,1,246,-0.00963,-0.01019,0.0875,0.0339,-0.06068,-0.06440,0.01629,1,1,-0.274,-0.062,in_circle
12.829,1,247,-0.00844,-0.00861,0.0272,0.0363,-0.03622,-0.08377,0.01462,1,1,-0.251,-0.110,in_circle
12.872,1,248,-0.00790,-0.00705,0.0128,0.0366,0.00410,-0.06453,0.01305,1,1,-0.013,-0.123,in_circle
12.917,1,249,-0.00899,-0.00604,-0.0244,0.0226,0.03793,-0.03176,0.01210,1,1,0.043,-0.128,in_circle
12.960,1,250,-0.01125,-0.00559,-0.0516,0.0101,0.04719,0.02990,0.01210,1,1,0.195,-0.073,in_circle
13.006,1,251,-0.01388,-0.00645,-0.0572,-0.0185,0.03904,0.09660,0.01385,1,1,0.310,-0.024,in_circle
13.050,1,252,-0.01526,-0.00863,-0.0314,-0.0495,0.01397,0.14166,0.01642,1,1,0.339,0.093,in_circle
13.093,1,253,-0.01602,-0.01079,-0.0177,-0.0506,-0.03074,0.16752,0.01869,1,1,0.240,0.223,in_circle
13.136,1,254,-0.01480,-0.01283,0.0284,-0.0473,-0.05837,0.16268,0.02008,1,1,0.187,0.234,in_circle
13.182,1,255,-0.01235,-0.01506,0.0536,-0.0488,-0.08651,0.13487,0.02154,1,1,-0.000,0.226,in_circle
13.227,1,256,-0.00850,-0.01578,0.0853,-0.0161,-0.09764,0.08356,0.02180,1,1,-0.107,0.239,in_circle
13.269,1,257,-0.00489,-0.01605,0.0868,-0.0064,-0.08196,0.03144,0.02224,1,1,-0.243,0.111,in_circle
13.314,1,258,-0.00095,-0.01530,0.0870,0.0166,-0.06046,-0.02688,0.02237,1,1,-0.258,0.074,in_circle
13.357,1,259,0.00174,-0.01351,0.0629,0.0417,-0.02784,-0.07125,0.02172,1,1,-0.270,-0.019,in_circle
13.401,1,260,0.00290,-0.01346,0.0261,0.0011,0.01630,-0.09169,0.02221,1,1,-0.180,-0.123,in_circle
13.445,1,261,0.00286,-0.01240,-0.0008,0.0238,0.04481,-0.07692,0.02127,1,1,-0.036,0.040,in_circle
13.491,1,262,0.00036,-0.01276,-0.0545,-0.0077,0.05556,-0.02705,0.02046,1,1,0.071,-0.053,in_circle
13.535,1,263,-0.00268,-0.01409,-0.0703,-0.0308,0.02864,0.03567,0.02073,1,1,0.292,0.075,in_circle
13.577,1,264,-0.00558,-0.01628,-0.0687,-0.0517,-0.00544,0.09173,0.02239,1,1,0.362,0.171,in_circle
13.620,1,265,-0.00785,-0.01917,-0.0526,-0.0672,-0.03065,0.12836,0.02517,1,1,0.363,0.261,in_circle
13.663,1,266,-0.00979,-0.02110,-0.0446,-0.0444,-0.06426,0.15361,0.02717,1,1,0.304,0.332,in_circle
13.710,1,267,-0.00976,-0.02244,0.0006,-0.0288,-0.10056,0.15760,0.02851,1,1,0.277,0.247,in_circle
13.753,1,268,-0.00895,-0.02344,0.0189,-0.0235,-0.10469,0.13623,0.02946,1,1,0.096,0.189,in_circle
13.798,1,269,-0.00604,-0.02319,0.0642,0.0056,-0.08490,0.09395,0.02924,1,1,0.021,0.171,in_circle
13.885,1,270,-0.00064,-0.02055,0.0618,0.0302,-0.01721,-0.02606,0.02750,1,1,-0.167,0.057,in_circle
13.929,1,271,0.00121,-0.01855,0.0420,0.0453,-0.01184,-0.05456,0.02615,1,1,-0.172,-0.047,in_circle
13.974,1,272,0.00127,-0.01739,0.0014,0.0261,-0.00187,-0.04769,0.02508,1,1,-0.097,-0.111,in_circle
14.018,1,273,0.00049,-0.01560,-0.0180,0.0409,0.03442,-0.04470,0.02313,1,1,0.065,-0.036,in_circle
14.060,1,274,-0.00172,-0.01580,-0.0518,-0.0048,0.03074,-0.02836,0.02263,1,1,0.144,-0.099,in_circle
14.106,1,275,-0.00417,-0.01544,-0.0536,0.0079,0.01484,0.01822,0.02175,1,1,0.284,0.085,in_circle
14.147,1,276,-0.00737,-0.01661,-0.0774,-0.0283,-0.00211,0.08029,0.02262,1,1,0.297,0.035,in_circle
14.192,1,277,-0.00908,-0.01789,-0.0383,-0.0286,-0.03240,0.14365,0.02392,1,1,0.400,0.183,in_circle
14.236,1,278,-0.01073,-0.01919,-0.0372,-0.0294,-0.06365,0.18023,0.02536,1,1,0.248,0.189,in_circle
14.281,1,279,-0.01056,-0.01960,0.0039,-0.0092,-0.07704,0.16955,0.02575,1,1,0.248,0.196,in_circle
14.325,1,280,-0.00832,-0.01929,0.0505,0.0071,-0.08286,0.14569,0.02529,1,1,0.084,0.118,in_circle
14.368,1,281,-0.00480,-0.01861,0.0824,0.0158,-0.06757,0.10980,0.02480,1,1,-0.108,0.053,in_circle
14.414,1,282,-0.00093,-0.01707,0.0846,0.0337,-0.04152,0.05535,0.02407,1,1,-0.245,0.018,in_circle
14.457,1,283,0.00289,-0.01553,0.0873,0.0351,0.00043,0.00399,0.02404,1,1,-0.264,-0.057,in_circle
14.500,1,284,0.00660,-0.01490,0.0872,0.0150,0.03275,-0.03793,0.02538,1,1,-0.285,-0.065,in_circle
14.546,1,285,0.00788,-0.01468,0.0277,0.0046,0.04479,-0.06812,0.02596,1,1,-0.294,0.014,in_circle
14.590,1,286,0.00899,-0.01540,0.0252,-0.0163,0.03857,-0.07671,0.02720,1,1,-0.060,0.056,in_circle
14.634,1,287,0.00738,-0.01697,-0.0369,-0.0358,0.01090,-0.05452,0.02753,1,1,-0.054,0.143,in_circle
14.676,1,288,0.00494,-0.01876,-0.0581,-0.0429,-0.02932,-0.01707,0.02785,1,1,0.198,0.225,in_circle
14.722,1,289,0.00133,-0.02005,-0.0782,-0.0277,-0.06586,0.04689,0.02760,1,1,0.289,0.260,in_circle
14.766,1,290,-0.00188,-0.02098,-0.0732,-0.0213,-0.09394,0.10765,0.02762,1,1,0.378,0.203,in_circle
14.810,1,291,-0.00369,-0.02133,-0.0411,-0.0078,-0.10530,0.14812,0.02763,1,1,0.365,0.181,in_circle
14.853,1,292,-0.00535,-0.02034,-0.0379,0.0225,-0.08277,0.17009,0.02646,1,1,0.241,0.129,in_circle
14.897,1,293,-0.00451,-0.01958,0.0192,0.0175,-0.04973,0.16329,0.02579,1,1,0.233,0.006,in_circle
14.940,1,294,-0.00229,-0.01814,0.0515,0.0336,-0.01439,0.13553,0.02476,1,1,0.002,0.026,in_circle
14.986,1,295,0.00092,-0.01666,0.0701,0.0323,0.02099,0.08947,0.02428,1,1,-0.133,-0.041,in_circle
15.028,1,296,0.00404,-0.01591,0.0736,0.0176,0.03172,0.03468,0.02491,1,1,-0.216,-0.039,in_circle
15.073,1,297,0.00821,-0.01586,0.0941,0.0012,0.03124,-0.02198,0.02710,1,1,-0.238,0.019,in_circle
15.119,1,298,0.00994,-0.01645,0.0374,-0.0127,0.02055,-0.06875,0.02862,1,1,-0.331,0.086,in_circle
15.161,1,299,0.01058,-0.01739,0.0150,-0.0222,-0.01825,-0.09194,0.02974,1,1,-0.110,0.144,in_circle
15.205,1,300,0.01038,-0.01872,-0.0046,-0.0306,-0.05425,-0.08235,0.03068,1,1,-0.022,0.185,in_circle
15.248,1,301,0.00825,-0.02028,-0.0486,-0.0355,-0.08276,-0.05716,0.03079,1,1,0.056,0.223,in_circle
15.292,1,302,0.00376,-0.01997,-0.1032,0.0069,-0.09631,0.00249,0.02843,1,1,0.236,0.248,in_circle
15.337,1,303,0.00018,-0.01974,-0.0794,0.0053,-0.08745,0.06866,0.02694,1,1,0.465,0.078,in_circle
15.382,1,304,-0.00360,-0.01823,-0.0845,0.0337,-0.07096,0.11846,0.02459,1,1,0.379,0.086,in_circle
15.426,1,305,-0.00667,-0.01591,-0.0690,0.0521,-0.04431,0.15941,0.02194,1,1,0.409,-0.031,in_circle
15.469,1,306,-0.00713,-0.01460,-0.0107,0.0306,-0.00491,0.17479,0.02061,1,1,0.354,-0.109,in_circle
15.513,1,307,-0.00714,-0.01222,-0.0001,0.0541,0.03317,0.15967,0.01823,1,1,0.122,-0.026,in_circle
15.556,1,308,-0.00489,-0.01145,0.0528,0.0181,0.04879,0.12876,0.01769,1,1,0.080,-0.125,in_circle
15.600,1,309,-0.00174,-0.01150,0.0705,-0.0011,0.03873,0.07342,0.01852,1,1,-0.138,0.018,in_circle
15.646,1,310,0.00100,-0.01192,0.0595,-0.0092,0.02354,0.01059,0.01997,1,1,-0.217,0.096,in_circle
15.690,1,311,0.00356,-0.01292,0.0589,-0.0230,-0.00274,-0.03989,0.02207,1,1,-0.180,0.130,in_circle
15.732,1,312,0.00453,-0.01483,0.0229,-0.0451,-0.04540,-0.07031,0.02421,1,1,-0.184,0.189,in_circle
15.777,1,313,0.00494,-0.01592,0.0091,-0.0241,-0.07574,-0.07402,0.02535,1,1,-0.043,0.282,in_circle
15.821,1,314,0.00310,-0.01658,-0.0419,-0.0150,-0.09605,-0.04943,0.02507,1,1,0.010,0.202,in_circle
15.954,1,315,-0.00641,-0.01196,-0.0719,0.0349,-0.07451,0.08758,0.01802,1,1,0.218,0.170,in_circle
15.997,1,316,-0.00887,-0.00872,-0.0568,0.0749,-0.06290,0.09973,0.01476,1,1,0.361,-0.040,in_circle
16.041,1,317,-0.01069,-0.00534,-0.0411,0.0765,-0.03688,0.09877,0.01170,1,1,0.307,-0.207,in_circle
16.086,1,318,-0.01254,-0.00308,-0.0413,0.0502,-0.01326,0.10289,0.01025,1,1,0.249,-0.222,in_circle
16.130,1,319,-0.01335,-0.00077,-0.0185,0.0527,0.02969,0.09869,0.00876,1,1,0.255,-0.122,in_circle
16.173,1,320,-0.01320,0.00121,0.0035,0.0457,0.05104,0.09552,0.00722,1,1,0.166,-0.137,in_circle
16.219,1,321,-0.01280,0.00093,0.0089,-0.0062,0.03370,0.07873,0.00712,1,1,0.078,-0.114,in_circle
16.260,1,322,-0.01142,0.00059,0.0329,-0.0083,0.02134,0.05818,0.00651,1,1,0.055,0.095,in_circle
16.305,1,323,-0.00969,-0.00101,0.0388,-0.0357,-0.00820,0.02011,0.00726,1,1,-0.044,0.104,in_circle
16.350,1,324,-0.00933,-0.00189,0.0081,-0.0197,-0.05165,-0.02248,0.00804,1,1,-0.072,0.218,in_circle
16.393,1,325,-0.01017,-0.00356,-0.0196,-0.0387,-0.07837,-0.04167,0.00985,1,1,0.050,0.156,in_circle
16.438,1,326,-0.01069,-0.00392,-0.0116,-0.0080,-0.09207,-0.03934,0.01034,1,1,0.163,0.237,in_circle
16.480,1,327,-0.01243,-0.00391,-0.0413,0.0004,-0.08781,-0.01294,0.01094,1,1,0.132,0.116,in_circle
16.525,1,328,-0.01487,-0.00464,-0.0540,-0.0163,-0.06772,0.03720,0.01278,1,1,0.256,0.082,in_circle
16.569,1,329,-0.01785,-0.00348,-0.0678,0.0265,-0.04346,0.09464,0.01382,1,1,0.313,0.152,in_circle
16.613,1,330,-0.01967,-0.00290,-0.0417,0.0132,0.00164,0.14329,0.01484,1,1,0.376,-0.022,in_circle
16.658,1,331,-0.02029,-0.00277,-0.0136,0.0029,0.01601,0.17415,0.01526,1,1,0.277,0.030,in_circle
16.702,1,332,-0.01856,-0.00319,0.0394,-0.0095,0.02474,0.18035,0.01415,1,1,0.167,0.071,in_circle
16.746,1,333,-0.01676,-0.00451,0.0412,-0.0304,0.02542,0.15751,0.01381,1,1,-0.049,0.122,in_circle
16.790,1,334,-0.01213,-0.00610,0.1048,-0.0359,-0.00429,0.10768,0.01285,1,1,-0.061,0.210,in_circle
16.833,1,335,-0.00803,-0.00858,0.0944,-0.0570,-0.03878,0.04098,0.01458,1,1,-0.326,0.236,in_circle
16.877,1,336,-0.00429,-0.01074,0.0859,-0.0498,-0.07254,-0.02110,0.01711,1,1,-0.295,0.327,in_circle
16.921,1,337,-0.00043,-0.01315,0.0865,-0.0540,-0.09335,-0.05912,0.02052,1,1,-0.271,0.305,in_circle
16.965,1,338,0.00094,-0.01321,0.0311,-0.0014,-0.09640,-0.07494,0.02111,1,1,-0.283,0.328,in_circle
17.010,1,339,0.00173,-0.01313,0.0178,0.0019,-0.08944,-0.06185,0.02137,1,1,-0.065,0.119,in_circle
17.055,1,340,0.00056,-0.01322,-0.0260,-0.0021,-0.07021,-0.02538,0.02096,1,1,-0.014,0.106,in_circle
17.097,1,341,-0.00068,-0.01228,-0.0292,0.0224,-0.03455,0.02900,0.01961,1,1,0.163,0.124,in_circle
17.141,1,342,-0.00193,-0.01081,-0.0284,0.0333,0.00185,0.08008,0.01780,1,1,0.179,0.024,in_circle
17.184,1,343,-0.00326,-0.00996,-0.0311,0.0197,0.02513,0.12175,0.01660,1,1,0.179,-0.023,in_circle
17.229,1,344,-0.00371,-0.00994,-0.0100,0.0006,0.02863,0.15458,0.01646,1,1,0.193,0.030,in_circle
17.273,1,345,-0.00243,-0.01077,0.0288,-0.0188,0.02553,0.16284,0.01761,1,1,0.109,0.108,in_circle
17.317,1,346,0.00022,-0.01207,0.0595,-0.0292,-0.00022,0.13898,0.01977,1,1,-0.050,0.188,in_circle
17.360,1,347,0.00310,-0.01359,0.0669,-0.0354,-0.03455,0.08925,0.02242,1,1,-0.179,0.233,in_circle
17.405,1,348,0.00709,-0.01515,0.0903,-0.0353,-0.07000,0.02735,0.02587,1,1,-0.216,0.263,in_circle
17.450,1,349,0.01007,-0.01542,0.0662,-0.0058,-0.09235,-0.02610,0.02789,1,1,-0.321,0.267,in_circle
17.492,1,350,0.01296,-0.01619,0.0680,-0.0183,-0.09406,-0.06229,0.03039,1,1,-0.233,0.151,in_circle
17.538,1,351,0.01409,-0.01575,0.0248,0.0097,-0.08075,-0.07912,0.03086,1,1,-0.248,0.204,in_circle
17.582,1,352,0.01439,-0.01475,0.0068,0.0227,-0.05732,-0.07161,0.03038,1,1,-0.079,0.092,in_circle
17.625,1,353,0.01322,-0.01219,-0.0274,0.0598,-0.01858,-0.02808,0.02780,1,1,-0.009,0.038,in_circle
17.669,1,354,0.01239,-0.00999,-0.0188,0.0497,0.00767,0.03225,0.02576,1,1,0.130,-0.116,in_circle
17.714,1,355,0.01151,-0.00749,-0.0193,0.0554,0.03428,0.09764,0.02356,1,1,0.097,-0.080,in_circle
17.757,1,356,0.01179,-0.00615,0.0063,0.0311,0.04842,0.15027,0.02305,1,1,0.100,-0.109,in_circle
17.802,1,357,0.01400,-0.00571,0.0487,0.0098,0.03711,0.16912,0.02474,1,1,-0.004,-0.014,in_circle
17.845,1,358,0.01773,-0.00609,0.0869,-0.0089,0.01404,0.15125,0.02825,1,1,-0.180,0.070,in_circle
17.934,1,359,0.02780,-0.00779,0.1136,-0.0192,-0.05241,0.04151,0.03818,1,1,-0.344,0.147,in_circle
17.977,1,360,0.03378,-0.00889,0.1397,-0.0256,-0.05808,0.00137,0.04417,1,1,-0.478,0.193,in_circle
18.023,1,361,0.03877,-0.00918,0.1082,-0.0064,-0.06196,-0.00161,0.04899,0,1,-0.584,0.221,running
18.065,1,362,0.04310,-0.00852,0.1038,0.0159,-0.07806,-0.01386,0.05293,0,1,-0.469,0.151,running
18.110,1,363,0.04538,-0.00591,0.0502,0.0573,-0.07167,-0.04632,0.05450,0,1,-0.462,0.074,running
18.155,1,364,0.04876,-0.00303,0.0747,0.0637,-0.04679,-0.06382,0.05727,0,1,-0.286,-0.073,running
18.197,1,365,0.05022,-0.00016,0.0351,0.0687,-0.01473,-0.05096,0.05835,0,1,-0.383,-0.096,running
18.241,1,366,0.05014,0.00135,-0.0020,0.0344,0.02294,-0.01460,0.05812,0,1,-0.261,-0.118,running
18.287,1,367,0.04886,0.00321,-0.0279,0.0405,0.04312,0.03901,0.05673,0,1,-0.141,-0.012,running
18.330,1,368,0.04743,0.00397,-0.0335,0.0177,0.04294,0.08590,0.05526,0,1,-0.049,-0.040,running
18.372,1,369,0.04660,0.00354,-0.0195,-0.0100,0.01395,0.11770,0.05445,0,1,-0.022,0.032,running
18.417,1,370,0.04651,0.00329,-0.0020,-0.0057,-0.02071,0.13799,0.05438,0,1,-0.066,0.128,running
18.461,1,371,0.04783,0.00377,0.0300,0.0110,-0.05027,0.13048,0.05568,0,1,-0.128,0.114,running
18.504,1,372,0.04990,0.00401,0.0484,0.0057,-0.08094,0.09622,0.05773,0,1,-0.246,0.056,running
18.549,1,373,0.05204,0.00428,0.0480,0.0059,-0.08723,0.04235,0.05986,0,1,-0.319,0.074,running
18.595,1,374,0.05334,0.00586,0.0282,0.0342,-0.06211,-0.02087,0.06114,0,1,-0.330,0.073,running
18.638,1,375,0.05420,0.00793,0.0198,0.0477,-0.03330,-0.07809,0.06203,0,1,-0.277,-0.022,running
18.681,1,376,0.05376,0.01001,-0.0102,0.0482,0.00087,-0.10581,0.06169,0,1,-0.258,-0.070,running
18.725,1,377,0.05169,0.01070,-0.0475,0.0156,0.03569,-0.09199,0.05967,0,1,-0.164,-0.080,running
18.769,1,378,0.04867,0.01082,-0.0692,0.0028,0.04870,-0.03680,0.05667,0,1,-0.033,0.019,running
18.815,1,379,0.04463,0.01077,-0.0875,-0.0010,0.03184,0.02876,0.05265,0,1,0.062,0.060,running
18.859,1,380,0.03923,0.00981,-0.1230,-0.0219,0.00892,0.09154,0.04718,0,1,0.158,0.074,running
18.901,1,381,0.03546,0.00874,-0.0888,-0.0253,-0.03473,0.12566,0.04335,1,1,0.337,0.155,in_circle
18.944,1,382,0.03238,0.00665,-0.0715,-0.0483,-0.06789,0.13856,0.04018,1,1,0.241,0.175,in_circle
18.990,1,383,0.03115,0.00594,-0.0271,-0.0158,-0.08898,0.14362,0.03895,1,1,0.196,0.276,in_circle
19.034,1,384,0.03077,0.00599,-0.0087,0.0012,-0.09239,0.13187,0.03857,1,1,0.020,0.148,in_circle
19.077,1,385,0.03086,0.00682,0.0022,0.0193,-0.08202,0.10147,0.03867,1,1,-0.054,0.080,in_circle
19.122,1,386,0.03258,0.00884,0.0378,0.0446,-0.05931,0.03966,0.04048,1,1,-0.099,0.005,in_circle
19.165,1,387,0.03456,0.00960,0.0467,0.0179,-0.01853,-0.02659,0.04251,1,1,-0.248,-0.100,in_circle
19.209,1,388,0.03458,0.01213,0.0004,0.0564,0.02280,-0.06974,0.04282,1,1,-0.291,0.005,in_circle
19.253,1,389,0.03377,0.01337,-0.0187,0.0288,0.04610,-0.08809,0.04222,1,1,-0.113,-0.151,in_circle
19.296,1,390,0.03272,0.01324,-0.0244,-0.0030,0.03948,-0.07922,0.04116,1,1,-0.037,-0.048,in_circle
19.342,1,391,0.02895,0.01339,-0.0807,0.0032,0.03378,-0.04504,0.03748,1,1,-0.010,0.077,in_circle
19.386,1,392,0.02424,0.01268,-0.1084,-0.0163,0.00975,0.01098,0.03273,1,1,0.226,0.052,in_circle
19.430,1,393,0.01927,0.01201,-0.1128,-0.0152,-0.04239,0.06441,0.02773,1,1,0.348,0.131,in_circle
19.474,1,394,0.01569,0.01107,-0.0814,-0.0213,-0.06965,0.11298,0.02403,1,1,0.376,0.128,in_circle
19.516,1,395,0.01290,0.01113,-0.0662,0.0014,-0.08385,0.15789,0.02132,1,1,0.259,0.155,in_circle
19.563,1,396,0.01160,0.01229,-0.0275,0.0246,-0.08165,0.17580,0.02040,1,1,0.204,0.064,in_circle
19.606,1,397,0.01232,0.01319,0.0169,0.0211,-0.06505,0.15919,0.02137,1,1,0.051,-0.032,in_circle
19.649,1,398,0.01395,0.01547,0.0378,0.0526,-0.03462,0.10820,0.02373,1,1,-0.129,-0.021,in_circle
19.694,1,399,0.01695,0.01769,0.0668,0.0495,0.00606,0.05207,0.02737,1,1,-0.217,-0.153,in_circle
19.742,1,400,0.01942,0.01977,0.0517,0.0435,0.03176,-0.00049,0.03051,1,1,-0.342,-0.147,in_circle
19.781,1,401,0.02171,0.02142,0.0578,0.0417,0.05160,-0.03584,0.03330,1,1,-0.289,-0.128,in_circle
19.825,1,402,0.02334,0.02257,0.0369,0.0261,0.04819,-0.06166,0.03527,1,1,-0.320,-0.126,in_circle
19.870,1,403,0.02387,0.02196,0.0118,-0.0136,0.02693,-0.07082,0.03547,1,1,-0.242,-0.067,in_circle
19.958,1,404,0.01959,0.02143,-0.0485,-0.0060,-0.04438,-0.02641,0.03144,1,1,-0.146,0.092,in_circle
20.002,1,405,0.01724,0.02136,-0.0543,-0.0016,-0.04785,0.01627,0.02938,1,1,0.105,0.062,in_circle
20.046,1,406,0.01342,0.02187,-0.0865,0.0114,-0.05660,0.04766,0.02650,1,1,0.133,0.044,in_circle
20.090,1,407,0.01095,0.02321,-0.0561,0.0303,-0.06921,0.08053,0.02544,1,1,0.270,-0.010,in_circle
20.134,1,408,0.00882,0.02459,-0.0477,0.0311,-0.04752,0.10678,0.02494,1,1,0.154,-0.090,in_circle
20.179,1,409,0.00760,0.02707,-0.0277,0.0559,-0.02103,0.13637,0.02609,1,1,0.125,-0.097,in_circle
20.221,1,410,0.00737,0.02945,-0.0054,0.0569,0.00856,0.14480,0.02793,1,1,0.047,-0.204,in_circle
20.266,1,411,0.00824,0.03170,0.0192,0.0494,0.03753,0.12357,0.03030,1,1,-0.042,-0.215,in_circle
20.309,1,412,0.00999,0.03343,0.0409,0.0406,0.04866,0.08090,0.03269,1,1,-0.143,-0.191,in_circle
20.353,1,413,0.01199,0.03327,0.0451,-0.0038,0.04353,0.01480,0.03369,1,1,-0.235,-0.162,in_circle
20.397,1,414,0.01327,0.03331,0.0292,0.0011,0.02833,-0.04414,0.03450,1,1,-0.258,0.015,in_circle
20.444,1,415,0.01382,0.03236,0.0117,-0.0203,-0.00644,-0.08609,0.03409,1,1,-0.199,-0.006,in_circle
20.485,1,416,0.01315,0.03212,-0.0159,-0.0059,-0.04104,-0.09832,0.03348,1,1,-0.131,0.081,in_circle
20.530,1,417,0.01091,0.03211,-0.0503,-0.0001,-0.06315,-0.06875,0.03212,1,1,-0.020,0.023,in_circle
20.573,1,418,0.00759,0.03187,-0.0766,-0.0056,-0.07556,-0.01253,0.03010,1,1,0.123,-0.001,in_circle
20.618,1,419,0.00396,0.03213,-0.0820,0.0059,-0.06792,0.04981,0.02866,1,1,0.236,0.020,in_circle
20.662,1,420,0.00016,0.03262,-0.0859,0.0110,-0.04217,0.10130,0.02778,1,1,0.265,-0.028,in_circle
20.706,1,421,-0.00365,0.03435,-0.0862,0.0392,-0.01038,0.14119,0.02866,1,1,0.291,-0.050,in_circle
20.749,1,422,-0.00579,0.03570,-0.0501,0.0316,0.02062,0.16485,0.02977,1,1,0.301,-0.169,in_circle
20.794,1,423,-0.00568,0.03686,0.0024,0.0256,0.03737,0.15826,0.03094,1,1,0.162,-0.143,in_circle
20.838,1,424,-0.00471,0.03748,0.0219,0.0139,0.04219,0.13371,0.03163,1,1,-0.049,-0.124,in_circle
20.883,1,425,-0.00275,0.03720,0.0434,-0.0061,0.03245,0.08012,0.03161,1,1,-0.129,-0.080,in_circle
20.926,1,426,-0.00044,0.03657,0.0549,-0.0151,0.00799,0.02129,0.03144,1,1,-0.220,-0.000,in_circle
20.969,1,427,0.00124,0.03607,0.0388,-0.0116,-0.02593,-0.03231,0.03140,1,1,-0.272,0.036,in_circle
21.014,1,428,0.00215,0.03594,0.0200,-0.0029,-0.05960,-0.06366,0.03155,1,1,-0.212,0.022,in_circle
21.059,1,429,0.00195,0.03568,-0.0045,-0.0057,-0.07808,-0.08051,0.03124,1,1,-0.140,-0.014,in_circle
21.101,1,430,0.00134,0.03666,-0.0142,0.0229,-0.07102,-0.06853,0.03199,1,1,-0.042,-0.003,in_circle
21.146,1,431,-0.00095,0.03786,-0.0511,0.0268,-0.04972,-0.02622,0.03259,1,1,-0.002,-0.122,in_circle
21.190,1,432,-0.00404,0.03919,-0.0710,0.0305,-0.01825,0.03941,0.03340,1,1,0.151,-0.142,in_circle
21.232,1,433,-0.00715,0.04090,-0.0729,0.0401,0.02162,0.10440,0.03490,1,1,0.238,-0.161,in_circle
21.278,1,434,-0.00960,0.04204,-0.0540,0.0252,0.04317,0.15426,0.03608,1,1,0.253,-0.205,in_circle
21.322,1,435,-0.01063,0.04236,-0.0235,0.0073,0.04285,0.17900,0.03647,1,1,0.184,-0.150,in_circle
21.364,1,436,-0.01004,0.04212,0.0138,-0.0056,0.03750,0.16706,0.03619,1,1,0.065,-0.081,in_circle
21.408,1,437,-0.00769,0.04103,0.0536,-0.0248,0.01278,0.12841,0.03503,1,1,-0.086,-0.030,in_circle
21.453,1,438,-0.00434,0.04014,0.0744,-0.0198,-0.03069,0.07015,0.03431,1,1,-0.251,0.048,in_circle
21.498,1,439,-0.00095,0.03971,0.0759,-0.0097,-0.06424,0.01175,0.03440,1,1,-0.343,0.028,in_circle
21.542,1,440,0.00192,0.04008,0.0649,0.0084,-0.08202,-0.03188,0.03544,1,1,-0.357,-0.013,in_circle
21.587,1,441,0.00319,0.03988,0.0284,-0.0044,-0.07450,-0.06650,0.03562,1,1,-0.321,-0.087,in_circle
21.628,1,442,0.00418,0.04082,0.0238,0.0226,-0.04685,-0.08914,0.03682,1,1,-0.179,-0.037,in_circle
21.674,1,443,0.00303,0.04196,-0.0254,0.0253,-0.01554,-0.07051,0.03756,1,1,-0.163,-0.149,in_circle
21.720,1,444,0.00115,0.04287,-0.0408,0.0197,0.02105,-0.02846,0.03794,1,1,0.036,-0.164,in_circle
21.761,1,445,-0.00142,0.04314,-0.0622,0.0066,0.04379,0.04017,0.03768,1,1,0.102,-0.146,in_circle
21.805,1,446,-0.00516,0.04284,-0.0843,-0.0068,0.05207,0.10766,0.03693,1,1,0.194,-0.096,in_circle
21.850,1,447,-0.00761,0.04190,-0.0548,-0.0209,0.02963,0.14914,0.03590,1,1,0.291,-0.043,in_circle
21.892,1,448,-0.00829,0.04061,-0.0160,-0.0304,0.00238,0.16482,0.03462,1,1,0.179,0.014,in_circle
21.981,1,449,-0.00578,0.03734,0.0282,-0.0368,-0.06606,0.12702,0.03140,1,1,0.026,0.052,in_circle
22.025,1,450,-0.00178,0.03651,0.0915,-0.0189,-0.06895,0.09028,0.03110,1,1,-0.157,0.085,in_circle
22.069,1,451,0.00140,0.03590,0.0716,-0.0137,-0.07079,0.06325,0.03128,1,1,-0.421,0.014,in_circle
22.112,1,452,0.00399,0.03625,0.0607,0.0082,-0.06384,0.03426,0.03247,1,1,-0.350,-0.006,in_circle
22.158,1,453,0.00765,0.03671,0.0809,0.0100,-0.03269,-0.01788,0.03438,1,1,-0.313,-0.097,in_circle
22.202,1,454,0.01055,0.03737,0.0647,0.0148,0.00607,-0.05933,0.03634,1,1,-0.403,-0.106,in_circle
22.246,1,455,0.01219,0.03783,0.0372,0.0105,0.03703,-0.07743,0.03759,1,1,-0.347,-0.128,in_circle
22.289,1,456,0.01235,0.03763,0.0036,-0.0047,0.04731,-0.06198,0.03750,1,1,-0.242,-0.114,in_circle
22.334,1,457,0.01152,0.03631,-0.0186,-0.0297,0.03599,-0.03242,0.03594,1,1,-0.109,-0.054,in_circle
22.377,1,458,0.01002,0.03431,-0.0350,-0.0464,0.01775,0.01364,0.03345,1,1,-0.019,0.048,in_circle
22.422,1,459,0.00861,0.03261,-0.0311,-0.0378,-0.02203,0.06542,0.03126,1,1,0.050,0.119,in_circle
22.465,1,460,0.00764,0.03094,-0.0224,-0.0387,-0.06125,0.11704,0.02933,1,1,0.037,0.087,in_circle
22.510,1,461,0.00697,0.02912,-0.0150,-0.0407,-0.08743,0.15980,0.02744,1,1,0.004,0.094,in_circle
22.554,1,462,0.00884,0.02824,0.0418,-0.0197,-0.08598,0.16302,0.02777,1,1,-0.024,0.106,in_circle
22.598,1,463,0.01119,0.02758,0.0539,-0.0150,-0.06169,0.12906,0.02875,1,1,-0.257,0.023,in_circle
22.642,1,464,0.01486,0.02834,0.0831,0.0170,-0.04006,0.06561,0.03182,1,1,-0.312,0.005,in_circle
22.684,1,465,0.01865,0.02890,0.0892,0.0133,-0.00208,0.00703,0.03499,1,1,-0.439,-0.126,in_circle
22.729,1,466,0.02219,0.02933,0.0788,0.0094,0.03109,-0.04193,0.03800,1,1,-0.474,-0.114,in_circle
22.774,1,467,0.02462,0.02909,0.0541,-0.0053,0.05027,-0.06868,0.03980,1,1,-0.443,-0.100,in_circle
22.818,1,468,0.02592,0.02816,0.0300,-0.0215,0.04583,-0.08359,0.04035,1,1,-0.352,-0.042,in_circle
22.861,1,469,0.02570,0.02621,-0.0050,-0.0450,0.02691,-0.07783,0.03913,1,1,-0.260,0.024,in_circle
22.906,1,470,0.02368,0.02395,-0.0451,-0.0503,-0.00881,-0.04318,0.03623,1,1,-0.121,0.122,in_circle
22.949,1,471,0.02101,0.02201,-0.0617,-0.0449,-0.04953,0.01362,0.03296,1,1,0.043,0.148,in_circle
22.992,1,472,0.01795,0.01999,-0.0707,-0.0467,-0.08321,0.07960,0.02931,1,1,0.115,0.131,in_circle
23.039,1,473,0.01547,0.01974,-0.0529,-0.0053,-0.09167,0.13305,0.02702,1,1,0.158,0.143,in_circle
23.081,1,474,0.01541,0.01975,-0.0013,0.0003,-0.07585,0.16303,0.02698,1,1,0.092,-0.023,in_circle
23.125,1,475,0.01524,0.02119,-0.0041,0.0326,-0.05258,0.15682,0.02759,1,1,-0.116,-0.046,in_circle
23.169,1,476,0.01656,0.02296,0.0302,0.0403,-0.02247,0.13442,0.02968,1,1,-0.105,-0.180,in_circle
23.215,1,477,0.01956,0.02407,0.0662,0.0245,0.01904,0.08065,0.03279,1,1,-0.247,-0.216,in_circle
23.258,1,478,0.02372,0.02556,0.0958,0.0343,0.05082,0.01618,0.03710,1,1,-0.399,-0.156,in_circle
23.301,1,479,0.02693,0.02603,0.0745,0.0109,0.06007,-0.03115,0.04009,1,1,-0.530,-0.200,in_circle
23.350,1,480,0.02891,0.02555,0.0402,-0.0097,0.04659,-0.06666,0.04159,1,1,-0.454,-0.108,in_circle
23.391,1,481,0.03015,0.02462,0.0308,-0.0230,0.02104,-0.09412,0.04227,1,1,-0.324,-0.028,in_circle
23.435,1,482,0.02889,0.02322,-0.0283,-0.0318,-0.00998,-0.10184,0.04053,1,1,-0.292,0.025,in_circle
23.478,1,483,0.02606,0.02101,-0.0664,-0.0517,-0.04714,-0.07330,0.03703,1,1,-0.054,0.066,in_circle
23.520,1,484,0.02254,0.01943,-0.0828,-0.0371,-0.07542,-0.01855,0.03318,1,1,0.106,0.152,in_circle
23.566,1,485,0.01906,0.01932,-0.0761,-0.0024,-0.08744,0.05253,0.02998,1,1,0.178,0.097,in_circle
23.610,1,486,0.01424,0.01975,-0.1105,0.0097,-0.08052,0.11572,0.02598,1,1,0.159,-0.043,in_circle
23.654,1,487,0.01115,0.02167,-0.0692,0.0431,-0.05920,0.14952,0.02459,1,1,0.308,-0.093,in_circle
23.698,1,488,0.00996,0.02345,-0.0270,0.0403,-0.02553,0.16171,0.02490,1,1,0.150,-0.232,in_circle
23.742,1,489,0.01020,0.02677,0.0054,0.0757,0.02065,0.15048,0.02748,1,1,-0.017,-0.225,in_circle
23.785,1,490,0.01216,0.02899,0.0458,0.0516,0.04495,0.12866,0.03044,1,1,-0.148,-0.376,in_circle
23.831,1,491,0.01381,0.02993,0.0357,0.0205,0.05921,0.08518,0.03224,1,1,-0.315,-0.287,in_circle
23.874,1,492,0.01718,0.02995,0.0785,0.0003,0.05991,0.02916,0.03461,1,1,-0.280,-0.166,in_circle
23.919,1,493,0.02002,0.02903,0.0637,-0.0206,0.04043,-0.03141,0.03612,1,1,-0.461,-0.086,in_circle
24.008,1,494,0.02204,0.02617,0.0225,-0.0319,-0.02855,-0.10111,0.03602,1,1,-0.411,-0.002,in_circle
24.050,1,495,0.02113,0.02442,-0.0220,-0.0424,-0.03031,-0.10522,0.03429,1,1,-0.253,0.049,in_circle
24.095,1,496,0.01709,0.02343,-0.0904,-0.0220,-0.03797,-0.09230,0.03038,1,1,-0.074,0.095,in_circle
24.137,1,497,0.01210,0.02282,-0.1186,-0.0145,-0.06675,-0.06054,0.02606,1,1,0.209,0.015,in_circle
24.181,1,498,0.00739,0.02291,-0.1058,0.0019,-0.06616,-0.00629,0.02273,1,1,0.334,-0.014,in_circle
24.226,1,499,0.00182,0.02367,-0.1233,0.0168,-0.04735,0.04724,0.02012,1,1,0.293,-0.081,in_circle
24.268,1,500,-0.00517,0.02469,-0.1668,0.0243,-0.02304,0.10257,0.01887,1,1,0.377,-0.143,in_circle
24.314,1,501,-0.01038,0.02577,-0.1132,0.0236,0.01355,0.14522,0.01994,1,1,0.568,-0.176,in_circle
24.357,1,502,-0.01430,0.02675,-0.0918,0.0230,0.04606,0.16998,0.02175,1,1,0.367,-0.177,in_circle
24.403,1,503,-0.01585,0.02753,-0.0341,0.0170,0.05234,0.17361,0.02299,1,1,0.292,-0.178,in_circle
24.445,1,504,-0.01674,0.02705,-0.0209,-0.0113,0.04019,0.15826,0.02287,1,1,0.065,-0.157,in_circle
24.491,1,505,-0.01557,0.02605,0.0254,-0.0219,0.01961,0.11725,0.02150,1,1,0.015,-0.044,in_circle
24.534,1,506,-0.01421,0.02510,0.0313,-0.0218,-0.01683,0.06315,0.02015,1,1,-0.173,0.001,in_circle
24.576,1,507,-0.01250,0.02437,0.0408,-0.0174,-0.05337,-0.00521,0.01897,1,1,-0.200,0.001,in_circle
24.623,1,508,-0.01117,0.02438,0.0285,0.0001,-0.07253,-0.05829,0.01868,1,1,-0.242,-0.015,in_circle
24.666,1,509,-0.01157,0.02444,-0.0093,0.0015,-0.07136,-0.08574,0.01882,1,1,-0.196,-0.086,in_circle
24.710,1,510,-0.01244,0.02499,-0.0198,0.0125,-0.04899,-0.07991,0.01955,1,1,-0.044,-0.092,in_circle
24.753,1,511,-0.01463,0.02638,-0.0504,0.0319,-0.02066,-0.05073,0.02149,1,1,0.001,-0.139,in_circle
24.797,1,512,-0.01804,0.02770,-0.0783,0.0303,0.01771,0.01012,0.02399,1,1,0.129,-0.221,in_circle
24.841,1,513,-0.02193,0.02925,-0.0881,0.0350,0.04623,0.07956,0.02720,1,1,0.250,-0.218,in_circle
24.885,1,514,-0.02543,0.02958,-0.0794,0.0075,0.05387,0.13103,0.02944,1,1,0.299,-0.242,in_circle
24.928,1,515,-0.02731,0.02908,-0.0434,-0.0114,0.04627,0.16325,0.03022,1,1,0.274,-0.134,in_circle
24.973,1,516,-0.02812,0.02803,-0.0181,-0.0236,0.02875,0.17388,0.02997,1,1,0.135,-0.058,in_circle
25.020,1,517,-0.02718,0.02677,0.0202,-0.0270,-0.00832,0.15302,0.02841,1,1,0.037,-0.008,in_circle
25.064,1,518,-0.02480,0.02584,0.0531,-0.0207,-0.04718,0.10614,0.02613,1,1,-0.117,0.008,in_circle
25.105,1,519,-0.02201,0.02465,0.0688,-0.0295,-0.07230,0.04204,0.02344,1,1,-0.254,-0.016,in_circle
25.149,1,520,-0.01913,0.02473,0.0655,0.0019,-0.07429,-0.01749,0.02189,1,1,-0.324,0.022,in_circle
25.193,1,521,-0.01699,0.02574,0.0486,0.0230,-0.06129,-0.05901,0.02178,1,1,-0.317,-0.105,in_circle
25.239,1,522,-0.01629,0.02732,0.0153,0.0345,-0.03391,-0.07871,0.02294,1,1,-0.254,-0.193,in_circle
25.284,1,523,-0.01644,0.02901,-0.0033,0.0377,0.00171,-0.07518,0.02458,1,1,-0.123,-0.244,in_circle
25.326,1,524,-0.01830,0.03035,-0.0440,0.0318,0.03844,-0.03685,0.02652,1,1,-0.047,-0.262,in_circle
25.370,1,525,-0.02042,0.03065,-0.0482,0.0067,0.05814,0.01700,0.02769,1,1,0.120,-0.242,in_circle
25.412,1,526,-0.02335,0.03020,-0.0692,-0.0107,0.05514,0.07326,0.02876,1,1,0.143,-0.144,in_circle
25.456,1,527,-0.02544,0.02908,-0.0477,-0.0255,0.03639,0.12481,0.02905,1,1,0.235,-0.074,in_circle
25.501,1,528,-0.02678,0.02755,-0.0295,-0.0338,0.00300,0.16012,0.02872,1,1,0.155,-0.013,in_circle
25.547,1,529,-0.02671,0.02558,0.0015,-0.0434,-0.03752,0.16734,0.02722,1,1,0.087,0.023,in_circle
25.590,1,530,-0.02498,0.02436,0.0402,-0.0284,-0.06993,0.13815,0.02514,1,1,-0.037,0.065,in_circle
25.634,1,531,-0.02234,0.02475,0.0603,0.0089,-0.07946,0.08295,0.02372,1,1,-0.195,0.008,in_circle
25.677,1,532,-0.01888,0.02496,0.0790,0.0049,-0.07051,0.01703,0.02196,1,1,-0.281,-0.143,in_circle
25.723,1,533,-0.01625,0.02656,0.0576,0.0351,-0.04710,-0.03126,0.02223,1,1,-0.364,-0.129,in_circle
25.765,1,534,-0.01376,0.02801,0.0596,0.0345,-0.00553,-0.06088,0.02280,1,1,-0.285,-0.255,in_circle
25.811,1,535,-0.01331,0.02916,0.0100,0.0252,0.03332,-0.07655,0.02381,1,1,-0.299,-0.257,in_circle
25.855,1,536,-0.01368,0.02978,-0.0084,0.0140,0.05799,-0.06767,0.02450,1,1,-0.101,-0.223,in_circle
25.901,1,537,-0.01547,0.03003,-0.0387,0.0054,0.06278,-0.02748,0.02523,1,1,-0.027,-0.181,in_circle
25.943,1,538,-0.01813,0.02873,-0.0642,-0.0314,0.03784,0.02537,0.02497,1,1,0.099,-0.148,in_circle
26.031,1,539,-0.02283,0.02634,-0.0534,-0.0272,-0.02821,0.12664,0.02529,1,1,0.209,-0.000,in_circle
26.074,1,540,-0.02405,0.02438,-0.0282,-0.0451,-0.03452,0.15522,0.02454,1,1,0.178,-0.012,in_circle
26.116,1,541,-0.02330,0.02346,0.0177,-0.0219,-0.04354,0.15512,0.02335,1,1,0.081,0.064,in_circle
26.161,1,542,-0.02132,0.02273,0.0443,-0.0164,-0.06127,0.14362,0.02151,1,1,-0.104,-0.027,in_circle
26.205,1,543,-0.01801,0.02288,0.0750,0.0036,-0.05106,0.11060,0.01973,1,1,-0.214,-0.048,in_circle
26.248,1,544,-0.01481,0.02383,0.0741,0.0219,-0.03199,0.05490,0.01916,1,1,-0.345,-0.129,in_circle
26.293,1,545,-0.01108,0.02457,0.0836,0.0166,-0.00682,-0.00382,0.01886,1,1,-0.349,-0.206,in_circle
26.338,1,546,-0.00777,0.02500,0.0728,0.0094,0.02876,-0.05719,0.01900,1,1,-0.396,-0.187,in_circle
26.381,1,547,-0.00582,0.02557,0.0452,0.0133,0.05405,-0.09182,0.01967,1,1,-0.362,-0.160,in_circle
26.426,1,548,-0.00528,0.02500,0.0120,-0.0127,0.04798,-0.09094,0.01917,1,1,-0.256,-0.178,in_circle
26.469,1,549,-0.00640,0.02406,-0.0262,-0.0221,0.02991,-0.06239,0.01811,1,1,-0.125,-0.074,in_circle
26.513,1,550,-0.00826,0.02295,-0.0419,-0.0252,-0.00098,-0.00714,0.01696,1,1,0.031,-0.034,in_circle
26.558,1,551,-0.01122,0.02161,-0.0663,-0.0299,-0.04015,0.05614,0.01598,1,1,0.098,-0.020,in_circle
26.604,1,552,-0.01306,0.02037,-0.0400,-0.0269,-0.06895,0.10699,0.01531,1,1,0.204,0.001,in_circle
26.646,1,553,-0.01432,0.02017,-0.0302,-0.0049,-0.07292,0.13585,0.01560,1,1,0.103,-0.008,in_circle
26.690,1,554,-0.01469,0.02044,-0.0082,0.0061,-0.06191,0.15037,0.01600,1,1,0.067,-0.096,in_circle
26.735,1,555,-0.01382,0.02078,0.0189,0.0075,-0.04367,0.13887,0.01596,1,1,-0.019,-0.141,in_circle
26.779,1,556,-0.01157,0.02169,0.0515,0.0207,-0.00024,0.10104,0.01613,1,1,-0.130,-0.149,in_circle
26.821,1,557,-0.00852,0.02236,0.0728,0.0161,0.03920,0.04696,0.01638,1,1,-0.266,-0.204,in_circle
26.866,1,558,-0.00559,0.02215,0.0655,-0.0047,0.05218,-0.01185,0.01630,1,1,-0.359,-0.188,in_circle
26.909,1,559,-0.00298,0.02198,0.0604,-0.0041,0.05598,-0.05933,0.01669,1,1,-0.337,-0.105,in_circle
26.954,1,560,-0.00275,0.02038,0.0051,-0.0355,0.03646,-0.09813,0.01524,1,1,-0.323,-0.108,in_circle
26.997,1,561,-0.00331,0.01912,-0.0131,-0.0292,0.00005,-0.10431,0.01386,1,1,-0.103,0.021,in_circle
27.041,1,562,-0.00463,0.01788,-0.0299,-0.0281,-0.03925,-0.06713,0.01230,1,1,-0.029,-0.002,in_circle
27.085,1,563,-0.00879,0.01637,-0.0940,-0.0340,-0.07162,-0.00787,0.01042,1,1,0.042,-0.003,in_circle
27.130,1,564,-0.01271,0.01596,-0.0869,-0.0092,-0.07598,0.05665,0.01111,1,1,0.309,0.023,in_circle
27.176,1,565,-0.01630,0.01632,-0.0791,0.0078,-0.06275,0.09996,0.01337,1,1,0.290,-0.075,in_circle
27.219,1,566,-0.01945,0.01757,-0.0734,0.0292,-0.04554,0.13547,0.01642,1,1,0.268,-0.145,in_circle
27.262,1,567,-0.02137,0.01922,-0.0444,0.0383,-0.00727,0.15680,0.01895,1,1,0.254,-0.234,in_circle
27.307,1,568,-0.02146,0.02054,-0.0021,0.0295,0.03172,0.14883,0.01995,1,1,0.143,-0.275,in_circle
27.349,1,569,-0.02020,0.02152,0.0299,0.0231,0.06136,0.12241,0.01986,1,1,-0.025,-0.243,in_circle
27.393,1,570,-0.01824,0.02171,0.0439,0.0043,0.06809,0.07068,0.01886,1,1,-0.156,-0.221,in_circle
27.437,1,571,-0.01632,0.02105,0.0443,-0.0151,0.05233,0.00932,0.01730,1,1,-0.216,-0.147,in_circle
27.481,1,572,-0.01435,0.02015,0.0440,-0.0202,0.01873,-0.04509,0.01560,1,1,-0.222,-0.069,in_circle
27.527,1,573,-0.01381,0.01871,0.0119,-0.0315,-0.01748,-0.07449,0.01406,1,1,-0.225,-0.047,in_circle
27.569,1,574,-0.01527,0.01706,-0.0348,-0.0394,-0.04887,-0.07907,0.01335,1,1,-0.098,0.002,in_circle
27.613,1,575,-0.01712,0.01597,-0.0421,-0.0250,-0.06897,-0.05499,0.01364,1,1,0.093,0.037,in_circle
27.656,1,576,-0.02078,0.01614,-0.0841,0.0039,-0.06940,-0.00662,0.01647,1,1,0.127,-0.018,in_circle
27.701,1,577,-0.02403,0.01666,-0.0727,0.0117,-0.06204,0.04650,0.01941,1,1,0.305,-0.135,in_circle
27.745,1,578,-0.02673,0.01861,-0.0614,0.0442,-0.03777,0.10206,0.02275,1,1,0.268,-0.168,in_circle
27.789,1,579,-0.02944,0.02065,-0.0612,0.0461,0.00786,0.15197,0.02613,1,1,0.230,-0.303,in_circle
27.835,1,580,-0.03010,0.02259,-0.0145,0.0424,0.04441,0.17551,0.02780,1,1,0.237,-0.316,in_circle
27.877,1,581,-0.02999,0.02328,0.0026,0.0164,0.07013,0.16481,0.02813,1,1,0.053,-0.307,in_circle
27.923,1,582,-0.02775,0.02362,0.0489,0.0074,0.07154,0.11656,0.02662,1,1,-0.015,-0.206,in_circle
27.966,1,583,-0.02491,0.02275,0.0667,-0.0203,0.04956,0.05596,0.02394,1,1,-0.205,-0.171,in_circle
28.099,1,584,-0.01766,0.01855,0.0545,-0.0316,-0.02296,-0.05546,0.01596,1,1,-0.282,-0.060,in_circle
28.142,1,585,-0.01679,0.01701,0.0205,-0.0360,-0.02774,-0.05470,0.01421,1,1,-0.250,-0.005,in_circle
28.186,1,586,-0.01814,0.01671,-0.0302,-0.0066,-0.05264,-0.05693,0.01489,1,1,-0.116,0.016,in_circle
28.229,1,587,-0.01972,0.01619,-0.0367,-0.0122,-0.05174,-0.05097,0.01568,1,1,0.091,-0.102,in_circle
28.273,1,588,-0.02295,0.01707,-0.0732,0.0199,-0.04377,-0.01307,0.01876,1,1,0.121,-0.078,in_circle
28.318,1,589,-0.02651,0.01824,-0.0804,0.0264,-0.02534,0.05476,0.02236,1,1,0.276,-0.210,in_circle
28.362,1,590,-0.02957,0.01950,-0.0688,0.0284,0.00802,0.11353,0.02562,1,1,0.315,-0.239,in_circle
28.405,1,591,-0.03170,0.02038,-0.0495,0.0205,0.03708,0.15123,0.02790,1,1,0.277,-0.251,in_circle
28.451,1,592,-0.03232,0.02052,-0.0137,0.0031,0.05396,0.17660,0.02850,1,1,0.206,-0.222,in_circle
28.493,1,593,-0.03125,0.02069,0.0253,0.0039,0.04480,0.16165,0.02767,1,1,0.066,-0.153,in_circle
28.538,1,594,-0.02876,0.02090,0.0556,0.0048,0.02982,0.12627,0.02572,1,1,-0.092,-0.158,in_circle
28.585,1,595,-0.02558,0.01974,0.0671,-0.0246,-0.00436,0.07355,0.02247,1,1,-0.219,-0.162,in_circle
28.626,1,596,-0.02132,0.01919,0.1051,-0.0136,-0.03710,0.00179,0.01888,1,1,-0.272,-0.043,in_circle
28.671,1,597,-0.01785,0.01930,0.0763,0.0024,-0.05399,-0.05159,0.01667,1,1,-0.434,-0.086,in_circle
28.714,1,598,-0.01648,0.01931,0.0323,0.0002,-0.05200,-0.08183,0.01588,1,1,-0.327,-0.151,in_circle
28.758,1,599,-0.01528,0.01940,0.0269,0.0021,-0.04694,-0.09073,0.01535,1,1,-0.154,-0.142,in_circle
28.801,1,600,-0.01719,0.02144,-0.0442,0.0475,-0.02022,-0.07482,0.01807,1,1,-0.135,-0.151,in_circle
28.845,1,601,-0.01948,0.02237,-0.0529,0.0213,0.01397,-0.02850,0.02011,1,1,0.155,-0.338,in_circle
28.890,1,602,-0.02292,0.02363,-0.0763,0.0279,0.03235,0.04519,0.02322,1,1,0.196,-0.237,in_circle
28.933,1,603,-0.02650,0.02435,-0.0829,0.0169,0.05761,0.10514,0.02620,1,1,0.298,-0.267,in_circle
28.977,1,604,-0.02923,0.02411,-0.0620,-0.0056,0.05048,0.14977,0.02806,1,1,0.335,-0.225,in_circle
29.023,1,605,-0.02992,0.02271,-0.0151,-0.0305,0.02889,0.17404,0.02773,1,1,0.259,-0.136,in_circle
29.066,1,606,-0.02901,0.02182,0.0212,-0.0206,0.00519,0.16603,0.02646,1,1,0.074,-0.033,in_circle
29.111,1,607,-0.02649,0.02059,0.0566,-0.0276,-0.03591,0.13432,0.02371,1,1,-0.073,-0.071,in_circle
29.154,1,608,-0.02286,0.02016,0.0835,-0.0100,-0.06893,0.08705,0.02067,1,1,-0.220,-0.041,in_circle
29.198,1,609,-0.01896,0.02010,0.0879,-0.0014,-0.07349,0.02416,0.01798,1,1,-0.336,-0.111,in_circle
29.243,1,610,-0.01547,0.02101,0.0782,0.0204,-0.06095,-0.03819,0.01685,1,1,-0.363,-0.146,in_circle
29.286,1,611,-0.01331,0.02310,0.0505,0.0490,-0.03612,-0.07595,0.01797,1,1,-0.332,-0.236,in_circle
29.330,1,612,-0.01169,0.02484,0.0365,0.0392,0.00603,-0.09377,0.01924,1,1,-0.226,-0.356,in_circle
29.375,1,613,-0.01176,0.02634,-0.0014,0.0332,0.04576,-0.07870,0.02072,1,1,-0.174,-0.322,in_circle
29.419,1,614,-0.01297,0.02694,-0.0280,0.0138,0.07476,-0.03557,0.02157,1,1,-0.022,-0.303,in_circle
29.462,1,615,-0.01544,0.02638,-0.0572,-0.0130,0.06906,0.02382,0.02176,1,1,0.087,-0.228,in_circle
29.504,1,616,-0.01767,0.02527,-0.0523,-0.0260,0.04398,0.07915,0.02165,1,1,0.210,-0.120,in_circle
29.552,1,617,-0.01983,0.02290,-0.0459,-0.0503,0.01310,0.12655,0.02074,1,1,0.197,-0.066,in_circle
29.594,1,618,-0.02066,0.02136,-0.0196,-0.0366,-0.02672,0.15814,0.02003,1,1,0.177,0.037,in_circle
29.637,1,619,-0.02018,0.01944,0.0110,-0.0440,-0.05898,0.16716,0.01827,1,1,0.075,-0.015,in_circle
29.681,1,620,-0.01780,0.01819,0.0544,-0.0287,-0.07585,0.13902,0.01577,1,1,-0.048,0.019,in_circle
29.726,1,621,-0.01451,0.01853,0.0737,0.0077,-0.07297,0.08653,0.01422,1,1,-0.227,-0.040,in_circle
29.769,1,622,-0.01063,0.01926,0.0895,0.0169,-0.05495,0.02421,0.01356,1,1,-0.312,-0.187,in_circle
29.813,1,623,-0.00734,0.01986,0.0742,0.0133,-0.02475,-0.02516,0.01386,1,1,-0.385,-0.226,in_circle
29.857,1,624,-0.00411,0.02094,0.0740,0.0247,0.01965,-0.06512,0.01538,1,1,-0.332,-0.214,in_circle
29.901,1,625,-0.00239,0.02143,0.0393,0.0114,0.05105,-0.08994,0.01635,1,1,-0.340,-0.263,in_circle
29.948,1,626,-0.00291,0.02104,-0.0111,-0.0084,0.05729,-0.08137,0.01582,1,1,-0.206,-0.212,in_circle
29.990,1,627,-0.00442,0.02001,-0.0354,-0.0240,0.04636,-0.04475,0.01442,1,1,-0.003,-0.132,in_circle
30.077,1,628,-0.01008,0.01696,-0.0652,-0.0352,-0.01383,0.08764,0.01119,1,1,0.098,-0.068,in_circle
30.122,1,629,-0.01209,0.01488,-0.0451,-0.0466,-0.02556,0.11803,0.00986,1,1,0.231,-0.016,in_circle
30.166,1,630,-0.01284,0.01276,-0.0169,-0.0478,-0.02851,0.10408,0.00843,1,1,0.156,0.034,in_circle
30.209,1,631,-0.01321,0.01167,-0.0087,-0.0251,-0.06100,0.10315,0.00784,1,1,0.045,0.044,in_circle
30.256,1,632,-0.01298,0.01060,0.0050,-0.0230,-0.06124,0.10242,0.00693,1,1,0.014,-0.045,in_circle
30.298,1,633,-0.01206,0.01048,0.0219,-0.0029,-0.04738,0.08170,0.00618,1,1,-0.042,-0.051,in_circle
30.342,1,634,-0.01076,0.01028,0.0298,-0.0044,-0.03031,0.03527,0.00520,1,1,-0.111,-0.131,in_circle
30.386,1,635,-0.00937,0.01059,0.0310,0.0069,0.00514,-0.01061,0.00485,1,1,-0.146,-0.124,in_circle
30.430,1,636,-0.00835,0.01035,0.0235,-0.0054,0.03646,-0.05480,0.00438,1,1,-0.154,-0.170,in_circle
30.473,1,637,-0.01028,0.00978,-0.0447,-0.0132,0.04606,-0.07425,0.00452,1,1,-0.126,-0.121,in_circle
30.519,1,638,-0.01253,0.00878,-0.0497,-0.0222,0.04144,-0.06214,0.00548,1,1,0.151,-0.089,in_circle
30.564,1,639,-0.01533,0.00700,-0.0613,-0.0388,0.01884,-0.01837,0.00760,1,1,0.177,-0.050,in_circle
30.607,1,640,-0.02002,0.00554,-0.1096,-0.0343,-0.02138,0.04268,0.01222,1,1,0.231,0.020,in_circle
30.651,1,641,-0.02364,0.00366,-0.0822,-0.0426,-0.05711,0.09750,0.01602,1,1,0.436,0.006,in_circle
30.693,1,642,-0.02594,0.00154,-0.0545,-0.0503,-0.07569,0.13564,0.01868,1,1,0.336,0.044,in_circle
30.739,1,643,-0.02808,-0.00005,-0.0473,-0.0350,-0.07422,0.15782,0.02116,1,1,0.232,0.081,in_circle
30.782,1,644,-0.02919,-0.00149,-0.0257,-0.0337,-0.05968,0.16183,0.02266,1,1,0.209,0.024,in_circle
30.826,1,645,-0.02872,-0.00254,0.0106,-0.0237,-0.04223,0.14530,0.02260,1,1,0.127,0.022,in_circle
30.869,1,646,-0.02747,-0.00320,0.0289,-0.0151,-0.00933,0.10185,0.02172,1,1,-0.019,-0.015,in_circle
30.914,1,647,-0.02475,-0.00428,0.0600,-0.0240,0.02398,0.03021,0.01983,1,1,-0.094,-0.047,in_circle
30.958,1,648,-0.02364,-0.00591,0.0252,-0.0368,0.02880,-0.03127,0.01982,1,1,-0.225,-0.008,in_circle
31.002,1,649,-0.02259,-0.00900,0.0239,-0.0702,0.02904,-0.06734,0.02106,1,1,-0.087,0.048,in_circle
31.046,1,650,-0.02298,-0.01153,-0.0090,-0.0576,0.01155,-0.08221,0.02319,1,1,-0.084,0.190,in_circle
31.089,1,651,-0.02447,-0.01479,-0.0350,-0.0764,-0.02713,-0.07473,0.02665,1,1,0.049,0.146,in_circle
31.133,1,652,-0.02707,-0.01697,-0.0585,-0.0492,-0.06557,-0.02396,0.02998,1,1,0.157,0.230,in_circle
31.178,1,653,-0.03099,-0.01933,-0.0888,-0.0533,-0.08289,0.04804,0.03434,1,1,0.259,0.128,in_circle
31.221,1,654,-0.03478,-0.02068,-0.0875,-0.0312,-0.08684,0.10785,0.03794,1,1,0.391,0.151,in_circle
31.267,1,655,-0.03859,-0.02069,-0.0828,-0.0003,-0.06830,0.15379,0.04075,1,1,0.396,0.068,in_circle
31.310,1,656,-0.04016,-0.02105,-0.0367,-0.0084,-0.03823,0.17717,0.04218,1,1,0.387,-0.054,in_circle
31.354,1,657,-0.03997,-0.02085,0.0042,0.0045,-0.00822,0.17149,0.04191,1,1,0.210,-0.018,in_circle
31.397,1,658,-0.03864,-0.02058,0.0313,0.0062,0.02728,0.14645,0.04072,1,1,0.050,-0.068,in_circle
31.443,1,659,-0.03611,-0.02121,0.0548,-0.0135,0.03751,0.09804,0.03926,1,1,-0.062,-0.076,in_circle
31.486,1,660,-0.03281,-0.02160,0.0758,-0.0090,0.02812,0.03595,0.03725,1,1,-0.163,0.004,in_circle
31.530,1,661,-0.03024,-0.02293,0.0592,-0.0308,0.01579,-0.01740,0.03662,1,1,-0.254,-0.012,in_circle
31.576,1,662,-0.02835,-0.02465,0.0408,-0.0369,-0.01503,-0.05307,0.03690,1,1,-0.193,0.080,in_circle
31.618,1,663,-0.02771,-0.02642,0.0153,-0.0426,-0.04663,-0.07483,0.03805,1,1,-0.123,0.110,in_circle
31.661,1,664,-0.02767,-0.02747,0.0009,-0.0244,-0.06756,-0.07246,0.03892,1,1,-0.022,0.139,in_circle
31.707,1,665,-0.02940,-0.02837,-0.0376,-0.0196,-0.07838,-0.03876,0.04060,1,1,0.036,0.070,in_circle
31.749,1,666,-0.03166,-0.02853,-0.0531,-0.0036,-0.07296,0.01899,0.04197,1,1,0.196,0.055,in_circle
31.794,1,667,-0.03451,-0.02781,-0.0634,0.0158,-0.05187,0.09175,0.04309,1,1,0.262,-0.005,in_circle
31.838,1,668,-0.03607,-0.02661,-0.0358,0.0278,-0.01506,0.14622,0.04315,1,1,0.310,-0.078,in_circle
31.882,1,669,-0.03635,-0.02532,-0.0065,0.0292,0.02232,0.17432,0.04238,1,1,0.209,-0.126,in_circle
31.926,1,670,-0.03555,-0.02462,0.0181,0.0157,0.04625,0.17223,0.04132,1,1,0.096,-0.136,in_circle
31.970,1,671,-0.03315,-0.02505,0.0548,-0.0097,0.04923,0.13533,0.04008,1,1,-0.003,-0.086,in_circle
32.015,1,672,-0.02928,-0.02647,0.0868,-0.0320,0.03571,0.08637,0.03893,1,1,-0.157,0.015,in_circle
32.101,1,673,-0.02133,-0.02956,0.0922,-0.0358,-0.03119,-0.01583,0.03805,1,1,-0.293,0.111,in_circle
32.146,1,674,-0.01858,-0.03152,0.0607,-0.0432,-0.03443,-0.04195,0.03904,1,1,-0.334,0.135,in_circle
32.192,1,675,-0.01629,-0.03323,0.0500,-0.0374,-0.04274,-0.05039,0.04014,1,1,-0.215,0.172,in_circle
32.234,1,676,-0.01537,-0.03426,0.0219,-0.0246,-0.06915,-0.05284,0.04097,1,1,-0.177,0.155,in_circle
32.278,1,677,-0.01581,-0.03498,-0.0100,-0.0164,-0.07139,-0.04292,0.04176,1,1,-0.065,0.108,in_circle
32.322,1,678,-0.01667,-0.03470,-0.0194,0.0064,-0.05711,-0.00571,0.04166,1,1,0.062,0.081,in_circle
32.365,1,679,-0.01804,-0.03463,-0.0319,0.0017,-0.04129,0.06110,0.04190,1,1,0.102,-0.008,in_circle
32.409,1,680,-0.01896,-0.03339,-0.0210,0.0279,-0.00630,0.13067,0.04095,1,1,0.155,0.012,in_circle
32.455,1,681,-0.01907,-0.03283,-0.0024,0.0124,0.02777,0.17367,0.04043,1,1,0.115,-0.095,in_circle
32.497,1,682,-0.01760,-0.03295,0.0343,-0.0028,0.03260,0.17961,0.04016,1,1,0.042,-0.034,in_circle
32.542,1,683,-0.01441,-0.03403,0.0710,-0.0240,0.03111,0.14680,0.04057,1,1,-0.108,0.028,in_circle
32.586,1,684,-0.01011,-0.03514,0.0998,-0.0259,0.01236,0.09754,0.04120,1,1,-0.261,0.117,in_circle
32.630,1,685,-0.00609,-0.03673,0.0911,-0.0360,-0.02978,0.04399,0.04276,1,1,-0.383,0.130,in_circle
32.674,1,686,-0.00160,-0.03777,0.1009,-0.0234,-0.06088,-0.00536,0.04421,1,1,-0.354,0.177,in_circle
32.718,1,687,0.00284,-0.03845,0.1004,-0.0153,-0.07974,-0.05268,0.04570,0,1,-0.399,0.135,running
32.761,1,688,0.00554,-0.03842,0.0630,0.0005,-0.08515,-0.08508,0.04638,0,1,-0.404,0.110,running
32.807,1,689,0.00656,-0.03819,0.0222,0.0050,-0.06784,-0.08852,0.04647,0,1,-0.270,0.054,running
32.851,1,690,0.00605,-0.03736,-0.0116,0.0190,-0.03922,-0.06198,0.04552,0,1,-0.121,0.038,running
32.896,1,691,0.00417,-0.03723,-0.0423,0.0030,-0.00422,-0.01030,0.04485,1,1,0.008,-0.017,in_circle
32.940,1,692,0.00151,-0.03712,-0.0601,0.0023,0.02692,0.04642,0.04412,1,1,0.130,0.043,in_circle
32.983,1,693,-0.00043,-0.03721,-0.0447,-0.0019,0.03591,0.09423,0.04383,1,1,0.207,0.046,in_circle
33.026,1,694,-0.00315,-0.03806,-0.0634,-0.0198,0.02285,0.13168,0.04430,1,1,0.153,0.064,in_circle
33.069,1,695,-0.00346,-0.03874,-0.0072,-0.0160,-0.00521,0.15581,0.04495,1,1,0.231,0.137,in_circle
33.114,1,696,-0.00275,-0.03992,0.0157,-0.0264,-0.04028,0.16014,0.04620,0,1,0.016,0.127,running
33.158,1,697,-0.00127,-0.04075,0.0331,-0.0185,-0.07767,0.13337,0.04721,0,1,-0.073,0.174,running
33.201,1,698,0.00168,-0.04118,0.0697,-0.0102,-0.09048,0.07605,0.04813,0,1,-0.141,0.150,running
33.245,1,699,0.00470,-0.04081,0.0684,0.0084,-0.07837,0.01624,0.04845,0,1,-0.284,0.124,running
33.289,1,700,0.00735,-0.03950,0.0597,0.0295,-0.06001,-0.03084,0.04796,0,1,-0.288,0.058,running
33.334,1,701,0.00879,-0.03828,0.0322,0.0275,-0.02685,-0.06261,0.04728,0,1,-0.265,-0.023,running
33.379,1,702,0.00907,-0.03743,0.0063,0.0189,0.01774,-0.07821,0.04659,0,1,-0.169,-0.019,running
33.422,1,703,0.00781,-0.03675,-0.0289,0.0156,0.04282,-0.06276,0.04551,0,1,-0.074,0.010,running
33.467,1,704,0.00567,-0.03712,-0.0477,-0.0082,0.04275,-0.02490,0.04517,1,1,0.062,0.019,in_circle
33.510,1,705,0.00175,-0.03713,-0.0928,-0.0003,0.02118,0.03673,0.04417,1,1,0.140,0.112,in_circle
33.555,1,706,-0.00161,-0.03741,-0.0746,-0.0063,-0.01331,0.09647,0.04385,1,1,0.325,0.081,in_circle
33.599,1,707,-0.00461,-0.03853,-0.0680,-0.0253,-0.05426,0.14570,0.04464,1,1,0.266,0.106,in_circle
33.642,1,708,-0.00599,-0.03902,-0.0323,-0.0114,-0.07086,0.17505,0.04506,1,1,0.246,0.186,in_circle
33.689,1,709,-0.00600,-0.03903,-0.0002,-0.0003,-0.07683,0.16707,0.04507,1,1,0.112,0.137,in_circle
33.730,1,710,-0.00448,-0.03850,0.0365,0.0128,-0.07234,0.13801,0.04462,1,1,-0.009,0.097,in_circle
33.773,1,711,-0.00217,-0.03697,0.0543,0.0359,-0.05519,0.09234,0.04334,1,1,-0.154,0.046,in_circle
33.818,1,712,0.00064,-0.03624,0.0621,0.0162,-0.02290,0.03126,0.04307,1,1,-0.230,-0.049,in_circle
33.862,1,713,0.00314,-0.03430,0.0567,0.0440,0.01587,-0.02290,0.04176,1,1,-0.269,0.026,in_circle
33.905,1,714,0.00476,-0.03350,0.0373,0.0186,0.04590,-0.06382,0.04144,1,1,-0.258,-0.090,in_circle
33.951,1,715,0.00488,-0.03348,0.0027,0.0004,0.03529,-0.08965,0.04146,1,1,-0.186,0.009,in_circle
33.993,1,716,0.00356,-0.03417,-0.0318,-0.0166,0.02923,-0.07714,0.04174,1,1,-0.051,0.082,in_circle
34.039,1,717,0.00046,-0.03509,-0.0668,-0.0199,0.00445,-0.03503,0.04191,1,1,0.088,0.153,in_circle
34.126,1,718,-0.00797,-0.03754,-0.0972,-0.0283,-0.07870,0.08138,0.04355,1,1,0.232,0.173,in_circle
34.172,1,719,-0.01165,-0.03843,-0.0805,-0.0193,-0.07429,0.11733,0.04459,1,1,0.367,0.215,in_circle
34.214,1,720,-0.01469,-0.03824,-0.0718,0.0043,-0.07632,0.11865,0.04478,1,1,0.309,0.186,in_circle
34.258,1,721,-0.01700,-0.03741,-0.0522,0.0187,-0.08178,0.11880,0.04438,1,1,0.284,0.098,in_circle
34.301,1,722,-0.01770,-0.03640,-0.0164,0.0238,-0.05263,0.11951,0.04354,1,1,0.217,0.042,in_circle
34.347,1,723,-0.01759,-0.03561,0.0025,0.0168,-0.01445,0.10855,0.04275,1,1,0.083,0.019,in_circle
34.390,1,724,-0.01644,-0.03443,0.0269,0.0278,0.02071,0.07645,0.04134,1,1,0.009,0.044,in_circle
34.434,1,725,-0.01610,-0.03323,0.0076,0.0272,0.03756,0.02453,0.04010,1,1,-0.091,-0.005,in_circle
34.479,1,726,-0.01534,-0.03282,0.0171,0.0091,0.02700,-0.03748,0.03954,1,1,-0.016,-0.008,in_circle
34.521,1,727,-0.01640,-0.03360,-0.0251,-0.0186,0.01390,-0.07583,0.04052,1,1,-0.056,0.065,in_circle
34.567,1,728,-0.01867,-0.03404,-0.0496,-0.0096,-0.01210,-0.07982,0.04149,1,1,0.116,0.180,in_circle
34.608,1,729,-0.02184,-0.03462,-0.0760,-0.0139,-0.05412,-0.05256,0.04298,1,1,0.218,0.149,in_circle
34.653,1,730,-0.02609,-0.03587,-0.0955,-0.0279,-0.09076,0.00982,0.04569,0,1,0.327,0.171,running
34.698,1,731,-0.03107,-0.03554,-0.1106,0.0072,-0.09449,0.07388,0.04761,0,1,0.407,0.233,running
34.742,1,732,-0.03501,-0.03517,-0.0902,0.0085,-0.07840,0.12077,0.04935,0,1,0.473,0.106,running
34.785,1,733,-0.03765,-0.03332,-0.0607,0.0424,-0.06469,0.15908,0.04937,0,1,0.406,0.106,running
34.831,1,734,-0.03897,-0.03070,-0.0286,0.0567,-0.03099,0.17642,0.04815,0,1,0.308,-0.020,running
34.875,1,735,-0.03889,-0.02843,0.0019,0.0519,0.00569,0.16877,0.04639,0,1,0.197,-0.083,running
34.917,1,736,-0.03721,-0.02593,0.0406,0.0604,0.03594,0.13962,0.04341,1,1,0.083,-0.077,in_circle
34.962,1,737,-0.03478,-0.02517,0.0529,0.0165,0.04649,0.08560,0.04122,1,1,-0.074,-0.127,in_circle
35.007,1,738,-0.03149,-0.02406,0.0746,0.0252,0.03556,0.02467,0.03827,1,1,-0.135,0.037,in_circle
35.051,1,739,-0.02882,-0.02393,0.0598,0.0029,0.02081,-0.03325,0.03657,1,1,-0.233,-0.002,in_circle
35.093,1,740,-0.02729,-0.02404,0.0366,-0.0028,-0.01181,-0.06961,0.03581,1,1,-0.179,0.089,in_circle
35.138,1,741,-0.02670,-0.02519,0.0130,-0.0256,-0.04640,-0.08290,0.03647,1,1,-0.090,0.113,in_circle
35.182,1,742,-0.02783,-0.02508,-0.0257,0.0026,-0.06971,-0.06565,0.03697,1,1,0.004,0.208,in_circle
35.225,1,743,-0.03023,-0.02457,-0.0552,0.0115,-0.08687,-0.02250,0.03792,1,1,0.162,0.097,in_circle
35.269,1,744,-0.03360,-0.02333,-0.0776,0.0287,-0.08376,0.03819,0.03906,1,1,0.287,0.061,in_circle
35.313,1,745,-0.03661,-0.02121,-0.0675,0.0473,-0.06124,0.09729,0.03963,1,1,0.387,-0.010,in_circle
35.358,1,746,-0.03867,-0.01853,-0.0463,0.0604,-0.01686,0.14761,0.03943,1,1,0.355,-0.088,in_circle
35.402,1,747,-0.03924,-0.01606,-0.0128,0.0551,0.01780,0.17723,0.03841,1,1,0.277,-0.146,in_circle
35.446,1,748,-0.03871,-0.01385,0.0120,0.0506,0.04421,0.17463,0.03674,1,1,0.146,-0.130,in_circle
35.489,1,749,-0.03657,-0.01296,0.0498,0.0205,0.05639,0.13781,0.03446,1,1,0.046,-0.117,in_circle
35.534,1,750,-0.03371,-0.01253,0.0637,0.0098,0.03692,0.08188,0.03185,1,1,-0.109,0.002,in_circle
35.578,1,751,-0.03002,-0.01291,0.0834,-0.0087,0.01128,0.02745,0.02918,1,1,-0.171,0.045,in_circle
35.622,1,752,-0.02685,-0.01329,0.0728,-0.0088,-0.02657,-0.01735,0.02711,1,1,-0.257,0.121,in_circle
35.666,1,753,-0.02452,-0.01413,0.0532,-0.0191,-0.06324,-0.05831,0.02617,1,1,-0.222,0.123,in_circle
35.712,1,754,-0.02334,-0.01418,0.0258,-0.0010,-0.08235,-0.07526,0.02546,1,1,-0.149,0.167,in_circle
35.755,1,755,-0.02399,-0.01337,-0.0151,0.0188,-0.08546,-0.06570,0.02524,1,1,-0.042,0.096,in_circle
35.798,1,756,-0.02560,-0.01203,-0.0371,0.0308,-0.07483,-0.03027,0.02533,1,1,0.124,0.015,in_circle
35.843,1,757,-0.02752,-0.01011,-0.0424,0.0424,-0.05000,0.02560,0.02546,1,1,0.217,-0.035,in_circle
35.887,1,758,-0.03061,-0.00788,-0.0709,0.0511,-0.00752,0.09213,0.02670,1,1,0.244,-0.086,in_circle
35.931,1,759,-0.03239,-0.00561,-0.0408,0.0520,0.03186,0.14576,0.02719,1,1,0.367,-0.125,in_circle
35.975,1,760,-0.03378,-0.00443,-0.0310,0.0264,0.04968,0.17564,0.02800,1,1,0.252,-0.134,in_circle
36.017,1,761,-0.03304,-0.00403,0.0180,0.0095,0.04914,0.17502,0.02716,1,1,0.218,-0.034,in_circle
36.062,1,762,-0.03128,-0.00473,0.0387,-0.0154,0.03218,0.14828,0.02581,1,1,0.021,0.033,in_circle
36.151,1,763,-0.02476,-0.00783,0.0738,-0.0351,-0.03984,0.04250,0.02188,1,1,-0.064,0.135,in_circle
36.194,1,764,-0.02092,-0.00963,0.0885,-0.0415,-0.03932,0.00272,0.02041,1,1,-0.220,0.222,in_circle
36.238,1,765,-0.01823,-0.01097,0.0614,-0.0305,-0.04738,-0.00617,0.01992,1,1,-0.288,0.253,in_circle
36.282,1,766,-0.01558,-0.01171,0.0605,-0.0169,-0.08110,-0.01657,0.01934,1,1,-0.186,0.213,in_circle
36.325,1,767,-0.01357,-0.01184,0.0468,-0.0030,-0.08031,-0.02896,0.01875,1,1,-0.189,0.161,in_circle
36.370,1,768,-0.01291,-0.01112,0.0145,0.0160,-0.06313,-0.02487,0.01786,1,1,-0.139,0.107,in_circle
36.414,1,769,-0.01340,-0.01007,-0.0111,0.0237,-0.04588,-0.00432,0.01702,1,1,-0.011,0.030,in_circle
36.457,1,770,-0.01370,-0.00958,-0.0070,0.0114,-0.00280,0.03115,0.01666,1,1,0.093,-0.003,in_circle
36.502,1,771,-0.01418,-0.00849,-0.0106,0.0241,0.03122,0.07333,0.01583,1,1,0.077,0.046,in_circle
36.546,1,772,-0.01509,-0.00827,-0.0208,0.0049,0.03465,0.13137,0.01603,1,1,0.093,-0.007,in_circle
36.591,1,773,-0.01397,-0.00925,0.0251,-0.0218,0.02420,0.16720,0.01645,1,1,0.137,0.069,in_circle
36.635,1,774,-0.01215,-0.01031,0.0417,-0.0242,0.00145,0.15969,0.01688,1,1,-0.049,0.180,in_circle
36.677,1,775,-0.00872,-0.01181,0.0804,-0.0352,-0.03032,0.12356,0.01783,1,1,-0.120,0.193,in_circle
36.721,1,776,-0.00430,-0.01350,0.1005,-0.0386,-0.06979,0.07698,0.01982,1,1,-0.284,0.241,in_circle
36.765,1,777,0.00022,-0.01356,0.1040,-0.0012,-0.08609,0.02133,0.02114,1,1,-0.375,0.260,in_circle
36.811,1,778,0.00420,-0.01387,0.0869,-0.0069,-0.08696,-0.03276,0.02322,1,1,-0.401,0.111,in_circle
36.854,1,779,0.00704,-0.01356,0.0651,0.0071,-0.07640,-0.07432,0.02455,1,1,-0.343,0.136,in_circle
36.898,1,780,0.00837,-0.01285,0.0302,0.0161,-0.04898,-0.09866,0.02484,1,1,-0.264,0.080,in_circle
36.942,1,781,0.00873,-0.01129,0.0081,0.0355,-0.01385,-0.08888,0.02392,1,1,-0.128,0.043,in_circle
36.986,1,782,0.00778,-0.00944,-0.0216,0.0426,0.01312,-0.03996,0.02193,1,1,-0.041,-0.038,in_circle
37.031,1,783,0.00621,-0.00823,-0.0345,0.0264,0.03126,0.02331,0.01998,1,1,0.080,-0.070,in_circle
37.076,1,784,0.00477,-0.00802,-0.0326,0.0048,0.03303,0.09185,0.01883,1,1,0.134,-0.008,in_circle
37.118,1,785,0.00393,-0.00768,-0.0202,0.0082,0.02157,0.14153,0.01802,1,1,0.130,0.079,in_circle
37.163,1,786,0.00353,-0.00824,-0.0088,-0.0125,-0.00386,0.16364,0.01820,1,1,0.082,0.065,in_circle
37.205,1,787,0.00463,-0.00946,0.0262,-0.0288,-0.04255,0.14739,0.01984,1,1,0.037,0.150,in_circle
37.252,1,788,0.00655,-0.01002,0.0408,-0.0120,-0.07223,0.10541,0.02151,1,1,-0.106,0.219,in_circle
37.296,1,789,0.00930,-0.01032,0.0632,-0.0068,-0.08193,0.04492,0.02364,1,1,-0.171,0.153,in_circle
37.338,1,790,0.01269,-0.00902,0.0800,0.0306,-0.08680,-0.00942,0.02541,1,1,-0.268,0.134,in_circle
37.382,1,791,0.01590,-0.00727,0.0722,0.0394,-0.06631,-0.04853,0.02716,1,1,-0.344,-0.018,in_circle
37.428,1,792,0.01618,-0.00450,0.0061,0.0613,-0.02999,-0.07304,0.02617,1,1,-0.322,-0.057,in_circle
37.472,1,793,0.01624,-0.00279,0.0015,0.0387,0.00585,-0.07816,0.02560,1,1,-0.060,-0.151,in_circle
37.514,1,794,0.01445,-0.00069,-0.0427,0.0501,0.03382,-0.05647,0.02324,1,1,-0.042,-0.065,in_circle
37.559,1,795,0.01131,-0.00001,-0.0687,0.0148,0.05028,-0.01613,0.02003,1,1,0.138,-0.115,in_circle
37.603,1,796,0.00822,-0.00055,-0.0701,-0.0123,0.03645,0.04235,0.01731,1,1,0.249,0.024,in_circle
37.646,1,797,0.00478,-0.00177,-0.0814,-0.0288,0.01375,0.09833,0.01479,1,1,0.262,0.135,in_circle
37.691,1,798,0.00325,-0.00364,-0.0335,-0.0410,-0.01482,0.14768,0.01467,1,1,0.315,0.204,in_circle
37.735,1,799,0.00176,-0.00591,-0.0341,-0.0518,-0.05619,0.17338,0.01527,1,1,0.127,0.258,in_circle
37.777,1,800,0.00254,-0.00807,0.0189,-0.0521,-0.09122,0.16539,0.01746,1,1,0.132,0.307,in_circle
37.821,1,801,0.00533,-0.00860,0.0622,-0.0118,-0.10297,0.12437,0.01964,1,1,-0.082,0.314,in_circle
37.866,1,802,0.00785,-0.00903,0.0571,-0.0098,-0.09654,0.07806,0.02170,1,1,-0.263,0.155,in_circle
37.909,1,803,0.01097,-0.00791,0.0714,0.0257,-0.07789,0.02707,0.02337,1,1,-0.249,0.149,in_circle
37.954,1,804,0.01461,-0.00544,0.0808,0.0549,-0.04911,-0.02719,0.02516,1,1,-0.315,0.005,in_circle
37.999,1,805,0.01759,-0.00269,0.0661,0.0609,-0.00679,-0.06574,0.02684,1,1,-0.363,-0.118,in_circle
38.045,1,806,0.01827,-0.00134,0.0148,0.0295,0.03038,-0.07796,0.02708,1,1,-0.313,-0.148,in_circle
38.087,1,807,0.01794,-0.00100,-0.0078,0.0083,0.05686,-0.06699,0.02668,1,1,-0.111,-0.025,in_circle
38.173,1,808,0.01274,-0.00544,-0.0605,-0.0516,0.03156,0.01914,0.02351,1,1,-0.021,0.059,in_circle
38.219,1,809,0.00947,-0.01013,-0.0720,-0.1035,0.01457,0.07153,0.02363,1,1,0.202,0.310,in_circle
38.261,1,810,0.00853,-0.01288,-0.0220,-0.0642,0.00617,0.09224,0.02497,1,1,0.255,0.530,in_circle
38.306,1,811,0.00636,-0.01698,-0.0486,-0.0916,-0.05012,0.10034,0.02699,1,1,0.056,0.381,in_circle
38.350,1,812,0.00435,-0.02050,-0.0453,-0.0795,-0.09256,0.12089,0.02915,1,1,0.168,0.501,in_circle
38.394,1,813,0.00407,-0.02387,-0.0064,-0.0768,-0.09316,0.11901,0.03215,1,1,0.159,0.463,in_circle
38.437,1,814,0.00423,-0.02579,0.0035,-0.0446,-0.10172,0.09133,0.03399,1,1,0.003,0.462,in_circle
38.482,1,815,0.00486,-0.02598,0.0141,-0.0042,-0.09449,0.05729,0.03439,1,1,-0.037,0.339,in_circle
38.525,1,816,0.00626,-0.02551,0.0324,0.0107,-0.06900,0.01130,0.03451,1,1,-0.081,0.180,in_circle
38.570,1,817,0.00633,-0.02445,0.0016,0.0240,-0.03666,-0.02348,0.03357,1,1,-0.159,0.120,in_circle
38.616,1,818,0.00527,-0.02258,-0.0230,0.0408,-0.00255,-0.05041,0.03142,1,1,-0.037,0.066,in_circle
38.658,1,819,0.00215,-0.02223,-0.0743,0.0083,0.02729,-0.04868,0.02993,1,1,0.064,-0.005,in_circle
38.704,1,820,-0.00047,-0.02167,-0.0562,0.0119,0.03224,-0.02371,0.02863,1,1,0.277,0.126,in_circle
38.746,1,821,-0.00492,-0.02244,-0.1056,-0.0182,0.02757,0.02661,0.02859,1,1,0.211,0.111,in_circle
38.790,1,822,-0.00881,-0.02358,-0.0892,-0.0261,-0.00021,0.08156,0.02960,1,1,0.419,0.235,in_circle
38.833,1,823,-0.01282,-0.02474,-0.0938,-0.0271,-0.03752,0.12714,0.03115,1,1,0.363,0.270,in_circle
38.878,1,824,-0.01555,-0.02539,-0.0604,-0.0143,-0.07156,0.16169,0.03233,1,1,0.392,0.279,in_circle
38.921,1,825,-0.01675,-0.02577,-0.0277,-0.0089,-0.09726,0.17347,0.03300,1,1,0.265,0.230,in_circle
38.967,1,826,-0.01636,-0.02549,0.0083,0.0062,-0.09474,0.15454,0.03263,1,1,0.138,0.211,in_circle
39.010,1,827,-0.01484,-0.02439,0.0350,0.0252,-0.07470,0.11426,0.03119,1,1,-0.007,0.152,in_circle
39.053,1,828,-0.01291,-0.02234,0.0447,0.0475,-0.04390,0.06700,0.02880,1,1,-0.117,0.074,in_circle
39.097,1,829,-0.01012,-0.02056,0.0635,0.0406,-0.00555,0.01668,0.02666,1,1,-0.160,-0.019,in_circle
39.141,1,830,-0.00790,-0.01860,0.0506,0.0446,0.02673,-0.02617,0.02460,1,1,-0.242,0.005,in_circle
39.187,1,831,-0.00688,-0.01709,0.0222,0.0329,0.05076,-0.05967,0.02310,1,1,-0.196,-0.015,in_circle
39.231,1,832,-0.00694,-0.01706,-0.0015,0.0007,0.03692,-0.07395,0.02307,1,1,-0.085,0.030,in_circle
39.274,1,833,-0.00812,-0.01740,-0.0270,-0.0079,0.01624,-0.05460,0.02340,1,1,0.010,0.159,in_circle
39.320,1,834,-0.01042,-0.01790,-0.0504,-0.0110,-0.01418,-0.01469,0.02405,1,1,0.115,0.195,in_circle
39.363,1,835,-0.01345,-0.01979,-0.0698,-0.0435,-0.05695,0.03999,0.02640,1,1,0.214,0.210,in_circle
39.407,1,836,-0.01580,-0.02020,-0.0536,-0.0094,-0.08735,0.09722,0.02739,1,1,0.300,0.346,in_circle
39.449,1,837,-0.01805,-0.02044,-0.0542,-0.0057,-0.09548,0.14377,0.02835,1,1,0.241,0.212,in_circle
39.494,1,838,-0.01886,-0.01967,-0.0178,0.0169,-0.09773,0.17414,0.02795,1,1,0.250,0.199,in_circle
39.538,1,839,-0.01796,-0.01826,0.0205,0.0320,-0.07771,0.16304,0.02630,1,1,0.106,0.107,in_circle
39.582,1,840,-0.01588,-0.01607,0.0476,0.0502,-0.03373,0.13573,0.02350,1,1,-0.049,0.045,in_circle
39.625,1,841,-0.01179,-0.01396,0.0936,0.0482,-0.00041,0.08775,0.02036,1,1,-0.162,-0.033,in_circle
39.670,1,842,-0.00821,-0.01243,0.0807,0.0345,0.02750,0.03817,0.01843,1,1,-0.356,-0.029,in_circle
39.715,1,843,-0.00477,-0.01168,0.0760,0.0165,0.04633,-0.01678,0.01794,1,1,-0.313,0.023,in_circle
39.759,1,844,-0.00160,-0.01138,0.0725,0.0069,0.03565,-0.06240,0.01846,1,1,-0.303,0.094,in_circle
39.802,1,845,-0.00011,-0.01222,0.0347,-0.0194,0.00669,-0.09185,0.01978,1,1,-0.297,0.132,in_circle
39.846,1,846,-0.00005,-0.01336,0.0014,-0.0257,-0.02459,-0.08198,0.02085,1,1,-0.150,0.240,in_circle
39.891,1,847,-0.00188,-0.01471,-0.0409,-0.0302,-0.06556,-0.04864,0.02154,1,1,-0.018,0.269,in_circle
39.936,1,848,-0.00500,-0.01491,-0.0688,-0.0044,-0.09975,0.01197,0.02110,1,1,0.156,0.291,in_circle
39.980,1,849,-0.00856,-0.01437,-0.0810,0.0123,-0.10476,0.07750,0.02038,1,1,0.275,0.190,in_circle
40.023,1,850,-0.01228,-0.01288,-0.0862,0.0344,-0.09068,0.12429,0.01941,1,1,0.333,0.123,in_circle
40.065,1,851,-0.01393,-0.01099,-0.0391,0.0451,-0.07553,0.15374,0.01806,1,1,0.363,0.031,in_circle
40.110,1,852,-0.01425,-0.00886,-0.0073,0.0473,-0.03229,0.16510,0.01620,1,1,0.179,-0.016,in_circle
40.199,1,853,-0.01075,-0.00437,0.0394,0.0505,0.03552,0.13273,0.01078,1,1,0.053,-0.028,in_circle
40.242,1,854,-0.00662,-0.00398,0.0970,0.0090,0.03816,0.09677,0.01005,1,1,-0.142,-0.052,in_circle
40.287,1,855,-0.00226,-0.00392,0.0962,0.0014,0.03709,0.07175,0.01136,1,1,-0.383,0.113,in_circle
40.332,1,856,0.00137,-0.00550,0.0803,-0.0350,0.02458,0.04120,0.01471,1,1,-0.391,0.144,in_circle
40.375,1,857,0.00513,-0.00775,0.0882,-0.0526,-0.01435,-0.00921,0.01888,1,1,-0.337,0.294,in_circle
40.419,1,858,0.00822,-0.00986,0.0700,-0.0479,-0.04991,-0.06082,0.02254,1,1,-0.378,0.371,in_circle
40.461,1,859,0.00939,-0.01121,0.0275,-0.0319,-0.07480,-0.09721,0.02432,1,1,-0.314,0.358,in_circle
40.508,1,860,0.01027,-0.01153,0.0187,-0.0066,-0.09710,-0.09653,0.02517,1,1,-0.148,0.298,in_circle
40.551,1,861,0.00918,-0.01084,-0.0259,0.0163,-0.09342,-0.06054,0.02391,1,1,-0.115,0.199,in_circle
40.594,1,862,0.00798,-0.00962,-0.0278,0.0283,-0.08784,0.00217,0.02221,1,1,0.065,0.106,in_circle
40.639,1,863,0.00608,-0.00640,-0.0418,0.0708,-0.05564,0.07425,0.01861,1,1,0.075,0.055,in_circle
40.681,1,864,0.00524,-0.00330,-0.0199,0.0741,-0.01276,0.12407,0.01602,1,1,0.135,-0.122,in_circle
40.726,1,865,0.00436,-0.00074,-0.0197,0.0572,0.02132,0.14556,0.01390,1,1,0.049,-0.142,in_circle
40.771,1,866,0.00417,0.00114,-0.0043,0.0418,0.04626,0.14045,0.01292,1,1,0.050,-0.081,in_circle
40.814,1,867,0.00645,0.00191,0.0526,0.0179,0.05755,0.11592,0.01482,1,1,-0.012,-0.024,in_circle
40.859,1,868,0.00850,0.00161,0.0451,-0.0066,0.02947,0.06604,0.01688,1,1,-0.246,0.070,in_circle
40.902,1,869,0.01187,0.00112,0.0788,-0.0114,-0.00459,0.00873,0.02026,1,1,-0.222,0.169,in_circle
40.945,1,870,0.01447,-0.00005,0.0603,-0.0271,-0.03911,-0.04799,0.02308,1,1,-0.366,0.190,in_circle
40.989,1,871,0.01531,-0.00102,0.0191,-0.0221,-0.07159,-0.08906,0.02416,1,1,-0.299,0.256,in_circle
41.033,1,872,0.01537,-0.00206,0.0013,-0.0235,-0.08901,-0.09720,0.02453,1,1,-0.138,0.238,in_circle
41.078,1,873,0.01353,-0.00291,-0.0414,-0.0192,-0.08642,-0.07350,0.02311,1,1,-0.067,0.247,in_circle
41.122,1,874,0.01076,-0.00348,-0.0623,-0.0128,-0.07426,-0.01576,0.02084,1,1,0.107,0.232,in_circle
41.169,1,875,0.00838,-0.00321,-0.0514,0.0060,-0.05397,0.04937,0.01861,1,1,0.197,0.209,in_circle
41.211,1,876,0.00651,-0.00232,-0.0441,0.0208,-0.02495,0.10614,0.01655,1,1,0.158,0.133,in_circle
41.256,1,877,0.00464,-0.00151,-0.0414,0.0181,0.00078,0.14104,0.01453,1,1,0.133,0.072,in_circle
41.299,1,878,0.00422,-0.00022,-0.0097,0.0298,0.01589,0.15434,0.01353,1,1,0.126,0.081,in_circle
41.342,1,879,0.00496,-0.00060,0.0171,-0.0090,0.01753,0.13729,0.01436,1,1,0.000,0.031,in_circle
41.389,1,880,0.00696,-0.00209,0.0432,-0.0321,0.00933,0.09921,0.01683,1,1,-0.109,0.187,in_circle
41.429,1,881,0.00879,-0.00244,0.0451,-0.0087,-0.00738,0.04455,0.01861,1,1,-0.220,0.284,in_circle
41.475,1,882,0.01079,-0.00434,0.0441,-0.0418,-0.03740,-0.01861,0.02127,1,1,-0.232,0.192,in_circle
41.517,1,883,0.01268,-0.00518,0.0441,-0.0197,-0.07816,-0.07095,0.02334,1,1,-0.234,0.329,in_circle
41.563,1,884,0.01348,-0.00553,0.0178,-0.0076,-0.08948,-0.10100,0.02421,1,1,-0.240,0.243,in_circle
41.606,1,885,0.01268,-0.00528,-0.0184,0.0057,-0.08704,-0.08794,0.02338,1,1,-0.137,0.196,in_circle
41.650,1,886,0.01099,-0.00483,-0.0391,0.0103,-0.07684,-0.03738,0.02169,1,1,0.008,0.143,in_circle
41.694,1,887,0.00895,-0.00310,-0.0457,0.0388,-0.03939,0.02844,0.01906,1,1,0.095,0.124,in_circle
41.739,1,888,0.00681,-0.00148,-0.0481,0.0364,-0.00137,0.09101,0.01642,1,1,0.126,0.006,in_circle
41.782,1,889,0.00541,-0.00048,-0.0327,0.0233,0.02399,0.12771,0.01471,1,1,0.140,0.012,in_circle
41.827,1,890,0.00520,0.00064,-0.0046,0.0246,0.03866,0.14989,0.01406,1,1,0.081,0.062,in_circle
41.870,1,891,0.00610,0.00040,0.0208,-0.0056,0.03065,0.14169,0.01498,1,1,-0.031,0.055,in_circle
41.914,1,892,0.00715,-0.00030,0.0240,-0.0160,0.00009,0.11185,0.01623,1,1,-0.136,0.176,in_circle
41.959,1,893,0.01016,-0.00165,0.0672,-0.0300,-0.03297,0.05831,0.01952,1,1,-0.152,0.220,in_circle
42.002,1,894,0.01266,-0.00294,0.0586,-0.0305,-0.06774,-0.00960,0.02233,1,1,-0.333,0.279,in_circle
42.047,1,895,0.01465,-0.00318,0.0436,-0.0052,-0.09093,-0.06698,0.02425,1,1,-0.306,0.285,in_circle
42.090,1,896,0.01573,-0.00384,0.0253,-0.0155,-0.09135,-0.09980,0.02550,1,1,-0.252,0.185,in_circle
42.134,1,897,0.01478,-0.00376,-0.0212,0.0017,-0.08149,-0.10320,0.02460,1,1,-0.182,0.228,in_circle
42.221,1,898,0.00996,-0.00157,-0.0555,0.0252,-0.02667,-0.00779,0.01931,1,1,0.004,0.160,in_circle
42.267,1,899,0.00595,-0.00026,-0.0871,0.0285,-0.02479,0.05581,0.01511,1,1,0.153,0.061,in_circle
42.310,1,900,0.00277,0.00063,-0.0743,0.0208,-0.01573,0.07155,0.01185,1,1,0.288,0.045,in_circle
42.355,1,901,-0.00019,0.00176,-0.0657,0.0252,0.02226,0.08289,0.00871,1,1,0.245,0.074,in_circle
42.397,1,902,-0.00146,0.00245,-0.0301,0.0163,0.01364,0.10721,0.00726,1,1,0.217,0.053,in_circle
42.442,1,903,-0.00246,0.00243,-0.0222,-0.0004,0.00246,0.12488,0.00642,1,1,0.078,0.087,in_circle
42.486,1,904,-0.00272,0.00273,-0.0059,0.0067,-0.00942,0.12437,0.00604,1,1,0.049,0.155,in_circle
42.531,1,905,-0.00223,0.00221,0.0111,-0.0118,-0.04180,0.08960,0.00674,1,1,-0.016,0.125,in_circle
42.576,1,906,-0.00117,0.00304,0.0233,0.0183,-0.06911,0.03655,0.00726,1,1,-0.086,0.201,in_circle
42.618,1,907,-0.00021,0.00300,0.0227,-0.0009,-0.07379,-0.01528,0.00816,1,1,-0.138,0.078,in_circle
42.663,1,908,-0.00062,0.00428,-0.0090,0.0285,-0.06959,-0.06043,0.00739,1,1,-0.138,0.156,in_circle
42.706,1,909,-0.00046,0.00649,0.0037,0.0513,-0.04878,-0.08029,0.00736,1,1,-0.010,0.035,in_circle
42.752,1,910,-0.00236,0.00800,-0.0415,0.0331,-0.02651,-0.06337,0.00579,1,1,-0.062,-0.062,in_circle
42.796,1,911,-0.00586,0.00963,-0.0791,0.0367,0.00005,-0.02248,0.00411,1,1,0.124,0.007,in_circle
42.838,1,912,-0.00946,0.01095,-0.0865,0.0318,0.03542,0.03349,0.00523,1,1,0.283,-0.012,in_circle
42.882,1,913,-0.01292,0.01129,-0.0784,0.0077,0.03289,0.09023,0.00737,1,1,0.321,0.004,in_circle
42.926,1,914,-0.01584,0.01134,-0.0657,0.0011,0.01496,0.13480,0.00965,1,1,0.298,0.100,in_circle
42.971,1,915,-0.01808,0.01062,-0.0504,-0.0163,-0.00901,0.16814,0.01127,1,1,0.255,0.126,in_circle
43.014,1,916,-0.01842,0.01009,-0.0079,-0.0124,-0.04809,0.16810,0.01138,1,1,0.200,0.197,in_circle
43.057,1,917,-0.01719,0.00971,0.0286,-0.0088,-0.08049,0.13386,0.01009,1,1,0.031,0.182,in_circle
43.103,1,918,-0.01456,0.01022,0.0570,0.0112,-0.08963,0.07543,0.00797,1,1,-0.118,0.169,in_circle
43.146,1,919,-0.01214,0.01263,0.0555,0.0553,-0.07902,0.02096,0.00793,1,1,-0.238,0.088,in_circle
43.190,1,920,-0.00949,0.01498,0.0600,0.0532,-0.06062,-0.02076,0.00914,1,1,-0.238,-0.095,in_circle
43.234,1,921,-0.00743,0.01681,0.0468,0.0416,-0.02171,-0.04958,0.01082,1,1,-0.262,-0.093,in_circle
43.281,1,922,-0.00663,0.01814,0.0171,0.0286,0.01787,-0.06679,0.01220,1,1,-0.215,-0.052,in_circle
43.322,1,923,-0.00874,0.02034,-0.0509,0.0530,0.03957,-0.05837,0.01437,1,1,-0.098,-0.004,in_circle
43.366,1,924,-0.01102,0.02245,-0.0519,0.0482,0.03419,-0.02851,0.01676,1,1,0.179,-0.107,in_circle
43.410,1,925,-0.01338,0.02342,-0.0538,0.0221,0.01505,0.02312,0.01829,1,1,0.189,-0.094,in_circle
43.456,1,926,-0.01593,0.02445,-0.0560,0.0226,-0.00883,0.08758,0.02016,1,1,0.203,0.007,in_circle
43.498,1,927,-0.01735,0.02569,-0.0333,0.0290,-0.02917,0.14197,0.02188,1,1,0.219,0.002,in_circle
43.541,1,928,-0.01817,0.02674,-0.0191,0.0245,-0.05739,0.17169,0.02319,1,1,0.132,-0.028,in_circle
43.586,1,929,-0.01716,0.02834,0.0226,0.0357,-0.06777,0.16400,0.02422,1,1,0.077,-0.013,in_circle
43.631,1,930,-0.01474,0.03048,0.0543,0.0481,-0.05124,0.12528,0.02544,1,1,-0.091,-0.063,in_circle
43.675,1,931,-0.01129,0.03369,0.0779,0.0724,-0.03681,0.07334,0.02790,1,1,-0.224,-0.119,in_circle
43.718,1,932,-0.00739,0.03641,0.0913,0.0638,-0.00519,0.02078,0.03042,1,1,-0.327,-0.226,in_circle
43.762,1,933,-0.00351,0.03821,0.0881,0.0408,0.03653,-0.02261,0.03249,1,1,-0.390,-0.200,in_circle
43.807,1,934,-0.00018,0.04075,0.0729,0.0556,0.05781,-0.05978,0.03558,1,1,-0.387,-0.113,in_circle
43.851,1,935,0.00138,0.04110,0.0361,0.0080,0.05575,-0.08748,0.03628,1,1,-0.335,-0.180,in_circle
43.894,1,936,0.00111,0.04056,-0.0062,-0.0125,0.02749,-0.08818,0.03569,1,1,-0.192,0.007,in_circle
43.938,1,937,-0.00019,0.04033,-0.0293,-0.0052,-0.00400,-0.06010,0.03516,1,1,-0.023,0.089,in_circle
43.984,1,938,-0.00281,0.04003,-0.0569,-0.0065,-0.03516,0.00151,0.03439,1,1,0.072,0.059,in_circle
44.027,1,939,-0.00538,0.03877,-0.0605,-0.0298,-0.07064,0.07020,0.03286,1,1,0.189,0.063,in_circle
44.070,1,940,-0.00770,0.03926,-0.0537,0.0113,-0.08278,0.12345,0.03326,1,1,0.210,0.159,in_circle
44.114,1,941,-0.00899,0.04029,-0.0289,0.0232,-0.06797,0.14996,0.03431,1,1,0.189,-0.009,in_circle
44.158,1,942,-0.00887,0.04207,0.0026,0.0408,-0.06055,0.15742,0.03609,1,1,0.093,-0.060,in_circle
44.246,1,943,-0.00426,0.04540,0.0526,0.0380,0.00991,0.10645,0.03956,1,1,-0.034,-0.138,in_circle
44.289,1,944,-0.00029,0.04696,0.0909,0.0358,0.01335,0.06444,0.04165,1,1,-0.245,-0.137,in_circle
44.336,1,945,0.00372,0.04779,0.0865,0.0178,0.02214,0.03517,0.04335,1,1,-0.403,-0.135,in_circle
44.379,1,946,0.00788,0.04802,0.0974,0.0054,0.03551,0.00467,0.04485,1,1,-0.392,-0.071,in_circle
44.422,1,947,0.01067,0.04735,0.0639,-0.0154,0.01995,-0.02887,0.04529,1,1,-0.441,-0.028,in_circle
44.466,1,948,0.01323,0.04728,0.0583,-0.0017,-0.00165,-0.06731,0.04633,0,1,-0.322,0.050,running
44.510,1,949,0.01371,0.04657,0.0109,-0.0161,-0.03485,-0.08716,0.04592,0,1,-0.307,-0.006,running
44.555,1,950,0.01275,0.04617,-0.0216,-0.0088,-0.07261,-0.07335,0.04512,1,1,-0.131,0.050,in_circle
44.600,1,951,0.01131,0.04590,-0.0320,-0.0060,-0.07969,-0.03121,0.04424,1,1,-0.006,0.024,in_circle
44.643,1,952,0.00907,0.04667,-0.0522,0.0179,-0.06435,0.04212,0.04403,1,1,0.039,0.014,in_circle
44.685,1,953,0.00620,0.04793,-0.0676,0.0294,-0.04908,0.10849,0.04420,1,1,0.122,-0.082,in_circle
44.730,1,954,0.00447,0.04947,-0.0382,0.0342,-0.01321,0.15055,0.04517,1,1,0.188,-0.131,in_circle
44.773,1,955,0.00356,0.05019,-0.0212,0.0166,0.03373,0.16319,0.04562,0,1,0.077,-0.156,running
44.818,1,956,0.00427,0.05072,0.0157,0.0118,0.05335,0.15135,0.04632,0,1,0.014,-0.094,running
44.862,1,957,0.00688,0.05013,0.0592,-0.0132,0.05125,0.11673,0.04651,0,1,-0.128,-0.081,running
44.907,1,958,0.01009,0.04913,0.0720,-0.0224,0.03202,0.06597,0.04670,0,1,-0.298,0.012,running
44.950,1,959,0.01351,0.04725,0.0803,-0.0441,-0.00915,0.01251,0.04643,0,1,-0.356,0.047,running
44.994,1,960,0.01577,0.04553,0.0514,-0.0391,-0.04271,-0.03360,0.04603,0,1,-0.398,0.132,running
45.040,1,961,0.01710,0.04370,0.0285,-0.0394,-0.07169,-0.07367,0.04518,1,1,-0.298,0.118,in_circle
45.082,1,962,0.01700,0.04280,-0.0023,-0.0212,-0.08941,-0.10029,0.04438,1,1,-0.216,0.126,in_circle
45.126,1,963,0.01510,0.04237,-0.0437,-0.0098,-0.08145,-0.08774,0.04298,1,1,-0.099,0.060,in_circle
45.171,1,964,0.01315,0.04245,-0.0439,0.0018,-0.06106,-0.04125,0.04204,1,1,0.067,0.019,in_circle
45.214,1,965,0.00875,0.04374,-0.1003,0.0293,-0.02945,0.03336,0.04121,1,1,0.075,-0.026,in_circle
45.258,1,966,0.00512,0.04451,-0.0825,0.0177,0.01072,0.10193,0.04062,1,1,0.311,-0.138,in_circle
45.302,1,967,0.00120,0.04580,-0.0908,0.0298,0.04157,0.14805,0.04080,1,1,0.251,-0.095,in_circle
45.348,1,968,-0.00068,0.04525,-0.0408,-0.0119,0.05158,0.17159,0.03989,1,1,0.293,-0.149,in_circle
45.395,1,969,-0.00206,0.04432,-0.0294,-0.0200,0.04192,0.17301,0.03874,1,1,0.101,0.018,in_circle
45.435,1,970,-0.00055,0.04314,0.0377,-0.0294,0.01773,0.14000,0.03784,1,1,0.058,0.051,in_circle
45.478,1,971,0.00200,0.04135,0.0585,-0.0408,-0.00765,0.09234,0.03669,1,1,-0.214,0.090,in_circle
45.524,1,972,0.00483,0.03965,0.0624,-0.0377,-0.04670,0.04083,0.03594,1,1,-0.304,0.139,in_circle
45.568,1,973,0.00666,0.03830,0.0414,-0.0303,-0.07746,-0.01563,0.03539,1,1,-0.327,0.129,in_circle
45.610,1,974,0.00799,0.03748,0.0315,-0.0196,-0.09084,-0.06425,0.03522,1,1,-0.248,0.101,in_circle
45.655,1,975,0.00821,0.03740,0.0051,-0.0018,-0.07875,-0.09535,0.03524,1,1,-0.213,0.059,in_circle
45.699,1,976,0.00698,0.03777,-0.0276,0.0084,-0.05727,-0.09262,0.03504,1,1,-0.108,-0.013,in_circle
45.742,1,977,0.00520,0.03913,-0.0417,0.0317,-0.01472,-0.04369,0.03559,1,1,0.025,-0.056,in_circle
45.787,1,978,0.00184,0.04059,-0.0750,0.0325,0.02246,0.02709,0.03591,1,1,0.085,-0.154,in_circle
45.830,1,979,-0.00230,0.04147,-0.0963,0.0205,0.04322,0.09082,0.03589,1,1,0.226,-0.163,in_circle
45.873,1,980,-0.00537,0.04150,-0.0712,0.0007,0.05284,0.13949,0.03558,1,1,0.321,-0.118,in_circle
45.918,1,981,-0.00711,0.04044,-0.0382,-0.0232,0.04072,0.16779,0.03445,1,1,0.229,-0.041,in_circle
45.961,1,982,-0.00716,0.03943,-0.0011,-0.0237,0.00798,0.16460,0.03343,1,1,0.101,0.056,in_circle
46.006,1,983,-0.00585,0.03688,0.0292,-0.0568,-0.02829,0.14341,0.03094,1,1,-0.047,0.059,in_circle
46.052,1,984,-0.00286,0.03460,0.0660,-0.0503,-0.06090,0.09630,0.02902,1,1,-0.172,0.196,in_circle
46.095,1,985,0.00001,0.03301,0.0663,-0.0369,-0.07611,0.03238,0.02811,1,1,-0.327,0.175,in_circle
46.140,1,986,0.00295,0.03253,0.0646,-0.0105,-0.08384,-0.02842,0.02862,1,1,-0.336,0.124,in_circle
46.183,1,987,0.00391,0.03293,0.0228,0.0095,-0.07727,-0.07091,0.02937,1,1,-0.337,0.019,in_circle
46.273,1,988,0.00404,0.03662,0.0014,0.0410,-0.01003,-0.07784,0.03283,1,1,-0.173,-0.065,in_circle
46.314,1,989,0.00188,0.03807,-0.0525,0.0350,-0.00533,-0.05838,0.03350,1,1,-0.088,-0.202,in_circle
46.359,1,990,-0.00179,0.03924,-0.0822,0.0262,0.00831,-0.03627,0.03378,1,1,0.133,-0.183,in_circle
46.402,1,991,-0.00631,0.03983,-0.1039,0.0137,0.04603,0.00531,0.03387,1,1,0.260,-0.152,in_circle
46.447,1,992,-0.01122,0.03982,-0.1095,-0.0002,0.04109,0.06518,0.03400,1,1,0.358,-0.105,in_circle
46.491,1,993,-0.01528,0.03991,-0.0923,0.0018,0.02303,0.12791,0.03472,1,1,0.393,-0.050,in_circle
46.534,1,994,-0.01886,0.03860,-0.0824,-0.0300,-0.00113,0.16960,0.03443,1,1,0.335,-0.060,in_circle
46.578,1,995,-0.02002,0.03742,-0.0265,-0.0268,-0.04264,0.18385,0.03372,1,1,0.305,0.069,in_circle
46.621,1,996,-0.01983,0.03630,0.0046,-0.0262,-0.06775,0.15776,0.03260,1,1,0.084,0.058,in_circle
46.666,1,997,-0.01819,0.03668,0.0362,0.0084,-0.07412,0.12036,0.03240,1,1,-0.040,0.057,in_circle
46.712,1,998,-0.01563,0.03726,0.0565,0.0127,-0.06984,0.07260,0.03223,1,1,-0.170,-0.084,in_circle
46.754,1,999,-0.01314,0.03848,0.0591,0.0291,-0.04899,0.01584,0.03292,1,1,-0.257,-0.104,in_circle
46.798,1,1000,-0.01057,0.04003,0.0580,0.0347,-0.01594,-0.03861,0.03414,1,1,-0.274,-0.174,in_circle
46.843,1,1001,-0.00871,0.04143,0.0417,0.0316,0.02694,-0.07482,0.03544,1,1,-0.275,-0.202,in_circle
46.887,1,1002,-0.00858,0.04249,0.0029,0.0237,0.05463,-0.08178,0.03650,1,1,-0.215,-0.195,in_circle
46.931,1,1003,-0.00934,0.04216,-0.0175,-0.0074,0.06014,-0.05666,0.03620,1,1,-0.060,-0.167,in_circle
46.975,1,1004,-0.01156,0.04101,-0.0496,-0.0259,0.04308,-0.00938,0.03521,1,1,0.024,-0.043,in_circle
47.019,1,1005,-0.01428,0.03897,-0.0632,-0.0474,0.01127,0.04537,0.03360,1,1,0.158,0.032,in_circle
47.062,1,1006,-0.01634,0.03704,-0.0471,-0.0439,-0.02885,0.09394,0.03220,1,1,0.219,0.121,in_circle
47.105,1,1007,-0.01808,0.03460,-0.0401,-0.0568,-0.06072,0.13081,0.03039,1,1,0.160,0.111,in_circle
47.152,1,1008,-0.01875,0.03273,-0.0145,-0.0402,-0.08443,0.15364,0.02889,1,1,0.137,0.167,in_circle
47.194,1,1009,-0.01743,0.03265,0.0313,-0.0020,-0.08734,0.15423,0.02833,1,1,0.037,0.104,in_circle
47.237,1,1010,-0.01603,0.03234,0.0328,-0.0072,-0.07352,0.12722,0.02760,1,1,-0.149,-0.049,in_circle
47.282,1,1011,-0.01358,0.03393,0.0541,0.0350,-0.04848,0.07414,0.02852,1,1,-0.158,-0.029,in_circle
47.325,1,1012,-0.01024,0.03487,0.0774,0.0216,-0.00525,0.01304,0.02897,1,1,-0.249,-0.203,in_circle
47.370,1,1013,-0.00739,0.03611,0.0633,0.0276,0.03209,-0.04592,0.03011,1,1,-0.351,-0.153,in_circle
47.414,1,1014,-0.00519,0.03631,0.0497,0.0046,0.04794,-0.08264,0.03042,1,1,-0.302,-0.181,in_circle
47.458,1,1015,-0.00520,0.03592,-0.0001,-0.0090,0.05026,-0.09283,0.03003,1,1,-0.253,-0.091,in_circle
47.503,1,1016,-0.00645,0.03451,-0.0277,-0.0310,0.03124,-0.07482,0.02854,1,1,-0.054,-0.037,in_circle
47.548,1,1017,-0.00878,0.03315,-0.0524,-0.0307,-0.00185,-0.03033,0.02717,1,1,0.060,0.053,in_circle
47.590,1,1018,-0.01204,0.03137,-0.0762,-0.0416,-0.04233,0.03058,0.02572,1,1,0.164,0.054,in_circle
47.634,1,1019,-0.01549,0.02921,-0.0792,-0.0495,-0.07381,0.08328,0.02445,1,1,0.268,0.101,in_circle
47.678,1,1020,-0.01794,0.02866,-0.0552,-0.0124,-0.08131,0.12420,0.02483,1,1,0.289,0.137,in_circle
47.722,1,1021,-0.01935,0.02843,-0.0324,-0.0052,-0.07448,0.15688,0.02523,1,1,0.199,-0.011,in_circle
47.768,1,1022,-0.01956,0.02927,-0.0046,0.0182,-0.05848,0.16491,0.02607,1,1,0.112,-0.040,in_circle
47.809,1,1023,-0.01817,0.03071,0.0339,0.0351,-0.03282,0.14638,0.02680,1,1,0.002,-0.137,in_circle
47.854,1,1024,-0.01568,0.03188,0.0545,0.0257,0.01287,0.09637,0.02705,1,1,-0.155,-0.209,in_circle
47.899,1,1025,-0.01298,0.03317,0.0611,0.0291,0.04475,0.03506,0.02766,1,1,-0.243,-0.176,in_circle
47.943,1,1026,-0.00989,0.03378,0.0689,0.0138,0.06708,-0.02158,0.02786,1,1,-0.276,-0.194,in_circle
47.986,1,1027,-0.00728,0.03278,0.0611,-0.0234,0.05297,-0.06706,0.02679,1,1,-0.315,-0.135,in_circle
48.031,1,1028,-0.00622,0.03164,0.0235,-0.0253,0.02975,-0.09002,0.02569,1,1,-0.290,0.015,in_circle
48.076,1,1029,-0.00718,0.02995,-0.0215,-0.0382,-0.00267,-0.08295,0.02396,1,1,-0.142,0.024,in_circle
48.119,1,1030,-0.00930,0.02772,-0.0490,-0.0514,-0.04259,-0.04908,0.02177,1,1,0.040,0.079,in_circle
48.163,1,1031,-0.01202,0.02613,-0.0621,-0.0364,-0.07231,0.00649,0.02056,1,1,0.155,0.136,in_circle
48.207,1,1032,-0.01439,0.02565,-0.0540,-0.0109,-0.07811,0.07218,0.02072,1,1,0.215,0.079,in_circle
48.295,1,1033,-0.01851,0.02622,-0.0466,0.0065,-0.05597,0.15912,0.02288,1,1,0.189,-0.023,in_circle
48.340,1,1034,-0.01878,0.02824,-0.0062,0.0454,-0.04928,0.16510,0.02481,1,1,0.170,-0.095,in_circle
48.382,1,1035,-0.01691,0.03020,0.0442,0.0463,-0.03296,0.15230,0.02586,1,1,0.009,-0.257,in_circle
48.428,1,1036,-0.01401,0.03218,0.0632,0.0433,0.02087,0.13010,0.02691,1,1,-0.197,-0.266,in_circle
48.471,1,1037,-0.01057,0.03415,0.0797,0.0455,0.05185,0.08842,0.02828,1,1,-0.280,-0.260,in_circle
48.515,1,1038,-0.00632,0.03487,0.0961,0.0164,0.06383,0.02363,0.02891,1,1,-0.354,-0.275,in_circle
48.559,1,1039,-0.00206,0.03495,0.0962,0.0019,0.05640,-0.04157,0.02952,1,1,-0.430,-0.162,in_circle
48.603,1,1040,0.00073,0.03329,0.0641,-0.0383,0.03699,-0.08053,0.02859,1,1,-0.442,-0.105,in_circle
48.646,1,1041,0.00226,0.03183,0.0355,-0.0340,-0.00013,-0.10043,0.02772,1,1,-0.320,0.058,in_circle
48.691,1,1042,0.00154,0.02985,-0.0158,-0.0437,-0.03409,-0.09451,0.02561,1,1,-0.210,0.044,in_circle
48.735,1,1043,0.00045,0.02809,-0.0251,-0.0402,-0.06911,-0.05808,0.02358,1,1,-0.004,0.086,in_circle
48.778,1,1044,-0.00207,0.02749,-0.0582,-0.0138,-0.08137,0.00638,0.02225,1,1,0.036,0.076,in_circle
48.822,1,1045,-0.00499,0.02751,-0.0665,0.0003,-0.07490,0.06189,0.02169,1,1,0.174,-0.029,in_circle
48.867,1,1046,-0.00795,0.02863,-0.0664,0.0253,-0.05373,0.10854,0.02263,1,1,0.215,-0.087,in_circle
48.910,1,1047,-0.01012,0.02990,-0.0502,0.0294,-0.02481,0.14078,0.02401,1,1,0.222,-0.190,in_circle
48.955,1,1048,-0.01054,0.03094,-0.0094,0.0233,0.01783,0.16075,0.02509,1,1,0.162,-0.211,in_circle
48.999,1,1049,-0.00931,0.03194,0.0278,0.0226,0.04972,0.15553,0.02598,1,1,0.001,-0.190,in_circle
49.043,1,1050,-0.00642,0.03229,0.0656,0.0080,0.06007,0.11488,0.02632,1,1,-0.151,-0.191,in_circle
49.087,1,1051,-0.00262,0.03179,0.0856,-0.0113,0.04691,0.05591,0.02630,1,1,-0.310,-0.135,in_circle
49.130,1,1052,-0.00006,0.03052,0.0603,-0.0299,0.02476,-0.00233,0.02571,1,1,-0.400,-0.057,in_circle
49.176,1,1053,0.00251,0.02920,0.0560,-0.0288,-0.01370,-0.04367,0.02539,1,1,-0.305,0.019,in_circle
49.218,1,1054,0.00386,0.02810,0.0316,-0.0257,-0.05029,-0.07307,0.02499,1,1,-0.295,0.017,in_circle
49.265,1,1055,0.00419,0.02710,0.0071,-0.0216,-0.07785,-0.07982,0.02427,1,1,-0.201,0.006,in_circle
49.306,1,1056,0.00371,0.02706,-0.0118,-0.0008,-0.08263,-0.05908,0.02400,1,1,-0.105,-0.008,in_circle
49.349,1,1057,0.00176,0.02793,-0.0445,0.0197,-0.06424,-0.01372,0.02392,1,1,-0.028,-0.092,in_circle
49.394,1,1058,-0.00079,0.02903,-0.0576,0.0249,-0.03538,0.04466,0.02407,1,1,0.107,-0.178,in_circle
49.439,1,1059,-0.00305,0.03042,-0.0494,0.0304,0.00654,0.10696,0.02488,1,1,0.166,-0.202,in_circle
49.483,1,1060,-0.00470,0.03140,-0.0376,0.0222,0.04383,0.15428,0.02558,1,1,0.138,-0.229,in_circle
49.525,1,1061,-0.00538,0.03197,-0.0161,0.0137,0.05585,0.18056,0.02608,1,1,0.095,-0.200,in_circle
49.570,1,1062,-0.00424,0.03200,0.0254,0.0005,0.05056,0.16766,0.02624,1,1,0.011,-0.168,in_circle
49.616,1,1063,-0.00173,0.03100,0.0543,-0.0216,0.03223,0.11690,0.02572,1,1,-0.158,-0.117,in_circle
49.659,1,1064,0.00082,0.02893,0.0595,-0.0483,-0.01031,0.05230,0.02450,1,1,-0.280,-0.027,in_circle
49.702,1,1065,0.00464,0.02773,0.0885,-0.0279,-0.04369,-0.00228,0.02503,1,1,-0.308,0.084,in_circle
49.749,1,1066,0.00726,0.02608,0.0559,-0.0351,-0.07268,-0.03780,0.02510,1,1,-0.434,0.005,in_circle
49.789,1,1067,0.00888,0.02558,0.0406,-0.0124,-0.08900,-0.06467,0.02572,1,1,-0.311,0.037,in_circle
49.835,1,1068,0.00920,0.02592,0.0070,0.0074,-0.07246,-0.07883,0.02619,1,1,-0.255,-0.054,in_circle
49.879,1,1069,0.00835,0.02720,-0.0192,0.0291,-0.03972,-0.06357,0.02665,1,1,-0.122,-0.135,in_circle
49.922,1,1070,0.00629,0.02877,-0.0473,0.0359,-0.01092,-0.01327,0.02677,1,1,-0.016,-0.225,in_circle
49.965,1,1071,0.00336,0.02949,-0.0683,0.0168,0.02556,0.05587,0.02600,1,1,0.101,-0.258,in_circle
50.010,1,1072,0.00094,0.03026,-0.0537,0.0172,0.05477,0.11410,0.02579,1,1,0.192,-0.184,in_circle
50.055,1,1073,-0.00080,0.03003,-0.0389,-0.0051,0.06079,0.15188,0.02503,1,1,0.140,-0.189,in_circle
50.098,1,1074,-0.00040,0.03000,0.0092,-0.0007,0.03764,0.16730,0.02512,1,1,0.084,-0.100,in_circle
50.143,1,1075,0.00048,0.02836,0.0198,-0.0367,0.00724,0.15297,0.02385,1,1,-0.109,-0.119,in_circle
50.187,1,1076,0.00159,0.02712,0.0251,-0.0282,-0.02335,0.10711,0.02311,1,1,-0.155,0.028,in_circle
50.230,1,1077,0.00463,0.02570,0.0702,-0.0327,-0.05498,0.04909,0.02329,1,1,-0.179,-0.003,in_circle
50.319,1,1078,0.00910,0.02455,0.0501,-0.0129,-0.07085,-0.05251,0.02509,1,1,-0.368,0.016,in_circle
50.362,1,1079,0.01005,0.02555,0.0223,0.0236,-0.06705,-0.08106,0.02647,1,1,-0.299,-0.061,in_circle
50.407,1,1080,0.00975,0.02787,-0.0065,0.0509,-0.05307,-0.07902,0.02804,1,1,-0.191,-0.210,in_circle
50.452,1,1081,0.00845,0.03006,-0.0288,0.0484,-0.02135,-0.07210,0.02903,1,1,-0.076,-0.326,in_circle
50.495,1,1082,0.00653,0.03134,-0.0453,0.0304,0.02441,-0.04025,0.02911,1,1,0.016,-0.322,in_circle
50.541,1,1083,0.00319,0.03348,-0.0720,0.0461,0.04861,0.03034,0.02960,1,1,0.086,-0.255,in_circle
50.582,1,1084,-0.00093,0.03442,-0.1000,0.0227,0.05735,0.09030,0.02923,1,1,0.201,-0.324,in_circle
50.627,1,1085,-0.00456,0.03445,-0.0816,0.0006,0.04421,0.13709,0.02863,1,1,0.322,-0.234,in_circle
50.670,1,1086,-0.00649,0.03439,-0.0448,-0.0013,0.02830,0.16502,0.02842,1,1,0.258,-0.147,in_circle
50.714,1,1087,-0.00662,0.03348,-0.0030,-0.0208,-0.00008,0.16915,0.02751,1,1,0.115,-0.141,in_circle
50.758,1,1088,-0.00529,0.03177,0.0302,-0.0389,-0.04132,0.14771,0.02589,1,1,-0.052,-0.062,in_circle
50.803,1,1089,-0.00231,0.03045,0.0663,-0.0293,-0.06368,0.09301,0.02506,1,1,-0.188,0.014,in_circle
50.847,1,1090,0.00050,0.02997,0.0633,-0.0107,-0.06694,0.02757,0.02537,1,1,-0.340,-0.022,in_circle
50.892,1,1091,0.00301,0.03011,0.0562,0.0031,-0.06292,-0.02543,0.02642,1,1,-0.335,-0.096,in_circle
50.934,1,1092,0.00475,0.03102,0.0407,0.0212,-0.04208,-0.05962,0.02799,1,1,-0.314,-0.153,in_circle
50.981,1,1093,0.00580,0.03154,0.0224,0.0111,-0.00128,-0.07128,0.02893,1,1,-0.257,-0.229,in_circle
51.022,1,1094,0.00531,0.03208,-0.0118,0.0130,0.03504,-0.06089,0.02918,1,1,-0.187,-0.191,in_circle
51.067,1,1095,0.00361,0.03182,-0.0383,-0.0058,0.06114,-0.02649,0.02822,1,1,-0.049,-0.201,in_circle
51.111,1,1096,0.00175,0.03132,-0.0422,-0.0113,0.05206,0.03080,0.02706,1,1,0.061,-0.126,in_circle
51.154,1,1097,-0.00098,0.03023,-0.0636,-0.0252,0.03278,0.08727,0.02517,1,1,0.080,-0.104,in_circle
51.198,1,1098,-0.00248,0.02822,-0.0339,-0.0455,0.00288,0.13614,0.02284,1,1,0.173,-0.047,in_circle
51.244,1,1099,-0.00267,0.02604,-0.0040,-0.0472,-0.03913,0.16576,0.02068,1,1,0.057,0.039,in_circle
51.285,1,1100,-0.00215,0.02533,0.0126,-0.0174,-0.07067,0.15921,0.02014,1,1,-0.062,0.050,in_circle
51.330,1,1101,0.00069,0.02451,0.0630,-0.0180,-0.08122,0.11839,0.02037,1,1,-0.130,-0.069,in_circle
51.374,1,1102,0.00251,0.02420,0.0415,-0.0073,-0.07566,0.06169,0.02091,1,1,-0.339,-0.065,in_circle
51.418,1,1103,0.00543,0.02424,0.0663,0.0011,-0.04590,0.00604,0.02254,1,1,-0.258,-0.108,in_circle
51.462,1,1104,0.00794,0.02538,0.0574,0.0260,-0.00438,-0.03320,0.02497,1,1,-0.365,-0.142,in_circle
51.507,1,1105,0.00998,0.02641,0.0453,0.0228,0.03244,-0.05885,0.02707,1,1,-0.337,-0.245,in_circle
51.552,1,1106,0.01139,0.02686,0.0313,0.0100,0.05455,-0.06443,0.02834,1,1,-0.294,-0.236,in_circle
51.594,1,1107,0.01005,0.02629,-0.0316,-0.0134,0.05987,-0.04581,0.02702,1,1,-0.243,-0.187,in_circle
51.638,1,1108,0.00915,0.02477,-0.0205,-0.0350,0.04291,-0.01381,0.02529,1,1,0.012,-0.093,in_circle
51.682,1,1109,0.00774,0.02336,-0.0315,-0.0315,0.01306,0.03593,0.02330,1,1,-0.031,-0.004,in_circle
51.726,1,1110,0.00503,0.02209,-0.0619,-0.0290,-0.03181,0.09763,0.02058,1,1,0.016,-0.015,in_circle
51.771,1,1111,0.00472,0.02088,-0.0068,-0.0269,-0.06213,0.14668,0.01945,1,1,0.143,-0.022,in_circle
51.816,1,1112,0.00416,0.02006,-0.0125,-0.0184,-0.07038,0.15922,0.01846,1,1,-0.077,-0.028,in_circle
51.858,1,1113,0.00607,0.01996,0.0449,-0.0023,-0.06266,0.13814,0.01968,1,1,-0.053,-0.061,in_circle
51.903,1,1114,0.00722,0.02090,0.0259,0.0212,-0.04210,0.10340,0.02115,1,1,-0.288,-0.126,in_circle
51.945,1,1115,0.01018,0.02195,0.0692,0.0246,-0.00513,0.05898,0.02404,1,1,-0.215,-0.223,in_circle
51.991,1,1116,0.01327,0.02329,0.0682,0.0295,0.03518,0.00797,0.02726,1,1,-0.397,-0.240,in_circle
52.034,1,1117,0.01653,0.02385,0.0760,0.0131,0.06162,-0.03143,0.03017,1,1,-0.402,-0.263,in_circle
52.077,1,1118,0.01920,0.02430,0.0611,0.0104,0.06731,-0.07085,0.03262,1,1,-0.442,-0.200,in_circle
52.124,1,1119,0.01887,0.02331,-0.0071,-0.0214,0.05226,-0.09210,0.03179,1,1,-0.390,-0.191,in_circle
52.166,1,1120,0.01725,0.02180,-0.0385,-0.0358,0.02094,-0.08667,0.02962,1,1,-0.118,-0.062,in_circle
52.211,1,1121,0.01410,0.01955,-0.0709,-0.0507,-0.02041,-0.04377,0.02575,1,1,0.011,-0.002,in_circle
52.255,1,1122,0.00992,0.01733,-0.0951,-0.0504,-0.05264,0.01644,0.02103,1,1,0.147,0.063,in_circle
52.343,1,1123,0.00482,0.01661,-0.0578,-0.0082,-0.08335,0.11545,0.01649,1,1,0.253,0.066,in_circle
52.387,1,1124,0.00239,0.01675,-0.0555,0.0033,-0.08020,0.13046,0.01482,1,1,0.116,-0.101,in_circle
52.430,1,1125,0.00090,0.01811,-0.0343,0.0313,-0.07046,0.12705,0.01491,1,1,0.112,-0.148,in_circle
52.476,1,1126,0.00097,0.01988,0.0014,0.0391,-0.04187,0.12287,0.01642,1,1,0.031,-0.264,in_circle
52.520,1,1127,0.00196,0.02217,0.0220,0.0508,0.00398,0.10313,0.01889,1,1,-0.113,-0.300,in_circle
52.563,1,1128,0.00251,0.02355,0.0129,0.0325,0.03685,0.04772,0.02036,1,1,-0.198,-0.353,in_circle
52.608,1,1129,0.00363,0.02489,0.0250,0.0296,0.05912,-0.02235,0.02208,1,1,-0.163,-0.284,in_circle
52.651,1,1130,0.00428,0.02556,0.0150,0.0155,0.07245,-0.07515,0.02299,1,1,-0.215,-0.277,in_circle
52.694,1,1131,0.00330,0.02516,-0.0228,-0.0093,0.04841,-0.09583,0.02214,1,1,-0.177,-0.223,in_circle
52.739,1,1132,0.00161,0.02421,-0.0376,-0.0212,0.01761,-0.08109,0.02049,1,1,-0.024,-0.124,in_circle
52.784,1,1133,-0.00174,0.02317,-0.0752,-0.0233,-0.02113,-0.03476,0.01821,1,1,0.039,-0.074,in_circle
52.826,1,1134,-0.00625,0.02234,-0.1056,-0.0194,-0.05532,0.02491,0.01641,1,1,0.198,-0.064,in_circle
52.870,1,1135,-0.01069,0.02243,-0.1015,0.0021,-0.07469,0.08328,0.01668,1,1,0.330,-0.078,in_circle
52.914,1,1136,-0.01404,0.02287,-0.0754,0.0098,-0.06539,0.11534,0.01798,1,1,0.325,-0.165,in_circle
52.959,1,1137,-0.01700,0.02475,-0.0668,0.0426,-0.04161,0.14673,0.02089,1,1,0.229,-0.198,in_circle
53.003,1,1138,-0.01733,0.02645,-0.0075,0.0386,-0.01364,0.16277,0.02256,1,1,0.203,-0.335,in_circle
53.046,1,1139,-0.01741,0.02789,-0.0018,0.0335,0.02863,0.15076,0.02390,1,1,-0.033,-0.324,in_circle
53.090,1,1140,-0.01645,0.02868,0.0215,0.0179,0.05974,0.11498,0.02428,1,1,-0.055,-0.308,in_circle
53.134,1,1141,-0.01430,0.02950,0.0489,0.0185,0.06449,0.04764,0.02438,1,1,-0.150,-0.249,in_circle
53.179,1,1142,-0.01262,0.02897,0.0379,-0.0118,0.05526,-0.01609,0.02347,1,1,-0.265,-0.254,in_circle
53.223,1,1143,-0.01140,0.02777,0.0274,-0.0271,0.02505,-0.06203,0.02207,1,1,-0.225,-0.132,in_circle
53.267,1,1144,-0.01089,0.02635,0.0118,-0.0325,-0.01895,-0.09136,0.02058,1,1,-0.186,-0.069,in_circle
53.312,1,1145,-0.01234,0.02545,-0.0322,-0.0199,-0.04898,-0.08890,0.01997,1,1,-0.125,-0.045,in_circle
53.355,1,1146,-0.01458,0.02504,-0.0525,-0.0096,-0.07291,-0.04939,0.02021,1,1,0.055,-0.094,in_circle
53.399,1,1147,-0.01773,0.02542,-0.0716,0.0087,-0.06989,0.01276,0.02181,1,1,0.142,-0.135,in_circle
53.443,1,1148,-0.02137,0.02592,-0.0821,0.0114,-0.04616,0.07022,0.02411,1,1,0.227,-0.210,in_circle
53.486,1,1149,-0.02464,0.02700,-0.0762,0.0251,-0.01451,0.12092,0.02692,1,1,0.278,-0.223,in_circle
53.530,1,1150,-0.02729,0.02812,-0.0599,0.0252,0.02690,0.15872,0.02948,1,1,0.264,-0.282,in_circle
53.574,1,1151,-0.02887,0.02917,-0.0358,0.0238,0.04896,0.17115,0.03131,1,1,0.206,-0.286,in_circle
53.619,1,1152,-0.02822,0.02933,0.0145,0.0036,0.05859,0.15159,0.03100,1,1,0.115,-0.284,in_circle
53.663,1,1153,-0.02609,0.02859,0.0484,-0.0168,0.04995,0.10835,0.02906,1,1,-0.087,-0.204,in_circle
53.707,1,1154,-0.02325,0.02743,0.0655,-0.0267,0.03178,0.05215,0.02641,1,1,-0.227,-0.122,in_circle
53.750,1,1155,-0.02084,0.02611,0.0559,-0.0306,-0.00245,0.00285,0.02396,1,1,-0.302,-0.080,in_circle
53.795,1,1156,-0.01906,0.02462,0.0391,-0.0325,-0.04514,-0.04311,0.02176,1,1,-0.269,-0.062,in_circle
53.837,1,1157,-0.01847,0.02334,0.0139,-0.0305,-0.06872,-0.07444,0.02036,1,1,-0.206,-0.052,in_circle
53.883,1,1158,-0.01895,0.02266,-0.0104,-0.0147,-0.07024,-0.08563,0.02005,1,1,-0.106,-0.057,in_circle
53.927,1,1159,-0.02035,0.02285,-0.0322,0.0043,-0.05498,-0.05738,0.02101,1,1,-0.007,-0.120,in_circle
53.972,1,1160,-0.02257,0.02348,-0.0493,0.0141,-0.03136,0.00747,0.02289,1,1,0.084,-0.197,in_circle
54.015,1,1161,-0.02549,0.02521,-0.0671,0.0395,0.00639,0.07889,0.02611,1,1,0.159,-0.238,in_circle
54.057,1,1162,-0.02830,0.02540,-0.0669,0.0047,0.04683,0.13278,0.02823,1,1,0.238,-0.345,in_circle
54.103,1,1163,-0.03014,0.02622,-0.0406,0.0181,0.06037,0.15648,0.03013,1,1,0.245,-0.207,in_circle
54.147,1,1164,-0.03007,0.02617,0.0016,-0.0011,0.06612,0.15688,0.03005,1,1,0.145,-0.264,in_circle
54.190,1,1165,-0.02845,0.02572,0.0377,-0.0105,0.04029,0.13394,0.02856,1,1,-0.023,-0.188,in_circle
54.234,1,1166,-0.02613,0.02540,0.0526,-0.0072,0.01024,0.09658,0.02669,1,1,-0.170,-0.150,in_circle
54.279,1,1167,-0.02303,0.02431,0.0680,-0.0241,-0.01586,0.04232,0.02381,1,1,-0.235,-0.163,in_circle
54.365,1,1168,-0.01832,0.02316,0.0548,-0.0134,-0.05843,-0.07274,0.02013,1,1,-0.303,-0.094,in_circle
54.411,1,1169,-0.01836,0.02349,-0.0008,0.0073,-0.04790,-0.09495,0.02043,1,1,-0.261,-0.135,in_circle
54.455,1,1170,-0.01839,0.02457,-0.0008,0.0249,-0.04819,-0.08215,0.02138,1,1,-0.039,-0.219,in_circle
54.502,1,1171,-0.02018,0.02582,-0.0379,0.0264,-0.02944,-0.05825,0.02337,1,1,-0.038,-0.293,in_circle
54.544,1,1172,-0.02378,0.02734,-0.0857,0.0361,0.01109,-0.01493,0.02666,1,1,0.116,-0.304,in_circle
54.586,1,1173,-0.02830,0.02795,-0.1078,0.0145,0.04437,0.04142,0.03003,1,1,0.317,-0.347,in_circle
54.631,1,1174,-0.03267,0.02845,-0.0975,0.0112,0.05760,0.09359,0.03351,1,1,0.417,-0.263,in_circle
54.674,1,1175,-0.03546,0.02875,-0.0639,0.0070,0.06061,0.13340,0.03581,1,1,0.388,-0.252,in_circle
54.718,1,1176,-0.03730,0.02808,-0.0418,-0.0154,0.03663,0.16318,0.03684,1,1,0.262,-0.237,in_circle
54.763,1,1177,-0.03749,0.02723,-0.0042,-0.0189,0.00139,0.17247,0.03649,1,1,0.179,-0.147,in_circle
54.806,1,1178,-0.03643,0.02627,0.0244,-0.0222,-0.03342,0.14994,0.03508,1,1,0.031,-0.131,in_circle
54.851,1,1179,-0.03436,0.02576,0.0461,-0.0114,-0.05883,0.08932,0.03310,1,1,-0.085,-0.117,in_circle
54.895,1,1180,-0.03203,0.02549,0.0529,-0.0060,-0.06719,0.01744,0.03110,1,1,-0.176,-0.160,in_circle
54.939,1,1181,-0.02920,0.02651,0.0646,0.0232,-0.05188,-0.03340,0.02964,1,1,-0.208,-0.181,in_circle
54.983,1,1182,-0.02709,0.02798,0.0477,0.0334,-0.02596,-0.05759,0.02925,1,1,-0.261,-0.302,in_circle
55.027,1,1183,-0.02638,0.02978,0.0163,0.0408,0.01908,-0.06621,0.03018,1,1,-0.198,-0.347,in_circle
55.071,1,1184,-0.02646,0.03082,-0.0019,0.0236,0.05276,-0.04819,0.03105,1,1,-0.073,-0.382,in_circle
55.115,1,1185,-0.02831,0.03115,-0.0421,0.0075,0.07283,-0.01605,0.03245,1,1,0.001,-0.317,in_circle
55.159,1,1186,-0.03015,0.03070,-0.0418,-0.0102,0.06763,0.03887,0.03331,1,1,0.167,-0.254,in_circle
55.204,1,1187,-0.03168,0.02888,-0.0343,-0.0409,0.04180,0.09268,0.03307,1,1,0.171,-0.184,in_circle
55.245,1,1188,-0.03286,0.02624,-0.0282,-0.0630,0.00612,0.13920,0.03221,1,1,0.146,-0.057,in_circle
55.290,1,1189,-0.03266,0.02380,0.0043,-0.0548,-0.03299,0.17213,0.03058,1,1,0.126,0.037,in_circle
55.336,1,1190,-0.03116,0.02209,0.0326,-0.0372,-0.06023,0.16259,0.02837,1,1,-0.004,0.009,in_circle
55.378,1,1191,-0.02855,0.02051,0.0624,-0.0377,-0.08727,0.11193,0.02532,1,1,-0.120,-0.058,in_circle
55.423,1,1192,-0.02508,0.02050,0.0770,-0.0001,-0.07418,0.04735,0.02256,1,1,-0.244,-0.052,in_circle
55.467,1,1193,-0.02139,0.02183,0.0830,0.0298,-0.04331,-0.00439,0.02086,1,1,-0.310,-0.203,in_circle
55.513,1,1194,-0.01826,0.02334,0.0690,0.0333,-0.00569,-0.04162,0.02025,1,1,-0.343,-0.327,in_circle
55.554,1,1195,-0.01620,0.02440,0.0502,0.0259,0.02934,-0.06032,0.02023,1,1,-0.294,-0.346,in_circle
55.600,1,1196,-0.01487,0.02520,0.0285,0.0171,0.06189,-0.06646,0.02046,1,1,-0.224,-0.319,in_circle
55.643,1,1197,-0.01530,0.02535,-0.0099,0.0037,0.06955,-0.04260,0.02076,1,1,-0.140,-0.287,in_circle
55.687,1,1198,-0.01639,0.02387,-0.0251,-0.0342,0.05264,-0.00752,0.01982,1,1,0.015,-0.235,in_circle
55.731,1,1199,-0.01798,0.02195,-0.0363,-0.0438,0.02694,0.04751,0.01892,1,1,0.078,-0.080,in_circle
55.776,1,1200,-0.02033,0.01955,-0.0511,-0.0523,-0.01760,0.10853,0.01845,1,1,0.128,-0.038,in_circle
55.818,1,1201,-0.02089,0.01774,-0.0137,-0.0436,-0.05230,0.15675,0.01759,1,1,0.194,0.002,in_circle
55.862,1,1202,-0.02023,0.01682,0.0151,-0.0209,-0.06976,0.17429,0.01648,1,1,0.046,-0.029,in_circle
55.908,1,1203,-0.01834,0.01676,0.0406,-0.0013,-0.07294,0.15548,0.01506,1,1,-0.071,-0.118,in_circle
55.952,1,1204,-0.01434,0.01748,0.0925,0.0165,-0.05228,0.11150,0.01321,1,1,-0.177,-0.197,in_circle
55.994,1,1205,-0.00950,0.01944,0.1148,0.0466,-0.02364,0.06070,0.01355,1,1,-0.394,-0.270,in_circle
56.038,1,1206,-0.00511,0.02051,0.0984,0.0239,0.01566,0.01327,0.01476,1,1,-0.495,-0.396,in_circle
56.086,1,1207,-0.00118,0.02033,0.0819,-0.0038,0.05137,-0.02754,0.01578,1,1,-0.441,-0.309,in_circle
56.126,1,1208,0.00243,0.02051,0.0899,0.0047,0.08482,-0.06727,0.01776,1,1,-0.385,-0.198,in_circle
56.171,1,1209,0.00417,0.01971,0.0393,-0.0182,0.07336,-0.09189,0.01820,1,1,-0.426,-0.233,in_circle
56.215,1,1210,0.00470,0.01797,0.0118,-0.0389,0.03753,-0.08369,0.01731,1,1,-0.229,-0.140,in_circle
56.259,1,1211,0.00429,0.01585,-0.0095,-0.0487,-0.00855,-0.04792,0.01559,1,1,-0.121,-0.054,in_circle
56.302,1,1212,0.00240,0.01365,-0.0440,-0.0515,-0.03953,0.00923,0.01275,1,1,-0.035,-0.009,in_circle
56.434,1,1213,-0.00340,0.01152,-0.0439,-0.0161,-0.07287,0.13499,0.00706,1,1,0.107,0.006,in_circle
56.479,1,1214,-0.00286,0.01220,0.0120,0.0150,-0.06769,0.12834,0.00793,1,1,0.121,-0.130,in_circle
56.524,1,1215,-0.00170,0.01357,0.0258,0.0305,-0.06830,0.13020,0.00972,1,1,-0.105,-0.257,in_circle
56.568,1,1216,0.00131,0.01544,0.0686,0.0425,-0.03978,0.13369,0.01312,1,1,-0.163,-0.322,in_circle
56.610,1,1217,0.00501,0.01735,0.0877,0.0455,0.00604,0.10960,0.01712,1,1,-0.342,-0.376,in_circle
56.657,1,1218,0.00927,0.01935,0.0917,0.0431,0.03805,0.04784,0.02167,1,1,-0.428,-0.392,in_circle
56.699,1,1219,0.01403,0.02107,0.1122,0.0405,0.06673,-0.02346,0.02653,1,1,-0.456,-0.389,in_circle
56.744,1,1220,0.01813,0.02101,0.0922,-0.0015,0.07728,-0.07315,0.02996,1,1,-0.551,-0.383,in_circle
56.788,1,1221,0.01885,0.02071,0.0162,-0.0067,0.06061,-0.09803,0.03044,1,1,-0.482,-0.216,in_circle
56.831,1,1222,0.01998,0.01887,0.0264,-0.0432,0.03612,-0.09978,0.03061,1,1,-0.181,-0.195,in_circle
56.876,1,1223,0.01848,0.01704,-0.0333,-0.0408,-0.00067,-0.07693,0.02851,1,1,-0.226,-0.045,in_circle
56.920,1,1224,0.01596,0.01415,-0.0576,-0.0659,-0.03816,-0.02828,0.02512,1,1,0.015,-0.050,in_circle
56.964,1,1225,0.01246,0.01350,-0.0801,-0.0149,-0.07401,0.03252,0.02160,1,1,0.118,0.057,in_circle
57.006,1,1226,0.00997,0.01236,-0.0582,-0.0267,-0.08046,0.08764,0.01887,1,1,0.216,-0.146,in_circle
57.050,1,1227,0.00720,0.01206,-0.0638,-0.0069,-0.07178,0.13349,0.01617,1,1,0.134,-0.096,in_circle
57.095,1,1228,0.00639,0.01251,-0.0177,0.0099,-0.05038,0.15990,0.01561,1,1,0.162,-0.174,in_circle
57.139,1,1229,0.00662,0.01394,0.0052,0.0325,-0.00813,0.15626,0.01646,1,1,-0.020,-0.243,in_circle
57.183,1,1230,0.00791,0.01495,0.0298,0.0232,0.02938,0.12077,0.01808,1,1,-0.113,-0.338,in_circle
57.227,1,1231,0.00970,0.01560,0.0398,0.0145,0.05424,0.07006,0.01996,1,1,-0.216,-0.303,in_circle
57.271,1,1232,0.01289,0.01434,0.0734,-0.0290,0.07431,0.02050,0.02231,1,1,-0.261,-0.271,in_circle
57.314,1,1233,0.01496,0.01309,0.0483,-0.0291,0.05772,-0.02297,0.02384,1,1,-0.404,-0.094,in_circle
57.361,1,1234,0.01711,0.01021,0.0453,-0.0607,0.02881,-0.06458,0.02526,1,1,-0.310,-0.090,in_circle
57.402,1,1235,0.01746,0.00720,0.0087,-0.0737,-0.00564,-0.09065,0.02529,1,1,-0.305,0.043,in_circle
57.447,1,1236,0.01650,0.00344,-0.0215,-0.0838,-0.03942,-0.09008,0.02443,1,1,-0.160,0.102,in_circle
57.490,1,1237,0.01402,0.00152,-0.0578,-0.0448,-0.07092,-0.05483,0.02227,1,1,-0.038,0.152,in_circle
57.535,1,1238,0.01096,-0.00169,-0.0682,-0.0718,-0.09094,0.01558,0.02028,1,1,0.112,0.001,in_circle
57.579,1,1239,0.00766,-0.00398,-0.0749,-0.0517,-0.08642,0.08304,0.01840,1,1,0.161,0.118,in_circle
57.622,1,1240,0.00493,-0.00594,-0.0626,-0.0450,-0.05866,0.13343,0.01745,1,1,0.195,0.043,in_circle
57.667,1,1241,0.00348,-0.00724,-0.0324,-0.0291,-0.02912,0.15113,0.01739,1,1,0.152,0.022,in_circle
57.712,1,1242,0.00344,-0.00903,-0.0008,-0.0401,-0.00193,0.15060,0.01877,1,1,0.035,-0.038,in_circle
57.755,1,1243,0.00415,-0.01046,0.0164,-0.0331,0.02773,0.12441,0.02034,1,1,-0.092,0.011,in_circle
57.799,1,1244,0.00546,-0.01209,0.0295,-0.0368,0.02990,0.08297,0.02243,1,1,-0.163,-0.012,in_circle
57.842,1,1245,0.00750,-0.01457,0.0480,-0.0583,0.01939,0.02795,0.02564,1,1,-0.220,0.007,in_circle
57.886,1,1246,0.00860,-0.01890,0.0249,-0.0976,-0.00333,-0.03143,0.02981,1,1,-0.299,0.100,in_circle
57.931,1,1247,0.00886,-0.02232,0.0057,-0.0759,-0.02750,-0.07965,0.03286,1,1,-0.210,0.270,in_circle
57.974,1,1248,0.00687,-0.02545,-0.0465,-0.0729,-0.06813,-0.10436,0.03470,1,1,-0.135,0.192,in_circle
58.019,1,1249,0.00302,-0.02806,-0.0852,-0.0580,-0.09560,-0.08059,0.03574,1,1,0.078,0.190,in_circle
58.062,1,1250,-0.00132,-0.02996,-0.1005,-0.0438,-0.08612,-0.02711,0.03653,1,1,0.242,0.138,in_circle
58.107,1,1251,-0.00606,-0.03207,-0.1058,-0.0472,-0.07296,0.03634,0.03811,1,1,0.314,0.088,in_circle
58.151,1,1252,-0.01066,-0.03267,-0.1051,-0.0137,-0.04878,0.09243,0.03878,1,1,0.347,0.108,in_circle
58.195,1,1253,-0.01602,-0.03209,-0.1218,0.0132,-0.00702,0.12874,0.03897,1,1,0.356,-0.022,in_circle
58.241,1,1254,-0.01987,-0.03219,-0.0840,-0.0021,0.02188,0.14879,0.04005,1,1,0.436,-0.130,in_circle
58.282,1,1255,-0.02248,-0.03326,-0.0629,-0.0259,0.03730,0.15531,0.04192,1,1,0.295,-0.066,in_circle
58.326,1,1256,-0.02316,-0.03499,-0.0153,-0.0390,0.05275,0.14521,0.04377,1,1,0.215,0.035,in_circle
58.414,1,1257,-0.02146,-0.03991,0.0194,-0.0563,-0.00877,0.06775,0.04790,0,1,0.031,0.095,running
58.458,1,1258,-0.02058,-0.04234,0.0199,-0.0548,-0.01177,0.01579,0.05001,0,1,-0.100,0.177,running
58.502,1,1259,-0.01913,-0.04505,0.0332,-0.0621,-0.02565,-0.00581,0.05230,0,1,-0.101,0.181,running
58.548,1,1260,-0.01872,-0.04801,0.0090,-0.0641,-0.07095,-0.02062,0.05510,0,1,-0.148,0.218,running
58.591,1,1261,-0.01894,-0.04987,-0.0053,-0.0432,-0.08161,-0.02785,0.05698,0,1,-0.062,0.237,running
58.636,1,1262,-0.01995,-0.05145,-0.0225,-0.0352,-0.07598,-0.02313,0.05872,0,1,-0.012,0.176,running
58.679,1,1263,-0.02208,-0.05213,-0.0488,-0.0158,-0.07213,-0.00246,0.05986,0,1,0.049,0.160,running
58.726,1,1264,-0.02421,-0.05231,-0.0464,-0.0039,-0.04457,0.03936,0.06058,0,1,0.141,0.105,running
58.767,1,1265,-0.02642,-0.05228,-0.0533,0.0008,-0.01079,0.10213,0.06118,0,1,0.141,0.072,running
58.811,1,1266,-0.02787,-0.05195,-0.0328,0.0074,0.01655,0.15754,0.06133,0,1,0.171,0.061,running
58.857,1,1267,-0.02769,-0.05217,0.0040,-0.0048,0.02447,0.18305,0.06148,0,1,0.112,0.042,running
58.898,1,1268,-0.02614,-0.05281,0.0375,-0.0155,0.01882,0.16495,0.06161,0,1,-0.003,0.084,running
58.944,1,1269,-0.02340,-0.05403,0.0595,-0.0264,0.00418,0.11690,0.06202,0,1,-0.113,0.123,running
58.986,1,1270,-0.01941,-0.05531,0.0957,-0.0307,-0.02649,0.05983,0.06240,0,1,-0.190,0.165,running
59.031,1,1271,-0.01548,-0.05616,0.0868,-0.0188,-0.06345,0.00825,0.06263,0,1,-0.315,0.186,running
59.075,1,1272,-0.01206,-0.05703,0.0784,-0.0199,-0.08331,-0.03283,0.06317,0,1,-0.300,0.156,running
59.118,1,1273,-0.01064,-0.05647,0.0328,0.0130,-0.08169,-0.06569,0.06254,0,1,-0.285,0.166,running
59.163,1,1274,-0.00967,-0.05543,0.0213,0.0228,-0.06778,-0.08256,0.06146,0,1,-0.151,0.064,running
59.207,1,1275,-0.01055,-0.05426,-0.0199,0.0269,-0.04324,-0.06634,0.06032,0,1,-0.119,0.028,running
59.251,1,1276,-0.01218,-0.05250,-0.0374,0.0400,-0.01097,-0.01425,0.05867,0,1,0.014,0.009,running
59.294,1,1277,-0.01467,-0.05079,-0.0577,0.0397,0.02171,0.05148,0.05720,0,1,0.078,-0.044,running
59.339,1,1278,-0.01715,-0.04932,-0.0553,0.0328,0.02863,0.10978,0.05610,0,1,0.156,-0.053,running
59.384,1,1279,-0.01895,-0.04827,-0.0401,0.0235,0.02796,0.14440,0.05540,0,1,0.158,-0.037,running
59.429,1,1280,-0.01970,-0.04855,-0.0168,-0.0063,0.01814,0.15793,0.05584,0,1,0.115,-0.009,running
59.471,1,1281,-0.01876,-0.04873,0.0223,-0.0042,-0.00883,0.14344,0.05582,0,1,0.039,0.096,running
59.516,1,1282,-0.01629,-0.04943,0.0552,-0.0158,-0.03988,0.10373,0.05608,0,1,-0.096,0.092,running
59.561,1,1283,-0.01406,-0.04956,0.0495,-0.0028,-0.07021,0.04829,0.05591,0,1,-0.213,0.136,running
59.602,1,1284,-0.01144,-0.04957,0.0635,-0.0003,-0.08362,-0.00633,0.05569,0,1,-0.202,0.095,running
59.648,1,1285,-0.00993,-0.04843,0.0327,0.0248,-0.07157,-0.05408,0.05447,0,1,-0.258,0.088,running
59.690,1,1286,-0.00920,-0.04715,0.0174,0.0305,-0.05484,-0.09089,0.05317,0,1,-0.161,-0.002,running
59.736,1,1287,-0.01046,-0.04520,-0.0278,0.0430,-0.01628,-0.08421,0.05127,0,1,-0.112,-0.029,running
59.778,1,1288,-0.01253,-0.04368,-0.0485,0.0356,0.01861,-0.04803,0.04990,0,1,0.051,-0.084,running
59.822,1,1289,-0.01624,-0.04309,-0.0842,0.0134,0.03920,0.01447,0.04981,0,1,0.134,-0.066,running
59.866,1,1290,-0.01988,-0.04273,-0.0830,0.0082,0.03938,0.07956,0.05020,0,1,0.274,0.015,running
59.911,1,1291,-0.02325,-0.04306,-0.0748,-0.0074,0.02282,0.13395,0.05144,0,1,0.280,0.035,running
59.955,1,1292,-0.02591,-0.04358,-0.0612,-0.0118,-0.00886,0.15806,0.05278,0,1,0.259,0.098,running
60.001,1,1293,-0.02685,-0.04419,-0.0204,-0.0133,-0.04967,0.15889,0.05368,0,1,0.217,0.119,running
60.042,1,1294,-0.02643,-0.04468,0.0101,-0.0117,-0.07556,0.14052,0.05399,0,1,0.079,0.131,running
60.086,1,1295,-0.02484,-0.04441,0.0366,0.0062,-0.08663,0.09975,0.05321,0,1,-0.027,0.130,running
60.131,1,1296,-0.02227,-0.04327,0.0572,0.0253,-0.07395,0.04644,0.05135,0,1,-0.124,0.067,running
60.175,1,1297,-0.01990,-0.04202,0.0536,0.0282,-0.05200,-0.01163,0.04952,0,1,-0.208,-0.007,running
60.219,1,1298,-0.01874,-0.04059,0.0266,0.0327,-0.02119,-0.06032,0.04786,0,1,-0.207,-0.026,running
60.264,1,1299,-0.01893,-0.03935,-0.0043,0.0278,0.02100,-0.09033,0.04669,0,1,-0.115,-0.050,running
60.307,1,1300,-0.02022,-0.03844,-0.0297,0.0209,0.04070,-0.08215,0.04614,0,1,-0.001,-0.037,running
60.352,1,1301,-0.02305,-0.03813,-0.0628,0.0068,0.03664,-0.03918,0.04669,0,1,0.098,-0.014,running
60.440,1,1302,-0.03104,-0.03975,-0.0911,-0.0185,-0.01585,0.08334,0.05132,0,1,0.231,0.043,running
60.484,1,1303,-0.03461,-0.04094,-0.0815,-0.0270,-0.02649,0.11111,0.05405,0,1,0.349,0.151,running
60.527,1,1304,-0.03693,-0.04142,-0.0539,-0.0112,-0.03517,0.10348,0.05565,0,1,0.322,0.191,running
60.571,1,1305,-0.03860,-0.04250,-0.0378,-0.0246,-0.07440,0.10614,0.05745,0,1,0.234,0.143,running
60.615,1,1306,-0.03883,-0.04308,-0.0052,-0.0132,-0.08811,0.11073,0.05806,0,1,0.187,0.196,running
60.660,1,1307,-0.03814,-0.04275,0.0152,0.0073,-0.06247,0.10250,0.05742,0,1,0.082,0.164,running
60.704,1,1308,-0.03672,-0.04229,0.0316,0.0103,-0.05854,0.07316,0.05629,0,1,0.013,0.096,running
60.749,1,1309,-0.03489,-0.04156,0.0417,0.0166,-0.03276,0.02981,0.05473,0,1,-0.048,0.084,running
60.791,1,1310,-0.03321,-0.04148,0.0393,0.0018,0.00871,-0.01261,0.05385,0,1,-0.091,0.058,running
60.836,1,1311,-0.03201,-0.04128,0.0270,0.0044,0.02455,-0.04593,0.05312,0,1,-0.090,0.108,running
60.880,1,1312,-0.03176,-0.04124,0.0055,0.0010,0.02251,-0.06077,0.05297,0,1,-0.052,0.098,running
60.924,1,1313,-0.03254,-0.04195,-0.0175,-0.0160,0.00733,-0.04431,0.05395,0,1,0.023,0.112,running
60.967,1,1314,-0.03398,-0.04196,-0.0332,-0.0002,-0.02362,-0.00904,0.05464,0,1,0.107,0.177,running
61.012,1,1315,-0.03554,-0.04236,-0.0349,-0.0090,-0.05726,0.04497,0.05575,0,1,0.167,0.127,running
61.055,1,1316,-0.03729,-0.04259,-0.0411,-0.0055,-0.08216,0.10779,0.05684,0,1,0.179,0.162,running
61.099,1,1317,-0.03779,-0.04274,-0.0114,-0.0034,-0.08170,0.15675,0.05723,0,1,0.207,0.156,running
61.143,1,1318,-0.03656,-0.04196,0.0279,0.0177,-0.06628,0.17632,0.05592,0,1,0.111,0.152,running
61.187,1,1319,-0.03430,-0.04137,0.0506,0.0133,-0.04934,0.15607,0.05428,0,1,-0.025,0.078,running
61.232,1,1320,-0.03030,-0.04086,0.0894,0.0113,-0.01827,0.11478,0.05198,0,1,-0.113,0.088,running
61.275,1,1321,-0.02547,-0.04008,0.1111,0.0181,0.01751,0.06420,0.04935,0,1,-0.269,0.089,running
61.319,1,1322,-0.01968,-0.03958,0.1344,0.0116,0.02128,0.01401,0.04710,0,1,-0.373,0.057,running
61.363,1,1323,-0.01520,-0.03908,0.1016,0.0113,0.01841,-0.02878,0.04568,0,1,-0.488,0.074,running
61.406,1,1324,-0.01145,-0.03923,0.0865,-0.0034,0.00342,-0.06795,0.04537,1,1,-0.385,0.072,in_circle
61.451,1,1325,-0.00970,-0.04018,0.0384,-0.0209,-0.02514,-0.09675,0.04622,0,1,-0.339,0.129,running
61.495,1,1326,-0.00864,-0.04049,0.0246,-0.0072,-0.05514,-0.09878,0.04649,0,1,-0.161,0.202,running
61.538,1,1327,-0.00990,-0.04027,-0.0293,0.0050,-0.07390,-0.05239,0.04632,0,1,-0.112,0.154,running
61.584,1,1328,-0.01192,-0.03956,-0.0440,0.0155,-0.08298,0.02004,0.04575,0,1,0.094,0.109,running
61.628,1,1329,-0.01438,-0.03874,-0.0559,0.0189,-0.07070,0.08629,0.04522,1,1,0.156,0.068,in_circle
61.670,1,1330,-0.01662,-0.03621,-0.0533,0.0601,-0.04177,0.12552,0.04312,1,1,0.209,0.054,in_circle
61.718,1,1331,-0.01751,-0.03400,-0.0186,0.0459,-0.00724,0.14365,0.04116,1,1,0.209,-0.118,in_circle
61.758,1,1332,-0.01617,-0.03333,0.0331,0.0164,0.02215,0.14078,0.04021,1,1,0.078,-0.074,in_circle
61.802,1,1333,-0.01529,-0.03171,0.0201,0.0367,0.04744,0.12796,0.03845,1,1,-0.131,0.040,in_circle
61.847,1,1334,-0.01250,-0.03125,0.0624,0.0104,0.04406,0.09342,0.03754,1,1,-0.081,-0.044,in_circle
61.893,1,1335,-0.00976,-0.03119,0.0602,0.0012,0.00772,0.03908,0.03724,1,1,-0.257,0.062,in_circle
61.935,1,1336,-0.00692,-0.03158,0.0666,-0.0092,-0.01707,-0.02447,0.03760,1,1,-0.255,0.100,in_circle
61.979,1,1337,-0.00556,-0.03215,0.0307,-0.0129,-0.04385,-0.07620,0.03822,1,1,-0.288,0.144,in_circle
62.024,1,1338,-0.00524,-0.03247,0.0073,-0.0072,-0.07357,-0.10867,0.03856,1,1,-0.148,0.162,in_circle
62.068,1,1339,-0.00638,-0.03170,-0.0256,0.0173,-0.08126,-0.09400,0.03773,1,1,-0.055,0.142,in_circle
62.111,1,1340,-0.00930,-0.03067,-0.0684,0.0242,-0.07443,-0.04721,0.03670,1,1,0.079,0.044,in_circle
62.154,1,1341,-0.01305,-0.02859,-0.0873,0.0483,-0.05709,0.01795,0.03499,1,1,0.257,0.015,in_circle
62.199,1,1342,-0.01731,-0.02601,-0.0935,0.0567,-0.02393,0.07843,0.03339,1,1,0.343,-0.085,in_circle
62.243,1,1343,-0.02118,-0.02375,-0.0884,0.0515,0.02006,0.11862,0.03262,1,1,0.379,-0.124,in_circle
62.287,1,1344,-0.02365,-0.02185,-0.0562,0.0433,0.04890,0.14689,0.03204,1,1,0.368,-0.107,in_circle
62.331,1,1345,-0.02537,-0.02096,-0.0392,0.0203,0.05472,0.16070,0.03218,1,1,0.247,-0.078,in_circle
62.376,1,1346,-0.02493,-0.02073,0.0099,0.0051,0.03720,0.15344,0.03175,1,1,0.184,0.013,in_circle
62.463,1,1347,-0.02183,-0.02146,0.0356,-0.0084,-0.03403,0.06522,0.03083,1,1,-0.012,0.076,in_circle
62.508,1,1348,-0.01930,-0.02208,0.0558,-0.0138,-0.03655,0.01122,0.03035,1,1,-0.122,0.132,in_circle
62.551,1,1349,-0.01724,-0.02224,0.0484,-0.0038,-0.04463,-0.00391,0.02978,1,1,-0.209,0.157,in_circle
62.596,1,1350,-0.01571,-0.02245,0.0341,-0.0046,-0.07012,-0.00670,0.02953,1,1,-0.184,0.118,in_circle
62.639,1,1351,-0.01502,-0.02190,0.0159,0.0128,-0.06551,-0.01736,0.02882,1,1,-0.130,0.124,in_circle
62.683,1,1352,-0.01489,-0.02089,0.0031,0.0232,-0.04877,-0.02028,0.02781,1,1,-0.059,0.054,in_circle
62.726,1,1353,-0.01525,-0.02009,-0.0084,0.0185,-0.03825,-0.00848,0.02713,1,1,-0.007,0.011,in_circle
62.771,1,1354,-0.01654,-0.01825,-0.0281,0.0404,-0.00406,0.02034,0.02578,1,1,0.040,0.029,in_circle
62.815,1,1355,-0.01689,-0.01697,-0.0081,0.0294,0.02226,0.06902,0.02470,1,1,0.122,-0.062,in_circle
62.860,1,1356,-0.01717,-0.01611,-0.0063,0.0191,0.02168,0.12370,0.02402,1,1,0.043,-0.020,in_circle
62.903,1,1357,-0.01693,-0.01594,0.0056,0.0041,0.02046,0.15709,0.02376,1,1,0.037,0.020,in_circle
62.947,1,1358,-0.01492,-0.01631,0.0462,-0.0087,0.00240,0.15877,0.02342,1,1,-0.011,0.080,in_circle
62.992,1,1359,-0.01146,-0.01766,0.0764,-0.0297,-0.02931,0.11884,0.02394,1,1,-0.178,0.133,in_circle
63.035,1,1360,-0.00737,-0.01738,0.0959,0.0065,-0.05858,0.05615,0.02339,1,1,-0.307,0.222,in_circle
63.080,1,1361,-0.00330,-0.01723,0.0892,0.0034,-0.08078,0.00479,0.02366,1,1,-0.395,0.077,in_circle
63.122,1,1362,0.00050,-0.01674,0.0904,0.0116,-0.08606,-0.04116,0.02421,1,1,-0.379,0.090,in_circle
63.167,1,1363,0.00279,-0.01531,0.0512,0.0321,-0.06524,-0.07699,0.02379,1,1,-0.394,0.057,in_circle
63.211,1,1364,0.00403,-0.01338,0.0284,0.0443,-0.02898,-0.08714,0.02270,1,1,-0.243,-0.028,in_circle
63.255,1,1365,0.00305,-0.01147,-0.0219,0.0425,0.00483,-0.07242,0.02057,1,1,-0.155,-0.080,in_circle
63.299,1,1366,0.00163,-0.01038,-0.0326,0.0250,0.03461,-0.03312,0.01890,1,1,0.048,-0.077,in_circle
63.342,1,1367,-0.00199,-0.00984,-0.0835,0.0125,0.05029,0.03251,0.01687,1,1,0.094,-0.009,in_circle
63.388,1,1368,-0.00528,-0.01010,-0.0720,-0.0056,0.03449,0.09699,0.01630,1,1,0.306,0.040,in_circle
63.430,1,1369,-0.00755,-0.01155,-0.0545,-0.0348,0.00584,0.14111,0.01755,1,1,0.268,0.114,in_circle
63.476,1,1370,-0.00934,-0.01358,-0.0389,-0.0441,-0.03659,0.16568,0.01964,1,1,0.204,0.235,in_circle
63.520,1,1371,-0.00951,-0.01528,-0.0040,-0.0387,-0.06827,0.16513,0.02135,1,1,0.146,0.278,in_circle
63.564,1,1372,-0.00817,-0.01605,0.0306,-0.0175,-0.09553,0.13727,0.02205,1,1,0.007,0.262,in_circle
63.608,1,1373,-0.00583,-0.01641,0.0523,-0.0081,-0.10587,0.08560,0.02250,1,1,-0.135,0.180,in_circle
63.653,1,1374,-0.00303,-0.01516,0.0632,0.0282,-0.08572,0.02969,0.02169,1,1,-0.227,0.144,in_circle
63.694,1,1375,-0.00022,-0.01290,0.0673,0.0540,-0.05636,-0.02514,0.02037,1,1,-0.278,-0.003,in_circle
63.739,1,1376,0.00166,-0.01105,0.0417,0.0412,-0.01756,-0.06827,0.01950,1,1,-0.302,-0.111,in_circle
63.784,1,1377,0.00176,-0.00989,0.0024,0.0260,0.02304,-0.09041,0.01855,1,1,-0.205,-0.064,in_circle
63.828,1,1378,-0.00028,-0.00923,-0.0461,0.0150,0.04980,-0.07570,0.01698,1,1,-0.048,-0.005,in_circle
63.870,1,1379,-0.00261,-0.00867,-0.0564,0.0134,0.04652,-0.03542,0.01556,1,1,0.150,0.038,in_circle
63.915,1,1380,-0.00706,-0.00919,-0.0979,-0.0114,0.01402,0.02570,0.01521,1,1,0.197,0.044,in_circle
63.958,1,1381,-0.01066,-0.01071,-0.0843,-0.0357,-0.01953,0.08273,0.01696,1,1,0.374,0.145,in_circle
64.002,1,1382,-0.01475,-0.01182,-0.0927,-0.0249,-0.05782,0.12731,0.01912,1,1,0.329,0.246,in_circle
64.046,1,1383,-0.01729,-0.01259,-0.0569,-0.0175,-0.08802,0.16223,0.02087,1,1,0.373,0.207,in_circle
64.090,1,1384,-0.01735,-0.01229,-0.0014,0.0069,-0.10264,0.16877,0.02063,1,1,0.237,0.180,in_circle
64.136,1,1385,-0.01707,-0.01159,0.0062,0.0154,-0.08841,0.14683,0.01988,1,1,0.015,0.082,in_circle
64.178,1,1386,-0.01562,-0.01036,0.0338,0.0287,-0.05551,0.11799,0.01814,1,1,-0.015,0.047,in_circle
64.223,1,1387,-0.01298,-0.00885,0.0592,0.0339,-0.02509,0.06402,0.01573,1,1,-0.129,-0.008,in_circle
64.268,1,1388,-0.01011,-0.00750,0.0636,0.0300,0.01082,0.00752,0.01370,1,1,-0.237,-0.032,in_circle
64.310,1,1389,-0.00842,-0.00596,0.0398,0.0364,0.03938,-0.04131,0.01197,1,1,-0.262,-0.019,in_circle
64.355,1,1390,-0.00756,-0.00586,0.0196,0.0023,0.03842,-0.07201,0.01186,1,1,-0.171,-0.048,in_circle
64.400,1,1391,-0.00818,-0.00614,-0.0137,-0.0062,0.02422,-0.08043,0.01214,1,1,-0.092,0.088,in_circle
64.487,1,1392,-0.01390,-0.00847,-0.0660,-0.0270,-0.03426,-0.00788,0.01570,1,1,0.043,0.124,in_circle
64.531,1,1393,-0.01817,-0.01034,-0.0968,-0.0425,-0.04286,0.04380,0.01936,1,1,0.267,0.214,in_circle
64.575,1,1394,-0.02220,-0.01101,-0.0908,-0.0149,-0.05365,0.06259,0.02229,1,1,0.401,0.281,in_circle
64.618,1,1395,-0.02658,-0.01142,-0.1012,-0.0095,-0.08504,0.07652,0.02561,1,1,0.388,0.173,in_circle
64.663,1,1396,-0.03021,-0.01113,-0.0811,0.0065,-0.08976,0.11057,0.02821,1,1,0.441,0.153,in_circle
64.707,1,1397,-0.03281,-0.01036,-0.0587,0.0173,-0.06285,0.14561,0.02989,1,1,0.371,0.090,in_circle
64.750,1,1398,-0.03438,-0.00839,-0.0367,0.0459,-0.03560,0.16380,0.03023,1,1,0.289,0.045,in_circle
64.794,1,1399,-0.03426,-0.00793,0.0028,0.0106,0.00034,0.15313,0.02990,1,1,0.206,-0.074,in_circle
64.838,1,1400,-0.03214,-0.00585,0.0477,0.0469,0.03045,0.11880,0.02707,1,1,0.049,0.067,in_circle
64.883,1,1401,-0.03070,-0.00512,0.0319,0.0161,0.04423,0.06769,0.02545,1,1,-0.135,-0.083,in_circle
64.928,1,1402,-0.02870,-0.00499,0.0447,0.0029,0.02346,0.00521,0.02361,1,1,-0.074,0.039,in_circle
64.971,1,1403,-0.02692,-0.00572,0.0413,-0.0169,0.00658,-0.05195,0.02242,1,1,-0.130,0.092,in_circle
65.016,1,1404,-0.02646,-0.00670,0.0102,-0.0217,-0.01042,-0.08240,0.02257,1,1,-0.120,0.173,in_circle
65.060,1,1405,-0.02810,-0.00789,-0.0373,-0.0272,-0.05865,-0.07227,0.02459,1,1,0.004,0.196,in_circle
65.102,1,1406,-0.03003,-0.00859,-0.0464,-0.0167,-0.09017,-0.03118,0.02659,1,1,0.199,0.221,in_circle
65.147,1,1407,-0.03315,-0.00841,-0.0689,0.0039,-0.09834,0.02636,0.02916,1,1,0.241,0.182,in_circle
65.191,1,1408,-0.03571,-0.00759,-0.0588,0.0188,-0.08734,0.07779,0.03104,1,1,0.341,0.099,in_circle
65.235,1,1409,-0.03865,-0.00513,-0.0669,0.0558,-0.05973,0.12809,0.03280,1,1,0.307,0.038,in_circle
65.279,1,1410,-0.04005,-0.00215,-0.0317,0.0677,-0.02050,0.16563,0.03327,1,1,0.349,-0.115,in_circle
65.324,1,1411,-0.04066,-0.00098,-0.0133,0.0255,0.01618,0.17269,0.03359,1,1,0.213,-0.170,in_circle
65.367,1,1412,-0.03948,0.00009,0.0278,0.0253,0.04624,0.15343,0.03222,1,1,0.142,-0.004,in_circle
65.411,1,1413,-0.03718,-0.00022,0.0519,-0.0069,0.05321,0.11947,0.03003,1,1,-0.024,-0.005,in_circle
65.455,1,1414,-0.03365,-0.00217,0.0809,-0.0448,0.02426,0.06548,0.02711,1,1,-0.125,0.125,in_circle
65.499,1,1415,-0.03003,-0.00472,0.0826,-0.0583,-0.01868,0.00123,0.02468,1,1,-0.248,0.281,in_circle
65.543,1,1416,-0.02769,-0.00709,0.0522,-0.0528,-0.04636,-0.04746,0.02381,1,1,-0.263,0.342,in_circle
65.587,1,1417,-0.02641,-0.00833,0.0295,-0.0285,-0.07658,-0.07762,0.02348,1,1,-0.147,0.327,in_circle
65.632,1,1418,-0.02600,-0.00987,0.0089,-0.0340,-0.09623,-0.08469,0.02415,1,1,-0.058,0.233,in_circle
65.677,1,1419,-0.02731,-0.01016,-0.0290,-0.0064,-0.09128,-0.06256,0.02533,1,1,0.024,0.260,in_circle
65.719,1,1420,-0.02927,-0.00914,-0.0473,0.0245,-0.07197,-0.00810,0.02628,1,1,0.180,0.151,in_circle
65.763,1,1421,-0.03230,-0.00810,-0.0683,0.0235,-0.04689,0.05230,0.02827,1,1,0.259,0.025,in_circle
65.808,1,1422,-0.03509,-0.00689,-0.0620,0.0270,-0.00546,0.11253,0.03018,1,1,0.351,0.027,in_circle
65.852,1,1423,-0.03757,-0.00569,-0.0564,0.0272,0.02899,0.15679,0.03198,1,1,0.335,0.011,in_circle
65.895,1,1424,-0.03822,-0.00548,-0.0152,0.0048,0.03767,0.18127,0.03252,1,1,0.320,0.008,in_circle
65.938,1,1425,-0.03745,-0.00558,0.0177,-0.0022,0.02881,0.17327,0.03183,1,1,0.158,0.097,in_circle
65.984,1,1426,-0.03514,-0.00695,0.0504,-0.0299,0.00964,0.13352,0.03025,1,1,0.026,0.126,in_circle
66.027,1,1427,-0.03179,-0.00794,0.0790,-0.0233,-0.02915,0.07773,0.02774,1,1,-0.110,0.241,in_circle
66.071,1,1428,-0.02880,-0.00912,0.0673,-0.0267,-0.06900,0.01560,0.02588,1,1,-0.232,0.217,in_circle
66.115,1,1429,-0.02601,-0.00975,0.0638,-0.0144,-0.09059,-0.02357,0.02408,1,1,-0.191,0.235,in_circle
66.160,1,1430,-0.02372,-0.01029,0.0509,-0.0121,-0.09450,-0.06169,0.02278,1,1,-0.184,0.188,in_circle
66.205,1,1431,-0.02302,-0.00961,0.0155,0.0151,-0.07942,-0.07740,0.02180,1,1,-0.137,0.180,in_circle
66.247,1,1432,-0.02420,-0.00757,-0.0284,0.0488,-0.05141,-0.05716,0.02129,1,1,0.003,0.071,in_circle
66.292,1,1433,-0.02517,-0.00614,-0.0214,0.0318,-0.01362,-0.01436,0.02119,1,1,0.183,-0.068,in_circle
66.334,1,1434,-0.02707,-0.00456,-0.0447,0.0371,0.02127,0.05232,0.02198,1,1,0.158,-0.003,in_circle
66.378,1,1435,-0.02887,-0.00363,-0.0412,0.0213,0.04701,0.11227,0.02316,1,1,0.257,-0.028,in_circle
66.423,1,1436,-0.03047,-0.00342,-0.0359,0.0047,0.03908,0.15670,0.02455,1,1,0.248,0.033,in_circle
66.511,1,1437,-0.02857,-0.00586,0.0216,-0.0276,-0.00354,0.15118,0.02391,1,1,0.233,0.100,in_circle
66.555,1,1438,-0.02695,-0.00752,0.0365,-0.0374,-0.01658,0.12997,0.02344,1,1,-0.001,0.236,in_circle
66.600,1,1439,-0.02315,-0.00923,0.0851,-0.0383,-0.02966,0.11254,0.02162,1,1,-0.063,0.280,in_circle
66.644,1,1440,-0.01899,-0.01120,0.0948,-0.0447,-0.08142,0.07849,0.02051,1,1,-0.267,0.288,in_circle
66.688,1,1441,-0.01406,-0.01186,0.1123,-0.0151,-0.10749,0.01538,0.01892,1,1,-0.315,0.319,in_circle
66.731,1,1442,-0.00976,-0.01250,0.0986,-0.0146,-0.09061,-0.04777,0.01860,1,1,-0.397,0.203,in_circle
66.776,1,1443,-0.00646,-0.01128,0.0740,0.0273,-0.08811,-0.09472,0.01733,1,1,-0.354,0.204,in_circle
66.818,1,1444,-0.00564,-0.00988,0.0195,0.0333,-0.05846,-0.10872,0.01603,1,1,-0.263,0.034,in_circle
66.864,1,1445,-0.00616,-0.00798,-0.0112,0.0410,-0.01306,-0.08837,0.01407,1,1,-0.047,0.007,in_circle
66.909,1,1446,-0.00871,-0.00596,-0.0575,0.0455,0.00921,-0.03519,0.01200,1,1,0.076,-0.028,in_circle
66.953,1,1447,-0.01205,-0.00530,-0.0756,0.0149,0.03064,0.02554,0.01208,1,1,0.268,-0.050,in_circle
66.997,1,1448,-0.01581,-0.00492,-0.0856,0.0087,0.03343,0.07788,0.01354,1,1,0.349,0.071,in_circle
67.039,1,1449,-0.01812,-0.00511,-0.0542,-0.0046,0.01835,0.12154,0.01516,1,1,0.399,0.095,in_circle
67.083,1,1450,-0.02116,-0.00677,-0.0698,-0.0380,-0.00718,0.15428,0.01848,1,1,0.279,0.149,in_circle
67.127,1,1451,-0.02223,-0.00787,-0.0242,-0.0250,-0.05036,0.16426,0.02002,1,1,0.350,0.288,in_circle
67.172,1,1452,-0.02175,-0.00869,0.0107,-0.0183,-0.08383,0.14826,0.02026,1,1,0.171,0.239,in_circle
67.215,1,1453,-0.02043,-0.00911,0.0303,-0.0095,-0.10519,0.10709,0.01969,1,1,0.031,0.215,in_circle
67.260,1,1454,-0.01840,-0.00802,0.0456,0.0244,-0.09830,0.04980,0.01757,1,1,-0.051,0.181,in_circle
67.303,1,1455,-0.01627,-0.00739,0.0495,0.0146,-0.07159,-0.00106,0.01584,1,1,-0.116,0.044,in_circle
67.347,1,1456,-0.01538,-0.00460,0.0200,0.0630,-0.03592,-0.04075,0.01303,1,1,-0.137,0.082,in_circle
67.391,1,1457,-0.01470,-0.00217,0.0154,0.0554,-0.00209,-0.06204,0.01069,1,1,-0.021,-0.118,in_circle
67.435,1,1458,-0.01507,-0.00102,-0.0084,0.0258,0.02476,-0.06237,0.01011,1,1,-0.004,-0.093,in_circle
67.479,1,1459,-0.01795,-0.00027,-0.0663,0.0174,0.04270,-0.03247,0.01193,1,1,0.093,0.023,in_circle
67.523,1,1460,-0.02109,-0.00183,-0.0709,-0.0351,0.04273,0.02263,0.01542,1,1,0.332,0.054,in_circle
67.568,1,1461,-0.02449,-0.00300,-0.0755,-0.0261,0.00557,0.09087,0.01896,1,1,0.359,0.269,in_circle
67.612,1,1462,-0.02727,-0.00539,-0.0639,-0.0550,-0.03455,0.14603,0.02256,1,1,0.387,0.236,in_circle
67.655,1,1463,-0.02880,-0.00782,-0.0351,-0.0557,-0.06239,0.17585,0.02514,1,1,0.348,0.358,in_circle
67.700,1,1464,-0.02915,-0.00904,-0.0078,-0.0276,-0.08088,0.16699,0.02611,1,1,0.238,0.367,in_circle
67.743,1,1465,-0.02772,-0.00968,0.0326,-0.0145,-0.09599,0.13656,0.02535,1,1,0.130,0.259,in_circle
67.787,1,1466,-0.02536,-0.00998,0.0543,-0.0069,-0.08989,0.09603,0.02374,1,1,-0.034,0.209,in_circle
67.830,1,1467,-0.02245,-0.00872,0.0674,0.0293,-0.06587,0.04627,0.02077,1,1,-0.126,0.180,in_circle
67.877,1,1468,-0.01942,-0.00717,0.0650,0.0332,-0.02994,0.00001,0.01756,1,1,-0.185,0.032,in_circle
67.919,1,1469,-0.01752,-0.00574,0.0443,0.0334,0.00804,-0.04798,0.01524,1,1,-0.183,0.014,in_circle
67.964,1,1470,-0.01698,-0.00464,0.0123,0.0248,0.04094,-0.07985,0.01405,1,1,-0.104,0.010,in_circle
68.007,1,1471,-0.01735,-0.00467,-0.0085,-0.0007,0.04353,-0.07830,0.01432,1,1,0.023,0.042,in_circle
68.052,1,1472,-0.01910,-0.00500,-0.0392,-0.0073,0.02852,-0.04492,0.01577,1,1,0.107,0.144,in_circle
68.096,1,1473,-0.02198,-0.00705,-0.0663,-0.0474,-0.00312,0.02118,0.01927,1,1,0.235,0.172,in_circle
68.140,1,1474,-0.02498,-0.00817,-0.0669,-0.0250,-0.04650,0.08742,0.02228,1,1,0.351,0.338,in_circle
68.183,1,1475,-0.02783,-0.00991,-0.0665,-0.0406,-0.07734,0.13541,0.02558,1,1,0.362,0.252,in_circle
68.226,1,1476,-0.02947,-0.01000,-0.0379,-0.0020,-0.10336,0.15926,0.02693,1,1,0.368,0.320,in_circle
68.271,1,1477,-0.02909,-0.01030,0.0084,-0.0067,-0.09822,0.16230,0.02681,1,1,0.259,0.166,in_circle
68.315,1,1478,-0.02805,-0.00895,0.0238,0.0310,-0.08014,0.14235,0.02517,1,1,0.074,0.186,in_circle
68.360,1,1479,-0.02546,-0.00674,0.0579,0.0491,-0.05686,0.11347,0.02178,1,1,0.011,0.033,in_circle
68.405,1,1480,-0.02197,-0.00482,0.0771,0.0424,-0.01733,0.06460,0.01783,1,1,-0.131,-0.045,in_circle
68.451,1,1481,-0.01919,-0.00312,0.0609,0.0373,0.02106,0.00490,0.01459,1,1,-0.216,-0.022,in_circle
68.535,1,1482,-0.01533,-0.00220,0.0457,0.0109,0.04226,-0.08752,0.01113,1,1,-0.157,-0.005,in_circle
68.580,1,1483,-0.01645,-0.00454,-0.0249,-0.0521,0.03752,-0.09224,0.01363,1,1,-0.106,0.098,in_circle
68.624,1,1484,-0.01808,-0.00739,-0.0367,-0.0641,0.02606,-0.07435,0.01688,1,1,0.180,0.357,in_circle
68.667,1,1485,-0.02185,-0.01055,-0.0884,-0.0740,-0.01748,-0.03961,0.02171,1,1,0.231,0.412,in_circle
68.712,1,1486,-0.02589,-0.01378,-0.0902,-0.0722,-0.05592,0.01019,0.02680,1,1,0.448,0.461,in_circle
68.755,1,1487,-0.03106,-0.01587,-0.1190,-0.0481,-0.08302,0.06529,0.03193,1,1,0.466,0.463,in_circle
68.798,1,1488,-0.03508,-0.01798,-0.0932,-0.0488,-0.11269,0.11379,0.03632,1,1,0.595,0.372,in_circle
68.844,1,1489,-0.03917,-0.01855,-0.0905,-0.0126,-0.10571,0.15382,0.03984,1,1,0.503,0.381,in_circle
68.886,1,1490,-0.04128,-0.01889,-0.0495,-0.0080,-0.08276,0.17581,0.04171,1,1,0.504,0.239,in_circle
68.931,1,1491,-0.04228,-0.01846,-0.0224,0.0096,-0.05642,0.17200,0.04227,1,1,0.346,0.224,in_circle
68.975,1,1492,-0.04107,-0.01778,0.0271,0.0153,-0.01881,0.14912,0.04090,1,1,0.245,0.156,in_circle
69.019,1,1493,-0.03889,-0.01786,0.0494,-0.0019,0.01281,0.11300,0.03919,1,1,0.045,0.130,in_circle
69.064,1,1494,-0.03595,-0.01731,0.0660,0.0124,0.02032,0.06387,0.03655,1,1,-0.050,0.199,in_circle
69.107,1,1495,-0.03318,-0.01833,0.0651,-0.0239,0.01605,0.01178,0.03516,1,1,-0.123,0.141,in_circle
69.151,1,1496,-0.03053,-0.01910,0.0597,-0.0173,-0.00829,-0.04065,0.03386,1,1,-0.125,0.290,in_circle
69.196,1,1497,-0.02976,-0.02020,0.0172,-0.0247,-0.03852,-0.08125,0.03419,1,1,-0.109,0.267,in_circle
69.240,1,1498,-0.02972,-0.02068,0.0008,-0.0108,-0.06714,-0.08832,0.03453,1,1,0.060,0.300,in_circle
69.284,1,1499,-0.03089,-0.02082,-0.0265,-0.0031,-0.08774,-0.05590,0.03539,1,1,0.126,0.247,in_circle
69.333,1,1500,-0.03332,-0.01970,-0.0491,0.0227,-0.08519,0.00820,0.03621,1,1,0.240,0.218,in_circle
69.373,1,1501,-0.03598,-0.01844,-0.0669,0.0315,-0.07174,0.07656,0.03730,1,1,0.337,0.113,in_circle
69.414,1,1502,-0.03873,-0.01646,-0.0665,0.0479,-0.04957,0.12358,0.03822,1,1,0.416,0.075,in_circle
69.461,1,1503,-0.04059,-0.01380,-0.0398,0.0569,-0.01507,0.15518,0.03830,1,1,0.423,0.006,in_circle
69.503,1,1504,-0.04051,-0.01164,0.0019,0.0520,0.02550,0.16615,0.03716,1,1,0.322,-0.036,in_circle
69.548,1,1505,-0.03971,-0.00940,0.0175,0.0491,0.04105,0.15995,0.03543,1,1,0.156,-0.021,in_circle
69.591,1,1506,-0.03709,-0.00851,0.0606,0.0207,0.03989,0.13990,0.03269,1,1,0.094,-0.014,in_circle
69.635,1,1507,-0.03403,-0.00837,0.0700,0.0032,0.02066,0.09149,0.02991,1,1,-0.084,0.098,in_circle
69.678,1,1508,-0.03058,-0.00847,0.0797,-0.0024,-0.01274,0.02436,0.02699,1,1,-0.128,0.168,in_circle
69.723,1,1509,-0.02660,-0.00848,0.0889,-0.0001,-0.05012,-0.04080,0.02373,1,1,-0.175,0.191,in_circle
69.767,1,1510,-0.02490,-0.00806,0.0389,0.0096,-0.07933,-0.07792,0.02213,1,1,-0.221,0.183,in_circle
69.812,1,1511,-0.02442,-0.00767,0.0107,0.0087,-0.08894,-0.08414,0.02152,1,1,-0.024,0.144,in_circle
69.856,1,1512,-0.02557,-0.00626,-0.0261,0.0320,-0.08266,-0.06117,0.02159,1,1,0.088,0.147,in_circle
69.898,1,1513,-0.02857,-0.00435,-0.0707,0.0452,-0.05846,-0.01801,0.02320,1,1,0.239,0.051,in_circle
69.943,1,1514,-0.03183,-0.00240,-0.0726,0.0433,-0.02234,0.03750,0.02546,1,1,0.426,-0.006,in_circle
69.987,1,1515,-0.03432,-0.00079,-0.0566,0.0367,0.01189,0.08841,0.02737,1,1,0.443,-0.003,in_circle
70.032,1,1516,-0.03772,0.00055,-0.0748,0.0295,0.03869,0.13607,0.03041,1,1,0.386,0.019,in_circle
70.075,1,1517,-0.03939,0.00051,-0.0389,-0.0009,0.03170,0.16997,0.03207,1,1,0.469,0.045,in_circle
70.118,1,1518,-0.03968,-0.00075,-0.0067,-0.0294,0.01447,0.17478,0.03259,1,1,0.331,0.167,in_circle
70.163,1,1519,-0.03846,-0.00288,0.0273,-0.0476,-0.01418,0.15447,0.03192,1,1,0.204,0.285,in_circle
70.208,1,1520,-0.03618,-0.00446,0.0514,-0.0356,-0.05680,0.11276,0.03024,1,1,0.067,0.363,in_circle
70.251,1,1521,-0.03297,-0.00601,0.0736,-0.0356,-0.08846,0.06052,0.02789,1,1,-0.035,0.319,in_circle
70.296,1,1522,-0.03023,-0.00712,0.0612,-0.0248,-0.10520,0.00567,0.02599,1,1,-0.130,0.324,in_circle
70.340,1,1523,-0.02721,-0.00696,0.0686,0.0036,-0.09301,-0.03765,0.02334,1,1,-0.086,0.284,in_circle
70.382,1,1524,-0.02558,-0.00622,0.0387,0.0176,-0.07890,-0.07069,0.02157,1,1,-0.123,0.170,in_circle
70.427,1,1525,-0.02583,-0.00436,-0.0055,0.0410,-0.04776,-0.07343,0.02079,1,1,-0.006,0.113,in_circle
70.470,1,1526,-0.02692,-0.00240,-0.0256,0.0458,-0.00528,-0.04172,0.02089,1,1,0.172,0.016,in_circle
70.560,1,1527,-0.03242,-0.00125,-0.0615,0.0128,0.04045,0.07524,0.02566,1,1,0.257,-0.008,in_circle
70.605,1,1528,-0.03451,-0.00201,-0.0463,-0.0167,0.03998,0.11981,0.02788,1,1,0.415,0.121,in_circle
70.647,1,1529,-0.03625,-0.00332,-0.0407,-0.0307,0.03530,0.12150,0.02993,1,1,0.361,0.242,in_circle
70.692,1,1530,-0.03699,-0.00659,-0.0166,-0.0733,0.01047,0.11927,0.03179,1,1,0.344,0.301,in_circle
70.736,1,1531,-0.03625,-0.00993,0.0167,-0.0754,-0.03521,0.11881,0.03260,1,1,0.250,0.480,in_circle
70.780,1,1532,-0.03538,-0.01296,0.0199,-0.0697,-0.06787,0.10719,0.03347,1,1,0.117,0.498,in_circle
70.824,1,1533,-0.03339,-0.01511,0.0455,-0.0490,-0.09381,0.07878,0.03317,1,1,0.103,0.483,in_circle
70.866,1,1534,-0.03018,-0.01582,0.0755,-0.0168,-0.10759,0.03340,0.03126,1,1,-0.003,0.407,in_circle
70.911,1,1535,-0.02857,-0.01597,0.0355,-0.0033,-0.09385,-0.01862,0.03024,1,1,-0.130,0.281,in_circle
70.955,1,1536,-0.02717,-0.01441,0.0319,0.0356,-0.08329,-0.06190,0.02814,1,1,0.027,0.229,in_circle
71.000,1,1537,-0.02711,-0.01352,0.0014,0.0201,-0.04497,-0.07590,0.02746,1,1,0.039,0.070,in_circle
71.042,1,1538,-0.02815,-0.01161,-0.0243,0.0450,-0.00411,-0.05572,0.02691,1,1,0.161,0.130,in_circle
71.087,1,1539,-0.03056,-0.00996,-0.0532,0.0365,0.02599,0.00388,0.02779,1,1,0.267,0.027,in_circle
71.131,1,1540,-0.03355,-0.00887,-0.0679,0.0246,0.02764,0.07351,0.02973,1,1,0.390,0.057,in_circle
71.176,1,1541,-0.03613,-0.00821,-0.0587,0.0151,0.01987,0.13173,0.03170,1,1,0.457,0.103,in_circle
71.220,1,1542,-0.03798,-0.00836,-0.0418,-0.0035,-0.00326,0.16179,0.03342,1,1,0.428,0.140,in_circle
71.262,1,1543,-0.03829,-0.00817,-0.0074,0.0044,-0.04099,0.17315,0.03362,1,1,0.366,0.215,in_circle
71.310,1,1544,-0.03667,-0.00766,0.0342,0.0109,-0.07462,0.16005,0.03194,1,1,0.231,0.184,in_circle
71.351,1,1545,-0.03472,-0.00713,0.0467,0.0125,-0.09083,0.12905,0.02995,1,1,0.062,0.157,in_circle
71.396,1,1546,-0.03084,-0.00512,0.0879,0.0455,-0.08462,0.07940,0.02558,1,1,0.008,0.150,in_circle
71.438,1,1547,-0.02721,-0.00226,0.0851,0.0671,-0.06456,0.01745,0.02110,1,1,-0.165,0.013,in_circle
71.483,1,1548,-0.02408,-0.00013,0.0699,0.0477,-0.03046,-0.04293,0.01740,1,1,-0.162,-0.079,in_circle
71.528,1,1549,-0.02231,0.00175,0.0396,0.0418,0.01036,-0.07790,0.01512,1,1,-0.109,-0.007,in_circle
71.575,1,1550,-0.02201,0.00329,0.0062,0.0328,0.04163,-0.08569,0.01447,1,1,0.009,0.012,in_circle
71.615,1,1551,-0.02230,0.00364,-0.0071,0.0087,0.03611,-0.05713,0.01469,1,1,0.142,0.044,in_circle
71.659,1,1552,-0.02267,0.00424,-0.0085,0.0136,0.01547,0.00348,0.01498,1,1,0.197,0.140,in_circle
71.703,1,1553,-0.02486,0.00354,-0.0501,-0.0162,-0.01285,0.06356,0.01724,1,1,0.204,0.119,in_circle
71.747,1,1554,-0.02628,0.00233,-0.0322,-0.0275,-0.05496,0.11058,0.01884,1,1,0.377,0.240,in_circle
71.791,1,1555,-0.02657,0.00092,-0.0065,-0.0315,-0.08197,0.14157,0.01944,1,1,0.309,0.288,in_circle
71.835,1,1556,-0.02645,0.00018,0.0027,-0.0168,-0.09152,0.16314,0.01954,1,1,0.208,0.308,in_circle
71.881,1,1557,-0.02469,0.00020,0.0384,0.0003,-0.09270,0.15440,0.01786,1,1,0.172,0.251,in_circle
71.924,1,1558,-0.02187,0.00054,0.0667,0.0080,-0.07804,0.12936,0.01509,1,1,0.026,0.183,in_circle
71.968,1,1559,-0.01798,0.00083,0.0871,0.0065,-0.05098,0.07130,0.01142,1,1,-0.094,0.152,in_circle
72.013,1,1560,-0.01402,0.00128,0.0887,0.0102,-0.01251,0.00310,0.00780,1,1,-0.185,0.157,in_circle
72.055,1,1561,-0.01075,0.00143,0.0767,0.0035,0.02063,-0.04429,0.00544,1,1,-0.201,0.141,in_circle
72.101,1,1562,-0.00778,0.00154,0.0648,0.0022,0.02204,-0.07036,0.00446,1,1,-0.161,0.168,in_circle
72.144,1,1563,-0.00767,-0.00012,0.0028,-0.0390,0.01176,-0.07050,0.00612,1,1,-0.121,0.173,in_circle
72.189,1,1564,-0.00853,-0.00184,-0.0190,-0.0380,-0.01337,-0.04543,0.00788,1,1,0.127,0.342,in_circle
72.231,1,1565,-0.01015,-0.00398,-0.0387,-0.0510,-0.05357,-0.00067,0.01025,1,1,0.216,0.343,in_circle
72.275,1,1566,-0.01272,-0.00525,-0.0583,-0.0289,-0.08440,0.05374,0.01228,1,1,0.299,0.401,in_circle
72.320,1,1567,-0.01599,-0.00610,-0.0729,-0.0189,-0.10059,0.11312,0.01461,1,1,0.384,0.316,in_circle
72.363,1,1568,-0.01737,-0.00628,-0.0321,-0.0043,-0.10030,0.15615,0.01557,1,1,0.451,0.279,in_circle
72.406,1,1569,-0.01782,-0.00410,-0.0104,0.0504,-0.08062,0.17729,0.01422,1,1,0.292,0.221,in_circle
72.451,1,1570,-0.01601,-0.00284,0.0403,0.0281,-0.04528,0.16995,0.01207,1,1,0.206,-0.002,in_circle
72.497,1,1571,-0.01298,-0.00175,0.0664,0.0239,-0.00636,0.14718,0.00932,1,1,-0.001,0.084,in_circle
72.584,1,1572,-0.00433,-0.00057,0.0984,0.0134,0.02434,0.05304,0.00743,1,1,-0.112,0.099,in_circle
72.628,1,1573,0.00048,-0.00147,0.1103,-0.0206,0.01911,0.01283,0.01115,1,1,-0.262,0.138,in_circle
72.672,1,1574,0.00543,-0.00257,0.1115,-0.0247,0.01441,0.00538,0.01577,1,1,-0.322,0.277,in_circle
72.715,1,1575,0.00926,-0.00476,0.0906,-0.0519,-0.01598,-0.00469,0.02017,1,1,-0.339,0.296,in_circle
72.762,1,1576,0.01276,-0.00641,0.0734,-0.0346,-0.06251,-0.03169,0.02401,1,1,-0.266,0.411,in_circle
72.805,1,1577,0.01524,-0.00818,0.0578,-0.0412,-0.09300,-0.04388,0.02706,1,1,-0.207,0.346,in_circle
72.847,1,1578,0.01719,-0.00728,0.0464,0.0215,-0.10180,-0.03622,0.02830,1,1,-0.152,0.378,in_circle
72.892,1,1579,0.01820,-0.00618,0.0225,0.0245,-0.10369,-0.01099,0.02871,1,1,-0.112,0.125,in_circle
72.936,1,1580,0.01812,-0.00331,-0.0016,0.0652,-0.09082,0.03412,0.02755,1,1,-0.020,0.111,in_circle
72.978,1,1581,0.01760,-0.00029,-0.0126,0.0723,-0.05534,0.08654,0.02617,1,1,0.075,-0.058,in_circle
73.023,1,1582,0.01930,0.00219,0.0379,0.0553,-0.01759,0.13575,0.02737,1,1,0.119,-0.094,in_circle
73.068,1,1583,0.02023,0.00389,0.0206,0.0379,0.01391,0.16598,0.02811,1,1,-0.088,-0.032,in_circle
73.112,1,1584,0.02108,0.00552,0.0194,0.0369,0.04016,0.16620,0.02888,1,1,-0.023,0.033,in_circle
73.156,1,1585,0.02480,0.00698,0.0850,0.0334,0.02962,0.13679,0.03262,1,1,-0.021,0.034,in_circle
73.200,1,1586,0.02862,0.00778,0.0863,0.0181,0.00579,0.07604,0.03646,1,1,-0.294,0.044,in_circle
73.243,1,1587,0.03470,0.00793,0.1411,0.0034,-0.02298,0.00649,0.04254,1,1,-0.311,0.103,in_circle
73.287,1,1588,0.03978,0.00798,0.1145,0.0012,-0.05741,-0.04542,0.04762,0,1,-0.538,0.161,running
73.331,1,1589,0.04364,0.00799,0.0873,0.0002,-0.07984,-0.07066,0.05148,0,1,-0.438,0.170,running
73.379,1,1590,0.04521,0.00984,0.0333,0.0394,-0.08164,-0.08870,0.05315,0,1,-0.348,0.173,running
73.420,1,1591,0.04560,0.01150,0.0095,0.0397,-0.07264,-0.08685,0.05369,0,1,-0.166,0.030,running
73.463,1,1592,0.04406,0.01362,-0.0357,0.0491,-0.05782,-0.05361,0.05242,0,1,-0.088,0.024,running
73.509,1,1593,0.04163,0.01616,-0.0539,0.0564,-0.02509,0.00697,0.05046,0,1,0.076,-0.017,running
73.552,1,1594,0.03847,0.01887,-0.0729,0.0625,0.01503,0.08104,0.04803,0,1,0.154,-0.054,running
73.594,1,1595,0.03616,0.02089,-0.0544,0.0476,0.03751,0.13818,0.04641,0,1,0.242,-0.090,running
73.639,1,1596,0.03500,0.02270,-0.0259,0.0405,0.03520,0.16802,0.04594,0,1,0.186,-0.043,running
73.684,1,1597,0.03461,0.02315,-0.0087,0.0100,0.02904,0.16594,0.04575,0,1,0.082,-0.023,running
73.728,1,1598,0.03635,0.02274,0.0388,-0.0091,0.00004,0.13557,0.04722,0,1,0.017,0.090,running
73.770,1,1599,0.03842,0.02202,0.0493,-0.0173,-0.03848,0.08377,0.04892,0,1,-0.170,0.161,running
73.814,1,1600,0.04085,0.02189,0.0560,-0.0029,-0.06579,0.02920,0.05118,0,1,-0.217,0.190,running
73.859,1,1601,0.04259,0.02152,0.0386,-0.0083,-0.08781,-0.01658,0.05273,0,1,-0.251,0.135,running
73.904,1,1602,0.04372,0.02186,0.0249,0.0075,-0.08781,-0.06029,0.05390,0,1,-0.198,0.153,running
73.948,1,1603,0.04333,0.02326,-0.0088,0.0320,-0.06612,-0.08401,0.05397,0,1,-0.158,0.095,running
73.992,1,1604,0.04081,0.02477,-0.0571,0.0341,-0.03667,-0.06977,0.05210,0,1,-0.043,0.006,running
74.036,1,1605,0.03787,0.02650,-0.0674,0.0396,-0.00237,-0.03212,0.05006,0,1,0.138,-0.008,running
74.080,1,1606,0.03378,0.02820,-0.0930,0.0388,0.03364,0.04289,0.04714,0,1,0.191,-0.034,running
74.122,1,1607,0.02944,0.02802,-0.1019,-0.0044,0.04187,0.10651,0.04326,1,1,0.311,-0.039,in_circle
74.168,1,1608,0.02528,0.02791,-0.0908,-0.0024,0.02875,0.15194,0.03967,1,1,0.377,0.126,in_circle
74.212,1,1609,0.02324,0.02723,-0.0466,-0.0155,0.00860,0.17086,0.03760,1,1,0.361,0.121,in_circle
74.255,1,1610,0.02229,0.02617,-0.0220,-0.0246,-0.02754,0.16339,0.03622,1,1,0.188,0.175,in_circle
74.301,1,1611,0.02313,0.02576,0.0181,-0.0089,-0.06267,0.13820,0.03670,1,1,0.091,0.213,in_circle
74.344,1,1612,0.02514,0.02549,0.0478,-0.0064,-0.08317,0.09828,0.03827,1,1,-0.073,0.150,in_circle
74.388,1,1613,0.02859,0.02641,0.0774,0.0208,-0.08979,0.04396,0.04172,1,1,-0.198,0.140,in_circle
74.432,1,1614,0.03094,0.02818,0.0542,0.0407,-0.07112,-0.01431,0.04464,1,1,-0.325,0.027,in_circle
74.476,1,1615,0.03330,0.03109,0.0537,0.0661,-0.03783,-0.06643,0.04816,0,1,-0.241,-0.055,running
74.520,1,1616,0.03388,0.03305,0.0131,0.0445,-0.00396,-0.09585,0.04969,0,1,-0.247,-0.156,running
74.608,1,1617,0.02989,0.03649,-0.0449,0.0388,0.05577,-0.04633,0.04848,0,1,-0.105,-0.084,running
74.653,1,1618,0.02591,0.03705,-0.0900,0.0125,0.05189,0.00748,0.04583,0,1,0.119,-0.075,running
74.695,1,1619,0.02184,0.03601,-0.0952,-0.0242,0.03998,0.03919,0.04218,1,1,0.308,0.021,in_circle
74.739,1,1620,0.01801,0.03494,-0.0877,-0.0245,0.01565,0.05822,0.03877,1,1,0.357,0.170,in_circle
74.783,1,1621,0.01389,0.03298,-0.0933,-0.0444,-0.03458,0.08823,0.03462,1,1,0.347,0.178,in_circle
74.827,1,1622,0.01153,0.03195,-0.0535,-0.0234,-0.06740,0.13210,0.03236,1,1,0.379,0.261,in_circle
74.870,1,1623,0.00963,0.03099,-0.0446,-0.0224,-0.08734,0.16119,0.03047,1,1,0.225,0.179,in_circle
74.915,1,1624,0.00968,0.03139,0.0012,0.0088,-0.09137,0.15406,0.03083,1,1,0.193,0.176,in_circle
74.960,1,1625,0.01031,0.03226,0.0139,0.0194,-0.07544,0.11967,0.03190,1,1,0.009,0.049,in_circle
75.002,1,1626,0.01257,0.03354,0.0539,0.0305,-0.04048,0.07255,0.03426,1,1,-0.044,0.004,in_circle
75.050,1,1627,0.01573,0.03589,0.0666,0.0495,-0.01073,0.02079,0.03804,1,1,-0.211,-0.045,in_circle
75.091,1,1628,0.01811,0.03794,0.0572,0.0493,0.02516,-0.02245,0.04112,1,1,-0.271,-0.129,in_circle
75.135,1,1629,0.01947,0.03835,0.0310,0.0095,0.04748,-0.06397,0.04231,1,1,-0.239,-0.134,in_circle
75.179,1,1630,0.01995,0.03870,0.0108,0.0080,0.04701,-0.09059,0.04289,1,1,-0.140,0.020,in_circle
75.223,1,1631,0.01906,0.03802,-0.0202,-0.0156,0.03557,-0.08216,0.04179,1,1,-0.064,0.022,in_circle
75.266,1,1632,0.01614,0.03695,-0.0671,-0.0246,0.00287,-0.04186,0.03913,1,1,0.060,0.117,in_circle
75.311,1,1633,0.01256,0.03517,-0.0794,-0.0393,-0.04011,0.02423,0.03557,1,1,0.258,0.158,in_circle
75.355,1,1634,0.00955,0.03340,-0.0686,-0.0403,-0.07390,0.08972,0.03243,1,1,0.315,0.220,in_circle
75.400,1,1635,0.00658,0.03312,-0.0665,-0.0065,-0.09228,0.13779,0.03069,1,1,0.278,0.227,in_circle
75.443,1,1636,0.00501,0.03434,-0.0366,0.0284,-0.09064,0.15570,0.03110,1,1,0.277,0.091,in_circle
75.488,1,1637,0.00500,0.03567,-0.0001,0.0299,-0.07833,0.15073,0.03232,1,1,0.161,-0.052,in_circle
75.532,1,1638,0.00580,0.03826,0.0181,0.0588,-0.04771,0.12750,0.03501,1,1,0.014,-0.063,in_circle
75.575,1,1639,0.00852,0.04101,0.0630,0.0637,-0.00511,0.09005,0.03863,1,1,-0.061,-0.186,in_circle
75.620,1,1640,0.01145,0.04334,0.0655,0.0518,0.03186,0.04100,0.04201,1,1,-0.248,-0.215,in_circle
75.666,1,1641,0.01445,0.04459,0.0646,0.0271,0.05896,-0.02048,0.04455,1,1,-0.263,-0.174,in_circle
75.708,1,1642,0.01650,0.04507,0.0487,0.0114,0.06576,-0.07139,0.04601,0,1,-0.265,-0.084,running
75.751,1,1643,0.01704,0.04541,0.0125,0.0078,0.04052,-0.10155,0.04658,0,1,-0.210,-0.029,running
75.796,1,1644,0.01583,0.04427,-0.0271,-0.0256,0.00734,-0.09377,0.04497,1,1,-0.077,-0.019,in_circle
75.839,1,1645,0.01346,0.04330,-0.0547,-0.0223,-0.03168,-0.04563,0.04294,1,1,0.077,0.111,in_circle
75.884,1,1646,0.01033,0.04250,-0.0698,-0.0180,-0.06623,0.01819,0.04075,1,1,0.195,0.106,in_circle
75.928,1,1647,0.00747,0.04284,-0.0651,0.0078,-0.09114,0.07811,0.03988,1,1,0.269,0.095,in_circle
75.972,1,1648,0.00505,0.04277,-0.0547,-0.0017,-0.08966,0.12008,0.03895,1,1,0.259,-0.009,in_circle
76.016,1,1649,0.00331,0.04370,-0.0396,0.0213,-0.06542,0.14083,0.03931,1,1,0.223,0.028,in_circle
76.060,1,1650,0.00265,0.04565,-0.0151,0.0448,-0.03532,0.15080,0.04101,1,1,0.167,-0.068,in_circle
76.104,1,1651,0.00299,0.04736,0.0077,0.0389,0.00148,0.13644,0.04275,1,1,0.069,-0.169,in_circle
76.147,1,1652,0.00452,0.04887,0.0352,0.0348,0.03733,0.09971,0.04461,1,1,-0.024,-0.153,in_circle
76.192,1,1653,0.00693,0.05019,0.0534,0.0292,0.05978,0.03775,0.04658,0,1,-0.134,-0.144,running
76.236,1,1654,0.00927,0.04976,0.0530,-0.0098,0.04866,-0.02239,0.04697,0,1,-0.208,-0.130,running
76.281,1,1655,0.01047,0.04842,0.0271,-0.0299,0.03234,-0.06981,0.04619,0,1,-0.213,0.014,running
76.323,1,1656,0.01112,0.04712,0.0154,-0.0310,-0.00201,-0.09363,0.04527,1,1,-0.121,0.093,in_circle
76.368,1,1657,0.00973,0.04566,-0.0308,-0.0322,-0.04321,-0.08284,0.04336,1,1,-0.079,0.102,in_circle
76.411,1,1658,0.00713,0.04447,-0.0606,-0.0279,-0.07241,-0.04080,0.04126,1,1,0.103,0.115,in_circle
76.455,1,1659,0.00426,0.04459,-0.0652,0.0029,-0.08805,0.01557,0.04043,1,1,0.231,0.107,in_circle
76.500,1,1660,0.00069,0.04525,-0.0793,0.0146,-0.07582,0.07111,0.04016,1,1,0.259,-0.016,in_circle
76.544,1,1661,-0.00303,0.04562,-0.0847,0.0085,-0.05850,0.11935,0.03991,1,1,0.324,-0.065,in_circle
76.631,1,1662,-0.00635,0.04829,-0.0379,0.0305,0.01178,0.16897,0.04231,1,1,0.355,-0.045,in_circle
76.677,1,1663,-0.00568,0.04967,0.0147,0.0303,0.01696,0.16210,0.04372,1,1,0.173,-0.144,in_circle
76.721,1,1664,-0.00304,0.04951,0.0602,-0.0037,0.02116,0.14824,0.04377,1,1,-0.034,-0.150,in_circle
76.763,1,1665,0.00095,0.04916,0.0937,-0.0082,0.03262,0.12478,0.04404,1,1,-0.216,-0.021,in_circle
76.806,1,1666,0.00558,0.04799,0.1074,-0.0272,0.01900,0.07755,0.04407,1,1,-0.356,-0.005,in_circle
76.855,1,1667,0.00994,0.04585,0.0906,-0.0444,-0.01116,0.02048,0.04362,1,1,-0.421,0.069,in_circle
76.896,1,1668,0.01499,0.04455,0.1235,-0.0318,-0.04751,-0.03854,0.04478,1,1,-0.371,0.141,in_circle
76.941,1,1669,0.01811,0.04298,0.0692,-0.0347,-0.07627,-0.08841,0.04515,1,1,-0.507,0.091,in_circle
76.984,1,1670,0.01938,0.04245,0.0290,-0.0122,-0.08201,-0.10756,0.04546,1,1,-0.310,0.103,in_circle
77.028,1,1671,0.01949,0.04248,0.0026,0.0009,-0.07413,-0.09338,0.04556,0,1,-0.162,0.017,running
77.073,1,1672,0.01808,0.04329,-0.0312,0.0177,-0.04850,-0.05386,0.04539,1,1,-0.064,-0.035,in_circle
77.115,1,1673,0.01587,0.04459,-0.0520,0.0305,-0.01649,0.00095,0.04527,1,1,0.067,-0.102,in_circle
77.163,1,1674,0.01257,0.04564,-0.0699,0.0224,0.02298,0.06051,0.04457,1,1,0.151,-0.155,in_circle
77.204,1,1675,0.00964,0.04648,-0.0701,0.0201,0.04728,0.10480,0.04408,1,1,0.230,-0.128,in_circle
77.247,1,1676,0.00767,0.04685,-0.0461,0.0086,0.05359,0.13798,0.04368,1,1,0.240,-0.123,in_circle
77.292,1,1677,0.00680,0.04572,-0.0193,-0.0248,0.03547,0.16059,0.04232,1,1,0.154,-0.081,in_circle
77.336,1,1678,0.00734,0.04436,0.0126,-0.0313,0.00630,0.15559,0.04124,1,1,0.054,0.053,in_circle
77.379,1,1679,0.00929,0.04256,0.0455,-0.0420,-0.03196,0.12478,0.04036,1,1,-0.072,0.084,in_circle
77.423,1,1680,0.01162,0.04071,0.0522,-0.0415,-0.06191,0.05857,0.03977,1,1,-0.209,0.132,in_circle
77.468,1,1681,0.01442,0.03972,0.0621,-0.0219,-0.08340,-0.00989,0.04038,1,1,-0.243,0.134,in_circle
77.512,1,1682,0.01633,0.03899,0.0443,-0.0170,-0.08104,-0.05680,0.04087,1,1,-0.290,0.056,in_circle
77.555,1,1683,0.01713,0.04015,0.0182,0.0265,-0.06809,-0.08122,0.04228,1,1,-0.225,0.036,in_circle
77.601,1,1684,0.01679,0.04143,-0.0074,0.0279,-0.03840,-0.07282,0.04312,1,1,-0.125,-0.142,in_circle
77.648,1,1685,0.01452,0.04255,-0.0479,0.0237,0.00354,-0.04323,0.04282,1,1,-0.027,-0.153,in_circle
77.688,1,1686,0.01133,0.04377,-0.0800,0.0306,0.03746,0.01118,0.04234,1,1,0.136,-0.141,in_circle
77.732,1,1687,0.00768,0.04366,-0.0840,-0.0026,0.04708,0.06567,0.04071,1,1,0.271,-0.173,in_circle
77.776,1,1688,0.00498,0.04346,-0.0607,-0.0044,0.04049,0.11186,0.03958,1,1,0.302,-0.041,in_circle
77.819,1,1689,0.00294,0.04249,-0.0481,-0.0229,0.02562,0.14983,0.03804,1,1,0.218,-0.034,in_circle
77.864,1,1690,0.00270,0.04115,-0.0054,-0.0297,-0.00995,0.17383,0.03668,1,1,0.172,0.041,in_circle
77.907,1,1691,0.00312,0.03966,0.0099,-0.0348,-0.04912,0.16286,0.03539,1,1,0.001,0.070,in_circle
77.953,1,1692,0.00463,0.03798,0.0329,-0.0365,-0.07463,0.11351,0.03432,1,1,-0.061,0.093,in_circle
77.997,1,1693,0.00802,0.03793,0.0767,-0.0012,-0.08226,0.04798,0.03564,1,1,-0.158,0.102,in_circle
78.039,1,1694,0.01118,0.03831,0.0742,0.0089,-0.07200,-0.00648,0.03747,1,1,-0.342,-0.040,in_circle
78.083,1,1695,0.01402,0.03921,0.0643,0.0204,-0.05145,-0.04321,0.03974,1,1,-0.340,-0.083,in_circle
78.128,1,1696,0.01569,0.04117,0.0372,0.0436,-0.01741,-0.06831,0.04229,1,1,-0.309,-0.133,in_circle
78.171,1,1697,0.01603,0.04205,0.0080,0.0206,0.02624,-0.08210,0.04321,1,1,-0.205,-0.232,in_circle
78.216,1,1698,0.01406,0.04288,-0.0433,0.0184,0.05411,-0.06366,0.04288,1,1,-0.094,-0.147,in_circle
78.259,1,1699,0.01160,0.04281,-0.0575,-0.0017,0.06269,-0.02101,0.04161,1,1,0.110,-0.142,in_circle
78.303,1,1700,0.00821,0.04245,-0.0774,-0.0082,0.03960,0.04844,0.03981,1,1,0.175,-0.063,in_circle
78.348,1,1701,0.00591,0.04111,-0.0519,-0.0302,0.00233,0.11262,0.03769,1,1,0.267,-0.034,in_circle
78.392,1,1702,0.00409,0.03888,-0.0406,-0.0499,-0.03449,0.15386,0.03496,1,1,0.171,0.056,in_circle
78.435,1,1703,0.00376,0.03797,-0.0078,-0.0214,-0.06122,0.16601,0.03399,1,1,0.130,0.138,in_circle
78.480,1,1704,0.00447,0.03676,0.0157,-0.0266,-0.08383,0.14826,0.03312,1,1,-0.001,0.025,in_circle
78.527,1,1705,0.00673,0.03619,0.0489,-0.0125,-0.08413,0.10448,0.03350,1,1,-0.098,0.048,in_circle
78.568,1,1706,0.00976,0.03765,0.0727,0.0350,-0.06043,0.04969,0.03619,1,1,-0.237,-0.009,in_circle
78.656,1,1707,0.01482,0.04030,0.0574,0.0301,0.00778,-0.03625,0.04109,1,1,-0.341,-0.205,in_circle
78.700,1,1708,0.01684,0.04119,0.0466,0.0204,0.01356,-0.06430,0.04296,1,1,-0.292,-0.194,in_circle
78.744,1,1709,0.01687,0.04072,0.0008,-0.0104,0.02801,-0.06921,0.04260,1,1,-0.254,-0.161,in_circle
78.787,1,1710,0.01612,0.04043,-0.0179,-0.0070,0.04174,-0.06299,0.04192,1,1,-0.077,-0.041,in_circle
78.830,1,1711,0.01428,0.03950,-0.0421,-0.0214,0.02153,-0.03231,0.04012,1,1,-0.002,-0.054,in_circle
78.876,1,1712,0.01229,0.03810,-0.0442,-0.0309,-0.00949,0.02709,0.03787,1,1,0.101,0.008,in_circle
78.919,1,1713,0.00972,0.03606,-0.0592,-0.0471,-0.04696,0.08492,0.03479,1,1,0.114,0.048,in_circle
78.963,1,1714,0.00770,0.03459,-0.0461,-0.0336,-0.07359,0.13167,0.03252,1,1,0.180,0.117,in_circle
79.007,1,1715,0.00689,0.03421,-0.0182,-0.0084,-0.07656,0.15752,0.03181,1,1,0.132,0.066,in_circle
79.054,1,1716,0.00731,0.03446,0.0092,0.0054,-0.07017,0.15507,0.03223,1,1,0.022,-0.035,in_circle
79.096,1,1717,0.00899,0.03571,0.0402,0.0299,-0.05099,0.12498,0.03413,1,1,-0.090,-0.092,in_circle
79.139,1,1718,0.01145,0.03767,0.0563,0.0448,-0.01085,0.08002,0.03706,1,1,-0.218,-0.195,in_circle
79.182,1,1719,0.01405,0.03897,0.0603,0.0302,0.02543,0.01717,0.03955,1,1,-0.290,-0.261,in_circle
79.229,1,1720,0.01748,0.04014,0.0745,0.0254,0.05942,-0.04241,0.04249,1,1,-0.313,-0.207,in_circle
79.273,1,1721,0.01909,0.03924,0.0365,-0.0205,0.07230,-0.08024,0.04275,1,1,-0.376,-0.194,in_circle
79.316,1,1722,0.01918,0.03745,0.0022,-0.0411,0.04862,-0.09024,0.04144,1,1,-0.233,-0.015,in_circle
79.360,1,1723,0.01824,0.03507,-0.0215,-0.0544,0.01924,-0.07227,0.03903,1,1,-0.099,0.073,in_circle
79.404,1,1724,0.01565,0.03316,-0.0585,-0.0431,-0.02251,-0.03675,0.03588,1,1,-0.001,0.135,in_circle
79.447,1,1725,0.01236,0.03090,-0.0763,-0.0523,-0.05931,0.01984,0.03204,1,1,0.152,0.094,in_circle
79.492,1,1726,0.00858,0.02893,-0.0846,-0.0442,-0.08761,0.07260,0.02818,1,1,0.230,0.135,in_circle
79.535,1,1727,0.00575,0.02846,-0.0655,-0.0108,-0.08553,0.12001,0.02623,1,1,0.273,0.107,in_circle
79.579,1,1728,0.00390,0.02819,-0.0420,-0.0063,-0.06714,0.15558,0.02508,1,1,0.203,-0.027,in_circle
79.624,1,1729,0.00311,0.02916,-0.0176,0.0217,-0.04252,0.16851,0.02560,1,1,0.113,-0.045,in_circle
79.670,1,1730,0.00428,0.03001,0.0254,0.0186,0.00158,0.15207,0.02688,1,1,0.017,-0.161,in_circle
79.712,1,1731,0.00682,0.03122,0.0599,0.0286,0.03257,0.09772,0.02915,1,1,-0.159,-0.151,in_circle
79.756,1,1732,0.00934,0.03227,0.0580,0.0241,0.05273,0.03729,0.03137,1,1,-0.304,-0.195,in_circle
79.799,1,1733,0.01199,0.03125,0.0616,-0.0238,0.05071,-0.01553,0.03208,1,1,-0.303,-0.181,in_circle
79.843,1,1734,0.01420,0.03003,0.0500,-0.0276,0.03465,-0.05134,0.03258,1,1,-0.325,0.012,in_circle
79.888,1,1735,0.01492,0.02869,0.0158,-0.0296,0.00921,-0.07423,0.03210,1,1,-0.285,0.029,in_circle
79.932,1,1736,0.01437,0.02568,-0.0125,-0.0691,-0.03260,-0.07369,0.02965,1,1,-0.151,0.039,in_circle
79.977,1,1737,0.01329,0.02385,-0.0240,-0.0406,-0.06617,-0.04770,0.02763,1,1,-0.038,0.204,in_circle
80.019,1,1738,0.01090,0.02363,-0.0565,-0.0052,-0.07864,0.00350,0.02570,1,1,0.010,0.094,in_circle
80.062,1,1739,0.00910,0.02290,-0.0421,-0.0169,-0.08750,0.06920,0.02390,1,1,0.145,-0.048,in_circle
80.108,1,1740,0.00699,0.02326,-0.0458,0.0077,-0.07340,0.12728,0.02273,1,1,0.092,-0.000,in_circle
80.153,1,1741,0.00652,0.02466,-0.0104,0.0311,-0.02502,0.16791,0.02352,1,1,0.111,-0.100,in_circle
80.197,1,1742,0.00711,0.02615,0.0135,0.0342,0.00879,0.16912,0.02506,1,1,-0.030,-0.198,in_circle
80.239,1,1743,0.00861,0.02749,0.0356,0.0319,0.03332,0.13546,0.02704,1,1,-0.128,-0.215,in_circle
80.285,1,1744,0.01134,0.02782,0.0593,0.0073,0.05610,0.08402,0.02903,1,1,-0.221,-0.210,in_circle
80.328,1,1745,0.01436,0.02794,0.0705,0.0026,0.05077,0.03338,0.03118,1,1,-0.323,-0.113,in_circle
80.372,1,1746,0.01786,0.02645,0.0794,-0.0338,0.03496,-0.01343,0.03281,1,1,-0.377,-0.096,in_circle
80.416,1,1747,0.02033,0.02518,0.0563,-0.0291,0.00697,-0.05606,0.03404,1,1,-0.422,0.052,in_circle
80.460,1,1748,0.02155,0.02393,0.0280,-0.0285,-0.03615,-0.09312,0.03439,1,1,-0.337,0.036,in_circle
80.504,1,1749,0.02126,0.02249,-0.0066,-0.0326,-0.07144,-0.09752,0.03342,1,1,-0.228,0.036,in_circle
80.549,1,1750,0.02087,0.02174,-0.0086,-0.0164,-0.07984,-0.07103,0.03270,1,1,-0.090,0.055,in_circle
80.591,1,1751,0.01906,0.02132,-0.0431,-0.0099,-0.06921,-0.01219,0.03093,1,1,-0.083,-0.009,in_circle
80.681,1,1752,0.01471,0.02203,-0.0487,0.0079,-0.02249,0.11316,0.02763,1,1,0.057,-0.035,in_circle
80.724,1,1753,0.01372,0.02339,-0.0231,0.0317,-0.00914,0.13063,0.02767,1,1,0.090,-0.109,in_circle
80.768,1,1754,0.01341,0.02446,-0.0069,0.0240,-0.00114,0.11781,0.02812,1,1,-0.011,-0.208,in_circle
80.812,1,1755,0.01449,0.02541,0.0248,0.0218,0.03712,0.11515,0.02956,1,1,-0.076,-0.180,in_circle
80.856,1,1756,0.01626,0.02592,0.0397,0.0115,0.04434,0.10967,0.03124,1,1,-0.206,-0.175,in_circle
80.899,1,1757,0.01912,0.02599,0.0668,0.0016,0.03130,0.07473,0.03353,1,1,-0.272,-0.136,in_circle
80.944,1,1758,0.02149,0.02519,0.0526,-0.0177,0.02151,-0.00097,0.03502,1,1,-0.388,-0.097,in_circle
80.988,1,1759,0.02392,0.02467,0.0553,-0.0117,-0.01357,-0.06826,0.03681,1,1,-0.339,-0.019,in_circle
81.031,1,1760,0.02430,0.02421,0.0089,-0.0108,-0.04629,-0.11776,0.03691,1,1,-0.357,-0.043,in_circle
81.076,1,1761,0.02273,0.02342,-0.0350,-0.0176,-0.06290,-0.12599,0.03515,1,1,-0.174,-0.046,in_circle
81.119,1,1762,0.01934,0.02348,-0.0793,0.0015,-0.06335,-0.08834,0.03229,1,1,0.004,-0.017,in_circle
81.163,1,1763,0.01464,0.02387,-0.1057,0.0087,-0.05264,-0.02517,0.02869,1,1,0.189,-0.095,in_circle
81.208,1,1764,0.00927,0.02509,-0.1195,0.0271,-0.03261,0.03711,0.02561,1,1,0.305,-0.125,in_circle
81.251,1,1765,0.00416,0.02662,-0.1178,0.0354,0.00215,0.09027,0.02384,1,1,0.373,-0.203,in_circle
81.296,1,1766,-0.00016,0.02741,-0.0977,0.0178,0.03894,0.12621,0.02273,1,1,0.379,-0.241,in_circle
81.342,1,1767,-0.00384,0.02796,-0.0799,0.0119,0.05222,0.14986,0.02231,1,1,0.308,-0.173,in_circle
81.385,1,1768,-0.00579,0.02794,-0.0454,-0.0004,0.05523,0.15584,0.02203,1,1,0.246,-0.152,in_circle
81.427,1,1769,-0.00687,0.02656,-0.0260,-0.0331,0.03274,0.14048,0.02058,1,1,0.113,-0.104,in_circle
81.471,1,1770,-0.00644,0.02608,0.0098,-0.0108,-0.00604,0.09058,0.02013,1,1,0.038,0.030,in_circle
81.516,1,1771,-0.00556,0.02502,0.0197,-0.0239,-0.04100,0.02857,0.01915,1,1,-0.106,-0.059,in_circle
81.560,1,1772,-0.00515,0.02403,0.0092,-0.0221,-0.07298,-0.02768,0.01823,1,1,-0.148,-0.005,in_circle
81.604,1,1773,-0.00494,0.02429,0.0049,0.0058,-0.06975,-0.06571,0.01851,1,1,-0.107,-0.010,in_circle
81.649,1,1774,-0.00664,0.02406,-0.0372,-0.0050,-0.04921,-0.08126,0.01810,1,1,-0.090,-0.124,in_circle
81.693,1,1775,-0.00965,0.02494,-0.0684,0.0200,-0.03461,-0.06583,0.01903,1,1,0.082,-0.080,in_circle
81.735,1,1776,-0.01368,0.02581,-0.0966,0.0207,0.00677,-0.01379,0.02066,1,1,0.214,-0.184,in_circle
81.782,1,1777,-0.01768,0.02599,-0.0846,0.0039,0.03014,0.04673,0.02230,1,1,0.338,-0.190,in_circle
81.824,1,1778,-0.02204,0.02622,-0.1037,0.0055,0.03389,0.10723,0.02473,1,1,0.300,-0.124,in_circle
81.867,1,1779,-0.02518,0.02593,-0.0730,-0.0068,0.03927,0.15572,0.02644,1,1,0.388,-0.131,in_circle
81.913,1,1780,-0.02727,0.02556,-0.0454,-0.0080,0.01645,0.17582,0.02760,1,1,0.274,-0.082,in_circle
81.956,1,1781,-0.02760,0.02465,-0.0076,-0.0212,-0.00924,0.16242,0.02720,1,1,0.169,-0.077,in_circle
81.999,1,1782,-0.02647,0.02402,0.0261,-0.0145,-0.03604,0.12670,0.02595,1,1,0.020,-0.023,in_circle
82.044,1,1783,-0.02430,0.02356,0.0484,-0.0102,-0.05787,0.07386,0.02410,1,1,-0.117,-0.049,in_circle
82.088,1,1784,-0.02165,0.02446,0.0607,0.0206,-0.06023,0.02047,0.02308,1,1,-0.211,-0.066,in_circle
82.131,1,1785,-0.01916,0.02636,0.0573,0.0436,-0.05103,-0.02518,0.02331,1,1,-0.266,-0.192,in_circle
82.176,1,1786,-0.01835,0.02786,0.0182,0.0336,-0.02685,-0.06075,0.02427,1,1,-0.258,-0.290,in_circle
82.220,1,1787,-0.01811,0.02984,0.0054,0.0450,0.01497,-0.08270,0.02597,1,1,-0.103,-0.255,in_circle
82.263,1,1788,-0.01919,0.03129,-0.0247,0.0334,0.05036,-0.07025,0.02774,1,1,-0.052,-0.306,in_circle
82.308,1,1789,-0.02158,0.03182,-0.0536,0.0118,0.05629,-0.02983,0.02927,1,1,0.071,-0.265,in_circle
82.352,1,1790,-0.02442,0.03222,-0.0651,0.0092,0.04979,0.03740,0.03105,1,1,0.194,-0.181,in_circle
82.396,1,1791,-0.02720,0.03145,-0.0628,-0.0174,0.03083,0.10056,0.03200,1,1,0.247,-0.173,in_circle
82.440,1,1792,-0.02958,0.03032,-0.0535,-0.0254,-0.01234,0.14587,0.03265,1,1,0.246,-0.065,in_circle
82.484,1,1793,-0.03060,0.02898,-0.0234,-0.0307,-0.04444,0.16010,0.03237,1,1,0.216,-0.031,in_circle
82.529,1,1794,-0.03012,0.02845,0.0107,-0.0118,-0.06386,0.15194,0.03166,1,1,0.099,-0.008,in_circle
82.572,1,1795,-0.02836,0.02834,0.0404,-0.0025,-0.07558,0.11693,0.03036,1,1,-0.038,-0.083,in_circle
82.615,1,1796,-0.02611,0.02915,0.0525,0.0188,-0.06232,0.06823,0.02951,1,1,-0.160,-0.121,in_circle
82.705,1,1797,-0.02079,0.03159,0.0595,0.0273,0.00683,-0.03796,0.02870,1,1,-0.212,-0.211,in_circle
82.748,1,1798,-0.01889,0.03292,0.0438,0.0306,0.01427,-0.06991,0.02912,1,1,-0.253,-0.252,in_circle
82.792,1,1799,-0.01842,0.03392,0.0106,0.0224,0.02357,-0.06691,0.02987,1,1,-0.195,-0.270,in_circle
82.837,1,1800,-0.01931,0.03404,-0.0200,0.0028,0.04974,-0.05713,0.03031,1,1,-0.063,-0.240,in_circle
82.881,1,1801,-0.02203,0.03278,-0.0621,-0.0288,0.03458,-0.02688,0.03033,1,1,0.063,-0.164,in_circle
82.924,1,1802,-0.02490,0.03163,-0.0669,-0.0268,0.02143,0.03579,0.03081,1,1,0.238,-0.035,in_circle
82.969,1,1803,-0.02796,0.03044,-0.0678,-0.0265,-0.00530,0.09192,0.03168,1,1,0.266,-0.041,in_circle
83.013,1,1804,-0.02998,0.02942,-0.0461,-0.0231,-0.04961,0.13507,0.03226,1,1,0.278,-0.041,in_circle
83.055,1,1805,-0.03121,0.02869,-0.0289,-0.0173,-0.07323,0.16139,0.03260,1,1,0.197,-0.053,in_circle
83.099,1,1806,-0.03068,0.02859,0.0122,-0.0023,-0.06581,0.16146,0.03215,1,1,0.132,-0.075,in_circle
83.144,1,1807,-0.02889,0.02952,0.0396,0.0207,-0.04882,0.13159,0.03159,1,1,-0.033,-0.136,in_circle
83.187,1,1808,-0.02605,0.03102,0.0651,0.0343,-0.02187,0.08389,0.03097,1,1,-0.146,-0.231,in_circle
83.233,1,1809,-0.02307,0.03255,0.0654,0.0336,0.02567,0.01779,0.03063,1,1,-0.254,-0.291,in_circle
83.275,1,1810,-0.01964,0.03375,0.0821,0.0287,0.05678,-0.04223,0.03017,1,1,-0.262,-0.293,in_circle
83.320,1,1811,-0.01781,0.03379,0.0404,0.0008,0.07251,-0.07789,0.02954,1,1,-0.337,-0.277,in_circle
83.364,1,1812,-0.01793,0.03316,-0.0026,-0.0143,0.06110,-0.08902,0.02898,1,1,-0.174,-0.167,in_circle
83.409,1,1813,-0.01886,0.03100,-0.0210,-0.0485,0.03366,-0.07052,0.02734,1,1,-0.002,-0.106,in_circle
83.456,1,1814,-0.02120,0.02812,-0.0500,-0.0617,-0.00344,-0.03018,0.02586,1,1,0.075,0.035,in_circle
83.509,1,1815,-0.02421,0.02605,-0.0563,-0.0387,-0.03989,0.02378,0.02591,1,1,0.198,0.094,in_circle
83.584,1,1816,-0.02958,0.02284,-0.0716,-0.0427,-0.08657,0.11322,0.02753,1,1,0.231,0.006,in_circle
83.628,1,1817,-0.03098,0.02274,-0.0319,-0.0024,-0.07597,0.13758,0.02859,1,1,0.307,0.029,in_circle
83.673,1,1818,-0.03129,0.02342,-0.0070,0.0153,-0.06159,0.15296,0.02925,1,1,0.153,-0.133,in_circle
83.717,1,1819,-0.03052,0.02464,0.0175,0.0276,-0.04461,0.14890,0.02939,1,1,0.055,-0.206,in_circle
83.761,1,1820,-0.02815,0.02620,0.0538,0.0355,0.00131,0.12179,0.02868,1,1,-0.043,-0.259,in_circle
83.806,1,1821,-0.02465,0.02744,0.0769,0.0271,0.04078,0.07194,0.02727,1,1,-0.194,-0.296,in_circle
83.850,1,1822,-0.02186,0.02856,0.0644,0.0259,0.06128,0.01601,0.02658,1,1,-0.294,-0.266,in_circle
83.893,1,1823,-0.01764,0.02816,0.0973,-0.0092,0.06783,-0.03221,0.02425,1,1,-0.251,-0.265,in_circle
83.937,1,1824,-0.01564,0.02712,0.0453,-0.0236,0.04962,-0.06690,0.02253,1,1,-0.392,-0.125,in_circle
83.980,1,1825,-0.01466,0.02530,0.0227,-0.0420,0.01923,-0.08432,0.02048,1,1,-0.189,-0.066,in_circle
84.024,1,1826,-0.01626,0.02387,-0.0366,-0.0326,-0.01777,-0.07456,0.01977,1,1,-0.101,0.012,in_circle
84.067,1,1827,-0.01786,0.02224,-0.0374,-0.0381,-0.05636,-0.05282,0.01910,1,1,0.141,-0.023,in_circle
84.113,1,1828,-0.02005,0.02147,-0.0472,-0.0165,-0.07832,0.00606,0.01974,1,1,0.148,0.002,in_circle
84.155,1,1829,-0.02266,0.02120,-0.0625,-0.0065,-0.07657,0.06826,0.02126,1,1,0.194,-0.083,in_circle
84.200,1,1830,-0.02575,0.02164,-0.0693,0.0098,-0.05716,0.12213,0.02381,1,1,0.262,-0.123,in_circle
84.243,1,1831,-0.02749,0.02230,-0.0400,0.0151,-0.02929,0.15242,0.02556,1,1,0.298,-0.190,in_circle
84.287,1,1832,-0.02796,0.02319,-0.0106,0.0202,0.01426,0.16251,0.02650,1,1,0.186,-0.213,in_circle
84.332,1,1833,-0.02661,0.02420,0.0306,0.0228,0.04792,0.15090,0.02617,1,1,0.070,-0.237,in_circle
84.376,1,1834,-0.02371,0.02546,0.0649,0.0281,0.05637,0.11882,0.02513,1,1,-0.097,-0.250,in_circle
84.419,1,1835,-0.02049,0.02578,0.0750,0.0076,0.04940,0.07218,0.02351,1,1,-0.241,-0.276,in_circle
84.463,1,1836,-0.01728,0.02361,0.0735,-0.0496,0.03342,0.00752,0.02000,1,1,-0.289,-0.195,in_circle
84.509,1,1837,-0.01402,0.02269,0.0716,-0.0204,0.00817,-0.05243,0.01781,1,1,-0.290,0.038,in_circle
84.553,1,1838,-0.01220,0.02132,0.0413,-0.0309,-0.02716,-0.08809,0.01594,1,1,-0.290,-0.077,in_circle
84.598,1,1839,-0.01161,0.02041,0.0130,-0.0201,-0.06275,-0.09326,0.01491,1,1,-0.174,-0.032,in_circle
84.641,1,1840,-0.01244,0.02017,-0.0195,-0.0055,-0.06319,-0.06174,0.01492,1,1,-0.062,-0.074,in_circle
84.729,1,1841,-0.01690,0.02128,-0.0506,0.0125,-0.03806,0.04539,0.01778,1,1,0.071,-0.133,in_circle
84.773,1,1842,-0.01952,0.02254,-0.0595,0.0286,-0.02792,0.08330,0.02027,1,1,0.207,-0.208,in_circle
84.817,1,1843,-0.02189,0.02454,-0.0531,0.0450,-0.00676,0.08597,0.02329,1,1,0.249,-0.277,in_circle
84.860,1,1844,-0.02334,0.02498,-0.0343,0.0103,0.04038,0.09521,0.02453,1,1,0.230,-0.348,in_circle
84.905,1,1845,-0.02363,0.02558,-0.0064,0.0132,0.06342,0.10946,0.02518,1,1,0.159,-0.211,in_circle
84.947,1,1846,-0.02348,0.02537,0.0035,-0.0049,0.06233,0.11224,0.02493,1,1,0.049,-0.225,in_circle
84.992,1,1847,-0.02239,0.02459,0.0242,-0.0174,0.04230,0.09826,0.02363,1,1,0.010,-0.153,in_circle
85.036,1,1848,-0.02136,0.02288,0.0232,-0.0385,0.00025,0.06436,0.02165,1,1,-0.075,-0.102,in_circle
85.081,1,1849,-0.01962,0.02236,0.0394,-0.0117,-0.03419,0.01381,0.02018,1,1,-0.073,-0.014,in_circle
85.125,1,1850,-0.01836,0.02099,0.0284,-0.0310,-0.06157,-0.03459,0.01834,1,1,-0.142,-0.121,in_circle
85.169,1,1851,-0.01822,0.02045,0.0031,-0.0124,-0.07386,-0.06796,0.01781,1,1,-0.100,-0.041,in_circle
85.212,1,1852,-0.01870,0.02081,-0.0110,0.0083,-0.05954,-0.07493,0.01839,1,1,0.001,-0.114,in_circle
85.256,1,1853,-0.02087,0.02231,-0.0497,0.0344,-0.03253,-0.04340,0.02090,1,1,0.059,-0.199,in_circle
85.300,1,1854,-0.02274,0.02279,-0.0426,0.0109,-0.00738,0.00583,0.02248,1,1,0.220,-0.308,in_circle
85.344,1,1855,-0.02624,0.02377,-0.0793,0.0223,0.03655,0.07490,0.02561,1,1,0.197,-0.215,in_circle
85.387,1,1856,-0.02896,0.02481,-0.0636,0.0243,0.06609,0.13172,0.02831,1,1,0.353,-0.264,in_circle
85.431,1,1857,-0.03055,0.02481,-0.0362,0.0001,0.05492,0.16563,0.02952,1,1,0.298,-0.276,in_circle
85.478,1,1858,-0.03014,0.02358,0.0088,-0.0261,0.04283,0.16999,0.02843,1,1,0.193,-0.180,in_circle
85.519,1,1859,-0.02822,0.02203,0.0462,-0.0375,0.01730,0.14734,0.02596,1,1,0.013,-0.073,in_circle
85.563,1,1860,-0.02524,0.02075,0.0677,-0.0290,-0.02582,0.10509,0.02285,1,1,-0.140,-0.024,in_circle
85.608,1,1861,-0.02127,0.02008,0.0895,-0.0153,-0.05986,0.05049,0.01948,1,1,-0.233,-0.055,in_circle
85.653,1,1862,-0.01792,0.02011,0.0743,0.0008,-0.07619,-0.00164,0.01737,1,1,-0.329,-0.109,in_circle
85.696,1,1863,-0.01469,0.02000,0.0744,-0.0025,-0.06659,-0.04904,0.01561,1,1,-0.277,-0.174,in_circle
85.740,1,1864,-0.01273,0.02128,0.0448,0.0292,-0.03666,-0.09013,0.01606,1,1,-0.285,-0.162,in_circle
85.783,1,1865,-0.01131,0.02270,0.0328,0.0328,0.00436,-0.09153,0.01706,1,1,-0.171,-0.292,in_circle
85.828,1,1866,-0.01181,0.02307,-0.0111,0.0083,0.03649,-0.05947,0.01754,1,1,-0.126,-0.311,in_circle
85.872,1,1867,-0.01382,0.02345,-0.0459,0.0085,0.06444,-0.00032,0.01846,1,1,0.051,-0.214,in_circle
85.916,1,1868,-0.01638,0.02327,-0.0581,-0.0040,0.06471,0.06855,0.01928,1,1,0.195,-0.217,in_circle
85.961,1,1869,-0.01786,0.02272,-0.0331,-0.0122,0.03607,0.11838,0.01952,1,1,0.251,-0.167,in_circle
86.006,1,1870,-0.01884,0.02138,-0.0217,-0.0296,0.00354,0.14703,0.01893,1,1,0.155,-0.134,in_circle
86.049,1,1871,-0.01838,0.01966,0.0108,-0.0403,-0.02989,0.15588,0.01727,1,1,0.112,-0.062,in_circle
86.091,1,1872,-0.01611,0.01772,0.0539,-0.0461,-0.05763,0.14058,0.01436,1,1,-0.019,-0.015,in_circle
86.138,1,1873,-0.01353,0.01721,0.0551,-0.0108,-0.06973,0.09910,0.01259,1,1,-0.196,0.013,in_circle
86.180,1,1874,-0.00948,0.01735,0.0963,0.0033,-0.06399,0.04072,0.01147,1,1,-0.207,-0.128,in_circle
86.224,1,1875,-0.00671,0.01809,0.0631,0.0170,-0.05233,-0.02127,0.01214,1,1,-0.382,-0.185,in_circle
86.268,1,1876,-0.00405,0.01920,0.0605,0.0251,-0.02069,-0.06823,0.01372,1,1,-0.256,-0.242,in_circle
86.312,1,1877,-0.00228,0.02098,0.0399,0.0401,0.02526,-0.09103,0.01596,1,1,-0.253,-0.278,in_circle
86.355,1,1878,-0.00293,0.02247,-0.0151,0.0345,0.05913,-0.08978,0.01718,1,1,-0.175,-0.343,in_circle
86.399,1,1879,-0.00486,0.02287,-0.0441,0.0091,0.06522,-0.04140,0.01712,1,1,0.047,-0.325,in_circle
86.445,1,1880,-0.00718,0.02231,-0.0509,-0.0123,0.05788,0.02862,0.01632,1,1,0.167,-0.225,in_circle
86.488,1,1881,-0.00920,0.02000,-0.0462,-0.0527,0.03857,0.09432,0.01407,1,1,0.200,-0.139,in_circle
86.533,1,1882,-0.01169,0.01819,-0.0564,-0.0412,-0.00151,0.13162,0.01279,1,1,0.187,0.028,in_circle
86.576,1,1883,-0.01268,0.01616,-0.0226,-0.0466,-0.03675,0.14916,0.01127,1,1,0.234,-0.014,in_circle
86.619,1,1884,-0.01273,0.01460,-0.0011,-0.0362,-0.06536,0.14289,0.00991,1,1,0.101,0.012,in_circle
86.665,1,1885,-0.01135,0.01415,0.0299,-0.0097,-0.07103,0.11351,0.00889,1,1,0.016,-0.026,in_circle
86.752,1,1886,-0.00617,0.01474,0.0598,0.0068,-0.03790,0.01758,0.00889,1,1,-0.112,-0.132,in_circle
86.797,1,1887,-0.00402,0.01638,0.0479,0.0365,-0.03005,-0.02258,0.01105,1,1,-0.244,-0.200,in_circle
86.842,1,1888,-0.00215,0.01768,0.0420,0.0293,-0.00754,-0.03245,0.01298,1,1,-0.202,-0.323,in_circle
86.884,1,1889,-0.00112,0.01814,0.0243,0.0108,0.03538,-0.03345,0.01386,1,1,-0.183,-0.298,in_circle
86.928,1,1890,-0.00175,0.01884,-0.0145,0.0160,0.06236,-0.03182,0.01419,1,1,-0.116,-0.225,in_circle
86.974,1,1891,-0.00369,0.01848,-0.0418,-0.0079,0.06137,-0.01530,0.01314,1,1,0.041,-0.249,in_circle
87.018,1,1892,-0.00602,0.01723,-0.0532,-0.0283,0.04163,0.02733,0.01137,1,1,0.155,-0.153,in_circle
87.059,1,1893,-0.00799,0.01535,-0.0480,-0.0461,0.00540,0.07949,0.00935,1,1,0.206,-0.069,in_circle
87.104,1,1894,-0.00936,0.01397,-0.0306,-0.0307,-0.02625,0.12770,0.00812,1,1,0.190,0.007,in_circle
87.147,1,1895,-0.00910,0.01209,0.0060,-0.0430,-0.05781,0.16228,0.00623,1,1,0.124,-0.052,in_circle
87.192,1,1896,-0.00727,0.01158,0.0410,-0.0115,-0.08124,0.17265,0.00560,1,1,-0.023,0.002,in_circle
87.237,1,1897,-0.00437,0.01148,0.0651,-0.0022,-0.06707,0.14277,0.00647,1,1,-0.167,-0.123,in_circle
87.280,1,1898,0.00009,0.01171,0.1030,0.0053,-0.05081,0.08249,0.00974,1,1,-0.271,-0.160,in_circle
87.326,1,1899,0.00473,0.01239,0.1009,0.0148,-0.02394,0.01613,0.01406,1,1,-0.434,-0.191,in_circle
87.370,1,1900,0.00815,0.01371,0.0770,0.0297,0.02268,-0.02746,0.01771,1,1,-0.438,-0.231,in_circle
87.413,1,1901,0.01292,0.01367,0.1122,-0.0008,0.05440,-0.05294,0.02209,1,1,-0.352,-0.294,in_circle
87.456,1,1902,0.01442,0.01443,0.0346,0.0173,0.06122,-0.07085,0.02377,1,1,-0.505,-0.172,in_circle
87.501,1,1903,0.01468,0.01318,0.0059,-0.0282,0.05794,-0.06683,0.02360,1,1,-0.200,-0.247,in_circle
87.544,1,1904,0.01505,0.01255,0.0083,-0.0144,0.03173,-0.04253,0.02377,1,1,-0.086,-0.062,in_circle
87.588,1,1905,0.01444,0.00955,-0.0140,-0.0688,-0.00471,-0.01177,0.02252,1,1,-0.098,-0.116,in_circle
87.634,1,1906,0.01249,0.00769,-0.0427,-0.0409,-0.02958,0.04180,0.02036,1,1,-0.008,0.109,in_circle
87.675,1,1907,0.01135,0.00572,-0.0274,-0.0471,-0.05071,0.09872,0.01915,1,1,0.111,0.002,in_circle
87.720,1,1908,0.01115,0.00408,-0.0045,-0.0363,-0.07705,0.14267,0.01904,1,1,0.051,0.032,in_circle
87.765,1,1909,0.01235,0.00350,0.0270,-0.0130,-0.07249,0.15816,0.02030,1,1,-0.041,-0.007,in_circle
87.809,1,1910,0.01397,0.00341,0.0369,-0.0020,-0.04812,0.14566,0.02192,1,1,-0.170,-0.099,in_circle
87.853,1,1911,0.01606,0.00401,0.0480,0.0136,-0.02357,0.10269,0.02395,1,1,-0.215,-0.143,in_circle
87.895,1,1912,0.01992,0.00454,0.0905,0.0123,0.01273,0.04969,0.02776,1,1,-0.266,-0.207,in_circle
87.941,1,1913,0.02439,0.00471,0.0979,0.0038,0.04891,-0.00366,0.03222,1,1,-0.447,-0.203,in_circle
87.984,1,1914,0.02730,0.00378,0.0674,-0.0216,0.05488,-0.04841,0.03517,1,1,-0.489,-0.169,in_circle
88.029,1,1915,0.02993,0.00187,0.0579,-0.0421,0.05024,-0.09250,0.03795,1,1,-0.376,-0.065,in_circle
88.074,1,1916,0.03052,-0.00058,0.0133,-0.0552,0.02297,-0.11440,0.03888,1,1,-0.346,0.022,in_circle
88.116,1,1917,0.02962,-0.00297,-0.0210,-0.0561,-0.01783,-0.09894,0.03849,1,1,-0.171,0.081,in_circle
88.160,1,1918,0.02612,-0.00583,-0.0797,-0.0648,-0.05321,-0.05024,0.03592,1,1,-0.033,0.091,in_circle
88.204,1,1919,0.02248,-0.00846,-0.0831,-0.0601,-0.07987,0.02357,0.03355,1,1,0.209,0.133,in_circle
88.249,1,1920,0.01858,-0.01023,-0.0873,-0.0397,-0.08715,0.09262,0.03097,1,1,0.231,0.121,in_circle
88.292,1,1921,0.01551,-0.01071,-0.0709,-0.0109,-0.07647,0.13291,0.02868,1,1,0.256,0.045,in_circle
88.338,1,1922,0.01293,-0.01015,-0.0556,0.0120,-0.05542,0.15045,0.02627,1,1,0.197,-0.068,in_circle
88.381,1,1923,0.01230,-0.00828,-0.0150,0.0442,-0.01669,0.14637,0.02466,1,1,0.141,-0.161,in_circle
88.424,1,1924,0.01297,-0.00771,0.0156,0.0133,0.02387,0.12377,0.02489,1,1,-0.020,-0.293,in_circle
88.469,1,1925,0.01558,-0.00677,0.0574,0.0206,0.05262,0.08136,0.02665,1,1,-0.145,-0.171,in_circle
88.513,1,1926,0.01895,-0.00721,0.0769,-0.0101,0.07439,0.01743,0.02984,1,1,-0.320,-0.201,in_circle
88.556,1,1927,0.02080,-0.00955,0.0432,-0.0545,0.05084,-0.04340,0.03255,1,1,-0.408,-0.077,in_circle
88.599,1,1928,0.02183,-0.01118,0.0239,-0.0380,0.02103,-0.08808,0.03425,1,1,-0.279,0.107,in_circle
88.646,1,1929,0.02087,-0.01303,-0.0202,-0.0393,-0.01015,-0.10886,0.03442,1,1,-0.205,0.046,in_circle
88.687,1,1930,0.01778,-0.01453,-0.0747,-0.0361,-0.04296,-0.09487,0.03280,1,1,-0.028,0.057,in_circle
88.776,1,1931,0.00530,-0.01764,-0.1415,-0.0353,-0.06678,0.02717,0.02703,1,1,0.195,0.049,in_circle
88.821,1,1932,-0.00094,-0.01832,-0.1386,-0.0150,-0.06601,0.07192,0.02527,1,1,0.493,0.055,in_circle
88.865,1,1933,-0.00673,-0.01828,-0.1308,0.0009,-0.06253,0.07123,0.02430,1,1,0.497,-0.023,in_circle
88.909,1,1934,-0.01264,-0.01675,-0.1354,0.0350,-0.04063,0.08225,0.02326,1,1,0.480,-0.086,in_circle
88.954,1,1935,-0.01763,-0.01646,-0.1105,0.0065,-0.00571,0.11818,0.02452,1,1,0.514,-0.225,in_circle
88.995,1,1936,-0.02165,-0.01632,-0.0967,0.0033,0.03661,0.14627,0.02627,1,1,0.427,-0.111,in_circle
89.040,1,1937,-0.02364,-0.01640,-0.0442,-0.0019,0.06255,0.15478,0.02744,1,1,0.382,-0.098,in_circle
89.084,1,1938,-0.02459,-0.01714,-0.0216,-0.0167,0.05254,0.13599,0.02859,1,1,0.178,-0.076,in_circle
89.128,1,1939,-0.02495,-0.01893,-0.0082,-0.0411,0.02163,0.10869,0.03026,1,1,0.091,-0.014,in_circle
89.172,1,1940,-0.02450,-0.02119,0.0101,-0.0515,-0.00852,0.06151,0.03191,1,1,0.039,0.089,in_circle
89.216,1,1941,-0.02428,-0.02370,0.0051,-0.0567,-0.04679,-0.00136,0.03396,1,1,-0.035,0.138,in_circle
89.259,1,1942,-0.02359,-0.02603,0.0160,-0.0540,-0.08086,-0.05723,0.03571,1,1,-0.015,0.166,in_circle
89.304,1,1943,-0.02484,-0.02728,-0.0279,-0.0277,-0.09102,-0.08239,0.03739,1,1,-0.059,0.163,in_circle
89.351,1,1944,-0.02726,-0.02758,-0.0512,-0.0065,-0.08034,-0.07261,0.03881,1,1,0.120,0.062,in_circle
89.395,1,1945,-0.03101,-0.02637,-0.0852,0.0275,-0.06507,-0.02171,0.03983,1,1,0.220,-0.020,in_circle
89.437,1,1946,-0.03474,-0.02540,-0.0893,0.0232,-0.03289,0.04659,0.04137,1,1,0.367,-0.158,in_circle
89.482,1,1947,-0.03871,-0.02433,-0.0893,0.0241,0.00602,0.10408,0.04330,1,1,0.390,-0.138,in_circle
89.523,1,1948,-0.04240,-0.02287,-0.0881,0.0349,0.03950,0.14074,0.04506,1,1,0.398,-0.138,in_circle
89.570,1,1949,-0.04479,-0.02252,-0.0511,0.0076,0.05252,0.15982,0.04670,0,1,0.402,-0.178,running
89.614,1,1950,-0.04563,-0.02252,-0.0192,-0.0001,0.03755,0.15545,0.04738,0,1,0.269,-0.071,running
89.657,1,1951,-0.04536,-0.02361,0.0064,-0.0253,0.02399,0.13816,0.04783,0,1,0.155,-0.040,running
89.700,1,1952,-0.04431,-0.02458,0.0246,-0.0227,-0.00691,0.10398,0.04762,0,1,0.062,0.058,running
89.746,1,1953,-0.04253,-0.02576,0.0385,-0.0257,-0.04887,0.05025,0.04707,0,1,-0.007,0.052,running
89.788,1,1954,-0.04107,-0.02603,0.0347,-0.0064,-0.07418,-0.01021,0.04619,0,1,-0.064,0.068,running
89.832,1,1955,-0.04081,-0.02615,0.0059,-0.0027,-0.08094,-0.06429,0.04608,0,1,-0.055,-0.003,running
89.875,1,1956,-0.04141,-0.02513,-0.0138,0.0238,-0.06578,-0.08987,0.04581,0,1,0.053,-0.015,running
89.920,1,1957,-0.04385,-0.02352,-0.0546,0.0360,-0.04037,-0.07364,0.04659,0,1,0.130,-0.117,running
89.963,1,1958,-0.04699,-0.02152,-0.0725,0.0461,0.00028,-0.01995,0.04789,0,1,0.292,-0.164,running
90.009,1,1959,-0.05096,-0.02003,-0.0864,0.0325,0.03582,0.03873,0.05040,0,1,0.368,-0.202,running
90.052,1,1960,-0.05581,-0.01891,-0.1145,0.0263,0.05080,0.09048,0.05409,0,1,0.430,-0.148,running
90.096,1,1961,-0.05906,-0.01834,-0.0726,0.0129,0.04917,0.13569,0.05674,0,1,0.539,-0.120,running
90.140,1,1962,-0.06156,-0.01871,-0.0574,-0.0085,0.02821,0.16539,0.05916,0,1,0.407,-0.070,running
90.185,1,1963,-0.06281,-0.01963,-0.0279,-0.0206,-0.01107,0.17369,0.06069,0,1,0.368,0.006,running
90.229,1,1964,-0.06255,-0.02113,0.0059,-0.0338,-0.04705,0.15823,0.06110,0,1,0.282,0.050,running
90.273,1,1965,-0.06175,-0.02216,0.0183,-0.0237,-0.07292,0.11218,0.06086,0,1,0.177,0.098,running
90.315,1,1966,-0.06003,-0.02246,0.0409,-0.0071,-0.08342,0.04861,0.05948,0,1,0.137,0.071,running
90.361,1,1967,-0.05835,-0.02241,0.0368,0.0012,-0.07516,-0.00741,0.05799,0,1,0.056,0.019,running
90.406,1,1968,-0.05753,-0.02142,0.0181,0.0215,-0.05067,-0.04257,0.05679,0,1,0.059,-0.009,running
90.448,1,1969,-0.05815,-0.02044,-0.0149,0.0236,-0.01306,-0.04751,0.05687,0,1,0.116,-0.080,running
90.492,1,1970,-0.05894,-0.01984,-0.0178,0.0137,0.02346,-0.03225,0.05729,0,1,0.231,-0.089,running
90.536,1,1971,-0.06025,-0.01956,-0.0299,0.0063,0.04448,0.00732,0.05834,0,1,0.246,-0.056,running
90.580,1,1972,-0.06245,-0.01975,-0.0502,-0.0044,0.04532,0.05835,0.06041,0,1,0.294,-0.030,running
90.625,1,1973,-0.06408,-0.02054,-0.0362,-0.0175,0.02392,0.12285,0.06223,0,1,0.372,0.009,running
90.669,1,1974,-0.06560,-0.02224,-0.0346,-0.0388,-0.01531,0.17091,0.06433,0,1,0.338,0.056,running
90.714,1,1975,-0.06575,-0.02400,-0.0034,-0.0386,-0.04931,0.18261,0.06526,0,1,0.344,0.130,running
90.799,1,1976,-0.06144,-0.02671,0.0507,-0.0319,-0.08830,0.12258,0.06283,0,1,0.258,0.138,running
90.846,1,1977,-0.05770,-0.02680,0.0803,-0.0018,-0.08393,0.08231,0.05971,0,1,0.071,0.129,running
90.889,1,1978,-0.05397,-0.02621,0.0870,0.0137,-0.07672,0.06706,0.05629,0,1,-0.050,0.033,running
90.933,1,1979,-0.04970,-0.02527,0.0958,0.0211,-0.05239,0.05034,0.05228,0,1,-0.102,-0.025,running
90.977,1,1980,-0.04573,-0.02341,0.0917,0.0429,-0.01121,0.01399,0.04799,0,1,-0.168,-0.061,running
91.021,1,1981,-0.04181,-0.02216,0.0887,0.0283,0.02491,-0.03568,0.04416,1,1,-0.188,-0.156,in_circle
91.066,1,1982,-0.04036,-0.02108,0.0324,0.0242,0.04630,-0.06520,0.04235,1,1,-0.207,-0.114,in_circle
91.108,1,1983,-0.03873,-0.02125,0.0384,-0.0042,0.05365,-0.06812,0.04123,1,1,0.001,-0.105,in_circle
91.151,1,1984,-0.03890,-0.02156,-0.0038,-0.0072,0.03370,-0.03579,0.04156,1,1,-0.028,0.007,in_circle
91.196,1,1985,-0.04000,-0.02228,-0.0246,-0.0161,0.00193,0.00899,0.04286,1,1,0.141,0.021,in_circle
91.242,1,1986,-0.04132,-0.02363,-0.0285,-0.0291,-0.03780,0.05653,0.04473,1,1,0.228,0.060,in_circle
91.285,1,1987,-0.04320,-0.02409,-0.0436,-0.0107,-0.06888,0.10415,0.04646,0,1,0.249,0.116,running
91.329,1,1988,-0.04385,-0.02411,-0.0149,-0.0005,-0.07924,0.14062,0.04697,0,1,0.313,0.050,running
91.372,1,1989,-0.04405,-0.02320,-0.0047,0.0211,-0.07568,0.16543,0.04655,0,1,0.209,0.014,running
91.416,1,1990,-0.04226,-0.02256,0.0410,0.0148,-0.05310,0.16042,0.04475,1,1,0.173,-0.068,in_circle
91.460,1,1991,-0.03969,-0.02109,0.0580,0.0332,-0.01735,0.13726,0.04184,1,1,-0.007,-0.049,in_circle
91.504,1,1992,-0.03563,-0.01969,0.0930,0.0319,0.02299,0.08030,0.03788,1,1,-0.089,-0.130,in_circle
91.548,1,1993,-0.03163,-0.01883,0.0916,0.0196,0.03783,0.01327,0.03442,1,1,-0.245,-0.132,in_circle
91.592,1,1994,-0.02873,-0.01851,0.0660,0.0072,0.04256,-0.03462,0.03223,1,1,-0.249,-0.084,in_circle
91.638,1,1995,-0.02611,-0.01934,0.0569,-0.0180,0.03294,-0.06690,0.03127,1,1,-0.152,-0.034,in_circle
91.681,1,1996,-0.02449,-0.02104,0.0373,-0.0391,0.00152,-0.08104,0.03178,1,1,-0.122,0.070,in_circle
91.723,1,1997,-0.02363,-0.02196,0.0205,-0.0217,-0.03428,-0.06172,0.03213,1,1,-0.047,0.160,in_circle
91.771,1,1998,-0.02441,-0.02179,-0.0165,0.0035,-0.06978,-0.01267,0.03238,1,1,0.019,0.094,in_circle
91.813,1,1999,-0.02557,-0.02203,-0.0276,-0.0057,-0.09243,0.04668,0.03319,1,1,0.170,-0.006,in_circle
91.857,1,2000,-0.02590,-0.02171,-0.0073,0.0071,-0.08666,0.10594,0.03310,1,1,0.218,0.032,in_circle
91.901,1,2001,-0.02619,-0.02068,-0.0067,0.0238,-0.05124,0.15085,0.03240,1,1,0.138,-0.018,in_circle
91.946,1,2002,-0.02548,-0.01832,0.0157,0.0518,-0.01184,0.17638,0.03007,1,1,0.137,-0.087,in_circle
91.988,1,2003,-0.02346,-0.01726,0.0475,0.0252,0.01903,0.16500,0.02804,1,1,0.047,-0.203,in_circle
92.032,1,2004,-0.01991,-0.01654,0.0812,0.0164,0.04729,0.11307,0.02559,1,1,-0.085,-0.099,in_circle
92.077,1,2005,-0.01628,-0.01663,0.0814,-0.0020,0.05904,0.04568,0.02417,1,1,-0.228,-0.064,in_circle
92.120,1,2006,-0.01166,-0.01757,0.1058,-0.0215,0.03758,-0.00523,0.02388,1,1,-0.238,0.011,in_circle
92.164,1,2007,-0.00804,-0.01902,0.0834,-0.0335,0.00081,-0.03956,0.02502,1,1,-0.347,0.092,in_circle
92.208,1,2008,-0.00516,-0.02155,0.0659,-0.0578,-0.03181,-0.06589,0.02768,1,1,-0.266,0.145,in_circle
92.253,1,2009,-0.00463,-0.02323,0.0116,-0.0366,-0.06404,-0.06948,0.02940,1,1,-0.203,0.249,in_circle
92.297,1,2010,-0.00506,-0.02383,-0.0100,-0.0138,-0.08891,-0.05077,0.02995,1,1,0.013,0.170,in_circle
92.339,1,2011,-0.00564,-0.02456,-0.0136,-0.0173,-0.09660,-0.01115,0.03064,1,1,0.100,0.082,in_circle
92.385,1,2012,-0.00762,-0.02376,-0.0439,0.0177,-0.08041,0.04314,0.02976,1,1,0.116,0.099,in_circle
92.428,1,2013,-0.00944,-0.02248,-0.0414,0.0294,-0.04530,0.10554,0.02852,1,1,0.242,-0.042,in_circle
92.473,1,2014,-0.01020,-0.02027,-0.0173,0.0501,-0.00573,0.15548,0.02638,1,1,0.236,-0.090,in_circle
92.516,1,2015,-0.01025,-0.01864,-0.0011,0.0375,0.02548,0.17987,0.02476,1,1,0.142,-0.177,in_circle
92.560,1,2016,-0.00753,-0.01843,0.0618,0.0049,0.04624,0.17087,0.02443,1,1,0.077,-0.130,in_circle
92.606,1,2017,-0.00441,-0.01820,0.0687,0.0050,0.05116,0.13107,0.02444,1,1,-0.181,0.001,in_circle
92.649,1,2018,-0.00061,-0.01977,0.0870,-0.0359,0.02999,0.08123,0.02675,1,1,-0.216,0.001,in_circle
92.692,1,2019,0.00372,-0.02032,0.1021,-0.0131,-0.00067,0.02899,0.02873,1,1,-0.299,0.170,in_circle
92.736,1,2020,0.00880,-0.02172,0.1136,-0.0311,-0.03769,-0.01839,0.03231,1,1,-0.371,0.081,in_circle
92.825,1,2021,0.01460,-0.02331,0.0658,-0.0180,-0.07711,-0.09182,0.03689,1,1,-0.432,0.159,in_circle
92.867,1,2022,0.01536,-0.02382,0.0177,-0.0119,-0.06791,-0.10015,0.03775,1,1,-0.256,0.112,in_circle
92.913,1,2023,0.01342,-0.02259,-0.0424,0.0268,-0.07006,-0.08804,0.03561,1,1,-0.066,0.090,in_circle
92.957,1,2024,0.01041,-0.02090,-0.0689,0.0386,-0.05175,-0.05831,0.03249,1,1,0.178,-0.067,in_circle
93.001,1,2025,0.00625,-0.01968,-0.0933,0.0275,-0.01893,-0.00914,0.02927,1,1,0.291,-0.117,in_circle
93.044,1,2026,0.00240,-0.01802,-0.0891,0.0383,0.00927,0.05030,0.02609,1,1,0.398,-0.075,in_circle
93.089,1,2027,-0.00196,-0.01730,-0.0983,0.0162,0.03784,0.10551,0.02402,1,1,0.390,-0.121,in_circle
93.133,1,2028,-0.00521,-0.01601,-0.0727,0.0290,0.03756,0.15053,0.02216,1,1,0.438,-0.033,in_circle
93.176,1,2029,-0.00724,-0.01586,-0.0472,0.0034,0.02690,0.17490,0.02187,1,1,0.343,-0.087,in_circle
93.220,1,2030,-0.00832,-0.01645,-0.0247,-0.0136,0.00434,0.16727,0.02246,1,1,0.247,0.016,in_circle
93.264,1,2031,-0.00734,-0.01738,0.0228,-0.0213,-0.02923,0.14224,0.02338,1,1,0.159,0.087,in_circle
93.307,1,2032,-0.00555,-0.01841,0.0408,-0.0236,-0.05661,0.09214,0.02451,1,1,-0.033,0.121,in_circle
93.353,1,2033,-0.00314,-0.01887,0.0533,-0.0103,-0.08037,0.02835,0.02530,1,1,-0.110,0.134,in_circle
93.396,1,2034,-0.00095,-0.01770,0.0508,0.0272,-0.08281,-0.02968,0.02467,1,1,-0.166,0.083,in_circle
93.441,1,2035,0.00061,-0.01616,0.0348,0.0343,-0.06564,-0.07004,0.02370,1,1,-0.162,-0.069,in_circle
93.484,1,2036,-0.00048,-0.01345,-0.0249,0.0623,-0.04113,-0.08630,0.02078,1,1,-0.102,-0.100,in_circle
93.530,1,2037,-0.00090,-0.01182,-0.0093,0.0355,0.00049,-0.06442,0.01910,1,1,0.139,-0.218,in_circle
93.574,1,2038,-0.00404,-0.01100,-0.0720,0.0188,0.03708,-0.01712,0.01741,1,1,0.078,-0.114,in_circle
93.616,1,2039,-0.00728,-0.01071,-0.0763,0.0068,0.05879,0.04845,0.01672,1,1,0.336,-0.049,in_circle
93.661,1,2040,-0.01124,-0.01065,-0.0878,0.0013,0.04652,0.11121,0.01700,1,1,0.361,-0.001,in_circle
93.705,1,2041,-0.01339,-0.01217,-0.0496,-0.0350,0.01310,0.15275,0.01901,1,1,0.417,0.022,in_circle
93.748,1,2042,-0.01537,-0.01323,-0.0459,-0.0246,-0.02144,0.16912,0.02067,1,1,0.270,0.172,in_circle
93.791,1,2043,-0.01527,-0.01520,0.0024,-0.0453,-0.05503,0.15681,0.02248,1,1,0.261,0.134,in_circle
93.837,1,2044,-0.01396,-0.01611,0.0287,-0.0200,-0.08583,0.12750,0.02295,1,1,0.068,0.222,in_circle
93.883,1,2045,-0.01135,-0.01622,0.0567,-0.0024,-0.09350,0.08171,0.02251,1,1,-0.041,0.124,in_circle
93.925,1,2046,-0.00816,-0.01545,0.0746,0.0182,-0.07781,0.02885,0.02145,1,1,-0.159,0.055,in_circle
93.968,1,2047,-0.00583,-0.01337,0.0547,0.0487,-0.05975,-0.02867,0.01947,1,1,-0.239,-0.028,in_circle
94.012,1,2048,-0.00443,-0.01143,0.0315,0.0437,-0.02005,-0.07205,0.01775,1,1,-0.165,-0.155,in_circle
94.057,1,2049,-0.00419,-0.01007,0.0054,0.0307,0.02431,-0.09145,0.01647,1,1,-0.076,-0.139,in_circle
94.101,1,2050,-0.00618,-0.00904,-0.0446,0.0230,0.05082,-0.07158,0.01513,1,1,0.028,-0.089,in_circle
94.144,1,2051,-0.00850,-0.00901,-0.0544,0.0008,0.05340,-0.01850,0.01503,1,1,0.233,-0.061,in_circle
94.188,1,2052,-0.01241,-0.00976,-0.0888,-0.0171,0.02764,0.05193,0.01642,1,1,0.278,0.029,in_circle
94.231,1,2053,-0.01550,-0.01154,-0.0715,-0.0410,-0.00591,0.10825,0.01916,1,1,0.426,0.103,in_circle
94.277,1,2054,-0.01843,-0.01348,-0.0646,-0.0429,-0.04689,0.14171,0.02220,1,1,0.364,0.204,in_circle
94.320,1,2055,-0.01954,-0.01452,-0.0252,-0.0237,-0.07655,0.15772,0.02364,1,1,0.345,0.217,in_circle
94.365,1,2056,-0.02010,-0.01568,-0.0126,-0.0260,-0.09661,0.15935,0.02493,1,1,0.190,0.144,in_circle
94.409,1,2057,-0.01911,-0.01553,0.0223,0.0034,-0.09370,0.13367,0.02432,1,1,0.142,0.157,in_circle
94.452,1,2058,-0.01673,-0.01500,0.0564,0.0126,-0.06306,0.09218,0.02282,1,1,0.000,0.040,in_circle
94.496,1,2059,-0.01453,-0.01428,0.0491,0.0161,-0.02869,0.03200,0.02136,1,1,-0.142,0.003,in_circle
94.541,1,2060,-0.01281,-0.01308,0.0389,0.0270,0.00509,-0.02924,0.01973,1,1,-0.118,-0.012,in_circle
94.585,1,2061,-0.01159,-0.01210,0.0274,0.0220,0.03333,-0.06960,0.01849,1,1,-0.081,-0.058,in_circle
94.630,1,2062,-0.01093,-0.01213,0.0147,-0.0007,0.03919,-0.08286,0.01840,1,1,-0.038,-0.040,in_circle
94.672,1,2063,-0.01251,-0.01327,-0.0372,-0.0269,0.02974,-0.05607,0.01984,1,1,0.011,0.052,in_circle
94.717,1,2064,-0.01503,-0.01424,-0.0570,-0.0219,0.00513,-0.00320,0.02150,1,1,0.223,0.160,in_circle
94.762,1,2065,-0.01720,-0.01595,-0.0482,-0.0379,-0.03361,0.05522,0.02388,1,1,0.309,0.144,in_circle
94.849,1,2066,-0.02225,-0.01884,-0.0579,-0.0332,-0.08370,0.13958,0.02874,1,1,0.280,0.214,in_circle
94.893,1,2067,-0.02297,-0.01885,-0.0165,-0.0001,-0.08010,0.16263,0.02911,1,1,0.332,0.204,in_circle
94.937,1,2068,-0.02275,-0.01838,0.0052,0.0105,-0.08457,0.15806,0.02860,1,1,0.169,0.072,in_circle
94.980,1,2069,-0.02061,-0.01731,0.0489,0.0246,-0.07031,0.13867,0.02659,1,1,0.082,0.030,in_circle
95.024,1,2070,-0.01801,-0.01572,0.0595,0.0363,-0.03199,0.10489,0.02400,1,1,-0.098,-0.028,in_circle
95.068,1,2071,-0.01498,-0.01408,0.0690,0.0373,0.00813,0.05385,0.02133,1,1,-0.146,-0.078,in_circle
95.112,1,2072,-0.01091,-0.01260,0.0923,0.0336,0.03954,-0.00060,0.01886,1,1,-0.191,-0.085,in_circle
95.156,1,2073,-0.00870,-0.01256,0.0499,0.0009,0.04847,-0.04339,0.01858,1,1,-0.294,-0.074,in_circle
95.202,1,2074,-0.00710,-0.01323,0.0353,-0.0148,0.03847,-0.07565,0.01925,1,1,-0.130,0.058,in_circle
95.244,1,2075,-0.00683,-0.01397,0.0065,-0.0175,0.01546,-0.07849,0.01999,1,1,-0.076,0.123,in_circle
95.288,1,2076,-0.00822,-0.01523,-0.0315,-0.0285,-0.02308,-0.05400,0.02124,1,1,0.038,0.137,in_circle
95.333,1,2077,-0.01106,-0.01702,-0.0638,-0.0403,-0.05969,-0.00680,0.02325,1,1,0.194,0.185,in_circle
95.376,1,2078,-0.01430,-0.01759,-0.0740,-0.0129,-0.08452,0.06184,0.02447,1,1,0.331,0.238,in_circle
95.420,1,2079,-0.01685,-0.01763,-0.0582,-0.0010,-0.08822,0.12112,0.02531,1,1,0.380,0.131,in_circle
95.465,1,2080,-0.01856,-0.01744,-0.0386,0.0043,-0.08477,0.16062,0.02579,1,1,0.323,0.084,in_circle
95.508,1,2081,-0.01949,-0.01565,-0.0215,0.0415,-0.05777,0.17419,0.02460,1,1,0.250,0.063,in_circle
95.553,1,2082,-0.01871,-0.01483,0.0175,0.0182,-0.02157,0.15683,0.02352,1,1,0.184,-0.089,in_circle
95.596,1,2083,-0.01666,-0.01342,0.0477,0.0328,0.02031,0.11888,0.02135,1,1,0.027,0.003,in_circle
95.641,1,2084,-0.01344,-0.01204,0.0705,0.0304,0.04454,0.06884,0.01890,1,1,-0.099,-0.058,in_circle
95.685,1,2085,-0.00977,-0.01213,0.0835,-0.0022,0.03810,0.01799,0.01824,1,1,-0.198,-0.051,in_circle
95.729,1,2086,-0.00588,-0.01302,0.0892,-0.0205,0.02371,-0.03727,0.01912,1,1,-0.259,0.080,in_circle
95.772,1,2087,-0.00451,-0.01331,0.0318,-0.0067,0.00271,-0.07718,0.01959,1,1,-0.292,0.157,in_circle
95.817,1,2088,-0.00401,-0.01491,0.0113,-0.0357,-0.04172,-0.09362,0.02125,1,1,-0.066,0.103,in_circle
95.860,1,2089,-0.00545,-0.01655,-0.0337,-0.0383,-0.07914,-0.07335,0.02267,1,1,0.015,0.224,in_circle
95.905,1,2090,-0.00784,-0.01718,-0.0526,-0.0140,-0.08466,-0.02844,0.02318,1,1,0.199,0.239,in_circle
95.949,1,2091,-0.01143,-0.01743,-0.0825,-0.0058,-0.08492,0.03699,0.02371,1,1,0.280,0.145,in_circle
95.992,1,2092,-0.01420,-0.01662,-0.0631,0.0185,-0.07713,0.08863,0.02351,1,1,0.409,0.114,in_circle
96.038,1,2093,-0.01681,-0.01471,-0.0574,0.0420,-0.04438,0.12717,0.02259,1,1,0.338,0.016,in_circle
96.080,1,2094,-0.01874,-0.01293,-0.0460,0.0426,-0.00456,0.15540,0.02186,1,1,0.323,-0.082,in_circle
96.125,1,2095,-0.01885,-0.01215,-0.0025,0.0173,0.02883,0.16474,0.02124,1,1,0.282,-0.088,in_circle
96.167,1,2096,-0.01806,-0.01129,0.0185,0.0201,0.04927,0.14918,0.02011,1,1,0.109,0.012,in_circle
96.211,1,2097,-0.01661,-0.01128,0.0329,0.0002,0.04434,0.10946,0.01940,1,1,0.024,-0.001,in_circle
96.256,1,2098,-0.01319,-0.01321,0.0766,-0.0433,0.01367,0.04428,0.01996,1,1,-0.037,0.079,in_circle
96.302,1,2099,-0.01108,-0.01471,0.0464,-0.0328,-0.02230,-0.01670,0.02097,1,1,-0.220,0.259,in_circle
96.344,1,2100,-0.00900,-0.01679,0.0488,-0.0490,-0.05622,-0.06115,0.02282,1,1,-0.105,0.222,in_circle
96.389,1,2101,-0.00932,-0.01772,-0.0072,-0.0209,-0.08227,-0.08406,0.02377,1,1,-0.119,0.293,in_circle
96.432,1,2102,-0.01025,-0.01849,-0.0215,-0.0180,-0.08869,-0.07875,0.02462,1,1,0.105,0.184,in_circle
96.477,1,2103,-0.01188,-0.01814,-0.0357,0.0078,-0.08338,-0.03693,0.02448,1,1,0.165,0.175,in_circle
96.522,1,2104,-0.01603,-0.01659,-0.0941,0.0351,-0.06079,0.03060,0.02404,1,1,0.226,0.072,in_circle
96.563,1,2105,-0.01979,-0.01419,-0.0896,0.0571,-0.02339,0.09683,0.02348,1,1,0.470,-0.040,in_circle
96.608,1,2106,-0.02241,-0.01260,-0.0584,0.0356,0.01034,0.13769,0.02365,1,1,0.462,-0.133,in_circle
96.653,1,2107,-0.02361,-0.01131,-0.0272,0.0292,0.04240,0.16656,0.02344,1,1,0.344,-0.050,in_circle
96.698,1,2108,-0.02402,-0.01085,-0.0090,0.0101,0.05714,0.17891,0.02339,1,1,0.224,-0.027,in_circle
96.739,1,2109,-0.02282,-0.01115,0.0289,-0.0074,0.03641,0.16456,0.02280,1,1,0.152,0.049,in_circle
96.786,1,2110,-0.02026,-0.01208,0.0549,-0.0199,-0.00090,0.11052,0.02196,1,1,-0.002,0.120,in_circle
96.873,1,2111,-0.01364,-0.01479,0.0758,-0.0310,-0.06741,-0.01025,0.02159,1,1,-0.111,0.174,in_circle
96.915,1,2112,-0.01005,-0.01584,0.0855,-0.0251,-0.07027,-0.03662,0.02196,1,1,-0.211,0.227,in_circle
96.960,1,2113,-0.00836,-0.01602,0.0373,-0.0039,-0.07316,-0.02585,0.02203,1,1,-0.258,0.206,in_circle
97.005,1,2114,-0.00812,-0.01500,0.0054,0.0229,-0.07854,-0.02485,0.02101,1,1,-0.070,0.123,in_circle
97.047,1,2115,-0.00826,-0.01433,-0.0031,0.0158,-0.05808,-0.03113,0.02034,1,1,0.058,0.014,in_circle
97.092,1,2116,-0.00841,-0.01138,-0.0035,0.0671,-0.02558,-0.00894,0.01739,1,1,0.092,0.042,in_circle
97.137,1,2117,-0.00983,-0.00970,-0.0313,0.0370,0.00992,0.05284,0.01583,1,1,0.094,-0.170,in_circle
97.180,1,2118,-0.01061,-0.00873,-0.0180,0.0224,0.02952,0.12380,0.01500,1,1,0.209,-0.053,in_circle
97.226,1,2119,-0.01072,-0.00829,-0.0024,0.0096,0.04543,0.17463,0.01459,1,1,0.158,0.004,in_circle
97.268,1,2120,-0.00921,-0.00837,0.0355,-0.0018,0.03709,0.18366,0.01444,1,1,0.095,0.054,in_circle
97.313,1,2121,-0.00603,-0.00950,0.0722,-0.0256,-0.00780,0.15257,0.01560,1,1,-0.060,0.101,in_circle
97.356,1,2122,-0.00180,-0.01108,0.0963,-0.0360,-0.03940,0.10326,0.01810,1,1,-0.215,0.199,in_circle
97.400,1,2123,0.00297,-0.01236,0.1091,-0.0294,-0.06918,0.05059,0.02129,1,1,-0.322,0.246,in_circle
97.445,1,2124,0.00784,-0.01333,0.1085,-0.0217,-0.09574,0.00275,0.02487,1,1,-0.386,0.223,in_circle
97.488,1,2125,0.01184,-0.01302,0.0932,0.0074,-0.09450,-0.04250,0.02734,1,1,-0.396,0.196,in_circle
97.533,1,2126,0.01522,-0.01238,0.0753,0.0142,-0.07409,-0.08078,0.02946,1,1,-0.345,0.080,in_circle
97.576,1,2127,0.01724,-0.01040,0.0467,0.0457,-0.04501,-0.09399,0.02993,1,1,-0.284,0.051,in_circle
97.620,1,2128,0.01685,-0.00733,-0.0090,0.0697,-0.00406,-0.06644,0.02802,1,1,-0.175,-0.079,in_circle
97.665,1,2129,0.01594,-0.00590,-0.0201,0.0317,0.02492,-0.01050,0.02655,1,1,0.047,-0.182,in_circle
97.708,1,2130,0.01391,-0.00451,-0.0475,0.0326,0.04785,0.05594,0.02412,1,1,0.093,-0.033,in_circle
97.753,1,2131,0.01273,-0.00439,-0.0265,0.0025,0.05461,0.10835,0.02301,1,1,0.207,-0.040,in_circle
97.797,1,2132,0.01234,-0.00547,-0.0089,-0.0245,0.02471,0.13919,0.02318,1,1,0.125,0.081,in_circle
97.841,1,2133,0.01429,-0.00612,0.0445,-0.0147,-0.01663,0.15063,0.02520,1,1,0.054,0.192,in_circle
97.884,1,2134,0.01747,-0.00749,0.0737,-0.0318,-0.04720,0.13892,0.02864,1,1,-0.165,0.155,in_circle
97.928,1,2135,0.02208,-0.00796,0.1029,-0.0106,-0.07438,0.09733,0.03298,1,1,-0.291,0.228,in_circle
97.973,1,2136,0.02575,-0.00886,0.0817,-0.0201,-0.08657,0.04157,0.03669,1,1,-0.421,0.145,in_circle
98.017,1,2137,0.03035,-0.00815,0.1064,0.0166,-0.07700,-0.01951,0.04068,1,1,-0.346,0.185,in_circle
98.061,1,2138,0.03465,-0.00691,0.0974,0.0280,-0.05501,-0.07521,0.04437,1,1,-0.457,0.038,in_circle
98.104,1,2139,0.03708,-0.00506,0.0558,0.0424,-0.02447,-0.09759,0.04622,0,1,-0.427,-0.003,running
98.148,1,2140,0.03819,-0.00352,0.0252,0.0349,0.00919,-0.08165,0.04697,0,1,-0.277,-0.058,running
98.192,1,2141,0.03787,-0.00193,-0.0075,0.0369,0.03440,-0.04678,0.04635,0,1,-0.168,-0.033,running
98.237,1,2142,0.03562,-0.00029,-0.0493,0.0360,0.03506,0.00714,0.04387,1,1,-0.046,-0.046,in_circle
98.280,1,2143,0.03401,0.00010,-0.0379,0.0092,0.02108,0.05980,0.04222,1,1,0.125,-0.051,in_circle
98.326,1,2144,0.03242,-0.00024,-0.0347,-0.0074,-0.00345,0.10618,0.04070,1,1,0.090,0.050,in_circle
98.368,1,2145,0.03225,-0.00056,-0.0041,-0.0076,-0.03121,0.13998,0.04058,1,1,0.085,0.117,in_circle
98.412,1,2146,0.03353,-0.00071,0.0291,-0.0035,-0.06579,0.15788,0.04188,1,1,-0.038,0.118,in_circle
98.457,1,2147,0.03518,-0.00052,0.0368,0.0042,-0.08816,0.13985,0.04347,1,1,-0.176,0.103,in_circle
98.501,1,2148,0.03833,0.00088,0.0725,0.0323,-0.08046,0.09361,0.04641,0,1,-0.213,0.073,running
98.546,1,2149,0.04176,0.00273,0.0764,0.0411,-0.05875,0.03050,0.04967,0,1,-0.360,-0.034,running
98.589,1,2150,0.04487,0.00548,0.0717,0.0637,-0.03201,-0.02710,0.05267,0,1,-0.384,-0.066,running
98.633,1,2151,0.04742,0.00815,0.0579,0.0603,0.01024,-0.06804,0.05527,0,1,-0.378,-0.148,running
98.679,1,2152,0.04846,0.01001,0.0225,0.0403,0.04232,-0.08705,0.05640,0,1,-0.342,-0.139,running
98.720,1,2153,0.04853,0.01086,0.0016,0.0210,0.05138,-0.07606,0.05654,0,1,-0.230,-0.076,running
98.765,1,2154,0.04641,0.01093,-0.0470,0.0015,0.04387,-0.03904,0.05443,0,1,-0.163,-0.014,running
98.809,1,2155,0.04395,0.00992,-0.0555,-0.0229,0.01520,0.01530,0.05190,0,1,0.014,0.051,running
98.898,1,2156,0.03761,0.00785,-0.0712,-0.0233,-0.06003,0.11962,0.04545,1,1,0.058,0.140,in_circle
98.940,1,2157,0.03576,0.00721,-0.0438,-0.0149,-0.06014,0.14583,0.04357,1,1,0.164,0.154,in_circle
98.985,1,2158,0.03491,0.00709,-0.0190,-0.0028,-0.07106,0.13974,0.04272,1,1,0.071,0.126,in_circle
99.027,1,2159,0.03620,0.00782,0.0305,0.0172,-0.08311,0.12888,0.04404,1,1,-0.022,0.079,in_circle
99.073,1,2160,0.03764,0.00931,0.0319,0.0330,-0.05700,0.10279,0.04556,0,1,-0.221,0.000,running
99.118,1,2161,0.04008,0.01097,0.0535,0.0364,-0.02417,0.05312,0.04814,0,1,-0.234,-0.063,running
99.161,1,2162,0.04274,0.01223,0.0622,0.0295,0.00757,-0.00319,0.05092,0,1,-0.325,-0.077,running
99.204,1,2163,0.04460,0.01335,0.0427,0.0257,0.03889,-0.05411,0.05291,0,1,-0.367,-0.054,running
99.249,1,2164,0.04492,0.01369,0.0072,0.0077,0.04455,-0.08129,0.05328,0,1,-0.307,-0.042,running
99.293,1,2165,0.04380,0.01330,-0.0257,-0.0089,0.02760,-0.08874,0.05211,0,1,-0.187,0.019,running
99.337,1,2166,0.04053,0.01201,-0.0744,-0.0294,0.00310,-0.06996,0.04871,0,1,-0.068,0.078,running
99.381,1,2167,0.03690,0.01059,-0.0809,-0.0317,-0.03890,-0.02212,0.04494,1,1,0.130,0.159,in_circle
99.424,1,2168,0.03222,0.00941,-0.1111,-0.0281,-0.07418,0.04828,0.04016,1,1,0.183,0.177,in_circle
99.469,1,2169,0.02726,0.00931,-0.1080,-0.0022,-0.09513,0.11263,0.03522,1,1,0.339,0.172,in_circle
99.513,1,2170,0.02411,0.00986,-0.0734,0.0128,-0.08838,0.14877,0.03214,1,1,0.339,0.069,in_circle
99.558,1,2171,0.02240,0.01119,-0.0379,0.0295,-0.07220,0.16262,0.03064,1,1,0.207,0.008,in_circle
99.600,1,2172,0.02208,0.01393,-0.0076,0.0643,-0.04593,0.15910,0.03091,1,1,0.068,-0.063,in_circle
99.645,1,2173,0.02270,0.01570,0.0140,0.0395,-0.00096,0.13348,0.03201,1,1,-0.054,-0.209,in_circle
99.689,1,2174,0.02515,0.01710,0.0555,0.0318,0.03412,0.08704,0.03477,1,1,-0.143,-0.115,in_circle
99.733,1,2175,0.02774,0.01867,0.0595,0.0359,0.05992,0.02875,0.03773,1,1,-0.317,-0.088,in_circle
99.777,1,2176,0.03051,0.01935,0.0630,0.0156,0.04801,-0.02601,0.04057,1,1,-0.341,-0.109,in_circle
99.821,1,2177,0.03325,0.01950,0.0624,0.0035,0.01974,-0.07351,0.04321,1,1,-0.363,-0.030,in_circle
99.865,1,2178,0.03347,0.01890,0.0051,-0.0135,-0.00843,-0.09998,0.04324,1,1,-0.368,0.016,in_circle
99.910,1,2179,0.03209,0.01867,-0.0307,-0.0050,-0.04878,-0.09325,0.04186,1,1,-0.149,0.083,in_circle
99.953,1,2180,0.02872,0.01890,-0.0778,0.0052,-0.07659,-0.04874,0.03873,1,1,-0.004,0.051,in_circle
99.998,1,2181,0.02572,0.01936,-0.0673,0.0104,-0.08711,0.01261,0.03609,1,1,0.197,0.011,in_circle
100.041,1,2182,0.02285,0.02079,-0.0664,0.0330,-0.07295,0.06481,0.03403,1,1,0.162,-0.012,in_circle
100.085,1,2183,0.01891,0.02300,-0.0901,0.0506,-0.04269,0.11061,0.03167,1,1,0.164,-0.106,in_circle
100.129,1,2184,0.01604,0.02558,-0.0651,0.0586,-0.00173,0.13546,0.03085,1,1,0.267,-0.183,in_circle
100.173,1,2185,0.01473,0.02787,-0.0301,0.0525,0.03532,0.14092,0.03140,1,1,0.173,-0.222,in_circle
100.217,1,2186,0.01440,0.02940,-0.0076,0.0349,0.06055,0.12935,0.03226,1,1,0.035,-0.205,in_circle
100.262,1,2187,0.01533,0.03007,0.0207,0.0147,0.05952,0.10806,0.03338,1,1,-0.054,-0.139,in_circle
100.304,1,2188,0.01724,0.02903,0.0449,-0.0243,0.03909,0.05404,0.03402,1,1,-0.171,-0.061,in_circle
100.349,1,2189,0.01867,0.02751,0.0317,-0.0338,0.01070,-0.00970,0.03410,1,1,-0.274,0.096,in_circle
100.392,1,2190,0.01964,0.02534,0.0225,-0.0502,-0.02924,-0.06616,0.03357,1,1,-0.226,0.137,in_circle
100.437,1,2191,0.01934,0.02344,-0.0067,-0.0427,-0.06346,-0.09969,0.03226,1,1,-0.192,0.207,in_circle
100.480,1,2192,0.01732,0.02280,-0.0465,-0.0147,-0.08522,-0.09400,0.03022,1,1,-0.076,0.182,in_circle
100.524,1,2193,0.01368,0.02296,-0.0840,0.0037,-0.08844,-0.05456,0.02737,1,1,0.087,0.070,in_circle
100.576,1,2194,0.00943,0.02379,-0.0814,0.0159,-0.07813,0.00782,0.02477,1,1,0.245,-0.004,in_circle
100.615,1,2195,0.00572,0.02563,-0.0951,0.0471,-0.04849,0.06574,0.02384,1,1,0.244,-0.056,in_circle
100.657,1,2196,0.00097,0.02768,-0.1123,0.0484,-0.00811,0.11589,0.02339,1,1,0.308,-0.186,in_circle
100.701,1,2197,-0.00211,0.02980,-0.0700,0.0483,0.02081,0.14751,0.02447,1,1,0.388,-0.198,in_circle
100.747,1,2198,-0.00413,0.03197,-0.0438,0.0470,0.05674,0.15746,0.02623,1,1,0.227,-0.203,in_circle
100.789,1,2199,-0.00488,0.03332,-0.0181,0.0323,0.06472,0.14809,0.02748,1,1,0.127,-0.205,in_circle
100.833,1,2200,-0.00374,0.03326,0.0262,-0.0014,0.04253,0.12040,0.02756,1,1,0.025,-0.151,in_circle
100.922,1,2201,-0.00005,0.03121,0.0412,-0.0228,-0.01694,0.01276,0.02638,1,1,-0.155,-0.018,in_circle
100.964,1,2202,0.00152,0.02991,0.0382,-0.0318,-0.02548,-0.02263,0.02566,1,1,-0.224,0.072,in_circle
101.011,1,2203,0.00283,0.02884,0.0275,-0.0225,-0.03244,-0.02498,0.02519,1,1,-0.217,0.110,in_circle
101.052,1,2204,0.00265,0.02829,-0.0043,-0.0135,-0.06729,-0.02876,0.02462,1,1,-0.178,0.074,in_circle
101.096,1,2205,0.00258,0.02832,-0.0017,0.0007,-0.07196,-0.02913,0.02462,1,1,-0.050,0.038,in_circle
101.141,1,2206,0.00105,0.02928,-0.0346,0.0218,-0.05137,-0.01377,0.02491,1,1,-0.061,-0.019,in_circle
101.185,1,2207,-0.00057,0.03080,-0.0360,0.0339,-0.03669,0.03318,0.02584,1,1,0.074,-0.107,in_circle
101.229,1,2208,-0.00253,0.03209,-0.0452,0.0297,-0.00104,0.09407,0.02662,1,1,0.083,-0.160,in_circle
101.273,1,2209,-0.00409,0.03384,-0.0356,0.0399,0.03970,0.14090,0.02809,1,1,0.125,-0.148,in_circle
101.317,1,2210,-0.00408,0.03408,0.0003,0.0054,0.05197,0.16556,0.02832,1,1,0.090,-0.195,in_circle
101.360,1,2211,-0.00272,0.03349,0.0310,-0.0135,0.04423,0.15353,0.02795,1,1,-0.054,-0.058,in_circle
101.405,1,2212,0.00012,0.03209,0.0637,-0.0314,0.03236,0.11683,0.02726,1,1,-0.180,0.018,in_circle
101.449,1,2213,0.00341,0.03101,0.0743,-0.0243,-0.00285,0.06200,0.02741,1,1,-0.319,0.092,in_circle
101.494,1,2214,0.00742,0.02871,0.0893,-0.0512,-0.04222,0.00265,0.02734,1,1,-0.369,0.065,in_circle
101.538,1,2215,0.00967,0.02760,0.0511,-0.0253,-0.07374,-0.04810,0.02778,1,1,-0.441,0.177,in_circle
101.580,1,2216,0.01160,0.02726,0.0460,-0.0079,-0.07757,-0.08884,0.02878,1,1,-0.294,0.075,in_circle
101.626,1,2217,0.01190,0.02692,0.0064,-0.0073,-0.07284,-0.09981,0.02874,1,1,-0.279,0.006,in_circle
101.669,1,2218,0.01095,0.02724,-0.0222,0.0073,-0.05770,-0.07995,0.02833,1,1,-0.123,0.003,in_circle
101.713,1,2219,0.00879,0.02851,-0.0486,0.0286,-0.01445,-0.01468,0.02796,1,1,-0.007,-0.057,in_circle
101.757,1,2220,0.00670,0.02981,-0.0477,0.0297,0.01662,0.05986,0.02787,1,1,0.104,-0.146,in_circle
101.800,1,2221,0.00374,0.03021,-0.0686,0.0093,0.03746,0.11780,0.02682,1,1,0.105,-0.155,in_circle
101.845,1,2222,0.00265,0.03102,-0.0245,0.0184,0.05229,0.14574,0.02712,1,1,0.195,-0.076,in_circle
101.888,1,2223,0.00230,0.03114,-0.0082,0.0027,0.03507,0.15109,0.02709,1,1,0.021,-0.115,in_circle
101.932,1,2224,0.00305,0.03038,0.0170,-0.0173,0.00897,0.13609,0.02668,1,1,-0.044,-0.054,in_circle
101.976,1,2225,0.00448,0.02988,0.0328,-0.0115,-0.02804,0.10296,0.02685,1,1,-0.147,0.027,in_circle
102.021,1,2226,0.00701,0.02971,0.0557,-0.0036,-0.05768,0.05174,0.02796,1,1,-0.214,0.004,in_circle
102.065,1,2227,0.00931,0.03009,0.0527,0.0086,-0.07550,-0.01297,0.02955,1,1,-0.313,-0.028,in_circle
102.110,1,2228,0.01109,0.03075,0.0394,0.0147,-0.06653,-0.06790,0.03114,1,1,-0.307,-0.079,in_circle
102.153,1,2229,0.01176,0.03187,0.0157,0.0261,-0.04449,-0.10110,0.03243,1,1,-0.259,-0.106,in_circle
102.196,1,2230,0.01048,0.03373,-0.0293,0.0427,-0.01007,-0.09865,0.03321,1,1,-0.167,-0.156,in_circle
102.241,1,2231,0.00792,0.03448,-0.0575,0.0168,0.02483,-0.06608,0.03253,1,1,0.015,-0.228,in_circle
102.287,1,2232,0.00356,0.03532,-0.0947,0.0183,0.04925,-0.00055,0.03144,1,1,0.134,-0.127,in_circle
102.329,1,2233,-0.00049,0.03546,-0.0969,0.0034,0.05381,0.07103,0.03036,1,1,0.293,-0.137,in_circle
102.374,1,2234,-0.00475,0.03464,-0.0947,-0.0183,0.03153,0.12191,0.02880,1,1,0.312,-0.079,in_circle
102.417,1,2235,-0.00730,0.03316,-0.0596,-0.0347,0.00236,0.14755,0.02716,1,1,0.314,0.009,in_circle
102.461,1,2236,-0.00876,0.03171,-0.0326,-0.0323,-0.03471,0.15560,0.02573,1,1,0.179,0.077,in_circle
102.506,1,2237,-0.00921,0.03033,-0.0101,-0.0310,-0.06809,0.14483,0.02437,1,1,0.075,0.070,in_circle
102.549,1,2238,-0.00787,0.03025,0.0311,-0.0020,-0.08889,0.11728,0.02425,1,1,-0.014,0.067,in_circle
102.594,1,2239,-0.00612,0.03017,0.0392,-0.0019,-0.07879,0.05784,0.02422,1,1,-0.182,-0.050,in_circle
102.638,1,2240,-0.00491,0.03153,0.0275,0.0310,-0.05625,-0.01078,0.02569,1,1,-0.219,-0.051,in_circle
102.680,1,2241,-0.00358,0.03308,0.0311,0.0364,-0.02569,-0.05632,0.02741,1,1,-0.175,-0.187,in_circle
102.725,1,2242,-0.00288,0.03430,0.0155,0.0269,0.01591,-0.07870,0.02872,1,1,-0.193,-0.214,in_circle
102.769,1,2243,-0.00377,0.03516,-0.0204,0.0199,0.04967,-0.07017,0.02943,1,1,-0.133,-0.180,in_circle
102.815,1,2244,-0.00637,0.03601,-0.0564,0.0184,0.05973,-0.02677,0.03004,1,1,0.013,-0.155,in_circle
102.857,1,2245,-0.00827,0.03548,-0.0446,-0.0124,0.04574,0.02654,0.02949,1,1,0.164,-0.153,in_circle
102.944,1,2246,-0.01340,0.03330,-0.0591,-0.0251,-0.02217,0.11875,0.02787,1,1,0.121,-0.031,in_circle
102.990,1,2247,-0.01479,0.03168,-0.0302,-0.0351,-0.03009,0.14348,0.02662,1,1,0.192,0.024,in_circle
103.033,1,2248,-0.01464,0.03078,0.0034,-0.0213,-0.03564,0.14559,0.02570,1,1,0.080,0.067,in_circle
103.077,1,2249,-0.01363,0.03003,0.0229,-0.0169,-0.06325,0.13286,0.02473,1,1,-0.054,0.013,in_circle
103.120,1,2250,-0.01108,0.02930,0.0589,-0.0168,-0.05952,0.10481,0.02353,1,1,-0.134,-0.004,in_circle
103.165,1,2251,-0.00834,0.02955,0.0606,0.0055,-0.04224,0.05409,0.02355,1,1,-0.285,-0.003,in_circle
103.208,1,2252,-0.00528,0.03002,0.0718,0.0110,-0.02206,-0.00982,0.02415,1,1,-0.298,-0.094,in_circle
103.252,1,2253,-0.00289,0.03075,0.0545,0.0167,0.00543,-0.05979,0.02523,1,1,-0.351,-0.119,in_circle
103.298,1,2254,-0.00151,0.03104,0.0302,0.0064,0.03064,-0.09499,0.02582,1,1,-0.288,-0.144,in_circle
103.342,1,2255,-0.00234,0.03139,-0.0185,0.0078,0.03783,-0.09316,0.02597,1,1,-0.194,-0.105,in_circle
103.385,1,2256,-0.00415,0.03110,-0.0424,-0.0069,0.03114,-0.06092,0.02536,1,1,0.002,-0.113,in_circle
103.428,1,2257,-0.00735,0.03064,-0.0735,-0.0106,0.01302,-0.00536,0.02464,1,1,0.102,-0.054,in_circle
103.474,1,2258,-0.01036,0.02996,-0.0666,-0.0151,-0.02012,0.04999,0.02409,1,1,0.235,-0.040,in_circle
103.516,1,2259,-0.01412,0.02871,-0.0888,-0.0294,-0.04998,0.09772,0.02358,1,1,0.215,-0.021,in_circle
103.561,1,2260,-0.01643,0.02857,-0.0508,-0.0031,-0.06573,0.13985,0.02416,1,1,0.313,0.039,in_circle
103.604,1,2261,-0.01791,0.02911,-0.0344,0.0126,-0.05994,0.16471,0.02523,1,1,0.167,-0.067,in_circle
103.649,1,2262,-0.01787,0.03047,0.0009,0.0302,-0.05213,0.15779,0.02646,1,1,0.106,-0.132,in_circle
103.693,1,2263,-0.01624,0.03187,0.0369,0.0318,-0.02954,0.13032,0.02721,1,1,-0.035,-0.207,in_circle
103.737,1,2264,-0.01404,0.03317,0.0503,0.0298,0.01720,0.08399,0.02788,1,1,-0.183,-0.218,in_circle
103.782,1,2265,-0.01031,0.03427,0.0825,0.0243,0.04980,0.03199,0.02839,1,1,-0.241,-0.215,in_circle
103.826,1,2266,-0.00763,0.03500,0.0614,0.0168,0.06136,-0.02370,0.02901,1,1,-0.380,-0.197,in_circle
103.867,1,2267,-0.00553,0.03395,0.0505,-0.0253,0.05077,-0.07060,0.02805,1,1,-0.302,-0.170,in_circle
103.912,1,2268,-0.00484,0.03287,0.0153,-0.0241,0.03019,-0.09493,0.02704,1,1,-0.264,-0.000,in_circle
103.957,1,2269,-0.00565,0.03124,-0.0182,-0.0369,-0.01231,-0.08942,0.02533,1,1,-0.124,-0.004,in_circle
104.001,1,2270,-0.00807,0.03058,-0.0551,-0.0150,-0.05006,-0.04540,0.02458,1,1,0.011,0.051,in_circle
104.045,1,2271,-0.01045,0.02887,-0.0538,-0.0387,-0.07399,0.01956,0.02302,1,1,0.165,-0.036,in_circle
104.090,1,2272,-0.01411,0.02842,-0.0805,-0.0099,-0.07599,0.08300,0.02329,1,1,0.166,0.062,in_circle
104.134,1,2273,-0.01707,0.02799,-0.0675,-0.0099,-0.06012,0.12018,0.02386,1,1,0.282,-0.053,in_circle
104.177,1,2274,-0.01908,0.02876,-0.0464,0.0180,-0.03635,0.14591,0.02540,1,1,0.238,-0.053,in_circle
104.221,1,2275,-0.01948,0.03011,-0.0092,0.0306,-0.01147,0.15013,0.02679,1,1,0.159,-0.168,in_circle
104.264,1,2276,-0.01912,0.03048,0.0086,0.0087,0.02506,0.13479,0.02697,1,1,0.012,-0.222,in_circle
104.309,1,2277,-0.01737,0.03163,0.0392,0.0257,0.04817,0.09939,0.02735,1,1,-0.060,-0.137,in_circle
104.354,1,2278,-0.01413,0.03120,0.0721,-0.0096,0.05721,0.03633,0.02598,1,1,-0.186,-0.209,in_circle
104.396,1,2279,-0.01213,0.03039,0.0466,-0.0189,0.03578,-0.02629,0.02477,1,1,-0.326,-0.068,in_circle
104.442,1,2280,-0.01012,0.02934,0.0440,-0.0229,0.01505,-0.07289,0.02346,1,1,-0.229,-0.029,in_circle
104.486,1,2281,-0.01090,0.02696,-0.0178,-0.0547,-0.01184,-0.09639,0.02119,1,1,-0.223,-0.012,in_circle
104.529,1,2282,-0.01157,0.02544,-0.0155,-0.0352,-0.05285,-0.08921,0.01981,1,1,0.026,0.120,in_circle
104.572,1,2283,-0.01381,0.02420,-0.0522,-0.0288,-0.07459,-0.04290,0.01917,1,1,0.019,0.045,in_circle
104.617,1,2284,-0.01742,0.02429,-0.0797,0.0018,-0.08149,0.01691,0.02066,1,1,0.171,0.022,in_circle
104.661,1,2285,-0.02086,0.02529,-0.0790,0.0231,-0.07238,0.07901,0.02330,1,1,0.291,-0.102,in_circle
104.705,1,2286,-0.02413,0.02752,-0.0728,0.0498,-0.03692,0.12490,0.02702,1,1,0.297,-0.190,in_circle
104.749,1,2287,-0.02618,0.02946,-0.0473,0.0445,-0.00240,0.15930,0.02980,1,1,0.281,-0.303,in_circle
104.793,1,2288,-0.02679,0.03132,-0.0138,0.0422,0.03261,0.17115,0.03165,1,1,0.186,-0.288,in_circle
104.838,1,2289,-0.02613,0.03307,0.0145,0.0386,0.06193,0.15166,0.03270,1,1,0.054,-0.285,in_circle
104.881,1,2290,-0.02378,0.03352,0.0557,0.0107,0.06582,0.10113,0.03183,1,1,-0.060,-0.276,in_circle
104.970,1,2291,-0.01877,0.03156,0.0559,-0.0220,0.02616,-0.00976,0.02782,1,1,-0.230,-0.168,in_circle
105.013,1,2292,-0.01659,0.02979,0.0504,-0.0409,0.02036,-0.03408,0.02536,1,1,-0.242,-0.033,in_circle
105.057,1,2293,-0.01550,0.02762,0.0248,-0.0493,-0.00199,-0.03156,0.02295,1,1,-0.225,0.046,in_circle
105.101,1,2294,-0.01532,0.02611,0.0042,-0.0345,-0.05016,-0.03285,0.02147,1,1,-0.125,0.084,in_circle
105.145,1,2295,-0.01591,0.02419,-0.0135,-0.0434,-0.08758,-0.02989,0.01992,1,1,-0.043,0.027,in_circle
105.191,1,2296,-0.01734,0.02468,-0.0311,0.0107,-0.09062,-0.00343,0.02098,1,1,0.030,0.067,in_circle
105.234,1,2297,-0.01930,0.02548,-0.0459,0.0186,-0.07585,0.05808,0.02262,1,1,0.104,-0.151,in_circle
105.277,1,2298,-0.02068,0.02708,-0.0322,0.0374,-0.04608,0.12560,0.02470,1,1,0.169,-0.186,in_circle
105.321,1,2299,-0.02069,0.02929,-0.0004,0.0500,-0.01145,0.17264,0.02662,1,1,0.118,-0.266,in_circle
105.365,1,2300,-0.01949,0.03155,0.0272,0.0512,0.02867,0.18215,0.02810,1,1,-0.009,-0.323,in_circle
105.408,1,2301,-0.01700,0.03316,0.0575,0.0371,0.05757,0.14876,0.02868,1,1,-0.122,-0.334,in_circle
105.452,1,2302,-0.01250,0.03433,0.1025,0.0266,0.07246,0.09697,0.02871,1,1,-0.249,-0.283,in_circle
105.497,1,2303,-0.00788,0.03377,0.1041,-0.0126,0.06053,0.04478,0.02777,1,1,-0.440,-0.245,in_circle
105.541,1,2304,-0.00273,0.03316,0.1157,-0.0136,0.03201,-0.00121,0.02763,1,1,-0.458,-0.088,in_circle
105.585,1,2305,0.00052,0.03126,0.0750,-0.0438,-0.00957,-0.04326,0.02660,1,1,-0.517,-0.084,in_circle
105.630,1,2306,0.00388,0.02953,0.0739,-0.0381,-0.04322,-0.08144,0.02627,1,1,-0.363,0.041,in_circle
105.673,1,2307,0.00556,0.02755,0.0390,-0.0460,-0.06095,-0.09442,0.02535,1,1,-0.367,0.021,in_circle
105.718,1,2308,0.00518,0.02710,-0.0086,-0.0101,-0.07252,-0.07423,0.02477,1,1,-0.233,0.056,in_circle
105.760,1,2309,0.00349,0.02726,-0.0399,0.0038,-0.06628,-0.03062,0.02407,1,1,-0.042,-0.087,in_circle
105.806,1,2310,0.00142,0.02783,-0.0453,0.0124,-0.04847,0.04206,0.02369,1,1,0.087,-0.144,in_circle
105.850,1,2311,-0.00023,0.02954,-0.0373,0.0389,-0.01935,0.10863,0.02473,1,1,0.113,-0.181,in_circle
105.892,1,2312,-0.00202,0.03048,-0.0421,0.0220,0.02706,0.14957,0.02515,1,1,0.085,-0.292,in_circle
105.939,1,2313,-0.00211,0.03091,-0.0019,0.0092,0.05131,0.16369,0.02555,1,1,0.109,-0.228,in_circle
105.980,1,2314,-0.00134,0.03080,0.0193,-0.0027,0.06386,0.14526,0.02563,1,1,-0.052,-0.179,in_circle
106.026,1,2315,0.00108,0.03013,0.0526,-0.0145,0.05088,0.10531,0.02572,1,1,-0.139,-0.132,in_circle
106.068,1,2316,0.00471,0.02884,0.0856,-0.0304,0.01562,0.04536,0.02605,1,1,-0.279,-0.084,in_circle
106.112,1,2317,0.00810,0.02752,0.0770,-0.0301,-0.02106,-0.01035,0.02676,1,1,-0.420,-0.018,in_circle
106.157,1,2318,0.01048,0.02590,0.0529,-0.0360,-0.05396,-0.06471,0.02702,1,1,-0.395,-0.017,in_circle
106.200,1,2319,0.01050,0.02504,0.0006,-0.0199,-0.07132,-0.09747,0.02641,1,1,-0.305,0.010,in_circle
106.245,1,2320,0.01019,0.02480,-0.0071,-0.0053,-0.06795,-0.10562,0.02602,1,1,-0.097,-0.053,in_circle
106.290,1,2321,0.00805,0.02432,-0.0472,-0.0107,-0.05576,-0.07002,0.02423,1,1,-0.066,-0.112,in_circle
106.332,1,2322,0.00477,0.02506,-0.0772,0.0176,-0.02802,-0.00762,0.02284,1,1,0.099,-0.090,in_circle
106.376,1,2323,0.00089,0.02657,-0.0887,0.0345,0.01599,0.05980,0.02233,1,1,0.226,-0.206,in_circle
106.422,1,2324,-0.00270,0.02714,-0.0781,0.0124,0.03995,0.10608,0.02175,1,1,0.282,-0.278,in_circle
106.466,1,2325,-0.00599,0.02726,-0.0756,0.0026,0.05114,0.14313,0.02133,1,1,0.248,-0.192,in_circle
106.509,1,2326,-0.00693,0.02711,-0.0218,-0.0033,0.05588,0.16433,0.02113,1,1,0.246,-0.154,in_circle
106.553,1,2327,-0.00707,0.02615,-0.0033,-0.0218,0.02815,0.15631,0.02017,1,1,0.033,-0.131,in_circle
106.597,1,2328,-0.00566,0.02466,0.0318,-0.0337,-0.01073,0.12146,0.01878,1,1,-0.041,-0.056,in_circle
106.645,1,2329,-0.00385,0.02337,0.0380,-0.0271,-0.04408,0.06024,0.01781,1,1,-0.184,-0.005,in_circle
106.686,1,2330,-0.00191,0.02166,0.0475,-0.0418,-0.07134,-0.00333,0.01673,1,1,-0.214,-0.029,in_circle
106.730,1,2331,0.00043,0.02203,0.0527,0.0083,-0.07685,-0.05349,0.01802,1,1,-0.257,0.033,in_circle
106.773,1,2332,0.00126,0.02308,0.0195,0.0245,-0.06215,-0.07765,0.01933,1,1,-0.284,-0.169,in_circle
106.817,1,2333,0.00042,0.02414,-0.0189,0.0239,-0.03858,-0.07016,0.01991,1,1,-0.154,-0.237,in_circle
106.861,1,2334,-0.00134,0.02563,-0.0396,0.0336,-0.00644,-0.04439,0.02066,1,1,0.001,-0.238,in_circle
106.905,1,2335,-0.00399,0.02664,-0.0601,0.0230,0.03310,0.00232,0.02099,1,1,0.088,-0.281,in_circle
106.993,1,2336,-0.01019,0.02794,-0.0710,0.0149,0.05211,0.11480,0.02207,1,1,0.177,-0.243,in_circle
107.037,1,2337,-0.01218,0.02706,-0.0456,-0.0202,0.05514,0.14841,0.02151,1,1,0.236,-0.215,in_circle
107.082,1,2338,-0.01231,0.02566,-0.0028,-0.0307,0.04466,0.14789,0.02017,1,1,0.139,-0.073,in_circle
107.124,1,2339,-0.01206,0.02358,0.0059,-0.0496,0.00803,0.14273,0.01809,1,1,-0.031,-0.029,in_circle
107.168,1,2340,-0.00994,0.02222,0.0482,-0.0308,-0.03129,0.11654,0.01636,1,1,-0.067,0.051,in_circle
107.214,1,2341,-0.00733,0.02054,0.0568,-0.0366,-0.05820,0.06662,0.01455,1,1,-0.241,-0.021,in_circle
107.256,1,2342,-0.00486,0.01955,0.0587,-0.0236,-0.08282,0.00456,0.01387,1,1,-0.282,0.005,in_circle
107.301,1,2343,-0.00210,0.01989,0.0620,0.0076,-0.07332,-0.04933,0.01502,1,1,-0.296,-0.045,in_circle
107.345,1,2344,-0.00113,0.02129,0.0218,0.0318,-0.04619,-0.07770,0.01668,1,1,-0.316,-0.171,in_circle
107.389,1,2345,-0.00084,0.02263,0.0065,0.0298,-0.01379,-0.08694,0.01802,1,1,-0.158,-0.272,in_circle
107.433,1,2346,-0.00218,0.02355,-0.0307,0.0212,0.02517,-0.06412,0.01843,1,1,-0.098,-0.268,in_circle
107.476,1,2347,-0.00525,0.02439,-0.0713,0.0196,0.05623,-0.01879,0.01857,1,1,0.054,-0.237,in_circle
107.522,1,2348,-0.00836,0.02456,-0.0686,0.0037,0.05845,0.04516,0.01857,1,1,0.224,-0.233,in_circle
107.565,1,2349,-0.01198,0.02331,-0.0830,-0.0288,0.04183,0.10721,0.01780,1,1,0.221,-0.171,in_circle
107.609,1,2350,-0.01437,0.02153,-0.0548,-0.0408,0.01649,0.15158,0.01686,1,1,0.288,-0.038,in_circle
107.654,1,2351,-0.01564,0.02057,-0.0278,-0.0211,-0.02515,0.16522,0.01654,1,1,0.181,0.013,in_circle
107.699,1,2352,-0.01518,0.01911,0.0104,-0.0327,-0.05960,0.14736,0.01505,1,1,0.077,-0.064,in_circle
107.742,1,2353,-0.01270,0.01847,0.0578,-0.0150,-0.07750,0.11113,0.01340,1,1,-0.077,-0.014,in_circle
107.784,1,2354,-0.00996,0.01972,0.0648,0.0297,-0.06620,0.06253,0.01389,1,1,-0.272,-0.084,in_circle
107.831,1,2355,-0.00758,0.02041,0.0508,0.0147,-0.04487,0.01132,0.01441,1,1,-0.307,-0.266,in_circle
107.873,1,2356,-0.00478,0.02193,0.0666,0.0361,-0.01548,-0.03876,0.01621,1,1,-0.257,-0.209,in_circle
107.917,1,2357,-0.00292,0.02314,0.0418,0.0272,0.03093,-0.07953,0.01782,1,1,-0.327,-0.299,in_circle
107.960,1,2358,-0.00313,0.02395,-0.0049,0.0190,0.04576,-0.08443,0.01855,1,1,-0.233,-0.267,in_circle
108.006,1,2359,-0.00380,0.02466,-0.0145,0.0155,0.05311,-0.05529,0.01909,1,1,-0.046,-0.237,in_circle
108.050,1,2360,-0.00595,0.02330,-0.0491,-0.0312,0.04563,-0.00769,0.01740,1,1,-0.006,-0.226,in_circle
108.093,1,2361,-0.00800,0.02266,-0.0475,-0.0148,0.01436,0.04852,0.01666,1,1,0.137,-0.036,in_circle
108.137,1,2362,-0.01044,0.02056,-0.0555,-0.0477,-0.01640,0.09482,0.01480,1,1,0.136,-0.101,in_circle
108.181,1,2363,-0.01217,0.01959,-0.0390,-0.0219,-0.04567,0.13088,0.01428,1,1,0.175,0.035,in_circle
108.224,1,2364,-0.01266,0.01904,-0.0114,-0.0127,-0.06058,0.15322,0.01392,1,1,0.113,-0.066,in_circle
108.268,1,2365,-0.01154,0.01855,0.0257,-0.0113,-0.05984,0.14625,0.01310,1,1,0.004,-0.102,in_circle
108.314,1,2366,-0.00915,0.01932,0.0519,0.0167,-0.04846,0.11912,0.01339,1,1,-0.147,-0.107,in_circle
108.356,1,2367,-0.00614,0.01971,0.0721,0.0092,-0.01387,0.06375,0.01381,1,1,-0.258,-0.222,in_circle
108.401,1,2368,-0.00337,0.02051,0.0608,0.0177,0.02479,0.00224,0.01517,1,1,-0.346,-0.193,in_circle
108.447,1,2369,-0.00065,0.02071,0.0603,0.0044,0.04662,-0.05663,0.01636,1,1,-0.308,-0.230,in_circle
108.489,1,2370,0.00091,0.02043,0.0371,-0.0067,0.05431,-0.09088,0.01686,1,1,-0.313,-0.178,in_circle
108.533,1,2371,0.00146,0.01925,0.0123,-0.0266,0.04148,-0.09349,0.01616,1,1,-0.225,-0.134,in_circle
108.578,1,2372,-0.00026,0.01815,-0.0378,-0.0243,0.01724,-0.06588,0.01429,1,1,-0.127,-0.051,in_circle
108.621,1,2373,-0.00313,0.01664,-0.0671,-0.0353,-0.02633,-0.01208,0.01162,1,1,0.077,-0.059,in_circle
108.665,1,2374,-0.00607,0.01516,-0.0669,-0.0336,-0.06585,0.05153,0.00933,1,1,0.202,-0.011,in_circle
108.709,1,2375,-0.00882,0.01506,-0.0623,-0.0025,-0.07125,0.10711,0.00911,1,1,0.208,-0.015,in_circle
108.752,1,2376,-0.01072,0.01409,-0.0445,-0.0227,-0.06721,0.14206,0.00860,1,1,0.197,-0.139,in_circle
108.797,1,2377,-0.01160,0.01513,-0.0194,0.0233,-0.04847,0.16505,0.00989,1,1,0.130,-0.056,in_circle
108.841,1,2378,-0.01118,0.01633,0.0094,0.0273,-0.01631,0.15361,0.01087,1,1,0.032,-0.243,in_circle
108.885,1,2379,-0.00904,0.01780,0.0488,0.0334,0.01546,0.11600,0.01186,1,1,-0.084,-0.263,in_circle
108.930,1,2380,-0.00590,0.01948,0.0701,0.0376,0.03626,0.05355,0.01362,1,1,-0.247,-0.291,in_circle
109.017,1,2381,-0.00185,0.01926,0.0466,-0.0025,0.05033,-0.05549,0.01453,1,1,-0.340,-0.314,in_circle
109.061,1,2382,0.00018,0.01772,0.0453,-0.0343,0.04958,-0.06993,0.01418,1,1,-0.256,-0.153,in_circle
109.105,1,2383,-0.00129,0.01665,-0.0337,-0.0248,0.04244,-0.06264,0.01248,1,1,-0.257,-0.023,in_circle
109.149,1,2384,-0.00249,0.01476,-0.0270,-0.0424,0.00550,-0.05541,0.01024,1,1,0.063,-0.059,in_circle
109.193,1,2385,-0.00439,0.01316,-0.0435,-0.0367,-0.03376,-0.02541,0.00793,1,1,0.039,0.016,in_circle
109.237,1,2386,-0.00718,0.01151,-0.0639,-0.0379,-0.05873,0.02831,0.00554,1,1,0.109,-0.003,in_circle
109.282,1,2387,-0.01086,0.01030,-0.0820,-0.0268,-0.07195,0.10209,0.00528,1,1,0.198,0.006,in_circle
109.325,1,2388,-0.01330,0.00948,-0.0557,-0.0188,-0.06583,0.15734,0.00651,1,1,0.280,-0.036,in_circle
109.368,1,2389,-0.01359,0.00929,-0.0068,-0.0044,-0.04656,0.18137,0.00666,1,1,0.181,-0.066,in_circle
109.412,1,2390,-0.01276,0.00989,0.0189,0.0136,-0.01662,0.16677,0.00630,1,1,-0.014,-0.123,in_circle
109.458,1,2391,-0.01071,0.00975,0.0452,-0.0032,0.02421,0.13578,0.00474,1,1,-0.118,-0.197,in_circle
109.502,1,2392,-0.00685,0.00867,0.0875,-0.0244,0.04675,0.08708,0.00283,1,1,-0.229,-0.129,in_circle
109.544,1,2393,-0.00383,0.00728,0.0714,-0.0328,0.05581,0.03689,0.00417,1,1,-0.408,-0.042,in_circle
109.589,1,2394,-0.00026,0.00463,0.0794,-0.0590,0.03901,-0.00765,0.00767,1,1,-0.351,-0.005,in_circle
109.633,1,2395,0.00254,0.00152,0.0640,-0.0710,0.00423,-0.04511,0.01127,1,1,-0.392,0.107,in_circle
109.678,1,2396,0.00390,-0.00179,0.0302,-0.0735,-0.03405,-0.07708,0.01406,1,1,-0.338,0.162,in_circle
109.721,1,2397,0.00429,-0.00508,0.0090,-0.0766,-0.06650,-0.08364,0.01640,1,1,-0.207,0.181,in_circle
109.767,1,2398,0.00283,-0.00686,-0.0320,-0.0388,-0.09001,-0.06189,0.01668,1,1,-0.124,0.202,in_circle
109.808,1,2399,0.00163,-0.00822,-0.0287,-0.0326,-0.08964,-0.01836,0.01706,1,1,0.044,0.056,in_circle
109.853,1,2400,-0.00104,-0.00797,-0.0604,0.0057,-0.07464,0.04308,0.01552,1,1,0.033,0.035,in_circle
109.898,1,2401,-0.00458,-0.00942,-0.0773,-0.0318,-0.04972,0.10753,0.01575,1,1,0.166,-0.118,in_circle
109.940,1,2402,-0.00748,-0.00964,-0.0689,-0.0051,-0.00419,0.15212,0.01564,1,1,0.243,0.036,in_circle
109.984,1,2403,-0.00892,-0.01037,-0.0331,-0.0169,0.02853,0.16825,0.01641,1,1,0.216,-0.069,in_circle
110.030,1,2404,-0.00905,-0.01083,-0.0030,-0.0100,0.02224,0.15921,0.01688,1,1,0.076,-0.020,in_circle
110.073,1,2405,-0.00734,-0.01143,0.0402,-0.0139,0.02236,0.12780,0.01743,1,1,-0.044,-0.045,in_circle
110.117,1,2406,-0.00469,-0.01301,0.0598,-0.0359,0.00534,0.07947,0.01927,1,1,-0.220,-0.027,in_circle
110.161,1,2407,-0.00202,-0.01581,0.0610,-0.0638,-0.02073,0.02771,0.02256,1,1,-0.306,0.065,in_circle
110.204,1,2408,0.00066,-0.01776,0.0621,-0.0450,-0.03895,-0.02904,0.02522,1,1,-0.317,0.185,in_circle
110.249,1,2409,0.00171,-0.01975,0.0232,-0.0442,-0.06285,-0.08006,0.02746,1,1,-0.329,0.116,in_circle
110.292,1,2410,0.00132,-0.02020,-0.0092,-0.0105,-0.08160,-0.10393,0.02774,1,1,-0.176,0.119,in_circle
110.338,1,2411,0.00053,-0.02073,-0.0172,-0.0114,-0.07454,-0.09026,0.02799,1,1,-0.046,-0.014,in_circle
110.380,1,2412,-0.00275,-0.01988,-0.0784,0.0202,-0.05085,-0.04344,0.02637,1,1,-0.012,-0.008,in_circle
110.425,1,2413,-0.00677,-0.01935,-0.0881,0.0117,-0.02436,0.01829,0.02537,1,1,0.240,-0.135,in_circle
110.469,1,2414,-0.01113,-0.01792,-0.1002,0.0328,0.01200,0.07424,0.02415,1,1,0.289,-0.101,in_circle
110.514,1,2415,-0.01528,-0.01776,-0.0926,0.0035,0.04466,0.12306,0.02491,1,1,0.348,-0.188,in_circle
110.556,1,2416,-0.01773,-0.01800,-0.0580,-0.0057,0.04559,0.15623,0.02598,1,1,0.329,-0.070,in_circle
110.602,1,2417,-0.01952,-0.01865,-0.0385,-0.0139,0.03877,0.16726,0.02729,1,1,0.197,-0.032,in_circle
110.644,1,2418,-0.01982,-0.01958,-0.0072,-0.0224,0.01876,0.15068,0.02826,1,1,0.124,0.004,in_circle
110.692,1,2419,-0.01845,-0.02164,0.0288,-0.0432,-0.02509,0.10410,0.02962,1,1,0.000,0.041,in_circle
110.734,1,2420,-0.01757,-0.02345,0.0207,-0.0428,-0.06252,0.04588,0.03103,1,1,-0.147,0.131,in_circle
110.778,1,2421,-0.01512,-0.02444,0.0559,-0.0227,-0.07830,-0.01034,0.03131,1,1,-0.116,0.135,in_circle
110.820,1,2422,-0.01491,-0.02493,0.0050,-0.0116,-0.08394,-0.04739,0.03174,1,1,-0.263,0.058,in_circle
110.865,1,2423,-0.01459,-0.02409,0.0070,0.0188,-0.07358,-0.06837,0.03084,1,1,-0.060,0.016,in_circle
110.909,1,2424,-0.01633,-0.02385,-0.0394,0.0053,-0.04239,-0.06440,0.03105,1,1,-0.068,-0.106,in_circle
110.952,1,2425,-0.01886,-0.02289,-0.0579,0.0221,-0.00091,-0.03680,0.03093,1,1,0.122,-0.051,in_circle
111.042,1,2426,-0.02699,-0.02222,-0.0907,0.0074,0.03500,0.07709,0.03413,1,1,0.204,-0.118,in_circle
111.084,1,2427,-0.03072,-0.02297,-0.0891,-0.0178,0.03097,0.12178,0.03694,1,1,0.356,-0.060,in_circle
111.129,1,2428,-0.03347,-0.02398,-0.0607,-0.0224,0.03086,0.12599,0.03947,1,1,0.360,0.044,in_circle
111.173,1,2429,-0.03523,-0.02582,-0.0400,-0.0417,0.00906,0.12618,0.04201,1,1,0.254,0.066,in_circle
111.218,1,2430,-0.03600,-0.02838,-0.0173,-0.0572,-0.03349,0.12324,0.04447,1,1,0.177,0.149,in_circle
111.261,1,2431,-0.03537,-0.03018,0.0145,-0.0417,-0.06505,0.10526,0.04549,1,1,0.093,0.217,in_circle
111.305,1,2432,-0.03380,-0.03121,0.0357,-0.0233,-0.08552,0.06402,0.04539,1,1,-0.027,0.164,in_circle
111.349,1,2433,-0.03214,-0.03116,0.0378,0.0011,-0.09346,0.00488,0.04442,1,1,-0.111,0.099,in_circle
111.393,1,2434,-0.03088,-0.03012,0.0289,0.0238,-0.07480,-0.05329,0.04286,1,1,-0.125,0.006,in_circle
111.437,1,2435,-0.03117,-0.02899,-0.0066,0.0258,-0.03903,-0.09663,0.04207,1,1,-0.097,-0.086,in_circle
111.480,1,2436,-0.03260,-0.02669,-0.0330,0.0530,-0.00107,-0.09417,0.04103,1,1,0.042,-0.098,in_circle
111.525,1,2437,-0.03509,-0.02540,-0.0553,0.0287,0.02926,-0.05259,0.04160,1,1,0.150,-0.212,in_circle
111.569,1,2438,-0.03899,-0.02439,-0.0891,0.0230,0.04268,0.01853,0.04355,1,1,0.245,-0.116,in_circle
111.613,1,2439,-0.04327,-0.02433,-0.0985,0.0013,0.04536,0.08947,0.04667,0,1,0.386,-0.091,running
111.657,1,2440,-0.04695,-0.02420,-0.0820,0.0030,0.02379,0.13661,0.04945,0,1,0.429,-0.001,running
111.700,1,2441,-0.04985,-0.02523,-0.0684,-0.0242,-0.01293,0.15387,0.05238,0,1,0.376,-0.002,running
111.746,1,2442,-0.05127,-0.02613,-0.0307,-0.0196,-0.04741,0.15500,0.05406,0,1,0.335,0.103,running
111.790,1,2443,-0.05170,-0.02713,-0.0098,-0.0228,-0.06896,0.14187,0.05500,0,1,0.211,0.093,running
111.833,1,2444,-0.05045,-0.02726,0.0287,-0.0032,-0.07896,0.11005,0.05409,0,1,0.144,0.109,running
111.877,1,2445,-0.04910,-0.02674,0.0305,0.0117,-0.07247,0.05878,0.05270,0,1,0.008,0.043,running
111.922,1,2446,-0.04794,-0.02534,0.0259,0.0313,-0.05379,-0.00015,0.05093,0,1,-0.005,-0.012,running
111.966,1,2447,-0.04716,-0.02358,0.0179,0.0406,-0.01777,-0.05032,0.04924,0,1,0.003,-0.088,running
112.010,1,2448,-0.04821,-0.02253,-0.0237,0.0238,0.02317,-0.08464,0.04947,0,1,0.027,-0.131,running
112.054,1,2449,-0.05019,-0.02150,-0.0449,0.0233,0.05025,-0.07324,0.05053,0,1,0.183,-0.071,running
112.096,1,2450,-0.05387,-0.02218,-0.0868,-0.0161,0.05423,-0.03181,0.05400,0,1,0.268,-0.068,running
112.141,1,2451,-0.05775,-0.02287,-0.0875,-0.0156,0.03078,0.03671,0.05769,0,1,0.427,0.078,running
112.186,1,2452,-0.06160,-0.02406,-0.0848,-0.0262,-0.00806,0.10523,0.06163,0,1,0.440,0.083,running
112.228,1,2453,-0.06562,-0.02586,-0.0945,-0.0423,-0.04116,0.14986,0.06601,0,1,0.444,0.125,running
112.273,1,2454,-0.06835,-0.02749,-0.0613,-0.0365,-0.07297,0.17067,0.06919,0,1,0.487,0.183,running
112.317,1,2455,-0.06975,-0.02860,-0.0318,-0.0252,-0.08357,0.16247,0.07096,0,1,0.404,0.174,running
112.361,1,2456,-0.06958,-0.02891,0.0039,-0.0071,-0.07983,0.13898,0.07096,0,1,0.332,0.150,running
112.405,1,2457,-0.06840,-0.02900,0.0266,-0.0020,-0.06497,0.10520,0.06998,0,1,0.235,0.102,running
112.450,1,2458,-0.06654,-0.02841,0.0417,0.0132,-0.03645,0.05169,0.06807,0,1,0.166,0.088,running
112.495,1,2459,-0.06512,-0.02807,0.0316,0.0075,0.00215,-0.01040,0.06668,0,1,0.110,0.041,running
112.537,1,2460,-0.06434,-0.02794,0.0183,0.0031,0.02703,-0.05083,0.06594,0,1,0.131,0.055,running
112.582,1,2461,-0.06495,-0.02815,-0.0135,-0.0047,0.02881,-0.06328,0.06657,0,1,0.167,0.067,running
112.625,1,2462,-0.06627,-0.02861,-0.0310,-0.0107,0.02008,-0.03916,0.06795,0,1,0.267,0.094,running
112.670,1,2463,-0.06889,-0.02953,-0.0583,-0.0206,-0.01172,0.01492,0.07067,0,1,0.328,0.116,running
112.714,1,2464,-0.07155,-0.03080,-0.0604,-0.0289,-0.04833,0.07291,0.07361,0,1,0.422,0.153,running
112.758,1,2465,-0.07378,-0.03175,-0.0508,-0.0217,-0.07985,0.12151,0.07601,0,1,0.444,0.184,running
112.803,1,2466,-0.07587,-0.03234,-0.0467,-0.0132,-0.08673,0.15596,0.07813,0,1,0.434,0.173,running
112.846,1,2467,-0.07613,-0.03287,-0.0059,-0.0121,-0.07836,0.17215,0.07861,0,1,0.438,0.159,running
112.890,1,2468,-0.07495,-0.03254,0.0271,0.0077,-0.06116,0.16591,0.07742,0,1,0.343,0.161,running
112.933,1,2469,-0.07211,-0.03212,0.0658,0.0095,-0.03038,0.14259,0.07476,0,1,0.254,0.110,running
112.977,1,2470,-0.06841,-0.03190,0.0839,0.0050,0.00251,0.10447,0.07149,0,1,0.132,0.099,running
113.065,1,2471,-0.06077,-0.03196,0.0868,-0.0007,0.01703,-0.01849,0.06517,0,1,0.054,0.106,running
113.109,1,2472,-0.05819,-0.03214,0.0583,-0.0040,0.01741,-0.04709,0.06320,0,1,-0.022,0.112,running
113.154,1,2473,-0.05612,-0.03278,0.0467,-0.0145,0.00717,-0.04253,0.06196,0,1,0.047,0.121,running
113.198,1,2474,-0.05550,-0.03344,0.0141,-0.0147,-0.02255,-0.03600,0.06189,0,1,0.072,0.155,running
113.241,1,2475,-0.05530,-0.03437,0.0046,-0.0216,-0.04925,-0.02276,0.06233,0,1,0.173,0.160,running
113.284,1,2476,-0.05672,-0.03450,-0.0333,-0.0031,-0.07143,0.02461,0.06351,0,1,0.205,0.187,running
113.329,1,2477,-0.05775,-0.03388,-0.0229,0.0140,-0.07748,0.08472,0.06391,0,1,0.332,0.134,running
113.374,1,2478,-0.05833,-0.03260,-0.0127,0.0280,-0.06949,0.14387,0.06358,0,1,0.306,0.082,running
113.419,1,2479,-0.05781,-0.03086,0.0117,0.0394,-0.04931,0.18526,0.06213,0,1,0.279,0.036,running
113.461,1,2480,-0.05623,-0.02919,0.0370,0.0391,-0.01701,0.17185,0.05987,0,1,0.200,-0.009,running
113.505,1,2481,-0.05317,-0.02758,0.0698,0.0368,0.02151,0.15253,0.05644,0,1,0.109,-0.020,running
113.549,1,2482,-0.04861,-0.02655,0.1044,0.0234,0.03509,0.12216,0.05220,0,1,-0.022,-0.028,running
113.594,1,2483,-0.04383,-0.02610,0.1061,0.0101,0.03380,0.06841,0.04825,0,1,-0.177,0.004,running
113.637,1,2484,-0.03918,-0.02539,0.1083,0.0166,0.01739,0.01239,0.04438,1,1,-0.221,0.043,in_circle
113.681,1,2485,-0.03482,-0.02471,0.0991,0.0154,-0.01374,-0.04224,0.04090,1,1,-0.264,0.010,in_circle
113.726,1,2486,-0.03116,-0.02474,0.0811,-0.0006,-0.04934,-0.08249,0.03861,1,1,-0.258,0.007,in_circle
113.769,1,2487,-0.02927,-0.02395,0.0440,0.0184,-0.06956,-0.08861,0.03685,1,1,-0.198,0.070,in_circle
113.814,1,2488,-0.02881,-0.02235,0.0102,0.0355,-0.06567,-0.06242,0.03529,1,1,-0.054,-0.006,in_circle
113.858,1,2489,-0.02978,-0.02014,-0.0221,0.0503,-0.05912,-0.01853,0.03415,1,1,0.081,-0.078,in_circle
113.900,1,2490,-0.03156,-0.01853,-0.0422,0.0383,-0.03702,0.04670,0.03415,1,1,0.214,-0.141,in_circle
113.946,1,2491,-0.03312,-0.01564,-0.0341,0.0630,0.00913,0.10787,0.03331,1,1,0.300,-0.096,in_circle
113.990,1,2492,-0.03378,-0.01334,-0.0147,0.0513,0.04589,0.15235,0.03239,1,1,0.272,-0.201,in_circle
114.033,1,2493,-0.03295,-0.01202,0.0197,0.0312,0.04778,0.17433,0.03094,1,1,0.197,-0.160,in_circle
114.077,1,2494,-0.03093,-0.01204,0.0452,-0.0003,0.04693,0.16944,0.02933,1,1,0.059,-0.081,in_circle
114.120,1,2495,-0.02799,-0.01190,0.0680,0.0032,0.02571,0.13044,0.02699,1,1,-0.047,0.045,in_circle
114.166,1,2496,-0.02371,-0.01273,0.0935,-0.0180,-0.01771,0.07128,0.02457,1,1,-0.145,0.032,in_circle
114.209,1,2497,-0.01988,-0.01352,0.0897,-0.0186,-0.05038,0.00669,0.02295,1,1,-0.257,0.120,in_circle
114.253,1,2498,-0.01533,-0.01404,0.1044,-0.0119,-0.06679,-0.04834,0.02140,1,1,-0.251,0.125,in_circle
114.297,1,2499,-0.01291,-0.01374,0.0539,0.0066,-0.07658,-0.08095,0.02039,1,1,-0.321,0.100,in_circle
114.341,1,2500,-0.01196,-0.01289,0.0219,0.0196,-0.07224,-0.08385,0.01934,1,1,-0.124,0.026,in_circle
114.385,1,2501,-0.01222,-0.01182,-0.0060,0.0241,-0.05092,-0.05582,0.01836,1,1,0.002,-0.027,in_circle
114.430,1,2502,-0.01284,-0.00968,-0.0139,0.0481,-0.01808,-0.00964,0.01647,1,1,0.114,-0.047,in_circle
114.473,1,2503,-0.01406,-0.00861,-0.0279,0.0246,0.02477,0.04203,0.01590,1,1,0.147,-0.147,in_circle
114.518,1,2504,-0.01641,-0.00688,-0.0528,0.0388,0.04057,0.09192,0.01550,1,1,0.207,-0.056,in_circle
114.561,1,2505,-0.01754,-0.00698,-0.0258,-0.0022,0.04375,0.13001,0.01623,1,1,0.313,-0.116,in_circle
114.605,1,2506,-0.01744,-0.00775,0.0023,-0.0177,0.02686,0.15222,0.01679,1,1,0.208,0.048,in_circle
114.651,1,2507,-0.01656,-0.00945,0.0194,-0.0375,-0.00337,0.15972,0.01776,1,1,0.096,0.113,in_circle
114.694,1,2508,-0.01383,-0.01126,0.0624,-0.0413,-0.02940,0.14206,0.01828,1,1,0.025,0.197,in_circle
114.738,1,2509,-0.01041,-0.01320,0.0781,-0.0443,-0.06721,0.08670,0.01937,1,1,-0.153,0.218,in_circle
114.781,1,2510,-0.00694,-0.01418,0.0810,-0.0229,-0.09273,0.01920,0.02020,1,1,-0.225,0.235,in_circle
114.824,1,2511,-0.00384,-0.01356,0.0720,0.0143,-0.09193,-0.03756,0.01996,1,1,-0.245,0.153,in_circle
114.869,1,2512,-0.00122,-0.01328,0.0579,0.0064,-0.07866,-0.06597,0.02037,1,1,-0.217,0.004,in_circle
114.914,1,2513,0.00002,-0.01127,0.0277,0.0448,-0.05054,-0.07780,0.01896,1,1,-0.167,0.036,in_circle
114.958,1,2514,-0.00047,-0.01003,-0.0111,0.0283,-0.01131,-0.05547,0.01762,1,1,-0.050,-0.122,in_circle
115.001,1,2515,-0.00216,-0.00875,-0.0395,0.0298,0.01854,-0.01002,0.01580,1,1,0.106,-0.059,in_circle
115.090,1,2516,-0.00649,-0.00859,-0.0484,0.0018,0.03837,0.09945,0.01465,1,1,0.224,-0.067,in_circle
115.132,1,2517,-0.00767,-0.00931,-0.0282,-0.0171,0.03101,0.13224,0.01531,1,1,0.270,0.045,in_circle
115.178,1,2518,-0.00829,-0.01088,-0.0132,-0.0339,0.02449,0.13895,0.01689,1,1,0.192,0.123,in_circle
115.221,1,2519,-0.00726,-0.01258,0.0243,-0.0400,-0.01014,0.14004,0.01859,1,1,0.134,0.196,in_circle
115.266,1,2520,-0.00600,-0.01553,0.0278,-0.0652,-0.05732,0.11763,0.02161,1,1,-0.019,0.225,in_circle
115.308,1,2521,-0.00386,-0.01745,0.0505,-0.0454,-0.07823,0.07359,0.02378,1,1,-0.036,0.334,in_circle
115.353,1,2522,-0.00083,-0.01873,0.0678,-0.0286,-0.09562,0.01628,0.02569,1,1,-0.132,0.261,in_circle
115.397,1,2523,0.00118,-0.01880,0.0455,-0.0016,-0.09710,-0.03711,0.02638,1,1,-0.210,0.198,in_circle
115.441,1,2524,0.00233,-0.01782,0.0262,0.0225,-0.07549,-0.07782,0.02588,1,1,-0.126,0.091,in_circle
115.485,1,2525,0.00171,-0.01695,-0.0141,0.0197,-0.04033,-0.09002,0.02484,1,1,-0.052,-0.007,in_circle
115.529,1,2526,-0.00023,-0.01507,-0.0440,0.0427,-0.00411,-0.06038,0.02239,1,1,0.111,0.003,in_circle
115.573,1,2527,-0.00356,-0.01415,-0.0762,0.0211,0.02792,-0.00227,0.02059,1,1,0.235,-0.092,in_circle
115.616,1,2528,-0.00780,-0.01400,-0.0986,0.0034,0.03656,0.07115,0.02000,1,1,0.372,-0.008,in_circle
115.660,1,2529,-0.01056,-0.01447,-0.0622,-0.0106,0.03218,0.12920,0.02066,1,1,0.472,0.064,in_circle
115.706,1,2530,-0.01314,-0.01507,-0.0560,-0.0129,0.00863,0.16217,0.02173,1,1,0.333,0.122,in_circle
115.749,1,2531,-0.01410,-0.01588,-0.0222,-0.0188,-0.03685,0.17304,0.02276,1,1,0.315,0.133,in_circle
115.794,1,2532,-0.01411,-0.01698,-0.0004,-0.0247,-0.06444,0.15106,0.02383,1,1,0.182,0.160,in_circle
115.837,1,2533,-0.01265,-0.01762,0.0342,-0.0150,-0.08110,0.10714,0.02411,1,1,0.095,0.187,in_circle
115.882,1,2534,-0.01089,-0.01730,0.0394,0.0072,-0.07861,0.04980,0.02350,1,1,-0.046,0.151,in_circle
115.925,1,2535,-0.00851,-0.01722,0.0553,0.0017,-0.06614,-0.00344,0.02323,1,1,-0.071,0.063,in_circle
115.970,1,2536,-0.00825,-0.01470,0.0057,0.0553,-0.04285,-0.05120,0.02071,1,1,-0.141,0.085,in_circle
116.013,1,2537,-0.00725,-0.01337,0.0233,0.0309,-0.00378,-0.07916,0.01938,1,1,0.057,-0.134,in_circle
116.056,1,2538,-0.00831,-0.01197,-0.0246,0.0324,0.02415,-0.06742,0.01798,1,1,-0.016,-0.039,in_circle
116.101,1,2539,-0.01040,-0.01202,-0.0469,-0.0012,0.03462,-0.03381,0.01821,1,1,0.178,-0.048,in_circle
116.145,1,2540,-0.01316,-0.01239,-0.0632,-0.0083,0.03075,0.03097,0.01915,1,1,0.273,0.088,in_circle
116.188,1,2541,-0.01637,-0.01295,-0.0740,-0.0130,0.00873,0.09905,0.02080,1,1,0.345,0.118,in_circle
116.234,1,2542,-0.01833,-0.01431,-0.0430,-0.0297,-0.02370,0.14592,0.02288,1,1,0.397,0.139,in_circle
116.277,1,2543,-0.01996,-0.01492,-0.0375,-0.0140,-0.05942,0.16670,0.02420,1,1,0.278,0.210,in_circle
116.321,1,2544,-0.02027,-0.01587,-0.0070,-0.0217,-0.08738,0.16315,0.02518,1,1,0.261,0.149,in_circle
116.364,1,2545,-0.01813,-0.01598,0.0493,-0.0025,-0.08609,0.13338,0.02429,1,1,0.140,0.184,in_circle
116.409,1,2546,-0.01617,-0.01597,0.0441,0.0002,-0.07335,0.08619,0.02351,1,1,-0.090,0.108,in_circle
116.452,1,2547,-0.01364,-0.01388,0.0582,0.0480,-0.04995,0.03180,0.02072,1,1,-0.074,0.098,in_circle
116.497,1,2548,-0.01058,-0.01211,0.0683,0.0395,-0.01283,-0.02278,0.01832,1,1,-0.136,-0.098,in_circle
116.542,1,2549,-0.00860,-0.01129,0.0440,0.0182,0.01742,-0.06397,0.01731,1,1,-0.184,-0.067,in_circle
116.586,1,2550,-0.00859,-0.01043,0.0002,0.0197,0.04210,-0.06612,0.01645,1,1,-0.092,0.017,in_circle
116.629,1,2551,-0.00872,-0.01039,-0.0029,0.0011,0.04242,-0.05204,0.01641,1,1,0.083,0.009,in_circle
116.672,1,2552,-0.01115,-0.01104,-0.0572,-0.0154,0.01282,-0.01261,0.01737,1,1,0.096,0.085,in_circle
116.717,1,2553,-0.01426,-0.01247,-0.0692,-0.0319,-0.02101,0.04015,0.01957,1,1,0.320,0.153,in_circle
116.760,1,2554,-0.01645,-0.01412,-0.0506,-0.0380,-0.05800,0.10008,0.02190,1,1,0.376,0.223,in_circle
116.807,1,2555,-0.01798,-0.01471,-0.0331,-0.0128,-0.08709,0.14707,0.02308,1,1,0.307,0.253,in_circle
116.849,1,2556,-0.01865,-0.01389,-0.0154,0.0192,-0.09951,0.17417,0.02265,1,1,0.241,0.154,in_circle
116.893,1,2557,-0.01852,-0.01284,0.0029,0.0239,-0.09091,0.16256,0.02168,1,1,0.173,0.025,in_circle
116.936,1,2558,-0.01661,-0.01057,0.0440,0.0525,-0.06429,0.13266,0.01877,1,1,0.100,0.005,in_circle
116.982,1,2559,-0.01252,-0.00807,0.0894,0.0547,-0.02672,0.08524,0.01484,1,1,-0.069,-0.115,in_circle
117.025,1,2560,-0.00909,-0.00527,0.0799,0.0651,0.01239,0.02872,0.01135,1,1,-0.261,-0.129,in_circle
117.114,1,2561,-0.00242,-0.00371,0.0751,0.0176,0.05363,-0.07136,0.01111,1,1,-0.231,-0.177,in_circle
117.158,1,2562,-0.00266,-0.00322,-0.0056,0.0113,0.04984,-0.08819,0.01056,1,1,-0.229,0.010,in_circle
117.201,1,2563,-0.00349,-0.00537,-0.0191,-0.0494,0.04887,-0.07583,0.01216,1,1,0.094,0.034,in_circle
117.245,1,2564,-0.00606,-0.00835,-0.0589,-0.0681,0.01795,-0.04833,0.01445,1,1,0.150,0.283,in_circle
117.290,1,2565,-0.00894,-0.01178,-0.0631,-0.0754,-0.03115,-0.00344,0.01782,1,1,0.316,0.365,in_circle
117.333,1,2566,-0.01320,-0.01561,-0.0989,-0.0891,-0.05955,0.05133,0.02228,1,1,0.340,0.404,in_circle
117.378,1,2567,-0.01682,-0.01776,-0.0820,-0.0486,-0.08489,0.10441,0.02541,1,1,0.494,0.469,in_circle
117.421,1,2568,-0.01977,-0.01878,-0.0677,-0.0234,-0.10628,0.14969,0.02752,1,1,0.436,0.314,in_circle
117.465,1,2569,-0.02183,-0.01973,-0.0475,-0.0220,-0.10280,0.17494,0.02931,1,1,0.386,0.217,in_circle
117.509,1,2570,-0.02212,-0.01902,-0.0066,0.0161,-0.07816,0.16537,0.02883,1,1,0.311,0.214,in_circle
117.552,1,2571,-0.02094,-0.01810,0.0274,0.0214,-0.03957,0.14237,0.02745,1,1,0.149,0.061,in_circle
117.597,1,2572,-0.01777,-0.01700,0.0694,0.0241,-0.00363,0.10168,0.02507,1,1,0.011,0.039,in_circle
117.641,1,2573,-0.01538,-0.01631,0.0552,0.0158,0.02893,0.04750,0.02357,1,1,-0.165,0.026,in_circle
117.685,1,2574,-0.01214,-0.01564,0.0727,0.0151,0.03876,-0.00035,0.02207,1,1,-0.114,0.059,in_circle
117.729,1,2575,-0.00933,-0.01609,0.0647,-0.0102,0.02655,-0.04412,0.02214,1,1,-0.192,0.061,in_circle
117.773,1,2576,-0.00865,-0.01708,0.0152,-0.0224,0.00081,-0.06898,0.02310,1,1,-0.167,0.164,in_circle
117.816,1,2577,-0.00930,-0.01756,-0.0151,-0.0110,-0.03892,-0.06731,0.02360,1,1,0.030,0.217,in_circle
117.860,1,2578,-0.01004,-0.01760,-0.0167,-0.0009,-0.07776,-0.04134,0.02370,1,1,0.153,0.173,in_circle
117.906,1,2579,-0.01274,-0.01747,-0.0590,0.0027,-0.09631,0.01615,0.02399,1,1,0.161,0.134,in_circle
117.951,1,2580,-0.01526,-0.01651,-0.0559,0.0212,-0.08737,0.07855,0.02372,1,1,0.337,0.120,in_circle
117.994,1,2581,-0.01733,-0.01366,-0.0479,0.0664,-0.06101,0.13100,0.02184,1,1,0.331,0.045,in_circle
118.037,1,2582,-0.01910,-0.01105,-0.0418,0.0612,-0.02953,0.16453,0.02046,1,1,0.305,-0.142,in_circle
118.081,1,2583,-0.01821,-0.00868,0.0204,0.0543,0.01013,0.17558,0.01799,1,1,0.285,-0.127,in_circle
118.126,1,2584,-0.01623,-0.00636,0.0438,0.0510,0.04301,0.15871,0.01496,1,1,0.035,-0.105,in_circle
118.170,1,2585,-0.01299,-0.00516,0.0739,0.0275,0.04814,0.11665,0.01231,1,1,-0.063,-0.097,in_circle
118.213,1,2586,-0.00882,-0.00516,0.0975,0.0001,0.03231,0.06457,0.01120,1,1,-0.191,-0.006,in_circle
118.257,1,2587,-0.00484,-0.00622,0.0896,-0.0240,0.01143,0.01042,0.01257,1,1,-0.296,0.105,in_circle
118.301,1,2588,-0.00199,-0.00753,0.0646,-0.0296,-0.02853,-0.04052,0.01472,1,1,-0.275,0.204,in_circle
118.346,1,2589,0.00054,-0.00866,0.0564,-0.0252,-0.06872,-0.08352,0.01687,1,1,-0.182,0.231,in_circle
118.390,1,2590,0.00124,-0.00935,0.0159,-0.0160,-0.09477,-0.09631,0.01782,1,1,-0.156,0.217,in_circle
118.433,1,2591,-0.00040,-0.00945,-0.0377,-0.0022,-0.09255,-0.06321,0.01713,1,1,0.004,0.182,in_circle
118.478,1,2592,-0.00302,-0.00921,-0.0588,0.0054,-0.08137,0.00138,0.01594,1,1,0.222,0.128,in_circle
118.520,1,2593,-0.00510,-0.00872,-0.0486,0.0115,-0.05552,0.06321,0.01497,1,1,0.313,0.098,in_circle
118.566,1,2594,-0.00752,-0.00640,-0.0532,0.0510,-0.00939,0.11418,0.01240,1,1,0.277,0.073,in_circle
118.608,1,2595,-0.00974,-0.00533,-0.0522,0.0252,0.02006,0.14458,0.01149,1,1,0.302,-0.091,in_circle
118.654,1,2596,-0.01019,-0.00502,-0.0099,0.0067,0.03394,0.15901,0.01128,1,1,0.303,0.010,in_circle
118.698,1,2597,-0.00934,-0.00506,0.0189,-0.0009,0.04343,0.14961,0.01117,1,1,0.135,0.084,in_circle
118.741,1,2598,-0.00773,-0.00610,0.0379,-0.0244,0.01784,0.12307,0.01210,1,1,0.018,0.115,in_circle
118.786,1,2599,-0.00497,-0.00787,0.0616,-0.0394,-0.02164,0.07969,0.01415,1,1,-0.062,0.212,in_circle
118.829,1,2600,-0.00216,-0.00958,0.0644,-0.0393,-0.05252,0.01509,0.01657,1,1,-0.164,0.277,in_circle
118.877,1,2601,-0.00012,-0.01084,0.0431,-0.0265,-0.07902,-0.04546,0.01851,1,1,-0.183,0.282,in_circle
118.964,1,2602,0.00151,-0.01167,0.0186,-0.0095,-0.08663,-0.09540,0.01997,1,1,-0.103,0.235,in_circle
119.005,1,2603,-0.00076,-0.01111,-0.0551,0.0136,-0.07486,-0.06979,0.01850,1,1,-0.010,0.170,in_circle
119.049,1,2604,-0.00339,-0.01033,-0.0597,0.0177,-0.06987,-0.02804,0.01692,1,1,0.291,0.077,in_circle
119.137,1,2605,-0.01189,-0.00742,-0.0962,0.0329,0.00193,0.05362,0.01403,1,1,0.315,0.060,in_circle
119.183,1,2606,-0.01667,-0.00594,-0.1040,0.0322,0.00248,0.08319,0.01487,1,1,0.483,-0.008,in_circle
119.224,1,2607,-0.02106,-0.00494,-0.1070,0.0243,0.00713,0.09932,0.01719,1,1,0.526,-0.008,in_circle
119.269,1,2608,-0.02367,-0.00484,-0.0579,0.0022,0.01962,0.11365,0.01922,1,1,0.550,0.022,in_circle
119.313,1,2609,-0.02620,-0.00499,-0.0577,-0.0035,0.00209,0.13379,0.02144,1,1,0.360,0.110,in_circle
119.357,1,2610,-0.02741,-0.00539,-0.0275,-0.0089,-0.01436,0.14577,0.02268,1,1,0.367,0.134,in_circle
119.400,1,2611,-0.02753,-0.00552,-0.0027,-0.0030,-0.04238,0.13593,0.02284,1,1,0.250,0.157,in_circle
119.446,1,2612,-0.02627,-0.00634,0.0274,-0.0180,-0.07182,0.10528,0.02222,1,1,0.152,0.134,in_circle
119.491,1,2613,-0.02406,-0.00571,0.0495,0.0141,-0.07596,0.05149,0.02003,1,1,0.029,0.197,in_circle
119.533,1,2614,-0.02286,-0.00486,0.0282,0.0199,-0.06661,-0.00698,0.01857,1,1,-0.064,0.067,in_circle
119.578,1,2615,-0.02195,-0.00359,0.0205,0.0286,-0.05871,-0.05372,0.01710,1,1,0.019,0.043,in_circle
119.621,1,2616,-0.02223,-0.00246,-0.0064,0.0263,-0.02556,-0.07605,0.01672,1,1,0.048,0.005,in_circle
119.665,1,2617,-0.02379,-0.00182,-0.0354,0.0144,0.01358,-0.06092,0.01780,1,1,0.157,0.012,in_circle
119.712,1,2618,-0.02612,-0.00159,-0.0498,0.0050,0.03061,-0.01120,0.01983,1,1,0.278,0.058,in_circle
119.753,1,2619,-0.02917,-0.00195,-0.0736,-0.0086,0.02417,0.05286,0.02280,1,1,0.342,0.096,in_circle
119.796,1,2620,-0.03230,-0.00347,-0.0729,-0.0357,0.00829,0.10665,0.02626,1,1,0.445,0.151,in_circle
119.841,1,2621,-0.03473,-0.00472,-0.0536,-0.0276,-0.02711,0.14276,0.02898,1,1,0.452,0.264,in_circle
119.886,1,2622,-0.03632,-0.00703,-0.0360,-0.0521,-0.07011,0.16459,0.03135,1,1,0.382,0.235,in_circle
119.931,1,2623,-0.03609,-0.00820,0.0051,-0.0261,-0.10019,0.16849,0.03165,1,1,0.316,0.339,in_circle
119.973,1,2624,-0.03432,-0.00843,0.0417,-0.0053,-0.10151,0.14724,0.03019,1,1,0.153,0.239,in_circle
120.018,1,2625,-0.03145,-0.00854,0.0633,-0.0025,-0.08960,0.10871,0.02776,1,1,0.003,0.157,in_circle
120.062,1,2626,-0.02841,-0.00765,0.0702,0.0206,-0.06910,0.04446,0.02471,1,1,-0.090,0.147,in_circle
120.106,1,2627,-0.02546,-0.00610,0.0660,0.0348,-0.02702,-0.01594,0.02141,1,1,-0.124,0.053,in_circle
120.149,1,2628,-0.02342,-0.00468,0.0474,0.0327,0.01276,-0.05714,0.01892,1,1,-0.113,-0.007,in_circle
120.195,1,2629,-0.02193,-0.00410,0.0323,0.0127,0.03784,-0.07829,0.01737,1,1,-0.043,-0.002,in_circle
120.239,1,2630,-0.02254,-0.00374,-0.0142,0.0083,0.04598,-0.06215,0.01767,1,1,0.014,0.077,in_circle
120.281,1,2631,-0.02430,-0.00503,-0.0410,-0.0301,0.03085,-0.02032,0.01985,1,1,0.202,0.094,in_circle
120.325,1,2632,-0.02577,-0.00642,-0.0336,-0.0320,-0.00558,0.03457,0.02184,1,1,0.314,0.251,in_circle
120.369,1,2633,-0.02810,-0.00893,-0.0524,-0.0564,-0.04383,0.08744,0.02519,1,1,0.289,0.263,in_circle
120.412,1,2634,-0.02949,-0.01108,-0.0324,-0.0502,-0.07827,0.13374,0.02760,1,1,0.371,0.367,in_circle
120.458,1,2635,-0.03050,-0.01171,-0.0222,-0.0138,-0.09550,0.16501,0.02879,1,1,0.296,0.349,in_circle
120.501,1,2636,-0.02937,-0.01245,0.0262,-0.0172,-0.10099,0.16449,0.02838,1,1,0.258,0.205,in_circle
120.545,1,2637,-0.02760,-0.01138,0.0400,0.0240,-0.08871,0.13465,0.02634,1,1,0.063,0.222,in_circle
120.589,1,2638,-0.02510,-0.01005,0.0560,0.0298,-0.05757,0.09166,0.02360,1,1,0.004,0.055,in_circle
120.632,1,2639,-0.02167,-0.00861,0.0811,0.0340,-0.01862,0.03668,0.02015,1,1,-0.065,0.029,in_circle
120.678,1,2640,-0.01793,-0.00696,0.0818,0.0362,0.01585,-0.00527,0.01645,1,1,-0.174,0.010,in_circle
120.721,1,2641,-0.01531,-0.00543,0.0598,0.0351,0.03583,-0.04307,0.01367,1,1,-0.186,-0.003,in_circle
120.765,1,2642,-0.01403,-0.00518,0.0291,0.0055,0.02986,-0.06443,0.01280,1,1,-0.104,-0.002,in_circle
120.810,1,2643,-0.01318,-0.00613,0.0190,-0.0210,0.01451,-0.06462,0.01327,1,1,0.016,0.116,in_circle
120.854,1,2644,-0.01484,-0.00703,-0.0384,-0.0208,-0.01084,-0.03605,0.01481,1,1,0.055,0.225,in_circle
120.898,1,2645,-0.01648,-0.00852,-0.0372,-0.0339,-0.05195,0.02345,0.01692,1,1,0.289,0.228,in_circle
120.941,1,2646,-0.01912,-0.00883,-0.0608,-0.0071,-0.08597,0.09268,0.01866,1,1,0.288,0.284,in_circle
120.986,1,2647,-0.02078,-0.00845,-0.0371,0.0086,-0.09535,0.14242,0.01942,1,1,0.390,0.178,in_circle
121.029,1,2648,-0.02145,-0.00800,-0.0156,0.0103,-0.09294,0.16684,0.01955,1,1,0.300,0.115,in_circle
121.076,1,2649,-0.02055,-0.00610,0.0191,0.0406,-0.07076,0.16146,0.01758,1,1,0.216,0.108,in_circle
121.161,1,2650,-0.01532,-0.00181,0.0614,0.0503,0.00610,0.09386,0.01085,1,1,0.076,-0.017,in_circle
121.206,1,2651,-0.01146,0.00011,0.0856,0.0425,0.00836,0.05123,0.00694,1,1,-0.106,-0.066,in_circle
121.249,1,2652,-0.00756,0.00086,0.0914,0.0177,0.02226,0.03579,0.00514,1,1,-0.212,-0.040,in_circle
121.295,1,2653,-0.00396,0.00038,0.0782,-0.0104,0.03731,0.01400,0.00680,1,1,-0.245,0.058,in_circle
121.338,1,2654,-0.00094,-0.00099,0.0703,-0.0319,0.01219,-0.02880,0.00979,1,1,-0.202,0.172,in_circle
121.382,1,2655,-0.00009,-0.00278,0.0192,-0.0405,-0.01793,-0.05953,0.01168,1,1,-0.178,0.262,in_circle
121.425,1,2656,0.00128,-0.00402,0.0316,-0.0287,-0.05357,-0.06537,0.01352,1,1,0.024,0.301,in_circle
121.469,1,2657,0.00096,-0.00560,-0.0074,-0.0361,-0.08869,-0.03997,0.01453,1,1,-0.029,0.257,in_circle
121.513,1,2658,-0.00108,-0.00644,-0.0459,-0.0191,-0.10178,0.00907,0.01414,1,1,0.127,0.291,in_circle
121.558,1,2659,-0.00293,-0.00588,-0.0417,0.0126,-0.08853,0.06617,0.01284,1,1,0.286,0.226,in_circle
121.602,1,2660,-0.00480,-0.00479,-0.0423,0.0247,-0.07412,0.12046,0.01120,1,1,0.274,0.098,in_circle
121.645,1,2661,-0.00569,-0.00327,-0.0204,0.0348,-0.04533,0.16689,0.00951,1,1,0.281,0.048,in_circle
121.690,1,2662,-0.00383,-0.00238,0.0420,0.0201,-0.00093,0.18352,0.00927,1,1,0.195,0.004,in_circle
121.734,1,2663,-0.00290,-0.00143,0.0214,0.0217,0.03027,0.16437,0.00890,1,1,-0.059,0.061,in_circle
121.777,1,2664,0.00078,-0.00184,0.0838,-0.0094,0.04111,0.12820,0.01162,1,1,0.021,0.052,in_circle
121.821,1,2665,0.00558,-0.00298,0.1114,-0.0266,0.02788,0.06913,0.01612,1,1,-0.239,0.178,in_circle
121.865,1,2666,0.01021,-0.00458,0.1046,-0.0361,-0.00267,0.01120,0.02089,1,1,-0.362,0.250,in_circle
121.909,1,2667,0.01508,-0.00581,0.1097,-0.0277,-0.03563,-0.03975,0.02575,1,1,-0.347,0.293,in_circle
121.954,1,2668,0.01930,-0.00722,0.0946,-0.0315,-0.07405,-0.07510,0.03015,1,1,-0.380,0.263,in_circle
121.999,1,2669,0.02111,-0.00816,0.0403,-0.0210,-0.09538,-0.09411,0.03219,1,1,-0.332,0.282,in_circle
122.041,1,2670,0.02096,-0.00732,-0.0034,0.0197,-0.08753,-0.07673,0.03170,1,1,-0.120,0.243,in_circle
122.086,1,2671,0.01829,-0.00584,-0.0600,0.0333,-0.07695,-0.03663,0.02865,1,1,0.054,0.079,in_circle
122.129,1,2672,0.01525,-0.00398,-0.0695,0.0423,-0.05590,0.01854,0.02512,1,1,0.286,0.021,in_circle
122.174,1,2673,0.01235,-0.00225,-0.0651,0.0389,-0.00966,0.08194,0.02177,1,1,0.330,-0.019,in_circle
122.218,1,2674,0.01052,-0.00091,-0.0418,0.0307,0.02552,0.13805,0.01958,1,1,0.319,-0.010,in_circle
122.261,1,2675,0.00972,0.00026,-0.0182,0.0268,0.04238,0.17042,0.01844,1,1,0.229,0.020,in_circle
122.307,1,2676,0.01001,0.00060,0.0064,0.0074,0.03315,0.17076,0.01861,1,1,0.136,0.033,in_circle
122.350,1,2677,0.01199,-0.00011,0.0458,-0.0164,0.01172,0.14079,0.02071,1,1,0.036,0.110,in_circle
122.393,1,2678,0.01419,-0.00051,0.0507,-0.0090,-0.02547,0.08480,0.02293,1,1,-0.127,0.208,in_circle
122.438,1,2679,0.01809,-0.00126,0.0873,-0.0168,-0.06210,0.02833,0.02689,1,1,-0.153,0.179,in_circle
122.481,1,2680,0.02192,-0.00182,0.0886,-0.0130,-0.09257,-0.01857,0.03073,1,1,-0.311,0.213,in_circle
122.526,1,2681,0.02365,-0.00243,0.0390,-0.0137,-0.09243,-0.05625,0.03256,1,1,-0.326,0.199,in_circle
122.570,1,2682,0.02435,-0.00191,0.0158,0.0117,-0.07730,-0.08039,0.03311,1,1,-0.134,0.204,in_circle
122.613,1,2683,0.02405,-0.00084,-0.0070,0.0249,-0.05009,-0.07899,0.03257,1,1,-0.044,0.101,in_circle
122.657,1,2684,0.02246,0.00087,-0.0355,0.0383,-0.01564,-0.05045,0.03069,1,1,0.046,0.046,in_circle
122.701,1,2685,0.02094,0.00192,-0.0351,0.0243,0.01591,0.01211,0.02903,1,1,0.163,-0.012,in_circle
122.747,1,2686,0.01881,0.00404,-0.0462,0.0459,0.03387,0.07869,0.02669,1,1,0.164,0.042,in_circle
122.789,1,2687,0.01717,0.00425,-0.0392,0.0051,0.02816,0.13745,0.02503,1,1,0.212,-0.050,in_circle
122.834,1,2688,0.01730,0.00501,0.0030,0.0167,0.01078,0.16335,0.02512,1,1,0.187,0.113,in_circle
122.877,1,2689,0.01942,0.00432,0.0492,-0.0161,-0.00792,0.15853,0.02727,1,1,0.017,0.065,in_circle
122.922,1,2690,0.02138,0.00415,0.0438,-0.0038,-0.03779,0.12869,0.02924,1,1,-0.174,0.198,in_circle
122.965,1,2691,0.02591,0.00396,0.1055,-0.0045,-0.06548,0.07912,0.03378,1,1,-0.159,0.149,in_circle
123.010,1,2692,0.03059,0.00479,0.1049,0.0188,-0.07712,0.01630,0.03841,1,1,-0.418,0.153,in_circle
123.052,1,2693,0.03438,0.00639,0.0885,0.0373,-0.07392,-0.03871,0.04218,1,1,-0.429,0.057,in_circle
123.097,1,2694,0.03641,0.00823,0.0449,0.0409,-0.05487,-0.07913,0.04426,1,1,-0.372,-0.018,in_circle
123.185,1,2695,0.03793,0.01159,0.0175,0.0385,0.01297,-0.07681,0.04607,0,1,-0.212,-0.033,running
123.228,1,2696,0.03665,0.01276,-0.0295,0.0270,0.01547,-0.05007,0.04496,1,1,-0.115,-0.031,in_circle
123.274,1,2697,0.03325,0.01447,-0.0740,0.0371,0.01620,-0.02288,0.04191,1,1,0.067,0.007,in_circle
123.317,1,2698,0.02929,0.01494,-0.0919,0.0108,0.01615,0.01435,0.03816,1,1,0.258,-0.039,in_circle
123.361,1,2699,0.02551,0.01539,-0.0862,0.0105,-0.01073,0.07314,0.03461,1,1,0.348,0.062,in_circle
123.405,1,2700,0.02267,0.01613,-0.0646,0.0168,-0.02426,0.13156,0.03211,1,1,0.333,0.062,in_circle
123.450,1,2701,0.02031,0.01726,-0.0525,0.0250,-0.04479,0.17188,0.03028,1,1,0.253,0.034,in_circle
123.493,1,2702,0.02046,0.01812,0.0035,0.0200,-0.06482,0.17440,0.03075,1,1,0.209,-0.002,in_circle
123.538,1,2703,0.02124,0.02074,0.0172,0.0581,-0.05030,0.13994,0.03257,1,1,-0.017,0.016,in_circle
123.582,1,2704,0.02367,0.02288,0.0554,0.0490,-0.03767,0.09279,0.03571,1,1,-0.075,-0.144,in_circle
123.626,1,2705,0.02690,0.02547,0.0729,0.0583,-0.02059,0.04077,0.03978,1,1,-0.235,-0.114,in_circle
123.669,1,2706,0.03014,0.02790,0.0756,0.0567,0.01662,-0.00051,0.04381,1,1,-0.314,-0.158,in_circle
123.714,1,2707,0.03355,0.02986,0.0759,0.0437,0.03924,-0.03637,0.04774,0,1,-0.331,-0.154,running
123.758,1,2708,0.03455,0.03148,0.0230,0.0371,0.03346,-0.06927,0.04943,0,1,-0.339,-0.109,running
123.802,1,2709,0.03537,0.03250,0.0183,0.0228,0.03378,-0.08339,0.05065,0,1,-0.151,-0.090,running
123.845,1,2710,0.03356,0.03272,-0.0421,0.0051,0.00226,-0.06425,0.04924,0,1,-0.140,-0.042,running
123.890,1,2711,0.03019,0.03310,-0.0755,0.0086,-0.03355,-0.02861,0.04666,0,1,0.085,0.021,running
123.933,1,2712,0.02660,0.03295,-0.0830,-0.0035,-0.05878,0.02885,0.04370,1,1,0.227,0.008,in_circle
123.977,1,2713,0.02323,0.03369,-0.0776,0.0171,-0.07386,0.09158,0.04159,1,1,0.279,0.057,in_circle
124.022,1,2714,0.02082,0.03493,-0.0534,0.0274,-0.06897,0.13823,0.04070,1,1,0.276,-0.024,in_circle
124.066,1,2715,0.01980,0.03729,-0.0232,0.0534,-0.05312,0.16785,0.04172,1,1,0.188,-0.069,in_circle
124.109,1,2716,0.01967,0.03954,-0.0030,0.0513,-0.02763,0.16647,0.04335,1,1,0.068,-0.179,in_circle
124.152,1,2717,0.02097,0.04114,0.0307,0.0377,0.01626,0.13695,0.04541,1,1,-0.015,-0.177,in_circle
124.197,1,2718,0.02369,0.04281,0.0598,0.0367,0.04902,0.08586,0.04844,0,1,-0.151,-0.131,running
124.241,1,2719,0.02676,0.04422,0.0699,0.0323,0.05584,0.03312,0.05153,0,1,-0.267,-0.134,running
124.285,1,2720,0.02984,0.04435,0.0701,0.0028,0.04274,-0.02294,0.05373,0,1,-0.311,-0.126,running
124.331,1,2721,0.03202,0.04392,0.0479,-0.0094,0.01392,-0.06961,0.05498,0,1,-0.321,-0.028,running
124.374,1,2722,0.03271,0.04305,0.0161,-0.0203,-0.02460,-0.09876,0.05490,0,1,-0.253,0.011,running
124.417,1,2723,0.03140,0.04245,-0.0299,-0.0136,-0.05786,-0.09127,0.05353,0,1,-0.149,0.049,running
124.463,1,2724,0.02858,0.04229,-0.0626,-0.0035,-0.07665,-0.05086,0.05139,0,1,0.014,0.030,running
124.506,1,2725,0.02521,0.04274,-0.0776,0.0104,-0.07537,0.00903,0.04940,0,1,0.144,-0.002,running
124.549,1,2726,0.02160,0.04384,-0.0828,0.0251,-0.06029,0.06852,0.04792,0,1,0.215,-0.051,running
124.594,1,2727,0.01798,0.04506,-0.0815,0.0274,-0.03038,0.10992,0.04680,0,1,0.251,-0.108,running
124.637,1,2728,0.01494,0.04678,-0.0704,0.0398,0.01177,0.14443,0.04669,0,1,0.261,-0.121,running
124.681,1,2729,0.01372,0.04818,-0.0277,0.0318,0.04123,0.15895,0.04735,0,1,0.227,-0.174,running
124.725,1,2730,0.01327,0.04854,-0.0102,0.0082,0.05051,0.15139,0.04748,0,1,0.069,-0.150,running
124.769,1,2731,0.01506,0.04826,0.0414,-0.0065,0.04313,0.10790,0.04805,0,1,0.004,-0.066,running
124.813,1,2732,0.01742,0.04756,0.0527,-0.0158,0.02462,0.05185,0.04861,0,1,-0.193,-0.014,running
124.858,1,2733,0.01955,0.04599,0.0474,-0.0351,-0.01179,-0.00185,0.04844,0,1,-0.242,0.019,running
124.902,1,2734,0.02141,0.04457,0.0429,-0.0325,-0.05289,-0.04917,0.04839,0,1,-0.230,0.093,running
124.945,1,2735,0.02159,0.04382,0.0042,-0.0173,-0.07296,-0.07912,0.04790,0,1,-0.220,0.086,running
124.990,1,2736,0.02120,0.04450,-0.0087,0.0151,-0.08068,-0.07980,0.04820,0,1,-0.079,0.032,running
125.033,1,2737,0.01893,0.04525,-0.0531,0.0176,-0.07387,-0.04980,0.04749,0,1,-0.033,-0.091,running
125.078,1,2738,0.01566,0.04722,-0.0725,0.0437,-0.04112,0.00407,0.04743,0,1,0.138,-0.103,running
125.121,1,2739,0.01225,0.04899,-0.0786,0.0408,-0.00261,0.06098,0.04743,0,1,0.219,-0.207,running
125.209,1,2740,0.00698,0.05145,-0.0600,0.0280,0.05816,0.15998,0.04779,0,1,0.249,-0.205,running
125.253,1,2741,0.00661,0.05151,-0.0087,0.0014,0.05735,0.17629,0.04773,0,1,0.194,-0.168,running
125.297,1,2742,0.00745,0.05052,0.0194,-0.0228,0.05375,0.16465,0.04706,0,1,0.005,-0.071,running
125.343,1,2743,0.00966,0.04875,0.0479,-0.0384,0.02986,0.13924,0.04617,0,1,-0.102,0.021,running
125.385,1,2744,0.01343,0.04644,0.0887,-0.0542,-0.01684,0.09549,0.04568,0,1,-0.216,0.085,running
125.431,1,2745,0.01738,0.04420,0.0866,-0.0493,-0.05041,0.04430,0.04575,0,1,-0.382,0.151,running
125.472,1,2746,0.02125,0.04212,0.0933,-0.0500,-0.07118,-0.00839,0.04635,0,1,-0.386,0.137,running
125.517,1,2747,0.02442,0.04098,0.0706,-0.0254,-0.08874,-0.05773,0.04756,0,1,-0.422,0.142,running
125.562,1,2748,0.02580,0.04044,0.0307,-0.0119,-0.07799,-0.09393,0.04812,0,1,-0.345,0.048,running
125.606,1,2749,0.02644,0.04130,0.0145,0.0195,-0.05251,-0.09868,0.04918,0,1,-0.203,-0.003,running
125.650,1,2750,0.02519,0.04190,-0.0282,0.0135,-0.02378,-0.05863,0.04876,0,1,-0.148,-0.124,running
125.695,1,2751,0.02279,0.04258,-0.0533,0.0152,0.01570,0.00110,0.04769,0,1,0.010,-0.105,running
125.738,1,2752,0.01947,0.04283,-0.0767,0.0058,0.04766,0.06287,0.04583,0,1,0.111,-0.113,running
125.782,1,2753,0.01723,0.04269,-0.0520,-0.0034,0.04878,0.11079,0.04441,1,1,0.214,-0.078,in_circle
125.824,1,2754,0.01494,0.04137,-0.0536,-0.0308,0.03562,0.13922,0.04205,1,1,0.131,-0.042,in_circle
125.869,1,2755,0.01410,0.03930,-0.0189,-0.0469,0.00561,0.15484,0.03986,1,1,0.150,0.072,in_circle
125.914,1,2756,0.01535,0.03713,0.0271,-0.0473,-0.03984,0.14184,0.03879,1,1,0.019,0.147,in_circle
125.958,1,2757,0.01645,0.03575,0.0255,-0.0320,-0.07256,0.10316,0.03838,1,1,-0.169,0.152,in_circle
126.002,1,2758,0.01875,0.03474,0.0517,-0.0227,-0.08958,0.03521,0.03912,1,1,-0.166,0.093,in_circle
126.045,1,2759,0.02064,0.03451,0.0437,-0.0053,-0.08233,-0.02645,0.04027,1,1,-0.278,0.057,in_circle
126.090,1,2760,0.02296,0.03471,0.0526,0.0045,-0.05813,-0.06715,0.04207,1,1,-0.252,-0.013,in_circle
126.134,1,2761,0.02318,0.03616,0.0050,0.0327,-0.01871,-0.08084,0.04323,1,1,-0.294,-0.057,in_circle
126.179,1,2762,0.02218,0.03669,-0.0223,0.0120,0.02059,-0.06930,0.04291,1,1,-0.111,-0.172,in_circle
126.222,1,2763,0.01991,0.03664,-0.0524,-0.0012,0.04343,-0.02964,0.04131,1,1,-0.003,-0.095,in_circle
126.265,1,2764,0.01674,0.03595,-0.0740,-0.0161,0.05282,0.03118,0.03872,1,1,0.124,-0.042,in_circle
126.309,1,2765,0.01390,0.03442,-0.0639,-0.0345,0.03281,0.08478,0.03575,1,1,0.222,0.020,in_circle
126.354,1,2766,0.01224,0.03279,-0.0374,-0.0366,-0.00385,0.12498,0.03346,1,1,0.188,0.096,in_circle
126.398,1,2767,0.01125,0.03115,-0.0224,-0.0369,-0.04211,0.15250,0.03155,1,1,0.085,0.108,in_circle
126.440,1,2768,0.01124,0.02945,-0.0001,-0.0401,-0.07224,0.15890,0.03021,1,1,0.027,0.112,in_circle
126.486,1,2769,0.01252,0.02858,0.0279,-0.0189,-0.08136,0.13082,0.03038,1,1,-0.063,0.128,in_circle
126.529,1,2770,0.01433,0.02922,0.0421,0.0150,-0.07264,0.07879,0.03208,1,1,-0.179,0.044,in_circle
126.575,1,2771,0.01714,0.02938,0.0622,0.0034,-0.05625,0.00873,0.03418,1,1,-0.241,-0.094,in_circle
126.618,1,2772,0.01939,0.03024,0.0520,0.0199,-0.02237,-0.04963,0.03643,1,1,-0.330,-0.049,in_circle
126.661,1,2773,0.02097,0.03122,0.0364,0.0227,0.01950,-0.08120,0.03826,1,1,-0.296,-0.118,in_circle
126.708,1,2774,0.02047,0.03206,-0.0107,0.0179,0.04057,-0.08698,0.03845,1,1,-0.239,-0.133,in_circle
126.749,1,2775,0.01969,0.03195,-0.0190,-0.0027,0.04000,-0.06456,0.03780,1,1,-0.051,-0.117,in_circle
126.794,1,2776,0.01711,0.03214,-0.0582,0.0043,0.03465,-0.01805,0.03610,1,1,-0.017,-0.036,in_circle
126.837,1,2777,0.01493,0.03073,-0.0500,-0.0322,0.00529,0.03909,0.03359,1,1,0.146,-0.065,in_circle
126.882,1,2778,0.01218,0.02977,-0.0614,-0.0214,-0.03732,0.09639,0.03105,1,1,0.117,0.083,in_circle
126.926,1,2779,0.00975,0.02821,-0.0556,-0.0358,-0.06275,0.14285,0.02831,1,1,0.169,0.041,in_circle
126.969,1,2780,0.00906,0.02744,-0.0158,-0.0177,-0.07631,0.16312,0.02727,1,1,0.151,0.102,in_circle
127.014,1,2781,0.00953,0.02741,0.0107,-0.0006,-0.07468,0.14657,0.02755,1,1,-0.007,0.030,in_circle
127.058,1,2782,0.01130,0.02844,0.0404,0.0235,-0.05675,0.11563,0.02947,1,1,-0.115,-0.039,in_circle
127.101,1,2783,0.01471,0.02909,0.0781,0.0150,-0.03135,0.06066,0.03224,1,1,-0.239,-0.139,in_circle
127.146,1,2784,0.01671,0.03005,0.0450,0.0214,0.01183,-0.00019,0.03434,1,1,-0.400,-0.107,in_circle
127.233,1,2785,0.02052,0.03049,0.0436,0.0050,0.05053,-0.08835,0.03744,1,1,-0.274,-0.138,in_circle
127.278,1,2786,0.02025,0.02986,-0.0061,-0.0141,0.04677,-0.10697,0.03682,1,1,-0.280,-0.074,in_circle
127.322,1,2787,0.01838,0.02810,-0.0419,-0.0396,0.04594,-0.09016,0.03426,1,1,-0.081,0.003,in_circle
127.365,1,2788,0.01509,0.02592,-0.0760,-0.0504,0.01280,-0.05359,0.03034,1,1,0.065,0.108,in_circle
127.410,1,2789,0.00987,0.02342,-0.1162,-0.0556,-0.03296,0.00097,0.02481,1,1,0.209,0.156,in_circle
127.455,1,2790,0.00491,0.02101,-0.1112,-0.0541,-0.06222,0.06380,0.01966,1,1,0.382,0.182,in_circle
127.497,1,2791,0.00080,0.01970,-0.0967,-0.0306,-0.08715,0.11703,0.01618,1,1,0.374,0.181,in_circle
127.542,1,2792,-0.00261,0.01969,-0.0772,-0.0002,-0.08716,0.15118,0.01464,1,1,0.326,0.090,in_circle
127.585,1,2793,-0.00500,0.02021,-0.0549,0.0119,-0.07577,0.16743,0.01449,1,1,0.256,-0.032,in_circle
127.628,1,2794,-0.00571,0.02174,-0.0164,0.0353,-0.04418,0.15473,0.01588,1,1,0.173,-0.082,in_circle
127.674,1,2795,-0.00515,0.02344,0.0124,0.0372,-0.00596,0.11961,0.01764,1,1,0.020,-0.180,in_circle
127.716,1,2796,-0.00369,0.02530,0.0346,0.0444,0.02980,0.06681,0.01974,1,1,-0.096,-0.193,in_circle
127.763,1,2797,-0.00149,0.02633,0.0471,0.0219,0.05673,0.00290,0.02128,1,1,-0.189,-0.227,in_circle
127.805,1,2798,-0.00076,0.02674,0.0173,0.0098,0.05839,-0.04782,0.02191,1,1,-0.245,-0.141,in_circle
127.850,1,2799,-0.00043,0.02613,0.0073,-0.0137,0.04502,-0.08412,0.02144,1,1,-0.128,-0.094,in_circle
127.893,1,2800,-0.00124,0.02484,-0.0185,-0.0295,0.01771,-0.08300,0.01995,1,1,-0.089,0.000,in_circle
127.936,1,2801,-0.00421,0.02367,-0.0689,-0.0272,-0.02710,-0.04732,0.01803,1,1,0.016,0.066,in_circle
127.982,1,2802,-0.00772,0.02279,-0.0767,-0.0192,-0.06177,0.00681,0.01679,1,1,0.225,0.059,in_circle
128.025,1,2803,-0.01168,0.02242,-0.0925,-0.0087,-0.08263,0.06264,0.01687,1,1,0.265,0.028,in_circle
128.071,1,2804,-0.01515,0.02351,-0.0762,0.0240,-0.08346,0.10765,0.01899,1,1,0.338,-0.014,in_circle
128.113,1,2805,-0.01764,0.02453,-0.0588,0.0241,-0.05436,0.13705,0.02098,1,1,0.282,-0.148,in_circle
128.158,1,2806,-0.01844,0.02626,-0.0178,0.0384,-0.02419,0.15258,0.02288,1,1,0.219,-0.151,in_circle
128.201,1,2807,-0.01830,0.02819,0.0032,0.0444,0.01649,0.15203,0.02455,1,1,0.057,-0.214,in_circle
128.245,1,2808,-0.01731,0.03010,0.0228,0.0440,0.04425,0.12812,0.02591,1,1,-0.026,-0.244,in_circle
128.289,1,2809,-0.01440,0.03112,0.0652,0.0228,0.05187,0.07943,0.02597,1,1,-0.107,-0.248,in_circle
128.334,1,2810,-0.01144,0.03156,0.0662,0.0100,0.04548,0.01036,0.02582,1,1,-0.284,-0.167,in_circle
128.378,1,2811,-0.00901,0.03127,0.0546,-0.0065,0.02790,-0.04848,0.02530,1,1,-0.295,-0.118,in_circle
128.423,1,2812,-0.00823,0.03073,0.0177,-0.0123,0.00012,-0.08734,0.02473,1,1,-0.254,-0.052,in_circle
128.466,1,2813,-0.00842,0.03002,-0.0044,-0.0161,-0.04211,-0.10608,0.02403,1,1,-0.109,-0.029,in_circle
128.510,1,2814,-0.01034,0.02913,-0.0438,-0.0204,-0.07070,-0.08085,0.02327,1,1,-0.020,-0.013,in_circle
128.554,1,2815,-0.01380,0.02906,-0.0799,-0.0017,-0.07741,-0.02684,0.02382,1,1,0.143,0.005,in_circle
128.597,1,2816,-0.01750,0.03008,-0.0861,0.0240,-0.06377,0.03347,0.02596,1,1,0.296,-0.070,in_circle
128.642,1,2817,-0.02150,0.03134,-0.0879,0.0275,-0.04490,0.08830,0.02880,1,1,0.330,-0.176,in_circle
128.685,1,2818,-0.02496,0.03303,-0.0809,0.0397,-0.00587,0.12881,0.03201,1,1,0.348,-0.195,in_circle
128.729,1,2819,-0.02773,0.03478,-0.0627,0.0397,0.03423,0.15754,0.03500,1,1,0.330,-0.249,in_circle
128.774,1,2820,-0.02837,0.03580,-0.0143,0.0227,0.05200,0.16452,0.03621,1,1,0.265,-0.255,in_circle
128.817,1,2821,-0.02764,0.03588,0.0170,0.0018,0.05851,0.13971,0.03587,1,1,0.074,-0.190,in_circle
128.861,1,2822,-0.02631,0.03458,0.0303,-0.0297,0.04246,0.10068,0.03405,1,1,-0.053,-0.109,in_circle
128.906,1,2823,-0.02341,0.03269,0.0643,-0.0417,0.00999,0.04378,0.03092,1,1,-0.108,0.020,in_circle
128.950,1,2824,-0.02107,0.03108,0.0539,-0.0372,-0.02743,-0.00958,0.02838,1,1,-0.250,0.071,in_circle
128.994,1,2825,-0.01940,0.02936,0.0379,-0.0391,-0.06187,-0.05631,0.02608,1,1,-0.214,0.056,in_circle
129.037,1,2826,-0.01942,0.02863,-0.0005,-0.0168,-0.07736,-0.08884,0.02544,1,1,-0.154,0.067,in_circle
129.082,1,2827,-0.02048,0.02877,-0.0235,0.0031,-0.07434,-0.08827,0.02606,1,1,0.000,-0.022,in_circle
129.125,1,2828,-0.02277,0.02947,-0.0526,0.0159,-0.05827,-0.04896,0.02784,1,1,0.095,-0.102,in_circle
129.170,1,2829,-0.02580,0.03121,-0.0681,0.0393,-0.02541,0.02461,0.03098,1,1,0.218,-0.156,in_circle
129.259,1,2830,-0.03195,0.03441,-0.0689,0.0358,0.04793,0.14324,0.03729,1,1,0.290,-0.257,in_circle
129.301,1,2831,-0.03346,0.03501,-0.0355,0.0140,0.04477,0.15196,0.03873,1,1,0.309,-0.252,in_circle
129.345,1,2832,-0.03306,0.03448,0.0090,-0.0121,0.05324,0.13516,0.03807,1,1,0.180,-0.167,in_circle
129.389,1,2833,-0.03264,0.03322,0.0096,-0.0285,0.04811,0.12867,0.03685,1,1,0.002,-0.063,in_circle
129.434,1,2834,-0.03021,0.03135,0.0542,-0.0417,0.00263,0.10977,0.03383,1,1,-0.000,0.004,in_circle
129.478,1,2835,-0.02760,0.02863,0.0597,-0.0622,-0.03571,0.06646,0.03007,1,1,-0.183,0.061,in_circle
129.522,1,2836,-0.02450,0.02673,0.0706,-0.0434,-0.05878,0.00544,0.02662,1,1,-0.211,0.149,in_circle
129.566,1,2837,-0.02124,0.02557,0.0736,-0.0260,-0.07557,-0.05790,0.02374,1,1,-0.262,0.077,in_circle
129.610,1,2838,-0.02074,0.02497,0.0115,-0.0138,-0.07822,-0.10404,0.02297,1,1,-0.282,0.010,in_circle
129.654,1,2839,-0.02081,0.02566,-0.0016,0.0153,-0.05800,-0.10492,0.02357,1,1,-0.034,-0.038,in_circle
129.699,1,2840,-0.02326,0.02702,-0.0551,0.0306,-0.02516,-0.07241,0.02609,1,1,0.020,-0.157,in_circle
129.741,1,2841,-0.02669,0.02861,-0.0817,0.0378,0.01370,-0.00961,0.02946,1,1,0.240,-0.223,in_circle
129.785,1,2842,-0.03093,0.02994,-0.0951,0.0299,0.04510,0.05506,0.03329,1,1,0.356,-0.257,in_circle
129.830,1,2843,-0.03449,0.03030,-0.0805,0.0080,0.06069,0.10411,0.03610,1,1,0.421,-0.229,in_circle
129.873,1,2844,-0.03767,0.02988,-0.0730,-0.0097,0.05339,0.14068,0.03824,1,1,0.373,-0.144,in_circle
129.917,1,2845,-0.03964,0.02841,-0.0448,-0.0334,0.03164,0.16361,0.03893,1,1,0.352,-0.073,in_circle
129.962,1,2846,-0.04002,0.02686,-0.0086,-0.0349,-0.00454,0.16128,0.03838,1,1,0.246,0.024,in_circle
130.007,1,2847,-0.03899,0.02593,0.0232,-0.0207,-0.04216,0.13097,0.03701,1,1,0.104,0.034,in_circle
130.049,1,2848,-0.03642,0.02463,0.0600,-0.0304,-0.07146,0.07345,0.03415,1,1,-0.025,-0.022,in_circle
130.095,1,2849,-0.03398,0.02506,0.0538,0.0095,-0.08103,0.00913,0.03239,1,1,-0.177,0.019,in_circle
130.138,1,2850,-0.03165,0.02632,0.0540,0.0290,-0.05665,-0.03935,0.03133,1,1,-0.157,-0.142,in_circle
130.182,1,2851,-0.02986,0.02815,0.0407,0.0416,-0.03407,-0.06889,0.03126,1,1,-0.163,-0.224,in_circle
130.226,1,2852,-0.03029,0.02984,-0.0096,0.0381,-0.00229,-0.07423,0.03277,1,1,-0.113,-0.280,in_circle
130.270,1,2853,-0.03171,0.03138,-0.0326,0.0354,0.04176,-0.04676,0.03487,1,1,0.090,-0.271,in_circle
130.314,1,2854,-0.03416,0.03270,-0.0559,0.0300,0.06038,0.00361,0.03751,1,1,0.186,-0.266,in_circle
130.357,1,2855,-0.03683,0.03295,-0.0609,0.0058,0.05512,0.06168,0.03961,1,1,0.287,-0.248,in_circle
130.401,1,2856,-0.03920,0.03187,-0.0545,-0.0249,0.03883,0.10698,0.04068,1,1,0.315,-0.153,in_circle
130.446,1,2857,-0.04030,0.03018,-0.0245,-0.0377,0.00420,0.14910,0.04050,1,1,0.296,-0.030,in_circle
130.490,1,2858,-0.04008,0.02832,0.0049,-0.0419,-0.03776,0.17313,0.03924,1,1,0.181,0.024,in_circle
130.534,1,2859,-0.03778,0.02675,0.0527,-0.0359,-0.06551,0.16510,0.03646,1,1,0.064,0.046,in_circle
130.579,1,2860,-0.03458,0.02575,0.0713,-0.0224,-0.08068,0.13325,0.03328,1,1,-0.131,0.025,in_circle
130.623,1,2861,-0.03052,0.02570,0.0918,-0.0010,-0.06919,0.07009,0.03007,1,1,-0.213,-0.027,in_circle
130.666,1,2862,-0.02575,0.02686,0.1106,0.0268,-0.05051,0.00420,0.02752,1,1,-0.304,-0.114,in_circle
130.711,1,2863,-0.02227,0.02826,0.0778,0.0314,-0.01599,-0.03773,0.02655,1,1,-0.390,-0.229,in_circle
130.753,1,2864,-0.01872,0.02937,0.0844,0.0263,0.02496,-0.06460,0.02579,1,1,-0.267,-0.252,in_circle
130.798,1,2865,-0.01667,0.03024,0.0454,0.0194,0.05707,-0.07372,0.02581,1,1,-0.302,-0.235,in_circle
130.842,1,2866,-0.01552,0.02997,0.0262,-0.0063,0.06329,-0.06025,0.02518,1,1,-0.151,-0.211,in_circle
130.886,1,2867,-0.01638,0.02875,-0.0195,-0.0276,0.04724,-0.02020,0.02431,1,1,-0.076,-0.108,in_circle
130.930,1,2868,-0.01720,0.02666,-0.0188,-0.0478,0.02070,0.03571,0.02270,1,1,0.109,-0.021,in_circle
130.973,1,2869,-0.01838,0.02494,-0.0269,-0.0392,-0.02460,0.09488,0.02170,1,1,0.109,0.064,in_circle
131.018,1,2870,-0.01826,0.02304,0.0027,-0.0427,-0.05801,0.14066,0.02000,1,1,0.144,0.033,in_circle
131.063,1,2871,-0.01734,0.02228,0.0204,-0.0168,-0.07847,0.16654,0.01887,1,1,0.026,0.051,in_circle
131.106,1,2872,-0.01538,0.02173,0.0454,-0.0129,-0.08194,0.15574,0.01746,1,1,-0.046,-0.052,in_circle
131.149,1,2873,-0.01160,0.02219,0.0890,0.0110,-0.05776,0.11153,0.01663,1,1,-0.151,-0.066,in_circle
131.194,1,2874,-0.00711,0.02323,0.1002,0.0230,-0.03344,0.05678,0.01724,1,1,-0.335,-0.164,in_circle
131.282,1,2875,0.00163,0.02512,0.0992,0.0214,0.04569,-0.04177,0.02131,1,1,-0.391,-0.216,in_circle
131.325,1,2876,0.00450,0.02585,0.0668,0.0172,0.04322,-0.06562,0.02336,1,1,-0.409,-0.215,in_circle
131.372,1,2877,0.00634,0.02629,0.0391,0.0093,0.05164,-0.06691,0.02473,1,1,-0.287,-0.201,in_circle
131.415,1,2878,0.00696,0.02530,0.0143,-0.0228,0.04525,-0.06023,0.02429,1,1,-0.182,-0.171,in_circle
131.459,1,2879,0.00623,0.02323,-0.0166,-0.0474,0.00886,-0.03193,0.02222,1,1,-0.085,-0.041,in_circle
131.501,1,2880,0.00489,0.02207,-0.0319,-0.0275,-0.02301,0.02347,0.02048,1,1,0.040,0.061,in_circle
131.546,1,2881,0.00379,0.02036,-0.0246,-0.0382,-0.05195,0.08168,0.01845,1,1,0.104,-0.016,in_circle
131.590,1,2882,0.00366,0.02046,-0.0029,0.0022,-0.08326,0.13054,0.01845,1,1,0.077,0.030,in_circle
131.633,1,2883,0.00367,0.02025,0.0003,-0.0048,-0.07314,0.15983,0.01829,1,1,-0.010,-0.132,in_circle
131.678,1,2884,0.00477,0.02115,0.0242,0.0201,-0.05247,0.15581,0.01968,1,1,-0.023,-0.104,in_circle
131.721,1,2885,0.00725,0.02312,0.0573,0.0455,-0.03201,0.12090,0.02279,1,1,-0.122,-0.207,in_circle
131.765,1,2886,0.01178,0.02417,0.1031,0.0239,0.00865,0.06449,0.02671,1,1,-0.261,-0.314,in_circle
131.810,1,2887,0.01649,0.02540,0.1049,0.0273,0.04653,0.00902,0.03109,1,1,-0.457,-0.231,in_circle
131.855,1,2888,0.01999,0.02635,0.0783,0.0213,0.06992,-0.04160,0.03444,1,1,-0.477,-0.248,in_circle
131.897,1,2889,0.02228,0.02611,0.0539,-0.0055,0.05936,-0.08444,0.03618,1,1,-0.380,-0.228,in_circle
131.941,1,2890,0.02329,0.02471,0.0231,-0.0321,0.03782,-0.10813,0.03628,1,1,-0.290,-0.121,in_circle
131.987,1,2891,0.02307,0.02272,-0.0047,-0.0433,0.00600,-0.09717,0.03511,1,1,-0.170,-0.012,in_circle
132.030,1,2892,0.02076,0.02099,-0.0533,-0.0398,-0.03662,-0.04620,0.03226,1,1,-0.060,0.037,in_circle
132.073,1,2893,0.01862,0.01948,-0.0495,-0.0350,-0.07101,0.02549,0.02966,1,1,0.139,0.027,in_circle
132.119,1,2894,0.01589,0.01798,-0.0597,-0.0327,-0.08293,0.08504,0.02655,1,1,0.128,0.011,in_circle
132.163,1,2895,0.01217,0.01863,-0.0845,0.0147,-0.07108,0.12190,0.02363,1,1,0.174,0.005,in_circle
132.205,1,2896,0.01091,0.01952,-0.0300,0.0214,-0.04738,0.14133,0.02309,1,1,0.282,-0.187,in_circle
132.250,1,2897,0.01074,0.02144,-0.0038,0.0427,-0.01111,0.13781,0.02413,1,1,0.066,-0.216,in_circle
132.295,1,2898,0.01237,0.02319,0.0363,0.0390,0.02882,0.12042,0.02651,1,1,-0.039,-0.307,in_circle
132.336,1,2899,0.01425,0.02390,0.0452,0.0170,0.05310,0.08833,0.02840,1,1,-0.204,-0.297,in_circle
132.381,1,2900,0.01617,0.02372,0.0426,-0.0041,0.06558,0.03862,0.02980,1,1,-0.245,-0.212,in_circle
132.426,1,2901,0.01880,0.02278,0.0591,-0.0210,0.05581,-0.01734,0.03145,1,1,-0.241,-0.128,in_circle
132.470,1,2902,0.02019,0.02104,0.0313,-0.0393,0.02309,-0.06271,0.03177,1,1,-0.315,-0.058,in_circle
132.514,1,2903,0.02122,0.01923,0.0236,-0.0415,-0.01463,-0.08902,0.03189,1,1,-0.208,0.018,in_circle
132.558,1,2904,0.02039,0.01717,-0.0186,-0.0463,-0.04771,-0.07831,0.03032,1,1,-0.181,0.031,in_circle
132.601,1,2905,0.01780,0.01588,-0.0610,-0.0304,-0.07486,-0.04832,0.02744,1,1,-0.011,0.055,in_circle
132.645,1,2906,0.01527,0.01615,-0.0568,0.0060,-0.08070,0.00452,0.02520,1,1,0.163,-0.006,in_circle
132.689,1,2907,0.01236,0.01628,-0.0667,0.0030,-0.06716,0.06107,0.02263,1,1,0.152,-0.153,in_circle
132.736,1,2908,0.00926,0.01772,-0.0665,0.0310,-0.03858,0.11485,0.02070,1,1,0.198,-0.142,in_circle
132.777,1,2909,0.00812,0.01864,-0.0272,0.0219,-0.00010,0.15786,0.02033,1,1,0.204,-0.258,in_circle
132.821,1,2910,0.00840,0.01937,0.0066,0.0169,0.03269,0.16847,0.02101,1,1,0.049,-0.224,in_circle
132.866,1,2911,0.00909,0.01959,0.0152,0.0048,0.05634,0.14717,0.02168,1,1,-0.088,-0.207,in_circle
132.909,1,2912,0.01008,0.02004,0.0231,0.0105,0.05887,0.10438,0.02273,1,1,-0.124,-0.159,in_circle
132.954,1,2913,0.01350,0.01931,0.0747,-0.0159,0.03681,0.04700,0.02512,1,1,-0.159,-0.184,in_circle
132.997,1,2914,0.01735,0.01739,0.0900,-0.0448,0.00685,-0.00785,0.02761,1,1,-0.375,-0.077,in_circle
133.041,1,2915,0.01938,0.01566,0.0458,-0.0392,-0.02997,-0.05533,0.02884,1,1,-0.447,0.043,in_circle
133.087,1,2916,0.02105,0.01512,0.0367,-0.0120,-0.05954,-0.09143,0.03025,1,1,-0.277,0.024,in_circle
133.130,1,2917,0.02023,0.01445,-0.0189,-0.0153,-0.08118,-0.10766,0.02928,1,1,-0.246,-0.083,in_circle
133.173,1,2918,0.01945,0.01460,-0.0182,0.0034,-0.07882,-0.08767,0.02858,1,1,-0.022,-0.069,in_circle
133.218,1,2919,0.01587,0.01562,-0.0787,0.0224,-0.04835,-0.03108,0.02555,1,1,-0.024,-0.145,in_circle
133.307,1,2920,0.00944,0.01881,-0.0721,0.0358,0.02657,0.11014,0.02148,1,1,0.224,-0.224,in_circle
133.350,1,2921,0.00771,0.02044,-0.0405,0.0380,0.02426,0.12999,0.02119,1,1,0.213,-0.286,in_circle
133.395,1,2922,0.00592,0.02136,-0.0402,0.0206,0.03955,0.10907,0.02059,1,1,0.091,-0.300,in_circle
133.438,1,2923,0.00520,0.02211,-0.0166,0.0175,0.05432,0.10686,0.02070,1,1,0.093,-0.233,in_circle
133.482,1,2924,0.00582,0.02129,0.0142,-0.0188,0.03737,0.10112,0.02048,1,1,0.000,-0.223,in_circle
133.526,1,2925,0.00729,0.01990,0.0335,-0.0318,0.01507,0.06903,0.02051,1,1,-0.125,-0.076,in_circle
133.570,1,2926,0.00787,0.01936,0.0132,-0.0121,-0.01491,0.02051,0.02060,1,1,-0.207,-0.022,in_circle
133.614,1,2927,0.00890,0.01818,0.0232,-0.0269,-0.05268,-0.03939,0.02067,1,1,-0.128,-0.100,in_circle
133.658,1,2928,0.00821,0.01806,-0.0155,-0.0027,-0.07415,-0.09152,0.02004,1,1,-0.171,-0.038,in_circle
133.703,1,2929,0.00689,0.01853,-0.0299,0.0108,-0.06139,-0.10303,0.01931,1,1,-0.015,-0.135,in_circle
133.746,1,2930,0.00506,0.01941,-0.0422,0.0203,-0.04363,-0.07067,0.01858,1,1,0.045,-0.191,in_circle
133.790,1,2931,0.00106,0.02109,-0.0913,0.0385,-0.02023,-0.00684,0.01750,1,1,0.098,-0.231,in_circle
133.835,1,2932,-0.00393,0.02312,-0.1093,0.0445,0.02665,0.06210,0.01756,1,1,0.304,-0.309,in_circle
133.878,1,2933,-0.00845,0.02471,-0.1056,0.0371,0.05611,0.11054,0.01872,1,1,0.389,-0.339,in_circle
133.922,1,2934,-0.01219,0.02549,-0.0856,0.0179,0.06270,0.14127,0.01998,1,1,0.385,-0.314,in_circle
133.967,1,2935,-0.01397,0.02478,-0.0397,-0.0159,0.05963,0.15803,0.01976,1,1,0.315,-0.240,in_circle
134.010,1,2936,-0.01449,0.02276,-0.0122,-0.0470,0.03685,0.15700,0.01804,1,1,0.136,-0.104,in_circle
134.054,1,2937,-0.01374,0.02151,0.0171,-0.0285,-0.00117,0.13501,0.01661,1,1,0.027,0.025,in_circle
134.098,1,2938,-0.01210,0.01987,0.0370,-0.0369,-0.03476,0.08839,0.01453,1,1,-0.092,-0.047,in_circle
134.143,1,2939,-0.00962,0.01851,0.0554,-0.0306,-0.06304,0.01959,0.01264,1,1,-0.175,-0.010,in_circle
134.185,1,2940,-0.00767,0.01831,0.0458,-0.0045,-0.07125,-0.04166,0.01232,1,1,-0.255,-0.032,in_circle
134.229,1,2941,-0.00712,0.01859,0.0125,0.0062,-0.05126,-0.08044,0.01261,1,1,-0.221,-0.137,in_circle
134.274,1,2942,-0.00735,0.01951,-0.0050,0.0204,-0.03525,-0.09219,0.01352,1,1,-0.089,-0.181,in_circle
134.317,1,2943,-0.00855,0.02068,-0.0285,0.0277,0.00213,-0.07014,0.01470,1,1,-0.019,-0.240,in_circle
134.363,1,2944,-0.01204,0.02110,-0.0753,0.0092,0.03836,-0.01607,0.01569,1,1,0.078,-0.273,in_circle
134.405,1,2945,-0.01544,0.02136,-0.0799,0.0062,0.05437,0.03975,0.01716,1,1,0.274,-0.201,in_circle
134.450,1,2946,-0.01899,0.02136,-0.0801,-0.0002,0.05707,0.10386,0.01900,1,1,0.301,-0.190,in_circle
134.495,1,2947,-0.02178,0.01975,-0.0618,-0.0357,0.03163,0.14800,0.01961,1,1,0.311,-0.165,in_circle
134.538,1,2948,-0.02343,0.01845,-0.0387,-0.0305,-0.00623,0.17231,0.01998,1,1,0.246,-0.020,in_circle
134.582,1,2949,-0.02313,0.01705,0.0070,-0.0317,-0.03645,0.16106,0.01889,1,1,0.159,-0.038,in_circle
134.626,1,2950,-0.02152,0.01640,0.0364,-0.0148,-0.06583,0.12907,0.01722,1,1,-0.024,-0.030,in_circle
134.669,1,2951,-0.01820,0.01669,0.0762,0.0068,-0.07226,0.06583,0.01492,1,1,-0.146,-0.097,in_circle
134.714,1,2952,-0.01527,0.01709,0.0651,0.0087,-0.05521,0.00681,0.01337,1,1,-0.313,-0.184,in_circle
134.758,1,2953,-0.01245,0.01840,0.0643,0.0300,-0.02993,-0.04355,0.01324,1,1,-0.275,-0.193,in_circle
134.802,1,2954,-0.01082,0.01946,0.0368,0.0238,0.01459,-0.07752,0.01379,1,1,-0.279,-0.282,in_circle
134.848,1,2955,-0.01057,0.01998,0.0056,0.0114,0.04901,-0.08969,0.01425,1,1,-0.173,-0.261,in_circle
134.891,1,2956,-0.01168,0.02064,-0.0259,0.0155,0.06381,-0.06351,0.01515,1,1,-0.048,-0.213,in_circle
134.935,1,2957,-0.01427,0.02039,-0.0588,-0.0056,0.05773,-0.01387,0.01578,1,1,0.081,-0.232,in_circle
134.979,1,2958,-0.01664,0.01932,-0.0541,-0.0245,0.02879,0.04180,0.01599,1,1,0.219,-0.148,in_circle
135.021,1,2959,-0.01945,0.01736,-0.0657,-0.0459,-0.01074,0.09620,0.01627,1,1,0.206,-0.070,in_circle
135.066,1,2960,-0.02151,0.01619,-0.0465,-0.0264,-0.04496,0.14256,0.01708,1,1,0.261,0.020,in_circle
135.109,1,2961,-0.02181,0.01591,-0.0069,-0.0063,-0.07273,0.16553,0.01716,1,1,0.189,-0.055,in_circle
135.154,1,2962,-0.02069,0.01626,0.0253,0.0077,-0.08452,0.15968,0.01647,1,1,0.032,-0.135,in_circle
135.198,1,2963,-0.01832,0.01675,0.0532,0.0110,-0.06017,0.12168,0.01504,1,1,-0.099,-0.193,in_circle
135.241,1,2964,-0.01468,0.01822,0.0846,0.0341,-0.02553,0.06721,0.01402,1,1,-0.216,-0.208,in_circle
135.330,1,2965,-0.00719,0.02064,0.0848,0.0274,0.04405,-0.02739,0.01465,1,1,-0.350,-0.305,in_circle
135.375,1,2966,-0.00451,0.02105,0.0597,0.0093,0.04395,-0.05359,0.01541,1,1,-0.369,-0.285,in_circle
135.418,1,2967,-0.00294,0.02107,0.0363,0.0004,0.05672,-0.05899,0.01583,1,1,-0.276,-0.214,in_circle
135.463,1,2968,-0.00298,0.02022,-0.0009,-0.0187,0.05286,-0.05750,0.01501,1,1,-0.186,-0.179,in_circle
135.506,1,2969,-0.00298,0.01896,0.0001,-0.0295,0.01029,-0.04732,0.01383,1,1,-0.038,-0.101,in_circle
135.549,1,2970,-0.00491,0.01786,-0.0447,-0.0255,-0.02540,0.00084,0.01221,1,1,-0.042,-0.055,in_circle
135.596,1,2971,-0.00780,0.01651,-0.0618,-0.0288,-0.05294,0.06967,0.01051,1,1,0.142,-0.069,in_circle
135.639,1,2972,-0.00877,0.01577,-0.0223,-0.0171,-0.07188,0.12712,0.00981,1,1,0.218,-0.053,in_circle
135.684,1,2973,-0.00925,0.01605,-0.0108,0.0063,-0.06006,0.16797,0.01015,1,1,0.062,-0.098,in_circle
135.726,1,2974,-0.00881,0.01719,0.0105,0.0273,-0.04467,0.17860,0.01124,1,1,0.017,-0.193,in_circle
135.770,1,2975,-0.00561,0.01861,0.0723,0.0320,-0.01750,0.15093,0.01280,1,1,-0.069,-0.280,in_circle
135.814,1,2976,-0.00176,0.01978,0.0868,0.0265,0.02957,0.10524,0.01505,1,1,-0.324,-0.303,in_circle
135.858,1,2977,0.00241,0.02010,0.0958,0.0073,0.06237,0.05310,0.01741,1,1,-0.392,-0.285,in_circle
135.902,1,2978,0.00695,0.02017,0.1022,0.0015,0.07196,-0.00096,0.02045,1,1,-0.439,-0.210,in_circle
135.945,1,2979,0.01126,0.01977,0.1007,-0.0093,0.05638,-0.04654,0.02351,1,1,-0.477,-0.187,in_circle
135.991,1,2980,0.01413,0.01787,0.0634,-0.0419,0.02769,-0.08618,0.02494,1,1,-0.482,-0.143,in_circle
136.033,1,2981,0.01648,0.01617,0.0547,-0.0396,-0.01235,-0.09687,0.02632,1,1,-0.341,-0.009,in_circle
136.079,1,2982,0.01554,0.01398,-0.0205,-0.0478,-0.04868,-0.07975,0.02466,1,1,-0.313,-0.014,in_circle
136.122,1,2983,0.01381,0.01202,-0.0402,-0.0457,-0.07306,-0.04122,0.02244,1,1,-0.011,0.023,in_circle
136.165,1,2984,0.01194,0.01060,-0.0442,-0.0334,-0.08032,0.01202,0.02027,1,1,0.071,0.020,in_circle
136.211,1,2985,0.00940,0.01047,-0.0543,-0.0027,-0.06513,0.06439,0.01777,1,1,0.091,-0.026,in_circle
136.254,1,2986,0.00693,0.01146,-0.0586,0.0233,-0.04447,0.11813,0.01571,1,1,0.137,-0.149,in_circle
136.297,1,2987,0.00492,0.01201,-0.0457,0.0127,-0.00372,0.15529,0.01407,1,1,0.160,-0.255,in_circle
136.342,1,2988,0.00558,0.01258,0.0147,0.0129,0.03552,0.16201,0.01491,1,1,0.113,-0.214,in_circle
136.385,1,2989,0.00715,0.01226,0.0368,-0.0076,0.06195,0.14105,0.01621,1,1,-0.132,-0.217,in_circle
136.432,1,2990,0.01001,0.00992,0.0603,-0.0494,0.05677,0.09439,0.01823,1,1,-0.224,-0.135,in_circle
136.475,1,2991,0.01340,0.00836,0.0790,-0.0364,0.03698,0.03573,0.02133,1,1,-0.327,0.038,in_circle
136.518,1,2992,0.01596,0.00504,0.0591,-0.0766,0.00860,-0.01452,0.02378,1,1,-0.411,-0.010,in_circle
136.563,1,2993,0.01941,0.00225,0.0770,-0.0624,-0.02691,-0.05385,0.02747,1,1,-0.338,0.159,in_circle
136.607,1,2994,0.02038,-0.00023,0.0222,-0.0568,-0.05652,-0.08499,0.02886,1,1,-0.420,0.110,in_circle
136.651,1,2995,0.02064,-0.00293,0.0059,-0.0606,-0.07907,-0.09157,0.02981,1,1,-0.204,0.094,in_circle
136.695,1,2996,0.01801,-0.00545,-0.0600,-0.0575,-0.08166,-0.06709,0.02823,1,1,-0.141,0.116,in_circle
136.737,1,2997,0.01434,-0.00686,-0.0873,-0.0335,-0.06306,-0.02089,0.02560,1,1,0.128,0.111,in_circle
136.784,1,2998,0.00990,-0.00726,-0.0954,-0.0086,-0.03978,0.03917,0.02212,1,1,0.246,0.019,in_circle
136.826,1,2999,0.00581,-0.00737,-0.0966,-0.0025,-0.01300,0.10165,0.01908,1,1,0.288,-0.079,in_circle
136.870,1,3000,0.00227,-0.00821,-0.0811,-0.0193,0.02881,0.14490,0.01742,1,1,0.303,-0.103,in_circle
136.914,1,3001,0.00027,-0.00982,-0.0450,-0.0362,0.04622,0.16449,0.01776,1,1,0.249,-0.033,in_circle
136.958,1,3002,-0.00076,-0.01225,-0.0233,-0.0551,0.04144,0.15952,0.01956,1,1,0.109,0.039,in_circle
137.001,1,3003,0.00004,-0.01415,0.0189,-0.0446,0.02188,0.13178,0.02162,1,1,0.025,0.122,in_circle
137.045,1,3004,0.00197,-0.01782,0.0438,-0.0835,-0.01815,0.08396,0.02575,1,1,-0.146,0.085,in_circle
137.090,1,3005,0.00448,-0.02110,0.0553,-0.0725,-0.05569,0.02405,0.02975,1,1,-0.251,0.251,in_circle
137.133,1,3006,0.00601,-0.02351,0.0361,-0.0565,-0.07396,-0.03394,0.03258,1,1,-0.304,0.216,in_circle
137.179,1,3007,0.00670,-0.02586,0.0149,-0.0512,-0.08869,-0.08137,0.03501,1,1,-0.232,0.160,in_circle
137.222,1,3008,0.00586,-0.02682,-0.0194,-0.0222,-0.08680,-0.10342,0.03555,1,1,-0.149,0.146,in_circle
137.267,1,3009,0.00323,-0.02699,-0.0584,-0.0038,-0.05358,-0.08290,0.03479,1,1,-0.011,0.034,in_circle
137.355,1,3010,-0.00456,-0.02742,-0.0889,-0.0048,0.00847,0.03976,0.03357,1,1,0.151,-0.036,in_circle
137.398,1,3011,-0.00899,-0.02769,-0.1029,-0.0062,0.00968,0.08181,0.03371,1,1,0.292,-0.030,in_circle
137.443,1,3012,-0.01330,-0.02873,-0.0947,-0.0228,0.02025,0.08242,0.03516,1,1,0.359,-0.022,in_circle
137.486,1,3013,-0.01757,-0.02965,-0.0986,-0.0214,0.02442,0.08683,0.03697,1,1,0.338,0.049,in_circle
137.529,1,3014,-0.02072,-0.03045,-0.0739,-0.0187,0.00017,0.10792,0.03867,1,1,0.364,0.047,in_circle
137.574,1,3015,-0.02327,-0.03208,-0.0571,-0.0366,-0.02268,0.11648,0.04111,1,1,0.274,0.039,in_circle
137.618,1,3016,-0.02507,-0.03408,-0.0408,-0.0452,-0.05267,0.10984,0.04365,1,1,0.212,0.117,in_circle
137.664,1,3017,-0.02578,-0.03573,-0.0154,-0.0359,-0.06784,0.09646,0.04544,1,1,0.151,0.159,in_circle
137.706,1,3018,-0.02536,-0.03527,0.0101,0.0110,-0.06469,0.06387,0.04485,1,1,0.056,0.130,in_circle
137.751,1,3019,-0.02539,-0.03459,-0.0007,0.0152,-0.06496,0.02763,0.04423,1,1,-0.041,-0.048,in_circle
137.795,1,3020,-0.02668,-0.03315,-0.0291,0.0324,-0.04638,-0.00608,0.04346,1,1,0.000,-0.066,in_circle
137.840,1,3021,-0.02755,-0.03228,-0.0194,0.0194,-0.00716,-0.03885,0.04308,1,1,0.113,-0.136,in_circle
137.883,1,3022,-0.02995,-0.03049,-0.0557,0.0415,0.03106,-0.04894,0.04269,1,1,0.079,-0.088,in_circle
137.928,1,3023,-0.03339,-0.03017,-0.0763,0.0072,0.04373,-0.02039,0.04430,1,1,0.228,-0.178,in_circle
137.971,1,3024,-0.03634,-0.03056,-0.0691,-0.0090,0.03819,0.02903,0.04638,0,1,0.315,-0.040,running
138.014,1,3025,-0.04029,-0.03110,-0.0909,-0.0125,0.02928,0.09591,0.04932,0,1,0.294,0.027,running
138.058,1,3026,-0.04326,-0.03207,-0.0674,-0.0220,0.00199,0.15431,0.05202,0,1,0.382,0.048,running
138.102,1,3027,-0.04573,-0.03344,-0.0558,-0.0309,-0.04472,0.18405,0.05472,0,1,0.305,0.089,running
138.147,1,3028,-0.04602,-0.03403,-0.0066,-0.0135,-0.07642,0.16469,0.05535,0,1,0.273,0.129,running
138.191,1,3029,-0.04578,-0.03451,0.0055,-0.0107,-0.08296,0.13147,0.05553,0,1,0.109,0.074,running
138.235,1,3030,-0.04384,-0.03385,0.0443,0.0151,-0.07783,0.08902,0.05373,0,1,0.069,0.068,running
138.279,1,3031,-0.04253,-0.03225,0.0296,0.0363,-0.05524,0.04283,0.05166,0,1,-0.073,-0.024,running
138.324,1,3032,-0.04135,-0.03031,0.0263,0.0431,-0.01330,-0.00277,0.04944,0,1,-0.032,-0.108,running
138.366,1,3033,-0.04053,-0.02875,0.0193,0.0367,0.02133,-0.04560,0.04773,0,1,-0.028,-0.144,running
138.410,1,3034,-0.04133,-0.02752,-0.0182,0.0278,0.04998,-0.07121,0.04741,0,1,-0.008,-0.130,running
138.455,1,3035,-0.04285,-0.02611,-0.0343,0.0316,0.05817,-0.05927,0.04754,0,1,0.134,-0.100,running
138.499,1,3036,-0.04538,-0.02661,-0.0572,-0.0113,0.03680,-0.01472,0.04976,0,1,0.200,-0.116,running
138.542,1,3037,-0.04820,-0.02665,-0.0655,-0.0008,0.00577,0.05075,0.05194,0,1,0.292,0.048,running
138.586,1,3038,-0.05155,-0.02695,-0.0767,-0.0069,-0.03403,0.11187,0.05477,0,1,0.331,0.015,running
138.630,1,3039,-0.05428,-0.02817,-0.0620,-0.0277,-0.06602,0.15506,0.05769,0,1,0.381,0.043,running
138.674,1,3040,-0.05561,-0.02849,-0.0301,-0.0072,-0.07548,0.17198,0.05896,0,1,0.341,0.121,running
138.717,1,3041,-0.05610,-0.02808,-0.0112,0.0095,-0.06851,0.16029,0.05911,0,1,0.244,0.058,running
138.762,1,3042,-0.05520,-0.02723,0.0201,0.0191,-0.05785,0.13445,0.05789,0,1,0.187,0.004,running
138.806,1,3043,-0.05357,-0.02629,0.0371,0.0213,-0.03177,0.08768,0.05602,0,1,0.081,-0.031,running
138.849,1,3044,-0.05154,-0.02493,0.0473,0.0316,0.01535,0.03525,0.05357,0,1,0.014,-0.045,running
138.894,1,3045,-0.04988,-0.02493,0.0370,0.0001,0.03603,-0.02143,0.05222,0,1,-0.035,-0.089,running
138.938,1,3046,-0.04924,-0.02427,0.0144,0.0148,0.04023,-0.06398,0.05132,0,1,-0.007,0.019,running
138.983,1,3047,-0.04984,-0.02451,-0.0135,-0.0053,0.03272,-0.07620,0.05195,0,1,0.069,-0.035,running
139.027,1,3048,-0.05200,-0.02525,-0.0489,-0.0168,0.00227,-0.05380,0.05413,0,1,0.173,0.039,running
139.070,1,3049,-0.05523,-0.02557,-0.0748,-0.0074,-0.03334,0.00343,0.05698,0,1,0.307,0.085,running
139.113,1,3050,-0.05862,-0.02637,-0.0786,-0.0184,-0.05921,0.06536,0.06025,0,1,0.406,0.059,running
139.157,1,3051,-0.06220,-0.02683,-0.0823,-0.0107,-0.07894,0.11295,0.06354,0,1,0.431,0.102,running
139.202,1,3052,-0.06508,-0.02647,-0.0638,0.0081,-0.07093,0.14482,0.06585,0,1,0.455,0.085,running
139.247,1,3053,-0.06659,-0.02557,-0.0339,0.0202,-0.05498,0.16366,0.06673,0,1,0.413,0.032,running
139.290,1,3054,-0.06694,-0.02401,-0.0079,0.0360,-0.03670,0.16555,0.06632,0,1,0.334,-0.004,running
139.377,1,3055,-0.06384,-0.02157,0.0356,0.0281,0.02911,0.11210,0.06245,0,1,0.263,-0.055,running
139.422,1,3056,-0.06110,-0.02093,0.0610,0.0141,0.02129,0.06614,0.05972,0,1,0.109,-0.049,running
139.469,1,3057,-0.05885,-0.02107,0.0479,-0.0028,0.02968,0.03530,0.05778,0,1,0.009,-0.012,running
139.510,1,3058,-0.05584,-0.02202,0.0729,-0.0232,0.01984,0.01083,0.05562,0,1,0.037,0.041,running
139.555,1,3059,-0.05377,-0.02343,0.0461,-0.0314,-0.01235,-0.02054,0.05459,0,1,-0.065,0.112,running
139.598,1,3060,-0.05213,-0.02457,0.0380,-0.0264,-0.03763,-0.03643,0.05385,0,1,0.016,0.145,running
139.641,1,3061,-0.05177,-0.02525,0.0082,-0.0158,-0.07578,-0.03064,0.05395,0,1,0.038,0.133,running
139.688,1,3062,-0.05247,-0.02545,-0.0150,-0.0044,-0.09429,-0.00975,0.05463,0,1,0.141,0.100,running
139.731,1,3063,-0.05340,-0.02492,-0.0214,0.0124,-0.07713,0.03310,0.05509,0,1,0.227,0.064,running
139.774,1,3064,-0.05447,-0.02349,-0.0248,0.0330,-0.05419,0.09656,0.05521,0,1,0.254,0.007,running
139.817,1,3065,-0.05524,-0.02152,-0.0178,0.0455,-0.02376,0.15909,0.05485,0,1,0.272,-0.066,running
139.862,1,3066,-0.05459,-0.02004,0.0147,0.0332,0.02034,0.18820,0.05355,0,1,0.252,-0.115,running
139.906,1,3067,-0.05247,-0.01930,0.0474,0.0168,0.04598,0.17034,0.05134,0,1,0.137,-0.080,running
139.951,1,3068,-0.04842,-0.01926,0.0915,0.0008,0.05301,0.13769,0.04784,0,1,0.010,-0.029,running
139.993,1,3069,-0.04348,-0.01995,0.1170,-0.0164,0.03571,0.09378,0.04412,1,1,-0.177,0.024,in_circle
140.039,1,3070,-0.03894,-0.02090,0.0987,-0.0206,-0.00156,0.04509,0.04115,1,1,-0.307,0.088,in_circle
140.082,1,3071,-0.03392,-0.02288,0.1173,-0.0462,-0.03918,-0.00582,0.03894,1,1,-0.265,0.107,in_circle
140.126,1,3072,-0.02938,-0.02406,0.1015,-0.0264,-0.07103,-0.05282,0.03700,1,1,-0.357,0.215,in_circle
140.172,1,3073,-0.02624,-0.02520,0.0690,-0.0249,-0.08150,-0.08807,0.03624,1,1,-0.304,0.140,in_circle
140.215,1,3074,-0.02474,-0.02531,0.0345,-0.0026,-0.08133,-0.08851,0.03560,1,1,-0.181,0.138,in_circle
140.259,1,3075,-0.02445,-0.02436,0.0067,0.0219,-0.06638,-0.05944,0.03462,1,1,-0.046,0.051,in_circle
140.302,1,3076,-0.02534,-0.02320,-0.0206,0.0268,-0.03619,0.00040,0.03406,1,1,0.066,-0.048,in_circle
140.346,1,3077,-0.02685,-0.02234,-0.0346,0.0197,-0.00338,0.06281,0.03415,1,1,0.178,-0.070,in_circle
140.390,1,3078,-0.02793,-0.02104,-0.0245,0.0296,0.03853,0.11672,0.03371,1,1,0.238,-0.042,in_circle
140.435,1,3079,-0.02858,-0.02097,-0.0143,0.0015,0.04819,0.15030,0.03404,1,1,0.201,-0.084,in_circle
140.479,1,3080,-0.02723,-0.02145,0.0303,-0.0109,0.03106,0.16262,0.03363,1,1,0.163,0.030,in_circle
140.521,1,3081,-0.02469,-0.02292,0.0602,-0.0348,0.01393,0.15091,0.03349,1,1,-0.018,0.082,in_circle
140.566,1,3082,-0.02064,-0.02479,0.0913,-0.0422,-0.02032,0.11201,0.03336,1,1,-0.143,0.182,in_circle
140.609,1,3083,-0.01646,-0.02626,0.0963,-0.0337,-0.06419,0.05447,0.03340,1,1,-0.277,0.218,in_circle
140.654,1,3084,-0.01253,-0.02704,0.0881,-0.0174,-0.09101,-0.00740,0.03337,1,1,-0.307,0.189,in_circle
140.700,1,3085,-0.00889,-0.02750,0.0796,-0.0102,-0.09549,-0.06342,0.03352,1,1,-0.284,0.127,in_circle
140.743,1,3086,-0.00615,-0.02601,0.0634,0.0345,-0.08072,-0.09309,0.03205,1,1,-0.259,0.101,in_circle
140.786,1,3087,-0.00487,-0.02452,0.0296,0.0345,-0.04832,-0.08842,0.03066,1,1,-0.201,-0.080,in_circle
140.831,1,3088,-0.00700,-0.02276,-0.0470,0.0389,-0.01270,-0.04432,0.02877,1,1,-0.069,-0.082,in_circle
140.874,1,3089,-0.00898,-0.02153,-0.0463,0.0287,0.02183,0.01681,0.02756,1,1,0.242,-0.103,in_circle
140.919,1,3090,-0.01146,-0.02102,-0.0549,0.0113,0.03733,0.07954,0.02727,1,1,0.245,-0.064,in_circle
140.963,1,3091,-0.01311,-0.02090,-0.0379,0.0028,0.03695,0.12088,0.02742,1,1,0.285,0.005,in_circle
141.007,1,3092,-0.01448,-0.02102,-0.0309,-0.0028,0.02125,0.15094,0.02784,1,1,0.222,0.040,in_circle
141.050,1,3093,-0.01388,-0.02180,0.0142,-0.0181,-0.01496,0.15728,0.02845,1,1,0.198,0.064,in_circle
141.095,1,3094,-0.01244,-0.02248,0.0315,-0.0151,-0.05171,0.13573,0.02886,1,1,0.016,0.128,in_circle
141.139,1,3095,-0.00916,-0.02332,0.0752,-0.0192,-0.07908,0.08982,0.02936,1,1,-0.057,0.119,in_circle
141.182,1,3096,-0.00590,-0.02329,0.0765,0.0009,-0.08537,0.02985,0.02935,1,1,-0.240,0.139,in_circle
141.226,1,3097,-0.00255,-0.02317,0.0752,0.0026,-0.07255,-0.03150,0.02964,1,1,-0.253,0.060,in_circle
141.270,1,3098,-0.00100,-0.02161,0.0357,0.0358,-0.05271,-0.07713,0.02844,1,1,-0.257,0.054,in_circle
141.315,1,3099,-0.00032,-0.01968,0.0148,0.0424,-0.01910,-0.09313,0.02674,1,1,-0.103,-0.082,in_circle
141.403,1,3100,-0.00464,-0.01666,-0.0495,0.0345,0.04003,-0.03239,0.02288,1,1,-0.022,-0.110,in_circle
141.446,1,3101,-0.00795,-0.01584,-0.0762,0.0189,0.04194,0.01578,0.02184,1,1,0.246,-0.085,in_circle
141.496,1,3102,-0.00795,-0.01584,0.0000,0.0000,0.04067,0.04162,0.02184,0,0,0.361,-0.024,in_circle
141.536,1,3103,-0.01593,-0.01688,-0.2008,-0.0263,0.02234,0.06306,0.02428,1,1,0.057,0.053,in_circle
141.578,1,3104,-0.01957,-0.01844,-0.0858,-0.0367,-0.01889,0.10200,0.02713,1,1,0.800,0.161,in_circle
141.621,1,3105,-0.02180,-0.02019,-0.0523,-0.0408,-0.04972,0.13237,0.02969,1,1,0.430,0.208,in_circle
141.666,1,3106,-0.02400,-0.02119,-0.0488,-0.0223,-0.08200,0.13427,0.03165,1,1,0.302,0.230,in_circle
141.710,1,3107,-0.02405,-0.02156,-0.0010,-0.0084,-0.10239,0.12553,0.03199,1,1,0.294,0.159,in_circle
141.754,1,3108,-0.02379,-0.02139,0.0059,0.0040,-0.08732,0.11259,0.03171,1,1,0.104,0.106,in_circle
141.798,1,3109,-0.02328,-0.02006,0.0116,0.0306,-0.06072,0.07283,0.03031,1,1,0.076,0.057,in_circle
141.843,1,3110,-0.02182,-0.01821,0.0324,0.0408,-0.02378,0.02616,0.02797,1,1,0.053,-0.051,in_circle
141.886,1,3111,-0.02088,-0.01672,0.0222,0.0351,0.01461,-0.02703,0.02621,1,1,-0.033,-0.096,in_circle
141.932,1,3112,-0.02082,-0.01569,0.0013,0.0223,0.04522,-0.06001,0.02529,1,1,0.006,-0.076,in_circle
141.976,1,3113,-0.02278,-0.01477,-0.0448,0.0209,0.05444,-0.06108,0.02561,1,1,0.090,-0.026,in_circle
142.018,1,3114,-0.02518,-0.01526,-0.0568,-0.0116,0.03510,-0.03253,0.02746,1,1,0.280,-0.022,in_circle
142.062,1,3115,-0.02805,-0.01666,-0.0649,-0.0317,0.00422,0.02200,0.03039,1,1,0.334,0.110,in_circle
142.106,1,3116,-0.03114,-0.01803,-0.0702,-0.0310,-0.03570,0.08202,0.03350,1,1,0.375,0.195,in_circle
142.152,1,3117,-0.03381,-0.01900,-0.0586,-0.0213,-0.07279,0.13099,0.03607,1,1,0.405,0.197,in_circle
142.194,1,3118,-0.03552,-0.01915,-0.0407,-0.0035,-0.09258,0.16060,0.03742,1,1,0.366,0.162,in_circle
142.239,1,3119,-0.03629,-0.01866,-0.0173,0.0110,-0.09487,0.16796,0.03768,1,1,0.300,0.092,in_circle
142.283,1,3120,-0.03504,-0.01711,0.0284,0.0350,-0.07129,0.15029,0.03573,1,1,0.210,0.034,in_circle
142.327,1,3121,-0.03269,-0.01466,0.0531,0.0554,-0.03580,0.11533,0.03235,1,1,0.025,-0.065,in_circle
142.371,1,3122,-0.02888,-0.01392,0.0867,0.0169,0.00039,0.06761,0.02900,1,1,-0.078,-0.152,in_circle
142.414,1,3123,-0.02523,-0.01199,0.0851,0.0450,0.03437,0.00195,0.02505,1,1,-0.222,0.001,in_circle
142.458,1,3124,-0.02310,-0.01102,0.0477,0.0217,0.05347,-0.04705,0.02289,1,1,-0.224,-0.116,in_circle
142.501,1,3125,-0.02162,-0.01071,0.0343,0.0072,0.03581,-0.08498,0.02169,1,1,-0.079,-0.024,in_circle
142.546,1,3126,-0.02169,-0.01194,-0.0015,-0.0273,0.01218,-0.09307,0.02269,1,1,-0.028,0.034,in_circle
142.590,1,3127,-0.02292,-0.01303,-0.0279,-0.0248,-0.00617,-0.06102,0.02430,1,1,0.116,0.176,in_circle
142.634,1,3128,-0.02592,-0.01414,-0.0694,-0.0257,-0.05537,0.00032,0.02709,1,1,0.225,0.169,in_circle
142.678,1,3129,-0.02843,-0.01509,-0.0566,-0.0215,-0.09159,0.06126,0.02950,1,1,0.399,0.177,in_circle
142.723,1,3130,-0.03246,-0.01552,-0.0907,-0.0095,-0.09904,0.10863,0.03273,1,1,0.355,0.163,in_circle
142.767,1,3131,-0.03385,-0.01427,-0.0316,0.0283,-0.08376,0.14059,0.03301,1,1,0.503,0.117,in_circle
142.810,1,3132,-0.03493,-0.01336,-0.0250,0.0211,-0.05665,0.16172,0.03333,1,1,0.271,-0.036,in_circle
142.854,1,3133,-0.03493,-0.01198,0.0001,0.0310,-0.01809,0.16372,0.03254,1,1,0.249,-0.008,in_circle
142.899,1,3134,-0.03348,-0.01068,0.0325,0.0290,0.01533,0.14916,0.03062,1,1,0.150,-0.051,in_circle
142.943,1,3135,-0.03053,-0.00928,0.0667,0.0317,0.03236,0.09891,0.02739,1,1,0.017,-0.046,in_circle
142.987,1,3136,-0.02749,-0.00951,0.0698,-0.0053,0.02948,0.03348,0.02507,1,1,-0.126,-0.059,in_circle
143.032,1,3137,-0.02474,-0.00977,0.0606,-0.0056,0.02335,-0.01914,0.02314,1,1,-0.145,0.090,in_circle
143.075,1,3138,-0.02211,-0.01074,0.0613,-0.0228,-0.00365,-0.05899,0.02202,1,1,-0.114,0.093,in_circle
143.119,1,3139,-0.02103,-0.01115,0.0244,-0.0092,-0.03671,-0.07801,0.02166,1,1,-0.123,0.165,in_circle
143.162,1,3140,-0.02158,-0.01173,-0.0127,-0.0134,-0.06923,-0.06570,0.02245,1,1,0.023,0.112,in_circle
143.206,1,3141,-0.02362,-0.01169,-0.0464,0.0008,-0.08338,-0.02548,0.02373,1,1,0.173,0.131,in_circle
143.250,1,3142,-0.02580,-0.01148,-0.0503,0.0050,-0.07789,0.03341,0.02509,1,1,0.314,0.075,in_circle
143.295,1,3143,-0.02804,-0.01019,-0.0499,0.0286,-0.05737,0.09600,0.02592,1,1,0.335,0.058,in_circle
143.337,1,3144,-0.03007,-0.00904,-0.0481,0.0273,-0.03261,0.14796,0.02687,1,1,0.340,-0.039,in_circle
143.427,1,3145,-0.03015,-0.00615,-0.0008,0.0322,0.03693,0.17390,0.02544,1,1,0.340,-0.035,in_circle
143.471,1,3146,-0.02746,-0.00624,0.0606,-0.0021,0.03495,0.15278,0.02316,1,1,0.152,-0.061,in_circle
143.514,1,3147,-0.02421,-0.00691,0.0756,-0.0156,0.03785,0.13634,0.02088,1,1,-0.099,0.077,in_circle
143.559,1,3148,-0.01916,-0.00852,0.1115,-0.0354,0.02420,0.10431,0.01843,1,1,-0.167,0.133,in_circle
143.602,1,3149,-0.01459,-0.01013,0.1060,-0.0375,-0.01668,0.05125,0.01750,1,1,-0.323,0.217,in_circle
143.646,1,3150,-0.00895,-0.01219,0.1305,-0.0475,-0.05206,-0.01236,0.01823,1,1,-0.312,0.230,in_circle
143.692,1,3151,-0.00520,-0.01427,0.0809,-0.0450,-0.07978,-0.06834,0.02044,1,1,-0.423,0.276,in_circle
143.734,1,3152,-0.00198,-0.01548,0.0759,-0.0285,-0.09086,-0.10137,0.02226,1,1,-0.235,0.272,in_circle
143.778,1,3153,-0.00118,-0.01582,0.0183,-0.0077,-0.08738,-0.09759,0.02280,1,1,-0.223,0.210,in_circle
143.823,1,3154,-0.00157,-0.01525,-0.0086,0.0124,-0.06968,-0.06321,0.02215,1,1,0.005,0.129,in_circle
143.866,1,3155,-0.00367,-0.01447,-0.0483,0.0182,-0.04196,-0.00405,0.02088,1,1,0.114,0.048,in_circle
143.911,1,3156,-0.00650,-0.01314,-0.0637,0.0299,0.00021,0.05442,0.01918,1,1,0.277,0.024,in_circle
143.955,1,3157,-0.00829,-0.01292,-0.0406,0.0049,0.03087,0.09828,0.01893,1,1,0.346,-0.026,in_circle
143.998,1,3158,-0.01007,-0.01271,-0.0413,0.0049,0.04002,0.13955,0.01885,1,1,0.258,0.075,in_circle
144.043,1,3159,-0.01047,-0.01355,-0.0090,-0.0188,0.02957,0.16538,0.01973,1,1,0.265,0.075,in_circle
144.085,1,3160,-0.00994,-0.01499,0.0124,-0.0339,0.00415,0.16473,0.02110,1,1,0.137,0.173,in_circle
144.131,1,3161,-0.00781,-0.01658,0.0465,-0.0347,-0.03772,0.13290,0.02258,1,1,0.050,0.238,in_circle
144.175,1,3162,-0.00464,-0.01801,0.0725,-0.0327,-0.07191,0.07052,0.02422,1,1,-0.091,0.246,in_circle
144.217,1,3163,-0.00114,-0.01881,0.0820,-0.0186,-0.09281,0.00514,0.02569,1,1,-0.203,0.242,in_circle
144.262,1,3164,0.00110,-0.01870,0.0505,0.0023,-0.09540,-0.04168,0.02626,1,1,-0.251,0.189,in_circle
144.307,1,3165,0.00256,-0.01758,0.0324,0.0251,-0.07611,-0.06613,0.02575,1,1,-0.130,0.106,in_circle
144.350,1,3166,0.00308,-0.01553,0.0120,0.0478,-0.04496,-0.07136,0.02412,1,1,-0.062,0.013,in_circle
144.394,1,3167,0.00237,-0.01357,-0.0159,0.0439,-0.00845,-0.04553,0.02205,1,1,0.018,-0.082,in_circle
144.438,1,3168,0.00032,-0.01258,-0.0468,0.0225,0.02781,0.00555,0.02028,1,1,0.131,-0.070,in_circle
144.482,1,3169,-0.00202,-0.01126,-0.0532,0.0301,0.04709,0.06115,0.01820,1,1,0.259,0.014,in_circle
144.526,1,3170,-0.00421,-0.01099,-0.0499,0.0061,0.04030,0.12145,0.01737,1,1,0.290,-0.019,in_circle
144.570,1,3171,-0.00534,-0.01211,-0.0255,-0.0250,0.00786,0.16328,0.01827,1,1,0.282,0.077,in_circle
144.614,1,3172,-0.00478,-0.01305,0.0130,-0.0217,-0.02779,0.18269,0.01928,1,1,0.187,0.205,in_circle
144.659,1,3173,-0.00394,-0.01419,0.0186,-0.0254,-0.05750,0.15943,0.02056,1,1,0.032,0.195,in_circle
144.702,1,3174,-0.00104,-0.01451,0.0677,-0.0075,-0.08889,0.11599,0.02160,1,1,0.007,0.214,in_circle
144.746,1,3175,0.00335,-0.01346,0.0993,0.0238,-0.09600,0.05672,0.02243,1,1,-0.197,0.143,in_circle
144.791,1,3176,0.00767,-0.01368,0.0946,-0.0048,-0.07806,0.00747,0.02503,1,1,-0.335,0.017,in_circle
144.834,1,3177,0.00962,-0.01241,0.0455,0.0296,-0.05259,-0.03296,0.02535,1,1,-0.327,0.132,in_circle
144.879,1,3178,0.01165,-0.01040,0.0450,0.0445,-0.01269,-0.06369,0.02544,1,1,-0.137,-0.008,in_circle
144.922,1,3179,0.01365,-0.00832,0.0470,0.0490,0.01002,-0.07863,0.02579,1,1,-0.141,-0.072,in_circle
144.966,1,3180,0.01333,-0.00690,-0.0072,0.0321,0.02511,-0.06255,0.02476,1,1,-0.154,-0.094,in_circle
145.010,1,3181,0.01245,-0.00547,-0.0202,0.0324,0.03975,-0.00840,0.02327,1,1,0.062,-0.029,in_circle
145.054,1,3182,0.01128,-0.00487,-0.0263,0.0136,0.02280,0.06413,0.02196,1,1,0.115,-0.034,in_circle
145.098,1,3183,0.01068,-0.00486,-0.0138,0.0003,-0.00121,0.12933,0.02143,1,1,0.142,0.040,in_circle
145.143,1,3184,0.01258,-0.00599,0.0430,-0.0255,-0.03548,0.16234,0.02365,1,1,0.093,0.094,in_circle
145.187,1,3185,0.01643,-0.00561,0.0864,0.0084,-0.06821,0.16159,0.02687,1,1,-0.140,0.201,in_circle
145.231,1,3186,0.02115,-0.00498,0.1083,0.0146,-0.08309,0.12472,0.03096,1,1,-0.324,0.065,in_circle
145.274,1,3187,0.02672,-0.00373,0.1294,0.0289,-0.08427,0.07364,0.03587,1,1,-0.425,0.039,in_circle
145.318,1,3188,0.03294,-0.00236,0.1407,0.0310,-0.06342,0.02025,0.04159,1,1,-0.525,-0.021,in_circle
145.362,1,3189,0.03743,-0.00091,0.1028,0.0332,-0.02132,-0.02384,0.04575,0,1,-0.582,-0.030,running
145.451,1,3190,0.04543,0.00421,0.0899,0.0576,0.03723,-0.09709,0.05326,0,1,-0.441,-0.035,running
145.495,1,3191,0.04657,0.00480,0.0262,0.0134,0.03405,-0.10649,0.05439,0,1,-0.409,-0.123,running
145.538,1,3192,0.04577,0.00548,-0.0186,0.0159,0.03329,-0.08935,0.05357,0,1,-0.196,0.029,running
145.581,1,3193,0.04373,0.00491,-0.0466,-0.0129,0.02684,-0.04344,0.05154,0,1,-0.040,0.018,running
145.627,1,3194,0.04023,0.00405,-0.0774,-0.0191,-0.01316,0.01981,0.04807,0,1,0.070,0.120,running
145.669,1,3195,0.03628,0.00291,-0.0928,-0.0268,-0.05049,0.07391,0.04419,1,1,0.207,0.147,in_circle
145.714,1,3196,0.03419,0.00158,-0.0465,-0.0297,-0.07443,0.11105,0.04222,1,1,0.296,0.182,in_circle
145.758,1,3197,0.03269,0.00171,-0.0342,0.0030,-0.08602,0.13977,0.04072,1,1,0.130,0.199,in_circle
145.803,1,3198,0.03218,0.00260,-0.0114,0.0198,-0.08098,0.15533,0.04012,1,1,0.089,0.071,in_circle
145.847,1,3199,0.03272,0.00355,0.0123,0.0217,-0.06249,0.14299,0.04059,1,1,-0.000,0.002,in_circle
