t,episode,step,xb,yb,vx,vy,alpha,beta,dist,in_circle,ball_found,a0,a1,status
0.811,1,0,-0.13590,-0.11419,0.0084,0.0234,-0.00193,0.00195,0.17566,0,1,1.000,1.000,running
0.902,1,1,-0.13540,-0.11409,0.0276,0.0055,-0.02443,0.00952,0.17522,0,1,1.000,1.000,running
0.943,1,2,-0.13609,-0.11392,-0.0378,0.0095,-0.04615,0.03835,0.17561,0,1,1.000,1.000,running
0.986,1,3,-0.13579,-0.11297,0.0162,0.0520,-0.04699,0.06535,0.17475,0,1,1.000,1.000,running
1.028,1,4,-0.13527,-0.11329,0.0286,-0.0177,-0.09857,0.09630,0.17458,0,1,1.000,1.000,running
1.072,1,5,-0.13454,-0.11246,0.0401,0.0457,-0.11457,0.13180,0.17348,0,1,1.000,1.000,running
1.116,1,6,-0.13388,-0.11099,0.0365,0.0812,-0.12114,0.15133,0.17199,0,1,1.000,1.000,running
1.166,1,7,-0.13156,-0.10846,0.1278,0.1387,-0.11731,0.13973,0.16857,0,1,1.000,1.000,running
1.209,1,8,-0.12832,-0.10543,0.1778,0.1670,-0.11668,0.11811,0.16414,0,1,1.000,1.000,running
1.252,1,9,-0.12517,-0.10122,0.1735,0.2313,-0.10833,0.09176,0.15897,0,1,1.000,1.000,running
1.292,1,10,-0.12152,-0.09659,0.2007,0.2544,-0.09734,0.06162,0.15316,0,1,1.000,1.000,running
1.342,1,11,-0.11672,-0.09068,0.2638,0.3254,-0.07639,0.03290,0.14564,0,1,1.000,1.000,running
1.380,1,12,-0.11358,-0.08414,0.1728,0.3596,-0.06748,0.01380,0.13898,0,1,1.000,1.000,running
1.424,1,13,-0.10999,-0.07754,0.1973,0.3631,-0.06596,0.02541,0.13199,0,1,1.000,-0.269,running
1.469,1,14,-0.10772,-0.07026,0.1249,0.4000,-0.06513,0.04722,0.12570,0,1,1.000,-0.309,running
1.516,1,15,-0.10510,-0.06333,0.1441,0.3811,-0.04252,0.08282,0.11948,0,1,1.000,-0.419,running
1.561,1,16,-0.10149,-0.05670,0.1985,0.3648,0.00506,0.12509,0.11274,0,1,1.000,-0.416,running
1.605,1,17,-0.09784,-0.05089,0.2010,0.3195,0.04152,0.15135,0.10651,0,1,1.000,-0.416,running
1.645,1,18,-0.09308,-0.04685,0.2617,0.2224,0.06110,0.14578,0.10033,0,1,0.048,-0.355,running
1.689,1,19,-0.08688,-0.04358,0.3411,0.1799,0.08399,0.12559,0.09334,0,1,-0.097,-0.180,running
1.730,1,20,-0.07978,-0.04212,0.3908,0.0800,0.07305,0.09981,0.08658,0,1,-0.287,-0.112,running
1.774,1,21,-0.07201,-0.04163,0.4269,0.0270,0.04380,0.05796,0.07995,0,1,-0.487,0.061,running
1.822,1,22,-0.06435,-0.04211,0.4214,-0.0261,0.00131,0.00126,0.07425,0,1,-0.736,0.149,running
1.868,1,23,-0.05722,-0.04216,0.3925,-0.0030,-0.03050,-0.06298,0.06900,0,1,-0.800,0.271,running
1.912,1,24,-0.05198,-0.04233,0.2879,-0.0093,-0.05747,-0.10655,0.06548,0,1,-0.800,0.199,running
1.956,1,25,-0.04915,-0.04165,0.1554,0.0373,-0.07980,-0.13344,0.06310,0,1,-0.692,0.210,running
2.004,1,26,-0.04835,-0.04018,0.0441,0.0809,-0.07467,-0.14994,0.06146,0,1,-0.327,0.060,running
2.043,1,27,-0.05062,-0.03784,-0.1246,0.1289,-0.05188,-0.13409,0.06128,0,1,0.006,-0.089,running
2.087,1,28,-0.05466,-0.03481,-0.2224,0.1668,-0.02331,-0.10246,0.06214,0,1,0.545,-0.250,running
2.130,1,29,-0.06089,-0.03215,-0.3427,0.1464,0.01279,-0.04772,0.06538,0,1,0.800,-0.372,running
2.172,1,30,-0.06782,-0.02934,-0.3810,0.1541,0.05072,0.01048,0.06965,0,1,0.800,-0.293,running
2.217,1,31,-0.07493,-0.02789,-0.3910,0.0797,0.08117,0.06024,0.07520,0,1,0.800,-0.293,running
2.263,1,32,-0.08249,-0.02765,-0.4159,0.0134,0.08079,0.10320,0.08192,0,1,0.800,-0.062,running
2.307,1,33,-0.08915,-0.02860,-0.3662,-0.0522,0.06471,0.12941,0.08840,0,1,0.800,0.123,running
2.350,1,34,-0.09493,-0.03048,-0.3180,-0.1036,0.03965,0.14130,0.09446,0,1,0.800,0.278,running
2.393,1,35,-0.09913,-0.03273,-0.2312,-0.1233,-0.00443,0.13093,0.09921,0,1,0.800,0.390,running
2.440,1,36,-0.10318,-0.03477,-0.2225,-0.1123,-0.03849,0.10570,0.10373,0,1,0.800,0.440,running
2.481,1,37,-0.10526,-0.03674,-0.1147,-0.1086,-0.06621,0.07567,0.10642,0,1,1.000,0.428,running
2.523,1,38,-0.10751,-0.03692,-0.1237,-0.0100,-0.08925,0.03791,0.10856,0,1,1.000,0.431,running
2.571,1,39,-0.10995,-0.03638,-0.1341,0.0300,-0.08967,0.00886,0.11059,0,1,1.000,0.235,running
2.615,1,40,-0.11195,-0.03488,-0.1099,0.0822,-0.07030,0.01172,0.11189,0,1,1.000,0.152,running
2.660,1,41,-0.11450,-0.03247,-0.1401,0.1326,-0.04372,0.03869,0.11342,0,1,1.000,0.040,running
2.705,1,42,-0.11659,-0.02957,-0.1150,0.1594,-0.00937,0.06920,0.11446,0,1,1.000,-0.073,running
2.751,1,43,-0.11872,-0.02674,-0.1175,0.1560,0.03180,0.11207,0.11565,0,1,1.000,-0.141,running
2.792,1,44,-0.12029,-0.02464,-0.0860,0.1155,0.05616,0.14799,0.11658,0,1,1.000,-0.148,running
2.832,1,45,-0.12079,-0.02322,-0.0274,0.0777,0.07710,0.15268,0.11670,0,1,1.000,-0.078,running
2.921,1,46,-0.11829,-0.02364,0.1374,-0.0226,0.04274,0.10615,0.11439,0,1,1.000,-0.009,running
2.969,1,47,-0.11644,-0.02503,0.1017,-0.0766,0.02990,0.08258,0.11298,0,1,1.000,0.193,running
3.010,1,48,-0.11415,-0.02750,0.1260,-0.1358,0.01739,0.07010,0.11150,0,1,1.000,0.308,running
3.051,1,49,-0.11160,-0.02944,0.1400,-0.1069,-0.03291,0.05393,0.10968,0,1,1.000,0.439,running
3.095,1,50,-0.10877,-0.03116,0.1555,-0.0945,-0.07246,0.04324,0.10759,0,1,1.000,0.391,running
3.138,1,51,-0.10581,-0.03189,0.1628,-0.0404,-0.08972,0.04606,0.10508,0,1,1.000,0.375,running
3.184,1,52,-0.10298,-0.03163,0.1557,0.0146,-0.09004,0.05778,0.10235,0,1,1.000,0.270,running
3.226,1,53,-0.09981,-0.03003,0.1745,0.0881,-0.06986,0.08092,0.09881,0,1,1.000,0.159,running
3.270,1,54,-0.09646,-0.02791,0.1843,0.1163,-0.03770,0.10236,0.09492,0,1,0.111,0.004,running
3.315,1,55,-0.09206,-0.02533,0.2423,0.1421,-0.00067,0.12269,0.08989,0,1,0.075,-0.063,running
3.362,1,56,-0.08708,-0.02312,0.2739,0.1214,0.03400,0.12564,0.08445,0,1,-0.065,-0.128,running
3.404,1,57,-0.08188,-0.02199,0.2856,0.0623,0.06224,0.08392,0.07919,0,1,-0.234,-0.132,running
3.450,1,58,-0.07609,-0.02122,0.3187,0.0423,0.06971,0.01939,0.07351,0,1,-0.364,-0.027,running
3.493,1,59,-0.07099,-0.02194,0.2805,-0.0396,0.06250,-0.04275,0.06909,0,1,-0.562,0.001,running
3.538,1,60,-0.06720,-0.02369,0.2086,-0.0965,0.03609,-0.08207,0.06640,0,1,-0.546,0.223,running
3.579,1,61,-0.06519,-0.02554,0.1100,-0.1018,-0.00935,-0.10907,0.06549,0,1,-0.387,0.397,running
3.622,1,62,-0.06494,-0.02758,0.0142,-0.1121,-0.04157,-0.13177,0.06627,0,1,-0.111,0.423,running
3.666,1,63,-0.06607,-0.02943,-0.0622,-0.1016,-0.06751,-0.13023,0.06819,0,1,0.176,0.459,running
3.710,1,64,-0.06922,-0.03098,-0.1733,-0.0853,-0.09106,-0.09190,0.07169,0,1,0.406,0.430,running
3.758,1,65,-0.07464,-0.03122,-0.2985,-0.0130,-0.09049,-0.01792,0.07651,0,1,0.724,0.384,running
3.799,1,66,-0.08080,-0.03071,-0.3387,0.0278,-0.07255,0.05290,0.08171,0,1,0.800,0.194,running
3.844,1,67,-0.08688,-0.02927,-0.3345,0.0794,-0.04564,0.09803,0.08659,0,1,0.800,0.103,running
3.886,1,68,-0.09251,-0.02696,-0.3094,0.1271,-0.00760,0.11622,0.09090,0,1,0.800,0.001,running
3.931,1,69,-0.09702,-0.02580,-0.2482,0.0638,0.02942,0.12392,0.09472,0,1,0.800,-0.089,running
3.977,1,70,-0.10020,-0.02511,-0.1746,0.0375,0.06083,0.12282,0.09750,0,1,0.800,0.031,running
4.020,1,71,-0.10312,-0.02519,-0.1609,-0.0043,0.07485,0.11210,0.10030,0,1,1.000,0.081,running
4.065,1,72,-0.10507,-0.02624,-0.1071,-0.0574,0.04707,0.09581,0.10247,0,1,1.000,0.165,running
4.109,1,73,-0.10583,-0.02760,-0.0418,-0.0748,0.01162,0.07366,0.10363,0,1,1.000,0.276,running
4.156,1,74,-0.10688,-0.02927,-0.0577,-0.0918,-0.02146,0.05620,0.10517,0,1,1.000,0.318,running
4.199,1,75,-0.10797,-0.03049,-0.0598,-0.0676,-0.05345,0.04998,0.10661,0,1,1.000,0.360,running
4.240,1,76,-0.10778,-0.03113,0.0102,-0.0349,-0.07626,0.05295,0.10665,0,1,1.000,0.318,running
4.285,1,77,-0.10804,-0.03092,-0.0143,0.0116,-0.08183,0.05548,0.10682,0,1,1.000,0.255,running
4.327,1,78,-0.10835,-0.03000,-0.0172,0.0507,-0.07016,0.07002,0.10680,0,1,1.000,0.161,running
4.370,1,79,-0.10845,-0.02795,-0.0055,0.1123,-0.04115,0.09233,0.10623,0,1,1.000,0.079,running
4.415,1,80,-0.10755,-0.02587,0.0496,0.1146,-0.00320,0.10907,0.10472,0,1,1.000,-0.055,running
4.461,1,81,-0.10613,-0.02383,0.0782,0.1123,0.03738,0.12336,0.10275,0,1,1.000,-0.070,running
4.506,1,82,-0.10396,-0.02266,0.1193,0.0643,0.06671,0.12587,0.10034,0,1,1.000,-0.076,running
4.549,1,83,-0.10079,-0.02213,0.1743,0.0293,0.07010,0.12067,0.09715,0,1,1.000,0.015,running
4.594,1,84,-0.09710,-0.02314,0.2030,-0.0557,0.05480,0.11033,0.09393,0,1,1.000,0.082,running
4.639,1,85,-0.09224,-0.02525,0.2672,-0.1163,0.02786,0.09714,0.09004,0,1,0.040,0.257,running
4.681,1,86,-0.08719,-0.02760,0.2776,-0.1290,-0.01644,0.08273,0.08621,0,1,-0.112,0.389,running
4.726,1,87,-0.08186,-0.02979,0.2936,-0.1206,-0.04816,0.05122,0.08225,0,1,-0.215,0.439,running
4.771,1,88,-0.07641,-0.03202,0.2992,-0.1226,-0.07308,0.00263,0.07844,0,1,-0.337,0.444,running
4.816,1,89,-0.07189,-0.03326,0.2487,-0.0685,-0.09485,-0.05990,0.07516,0,1,-0.433,0.470,running
4.862,1,90,-0.06857,-0.03364,0.1825,-0.0209,-0.08758,-0.11853,0.07256,0,1,-0.372,0.345,running
4.949,1,91,-0.06861,-0.03253,-0.0019,0.0611,-0.05146,-0.13655,0.07199,0,1,-0.241,0.220,running
4.990,1,92,-0.07236,-0.03121,-0.2063,0.0726,-0.03402,-0.11870,0.07452,0,1,0.254,-0.008,running
5.034,1,93,-0.07792,-0.02899,-0.3060,0.1221,-0.01976,-0.10582,0.07837,0,1,0.800,-0.033,running
5.082,1,94,-0.08481,-0.02807,-0.3786,0.0510,0.02521,-0.07213,0.08420,0,1,0.800,-0.146,running
5.123,1,95,-0.09303,-0.02773,-0.4521,0.0185,0.06115,-0.00760,0.09166,0,1,0.800,0.047,running
5.169,1,96,-0.10161,-0.02769,-0.4721,0.0024,0.06797,0.05456,0.09967,0,1,0.800,0.132,running
5.213,1,97,-0.11028,-0.02851,-0.4768,-0.0451,0.05271,0.10756,0.10813,0,1,1.000,0.164,running
5.256,1,98,-0.11840,-0.02981,-0.4464,-0.0716,0.00727,0.13754,0.11625,0,1,1.000,0.263,running
5.299,1,99,-0.12550,-0.03138,-0.3908,-0.0865,-0.02628,0.14340,0.12349,0,1,1.000,0.322,running
5.344,1,100,-0.13083,-0.03249,-0.2934,-0.0607,-0.05215,0.12757,0.12891,0,1,1.000,0.360,running
5.385,1,101,-0.13495,-0.03246,-0.2265,0.0012,-0.08495,0.10686,0.13284,0,1,1.000,0.314,running
5.431,1,102,-0.13845,-0.03040,-0.1923,0.1133,-0.08930,0.08224,0.13562,0,1,1.000,0.190,running
5.473,1,103,-0.14018,-0.02852,-0.0950,0.1035,-0.07118,0.05367,0.13680,0,1,1.000,-0.044,running
5.520,1,104,-0.13946,-0.02526,0.0391,0.1793,-0.04094,0.02817,0.13532,0,1,1.000,-0.034,running
5.564,1,105,-0.13869,-0.02121,0.0426,0.2230,-0.00517,0.02967,0.13369,0,1,1.000,-0.202,running
5.608,1,106,-0.13781,-0.01824,0.0481,0.1636,0.03226,0.04679,0.13225,0,1,1.000,-0.310,running
5.656,1,107,-0.13690,-0.01535,0.0504,0.1586,0.06202,0.06525,0.13085,0,1,1.000,-0.206,running
5.702,1,108,-0.13694,-0.01390,-0.0023,0.0797,0.08799,0.09129,0.13066,0,1,1.000,-0.210,running
5.746,1,109,-0.13589,-0.01356,0.0579,0.0187,0.07606,0.12527,0.12957,0,1,1.000,-0.060,running
5.788,1,110,-0.13362,-0.01420,0.1245,-0.0353,0.05127,0.13988,0.12743,0,1,1.000,0.060,running
5.831,1,111,-0.13139,-0.01590,0.1229,-0.0934,0.02711,0.13866,0.12551,0,1,1.000,0.172,running
5.874,1,112,-0.12781,-0.01781,0.1970,-0.1050,-0.01551,0.12128,0.12235,0,1,1.000,0.296,running
6.007,1,113,-0.11407,-0.02276,0.7558,-0.2723,-0.09473,0.04873,0.11009,0,1,1.000,0.329,running
6.053,1,114,-0.10877,-0.02277,0.2912,-0.0004,-0.08863,0.02669,0.10499,0,1,1.000,0.688,running
6.139,1,115,-0.09876,-0.01984,0.5507,0.1614,-0.09927,0.04364,0.09456,0,1,1.000,0.145,running
6.270,1,116,-0.08387,-0.00882,0.8186,0.6061,-0.05776,0.08705,0.07750,0,1,-0.647,-0.194,running
6.361,1,117,-0.07282,0.00000,0.6082,0.4849,-0.04306,0.04074,0.06529,0,1,-0.800,-0.800,running
6.403,1,118,-0.06695,0.00419,0.3229,0.2301,-0.02574,0.03087,0.05917,0,1,-0.800,-0.800,running
6.450,1,119,-0.06159,0.00800,0.2946,0.2100,0.00275,0.01932,0.05383,0,1,-0.800,-0.738,running
6.492,1,120,-0.05696,0.01120,0.2544,0.1760,0.00947,-0.00344,0.04944,0,1,-0.800,-0.730,running
6.542,1,121,-0.05276,0.01342,0.2311,0.1221,0.05186,-0.04502,0.04557,0,1,-0.776,-0.653,running
6.624,1,122,-0.04901,0.01373,0.2065,0.0166,0.10368,-0.14441,0.04192,1,1,-0.748,-0.482,in_circle
6.667,1,123,-0.04962,0.01152,-0.0338,-0.1212,0.10169,-0.13211,0.04218,1,1,-0.703,-0.085,in_circle
6.712,1,124,-0.05418,0.00666,-0.2505,-0.2674,0.09592,-0.13770,0.04638,0,1,0.241,0.460,running
6.757,1,125,-0.06037,0.00158,-0.3408,-0.2796,0.07526,-0.13843,0.05276,0,1,0.800,0.800,running
6.799,1,126,-0.06751,-0.00521,-0.3928,-0.3735,0.02280,-0.11770,0.06076,0,1,0.800,0.800,running
6.843,1,127,-0.07678,-0.01215,-0.5095,-0.3817,-0.01621,-0.06544,0.07133,0,1,0.800,0.800,running
6.933,1,128,-0.09879,-0.02660,-1.2107,-0.7943,-0.07336,0.05947,0.09665,0,1,0.800,0.800,running
7.018,1,129,-0.11783,-0.03760,-1.0475,-0.6054,-0.10636,0.09946,0.11836,0,1,0.800,0.800,running
7.060,1,130,-0.12949,-0.03992,-0.6409,-0.1272,-0.10065,0.09577,0.13006,0,1,1.000,0.800,running
7.104,1,131,-0.13764,-0.04071,-0.4485,-0.0436,-0.10867,0.08757,0.13799,0,1,1.000,0.484,running
7.155,1,132,-0.13745,-0.03978,0.0105,0.0509,-0.09396,0.08994,0.13750,0,1,1.000,0.321,running
7.196,1,133,-0.13408,-0.03735,0.1854,0.1341,-0.05569,0.09831,0.13351,0,1,1.000,0.127,running
7.240,1,134,-0.13039,-0.03413,0.2027,0.1770,-0.01903,0.10033,0.12899,0,1,1.000,-0.051,running
7.285,1,135,-0.12665,-0.03070,0.2061,0.1885,0.00713,0.09827,0.12439,0,1,1.000,-0.153,running
7.372,1,136,-0.11631,-0.02402,0.5683,0.3674,0.07524,0.09911,0.11259,0,1,1.000,-0.193,running
7.416,1,137,-0.11030,-0.02185,0.3306,0.1195,0.08359,0.09347,0.10622,0,1,1.000,-0.585,running
7.458,1,138,-0.10402,-0.02132,0.3454,0.0292,0.07973,0.09262,0.10003,0,1,1.000,-0.100,running
7.500,1,139,-0.09653,-0.02160,0.4118,-0.0154,0.09867,0.09418,0.09293,0,1,1.000,0.078,running
7.543,1,140,-0.08868,-0.02420,0.4320,-0.1433,0.08999,0.08904,0.08634,0,1,-0.380,0.169,running
7.585,1,141,-0.08047,-0.02754,0.4517,-0.1835,0.04000,0.08207,0.08003,0,1,-0.538,0.453,running
7.631,1,142,-0.07214,-0.03204,0.4579,-0.2475,0.00105,0.07554,0.07475,0,1,-0.756,0.591,running
7.673,1,143,-0.06323,-0.03636,0.4903,-0.2378,-0.02314,0.03225,0.06976,0,1,-0.800,0.800,running
7.718,1,144,-0.05443,-0.04085,0.4841,-0.2470,-0.05974,-0.04157,0.06610,0,1,-0.800,0.800,running
7.762,1,145,-0.04793,-0.04453,0.3572,-0.2020,-0.09204,-0.10362,0.06453,0,1,-0.800,0.800,running
7.809,1,146,-0.04270,-0.04666,0.2880,-0.1171,-0.09146,-0.14104,0.06317,0,1,-0.800,0.798,running
7.851,1,147,-0.04048,-0.04819,0.1218,-0.0845,-0.09549,-0.14227,0.06329,0,1,-0.757,0.553,running
7.895,1,148,-0.03998,-0.04844,0.0278,-0.0137,-0.09434,-0.14176,0.06324,0,1,-0.254,0.458,running
7.938,1,149,-0.04169,-0.04844,-0.0941,0.0001,-0.08205,-0.13370,0.06413,0,1,0.033,0.241,running
7.980,1,150,-0.04509,-0.04781,-0.1872,0.0343,-0.05011,-0.09547,0.06547,0,1,0.411,0.201,running
8.026,1,151,-0.04973,-0.04680,-0.2553,0.0557,-0.00847,-0.02261,0.06743,0,1,0.699,0.101,running
8.073,1,152,-0.05541,-0.04626,-0.3122,0.0300,0.02653,0.04910,0.07069,0,1,0.800,0.043,running
8.115,1,153,-0.06114,-0.04590,-0.3153,0.0197,0.05328,0.09631,0.07442,0,1,0.800,0.128,running
8.159,1,154,-0.06681,-0.04627,-0.3119,-0.0205,0.06052,0.11576,0.07883,0,1,0.800,0.167,running
8.206,1,155,-0.07125,-0.04726,-0.2441,-0.0543,0.03727,0.12043,0.08284,0,1,0.800,0.282,running
8.248,1,156,-0.07448,-0.04914,-0.1773,-0.1036,-0.00075,0.12207,0.08652,0,1,0.800,0.371,running
8.290,1,157,-0.07710,-0.05047,-0.1443,-0.0732,-0.03200,0.11366,0.08940,0,1,0.701,0.488,running
8.335,1,158,-0.07828,-0.05182,-0.0649,-0.0742,-0.06185,0.09383,0.09116,0,1,0.636,0.429,running
8.379,1,159,-0.07890,-0.05218,-0.0341,-0.0198,-0.09878,0.05779,0.09187,0,1,0.482,0.438,running
8.425,1,160,-0.07971,-0.05149,-0.0448,0.0381,-0.10538,0.00878,0.09207,0,1,0.424,0.331,running
8.467,1,161,-0.08064,-0.04989,-0.0512,0.0884,-0.07861,-0.03593,0.09181,0,1,0.449,0.211,running
8.513,1,162,-0.08251,-0.04741,-0.1024,0.1362,-0.05648,-0.06992,0.09183,0,1,0.467,0.103,running
8.557,1,163,-0.08561,-0.04417,-0.1705,0.1782,-0.02597,-0.06420,0.09258,0,1,0.578,-0.005,running
8.601,1,164,-0.08943,-0.04125,-0.2102,0.1607,0.01960,-0.03068,0.09431,0,1,0.730,-0.106,running
8.642,1,165,-0.09424,-0.03898,-0.2644,0.1247,0.04804,0.02244,0.09744,0,1,0.800,-0.085,running
8.688,1,166,-0.09911,-0.03665,-0.2681,0.1283,0.07336,0.07335,0.10078,0,1,0.800,-0.025,running
8.731,1,167,-0.10392,-0.03547,-0.2644,0.0647,0.07034,0.12233,0.10468,0,1,0.800,-0.043,running
8.780,1,168,-0.10757,-0.03507,-0.2007,0.0218,0.03869,0.15276,0.10789,0,1,1.000,0.078,running
8.823,1,169,-0.11038,-0.03477,-0.1549,0.0169,0.00602,0.14833,0.11039,0,1,1.000,0.162,running
8.868,1,170,-0.11170,-0.03471,-0.0722,0.0030,-0.03015,0.12581,0.11159,0,1,1.000,0.170,running
8.913,1,171,-0.11183,-0.03415,-0.0075,0.0308,-0.05717,0.10638,0.11151,0,1,1.000,0.198,running
8.955,1,172,-0.11125,-0.03294,0.0319,0.0664,-0.07367,0.08986,0.11054,0,1,1.000,0.139,running
9.086,1,173,-0.10758,-0.02521,0.2020,0.4251,-0.03695,0.02620,0.10455,0,1,1.000,0.062,running
9.127,1,174,-0.10667,-0.02182,0.0501,0.1868,-0.03021,0.03581,0.10271,0,1,1.000,-0.694,running
9.170,1,175,-0.10553,-0.01843,0.0628,0.1864,-0.00164,0.03935,0.10074,0,1,1.000,-0.235,running
9.215,1,176,-0.10441,-0.01564,0.0616,0.1535,0.01750,0.04023,0.09900,0,1,1.000,-0.251,running
9.259,1,177,-0.10316,-0.01333,0.0686,0.1269,0.03875,0.06390,0.09730,0,1,1.000,-0.199,running
9.303,1,178,-0.10260,-0.01196,0.0307,0.0752,0.04369,0.10380,0.09649,0,1,1.000,-0.157,running
9.344,1,179,-0.10082,-0.01137,0.0983,0.0327,0.04112,0.13106,0.09462,0,1,1.000,-0.061,running
9.391,1,180,-0.09837,-0.01142,0.1346,-0.0028,0.03134,0.14125,0.09223,0,1,1.000,0.021,running
9.433,1,181,-0.09517,-0.01235,0.1761,-0.0513,-0.00083,0.13134,0.08927,0,1,0.184,0.093,running
9.474,1,182,-0.09089,-0.01323,0.2354,-0.0483,-0.03829,0.11376,0.08528,0,1,0.076,0.195,running
9.523,1,183,-0.08587,-0.01435,0.2760,-0.0616,-0.05895,0.08771,0.08068,0,1,-0.119,0.197,running
9.567,1,184,-0.08039,-0.01486,0.3013,-0.0279,-0.07395,0.03884,0.07553,0,1,-0.301,0.238,running
9.611,1,185,-0.07563,-0.01447,0.2619,0.0214,-0.06596,-0.02637,0.07085,0,1,-0.467,0.161,running
9.656,1,186,-0.07223,-0.01418,0.1872,0.0158,-0.04957,-0.07864,0.06751,0,1,-0.450,0.024,running
9.698,1,187,-0.06996,-0.01340,0.1248,0.0429,-0.02132,-0.11063,0.06511,0,1,-0.293,0.032,running
9.741,1,188,-0.06997,-0.01286,-0.0006,0.0298,0.02245,-0.12705,0.06497,0,1,-0.141,-0.056,running
9.784,1,189,-0.07174,-0.01196,-0.0973,0.0496,0.04648,-0.11048,0.06641,0,1,0.235,-0.019,running
9.830,1,190,-0.07449,-0.01293,-0.1517,-0.0532,0.05728,-0.06682,0.06933,0,1,0.531,-0.077,running
9.872,1,191,-0.07932,-0.01423,-0.2652,-0.0717,0.04973,-0.00445,0.07432,0,1,0.693,0.225,running
9.919,1,192,-0.08457,-0.01714,-0.2891,-0.1600,0.03104,0.05722,0.08018,0,1,0.800,0.274,running
9.960,1,193,-0.08992,-0.02022,-0.2941,-0.1696,0.00062,0.10697,0.08620,0,1,0.800,0.487,running
10.004,1,194,-0.09495,-0.02341,-0.2764,-0.1754,-0.04203,0.13214,0.09198,0,1,0.800,0.491,running
10.050,1,195,-0.09858,-0.02680,-0.2001,-0.1866,-0.07115,0.13506,0.09653,0,1,0.800,0.498,running
10.093,1,196,-0.10190,-0.02905,-0.1821,-0.1237,-0.08952,0.12114,0.10041,0,1,0.800,0.537,running
10.139,1,197,-0.10357,-0.03016,-0.0920,-0.0610,-0.09263,0.09636,0.10237,0,1,1.000,0.423,running
10.181,1,198,-0.10477,-0.03072,-0.0662,-0.0304,-0.08207,0.06465,0.10369,0,1,1.000,0.303,running
10.225,1,199,-0.10611,-0.03012,-0.0736,0.0326,-0.05812,0.03705,0.10474,0,1,1.000,0.244,running
10.268,1,200,-0.10637,-0.02874,-0.0144,0.0760,-0.01591,0.03550,0.10451,0,1,1.000,0.115,running
10.314,1,201,-0.10733,-0.02797,-0.0528,0.0426,0.02497,0.04622,0.10517,0,1,1.000,0.022,running
10.358,1,202,-0.10805,-0.02725,-0.0398,0.0394,0.04794,0.06390,0.10562,0,1,1.000,0.085,running
10.403,1,203,-0.10845,-0.02732,-0.0218,-0.0038,0.06361,0.08518,0.10602,0,1,1.000,0.088,running
10.448,1,204,-0.10840,-0.02825,0.0026,-0.0513,0.04464,0.10795,0.10627,0,1,1.000,0.174,running
10.488,1,205,-0.10753,-0.02930,0.0481,-0.0577,0.01041,0.12995,0.10579,0,1,1.000,0.274,running
10.532,1,206,-0.10609,-0.03076,0.0790,-0.0801,-0.02004,0.13677,0.10494,0,1,1.000,0.292,running
10.578,1,207,-0.10316,-0.03233,0.1614,-0.0866,-0.05648,0.12372,0.10277,0,1,1.000,0.344,running
10.621,1,208,-0.09959,-0.03325,0.1962,-0.0502,-0.08028,0.10972,0.09983,0,1,1.000,0.365,running
10.667,1,209,-0.09554,-0.03314,0.2225,0.0058,-0.08230,0.08692,0.09608,0,1,0.066,0.297,running
10.710,1,210,-0.09078,-0.03220,0.2618,0.0515,-0.07219,0.06157,0.09135,0,1,-0.006,0.184,running
10.756,1,211,-0.08629,-0.03036,0.2471,0.1012,-0.04707,0.03938,0.08650,0,1,-0.109,0.088,running
10.798,1,212,-0.08138,-0.02835,0.2700,0.1105,-0.00793,0.00551,0.08121,0,1,-0.150,-0.041,running
10.846,1,213,-0.07756,-0.02689,0.2101,0.0808,0.02975,-0.04995,0.07712,0,1,-0.300,-0.103,running
10.884,1,214,-0.07542,-0.02555,0.1178,0.0737,0.06017,-0.10846,0.07462,0,1,-0.225,-0.060,running
10.930,1,215,-0.07544,-0.02589,-0.0014,-0.0188,0.08220,-0.14160,0.07478,0,1,-0.022,-0.059,running
10.973,1,216,-0.07701,-0.02753,-0.0861,-0.0905,0.06622,-0.13782,0.07691,0,1,0.290,0.184,running
11.061,1,217,-0.08622,-0.03300,-0.5066,-0.3007,-0.00645,-0.03767,0.08758,0,1,0.518,0.374,running
11.104,1,218,-0.09291,-0.03617,-0.3681,-0.1743,-0.01124,0.01334,0.09499,0,1,0.800,0.800,running
11.150,1,219,-0.09968,-0.03887,-0.3719,-0.1485,-0.02202,0.01917,0.10225,0,1,0.800,0.560,running
11.195,1,220,-0.10689,-0.04105,-0.3968,-0.1202,-0.07348,0.02825,0.10970,0,1,0.800,0.521,running
11.235,1,221,-0.11401,-0.04208,-0.3914,-0.0565,-0.08630,0.06408,0.11658,0,1,1.000,0.476,running
11.279,1,222,-0.12046,-0.04146,-0.3549,0.0340,-0.06532,0.10732,0.12225,0,1,1.000,0.353,running
11.324,1,223,-0.12591,-0.03950,-0.2996,0.1080,-0.06608,0.13391,0.12657,0,1,1.000,0.169,running
11.368,1,224,-0.12946,-0.03644,-0.1955,0.1682,-0.03184,0.14158,0.12885,0,1,1.000,0.012,running
11.411,1,225,-0.13216,-0.03251,-0.1483,0.2160,0.02093,0.12818,0.13019,0,1,1.000,-0.124,running
11.456,1,226,-0.13338,-0.02856,-0.0670,0.2173,0.04441,0.11074,0.13025,0,1,1.000,-0.239,running
11.503,1,227,-0.13458,-0.02512,-0.0663,0.1891,0.07341,0.08951,0.13055,0,1,1.000,-0.262,running
11.545,1,228,-0.13470,-0.02268,-0.0062,0.1342,0.09269,0.06200,0.13010,0,1,1.000,-0.223,running
11.590,1,229,-0.13552,-0.02146,-0.0453,0.0670,0.07564,0.03437,0.13064,0,1,1.000,-0.125,running
11.635,1,230,-0.13546,-0.02106,0.0033,0.0225,0.04884,0.03223,0.13049,0,1,1.000,0.003,running
11.679,1,231,-0.13570,-0.02141,-0.0133,-0.0195,0.00851,0.03888,0.13080,0,1,1.000,0.090,running
11.723,1,232,-0.13552,-0.02203,0.0101,-0.0340,-0.02861,0.05805,0.13075,0,1,1.000,0.176,running
11.768,1,233,-0.13542,-0.02269,0.0052,-0.0364,-0.05316,0.08176,0.13081,0,1,1.000,0.208,running
11.812,1,234,-0.13486,-0.02326,0.0306,-0.0313,-0.07620,0.10827,0.13039,0,1,1.000,0.216,running
11.855,1,235,-0.13326,-0.02229,0.0883,0.0536,-0.07473,0.12710,0.12861,0,1,1.000,0.209,running
11.897,1,236,-0.13146,-0.02152,0.0987,0.0419,-0.05502,0.12908,0.12669,0,1,1.000,0.034,running
11.940,1,237,-0.12890,-0.01969,0.1412,0.1010,-0.03197,0.12235,0.12379,0,1,1.000,0.054,running
11.986,1,238,-0.12519,-0.01834,0.2037,0.0744,0.00826,0.11229,0.11989,0,1,1.000,-0.074,running
12.030,1,239,-0.12090,-0.01701,0.2362,0.0732,0.04269,0.09809,0.11542,0,1,1.000,-0.027,running
12.073,1,240,-0.11673,-0.01682,0.2294,0.0103,0.06004,0.07401,0.11129,0,1,1.000,-0.031,running
12.118,1,241,-0.11191,-0.01708,0.2647,-0.0146,0.05904,0.05659,0.10664,0,1,1.000,0.093,running
12.160,1,242,-0.10727,-0.01806,0.2557,-0.0539,0.03816,0.04374,0.10233,0,1,1.000,0.145,running
12.205,1,243,-0.10267,-0.02003,0.2528,-0.1082,0.00631,0.04579,0.09837,0,1,1.000,0.228,running
12.250,1,244,-0.09771,-0.02222,0.2726,-0.1206,-0.03113,0.05458,0.09424,0,1,1.000,0.346,running
12.295,1,245,-0.09255,-0.02421,0.2839,-0.1095,-0.06495,0.06417,0.08998,0,1,-0.096,0.382,running
12.338,1,246,-0.08781,-0.02590,0.2605,-0.0929,-0.09209,0.08346,0.08614,0,1,-0.144,0.370,running
12.380,1,247,-0.08164,-0.02688,0.3394,-0.0537,-0.09761,0.09574,0.08083,0,1,-0.177,0.353,running
12.424,1,248,-0.07639,-0.02686,0.2889,0.0013,-0.07732,0.06450,0.07605,0,1,-0.468,0.277,running
12.469,1,249,-0.07042,-0.02685,0.3286,0.0004,-0.05291,0.00114,0.07071,0,1,-0.444,0.138,running
12.516,1,250,-0.06562,-0.02624,0.2635,0.0338,-0.00879,-0.06464,0.06620,0,1,-0.658,0.131,running
12.559,1,251,-0.06303,-0.02661,0.1430,-0.0204,0.02924,-0.11693,0.06413,0,1,-0.558,0.023,running
12.601,1,252,-0.06222,-0.02632,0.0445,0.0155,0.05068,-0.15010,0.06329,0,1,-0.229,0.183,running
12.646,1,253,-0.06298,-0.02763,-0.0420,-0.0719,0.05928,-0.13096,0.06462,0,1,0.063,0.071,running
12.689,1,254,-0.06589,-0.02915,-0.1602,-0.0836,0.03475,-0.11452,0.06790,0,1,0.332,0.342,running
12.732,1,255,-0.07047,-0.03039,-0.2514,-0.0680,0.00141,-0.07641,0.07246,0,1,0.688,0.378,running
12.775,1,256,-0.07716,-0.03280,-0.3684,-0.1325,-0.02193,-0.01263,0.07948,0,1,0.800,0.334,running
12.820,1,257,-0.08465,-0.03465,-0.4119,-0.1017,-0.06226,0.04249,0.08694,0,1,0.800,0.494,running
12.865,1,258,-0.09202,-0.03635,-0.4049,-0.0939,-0.08391,0.08580,0.09427,0,1,0.800,0.413,running
12.909,1,259,-0.09915,-0.03666,-0.3921,-0.0167,-0.09023,0.11556,0.10081,0,1,0.800,0.400,running
12.952,1,260,-0.10520,-0.03588,-0.3329,0.0429,-0.07984,0.12988,0.10602,0,1,0.800,0.247,running
12.998,1,261,-0.10994,-0.03427,-0.2609,0.0884,-0.05173,0.13064,0.10979,0,1,1.000,0.124,running
13.084,1,262,-0.11635,-0.02953,-0.3527,0.2605,0.01924,0.09855,0.11422,0,1,1.000,0.024,running
13.129,1,263,-0.11811,-0.02743,-0.0964,0.1157,0.02207,0.08932,0.11526,0,1,1.000,-0.343,running
13.173,1,264,-0.11967,-0.02573,-0.0861,0.0933,0.03844,0.08870,0.11628,0,1,1.000,-0.064,running
13.217,1,265,-0.12078,-0.02503,-0.0612,0.0388,0.09005,0.08640,0.11717,0,1,1.000,-0.028,running
13.260,1,266,-0.12117,-0.02524,-0.0215,-0.0119,0.06210,0.07680,0.11760,0,1,1.000,0.078,running
13.307,1,267,-0.12080,-0.02577,0.0205,-0.0289,0.01012,0.06971,0.11738,0,1,1.000,0.180,running
13.350,1,268,-0.12045,-0.02650,0.0195,-0.0403,-0.00429,0.07193,0.11724,0,1,1.000,0.217,running
13.390,1,269,-0.11996,-0.02719,0.0266,-0.0378,-0.03255,0.06930,0.11697,0,1,1.000,0.243,running
13.435,1,270,-0.11888,-0.02781,0.0594,-0.0342,-0.06434,0.06519,0.11611,0,1,1.000,0.242,running
13.479,1,271,-0.11815,-0.02709,0.0400,0.0397,-0.07058,0.07467,0.11521,0,1,1.000,0.238,running
13.523,1,272,-0.11707,-0.02601,0.0596,0.0592,-0.05785,0.08081,0.11386,0,1,1.000,0.086,running
13.569,1,273,-0.11535,-0.02401,0.0947,0.1099,-0.04356,0.09171,0.11166,0,1,1.000,0.042,running
13.612,1,274,-0.11314,-0.02198,0.1215,0.1119,-0.01033,0.10188,0.10899,0,1,1.000,-0.070,running
13.658,1,275,-0.11045,-0.02052,0.1481,0.0802,0.03407,0.10715,0.10602,0,1,1.000,-0.084,running
13.746,1,276,-0.10738,-0.01949,0.1689,0.0567,0.06028,0.10861,0.10279,0,1,1.000,-0.028,running
13.787,1,277,-0.09828,-0.01988,0.5005,-0.0214,0.05129,0.10427,0.09410,0,1,1.000,0.014,running
13.835,1,278,-0.09298,-0.02197,0.2912,-0.1152,0.04315,0.10250,0.08966,0,1,-0.549,0.172,running
13.894,1,279,-0.08722,-0.02431,0.3170,-0.1283,0.02815,0.09540,0.08500,0,1,-0.162,0.371,running
13.950,1,280,-0.08086,-0.02732,0.3498,-0.1657,-0.02877,0.08390,0.08030,0,1,-0.320,0.426,running
14.007,1,281,-0.06774,-0.03310,0.7217,-0.3180,-0.06317,-0.01410,0.07156,0,1,-0.506,0.546,running
14.051,1,282,-0.06190,-0.03516,0.3210,-0.1130,-0.08497,-0.06973,0.06798,0,1,-0.800,0.800,running
14.095,1,283,-0.05805,-0.03740,0.2120,-0.1235,-0.09713,-0.10093,0.06640,0,1,-0.714,0.486,running
14.141,1,284,-0.05652,-0.03629,0.0841,0.0611,-0.09777,-0.11598,0.06451,0,1,-0.432,0.530,running
14.183,1,285,-0.05693,-0.03558,-0.0229,0.0393,-0.08958,-0.12517,0.06436,0,1,-0.072,-0.027,running
14.226,1,286,-0.05891,-0.03302,-0.1087,0.1408,-0.07941,-0.11228,0.06430,0,1,0.252,0.036,running
14.271,1,287,-0.06286,-0.02986,-0.2173,0.1736,-0.04332,-0.06902,0.06571,0,1,0.519,-0.281,running
14.314,1,288,-0.06829,-0.02660,-0.2986,0.1792,-0.00177,0.00576,0.06872,0,1,0.800,-0.380,running
14.360,1,289,-0.07434,-0.02366,-0.3326,0.1618,0.03142,0.07274,0.07285,0,1,0.800,-0.383,running
14.405,1,290,-0.08034,-0.02159,-0.3301,0.1139,0.05883,0.12041,0.07761,0,1,0.800,-0.312,running
14.445,1,291,-0.08521,-0.02018,-0.2678,0.0775,0.07916,0.13958,0.08171,0,1,0.800,-0.164,running
14.494,1,292,-0.08924,-0.02004,-0.2218,0.0079,0.06260,0.14143,0.08550,0,1,0.800,-0.061,running
14.535,1,293,-0.09157,-0.02085,-0.1282,-0.0449,0.03417,0.12314,0.08797,0,1,0.800,0.107,running
14.579,1,294,-0.09333,-0.02201,-0.0966,-0.0636,-0.00593,0.09247,0.09000,0,1,0.677,0.225,running
14.623,1,295,-0.09478,-0.02350,-0.0798,-0.0819,-0.03417,0.05243,0.09184,0,1,0.621,0.267,running
14.670,1,296,-0.09602,-0.02473,-0.0686,-0.0679,-0.06282,0.00483,0.09342,0,1,0.595,0.311,running
14.711,1,297,-0.09793,-0.02544,-0.1048,-0.0387,-0.07846,-0.04583,0.09545,0,1,0.578,0.289,running
14.755,1,298,-0.10096,-0.02519,-0.1669,0.0136,-0.07339,-0.06446,0.09825,0,1,0.660,0.235,running
14.798,1,299,-0.10470,-0.02445,-0.2054,0.0405,-0.05673,-0.04091,0.10157,0,1,1.000,0.129,running
14.846,1,300,-0.10950,-0.02253,-0.2640,0.1055,-0.02544,0.00987,0.10563,0,1,1.000,0.071,running
14.886,1,301,-0.11418,-0.02083,-0.2573,0.0938,0.01434,0.06889,0.10971,0,1,1.000,-0.068,running
14.931,1,302,-0.11941,-0.01967,-0.2876,0.0639,0.04474,0.11586,0.11452,0,1,1.000,-0.053,running
14.975,1,303,-0.12344,-0.01901,-0.2217,0.0361,0.06806,0.14308,0.11831,0,1,1.000,0.000,running
15.019,1,304,-0.12673,-0.01936,-0.1809,-0.0189,0.06181,0.14342,0.12160,0,1,1.000,0.053,running
15.109,1,305,-0.12987,-0.02203,-0.1727,-0.1472,0.00431,0.10353,0.12524,0,1,1.000,0.165,running
15.153,1,306,-0.13021,-0.02400,-0.0189,-0.1083,-0.00294,0.08183,0.12603,0,1,1.000,0.435,running
15.195,1,307,-0.13014,-0.02597,0.0040,-0.1082,-0.01541,0.07072,0.12645,0,1,1.000,0.367,running
15.238,1,308,-0.13009,-0.02686,0.0024,-0.0488,-0.06793,0.06079,0.12663,0,1,1.000,0.376,running
15.283,1,309,-0.12935,-0.02749,0.0407,-0.0349,-0.08639,0.05260,0.12608,0,1,1.000,0.262,running
15.328,1,310,-0.12856,-0.02682,0.0434,0.0371,-0.07240,0.05437,0.12514,0,1,1.000,0.237,running
15.374,1,311,-0.12753,-0.02550,0.0569,0.0725,-0.05586,0.06196,0.12380,0,1,1.000,0.090,running
15.416,1,312,-0.12672,-0.02347,0.0444,0.1116,-0.01796,0.07831,0.12252,0,1,1.000,0.013,running
15.460,1,313,-0.12540,-0.02135,0.0730,0.1164,0.02427,0.09265,0.12074,0,1,1.000,-0.076,running
15.508,1,314,-0.12360,-0.01991,0.0988,0.0794,0.04905,0.10981,0.11866,0,1,1.000,-0.096,running
15.548,1,315,-0.12158,-0.01918,0.1108,0.0399,0.07179,0.12070,0.11654,0,1,1.000,-0.029,running
15.591,1,316,-0.11789,-0.01929,0.2035,-0.0057,0.06140,0.12073,0.11295,0,1,1.000,0.046,running
15.635,1,317,-0.11476,-0.02041,0.1721,-0.0615,0.03869,0.11723,0.11017,0,1,1.000,0.138,running
15.679,1,318,-0.11038,-0.02217,0.2406,-0.0971,-0.00173,0.10624,0.10638,0,1,1.000,0.255,running
15.725,1,319,-0.10554,-0.02414,0.2663,-0.1081,-0.04066,0.09062,0.10228,0,1,1.000,0.335,running
15.769,1,320,-0.09992,-0.02612,0.3092,-0.1090,-0.07010,0.07228,0.09756,0,1,1.000,0.367,running
15.813,1,321,-0.09400,-0.02698,0.3255,-0.0473,-0.08439,0.05515,0.09229,0,1,-0.158,0.379,running
15.857,1,322,-0.08791,-0.02732,0.3349,-0.0185,-0.08540,0.04606,0.08676,0,1,-0.220,0.259,running
15.902,1,323,-0.08230,-0.02731,0.3087,0.0003,-0.06365,0.03496,0.08161,0,1,-0.326,0.201,running
15.946,1,324,-0.07646,-0.02685,0.3213,0.0256,-0.03570,0.00181,0.07611,0,1,-0.380,0.152,running
15.989,1,325,-0.07165,-0.02667,0.2644,0.0095,-0.00121,-0.05387,0.07172,0,1,-0.526,0.076,running
16.034,1,326,-0.06858,-0.02692,0.1688,-0.0137,0.03775,-0.10901,0.06912,0,1,-0.461,0.108,running
16.076,1,327,-0.06745,-0.02777,0.0623,-0.0465,0.05692,-0.14491,0.06854,0,1,-0.238,0.169,running
16.123,1,328,-0.06841,-0.02950,-0.0528,-0.0953,0.05172,-0.13462,0.07024,0,1,0.056,0.266,running
16.165,1,329,-0.07129,-0.03212,-0.1586,-0.1437,0.01852,-0.11709,0.07405,0,1,0.390,0.408,running
16.210,1,330,-0.07611,-0.03496,-0.2651,-0.1563,-0.02196,-0.08381,0.07965,0,1,0.685,0.539,running
16.251,1,331,-0.08220,-0.03799,-0.3350,-0.1669,-0.05377,-0.03568,0.08643,0,1,0.800,0.561,running
16.296,1,332,-0.08910,-0.04019,-0.3798,-0.1208,-0.08509,0.02591,0.09351,0,1,0.800,0.570,running
16.340,1,333,-0.09679,-0.04158,-0.4227,-0.0766,-0.10766,0.08233,0.10091,0,1,0.800,0.473,running
16.383,1,334,-0.10379,-0.04138,-0.3849,0.0111,-0.09560,0.11830,0.10704,0,1,0.800,0.391,running
16.428,1,335,-0.10957,-0.04043,-0.3179,0.0524,-0.07136,0.13535,0.11186,0,1,1.000,0.215,running
16.473,1,336,-0.11417,-0.03843,-0.2531,0.1098,-0.03578,0.13019,0.11528,0,1,1.000,0.127,running
16.519,1,337,-0.11729,-0.03572,-0.1717,0.1492,0.00111,0.12173,0.11717,0,1,1.000,0.003,running
16.560,1,338,-0.11906,-0.03327,-0.0972,0.1344,0.03608,0.11558,0.11799,0,1,1.000,-0.090,running
16.605,1,339,-0.12059,-0.03144,-0.0842,0.1007,0.06226,0.10229,0.11884,0,1,1.000,-0.072,running
16.651,1,340,-0.12142,-0.03000,-0.0459,0.0791,0.07268,0.08063,0.11919,0,1,1.000,-0.014,running
16.695,1,341,-0.12136,-0.02939,0.0034,0.0339,0.05635,0.05625,0.11895,0,1,1.000,0.022,running
16.737,1,342,-0.12182,-0.02923,-0.0250,0.0085,0.02646,0.03882,0.11933,0,1,1.000,0.109,running
16.793,1,343,-0.12267,-0.02927,-0.0468,-0.0020,-0.01176,0.03852,0.12016,0,1,1.000,0.159,running
16.823,1,344,-0.12260,-0.02915,0.0037,0.0066,-0.04736,0.04877,0.12006,0,1,1.000,0.180,running
16.868,1,345,-0.12250,-0.02878,0.0056,0.0203,-0.07180,0.06142,0.11985,0,1,1.000,0.162,running
16.934,1,346,-0.12286,-0.02755,-0.0198,0.0673,-0.07047,0.08478,0.11985,0,1,1.000,0.133,running
16.981,1,347,-0.12192,-0.02526,0.0517,0.1263,-0.05368,0.11400,0.11832,0,1,1.000,0.033,running
17.014,1,348,-0.12040,-0.02289,0.0832,0.1301,-0.02826,0.13639,0.11625,0,1,1.000,-0.096,running
17.043,1,349,-0.11767,-0.02002,0.1503,0.1577,-0.00384,0.13527,0.11291,0,1,1.000,-0.116,running
17.132,1,350,-0.11013,-0.01644,0.4148,0.1971,0.06811,0.11354,0.10476,0,1,1.000,-0.185,running
17.174,1,351,-0.10489,-0.01601,0.2883,0.0238,0.07502,0.09788,0.09955,0,1,1.000,-0.282,running
17.218,1,352,-0.09944,-0.01657,0.2997,-0.0307,0.07213,0.08251,0.09438,0,1,1.000,0.062,running
17.263,1,353,-0.09367,-0.01859,0.3172,-0.1114,0.07277,0.07140,0.08932,0,1,-0.141,0.174,running
17.309,1,354,-0.08757,-0.02169,0.3355,-0.1706,0.03665,0.05212,0.08444,0,1,-0.217,0.348,running
17.351,1,355,-0.08128,-0.02557,0.3458,-0.2131,-0.00536,0.03493,0.07998,0,1,-0.369,0.510,running
17.395,1,356,-0.07517,-0.02981,0.3360,-0.2332,-0.03037,-0.00277,0.07630,0,1,-0.500,0.654,running
17.463,1,357,-0.07044,-0.03374,0.2604,-0.2161,-0.06002,-0.06084,0.07418,0,1,-0.565,0.749,running
17.534,1,358,-0.06539,-0.03911,0.2776,-0.2953,-0.08996,-0.15054,0.07315,0,1,-0.422,0.736,running
17.595,1,359,-0.06675,-0.04038,-0.0748,-0.0703,-0.09683,-0.13911,0.07501,0,1,-0.503,0.800,running
17.660,1,360,-0.07628,-0.03883,-0.5240,0.0854,-0.09387,-0.13759,0.08185,0,1,0.445,0.380,running
17.703,1,361,-0.08390,-0.03590,-0.4192,0.1614,-0.09159,-0.12441,0.08687,0,1,0.800,0.007,running
17.746,1,362,-0.09330,-0.03235,-0.5172,0.1950,-0.08480,-0.07967,0.09371,0,1,0.800,-0.140,running
17.790,1,363,-0.10323,-0.02756,-0.5460,0.2634,-0.05780,-0.02797,0.10116,0,1,0.800,-0.198,running
17.834,1,364,-0.11488,-0.02223,-0.6405,0.2931,-0.01331,0.03042,0.11074,0,1,1.000,-0.359,running
17.878,1,365,-0.12582,-0.01707,-0.6016,0.2838,0.02278,0.07597,0.12025,0,1,1.000,-0.445,running
17.921,1,366,-0.13666,-0.01258,-0.5962,0.2471,0.04818,0.11186,0.13019,0,1,1.000,-0.452,running
17.968,1,367,-0.13683,-0.00968,-0.0096,0.1595,0.08510,0.12887,0.12998,0,1,1.000,-0.401,running
18.011,1,368,-0.13309,-0.00826,0.2057,0.0781,0.09332,0.12124,0.12610,0,1,1.000,-0.241,running
18.056,1,369,-0.12912,-0.00790,0.2183,0.0198,0.07527,0.10843,0.12212,0,1,1.000,-0.085,running
18.098,1,370,-0.12424,-0.00875,0.2687,-0.0467,0.04801,0.09480,0.11737,0,1,1.000,0.030,running
18.146,1,371,-0.11860,-0.01079,0.3099,-0.1123,0.00484,0.07698,0.11207,0,1,1.000,0.167,running
18.186,1,372,-0.11333,-0.01336,0.2898,-0.1410,-0.02910,0.05901,0.10729,0,1,1.000,0.309,running
18.230,1,373,-0.10757,-0.01585,0.3168,-0.1373,-0.05594,0.04589,0.10214,0,1,1.000,0.379,running
18.273,1,374,-0.10155,-0.01774,0.3311,-0.1040,-0.08795,0.04649,0.09671,0,1,1.000,0.384,running
18.318,1,375,-0.09604,-0.01913,0.3031,-0.0764,-0.09808,0.05366,0.09175,0,1,1.000,0.327,running
18.365,1,376,-0.09002,-0.01932,0.3310,-0.0106,-0.07758,0.06857,0.08604,0,1,-0.165,0.278,running
18.408,1,377,-0.08379,-0.01951,0.3431,-0.0105,-0.04983,0.09191,0.08015,0,1,-0.320,0.145,running
18.451,1,378,-0.07682,-0.01859,0.3831,0.0508,-0.01360,0.10213,0.07327,0,1,-0.479,0.140,running
18.495,1,379,-0.07022,-0.01845,0.3632,0.0080,0.01986,0.07037,0.06703,0,1,-0.735,-0.033,running
18.542,1,380,-0.06311,-0.01900,0.3910,-0.0303,0.04470,0.00295,0.06069,0,1,-0.800,0.071,running
18.585,1,381,-0.05771,-0.02075,0.2968,-0.0967,0.06285,-0.06932,0.05663,0,1,-0.800,0.184,running
18.627,1,382,-0.05350,-0.02261,0.2315,-0.1020,0.04706,-0.11614,0.05392,0,1,-0.800,0.411,running
18.673,1,383,-0.05070,-0.02562,0.1540,-0.1656,0.00936,-0.13913,0.05329,0,1,-0.651,0.443,running
18.716,1,384,-0.05051,-0.02879,0.0103,-0.1745,-0.02789,-0.14583,0.05509,0,1,-0.398,0.674,running
18.759,1,385,-0.05264,-0.03121,-0.1171,-0.1330,-0.05806,-0.13072,0.05827,0,1,0.104,0.706,running
18.807,1,386,-0.05678,-0.03305,-0.2275,-0.1013,-0.09298,-0.08764,0.06264,0,1,0.536,0.562,running
18.848,1,387,-0.06307,-0.03460,-0.3457,-0.0850,-0.10142,-0.02867,0.06857,0,1,0.800,0.455,running
18.893,1,388,-0.07013,-0.03513,-0.3885,-0.0291,-0.09414,0.03070,0.07467,0,1,0.800,0.402,running
18.938,1,389,-0.07759,-0.03475,-0.4102,0.0206,-0.06976,0.08510,0.08081,0,1,0.800,0.250,running
18.979,1,390,-0.08445,-0.03314,-0.3776,0.0888,-0.02627,0.11668,0.08606,0,1,0.800,0.136,running
19.024,1,391,-0.09039,-0.03207,-0.3269,0.0586,0.00811,0.12850,0.09095,0,1,0.800,-0.004,running
19.071,1,392,-0.09511,-0.03118,-0.2591,0.0487,0.03813,0.11882,0.09490,0,1,0.800,0.073,running
19.159,1,393,-0.10258,-0.03098,-0.4113,0.0114,0.05623,0.07662,0.10174,0,1,0.800,0.088,running
19.205,1,394,-0.10513,-0.03158,-0.1399,-0.0332,0.04628,0.05232,0.10433,0,1,1.000,0.162,running
19.247,1,395,-0.10772,-0.03318,-0.1424,-0.0879,0.03733,0.03797,0.10732,0,1,1.000,0.254,running
19.289,1,396,-0.10999,-0.03467,-0.1249,-0.0819,-0.00784,0.03920,0.10998,0,1,1.000,0.372,running
19.332,1,397,-0.11205,-0.03630,-0.1137,-0.0896,-0.04870,0.05077,0.11251,0,1,1.000,0.367,running
19.378,1,398,-0.11387,-0.03721,-0.0996,-0.0505,-0.07390,0.06898,0.11453,0,1,1.000,0.391,running
19.420,1,399,-0.11546,-0.03646,-0.0877,0.0412,-0.08891,0.09890,0.11573,0,1,1.000,0.317,running
19.466,1,400,-0.11623,-0.03507,-0.0425,0.0766,-0.07827,0.11610,0.11595,0,1,1.000,0.130,running
19.508,1,401,-0.11565,-0.03232,0.0318,0.1515,-0.05424,0.11774,0.11446,0,1,1.000,0.052,running
19.556,1,402,-0.11454,-0.02882,0.0614,0.1921,-0.01645,0.11066,0.11227,0,1,1.000,-0.111,running
19.598,1,403,-0.11261,-0.02572,0.1059,0.1708,0.02008,0.10195,0.10951,0,1,1.000,-0.210,running
19.642,1,404,-0.11028,-0.02304,0.1283,0.1475,0.04975,0.09159,0.10651,0,1,1.000,-0.183,running
19.685,1,405,-0.10709,-0.02125,0.1756,0.0982,0.07448,0.07979,0.10296,0,1,1.000,-0.150,running
19.727,1,406,-0.10401,-0.02026,0.1690,0.0547,0.07165,0.07131,0.09973,0,1,1.000,-0.060,running
19.775,1,407,-0.10016,-0.02077,0.2119,-0.0281,0.04952,0.05799,0.09616,0,1,1.000,0.022,running
19.820,1,408,-0.09684,-0.02187,0.1825,-0.0607,0.01817,0.05875,0.09330,0,1,1.000,0.190,running
19.862,1,409,-0.09286,-0.02377,0.2190,-0.1044,-0.02582,0.06265,0.09012,0,1,0.080,0.261,running
19.905,1,410,-0.08831,-0.02538,0.2501,-0.0883,-0.05169,0.06583,0.08641,0,1,-0.013,0.358,running
19.950,1,411,-0.08495,-0.02700,0.1849,-0.0892,-0.07693,0.06410,0.08391,0,1,-0.148,0.341,running
19.993,1,412,-0.08116,-0.02797,0.2087,-0.0536,-0.09080,0.03443,0.08084,0,1,-0.053,0.355,running
20.039,1,413,-0.07712,-0.02797,0.2219,0.0001,-0.07962,-0.02655,0.07720,0,1,-0.161,0.281,running
20.109,1,414,-0.07506,-0.02718,0.1133,0.0432,-0.05295,-0.08289,0.07500,0,1,-0.255,0.148,running
20.168,1,415,-0.07506,-0.02586,0.0000,0.0726,0.01688,-0.12793,0.07443,0,1,-0.009,0.029,running
20.233,1,416,-0.07806,-0.02598,-0.1649,-0.0064,0.03092,-0.11403,0.07719,0,1,0.284,-0.056,running
20.289,1,417,-0.08292,-0.02628,-0.2675,-0.0165,0.04409,-0.08500,0.08176,0,1,0.720,0.156,running
20.347,1,418,-0.09626,-0.02929,-0.7334,-0.1658,0.03392,0.00636,0.09524,0,1,0.800,0.186,running
20.389,1,419,-0.10414,-0.03170,-0.4335,-0.1326,0.00459,0.03963,0.10345,0,1,0.800,0.508,running
20.431,1,420,-0.11157,-0.03413,-0.4089,-0.1335,-0.02134,0.05810,0.11126,0,1,1.000,0.454,running
20.474,1,421,-0.11920,-0.03568,-0.4197,-0.0852,-0.04605,0.07013,0.11895,0,1,1.000,0.468,running
20.518,1,422,-0.12557,-0.03662,-0.3503,-0.0514,-0.07552,0.08887,0.12525,0,1,1.000,0.379,running
20.562,1,423,-0.13139,-0.03609,-0.3198,0.0290,-0.08110,0.11067,0.13056,0,1,1.000,0.316,running
20.611,1,424,-0.13637,-0.03393,-0.2739,0.1187,-0.06379,0.11434,0.13463,0,1,1.000,0.152,running
20.653,1,425,-0.13988,-0.03052,-0.1931,0.1874,-0.03557,0.10901,0.13703,0,1,1.000,-0.038,running
20.696,1,426,-0.13807,-0.02806,0.0996,0.1358,0.00238,0.10137,0.13464,0,1,1.000,-0.192,running
20.739,1,427,-0.13650,-0.02472,0.0863,0.1833,0.03411,0.09644,0.13231,0,1,1.000,-0.101,running
20.783,1,428,-0.13425,-0.02211,0.1233,0.1437,0.06334,0.08969,0.12954,0,1,1.000,-0.213,running
20.827,1,429,-0.13166,-0.02084,0.1426,0.0699,0.06208,0.08131,0.12674,0,1,1.000,-0.147,running
20.871,1,430,-0.12838,-0.01990,0.1805,0.0518,0.05333,0.06933,0.12333,0,1,1.000,-0.006,running
20.918,1,431,-0.12505,-0.01965,0.1831,0.0136,0.03732,0.06578,0.12002,0,1,1.000,0.026,running
20.960,1,432,-0.12112,-0.02027,0.2163,-0.0343,-0.01229,0.06543,0.11632,0,1,1.000,0.101,running
21.006,1,433,-0.11783,-0.02118,0.1806,-0.0496,-0.04458,0.07019,0.11334,0,1,1.000,0.200,running
21.046,1,434,-0.11380,-0.02169,0.2220,-0.0282,-0.06704,0.07116,0.10955,0,1,1.000,0.235,running
21.091,1,435,-0.10973,-0.02124,0.2239,0.0247,-0.07814,0.07902,0.10550,0,1,1.000,0.195,running
21.184,1,436,-0.10014,-0.01880,0.5270,0.1343,-0.04410,0.09896,0.09562,0,1,1.000,0.087,running
21.252,1,437,-0.09420,-0.01687,0.3267,0.1058,-0.03758,0.10301,0.08938,0,1,1.000,-0.145,running
21.297,1,438,-0.08800,-0.01483,0.3413,0.1126,-0.02212,0.10381,0.08286,0,1,-0.232,-0.101,running
21.358,1,439,-0.07350,-0.01245,0.7975,0.1307,0.04091,0.10440,0.06824,0,1,-0.408,-0.161,running
21.398,1,440,-0.06566,-0.01219,0.4313,0.0144,0.04668,0.08696,0.06065,0,1,-0.800,-0.303,running
21.443,1,441,-0.05707,-0.01331,0.4725,-0.0615,0.07868,0.04398,0.05291,0,1,-0.800,0.018,running
21.487,1,442,-0.04850,-0.01606,0.4711,-0.1515,0.07490,-0.00547,0.04630,0,1,-0.800,0.275,running
21.531,1,443,-0.04125,-0.01903,0.3985,-0.1633,0.04363,-0.05485,0.04178,1,1,-0.800,0.630,in_circle
21.575,1,444,-0.03506,-0.02333,0.3409,-0.2364,0.00977,-0.10276,0.04004,1,1,-0.800,0.706,in_circle
21.641,1,445,-0.03061,-0.02728,0.2445,-0.2171,-0.01981,-0.14037,0.04035,1,1,-0.800,0.800,in_circle
21.665,1,446,-0.02896,-0.03177,0.0906,-0.2472,-0.05223,-0.14591,0.04330,1,1,-0.800,0.800,in_circle
21.709,1,447,-0.02940,-0.03535,-0.0242,-0.1969,-0.08545,-0.13105,0.04665,0,1,-0.294,0.800,running
21.753,1,448,-0.03193,-0.03789,-0.1392,-0.1398,-0.09427,-0.12233,0.05009,0,1,0.152,0.800,running
21.809,1,449,-0.03729,-0.03940,-0.2948,-0.0827,-0.09760,-0.09297,0.05414,0,1,0.573,0.635,running
21.870,1,450,-0.04361,-0.04014,-0.3473,-0.0407,-0.10512,-0.03280,0.05840,0,1,0.800,0.430,running
21.927,1,451,-0.05745,-0.03743,-0.7614,0.1487,-0.05971,0.09146,0.06597,0,1,0.800,0.291,running
21.970,1,452,-0.06420,-0.03576,-0.3712,0.0921,-0.03481,0.10237,0.07018,0,1,0.800,-0.275,running
22.014,1,453,-0.07032,-0.03358,-0.3366,0.1197,-0.01601,0.10259,0.07400,0,1,0.800,-0.090,running
22.060,1,454,-0.07517,-0.03173,-0.2665,0.1016,0.01502,0.10320,0.07721,0,1,0.800,-0.150,running
22.105,1,455,-0.07972,-0.03024,-0.2506,0.0821,0.03844,0.09998,0.08054,0,1,0.800,-0.091,running
22.148,1,456,-0.08338,-0.02936,-0.2013,0.0484,0.04477,0.08584,0.08345,0,1,0.800,-0.031,running
22.190,1,457,-0.08631,-0.02900,-0.1612,0.0200,0.03828,0.07556,0.08596,0,1,0.800,0.056,running
22.235,1,458,-0.08897,-0.02940,-0.1463,-0.0223,0.01927,0.05428,0.08856,0,1,0.725,0.125,running
22.278,1,459,-0.09160,-0.03010,-0.1444,-0.0383,-0.02036,0.03302,0.09124,0,1,0.701,0.220,running
22.321,1,460,-0.09368,-0.03110,-0.1144,-0.0548,-0.05616,0.01828,0.09355,0,1,0.708,0.257,running
22.366,1,461,-0.09661,-0.03126,-0.1615,-0.0092,-0.07738,0.01322,0.09631,0,1,0.658,0.295,running
22.411,1,462,-0.09939,-0.03024,-0.1527,0.0566,-0.08018,0.02099,0.09850,0,1,0.767,0.205,running
22.455,1,463,-0.10215,-0.02831,-0.1519,0.1058,-0.06598,0.03395,0.10040,0,1,0.763,0.068,running
22.499,1,464,-0.10470,-0.02611,-0.1399,0.1210,-0.04261,0.05596,0.10208,0,1,1.000,-0.040,running
22.543,1,465,-0.10774,-0.02324,-0.1673,0.1577,-0.00229,0.09344,0.10413,0,1,1.000,-0.081,running
22.587,1,466,-0.10956,-0.02066,-0.1002,0.1419,0.03714,0.12067,0.10519,0,1,1.000,-0.169,running
22.630,1,467,-0.11100,-0.01882,-0.0794,0.1013,0.06284,0.12763,0.10615,0,1,1.000,-0.150,running
22.677,1,468,-0.11158,-0.01809,-0.0319,0.0402,0.07722,0.11706,0.10654,0,1,1.000,-0.078,running
22.721,1,469,-0.11079,-0.01872,0.0434,-0.0346,0.06014,0.10429,0.10592,0,1,1.000,0.040,running
22.763,1,470,-0.10936,-0.01997,0.0786,-0.0688,0.03094,0.08837,0.10483,0,1,1.000,0.193,running
22.806,1,471,-0.10853,-0.02164,0.0458,-0.0920,-0.00992,0.06703,0.10445,0,1,1.000,0.267,running
22.851,1,472,-0.10705,-0.02375,0.0816,-0.1158,-0.04419,0.04803,0.10361,0,1,1.000,0.322,running
22.896,1,473,-0.10514,-0.02522,0.1051,-0.0809,-0.07282,0.04095,0.10222,0,1,1.000,0.380,running
22.939,1,474,-0.10371,-0.02614,0.0785,-0.0507,-0.08918,0.05043,0.10115,0,1,1.000,0.318,running
22.983,1,475,-0.10176,-0.02614,0.1070,0.0003,-0.08170,0.05988,0.09931,0,1,1.000,0.262,running
23.028,1,476,-0.09988,-0.02527,0.1038,0.0476,-0.05656,0.07684,0.09724,0,1,1.000,0.160,running
23.071,1,477,-0.09760,-0.02391,0.1250,0.0747,-0.02066,0.10169,0.09465,0,1,0.253,0.061,running
23.116,1,478,-0.09460,-0.02282,0.1653,0.0601,0.01762,0.11490,0.09146,0,1,0.199,0.000,running
23.204,1,479,-0.08696,-0.02235,0.4203,0.0257,0.06260,0.06507,0.08408,0,1,0.103,0.024,running
23.248,1,480,-0.08309,-0.02323,0.2128,-0.0483,0.05907,0.01688,0.08076,0,1,-0.568,0.076,running
23.291,1,481,-0.07894,-0.02492,0.2281,-0.0929,0.04986,-0.01077,0.07757,0,1,-0.163,0.247,running
23.336,1,482,-0.07649,-0.02774,0.1349,-0.1552,0.02247,-0.03003,0.07653,0,1,-0.258,0.367,running
23.380,1,483,-0.07489,-0.03093,0.0881,-0.1754,-0.02296,-0.05546,0.07658,0,1,-0.045,0.540,running
23.433,1,484,-0.07417,-0.03436,0.0394,-0.1887,-0.05815,-0.07108,0.07768,0,1,0.067,0.605,running
23.474,1,485,-0.07493,-0.03693,-0.0416,-0.1414,-0.08358,-0.06082,0.07968,0,1,0.193,0.647,running
23.517,1,486,-0.07633,-0.03821,-0.0775,-0.0701,-0.10651,-0.02598,0.08156,0,1,0.401,0.534,running
23.560,1,487,-0.07897,-0.03830,-0.1451,-0.0052,-0.10111,0.02709,0.08383,0,1,0.495,0.366,running
23.600,1,488,-0.08136,-0.03778,-0.1315,0.0289,-0.08665,0.07805,0.08560,0,1,0.660,0.220,running
23.644,1,489,-0.08367,-0.03603,-0.1267,0.0959,-0.05066,0.11658,0.08673,0,1,0.638,0.146,running
23.689,1,490,-0.08506,-0.03428,-0.0766,0.0965,-0.00656,0.13346,0.08713,0,1,0.637,-0.001,running
23.733,1,491,-0.08523,-0.03233,-0.0096,0.1070,0.02535,0.11850,0.08640,0,1,0.537,-0.008,running
23.777,1,492,-0.08470,-0.03089,0.0295,0.0796,0.05203,0.09120,0.08529,0,1,0.394,-0.045,running
23.821,1,493,-0.08396,-0.03039,0.0408,0.0274,0.06097,0.04966,0.08440,0,1,0.302,0.002,running
23.866,1,494,-0.08354,-0.03087,0.0230,-0.0268,0.04792,-0.00325,0.08424,0,1,0.269,0.111,running
23.908,1,495,-0.08352,-0.03185,0.0012,-0.0534,0.02670,-0.05260,0.08465,0,1,0.306,0.233,running
23.953,1,496,-0.08487,-0.03338,-0.0744,-0.0841,-0.01398,-0.08972,0.08655,0,1,0.356,0.297,running
23.996,1,497,-0.08685,-0.03425,-0.1088,-0.0480,-0.05094,-0.08443,0.08870,0,1,0.531,0.370,running
24.038,1,498,-0.09066,-0.03477,-0.2097,-0.0285,-0.07916,-0.04522,0.09235,0,1,0.613,0.297,running
24.085,1,499,-0.09540,-0.03477,-0.2606,-0.0004,-0.09721,0.01794,0.09662,0,1,0.800,0.261,running
24.127,1,500,-0.10028,-0.03329,-0.2683,0.0817,-0.07819,0.07450,0.10048,0,1,0.800,0.205,running
24.172,1,501,-0.10516,-0.03078,-0.2687,0.1377,-0.04255,0.11973,0.10408,0,1,1.000,0.033,running
24.218,1,502,-0.10898,-0.02819,-0.2100,0.1427,-0.00703,0.13808,0.10680,0,1,1.000,-0.092,running
24.259,1,503,-0.11170,-0.02574,-0.1496,0.1346,0.02638,0.12379,0.10864,0,1,1.000,-0.114,running
24.305,1,504,-0.11370,-0.02379,-0.1099,0.1073,0.05712,0.10400,0.11001,0,1,1.000,-0.110,running
24.348,1,505,-0.11505,-0.02249,-0.0745,0.0716,0.06748,0.08045,0.11097,0,1,1.000,-0.066,running
24.393,1,506,-0.11571,-0.02220,-0.0361,0.0157,0.05328,0.06035,0.11153,0,1,1.000,-0.001,running
24.437,1,507,-0.11592,-0.02292,-0.0118,-0.0397,0.03185,0.04737,0.11193,0,1,1.000,0.110,running
24.482,1,508,-0.11601,-0.02451,-0.0049,-0.0871,-0.01200,0.04518,0.11243,0,1,1.000,0.224,running
24.524,1,509,-0.11671,-0.02564,-0.0384,-0.0623,-0.04659,0.05319,0.11341,0,1,1.000,0.327,running
24.645,1,510,-0.11644,-0.02644,0.0148,-0.0442,-0.07164,0.06116,0.11338,0,1,1.000,0.283,running
24.700,1,511,-0.11544,-0.02373,0.0552,0.1494,-0.07370,0.11022,0.11167,0,1,1.000,0.251,running
24.771,1,512,-0.11385,-0.02105,0.0872,0.1475,-0.07765,0.10938,0.10945,0,1,1.000,-0.150,running
24.859,1,513,-0.10863,-0.01502,0.2875,0.3317,-0.01145,0.10279,0.10299,0,1,1.000,-0.160,running
24.926,1,514,-0.10097,-0.00933,0.4211,0.3126,0.01749,0.10031,0.09442,0,1,1.000,-0.558,running
24.985,1,515,-0.09594,-0.00765,0.2766,0.0925,0.03348,0.09745,0.08919,0,1,1.000,-0.548,running
25.009,1,516,-0.09089,-0.00698,0.2777,0.0367,0.05399,0.09229,0.08410,0,1,-0.125,-0.120,running
25.061,1,517,-0.08510,-0.00734,0.3184,-0.0195,0.06655,0.08840,0.07845,0,1,-0.230,-0.021,running
25.127,1,518,-0.07908,-0.00951,0.3314,-0.1195,0.05184,0.08339,0.07295,0,1,-0.442,0.107,running
25.187,1,519,-0.06743,-0.01489,0.6406,-0.2957,-0.03237,-0.03613,0.06318,0,1,-0.593,0.385,running
25.244,1,520,-0.06254,-0.01845,0.2687,-0.1959,-0.02957,-0.09021,0.05996,0,1,-0.800,0.800,running
25.286,1,521,-0.05964,-0.02104,0.1596,-0.1422,-0.04098,-0.09629,0.05847,0,1,-0.669,0.713,running
25.347,1,522,-0.05839,-0.02349,0.0691,-0.1347,-0.09792,-0.10076,0.05855,0,1,-0.343,0.556,running
25.404,1,523,-0.06132,-0.02554,-0.1613,-0.1127,-0.09369,-0.11537,0.06212,0,1,-0.052,0.540,running
25.447,1,524,-0.06590,-0.02482,-0.2521,0.0392,-0.08754,-0.07483,0.06577,0,1,0.696,0.465,running
25.490,1,525,-0.07132,-0.02311,-0.2979,0.0941,-0.06522,-0.02036,0.06987,0,1,0.800,0.000,running
25.535,1,526,-0.07801,-0.02121,-0.3678,0.1046,-0.03266,0.02882,0.07530,0,1,0.800,-0.148,running
25.579,1,527,-0.08461,-0.01915,-0.3632,0.1132,0.00429,0.06643,0.08082,0,1,0.800,-0.155,running
25.623,1,528,-0.09131,-0.01786,-0.3683,0.0711,0.03812,0.10338,0.08685,0,1,0.800,-0.154,running
25.666,1,529,-0.09720,-0.01704,-0.3244,0.0452,0.06162,0.12658,0.09233,0,1,0.800,-0.036,running
25.712,1,530,-0.10223,-0.01708,-0.2765,-0.0025,0.05573,0.12416,0.09721,0,1,0.800,0.025,running
25.756,1,531,-0.10635,-0.01782,-0.2263,-0.0405,0.03097,0.10729,0.10138,0,1,1.000,0.120,running
25.798,1,532,-0.10917,-0.01954,-0.1550,-0.0948,-0.00561,0.08209,0.10453,0,1,1.000,0.200,running
25.844,1,533,-0.11220,-0.02106,-0.1669,-0.0835,-0.03600,0.05951,0.10785,0,1,1.000,0.317,running
25.889,1,534,-0.11476,-0.02211,-0.1406,-0.0579,-0.06855,0.05149,0.11059,0,1,1.000,0.302,running
25.930,1,535,-0.11719,-0.02281,-0.1338,-0.0383,-0.09165,0.05615,0.11312,0,1,1.000,0.256,running
25.974,1,536,-0.11906,-0.02284,-0.1029,-0.0015,-0.08145,0.05927,0.11494,0,1,1.000,0.221,running
26.017,1,537,-0.12137,-0.02141,-0.1268,0.0785,-0.05106,0.06835,0.11683,0,1,1.000,0.147,running
26.061,1,538,-0.12260,-0.02004,-0.0679,0.0750,-0.01891,0.08284,0.11772,0,1,1.000,-0.020,running
26.110,1,539,-0.12351,-0.01836,-0.0501,0.0926,0.02030,0.10442,0.11825,0,1,1.000,-0.020,running
26.155,1,540,-0.12413,-0.01729,-0.0338,0.0587,0.04876,0.11168,0.11864,0,1,1.000,-0.063,running
26.197,1,541,-0.12415,-0.01708,-0.0011,0.0120,0.05656,0.10952,0.11862,0,1,1.000,-0.001,running
26.242,1,542,-0.12332,-0.01809,0.0454,-0.0560,0.05095,0.10466,0.11801,0,1,1.000,0.091,running
26.285,1,543,-0.12210,-0.01999,0.0673,-0.1042,0.02857,0.09755,0.11722,0,1,1.000,0.232,running
26.330,1,544,-0.12020,-0.02187,0.1044,-0.1035,-0.01610,0.09252,0.11581,0,1,1.000,0.338,running
26.372,1,545,-0.11805,-0.02396,0.1186,-0.1151,-0.05018,0.07813,0.11425,0,1,1.000,0.346,running
26.415,1,546,-0.11492,-0.02525,0.1721,-0.0709,-0.07564,0.06605,0.11158,0,1,1.000,0.380,running
26.459,1,547,-0.11229,-0.02584,0.1442,-0.0325,-0.08543,0.06192,0.10924,0,1,1.000,0.298,running
26.505,1,548,-0.10902,-0.02573,0.1799,0.0060,-0.07872,0.06189,0.10608,0,1,1.000,0.224,running
26.550,1,549,-0.10549,-0.02432,0.1945,0.0774,-0.04880,0.06814,0.10229,0,1,1.000,0.147,running
26.593,1,550,-0.10150,-0.02309,0.2192,0.0678,-0.01109,0.07642,0.09811,0,1,1.000,-0.003,running
26.654,1,551,-0.09796,-0.02094,0.1946,0.1182,0.02422,0.08904,0.09410,0,1,1.000,0.010,running
26.724,1,552,-0.08868,-0.01990,0.5108,0.0571,0.05912,0.11187,0.08492,0,1,0.062,-0.102,running
26.769,1,553,-0.08319,-0.02034,0.3018,-0.0237,0.05517,0.10557,0.07986,0,1,-0.741,-0.003,running
26.813,1,554,-0.07714,-0.02211,0.3329,-0.0978,0.05532,0.08735,0.07482,0,1,-0.387,0.175,running
26.879,1,555,-0.07069,-0.02454,0.3545,-0.1334,0.02876,0.05116,0.06991,0,1,-0.574,0.374,running
26.945,1,556,-0.05904,-0.03032,0.6408,-0.3180,-0.04127,-0.04715,0.06281,0,1,-0.742,0.496,running
26.987,1,557,-0.05455,-0.03376,0.2468,-0.1892,-0.05186,-0.08789,0.06137,0,1,-0.800,0.800,running
27.030,1,558,-0.05195,-0.03527,0.1434,-0.0830,-0.07223,-0.11448,0.06043,0,1,-0.609,0.737,running
27.074,1,559,-0.05138,-0.03608,0.0313,-0.0446,-0.09592,-0.12227,0.06058,0,1,-0.301,0.410,running
27.119,1,560,-0.05295,-0.03640,-0.0864,-0.0176,-0.09091,-0.11476,0.06194,0,1,0.054,0.290,running
27.164,1,561,-0.05695,-0.03516,-0.2199,0.0682,-0.07920,-0.07099,0.06411,0,1,0.432,0.208,running
27.252,1,562,-0.06745,-0.03126,-0.5777,0.2145,-0.00342,0.05154,0.07033,0,1,0.800,-0.054,running
27.295,1,563,-0.07343,-0.02924,-0.3288,0.1114,-0.00591,0.08332,0.07449,0,1,0.800,-0.448,running
27.357,1,564,-0.07912,-0.02759,-0.3130,0.0907,0.00206,0.07662,0.07883,0,1,0.800,-0.143,running
27.418,1,565,-0.08410,-0.02715,-0.2737,0.0240,0.06333,0.07562,0.08319,0,1,0.800,-0.073,running
27.476,1,566,-0.09270,-0.02793,-0.4735,-0.0427,0.02099,0.09158,0.09143,0,1,0.800,0.100,running
27.517,1,567,-0.09608,-0.03018,-0.1855,-0.1239,0.03738,0.08872,0.09540,0,1,0.800,0.255,running
27.561,1,568,-0.09904,-0.03215,-0.1631,-0.1085,0.00154,0.08363,0.09890,0,1,0.800,0.429,running
27.604,1,569,-0.10158,-0.03405,-0.1398,-0.1046,-0.03889,0.07934,0.10198,0,1,0.782,0.408,running
27.648,1,570,-0.10320,-0.03549,-0.0889,-0.0792,-0.06527,0.07247,0.10403,0,1,1.000,0.409,running
27.692,1,571,-0.10482,-0.03605,-0.0890,-0.0305,-0.08269,0.06235,0.10574,0,1,1.000,0.366,running
27.737,1,572,-0.10572,-0.03525,-0.0493,0.0439,-0.07800,0.05978,0.10625,0,1,1.000,0.271,running
27.791,1,573,-0.10611,-0.03394,-0.0219,0.0723,-0.05867,0.06818,0.10611,0,1,1.000,0.119,running
27.867,1,574,-0.10587,-0.02931,0.0132,0.2545,0.01099,0.09413,0.10423,0,1,1.000,0.055,running
27.917,1,575,-0.10484,-0.02686,0.0565,0.1347,0.03440,0.10433,0.10246,0,1,1.000,-0.332,running
27.995,1,576,-0.10302,-0.02569,0.1002,0.0642,0.04534,0.10599,0.10036,0,1,1.000,-0.105,running
28.045,1,577,-0.09780,-0.02631,0.2871,-0.0342,0.05678,0.10461,0.09563,0,1,1.000,0.030,running
28.086,1,578,-0.09395,-0.02801,0.2118,-0.0934,0.02962,0.09963,0.09262,0,1,-0.124,0.230,running
28.130,1,579,-0.08995,-0.03031,0.2201,-0.1263,0.01059,0.09987,0.08981,0,1,0.007,0.357,running
28.175,1,580,-0.08521,-0.03270,0.2606,-0.1315,-0.02756,0.08516,0.08654,0,1,-0.032,0.435,running
28.218,1,581,-0.08004,-0.03514,0.2841,-0.1345,-0.06826,0.03652,0.08314,0,1,-0.184,0.468,running
28.263,1,582,-0.07496,-0.03657,0.2796,-0.0782,-0.08964,-0.03404,0.07951,0,1,-0.310,0.498,running
28.338,1,583,-0.07158,-0.03703,0.1859,-0.0255,-0.09578,-0.09381,0.07694,0,1,-0.376,0.380,running
28.401,1,584,-0.07007,-0.03563,0.0831,0.0768,-0.06167,-0.14310,0.07491,0,1,-0.192,0.251,running
28.442,1,585,-0.07270,-0.03384,-0.1449,0.0989,-0.04253,-0.13441,0.07615,0,1,0.048,-0.023,running
28.506,1,586,-0.07701,-0.03159,-0.2370,0.1234,-0.02252,-0.10342,0.07876,0,1,0.650,-0.081,running
28.573,1,587,-0.09075,-0.02865,-0.7553,0.1617,0.04157,-0.01718,0.08989,0,1,0.800,-0.135,running
28.628,1,588,-0.09895,-0.02778,-0.4514,0.0480,0.05185,0.02335,0.09721,0,1,0.800,-0.151,running
28.682,1,589,-0.10747,-0.02773,-0.4685,0.0027,0.05868,0.05211,0.10522,0,1,0.800,0.073,running
28.743,1,590,-0.11575,-0.02886,-0.4552,-0.0623,0.05447,0.06982,0.11344,0,1,1.000,0.163,running
28.799,1,591,-0.13036,-0.03197,-0.8036,-0.1708,-0.00193,0.10659,0.12830,0,1,1.000,0.299,running
28.857,1,592,-0.13624,-0.03328,-0.3234,-0.0723,-0.02660,0.11486,0.13431,0,1,1.000,0.531,running
28.896,1,593,-0.13855,-0.03388,-0.1274,-0.0327,-0.04386,0.10752,0.13670,0,1,1.000,0.341,running
28.939,1,594,-0.13665,-0.03365,0.1045,0.0123,-0.07514,0.10145,0.13482,0,1,1.000,0.265,running
29.014,1,595,-0.13010,-0.02903,0.3603,0.2541,-0.05162,0.09250,0.12722,0,1,1.000,0.174,running
29.056,1,596,-0.12622,-0.02563,0.2136,0.1873,-0.02769,0.08474,0.12257,0,1,1.000,-0.333,running
29.099,1,597,-0.12152,-0.02177,0.2588,0.2118,-0.01151,0.07687,0.11706,0,1,1.000,-0.216,running
29.142,1,598,-0.11700,-0.01843,0.2482,0.1839,0.01005,0.07169,0.11190,0,1,1.000,-0.285,running
29.187,1,599,-0.11212,-0.01510,0.2684,0.1832,0.04239,0.07449,0.10644,0,1,1.000,-0.246,running
29.275,1,600,-0.10088,-0.01155,0.6186,0.1951,0.05735,0.07738,0.09472,0,1,1.000,-0.261,running
29.323,1,601,-0.09518,-0.01132,0.3132,0.0126,0.05871,0.08017,0.08908,0,1,1.000,-0.303,running
29.364,1,602,-0.08871,-0.01248,0.3558,-0.0636,0.05401,0.07901,0.08300,0,1,-0.205,0.060,running
29.410,1,603,-0.08200,-0.01457,0.3692,-0.1151,0.03966,0.08211,0.07700,0,1,-0.435,0.231,running
29.466,1,604,-0.07509,-0.01740,0.3800,-0.1554,0.00935,0.08170,0.07124,0,1,-0.608,0.380,running
29.539,1,605,-0.06117,-0.02408,0.7658,-0.3677,-0.06303,-0.01559,0.06126,0,1,-0.772,0.522,running
29.582,1,606,-0.05550,-0.02634,0.3115,-0.1239,-0.07824,-0.07042,0.05763,0,1,-0.800,0.800,running
29.634,1,607,-0.05140,-0.02863,0.2257,-0.1264,-0.09444,-0.10207,0.05568,0,1,-0.800,0.517,running
29.695,1,608,-0.04848,-0.02909,0.1606,-0.0250,-0.09586,-0.10708,0.05372,0,1,-0.618,0.540,running
29.760,1,609,-0.04992,-0.02754,-0.0794,0.0850,-0.07158,-0.09780,0.05385,0,1,-0.425,0.198,running
29.803,1,610,-0.05316,-0.02596,-0.1784,0.0873,-0.04741,-0.07521,0.05549,0,1,0.408,-0.186,running
29.845,1,611,-0.05737,-0.02348,-0.2311,0.1363,-0.02566,-0.03416,0.05767,0,1,0.751,-0.190,running
29.890,1,612,-0.06270,-0.02067,-0.2934,0.1546,-0.00426,0.01208,0.06103,0,1,0.800,-0.349,running
29.935,1,613,-0.06925,-0.01911,-0.3604,0.0857,0.04229,0.05292,0.06638,0,1,0.800,-0.394,running
29.979,1,614,-0.07507,-0.01819,-0.3201,0.0503,0.07632,0.09615,0.07149,0,1,0.800,-0.156,running
30.023,1,615,-0.08036,-0.01802,-0.2905,0.0096,0.09043,0.13378,0.07643,0,1,0.800,-0.039,running
30.067,1,616,-0.08452,-0.01928,-0.2288,-0.0694,0.06106,0.13648,0.08077,0,1,0.800,0.079,running
30.111,1,617,-0.08796,-0.02158,-0.1894,-0.1266,0.01881,0.11499,0.08477,0,1,0.800,0.279,running
30.156,1,618,-0.09040,-0.02416,-0.1343,-0.1415,-0.01321,0.08191,0.08793,0,1,0.798,0.410,running
30.198,1,619,-0.09260,-0.02704,-0.1210,-0.1586,-0.04306,0.04600,0.09101,0,1,0.684,0.442,running
30.243,1,620,-0.09421,-0.02910,-0.0886,-0.1135,-0.07723,0.01088,0.09327,0,1,0.666,0.482,running
30.287,1,621,-0.09633,-0.03120,-0.1164,-0.1152,-0.09590,-0.01092,0.09602,0,1,0.609,0.402,running
30.330,1,622,-0.09852,-0.03205,-0.1207,-0.0467,-0.09028,-0.01495,0.09838,0,1,0.675,0.416,running
30.378,1,623,-0.10114,-0.03168,-0.1442,0.0203,-0.06454,-0.00151,0.10066,0,1,0.695,0.284,running
30.419,1,624,-0.10450,-0.03049,-0.1844,0.0653,-0.03176,0.02561,0.10335,0,1,1.000,0.148,running
30.464,1,625,-0.10727,-0.02879,-0.1526,0.0932,0.00501,0.06687,0.10538,0,1,1.000,0.052,running
30.516,1,626,-0.11041,-0.02762,-0.1727,0.0647,0.03679,0.11070,0.10798,0,1,1.000,-0.013,running
30.557,1,627,-0.11268,-0.02654,-0.1246,0.0595,0.06009,0.13540,0.10981,0,1,1.000,0.039,running
30.600,1,628,-0.11387,-0.02655,-0.0655,-0.0007,0.05990,0.12845,0.11095,0,1,1.000,0.044,running
30.659,1,629,-0.11392,-0.02712,-0.0029,-0.0315,0.03686,0.10518,0.11117,0,1,1.000,0.164,running
30.729,1,630,-0.11368,-0.02880,0.0129,-0.0923,-0.03390,0.06795,0.11146,0,1,1.000,0.229,running
30.794,1,631,-0.11289,-0.02951,0.0437,-0.0391,-0.05037,0.05017,0.11093,0,1,1.000,0.359,running
30.822,1,632,-0.11188,-0.02947,0.0558,0.0020,-0.06494,0.04230,0.10996,0,1,1.000,0.256,running
30.861,1,633,-0.11049,-0.02897,0.0761,0.0278,-0.07229,0.04517,0.10848,0,1,1.000,0.173,running
30.904,1,634,-0.10949,-0.02754,0.0550,0.0783,-0.06275,0.05279,0.10708,0,1,1.000,0.119,running
30.947,1,635,-0.10808,-0.02580,0.0778,0.0960,-0.02260,0.07281,0.10520,0,1,1.000,0.011,running
30.990,1,636,-0.10650,-0.02414,0.0867,0.0910,0.02382,0.10056,0.10320,0,1,1.000,-0.033,running
31.039,1,637,-0.10407,-0.02309,0.1334,0.0578,0.05130,0.11676,0.10057,0,1,1.000,-0.031,running
31.080,1,638,-0.10144,-0.02252,0.1447,0.0313,0.06358,0.11947,0.09789,0,1,1.000,0.030,running
31.123,1,639,-0.09778,-0.02313,0.2015,-0.0333,0.05114,0.10964,0.09458,0,1,1.000,0.080,running
31.166,1,640,-0.09364,-0.02475,0.2279,-0.0891,0.02667,0.09960,0.09118,0,1,0.047,0.212,running
31.211,1,641,-0.08820,-0.02671,0.2989,-0.1076,-0.02028,0.08570,0.08680,0,1,-0.027,0.332,running
31.299,1,642,-0.07763,-0.03024,0.5813,-0.1945,-0.07658,0.01461,0.07868,0,1,-0.247,0.387,running
31.343,1,643,-0.07268,-0.03103,0.2721,-0.0432,-0.08199,-0.03489,0.07471,0,1,-0.800,0.638,running
31.386,1,644,-0.06893,-0.03091,0.2065,0.0066,-0.08183,-0.05228,0.07141,0,1,-0.436,0.270,running
31.431,1,645,-0.06618,-0.03018,0.1512,0.0399,-0.09714,-0.06933,0.06868,0,1,-0.318,0.132,running
31.475,1,646,-0.06519,-0.02864,0.0545,0.0849,-0.07425,-0.09017,0.06703,0,1,-0.202,0.029,running
31.518,1,647,-0.06579,-0.02665,-0.0330,0.1093,-0.02644,-0.07962,0.06655,0,1,0.062,-0.115,running
31.570,1,648,-0.06721,-0.02454,-0.0783,0.1161,0.00353,-0.03737,0.06680,0,1,0.319,-0.196,running
31.607,1,649,-0.06964,-0.02251,-0.1332,0.1115,0.03075,0.02328,0.06809,0,1,0.457,-0.223,running
31.650,1,650,-0.07235,-0.02138,-0.1494,0.0622,0.06487,0.07968,0.07012,0,1,0.625,-0.209,running
31.697,1,651,-0.07485,-0.02100,-0.1373,0.0208,0.07325,0.11751,0.07228,0,1,0.676,-0.064,running
31.740,1,652,-0.07645,-0.02148,-0.0878,-0.0261,0.05851,0.13052,0.07394,0,1,0.648,0.055,running
31.805,1,653,-0.07738,-0.02310,-0.0516,-0.0890,0.03333,0.12026,0.07542,0,1,0.520,0.184,running
31.872,1,654,-0.07722,-0.02752,0.0088,-0.2433,-0.03934,0.06307,0.07709,0,1,0.431,0.354,running
31.915,1,655,-0.07683,-0.02985,0.0218,-0.1281,-0.05235,0.02146,0.07778,0,1,0.280,0.758,running
31.959,1,656,-0.07647,-0.03147,0.0199,-0.0889,-0.07060,-0.01752,0.07822,0,1,0.249,0.476,running
32.021,1,657,-0.07685,-0.03227,-0.0212,-0.0441,-0.09560,-0.04546,0.07895,0,1,0.254,0.385,running
32.051,1,658,-0.07805,-0.03216,-0.0658,0.0060,-0.07981,-0.05876,0.07994,0,1,0.359,0.278,running
32.093,1,659,-0.08040,-0.03151,-0.1294,0.0356,-0.03354,-0.04540,0.08172,0,1,0.474,0.157,running
32.136,1,660,-0.08374,-0.03059,-0.1839,0.0507,-0.01835,-0.02264,0.08430,0,1,0.635,0.089,running
32.180,1,661,-0.08758,-0.02956,-0.2111,0.0569,0.01847,0.03039,0.08734,0,1,0.768,0.059,running
32.223,1,662,-0.09145,-0.02879,-0.2126,0.0420,0.05769,0.09296,0.09059,0,1,0.800,0.053,running
32.266,1,663,-0.09494,-0.02865,-0.1919,0.0080,0.05332,0.13954,0.09377,0,1,0.800,0.090,running
32.313,1,664,-0.09772,-0.02942,-0.1533,-0.0425,0.03952,0.14350,0.09665,0,1,0.800,0.157,running
32.354,1,665,-0.09933,-0.03060,-0.0882,-0.0651,0.01650,0.11268,0.09857,0,1,0.756,0.262,running
32.401,1,666,-0.09994,-0.03268,-0.0340,-0.1140,-0.03073,0.07730,0.09993,0,1,0.634,0.313,running
32.442,1,667,-0.10001,-0.03301,-0.0034,-0.0184,-0.06124,0.03744,0.10012,0,1,0.529,0.421,running
32.486,1,668,-0.10103,-0.03335,-0.0565,-0.0187,-0.08439,-0.00672,0.10120,0,1,1.000,0.232,running
32.531,1,669,-0.10167,-0.03262,-0.0351,0.0401,-0.09414,-0.04452,0.10151,0,1,1.000,0.234,running
32.579,1,670,-0.10434,-0.03069,-0.1470,0.1065,-0.06832,-0.05506,0.10328,0,1,1.000,0.113,running
32.619,1,671,-0.10717,-0.02786,-0.1555,0.1553,-0.02245,-0.02061,0.10498,0,1,1.000,-0.029,running
32.662,1,672,-0.11029,-0.02526,-0.1716,0.1428,0.00636,0.03929,0.10715,0,1,1.000,-0.141,running
32.707,1,673,-0.11424,-0.02276,-0.2172,0.1377,0.03499,0.09683,0.11026,0,1,1.000,-0.129,running
32.753,1,674,-0.11775,-0.02099,-0.1933,0.0975,0.06869,0.11544,0.11322,0,1,1.000,-0.132,running
32.796,1,675,-0.12029,-0.01997,-0.1392,0.0561,0.06713,0.09221,0.11544,0,1,1.000,-0.060,running
32.841,1,676,-0.12300,-0.02006,-0.1495,-0.0051,0.04851,0.06551,0.11811,0,1,1.000,0.018,running
32.887,1,677,-0.12431,-0.02109,-0.0721,-0.0567,0.02589,0.05606,0.11962,0,1,1.000,0.141,running
32.928,1,678,-0.12598,-0.02212,-0.0919,-0.0566,-0.01990,0.05980,0.12148,0,1,1.000,0.249,running
32.980,1,679,-0.12708,-0.02372,-0.0606,-0.0877,-0.05237,0.05925,0.12293,0,1,1.000,0.254,running
33.018,1,680,-0.12895,-0.02406,-0.1027,-0.0190,-0.07738,0.06182,0.12483,0,1,1.000,0.324,running
33.059,1,681,-0.13004,-0.02375,-0.0596,0.0171,-0.08565,0.06699,0.12580,0,1,1.000,0.188,running
33.127,1,682,-0.13007,-0.02257,-0.0016,0.0650,-0.07190,0.06444,0.12556,0,1,1.000,0.115,running
33.189,1,683,-0.13100,-0.02131,-0.0515,0.0691,-0.04702,0.06593,0.12619,0,1,1.000,0.013,running
33.239,1,684,-0.13215,-0.01816,-0.0630,0.1732,0.00893,0.06829,0.12667,0,1,1.000,-0.002,running
33.323,1,685,-0.13212,-0.01675,0.0015,0.0779,0.05247,0.06725,0.12638,0,1,1.000,-0.226,running
33.372,1,686,-0.13175,-0.01698,0.0202,-0.0126,0.05449,0.06731,0.12606,0,1,1.000,-0.042,running
33.412,1,687,-0.13116,-0.01825,0.0324,-0.0698,0.06205,0.06818,0.12572,0,1,1.000,0.140,running
33.455,1,688,-0.13015,-0.02057,0.0559,-0.1281,0.05296,0.06708,0.12520,0,1,1.000,0.261,running
33.500,1,689,-0.12968,-0.02309,0.0255,-0.1384,0.00667,0.06924,0.12531,0,1,1.000,0.389,running
33.544,1,690,-0.12838,-0.02602,0.0716,-0.1613,-0.03212,0.06719,0.12476,0,1,1.000,0.422,running
33.590,1,691,-0.12667,-0.02897,0.0942,-0.1624,-0.05824,0.06847,0.12391,0,1,1.000,0.483,running
33.632,1,692,-0.12478,-0.03064,0.1038,-0.0915,-0.08423,0.06657,0.12259,0,1,1.000,0.500,running
33.680,1,693,-0.12295,-0.03069,0.1009,-0.0028,-0.09163,0.06800,0.12085,0,1,1.000,0.366,running
33.719,1,694,-0.12032,-0.02986,0.1446,0.0458,-0.08313,0.06566,0.11809,0,1,1.000,0.189,running
33.763,1,695,-0.11819,-0.02750,0.1170,0.1297,-0.05838,0.06927,0.11536,0,1,1.000,0.088,running
33.807,1,696,-0.11490,-0.02493,0.1813,0.1414,-0.01907,0.06740,0.11147,0,1,1.000,-0.092,running
33.851,1,697,-0.11249,-0.02236,0.1322,0.1415,0.02339,0.06895,0.10846,0,1,1.000,-0.128,running
33.895,1,698,-0.10937,-0.02031,0.1715,0.1122,0.05136,0.06788,0.10493,0,1,1.000,-0.141,running
33.941,1,699,-0.10561,-0.01932,0.2072,0.0545,0.06425,0.07034,0.10103,0,1,1.000,-0.093,running
33.984,1,700,-0.10182,-0.01891,0.2084,0.0229,0.05741,0.06757,0.09726,0,1,1.000,0.018,running
34.030,1,701,-0.09825,-0.01944,0.1965,-0.0290,0.03582,0.06969,0.09395,0,1,1.000,0.079,running
34.072,1,702,-0.09371,-0.02064,0.2492,-0.0663,0.00196,0.07200,0.08995,0,1,0.059,0.185,running
34.136,1,703,-0.08972,-0.02216,0.2195,-0.0837,-0.03619,0.06866,0.08663,0,1,-0.070,0.266,running
34.163,1,704,-0.08495,-0.02358,0.2623,-0.0777,-0.06600,0.06210,0.08263,0,1,-0.073,0.315,running
34.210,1,705,-0.08036,-0.02447,0.2529,-0.0493,-0.08435,0.02520,0.07870,0,1,-0.245,0.315,running
34.265,1,706,-0.07639,-0.02517,0.2182,-0.0382,-0.08208,-0.02353,0.07534,0,1,-0.298,0.256,running
34.318,1,707,-0.07348,-0.02467,0.1599,0.0273,-0.06585,-0.08008,0.07249,0,1,-0.272,0.232,running
34.385,1,708,-0.07318,-0.02271,0.0168,0.1078,-0.00899,-0.14650,0.07140,0,1,-0.161,0.053,running
34.443,1,709,-0.07601,-0.02209,-0.1558,0.0342,0.02193,-0.12673,0.07377,0,1,0.220,-0.179,running
34.513,1,710,-0.08806,-0.02205,-0.6626,0.0017,0.06204,-0.04765,0.08502,0,1,0.698,0.027,running
34.568,1,711,-0.09525,-0.02363,-0.3955,-0.0867,0.06080,-0.01528,0.09233,0,1,0.800,0.129,running
34.625,1,712,-0.10410,-0.02587,-0.4869,-0.1234,0.02862,0.01199,0.10144,0,1,0.800,0.322,running
34.670,1,713,-0.11220,-0.02920,-0.4457,-0.1828,0.00561,0.03387,0.11018,0,1,1.000,0.406,running
34.732,1,714,-0.12870,-0.03423,-0.9073,-0.2765,-0.04907,0.07904,0.12742,0,1,1.000,0.542,running
34.790,1,715,-0.13631,-0.03545,-0.4183,-0.0675,-0.07897,0.08718,0.13503,0,1,1.000,0.754,running
34.823,1,716,-0.13845,-0.03522,-0.1177,0.0126,-0.10724,0.07790,0.13700,0,1,1.000,0.342,running
34.867,1,717,-0.13580,-0.03320,0.1455,0.1115,-0.11452,0.06737,0.13387,0,1,1.000,0.181,running
34.907,1,718,-0.13332,-0.02984,0.1362,0.1847,-0.10234,0.06894,0.13054,0,1,1.000,-0.027,running
34.953,1,719,-0.13030,-0.02539,0.1665,0.2445,-0.06220,0.07173,0.12646,0,1,1.000,-0.190,running
34.995,1,720,-0.12671,-0.02012,0.1973,0.2900,-0.01801,0.07412,0.12174,0,1,1.000,-0.332,running
35.040,1,721,-0.12333,-0.01464,0.1856,0.3017,0.01103,0.07531,0.11736,0,1,1.000,-0.449,running
35.087,1,722,-0.11936,-0.00998,0.2187,0.2563,0.04055,0.07659,0.11270,0,1,1.000,-0.500,running
35.131,1,723,-0.11511,-0.00603,0.2337,0.2173,0.08148,0.07649,0.10798,0,1,1.000,-0.433,running
35.193,1,724,-0.11044,-0.00345,0.2569,0.1418,0.09936,0.07380,0.10307,0,1,1.000,-0.374,running
35.222,1,725,-0.10606,-0.00265,0.2406,0.0440,0.08590,0.07628,0.09864,0,1,1.000,-0.236,running
35.260,1,726,-0.10118,-0.00327,0.2689,-0.0342,0.06010,0.07523,0.09383,0,1,1.000,-0.045,running
35.351,1,727,-0.09114,-0.00695,0.5522,-0.2023,-0.00970,0.07633,0.08434,0,1,1.000,0.115,running
35.394,1,728,-0.08560,-0.01059,0.3045,-0.2006,-0.02687,0.07398,0.07955,0,1,-0.800,0.512,running
35.439,1,729,-0.08001,-0.01372,0.3076,-0.1718,-0.02247,0.07335,0.07485,0,1,-0.388,0.559,running
35.480,1,730,-0.07413,-0.01714,0.3231,-0.1882,-0.08203,0.06328,0.07025,0,1,-0.495,0.531,running
35.525,1,731,-0.06814,-0.01974,0.3295,-0.1429,-0.10993,0.02681,0.06560,0,1,-0.635,0.618,running
35.569,1,732,-0.06273,-0.02136,0.2977,-0.0893,-0.08946,-0.03069,0.06137,0,1,-0.752,0.523,running
35.612,1,733,-0.05888,-0.02200,0.2117,-0.0349,-0.09335,-0.09708,0.05825,0,1,-0.740,0.378,running
35.661,1,734,-0.05674,-0.02235,0.1176,-0.0198,-0.07040,-0.14835,0.05656,0,1,-0.518,0.210,running
35.703,1,735,-0.05692,-0.02125,-0.0098,0.0608,-0.01873,-0.13894,0.05617,0,1,-0.230,0.160,running
35.744,1,736,-0.05839,-0.02088,-0.0810,0.0203,0.01600,-0.12488,0.05729,0,1,0.195,-0.114,running
35.827,1,737,-0.06222,-0.02029,-0.2104,0.0326,0.03394,-0.10237,0.06043,0,1,0.438,0.023,running
35.875,1,738,-0.07355,-0.02102,-0.6236,-0.0402,0.05981,0.01795,0.07109,0,1,0.800,-0.011,running
35.935,1,739,-0.08060,-0.02340,-0.3873,-0.1311,0.03918,0.06385,0.07851,0,1,0.800,0.220,running
36.007,1,740,-0.09469,-0.02984,-0.7752,-0.3539,0.00698,0.07147,0.09399,0,1,0.800,0.453,running
36.051,1,741,-0.10066,-0.03334,-0.3285,-0.1930,-0.02924,0.07058,0.10085,0,1,0.800,0.800,running
36.100,1,742,-0.10669,-0.03647,-0.3313,-0.1718,-0.03997,0.07273,0.10762,0,1,1.000,0.583,running
36.140,1,743,-0.11207,-0.03901,-0.2963,-0.1395,-0.05281,0.06999,0.11357,0,1,1.000,0.556,running
36.183,1,744,-0.11677,-0.04080,-0.2581,-0.0985,-0.06151,0.06940,0.11859,0,1,1.000,0.504,running
36.228,1,745,-0.12033,-0.04076,-0.1958,0.0021,-0.05238,0.07031,0.12185,0,1,1.000,0.431,running
36.271,1,746,-0.12385,-0.03975,-0.1941,0.0556,-0.04960,0.06847,0.12475,0,1,1.000,0.230,running
36.318,1,747,-0.12578,-0.03716,-0.1060,0.1422,-0.03310,0.07070,0.12563,0,1,1.000,0.118,running
36.365,1,748,-0.12826,-0.03438,-0.1360,0.1532,0.00450,0.07228,0.12704,0,1,1.000,-0.069,running
36.406,1,749,-0.12994,-0.03131,-0.0928,0.1687,0.04226,0.07151,0.12771,0,1,1.000,-0.104,running
36.473,1,750,-0.13113,-0.02806,-0.0653,0.1790,0.06344,0.07229,0.12794,0,1,1.000,-0.151,running
36.517,1,751,-0.13157,-0.02581,-0.0244,0.1234,0.07266,0.07273,0.12779,0,1,1.000,-0.188,running
36.555,1,752,-0.13170,-0.02477,-0.0071,0.0576,0.06183,0.07230,0.12766,0,1,1.000,-0.088,running
36.623,1,753,-0.13068,-0.02496,0.0560,-0.0104,0.03151,0.07008,0.12672,0,1,1.000,0.039,running
36.668,1,754,-0.12967,-0.02610,0.0558,-0.0632,-0.01863,0.06847,0.12603,0,1,1.000,0.176,running
36.710,1,755,-0.12865,-0.02704,0.0561,-0.0515,-0.03982,0.07170,0.12528,0,1,1.000,0.287,running
36.755,1,756,-0.12717,-0.02766,0.0815,-0.0340,-0.04561,0.06820,0.12402,0,1,1.000,0.268,running
36.799,1,757,-0.12507,-0.02683,0.1156,0.0455,-0.07090,0.06638,0.12177,0,1,1.000,0.236,running
36.845,1,758,-0.12354,-0.02576,0.0839,0.0588,-0.06696,0.06751,0.12002,0,1,1.000,0.073,running
36.888,1,759,-0.12183,-0.02314,0.0939,0.1441,-0.04083,0.07092,0.11770,0,1,1.000,0.041,running
36.930,1,760,-0.11953,-0.02045,0.1265,0.1481,-0.01598,0.06986,0.11482,0,1,1.000,-0.142,running
36.978,1,761,-0.11694,-0.01853,0.1425,0.1057,0.02640,0.07079,0.11186,0,1,1.000,-0.164,running
37.020,1,762,-0.11442,-0.01654,0.1386,0.1091,0.05919,0.07117,0.10898,0,1,1.000,-0.089,running
37.094,1,763,-0.11149,-0.01570,0.1614,0.0462,0.06698,0.07106,0.10594,0,1,1.000,-0.105,running
37.154,1,764,-0.10559,-0.01716,0.3243,-0.0802,0.03334,0.07253,0.10050,0,1,1.000,0.016,running
37.210,1,765,-0.10216,-0.01920,0.1885,-0.1119,0.02278,0.07160,0.09767,0,1,1.000,0.276,running
37.283,1,766,-0.09449,-0.02453,0.4220,-0.2931,-0.03425,0.07094,0.09191,0,1,1.000,0.350,running
37.372,1,767,-0.08521,-0.02884,0.5103,-0.2375,-0.07228,0.06566,0.08489,0,1,-0.411,0.739,running
37.416,1,768,-0.08043,-0.03025,0.2633,-0.0771,-0.06789,0.06728,0.08117,0,1,-0.757,0.689,running
37.464,1,769,-0.07547,-0.03062,0.2728,-0.0207,-0.08466,0.06299,0.07694,0,1,-0.289,0.347,running
37.503,1,770,-0.07032,-0.03053,0.2830,0.0049,-0.09786,0.03385,0.07241,0,1,-0.394,0.211,running
37.549,1,771,-0.06561,-0.03000,0.2591,0.0293,-0.05950,-0.03035,0.06810,0,1,-0.508,0.137,running
37.592,1,772,-0.06261,-0.02853,0.1651,0.0810,-0.01706,-0.09634,0.06478,0,1,-0.519,0.056,running
37.640,1,773,-0.06171,-0.02742,0.0496,0.0609,0.01764,-0.14358,0.06343,0,1,-0.292,-0.115,running
37.680,1,774,-0.06273,-0.02675,-0.0560,0.0367,0.04595,-0.13494,0.06395,0,1,0.046,-0.064,running
37.745,1,775,-0.06594,-0.02684,-0.1765,-0.0050,0.07862,-0.10956,0.06677,0,1,0.374,0.009,running
37.792,1,776,-0.07019,-0.02814,-0.2337,-0.0713,0.06738,-0.07523,0.07112,0,1,0.740,0.141,running
37.827,1,777,-0.07619,-0.03112,-0.3302,-0.1640,0.02666,-0.02620,0.07781,0,1,0.800,0.335,running
37.901,1,778,-0.09074,-0.03706,-0.8005,-0.3268,-0.01544,0.04763,0.09346,0,1,0.800,0.571,running
37.943,1,779,-0.09848,-0.03999,-0.4253,-0.1610,-0.06623,0.06967,0.10167,0,1,0.800,0.800,running
37.987,1,780,-0.10517,-0.04214,-0.3684,-0.1182,-0.08726,0.08335,0.10862,0,1,0.800,0.552,running
38.030,1,781,-0.11139,-0.04323,-0.3419,-0.0598,-0.08517,0.08034,0.11469,0,1,1.000,0.477,running
38.075,1,782,-0.11679,-0.04266,-0.2969,0.0311,-0.07713,0.07241,0.11936,0,1,1.000,0.366,running
38.120,1,783,-0.12134,-0.04098,-0.2501,0.0925,-0.03719,0.07308,0.12287,0,1,1.000,0.181,running
38.164,1,784,-0.12504,-0.03837,-0.2039,0.1434,0.00248,0.07505,0.12536,0,1,1.000,0.050,running
38.212,1,785,-0.12807,-0.03530,-0.1662,0.1692,0.03085,0.07645,0.12716,0,1,1.000,-0.065,running
38.254,1,786,-0.13056,-0.03214,-0.1374,0.1738,0.05824,0.07730,0.12855,0,1,1.000,-0.132,running
38.299,1,787,-0.13202,-0.02902,-0.0801,0.1714,0.06717,0.07744,0.12906,0,1,1.000,-0.157,running
38.374,1,788,-0.13369,-0.02722,-0.0920,0.0991,0.05938,0.07711,0.13020,0,1,1.000,-0.168,running
38.427,1,789,-0.13540,-0.02494,-0.0938,0.1255,0.01916,0.07391,0.13130,0,1,1.000,-0.032,running
38.486,1,790,-0.13531,-0.02432,0.0049,0.0336,0.00568,0.07679,0.13107,0,1,1.000,-0.096,running
38.518,1,791,-0.13562,-0.02395,-0.0171,0.0205,-0.01213,0.07614,0.13128,0,1,1.000,0.084,running
38.559,1,792,-0.13515,-0.02433,0.0260,-0.0210,-0.01879,0.07681,0.13091,0,1,1.000,0.109,running
38.604,1,793,-0.13484,-0.02370,0.0169,0.0346,-0.02187,0.07541,0.13047,0,1,1.000,0.194,running
38.650,1,794,-0.13414,-0.02289,0.0389,0.0446,-0.04364,0.07447,0.12960,0,1,1.000,0.079,running
38.690,1,795,-0.13350,-0.02233,0.0351,0.0310,-0.04516,0.07484,0.12885,0,1,1.000,0.055,running
38.735,1,796,-0.13232,-0.02124,0.0650,0.0602,-0.02753,0.07570,0.12746,0,1,1.000,0.080,running
38.780,1,797,-0.13048,-0.01999,0.1009,0.0686,-0.00890,0.07546,0.12540,0,1,1.000,0.016,running
38.824,1,798,-0.12893,-0.01924,0.0852,0.0412,0.01588,0.07643,0.12373,0,1,1.000,-0.007,running
38.868,1,799,-0.12691,-0.01871,0.1112,0.0290,0.03298,0.07686,0.12165,0,1,1.000,0.044,running
38.914,1,800,-0.12436,-0.01886,0.1402,-0.0083,0.03499,0.07643,0.11918,0,1,1.000,0.066,running
38.960,1,801,-0.12193,-0.01948,0.1338,-0.0339,0.02501,0.07372,0.11694,0,1,1.000,0.141,running
39.013,1,802,-0.11899,-0.02064,0.1616,-0.0637,0.00170,0.07498,0.11434,0,1,1.000,0.195,running
39.060,1,803,-0.11602,-0.02206,0.1634,-0.0780,-0.02747,0.07549,0.11180,0,1,1.000,0.261,running
39.122,1,804,-0.11283,-0.02338,0.1755,-0.0731,-0.06079,0.07503,0.10906,0,1,1.000,0.296,running
39.176,1,805,-0.10491,-0.02390,0.4356,-0.0282,-0.07143,0.07270,0.10161,0,1,1.000,0.293,running
39.218,1,806,-0.10018,-0.02337,0.2602,0.0289,-0.07038,0.07207,0.09694,0,1,1.000,0.206,running
39.264,1,807,-0.09546,-0.02273,0.2597,0.0354,-0.05984,0.07378,0.09225,0,1,1.000,0.089,running
39.306,1,808,-0.09104,-0.02045,0.2430,0.1256,-0.02949,0.07548,0.08734,0,1,-0.081,0.073,running
39.395,1,809,-0.07990,-0.01770,0.6125,0.1513,0.04042,0.06744,0.07590,0,1,-0.107,-0.136,running
39.438,1,810,-0.07445,-0.01720,0.2998,0.0273,0.03849,0.04867,0.07057,0,1,-0.800,-0.286,running
39.486,1,811,-0.06889,-0.01778,0.3062,-0.0320,0.05865,0.02347,0.06555,0,1,-0.564,0.018,running
39.531,1,812,-0.06379,-0.01933,0.2804,-0.0853,0.08652,-0.02264,0.06145,0,1,-0.681,0.185,running
39.579,1,813,-0.06011,-0.02180,0.2025,-0.1355,0.04366,-0.08123,0.05923,0,1,-0.681,0.358,running
39.646,1,814,-0.05840,-0.02506,0.0940,-0.1794,0.00228,-0.13529,0.05937,0,1,-0.473,0.534,running
39.703,1,815,-0.06038,-0.03216,-0.1090,-0.3907,-0.04486,-0.12898,0.06497,0,1,-0.128,0.686,running
39.753,1,816,-0.06518,-0.03513,-0.2639,-0.1633,-0.06548,-0.12065,0.07060,0,1,0.524,0.800,running
39.792,1,817,-0.07159,-0.03776,-0.3525,-0.1443,-0.08859,-0.10074,0.07735,0,1,0.800,0.619,running
39.834,1,818,-0.07941,-0.03892,-0.4305,-0.0639,-0.10155,-0.05591,0.08453,0,1,0.800,0.553,running
39.880,1,819,-0.08868,-0.03922,-0.5098,-0.0169,-0.09039,0.00323,0.09267,0,1,0.800,0.354,running
39.922,1,820,-0.09823,-0.03821,-0.5253,0.0557,-0.06338,0.05489,0.10066,0,1,0.800,0.260,running
39.967,1,821,-0.10736,-0.03606,-0.5023,0.1182,-0.02658,0.09061,0.10809,0,1,0.800,0.110,running
40.013,1,822,-0.11584,-0.03393,-0.4664,0.1174,0.01097,0.09501,0.11519,0,1,1.000,-0.026,running
40.054,1,823,-0.12366,-0.03180,-0.4296,0.1170,0.04282,0.08164,0.12187,0,1,1.000,-0.035,running
40.100,1,824,-0.13053,-0.02997,-0.3780,0.1005,0.06527,0.07210,0.12789,0,1,1.000,-0.045,running
40.146,1,825,-0.13671,-0.02870,-0.3401,0.0700,0.05881,0.07153,0.13350,0,1,1.000,-0.021,running
40.188,1,826,-0.13900,-0.02840,-0.1257,0.0166,0.03651,0.07567,0.13563,0,1,1.000,0.033,running
40.267,1,827,-0.13711,-0.02810,0.1040,0.0166,0.01083,0.07624,0.13373,0,1,1.000,0.139,running
40.321,1,828,-0.13195,-0.02789,0.2835,0.0114,-0.06434,0.07244,0.12870,0,1,1.000,0.137,running
40.381,1,829,-0.12936,-0.02671,0.1427,0.0649,-0.06407,0.07032,0.12588,0,1,1.000,0.147,running
40.453,1,830,-0.12304,-0.02189,0.3477,0.2652,-0.05235,0.07352,0.11856,0,1,1.000,0.034,running
40.497,1,831,-0.11912,-0.01940,0.2151,0.1371,-0.02702,0.07384,0.11418,0,1,1.000,-0.391,running
40.540,1,832,-0.11489,-0.01663,0.2327,0.1521,-0.00442,0.07361,0.10946,0,1,1.000,-0.147,running
40.583,1,833,-0.11065,-0.01401,0.2334,0.1443,0.01444,0.07408,0.10478,0,1,1.000,-0.191,running
40.627,1,834,-0.10624,-0.01172,0.2424,0.1256,0.02565,0.07493,0.10002,0,1,1.000,-0.188,running
40.671,1,835,-0.10151,-0.00997,0.2601,0.0963,0.03102,0.07301,0.09506,0,1,1.000,-0.163,running
40.718,1,836,-0.09645,-0.00956,0.2784,0.0225,0.03554,0.07585,0.09001,0,1,1.000,-0.113,running
40.763,1,837,-0.09093,-0.00970,0.3039,-0.0076,0.02812,0.07264,0.08460,0,1,-0.114,0.033,running
40.809,1,838,-0.08536,-0.01095,0.3059,-0.0687,0.01382,0.07434,0.07939,0,1,-0.280,0.091,running
40.852,1,839,-0.07920,-0.01235,0.3391,-0.0769,-0.01612,0.06641,0.07372,0,1,-0.395,0.242,running
40.910,1,840,-0.07374,-0.01421,0.3004,-0.1026,-0.04818,0.03741,0.06897,0,1,-0.600,0.281,running
40.958,1,841,-0.06814,-0.01571,0.3076,-0.0822,-0.06941,-0.03039,0.06413,0,1,-0.593,0.371,running
41.022,1,842,-0.06391,-0.01691,0.2330,-0.0660,-0.08316,-0.10108,0.06060,0,1,-0.710,0.330,running
41.070,1,843,-0.06206,-0.01627,0.1014,0.0353,-0.06891,-0.14797,0.05865,0,1,-0.542,0.290,running
41.115,1,844,-0.06411,-0.01543,-0.1126,0.0461,-0.05144,-0.14564,0.06025,0,1,-0.144,-0.038,running
41.155,1,845,-0.06881,-0.01353,-0.2582,0.1044,-0.02541,-0.14323,0.06405,0,1,0.557,-0.072,running
41.200,1,846,-0.07572,-0.01247,-0.3803,0.0583,0.01497,-0.11649,0.07038,0,1,0.800,-0.245,running
41.244,1,847,-0.08349,-0.01169,-0.4273,0.0425,0.04740,-0.06652,0.07773,0,1,0.800,-0.088,running
41.288,1,848,-0.09370,-0.01170,-0.5614,-0.0004,0.07562,0.00585,0.08770,0,1,0.800,-0.028,running
41.334,1,849,-0.10339,-0.01317,-0.5334,-0.0806,0.05837,0.06726,0.09750,0,1,0.800,0.087,running
41.421,1,850,-0.12237,-0.01816,-1.0435,-0.2745,-0.01130,0.09843,0.11709,0,1,1.000,0.257,running
41.464,1,851,-0.13163,-0.02119,-0.5094,-0.1668,-0.01108,0.07765,0.12678,0,1,1.000,0.670,running
41.538,1,852,-0.13930,-0.02413,-0.4221,-0.1613,-0.02620,0.06756,0.13491,0,1,1.000,0.470,running
41.595,1,853,-0.13499,-0.02676,0.2370,-0.1451,-0.08179,0.06976,0.13135,0,1,1.000,0.473,running
41.647,1,854,-0.13132,-0.02674,0.2023,0.0013,-0.06013,0.07069,0.12778,0,1,1.000,0.454,running
41.685,1,855,-0.12853,-0.02548,0.1535,0.0695,-0.07359,0.06716,0.12476,0,1,1.000,0.161,running
41.727,1,856,-0.12454,-0.02389,0.2193,0.0873,-0.06479,0.06870,0.12050,0,1,1.000,0.018,running
41.771,1,857,-0.12039,-0.02110,0.2284,0.1535,-0.02392,0.07290,0.11580,0,1,1.000,-0.025,running
41.816,1,858,-0.11673,-0.01863,0.2008,0.1355,0.01693,0.07188,0.11168,0,1,1.000,-0.172,running
41.860,1,859,-0.11246,-0.01702,0.2348,0.0885,0.05060,0.07089,0.10717,0,1,1.000,-0.148,running
41.905,1,860,-0.10798,-0.01567,0.2464,0.0746,0.07892,0.07434,0.10250,0,1,1.000,-0.062,running
41.946,1,861,-0.10276,-0.01600,0.2874,-0.0180,0.07073,0.07209,0.09747,0,1,1.000,-0.041,running
41.994,1,862,-0.09774,-0.01709,0.2760,-0.0603,0.03908,0.07401,0.09286,0,1,1.000,0.146,running
42.039,1,863,-0.09243,-0.01887,0.2919,-0.0976,0.00374,0.07278,0.08821,0,1,-0.102,0.236,running
42.081,1,864,-0.08661,-0.02141,0.3204,-0.1398,-0.02988,0.07261,0.08344,0,1,-0.189,0.324,running
42.125,1,865,-0.08063,-0.02356,0.3290,-0.1182,-0.05837,0.06632,0.07860,0,1,-0.357,0.444,running
42.179,1,866,-0.07447,-0.02559,0.3386,-0.1120,-0.08357,0.03069,0.07378,0,1,-0.485,0.421,running
42.226,1,867,-0.06903,-0.02670,0.2991,-0.0606,-0.09602,-0.03210,0.06942,0,1,-0.618,0.429,running
42.274,1,868,-0.06488,-0.02697,0.2283,-0.0149,-0.08476,-0.09465,0.06592,0,1,-0.601,0.301,running
42.345,1,869,-0.06240,-0.02478,0.1364,0.1205,-0.03963,-0.14779,0.06268,0,1,-0.460,0.169,running
42.387,1,870,-0.06471,-0.02360,-0.1268,0.0649,-0.00197,-0.12869,0.06414,0,1,-0.223,-0.261,running
42.434,1,871,-0.06858,-0.02205,-0.2131,0.0853,0.01947,-0.10978,0.06694,0,1,0.596,-0.087,running
42.476,1,872,-0.07446,-0.02122,-0.3234,0.0454,0.02653,-0.09182,0.07201,0,1,0.800,-0.141,running
42.520,1,873,-0.08178,-0.02079,-0.4027,0.0239,0.03121,-0.04710,0.07868,0,1,0.800,-0.012,running
42.566,1,874,-0.09004,-0.02125,-0.4539,-0.0257,0.02391,0.01461,0.08664,0,1,0.800,0.060,running
42.607,1,875,-0.09915,-0.02160,-0.5011,-0.0190,0.00511,0.07243,0.09543,0,1,0.800,0.187,running
42.657,1,876,-0.10787,-0.02221,-0.4799,-0.0338,-0.02407,0.10455,0.10397,0,1,0.800,0.176,running
42.699,1,877,-0.11601,-0.02348,-0.4474,-0.0695,-0.05539,0.09984,0.11215,0,1,1.000,0.209,running
42.741,1,878,-0.12337,-0.02395,-0.4048,-0.0259,-0.07108,0.07670,0.11939,0,1,1.000,0.286,running
42.813,1,879,-0.12951,-0.02287,-0.3376,0.0590,-0.06066,0.06353,0.12508,0,1,1.000,0.202,running
42.872,1,880,-0.13976,-0.02078,-0.5640,0.1151,-0.03540,0.07307,0.13465,0,1,1.000,0.026,running
42.916,1,881,-0.13749,-0.01906,0.1252,0.0949,-0.01107,0.07007,0.13208,0,1,1.000,-0.096,running
42.960,1,882,-0.13510,-0.01834,0.1311,0.0396,0.01169,0.07021,0.12961,0,1,1.000,-0.065,running
43.002,1,883,-0.13280,-0.01763,0.1264,0.0390,0.04186,0.07378,0.12722,0,1,1.000,0.042,running
43.048,1,884,-0.13003,-0.01781,0.1528,-0.0101,0.04868,0.07206,0.12452,0,1,1.000,0.040,running
43.091,1,885,-0.12691,-0.01846,0.1714,-0.0355,0.02928,0.07221,0.12159,0,1,1.000,0.139,running
43.135,1,886,-0.12384,-0.01937,0.1686,-0.0504,0.00607,0.07262,0.11878,0,1,1.000,0.193,running
43.182,1,887,-0.11972,-0.02100,0.2269,-0.0895,-0.02550,0.07073,0.11513,0,1,1.000,0.228,running
43.224,1,888,-0.11632,-0.02208,0.1869,-0.0593,-0.06394,0.06894,0.11209,0,1,1.000,0.314,running
43.268,1,889,-0.11231,-0.02294,0.2205,-0.0477,-0.07621,0.06651,0.10844,0,1,1.000,0.259,running
43.316,1,890,-0.10757,-0.02292,0.2609,0.0014,-0.07187,0.06486,0.10387,0,1,1.000,0.240,running
43.358,1,891,-0.10343,-0.02266,0.2277,0.0142,-0.05773,0.07152,0.09983,0,1,1.000,0.142,running
43.493,1,892,-0.08761,-0.01940,0.8699,0.1794,0.01192,0.07047,0.08375,0,1,1.000,0.115,running
43.552,1,893,-0.08231,-0.01871,0.2913,0.0378,0.00692,0.07378,0.07850,0,1,-0.800,-0.285,running
43.585,1,894,-0.07662,-0.01908,0.3130,-0.0202,0.03508,0.07424,0.07325,0,1,-0.387,0.016,running
43.625,1,895,-0.07062,-0.01994,0.3302,-0.0472,0.07376,0.06865,0.06796,0,1,-0.549,0.158,running
43.663,1,896,-0.06441,-0.02233,0.3416,-0.1314,0.06156,0.04565,0.06330,0,1,-0.707,0.237,running
43.710,1,897,-0.05876,-0.02493,0.3108,-0.1430,0.00275,-0.00664,0.05961,0,1,-0.800,0.507,running
43.751,1,898,-0.05396,-0.02807,0.2636,-0.1728,-0.03742,-0.08309,0.05737,0,1,-0.800,0.567,running
43.795,1,899,-0.05051,-0.03080,0.1901,-0.1502,-0.06001,-0.15010,0.05637,0,1,-0.716,0.686,running
43.840,1,900,-0.05028,-0.03261,0.0126,-0.0994,-0.08539,-0.14045,0.05740,0,1,-0.494,0.625,running
43.882,1,901,-0.05201,-0.03327,-0.0953,-0.0363,-0.09085,-0.14082,0.05913,0,1,0.102,0.459,running
43.930,1,902,-0.05650,-0.03320,-0.2471,0.0039,-0.09299,-0.13745,0.06252,0,1,0.461,0.253,running
43.973,1,903,-0.06307,-0.03213,-0.3613,0.0588,-0.07616,-0.10890,0.06715,0,1,0.800,0.130,running
44.016,1,904,-0.07128,-0.03023,-0.4516,0.1044,-0.04030,-0.04796,0.07309,0,1,0.800,-0.024,running
44.074,1,905,-0.08060,-0.02805,-0.5125,0.1197,-0.00393,0.02182,0.08037,0,1,0.800,-0.129,running
44.181,1,906,-0.09888,-0.02548,-1.0054,0.1415,0.06315,0.10709,0.09637,0,1,0.800,-0.132,running
44.239,1,907,-0.11609,-0.02616,-0.9464,-0.0373,0.06128,0.07811,0.11296,0,1,0.800,-0.126,running
44.280,1,908,-0.12269,-0.02765,-0.3629,-0.0818,0.05957,0.06785,0.11971,0,1,1.000,0.235,running
44.323,1,909,-0.12908,-0.02958,-0.3514,-0.1064,0.03681,0.06808,0.12639,0,1,1.000,0.332,running
44.369,1,910,-0.13564,-0.03173,-0.3607,-0.1183,0.00631,0.07060,0.13329,0,1,1.000,0.391,running
44.412,1,911,-0.13961,-0.03355,-0.2185,-0.1003,-0.03608,0.07405,0.13761,0,1,1.000,0.425,running
44.458,1,912,-0.13717,-0.03397,0.1341,-0.0229,-0.06900,0.06733,0.13540,0,1,1.000,0.398,running
44.501,1,913,-0.13454,-0.03329,0.1444,0.0373,-0.08767,0.06968,0.13269,0,1,1.000,0.246,running
44.545,1,914,-0.13241,-0.03092,0.1171,0.1305,-0.08178,0.06866,0.12997,0,1,1.000,0.122,running
44.592,1,915,-0.12951,-0.02732,0.1596,0.1977,-0.05583,0.07044,0.12619,0,1,1.000,-0.076,running
44.634,1,916,-0.12602,-0.02320,0.1923,0.2269,-0.01658,0.07057,0.12177,0,1,1.000,-0.229,running
44.678,1,917,-0.12270,-0.01916,0.1824,0.2219,0.01586,0.07226,0.11762,0,1,1.000,-0.308,running
44.738,1,918,-0.11910,-0.01548,0.1980,0.2025,0.04678,0.07281,0.11336,0,1,1.000,-0.318,running
44.785,1,919,-0.11492,-0.01233,0.2299,0.1736,0.08370,0.07355,0.10868,0,1,1.000,-0.298,running
44.847,1,920,-0.11007,-0.01146,0.2669,0.0478,0.08912,0.07295,0.10375,0,1,1.000,-0.255,running
44.900,1,921,-0.10158,-0.01251,0.4669,-0.0580,0.05999,0.07322,0.09559,0,1,1.000,-0.008,running
44.940,1,922,-0.09645,-0.01499,0.2820,-0.1360,0.03083,0.07299,0.09110,0,1,1.000,0.209,running
44.983,1,923,-0.09164,-0.01778,0.2646,-0.1538,0.00203,0.07228,0.08715,0,1,-0.121,0.377,running
45.028,1,924,-0.08643,-0.02156,0.2867,-0.2079,-0.02325,0.07287,0.08332,0,1,-0.152,0.441,running
45.072,1,925,-0.08050,-0.02454,0.3263,-0.1636,-0.06236,0.06217,0.07885,0,1,-0.283,0.600,running
45.119,1,926,-0.07471,-0.02743,0.3182,-0.1594,-0.09362,0.02495,0.07480,0,1,-0.475,0.536,running
45.159,1,927,-0.06954,-0.02960,0.2843,-0.1190,-0.10765,-0.03768,0.07127,0,1,-0.546,0.557,running
45.204,1,928,-0.06558,-0.03088,0.2181,-0.0706,-0.09184,-0.09817,0.06854,0,1,-0.531,0.472,running
45.254,1,929,-0.06366,-0.03116,0.1052,-0.0153,-0.08033,-0.13993,0.06709,0,1,-0.397,0.347,running
45.296,1,930,-0.06410,-0.03059,-0.0239,0.0316,-0.04875,-0.14497,0.06714,0,1,-0.091,0.188,running
45.336,1,931,-0.06675,-0.02949,-0.1461,0.0601,-0.00521,-0.11537,0.06882,0,1,0.287,0.049,running
45.387,1,932,-0.07083,-0.02882,-0.2241,0.0370,0.01963,-0.06934,0.07201,0,1,0.648,-0.031,running
45.485,1,933,-0.08278,-0.02971,-0.6575,-0.0486,0.07187,0.04119,0.08305,0,1,0.800,0.042,running
45.557,1,934,-0.09638,-0.03397,-0.7480,-0.2347,0.04934,0.06382,0.09719,0,1,0.800,0.277,running
45.601,1,935,-0.10232,-0.03683,-0.3264,-0.1569,0.03063,0.06006,0.10377,0,1,0.800,0.669,running
45.643,1,936,-0.10787,-0.04014,-0.3054,-0.1820,-0.00094,0.07310,0.11020,0,1,1.000,0.528,running
45.688,1,937,-0.11305,-0.04300,-0.2849,-0.1576,-0.01841,0.07602,0.11610,0,1,1.000,0.595,running
45.733,1,938,-0.11717,-0.04550,-0.2262,-0.1376,-0.04986,0.07102,0.12089,0,1,1.000,0.560,running
45.776,1,939,-0.12047,-0.04662,-0.1819,-0.0615,-0.08925,0.07020,0.12436,0,1,1.000,0.533,running
45.819,1,940,-0.12355,-0.04604,-0.1692,0.0322,-0.09683,0.07183,0.12691,0,1,1.000,0.386,running
45.868,1,941,-0.12557,-0.04405,-0.1111,0.1094,-0.08629,0.06829,0.12796,0,1,1.000,0.196,running
45.910,1,942,-0.12681,-0.04035,-0.0684,0.2031,-0.06060,0.07038,0.12772,0,1,1.000,0.031,running
45.952,1,943,-0.12735,-0.03558,-0.0293,0.2623,-0.02214,0.07087,0.12657,0,1,1.000,-0.174,running
46.030,1,944,-0.12688,-0.03075,0.0257,0.2659,0.00977,0.07100,0.12462,0,1,1.000,-0.317,running
46.068,1,945,-0.12692,-0.02548,-0.0023,0.2900,0.04258,0.07349,0.12321,0,1,1.000,-0.348,running
46.146,1,946,-0.12560,-0.01781,0.0726,0.4215,0.08258,0.07436,0.12018,0,1,1.000,-0.423,running
46.216,1,947,-0.12345,-0.01556,0.1181,0.1238,0.09119,0.07349,0.11765,0,1,1.000,-0.724,running
46.259,1,948,-0.12216,-0.01648,0.0714,-0.0506,0.09689,0.07148,0.11654,0,1,1.000,-0.140,running
46.306,1,949,-0.12072,-0.01888,0.0792,-0.1318,0.10804,0.07184,0.11562,0,1,1.000,0.214,running
46.348,1,950,-0.11910,-0.02250,0.0886,-0.1991,0.08195,0.07465,0.11489,0,1,1.000,0.388,running
46.391,1,951,-0.11716,-0.02746,0.1067,-0.2730,0.03819,0.07347,0.11437,0,1,1.000,0.541,running
46.435,1,952,-0.11408,-0.03289,0.1698,-0.2987,0.01012,0.07246,0.11317,0,1,1.000,0.713,running
46.481,1,953,-0.11160,-0.03822,0.1363,-0.2932,-0.02617,0.07253,0.11282,0,1,1.000,0.792,running
46.529,1,954,-0.10867,-0.04277,0.1610,-0.2502,-0.06381,0.06876,0.11204,0,1,1.000,0.800,running
46.569,1,955,-0.10529,-0.04642,0.1858,-0.2008,-0.09281,0.07066,0.11069,0,1,1.000,0.744,running
46.613,1,956,-0.10151,-0.04848,0.2077,-0.1134,-0.11031,0.07104,0.10840,0,1,1.000,0.664,running
46.673,1,957,-0.09694,-0.04940,0.2517,-0.0507,-0.10042,0.06939,0.10495,0,1,1.000,0.499,running
46.747,1,958,-0.08713,-0.04754,0.5394,0.1024,-0.05335,0.07005,0.09571,0,1,-0.058,0.378,running
46.800,1,959,-0.08159,-0.04568,0.3047,0.1025,-0.02676,0.06970,0.09009,0,1,-0.682,0.063,running
46.877,1,960,-0.07026,-0.04153,0.6234,0.2282,0.00572,0.03103,0.07848,0,1,-0.240,0.053,running
46.920,1,961,-0.06514,-0.03994,0.2814,0.0876,0.03442,-0.00690,0.07347,0,1,-0.800,-0.351,running
46.965,1,962,-0.06091,-0.03858,0.2325,0.0746,0.03446,-0.05674,0.06934,0,1,-0.509,-0.041,running
47.007,1,963,-0.05801,-0.03792,0.1598,0.0362,0.05050,-0.08881,0.06671,0,1,-0.446,-0.034,running
47.055,1,964,-0.05659,-0.03787,0.0778,0.0027,0.04493,-0.10184,0.06562,0,1,-0.276,0.062,running
47.095,1,965,-0.05755,-0.03810,-0.0525,-0.0124,0.00601,-0.09438,0.06648,0,1,-0.047,0.158,running
47.139,1,966,-0.06048,-0.03833,-0.1613,-0.0131,-0.01898,-0.06529,0.06885,0,1,0.345,0.205,running
47.185,1,967,-0.06435,-0.03858,-0.2131,-0.0137,-0.04933,-0.01457,0.07201,0,1,0.667,0.212,running
47.231,1,968,-0.06904,-0.03866,-0.2580,-0.0042,-0.07652,0.05098,0.07580,0,1,0.800,0.220,running
47.271,1,969,-0.07397,-0.03785,-0.2709,0.0443,-0.07119,0.10351,0.07938,0,1,0.800,0.203,running
47.333,1,970,-0.07825,-0.03688,-0.2354,0.0537,-0.05140,0.11079,0.08247,0,1,0.800,0.089,running
47.380,1,971,-0.08177,-0.03527,-0.1936,0.0886,-0.03232,0.08487,0.08470,0,1,0.800,0.075,running
47.422,1,972,-0.08504,-0.03371,-0.1796,0.0855,0.01368,0.06105,0.08685,0,1,0.778,-0.001,running
47.496,1,973,-0.09032,-0.03213,-0.2909,0.0872,0.04395,0.04256,0.09091,0,1,0.756,0.011,running
47.536,1,974,-0.09288,-0.03231,-0.1405,-0.0102,0.06246,0.04137,0.09331,0,1,0.800,0.016,running
47.580,1,975,-0.09518,-0.03345,-0.1267,-0.0624,0.05160,0.03917,0.09587,0,1,0.706,0.212,running
47.625,1,976,-0.09758,-0.03488,-0.1320,-0.0785,0.02975,0.04237,0.09865,0,1,0.690,0.322,running
47.668,1,977,-0.09956,-0.03663,-0.1085,-0.0967,-0.01105,0.04930,0.10118,0,1,0.713,0.361,running
47.714,1,978,-0.10170,-0.03844,-0.1178,-0.0995,-0.04631,0.04643,0.10388,0,1,0.676,0.407,running
47.756,1,979,-0.10364,-0.03919,-0.1067,-0.0413,-0.07605,0.05749,0.10596,0,1,1.000,0.421,running
47.799,1,980,-0.10511,-0.03915,-0.0809,0.0026,-0.08894,0.06284,0.10727,0,1,1.000,0.309,running
47.846,1,981,-0.10652,-0.03796,-0.0776,0.0652,-0.08322,0.06519,0.10807,0,1,1.000,0.221,running
47.890,1,982,-0.10769,-0.03580,-0.0642,0.1190,-0.05519,0.06773,0.10828,0,1,1.000,0.089,running
47.935,1,983,-0.10813,-0.03287,-0.0244,0.1612,-0.01757,0.06546,0.10760,0,1,1.000,-0.029,running
47.983,1,984,-0.10836,-0.03001,-0.0126,0.1573,0.01671,0.06758,0.10681,0,1,1.000,-0.128,running
48.031,1,985,-0.10894,-0.02798,-0.0318,0.1116,0.04742,0.06694,0.10669,0,1,1.000,-0.135,running
48.093,1,986,-0.10914,-0.02622,-0.0113,0.0968,0.07372,0.06981,0.10634,0,1,1.000,-0.053,running
48.152,1,987,-0.10831,-0.02631,0.0461,-0.0051,0.04476,0.06778,0.10557,0,1,1.000,-0.033,running
48.197,1,988,-0.10771,-0.02730,0.0328,-0.0541,0.02769,0.06798,0.10531,0,1,1.000,0.172,running
48.246,1,989,-0.10673,-0.02871,0.0539,-0.0777,0.00319,0.07093,0.10484,0,1,1.000,0.275,running
48.283,1,990,-0.10567,-0.03041,0.0582,-0.0933,-0.02928,0.06878,0.10442,0,1,1.000,0.329,running
48.328,1,991,-0.10429,-0.03169,0.0759,-0.0704,-0.06381,0.06455,0.10359,0,1,1.000,0.369,running
48.372,1,992,-0.10280,-0.03224,0.0820,-0.0306,-0.08572,0.06547,0.10241,0,1,1.000,0.329,running
48.416,1,993,-0.10073,-0.03208,0.1137,0.0087,-0.08323,0.06575,0.10043,0,1,1.000,0.252,running
48.462,1,994,-0.09897,-0.03069,0.0972,0.0766,-0.06521,0.06542,0.09827,0,1,1.000,0.173,running
48.505,1,995,-0.09706,-0.02852,0.1049,0.1191,-0.03492,0.06928,0.09570,0,1,0.261,0.030,running
48.548,1,996,-0.09400,-0.02697,0.1684,0.0854,0.00580,0.06792,0.09229,0,1,0.237,-0.066,running
48.623,1,997,-0.09122,-0.02531,0.1526,0.0911,0.03740,0.06116,0.08911,0,1,0.094,-0.006,running
48.680,1,998,-0.08653,-0.02491,0.2582,0.0223,0.05743,-0.01989,0.08458,0,1,0.103,-0.030,running
48.732,1,999,-0.08550,-0.02627,0.0563,-0.0750,0.04916,-0.07547,0.08414,0,1,-0.200,0.097,running
48.812,1,1000,-0.08717,-0.03108,-0.0915,-0.2645,0.01258,-0.09552,0.08760,0,1,0.240,0.319,running
48.856,1,1001,-0.09023,-0.03396,-0.1686,-0.1586,-0.02244,-0.09220,0.09161,0,1,0.579,0.735,running
48.901,1,1002,-0.09453,-0.03684,-0.2364,-0.1579,-0.03322,-0.06970,0.09673,0,1,0.749,0.517,running
48.943,1,1003,-0.10033,-0.03964,-0.3190,-0.1544,-0.04244,-0.04266,0.10318,0,1,0.800,0.530,running
48.990,1,1004,-0.10672,-0.04133,-0.3513,-0.0928,-0.05125,0.01379,0.10966,0,1,1.000,0.537,running
49.033,1,1005,-0.11348,-0.04187,-0.3718,-0.0299,-0.05124,0.07350,0.11602,0,1,1.000,0.422,running
49.075,1,1006,-0.11944,-0.04157,-0.3280,0.0169,-0.05503,0.10623,0.12135,0,1,1.000,0.299,running
49.122,1,1007,-0.12486,-0.04010,-0.2978,0.0806,-0.04674,0.09800,0.12581,0,1,1.000,0.204,running
49.166,1,1008,-0.12903,-0.03750,-0.2293,0.1431,-0.01938,0.07505,0.12879,0,1,1.000,0.069,running
49.211,1,1009,-0.13257,-0.03411,-0.1949,0.1865,0.01410,0.06086,0.13106,0,1,1.000,-0.069,running
49.267,1,1010,-0.13591,-0.03056,-0.1836,0.1953,0.04604,0.05988,0.13322,0,1,1.000,-0.173,running
49.314,1,1011,-0.13886,-0.02761,-0.1621,0.1620,0.07217,0.06771,0.13530,0,1,1.000,-0.208,running
49.367,1,1012,-0.14020,-0.02526,-0.0738,0.1293,0.08046,0.06724,0.13604,0,1,1.000,-0.156,running
49.429,1,1013,-0.13762,-0.02543,0.1421,-0.0095,0.05350,0.06833,0.13357,0,1,1.000,-0.102,running
49.517,1,1014,-0.13437,-0.02817,0.1787,-0.1504,-0.00905,0.06988,0.13110,0,1,1.000,0.176,running
49.560,1,1015,-0.13183,-0.02948,0.1392,-0.0723,0.00164,0.07169,0.12901,0,1,1.000,0.472,running
49.603,1,1016,-0.12930,-0.02994,0.1392,-0.0253,-0.01900,0.06673,0.12671,0,1,1.000,0.322,running
49.650,1,1017,-0.12725,-0.02977,0.1128,0.0094,-0.07546,0.06610,0.12469,0,1,1.000,0.230,running
49.692,1,1018,-0.12430,-0.02919,0.1626,0.0320,-0.07532,0.06442,0.12170,0,1,1.000,0.160,running
49.735,1,1019,-0.12088,-0.02781,0.1878,0.0758,-0.04803,0.06793,0.11803,0,1,1.000,0.112,running
49.782,1,1020,-0.11800,-0.02539,0.1586,0.1335,-0.03397,0.06960,0.11458,0,1,1.000,0.018,running
49.824,1,1021,-0.11368,-0.02350,0.2377,0.1039,0.00746,0.06948,0.10991,0,1,1.000,-0.110,running
49.883,1,1022,-0.11004,-0.02178,0.2000,0.0945,0.05303,0.06841,0.10595,0,1,1.000,-0.060,running
49.956,1,1023,-0.10184,-0.02088,0.4513,0.0492,0.06443,0.07014,0.09780,0,1,1.000,-0.050,running
50.005,1,1024,-0.09771,-0.02229,0.2272,-0.0773,0.05109,0.06956,0.09425,0,1,1.000,0.036,running
50.049,1,1025,-0.09269,-0.02423,0.2756,-0.1064,0.03920,0.07222,0.09011,0,1,-0.005,0.296,running
50.089,1,1026,-0.08758,-0.02758,0.2813,-0.1844,0.01199,0.06919,0.08656,0,1,-0.127,0.364,running
50.131,1,1027,-0.08205,-0.03019,0.3040,-0.1437,-0.02917,0.06099,0.08260,0,1,-0.216,0.556,running
50.176,1,1028,-0.07702,-0.03339,0.2767,-0.1759,-0.06101,0.03421,0.07964,0,1,-0.354,0.497,running
50.221,1,1029,-0.07187,-0.03576,0.2834,-0.1303,-0.08823,-0.03335,0.07647,0,1,-0.358,0.601,running
50.263,1,1030,-0.06819,-0.03700,0.2024,-0.0683,-0.09438,-0.09982,0.07413,0,1,-0.443,0.512,running
50.307,1,1031,-0.06615,-0.03746,0.1118,-0.0252,-0.08576,-0.14608,0.07276,0,1,-0.279,0.361,running
50.352,1,1032,-0.06707,-0.03727,-0.0506,0.0100,-0.06971,-0.14347,0.07339,0,1,-0.059,0.247,running
50.399,1,1033,-0.06994,-0.03642,-0.1576,0.0468,-0.02925,-0.11315,0.07524,0,1,0.382,0.154,running
50.442,1,1034,-0.07406,-0.03521,-0.2266,0.0669,0.01028,-0.06700,0.07803,0,1,0.673,0.060,running
50.485,1,1035,-0.08020,-0.03431,-0.3380,0.0494,0.03599,-0.01004,0.08287,0,1,0.800,0.016,running
50.535,1,1036,-0.08605,-0.03392,-0.3215,0.0216,0.05329,0.03759,0.08784,0,1,0.800,0.074,running
50.584,1,1037,-0.09221,-0.03407,-0.3389,-0.0086,0.05134,0.07528,0.09344,0,1,0.800,0.150,running
50.650,1,1038,-0.09892,-0.03468,-0.3688,-0.0334,0.02559,0.09274,0.09979,0,1,0.800,0.218,running
50.704,1,1039,-0.10961,-0.03596,-0.5881,-0.0703,-0.03253,0.07908,0.11012,0,1,0.800,0.270,running
50.747,1,1040,-0.11332,-0.03629,-0.2038,-0.0185,-0.05396,0.07174,0.11368,0,1,1.000,0.350,running
50.791,1,1041,-0.11730,-0.03564,-0.2191,0.0362,-0.06877,0.06588,0.11715,0,1,1.000,0.248,running
50.835,1,1042,-0.12043,-0.03355,-0.1720,0.1144,-0.07405,0.06730,0.11937,0,1,1.000,0.136,running
50.880,1,1043,-0.12342,-0.03097,-0.1648,0.1421,-0.05364,0.07314,0.12139,0,1,1.000,-0.031,running
50.924,1,1044,-0.12551,-0.02771,-0.1148,0.1793,-0.01799,0.07174,0.12244,0,1,1.000,-0.099,running
50.968,1,1045,-0.12702,-0.02445,-0.0831,0.1794,0.02023,0.07137,0.12305,0,1,1.000,-0.190,running
51.017,1,1046,-0.12825,-0.02170,-0.0674,0.1510,0.05097,0.07381,0.12359,0,1,1.000,-0.207,running
51.059,1,1047,-0.12980,-0.01906,-0.0855,0.1456,0.07760,0.07567,0.12455,0,1,1.000,-0.163,running
51.101,1,1048,-0.13056,-0.01829,-0.0417,0.0420,0.07255,0.07407,0.12514,0,1,1.000,-0.166,running
51.163,1,1049,-0.13084,-0.01811,-0.0153,0.0099,0.05086,0.07304,0.12538,0,1,1.000,0.037,running
51.232,1,1050,-0.13094,-0.01913,-0.0057,-0.0557,-0.02071,0.07093,0.12568,0,1,1.000,0.101,running
51.287,1,1051,-0.13070,-0.02007,0.0133,-0.0520,-0.03634,0.07277,0.12563,0,1,1.000,0.237,running
51.321,1,1052,-0.13030,-0.02087,0.0218,-0.0439,-0.04626,0.07082,0.12541,0,1,1.000,0.234,running
51.363,1,1053,-0.12976,-0.02068,0.0301,0.0106,-0.05759,0.07247,0.12484,0,1,1.000,0.222,running
51.407,1,1054,-0.12886,-0.02007,0.0494,0.0335,-0.05435,0.07462,0.12383,0,1,1.000,0.112,running
51.453,1,1055,-0.12751,-0.01900,0.0741,0.0586,-0.03685,0.07409,0.12229,0,1,1.000,0.063,running
51.542,1,1056,-0.12503,-0.01654,0.1366,0.1355,0.03277,0.07380,0.11937,0,1,1.000,0.008,running
51.584,1,1057,-0.12340,-0.01577,0.0894,0.0423,0.03240,0.07323,0.11763,0,1,1.000,-0.158,running
51.628,1,1058,-0.12135,-0.01627,0.1126,-0.0278,0.03815,0.07526,0.11572,0,1,1.000,0.024,running
51.675,1,1059,-0.11911,-0.01724,0.1235,-0.0531,0.05992,0.07478,0.11371,0,1,1.000,0.167,running
51.719,1,1060,-0.11645,-0.01878,0.1460,-0.0845,0.02734,0.07355,0.11144,0,1,1.000,0.222,running
51.766,1,1061,-0.11378,-0.02119,0.1473,-0.1329,-0.02175,0.07297,0.10941,0,1,1.000,0.293,running
51.825,1,1062,-0.11082,-0.02324,0.1625,-0.1125,-0.04428,0.07383,0.10709,0,1,1.000,0.402,running
51.893,1,1063,-0.10376,-0.02579,0.3882,-0.1401,-0.09672,0.07104,0.10109,0,1,1.000,0.371,running
51.935,1,1064,-0.09991,-0.02588,0.2116,-0.0050,-0.09024,0.07122,0.09747,0,1,1.000,0.439,running
51.980,1,1065,-0.09582,-0.02501,0.2253,0.0478,-0.07692,0.06923,0.09332,0,1,0.037,0.169,running
52.024,1,1066,-0.09119,-0.02337,0.2544,0.0898,-0.06808,0.07096,0.08841,0,1,-0.011,0.059,running
52.067,1,1067,-0.08626,-0.02088,0.2711,0.1372,-0.02509,0.06490,0.08294,0,1,-0.115,-0.041,running
52.111,1,1068,-0.08152,-0.01901,0.2610,0.1026,0.01827,0.03766,0.07785,0,1,-0.254,-0.188,running
52.157,1,1069,-0.07737,-0.01766,0.2280,0.0747,0.04312,-0.03122,0.07348,0,1,-0.325,-0.145,running
52.204,1,1070,-0.07484,-0.01725,0.1391,0.0224,0.07841,-0.09786,0.07096,0,1,-0.316,-0.100,running
52.246,1,1071,-0.07443,-0.01762,0.0229,-0.0203,0.07365,-0.14577,0.07069,0,1,-0.113,0.032,running
52.289,1,1072,-0.07501,-0.01931,-0.0319,-0.0930,0.04755,-0.13116,0.07181,0,1,0.205,0.152,running
52.359,1,1073,-0.07770,-0.02187,-0.1481,-0.1410,0.01903,-0.10801,0.07525,0,1,0.362,0.357,running
52.426,1,1074,-0.08883,-0.02858,-0.6122,-0.3689,-0.05947,-0.01026,0.08810,0,1,0.681,0.484,running
52.467,1,1075,-0.09562,-0.03123,-0.3735,-0.1460,-0.06621,0.03695,0.09539,0,1,0.800,0.800,running
52.510,1,1076,-0.10245,-0.03305,-0.3756,-0.1001,-0.08542,0.06255,0.10239,0,1,0.800,0.478,running
52.551,1,1077,-0.10974,-0.03343,-0.4006,-0.0206,-0.11211,0.06351,0.10930,0,1,1.000,0.395,running
52.596,1,1078,-0.11551,-0.03292,-0.3175,0.0279,-0.08938,0.06061,0.11453,0,1,1.000,0.238,running
52.642,1,1079,-0.12190,-0.03092,-0.3513,0.1102,-0.04911,0.06623,0.11992,0,1,1.000,0.139,running
52.685,1,1080,-0.12714,-0.02824,-0.2885,0.1470,-0.01571,0.06908,0.12416,0,1,1.000,-0.036,running
52.730,1,1081,-0.13196,-0.02568,-0.2647,0.1408,0.01113,0.06768,0.12814,0,1,1.000,-0.123,running
52.771,1,1082,-0.13681,-0.02344,-0.2669,0.1234,0.04640,0.06921,0.13233,0,1,1.000,-0.123,running
52.817,1,1083,-0.14018,-0.02187,-0.1854,0.0865,0.07332,0.06914,0.13528,0,1,1.000,-0.100,running
52.862,1,1084,-0.13808,-0.02194,0.1153,-0.0040,0.06267,0.06913,0.13325,0,1,1.000,-0.034,running
52.908,1,1085,-0.13613,-0.02267,0.1077,-0.0401,0.04084,0.06774,0.13149,0,1,1.000,0.148,running
52.952,1,1086,-0.13328,-0.02426,0.1564,-0.0874,0.01054,0.06635,0.12908,0,1,1.000,0.224,running
53.009,1,1087,-0.13126,-0.02488,0.1113,-0.0339,-0.02636,0.06812,0.12726,0,1,1.000,0.326,running
53.060,1,1088,-0.12837,-0.02578,0.1590,-0.0500,-0.05816,0.06776,0.12469,0,1,1.000,0.222,running
53.113,1,1089,-0.12606,-0.02675,0.1271,-0.0532,-0.08496,0.06584,0.12271,0,1,1.000,0.259,running
53.172,1,1090,-0.11983,-0.02521,0.3423,0.0850,-0.06140,0.06774,0.11630,0,1,1.000,0.270,running
53.212,1,1091,-0.11652,-0.02318,0.1825,0.1112,-0.05089,0.06732,0.11256,0,1,1.000,-0.014,running
53.256,1,1092,-0.11329,-0.02113,0.1776,0.1131,-0.02941,0.06843,0.10892,0,1,1.000,-0.076,running
53.301,1,1093,-0.10952,-0.01860,0.2070,0.1390,0.00734,0.06822,0.10465,0,1,1.000,-0.091,running
53.344,1,1094,-0.10543,-0.01697,0.2251,0.0900,0.04809,0.06951,0.10029,0,1,1.000,-0.155,running
53.388,1,1095,-0.10165,-0.01550,0.2079,0.0808,0.06576,0.07047,0.09628,0,1,1.000,-0.065,running
53.432,1,1096,-0.09754,-0.01547,0.2260,0.0016,0.06398,0.06954,0.09227,0,1,1.000,-0.054,running
53.476,1,1097,-0.09297,-0.01633,0.2515,-0.0475,0.04248,0.07065,0.08805,0,1,-0.003,0.104,running
53.566,1,1098,-0.08307,-0.02014,0.5444,-0.2095,-0.03092,0.05801,0.07968,0,1,-0.105,0.208,running
53.633,1,1099,-0.07815,-0.02218,0.2704,-0.1121,-0.02938,0.04307,0.07579,0,1,-0.800,0.623,running
53.698,1,1100,-0.06896,-0.02543,0.5054,-0.1790,-0.09481,-0.01852,0.06877,0,1,-0.393,0.409,running
53.752,1,1101,-0.06510,-0.02620,0.2123,-0.0424,-0.09034,-0.06359,0.06573,0,1,-0.800,0.634,running
53.785,1,1102,-0.06368,-0.02611,0.0785,0.0054,-0.06299,-0.09985,0.06444,0,1,-0.414,0.248,running
53.828,1,1103,-0.06340,-0.02483,0.0150,0.0702,-0.07444,-0.11416,0.06358,0,1,-0.029,0.103,running
53.872,1,1104,-0.06502,-0.02331,-0.0888,0.0834,-0.05591,-0.11273,0.06429,0,1,0.159,-0.101,running
53.918,1,1105,-0.06826,-0.02147,-0.1785,0.1012,0.00393,-0.07372,0.06641,0,1,0.481,-0.144,running
53.960,1,1106,-0.07297,-0.01937,-0.2587,0.1155,0.03868,0.00027,0.06993,0,1,0.756,-0.193,running
54.005,1,1107,-0.07784,-0.01822,-0.2680,0.0637,0.05232,0.06451,0.07411,0,1,0.800,-0.222,running
54.047,1,1108,-0.08276,-0.01799,-0.2709,0.0126,0.07071,0.10173,0.07871,0,1,0.800,-0.066,running
54.091,1,1109,-0.08752,-0.01871,-0.2616,-0.0400,0.05908,0.10395,0.08346,0,1,0.800,0.076,running
54.137,1,1110,-0.09157,-0.02008,-0.2228,-0.0749,0.02837,0.08253,0.08774,0,1,0.800,0.206,running
54.181,1,1111,-0.09498,-0.02171,-0.1872,-0.0899,-0.00998,0.06463,0.09147,0,1,0.800,0.284,running
54.234,1,1112,-0.09858,-0.02368,-0.1980,-0.1085,-0.04379,0.04976,0.09551,0,1,0.800,0.318,running
54.315,1,1113,-0.10480,-0.02629,-0.3422,-0.1435,-0.08458,0.03886,0.10223,0,1,0.800,0.365,running
54.375,1,1114,-0.10814,-0.02652,-0.1839,-0.0123,-0.07923,0.04154,0.10548,0,1,1.000,0.448,running
54.403,1,1115,-0.11076,-0.02587,-0.1439,0.0354,-0.07555,0.04175,0.10778,0,1,1.000,0.187,running
54.446,1,1116,-0.11400,-0.02414,-0.1782,0.0954,-0.07101,0.04747,0.11039,0,1,1.000,0.089,running
54.487,1,1117,-0.11714,-0.02209,-0.1727,0.1128,-0.04803,0.06597,0.11289,0,1,1.000,-0.040,running
54.533,1,1118,-0.11897,-0.01947,-0.1006,0.1440,0.00572,0.07712,0.11405,0,1,1.000,-0.085,running
54.575,1,1119,-0.12167,-0.01792,-0.1488,0.0852,0.04739,0.07514,0.11636,0,1,1.000,-0.161,running
54.619,1,1120,-0.12404,-0.01694,-0.1302,0.0541,0.06389,0.07101,0.11848,0,1,1.000,-0.051,running
54.665,1,1121,-0.12536,-0.01680,-0.0725,0.0073,0.08063,0.07355,0.11975,0,1,1.000,0.006,running
54.709,1,1122,-0.12675,-0.01802,-0.0765,-0.0669,0.04606,0.07283,0.12135,0,1,1.000,0.099,running
54.756,1,1123,-0.12780,-0.01977,-0.0577,-0.0964,0.00562,0.07310,0.12273,0,1,1.000,0.254,running
54.802,1,1124,-0.12802,-0.02186,-0.0120,-0.1151,-0.02188,0.06947,0.12340,0,1,1.000,0.322,running
54.840,1,1125,-0.12860,-0.02396,-0.0320,-0.1150,-0.04939,0.06926,0.12446,0,1,1.000,0.370,running
54.895,1,1126,-0.12853,-0.02537,0.0035,-0.0777,-0.07714,0.06854,0.12474,0,1,1.000,0.380,running
54.943,1,1127,-0.12797,-0.02575,0.0311,-0.0210,-0.08613,0.06900,0.12429,0,1,1.000,0.312,running
55.002,1,1128,-0.12745,-0.02557,0.0286,0.0100,-0.07615,0.06822,0.12374,0,1,1.000,0.201,running
55.063,1,1129,-0.12489,-0.02306,0.1405,0.1378,-0.02428,0.07087,0.12065,0,1,1.000,0.138,running
55.105,1,1130,-0.12399,-0.02135,0.0494,0.0942,0.00631,0.07316,0.11937,0,1,1.000,-0.130,running
55.151,1,1131,-0.12205,-0.02011,0.1070,0.0684,0.02230,0.07179,0.11719,0,1,1.000,-0.052,running
55.191,1,1132,-0.12008,-0.01960,0.1082,0.0281,0.04669,0.07115,0.11516,0,1,1.000,-0.006,running
55.237,1,1133,-0.11760,-0.01991,0.1364,-0.0176,0.04707,0.07190,0.11282,0,1,1.000,0.072,running
55.279,1,1134,-0.11426,-0.02077,0.1839,-0.0473,0.02452,0.07140,0.10977,0,1,1.000,0.165,running
55.324,1,1135,-0.11163,-0.02245,0.1446,-0.0921,-0.00447,0.07218,0.10766,0,1,1.000,0.228,running
55.369,1,1136,-0.10853,-0.02390,0.1704,-0.0799,-0.04129,0.07194,0.10508,0,1,1.000,0.326,running
55.414,1,1137,-0.10515,-0.02506,0.1859,-0.0639,-0.07221,0.06634,0.10219,0,1,1.000,0.309,running
55.460,1,1138,-0.10152,-0.02592,0.1999,-0.0469,-0.08697,0.06858,0.09900,0,1,1.000,0.283,running
55.502,1,1139,-0.09719,-0.02585,0.2377,0.0037,-0.07495,0.06840,0.09490,0,1,1.000,0.253,running
55.594,1,1140,-0.08890,-0.02382,0.4563,0.1116,-0.02335,0.06980,0.08641,0,1,-0.029,0.152,running
55.642,1,1141,-0.08463,-0.02270,0.2349,0.0615,-0.01159,0.07119,0.08201,0,1,-0.587,-0.096,running
55.705,1,1142,-0.07949,-0.02192,0.2825,0.0430,0.00277,0.06712,0.07694,0,1,-0.191,-0.011,running
55.768,1,1143,-0.07033,-0.02167,0.5037,0.0138,0.05988,-0.00542,0.06838,0,1,-0.401,0.013,running
55.810,1,1144,-0.06692,-0.02294,0.1878,-0.0701,0.03813,-0.06574,0.06582,0,1,-0.800,0.069,running
55.854,1,1145,-0.06504,-0.02494,0.1031,-0.1096,0.04812,-0.11248,0.06507,0,1,-0.333,0.318,running
55.896,1,1146,-0.06492,-0.02786,0.0071,-0.1611,0.02552,-0.13712,0.06640,0,1,-0.094,0.445,running
55.940,1,1147,-0.06656,-0.03076,-0.0905,-0.1593,-0.02755,-0.13238,0.06931,0,1,0.197,0.604,running
55.984,1,1148,-0.07007,-0.03371,-0.1929,-0.1624,-0.06512,-0.08886,0.07385,0,1,0.489,0.596,running
56.028,1,1149,-0.07571,-0.03615,-0.3104,-0.1340,-0.08840,-0.01472,0.07993,0,1,0.771,0.596,running
56.076,1,1150,-0.08218,-0.03826,-0.3559,-0.1161,-0.10162,0.05407,0.08655,0,1,0.800,0.511,running
56.120,1,1151,-0.08872,-0.03790,-0.3598,0.0199,-0.09187,0.09712,0.09206,0,1,0.800,0.462,running
56.162,1,1152,-0.09492,-0.03751,-0.3410,0.0216,-0.06824,0.09886,0.09738,0,1,0.800,0.180,running
56.218,1,1153,-0.10025,-0.03585,-0.2931,0.0910,-0.03362,0.08012,0.10148,0,1,0.800,0.174,running
56.265,1,1154,-0.10461,-0.03427,-0.2397,0.0870,0.00317,0.06409,0.10485,0,1,1.000,0.027,running
56.297,1,1155,-0.10854,-0.03269,-0.2160,0.0867,0.03628,0.05227,0.10791,0,1,1.000,0.027,running
56.334,1,1156,-0.11226,-0.03132,-0.2046,0.0756,0.04939,0.05538,0.11092,0,1,1.000,0.020,running
56.381,1,1157,-0.11575,-0.03090,-0.1924,0.0229,0.06101,0.06348,0.11409,0,1,1.000,0.035,running
56.423,1,1158,-0.11878,-0.03086,-0.1666,0.0026,0.03631,0.07469,0.11694,0,1,1.000,0.139,running
56.468,1,1159,-0.12129,-0.03118,-0.1377,-0.0180,0.00341,0.07516,0.11942,0,1,1.000,0.179,running
56.512,1,1160,-0.12411,-0.03151,-0.1553,-0.0179,-0.02472,0.06901,0.12221,0,1,1.000,0.222,running
56.556,1,1161,-0.12580,-0.03108,-0.0931,0.0238,-0.05880,0.07108,0.12369,0,1,1.000,0.223,running
56.601,1,1162,-0.12758,-0.02975,-0.0979,0.0730,-0.07187,0.06486,0.12500,0,1,1.000,0.138,running
56.645,1,1163,-0.12838,-0.02803,-0.0439,0.0947,-0.06409,0.06851,0.12529,0,1,1.000,0.033,running
56.690,1,1164,-0.12938,-0.02515,-0.0550,0.1582,-0.03756,0.07134,0.12551,0,1,1.000,-0.019,running
56.737,1,1165,-0.12979,-0.02232,-0.0227,0.1557,-0.00076,0.07304,0.12524,0,1,1.000,-0.161,running
56.782,1,1166,-0.13014,-0.01962,-0.0188,0.1485,0.03737,0.07318,0.12499,0,1,1.000,-0.170,running
56.822,1,1167,-0.13014,-0.01782,-0.0000,0.0991,0.06462,0.07151,0.12463,0,1,1.000,-0.169,running
56.864,1,1168,-0.12981,-0.01692,0.0182,0.0495,0.07339,0.07328,0.12414,0,1,1.000,-0.079,running
56.908,1,1169,-0.12865,-0.01778,0.0633,-0.0471,0.05891,0.07048,0.12317,0,1,1.000,0.016,running
56.953,1,1170,-0.12775,-0.01858,0.0496,-0.0441,0.03194,0.07224,0.12245,0,1,1.000,0.213,running
56.996,1,1171,-0.12675,-0.02057,0.0550,-0.1098,-0.01556,0.07024,0.12189,0,1,1.000,0.211,running
57.041,1,1172,-0.12511,-0.02218,0.0903,-0.0885,-0.04524,0.07005,0.12065,0,1,1.000,0.353,running
57.086,1,1173,-0.12399,-0.02389,0.0620,-0.0940,-0.06511,0.06940,0.11997,0,1,1.000,0.318,running
57.131,1,1174,-0.12169,-0.02396,0.1261,-0.0038,-0.08396,0.06806,0.11777,0,1,1.000,0.337,running
57.196,1,1175,-0.11967,-0.02396,0.1112,-0.0002,-0.07578,0.06683,0.11581,0,1,1.000,0.157,running
57.259,1,1176,-0.11502,-0.02219,0.2557,0.0979,-0.02995,0.07146,0.11086,0,1,1.000,0.150,running
57.321,1,1177,-0.11190,-0.02055,0.1718,0.0900,-0.00610,0.07186,0.10743,0,1,1.000,-0.055,running
57.393,1,1178,-0.10564,-0.01844,0.3442,0.1161,0.04110,0.07303,0.10085,0,1,1.000,-0.047,running
57.436,1,1179,-0.10173,-0.01845,0.2151,-0.0008,0.04781,0.07174,0.09706,0,1,1.000,-0.110,running
57.485,1,1180,-0.09810,-0.01924,0.1994,-0.0434,0.04342,0.07339,0.09377,0,1,1.000,0.124,running
57.526,1,1181,-0.09379,-0.02082,0.2374,-0.0869,0.03743,0.07456,0.09007,0,1,0.053,0.213,running
57.612,1,1182,-0.08475,-0.02538,0.4971,-0.2507,-0.03136,0.06639,0.08310,0,1,-0.045,0.308,running
57.656,1,1183,-0.07977,-0.02755,0.2738,-0.1196,-0.03325,0.05078,0.07941,0,1,-0.773,0.717,running
57.701,1,1184,-0.07553,-0.02998,0.2332,-0.1336,-0.04558,0.02118,0.07670,0,1,-0.342,0.440,running
57.746,1,1185,-0.07108,-0.03163,0.2445,-0.0904,-0.09657,-0.02455,0.07363,0,1,-0.297,0.494,running
57.790,1,1186,-0.06808,-0.03311,0.1655,-0.0816,-0.08418,-0.08101,0.07185,0,1,-0.385,0.397,running
57.836,1,1187,-0.06669,-0.03331,0.0760,-0.0109,-0.05697,-0.12029,0.07081,0,1,-0.204,0.383,running
57.884,1,1188,-0.06690,-0.03346,-0.0111,-0.0085,-0.05482,-0.12323,0.07106,0,1,0.028,0.189,running
57.933,1,1189,-0.06951,-0.03280,-0.1438,0.0365,-0.01475,-0.09974,0.07289,0,1,0.270,0.183,running
57.978,1,1190,-0.07320,-0.03306,-0.2030,-0.0141,0.02637,-0.05257,0.07617,0,1,0.642,0.063,running
58.055,1,1191,-0.08347,-0.03440,-0.5649,-0.0737,0.04844,0.05718,0.08578,0,1,0.800,0.204,running
58.096,1,1192,-0.08912,-0.03587,-0.3107,-0.0810,0.04143,0.09041,0.09147,0,1,0.800,0.353,running
58.139,1,1193,-0.09426,-0.03760,-0.2826,-0.0955,0.01706,0.09691,0.09683,0,1,0.800,0.371,running
58.184,1,1194,-0.09842,-0.03956,-0.2289,-0.1076,-0.00149,0.08341,0.10143,0,1,0.800,0.409,running
58.227,1,1195,-0.10245,-0.04094,-0.2219,-0.0761,-0.04439,0.06905,0.10566,0,1,0.800,0.443,running
58.271,1,1196,-0.10564,-0.04206,-0.1751,-0.0614,-0.08469,0.05756,0.10901,0,1,1.000,0.387,running
58.315,1,1197,-0.10848,-0.04184,-0.1564,0.0121,-0.09463,0.05007,0.11147,0,1,1.000,0.363,running
58.363,1,1198,-0.11028,-0.04023,-0.0990,0.0884,-0.08213,0.05392,0.11243,0,1,1.000,0.215,running
58.407,1,1199,-0.11245,-0.03749,-0.1191,0.1510,-0.05607,0.06636,0.11332,0,1,1.000,0.054,running
58.448,1,1200,-0.11432,-0.03425,-0.1030,0.1783,-0.01918,0.07304,0.11387,0,1,1.000,-0.085,running
58.504,1,1201,-0.11494,-0.03075,-0.0344,0.1923,0.01195,0.06990,0.11327,0,1,1.000,-0.155,running
58.537,1,1202,-0.11639,-0.02761,-0.0796,0.1728,0.04518,0.06902,0.11367,0,1,1.000,-0.201,running
58.582,1,1203,-0.11673,-0.02477,-0.0185,0.1560,0.07537,0.07379,0.11319,0,1,1.000,-0.178,running
58.645,1,1204,-0.11756,-0.02333,-0.0457,0.0792,0.06927,0.07250,0.11361,0,1,1.000,-0.158,running
58.712,1,1205,-0.11677,-0.02313,0.0432,0.0109,0.03163,0.06954,0.11280,0,1,1.000,-0.012,running
58.756,1,1206,-0.11602,-0.02443,0.0416,-0.0712,0.00388,0.07156,0.11241,0,1,1.000,0.124,running
58.801,1,1207,-0.11521,-0.02550,0.0444,-0.0591,-0.01548,0.06960,0.11193,0,1,1.000,0.294,running
58.845,1,1208,-0.11418,-0.02656,0.0565,-0.0584,-0.03837,0.07091,0.11125,0,1,1.000,0.276,running
58.888,1,1209,-0.11281,-0.02705,0.0755,-0.0268,-0.07758,0.06815,0.11009,0,1,1.000,0.280,running
58.932,1,1210,-0.11079,-0.02729,0.1108,-0.0131,-0.08556,0.06653,0.10824,0,1,1.000,0.219,running
58.976,1,1211,-0.10927,-0.02562,0.0839,0.0920,-0.06314,0.06790,0.10628,0,1,1.000,0.193,running
59.021,1,1212,-0.10763,-0.02402,0.0900,0.0879,-0.03988,0.07076,0.10425,0,1,1.000,-0.026,running
59.071,1,1213,-0.10491,-0.02252,0.1496,0.0823,-0.00285,0.07211,0.10121,0,1,1.000,-0.026,running
59.111,1,1214,-0.10270,-0.02132,0.1213,0.0663,0.03911,0.07219,0.09876,0,1,1.000,-0.022,running
59.168,1,1215,-0.09998,-0.02088,0.1498,0.0238,0.05290,0.06961,0.09602,0,1,1.000,0.004,running
59.220,1,1216,-0.09692,-0.02151,0.1683,-0.0346,0.04744,0.07028,0.09327,0,1,0.161,0.087,running
59.265,1,1217,-0.09372,-0.02266,0.1762,-0.0629,0.03670,0.07147,0.09057,0,1,0.109,0.207,running
59.334,1,1218,-0.08684,-0.02690,0.3784,-0.2333,-0.01859,0.04468,0.08561,0,1,0.077,0.269,running
59.373,1,1219,-0.08345,-0.02965,0.1861,-0.1516,-0.05322,0.00116,0.08363,0,1,-0.445,0.665,running
59.418,1,1220,-0.08108,-0.03165,0.1306,-0.1098,-0.07680,-0.05495,0.08239,0,1,-0.065,0.509,running
59.461,1,1221,-0.07979,-0.03260,0.0708,-0.0523,-0.08810,-0.09151,0.08169,0,1,0.037,0.427,running
59.504,1,1222,-0.08028,-0.03290,-0.0268,-0.0166,-0.08322,-0.10019,0.08226,0,1,0.165,0.299,running
59.550,1,1223,-0.08194,-0.03207,-0.0915,0.0458,-0.05333,-0.06153,0.08335,0,1,0.396,0.218,running
59.636,1,1224,-0.08811,-0.02995,-0.3391,0.1166,0.01488,0.07405,0.08799,0,1,0.553,0.074,running
59.682,1,1225,-0.09175,-0.02858,-0.2000,0.0755,0.01723,0.11002,0.09079,0,1,0.800,-0.067,running
59.728,1,1226,-0.09464,-0.02808,-0.1592,0.0272,0.03388,0.09565,0.09329,0,1,0.800,0.022,running
59.770,1,1227,-0.09693,-0.02849,-0.1259,-0.0226,0.05921,0.07081,0.09557,0,1,0.753,0.116,running
59.826,1,1228,-0.09858,-0.02946,-0.0905,-0.0532,0.03739,0.05578,0.09746,0,1,0.697,0.218,running
59.878,1,1229,-0.10025,-0.03090,-0.0921,-0.0795,-0.00034,0.05227,0.09954,0,1,0.635,0.284,running
59.940,1,1230,-0.10222,-0.03205,-0.1085,-0.0628,-0.02661,0.04538,0.10180,0,1,1.000,0.343,running
59.990,1,1231,-0.10473,-0.03334,-0.1376,-0.0712,-0.07465,0.03206,0.10461,0,1,1.000,0.316,running
60.033,1,1232,-0.10580,-0.03301,-0.0591,0.0183,-0.08743,0.04945,0.10548,0,1,1.000,0.339,running
60.076,1,1233,-0.10711,-0.03090,-0.0719,0.1161,-0.07576,0.06721,0.10594,0,1,1.000,0.158,running
60.121,1,1234,-0.10778,-0.02844,-0.0368,0.1353,-0.06212,0.07849,0.10574,0,1,1.000,-0.048,running
60.164,1,1235,-0.10815,-0.02563,-0.0203,0.1542,-0.02788,0.07665,0.10521,0,1,1.000,-0.098,running
60.210,1,1236,-0.10781,-0.02257,0.0183,0.1682,0.01222,0.07051,0.10401,0,1,1.000,-0.150,running
60.252,1,1237,-0.10762,-0.01995,0.0104,0.1441,0.04270,0.07603,0.10314,0,1,1.000,-0.193,running
60.296,1,1238,-0.10693,-0.01808,0.0384,0.1028,0.06422,0.07392,0.10201,0,1,1.000,-0.158,running
60.345,1,1239,-0.10596,-0.01740,0.0531,0.0376,0.06817,0.07302,0.10091,0,1,1.000,-0.085,running
60.385,1,1240,-0.10475,-0.01778,0.0664,-0.0212,0.05323,0.07276,0.09983,0,1,1.000,0.042,running
60.466,1,1241,-0.10331,-0.01883,0.0791,-0.0575,0.02427,0.07288,0.09869,0,1,1.000,0.161,running
60.517,1,1242,-0.09984,-0.02262,0.1910,-0.2085,-0.04721,0.07164,0.09639,0,1,1.000,0.239,running
60.579,1,1243,-0.09747,-0.02455,0.1305,-0.1061,-0.05535,0.07215,0.09473,0,1,0.078,0.560,running
60.649,1,1244,-0.09260,-0.02598,0.2676,-0.0788,-0.10808,0.05984,0.09063,0,1,0.187,0.365,running
60.693,1,1245,-0.09020,-0.02561,0.1324,0.0206,-0.09306,0.03685,0.08825,0,1,-0.111,0.318,running
60.738,1,1246,-0.08757,-0.02452,0.1444,0.0600,-0.06047,-0.00564,0.08541,0,1,0.131,0.113,running
60.781,1,1247,-0.08586,-0.02286,0.0943,0.0913,-0.05049,-0.04781,0.08322,0,1,0.065,0.015,running
60.824,1,1248,-0.08601,-0.02044,-0.0083,0.1333,-0.01124,-0.06733,0.08255,0,1,0.150,-0.073,running
60.868,1,1249,-0.08702,-0.01930,-0.0556,0.0623,0.03269,-0.05454,0.08316,0,1,0.381,-0.184,running
60.914,1,1250,-0.08885,-0.01804,-0.1007,0.0697,0.06319,-0.02551,0.08454,0,1,0.496,-0.024,running
60.958,1,1251,-0.09124,-0.01832,-0.1318,-0.0156,0.07955,0.02274,0.08692,0,1,0.606,-0.041,running
61.003,1,1252,-0.09459,-0.01925,-0.1842,-0.0513,0.05557,0.07662,0.09039,0,1,0.684,0.151,running
61.044,1,1253,-0.09753,-0.02135,-0.1615,-0.1155,0.01179,0.10928,0.09381,0,1,0.800,0.229,running
61.125,1,1254,-0.10008,-0.02351,-0.1405,-0.1186,-0.01581,0.09703,0.09689,0,1,0.772,0.368,running
61.177,1,1255,-0.10364,-0.02822,-0.1953,-0.2590,-0.08508,0.05036,0.10176,0,1,1.000,0.385,running
61.239,1,1256,-0.10454,-0.02942,-0.0496,-0.0658,-0.08956,0.04379,0.10302,0,1,1.000,0.689,running
61.269,1,1257,-0.10499,-0.02963,-0.0249,-0.0120,-0.08342,0.05358,0.10352,0,1,1.000,0.309,running
61.309,1,1258,-0.10682,-0.02819,-0.1008,0.0796,-0.10356,0.06717,0.10476,0,1,1.000,0.202,running
61.351,1,1259,-0.10686,-0.02650,-0.0019,0.0928,-0.08938,0.07083,0.10425,0,1,1.000,0.012,running
61.397,1,1260,-0.10726,-0.02371,-0.0220,0.1532,-0.03469,0.06984,0.10380,0,1,1.000,-0.023,running
61.440,1,1261,-0.10744,-0.02097,-0.0099,0.1506,0.00670,0.06812,0.10322,0,1,1.000,-0.158,running
61.484,1,1262,-0.10713,-0.01890,0.0167,0.1142,0.02914,0.07187,0.10241,0,1,1.000,-0.166,running
61.530,1,1263,-0.10642,-0.01715,0.0392,0.0960,0.05853,0.06963,0.10130,0,1,1.000,-0.104,running
61.572,1,1264,-0.10548,-0.01656,0.0515,0.0327,0.06863,0.07103,0.10026,0,1,1.000,-0.076,running
61.663,1,1265,-0.10453,-0.01789,0.0526,-0.0730,0.01974,0.06813,0.09963,0,1,1.000,0.047,running
61.705,1,1266,-0.10349,-0.01939,0.0568,-0.0829,0.01441,0.06955,0.09901,0,1,1.000,0.265,running
61.753,1,1267,-0.10194,-0.02082,0.0856,-0.0784,-0.00210,0.07245,0.09788,0,1,1.000,0.293,running
61.822,1,1268,-0.09997,-0.02301,0.1083,-0.1204,-0.05547,0.06848,0.09663,0,1,1.000,0.291,running
61.885,1,1269,-0.09521,-0.02586,0.2617,-0.1571,-0.07710,0.06622,0.09304,0,1,0.244,0.386,running
61.929,1,1270,-0.09291,-0.02579,0.1263,0.0041,-0.08339,0.06556,0.09086,0,1,-0.086,0.474,running
61.968,1,1271,-0.09014,-0.02468,0.1526,0.0608,-0.08067,0.05431,0.08787,0,1,0.173,0.151,running
62.014,1,1272,-0.08792,-0.02353,0.1218,0.0633,-0.06984,0.02671,0.08539,0,1,0.085,0.023,running
62.057,1,1273,-0.08544,-0.02182,0.1364,0.0944,-0.04429,-0.01551,0.08248,0,1,0.116,0.003,running
62.100,1,1274,-0.08410,-0.02012,0.0739,0.0935,0.00423,-0.05225,0.08065,0,1,0.045,-0.089,running
62.145,1,1275,-0.08441,-0.01869,-0.0168,0.0787,0.03721,-0.06923,0.08048,0,1,0.170,-0.104,running
62.191,1,1276,-0.08552,-0.01795,-0.0615,0.0405,0.06228,-0.05893,0.08133,0,1,0.386,-0.076,running
62.232,1,1277,-0.08749,-0.01812,-0.1080,-0.0097,0.07002,-0.03134,0.08326,0,1,0.499,0.014,running
62.277,1,1278,-0.09002,-0.01959,-0.1394,-0.0803,0.04495,0.01574,0.08611,0,1,0.617,0.134,running
62.323,1,1279,-0.09320,-0.02199,-0.1751,-0.1324,0.01676,0.06894,0.08988,0,1,0.696,0.296,running
62.366,1,1280,-0.09698,-0.02421,-0.2077,-0.1220,-0.02412,0.10321,0.09416,0,1,0.778,0.405,running
62.439,1,1281,-0.09985,-0.02707,-0.1578,-0.1572,-0.05601,0.09917,0.09781,0,1,0.800,0.395,running
62.473,1,1282,-0.10194,-0.02882,-0.1151,-0.0963,-0.08159,0.07570,0.10038,0,1,0.776,0.480,running
62.543,1,1283,-0.10548,-0.02988,-0.1946,-0.0583,-0.08232,0.05030,0.10406,0,1,1.000,0.367,running
62.588,1,1284,-0.10658,-0.02890,-0.0604,0.0540,-0.07548,0.05503,0.10476,0,1,1.000,0.296,running
62.629,1,1285,-0.10752,-0.02723,-0.0516,0.0916,-0.05581,0.05894,0.10511,0,1,1.000,0.067,running
62.673,1,1286,-0.10829,-0.02449,-0.0423,0.1511,-0.02871,0.06645,0.10501,0,1,1.000,-0.017,running
62.717,1,1287,-0.10814,-0.02255,0.0079,0.1067,0.01113,0.06786,0.10432,0,1,1.000,-0.150,running
62.762,1,1288,-0.10855,-0.02073,-0.0224,0.1000,0.05243,0.06871,0.10424,0,1,1.000,-0.071,running
62.804,1,1289,-0.10814,-0.01929,0.0224,0.0792,0.07870,0.07097,0.10348,0,1,1.000,-0.066,running
62.847,1,1290,-0.10785,-0.01978,0.0163,-0.0272,0.06303,0.06918,0.10331,0,1,1.000,-0.032,running
62.892,1,1291,-0.10762,-0.02074,0.0125,-0.0530,0.04076,0.07260,0.10334,0,1,1.000,0.183,running
62.939,1,1292,-0.10687,-0.02248,0.0413,-0.0953,0.00664,0.06991,0.10308,0,1,1.000,0.240,running
62.983,1,1293,-0.10634,-0.02423,0.0289,-0.0963,-0.03293,0.06823,0.10307,0,1,1.000,0.333,running
63.024,1,1294,-0.10538,-0.02603,0.0530,-0.0991,-0.06133,0.06672,0.10270,0,1,1.000,0.344,running
63.076,1,1295,-0.10402,-0.02706,0.0745,-0.0564,-0.08400,0.06578,0.10174,0,1,1.000,0.358,running
63.125,1,1296,-0.10260,-0.02695,0.0782,0.0056,-0.08588,0.06627,0.10036,0,1,1.000,0.278,running
63.186,1,1297,-0.10029,-0.02618,0.1272,0.0424,-0.06731,0.06394,0.09793,0,1,1.000,0.154,running
63.245,1,1298,-0.09583,-0.02412,0.2450,0.1136,-0.01375,0.06610,0.09304,0,1,1.000,0.076,running
63.288,1,1299,-0.09364,-0.02276,0.1206,0.0746,0.01325,0.06765,0.09053,0,1,-0.050,-0.077,running
63.333,1,1300,-0.09118,-0.02204,0.1353,0.0398,0.03388,0.06975,0.08797,0,1,0.188,-0.005,running
63.375,1,1301,-0.08806,-0.02234,0.1718,-0.0169,0.04855,0.06121,0.08511,0,1,0.127,0.055,running
63.420,1,1302,-0.08524,-0.02355,0.1547,-0.0665,0.04057,0.02652,0.08289,0,1,0.004,0.172,running
63.464,1,1303,-0.08337,-0.02505,0.1030,-0.0821,0.01708,-0.03051,0.08170,0,1,0.006,0.289,running
63.508,1,1304,-0.08189,-0.02659,0.0812,-0.0850,-0.01724,-0.08816,0.08095,0,1,0.106,0.334,running
63.554,1,1305,-0.08242,-0.02835,-0.0291,-0.0965,-0.05176,-0.11712,0.08215,0,1,0.145,0.349,running
63.600,1,1306,-0.08407,-0.02939,-0.0903,-0.0575,-0.08174,-0.10208,0.08408,0,1,0.411,0.382,running
63.715,1,1307,-0.09195,-0.02943,-0.4336,-0.0023,-0.08056,0.01083,0.09130,0,1,0.561,0.295,running
63.773,1,1308,-0.10230,-0.02530,-0.5691,0.2271,-0.06044,0.05689,0.09955,0,1,0.800,0.182,running
63.828,1,1309,-0.10735,-0.02243,-0.2782,0.1582,-0.03161,0.05445,0.10353,0,1,1.000,-0.298,running
63.862,1,1310,-0.11197,-0.01949,-0.2541,0.1618,-0.01293,0.06370,0.10725,0,1,1.000,-0.174,running
63.904,1,1311,-0.11615,-0.01682,-0.2295,0.1468,0.01094,0.07291,0.11072,0,1,1.000,-0.196,running
63.948,1,1312,-0.12020,-0.01464,-0.2230,0.1200,0.03448,0.07495,0.11428,0,1,1.000,-0.179,running
63.993,1,1313,-0.12374,-0.01285,-0.1946,0.0983,0.04695,0.07058,0.11746,0,1,1.000,-0.137,running
64.037,1,1314,-0.12700,-0.01232,-0.1796,0.0289,0.04661,0.07058,0.12060,0,1,1.000,-0.102,running
64.081,1,1315,-0.12976,-0.01241,-0.1516,-0.0045,0.03428,0.07304,0.12334,0,1,1.000,0.034,running
64.124,1,1316,-0.13163,-0.01326,-0.1029,-0.0472,0.01192,0.07004,0.12532,0,1,1.000,0.101,running
64.168,1,1317,-0.13461,-0.01411,-0.1641,-0.0469,-0.02150,0.07103,0.12840,0,1,1.000,0.191,running
64.214,1,1318,-0.13636,-0.01527,-0.0961,-0.0635,-0.05904,0.07046,0.13031,0,1,1.000,0.194,running
64.258,1,1319,-0.13761,-0.01572,-0.0688,-0.0248,-0.07411,0.06524,0.13162,0,1,1.000,0.233,running
64.302,1,1320,-0.13854,-0.01607,-0.0508,-0.0192,-0.06953,0.06586,0.13259,0,1,1.000,0.158,running
64.375,1,1321,-0.13916,-0.01617,-0.0344,-0.0057,-0.05475,0.07071,0.13322,0,1,1.000,0.149,running
64.434,1,1322,-0.13982,-0.01552,-0.0362,0.0356,0.01082,0.06929,0.13376,0,1,1.000,0.122,running
64.489,1,1323,-0.13994,-0.01484,-0.0065,0.0374,0.02145,0.07065,0.13377,0,1,1.000,0.036,running
64.564,1,1324,-0.13872,-0.01647,0.0671,-0.0895,0.03595,0.07307,0.13283,0,1,1.000,0.029,running
64.608,1,1325,-0.13864,-0.01746,0.0043,-0.0544,0.02817,0.07043,0.13293,0,1,1.000,0.291,running
64.653,1,1326,-0.13769,-0.01913,0.0523,-0.0919,0.02138,0.06988,0.13230,0,1,1.000,0.226,running
64.696,1,1327,-0.13609,-0.02130,0.0879,-0.1191,-0.00359,0.07196,0.13116,0,1,1.000,0.310,running
64.739,1,1328,-0.13497,-0.02347,0.0616,-0.1197,-0.03916,0.07190,0.13054,0,1,1.000,0.375,running
64.783,1,1329,-0.13303,-0.02500,0.1066,-0.0838,-0.06268,0.06805,0.12901,0,1,1.000,0.387,running
64.829,1,1330,-0.13091,-0.02572,0.1168,-0.0396,-0.08406,0.06731,0.12713,0,1,1.000,0.323,running
64.883,1,1331,-0.12845,-0.02576,0.1353,-0.0022,-0.08053,0.06791,0.12476,0,1,1.000,0.238,running
64.919,1,1332,-0.12574,-0.02467,0.1490,0.0598,-0.05746,0.07060,0.12186,0,1,1.000,0.163,running
64.962,1,1333,-0.12294,-0.02276,0.1537,0.1053,-0.02613,0.06900,0.11868,0,1,1.000,0.034,running
65.037,1,1334,-0.12015,-0.02112,0.1535,0.0902,0.00342,0.07203,0.11558,0,1,1.000,-0.067,running
65.093,1,1335,-0.11353,-0.01911,0.3645,0.1106,0.07451,0.07325,0.10867,0,1,1.000,-0.045,running
65.148,1,1336,-0.10981,-0.01948,0.2045,-0.0206,0.06456,0.07142,0.10514,0,1,1.000,-0.096,running
65.224,1,1337,-0.10124,-0.02339,0.4711,-0.2151,0.04274,0.07461,0.09795,0,1,1.000,0.169,running
65.268,1,1338,-0.09672,-0.02686,0.2487,-0.1908,0.01048,0.07262,0.09480,0,1,1.000,0.577,running
65.312,1,1339,-0.09180,-0.03064,0.2706,-0.2079,-0.00873,0.07071,0.09164,0,1,-0.053,0.546,running
65.356,1,1340,-0.08680,-0.03432,0.2747,-0.2025,-0.01975,0.06865,0.08870,0,1,-0.121,0.599,running
65.400,1,1341,-0.08168,-0.03722,0.2818,-0.1594,-0.06007,0.05834,0.08559,0,1,-0.174,0.614,running
65.445,1,1342,-0.07603,-0.03978,0.3105,-0.1405,-0.09525,0.02524,0.08217,0,1,-0.260,0.554,running
65.488,1,1343,-0.07085,-0.04162,0.2849,-0.1012,-0.10164,-0.02942,0.07901,0,1,-0.404,0.536,running
65.540,1,1344,-0.06696,-0.04197,0.2141,-0.0193,-0.08714,-0.09751,0.07616,0,1,-0.414,0.459,running
65.578,1,1345,-0.06533,-0.04145,0.0895,0.0283,-0.06486,-0.14981,0.07458,0,1,-0.292,0.256,running
65.623,1,1346,-0.06547,-0.04063,-0.0074,0.0454,-0.02916,-0.13573,0.07416,0,1,0.009,0.127,running
65.717,1,1347,-0.07203,-0.03855,-0.3608,0.1142,0.03865,-0.08484,0.07817,0,1,0.262,0.077,running
65.779,1,1348,-0.07762,-0.03832,-0.3074,0.0126,0.04271,-0.04853,0.08270,0,1,0.800,-0.086,running
65.844,1,1349,-0.09175,-0.03943,-0.7770,-0.0610,0.04525,0.01308,0.09545,0,1,0.800,0.177,running
65.885,1,1350,-0.09953,-0.04041,-0.4283,-0.0540,0.03620,0.04518,0.10281,0,1,0.800,0.349,running
65.930,1,1351,-0.10649,-0.04209,-0.3826,-0.0921,0.01042,0.06879,0.10978,0,1,0.800,0.340,running
65.972,1,1352,-0.11373,-0.04330,-0.3983,-0.0669,-0.01123,0.08794,0.11684,0,1,1.000,0.425,running
66.017,1,1353,-0.11978,-0.04366,-0.3326,-0.0198,-0.05543,0.08238,0.12250,0,1,1.000,0.380,running
66.062,1,1354,-0.12485,-0.04297,-0.2786,0.0382,-0.09196,0.07252,0.12688,0,1,1.000,0.288,running
66.104,1,1355,-0.12881,-0.04103,-0.2179,0.1068,-0.09074,0.07024,0.12983,0,1,1.000,0.168,running
66.149,1,1356,-0.13216,-0.03768,-0.1842,0.1840,-0.06654,0.07173,0.13181,0,1,1.000,0.021,running
66.194,1,1357,-0.13593,-0.03290,-0.2075,0.2633,-0.03458,0.07403,0.13390,0,1,1.000,-0.150,running
66.242,1,1358,-0.13819,-0.02736,-0.1240,0.3043,0.00359,0.07539,0.13459,0,1,1.000,-0.332,running
66.283,1,1359,-0.14063,-0.02218,-0.1343,0.2849,0.03680,0.07540,0.13578,0,1,1.000,-0.442,running
66.342,1,1360,-0.13980,-0.01834,0.0457,0.2114,0.06279,0.07498,0.13422,0,1,1.000,-0.429,running
66.382,1,1361,-0.13869,-0.01519,0.0609,0.1731,0.09717,0.07484,0.13259,0,1,1.000,-0.301,running
66.418,1,1362,-0.13681,-0.01353,0.1032,0.0912,0.09717,0.07484,0.13048,0,1,1.000,-0.240,running
66.456,1,1363,-0.13518,-0.01343,0.0897,0.0057,0.07393,0.07315,0.12886,0,1,1.000,-0.085,running
66.503,1,1364,-0.13317,-0.01433,0.1107,-0.0497,0.03637,0.07658,0.12701,0,1,1.000,0.086,running
66.546,1,1365,-0.13103,-0.01601,0.1178,-0.0921,-0.01151,0.07630,0.12518,0,1,1.000,0.201,running
66.588,1,1366,-0.12863,-0.01726,0.1317,-0.0686,-0.04563,0.07412,0.12305,0,1,1.000,0.294,running
66.632,1,1367,-0.12588,-0.01889,0.1515,-0.0899,-0.06943,0.07209,0.12067,0,1,1.000,0.253,running
66.677,1,1368,-0.12302,-0.01986,0.1572,-0.0531,-0.08704,0.07386,0.11809,0,1,1.000,0.304,running
66.722,1,1369,-0.11962,-0.01980,0.1873,0.0033,-0.07227,0.07094,0.11475,0,1,1.000,0.235,running
66.765,1,1370,-0.11635,-0.01913,0.1797,0.0369,-0.04667,0.07183,0.11142,0,1,1.000,0.122,running
66.810,1,1371,-0.11233,-0.01821,0.2211,0.0504,-0.02069,0.07263,0.10730,0,1,1.000,0.052,running
66.858,1,1372,-0.10800,-0.01733,0.2379,0.0485,0.01840,0.07418,0.10288,0,1,1.000,0.020,running
66.901,1,1373,-0.10411,-0.01724,0.2143,0.0050,0.05162,0.07608,0.09907,0,1,1.000,0.020,running
66.943,1,1374,-0.09964,-0.01755,0.2457,-0.0172,0.05603,0.07595,0.09481,0,1,1.000,0.106,running
66.996,1,1375,-0.09452,-0.01922,0.2818,-0.0917,0.04381,0.07876,0.09031,0,1,-0.032,0.152,running
67.046,1,1376,-0.08931,-0.02112,0.2863,-0.1046,0.01789,0.07403,0.08590,0,1,-0.130,0.310,running
67.110,1,1377,-0.08372,-0.02392,0.3077,-0.1541,-0.02713,0.06692,0.08160,0,1,-0.229,0.356,running
67.163,1,1378,-0.07337,-0.02899,0.5689,-0.2785,-0.06647,-0.02348,0.07432,0,1,-0.371,0.497,running
67.204,1,1379,-0.06939,-0.03081,0.2190,-0.1003,-0.08886,-0.07723,0.07175,0,1,-0.800,0.800,running
67.248,1,1380,-0.06734,-0.03212,0.1127,-0.0722,-0.09618,-0.11318,0.07070,0,1,-0.346,0.424,running
67.291,1,1381,-0.06649,-0.03180,0.0470,0.0177,-0.10046,-0.12171,0.06981,0,1,-0.072,0.354,running
67.336,1,1382,-0.06824,-0.03040,-0.0962,0.0771,-0.09276,-0.11605,0.07055,0,1,0.102,0.101,running
67.381,1,1383,-0.07096,-0.02841,-0.1498,0.1092,-0.07371,-0.09166,0.07193,0,1,0.511,-0.068,running
67.424,1,1384,-0.07583,-0.02604,-0.2680,0.1303,-0.02830,-0.03387,0.07520,0,1,0.667,-0.156,running
67.470,1,1385,-0.08142,-0.02317,-0.3072,0.1583,0.00511,0.03943,0.07918,0,1,0.800,-0.201,running
67.516,1,1386,-0.08737,-0.02092,-0.3275,0.1235,0.03335,0.09806,0.08400,0,1,0.800,-0.255,running
67.559,1,1387,-0.09309,-0.01938,-0.3146,0.0846,0.06121,0.11780,0.08899,0,1,0.800,-0.150,running
67.638,1,1388,-0.09844,-0.01842,-0.2940,0.0529,0.07373,0.09019,0.09387,0,1,0.800,-0.047,running
67.692,1,1389,-0.10677,-0.01969,-0.4584,-0.0696,0.02508,0.04085,0.10225,0,1,0.800,0.016,running
67.752,1,1390,-0.11037,-0.02172,-0.1980,-0.1117,0.01759,0.03477,0.10625,0,1,1.000,0.268,running
67.781,1,1391,-0.11449,-0.02370,-0.2266,-0.1090,0.00039,0.03547,0.11075,0,1,1.000,0.362,running
67.821,1,1392,-0.11893,-0.02592,-0.2440,-0.1224,-0.04786,0.04135,0.11562,0,1,1.000,0.366,running
67.866,1,1393,-0.12285,-0.02700,-0.2158,-0.0592,-0.07825,0.05744,0.11969,0,1,1.000,0.404,running
67.908,1,1394,-0.12604,-0.02761,-0.1751,-0.0336,-0.09367,0.07107,0.12292,0,1,1.000,0.283,running
67.952,1,1395,-0.12970,-0.02708,-0.2013,0.0290,-0.09323,0.07303,0.12631,0,1,1.000,0.235,running
67.996,1,1396,-0.13299,-0.02572,-0.1813,0.0748,-0.06440,0.06812,0.12915,0,1,1.000,0.107,running
68.039,1,1397,-0.13552,-0.02320,-0.1389,0.1388,-0.02238,0.06660,0.13101,0,1,1.000,0.009,running
68.084,1,1398,-0.13770,-0.02120,-0.1199,0.1099,0.01136,0.06942,0.13272,0,1,1.000,-0.132,running
68.132,1,1399,-0.14029,-0.01910,-0.1422,0.1156,0.04170,0.07396,0.13484,0,1,1.000,-0.084,running
68.176,1,1400,-0.14018,-0.01871,0.0057,0.0213,0.07190,0.07224,0.13467,0,1,1.000,-0.106,running
68.219,1,1401,-0.13938,-0.01888,0.0441,-0.0090,0.06170,0.07204,0.13391,0,1,1.000,0.081,running
68.291,1,1402,-0.13769,-0.01957,0.0930,-0.0383,0.04547,0.07131,0.13238,0,1,1.000,0.142,running
68.350,1,1403,-0.13501,-0.02227,0.1472,-0.1484,-0.02179,0.06852,0.13032,0,1,1.000,0.204,running
68.406,1,1404,-0.13349,-0.02408,0.0838,-0.0996,-0.03322,0.06903,0.12924,0,1,1.000,0.438,running
68.439,1,1405,-0.13126,-0.02588,0.1229,-0.0986,-0.04452,0.07036,0.12750,0,1,1.000,0.350,running
68.480,1,1406,-0.12826,-0.02660,0.1649,-0.0399,-0.07873,0.06685,0.12479,0,1,1.000,0.357,running
68.527,1,1407,-0.12599,-0.02655,0.1248,0.0030,-0.08445,0.06808,0.12259,0,1,1.000,0.243,running
68.571,1,1408,-0.12335,-0.02594,0.1449,0.0333,-0.05767,0.07001,0.11989,0,1,1.000,0.157,running
68.612,1,1409,-0.12033,-0.02423,0.1663,0.0942,-0.03817,0.07025,0.11652,0,1,1.000,0.093,running
68.657,1,1410,-0.11699,-0.02258,0.1839,0.0906,-0.00369,0.07286,0.11286,0,1,1.000,-0.037,running
68.700,1,1411,-0.11333,-0.02141,0.2010,0.0647,0.04078,0.07357,0.10903,0,1,1.000,-0.038,running
68.745,1,1412,-0.10989,-0.02118,0.1893,0.0122,0.06651,0.07222,0.10565,0,1,1.000,0.008,running
68.795,1,1413,-0.10562,-0.02133,0.2348,-0.0082,0.06575,0.07137,0.10157,0,1,1.000,0.112,running
68.834,1,1414,-0.10098,-0.02305,0.2552,-0.0946,0.04182,0.07374,0.09760,0,1,1.000,0.153,running
68.882,1,1415,-0.09672,-0.02502,0.2342,-0.1080,0.01132,0.07129,0.09418,0,1,1.000,0.334,running
68.939,1,1416,-0.09169,-0.02761,0.2770,-0.1426,-0.02048,0.06970,0.09037,0,1,-0.024,0.371,running
68.989,1,1417,-0.08691,-0.03043,0.2625,-0.1553,-0.05750,0.07133,0.08710,0,1,-0.135,0.453,running
69.026,1,1418,-0.08147,-0.03245,0.2993,-0.1112,-0.08319,0.06253,0.08310,0,1,-0.171,0.506,running
69.098,1,1419,-0.07058,-0.03399,0.5991,-0.0846,-0.09510,-0.00058,0.07444,0,1,-0.338,0.432,running
69.141,1,1420,-0.06601,-0.03362,0.2514,0.0205,-0.07975,-0.05830,0.07041,0,1,-0.800,0.391,running
69.185,1,1421,-0.06360,-0.03228,0.1325,0.0736,-0.05711,-0.11931,0.06767,0,1,-0.466,0.102,running
69.229,1,1422,-0.06281,-0.03075,0.0433,0.0845,-0.03719,-0.14301,0.06616,0,1,-0.167,-0.064,running
69.275,1,1423,-0.06430,-0.02926,-0.0817,0.0818,0.00524,-0.12726,0.06660,0,1,0.082,-0.110,running
69.316,1,1424,-0.06677,-0.02799,-0.1360,0.0695,0.04396,-0.08460,0.06807,0,1,0.456,-0.105,running
69.361,1,1425,-0.07134,-0.02739,-0.2514,0.0335,0.06459,-0.02533,0.07178,0,1,0.621,-0.067,running
69.403,1,1426,-0.07692,-0.02779,-0.3066,-0.0225,0.06242,0.03393,0.07694,0,1,0.800,0.045,running
69.453,1,1427,-0.08285,-0.02938,-0.3262,-0.0870,0.03878,0.08012,0.08297,0,1,0.800,0.204,running
69.494,1,1428,-0.08853,-0.03145,-0.3128,-0.1141,0.00722,0.10572,0.08900,0,1,0.800,0.363,running
69.571,1,1429,-0.09363,-0.03392,-0.2804,-0.1358,-0.03250,0.09480,0.09466,0,1,0.800,0.418,running
69.624,1,1430,-0.10175,-0.03689,-0.4465,-0.1632,-0.08607,0.05370,0.10328,0,1,0.800,0.471,running
69.684,1,1431,-0.10495,-0.03656,-0.1759,0.0182,-0.09251,0.04678,0.10606,0,1,1.000,0.541,running
69.757,1,1432,-0.11123,-0.03272,-0.3457,0.2112,-0.08347,0.05288,0.11044,0,1,1.000,0.176,running
69.800,1,1433,-0.11420,-0.02911,-0.1631,0.1984,-0.08445,0.06808,0.11204,0,1,1.000,-0.229,running
69.845,1,1434,-0.11639,-0.02452,-0.1204,0.2522,-0.05956,0.07066,0.11280,0,1,1.000,-0.221,running
69.889,1,1435,-0.11830,-0.01986,-0.1054,0.2566,-0.00835,0.06690,0.11349,0,1,1.000,-0.352,running
69.935,1,1436,-0.11983,-0.01505,-0.0840,0.2643,0.03043,0.06963,0.11399,0,1,1.000,-0.384,running
69.976,1,1437,-0.12099,-0.01167,-0.0639,0.1862,0.04955,0.07023,0.11456,0,1,1.000,-0.423,running
70.021,1,1438,-0.12188,-0.00862,-0.0490,0.1676,0.08227,0.07312,0.11502,0,1,1.000,-0.284,running
70.067,1,1439,-0.12287,-0.00700,-0.0544,0.0888,0.08441,0.07047,0.11580,0,1,1.000,-0.262,running
70.112,1,1440,-0.12327,-0.00692,-0.0218,0.0045,0.05541,0.06893,0.11619,0,1,1.000,-0.113,running
70.157,1,1441,-0.12320,-0.00721,0.0040,-0.0159,0.02612,0.07054,0.11615,0,1,1.000,0.056,running
70.196,1,1442,-0.12301,-0.00835,0.0104,-0.0627,-0.01539,0.07025,0.11610,0,1,1.000,0.098,running
70.263,1,1443,-0.12204,-0.00921,0.0531,-0.0474,-0.04519,0.07006,0.11525,0,1,1.000,0.197,running
70.310,1,1444,-0.12089,-0.01026,0.0633,-0.0578,-0.06612,0.06494,0.11425,0,1,1.000,0.171,running
70.351,1,1445,-0.11989,-0.01039,0.0551,-0.0070,-0.07344,0.06505,0.11328,0,1,1.000,0.197,running
70.420,1,1446,-0.11718,-0.00988,0.1488,0.0279,-0.04957,0.06902,0.11053,0,1,1.000,0.096,running
70.460,1,1447,-0.11549,-0.00856,0.0930,0.0729,-0.01919,0.06686,0.10867,0,1,1.000,0.024,running
70.504,1,1448,-0.11371,-0.00806,0.0979,0.0276,0.01073,0.06756,0.10684,0,1,1.000,-0.073,running
70.549,1,1449,-0.11214,-0.00774,0.0866,0.0172,0.02943,0.07106,0.10524,0,1,1.000,0.015,running
70.594,1,1450,-0.11010,-0.00808,0.1118,-0.0185,0.05747,0.06790,0.10327,0,1,1.000,0.034,running
70.637,1,1451,-0.10792,-0.00959,0.1202,-0.0829,0.04284,0.07175,0.10132,0,1,1.000,0.107,running
70.680,1,1452,-0.10544,-0.01177,0.1361,-0.1199,0.01272,0.07044,0.09925,0,1,1.000,0.244,running
70.726,1,1453,-0.10304,-0.01473,0.1324,-0.1629,-0.00997,0.06832,0.09747,0,1,1.000,0.329,running
70.771,1,1454,-0.09991,-0.01760,0.1719,-0.1579,-0.04878,0.06903,0.09509,0,1,1.000,0.429,running
70.817,1,1455,-0.09734,-0.02005,0.1411,-0.1347,-0.08349,0.06719,0.09326,0,1,0.117,0.434,running
70.860,1,1456,-0.09401,-0.02205,0.1834,-0.1099,-0.09440,0.06659,0.09066,0,1,0.166,0.400,running
70.926,1,1457,-0.09043,-0.02319,0.1971,-0.0631,-0.08781,0.06174,0.08763,0,1,0.064,0.360,running
70.975,1,1458,-0.08748,-0.02359,0.1618,-0.0220,-0.06682,0.02937,0.08500,0,1,-0.010,0.275,running
71.036,1,1459,-0.08293,-0.02317,0.2504,0.0232,-0.01298,-0.06712,0.08060,0,1,0.022,0.189,running
71.077,1,1460,-0.08228,-0.02288,0.0355,0.0162,0.01428,-0.09976,0.07989,0,1,-0.255,0.077,running
71.120,1,1461,-0.08384,-0.02369,-0.0856,-0.0445,0.04842,-0.10546,0.08163,0,1,0.249,0.091,running
71.165,1,1462,-0.08707,-0.02476,-0.1778,-0.0590,0.05127,-0.09598,0.08503,0,1,0.548,0.240,running
71.208,1,1463,-0.09151,-0.02613,-0.2442,-0.0754,0.03621,-0.07904,0.08967,0,1,0.768,0.276,running
71.254,1,1464,-0.09759,-0.02817,-0.3340,-0.1121,0.00754,-0.03411,0.09607,0,1,0.800,0.312,running
71.296,1,1465,-0.10443,-0.03057,-0.3764,-0.1319,-0.03775,0.02113,0.10332,0,1,0.800,0.395,running
71.340,1,1466,-0.11145,-0.03291,-0.3861,-0.1289,-0.07036,0.07840,0.11071,0,1,1.000,0.447,running
71.385,1,1467,-0.11842,-0.03398,-0.3831,-0.0589,-0.08892,0.11009,0.11762,0,1,1.000,0.452,running
71.431,1,1468,-0.12460,-0.03428,-0.3401,-0.0163,-0.09753,0.09498,0.12355,0,1,1.000,0.318,running
71.474,1,1469,-0.13007,-0.03232,-0.3008,0.1077,-0.07889,0.06727,0.12813,0,1,1.000,0.234,running
71.518,1,1470,-0.13500,-0.02940,-0.2713,0.1603,-0.05185,0.05311,0.13204,0,1,1.000,-0.024,running
71.570,1,1471,-0.13967,-0.02524,-0.2566,0.2288,-0.01652,0.06043,0.13552,0,1,1.000,-0.143,running
71.618,1,1472,-0.13919,-0.02241,0.0261,0.1556,0.02315,0.06524,0.13443,0,1,1.000,-0.301,running
71.676,1,1473,-0.13713,-0.01982,0.1135,0.1430,0.05377,0.06704,0.13188,0,1,1.000,-0.169,running
71.740,1,1474,-0.13295,-0.01773,0.2299,0.1148,0.07625,0.06948,0.12738,0,1,1.000,-0.157,running
71.827,1,1475,-0.12733,-0.01974,0.3089,-0.1105,0.04485,0.06765,0.12227,0,1,1.000,-0.111,running
71.871,1,1476,-0.12453,-0.02205,0.1542,-0.1274,0.04782,0.06803,0.12005,0,1,1.000,0.350,running
71.913,1,1477,-0.12109,-0.02499,0.1893,-0.1614,0.01946,0.06599,0.11745,0,1,1.000,0.395,running
71.957,1,1478,-0.11745,-0.02780,0.2000,-0.1548,-0.03235,0.06800,0.11474,0,1,1.000,0.478,running
72.001,1,1479,-0.11401,-0.03014,0.1893,-0.1286,-0.06567,0.06364,0.11219,0,1,1.000,0.479,running
72.046,1,1480,-0.11000,-0.03212,0.2205,-0.1087,-0.08607,0.06556,0.10907,0,1,1.000,0.438,running
72.092,1,1481,-0.10557,-0.03284,0.2433,-0.0398,-0.09091,0.06709,0.10521,0,1,1.000,0.408,running
72.136,1,1482,-0.10123,-0.03249,0.2390,0.0193,-0.07602,0.06498,0.10105,0,1,1.000,0.274,running
72.178,1,1483,-0.09663,-0.03119,0.2530,0.0714,-0.04830,0.06730,0.09630,0,1,1.000,0.154,running
72.230,1,1484,-0.09164,-0.02918,0.2745,0.1105,-0.01374,0.06719,0.09092,0,1,-0.062,0.043,running
72.266,1,1485,-0.08604,-0.02729,0.3081,0.1042,0.02559,0.06806,0.08503,0,1,-0.130,-0.045,running
72.308,1,1486,-0.08100,-0.02640,0.2771,0.0489,0.05616,0.06180,0.08005,0,1,-0.306,-0.071,running
72.360,1,1487,-0.07590,-0.02594,0.2807,0.0255,0.06681,0.03294,0.07521,0,1,-0.335,0.029,running
72.410,1,1488,-0.07118,-0.02698,0.2593,-0.0573,0.06009,-0.01992,0.07145,0,1,-0.437,0.070,running
72.475,1,1489,-0.06751,-0.02874,0.2022,-0.0970,0.03747,-0.08431,0.06908,0,1,-0.453,0.291,running
72.540,1,1490,-0.06587,-0.03401,0.0902,-0.2897,-0.02339,-0.13682,0.07051,0,1,-0.338,0.413,running
72.603,1,1491,-0.06822,-0.03678,-0.1293,-0.1522,-0.04496,-0.12756,0.07403,0,1,-0.017,0.800,running
72.662,1,1492,-0.07926,-0.04077,-0.6074,-0.2196,-0.09080,-0.11568,0.08540,0,1,0.595,0.581,running
72.710,1,1493,-0.08787,-0.04079,-0.4736,-0.0009,-0.09052,-0.07939,0.09274,0,1,0.800,0.703,running
72.753,1,1494,-0.09687,-0.04034,-0.4951,0.0248,-0.08194,-0.03441,0.10040,0,1,0.800,0.236,running
72.793,1,1495,-0.10719,-0.03837,-0.5676,0.1080,-0.08240,0.01338,0.10885,0,1,0.800,0.182,running
72.853,1,1496,-0.11761,-0.03525,-0.5726,0.1719,-0.05828,0.05640,0.11730,0,1,1.000,0.006,running
72.889,1,1497,-0.12733,-0.03131,-0.5348,0.2163,-0.00643,0.08837,0.12522,0,1,1.000,-0.138,running
72.926,1,1498,-0.13622,-0.02699,-0.4891,0.2378,0.02889,0.09239,0.13259,0,1,1.000,-0.246,running
72.989,1,1499,-0.13853,-0.02369,-0.1269,0.1814,0.03904,0.08007,0.13406,0,1,1.000,-0.311,running
