t,episode,step,xb,yb,vx,vy,alpha,beta,dist,in_circle,ball_found,a0,a1,status
0.772,1,0,-0.13662,-0.11381,-0.0082,-0.0097,-0.02041,0.04255,0.17592,0,1,1.000,1.000,running
0.860,1,1,-0.13606,-0.11371,0.0064,0.0012,-0.04282,0.05507,0.17544,0,1,1.000,1.000,running
0.903,1,2,-0.13907,-0.11590,-0.0707,-0.0514,-0.06093,0.08683,0.17914,0,1,1.000,1.000,running
0.948,1,3,-0.13556,-0.11281,0.0772,0.0679,-0.07361,0.11189,0.17447,0,1,1.000,1.000,running
0.990,1,4,-0.13442,-0.11236,0.0274,0.0108,-0.10848,0.13888,0.17333,0,1,1.000,1.000,running
1.036,1,5,-0.13339,-0.11088,0.0222,0.0320,-0.11236,0.16300,0.17156,0,1,1.000,1.000,running
1.078,1,6,-0.13089,-0.10865,0.0589,0.0523,-0.11249,0.16575,0.16821,0,1,1.000,1.000,running
1.125,1,7,-0.12711,-0.10554,0.0806,0.0663,-0.11295,0.15563,0.16333,0,1,1.000,1.000,running
1.170,1,8,-0.12228,-0.10144,0.1071,0.0911,-0.11488,0.15312,0.15700,0,1,1.000,1.000,running
1.213,1,9,-0.11634,-0.09637,0.1389,0.1184,-0.11397,0.15181,0.14920,0,1,1.000,1.000,running
1.256,1,10,-0.10950,-0.09018,0.1605,0.1454,-0.11185,0.15033,0.13998,0,1,1.000,1.000,running
1.300,1,11,-0.10104,-0.08302,0.1932,0.1634,-0.11433,0.14693,0.12891,0,1,1.000,1.000,running
1.342,1,12,-0.09091,-0.07557,0.2411,0.1773,-0.11358,0.13739,0.11645,0,1,1.000,0.118,running
1.385,1,13,-0.08065,-0.06647,0.2345,0.2079,-0.10933,0.13403,0.10276,0,1,-0.067,0.053,running
1.435,1,14,-0.06880,-0.05706,0.2389,0.1897,-0.08393,0.12569,0.08774,0,1,-0.105,-0.054,running
1.478,1,15,-0.05611,-0.04754,0.2943,0.2209,-0.03918,0.11296,0.07211,0,1,-0.198,-0.085,running
1.522,1,16,-0.04312,-0.03665,0.2979,0.2496,-0.00507,0.07314,0.05537,0,1,-0.596,-0.375,running
1.578,1,17,-0.04312,-0.03665,0.0000,0.0000,0.00615,0.01346,0.05537,0,0,-0.800,-0.698,running
1.666,1,18,-0.04312,-0.03665,0.0000,0.0000,0.08464,-0.07757,0.05537,0,0,0.124,0.149,running
1.746,1,19,0.01442,0.00880,0.7253,0.5729,0.03006,-0.06729,0.02240,1,1,0.127,0.153,in_circle
1.787,1,20,0.02156,0.01534,0.1731,0.1587,0.02708,-0.02726,0.03081,1,1,-0.800,-0.800,in_circle
1.831,1,21,0.02845,0.02097,0.1583,0.1292,0.01200,0.00765,0.03922,1,1,-0.757,-0.645,in_circle
1.874,1,22,0.03361,0.02576,0.1193,0.1109,0.03197,0.02296,0.04589,0,1,-0.717,-0.542,running
1.917,1,23,0.03804,0.03011,0.1024,0.1008,0.07911,-0.00942,0.05179,0,1,-0.559,-0.461,running
1.963,1,24,0.04188,0.03254,0.0845,0.0533,0.07530,-0.05956,0.05633,0,1,-0.500,-0.420,running
2.004,1,25,0.04329,0.03404,0.0343,0.0364,0.04956,-0.07677,0.05828,0,1,-0.446,-0.257,running
2.045,1,26,0.04319,0.03465,-0.0025,0.0148,0.04432,-0.05788,0.05848,0,1,-0.287,-0.207,running
2.090,1,27,0.04302,0.03523,-0.0037,0.0128,0.01020,-0.02943,0.05863,0,1,-0.170,-0.140,running
2.138,1,28,0.04039,0.03531,-0.0552,0.0018,-0.03033,-0.00132,0.05640,0,1,-0.168,-0.137,running
2.184,1,29,0.03837,0.03562,-0.0435,0.0066,-0.03697,0.03920,0.05485,0,1,0.017,-0.099,running
2.228,1,30,0.03477,0.03579,-0.0828,0.0040,-0.03711,0.07567,0.05196,0,1,-0.011,-0.116,running
2.270,1,31,0.03235,0.03614,-0.0569,0.0081,-0.03509,0.09650,0.05020,0,1,0.148,-0.105,running
2.313,1,32,0.03084,0.03653,-0.0353,0.0092,-0.03201,0.09996,0.04925,0,1,0.070,-0.120,running
2.356,1,33,0.02991,0.03686,-0.0215,0.0078,-0.02680,0.09463,0.04873,0,1,-0.001,-0.125,running
2.399,1,34,0.02923,0.03651,-0.0160,-0.0085,-0.02020,0.09101,0.04798,0,1,-0.049,-0.122,running
2.443,1,35,0.02944,0.03598,0.0047,-0.0120,-0.01320,0.08272,0.04780,0,1,-0.067,-0.061,running
2.489,1,36,0.03047,0.03544,0.0224,-0.0118,-0.00965,0.06616,0.04828,0,1,-0.145,-0.048,running
2.534,1,37,0.03148,0.03513,0.0224,-0.0067,-0.01047,0.04210,0.04890,0,1,-0.215,-0.049,running
2.577,1,38,0.03192,0.03461,0.0103,-0.0121,-0.00954,0.01865,0.04895,0,1,-0.221,-0.069,running
2.622,1,39,0.03214,0.03384,0.0048,-0.0170,-0.00874,0.00044,0.04869,0,1,-0.180,-0.049,running
2.665,1,40,0.03195,0.03337,-0.0045,-0.0110,-0.00926,-0.00709,0.04826,0,1,-0.162,-0.030,running
2.707,1,41,0.03169,0.03321,-0.0063,-0.0038,-0.00812,-0.00565,0.04795,0,1,-0.128,-0.051,running
2.751,1,42,0.02998,0.03286,-0.0394,-0.0080,-0.01150,-0.00287,0.04636,0,1,-0.122,-0.078,running
2.794,1,43,0.02804,0.03251,-0.0448,-0.0081,-0.01455,0.00317,0.04458,1,1,0.009,-0.060,in_circle
2.884,1,44,0.02283,0.03112,-0.0581,-0.0155,-0.01295,0.03444,0.03961,1,1,0.038,-0.058,in_circle
2.931,1,45,0.01976,0.02998,-0.0653,-0.0242,-0.01560,0.05195,0.03653,1,1,0.120,-0.018,in_circle
2.972,1,46,0.01671,0.02932,-0.0729,-0.0160,-0.01193,0.06325,0.03383,1,1,0.155,0.018,in_circle
3.017,1,47,0.01520,0.02865,-0.0338,-0.0150,-0.01945,0.06649,0.03228,1,1,0.192,-0.014,in_circle
3.061,1,48,0.01267,0.02708,-0.0580,-0.0357,-0.02391,0.06700,0.02938,1,1,0.038,-0.017,in_circle
3.104,1,49,0.01134,0.02661,-0.0305,-0.0109,-0.02226,0.07171,0.02812,1,1,0.140,0.069,in_circle
3.146,1,50,0.01078,0.02607,-0.0133,-0.0129,-0.02319,0.07171,0.02735,1,1,0.033,-0.030,in_circle
3.192,1,51,0.01045,0.02560,-0.0073,-0.0102,-0.02854,0.06928,0.02678,1,1,-0.036,-0.022,in_circle
3.236,1,52,0.01076,0.02577,0.0070,0.0038,-0.02302,0.06770,0.02712,1,1,-0.060,-0.032,in_circle
3.282,1,53,0.01125,0.02610,0.0108,0.0072,-0.02293,0.05908,0.02770,1,1,-0.118,-0.089,in_circle
3.325,1,54,0.01161,0.02643,0.0082,0.0077,-0.01920,0.04389,0.02818,1,1,-0.136,-0.105,in_circle
3.369,1,55,0.01222,0.02666,0.0140,0.0053,-0.01195,0.03004,0.02877,1,1,-0.127,-0.108,in_circle
3.415,1,56,0.01305,0.02687,0.0182,0.0045,-0.00588,0.02006,0.02950,1,1,-0.153,-0.100,in_circle
3.456,1,57,0.01381,0.02690,0.0183,0.0007,-0.00811,0.01761,0.03006,1,1,-0.173,-0.099,in_circle
3.498,1,58,0.01395,0.02678,0.0033,-0.0026,-0.00723,0.01557,0.03008,1,1,-0.175,-0.084,in_circle
3.542,1,59,0.01369,0.02622,-0.0058,-0.0128,-0.00753,0.01588,0.02951,1,1,-0.117,-0.072,in_circle
3.586,1,60,0.01394,0.02575,0.0056,-0.0108,-0.00744,0.01890,0.02937,1,1,-0.081,-0.031,in_circle
3.632,1,61,0.01283,0.02515,-0.0241,-0.0132,-0.00917,0.01841,0.02814,1,1,-0.128,-0.038,in_circle
3.677,1,62,0.01306,0.02459,0.0052,-0.0124,-0.01114,0.01980,0.02794,1,1,-0.007,-0.028,in_circle
3.721,1,63,0.01200,0.02431,-0.0236,-0.0064,-0.01540,0.02290,0.02697,1,1,-0.126,-0.030,in_circle
3.765,1,64,0.01152,0.02370,-0.0110,-0.0137,-0.01297,0.02699,0.02620,1,1,-0.009,-0.055,in_circle
3.807,1,65,0.01003,0.02365,-0.0361,-0.0011,-0.01313,0.03642,0.02509,1,1,-0.059,-0.025,in_circle
3.854,1,66,0.00981,0.02302,-0.0047,-0.0134,-0.01244,0.03819,0.02449,1,1,0.044,-0.076,in_circle
3.895,1,67,0.00902,0.02304,-0.0194,0.0004,-0.01519,0.04252,0.02394,1,1,-0.082,-0.026,in_circle
3.940,1,68,0.00853,0.02318,-0.0108,0.0030,-0.01674,0.04778,0.02370,1,1,-0.021,-0.082,in_circle
3.985,1,69,0.00886,0.02331,0.0073,0.0030,-0.01805,0.05122,0.02402,1,1,-0.055,-0.093,in_circle
4.028,1,70,0.00844,0.02372,-0.0096,0.0095,-0.01576,0.04926,0.02404,1,1,-0.129,-0.094,in_circle
4.074,1,71,0.00822,0.02430,-0.0049,0.0125,-0.01601,0.05042,0.02432,1,1,-0.061,-0.122,in_circle
4.116,1,72,0.00846,0.02419,0.0059,-0.0027,-0.01454,0.04980,0.02440,1,1,-0.080,-0.136,in_circle
4.163,1,73,0.00880,0.02364,0.0073,-0.0117,-0.01176,0.04846,0.02422,1,1,-0.125,-0.076,in_circle
4.205,1,74,0.00918,0.02402,0.0089,0.0089,-0.00806,0.04975,0.02476,1,1,-0.132,-0.040,in_circle
4.245,1,75,0.00964,0.02430,0.0116,0.0069,-0.00845,0.04524,0.02528,1,1,-0.140,-0.124,in_circle
4.291,1,76,0.01000,0.02467,0.0078,0.0082,-0.00950,0.03989,0.02579,1,1,-0.153,-0.117,in_circle
4.336,1,77,0.01083,0.02485,0.0185,0.0039,-0.00619,0.03188,0.02650,1,1,-0.139,-0.124,in_circle
4.381,1,78,0.01137,0.02457,0.0120,-0.0062,-0.00836,0.02672,0.02669,1,1,-0.185,-0.108,in_circle
4.426,1,79,0.01114,0.02481,-0.0050,0.0055,-0.00768,0.02493,0.02670,1,1,-0.161,-0.068,in_circle
4.468,1,80,0.01128,0.02452,0.0034,-0.0072,-0.00827,0.02166,0.02659,1,1,-0.094,-0.116,in_circle
4.512,1,81,0.01127,0.02454,-0.0003,0.0005,-0.01044,0.02112,0.02660,1,1,-0.128,-0.066,in_circle
4.556,1,82,0.01041,0.02437,-0.0194,-0.0038,-0.01044,0.02150,0.02587,1,1,-0.115,-0.097,in_circle
4.598,1,83,0.00972,0.02514,-0.0165,0.0184,-0.01165,0.02221,0.02595,1,1,-0.037,-0.080,in_circle
4.644,1,84,0.00922,0.02434,-0.0109,-0.0173,-0.00886,0.02310,0.02502,1,1,-0.047,-0.172,in_circle
4.686,1,85,0.00832,0.02412,-0.0214,-0.0053,-0.00861,0.02512,0.02425,1,1,-0.069,-0.028,in_circle
4.733,1,86,0.00767,0.02384,-0.0139,-0.0059,-0.00665,0.03210,0.02362,1,1,-0.026,-0.076,in_circle
4.777,1,87,0.00706,0.02324,-0.0139,-0.0137,-0.01045,0.03940,0.02276,1,1,-0.055,-0.074,in_circle
4.823,1,88,0.00733,0.02215,0.0059,-0.0236,-0.01127,0.04112,0.02213,1,1,-0.054,-0.042,in_circle
4.909,1,89,0.00700,0.02238,-0.0037,0.0026,-0.01541,0.04414,0.02208,1,1,-0.135,-0.001,in_circle
4.953,1,90,0.00747,0.02218,0.0105,-0.0047,-0.01470,0.04307,0.02224,1,1,-0.096,-0.107,in_circle
4.995,1,91,0.00804,0.02227,0.0136,0.0023,-0.01707,0.04136,0.02271,1,1,-0.155,-0.078,in_circle
5.039,1,92,0.00846,0.02205,0.0096,-0.0050,-0.01433,0.04236,0.02285,1,1,-0.170,-0.107,in_circle
5.086,1,93,0.00843,0.02200,-0.0007,-0.0010,-0.01479,0.04205,0.02279,1,1,-0.155,-0.078,in_circle
5.129,1,94,0.00890,0.02197,0.0110,-0.0008,-0.01257,0.03955,0.02311,1,1,-0.115,-0.095,in_circle
5.175,1,95,0.00905,0.02184,0.0033,-0.0028,-0.01254,0.03839,0.02313,1,1,-0.164,-0.096,in_circle
5.217,1,96,0.00947,0.02198,0.0098,0.0032,-0.01119,0.03924,0.02353,1,1,-0.134,-0.088,in_circle
5.261,1,97,0.00993,0.02193,0.0104,-0.0012,-0.01028,0.03747,0.02383,1,1,-0.162,-0.114,in_circle
5.303,1,98,0.01015,0.02185,0.0054,-0.0019,-0.01158,0.03260,0.02395,1,1,-0.166,-0.097,in_circle
5.346,1,99,0.01102,0.02160,0.0206,-0.0059,-0.01236,0.03013,0.02445,1,1,-0.147,-0.094,in_circle
5.391,1,100,0.01042,0.02126,-0.0133,-0.0076,-0.01034,0.02775,0.02376,1,1,-0.211,-0.078,in_circle
5.436,1,101,0.01033,0.02079,-0.0019,-0.0105,-0.01065,0.02691,0.02340,1,1,-0.075,-0.071,in_circle
5.480,1,102,0.01036,0.02061,0.0006,-0.0038,-0.01172,0.02606,0.02331,1,1,-0.121,-0.059,in_circle
5.525,1,103,0.01029,0.02060,-0.0015,-0.0003,-0.01007,0.02586,0.02325,1,1,-0.132,-0.086,in_circle
5.568,1,104,0.01031,0.02033,0.0005,-0.0062,-0.01051,0.02439,0.02310,1,1,-0.124,-0.101,in_circle
5.613,1,105,0.01031,0.02093,0.0000,0.0134,-0.00980,0.02732,0.02347,1,1,-0.133,-0.077,in_circle
5.656,1,106,0.01047,0.02098,0.0036,0.0012,-0.01182,0.02558,0.02362,1,1,-0.132,-0.157,in_circle
5.698,1,107,0.01033,0.02117,-0.0032,0.0046,-0.00994,0.02475,0.02364,1,1,-0.147,-0.109,in_circle
5.746,1,108,0.00997,0.02171,-0.0075,0.0112,-0.00673,0.02823,0.02372,1,1,-0.121,-0.124,in_circle
5.788,1,109,0.00987,0.02105,-0.0025,-0.0157,-0.00901,0.02710,0.02321,1,1,-0.103,-0.153,in_circle
5.830,1,110,0.01001,0.02083,0.0034,-0.0053,-0.00766,0.02813,0.02317,1,1,-0.124,-0.044,in_circle
5.877,1,111,0.01025,0.02079,0.0052,-0.0008,-0.00729,0.02998,0.02334,1,1,-0.148,-0.086,in_circle
5.921,1,112,0.01003,0.02137,-0.0051,0.0129,-0.01232,0.03387,0.02353,1,1,-0.157,-0.105,in_circle
5.967,1,113,0.00991,0.02140,-0.0025,0.0007,-0.00899,0.03331,0.02347,1,1,-0.116,-0.161,in_circle
6.009,1,114,0.01019,0.02119,0.0067,-0.0051,-0.00891,0.03274,0.02355,1,1,-0.127,-0.113,in_circle
6.051,1,115,0.00992,0.02124,-0.0065,0.0012,-0.00817,0.03205,0.02337,1,1,-0.165,-0.090,in_circle
6.096,1,116,0.01029,0.02124,0.0081,0.0001,-0.00820,0.03178,0.02365,1,1,-0.113,-0.116,in_circle
6.138,1,117,0.01033,0.02131,0.0011,0.0016,-0.00746,0.03176,0.02373,1,1,-0.173,-0.112,in_circle
6.184,1,118,0.01020,0.02127,-0.0028,-0.0009,-0.00870,0.03290,0.02361,1,1,-0.146,-0.119,in_circle
6.230,1,119,0.01015,0.02137,-0.0012,0.0024,-0.00804,0.03401,0.02363,1,1,-0.130,-0.110,in_circle
6.275,1,120,0.01026,0.02134,0.0025,-0.0008,-0.00836,0.03306,0.02370,1,1,-0.138,-0.124,in_circle
6.319,1,121,0.00988,0.02126,-0.0089,-0.0017,-0.00852,0.03309,0.02336,1,1,-0.153,-0.112,in_circle
6.361,1,122,0.01002,0.02139,0.0034,0.0030,-0.00902,0.03347,0.02355,1,1,-0.108,-0.109,in_circle
6.405,1,123,0.01011,0.02102,0.0020,-0.0084,-0.00864,0.03360,0.02337,1,1,-0.158,-0.129,in_circle
6.447,1,124,0.01009,0.02086,-0.0004,-0.0039,-0.00801,0.03498,0.02326,1,1,-0.153,-0.083,in_circle
6.492,1,125,0.01006,0.02123,-0.0006,0.0082,-0.00838,0.03184,0.02347,1,1,-0.144,-0.101,in_circle
6.536,1,126,0.01050,0.02119,0.0100,-0.0009,-0.00937,0.03311,0.02378,1,1,-0.144,-0.151,in_circle
6.582,1,127,0.01028,0.02115,-0.0047,-0.0009,-0.00884,0.03467,0.02359,1,1,-0.189,-0.115,in_circle
6.627,1,128,0.01025,0.02115,-0.0007,-0.0001,-0.00860,0.03311,0.02356,1,1,-0.130,-0.116,in_circle
6.672,1,129,0.01028,0.02103,0.0007,-0.0025,-0.00774,0.03330,0.02351,1,1,-0.147,-0.119,in_circle
6.711,1,130,0.00998,0.02113,-0.0076,0.0025,-0.00833,0.03243,0.02335,1,1,-0.153,-0.110,in_circle
6.756,1,131,0.01016,0.02120,0.0040,0.0014,-0.00848,0.03175,0.02352,1,1,-0.120,-0.131,in_circle
6.799,1,132,0.01017,0.02103,0.0003,-0.0038,-0.00855,0.03219,0.02343,1,1,-0.168,-0.128,in_circle
6.842,1,133,0.01060,0.02125,0.0101,0.0050,-0.00967,0.03109,0.02389,1,1,-0.154,-0.107,in_circle
6.934,1,134,0.01039,0.02118,-0.0022,-0.0007,-0.00889,0.03082,0.02369,1,1,-0.196,-0.144,in_circle
6.977,1,135,0.01009,0.02114,-0.0069,-0.0008,-0.00866,0.03318,0.02344,1,1,-0.147,-0.122,in_circle
7.024,1,136,0.00982,0.02118,-0.0058,0.0007,-0.00924,0.03186,0.02326,1,1,-0.128,-0.122,in_circle
7.111,1,137,0.01063,0.02139,0.0092,0.0025,-0.00950,0.03170,0.02401,1,1,-0.133,-0.129,in_circle
7.153,1,138,0.01059,0.02119,-0.0009,-0.0049,-0.01031,0.03127,0.02385,1,1,-0.196,-0.138,in_circle
7.195,1,139,0.01010,0.02155,-0.0116,0.0085,-0.01032,0.03122,0.02371,1,1,-0.157,-0.108,in_circle
7.239,1,140,0.00991,0.02126,-0.0044,-0.0066,-0.00928,0.02921,0.02337,1,1,-0.113,-0.164,in_circle
7.285,1,141,0.01028,0.02079,0.0080,-0.0102,-0.00993,0.02783,0.02336,1,1,-0.142,-0.103,in_circle
7.330,1,142,0.01061,0.02122,0.0074,0.0096,-0.00609,0.03073,0.02389,1,1,-0.194,-0.088,in_circle
7.375,1,143,0.01033,0.02120,-0.0063,-0.0005,-0.00662,0.02901,0.02366,1,1,-0.193,-0.169,in_circle
7.416,1,144,0.00994,0.02125,-0.0093,0.0013,-0.00831,0.02867,0.02340,1,1,-0.138,-0.129,in_circle
7.461,1,145,0.01016,0.02117,0.0049,-0.0018,-0.00563,0.02931,0.02351,1,1,-0.126,-0.137,in_circle
7.505,1,146,0.01041,0.02110,0.0057,-0.0016,-0.00614,0.02891,0.02366,1,1,-0.184,-0.125,in_circle
7.547,1,147,0.01027,0.02114,-0.0033,0.0009,-0.00563,0.02931,0.02358,1,1,-0.189,-0.127,in_circle
7.591,1,148,0.00989,0.02126,-0.0087,0.0028,-0.00556,0.02881,0.02336,1,1,-0.153,-0.138,in_circle
7.638,1,149,0.01001,0.02099,0.0026,-0.0059,-0.00586,0.03117,0.02328,1,1,-0.132,-0.146,in_circle
7.683,1,150,0.00999,0.02107,-0.0005,0.0017,-0.00560,0.03005,0.02331,1,1,-0.178,-0.111,in_circle
7.727,1,151,0.01001,0.02093,0.0005,-0.0031,-0.00702,0.02834,0.02324,1,1,-0.166,-0.143,in_circle
7.769,1,152,0.01005,0.02103,0.0009,0.0024,-0.00716,0.02961,0.02334,1,1,-0.171,-0.124,in_circle
7.811,1,153,0.01009,0.02087,0.0010,-0.0038,-0.00681,0.02846,0.02326,1,1,-0.173,-0.147,in_circle
7.857,1,154,0.00987,0.02118,-0.0048,0.0068,-0.00585,0.03030,0.02330,1,1,-0.175,-0.122,in_circle
7.900,1,155,0.00984,0.02123,-0.0008,0.0010,-0.00603,0.03001,0.02330,1,1,-0.152,-0.166,in_circle
7.943,1,156,0.00997,0.02129,0.0031,0.0016,-0.00656,0.02958,0.02345,1,1,-0.169,-0.143,in_circle
7.989,1,157,0.01028,0.02110,0.0066,-0.0043,-0.00603,0.02919,0.02355,1,1,-0.185,-0.147,in_circle
8.032,1,158,0.00993,0.02121,-0.0080,0.0027,-0.00639,0.02971,0.02336,1,1,-0.201,-0.123,in_circle
8.078,1,159,0.01063,0.02122,0.0151,0.0002,-0.00755,0.02872,0.02390,1,1,-0.142,-0.152,in_circle
8.121,1,160,0.01005,0.02130,-0.0134,0.0019,-0.00534,0.02894,0.02351,1,1,-0.237,-0.143,in_circle
8.165,1,161,0.01077,0.02121,0.0163,-0.0021,-0.00723,0.02905,0.02400,1,1,-0.122,-0.151,in_circle
8.209,1,162,0.01003,0.02117,-0.0171,-0.0008,-0.00782,0.02799,0.02341,1,1,-0.244,-0.135,in_circle
8.252,1,163,0.01012,0.02141,0.0022,0.0055,-0.00698,0.02804,0.02364,1,1,-0.109,-0.141,in_circle
8.294,1,164,0.01016,0.02124,0.0009,-0.0040,-0.00748,0.02886,0.02356,1,1,-0.187,-0.167,in_circle
8.338,1,165,0.01021,0.02101,0.0012,-0.0053,-0.00740,0.02766,0.02344,1,1,-0.183,-0.129,in_circle
8.386,1,166,0.00997,0.02132,-0.0050,0.0065,-0.00666,0.02851,0.02346,1,1,-0.185,-0.124,in_circle
8.431,1,167,0.00989,0.02120,-0.0018,-0.0027,-0.00605,0.02894,0.02332,1,1,-0.161,-0.173,in_circle
8.472,1,168,0.00993,0.02112,0.0010,-0.0020,-0.00650,0.02754,0.02330,1,1,-0.174,-0.137,in_circle
8.517,1,169,0.00999,0.02120,0.0014,0.0018,-0.00666,0.02868,0.02340,1,1,-0.186,-0.140,in_circle
8.561,1,170,0.01000,0.02123,0.0001,0.0006,-0.00538,0.02732,0.02342,1,1,-0.189,-0.156,in_circle
8.604,1,171,0.01001,0.02124,0.0003,0.0003,-0.00625,0.03039,0.02344,1,1,-0.184,-0.152,in_circle
8.647,1,172,0.01001,0.02109,0.0000,-0.0035,-0.00532,0.02955,0.02334,1,1,-0.186,-0.151,in_circle
8.690,1,173,0.01000,0.02116,-0.0003,0.0016,-0.00662,0.02798,0.02338,1,1,-0.186,-0.136,in_circle
8.736,1,174,0.00983,0.02131,-0.0037,0.0032,-0.00649,0.02903,0.02335,1,1,-0.185,-0.158,in_circle
8.782,1,175,0.00977,0.02120,-0.0013,-0.0023,-0.00687,0.03020,0.02323,1,1,-0.172,-0.165,in_circle
8.826,1,176,0.00995,0.02125,0.0040,0.0011,-0.00496,0.02815,0.02340,1,1,-0.182,-0.144,in_circle
8.871,1,177,0.00979,0.02136,-0.0035,0.0025,-0.00605,0.02894,0.02335,1,1,-0.205,-0.158,in_circle
8.958,1,178,0.01004,0.02104,0.0029,-0.0037,-0.00672,0.02886,0.02334,1,1,-0.176,-0.165,in_circle
9.000,1,179,0.00992,0.02122,-0.0029,0.0043,-0.00629,0.02949,0.02336,1,1,-0.203,-0.140,in_circle
9.044,1,180,0.00975,0.02111,-0.0040,-0.0025,-0.00721,0.02863,0.02316,1,1,-0.180,-0.173,in_circle
9.087,1,181,0.01001,0.02098,0.0061,-0.0029,-0.00618,0.02945,0.02328,1,1,-0.176,-0.147,in_circle
9.132,1,182,0.00989,0.02115,-0.0027,0.0037,-0.00467,0.02853,0.02329,1,1,-0.218,-0.145,in_circle
9.178,1,183,0.01017,0.02123,0.0061,0.0017,-0.00466,0.02807,0.02356,1,1,-0.183,-0.173,in_circle
9.224,1,184,0.01007,0.02103,-0.0022,-0.0043,-0.00462,0.02797,0.02335,1,1,-0.220,-0.166,in_circle
9.266,1,185,0.01019,0.02081,0.0029,-0.0053,-0.00462,0.02722,0.02330,1,1,-0.187,-0.142,in_circle
9.308,1,186,0.00977,0.02139,-0.0097,0.0134,-0.00417,0.02802,0.02335,1,1,-0.208,-0.138,in_circle
9.352,1,187,0.01022,0.02099,0.0104,-0.0091,-0.00582,0.02898,0.02344,1,1,-0.158,-0.215,in_circle
9.395,1,188,0.00988,0.02117,-0.0079,0.0040,-0.00306,0.02821,0.02329,1,1,-0.240,-0.124,in_circle
9.440,1,189,0.00991,0.02128,0.0006,0.0025,-0.00221,0.02649,0.02339,1,1,-0.167,-0.178,in_circle
9.485,1,190,0.00984,0.02100,-0.0015,-0.0062,-0.00184,0.02603,0.02315,1,1,-0.202,-0.173,in_circle
9.532,1,191,0.00996,0.02114,0.0026,0.0031,-0.00092,0.02629,0.02334,1,1,-0.194,-0.138,in_circle
9.574,1,192,0.00978,0.02114,-0.0042,-0.0001,-0.00195,0.02581,0.02320,1,1,-0.211,-0.176,in_circle
9.617,1,193,0.00981,0.02114,0.0006,0.0001,-0.00201,0.02607,0.02323,1,1,-0.185,-0.164,in_circle
9.663,1,194,0.01007,0.02093,0.0055,-0.0047,-0.00230,0.02584,0.02328,1,1,-0.205,-0.166,in_circle
9.706,1,195,0.00983,0.02115,-0.0055,0.0052,-0.00221,0.02625,0.02324,1,1,-0.226,-0.147,in_circle
9.747,1,196,0.00978,0.02122,-0.0011,0.0017,-0.00271,0.02549,0.02326,1,1,-0.182,-0.188,in_circle
9.791,1,197,0.00981,0.02106,0.0006,-0.0037,-0.00456,0.02604,0.02317,1,1,-0.200,-0.174,in_circle
9.835,1,198,0.00999,0.02120,0.0043,0.0031,-0.00465,0.02549,0.02340,1,1,-0.208,-0.153,in_circle
9.881,1,199,0.00997,0.02116,-0.0006,-0.0007,-0.00550,0.02535,0.02336,1,1,-0.224,-0.181,in_circle
9.927,1,200,0.01010,0.02093,0.0030,-0.0051,-0.00380,0.02466,0.02331,1,1,-0.205,-0.166,in_circle
9.972,1,201,0.00979,0.02112,-0.0070,0.0042,-0.00648,0.02608,0.02320,1,1,-0.220,-0.149,in_circle
10.015,1,202,0.00988,0.02137,0.0021,0.0058,-0.00669,0.02589,0.02343,1,1,-0.181,-0.187,in_circle
10.056,1,203,0.00990,0.02111,0.0004,-0.0065,-0.00611,0.02602,0.02327,1,1,-0.218,-0.195,in_circle
10.099,1,204,0.00991,0.02090,0.0002,-0.0049,-0.00435,0.02578,0.02314,1,1,-0.212,-0.146,in_circle
10.142,1,205,0.00977,0.02123,-0.0034,0.0076,-0.00540,0.02611,0.02325,1,1,-0.212,-0.152,in_circle
10.188,1,206,0.01012,0.02131,0.0077,0.0019,-0.00481,0.02715,0.02357,1,1,-0.198,-0.204,in_circle
10.233,1,207,0.01045,0.02129,0.0073,-0.0005,-0.00535,0.02521,0.02381,1,1,-0.244,-0.182,in_circle
10.279,1,208,0.01011,0.02111,-0.0074,-0.0040,-0.00383,0.02604,0.02343,1,1,-0.244,-0.173,in_circle
10.322,1,209,0.00985,0.02124,-0.0059,0.0031,-0.00367,0.02548,0.02332,1,1,-0.185,-0.159,in_circle
10.367,1,210,0.00995,0.02091,0.0021,-0.0072,-0.00453,0.02606,0.02318,1,1,-0.191,-0.189,in_circle
10.411,1,211,0.00969,0.02121,-0.0058,0.0067,-0.00480,0.02510,0.02318,1,1,-0.224,-0.147,in_circle
10.452,1,212,0.00988,0.02098,0.0047,-0.0054,-0.00411,0.02551,0.02318,1,1,-0.193,-0.204,in_circle
10.494,1,213,0.00988,0.02114,-0.0000,0.0037,-0.00411,0.02534,0.02328,1,1,-0.236,-0.156,in_circle
10.541,1,214,0.00991,0.02101,0.0007,-0.0029,-0.00210,0.02513,0.02322,1,1,-0.218,-0.193,in_circle
10.585,1,215,0.00986,0.02110,-0.0012,0.0021,-0.00371,0.02481,0.02323,1,1,-0.222,-0.167,in_circle
10.631,1,216,0.00988,0.02126,0.0004,0.0034,-0.00318,0.02578,0.02335,1,1,-0.215,-0.188,in_circle
10.676,1,217,0.01009,0.02111,0.0047,-0.0032,-0.00243,0.02674,0.02342,1,1,-0.222,-0.195,in_circle
10.720,1,218,0.00978,0.02138,-0.0071,0.0061,-0.00174,0.02573,0.02336,1,1,-0.240,-0.169,in_circle
10.761,1,219,0.01001,0.02115,0.0054,-0.0054,-0.00200,0.02591,0.02338,1,1,-0.193,-0.207,in_circle
10.805,1,220,0.00989,0.02091,-0.0028,-0.0055,-0.00414,0.02553,0.02313,1,1,-0.245,-0.161,in_circle
10.846,1,221,0.01021,0.02135,0.0079,0.0107,-0.00195,0.02544,0.02367,1,1,-0.212,-0.161,in_circle
10.890,1,222,0.01010,0.02142,-0.0026,0.0015,-0.00330,0.02433,0.02362,1,1,-0.257,-0.227,in_circle
10.983,1,223,0.01000,0.02126,-0.0011,-0.0017,0.00028,0.02434,0.02344,1,1,-0.216,-0.192,in_circle
11.027,1,224,0.00970,0.02113,-0.0068,-0.0029,-0.00122,0.02441,0.02313,1,1,-0.223,-0.179,in_circle
11.073,1,225,0.00978,0.02117,0.0017,0.0008,-0.00082,0.02495,0.02322,1,1,-0.200,-0.175,in_circle
11.157,1,226,0.00988,0.02107,0.0012,-0.0011,-0.00083,0.02419,0.02324,1,1,-0.235,-0.191,in_circle
11.202,1,227,0.00987,0.02072,-0.0003,-0.0080,-0.00141,0.02499,0.02300,1,1,-0.235,-0.184,in_circle
11.244,1,228,0.01000,0.02114,0.0029,0.0102,-0.00151,0.02460,0.02337,1,1,-0.229,-0.156,in_circle
11.287,1,229,0.00976,0.02116,-0.0056,0.0003,-0.00261,0.02375,0.02319,1,1,-0.243,-0.231,in_circle
11.334,1,230,0.00988,0.02126,0.0026,0.0021,-0.00423,0.02399,0.02335,1,1,-0.209,-0.192,in_circle
11.379,1,231,0.01007,0.02111,0.0042,-0.0033,-0.00285,0.02328,0.02340,1,1,-0.243,-0.200,in_circle
11.425,1,232,0.01002,0.02109,-0.0009,-0.0003,-0.00255,0.02363,0.02336,1,1,-0.251,-0.179,in_circle
11.508,1,233,0.00989,0.02134,-0.0016,0.0029,-0.00092,0.02318,0.02341,1,1,-0.231,-0.191,in_circle
11.553,1,234,0.00960,0.02106,-0.0065,-0.0062,-0.00277,0.02436,0.02301,1,1,-0.230,-0.206,in_circle
11.596,1,235,0.00997,0.02090,0.0084,-0.0038,-0.00317,0.02437,0.02318,1,1,-0.210,-0.170,in_circle
11.639,1,236,0.00991,0.02110,-0.0013,0.0046,-0.00185,0.02348,0.02327,1,1,-0.271,-0.179,in_circle
11.684,1,237,0.00987,0.02128,-0.0008,0.0041,-0.00248,0.02523,0.02336,1,1,-0.233,-0.214,in_circle
11.732,1,238,0.00992,0.02121,0.0010,-0.0015,-0.00186,0.02292,0.02335,1,1,-0.236,-0.213,in_circle
11.777,1,239,0.00986,0.02110,-0.0013,-0.0025,-0.00282,0.02379,0.02324,1,1,-0.244,-0.192,in_circle
11.822,1,240,0.01004,0.02098,0.0040,-0.0028,-0.00448,0.02323,0.02329,1,1,-0.235,-0.188,in_circle
11.862,1,241,0.01004,0.02096,-0.0001,-0.0004,-0.00269,0.02337,0.02328,1,1,-0.258,-0.187,in_circle
11.906,1,242,0.00970,0.02125,-0.0076,0.0065,-0.00408,0.02257,0.02321,1,1,-0.242,-0.197,in_circle
11.949,1,243,0.00969,0.02120,-0.0002,-0.0012,-0.00279,0.02286,0.02317,1,1,-0.212,-0.226,in_circle
11.991,1,244,0.00988,0.02160,0.0045,0.0095,-0.00200,0.02272,0.02358,1,1,-0.242,-0.196,in_circle
12.037,1,245,0.00982,0.02127,-0.0015,-0.0072,-0.00058,0.02365,0.02331,1,1,-0.263,-0.240,in_circle
12.083,1,246,0.00993,0.02128,0.0024,0.0004,0.00055,0.02390,0.02341,1,1,-0.239,-0.174,in_circle
12.130,1,247,0.00982,0.02118,-0.0023,-0.0023,0.00163,0.02390,0.02326,1,1,-0.256,-0.205,in_circle
12.171,1,248,0.00986,0.02119,0.0010,0.0003,0.00076,0.02378,0.02329,1,1,-0.237,-0.194,in_circle
12.214,1,249,0.00995,0.02121,0.0021,0.0004,0.00043,0.02297,0.02337,1,1,-0.251,-0.205,in_circle
12.256,1,250,0.00997,0.02116,0.0005,-0.0012,0.00104,0.02243,0.02336,1,1,-0.257,-0.206,in_circle
12.300,1,251,0.01017,0.02094,0.0046,-0.0051,0.00127,0.02268,0.02337,1,1,-0.251,-0.201,in_circle
12.343,1,252,0.00965,0.02106,-0.0121,0.0027,-0.00060,0.02315,0.02304,1,1,-0.269,-0.185,in_circle
12.389,1,253,0.01027,0.02148,0.0136,0.0092,0.00092,0.02237,0.02379,1,1,-0.202,-0.217,in_circle
12.435,1,254,0.00978,0.02109,-0.0104,-0.0082,-0.00106,0.02082,0.02317,1,1,-0.307,-0.245,in_circle
12.479,1,255,0.00990,0.02123,0.0027,0.0030,0.00003,0.02091,0.02335,1,1,-0.211,-0.175,in_circle
12.520,1,256,0.01009,0.02083,0.0048,-0.0095,-0.00184,0.01768,0.02324,1,1,-0.264,-0.221,in_circle
12.565,1,257,0.01018,0.02102,0.0018,0.0041,-0.00366,0.01591,0.02342,1,1,-0.273,-0.170,in_circle
12.608,1,258,0.00951,0.02105,-0.0155,0.0008,-0.00268,0.01614,0.02294,1,1,-0.263,-0.226,in_circle
12.652,1,259,0.01010,0.02115,0.0135,0.0024,-0.00449,0.01569,0.02345,1,1,-0.193,-0.214,in_circle
12.697,1,260,0.00946,0.02120,-0.0139,0.0010,-0.00265,0.01651,0.02300,1,1,-0.311,-0.221,in_circle
12.739,1,261,0.01010,0.02113,0.0155,-0.0017,-0.00256,0.01624,0.02344,1,1,-0.200,-0.216,in_circle
12.786,1,262,0.00988,0.02155,-0.0047,0.0090,-0.00143,0.01633,0.02355,1,1,-0.320,-0.206,in_circle
12.832,1,263,0.00962,0.02121,-0.0057,-0.0075,-0.00173,0.01778,0.02312,1,1,-0.240,-0.250,in_circle
12.876,1,264,0.01011,0.02106,0.0110,-0.0032,-0.00228,0.01746,0.02340,1,1,-0.236,-0.184,in_circle
12.919,1,265,0.00988,0.02113,-0.0054,0.0016,0.00055,0.01660,0.02327,1,1,-0.305,-0.201,in_circle
13.005,1,266,0.01003,0.02092,0.0017,-0.0024,0.00186,0.01811,0.02325,1,1,-0.240,-0.222,in_circle
13.048,1,267,0.00990,0.02100,-0.0029,0.0018,0.00199,0.01765,0.02320,1,1,-0.270,-0.206,in_circle
13.091,1,268,0.00997,0.02125,0.0015,0.0059,0.00139,0.01850,0.02341,1,1,-0.251,-0.224,in_circle
13.137,1,269,0.00996,0.02107,-0.0000,-0.0038,0.00198,0.01946,0.02330,1,1,-0.270,-0.242,in_circle
13.182,1,270,0.00975,0.02102,-0.0048,-0.0011,0.00268,0.02086,0.02310,1,1,-0.265,-0.203,in_circle
13.226,1,271,0.01025,0.02086,0.0117,-0.0038,0.00302,0.02148,0.02338,1,1,-0.246,-0.215,in_circle
13.272,1,272,0.00986,0.02126,-0.0086,0.0086,0.00299,0.02159,0.02334,1,1,-0.314,-0.204,in_circle
13.312,1,273,0.00984,0.02149,-0.0005,0.0057,0.00189,0.02251,0.02348,1,1,-0.233,-0.255,in_circle
13.357,1,274,0.00950,0.02105,-0.0076,-0.0097,0.00182,0.02292,0.02293,1,1,-0.266,-0.245,in_circle
13.399,1,275,0.01049,0.02116,0.0237,0.0024,0.00292,0.02411,0.02375,1,1,-0.237,-0.183,in_circle
13.444,1,276,0.00989,0.02115,-0.0134,-0.0002,0.00217,0.02540,0.02329,1,1,-0.366,-0.232,in_circle
13.488,1,277,0.00982,0.02119,-0.0016,0.0009,0.00145,0.02409,0.02326,1,1,-0.217,-0.222,in_circle
13.534,1,278,0.01001,0.02151,0.0040,0.0070,0.00206,0.02281,0.02361,1,1,-0.264,-0.228,in_circle
13.578,1,279,0.01015,0.02122,0.0033,-0.0065,0.00166,0.02405,0.02353,1,1,-0.288,-0.253,in_circle
13.623,1,280,0.01001,0.02133,-0.0031,0.0025,0.00121,0.02463,0.02350,1,1,-0.286,-0.199,in_circle
13.666,1,281,0.01011,0.02115,0.0023,-0.0042,0.00163,0.02390,0.02346,1,1,-0.261,-0.237,in_circle
13.709,1,282,0.01042,0.02116,0.0071,0.0001,0.00025,0.02354,0.02370,1,1,-0.284,-0.210,in_circle
13.752,1,283,0.00986,0.02112,-0.0129,-0.0009,0.00004,0.02399,0.02325,1,1,-0.304,-0.228,in_circle
13.795,1,284,0.01017,0.02107,0.0070,-0.0013,-0.00079,0.02395,0.02345,1,1,-0.224,-0.224,in_circle
13.838,1,285,0.00970,0.02132,-0.0110,0.0060,-0.00031,0.02221,0.02326,1,1,-0.305,-0.223,in_circle
13.884,1,286,0.00971,0.02130,0.0003,-0.0006,0.00017,0.02241,0.02325,1,1,-0.233,-0.254,in_circle
13.932,1,287,0.00991,0.02125,0.0042,-0.0009,-0.00075,0.02110,0.02337,1,1,-0.279,-0.228,in_circle
13.976,1,288,0.01015,0.02124,0.0054,-0.0004,0.00118,0.02143,0.02354,1,1,-0.295,-0.227,in_circle
14.018,1,289,0.01014,0.02124,-0.0002,0.0002,0.00097,0.01968,0.02354,1,1,-0.302,-0.230,in_circle
14.062,1,290,0.00999,0.02134,-0.0033,0.0023,0.00128,0.01891,0.02349,1,1,-0.280,-0.233,in_circle
14.106,1,291,0.00999,0.02076,-0.0001,-0.0133,-0.00070,0.01925,0.02312,1,1,-0.268,-0.242,in_circle
14.148,1,292,0.00961,0.02103,-0.0090,0.0064,0.00055,0.01890,0.02300,1,1,-0.282,-0.179,in_circle
14.190,1,293,0.00988,0.02102,0.0065,-0.0002,-0.00114,0.01889,0.02320,1,1,-0.246,-0.259,in_circle
14.235,1,294,0.00964,0.02094,-0.0055,-0.0018,-0.00255,0.01860,0.02296,1,1,-0.309,-0.233,in_circle
14.281,1,295,0.00971,0.02145,0.0017,0.0112,0.00055,0.01950,0.02336,1,1,-0.262,-0.228,in_circle
14.326,1,296,0.00975,0.02090,0.0009,-0.0122,-0.00065,0.01859,0.02303,1,1,-0.291,-0.281,in_circle
14.368,1,297,0.01035,0.02096,0.0145,0.0014,0.00096,0.01732,0.02352,1,1,-0.289,-0.187,in_circle
14.413,1,298,0.00984,0.02100,-0.0114,0.0008,0.00616,0.01882,0.02315,1,1,-0.346,-0.242,in_circle
14.456,1,299,0.00962,0.02123,-0.0051,0.0053,0.00018,0.01760,0.02313,1,1,-0.242,-0.241,in_circle
14.500,1,300,0.00992,0.02098,0.0070,-0.0058,0.00384,0.01708,0.02320,1,1,-0.267,-0.260,in_circle
14.544,1,301,0.01001,0.02112,0.0020,0.0032,0.00398,0.01693,0.02336,1,1,-0.317,-0.216,in_circle
14.590,1,302,0.00987,0.02129,-0.0031,0.0038,0.00602,0.01868,0.02337,1,1,-0.298,-0.253,in_circle
14.633,1,303,0.00980,0.02118,-0.0015,-0.0025,0.00417,0.01742,0.02325,1,1,-0.278,-0.256,in_circle
14.678,1,304,0.00950,0.02113,-0.0069,-0.0012,0.00361,0.01724,0.02298,1,1,-0.285,-0.231,in_circle
14.724,1,305,0.00990,0.02106,0.0087,-0.0015,0.00333,0.01688,0.02324,1,1,-0.263,-0.237,in_circle
14.766,1,306,0.00962,0.02112,-0.0066,0.0014,0.00351,0.01788,0.02306,1,1,-0.328,-0.236,in_circle
14.809,1,307,0.01034,0.02120,0.0171,0.0019,0.00285,0.01797,0.02367,1,1,-0.266,-0.249,in_circle
14.852,1,308,0.00965,0.02100,-0.0163,-0.0048,0.00289,0.01984,0.02301,1,1,-0.364,-0.252,in_circle
14.896,1,309,0.00987,0.02096,0.0049,-0.0008,0.00185,0.01716,0.02315,1,1,-0.229,-0.225,in_circle
14.940,1,310,0.00984,0.02123,-0.0006,0.0063,0.00313,0.01689,0.02331,1,1,-0.315,-0.241,in_circle
15.030,1,311,0.00999,0.02096,0.0016,-0.0030,0.00035,0.01839,0.02324,1,1,-0.295,-0.272,in_circle
15.074,1,312,0.01012,0.02109,0.0029,0.0030,0.00015,0.01833,0.02342,1,1,-0.305,-0.235,in_circle
15.119,1,313,0.01008,0.02111,-0.0008,0.0005,0.00118,0.01720,0.02341,1,1,-0.311,-0.260,in_circle
15.161,1,314,0.00976,0.02102,-0.0077,-0.0021,0.00123,0.01838,0.02311,1,1,-0.297,-0.251,in_circle
15.206,1,315,0.00999,0.02119,0.0053,0.0039,0.00096,0.01717,0.02340,1,1,-0.269,-0.240,in_circle
15.247,1,316,0.00952,0.02099,-0.0115,-0.0050,0.00161,0.01756,0.02290,1,1,-0.323,-0.265,in_circle
15.290,1,317,0.00988,0.02128,0.0084,0.0068,0.00268,0.01673,0.02337,1,1,-0.255,-0.230,in_circle
15.337,1,318,0.01005,0.02128,0.0037,-0.0001,0.00280,0.01759,0.02350,1,1,-0.336,-0.279,in_circle
15.381,1,319,0.00974,0.02117,-0.0071,-0.0023,0.00172,0.01976,0.02319,1,1,-0.319,-0.252,in_circle
15.431,1,320,0.00960,0.02106,-0.0027,-0.0023,0.00590,0.01736,0.02302,1,1,-0.276,-0.243,in_circle
15.472,1,321,0.00972,0.02109,0.0028,0.0006,0.00561,0.01872,0.02312,1,1,-0.294,-0.244,in_circle
15.516,1,322,0.01002,0.02116,0.0067,0.0016,0.00462,0.01667,0.02340,1,1,-0.317,-0.256,in_circle
15.556,1,323,0.00987,0.02099,-0.0038,-0.0043,0.00250,0.01685,0.02317,1,1,-0.334,-0.261,in_circle
15.600,1,324,0.01006,0.02095,0.0044,-0.0009,0.00462,0.01708,0.02329,1,1,-0.292,-0.238,in_circle
15.644,1,325,0.01017,0.02105,0.0025,0.0023,0.00504,0.01694,0.02344,1,1,-0.327,-0.252,in_circle
15.686,1,326,0.00986,0.02124,-0.0074,0.0044,0.00501,0.01776,0.02332,1,1,-0.320,-0.265,in_circle
15.734,1,327,0.00969,0.02125,-0.0034,0.0003,0.00470,0.01727,0.02321,1,1,-0.280,-0.275,in_circle
15.778,1,328,0.01001,0.02109,0.0071,-0.0038,0.00510,0.01673,0.02334,1,1,-0.297,-0.259,in_circle
15.823,1,329,0.00961,0.02096,-0.0090,-0.0027,0.00476,0.01751,0.02295,1,1,-0.340,-0.243,in_circle
15.866,1,330,0.00969,0.02113,0.0020,0.0040,0.00323,0.01826,0.02313,1,1,-0.276,-0.248,in_circle
15.909,1,331,0.01001,0.02100,0.0073,-0.0030,0.00467,0.01682,0.02329,1,1,-0.321,-0.276,in_circle
15.954,1,332,0.00970,0.02108,-0.0069,0.0016,0.00382,0.01883,0.02310,1,1,-0.343,-0.248,in_circle
15.997,1,333,0.00992,0.02133,0.0049,0.0058,0.00498,0.01788,0.02343,1,1,-0.287,-0.268,in_circle
16.039,1,334,0.00958,0.02091,-0.0081,-0.0101,0.00239,0.01696,0.02290,1,1,-0.335,-0.285,in_circle
16.086,1,335,0.00976,0.02077,0.0037,-0.0028,0.00175,0.01795,0.02294,1,1,-0.283,-0.222,in_circle
16.132,1,336,0.00984,0.02111,0.0019,0.0073,0.00442,0.01600,0.02323,1,1,-0.331,-0.251,in_circle
16.173,1,337,0.00997,0.02108,0.0030,-0.0006,0.00111,0.01736,0.02331,1,1,-0.325,-0.293,in_circle
16.217,1,338,0.00991,0.02092,-0.0013,-0.0037,0.00207,0.01838,0.02316,1,1,-0.331,-0.262,in_circle
16.261,1,339,0.00974,0.02103,-0.0039,0.0027,0.00230,0.01700,0.02310,1,1,-0.314,-0.250,in_circle
16.305,1,340,0.00978,0.02096,0.0008,-0.0015,0.00133,0.01667,0.02309,1,1,-0.304,-0.276,in_circle
16.348,1,341,0.00959,0.02092,-0.0045,-0.0010,0.00173,0.01717,0.02291,1,1,-0.324,-0.260,in_circle
16.391,1,342,0.00951,0.02114,-0.0019,0.0052,0.00326,0.01778,0.02300,1,1,-0.303,-0.263,in_circle
16.437,1,343,0.00962,0.02120,0.0024,0.0013,0.00187,0.01772,0.02312,1,1,-0.314,-0.288,in_circle
16.481,1,344,0.00953,0.02107,-0.0020,-0.0030,0.00323,0.01833,0.02296,1,1,-0.332,-0.274,in_circle
16.528,1,345,0.00968,0.02109,0.0031,0.0005,0.00603,0.01836,0.02309,1,1,-0.315,-0.257,in_circle
16.567,1,346,0.00976,0.02080,0.0021,-0.0073,0.00563,0.01712,0.02297,1,1,-0.337,-0.272,in_circle
16.614,1,347,0.00944,0.02118,-0.0069,0.0082,0.00633,0.01734,0.02297,1,1,-0.333,-0.241,in_circle
16.657,1,348,0.00993,0.02076,0.0112,-0.0097,0.00596,0.01627,0.02307,1,1,-0.297,-0.304,in_circle
16.700,1,349,0.00975,0.02105,-0.0043,0.0068,0.00610,0.01705,0.02312,1,1,-0.372,-0.232,in_circle
16.744,1,350,0.01011,0.02099,0.0083,-0.0014,0.00715,0.01573,0.02335,1,1,-0.310,-0.299,in_circle
16.789,1,351,0.00984,0.02094,-0.0059,-0.0010,0.00554,0.01510,0.02312,1,1,-0.362,-0.267,in_circle
16.832,1,352,0.01001,0.02118,0.0039,0.0055,0.00903,0.01471,0.02340,1,1,-0.305,-0.269,in_circle
16.881,1,353,0.00969,0.02073,-0.0066,-0.0091,0.00712,0.01434,0.02287,1,1,-0.346,-0.296,in_circle
16.922,1,354,0.00991,0.02099,0.0055,0.0062,0.00720,0.01400,0.02320,1,1,-0.304,-0.238,in_circle
16.965,1,355,0.00991,0.02095,-0.0002,-0.0008,0.00778,0.01407,0.02318,1,1,-0.354,-0.300,in_circle
17.052,1,356,0.01011,0.02077,0.0023,-0.0022,0.00549,0.01384,0.02321,1,1,-0.333,-0.274,in_circle
17.096,1,357,0.00993,0.02073,-0.0041,-0.0008,0.00305,0.01362,0.02305,1,1,-0.344,-0.268,in_circle
17.140,1,358,0.00970,0.02099,-0.0053,0.0058,0.00390,0.01386,0.02304,1,1,-0.318,-0.274,in_circle
17.185,1,359,0.00949,0.02072,-0.0045,-0.0058,0.00445,0.01353,0.02271,1,1,-0.314,-0.302,in_circle
17.230,1,360,0.00970,0.02117,0.0046,0.0101,0.00562,0.01350,0.02316,1,1,-0.317,-0.256,in_circle
17.274,1,361,0.00955,0.02104,-0.0033,-0.0029,0.00496,0.01344,0.02296,1,1,-0.355,-0.321,in_circle
17.318,1,362,0.00961,0.02083,0.0014,-0.0047,0.00438,0.01353,0.02287,1,1,-0.324,-0.269,in_circle
17.362,1,363,0.00946,0.02109,-0.0035,0.0058,0.00637,0.01352,0.02292,1,1,-0.344,-0.262,in_circle
17.406,1,364,0.00957,0.02095,0.0026,-0.0032,0.00359,0.01348,0.02292,1,1,-0.324,-0.305,in_circle
17.447,1,365,0.00990,0.02063,0.0080,-0.0077,0.00594,0.01372,0.02296,1,1,-0.350,-0.270,in_circle
17.493,1,366,0.00986,0.02078,-0.0008,0.0032,0.00592,0.01362,0.02303,1,1,-0.373,-0.252,in_circle
17.536,1,367,0.00967,0.02074,-0.0044,-0.0009,0.00597,0.01214,0.02286,1,1,-0.338,-0.296,in_circle
17.583,1,368,0.00987,0.02089,0.0041,0.0033,0.00447,0.01308,0.02311,1,1,-0.324,-0.280,in_circle
17.627,1,369,0.00991,0.02077,0.0011,-0.0028,0.00583,0.01351,0.02307,1,1,-0.360,-0.298,in_circle
17.671,1,370,0.00978,0.02078,-0.0032,0.0001,0.00498,0.01381,0.02296,1,1,-0.348,-0.274,in_circle
17.713,1,371,0.00970,0.02108,-0.0019,0.0071,0.00593,0.01415,0.02310,1,1,-0.331,-0.286,in_circle
17.757,1,372,0.00983,0.02070,0.0031,-0.0088,0.00610,0.01435,0.02295,1,1,-0.336,-0.316,in_circle
17.800,1,373,0.00994,0.02106,0.0025,0.0086,0.00602,0.01304,0.02327,1,1,-0.356,-0.252,in_circle
17.842,1,374,0.00979,0.02094,-0.0036,-0.0029,0.00842,0.01402,0.02308,1,1,-0.354,-0.323,in_circle
17.888,1,375,0.00980,0.02070,0.0003,-0.0053,0.00633,0.01337,0.02293,1,1,-0.330,-0.277,in_circle
17.933,1,376,0.00976,0.02066,-0.0010,-0.0009,0.00622,0.01313,0.02287,1,1,-0.345,-0.268,in_circle
17.978,1,377,0.00947,0.02060,-0.0064,-0.0012,0.00643,0.01315,0.02261,1,1,-0.340,-0.286,in_circle
18.022,1,378,0.00956,0.02098,0.0021,0.0086,0.00586,0.01422,0.02293,1,1,-0.318,-0.285,in_circle
18.067,1,379,0.00986,0.02094,0.0068,-0.0009,0.00597,0.01233,0.02314,1,1,-0.352,-0.326,in_circle
18.110,1,380,0.00996,0.02113,0.0022,0.0044,0.00617,0.01324,0.02333,1,1,-0.371,-0.289,in_circle
18.154,1,381,0.01001,0.02087,0.0012,-0.0060,0.00802,0.01349,0.02320,1,1,-0.353,-0.311,in_circle
18.196,1,382,0.01000,0.02088,-0.0004,0.0004,0.00686,0.01381,0.02320,1,1,-0.349,-0.270,in_circle
18.238,1,383,0.00937,0.02088,-0.0150,-0.0002,0.00853,0.01506,0.02272,1,1,-0.343,-0.295,in_circle
18.284,1,384,0.00934,0.02080,-0.0007,-0.0016,0.00607,0.01368,0.02264,1,1,-0.283,-0.294,in_circle
18.328,1,385,0.00959,0.02068,0.0058,-0.0027,0.00640,0.01322,0.02276,1,1,-0.340,-0.289,in_circle
18.375,1,386,0.00952,0.02073,-0.0016,0.0010,0.00533,0.01535,0.02274,1,1,-0.367,-0.285,in_circle
18.420,1,387,0.00950,0.02072,-0.0005,-0.0002,0.00652,0.01789,0.02271,1,1,-0.337,-0.300,in_circle
18.462,1,388,0.00984,0.02112,0.0082,0.0094,0.00763,0.01390,0.02323,1,1,-0.341,-0.296,in_circle
18.505,1,389,0.00963,0.02090,-0.0048,-0.0049,0.00695,0.01513,0.02293,1,1,-0.377,-0.336,in_circle
18.547,1,390,0.00978,0.02067,0.0036,-0.0056,0.00716,0.01619,0.02290,1,1,-0.324,-0.279,in_circle
18.591,1,391,0.01004,0.02081,0.0060,0.0032,0.00796,0.01469,0.02319,1,1,-0.358,-0.276,in_circle
18.635,1,392,0.00936,0.02074,-0.0154,-0.0015,0.00758,0.01444,0.02262,1,1,-0.369,-0.312,in_circle
18.681,1,393,0.00975,0.02091,0.0084,0.0036,0.00819,0.01507,0.02303,1,1,-0.281,-0.294,in_circle
18.726,1,394,0.00987,0.02095,0.0027,0.0010,0.00676,0.01527,0.02315,1,1,-0.377,-0.316,in_circle
18.768,1,395,0.00980,0.02085,-0.0017,-0.0025,0.00858,0.01544,0.02303,1,1,-0.355,-0.306,in_circle
18.814,1,396,0.00988,0.02086,0.0018,0.0002,0.00755,0.01321,0.02310,1,1,-0.337,-0.292,in_circle
18.859,1,397,0.00989,0.02069,0.0000,-0.0038,0.00699,0.01452,0.02299,1,1,-0.351,-0.304,in_circle
18.902,1,398,0.00984,0.02074,-0.0010,0.0012,0.00745,0.01365,0.02299,1,1,-0.344,-0.288,in_circle
18.942,1,399,0.00979,0.02074,-0.0013,-0.0000,0.00926,0.01476,0.02295,1,1,-0.340,-0.309,in_circle
18.988,1,400,0.00973,0.02103,-0.0013,0.0064,0.00768,0.01413,0.02309,1,1,-0.339,-0.305,in_circle
19.080,1,401,0.00960,0.02083,-0.0013,-0.0022,0.00717,0.01551,0.02286,1,1,-0.338,-0.332,in_circle
19.122,1,402,0.00988,0.02073,0.0066,-0.0023,0.00795,0.01421,0.02302,1,1,-0.338,-0.298,in_circle
19.167,1,403,0.00982,0.02067,-0.0014,-0.0013,0.00817,0.01610,0.02293,1,1,-0.370,-0.298,in_circle
19.209,1,404,0.00976,0.02094,-0.0015,0.0064,0.00903,0.01461,0.02306,1,1,-0.339,-0.303,in_circle
19.251,1,405,0.00976,0.02105,0.0001,0.0026,0.00771,0.01458,0.02313,1,1,-0.338,-0.335,in_circle
19.297,1,406,0.00970,0.02101,-0.0015,-0.0009,0.00951,0.01542,0.02305,1,1,-0.344,-0.320,in_circle
19.340,1,407,0.00979,0.02079,0.0021,-0.0051,0.00744,0.01480,0.02298,1,1,-0.338,-0.307,in_circle
19.385,1,408,0.00993,0.02104,0.0033,0.0056,0.00901,0.01448,0.02325,1,1,-0.352,-0.290,in_circle
19.427,1,409,0.00975,0.02070,-0.0042,-0.0080,0.00763,0.01412,0.02289,1,1,-0.357,-0.335,in_circle
19.474,1,410,0.00955,0.02075,-0.0044,0.0012,0.00807,0.01365,0.02277,1,1,-0.327,-0.280,in_circle
19.518,1,411,0.00964,0.02101,0.0020,0.0059,0.00854,0.01527,0.02301,1,1,-0.326,-0.318,in_circle
19.560,1,412,0.01024,0.02103,0.0144,0.0004,0.00674,0.01392,0.02348,1,1,-0.352,-0.337,in_circle
19.604,1,413,0.00964,0.02111,-0.0138,0.0019,0.00818,0.01404,0.02307,1,1,-0.403,-0.316,in_circle
19.647,1,414,0.00969,0.02110,0.0012,-0.0001,0.00876,0.01540,0.02311,1,1,-0.288,-0.323,in_circle
19.691,1,415,0.00956,0.02102,-0.0030,-0.0020,0.00706,0.01341,0.02295,1,1,-0.348,-0.316,in_circle
19.737,1,416,0.00955,0.02073,-0.0002,-0.0062,0.00776,0.01322,0.02276,1,1,-0.331,-0.309,in_circle
19.780,1,417,0.00950,0.02079,-0.0012,0.0016,0.01006,0.01400,0.02276,1,1,-0.343,-0.292,in_circle
19.829,1,418,0.01006,0.02078,0.0114,-0.0003,0.00845,0.01273,0.02318,1,1,-0.338,-0.324,in_circle
19.873,1,419,0.00957,0.02090,-0.0110,0.0028,0.00777,0.01337,0.02289,1,1,-0.390,-0.317,in_circle
19.915,1,420,0.00969,0.02084,0.0028,-0.0015,0.00795,0.01340,0.02294,1,1,-0.299,-0.330,in_circle
19.956,1,421,0.00943,0.02094,-0.0065,0.0025,0.00823,0.01295,0.02281,1,1,-0.355,-0.314,in_circle
20.000,1,422,0.00980,0.02098,0.0083,0.0008,0.01084,0.01190,0.02311,1,1,-0.317,-0.330,in_circle
20.043,1,423,0.00968,0.02121,-0.0028,0.0055,0.01122,0.01203,0.02317,1,1,-0.377,-0.324,in_circle
20.088,1,424,0.00962,0.02080,-0.0012,-0.0091,0.00999,0.01235,0.02286,1,1,-0.332,-0.344,in_circle
20.132,1,425,0.00955,0.02074,-0.0016,-0.0013,0.01044,0.01439,0.02277,1,1,-0.339,-0.286,in_circle
20.180,1,426,0.00980,0.02086,0.0051,0.0024,0.01298,0.01293,0.02303,1,1,-0.337,-0.317,in_circle
20.224,1,427,0.00998,0.02103,0.0041,0.0039,0.01212,0.01236,0.02328,1,1,-0.364,-0.333,in_circle
20.267,1,428,0.00971,0.02066,-0.0061,-0.0086,0.01206,0.01472,0.02284,1,1,-0.361,-0.340,in_circle
20.310,1,429,0.00913,0.02069,-0.0135,0.0009,0.01145,0.01349,0.02242,1,1,-0.319,-0.290,in_circle
20.352,1,430,0.00970,0.02076,0.0136,0.0015,0.01239,0.01396,0.02289,1,1,-0.288,-0.328,in_circle
20.396,1,431,0.00951,0.02089,-0.0045,0.0030,0.00813,0.01263,0.02283,1,1,-0.398,-0.332,in_circle
20.440,1,432,0.00992,0.02081,0.0094,-0.0017,0.00809,0.01397,0.02310,1,1,-0.325,-0.339,in_circle
20.485,1,433,0.01035,0.02096,0.0094,0.0031,0.00881,0.01307,0.02352,1,1,-0.382,-0.320,in_circle
20.531,1,434,0.00976,0.02106,-0.0129,0.0022,0.00928,0.01232,0.02313,1,1,-0.383,-0.341,in_circle
20.575,1,435,0.00955,0.02067,-0.0048,-0.0087,0.00862,0.01500,0.02273,1,1,-0.292,-0.338,in_circle
20.617,1,436,0.00951,0.02075,-0.0011,0.0018,0.00873,0.01303,0.02274,1,1,-0.324,-0.294,in_circle
20.661,1,437,0.00952,0.02084,0.0003,0.0021,0.00891,0.01294,0.02281,1,1,-0.339,-0.337,in_circle
20.705,1,438,0.00966,0.02097,0.0032,0.0029,0.00735,0.01315,0.02300,1,1,-0.344,-0.339,in_circle
20.747,1,439,0.00984,0.02084,0.0041,-0.0032,0.00936,0.01403,0.02305,1,1,-0.357,-0.343,in_circle
20.792,1,440,0.00973,0.02074,-0.0023,-0.0022,0.00818,0.01354,0.02291,1,1,-0.361,-0.319,in_circle
20.837,1,441,0.00955,0.02070,-0.0041,-0.0007,0.00860,0.01468,0.02274,1,1,-0.335,-0.323,in_circle
20.884,1,442,0.00969,0.02070,0.0029,-0.0001,0.00910,0.01413,0.02285,1,1,-0.327,-0.330,in_circle
20.926,1,443,0.01000,0.02092,0.0074,0.0054,0.00879,0.01452,0.02323,1,1,-0.355,-0.333,in_circle
20.970,1,444,0.00948,0.02082,-0.0119,-0.0024,0.00881,0.01483,0.02277,1,1,-0.374,-0.356,in_circle
21.013,1,445,0.00971,0.02094,0.0051,0.0028,0.00973,0.01493,0.02301,1,1,-0.296,-0.325,in_circle
21.103,1,446,0.00944,0.02075,-0.0030,-0.0021,0.01260,0.01562,0.02269,1,1,-0.364,-0.348,in_circle
21.144,1,447,0.00959,0.02072,0.0037,-0.0008,0.01277,0.01525,0.02278,1,1,-0.331,-0.328,in_circle
21.187,1,448,0.00963,0.02056,0.0008,-0.0038,0.01172,0.01542,0.02271,1,1,-0.358,-0.334,in_circle
21.233,1,449,0.00957,0.02049,-0.0013,-0.0014,0.01256,0.01604,0.02262,1,1,-0.347,-0.321,in_circle
21.279,1,450,0.00946,0.02048,-0.0024,-0.0003,0.01117,0.01609,0.02253,1,1,-0.338,-0.330,in_circle
21.323,1,451,0.00934,0.02075,-0.0027,0.0062,0.01258,0.01543,0.02261,1,1,-0.334,-0.335,in_circle
21.366,1,452,0.00963,0.02055,0.0066,-0.0047,0.01236,0.01546,0.02270,1,1,-0.332,-0.362,in_circle
21.409,1,453,0.00953,0.02075,-0.0023,0.0048,0.01061,0.01452,0.02276,1,1,-0.370,-0.318,in_circle
21.453,1,454,0.00960,0.02063,0.0016,-0.0027,0.01165,0.01462,0.02274,1,1,-0.334,-0.356,in_circle
21.494,1,455,0.00969,0.02082,0.0022,0.0045,0.01175,0.01595,0.02293,1,1,-0.350,-0.326,in_circle
21.539,1,456,0.00942,0.02073,-0.0062,-0.0020,0.01077,0.01463,0.02266,1,1,-0.353,-0.355,in_circle
21.586,1,457,0.00951,0.02078,0.0020,0.0010,0.01250,0.01489,0.02276,1,1,-0.318,-0.329,in_circle
21.631,1,458,0.00969,0.02071,0.0040,-0.0016,0.01095,0.01586,0.02286,1,1,-0.351,-0.341,in_circle
21.674,1,459,0.00926,0.02088,-0.0103,0.0040,0.01013,0.01477,0.02263,1,1,-0.360,-0.330,in_circle
21.721,1,460,0.00977,0.02067,0.0107,-0.0044,0.01098,0.01556,0.02289,1,1,-0.301,-0.353,in_circle
21.762,1,461,0.00949,0.02082,-0.0068,0.0037,0.01079,0.01385,0.02278,1,1,-0.387,-0.319,in_circle
21.805,1,462,0.00944,0.02073,-0.0014,-0.0022,0.01161,0.01555,0.02267,1,1,-0.316,-0.352,in_circle
21.849,1,463,0.00947,0.02087,0.0006,0.0032,0.01054,0.01427,0.02278,1,1,-0.338,-0.328,in_circle
21.892,1,464,0.00942,0.02087,-0.0010,0.0001,0.01057,0.01323,0.02275,1,1,-0.346,-0.350,in_circle
21.936,1,465,0.00964,0.02097,0.0050,0.0023,0.00892,0.01249,0.02298,1,1,-0.339,-0.338,in_circle
21.983,1,466,0.00974,0.02084,0.0021,-0.0026,0.00861,0.01324,0.02298,1,1,-0.364,-0.347,in_circle
22.024,1,467,0.00962,0.02058,-0.0029,-0.0064,0.00737,0.01308,0.02272,1,1,-0.352,-0.327,in_circle
22.069,1,468,0.00928,0.02095,-0.0075,0.0084,0.00958,0.01469,0.02270,1,1,-0.332,-0.311,in_circle
22.114,1,469,0.00967,0.02072,0.0085,-0.0051,0.00922,0.01320,0.02284,1,1,-0.313,-0.371,in_circle
22.155,1,470,0.00944,0.02083,-0.0056,0.0025,0.01008,0.01434,0.02274,1,1,-0.378,-0.316,in_circle
22.201,1,471,0.00947,0.02089,0.0007,0.0013,0.01065,0.01395,0.02280,1,1,-0.321,-0.347,in_circle
22.245,1,472,0.00991,0.02064,0.0100,-0.0056,0.01075,0.01467,0.02298,1,1,-0.346,-0.343,in_circle
22.288,1,473,0.00966,0.02088,-0.0057,0.0055,0.01007,0.01455,0.02294,1,1,-0.384,-0.314,in_circle
22.334,1,474,0.00942,0.02064,-0.0052,-0.0053,0.00989,0.01416,0.02260,1,1,-0.321,-0.359,in_circle
22.377,1,475,0.00973,0.02098,0.0073,0.0079,0.00961,0.01255,0.02306,1,1,-0.322,-0.315,in_circle
22.423,1,476,0.00978,0.02092,0.0010,-0.0013,0.01060,0.01455,0.02306,1,1,-0.373,-0.369,in_circle
22.467,1,477,0.00956,0.02062,-0.0050,-0.0069,0.00922,0.01434,0.02269,1,1,-0.348,-0.332,in_circle
22.510,1,478,0.00929,0.02039,-0.0064,-0.0053,0.01031,0.01481,0.02234,1,1,-0.323,-0.309,in_circle
22.554,1,479,0.00961,0.02080,0.0074,0.0092,0.00961,0.01434,0.02285,1,1,-0.317,-0.315,in_circle
22.595,1,480,0.01009,0.02086,0.0116,0.0016,0.01095,0.01467,0.02326,1,1,-0.373,-0.374,in_circle
22.641,1,481,0.00969,0.02079,-0.0089,-0.0017,0.00884,0.01367,0.02291,1,1,-0.391,-0.344,in_circle
22.685,1,482,0.00945,0.02079,-0.0056,-0.0000,0.01018,0.01423,0.02272,1,1,-0.308,-0.330,in_circle
22.730,1,483,0.00922,0.02075,-0.0050,-0.0009,0.01178,0.01353,0.02252,1,1,-0.321,-0.337,in_circle
22.772,1,484,0.00956,0.02068,0.0082,-0.0017,0.01268,0.01437,0.02274,1,1,-0.322,-0.333,in_circle
22.817,1,485,0.01013,0.02077,0.0125,0.0020,0.01060,0.01427,0.02323,1,1,-0.376,-0.330,in_circle
22.862,1,486,0.00947,0.02070,-0.0148,-0.0016,0.01213,0.01542,0.02268,1,1,-0.395,-0.345,in_circle
22.907,1,487,0.00924,0.02063,-0.0051,-0.0015,0.01149,0.01575,0.02246,1,1,-0.284,-0.330,in_circle
22.948,1,488,0.00998,0.02067,0.0178,0.0008,0.01091,0.01322,0.02305,1,1,-0.322,-0.331,in_circle
22.991,1,489,0.00961,0.02066,-0.0085,-0.0001,0.01091,0.01385,0.02276,1,1,-0.416,-0.340,in_circle
23.038,1,490,0.00950,0.02070,-0.0023,0.0008,0.01076,0.01434,0.02270,1,1,-0.309,-0.336,in_circle
23.128,1,491,0.00923,0.02073,-0.0030,0.0003,0.00856,0.01553,0.02252,1,1,-0.334,-0.340,in_circle
23.176,1,492,0.00957,0.02067,0.0070,-0.0011,0.01101,0.01372,0.02274,1,1,-0.331,-0.338,in_circle
23.215,1,493,0.00939,0.02066,-0.0046,-0.0003,0.01200,0.01484,0.02259,1,1,-0.371,-0.332,in_circle
23.259,1,494,0.00982,0.02059,0.0099,-0.0017,0.01146,0.01389,0.02288,1,1,-0.325,-0.335,in_circle
23.300,1,495,0.01012,0.02122,0.0072,0.0154,0.01136,0.01288,0.02351,1,1,-0.384,-0.330,in_circle
23.346,1,496,0.00947,0.02078,-0.0140,-0.0096,0.01050,0.01377,0.02273,1,1,-0.374,-0.400,in_circle
23.389,1,497,0.00943,0.02068,-0.0008,-0.0022,0.01099,0.01280,0.02264,1,1,-0.287,-0.299,in_circle
23.435,1,498,0.00953,0.02043,0.0020,-0.0053,0.01248,0.01468,0.02255,1,1,-0.340,-0.328,in_circle
23.488,1,499,0.00939,0.02082,-0.0027,0.0074,0.00727,0.01380,0.02270,1,1,-0.351,-0.315,in_circle
23.567,1,500,0.00951,0.02086,0.0016,0.0005,0.00751,0.01458,0.02282,1,1,-0.332,-0.367,in_circle
23.609,1,501,0.00958,0.02047,0.0017,-0.0094,0.00974,0.01442,0.02262,1,1,-0.350,-0.339,in_circle
23.654,1,502,0.00973,0.02073,0.0033,0.0058,0.00844,0.01293,0.02290,1,1,-0.350,-0.299,in_circle
23.696,1,503,0.00957,0.02070,-0.0037,-0.0009,0.00880,0.01432,0.02275,1,1,-0.357,-0.360,in_circle
23.740,1,504,0.01000,0.02062,0.0099,-0.0016,0.00654,0.01392,0.02304,1,1,-0.329,-0.333,in_circle
23.785,1,505,0.00968,0.02081,-0.0071,0.0041,0.00949,0.01241,0.02291,1,1,-0.384,-0.330,in_circle
23.832,1,506,0.00950,0.02095,-0.0037,0.0030,0.00791,0.01337,0.02287,1,1,-0.315,-0.353,in_circle
23.877,1,507,0.00929,0.02059,-0.0048,-0.0080,0.01034,0.01324,0.02247,1,1,-0.329,-0.349,in_circle
23.919,1,508,0.00963,0.02075,0.0079,0.0038,0.01219,0.01472,0.02283,1,1,-0.324,-0.304,in_circle
23.964,1,509,0.00989,0.02118,0.0058,0.0094,0.01186,0.01505,0.02331,1,1,-0.375,-0.352,in_circle
24.006,1,510,0.00955,0.02062,-0.0082,-0.0134,0.00940,0.01316,0.02269,1,1,-0.367,-0.376,in_circle
24.051,1,511,0.00908,0.02071,-0.0103,0.0020,0.01177,0.01538,0.02239,1,1,-0.311,-0.283,in_circle
24.092,1,512,0.00930,0.02073,0.0055,0.0005,0.01048,0.01422,0.02257,1,1,-0.301,-0.345,in_circle
24.138,1,513,0.00985,0.02103,0.0121,0.0064,0.00897,0.01345,0.02318,1,1,-0.365,-0.339,in_circle
24.185,1,514,0.00944,0.02110,-0.0088,0.0016,0.01125,0.01447,0.02292,1,1,-0.392,-0.363,in_circle
24.229,1,515,0.00940,0.02062,-0.0009,-0.0109,0.01123,0.01411,0.02257,1,1,-0.308,-0.344,in_circle
24.272,1,516,0.00922,0.02078,-0.0042,0.0039,0.01233,0.01331,0.02255,1,1,-0.339,-0.293,in_circle
24.315,1,517,0.00945,0.02055,0.0051,-0.0054,0.01230,0.01490,0.02256,1,1,-0.326,-0.353,in_circle
24.358,1,518,0.00963,0.02077,0.0042,0.0051,0.01017,0.01417,0.02285,1,1,-0.364,-0.315,in_circle
24.401,1,519,0.00968,0.02076,0.0012,-0.0003,0.01178,0.01335,0.02288,1,1,-0.360,-0.358,in_circle
24.444,1,520,0.00937,0.02026,-0.0072,-0.0116,0.00990,0.01534,0.02232,1,1,-0.348,-0.336,in_circle
24.488,1,521,0.00943,0.02064,0.0015,0.0085,0.01060,0.01453,0.02261,1,1,-0.314,-0.289,in_circle
24.535,1,522,0.00963,0.02080,0.0043,0.0034,0.01169,0.01268,0.02287,1,1,-0.349,-0.371,in_circle
24.580,1,523,0.00923,0.02068,-0.0090,-0.0026,0.00807,0.01503,0.02248,1,1,-0.361,-0.351,in_circle
24.623,1,524,0.00939,0.02090,0.0038,0.0050,0.01082,0.01392,0.02275,1,1,-0.306,-0.326,in_circle
24.665,1,525,0.00981,0.02094,0.0101,0.0010,0.01244,0.01338,0.02309,1,1,-0.358,-0.357,in_circle
24.710,1,526,0.00955,0.02071,-0.0058,-0.0052,0.01169,0.01533,0.02275,1,1,-0.384,-0.341,in_circle
24.751,1,527,0.00926,0.02092,-0.0072,0.0052,0.01199,0.01349,0.02266,1,1,-0.320,-0.316,in_circle
24.796,1,528,0.00945,0.02087,0.0043,-0.0011,0.01091,0.01521,0.02278,1,1,-0.314,-0.358,in_circle
24.839,1,529,0.00972,0.02108,0.0065,0.0048,0.01179,0.01375,0.02312,1,1,-0.360,-0.333,in_circle
24.883,1,530,0.00936,0.02071,-0.0082,-0.0081,0.01090,0.01459,0.02260,1,1,-0.370,-0.357,in_circle
24.932,1,531,0.00928,0.02089,-0.0016,0.0035,0.01250,0.01489,0.02266,1,1,-0.310,-0.304,in_circle
24.974,1,532,0.00898,0.02052,-0.0071,-0.0087,0.01148,0.01385,0.02219,1,1,-0.336,-0.351,in_circle
25.019,1,533,0.00922,0.02069,0.0054,0.0039,0.00871,0.01412,0.02249,1,1,-0.314,-0.302,in_circle
25.060,1,534,0.00924,0.02071,0.0003,0.0003,0.00945,0.01317,0.02250,1,1,-0.364,-0.352,in_circle
25.148,1,535,0.00884,0.02003,-0.0045,-0.0077,0.00959,0.01258,0.02176,1,1,-0.344,-0.338,in_circle
25.192,1,536,0.00834,0.01929,-0.0113,-0.0168,0.00795,0.01340,0.02091,1,1,-0.323,-0.304,in_circle
25.238,1,537,0.00704,0.01853,-0.0282,-0.0165,0.00914,0.01404,0.01943,1,1,-0.295,-0.266,in_circle
25.284,1,538,0.00584,0.01729,-0.0263,-0.0271,0.00686,0.01452,0.01770,1,1,-0.224,-0.265,in_circle
25.330,1,539,0.00590,0.01658,0.0013,-0.0155,0.00295,0.01535,0.01731,1,1,-0.229,-0.220,in_circle
25.375,1,540,0.00448,0.01559,-0.0314,-0.0218,-0.00044,0.01901,0.01559,1,1,-0.339,-0.264,in_circle
25.415,1,541,0.00380,0.01472,-0.0168,-0.0216,-0.00097,0.02157,0.01452,1,1,-0.205,-0.237,in_circle
25.460,1,542,0.00167,0.01340,-0.0474,-0.0295,0.00089,0.02346,0.01202,1,1,-0.262,-0.235,in_circle
25.503,1,543,0.00015,0.01172,-0.0354,-0.0390,-0.00021,0.02351,0.00980,1,1,-0.134,-0.201,in_circle
25.543,1,544,-0.00146,0.00910,-0.0402,-0.0653,-0.00122,0.02412,0.00706,1,1,-0.178,-0.158,in_circle
25.588,1,545,-0.00358,0.00689,-0.0468,-0.0488,-0.00280,0.02590,0.00431,1,1,-0.155,-0.047,in_circle
25.634,1,546,-0.00500,0.00488,-0.0315,-0.0445,-0.00857,0.02777,0.00301,1,1,-0.123,-0.107,in_circle
25.676,1,547,-0.00689,0.00329,-0.0444,-0.0375,-0.02248,0.03299,0.00286,1,1,-0.181,-0.119,in_circle
25.721,1,548,-0.00769,0.00121,-0.0178,-0.0460,-0.02371,0.03495,0.00479,1,1,-0.125,-0.143,in_circle
25.765,1,549,-0.00898,-0.00014,-0.0290,-0.0304,-0.01807,0.03651,0.00625,1,1,-0.229,-0.104,in_circle
25.809,1,550,-0.01085,-0.00179,-0.0432,-0.0382,-0.01785,0.03611,0.00836,1,1,-0.181,-0.162,in_circle
25.853,1,551,-0.01292,-0.00395,-0.0473,-0.0494,-0.01640,0.03464,0.01119,1,1,-0.119,-0.127,in_circle
25.895,1,552,-0.01493,-0.00639,-0.0471,-0.0571,-0.00927,0.03740,0.01429,1,1,-0.098,-0.076,in_circle
25.940,1,553,-0.01690,-0.00917,-0.0443,-0.0625,-0.00945,0.03619,0.01769,1,1,-0.093,-0.039,in_circle
25.986,1,554,-0.01866,-0.01168,-0.0380,-0.0540,-0.01097,0.03795,0.02075,1,1,-0.099,-0.010,in_circle
26.033,1,555,-0.02060,-0.01460,-0.0410,-0.0619,-0.01230,0.03820,0.02425,1,1,-0.119,-0.036,in_circle
26.075,1,556,-0.02233,-0.01715,-0.0413,-0.0606,-0.01629,0.03634,0.02733,1,1,-0.102,0.003,in_circle
26.119,1,557,-0.02361,-0.02079,-0.0294,-0.0839,-0.01480,0.03586,0.03111,1,1,-0.096,0.006,in_circle
26.161,1,558,-0.02527,-0.02227,-0.0390,-0.0346,-0.01847,0.03681,0.03323,1,1,-0.139,0.109,in_circle
26.205,1,559,-0.02734,-0.02451,-0.0477,-0.0518,-0.02415,0.03689,0.03623,1,1,-0.096,-0.083,in_circle
26.246,1,560,-0.02925,-0.02743,-0.0464,-0.0707,-0.02999,0.03418,0.03972,1,1,-0.055,-0.007,in_circle
26.291,1,561,-0.03108,-0.02993,-0.0409,-0.0562,-0.02740,0.03549,0.04281,1,1,-0.055,0.077,in_circle
26.335,1,562,-0.03295,-0.03229,-0.0420,-0.0530,-0.02457,0.03619,0.04581,0,1,-0.072,0.025,running
26.380,1,563,-0.03453,-0.03423,-0.0353,-0.0433,-0.02891,0.03406,0.04830,0,1,-0.064,0.020,running
26.427,1,564,-0.03580,-0.03568,-0.0272,-0.0311,-0.02515,0.03592,0.05021,0,1,-0.083,-0.008,running
26.469,1,565,-0.03701,-0.03718,-0.0285,-0.0351,-0.02739,0.03646,0.05213,0,1,-0.107,-0.045,running
26.516,1,566,-0.03839,-0.03791,-0.0296,-0.0158,-0.01993,0.03630,0.05352,0,1,-0.097,-0.023,running
26.558,1,567,-0.03942,-0.03933,-0.0241,-0.0335,-0.01390,0.03765,0.05527,0,1,-0.087,-0.085,running
26.601,1,568,-0.03982,-0.04044,-0.0096,-0.0261,-0.01313,0.03784,0.05641,0,1,-0.100,-0.015,running
26.643,1,569,-0.04055,-0.04147,-0.0169,-0.0243,-0.00920,0.03829,0.05767,0,1,-0.146,-0.033,running
26.688,1,570,-0.04083,-0.04315,-0.0062,-0.0370,-0.00986,0.03759,0.05921,0,1,-0.116,-0.032,running
26.734,1,571,-0.04092,-0.04456,-0.0021,-0.0310,-0.00998,0.03719,0.06044,0,1,-0.147,0.019,running
26.779,1,572,-0.04017,-0.04632,0.0166,-0.0390,-0.01080,0.03616,0.06153,0,1,-0.156,0.009,running
26.824,1,573,-0.03964,-0.04784,0.0120,-0.0341,-0.01508,0.03545,0.06255,0,1,-0.214,0.044,running
26.867,1,574,-0.03923,-0.04969,0.0094,-0.0428,-0.01666,0.03508,0.06395,0,1,-0.198,0.037,running
26.909,1,575,-0.03893,-0.05207,0.0072,-0.0566,-0.02216,0.03418,0.06589,0,1,-0.188,0.075,running
26.952,1,576,-0.03847,-0.05405,0.0108,-0.0461,-0.02472,0.03171,0.06742,0,1,-0.177,0.130,running
27.004,1,577,-0.03822,-0.05597,0.0047,-0.0365,-0.02634,0.02821,0.06903,0,1,-0.185,0.110,running
27.040,1,578,-0.03773,-0.05810,0.0139,-0.0606,-0.03493,0.02675,0.07074,0,1,-0.164,0.096,running
27.085,1,579,-0.03746,-0.05965,0.0058,-0.0337,-0.03521,0.02686,0.07204,0,1,-0.188,0.176,running
27.177,1,580,-0.03747,-0.06208,-0.0001,-0.0265,-0.04033,0.02626,0.07427,0,1,-0.161,0.117,running
27.218,1,581,-0.03799,-0.06300,-0.0128,-0.0226,-0.04020,0.02527,0.07532,0,1,-0.141,0.115,running
27.265,1,582,-0.03807,-0.06337,-0.0017,-0.0079,-0.03854,0.02640,0.07568,0,1,-0.103,0.114,running
27.348,1,583,-0.03858,-0.06504,-0.0061,-0.0201,-0.03499,0.02883,0.07742,0,1,-0.129,0.082,running
27.392,1,584,-0.03892,-0.06498,-0.0078,0.0013,-0.03037,0.02921,0.07750,0,1,-0.111,0.131,running
27.436,1,585,-0.03960,-0.06469,-0.0155,0.0065,-0.03195,0.02966,0.07752,0,1,-0.104,0.081,running
27.482,1,586,-0.04014,-0.06446,-0.0115,0.0049,-0.02973,0.03006,0.07753,0,1,-0.080,0.070,running
27.527,1,587,-0.04107,-0.06424,-0.0209,0.0049,-0.02809,0.03188,0.07772,0,1,-0.086,0.076,running
27.570,1,588,-0.04207,-0.06503,-0.0229,-0.0182,-0.02533,0.03287,0.07886,0,1,-0.057,0.079,running
27.613,1,589,-0.04283,-0.06492,-0.0179,0.0025,-0.02613,0.03504,0.07910,0,1,-0.045,0.146,running
27.655,1,590,-0.04216,-0.06493,0.0161,-0.0003,-0.02651,0.03469,0.07882,0,1,-0.052,0.099,running
27.700,1,591,-0.04127,-0.06496,0.0195,-0.0007,-0.02763,0.03646,0.07846,0,1,-0.137,0.108,running
27.744,1,592,-0.04065,-0.06502,0.0141,-0.0013,-0.02676,0.03700,0.07825,0,1,-0.149,0.111,running
27.788,1,593,-0.04017,-0.06508,0.0111,-0.0015,-0.02738,0.03616,0.07811,0,1,-0.138,0.115,running
27.834,1,594,-0.03969,-0.06526,0.0103,-0.0038,-0.02845,0.03596,0.07807,0,1,-0.131,0.119,running
27.881,1,595,-0.03998,-0.06514,-0.0061,0.0025,-0.02663,0.03565,0.07808,0,1,-0.130,0.128,running
27.923,1,596,-0.04000,-0.06527,-0.0007,-0.0030,-0.02710,0.03590,0.07821,0,1,-0.086,0.116,running
27.965,1,597,-0.03976,-0.06517,0.0058,0.0024,-0.02625,0.03569,0.07802,0,1,-0.098,0.133,running
28.010,1,598,-0.03986,-0.06534,-0.0023,-0.0038,-0.02698,0.03573,0.07822,0,1,-0.114,0.122,running
28.052,1,599,-0.03990,-0.06547,-0.0009,-0.0031,-0.02883,0.03589,0.07835,0,1,-0.092,0.142,running
28.096,1,600,-0.03994,-0.06545,-0.0009,0.0006,-0.03198,0.03675,0.07835,0,1,-0.094,0.144,running
28.139,1,601,-0.04001,-0.06523,-0.0014,0.0051,-0.03190,0.03819,0.07817,0,1,-0.092,0.138,running
28.184,1,602,-0.03996,-0.06546,0.0011,-0.0052,-0.03344,0.03610,0.07836,0,1,-0.089,0.128,running
28.231,1,603,-0.03998,-0.06515,-0.0005,0.0067,-0.03370,0.03573,0.07809,0,1,-0.094,0.159,running
28.276,1,604,-0.04005,-0.06539,-0.0015,-0.0051,-0.03320,0.03784,0.07834,0,1,-0.089,0.130,running
28.319,1,605,-0.03995,-0.06517,0.0022,0.0052,-0.03394,0.03661,0.07809,0,1,-0.084,0.165,running
28.362,1,606,-0.03994,-0.06520,0.0003,-0.0007,-0.03352,0.03615,0.07812,0,1,-0.093,0.140,running
28.407,1,607,-0.04011,-0.06532,-0.0039,-0.0027,-0.03263,0.03749,0.07830,0,1,-0.087,0.158,running
28.447,1,608,-0.03997,-0.06531,0.0037,0.0003,-0.03345,0.03728,0.07823,0,1,-0.074,0.167,running
28.492,1,609,-0.03978,-0.06519,0.0041,0.0026,-0.03370,0.03755,0.07805,0,1,-0.092,0.163,running
28.536,1,610,-0.03978,-0.06517,0.0001,0.0006,-0.03373,0.03695,0.07802,0,1,-0.093,0.159,running
28.581,1,611,-0.03992,-0.06521,-0.0032,-0.0009,-0.03373,0.03695,0.07812,0,1,-0.082,0.167,running
28.631,1,612,-0.04000,-0.06533,-0.0016,-0.0024,-0.03312,0.03691,0.07826,0,1,-0.071,0.174,running
28.672,1,613,-0.04001,-0.06519,-0.0003,0.0032,-0.03384,0.03757,0.07814,0,1,-0.073,0.183,running
28.715,1,614,-0.03997,-0.06520,0.0009,-0.0002,-0.03355,0.03644,0.07813,0,1,-0.075,0.171,running
28.758,1,615,-0.03998,-0.06521,-0.0001,-0.0001,-0.03312,0.03691,0.07814,0,1,-0.077,0.182,running
28.801,1,616,-0.03981,-0.06482,0.0039,0.0089,-0.03318,0.03727,0.07772,0,1,-0.073,0.185,running
28.843,1,617,-0.03999,-0.06534,-0.0043,-0.0123,-0.03373,0.03695,0.07826,0,1,-0.083,0.162,running
28.890,1,618,-0.04001,-0.06511,-0.0003,0.0047,-0.03441,0.03697,0.07807,0,1,-0.060,0.222,running
28.935,1,619,-0.03996,-0.06526,0.0009,-0.0033,-0.03445,0.03685,0.07818,0,1,-0.068,0.182,running
28.978,1,620,-0.04002,-0.06522,-0.0012,0.0010,-0.03743,0.03853,0.07816,0,1,-0.070,0.206,running
29.023,1,621,-0.03984,-0.06483,0.0040,0.0087,-0.03649,0.03776,0.07774,0,1,-0.063,0.198,running
29.067,1,622,-0.03989,-0.06488,-0.0012,-0.0012,-0.03716,0.03830,0.07781,0,1,-0.076,0.179,running
29.109,1,623,-0.03978,-0.06480,0.0026,0.0019,-0.03693,0.03802,0.07769,0,1,-0.061,0.207,running
29.195,1,624,-0.03996,-0.06494,-0.0021,-0.0016,-0.03751,0.03841,0.07789,0,1,-0.069,0.205,running
29.240,1,625,-0.04011,-0.06486,-0.0033,0.0017,-0.03716,0.03830,0.07788,0,1,-0.054,0.218,running
29.284,1,626,-0.04005,-0.06476,0.0014,0.0022,-0.03689,0.03844,0.07777,0,1,-0.049,0.212,running
29.329,1,627,-0.04072,-0.06473,-0.0149,0.0007,-0.03740,0.03856,0.07802,0,1,-0.060,0.213,running
29.376,1,628,-0.04091,-0.06474,-0.0041,-0.0001,-0.03665,0.03883,0.07811,0,1,-0.015,0.221,running
29.419,1,629,-0.04104,-0.06456,-0.0028,0.0042,-0.03731,0.03850,0.07800,0,1,-0.039,0.227,running
29.462,1,630,-0.04177,-0.06400,-0.0168,0.0129,-0.03662,0.03960,0.07780,0,1,-0.040,0.218,running
29.506,1,631,-0.04196,-0.06425,-0.0044,-0.0059,-0.03730,0.04045,0.07811,0,1,-0.001,0.196,running
29.549,1,632,-0.04176,-0.06384,0.0046,0.0095,-0.03698,0.04161,0.07766,0,1,-0.029,0.248,running
29.592,1,633,-0.04165,-0.06423,0.0025,-0.0091,-0.03755,0.04198,0.07796,0,1,-0.052,0.209,running
29.637,1,634,-0.04176,-0.06440,-0.0024,-0.0038,-0.04020,0.04412,0.07816,0,1,-0.045,0.261,running
29.680,1,635,-0.04178,-0.06452,-0.0005,-0.0026,-0.03930,0.04383,0.07827,0,1,-0.031,0.253,running
29.726,1,636,-0.04171,-0.06452,0.0014,-0.0001,-0.04208,0.04396,0.07825,0,1,-0.034,0.254,running
29.768,1,637,-0.04175,-0.06470,-0.0008,-0.0041,-0.04206,0.04560,0.07842,0,1,-0.037,0.251,running
29.812,1,638,-0.04176,-0.06432,-0.0003,0.0086,-0.04202,0.04463,0.07809,0,1,-0.030,0.265,running
29.856,1,639,-0.04168,-0.06449,0.0017,-0.0040,-0.04246,0.04306,0.07821,0,1,-0.030,0.234,running
29.899,1,640,-0.04180,-0.06425,-0.0027,0.0056,-0.04286,0.04362,0.07805,0,1,-0.034,0.269,running
29.944,1,641,-0.04165,-0.06403,0.0033,0.0050,-0.04388,0.04396,0.07778,0,1,-0.021,0.247,running
29.988,1,642,-0.04166,-0.06391,-0.0003,0.0026,-0.04301,0.04360,0.07768,0,1,-0.035,0.250,running
30.034,1,643,-0.04174,-0.06409,-0.0018,-0.0040,-0.04415,0.04299,0.07788,0,1,-0.025,0.258,running
30.077,1,644,-0.04094,-0.06383,0.0183,0.0060,-0.04381,0.04317,0.07730,0,1,-0.019,0.279,running
30.122,1,645,-0.04078,-0.06367,0.0037,0.0035,-0.04251,0.04408,0.07708,0,1,-0.073,0.254,running
30.166,1,646,-0.04095,-0.06378,-0.0039,-0.0025,-0.04208,0.04331,0.07726,0,1,-0.036,0.262,running
30.209,1,647,-0.04068,-0.06358,0.0064,0.0048,-0.04265,0.04238,0.07695,0,1,-0.014,0.281,running
30.252,1,648,-0.04057,-0.06318,0.0024,0.0092,-0.04393,0.04193,0.07655,0,1,-0.040,0.264,running
30.297,1,649,-0.04084,-0.06266,-0.0059,0.0117,-0.04314,0.04115,0.07619,0,1,-0.030,0.252,running
30.340,1,650,-0.04063,-0.06236,0.0049,0.0068,-0.04237,0.04222,0.07584,0,1,-0.007,0.245,running
30.383,1,651,-0.04094,-0.06166,-0.0072,0.0162,-0.04311,0.04150,0.07534,0,1,-0.034,0.258,running
30.428,1,652,-0.04095,-0.06097,-0.0001,0.0153,-0.04172,0.04243,0.07473,0,1,-0.001,0.232,running
30.474,1,653,-0.04062,-0.05974,0.0070,0.0269,-0.04187,0.04199,0.07348,0,1,-0.019,0.232,running
30.518,1,654,-0.04041,-0.05885,0.0048,0.0203,-0.04000,0.04253,0.07259,0,1,-0.040,0.194,running
30.560,1,655,-0.03990,-0.05761,0.0119,0.0290,-0.04010,0.04227,0.07125,0,1,-0.035,0.207,running
30.605,1,656,-0.03993,-0.05614,-0.0005,0.0333,-0.03661,0.04270,0.06995,0,1,-0.058,0.175,running
30.646,1,657,-0.03950,-0.05464,0.0102,0.0358,-0.03629,0.04193,0.06843,0,1,-0.024,0.154,running
30.692,1,658,-0.03860,-0.05322,0.0200,0.0315,-0.03578,0.04082,0.06675,0,1,-0.058,0.137,running
30.736,1,659,-0.03759,-0.05218,0.0227,0.0233,-0.03139,0.04011,0.06536,0,1,-0.092,0.140,running
30.785,1,660,-0.03695,-0.05105,0.0132,0.0234,-0.02988,0.03943,0.06406,0,1,-0.106,0.157,running
30.827,1,661,-0.03590,-0.05021,0.0246,0.0198,-0.02855,0.03865,0.06284,0,1,-0.081,0.150,running
30.871,1,662,-0.03455,-0.04937,0.0307,0.0191,-0.02970,0.03683,0.06149,0,1,-0.121,0.156,running
30.915,1,663,-0.03374,-0.04837,0.0183,0.0226,-0.02899,0.03564,0.06024,0,1,-0.147,0.153,running
30.958,1,664,-0.03257,-0.04785,0.0274,0.0121,-0.02904,0.03515,0.05927,0,1,-0.112,0.136,running
31.002,1,665,-0.03167,-0.04704,0.0201,0.0181,-0.02836,0.03373,0.05817,0,1,-0.147,0.167,running
31.045,1,666,-0.03042,-0.04628,0.0296,0.0182,-0.02803,0.03291,0.05696,0,1,-0.127,0.143,running
31.088,1,667,-0.02963,-0.04607,0.0182,0.0048,-0.02772,0.03224,0.05646,0,1,-0.165,0.139,running
31.135,1,668,-0.02911,-0.04567,0.0111,0.0084,-0.02795,0.03303,0.05589,0,1,-0.129,0.183,running
31.224,1,669,-0.02779,-0.04418,0.0148,0.0168,-0.03081,0.03080,0.05402,0,1,-0.106,0.173,running
31.266,1,670,-0.02735,-0.04339,0.0104,0.0186,-0.03345,0.03024,0.05312,0,1,-0.125,0.136,running
31.311,1,671,-0.02723,-0.04239,0.0029,0.0226,-0.03264,0.03101,0.05214,0,1,-0.112,0.127,running
31.352,1,672,-0.02701,-0.04211,0.0053,0.0068,-0.03313,0.03012,0.05180,0,1,-0.086,0.109,running
31.396,1,673,-0.02707,-0.04124,-0.0015,0.0201,-0.03254,0.03111,0.05102,0,1,-0.095,0.164,running
31.440,1,674,-0.02720,-0.04039,-0.0028,0.0192,-0.03077,0.02980,0.05028,0,1,-0.071,0.114,running
31.483,1,675,-0.02786,-0.03995,-0.0154,0.0102,-0.03122,0.03020,0.05014,0,1,-0.066,0.115,running
31.530,1,676,-0.02830,-0.03873,-0.0095,0.0264,-0.02887,0.03259,0.04920,0,1,-0.018,0.147,running
31.576,1,677,-0.02912,-0.03768,-0.0175,0.0224,-0.03076,0.03389,0.04861,0,1,-0.037,0.084,running
31.619,1,678,-0.02949,-0.03619,-0.0087,0.0351,-0.03153,0.03578,0.04744,0,1,-0.005,0.096,running
31.662,1,679,-0.03008,-0.03513,-0.0136,0.0243,-0.02940,0.03890,0.04677,0,1,-0.036,0.043,running
31.705,1,680,-0.03050,-0.03352,-0.0099,0.0378,-0.03009,0.03890,0.04557,0,1,-0.015,0.079,running
31.749,1,681,-0.03085,-0.03211,-0.0080,0.0321,-0.02260,0.04207,0.04454,1,1,-0.028,0.022,in_circle
31.793,1,682,-0.03106,-0.03155,-0.0046,0.0127,-0.02129,0.04197,0.04417,1,1,-0.034,0.038,in_circle
31.839,1,683,-0.03102,-0.02996,0.0009,0.0348,-0.01882,0.04295,0.04280,1,1,-0.046,0.112,in_circle
31.882,1,684,-0.03196,-0.02873,-0.0220,0.0287,-0.01652,0.04488,0.04231,1,1,-0.068,0.020,in_circle
31.926,1,685,-0.03204,-0.02812,-0.0016,0.0137,-0.01860,0.04254,0.04185,1,1,0.025,0.040,in_circle
31.970,1,686,-0.03181,-0.02702,0.0052,0.0252,-0.01592,0.04401,0.04083,1,1,-0.054,0.098,in_circle
32.015,1,687,-0.03186,-0.02599,-0.0011,0.0226,-0.01748,0.04387,0.04003,1,1,-0.082,0.048,in_circle
32.058,1,688,-0.03164,-0.02515,0.0053,0.0200,-0.02050,0.04230,0.03922,1,1,-0.056,0.056,in_circle
32.100,1,689,-0.03162,-0.02442,0.0004,0.0172,-0.02001,0.04214,0.03864,1,1,-0.082,0.065,in_circle
32.145,1,690,-0.03171,-0.02353,-0.0019,0.0199,-0.02119,0.04291,0.03799,1,1,-0.061,0.076,in_circle
32.190,1,691,-0.03149,-0.02184,0.0049,0.0377,-0.02283,0.04138,0.03655,1,1,-0.050,0.064,in_circle
32.231,1,692,-0.03105,-0.02132,0.0107,0.0127,-0.02533,0.04057,0.03587,1,1,-0.077,-0.010,in_circle
32.280,1,693,-0.03124,-0.02039,-0.0039,0.0187,-0.02529,0.04204,0.03530,1,1,-0.101,0.090,in_circle
32.324,1,694,-0.03095,-0.01936,0.0066,0.0235,-0.02363,0.04132,0.03434,1,1,-0.041,0.065,in_circle
32.367,1,695,-0.03141,-0.01850,-0.0107,0.0202,-0.02821,0.04087,0.03402,1,1,-0.082,0.044,in_circle
32.411,1,696,-0.03140,-0.01736,0.0002,0.0257,-0.02773,0.03911,0.03321,1,1,-0.011,0.056,in_circle
32.452,1,697,-0.03112,-0.01688,0.0068,0.0118,-0.02659,0.04119,0.03267,1,1,-0.053,0.032,in_circle
32.496,1,698,-0.03075,-0.01655,0.0084,0.0075,-0.02620,0.04084,0.03217,1,1,-0.080,0.088,in_circle
32.541,1,699,-0.03133,-0.01455,-0.0129,0.0444,-0.02522,0.04011,0.03124,1,1,-0.086,0.105,in_circle
32.585,1,700,-0.03128,-0.01386,0.0011,0.0159,-0.02792,0.04012,0.03075,1,1,0.002,-0.047,in_circle
32.629,1,701,-0.03133,-0.01281,-0.0011,0.0238,-0.02459,0.03819,0.03012,1,1,-0.053,0.067,in_circle
32.672,1,702,-0.03105,-0.01188,0.0064,0.0212,-0.01823,0.04159,0.02933,1,1,-0.043,0.033,in_circle
32.719,1,703,-0.03167,-0.01049,-0.0135,0.0300,-0.02132,0.03894,0.02901,1,1,-0.073,0.042,in_circle
32.762,1,704,-0.03220,-0.00940,-0.0121,0.0250,-0.02003,0.04021,0.02885,1,1,0.009,0.004,in_circle
32.805,1,705,-0.03224,-0.00858,-0.0009,0.0191,-0.02075,0.03878,0.02845,1,1,0.006,0.022,in_circle
32.849,1,706,-0.03252,-0.00697,-0.0065,0.0367,-0.01934,0.04169,0.02792,1,1,-0.038,0.044,in_circle
32.892,1,707,-0.03231,-0.00645,0.0048,0.0120,-0.02105,0.04025,0.02750,1,1,-0.014,-0.030,in_circle
32.947,1,708,-0.03273,-0.00550,-0.0076,0.0173,-0.02084,0.04162,0.02746,1,1,-0.058,0.068,in_circle
33.026,1,709,-0.03345,-0.00494,-0.0091,0.0072,-0.02118,0.04043,0.02789,1,1,-0.006,0.045,in_circle
33.072,1,710,-0.03413,-0.00470,-0.0146,0.0051,-0.02001,0.04024,0.02842,1,1,0.004,0.085,in_circle
33.117,1,711,-0.03448,-0.00489,-0.0079,-0.0044,-0.02100,0.03975,0.02882,1,1,0.029,0.093,in_circle
33.158,1,712,-0.03476,-0.00510,-0.0067,-0.0051,-0.02225,0.03899,0.02915,1,1,0.004,0.133,in_circle
33.243,1,713,-0.03547,-0.00536,-0.0084,-0.0030,-0.03222,0.04211,0.02991,1,1,0.002,0.137,in_circle
33.287,1,714,-0.03546,-0.00523,0.0003,0.0029,-0.03427,0.04456,0.02985,1,1,0.012,0.130,in_circle
33.333,1,715,-0.03500,-0.00456,0.0100,0.0149,-0.03372,0.04254,0.02918,1,1,-0.022,0.106,in_circle
33.379,1,716,-0.03526,-0.00438,-0.0057,0.0038,-0.03280,0.04307,0.02936,1,1,-0.061,0.057,in_circle
33.423,1,717,-0.03463,-0.00389,0.0143,0.0112,-0.03309,0.04360,0.02859,1,1,0.004,0.101,in_circle
33.467,1,718,-0.03473,-0.00381,-0.0023,0.0017,-0.03031,0.04295,0.02866,1,1,-0.076,0.071,in_circle
33.508,1,719,-0.03466,-0.00338,0.0016,0.0102,-0.03039,0.04292,0.02845,1,1,-0.008,0.109,in_circle
33.553,1,720,-0.03456,-0.00359,0.0023,-0.0045,-0.02873,0.04143,0.02842,1,1,-0.023,0.074,in_circle
33.595,1,721,-0.03498,-0.00345,-0.0101,0.0032,-0.02698,0.04066,0.02878,1,1,-0.025,0.134,in_circle
33.642,1,722,-0.03499,-0.00396,-0.0003,-0.0108,-0.02717,0.04138,0.02896,1,1,0.027,0.103,in_circle
33.684,1,723,-0.03494,-0.00365,0.0012,0.0072,-0.02716,0.04271,0.02881,1,1,-0.011,0.161,in_circle
33.731,1,724,-0.03490,-0.00387,0.0008,-0.0046,-0.02813,0.04166,0.02884,1,1,-0.016,0.089,in_circle
33.776,1,725,-0.03508,-0.00354,-0.0038,0.0071,-0.02963,0.04352,0.02890,1,1,-0.013,0.137,in_circle
33.817,1,726,-0.03499,-0.00363,0.0022,-0.0022,-0.02801,0.04272,0.02884,1,1,0.007,0.090,in_circle
33.862,1,727,-0.03500,-0.00352,-0.0002,0.0025,-0.02950,0.04448,0.02882,1,1,-0.016,0.128,in_circle
33.903,1,728,-0.03480,-0.00372,0.0047,-0.0050,-0.02616,0.04394,0.02870,1,1,-0.005,0.109,in_circle
33.948,1,729,-0.03484,-0.00365,-0.0007,0.0016,-0.02848,0.04287,0.02871,1,1,-0.024,0.140,in_circle
33.992,1,730,-0.03507,-0.00374,-0.0053,-0.0020,-0.02909,0.04464,0.02896,1,1,-0.001,0.114,in_circle
34.038,1,731,-0.03490,-0.00358,0.0038,0.0035,-0.02941,0.04423,0.02874,1,1,0.019,0.129,in_circle
34.082,1,732,-0.03471,-0.00347,0.0042,0.0026,-0.02939,0.04368,0.02852,1,1,-0.017,0.107,in_circle
34.130,1,733,-0.03492,-0.00349,-0.0044,-0.0005,-0.02922,0.04352,0.02873,1,1,-0.018,0.111,in_circle
34.172,1,734,-0.03476,-0.00349,0.0039,0.0000,-0.02990,0.04435,0.02858,1,1,0.018,0.124,in_circle
34.214,1,735,-0.03486,-0.00366,-0.0024,-0.0041,-0.02825,0.04357,0.02873,1,1,-0.014,0.122,in_circle
34.257,1,736,-0.03481,-0.00358,0.0011,0.0019,-0.02880,0.04409,0.02866,1,1,0.013,0.139,in_circle
34.303,1,737,-0.03515,-0.00402,-0.0075,-0.0095,-0.02965,0.04349,0.02913,1,1,-0.001,0.115,in_circle
34.345,1,738,-0.03487,-0.00359,0.0069,0.0103,-0.02944,0.04400,0.02871,1,1,0.036,0.163,in_circle
34.389,1,739,-0.03477,-0.00367,0.0021,-0.0018,-0.02994,0.04434,0.02865,1,1,-0.021,0.083,in_circle
34.435,1,740,-0.03490,-0.00360,-0.0029,0.0014,-0.03097,0.04412,0.02875,1,1,-0.001,0.132,in_circle
34.479,1,741,-0.03499,-0.00368,-0.0019,-0.0018,-0.02934,0.04411,0.02886,1,1,0.021,0.119,in_circle
34.522,1,742,-0.03488,-0.00354,0.0026,0.0032,-0.02954,0.04523,0.02871,1,1,0.018,0.133,in_circle
34.568,1,743,-0.03499,-0.00368,-0.0024,-0.0030,-0.02871,0.04651,0.02886,1,1,0.001,0.113,in_circle
34.611,1,744,-0.03492,-0.00381,0.0015,-0.0031,-0.02860,0.04582,0.02884,1,1,0.022,0.138,in_circle
34.653,1,745,-0.03507,-0.00350,-0.0035,0.0076,-0.02947,0.04804,0.02887,1,1,0.008,0.139,in_circle
34.696,1,746,-0.03495,-0.00367,0.0026,-0.0040,-0.02931,0.04628,0.02883,1,1,0.029,0.096,in_circle
34.739,1,747,-0.03517,-0.00359,-0.0049,0.0018,-0.03018,0.04608,0.02900,1,1,0.006,0.144,in_circle
34.787,1,748,-0.03477,-0.00348,0.0084,0.0023,-0.02971,0.04715,0.02859,1,1,0.038,0.120,in_circle
34.832,1,749,-0.03502,-0.00358,-0.0056,-0.0022,-0.02987,0.04636,0.02886,1,1,-0.015,0.119,in_circle
34.876,1,750,-0.03497,-0.00402,0.0012,-0.0098,-0.02965,0.04709,0.02896,1,1,0.043,0.137,in_circle
34.919,1,751,-0.03510,-0.00348,-0.0030,0.0125,-0.02946,0.04772,0.02890,1,1,0.016,0.169,in_circle
34.961,1,752,-0.03498,-0.00341,0.0027,0.0016,-0.03059,0.04600,0.02877,1,1,0.035,0.079,in_circle
35.004,1,753,-0.03514,-0.00380,-0.0035,-0.0089,-0.03042,0.04675,0.02904,1,1,0.013,0.123,in_circle
35.049,1,754,-0.03495,-0.00341,0.0041,0.0087,-0.02868,0.04598,0.02874,1,1,0.039,0.166,in_circle
35.091,1,755,-0.03492,-0.00347,0.0008,-0.0016,-0.02989,0.04648,0.02873,1,1,0.010,0.095,in_circle
35.138,1,756,-0.03490,-0.00344,0.0004,0.0007,-0.03055,0.04666,0.02870,1,1,0.024,0.137,in_circle
35.184,1,757,-0.03499,-0.00341,-0.0018,0.0007,-0.02998,0.04581,0.02877,1,1,0.026,0.128,in_circle
35.270,1,758,-0.03456,-0.00366,0.0050,-0.0030,-0.03037,0.04617,0.02845,1,1,0.038,0.129,in_circle
35.313,1,759,-0.03467,-0.00358,-0.0026,0.0019,-0.02982,0.04668,0.02852,1,1,0.011,0.145,in_circle
35.357,1,760,-0.03485,-0.00375,-0.0041,-0.0037,-0.03069,0.04687,0.02875,1,1,0.043,0.125,in_circle
35.399,1,761,-0.03474,-0.00383,0.0024,-0.0021,-0.02905,0.04778,0.02868,1,1,0.050,0.149,in_circle
35.444,1,762,-0.03484,-0.00345,-0.0022,0.0084,-0.02926,0.04622,0.02865,1,1,0.025,0.143,in_circle
35.489,1,763,-0.03524,-0.00353,-0.0087,-0.0016,-0.03041,0.04853,0.02904,1,1,0.045,0.100,in_circle
35.534,1,764,-0.03501,-0.00390,0.0050,-0.0083,-0.03120,0.04912,0.02896,1,1,0.073,0.141,in_circle
35.579,1,765,-0.03490,-0.00326,0.0025,0.0140,-0.03033,0.04705,0.02864,1,1,0.019,0.169,in_circle
35.623,1,766,-0.03488,-0.00378,0.0005,-0.0119,-0.03033,0.04661,0.02879,1,1,0.030,0.079,in_circle
35.666,1,767,-0.03472,-0.00351,0.0037,0.0063,-0.03197,0.04672,0.02855,1,1,0.039,0.184,in_circle
35.709,1,768,-0.03476,-0.00379,-0.0011,-0.0066,-0.03095,0.04701,0.02869,1,1,0.027,0.111,in_circle
35.752,1,769,-0.03491,-0.00346,-0.0033,0.0079,-0.03519,0.04830,0.02871,1,1,0.048,0.164,in_circle
35.796,1,770,-0.03490,-0.00351,0.0002,-0.0011,-0.03187,0.04783,0.02872,1,1,0.058,0.106,in_circle
35.840,1,771,-0.03502,-0.00341,-0.0028,0.0021,-0.03430,0.04751,0.02880,1,1,0.045,0.142,in_circle
35.886,1,772,-0.03513,-0.00361,-0.0023,-0.0042,-0.03186,0.04768,0.02897,1,1,0.059,0.129,in_circle
35.931,1,773,-0.03492,-0.00367,0.0047,-0.0014,-0.03182,0.04864,0.02879,1,1,0.058,0.155,in_circle
35.974,1,774,-0.03476,-0.00333,0.0036,0.0080,-0.03163,0.04771,0.02853,1,1,0.031,0.145,in_circle
36.020,1,775,-0.03469,-0.00349,0.0015,-0.0036,-0.03312,0.04831,0.02852,1,1,0.036,0.107,in_circle
36.062,1,776,-0.03506,-0.00358,-0.0086,-0.0021,-0.03182,0.04811,0.02889,1,1,0.046,0.154,in_circle
36.105,1,777,-0.03488,-0.00336,0.0039,0.0052,-0.03045,0.04888,0.02866,1,1,0.088,0.149,in_circle
36.148,1,778,-0.03517,-0.00358,-0.0067,-0.0052,-0.03130,0.04919,0.02900,1,1,0.039,0.119,in_circle
36.192,1,779,-0.03481,-0.00370,0.0083,-0.0028,-0.03122,0.04940,0.02870,1,1,0.083,0.162,in_circle
36.238,1,780,-0.03506,-0.00338,-0.0056,0.0071,-0.03068,0.05255,0.02883,1,1,0.023,0.153,in_circle
36.285,1,781,-0.03498,-0.00344,0.0017,-0.0013,-0.03041,0.05211,0.02878,1,1,0.081,0.113,in_circle
36.325,1,782,-0.03494,-0.00348,0.0011,-0.0008,-0.03031,0.05083,0.02874,1,1,0.053,0.147,in_circle
36.371,1,783,-0.03441,-0.00380,0.0116,-0.0071,-0.02935,0.05234,0.02835,1,1,0.056,0.146,in_circle
36.415,1,784,-0.03502,-0.00344,-0.0138,0.0081,-0.03021,0.05299,0.02881,1,1,0.014,0.172,in_circle
36.457,1,785,-0.03502,-0.00361,0.0000,-0.0040,-0.03098,0.05179,0.02886,1,1,0.118,0.111,in_circle
36.502,1,786,-0.03464,-0.00362,0.0084,-0.0002,-0.03134,0.05179,0.02851,1,1,0.064,0.160,in_circle
36.543,1,787,-0.03503,-0.00369,-0.0093,-0.0018,-0.03169,0.05343,0.02890,1,1,0.031,0.145,in_circle
36.588,1,788,-0.03481,-0.00378,0.0051,-0.0020,-0.03237,0.05250,0.02872,1,1,0.104,0.152,in_circle
36.636,1,789,-0.03497,-0.00369,-0.0034,0.0017,-0.03147,0.05183,0.02885,1,1,0.047,0.154,in_circle
36.678,1,790,-0.03474,-0.00377,0.0055,-0.0017,-0.03189,0.05149,0.02865,1,1,0.083,0.139,in_circle
36.724,1,791,-0.03457,-0.00334,0.0038,0.0095,-0.03289,0.05133,0.02835,1,1,0.048,0.154,in_circle
36.767,1,792,-0.03509,-0.00371,-0.0121,-0.0086,-0.03361,0.05142,0.02897,1,1,0.055,0.108,in_circle
36.810,1,793,-0.03492,-0.00378,0.0042,-0.0015,-0.03068,0.05085,0.02883,1,1,0.121,0.182,in_circle
36.853,1,794,-0.03469,-0.00376,0.0054,0.0004,-0.03009,0.05186,0.02860,1,1,0.057,0.154,in_circle
36.896,1,795,-0.03514,-0.00350,-0.0105,0.0060,-0.03281,0.05166,0.02894,1,1,0.053,0.147,in_circle
36.941,1,796,-0.03460,-0.00350,0.0121,-0.0001,-0.03310,0.05047,0.02843,1,1,0.118,0.124,in_circle
36.983,1,797,-0.03506,-0.00392,-0.0108,-0.0098,-0.03281,0.05114,0.02901,1,1,0.028,0.149,in_circle
37.031,1,798,-0.03517,-0.00367,-0.0023,0.0052,-0.03334,0.05049,0.02903,1,1,0.122,0.189,in_circle
37.076,1,799,-0.03494,-0.00357,0.0051,0.0022,-0.03147,0.05024,0.02878,1,1,0.089,0.129,in_circle
37.120,1,800,-0.03473,-0.00391,0.0049,-0.0076,-0.03263,0.05215,0.02869,1,1,0.060,0.141,in_circle
37.163,1,801,-0.03500,-0.00373,-0.0065,0.0041,-0.03277,0.05208,0.02889,1,1,0.062,0.182,in_circle
37.205,1,802,-0.03471,-0.00379,0.0071,-0.0015,-0.03215,0.04971,0.02863,1,1,0.109,0.135,in_circle
37.292,1,803,-0.03482,-0.00370,-0.0013,0.0011,-0.03346,0.05157,0.02871,1,1,0.057,0.158,in_circle
37.339,1,804,-0.03491,-0.00356,-0.0019,0.0029,-0.03183,0.05001,0.02874,1,1,0.091,0.148,in_circle
37.381,1,805,-0.03483,-0.00343,0.0019,0.0031,-0.03260,0.05085,0.02862,1,1,0.095,0.141,in_circle
37.430,1,806,-0.03497,-0.00376,-0.0030,-0.0067,-0.03272,0.05032,0.02887,1,1,0.081,0.140,in_circle
37.473,1,807,-0.03485,-0.00340,0.0030,0.0083,-0.03282,0.05064,0.02864,1,1,0.103,0.181,in_circle
37.517,1,808,-0.03491,-0.00376,-0.0015,-0.0081,-0.03143,0.05249,0.02882,1,1,0.079,0.120,in_circle
37.556,1,809,-0.03472,-0.00373,0.0050,0.0007,-0.03161,0.05060,0.02862,1,1,0.098,0.187,in_circle
37.601,1,810,-0.03482,-0.00385,-0.0023,-0.0025,-0.03025,0.05209,0.02876,1,1,0.073,0.152,in_circle
37.645,1,811,-0.03467,-0.00381,0.0035,0.0007,-0.03326,0.05176,0.02860,1,1,0.104,0.166,in_circle
37.688,1,812,-0.03474,-0.00390,-0.0017,-0.0020,-0.03264,0.05044,0.02870,1,1,0.081,0.153,in_circle
37.731,1,813,-0.03485,-0.00371,-0.0024,0.0043,-0.03307,0.05144,0.02874,1,1,0.104,0.165,in_circle
37.779,1,814,-0.03494,-0.00365,-0.0020,0.0014,-0.03329,0.05117,0.02881,1,1,0.108,0.139,in_circle
37.824,1,815,-0.03471,-0.00376,0.0053,-0.0026,-0.03159,0.05060,0.02862,1,1,0.108,0.151,in_circle
37.866,1,816,-0.03508,-0.00355,-0.0089,0.0052,-0.03180,0.05261,0.02891,1,1,0.079,0.168,in_circle
37.911,1,817,-0.03490,-0.00389,0.0041,-0.0076,-0.03304,0.05178,0.02885,1,1,0.138,0.137,in_circle
37.954,1,818,-0.03452,-0.00368,0.0089,0.0048,-0.03189,0.05147,0.02842,1,1,0.087,0.190,in_circle
37.995,1,819,-0.03446,-0.00369,0.0013,-0.0002,-0.03262,0.05225,0.02837,1,1,0.068,0.140,in_circle
38.039,1,820,-0.03521,-0.00353,-0.0170,0.0035,-0.03348,0.05289,0.02902,1,1,0.099,0.160,in_circle
38.085,1,821,-0.03476,-0.00375,0.0099,-0.0047,-0.03281,0.05337,0.02867,1,1,0.176,0.145,in_circle
38.133,1,822,-0.03515,-0.00361,-0.0082,0.0030,-0.03222,0.05194,0.02899,1,1,0.068,0.179,in_circle
38.176,1,823,-0.03502,-0.00336,0.0031,0.0056,-0.03380,0.05402,0.02879,1,1,0.143,0.148,in_circle
38.218,1,824,-0.03477,-0.00369,0.0060,-0.0078,-0.03367,0.05357,0.02866,1,1,0.098,0.138,in_circle
38.262,1,825,-0.03485,-0.00365,-0.0019,0.0008,-0.03347,0.05367,0.02873,1,1,0.087,0.193,in_circle
38.305,1,826,-0.03480,-0.00403,0.0014,-0.0088,-0.03213,0.05443,0.02880,1,1,0.120,0.158,in_circle
38.350,1,827,-0.03464,-0.00375,0.0035,0.0061,-0.03327,0.05397,0.02856,1,1,0.108,0.198,in_circle
38.393,1,828,-0.03486,-0.00344,-0.0051,0.0072,-0.03470,0.05375,0.02866,1,1,0.100,0.138,in_circle
38.437,1,829,-0.03492,-0.00351,-0.0014,-0.0016,-0.03489,0.05359,0.02874,1,1,0.136,0.134,in_circle
38.483,1,830,-0.03456,-0.00392,0.0079,-0.0088,-0.03394,0.05481,0.02854,1,1,0.123,0.169,in_circle
38.526,1,831,-0.03500,-0.00340,-0.0102,0.0120,-0.03251,0.05425,0.02877,1,1,0.086,0.200,in_circle
38.572,1,832,-0.03477,-0.00377,0.0049,-0.0082,-0.03301,0.05394,0.02869,1,1,0.161,0.116,in_circle
38.615,1,833,-0.03487,-0.00372,-0.0022,0.0013,-0.03410,0.05373,0.02876,1,1,0.101,0.198,in_circle
38.659,1,834,-0.03476,-0.00353,0.0025,0.0041,-0.03278,0.05440,0.02860,1,1,0.131,0.160,in_circle
38.703,1,835,-0.03461,-0.00363,0.0035,-0.0021,-0.03366,0.05458,0.02848,1,1,0.113,0.149,in_circle
38.744,1,836,-0.03491,-0.00348,-0.0075,0.0034,-0.03456,0.05450,0.02873,1,1,0.110,0.174,in_circle
38.788,1,837,-0.03462,-0.00376,0.0066,-0.0063,-0.03262,0.05516,0.02854,1,1,0.156,0.152,in_circle
38.835,1,838,-0.03499,-0.00385,-0.0079,-0.0019,-0.03321,0.05468,0.02892,1,1,0.100,0.192,in_circle
38.881,1,839,-0.03493,-0.00388,0.0012,-0.0007,-0.03394,0.05566,0.02888,1,1,0.160,0.175,in_circle
38.925,1,840,-0.03471,-0.00392,0.0049,-0.0009,-0.03645,0.05446,0.02868,1,1,0.125,0.171,in_circle
38.967,1,841,-0.03496,-0.00429,-0.0059,-0.0088,-0.03491,0.05495,0.02905,1,1,0.110,0.172,in_circle
39.011,1,842,-0.03503,-0.00362,-0.0016,0.0153,-0.03630,0.05523,0.02888,1,1,0.155,0.206,in_circle
39.053,1,843,-0.03491,-0.00379,0.0028,-0.0042,-0.03536,0.05573,0.02883,1,1,0.140,0.108,in_circle
39.096,1,844,-0.03458,-0.00364,0.0076,0.0035,-0.03379,0.05489,0.02847,1,1,0.123,0.186,in_circle
39.142,1,845,-0.03486,-0.00377,-0.0060,-0.0028,-0.03072,0.05416,0.02877,1,1,0.104,0.156,in_circle
39.187,1,846,-0.03482,-0.00378,0.0008,-0.0003,-0.03487,0.05545,0.02873,1,1,0.160,0.182,in_circle
39.230,1,847,-0.03445,-0.00373,0.0086,0.0012,-0.03154,0.05461,0.02837,1,1,0.134,0.172,in_circle
39.320,1,848,-0.03454,-0.00373,-0.0010,0.0001,-0.03381,0.05379,0.02845,1,1,0.105,0.167,in_circle
39.363,1,849,-0.03449,-0.00382,0.0010,-0.0023,-0.03398,0.05464,0.02844,1,1,0.144,0.172,in_circle
39.407,1,850,-0.03448,-0.00400,0.0004,-0.0041,-0.03342,0.05510,0.02849,1,1,0.137,0.182,in_circle
39.449,1,851,-0.03466,-0.00341,-0.0043,0.0139,-0.03376,0.05478,0.02846,1,1,0.141,0.190,in_circle
39.491,1,852,-0.03482,-0.00352,-0.0040,-0.0024,-0.03429,0.05496,0.02865,1,1,0.161,0.117,in_circle
39.538,1,853,-0.03484,-0.00347,-0.0003,0.0010,-0.03256,0.05475,0.02865,1,1,0.161,0.183,in_circle
39.584,1,854,-0.03456,-0.00378,0.0060,-0.0068,-0.03237,0.05569,0.02849,1,1,0.148,0.170,in_circle
39.628,1,855,-0.03459,-0.00383,-0.0006,-0.0010,-0.03514,0.05748,0.02853,1,1,0.123,0.202,in_circle
39.675,1,856,-0.03436,-0.00359,0.0049,0.0051,-0.03471,0.05845,0.02823,1,1,0.151,0.179,in_circle
39.717,1,857,-0.03437,-0.00359,-0.0004,-0.0002,-0.03488,0.05926,0.02825,1,1,0.130,0.155,in_circle
39.758,1,858,-0.03456,-0.00381,-0.0046,-0.0052,-0.03505,0.05798,0.02850,1,1,0.152,0.176,in_circle
39.802,1,859,-0.03438,-0.00360,0.0043,0.0048,-0.03535,0.05824,0.02826,1,1,0.170,0.197,in_circle
39.844,1,860,-0.03418,-0.00381,0.0046,-0.0051,-0.03536,0.05967,0.02815,1,1,0.136,0.157,in_circle
39.888,1,861,-0.03443,-0.00362,-0.0057,0.0044,-0.03512,0.05865,0.02831,1,1,0.135,0.198,in_circle
39.935,1,862,-0.03439,-0.00392,0.0008,-0.0063,-0.03473,0.05777,0.02838,1,1,0.178,0.160,in_circle
39.976,1,863,-0.03444,-0.00362,-0.0012,0.0071,-0.03544,0.05894,0.02833,1,1,0.153,0.204,in_circle
40.026,1,864,-0.03447,-0.00374,-0.0006,-0.0023,-0.03525,0.05906,0.02840,1,1,0.163,0.150,in_circle
40.067,1,865,-0.03439,-0.00383,0.0020,-0.0022,-0.03595,0.05907,0.02835,1,1,0.161,0.188,in_circle
40.111,1,866,-0.03460,-0.00357,-0.0048,0.0061,-0.03428,0.05891,0.02845,1,1,0.152,0.189,in_circle
40.152,1,867,-0.03464,-0.00364,-0.0011,-0.0017,-0.03395,0.05792,0.02852,1,1,0.181,0.155,in_circle
40.196,1,868,-0.03459,-0.00359,0.0011,0.0011,-0.03587,0.05814,0.02846,1,1,0.167,0.187,in_circle
40.239,1,869,-0.03435,-0.00351,0.0054,0.0018,-0.03530,0.05887,0.02820,1,1,0.159,0.176,in_circle
40.286,1,870,-0.03463,-0.00357,-0.0060,-0.0014,-0.03468,0.05910,0.02849,1,1,0.143,0.173,in_circle
40.329,1,871,-0.03471,-0.00373,-0.0019,-0.0036,-0.03453,0.05867,0.02862,1,1,0.190,0.187,in_circle
40.375,1,872,-0.03474,-0.00356,-0.0005,0.0035,-0.03578,0.05803,0.02858,1,1,0.175,0.196,in_circle
40.419,1,873,-0.03445,-0.00374,0.0065,-0.0040,-0.03576,0.05808,0.02838,1,1,0.171,0.168,in_circle
40.462,1,874,-0.03450,-0.00386,-0.0011,-0.0028,-0.03593,0.05759,0.02846,1,1,0.144,0.199,in_circle
40.505,1,875,-0.03454,-0.00380,-0.0009,0.0014,-0.03531,0.05905,0.02848,1,1,0.175,0.195,in_circle
40.547,1,876,-0.03430,-0.00382,0.0058,-0.0006,-0.03508,0.05803,0.02826,1,1,0.176,0.178,in_circle
40.593,1,877,-0.03448,-0.00363,-0.0040,0.0041,-0.03378,0.06039,0.02837,1,1,0.149,0.187,in_circle
40.637,1,878,-0.03458,-0.00432,-0.0021,-0.0155,-0.03338,0.05893,0.02870,1,1,0.190,0.168,in_circle
40.683,1,879,-0.03475,-0.00393,-0.0038,0.0084,-0.03484,0.05823,0.02872,1,1,0.184,0.249,in_circle
40.726,1,880,-0.03474,-0.00369,0.0003,0.0055,-0.03562,0.05967,0.02863,1,1,0.192,0.152,in_circle
40.770,1,881,-0.03426,-0.00382,0.0110,-0.0028,-0.03573,0.05921,0.02822,1,1,0.177,0.164,in_circle
40.815,1,882,-0.03453,-0.00370,-0.0059,0.0026,-0.03433,0.05978,0.02843,1,1,0.134,0.198,in_circle
40.857,1,883,-0.03459,-0.00409,-0.0015,-0.0095,-0.03542,0.06218,0.02863,1,1,0.204,0.176,in_circle
40.903,1,884,-0.03439,-0.00370,0.0044,0.0084,-0.03422,0.06087,0.02831,1,1,0.188,0.226,in_circle
40.943,1,885,-0.03443,-0.00364,-0.0009,0.0015,-0.03490,0.06224,0.02832,1,1,0.165,0.154,in_circle
40.988,1,886,-0.03472,-0.00350,-0.0064,0.0031,-0.03557,0.06434,0.02854,1,1,0.187,0.182,in_circle
41.035,1,887,-0.03432,-0.00335,0.0083,0.0032,-0.03469,0.06406,0.02812,1,1,0.211,0.175,in_circle
41.079,1,888,-0.03478,-0.00332,-0.0104,0.0008,-0.03466,0.06554,0.02854,1,1,0.152,0.175,in_circle
41.122,1,889,-0.03416,-0.00358,0.0142,-0.0061,-0.03513,0.06396,0.02805,1,1,0.230,0.185,in_circle
41.168,1,890,-0.03448,-0.00359,-0.0069,-0.0002,-0.03471,0.06463,0.02835,1,1,0.131,0.214,in_circle
41.212,1,891,-0.03453,-0.00369,-0.0012,-0.0023,-0.03534,0.06502,0.02843,1,1,0.217,0.191,in_circle
41.253,1,892,-0.03448,-0.00341,0.0014,0.0069,-0.03465,0.06440,0.02829,1,1,0.196,0.200,in_circle
41.340,1,893,-0.03454,-0.00369,-0.0008,-0.0033,-0.03480,0.06423,0.02845,1,1,0.188,0.163,in_circle
41.385,1,894,-0.03449,-0.00376,0.0013,-0.0015,-0.03485,0.06342,0.02842,1,1,0.198,0.205,in_circle
41.430,1,895,-0.03407,-0.00384,0.0091,-0.0017,-0.03459,0.06450,0.02806,1,1,0.190,0.198,in_circle
41.475,1,896,-0.03444,-0.00360,-0.0081,0.0053,-0.03492,0.06350,0.02832,1,1,0.159,0.200,in_circle
41.519,1,897,-0.03440,-0.00362,0.0010,-0.0006,-0.03545,0.06332,0.02829,1,1,0.230,0.172,in_circle
41.564,1,898,-0.03485,-0.00391,-0.0099,-0.0063,-0.03520,0.06312,0.02881,1,1,0.195,0.195,in_circle
41.605,1,899,-0.03451,-0.00377,0.0084,0.0036,-0.03409,0.06372,0.02843,1,1,0.241,0.220,in_circle
41.647,1,900,-0.03436,-0.00378,0.0035,-0.0004,-0.03558,0.06146,0.02831,1,1,0.168,0.180,in_circle
41.692,1,901,-0.03469,-0.00355,-0.0072,0.0051,-0.03680,0.06329,0.02853,1,1,0.188,0.196,in_circle
41.737,1,902,-0.03461,-0.00361,0.0018,-0.0012,-0.03604,0.06310,0.02848,1,1,0.233,0.174,in_circle
41.783,1,903,-0.03452,-0.00370,0.0019,-0.0020,-0.03705,0.06194,0.02843,1,1,0.198,0.200,in_circle
41.826,1,904,-0.03442,-0.00355,0.0023,0.0035,-0.03661,0.06103,0.02828,1,1,0.199,0.204,in_circle
41.873,1,905,-0.03444,-0.00345,-0.0004,0.0021,-0.03691,0.06097,0.02827,1,1,0.198,0.182,in_circle
41.915,1,906,-0.03430,-0.00355,0.0033,-0.0024,-0.03713,0.05993,0.02817,1,1,0.210,0.188,in_circle
41.957,1,907,-0.03505,-0.00358,-0.0178,-0.0008,-0.03589,0.06201,0.02889,1,1,0.196,0.207,in_circle
42.004,1,908,-0.03443,-0.00376,0.0135,-0.0037,-0.03661,0.06389,0.02836,1,1,0.283,0.201,in_circle
42.045,1,909,-0.03444,-0.00388,-0.0002,-0.0031,-0.03638,0.06321,0.02841,1,1,0.158,0.213,in_circle
42.089,1,910,-0.03457,-0.00363,-0.0031,0.0058,-0.03651,0.06311,0.02845,1,1,0.214,0.211,in_circle
42.135,1,911,-0.03430,-0.00364,0.0057,-0.0002,-0.03723,0.06074,0.02820,1,1,0.227,0.176,in_circle
42.180,1,912,-0.03453,-0.00380,-0.0050,-0.0036,-0.03584,0.06109,0.02847,1,1,0.192,0.200,in_circle
42.224,1,913,-0.03433,-0.00363,0.0046,0.0038,-0.03580,0.06076,0.02822,1,1,0.237,0.214,in_circle
42.269,1,914,-0.03439,-0.00349,-0.0014,0.0031,-0.03517,0.06099,0.02823,1,1,0.199,0.185,in_circle
42.310,1,915,-0.03423,-0.00355,0.0039,-0.0014,-0.03512,0.05987,0.02811,1,1,0.224,0.188,in_circle
42.352,1,916,-0.03448,-0.00369,-0.0059,-0.0034,-0.03726,0.06103,0.02839,1,1,0.204,0.206,in_circle
42.395,1,917,-0.03446,-0.00346,0.0004,0.0052,-0.03625,0.06217,0.02829,1,1,0.245,0.215,in_circle
42.439,1,918,-0.03412,-0.00386,0.0077,-0.0090,-0.03478,0.06248,0.02811,1,1,0.221,0.180,in_circle
42.486,1,919,-0.03445,-0.00385,-0.0070,0.0003,-0.03614,0.06288,0.02841,1,1,0.192,0.239,in_circle
42.532,1,920,-0.03452,-0.00341,-0.0015,0.0097,-0.03688,0.06113,0.02833,1,1,0.253,0.202,in_circle
42.578,1,921,-0.03425,-0.00347,0.0057,-0.0013,-0.03683,0.06181,0.02810,1,1,0.232,0.164,in_circle
42.622,1,922,-0.03447,-0.00359,-0.0049,-0.0027,-0.03656,0.06172,0.02834,1,1,0.204,0.208,in_circle
42.662,1,923,-0.03475,-0.00342,-0.0068,0.0041,-0.03677,0.06351,0.02855,1,1,0.248,0.214,in_circle
42.706,1,924,-0.03445,-0.00381,0.0068,-0.0088,-0.03668,0.06361,0.02840,1,1,0.257,0.187,in_circle
42.748,1,925,-0.03450,-0.00350,-0.0011,0.0072,-0.03691,0.06323,0.02834,1,1,0.203,0.241,in_circle
42.792,1,926,-0.03482,-0.00348,-0.0073,0.0005,-0.03747,0.06405,0.02863,1,1,0.236,0.176,in_circle
42.838,1,927,-0.03457,-0.00357,0.0055,-0.0021,-0.03721,0.06289,0.02843,1,1,0.263,0.203,in_circle
42.884,1,928,-0.03440,-0.00372,0.0036,-0.0032,-0.03749,0.06505,0.02832,1,1,0.212,0.214,in_circle
42.930,1,929,-0.03474,-0.00358,-0.0073,0.0031,-0.03710,0.06489,0.02859,1,1,0.221,0.219,in_circle
42.972,1,930,-0.03435,-0.00362,0.0092,-0.0010,-0.03687,0.06460,0.02824,1,1,0.266,0.194,in_circle
43.014,1,931,-0.03440,-0.00368,-0.0011,-0.0014,-0.03804,0.06427,0.02831,1,1,0.200,0.211,in_circle
43.057,1,932,-0.03449,-0.00345,-0.0022,0.0054,-0.03633,0.06570,0.02832,1,1,0.243,0.213,in_circle
43.100,1,933,-0.03461,-0.00362,-0.0027,-0.0041,-0.03720,0.06485,0.02848,1,1,0.249,0.186,in_circle
43.145,1,934,-0.03470,-0.00341,-0.0021,0.0047,-0.03714,0.06473,0.02850,1,1,0.252,0.225,in_circle
43.189,1,935,-0.03491,-0.00364,-0.0046,-0.0051,-0.03654,0.06526,0.02877,1,1,0.251,0.190,in_circle
43.235,1,936,-0.03445,-0.00383,0.0101,-0.0043,-0.03700,0.06497,0.02840,1,1,0.263,0.230,in_circle
43.280,1,937,-0.03455,-0.00366,-0.0022,0.0039,-0.03687,0.06460,0.02844,1,1,0.204,0.228,in_circle
43.368,1,938,-0.03466,-0.00338,-0.0013,0.0032,-0.03679,0.06653,0.02845,1,1,0.256,0.195,in_circle
43.410,1,939,-0.03457,-0.00361,0.0022,-0.0054,-0.03709,0.06582,0.02844,1,1,0.254,0.198,in_circle
43.455,1,940,-0.03463,-0.00342,-0.0014,0.0043,-0.03692,0.06631,0.02844,1,1,0.241,0.233,in_circle
43.496,1,941,-0.03470,-0.00341,-0.0017,0.0002,-0.03676,0.06571,0.02850,1,1,0.257,0.194,in_circle
43.540,1,942,-0.03421,-0.00333,0.0110,0.0017,-0.03684,0.06643,0.02801,1,1,0.259,0.211,in_circle
43.586,1,943,-0.03443,-0.00341,-0.0049,-0.0018,-0.03697,0.06528,0.02825,1,1,0.208,0.205,in_circle
43.631,1,944,-0.03447,-0.00337,-0.0008,0.0008,-0.03600,0.06597,0.02827,1,1,0.273,0.220,in_circle
43.673,1,945,-0.03449,-0.00351,-0.0005,-0.0033,-0.03592,0.06656,0.02834,1,1,0.259,0.209,in_circle
43.718,1,946,-0.03443,-0.00368,0.0013,-0.0037,-0.03693,0.06595,0.02834,1,1,0.259,0.227,in_circle
43.761,1,947,-0.03485,-0.00325,-0.0097,0.0099,-0.03625,0.06662,0.02859,1,1,0.252,0.229,in_circle
43.804,1,948,-0.03418,-0.00329,0.0156,-0.0009,-0.03658,0.06620,0.02797,1,1,0.299,0.174,in_circle
43.850,1,949,-0.03449,-0.00343,-0.0068,-0.0030,-0.03695,0.06615,0.02831,1,1,0.197,0.218,in_circle
43.893,1,950,-0.03479,-0.00341,-0.0068,0.0003,-0.03762,0.06673,0.02858,1,1,0.289,0.227,in_circle
43.937,1,951,-0.03465,-0.00364,0.0030,-0.0050,-0.03817,0.06767,0.02853,1,1,0.290,0.214,in_circle
43.981,1,952,-0.03458,-0.00330,0.0016,0.0077,-0.03716,0.06644,0.02835,1,1,0.252,0.236,in_circle
44.026,1,953,-0.03460,-0.00348,-0.0005,-0.0040,-0.03891,0.06920,0.02843,1,1,0.258,0.185,in_circle
44.069,1,954,-0.03455,-0.00333,0.0013,0.0035,-0.03960,0.06889,0.02833,1,1,0.268,0.233,in_circle
44.114,1,955,-0.03454,-0.00324,0.0002,0.0019,-0.03937,0.06962,0.02829,1,1,0.262,0.203,in_circle
44.159,1,956,-0.03451,-0.00332,0.0006,-0.0016,-0.03964,0.06916,0.02829,1,1,0.268,0.210,in_circle
44.203,1,957,-0.03455,-0.00359,-0.0008,-0.0062,-0.03989,0.06987,0.02842,1,1,0.267,0.224,in_circle
44.244,1,958,-0.03462,-0.00333,-0.0018,0.0066,-0.03970,0.06961,0.02840,1,1,0.274,0.244,in_circle
44.288,1,959,-0.03447,-0.00350,0.0035,-0.0039,-0.03909,0.07020,0.02831,1,1,0.279,0.192,in_circle
44.335,1,960,-0.03468,-0.00334,-0.0046,0.0032,-0.03998,0.06947,0.02846,1,1,0.259,0.235,in_circle
44.378,1,961,-0.03457,-0.00326,0.0027,0.0019,-0.03932,0.06952,0.02833,1,1,0.293,0.207,in_circle
44.421,1,962,-0.03463,-0.00337,-0.0014,-0.0024,-0.03943,0.07014,0.02842,1,1,0.265,0.212,in_circle
44.466,1,963,-0.03458,-0.00339,0.0012,-0.0004,-0.03940,0.06966,0.02838,1,1,0.283,0.230,in_circle
44.510,1,964,-0.03461,-0.00331,-0.0007,0.0018,-0.03970,0.07029,0.02838,1,1,0.273,0.222,in_circle
44.552,1,965,-0.03457,-0.00331,0.0008,0.0000,-0.03945,0.06950,0.02834,1,1,0.282,0.214,in_circle
44.596,1,966,-0.03459,-0.00321,-0.0003,0.0022,-0.03916,0.06966,0.02833,1,1,0.277,0.221,in_circle
44.640,1,967,-0.03434,-0.00364,0.0056,-0.0097,-0.03908,0.06905,0.02824,1,1,0.283,0.213,in_circle
44.684,1,968,-0.03457,-0.00323,-0.0052,0.0092,-0.03800,0.06883,0.02832,1,1,0.260,0.262,in_circle
44.729,1,969,-0.03467,-0.00341,-0.0021,-0.0041,-0.03816,0.07019,0.02847,1,1,0.305,0.186,in_circle
44.773,1,970,-0.03480,-0.00347,-0.0031,-0.0015,-0.03742,0.06939,0.02862,1,1,0.294,0.240,in_circle
44.819,1,971,-0.03450,-0.00346,0.0066,0.0004,-0.03648,0.06869,0.02833,1,1,0.299,0.230,in_circle
44.860,1,972,-0.03474,-0.00339,-0.0058,0.0017,-0.03782,0.06851,0.02853,1,1,0.261,0.223,in_circle
44.904,1,973,-0.03458,-0.00331,0.0037,0.0017,-0.03680,0.06832,0.02836,1,1,0.312,0.218,in_circle
44.949,1,974,-0.03447,-0.00336,0.0024,-0.0012,-0.03617,0.06834,0.02827,1,1,0.275,0.218,in_circle
44.993,1,975,-0.03456,-0.00331,-0.0020,0.0012,-0.03695,0.06940,0.02834,1,1,0.281,0.230,in_circle
45.037,1,976,-0.03448,-0.00354,0.0018,-0.0051,-0.03667,0.06893,0.02833,1,1,0.300,0.221,in_circle
45.081,1,977,-0.03466,-0.00335,-0.0041,0.0042,-0.03755,0.06866,0.02844,1,1,0.286,0.247,in_circle
45.125,1,978,-0.03431,-0.00376,0.0080,-0.0091,-0.03742,0.06939,0.02825,1,1,0.311,0.210,in_circle
45.171,1,979,-0.03436,-0.00342,-0.0011,0.0073,-0.03875,0.06740,0.02818,1,1,0.263,0.264,in_circle
45.212,1,980,-0.03463,-0.00335,-0.0068,0.0017,-0.03808,0.06929,0.02841,1,1,0.301,0.198,in_circle
45.256,1,981,-0.03468,-0.00370,-0.0012,-0.0079,-0.04050,0.06861,0.02858,1,1,0.325,0.221,in_circle
45.302,1,982,-0.03462,-0.00374,0.0012,-0.0009,-0.03938,0.06874,0.02854,1,1,0.304,0.261,in_circle
45.388,1,983,-0.03470,-0.00370,-0.0009,0.0005,-0.04065,0.06920,0.02860,1,1,0.297,0.233,in_circle
45.434,1,984,-0.03456,-0.00340,0.0031,0.0065,-0.04008,0.06952,0.02836,1,1,0.307,0.228,in_circle
45.478,1,985,-0.03431,-0.00352,0.0058,-0.0029,-0.03949,0.06856,0.02817,1,1,0.291,0.204,in_circle
45.523,1,986,-0.03461,-0.00375,-0.0067,-0.0052,-0.04057,0.07000,0.02852,1,1,0.281,0.242,in_circle
45.567,1,987,-0.03454,-0.00325,0.0016,0.0113,-0.03967,0.07002,0.02829,1,1,0.333,0.252,in_circle
45.610,1,988,-0.03410,-0.00306,0.0098,0.0043,-0.04083,0.06930,0.02782,1,1,0.301,0.186,in_circle
45.652,1,989,-0.03374,-0.00253,0.0088,0.0130,-0.03973,0.06920,0.02731,1,1,0.268,0.213,in_circle
45.696,1,990,-0.03328,-0.00239,0.0104,0.0032,-0.03930,0.06963,0.02682,1,1,0.272,0.178,in_circle
45.740,1,991,-0.03230,-0.00240,0.0221,-0.0003,-0.03978,0.06919,0.02590,1,1,0.266,0.217,in_circle
45.784,1,992,-0.03129,-0.00201,0.0231,0.0089,-0.03692,0.07067,0.02482,1,1,0.218,0.231,in_circle
45.831,1,993,-0.03016,-0.00223,0.0241,-0.0048,-0.03701,0.06944,0.02383,1,1,0.212,0.194,in_circle
45.875,1,994,-0.02833,-0.00227,0.0417,-0.0009,-0.03682,0.06835,0.02213,1,1,0.206,0.250,in_circle
45.919,1,995,-0.02609,-0.00205,0.0509,0.0050,-0.03635,0.06682,0.01998,1,1,0.133,0.235,in_circle
45.963,1,996,-0.02398,-0.00190,0.0484,0.0035,-0.03653,0.06723,0.01801,1,1,0.091,0.211,in_circle
46.004,1,997,-0.02155,-0.00200,0.0589,-0.0023,-0.03779,0.06528,0.01591,1,1,0.096,0.217,in_circle
46.047,1,998,-0.01850,-0.00227,0.0701,-0.0063,-0.03780,0.05478,0.01352,1,1,0.049,0.241,in_circle
46.092,1,999,-0.01668,-0.00220,0.0406,0.0015,-0.03855,0.04990,0.01209,1,1,-0.003,0.258,in_circle
46.136,1,1000,-0.01426,-0.00266,0.0549,-0.0104,-0.03669,0.04469,0.01081,1,1,0.111,0.227,in_circle
46.183,1,1001,-0.01230,-0.00283,0.0423,-0.0036,-0.03806,0.03938,0.00991,1,1,0.048,0.276,in_circle
46.225,1,1002,-0.00986,-0.00376,0.0569,-0.0217,-0.03946,0.03629,0.00997,1,1,0.093,0.249,in_circle
46.271,1,1003,-0.00823,-0.00437,0.0357,-0.0135,-0.04135,0.03739,0.01038,1,1,0.029,0.324,in_circle
46.314,1,1004,-0.00620,-0.00538,0.0476,-0.0237,-0.04288,0.03659,0.01149,1,1,0.110,0.294,in_circle
46.357,1,1005,-0.00574,-0.00648,0.0108,-0.0255,-0.04822,0.03816,0.01265,1,1,0.057,0.338,in_circle
46.400,1,1006,-0.00507,-0.00718,0.0154,-0.0160,-0.05280,0.04088,0.01346,1,1,0.203,0.348,in_circle
46.444,1,1007,-0.00344,-0.00847,0.0374,-0.0295,-0.05306,0.04150,0.01511,1,1,0.183,0.312,in_circle
46.488,1,1008,-0.00390,-0.00758,-0.0103,0.0198,-0.05439,0.04802,0.01413,1,1,0.091,0.370,in_circle
46.534,1,1009,-0.00304,-0.00807,0.0189,-0.0106,-0.05533,0.05551,0.01485,1,1,0.282,0.171,in_circle
46.578,1,1010,-0.00231,-0.00784,0.0163,0.0052,-0.05506,0.06010,0.01488,1,1,0.163,0.295,in_circle
46.621,1,1011,-0.00213,-0.00717,0.0043,0.0155,-0.04429,0.06550,0.01434,1,1,0.171,0.232,in_circle
46.665,1,1012,-0.00108,-0.00631,0.0240,0.0197,-0.04205,0.07212,0.01403,1,1,0.219,0.189,in_circle
46.709,1,1013,-0.00010,-0.00584,0.0224,0.0109,-0.04085,0.07289,0.01412,1,1,0.137,0.171,in_circle
46.755,1,1014,0.00118,-0.00476,0.0276,0.0232,-0.03413,0.07213,0.01401,1,1,0.141,0.205,in_circle
46.798,1,1015,0.00269,-0.00376,0.0353,0.0234,-0.03022,0.07237,0.01433,1,1,0.116,0.154,in_circle
46.841,1,1016,0.00415,-0.00311,0.0340,0.0149,-0.03195,0.06938,0.01503,1,1,0.081,0.151,in_circle
46.886,1,1017,0.00700,-0.00256,0.0625,0.0122,-0.03026,0.06647,0.01710,1,1,0.082,0.184,in_circle
46.930,1,1018,0.00808,-0.00211,0.0247,0.0103,-0.03007,0.06048,0.01783,1,1,-0.040,0.194,in_circle
46.975,1,1019,0.01066,-0.00109,0.0579,0.0229,-0.02700,0.05446,0.01978,1,1,0.108,0.201,in_circle
47.018,1,1020,0.01410,-0.00055,0.0793,0.0124,-0.02872,0.04681,0.02286,1,1,-0.032,0.148,in_circle
47.061,1,1021,0.01565,-0.00041,0.0364,0.0034,-0.03052,0.03724,0.02431,1,1,-0.127,0.189,in_circle
47.106,1,1022,0.01888,-0.00073,0.0715,-0.0070,-0.02982,0.03445,0.02751,1,1,0.040,0.225,in_circle
47.148,1,1023,0.02084,-0.00064,0.0462,0.0020,-0.03024,0.03104,0.02940,1,1,-0.110,0.268,in_circle
47.192,1,1024,0.02325,-0.00192,0.0548,-0.0291,-0.03516,0.02547,0.03204,1,1,-0.015,0.232,in_circle
47.236,1,1025,0.02469,-0.00314,0.0330,-0.0279,-0.04241,0.02431,0.03376,1,1,-0.057,0.360,in_circle
47.282,1,1026,0.02571,-0.00391,0.0223,-0.0168,-0.04438,0.02551,0.03495,1,1,0.025,0.358,in_circle
47.325,1,1027,0.02705,-0.00407,0.0308,-0.0037,-0.05385,0.02457,0.03627,1,1,0.064,0.316,in_circle
47.414,1,1028,0.02958,-0.00233,0.0284,0.0195,-0.05621,0.03673,0.03830,1,1,0.024,0.265,in_circle
47.457,1,1029,0.03067,-0.00031,0.0255,0.0471,-0.05956,0.04537,0.03899,1,1,0.025,0.168,in_circle
47.501,1,1030,0.03155,0.00191,0.0200,0.0503,-0.05160,0.04578,0.03956,1,1,0.033,0.053,in_circle
47.545,1,1031,0.03273,0.00460,0.0266,0.0606,-0.04145,0.04562,0.04056,1,1,0.051,0.035,in_circle
47.588,1,1032,0.03433,0.00717,0.0375,0.0604,-0.01881,0.04710,0.04215,1,1,0.019,-0.011,in_circle
47.635,1,1033,0.03557,0.01013,0.0266,0.0638,-0.00730,0.04828,0.04357,1,1,-0.031,-0.013,in_circle
47.678,1,1034,0.03699,0.01289,0.0325,0.0631,-0.00110,0.04923,0.04532,1,1,0.005,-0.031,in_circle
47.722,1,1035,0.03800,0.01492,0.0230,0.0465,0.00058,0.04887,0.04666,0,1,-0.026,-0.033,running
47.766,1,1036,0.03960,0.01746,0.0360,0.0571,0.00027,0.04997,0.04877,0,1,0.004,0.026,running
47.809,1,1037,0.04028,0.01967,0.0162,0.0522,-0.00062,0.05048,0.04999,0,1,-0.053,-0.017,running
47.853,1,1038,0.04119,0.02064,0.0204,0.0217,-0.01069,0.05107,0.05113,0,1,0.013,-0.005,running
47.895,1,1039,0.04128,0.02164,0.0022,0.0238,-0.01323,0.04855,0.05151,0,1,-0.009,0.101,running
47.939,1,1040,0.04248,0.02254,0.0273,0.0206,-0.01612,0.04693,0.05293,0,1,0.053,0.090,running
47.986,1,1041,0.04133,0.02357,-0.0246,0.0221,-0.02705,0.04622,0.05218,0,1,-0.044,0.098,running
48.028,1,1042,0.04147,0.02403,0.0033,0.0109,-0.03571,0.04735,0.05247,0,1,0.140,0.089,running
48.073,1,1043,0.04050,0.02518,-0.0219,0.0257,-0.03400,0.04575,0.05196,0,1,0.039,0.126,running
48.118,1,1044,0.04004,0.02590,-0.0101,0.0160,-0.03426,0.04632,0.05181,0,1,0.130,0.069,running
48.163,1,1045,0.03889,0.02713,-0.0255,0.0273,-0.03476,0.04651,0.05125,0,1,0.088,0.101,running
48.209,1,1046,0.03824,0.02878,-0.0142,0.0361,-0.03182,0.04946,0.05137,0,1,0.146,0.056,running
48.292,1,1047,0.03646,0.03190,-0.0214,0.0375,-0.02739,0.05294,0.05128,0,1,0.105,0.019,running
48.335,1,1048,0.03570,0.03369,-0.0176,0.0416,-0.02440,0.05611,0.05156,0,1,0.133,0.002,running
48.382,1,1049,0.03525,0.03561,-0.0095,0.0407,-0.02423,0.05510,0.05225,0,1,0.119,-0.019,running
48.427,1,1050,0.03479,0.03755,-0.0101,0.0430,-0.02303,0.05715,0.05301,0,1,0.088,-0.023,running
48.469,1,1051,0.03477,0.03945,-0.0007,0.0449,-0.01789,0.05700,0.05413,0,1,0.088,-0.039,running
48.515,1,1052,0.03503,0.04091,0.0057,0.0322,-0.01669,0.05686,0.05525,0,1,0.050,-0.053,running
48.560,1,1053,0.03563,0.04231,0.0134,0.0310,-0.01393,0.05285,0.05661,0,1,0.024,-0.015,running
48.601,1,1054,0.03549,0.04280,-0.0035,0.0122,-0.00830,0.05299,0.05682,0,1,-0.008,-0.019,running
48.645,1,1055,0.03605,0.04347,0.0127,0.0151,-0.01159,0.05260,0.05768,0,1,0.046,0.041,running
48.689,1,1056,0.03686,0.04419,0.0186,0.0165,-0.01284,0.05179,0.05877,0,1,-0.013,0.026,running
48.733,1,1057,0.03715,0.04478,0.0066,0.0133,-0.01740,0.05099,0.05937,0,1,-0.039,0.016,running
48.777,1,1058,0.03814,0.04479,0.0225,0.0002,-0.01914,0.04766,0.06013,0,1,-0.004,0.022,running
48.823,1,1059,0.03814,0.04536,-0.0001,0.0123,-0.01881,0.04398,0.06049,0,1,-0.062,0.061,running
48.866,1,1060,0.03848,0.04495,0.0080,-0.0093,-0.01802,0.03996,0.06050,0,1,0.007,0.018,running
48.912,1,1061,0.03900,0.04484,0.0113,-0.0025,-0.02303,0.03765,0.06082,0,1,-0.021,0.086,running
48.954,1,1062,0.03860,0.04471,-0.0095,-0.0031,-0.02202,0.03747,0.06043,0,1,-0.037,0.063,running
48.996,1,1063,0.03788,0.04451,-0.0170,-0.0046,-0.02801,0.03628,0.05975,0,1,0.030,0.064,running
49.043,1,1064,0.03798,0.04506,0.0020,0.0118,-0.02747,0.03634,0.06018,0,1,0.056,0.070,running
49.086,1,1065,0.03780,0.04512,-0.0041,0.0014,-0.02806,0.03811,0.06008,0,1,-0.008,0.012,running
49.130,1,1066,0.03755,0.04519,-0.0057,0.0016,-0.02673,0.03877,0.05994,0,1,0.010,0.044,running
49.176,1,1067,0.03717,0.04605,-0.0082,0.0186,-0.02564,0.03868,0.06022,0,1,0.015,0.042,running
49.219,1,1068,0.03649,0.04605,-0.0162,0.0002,-0.02567,0.04018,0.05971,0,1,0.021,-0.018,running
49.262,1,1069,0.03563,0.04686,-0.0198,0.0185,-0.02368,0.04032,0.05962,0,1,0.049,0.040,running
49.305,1,1070,0.03543,0.04718,-0.0045,0.0075,-0.02098,0.04192,0.05970,0,1,0.062,-0.023,running
49.348,1,1071,0.03430,0.04769,-0.0262,0.0119,-0.02206,0.04391,0.05925,0,1,0.011,0.009,running
49.438,1,1072,0.03407,0.04785,-0.0025,0.0018,-0.02101,0.04896,0.05920,0,1,0.082,-0.010,running
49.482,1,1073,0.03356,0.04882,-0.0117,0.0220,-0.01769,0.04963,0.05953,0,1,0.005,0.020,running
49.525,1,1074,0.03366,0.04900,0.0023,0.0042,-0.01784,0.05304,0.05974,0,1,0.034,-0.051,running
49.571,1,1075,0.03440,0.04893,0.0161,-0.0017,-0.01959,0.05109,0.06020,0,1,-0.014,0.004,running
49.617,1,1076,0.03511,0.04912,0.0154,0.0042,-0.01516,0.05224,0.06083,0,1,-0.064,0.020,running
49.660,1,1077,0.03547,0.04961,0.0086,0.0113,-0.01666,0.04969,0.06143,0,1,-0.066,-0.003,running
49.700,1,1078,0.03611,0.04963,0.0160,0.0006,-0.01667,0.04924,0.06190,0,1,-0.049,-0.030,running
49.744,1,1079,0.03652,0.04956,0.0093,-0.0016,-0.01572,0.04703,0.06214,0,1,-0.077,0.001,running
49.789,1,1080,0.03715,0.04946,0.0140,-0.0023,-0.01524,0.04392,0.06252,0,1,-0.060,0.006,running
49.835,1,1081,0.03740,0.04961,0.0054,0.0032,-0.01536,0.04050,0.06281,0,1,-0.080,0.005,running
49.880,1,1082,0.03773,0.04976,0.0073,0.0035,-0.01467,0.04091,0.06315,0,1,-0.057,-0.015,running
49.925,1,1083,0.03733,0.05024,-0.0088,0.0106,-0.01489,0.03996,0.06320,0,1,-0.066,-0.019,running
49.967,1,1084,0.03759,0.04990,0.0061,-0.0081,-0.01401,0.03901,0.06315,0,1,-0.018,-0.044,running
50.012,1,1085,0.03700,0.04978,-0.0132,-0.0026,-0.01480,0.03837,0.06264,0,1,-0.066,0.012,running
50.053,1,1086,0.03704,0.04990,0.0010,0.0028,-0.01490,0.03735,0.06275,0,1,-0.005,-0.005,running
50.096,1,1087,0.03669,0.04963,-0.0081,-0.0063,-0.01799,0.03780,0.06232,0,1,-0.052,-0.024,running
50.140,1,1088,0.03634,0.04985,-0.0080,0.0049,-0.01807,0.03665,0.06222,0,1,-0.023,0.004,running
50.184,1,1089,0.03605,0.04977,-0.0067,-0.0017,-0.01828,0.03833,0.06196,0,1,-0.024,-0.033,running
50.230,1,1090,0.03580,0.04996,-0.0055,0.0039,-0.01934,0.03867,0.06191,0,1,-0.028,-0.014,running
50.275,1,1091,0.03503,0.04971,-0.0171,-0.0055,-0.01866,0.03758,0.06119,0,1,-0.033,-0.034,running
50.322,1,1092,0.03496,0.04963,-0.0015,-0.0016,-0.01777,0.03756,0.06109,0,1,0.006,-0.004,running
50.363,1,1093,0.03442,0.05000,-0.0132,0.0089,-0.01831,0.03914,0.06098,0,1,-0.044,-0.018,running
50.405,1,1094,0.03428,0.05007,-0.0033,0.0019,-0.01857,0.03884,0.06094,0,1,-0.007,-0.053,running
50.451,1,1095,0.03402,0.05045,-0.0058,0.0082,-0.01773,0.03933,0.06103,0,1,-0.040,-0.033,running
50.493,1,1096,0.03445,0.05070,0.0102,0.0058,-0.01823,0.03842,0.06150,0,1,-0.033,-0.057,running
50.538,1,1097,0.03426,0.05131,-0.0044,0.0138,-0.01747,0.03858,0.06182,0,1,-0.088,-0.053,running
50.584,1,1098,0.03424,0.05157,-0.0004,0.0057,-0.01603,0.03980,0.06200,0,1,-0.044,-0.083,running
50.628,1,1099,0.03363,0.05176,-0.0139,0.0043,-0.01419,0.04009,0.06173,0,1,-0.058,-0.061,running
50.672,1,1100,0.03342,0.05181,-0.0047,0.0011,-0.01167,0.03975,0.06162,0,1,-0.015,-0.059,running
50.718,1,1101,0.03334,0.05177,-0.0017,-0.0007,-0.01121,0.03980,0.06155,0,1,-0.045,-0.051,running
50.758,1,1102,0.03305,0.05133,-0.0073,-0.0110,-0.01126,0.03977,0.06102,0,1,-0.056,-0.047,running
50.801,1,1103,0.03279,0.05135,-0.0060,0.0004,-0.01175,0.03983,0.06086,0,1,-0.037,-0.013,running
50.845,1,1104,0.03249,0.05181,-0.0070,0.0107,-0.01139,0.04061,0.06101,0,1,-0.042,-0.051,running
50.889,1,1105,0.03231,0.05166,-0.0040,-0.0034,-0.01211,0.04007,0.06078,0,1,-0.040,-0.087,running
50.934,1,1106,0.03218,0.05166,-0.0028,-0.0002,-0.01173,0.03943,0.06069,0,1,-0.050,-0.044,running
50.982,1,1107,0.03253,0.05159,0.0073,-0.0014,-0.01216,0.03918,0.06087,0,1,-0.055,-0.056,running
51.024,1,1108,0.03250,0.05175,-0.0008,0.0039,-0.01243,0.04065,0.06097,0,1,-0.090,-0.054,running
51.069,1,1109,0.03224,0.05148,-0.0059,-0.0061,-0.01212,0.04038,0.06059,0,1,-0.067,-0.074,running
51.111,1,1110,0.03211,0.05132,-0.0031,-0.0039,-0.01169,0.03989,0.06038,0,1,-0.050,-0.042,running
51.154,1,1111,0.03214,0.05142,0.0007,0.0023,-0.01169,0.03989,0.06048,0,1,-0.060,-0.050,running
51.196,1,1112,0.03227,0.05152,0.0031,0.0024,-0.01401,0.03987,0.06064,0,1,-0.074,-0.073,running
51.242,1,1113,0.03213,0.05148,-0.0029,-0.0008,-0.01272,0.04054,0.06052,0,1,-0.084,-0.075,running
51.285,1,1114,0.03227,0.05143,0.0031,-0.0011,-0.01284,0.03955,0.06057,0,1,-0.066,-0.067,running
51.329,1,1115,0.03228,0.05153,0.0002,0.0022,-0.01204,0.03832,0.06065,0,1,-0.088,-0.068,running
51.380,1,1116,0.03205,0.05142,-0.0045,-0.0021,-0.01427,0.04087,0.06042,0,1,-0.080,-0.081,running
51.468,1,1117,0.03241,0.05178,0.0041,0.0042,-0.01398,0.04029,0.06093,0,1,-0.068,-0.071,running
51.509,1,1118,0.03253,0.05143,0.0029,-0.0086,-0.01247,0.03908,0.06075,0,1,-0.099,-0.095,running
51.549,1,1119,0.03223,0.05166,-0.0074,0.0058,-0.01386,0.03963,0.06072,0,1,-0.097,-0.055,running
51.594,1,1120,0.03240,0.05139,0.0038,-0.0060,-0.01418,0.03921,0.06064,0,1,-0.065,-0.103,running
51.638,1,1121,0.03239,0.05171,-0.0002,0.0071,-0.01356,0.03876,0.06087,0,1,-0.103,-0.066,running
51.683,1,1122,0.03242,0.05168,0.0006,-0.0006,-0.01224,0.03911,0.06087,0,1,-0.093,-0.112,running
51.728,1,1123,0.03215,0.05168,-0.0060,-0.0001,-0.01343,0.03822,0.06068,0,1,-0.097,-0.089,running
51.775,1,1124,0.03218,0.05162,0.0006,-0.0012,-0.01215,0.03952,0.06066,0,1,-0.076,-0.092,running
51.816,1,1125,0.03235,0.05160,0.0042,-0.0005,-0.01152,0.03850,0.06076,0,1,-0.099,-0.091,running
51.860,1,1126,0.03236,0.05172,0.0004,0.0027,-0.01231,0.03843,0.06086,0,1,-0.113,-0.095,running
51.901,1,1127,0.03210,0.05156,-0.0063,-0.0038,-0.01286,0.03877,0.06057,0,1,-0.103,-0.108,running
51.944,1,1128,0.03231,0.05156,0.0048,-0.0000,-0.01266,0.03559,0.06070,0,1,-0.082,-0.088,running
51.990,1,1129,0.03254,0.05144,0.0050,-0.0025,-0.01332,0.03090,0.06077,0,1,-0.120,-0.102,running
52.034,1,1130,0.03218,0.05144,-0.0082,-0.0002,-0.01251,0.03185,0.06052,0,1,-0.123,-0.096,running
52.080,1,1131,0.03245,0.05139,0.0060,-0.0011,-0.01125,0.02967,0.06066,0,1,-0.081,-0.105,running
52.125,1,1132,0.03216,0.05145,-0.0064,0.0013,-0.01143,0.02979,0.06052,0,1,-0.130,-0.104,running
52.168,1,1133,0.03229,0.05114,0.0030,-0.0071,-0.00976,0.02966,0.06037,0,1,-0.091,-0.114,running
52.212,1,1134,0.03223,0.05129,-0.0013,0.0034,-0.00842,0.02947,0.06045,0,1,-0.123,-0.087,running
52.253,1,1135,0.03207,0.05127,-0.0039,-0.0005,-0.00834,0.02839,0.06032,0,1,-0.111,-0.124,running
52.297,1,1136,0.03239,0.05118,0.0072,-0.0019,-0.00879,0.02906,0.06047,0,1,-0.103,-0.113,running
52.340,1,1137,0.03251,0.05118,0.0027,0.0001,-0.00672,0.02862,0.06055,0,1,-0.141,-0.110,running
52.387,1,1138,0.03217,0.05120,-0.0071,0.0004,-0.00738,0.02926,0.06034,0,1,-0.129,-0.119,running
52.432,1,1139,0.03214,0.05142,-0.0007,0.0049,-0.00626,0.02974,0.06048,0,1,-0.099,-0.122,running
52.477,1,1140,0.03245,0.05126,0.0067,-0.0036,-0.00789,0.03017,0.06056,0,1,-0.121,-0.139,running
52.523,1,1141,0.03229,0.05151,-0.0034,0.0054,-0.00594,0.02891,0.06065,0,1,-0.148,-0.113,running
52.566,1,1142,0.03254,0.05154,0.0058,0.0008,-0.00565,0.02980,0.06084,0,1,-0.117,-0.145,running
52.608,1,1143,0.03245,0.05105,-0.0022,-0.0119,-0.00599,0.03039,0.06041,0,1,-0.149,-0.133,running
52.652,1,1144,0.03252,0.05142,0.0015,0.0084,-0.00617,0.02981,0.06073,0,1,-0.124,-0.092,running
52.693,1,1145,0.03259,0.05127,0.0017,-0.0036,-0.00656,0.02958,0.06066,0,1,-0.139,-0.160,running
52.741,1,1146,0.03226,0.05129,-0.0068,0.0004,-0.00676,0.02968,0.06046,0,1,-0.141,-0.124,running
52.783,1,1147,0.03217,0.05115,-0.0021,-0.0033,-0.00575,0.03098,0.06030,0,1,-0.114,-0.138,running
52.830,1,1148,0.03240,0.05108,0.0049,-0.0014,-0.00685,0.03029,0.06041,0,1,-0.130,-0.127,running
52.876,1,1149,0.03259,0.05140,0.0040,0.0069,-0.00751,0.02972,0.06077,0,1,-0.156,-0.136,running
52.919,1,1150,0.03244,0.05140,-0.0034,-0.0001,-0.00737,0.03236,0.06067,0,1,-0.156,-0.166,running
52.963,1,1151,0.03225,0.05126,-0.0045,-0.0031,-0.00601,0.03226,0.06044,0,1,-0.134,-0.145,running
53.005,1,1152,0.03221,0.05121,-0.0010,-0.0011,-0.00598,0.03221,0.06037,0,1,-0.131,-0.137,running
53.052,1,1153,0.03222,0.05149,0.0002,0.0059,-0.00736,0.03260,0.06058,0,1,-0.143,-0.145,running
53.097,1,1154,0.03243,0.05113,0.0046,-0.0079,-0.00700,0.03287,0.06046,0,1,-0.149,-0.171,running
53.142,1,1155,0.03251,0.05139,0.0019,0.0059,-0.00719,0.03240,0.06071,0,1,-0.166,-0.127,running
53.185,1,1156,0.03232,0.05123,-0.0045,-0.0037,-0.00573,0.03463,0.06046,0,1,-0.159,-0.174,running
53.230,1,1157,0.03241,0.05134,0.0020,0.0024,-0.00664,0.03215,0.06061,0,1,-0.140,-0.145,running
53.274,1,1158,0.03249,0.05106,0.0018,-0.0064,-0.00579,0.03262,0.06045,0,1,-0.163,-0.167,running
53.317,1,1159,0.03223,0.05121,-0.0060,0.0033,-0.00544,0.03394,0.06038,0,1,-0.164,-0.140,running
53.361,1,1160,0.03238,0.05105,0.0035,-0.0037,-0.00565,0.03309,0.06037,0,1,-0.140,-0.173,running
53.402,1,1161,0.03226,0.05111,-0.0030,0.0014,-0.00601,0.03223,0.06033,0,1,-0.172,-0.152,running
53.491,1,1162,0.03220,0.05115,-0.0007,0.0004,-0.00581,0.03199,0.06032,0,1,-0.155,-0.173,running
53.536,1,1163,0.03215,0.05131,-0.0012,0.0036,-0.00570,0.03179,0.06040,0,1,-0.163,-0.171,running
53.582,1,1164,0.03214,0.05136,-0.0002,0.0012,-0.00448,0.03266,0.06044,0,1,-0.163,-0.184,running
53.625,1,1165,0.03223,0.05131,0.0022,-0.0011,-0.00454,0.03234,0.06046,0,1,-0.169,-0.179,running
53.670,1,1166,0.03245,0.05112,0.0049,-0.0043,-0.00288,0.03351,0.06046,0,1,-0.178,-0.173,running
53.713,1,1167,0.03239,0.05099,-0.0014,-0.0029,-0.00258,0.03338,0.06033,0,1,-0.190,-0.164,running
53.756,1,1168,0.03219,0.05127,-0.0046,0.0065,-0.00244,0.03249,0.06041,0,1,-0.171,-0.170,running
53.801,1,1169,0.03220,0.05101,0.0001,-0.0058,-0.00063,0.03167,0.06022,0,1,-0.162,-0.203,running
53.845,1,1170,0.03225,0.05106,0.0013,0.0011,-0.00109,0.03299,0.06029,0,1,-0.178,-0.165,running
53.890,1,1171,0.03220,0.05111,-0.0012,0.0010,0.00100,0.03230,0.06029,0,1,-0.184,-0.189,running
53.932,1,1172,0.03228,0.05113,0.0018,0.0006,0.00063,0.03075,0.06036,0,1,-0.178,-0.191,running
53.979,1,1173,0.03230,0.05106,0.0005,-0.0015,-0.00084,0.02950,0.06032,0,1,-0.189,-0.192,running
54.023,1,1174,0.03237,0.05129,0.0015,0.0052,0.00004,0.03077,0.06053,0,1,-0.187,-0.187,running
54.067,1,1175,0.03220,0.05104,-0.0037,-0.0058,0.00039,0.02853,0.06024,0,1,-0.193,-0.211,running
54.198,1,1176,0.03209,0.05129,-0.0009,0.0019,0.00111,0.02537,0.06035,0,1,-0.177,-0.177,running
54.285,1,1177,0.03228,0.05111,0.0021,-0.0021,0.00053,0.02545,0.06034,0,1,-0.191,-0.209,running
54.327,1,1178,0.03240,0.05126,0.0031,0.0036,0.00048,0.02489,0.06054,0,1,-0.205,-0.199,running
54.372,1,1179,0.03178,0.05118,-0.0139,-0.0018,-0.00036,0.02548,0.06007,0,1,-0.210,-0.220,running
54.417,1,1180,0.03251,0.05121,0.0160,0.0006,0.00084,0.02397,0.06057,0,1,-0.154,-0.204,running
54.464,1,1181,0.03236,0.05129,-0.0032,0.0016,0.00072,0.02513,0.06053,0,1,-0.255,-0.214,running
54.549,1,1182,0.03228,0.05118,-0.0009,-0.0013,0.00135,0.02412,0.06040,0,1,-0.195,-0.220,running
54.594,1,1183,0.03220,0.05137,-0.0018,0.0044,0.00057,0.02466,0.06049,0,1,-0.206,-0.214,running
54.640,1,1184,0.03230,0.05126,0.0021,-0.0025,-0.00011,0.02461,0.06047,0,1,-0.204,-0.235,running
54.728,1,1185,0.03204,0.05131,-0.0029,0.0006,0.00029,0.02363,0.06034,0,1,-0.219,-0.215,running
54.772,1,1186,0.03210,0.05131,0.0013,-0.0000,0.00098,0.02307,0.06037,0,1,-0.205,-0.228,running
54.816,1,1187,0.03223,0.05145,0.0029,0.0033,0.00000,0.02404,0.06057,0,1,-0.221,-0.228,running
54.863,1,1188,0.03197,0.05101,-0.0055,-0.0094,0.00075,0.02447,0.06007,0,1,-0.229,-0.242,running
54.900,1,1189,0.03222,0.05138,0.0067,0.0099,0.00100,0.02394,0.06050,0,1,-0.202,-0.201,running
54.944,1,1190,0.03187,0.05140,-0.0080,0.0004,0.00124,0.02410,0.06029,0,1,-0.244,-0.266,running
54.986,1,1191,0.03223,0.05138,0.0084,-0.0003,0.00085,0.02298,0.06051,0,1,-0.197,-0.238,running
55.032,1,1192,0.03203,0.05102,-0.0043,-0.0079,0.00167,0.02319,0.06011,0,1,-0.253,-0.238,running
55.076,1,1193,0.03207,0.05127,0.0010,0.0056,0.00153,0.02367,0.06033,0,1,-0.213,-0.213,running
55.120,1,1194,0.03217,0.05111,0.0022,-0.0036,0.00161,0.02340,0.06027,0,1,-0.232,-0.260,running
55.166,1,1195,0.03231,0.05126,0.0030,0.0032,0.00211,0.02409,0.06047,0,1,-0.238,-0.232,running
55.208,1,1196,0.03222,0.05138,-0.0021,0.0028,0.00287,0.02328,0.06050,0,1,-0.243,-0.257,running
55.255,1,1197,0.03227,0.05134,0.0011,-0.0009,0.00268,0.02465,0.06051,0,1,-0.228,-0.258,running
55.298,1,1198,0.03218,0.05131,-0.0021,-0.0005,0.00208,0.02450,0.06043,0,1,-0.240,-0.248,running
55.343,1,1199,0.03232,0.05131,0.0033,-0.0000,0.00272,0.02355,0.06053,0,1,-0.231,-0.251,running
55.430,1,1200,0.03194,0.05107,-0.0044,-0.0029,0.00091,0.02433,0.06009,0,1,-0.251,-0.255,running
55.516,1,1201,0.03222,0.05114,0.0032,0.0009,0.00167,0.02470,0.06033,0,1,-0.230,-0.250,running
55.561,1,1202,0.03220,0.05124,-0.0006,0.0023,0.00250,0.02494,0.06039,0,1,-0.257,-0.264,running
55.605,1,1203,0.03219,0.05110,-0.0002,-0.0032,0.00227,0.02330,0.06028,0,1,-0.247,-0.271,running
55.647,1,1204,0.03195,0.05122,-0.0059,0.0027,0.00368,0.02440,0.06020,0,1,-0.249,-0.255,running
55.690,1,1205,0.03227,0.05103,0.0076,-0.0042,0.00448,0.02319,0.06028,0,1,-0.232,-0.276,running
55.736,1,1206,0.03206,0.05108,-0.0046,0.0010,0.00487,0.02279,0.06017,0,1,-0.278,-0.255,running
55.780,1,1207,0.03226,0.05127,0.0044,0.0044,0.00467,0.02409,0.06045,0,1,-0.240,-0.274,running
55.824,1,1208,0.03218,0.05124,-0.0018,-0.0008,0.00593,0.02192,0.06037,0,1,-0.272,-0.288,running
55.869,1,1209,0.03227,0.05131,0.0021,0.0016,0.00505,0.02144,0.06048,0,1,-0.253,-0.273,running
55.914,1,1210,0.03215,0.05123,-0.0025,-0.0018,0.00777,0.02251,0.06035,0,1,-0.268,-0.283,running
55.954,1,1211,0.03220,0.05115,0.0010,-0.0019,0.00767,0.02183,0.06032,0,1,-0.254,-0.274,running
55.999,1,1212,0.03196,0.05105,-0.0051,-0.0022,0.00779,0.02156,0.06009,0,1,-0.267,-0.275,running
56.045,1,1213,0.03230,0.05125,0.0074,0.0043,0.00779,0.02156,0.06046,0,1,-0.248,-0.275,running
56.089,1,1214,0.03213,0.05098,-0.0039,-0.0061,0.00721,0.02272,0.06015,0,1,-0.292,-0.300,running
56.132,1,1215,0.03221,0.05090,0.0018,-0.0017,0.00816,0.02236,0.06014,0,1,-0.256,-0.267,running
56.176,1,1216,0.03214,0.05079,-0.0015,-0.0026,0.00716,0.02034,0.06001,0,1,-0.277,-0.282,running
56.221,1,1217,0.03199,0.05053,-0.0033,-0.0058,0.00740,0.01962,0.05972,0,1,-0.267,-0.281,running
56.264,1,1218,0.03190,0.04997,-0.0023,-0.0132,0.00769,0.01978,0.05924,0,1,-0.262,-0.271,running
56.309,1,1219,0.03206,0.04939,0.0036,-0.0129,0.00749,0.01805,0.05892,0,1,-0.266,-0.246,running
56.352,1,1220,0.03181,0.04836,-0.0058,-0.0240,0.00603,0.01738,0.05799,0,1,-0.287,-0.246,running
56.397,1,1221,0.03145,0.04886,-0.0081,0.0111,0.00557,0.01850,0.05811,0,1,-0.255,-0.205,running
56.440,1,1222,0.03220,0.04938,0.0172,0.0119,0.00259,0.01628,0.05901,0,1,-0.248,-0.325,running
56.485,1,1223,0.03191,0.04952,-0.0065,0.0032,-0.00148,0.01902,0.05892,0,1,-0.337,-0.332,running
56.528,1,1224,0.03232,0.04905,0.0094,-0.0106,0.00262,0.01751,0.05885,0,1,-0.260,-0.306,running
56.572,1,1225,0.03216,0.04928,-0.0038,0.0052,0.00836,0.01677,0.05891,0,1,-0.315,-0.261,running
56.617,1,1226,0.03195,0.04935,-0.0047,0.0016,0.00793,0.01597,0.05881,0,1,-0.273,-0.316,running
56.659,1,1227,0.03134,0.04886,-0.0147,-0.0119,0.00655,0.01567,0.05804,0,1,-0.271,-0.306,running
56.706,1,1228,0.03002,0.04863,-0.0278,-0.0047,0.00682,0.01539,0.05699,0,1,-0.236,-0.260,running
56.749,1,1229,0.02868,0.04860,-0.0310,-0.0008,0.00700,0.01623,0.05608,0,1,-0.188,-0.283,running
56.789,1,1230,0.02709,0.04807,-0.0399,-0.0132,0.00631,0.01735,0.05466,0,1,-0.171,-0.295,running
56.838,1,1231,0.02490,0.04695,-0.0450,-0.0231,0.00633,0.02023,0.05241,0,1,-0.133,-0.250,running
56.880,1,1232,0.02297,0.04578,-0.0457,-0.0277,0.00526,0.02316,0.05029,0,1,-0.102,-0.208,running
56.924,1,1233,0.02089,0.04419,-0.0470,-0.0358,0.00287,0.02954,0.04777,0,1,-0.088,-0.183,running
56.968,1,1234,0.01891,0.04219,-0.0448,-0.0453,-0.00112,0.03462,0.04498,1,1,-0.070,-0.142,in_circle
57.011,1,1235,0.01659,0.04006,-0.0547,-0.0501,-0.00469,0.04253,0.04189,1,1,-0.065,-0.093,in_circle
57.056,1,1236,0.01450,0.03808,-0.0457,-0.0434,-0.00997,0.04804,0.03907,1,1,-0.011,-0.059,in_circle
57.100,1,1237,0.01293,0.03549,-0.0366,-0.0601,-0.01656,0.04652,0.03605,1,1,-0.037,-0.075,in_circle
57.144,1,1238,0.01149,0.03260,-0.0322,-0.0651,-0.02053,0.04660,0.03286,1,1,-0.070,-0.004,in_circle
57.185,1,1239,0.01059,0.02963,-0.0222,-0.0725,-0.02119,0.04870,0.02994,1,1,-0.085,0.022,in_circle
57.232,1,1240,0.00954,0.02674,-0.0222,-0.0613,-0.02359,0.04676,0.02703,1,1,-0.123,0.059,in_circle
57.277,1,1241,0.00891,0.02481,-0.0140,-0.0435,-0.02830,0.04882,0.02516,1,1,-0.121,0.020,in_circle
57.320,1,1242,0.00868,0.02269,-0.0052,-0.0483,-0.03510,0.04586,0.02346,1,1,-0.153,-0.047,in_circle
57.365,1,1243,0.00917,0.02167,0.0108,-0.0230,-0.03525,0.04160,0.02309,1,1,-0.189,-0.023,in_circle
57.408,1,1244,0.00825,0.02004,-0.0212,-0.0376,-0.02983,0.03580,0.02132,1,1,-0.255,-0.123,in_circle
57.454,1,1245,0.00815,0.01969,-0.0022,-0.0076,-0.02603,0.03400,0.02101,1,1,-0.125,-0.061,in_circle
57.540,1,1246,0.00721,0.01917,-0.0110,-0.0060,-0.00970,0.02095,0.01997,1,1,-0.202,-0.181,in_circle
57.584,1,1247,0.00719,0.01960,-0.0004,0.0095,-0.01398,0.02168,0.02024,1,1,-0.165,-0.187,in_circle
57.629,1,1248,0.00586,0.02009,-0.0295,0.0109,0.00019,0.02019,0.01962,1,1,-0.208,-0.251,in_circle
57.674,1,1249,0.00542,0.02008,-0.0100,-0.0003,0.01415,0.01903,0.01931,1,1,-0.089,-0.258,in_circle
57.716,1,1250,0.00533,0.02033,-0.0021,0.0059,0.01641,0.02092,0.01944,1,1,-0.167,-0.214,in_circle
57.759,1,1251,0.00547,0.02036,0.0034,0.0007,0.02085,0.02301,0.01956,1,1,-0.199,-0.240,in_circle
57.803,1,1252,0.00514,0.02038,-0.0076,0.0005,0.01746,0.02461,0.01935,1,1,-0.222,-0.220,in_circle
57.848,1,1253,0.00526,0.02012,0.0025,-0.0058,0.01458,0.02375,0.01923,1,1,-0.178,-0.220,in_circle
57.894,1,1254,0.00572,0.02016,0.0103,0.0009,0.01151,0.02409,0.01958,1,1,-0.219,-0.194,in_circle
57.936,1,1255,0.00626,0.01976,0.0126,-0.0094,0.00479,0.02456,0.01967,1,1,-0.252,-0.222,in_circle
57.979,1,1256,0.00580,0.01981,-0.0108,0.0011,0.00180,0.02508,0.01938,1,1,-0.263,-0.180,in_circle
58.027,1,1257,0.00562,0.02036,-0.0037,0.0116,0.00071,0.02455,0.01966,1,1,-0.169,-0.223,in_circle
58.070,1,1258,0.00589,0.02055,0.0063,0.0045,-0.00422,0.02269,0.01998,1,1,-0.197,-0.267,in_circle
58.112,1,1259,0.00572,0.02138,-0.0040,0.0193,-0.00188,0.02212,0.02048,1,1,-0.238,-0.240,in_circle
58.158,1,1260,0.00468,0.02126,-0.0229,-0.0026,-0.00042,0.02284,0.01971,1,1,-0.198,-0.302,in_circle
58.198,1,1261,0.00577,0.02134,0.0273,0.0020,-0.00131,0.02354,0.02048,1,1,-0.120,-0.214,in_circle
58.245,1,1262,0.00513,0.02153,-0.0135,0.0042,0.00207,0.02520,0.02021,1,1,-0.324,-0.234,in_circle
58.288,1,1263,0.00467,0.02121,-0.0108,-0.0074,-0.00022,0.02556,0.01967,1,1,-0.160,-0.244,in_circle
58.333,1,1264,0.00493,0.02090,0.0059,-0.0069,0.00006,0.02514,0.01960,1,1,-0.170,-0.197,in_circle
58.377,1,1265,0.00476,0.02088,-0.0038,-0.0005,0.00116,0.02604,0.01948,1,1,-0.238,-0.199,in_circle
58.420,1,1266,0.00493,0.02143,0.0039,0.0129,-0.00094,0.02922,0.02001,1,1,-0.199,-0.225,in_circle
58.464,1,1267,0.00527,0.02081,0.0078,-0.0143,-0.00177,0.02687,0.01975,1,1,-0.231,-0.281,in_circle
58.509,1,1268,0.00526,0.02073,-0.0001,-0.0019,-0.00101,0.02656,0.01969,1,1,-0.248,-0.171,in_circle
58.553,1,1269,0.00561,0.02044,0.0078,-0.0065,0.00156,0.02770,0.01971,1,1,-0.217,-0.221,in_circle
58.595,1,1270,0.00566,0.02030,0.0012,-0.0034,-0.00063,0.02829,0.01964,1,1,-0.250,-0.203,in_circle
58.640,1,1271,0.00587,0.02039,0.0047,0.0020,-0.00088,0.02691,0.01985,1,1,-0.224,-0.215,in_circle
58.685,1,1272,0.00570,0.02015,-0.0038,-0.0053,-0.00030,0.02664,0.01956,1,1,-0.239,-0.238,in_circle
58.727,1,1273,0.00602,0.02058,0.0076,0.0101,-0.00137,0.02709,0.02009,1,1,-0.206,-0.209,in_circle
58.772,1,1274,0.00614,0.02049,0.0028,-0.0020,-0.00149,0.02695,0.02011,1,1,-0.253,-0.272,in_circle
58.817,1,1275,0.00564,0.02055,-0.0112,0.0013,-0.00039,0.02673,0.01981,1,1,-0.234,-0.224,in_circle
58.860,1,1276,0.00559,0.02064,-0.0012,0.0021,0.00202,0.02639,0.01984,1,1,-0.178,-0.238,in_circle
58.906,1,1277,0.00588,0.02058,0.0062,-0.0014,0.00235,0.02560,0.01999,1,1,-0.218,-0.242,in_circle
58.948,1,1278,0.00544,0.02032,-0.0104,-0.0061,0.00217,0.02540,0.01951,1,1,-0.249,-0.229,in_circle
58.990,1,1279,0.00539,0.01991,-0.0012,-0.0098,0.00202,0.02552,0.01917,1,1,-0.182,-0.210,in_circle
59.035,1,1280,0.00545,0.02084,0.0011,0.0209,0.00217,0.02540,0.01989,1,1,-0.220,-0.195,in_circle
59.083,1,1281,0.00532,0.02042,-0.0027,-0.0089,0.00217,0.02540,0.01950,1,1,-0.230,-0.320,in_circle
59.124,1,1282,0.00558,0.02067,0.0062,0.0059,0.00162,0.02526,0.01985,1,1,-0.214,-0.201,in_circle
59.168,1,1283,0.00539,0.02016,-0.0043,-0.0116,0.00492,0.02519,0.01935,1,1,-0.251,-0.261,in_circle
59.211,1,1284,0.00554,0.02034,0.0035,0.0042,0.00311,0.02440,0.01958,1,1,-0.209,-0.190,in_circle
59.253,1,1285,0.00528,0.02044,-0.0060,0.0024,0.00289,0.02494,0.01949,1,1,-0.242,-0.255,in_circle
59.298,1,1286,0.00563,0.02000,0.0078,-0.0099,0.00242,0.02392,0.01940,1,1,-0.204,-0.248,in_circle
59.343,1,1287,0.00533,0.02053,-0.0065,0.0118,0.00305,0.02368,0.01959,1,1,-0.260,-0.199,in_circle
59.387,1,1288,0.00540,0.02048,0.0016,-0.0012,0.00272,0.02355,0.01959,1,1,-0.203,-0.287,in_circle
59.433,1,1289,0.00505,0.02060,-0.0077,0.0027,0.00106,0.02373,0.01945,1,1,-0.236,-0.236,in_circle
59.477,1,1290,0.00548,0.02031,0.0098,-0.0068,0.00368,0.02440,0.01952,1,1,-0.198,-0.253,in_circle
59.565,1,1291,0.00593,0.02048,0.0051,0.0020,0.00325,0.02466,0.01996,1,1,-0.271,-0.215,in_circle
59.609,1,1292,0.00530,0.02032,-0.0142,-0.0036,0.00292,0.02411,0.01941,1,1,-0.254,-0.252,in_circle
59.653,1,1293,0.00581,0.02061,0.0119,0.0065,0.00197,0.02235,0.01996,1,1,-0.175,-0.229,in_circle
59.696,1,1294,0.00557,0.02043,-0.0055,-0.0041,0.00308,0.02156,0.01967,1,1,-0.282,-0.271,in_circle
59.741,1,1295,0.00520,0.02047,-0.0082,0.0009,0.00272,0.02355,0.01945,1,1,-0.212,-0.229,in_circle
59.786,1,1296,0.00575,0.02041,0.0122,-0.0012,0.00306,0.02080,0.01978,1,1,-0.201,-0.250,in_circle
59.828,1,1297,0.00576,0.02068,0.0002,0.0063,0.00106,0.02279,0.01998,1,1,-0.285,-0.242,in_circle
59.872,1,1298,0.00575,0.02020,-0.0003,-0.0108,0.00177,0.02300,0.01963,1,1,-0.237,-0.273,in_circle
59.917,1,1299,0.00531,0.02034,-0.0098,0.0032,0.00134,0.02101,0.01943,1,1,-0.236,-0.204,in_circle
59.958,1,1300,0.00548,0.02051,0.0043,0.0039,0.00318,0.02135,0.01967,1,1,-0.197,-0.261,in_circle
60.002,1,1301,0.00576,0.02049,0.0063,-0.0004,0.00015,0.02020,0.01985,1,1,-0.254,-0.265,in_circle
60.046,1,1302,0.00545,0.02049,-0.0072,-0.0000,0.00344,0.02328,0.01963,1,1,-0.264,-0.248,in_circle
60.092,1,1303,0.00533,0.02035,-0.0026,-0.0030,0.00021,0.02207,0.01945,1,1,-0.210,-0.250,in_circle
60.138,1,1304,0.00544,0.02059,0.0023,0.0053,0.00303,0.02325,0.01970,1,1,-0.228,-0.239,in_circle
60.180,1,1305,0.00567,0.02050,0.0054,-0.0021,0.00295,0.02309,0.01979,1,1,-0.249,-0.273,in_circle
60.224,1,1306,0.00531,0.02039,-0.0083,-0.0026,0.00286,0.02205,0.01947,1,1,-0.262,-0.244,in_circle
60.269,1,1307,0.00546,0.02055,0.0034,0.0035,0.00363,0.02385,0.01969,1,1,-0.207,-0.243,in_circle
60.313,1,1308,0.00534,0.02050,-0.0028,-0.0012,0.00324,0.02319,0.01957,1,1,-0.255,-0.268,in_circle
60.356,1,1309,0.00520,0.02035,-0.0033,-0.0033,0.00255,0.02346,0.01936,1,1,-0.230,-0.249,in_circle
60.403,1,1310,0.00578,0.02037,0.0124,0.0003,0.00212,0.02232,0.01977,1,1,-0.229,-0.241,in_circle
60.444,1,1311,0.00519,0.02050,-0.0141,0.0031,0.00256,0.02426,0.01947,1,1,-0.294,-0.257,in_circle
60.487,1,1312,0.00524,0.02012,0.0010,-0.0088,0.00368,0.02320,0.01922,1,1,-0.187,-0.268,in_circle
60.531,1,1313,0.00573,0.02040,0.0110,0.0063,0.00399,0.02311,0.01976,1,1,-0.248,-0.221,in_circle
60.576,1,1314,0.00559,0.02027,-0.0030,-0.0029,0.00311,0.02440,0.01957,1,1,-0.290,-0.282,in_circle
60.621,1,1315,0.00549,0.02056,-0.0023,0.0065,0.00314,0.02377,0.01972,1,1,-0.234,-0.246,in_circle
60.665,1,1316,0.00535,0.02035,-0.0032,-0.0047,0.00413,0.02258,0.01947,1,1,-0.237,-0.285,in_circle
60.708,1,1317,0.00545,0.02042,0.0022,0.0015,0.00409,0.02323,0.01958,1,1,-0.233,-0.240,in_circle
60.752,1,1318,0.00552,0.02017,0.0016,-0.0057,0.00426,0.02348,0.01944,1,1,-0.256,-0.266,in_circle
60.796,1,1319,0.00546,0.02057,-0.0013,0.0092,0.00382,0.02266,0.01970,1,1,-0.254,-0.237,in_circle
60.840,1,1320,0.00540,0.02026,-0.0014,-0.0071,0.00373,0.02375,0.01943,1,1,-0.243,-0.298,in_circle
60.884,1,1321,0.00530,0.02044,-0.0023,0.0042,0.00363,0.02385,0.01950,1,1,-0.243,-0.233,in_circle
60.930,1,1322,0.00528,0.02032,-0.0005,-0.0026,0.00491,0.02334,0.01939,1,1,-0.240,-0.279,in_circle
60.973,1,1323,0.00551,0.02027,0.0054,-0.0011,0.00339,0.02357,0.01952,1,1,-0.248,-0.252,in_circle
61.015,1,1324,0.00545,0.02052,-0.0015,0.0058,0.00478,0.02330,0.01965,1,1,-0.272,-0.259,in_circle
61.060,1,1325,0.00591,0.02043,0.0103,-0.0019,0.00294,0.02332,0.01991,1,1,-0.245,-0.288,in_circle
61.106,1,1326,0.00571,0.02053,-0.0044,0.0022,0.00465,0.02388,0.01984,1,1,-0.294,-0.257,in_circle
61.149,1,1327,0.00533,0.02029,-0.0089,-0.0056,0.00423,0.02365,0.01941,1,1,-0.236,-0.275,in_circle
61.192,1,1328,0.00503,0.02027,-0.0069,-0.0004,0.00384,0.02434,0.01919,1,1,-0.217,-0.243,in_circle
61.236,1,1329,0.00567,0.02037,0.0146,0.0022,0.00388,0.02259,0.01970,1,1,-0.225,-0.265,in_circle
61.280,1,1330,0.00525,0.02024,-0.0097,-0.0030,0.00383,0.02240,0.01931,1,1,-0.313,-0.276,in_circle
61.324,1,1331,0.00575,0.02035,0.0113,0.0025,0.00483,0.02221,0.01973,1,1,-0.216,-0.256,in_circle
61.368,1,1332,0.00550,0.02041,-0.0056,0.0014,0.00325,0.02240,0.01961,1,1,-0.302,-0.278,in_circle
61.412,1,1333,0.00588,0.02046,0.0086,0.0013,0.00404,0.02134,0.01991,1,1,-0.234,-0.275,in_circle
61.457,1,1334,0.00549,0.02011,-0.0086,-0.0080,0.00416,0.02125,0.01938,1,1,-0.292,-0.275,in_circle
61.499,1,1335,0.00595,0.02039,0.0108,0.0068,0.00404,0.02134,0.01990,1,1,-0.223,-0.238,in_circle
61.588,1,1336,0.00538,0.02048,-0.0065,0.0010,0.00581,0.02230,0.01958,1,1,-0.303,-0.299,in_circle
61.633,1,1337,0.00608,0.02032,0.0156,-0.0035,0.00448,0.02049,0.01994,1,1,-0.233,-0.277,in_circle
61.676,1,1338,0.00551,0.02027,-0.0132,-0.0013,0.00646,0.02013,0.01951,1,1,-0.323,-0.259,in_circle
61.723,1,1339,0.00530,0.02030,-0.0043,0.0007,0.00542,0.02155,0.01940,1,1,-0.208,-0.268,in_circle
61.765,1,1340,0.00526,0.02043,-0.0010,0.0030,0.00563,0.02054,0.01946,1,1,-0.243,-0.277,in_circle
61.809,1,1341,0.00526,0.02050,-0.0001,0.0017,0.00528,0.02120,0.01951,1,1,-0.257,-0.287,in_circle
61.853,1,1342,0.00526,0.02029,0.0002,-0.0048,0.00608,0.02154,0.01936,1,1,-0.261,-0.282,in_circle
61.895,1,1343,0.00532,0.02017,0.0014,-0.0030,0.00627,0.02087,0.01931,1,1,-0.263,-0.257,in_circle
61.939,1,1344,0.00522,0.02042,-0.0024,0.0057,0.00619,0.01975,0.01943,1,1,-0.268,-0.264,in_circle
61.983,1,1345,0.00580,0.02045,0.0134,0.0007,0.00574,0.02026,0.01985,1,1,-0.253,-0.300,in_circle
62.028,1,1346,0.00595,0.02034,0.0033,-0.0024,0.00600,0.02172,0.01987,1,1,-0.319,-0.281,in_circle
62.072,1,1347,0.00526,0.02018,-0.0158,-0.0036,0.00613,0.02140,0.01928,1,1,-0.279,-0.269,in_circle
62.117,1,1348,0.00585,0.02056,0.0129,0.0082,0.00685,0.01888,0.01996,1,1,-0.202,-0.264,in_circle
62.160,1,1349,0.00569,0.02026,-0.0037,-0.0071,0.00682,0.01947,0.01963,1,1,-0.319,-0.313,in_circle
62.204,1,1350,0.00611,0.02045,0.0095,0.0045,0.00640,0.02059,0.02006,1,1,-0.252,-0.252,in_circle
62.247,1,1351,0.00533,0.02027,-0.0181,-0.0043,0.00725,0.02065,0.01939,1,1,-0.307,-0.299,in_circle
62.290,1,1352,0.00553,0.02037,0.0047,0.0024,0.00463,0.02000,0.01960,1,1,-0.195,-0.264,in_circle
62.337,1,1353,0.00537,0.02042,-0.0035,0.0011,0.00685,0.01876,0.01953,1,1,-0.287,-0.292,in_circle
62.381,1,1354,0.00561,0.02035,0.0056,-0.0015,0.00256,0.02133,0.01964,1,1,-0.255,-0.287,in_circle
62.426,1,1355,0.00530,0.02033,-0.0069,-0.0006,0.00507,0.01995,0.01941,1,1,-0.292,-0.278,in_circle
62.468,1,1356,0.00534,0.02018,0.0009,-0.0035,0.00445,0.02104,0.01933,1,1,-0.242,-0.282,in_circle
62.513,1,1357,0.00559,0.02035,0.0055,0.0039,0.00664,0.01990,0.01963,1,1,-0.274,-0.271,in_circle
62.559,1,1358,0.00582,0.02032,0.0051,-0.0007,0.00522,0.02034,0.01976,1,1,-0.294,-0.301,in_circle
62.600,1,1359,0.00568,0.02079,-0.0032,0.0113,0.00515,0.02014,0.02002,1,1,-0.293,-0.283,in_circle
62.643,1,1360,0.00523,0.02023,-0.0105,-0.0132,0.00558,0.02006,0.01929,1,1,-0.260,-0.333,in_circle
62.688,1,1361,0.00566,0.02031,0.0095,0.0019,0.00463,0.01908,0.01964,1,1,-0.230,-0.234,in_circle
62.733,1,1362,0.00531,0.02017,-0.0078,-0.0031,0.00734,0.02022,0.01931,1,1,-0.312,-0.295,in_circle
62.776,1,1363,0.00574,0.02032,0.0097,0.0033,0.00382,0.01917,0.01970,1,1,-0.243,-0.276,in_circle
62.820,1,1364,0.00533,0.02011,-0.0094,-0.0046,0.00646,0.02111,0.01927,1,1,-0.314,-0.303,in_circle
62.866,1,1365,0.00634,0.02037,0.0219,0.0056,0.00572,0.02057,0.02016,1,1,-0.237,-0.271,in_circle
62.908,1,1366,0.00581,0.02015,-0.0128,-0.0053,0.00726,0.01938,0.01963,1,1,-0.366,-0.313,in_circle
62.951,1,1367,0.00537,0.02034,-0.0100,0.0042,0.00646,0.02162,0.01947,1,1,-0.226,-0.269,in_circle
62.996,1,1368,0.00565,0.02032,0.0062,-0.0003,0.00693,0.01928,0.01965,1,1,-0.237,-0.309,in_circle
63.040,1,1369,0.00561,0.02030,-0.0010,-0.0005,0.00638,0.02060,0.01960,1,1,-0.303,-0.291,in_circle
63.086,1,1370,0.00564,0.02047,0.0008,0.0036,0.00757,0.02070,0.01975,1,1,-0.275,-0.291,in_circle
63.129,1,1371,0.00537,0.02023,-0.0063,-0.0055,0.00756,0.02092,0.01939,1,1,-0.283,-0.309,in_circle
63.173,1,1372,0.00552,0.02042,0.0035,0.0044,0.00707,0.02049,0.01963,1,1,-0.254,-0.272,in_circle
63.219,1,1373,0.00540,0.01996,-0.0027,-0.0101,0.00707,0.02049,0.01921,1,1,-0.294,-0.313,in_circle
63.261,1,1374,0.00544,0.02012,0.0009,0.0038,0.00707,0.02049,0.01935,1,1,-0.270,-0.254,in_circle
63.304,1,1375,0.00561,0.02028,0.0041,0.0036,0.00664,0.02045,0.01959,1,1,-0.285,-0.311,in_circle
63.347,1,1376,0.00556,0.02041,-0.0012,0.0032,0.00607,0.01902,0.01965,1,1,-0.299,-0.311,in_circle
63.392,1,1377,0.00555,0.02040,-0.0002,-0.0003,0.00662,0.02025,0.01963,1,1,-0.278,-0.310,in_circle
63.438,1,1378,0.00565,0.02040,0.0023,0.0000,0.00707,0.02049,0.01971,1,1,-0.282,-0.297,in_circle
63.481,1,1379,0.00556,0.02032,-0.0022,-0.0019,0.00745,0.01994,0.01958,1,1,-0.293,-0.299,in_circle
63.527,1,1380,0.00592,0.02042,0.0080,0.0022,0.00780,0.01947,0.01991,1,1,-0.276,-0.292,in_circle
63.613,1,1381,0.00548,0.02033,-0.0052,-0.0010,0.00707,0.02049,0.01954,1,1,-0.319,-0.310,in_circle
63.656,1,1382,0.00597,0.02045,0.0114,0.0028,0.00627,0.02004,0.01996,1,1,-0.265,-0.297,in_circle
63.699,1,1383,0.00535,0.02025,-0.0144,-0.0046,0.00717,0.01946,0.01939,1,1,-0.333,-0.313,in_circle
63.746,1,1384,0.00509,0.02014,-0.0055,-0.0024,0.00707,0.02049,0.01914,1,1,-0.229,-0.284,in_circle
63.789,1,1385,0.00606,0.02009,0.0226,-0.0012,0.00715,0.01973,0.01977,1,1,-0.265,-0.293,in_circle
63.833,1,1386,0.00553,0.02042,-0.0121,0.0074,0.00745,0.01994,0.01964,1,1,-0.380,-0.298,in_circle
63.876,1,1387,0.00559,0.02014,0.0014,-0.0064,0.00779,0.02021,0.01948,1,1,-0.241,-0.334,in_circle
63.921,1,1388,0.00533,0.02010,-0.0059,-0.0008,0.00495,0.01646,0.01927,1,1,-0.296,-0.279,in_circle
63.966,1,1389,0.00595,0.02022,0.0139,0.0027,0.00717,0.01333,0.01978,1,1,-0.266,-0.302,in_circle
64.005,1,1390,0.00549,0.02047,-0.0118,0.0062,0.00641,0.01475,0.01964,1,1,-0.348,-0.317,in_circle
64.050,1,1391,0.00570,0.02039,0.0048,-0.0017,0.00804,0.01340,0.01973,1,1,-0.244,-0.332,in_circle
64.096,1,1392,0.00593,0.02033,0.0049,-0.0013,0.00699,0.01441,0.01985,1,1,-0.312,-0.301,in_circle
64.142,1,1393,0.00604,0.02053,0.0026,0.0043,0.01007,0.01560,0.02007,1,1,-0.313,-0.303,in_circle
64.185,1,1394,0.00584,0.02048,-0.0047,-0.0012,0.00892,0.01670,0.01989,1,1,-0.305,-0.327,in_circle
64.228,1,1395,0.00556,0.02009,-0.0065,-0.0090,0.00985,0.01540,0.01942,1,1,-0.276,-0.305,in_circle
64.272,1,1396,0.00549,0.02030,-0.0015,0.0048,0.01013,0.01697,0.01953,1,1,-0.269,-0.273,in_circle
64.355,1,1397,0.00570,0.01982,0.0025,-0.0058,0.00752,0.01580,0.01932,1,1,-0.289,-0.330,in_circle
64.400,1,1398,0.00568,0.02020,-0.0004,0.0086,0.00914,0.01717,0.01958,1,1,-0.307,-0.287,in_circle
64.442,1,1399,0.00549,0.02021,-0.0045,0.0001,0.00864,0.01802,0.01945,1,1,-0.296,-0.346,in_circle
64.487,1,1400,0.00533,0.02033,-0.0036,0.0028,0.00779,0.01825,0.01943,1,1,-0.279,-0.313,in_circle
64.533,1,1401,0.00588,0.02027,0.0121,-0.0013,0.00921,0.01764,0.01977,1,1,-0.283,-0.325,in_circle
64.578,1,1402,0.00549,0.02028,-0.0087,0.0003,0.00851,0.01815,0.01951,1,1,-0.348,-0.309,in_circle
64.623,1,1403,0.00543,0.02025,-0.0013,-0.0007,0.00898,0.01773,0.01945,1,1,-0.264,-0.316,in_circle
64.668,1,1404,0.00534,0.02018,-0.0020,-0.0015,0.00825,0.01683,0.01933,1,1,-0.294,-0.312,in_circle
64.709,1,1405,0.00616,0.02012,0.0203,-0.0014,0.00836,0.01852,0.01986,1,1,-0.292,-0.310,in_circle
64.750,1,1406,0.00587,0.02063,-0.0069,0.0120,0.00869,0.01987,0.02002,1,1,-0.384,-0.311,in_circle
64.793,1,1407,0.00540,0.02018,-0.0110,-0.0103,0.00777,0.01972,0.01937,1,1,-0.275,-0.366,in_circle
64.839,1,1408,0.00550,0.02018,0.0022,0.0000,0.00941,0.01777,0.01944,1,1,-0.258,-0.276,in_circle
64.885,1,1409,0.00613,0.02023,0.0139,0.0010,0.01118,0.01947,0.01991,1,1,-0.311,-0.318,in_circle
64.930,1,1410,0.00571,0.02033,-0.0093,0.0022,0.00740,0.02009,0.01969,1,1,-0.360,-0.323,in_circle
64.976,1,1411,0.00552,0.02029,-0.0040,-0.0007,0.00840,0.01885,0.01954,1,1,-0.267,-0.329,in_circle
65.022,1,1412,0.00554,0.02050,0.0005,0.0045,0.00785,0.01754,0.01970,1,1,-0.288,-0.318,in_circle
65.060,1,1413,0.00541,0.02030,-0.0036,-0.0052,0.00754,0.01849,0.01946,1,1,-0.307,-0.340,in_circle
65.106,1,1414,0.00538,0.02024,-0.0005,-0.0013,0.00783,0.02028,0.01940,1,1,-0.291,-0.301,in_circle
65.146,1,1415,0.00606,0.02014,0.0169,-0.0025,0.00803,0.01936,0.01980,1,1,-0.304,-0.317,in_circle
65.190,1,1416,0.00565,0.01989,-0.0093,-0.0056,0.00883,0.01892,0.01934,1,1,-0.376,-0.313,in_circle
65.239,1,1417,0.00558,0.02030,-0.0015,0.0084,0.00863,0.01927,0.01958,1,1,-0.270,-0.300,in_circle
65.281,1,1418,0.00611,0.02026,0.0127,-0.0010,0.01001,0.01776,0.01992,1,1,-0.302,-0.358,in_circle
65.326,1,1419,0.00562,0.02030,-0.0108,0.0008,0.00891,0.01650,0.01961,1,1,-0.361,-0.321,in_circle
65.370,1,1420,0.00552,0.01982,-0.0023,-0.0111,0.01156,0.01877,0.01919,1,1,-0.266,-0.329,in_circle
65.413,1,1421,0.00555,0.01987,0.0007,0.0013,0.01165,0.01644,0.01925,1,1,-0.301,-0.281,in_circle
65.455,1,1422,0.00539,0.01987,-0.0038,-0.0001,0.01081,0.01874,0.01914,1,1,-0.313,-0.331,in_circle
65.496,1,1423,0.00559,0.01988,0.0048,0.0002,0.00830,0.01700,0.01928,1,1,-0.295,-0.326,in_circle
65.542,1,1424,0.00592,0.02056,0.0071,0.0151,0.01130,0.01717,0.02001,1,1,-0.331,-0.328,in_circle
65.678,1,1425,0.00588,0.02039,-0.0003,-0.0013,0.01059,0.01799,0.01986,1,1,-0.343,-0.391,in_circle
65.726,1,1426,0.00567,0.02039,-0.0044,-0.0001,0.01065,0.01854,0.01971,1,1,-0.314,-0.326,in_circle
65.767,1,1427,0.00517,0.02019,-0.0122,-0.0049,0.01403,0.01704,0.01922,1,1,-0.298,-0.331,in_circle
65.819,1,1428,0.00576,0.02022,0.0113,0.0006,0.01177,0.01648,0.01965,1,1,-0.266,-0.312,in_circle
65.853,1,1429,0.00559,0.02019,-0.0050,-0.0008,0.01232,0.01720,0.01951,1,1,-0.362,-0.335,in_circle
65.893,1,1430,0.00532,0.01983,-0.0067,-0.0089,0.01052,0.01783,0.01906,1,1,-0.296,-0.329,in_circle
65.937,1,1431,0.00586,0.02045,0.0123,0.0141,0.01126,0.01697,0.01989,1,1,-0.290,-0.297,in_circle
65.985,1,1432,0.00590,0.02041,0.0008,-0.0010,0.01050,0.01699,0.01988,1,1,-0.368,-0.391,in_circle
66.034,1,1433,0.00551,0.02011,-0.0080,-0.0060,0.00674,0.01611,0.01940,1,1,-0.322,-0.331,in_circle
66.077,1,1434,0.00534,0.02011,-0.0040,-0.0002,0.01067,0.01681,0.01928,1,1,-0.287,-0.311,in_circle
66.121,1,1435,0.00567,0.02007,0.0076,-0.0007,0.01020,0.01495,0.01948,1,1,-0.303,-0.335,in_circle
66.163,1,1436,0.00547,0.02012,-0.0048,0.0012,0.00990,0.01618,0.01938,1,1,-0.351,-0.332,in_circle
66.207,1,1437,0.00578,0.02029,0.0070,0.0037,0.00990,0.01618,0.01971,1,1,-0.301,-0.340,in_circle
66.249,1,1438,0.00547,0.02051,-0.0075,0.0053,0.00940,0.01601,0.01966,1,1,-0.350,-0.351,in_circle
66.292,1,1439,0.00586,0.02030,0.0090,-0.0050,0.00953,0.01602,0.01977,1,1,-0.291,-0.357,in_circle
66.336,1,1440,0.00521,0.02022,-0.0148,-0.0018,0.01006,0.01597,0.01927,1,1,-0.359,-0.316,in_circle
66.382,1,1441,0.00557,0.01999,0.0079,-0.0049,0.01131,0.01630,0.01936,1,1,-0.263,-0.328,in_circle
66.427,1,1442,0.00569,0.02020,0.0026,0.0046,0.00987,0.01394,0.01959,1,1,-0.355,-0.315,in_circle
66.471,1,1443,0.00518,0.02010,-0.0118,-0.0024,0.01106,0.01620,0.01916,1,1,-0.335,-0.354,in_circle
66.514,1,1444,0.00560,0.02011,0.0099,0.0002,0.01020,0.01495,0.01946,1,1,-0.277,-0.326,in_circle
66.558,1,1445,0.00602,0.02000,0.0095,-0.0024,0.01037,0.01497,0.01967,1,1,-0.365,-0.336,in_circle
66.599,1,1446,0.00589,0.02030,-0.0031,0.0072,0.00916,0.01623,0.01980,1,1,-0.365,-0.325,in_circle
66.642,1,1447,0.00556,0.02029,-0.0077,-0.0003,0.01039,0.01548,0.01956,1,1,-0.315,-0.365,in_circle
66.690,1,1448,0.00573,0.02019,0.0036,-0.0021,0.00990,0.01425,0.01961,1,1,-0.296,-0.335,in_circle
66.734,1,1449,0.00559,0.02013,-0.0033,-0.0013,0.01040,0.01517,0.01947,1,1,-0.343,-0.327,in_circle
66.778,1,1450,0.00543,0.02027,-0.0037,0.0032,0.01044,0.01475,0.01946,1,1,-0.315,-0.330,in_circle
66.823,1,1451,0.00561,0.02030,0.0040,0.0006,0.01080,0.01457,0.01960,1,1,-0.314,-0.348,in_circle
66.866,1,1452,0.00601,0.02039,0.0096,0.0020,0.01067,0.01623,0.01994,1,1,-0.346,-0.338,in_circle
66.908,1,1453,0.00535,0.01989,-0.0158,-0.0117,0.01049,0.01605,0.01913,1,1,-0.370,-0.344,in_circle
66.953,1,1454,0.00551,0.02021,0.0037,0.0072,0.00982,0.01527,0.01948,1,1,-0.267,-0.288,in_circle
66.994,1,1455,0.00550,0.02018,-0.0004,-0.0008,0.01057,0.01490,0.01944,1,1,-0.346,-0.364,in_circle
67.039,1,1456,0.00564,0.02041,0.0033,0.0051,0.00930,0.01483,0.01971,1,1,-0.330,-0.332,in_circle
67.084,1,1457,0.00587,0.02001,0.0050,-0.0090,0.01057,0.01518,0.01957,1,1,-0.346,-0.357,in_circle
67.130,1,1458,0.00597,0.02037,0.0023,0.0079,0.01086,0.01564,0.01990,1,1,-0.354,-0.299,in_circle
67.174,1,1459,0.00592,0.02012,-0.0012,-0.0055,0.01015,0.01653,0.01969,1,1,-0.343,-0.367,in_circle
67.219,1,1460,0.00616,0.02035,0.0054,0.0051,0.00962,0.01660,0.02002,1,1,-0.329,-0.313,in_circle
67.265,1,1461,0.00542,0.02033,-0.0160,-0.0005,0.01043,0.01618,0.01949,1,1,-0.356,-0.356,in_circle
67.345,1,1462,0.00540,0.02041,-0.0002,0.0010,0.01255,0.01585,0.01954,1,1,-0.269,-0.334,in_circle
67.388,1,1463,0.00619,0.02017,0.0183,-0.0055,0.01004,0.01509,0.01991,1,1,-0.332,-0.340,in_circle
67.434,1,1464,0.00589,0.02011,-0.0064,-0.0015,0.01102,0.01622,0.01966,1,1,-0.408,-0.314,in_circle
67.481,1,1465,0.00543,0.02020,-0.0098,0.0020,0.01068,0.01515,0.01941,1,1,-0.309,-0.329,in_circle
67.528,1,1466,0.00523,0.02002,-0.0042,-0.0038,0.01114,0.01406,0.01914,1,1,-0.294,-0.344,in_circle
67.574,1,1467,0.00600,0.02046,0.0166,0.0094,0.01178,0.01335,0.01998,1,1,-0.316,-0.320,in_circle
67.660,1,1468,0.00593,0.02036,-0.0007,-0.0011,0.01244,0.01338,0.01987,1,1,-0.401,-0.374,in_circle
67.706,1,1469,0.00561,0.01990,-0.0071,-0.0102,0.01145,0.01379,0.01931,1,1,-0.331,-0.332,in_circle
67.747,1,1470,0.00567,0.02048,0.0015,0.0143,0.01184,0.01306,0.01978,1,1,-0.305,-0.294,in_circle
67.789,1,1471,0.00552,0.02020,-0.0035,-0.0068,0.01192,0.01363,0.01947,1,1,-0.340,-0.393,in_circle
67.832,1,1472,0.00561,0.02023,0.0020,0.0008,0.00814,0.01390,0.01956,1,1,-0.319,-0.308,in_circle
67.878,1,1473,0.00558,0.02027,-0.0008,0.0007,0.01164,0.01337,0.01956,1,1,-0.342,-0.339,in_circle
67.923,1,1474,0.00602,0.02013,0.0101,-0.0031,0.00716,0.01259,0.01977,1,1,-0.330,-0.338,in_circle
67.965,1,1475,0.00521,0.02046,-0.0192,0.0078,0.00904,0.01404,0.01945,1,1,-0.375,-0.323,in_circle
68.008,1,1476,0.00534,0.02028,0.0029,-0.0040,0.00804,0.01422,0.01941,1,1,-0.256,-0.367,in_circle
68.049,1,1477,0.00609,0.02039,0.0184,0.0026,0.01087,0.01317,0.02000,1,1,-0.344,-0.320,in_circle
68.093,1,1478,0.00561,0.02036,-0.0109,-0.0007,0.01111,0.01536,0.01965,1,1,-0.408,-0.346,in_circle
68.136,1,1479,0.00564,0.02045,0.0006,0.0021,0.01050,0.01569,0.01974,1,1,-0.290,-0.333,in_circle
68.184,1,1480,0.00560,0.02034,-0.0008,-0.0024,0.00979,0.01435,0.01963,1,1,-0.336,-0.345,in_circle
68.228,1,1481,0.00542,0.02020,-0.0041,-0.0032,0.01106,0.01572,0.01940,1,1,-0.330,-0.326,in_circle
68.274,1,1482,0.00551,0.02067,0.0018,0.0100,0.01096,0.01508,0.01981,1,1,-0.317,-0.323,in_circle
68.316,1,1483,0.00556,0.02027,0.0013,-0.0095,0.00875,0.01565,0.01955,1,1,-0.340,-0.377,in_circle
68.360,1,1484,0.00576,0.02013,0.0045,-0.0031,0.01067,0.01494,0.01959,1,1,-0.339,-0.297,in_circle
68.402,1,1485,0.00535,0.02032,-0.0098,0.0045,0.01057,0.01597,0.01944,1,1,-0.352,-0.323,in_circle
68.445,1,1486,0.00576,0.02040,0.0096,0.0017,0.00949,0.01506,0.01978,1,1,-0.294,-0.354,in_circle
68.490,1,1487,0.00529,0.02024,-0.0104,-0.0035,0.00870,0.01619,0.01935,1,1,-0.372,-0.343,in_circle
68.533,1,1488,0.00531,0.02019,0.0005,-0.0013,0.00870,0.01619,0.01932,1,1,-0.291,-0.322,in_circle
68.584,1,1489,0.00521,0.02023,-0.0019,0.0008,0.01078,0.01483,0.01928,1,1,-0.335,-0.330,in_circle
68.627,1,1490,0.00523,0.02034,0.0004,0.0028,0.01101,0.01551,0.01938,1,1,-0.325,-0.339,in_circle
68.670,1,1491,0.00551,0.02040,0.0064,0.0014,0.01088,0.01559,0.01961,1,1,-0.334,-0.347,in_circle
68.711,1,1492,0.00591,0.02058,0.0097,0.0043,0.00957,0.01473,0.02001,1,1,-0.359,-0.342,in_circle
68.754,1,1493,0.00537,0.02035,-0.0125,-0.0052,0.01050,0.01569,0.01948,1,1,-0.373,-0.354,in_circle
68.796,1,1494,0.00556,0.02018,0.0047,-0.0042,0.01009,0.01590,0.01948,1,1,-0.283,-0.315,in_circle
68.840,1,1495,0.00523,0.02016,-0.0075,-0.0003,0.00984,0.01550,0.01924,1,1,-0.352,-0.318,in_circle
68.888,1,1496,0.00573,0.02016,0.0106,-0.0000,0.01005,0.01471,0.01959,1,1,-0.302,-0.334,in_circle
68.932,1,1497,0.00553,0.02018,-0.0047,0.0004,0.00946,0.01502,0.01946,1,1,-0.376,-0.335,in_circle
68.977,1,1498,0.00537,0.02017,-0.0035,-0.0003,0.00978,0.01545,0.01934,1,1,-0.315,-0.337,in_circle
69.023,1,1499,0.00535,0.01995,-0.0004,-0.0046,0.01014,0.01325,0.01917,1,1,-0.319,-0.334,in_circle
69.065,1,1500,0.00553,0.02016,0.0044,0.0050,0.01037,0.01455,0.01945,1,1,-0.331,-0.316,in_circle
69.107,1,1501,0.00525,0.02018,-0.0067,0.0004,0.01133,0.01564,0.01927,1,1,-0.351,-0.355,in_circle
69.153,1,1502,0.00521,0.02067,-0.0009,0.0106,0.01142,0.01487,0.01961,1,1,-0.306,-0.337,in_circle
69.194,1,1503,0.00581,0.02024,0.0147,-0.0105,0.01156,0.01525,0.01970,1,1,-0.329,-0.379,in_circle
69.239,1,1504,0.00572,0.02038,-0.0019,0.0032,0.00961,0.01570,0.01974,1,1,-0.393,-0.293,in_circle
69.282,1,1505,0.00551,0.02028,-0.0049,-0.0024,0.01238,0.01471,0.01952,1,1,-0.326,-0.349,in_circle
69.331,1,1506,0.00555,0.02042,0.0008,0.0028,0.01143,0.01334,0.01965,1,1,-0.314,-0.326,in_circle
69.376,1,1507,0.00579,0.02005,0.0054,-0.0080,0.01096,0.01407,0.01955,1,1,-0.337,-0.347,in_circle
69.420,1,1508,0.00538,0.02017,-0.0092,0.0027,0.01029,0.01442,0.01936,1,1,-0.356,-0.303,in_circle
69.460,1,1509,0.00558,0.02035,0.0049,0.0043,0.01112,0.01387,0.01962,1,1,-0.296,-0.346,in_circle
69.501,1,1510,0.00557,0.02063,-0.0003,0.0069,0.00899,0.01516,0.01982,1,1,-0.353,-0.353,in_circle
69.545,1,1511,0.00615,0.02047,0.0132,-0.0036,0.01234,0.01455,0.02010,1,1,-0.332,-0.364,in_circle
69.589,1,1512,0.00566,0.02027,-0.0112,-0.0047,0.01107,0.01492,0.01962,1,1,-0.387,-0.322,in_circle
69.682,1,1513,0.00533,0.02056,-0.0036,0.0031,0.01044,0.01388,0.01960,1,1,-0.289,-0.317,in_circle
69.726,1,1514,0.00588,0.02039,0.0124,-0.0039,0.01126,0.01474,0.01985,1,1,-0.319,-0.349,in_circle
69.768,1,1515,0.00578,0.02035,-0.0024,-0.0007,0.01138,0.01624,0.01976,1,1,-0.384,-0.320,in_circle
69.811,1,1516,0.00607,0.02027,0.0066,-0.0021,0.01104,0.01538,0.01990,1,1,-0.325,-0.333,in_circle
69.853,1,1517,0.00573,0.02048,-0.0080,0.0051,0.01047,0.01325,0.01982,1,1,-0.361,-0.327,in_circle
69.898,1,1518,0.00623,0.02023,0.0112,-0.0056,0.01083,0.01400,0.01998,1,1,-0.302,-0.356,in_circle
69.940,1,1519,0.00544,0.02022,-0.0188,-0.0003,0.00827,0.01308,0.01942,1,1,-0.380,-0.313,in_circle
69.987,1,1520,0.00564,0.02032,0.0043,0.0021,0.01037,0.01437,0.01964,1,1,-0.258,-0.334,in_circle
70.031,1,1521,0.00563,0.02024,-0.0002,-0.0017,0.00906,0.01382,0.01957,1,1,-0.351,-0.344,in_circle
70.076,1,1522,0.00584,0.02041,0.0047,0.0038,0.00882,0.01463,0.01984,1,1,-0.333,-0.329,in_circle
70.121,1,1523,0.00596,0.02024,0.0028,-0.0037,0.00844,0.01523,0.01980,1,1,-0.353,-0.351,in_circle
70.164,1,1524,0.00552,0.02034,-0.0100,0.0022,0.00916,0.01495,0.01957,1,1,-0.345,-0.321,in_circle
70.208,1,1525,0.00580,0.02039,0.0065,0.0012,0.00989,0.01546,0.01981,1,1,-0.293,-0.345,in_circle
70.250,1,1526,0.00529,0.01975,-0.0120,-0.0152,0.00937,0.01581,0.01898,1,1,-0.360,-0.341,in_circle
70.293,1,1527,0.00535,0.02012,0.0013,0.0088,0.00941,0.01548,0.01930,1,1,-0.285,-0.274,in_circle
70.338,1,1528,0.00553,0.02007,0.0041,-0.0013,0.00928,0.01544,0.01938,1,1,-0.338,-0.371,in_circle
70.384,1,1529,0.00624,0.02035,0.0151,0.0061,0.00635,0.01544,0.02007,1,1,-0.350,-0.330,in_circle
70.431,1,1530,0.00582,0.02011,-0.0090,-0.0050,0.01169,0.01617,0.01961,1,1,-0.396,-0.360,in_circle
70.474,1,1531,0.00551,0.02015,-0.0070,0.0008,0.01191,0.01611,0.01943,1,1,-0.298,-0.315,in_circle
70.517,1,1532,0.00614,0.02006,0.0146,-0.0020,0.01170,0.01544,0.01980,1,1,-0.305,-0.339,in_circle
70.559,1,1533,0.00575,0.02023,-0.0090,0.0040,0.01031,0.01570,0.01965,1,1,-0.393,-0.327,in_circle
70.602,1,1534,0.00555,0.02019,-0.0048,-0.0010,0.01086,0.01568,0.01948,1,1,-0.298,-0.351,in_circle
70.646,1,1535,0.00576,0.02009,0.0049,-0.0023,0.01198,0.01464,0.01955,1,1,-0.314,-0.331,in_circle
70.689,1,1536,0.00571,0.02011,-0.0012,0.0005,0.01061,0.01482,0.01953,1,1,-0.354,-0.326,in_circle
70.735,1,1537,0.00592,0.02057,0.0047,0.0101,0.01286,0.01524,0.02001,1,1,-0.329,-0.337,in_circle
70.779,1,1538,0.00592,0.02017,0.0001,-0.0089,0.01053,0.01404,0.01973,1,1,-0.353,-0.377,in_circle
70.825,1,1539,0.00542,0.02027,-0.0110,0.0023,0.01022,0.01448,0.01945,1,1,-0.335,-0.300,in_circle
70.870,1,1540,0.00538,0.02024,-0.0009,-0.0008,0.01102,0.01628,0.01940,1,1,-0.289,-0.345,in_circle
70.912,1,1541,0.00551,0.02046,0.0032,0.0053,0.01002,0.01509,0.01966,1,1,-0.329,-0.333,in_circle
70.955,1,1542,0.00588,0.02048,0.0086,0.0005,0.00981,0.01677,0.01992,1,1,-0.346,-0.357,in_circle
70.996,1,1543,0.00566,0.01999,-0.0052,-0.0121,0.00982,0.01659,0.01941,1,1,-0.369,-0.338,in_circle
71.042,1,1544,0.00596,0.01996,0.0065,-0.0005,0.01018,0.01505,0.01960,1,1,-0.313,-0.287,in_circle
71.087,1,1545,0.00582,0.02033,-0.0032,0.0082,0.01116,0.01473,0.01977,1,1,-0.360,-0.333,in_circle
71.131,1,1546,0.00622,0.02059,0.0091,0.0057,0.00927,0.01396,0.02023,1,1,-0.321,-0.369,in_circle
71.178,1,1547,0.00563,0.02042,-0.0125,-0.0035,0.00984,0.01455,0.01971,1,1,-0.371,-0.359,in_circle
71.221,1,1548,0.00552,0.02030,-0.0027,-0.0028,0.01142,0.01487,0.01954,1,1,-0.284,-0.322,in_circle
71.264,1,1549,0.00589,0.01998,0.0085,-0.0073,0.01019,0.01538,0.01957,1,1,-0.323,-0.324,in_circle
71.306,1,1550,0.00596,0.02030,0.0017,0.0076,0.00942,0.01526,0.01984,1,1,-0.368,-0.306,in_circle
71.349,1,1551,0.00582,0.02034,-0.0032,0.0010,0.01057,0.01453,0.01978,1,1,-0.341,-0.366,in_circle
71.394,1,1552,0.00560,0.02037,-0.0051,0.0007,0.00983,0.01586,0.01965,1,1,-0.321,-0.340,in_circle
71.437,1,1553,0.00559,0.02047,-0.0001,0.0022,0.01144,0.01391,0.01972,1,1,-0.313,-0.339,in_circle
71.484,1,1554,0.00582,0.02054,0.0049,0.0016,0.01069,0.01453,0.01993,1,1,-0.333,-0.345,in_circle
71.527,1,1555,0.00593,0.02069,0.0024,0.0035,0.00961,0.01570,0.02011,1,1,-0.354,-0.343,in_circle
71.572,1,1556,0.00536,0.02032,-0.0124,-0.0083,0.01068,0.01515,0.01945,1,1,-0.344,-0.351,in_circle
71.616,1,1557,0.00522,0.02014,-0.0032,-0.0041,0.01224,0.01428,0.01922,1,1,-0.283,-0.303,in_circle
71.744,1,1558,0.00581,0.02045,0.0046,0.0024,0.01017,0.01622,0.01985,1,1,-0.320,-0.319,in_circle
71.790,1,1559,0.00571,0.02032,-0.0021,-0.0029,0.01000,0.01546,0.01969,1,1,-0.352,-0.346,in_circle
71.835,1,1560,0.00550,0.02023,-0.0047,-0.0019,0.01103,0.01704,0.01948,1,1,-0.326,-0.324,in_circle
71.882,1,1561,0.00522,0.02004,-0.0059,-0.0041,0.01082,0.01498,0.01915,1,1,-0.314,-0.328,in_circle
71.926,1,1562,0.00551,0.02033,0.0063,0.0064,0.01019,0.01455,0.01956,1,1,-0.309,-0.319,in_circle
71.970,1,1563,0.00561,0.02017,0.0023,-0.0035,0.01020,0.01437,0.01951,1,1,-0.359,-0.361,in_circle
72.013,1,1564,0.00573,0.01997,0.0027,-0.0047,0.01034,0.01534,0.01945,1,1,-0.343,-0.321,in_circle
72.055,1,1565,0.00633,0.02006,0.0144,0.0021,0.00953,0.01602,0.01993,1,1,-0.344,-0.316,in_circle
72.097,1,1566,0.00552,0.02015,-0.0192,0.0021,0.00888,0.01600,0.01943,1,1,-0.393,-0.343,in_circle
72.141,1,1567,0.00564,0.02009,0.0028,-0.0014,0.00829,0.01518,0.01947,1,1,-0.257,-0.344,in_circle
72.187,1,1568,0.00557,0.02023,-0.0015,0.0031,0.00991,0.01376,0.01953,1,1,-0.345,-0.330,in_circle
72.233,1,1569,0.00590,0.02044,0.0073,0.0045,0.01002,0.01509,0.01990,1,1,-0.328,-0.348,in_circle
72.279,1,1570,0.00560,0.02013,-0.0064,-0.0066,0.00957,0.01473,0.01947,1,1,-0.363,-0.354,in_circle
72.324,1,1571,0.00568,0.02023,0.0017,0.0024,0.01003,0.01513,0.01960,1,1,-0.308,-0.309,in_circle
72.366,1,1572,0.00574,0.02043,0.0013,0.0048,0.01017,0.01648,0.01979,1,1,-0.341,-0.345,in_circle
72.406,1,1573,0.00532,0.01994,-0.0106,-0.0123,0.01019,0.01491,0.01914,1,1,-0.339,-0.355,in_circle
72.450,1,1574,0.00574,0.02028,0.0098,0.0077,0.00937,0.01553,0.01968,1,1,-0.290,-0.286,in_circle
72.492,1,1575,0.00556,0.02038,-0.0044,0.0025,0.01020,0.01474,0.01963,1,1,-0.373,-0.367,in_circle
72.539,1,1576,0.00589,0.02035,0.0073,-0.0007,0.01019,0.01527,0.01983,1,1,-0.316,-0.346,in_circle
72.583,1,1577,0.00578,0.02020,-0.0024,-0.0032,0.01045,0.01483,0.01965,1,1,-0.363,-0.333,in_circle
72.630,1,1578,0.00585,0.01986,0.0014,-0.0074,0.01069,0.01612,0.01945,1,1,-0.324,-0.323,in_circle
72.675,1,1579,0.00608,0.02027,0.0053,0.0092,0.01113,0.01517,0.01991,1,1,-0.340,-0.305,in_circle
72.719,1,1580,0.00631,0.02027,0.0051,-0.0000,0.01093,0.01404,0.02006,1,1,-0.356,-0.373,in_circle
72.803,1,1581,0.00557,0.02038,-0.0088,0.0013,0.01304,0.01503,0.01964,1,1,-0.356,-0.335,in_circle
72.846,1,1582,0.00545,0.02029,-0.0029,-0.0020,0.01130,0.01379,0.01949,1,1,-0.298,-0.341,in_circle
72.889,1,1583,0.00555,0.02030,0.0024,0.0001,0.01050,0.01515,0.01956,1,1,-0.322,-0.328,in_circle
72.936,1,1584,0.00554,0.01996,-0.0003,-0.0071,0.01178,0.01519,0.01930,1,1,-0.343,-0.336,in_circle
72.981,1,1585,0.00531,0.01989,-0.0051,-0.0014,0.01163,0.01428,0.01910,1,1,-0.332,-0.306,in_circle
73.028,1,1586,0.00619,0.02018,0.0186,0.0060,0.01058,0.01500,0.01992,1,1,-0.312,-0.329,in_circle
73.071,1,1587,0.00616,0.02007,-0.0006,-0.0025,0.00927,0.01396,0.01982,1,1,-0.409,-0.359,in_circle
73.114,1,1588,0.00600,0.02037,-0.0039,0.0071,0.00877,0.01525,0.01992,1,1,-0.333,-0.325,in_circle
73.154,1,1589,0.00525,0.02019,-0.0182,-0.0044,0.00921,0.01384,0.01928,1,1,-0.319,-0.364,in_circle
73.198,1,1590,0.00581,0.02038,0.0127,0.0042,0.00991,0.01399,0.01980,1,1,-0.260,-0.318,in_circle
73.242,1,1591,0.00534,0.02037,-0.0108,-0.0002,0.01014,0.01462,0.01947,1,1,-0.385,-0.353,in_circle
73.287,1,1592,0.00596,0.02026,0.0138,-0.0024,0.00881,0.01406,0.01982,1,1,-0.289,-0.335,in_circle
73.333,1,1593,0.00558,0.02035,-0.0083,0.0019,0.01077,0.01455,0.01962,1,1,-0.390,-0.326,in_circle
73.380,1,1594,0.00540,0.02015,-0.0039,-0.0044,0.01069,0.01583,0.01934,1,1,-0.300,-0.344,in_circle
73.424,1,1595,0.00549,0.02017,0.0021,0.0006,0.01056,0.01337,0.01943,1,1,-0.317,-0.318,in_circle
73.507,1,1596,0.00619,0.02111,0.0084,0.0112,0.01035,0.01711,0.02059,1,1,-0.342,-0.338,in_circle
73.551,1,1597,0.00568,0.02040,-0.0117,-0.0164,0.01050,0.01512,0.01973,1,1,-0.369,-0.383,in_circle
73.593,1,1598,0.00594,0.01995,0.0061,-0.0105,0.01089,0.01541,0.01958,1,1,-0.287,-0.271,in_circle
73.638,1,1599,0.00502,0.02019,-0.0208,0.0054,0.01163,0.01560,0.01912,1,1,-0.359,-0.293,in_circle
73.731,1,1600,0.00561,0.02031,0.0062,0.0013,0.00429,0.01373,0.01961,1,1,-0.249,-0.357,in_circle
73.775,1,1601,0.00559,0.02050,-0.0003,0.0044,0.00535,0.01397,0.01974,1,1,-0.358,-0.341,in_circle
73.818,1,1602,0.00589,0.02026,0.0070,-0.0056,0.00871,0.01548,0.01977,1,1,-0.332,-0.354,in_circle
73.860,1,1603,0.00564,0.02038,-0.0061,0.0027,0.00895,0.01592,0.01968,1,1,-0.362,-0.313,in_circle
73.903,1,1604,0.00565,0.02010,0.0003,-0.0065,0.01014,0.01625,0.01949,1,1,-0.309,-0.347,in_circle
73.946,1,1605,0.00536,0.02034,-0.0065,0.0054,0.00907,0.01586,0.01946,1,1,-0.335,-0.309,in_circle
73.988,1,1606,0.00549,0.02023,0.0030,-0.0026,0.01048,0.01624,0.01947,1,1,-0.307,-0.357,in_circle
74.036,1,1607,0.00609,0.02052,0.0127,0.0062,0.01076,0.01632,0.02010,1,1,-0.345,-0.325,in_circle
74.082,1,1608,0.00578,0.02036,-0.0067,-0.0035,0.01156,0.01644,0.01976,1,1,-0.385,-0.361,in_circle
74.128,1,1609,0.00572,0.02037,-0.0012,0.0002,0.01150,0.01664,0.01973,1,1,-0.307,-0.322,in_circle
74.171,1,1610,0.00633,0.02024,0.0139,-0.0029,0.01061,0.01648,0.02006,1,1,-0.329,-0.337,in_circle
74.217,1,1611,0.00588,0.02047,-0.0098,0.0051,0.01225,0.01539,0.01992,1,1,-0.391,-0.324,in_circle
74.255,1,1612,0.00540,0.02022,-0.0125,-0.0068,0.01177,0.01682,0.01940,1,1,-0.295,-0.357,in_circle
74.298,1,1613,0.00601,0.02008,0.0140,-0.0033,0.01248,0.01519,0.01972,1,1,-0.283,-0.309,in_circle
74.342,1,1614,0.00555,0.02042,-0.0103,0.0077,0.01207,0.01486,0.01965,1,1,-0.391,-0.322,in_circle
74.386,1,1615,0.00548,0.02040,-0.0016,-0.0005,0.01103,0.01477,0.01959,1,1,-0.292,-0.367,in_circle
74.432,1,1616,0.00572,0.01991,0.0052,-0.0105,0.01093,0.01388,0.01940,1,1,-0.327,-0.334,in_circle
74.479,1,1617,0.00534,0.02019,-0.0081,0.0059,0.01079,0.01456,0.01934,1,1,-0.355,-0.293,in_circle
74.522,1,1618,0.00529,0.02010,-0.0013,-0.0021,0.01081,0.01429,0.01924,1,1,-0.301,-0.359,in_circle
74.566,1,1619,0.00591,0.02037,0.0141,0.0062,0.01021,0.01426,0.01986,1,1,-0.328,-0.327,in_circle
74.610,1,1620,0.00537,0.02037,-0.0126,-0.0000,0.01068,0.01518,0.01949,1,1,-0.391,-0.361,in_circle
74.650,1,1621,0.00577,0.02019,0.0099,-0.0043,0.00927,0.01396,0.01963,1,1,-0.283,-0.336,in_circle
74.694,1,1622,0.00583,0.02051,0.0013,0.0073,0.01053,0.01342,0.01990,1,1,-0.373,-0.318,in_circle
74.738,1,1623,0.00589,0.02054,0.0015,0.0008,0.01056,0.01409,0.01997,1,1,-0.339,-0.365,in_circle
74.785,1,1624,0.00570,0.02026,-0.0041,-0.0060,0.00989,0.01330,0.01963,1,1,-0.340,-0.340,in_circle
74.831,1,1625,0.00557,0.02033,-0.0027,0.0017,0.01029,0.01374,0.01960,1,1,-0.317,-0.311,in_circle
74.874,1,1626,0.00571,0.01983,0.0031,-0.0115,0.01026,0.01371,0.01933,1,1,-0.322,-0.343,in_circle
74.918,1,1627,0.00607,0.02036,0.0085,0.0121,0.00737,0.01495,0.01996,1,1,-0.346,-0.288,in_circle
74.960,1,1628,0.00546,0.02037,-0.0146,0.0004,0.01000,0.01413,0.01955,1,1,-0.369,-0.384,in_circle
75.002,1,1629,0.00603,0.02023,0.0136,-0.0034,0.00730,0.01293,0.01984,1,1,-0.275,-0.338,in_circle
75.044,1,1630,0.00520,0.02022,-0.0196,-0.0002,0.01087,0.01512,0.01927,1,1,-0.389,-0.322,in_circle
75.090,1,1631,0.00583,0.02053,0.0137,0.0068,0.00969,0.01486,0.01992,1,1,-0.254,-0.335,in_circle
75.136,1,1632,0.00582,0.02018,-0.0003,-0.0078,0.01177,0.01408,0.01966,1,1,-0.389,-0.364,in_circle
75.182,1,1633,0.00591,0.02031,0.0020,0.0030,0.01022,0.01623,0.01982,1,1,-0.333,-0.304,in_circle
75.227,1,1634,0.00549,0.02020,-0.0094,-0.0026,0.01027,0.01741,0.01945,1,1,-0.342,-0.348,in_circle
75.270,1,1635,0.00547,0.02018,-0.0005,-0.0005,0.00908,0.01594,0.01942,1,1,-0.295,-0.325,in_circle
75.311,1,1636,0.00557,0.02046,0.0025,0.0069,0.00947,0.01745,0.01970,1,1,-0.331,-0.334,in_circle
75.355,1,1637,0.00548,0.02029,-0.0021,-0.0040,0.00987,0.01729,0.01951,1,1,-0.344,-0.364,in_circle
75.397,1,1638,0.00599,0.02046,0.0121,0.0040,0.01074,0.01723,0.01998,1,1,-0.325,-0.320,in_circle
75.441,1,1639,0.00580,0.02017,-0.0044,-0.0067,0.01101,0.01735,0.01964,1,1,-0.383,-0.352,in_circle
75.487,1,1640,0.00547,0.02004,-0.0072,-0.0026,0.01092,0.01686,0.01932,1,1,-0.316,-0.309,in_circle
75.531,1,1641,0.00591,0.02036,0.0101,0.0073,0.01285,0.01570,0.01986,1,1,-0.305,-0.325,in_circle
75.576,1,1642,0.00564,0.02026,-0.0059,-0.0024,0.01122,0.01494,0.01959,1,1,-0.375,-0.365,in_circle
75.622,1,1643,0.00541,0.02027,-0.0051,0.0004,0.01112,0.01576,0.01945,1,1,-0.310,-0.326,in_circle
75.664,1,1644,0.00544,0.02047,0.0005,0.0047,0.01049,0.01605,0.01961,1,1,-0.313,-0.337,in_circle
75.793,1,1645,0.00588,0.02017,0.0034,-0.0023,0.01019,0.01513,0.01970,1,1,-0.335,-0.355,in_circle
75.837,1,1646,0.00581,0.02044,-0.0015,0.0062,0.01163,0.01560,0.01985,1,1,-0.348,-0.326,in_circle
75.884,1,1647,0.00614,0.02041,0.0070,-0.0007,0.01067,0.01493,0.02005,1,1,-0.328,-0.361,in_circle
75.930,1,1648,0.00564,0.02040,-0.0111,-0.0003,0.01036,0.01575,0.01970,1,1,-0.363,-0.333,in_circle
75.974,1,1649,0.00564,0.02022,-0.0000,-0.0040,0.01065,0.01583,0.01957,1,1,-0.289,-0.335,in_circle
76.017,1,1650,0.00580,0.02020,0.0039,-0.0004,0.01251,0.01515,0.01967,1,1,-0.333,-0.319,in_circle
76.060,1,1651,0.00561,0.02007,-0.0046,-0.0031,0.01149,0.01461,0.01944,1,1,-0.349,-0.334,in_circle
76.103,1,1652,0.00546,0.02012,-0.0034,0.0010,0.01067,0.01498,0.01937,1,1,-0.315,-0.323,in_circle
76.144,1,1653,0.00582,0.02032,0.0087,0.0048,0.01096,0.01575,0.01976,1,1,-0.319,-0.339,in_circle
76.190,1,1654,0.00584,0.02047,0.0005,0.0034,0.01078,0.01593,0.01988,1,1,-0.369,-0.355,in_circle
76.234,1,1655,0.00559,0.02030,-0.0056,-0.0039,0.01106,0.01543,0.01959,1,1,-0.336,-0.350,in_circle
76.281,1,1656,0.00563,0.02040,0.0009,0.0020,0.01018,0.01471,0.01969,1,1,-0.311,-0.320,in_circle
76.326,1,1657,0.00544,0.02026,-0.0043,-0.0030,0.01029,0.01612,0.01946,1,1,-0.337,-0.344,in_circle
76.369,1,1658,0.00538,0.02031,-0.0014,0.0011,0.01086,0.01611,0.01945,1,1,-0.316,-0.324,in_circle
76.414,1,1659,0.00559,0.02039,0.0047,0.0018,0.00996,0.01526,0.01965,1,1,-0.327,-0.340,in_circle
76.455,1,1660,0.00650,0.02077,0.0222,0.0093,0.01035,0.01478,0.02055,1,1,-0.352,-0.343,in_circle
76.498,1,1661,0.00555,0.02024,-0.0216,-0.0121,0.01102,0.01438,0.01952,1,1,-0.424,-0.374,in_circle
76.541,1,1662,0.00597,0.02011,0.0100,-0.0031,0.01051,0.01545,0.01972,1,1,-0.247,-0.287,in_circle
76.586,1,1663,0.00558,0.02008,-0.0089,-0.0006,0.00980,0.01248,0.01942,1,1,-0.374,-0.323,in_circle
76.631,1,1664,0.00566,0.02091,0.0019,0.0183,0.00672,0.01411,0.02009,1,1,-0.298,-0.333,in_circle
76.678,1,1665,0.00614,0.02024,0.0102,-0.0143,0.00968,0.01295,0.01993,1,1,-0.341,-0.411,in_circle
76.722,1,1666,0.00612,0.02120,-0.0003,0.0217,0.01007,0.01314,0.02061,1,1,-0.375,-0.279,in_circle
76.766,1,1667,0.00553,0.02023,-0.0133,-0.0219,0.01336,0.01295,0.01950,1,1,-0.333,-0.425,in_circle
76.806,1,1668,0.00590,0.02043,0.0091,0.0050,0.00945,0.01242,0.01990,1,1,-0.280,-0.248,in_circle
76.850,1,1669,0.00563,0.02013,-0.0061,-0.0067,0.01396,0.01414,0.01950,1,1,-0.371,-0.356,in_circle
76.893,1,1670,0.00531,0.02029,-0.0076,0.0036,0.00863,0.01397,0.01939,1,1,-0.309,-0.308,in_circle
76.938,1,1671,0.00512,0.02002,-0.0041,-0.0059,0.00865,0.01358,0.01906,1,1,-0.302,-0.350,in_circle
76.982,1,1672,0.00551,0.02040,0.0088,0.0088,0.00892,0.01264,0.01961,1,1,-0.316,-0.311,in_circle
77.030,1,1673,0.00547,0.02041,-0.0007,0.0000,0.00941,0.01521,0.01959,1,1,-0.368,-0.371,in_circle
77.077,1,1674,0.00628,0.02005,0.0173,-0.0076,0.00899,0.01338,0.01989,1,1,-0.330,-0.336,in_circle
77.118,1,1675,0.00587,0.02042,-0.0103,0.0091,0.01078,0.01445,0.01987,1,1,-0.404,-0.305,in_circle
77.159,1,1676,0.00585,0.01980,-0.0003,-0.0150,0.00940,0.01398,0.01941,1,1,-0.293,-0.373,in_circle
77.205,1,1677,0.00521,0.02059,-0.0142,0.0174,0.01198,0.01310,0.01955,1,1,-0.333,-0.275,in_circle
77.249,1,1678,0.00646,0.02018,0.0285,-0.0094,0.01141,0.01603,0.02011,1,1,-0.276,-0.406,in_circle
77.293,1,1679,0.00552,0.02039,-0.0211,0.0048,0.00971,0.01537,0.01961,1,1,-0.450,-0.298,in_circle
77.338,1,1680,0.00556,0.02018,0.0010,-0.0047,0.01303,0.01484,0.01949,1,1,-0.249,-0.355,in_circle
77.382,1,1681,0.00552,0.02000,-0.0011,-0.0041,0.00922,0.01632,0.01932,1,1,-0.337,-0.317,in_circle
77.426,1,1682,0.00531,0.02045,-0.0046,0.0101,0.01024,0.01768,0.01951,1,1,-0.329,-0.318,in_circle
77.471,1,1683,0.00570,0.02031,0.0087,-0.0030,0.00859,0.01873,0.01967,1,1,-0.314,-0.377,in_circle
77.556,1,1684,0.00560,0.02026,-0.0012,-0.0006,0.01153,0.01648,0.01957,1,1,-0.368,-0.324,in_circle
77.599,1,1685,0.00586,0.02032,0.0060,0.0013,0.01036,0.01661,0.01979,1,1,-0.329,-0.333,in_circle
77.641,1,1686,0.00593,0.02021,0.0018,-0.0026,0.01091,0.01671,0.01976,1,1,-0.358,-0.341,in_circle
77.687,1,1687,0.00549,0.02022,-0.0095,0.0003,0.01112,0.01743,0.01947,1,1,-0.342,-0.325,in_circle
77.778,1,1688,0.00578,0.02015,0.0032,-0.0008,0.01133,0.01720,0.01962,1,1,-0.295,-0.337,in_circle
77.824,1,1689,0.00557,0.02017,-0.0046,0.0004,0.01153,0.01592,0.01948,1,1,-0.347,-0.332,in_circle
77.908,1,1690,0.00562,0.02003,0.0006,-0.0017,0.01058,0.01650,0.01941,1,1,-0.315,-0.337,in_circle
77.950,1,1691,0.00593,0.02027,0.0074,0.0058,0.01075,0.01704,0.01981,1,1,-0.336,-0.328,in_circle
77.993,1,1692,0.00605,0.02027,0.0026,0.0000,0.01021,0.01603,0.01989,1,1,-0.364,-0.359,in_circle
78.037,1,1693,0.00555,0.02023,-0.0111,-0.0010,0.00981,0.01726,0.01951,1,1,-0.345,-0.336,in_circle
78.084,1,1694,0.00589,0.02012,0.0071,-0.0024,0.01065,0.01556,0.01966,1,1,-0.289,-0.332,in_circle
78.130,1,1695,0.00614,0.02067,0.0056,0.0121,0.01019,0.01554,0.02024,1,1,-0.363,-0.326,in_circle
78.174,1,1696,0.00589,0.02030,-0.0057,-0.0084,0.01090,0.01519,0.01979,1,1,-0.357,-0.385,in_circle
78.218,1,1697,0.00562,0.02031,-0.0063,0.0002,0.01085,0.01460,0.01961,1,1,-0.311,-0.302,in_circle
78.260,1,1698,0.00626,0.02080,0.0151,0.0118,0.01156,0.01525,0.02041,1,1,-0.308,-0.337,in_circle
78.302,1,1699,0.00569,0.02007,-0.0136,-0.0176,0.00734,0.01362,0.01949,1,1,-0.396,-0.384,in_circle
78.344,1,1700,0.00632,0.02046,0.0151,0.0091,0.01081,0.01550,0.02021,1,1,-0.279,-0.265,in_circle
78.391,1,1701,0.00519,0.01999,-0.0241,-0.0098,0.01167,0.01433,0.01909,1,1,-0.396,-0.373,in_circle
78.434,1,1702,0.00620,0.02020,0.0236,0.0049,0.00502,0.01407,0.01994,1,1,-0.236,-0.296,in_circle
78.481,1,1703,0.00603,0.02009,-0.0037,-0.0025,0.01121,0.01206,0.01974,1,1,-0.429,-0.355,in_circle
78.526,1,1704,0.00601,0.02045,-0.0005,0.0081,0.00562,0.01420,0.01998,1,1,-0.320,-0.325,in_circle
78.569,1,1705,0.00617,0.01997,0.0038,-0.0109,0.01116,0.01194,0.01976,1,1,-0.333,-0.368,in_circle
78.612,1,1706,0.00533,0.02007,-0.0193,0.0023,0.00750,0.01211,0.01925,1,1,-0.350,-0.291,in_circle
78.656,1,1707,0.00537,0.02026,0.0009,0.0043,0.01169,0.01191,0.01941,1,1,-0.256,-0.344,in_circle
78.697,1,1708,0.00541,0.02036,0.0010,0.0024,0.00784,0.01197,0.01951,1,1,-0.337,-0.353,in_circle
78.741,1,1709,0.00539,0.02026,-0.0006,-0.0023,0.01198,0.01241,0.01942,1,1,-0.337,-0.345,in_circle
78.786,1,1710,0.00562,0.02006,0.0052,-0.0043,0.01029,0.01442,0.01944,1,1,-0.331,-0.326,in_circle
78.833,1,1711,0.00541,0.02017,-0.0046,0.0024,0.01174,0.01396,0.01937,1,1,-0.354,-0.318,in_circle
78.878,1,1712,0.00598,0.01992,0.0124,-0.0055,0.01157,0.01469,0.01958,1,1,-0.315,-0.345,in_circle
78.923,1,1713,0.00589,0.02017,-0.0020,0.0056,0.01196,0.01458,0.01970,1,1,-0.384,-0.313,in_circle
78.964,1,1714,0.00558,0.02027,-0.0075,0.0025,0.01112,0.01387,0.01956,1,1,-0.326,-0.358,in_circle
79.007,1,1715,0.00575,0.02026,0.0041,-0.0003,0.01104,0.01387,0.01967,1,1,-0.304,-0.346,in_circle
79.051,1,1716,0.00531,0.01991,-0.0099,-0.0078,0.01170,0.01541,0.01911,1,1,-0.350,-0.334,in_circle
79.092,1,1717,0.00531,0.02006,0.0001,0.0035,0.01105,0.01416,0.01922,1,1,-0.293,-0.304,in_circle
79.137,1,1718,0.00569,0.02043,0.0083,0.0084,0.01120,0.01419,0.01975,1,1,-0.333,-0.349,in_circle
79.183,1,1719,0.00568,0.02052,-0.0000,0.0018,0.01068,0.01518,0.01981,1,1,-0.367,-0.370,in_circle
79.228,1,1720,0.00530,0.02044,-0.0085,-0.0016,0.01102,0.01441,0.01950,1,1,-0.334,-0.343,in_circle
79.273,1,1721,0.00595,0.02016,0.0143,-0.0062,0.01186,0.01517,0.01974,1,1,-0.299,-0.330,in_circle
79.317,1,1722,0.00603,0.02033,0.0020,0.0037,0.01043,0.01599,0.01992,1,1,-0.392,-0.310,in_circle
79.359,1,1723,0.00549,0.02018,-0.0129,-0.0035,0.01046,0.01733,0.01944,1,1,-0.343,-0.351,in_circle
79.402,1,1724,0.00560,0.02018,0.0025,0.0001,0.00859,0.01629,0.01951,1,1,-0.281,-0.321,in_circle
79.444,1,1725,0.00554,0.02034,-0.0015,0.0038,0.00940,0.01571,0.01958,1,1,-0.343,-0.336,in_circle
79.489,1,1726,0.00566,0.02025,0.0027,-0.0020,0.00681,0.01712,0.01960,1,1,-0.327,-0.351,in_circle
79.535,1,1727,0.00640,0.02012,0.0163,-0.0028,0.00808,0.01647,0.02003,1,1,-0.344,-0.328,in_circle
79.580,1,1728,0.00574,0.02032,-0.0145,0.0044,0.00830,0.01759,0.01971,1,1,-0.401,-0.324,in_circle
79.627,1,1729,0.00582,0.02000,0.0017,-0.0071,0.00863,0.01697,0.01953,1,1,-0.276,-0.353,in_circle
79.669,1,1730,0.00556,0.02032,-0.0062,0.0078,0.00951,0.01501,0.01958,1,1,-0.341,-0.307,in_circle
79.712,1,1731,0.00589,0.02044,0.0078,0.0027,0.01084,0.01677,0.01990,1,1,-0.308,-0.367,in_circle
79.798,1,1732,0.00559,0.02025,-0.0035,-0.0022,0.01295,0.01548,0.01956,1,1,-0.366,-0.347,in_circle
79.842,1,1733,0.00569,0.02031,0.0022,0.0014,0.01206,0.01652,0.01967,1,1,-0.320,-0.327,in_circle
79.884,1,1734,0.00533,0.02012,-0.0083,-0.0045,0.01372,0.01545,0.01928,1,1,-0.342,-0.341,in_circle
79.929,1,1735,0.00532,0.02020,-0.0003,0.0019,0.01315,0.01620,0.01933,1,1,-0.299,-0.317,in_circle
79.975,1,1736,0.00552,0.02020,0.0043,-0.0000,0.01295,0.01579,0.01947,1,1,-0.332,-0.343,in_circle
80.019,1,1737,0.00547,0.02038,-0.0010,0.0041,0.01207,0.01561,0.01957,1,1,-0.351,-0.335,in_circle
80.062,1,1738,0.00561,0.02016,0.0033,-0.0053,0.01151,0.01573,0.01950,1,1,-0.329,-0.352,in_circle
80.106,1,1739,0.00528,0.02022,-0.0076,0.0014,0.01113,0.01629,0.01932,1,1,-0.347,-0.314,in_circle
80.149,1,1740,0.00534,0.02017,0.0015,-0.0011,0.01160,0.01378,0.01932,1,1,-0.302,-0.341,in_circle
80.194,1,1741,0.00533,0.02037,-0.0003,0.0044,0.01002,0.01509,0.01946,1,1,-0.339,-0.331,in_circle
80.236,1,1742,0.00537,0.02046,0.0010,0.0023,0.01052,0.01527,0.01956,1,1,-0.332,-0.354,in_circle
80.281,1,1743,0.00560,0.02020,0.0052,-0.0058,0.00877,0.01611,0.01953,1,1,-0.337,-0.345,in_circle
80.326,1,1744,0.00571,0.02020,0.0023,-0.0001,0.01020,0.01437,0.01960,1,1,-0.354,-0.312,in_circle
80.372,1,1745,0.00563,0.02001,-0.0016,-0.0040,0.00928,0.01544,0.01941,1,1,-0.343,-0.335,in_circle
80.417,1,1746,0.00607,0.02010,0.0099,0.0020,0.00993,0.01523,0.01978,1,1,-0.327,-0.319,in_circle
80.460,1,1747,0.00572,0.02004,-0.0082,-0.0013,0.00926,0.01459,0.01949,1,1,-0.374,-0.343,in_circle
80.501,1,1748,0.00542,0.02016,-0.0073,0.0029,0.00974,0.01524,0.01937,1,1,-0.301,-0.330,in_circle
80.545,1,1749,0.00561,0.02026,0.0043,0.0022,0.00911,0.01443,0.01957,1,1,-0.304,-0.347,in_circle
80.589,1,1750,0.00591,0.02044,0.0070,0.0039,0.01000,0.01564,0.01991,1,1,-0.351,-0.345,in_circle
80.634,1,1751,0.00566,0.02009,-0.0057,-0.0079,0.01029,0.01473,0.01948,1,1,-0.362,-0.352,in_circle
80.677,1,1752,0.00531,0.02018,-0.0080,0.0022,0.01036,0.01585,0.01931,1,1,-0.311,-0.304,in_circle
80.723,1,1753,0.00570,0.02026,0.0085,0.0016,0.01002,0.01509,0.01963,1,1,-0.301,-0.344,in_circle
80.767,1,1754,0.00550,0.02007,-0.0046,-0.0042,0.00980,0.01498,0.01936,1,1,-0.368,-0.342,in_circle
80.811,1,1755,0.00584,0.02018,0.0077,0.0025,0.00913,0.01480,0.01967,1,1,-0.315,-0.318,in_circle
80.854,1,1756,0.00609,0.02071,0.0060,0.0124,0.01002,0.01441,0.02023,1,1,-0.365,-0.345,in_circle
80.898,1,1757,0.00548,0.02026,-0.0140,-0.0102,0.00941,0.01548,0.01948,1,1,-0.359,-0.386,in_circle
80.942,1,1758,0.00516,0.02019,-0.0073,-0.0017,0.01076,0.01546,0.01921,1,1,-0.277,-0.295,in_circle
80.986,1,1759,0.00525,0.02024,0.0021,0.0012,0.01254,0.01525,0.01932,1,1,-0.303,-0.329,in_circle
81.030,1,1760,0.00610,0.02033,0.0193,0.0020,0.00914,0.01470,0.01996,1,1,-0.341,-0.340,in_circle
81.075,1,1761,0.00520,0.02057,-0.0200,0.0053,0.01159,0.01429,0.01952,1,1,-0.412,-0.344,in_circle
81.119,1,1762,0.00600,0.02041,0.0182,-0.0036,0.01049,0.01555,0.01995,1,1,-0.252,-0.358,in_circle
81.164,1,1763,0.00562,0.02034,-0.0085,-0.0014,0.01051,0.01231,0.01964,1,1,-0.407,-0.322,in_circle
81.206,1,1764,0.00551,0.02038,-0.0025,0.0008,0.01083,0.01260,0.01959,1,1,-0.300,-0.330,in_circle
81.249,1,1765,0.00553,0.02037,0.0003,-0.0001,0.01222,0.01283,0.01960,1,1,-0.323,-0.339,in_circle
81.294,1,1766,0.00548,0.02019,-0.0009,-0.0040,0.01101,0.01338,0.01944,1,1,-0.335,-0.335,in_circle
81.338,1,1767,0.00618,0.02049,0.0158,0.0066,0.01068,0.01370,0.02013,1,1,-0.329,-0.319,in_circle
81.382,1,1768,0.00550,0.02014,-0.0157,-0.0080,0.01197,0.01388,0.01941,1,1,-0.398,-0.363,in_circle
81.426,1,1769,0.00559,0.02033,0.0020,0.0042,0.01101,0.01226,0.01961,1,1,-0.270,-0.304,in_circle
81.472,1,1770,0.00553,0.02037,-0.0013,0.0008,0.01139,0.01316,0.01960,1,1,-0.342,-0.353,in_circle
81.516,1,1771,0.00521,0.02023,-0.0072,-0.0032,0.00984,0.01345,0.01928,1,1,-0.328,-0.339,in_circle
81.559,1,1772,0.00586,0.02089,0.0152,0.0156,0.01070,0.01449,0.02021,1,1,-0.304,-0.323,in_circle
81.600,1,1773,0.00622,0.01991,0.0086,-0.0238,0.00880,0.01432,0.01975,1,1,-0.395,-0.399,in_circle
81.645,1,1774,0.00571,0.02037,-0.0113,0.0101,0.01042,0.01549,0.01972,1,1,-0.370,-0.240,in_circle
81.689,1,1775,0.00529,0.01995,-0.0098,-0.0095,0.01143,0.01467,0.01913,1,1,-0.289,-0.376,in_circle
81.733,1,1776,0.00557,0.02040,0.0064,0.0101,0.00290,0.01406,0.01965,1,1,-0.294,-0.297,in_circle
81.822,1,1777,0.00573,0.02037,0.0018,-0.0003,0.00577,0.01571,0.01974,1,1,-0.359,-0.376,in_circle
81.868,1,1778,0.00576,0.02039,0.0006,0.0003,0.00549,0.01498,0.01977,1,1,-0.341,-0.335,in_circle
81.912,1,1779,0.00534,0.02037,-0.0096,-0.0005,0.00960,0.01540,0.01947,1,1,-0.336,-0.337,in_circle
81.953,1,1780,0.00565,0.02005,0.0075,-0.0078,0.01036,0.01585,0.01945,1,1,-0.294,-0.334,in_circle
81.998,1,1781,0.00556,0.02033,-0.0020,0.0063,0.01207,0.01701,0.01959,1,1,-0.364,-0.304,in_circle
82.041,1,1782,0.00581,0.02030,0.0060,-0.0007,0.01131,0.01630,0.01975,1,1,-0.325,-0.361,in_circle
82.086,1,1783,0.00550,0.02035,-0.0070,0.0009,0.01058,0.01471,0.01956,1,1,-0.358,-0.333,in_circle
82.129,1,1784,0.00586,0.02030,0.0086,-0.0010,0.01306,0.01581,0.01978,1,1,-0.305,-0.340,in_circle
82.174,1,1785,0.00554,0.02020,-0.0071,-0.0022,0.01168,0.01551,0.01949,1,1,-0.368,-0.332,in_circle
82.220,1,1786,0.00553,0.02042,-0.0003,0.0047,0.01150,0.01687,0.01964,1,1,-0.305,-0.327,in_circle
82.263,1,1787,0.00581,0.02019,0.0067,-0.0055,0.01139,0.01596,0.01966,1,1,-0.332,-0.355,in_circle
82.305,1,1788,0.00533,0.02022,-0.0113,0.0009,0.01043,0.01618,0.01936,1,1,-0.361,-0.313,in_circle
82.350,1,1789,0.00582,0.02044,0.0108,0.0049,0.01103,0.01647,0.01985,1,1,-0.288,-0.339,in_circle
82.393,1,1790,0.00560,0.01964,-0.0051,-0.0187,0.01085,0.01475,0.01912,1,1,-0.377,-0.356,in_circle
82.438,1,1791,0.00558,0.02047,-0.0005,0.0188,0.01131,0.01630,0.01971,1,1,-0.313,-0.259,in_circle
82.481,1,1792,0.00532,0.02022,-0.0059,-0.0057,0.01019,0.01585,0.01935,1,1,-0.332,-0.411,in_circle
82.526,1,1793,0.00547,0.02043,0.0033,0.0046,0.00423,0.01425,0.01960,1,1,-0.309,-0.313,in_circle
82.571,1,1794,0.00547,0.02001,0.0001,-0.0094,0.01352,0.01578,0.01930,1,1,-0.346,-0.355,in_circle
82.614,1,1795,0.00535,0.02038,-0.0029,0.0085,0.01064,0.01443,0.01948,1,1,-0.334,-0.297,in_circle
82.660,1,1796,0.00593,0.01995,0.0127,-0.0092,0.01075,0.01553,0.01958,1,1,-0.321,-0.370,in_circle
82.702,1,1797,0.00535,0.02019,-0.0140,0.0056,0.01000,0.01641,0.01934,1,1,-0.385,-0.298,in_circle
82.744,1,1798,0.00589,0.01982,0.0131,-0.0088,0.01235,0.01511,0.01945,1,1,-0.277,-0.358,in_circle
82.789,1,1799,0.00555,0.02027,-0.0075,0.0100,0.00775,0.01371,0.01954,1,1,-0.386,-0.299,in_circle
82.835,1,1800,0.00588,0.02034,0.0071,0.0015,0.01227,0.01595,0.01982,1,1,-0.303,-0.376,in_circle
82.880,1,1801,0.00580,0.02033,-0.0017,-0.0003,0.00789,0.01448,0.01976,1,1,-0.362,-0.342,in_circle
82.924,1,1802,0.00598,0.02065,0.0041,0.0074,0.01294,0.01463,0.02011,1,1,-0.327,-0.335,in_circle
82.966,1,1803,0.00532,0.02010,-0.0157,-0.0129,0.00996,0.01608,0.01926,1,1,-0.351,-0.366,in_circle
83.010,1,1804,0.00559,0.02035,0.0060,0.0055,0.01243,0.01481,0.01962,1,1,-0.270,-0.284,in_circle
83.055,1,1805,0.00608,0.01974,0.0111,-0.0137,0.00985,0.01532,0.01953,1,1,-0.358,-0.358,in_circle
83.097,1,1806,0.00575,0.02008,-0.0078,0.0080,0.00770,0.01580,0.01954,1,1,-0.379,-0.280,in_circle
83.142,1,1807,0.00555,0.02040,-0.0046,0.0072,0.01025,0.01451,0.01963,1,1,-0.303,-0.367,in_circle
83.185,1,1808,0.00532,0.02026,-0.0053,-0.0033,0.00658,0.01344,0.01938,1,1,-0.315,-0.365,in_circle
83.232,1,1809,0.00563,0.02024,0.0066,-0.0005,0.01190,0.01521,0.01957,1,1,-0.312,-0.323,in_circle
83.275,1,1810,0.00579,0.02010,0.0036,-0.0031,0.01180,0.01411,0.01958,1,1,-0.360,-0.334,in_circle
83.318,1,1811,0.00565,0.02023,-0.0031,0.0030,0.01082,0.01659,0.01958,1,1,-0.348,-0.323,in_circle
83.362,1,1812,0.00537,0.01985,-0.0064,-0.0088,0.01022,0.01592,0.01911,1,1,-0.321,-0.348,in_circle
83.407,1,1813,0.00561,0.02031,0.0054,0.0103,0.01113,0.01497,0.01961,1,1,-0.307,-0.300,in_circle
83.451,1,1814,0.00555,0.02016,-0.0015,-0.0034,0.01086,0.01499,0.01946,1,1,-0.355,-0.377,in_circle
83.493,1,1815,0.00573,0.02046,0.0044,0.0069,0.00928,0.01426,0.01980,1,1,-0.327,-0.322,in_circle
83.538,1,1816,0.00552,0.02028,-0.0048,-0.0038,0.01156,0.01525,0.01953,1,1,-0.352,-0.364,in_circle
83.583,1,1817,0.00595,0.02015,0.0095,-0.0030,0.00993,0.01457,0.01973,1,1,-0.314,-0.320,in_circle
83.628,1,1818,0.00571,0.02021,-0.0055,0.0014,0.01010,0.01445,0.01961,1,1,-0.372,-0.323,in_circle
83.670,1,1819,0.00653,0.02045,0.0193,0.0058,0.01035,0.01478,0.02035,1,1,-0.312,-0.341,in_circle
83.715,1,1820,0.00600,0.02038,-0.0118,-0.0017,0.01068,0.01518,0.01993,1,1,-0.413,-0.359,in_circle
83.758,1,1821,0.00600,0.02053,-0.0001,0.0035,0.01049,0.01530,0.02004,1,1,-0.287,-0.329,in_circle
83.844,1,1822,0.00618,0.02061,0.0021,0.0009,0.01028,0.01330,0.02022,1,1,-0.334,-0.350,in_circle
83.890,1,1823,0.00587,0.02034,-0.0070,-0.0059,0.01051,0.01552,0.01981,1,1,-0.344,-0.340,in_circle
83.934,1,1824,0.00553,0.01992,-0.0077,-0.0094,0.01006,0.01554,0.01927,1,1,-0.306,-0.312,in_circle
83.978,1,1825,0.00549,0.02022,-0.0007,0.0068,0.01049,0.01555,0.01947,1,1,-0.303,-0.297,in_circle
84.023,1,1826,0.00577,0.02000,0.0062,-0.0050,0.01086,0.01499,0.01950,1,1,-0.330,-0.363,in_circle
84.066,1,1827,0.00608,0.02022,0.0070,0.0053,0.00996,0.01401,0.01987,1,1,-0.359,-0.315,in_circle
84.111,1,1828,0.00522,0.02021,-0.0192,-0.0002,0.00967,0.01605,0.01928,1,1,-0.363,-0.357,in_circle
84.154,1,1829,0.00564,0.02034,0.0096,0.0028,0.01023,0.01476,0.01965,1,1,-0.256,-0.335,in_circle
84.198,1,1830,0.00595,0.02026,0.0073,-0.0018,0.00985,0.01532,0.01981,1,1,-0.372,-0.347,in_circle
84.246,1,1831,0.00588,0.02048,-0.0014,0.0045,0.01054,0.01583,0.01992,1,1,-0.364,-0.329,in_circle
84.293,1,1832,0.00565,0.02003,-0.0050,-0.0094,0.01065,0.01556,0.01944,1,1,-0.329,-0.354,in_circle
84.338,1,1833,0.00542,0.02032,-0.0050,0.0064,0.01234,0.01454,0.01949,1,1,-0.314,-0.297,in_circle
84.380,1,1834,0.00556,0.01980,0.0034,-0.0125,0.01142,0.01487,0.01921,1,1,-0.313,-0.362,in_circle
84.424,1,1835,0.00602,0.02009,0.0106,0.0069,0.00881,0.01398,0.01974,1,1,-0.347,-0.285,in_circle
84.466,1,1836,0.00563,0.02031,-0.0093,0.0053,0.01120,0.01419,0.01963,1,1,-0.377,-0.363,in_circle
84.506,1,1837,0.00558,0.02039,-0.0013,0.0017,0.00622,0.01433,0.01964,1,1,-0.296,-0.357,in_circle
84.551,1,1838,0.00536,0.02047,-0.0049,0.0018,0.01177,0.01408,0.01956,1,1,-0.328,-0.343,in_circle
84.594,1,1839,0.00537,0.02028,0.0003,-0.0044,0.01082,0.01498,0.01943,1,1,-0.313,-0.343,in_circle
84.638,1,1840,0.00546,0.02010,0.0019,-0.0040,0.01121,0.01543,0.01935,1,1,-0.334,-0.318,in_circle
84.681,1,1841,0.00568,0.02048,0.0051,0.0088,0.00894,0.01506,0.01978,1,1,-0.341,-0.319,in_circle
84.728,1,1842,0.00568,0.02028,0.0001,-0.0042,0.00951,0.01579,0.01964,1,1,-0.354,-0.371,in_circle
84.770,1,1843,0.00575,0.02021,0.0016,-0.0018,0.01141,0.01448,0.01963,1,1,-0.334,-0.319,in_circle
84.816,1,1844,0.00556,0.02017,-0.0041,-0.0009,0.01140,0.01575,0.01948,1,1,-0.340,-0.328,in_circle
84.859,1,1845,0.00540,0.02031,-0.0037,0.0032,0.01124,0.01550,0.01947,1,1,-0.317,-0.332,in_circle
84.903,1,1846,0.00535,0.02024,-0.0012,-0.0014,0.01160,0.01466,0.01938,1,1,-0.318,-0.349,in_circle
84.945,1,1847,0.00564,0.02001,0.0069,-0.0055,0.01177,0.01515,0.01941,1,1,-0.328,-0.330,in_circle
84.990,1,1848,0.00532,0.02019,-0.0071,0.0040,0.01065,0.01556,0.01933,1,1,-0.361,-0.313,in_circle
85.034,1,1849,0.00521,0.02046,-0.0026,0.0061,0.01224,0.01428,0.01945,1,1,-0.305,-0.351,in_circle
85.077,1,1850,0.00564,0.02038,0.0098,-0.0018,0.01102,0.01441,0.01968,1,1,-0.322,-0.361,in_circle
85.124,1,1851,0.00527,0.02011,-0.0079,-0.0059,0.01078,0.01593,0.01923,1,1,-0.373,-0.329,in_circle
85.167,1,1852,0.00548,0.02006,0.0047,-0.0012,0.01065,0.01556,0.01933,1,1,-0.301,-0.312,in_circle
85.211,1,1853,0.00537,0.02019,-0.0025,0.0029,0.01047,0.01461,0.01935,1,1,-0.352,-0.330,in_circle
85.256,1,1854,0.00567,0.02030,0.0069,0.0025,0.01099,0.01572,0.01965,1,1,-0.323,-0.347,in_circle
85.297,1,1855,0.00536,0.02021,-0.0076,-0.0023,0.00767,0.01453,0.01937,1,1,-0.361,-0.346,in_circle
85.342,1,1856,0.00530,0.01997,-0.0014,-0.0051,0.01003,0.01549,0.01915,1,1,-0.303,-0.327,in_circle
85.385,1,1857,0.00565,0.02033,0.0082,0.0084,0.00957,0.01399,0.01965,1,1,-0.327,-0.314,in_circle
85.430,1,1858,0.00553,0.01996,-0.0025,-0.0082,0.00957,0.01661,0.01931,1,1,-0.366,-0.370,in_circle
85.475,1,1859,0.00573,0.02037,0.0042,0.0089,0.01018,0.01548,0.01974,1,1,-0.323,-0.302,in_circle
85.519,1,1860,0.00487,0.01976,-0.0196,-0.0142,0.00958,0.01468,0.01870,1,1,-0.351,-0.372,in_circle
85.562,1,1861,0.00612,0.02057,0.0288,0.0189,0.00748,0.01397,0.02015,1,1,-0.253,-0.278,in_circle
85.606,1,1862,0.00581,0.02050,-0.0069,-0.0017,0.01003,0.01492,0.01989,1,1,-0.450,-0.412,in_circle
85.650,1,1863,0.00546,0.02010,-0.0082,-0.0093,0.00478,0.01498,0.01935,1,1,-0.306,-0.330,in_circle
85.694,1,1864,0.00581,0.02027,0.0080,0.0039,0.01293,0.01562,0.01972,1,1,-0.300,-0.298,in_circle
85.738,1,1865,0.00525,0.02033,-0.0126,0.0014,0.01266,0.01449,0.01938,1,1,-0.366,-0.351,in_circle
85.782,1,1866,0.00542,0.02020,0.0038,-0.0028,0.00960,0.01580,0.01941,1,1,-0.282,-0.341,in_circle
85.870,1,1867,0.00546,0.02036,0.0005,0.0018,0.01040,0.01543,0.01955,1,1,-0.348,-0.324,in_circle
85.916,1,1868,0.00539,0.02012,-0.0015,-0.0051,0.01014,0.01690,0.01933,1,1,-0.335,-0.343,in_circle
85.958,1,1869,0.00524,0.02039,-0.0038,0.0065,0.01101,0.01659,0.01942,1,1,-0.327,-0.315,in_circle
86.003,1,1870,0.00524,0.01988,-0.0000,-0.0115,0.00972,0.01649,0.01904,1,1,-0.318,-0.362,in_circle
86.045,1,1871,0.00543,0.02037,0.0046,0.0114,0.00950,0.01578,0.01954,1,1,-0.332,-0.289,in_circle
86.089,1,1872,0.00545,0.02038,0.0003,0.0002,0.01127,0.01642,0.01955,1,1,-0.352,-0.382,in_circle
86.134,1,1873,0.00568,0.02057,0.0053,0.0042,0.00799,0.01623,0.01985,1,1,-0.334,-0.337,in_circle
86.178,1,1874,0.00560,0.02017,-0.0019,-0.0089,0.01191,0.01630,0.01951,1,1,-0.355,-0.353,in_circle
86.224,1,1875,0.00578,0.02030,0.0040,0.0028,0.01190,0.01648,0.01973,1,1,-0.326,-0.300,in_circle
86.267,1,1876,0.00582,0.01992,0.0009,-0.0089,0.01206,0.01652,0.01948,1,1,-0.350,-0.347,in_circle
86.311,1,1877,0.00585,0.02035,0.0006,0.0098,0.00978,0.01663,0.01981,1,1,-0.338,-0.299,in_circle
86.355,1,1878,0.00572,0.02051,-0.0030,0.0036,0.01145,0.01461,0.01983,1,1,-0.337,-0.375,in_circle
86.397,1,1879,0.00584,0.02018,0.0029,-0.0079,0.00845,0.01634,0.01968,1,1,-0.322,-0.351,in_circle
86.441,1,1880,0.00567,0.01985,-0.0041,-0.0076,0.01041,0.01591,0.01932,1,1,-0.346,-0.304,in_circle
86.485,1,1881,0.00531,0.02018,-0.0082,0.0075,0.01086,0.01629,0.01931,1,1,-0.317,-0.304,in_circle
86.529,1,1882,0.00598,0.02025,0.0154,0.0016,0.01100,0.01612,0.01982,1,1,-0.300,-0.366,in_circle
86.574,1,1883,0.00545,0.02054,-0.0119,0.0065,0.01046,0.01686,0.01967,1,1,-0.396,-0.342,in_circle
86.618,1,1884,0.00565,0.02024,0.0043,-0.0068,0.01028,0.01606,0.01958,1,1,-0.286,-0.362,in_circle
86.662,1,1885,0.00547,0.02018,-0.0040,-0.0012,0.01159,0.01429,0.01942,1,1,-0.351,-0.308,in_circle
86.706,1,1886,0.00542,0.02031,-0.0012,0.0030,0.01072,0.01471,0.01948,1,1,-0.317,-0.331,in_circle
86.749,1,1887,0.00591,0.02039,0.0113,0.0019,0.00922,0.01326,0.01988,1,1,-0.328,-0.348,in_circle
86.794,1,1888,0.00573,0.02008,-0.0040,-0.0070,0.00974,0.01357,0.01952,1,1,-0.380,-0.343,in_circle
86.837,1,1889,0.00595,0.02033,0.0053,0.0060,0.01036,0.01317,0.01987,1,1,-0.318,-0.307,in_circle
86.881,1,1890,0.00583,0.02010,-0.0028,-0.0054,0.00996,0.01253,0.01961,1,1,-0.356,-0.360,in_circle
86.929,1,1891,0.00567,0.02016,-0.0034,0.0013,0.01072,0.01337,0.01954,1,1,-0.323,-0.314,in_circle
86.971,1,1892,0.00576,0.02052,0.0022,0.0086,0.01083,0.01330,0.01987,1,1,-0.320,-0.341,in_circle
87.015,1,1893,0.00575,0.02069,-0.0003,0.0039,0.00997,0.01426,0.01999,1,1,-0.343,-0.371,in_circle
87.059,1,1894,0.00560,0.02048,-0.0034,-0.0047,0.01016,0.01234,0.01973,1,1,-0.333,-0.352,in_circle
87.101,1,1895,0.00581,0.02021,0.0050,-0.0065,0.01097,0.01386,0.01968,1,1,-0.320,-0.317,in_circle
87.147,1,1896,0.00546,0.02006,-0.0075,-0.0033,0.01071,0.01233,0.01933,1,1,-0.354,-0.309,in_circle
87.190,1,1897,0.00541,0.02011,-0.0011,0.0013,0.01103,0.01247,0.01933,1,1,-0.303,-0.322,in_circle
87.235,1,1898,0.00540,0.02039,-0.0002,0.0061,0.00934,0.01319,0.01953,1,1,-0.329,-0.340,in_circle
87.277,1,1899,0.00531,0.02027,-0.0022,-0.0028,0.00986,0.01370,0.01938,1,1,-0.332,-0.360,in_circle
87.322,1,1900,0.00522,0.02024,-0.0020,-0.0006,0.01192,0.01469,0.01930,1,1,-0.324,-0.325,in_circle
87.366,1,1901,0.00544,0.02028,0.0048,0.0009,0.01112,0.01387,0.01947,1,1,-0.324,-0.333,in_circle
87.411,1,1902,0.00537,0.02024,-0.0016,-0.0009,0.00972,0.01467,0.01940,1,1,-0.352,-0.339,in_circle
87.454,1,1903,0.00623,0.02010,0.0203,-0.0033,0.01130,0.01379,0.01989,1,1,-0.327,-0.332,in_circle
87.498,1,1904,0.00540,0.02024,-0.0186,0.0030,0.01064,0.01490,0.01941,1,1,-0.416,-0.322,in_circle
87.541,1,1905,0.00580,0.02042,0.0093,0.0043,0.00822,0.01514,0.01982,1,1,-0.259,-0.348,in_circle
87.587,1,1906,0.00557,0.02027,-0.0050,-0.0033,0.00949,0.01349,0.01955,1,1,-0.371,-0.353,in_circle
87.632,1,1907,0.00566,0.02041,0.0020,0.0030,0.01021,0.01603,0.01972,1,1,-0.313,-0.323,in_circle
87.675,1,1908,0.00574,0.02000,0.0020,-0.0094,0.00927,0.01576,0.01948,1,1,-0.342,-0.348,in_circle
87.718,1,1909,0.00573,0.02026,-0.0003,0.0060,0.00981,0.01677,0.01966,1,1,-0.342,-0.297,in_circle
87.761,1,1910,0.00575,0.02034,0.0006,0.0018,0.01038,0.01647,0.01973,1,1,-0.332,-0.360,in_circle
87.807,1,1911,0.00573,0.02034,-0.0006,-0.0001,0.00801,0.01564,0.01971,1,1,-0.336,-0.343,in_circle
87.893,1,1912,0.00585,0.02044,0.0015,0.0012,0.01044,0.01600,0.01988,1,1,-0.331,-0.336,in_circle
87.938,1,1913,0.00584,0.01992,-0.0002,-0.0116,0.00911,0.01701,0.01949,1,1,-0.340,-0.341,in_circle
87.982,1,1914,0.00569,0.02034,-0.0035,0.0094,0.01047,0.01566,0.01969,1,1,-0.333,-0.288,in_circle
88.025,1,1915,0.00600,0.02047,0.0072,0.0032,0.00977,0.01630,0.02000,1,1,-0.320,-0.373,in_circle
88.070,1,1916,0.00598,0.02008,-0.0004,-0.0088,0.00899,0.01572,0.01970,1,1,-0.363,-0.349,in_circle
88.113,1,1917,0.00536,0.02015,-0.0142,0.0017,0.01096,0.01680,0.01933,1,1,-0.333,-0.300,in_circle
88.157,1,1918,0.00577,0.02019,0.0092,0.0008,0.01110,0.01636,0.01963,1,1,-0.276,-0.342,in_circle
88.203,1,1919,0.00555,0.02027,-0.0048,0.0018,0.01172,0.01666,0.01954,1,1,-0.371,-0.339,in_circle
88.246,1,1920,0.00584,0.02001,0.0066,-0.0061,0.00905,0.01654,0.01955,1,1,-0.314,-0.343,in_circle
88.289,1,1921,0.00543,0.02034,-0.0096,0.0079,0.01200,0.01626,0.01951,1,1,-0.361,-0.311,in_circle
88.333,1,1922,0.00539,0.02019,-0.0010,-0.0034,0.01103,0.01682,0.01937,1,1,-0.295,-0.367,in_circle
88.378,1,1923,0.00563,0.02026,0.0053,0.0015,0.01106,0.01466,0.01959,1,1,-0.329,-0.322,in_circle
88.423,1,1924,0.00559,0.02030,-0.0008,0.0009,0.01209,0.01453,0.01959,1,1,-0.355,-0.342,in_circle
88.467,1,1925,0.00521,0.02034,-0.0088,0.0009,0.01021,0.01548,0.01936,1,1,-0.330,-0.339,in_circle
88.510,1,1926,0.00549,0.02021,0.0066,-0.0031,0.01151,0.01609,0.01945,1,1,-0.297,-0.340,in_circle
88.554,1,1927,0.00549,0.02045,0.0000,0.0054,0.01102,0.01441,0.01963,1,1,-0.360,-0.323,in_circle
88.598,1,1928,0.00574,0.02027,0.0056,-0.0040,0.01171,0.01525,0.01967,1,1,-0.333,-0.358,in_circle
88.641,1,1929,0.00553,0.02026,-0.0049,-0.0003,0.00978,0.01518,0.01952,1,1,-0.356,-0.320,in_circle
88.686,1,1930,0.00564,0.02029,0.0024,0.0009,0.01102,0.01441,0.01962,1,1,-0.314,-0.334,in_circle
88.729,1,1931,0.00550,0.02053,-0.0033,0.0055,0.01066,0.01533,0.01970,1,1,-0.343,-0.339,in_circle
88.774,1,1932,0.00563,0.02010,0.0030,-0.0096,0.00968,0.01477,0.01947,1,1,-0.320,-0.358,in_circle
88.819,1,1933,0.00547,0.01995,-0.0037,-0.0033,0.00942,0.01531,0.01925,1,1,-0.346,-0.297,in_circle
88.862,1,1934,0.00593,0.02006,0.0108,0.0026,0.01049,0.01555,0.01965,1,1,-0.318,-0.322,in_circle
88.907,1,1935,0.00569,0.02007,-0.0052,0.0004,0.00911,0.01436,0.01950,1,1,-0.378,-0.345,in_circle
88.950,1,1936,0.00519,0.02030,-0.0117,0.0052,0.01026,0.01371,0.01932,1,1,-0.313,-0.337,in_circle
88.994,1,1937,0.00549,0.02006,0.0067,-0.0053,0.00991,0.01380,0.01935,1,1,-0.286,-0.357,in_circle
89.038,1,1938,0.00550,0.02036,0.0004,0.0068,0.00862,0.01342,0.01957,1,1,-0.360,-0.314,in_circle
89.081,1,1939,0.00569,0.02051,0.0042,0.0034,0.01054,0.01510,0.01981,1,1,-0.335,-0.363,in_circle
89.128,1,1940,0.00530,0.02025,-0.0084,-0.0055,0.00996,0.01453,0.01936,1,1,-0.350,-0.350,in_circle
89.171,1,1941,0.00556,0.02030,0.0063,0.0013,0.01050,0.01515,0.01958,1,1,-0.299,-0.314,in_circle
89.217,1,1942,0.00551,0.02036,-0.0012,0.0011,0.00911,0.01441,0.01958,1,1,-0.358,-0.341,in_circle
89.259,1,1943,0.00556,0.02025,0.0013,-0.0026,0.01029,0.01612,0.01954,1,1,-0.329,-0.340,in_circle
89.303,1,1944,0.00552,0.02036,-0.0010,0.0026,0.00954,0.01397,0.01959,1,1,-0.339,-0.325,in_circle
89.346,1,1945,0.00535,0.02031,-0.0039,-0.0012,0.01123,0.01521,0.01944,1,1,-0.329,-0.346,in_circle
89.390,1,1946,0.00563,0.02001,0.0063,-0.0069,0.01088,0.01474,0.01941,1,1,-0.317,-0.331,in_circle
89.434,1,1947,0.00594,0.02000,0.0071,-0.0003,0.01106,0.01543,0.01962,1,1,-0.359,-0.307,in_circle
89.479,1,1948,0.00539,0.02021,-0.0124,0.0047,0.01000,0.01529,0.01939,1,1,-0.363,-0.334,in_circle
89.523,1,1949,0.00536,0.02022,-0.0009,0.0001,0.01053,0.01448,0.01937,1,1,-0.284,-0.354,in_circle
89.567,1,1950,0.00584,0.02033,0.0110,0.0025,0.01112,0.01438,0.01978,1,1,-0.329,-0.336,in_circle
89.612,1,1951,0.00535,0.02018,-0.0109,-0.0032,0.01192,0.01458,0.01934,1,1,-0.378,-0.346,in_circle
89.653,1,1952,0.00563,0.02011,0.0068,-0.0016,0.01055,0.01421,0.01948,1,1,-0.289,-0.323,in_circle
89.700,1,1953,0.00539,0.02036,-0.0053,0.0054,0.01115,0.01552,0.01950,1,1,-0.361,-0.329,in_circle
89.742,1,1954,0.00623,0.02048,0.0200,0.0028,0.01057,0.01546,0.02017,1,1,-0.312,-0.358,in_circle
89.786,1,1955,0.00556,0.01989,-0.0154,-0.0135,0.01029,0.01612,0.01927,1,1,-0.415,-0.347,in_circle
89.831,1,1956,0.00521,0.01993,-0.0078,0.0008,0.01124,0.01449,0.01906,1,1,-0.272,-0.281,in_circle
89.919,1,1957,0.00546,0.02021,0.0028,0.0032,0.00547,0.01437,0.01944,1,1,-0.301,-0.338,in_circle
89.966,1,1958,0.00583,0.02028,0.0078,0.0013,0.00597,0.01666,0.01974,1,1,-0.345,-0.348,in_circle
90.007,1,1959,0.00570,0.02010,-0.0033,-0.0044,0.00747,0.01401,0.01952,1,1,-0.365,-0.341,in_circle
90.051,1,1960,0.00543,0.02046,-0.0062,0.0082,0.00920,0.01605,0.01959,1,1,-0.321,-0.318,in_circle
90.094,1,1961,0.00565,0.02035,0.0053,-0.0024,0.00943,0.01385,0.01967,1,1,-0.308,-0.369,in_circle
90.137,1,1962,0.00578,0.02016,0.0029,-0.0045,0.00982,0.01591,0.01962,1,1,-0.355,-0.326,in_circle
90.182,1,1963,0.00558,0.02020,-0.0043,0.0009,0.01247,0.01504,0.01952,1,1,-0.345,-0.317,in_circle
90.227,1,1964,0.00548,0.02030,-0.0024,0.0022,0.01058,0.01500,0.01951,1,1,-0.316,-0.339,in_circle
90.270,1,1965,0.00551,0.02021,0.0007,-0.0021,0.01093,0.01517,0.01947,1,1,-0.324,-0.344,in_circle
90.315,1,1966,0.00545,0.02023,-0.0014,0.0005,0.01060,0.01427,0.01944,1,1,-0.336,-0.327,in_circle
90.358,1,1967,0.00537,0.01988,-0.0018,-0.0080,0.01274,0.01504,0.01913,1,1,-0.328,-0.338,in_circle
90.402,1,1968,0.00557,0.02033,0.0047,0.0102,0.01185,0.01446,0.01960,1,1,-0.326,-0.303,in_circle
90.445,1,1969,0.00543,0.02020,-0.0034,-0.0030,0.01045,0.01483,0.01941,1,1,-0.352,-0.376,in_circle
90.491,1,1970,0.00562,0.02036,0.0041,0.0035,0.01123,0.01521,0.01965,1,1,-0.319,-0.323,in_circle
90.533,1,1971,0.00562,0.02051,0.0000,0.0035,0.01092,0.01428,0.01977,1,1,-0.350,-0.350,in_circle
90.579,1,1972,0.00545,0.02029,-0.0039,-0.0048,0.01162,0.01464,0.01949,1,1,-0.334,-0.350,in_circle
90.623,1,1973,0.00570,0.02003,0.0057,-0.0058,0.01178,0.01352,0.01947,1,1,-0.318,-0.316,in_circle
90.667,1,1974,0.00585,0.02021,0.0035,0.0040,0.01159,0.01429,0.01970,1,1,-0.356,-0.312,in_circle
90.710,1,1975,0.00566,0.02034,-0.0044,0.0031,0.01009,0.01590,0.01966,1,1,-0.348,-0.351,in_circle
90.755,1,1976,0.00594,0.02048,0.0063,0.0031,0.00839,0.01505,0.01996,1,1,-0.316,-0.348,in_circle
90.798,1,1977,0.00589,0.02044,-0.0011,-0.0009,0.00996,0.01544,0.01990,1,1,-0.359,-0.348,in_circle
90.842,1,1978,0.00529,0.02025,-0.0136,-0.0042,0.01029,0.01612,0.01935,1,1,-0.330,-0.333,in_circle
90.886,1,1979,0.00554,0.02047,0.0058,0.0051,0.01112,0.01450,0.01968,1,1,-0.278,-0.319,in_circle
90.930,1,1980,0.00552,0.02035,-0.0006,-0.0027,0.01141,0.01520,0.01958,1,1,-0.356,-0.357,in_circle
90.974,1,1981,0.00536,0.02021,-0.0035,-0.0032,0.00985,0.01532,0.01937,1,1,-0.331,-0.325,in_circle
91.019,1,1982,0.00581,0.02010,0.0100,-0.0024,0.01022,0.01476,0.01960,1,1,-0.319,-0.323,in_circle
91.063,1,1983,0.00555,0.02030,-0.0058,0.0044,0.00942,0.01526,0.01956,1,1,-0.374,-0.326,in_circle
91.107,1,1984,0.00622,0.02085,0.0150,0.0123,0.01005,0.01538,0.02042,1,1,-0.310,-0.353,in_circle
91.150,1,1985,0.00567,0.02042,-0.0131,-0.0101,0.01020,0.01474,0.01973,1,1,-0.395,-0.386,in_circle
91.194,1,1986,0.00586,0.01984,0.0044,-0.0132,0.01151,0.01573,0.01944,1,1,-0.281,-0.296,in_circle
91.237,1,1987,0.00563,0.02033,-0.0052,0.0114,0.01305,0.01466,0.01964,1,1,-0.352,-0.282,in_circle
91.281,1,1988,0.00621,0.02015,0.0130,-0.0041,0.00849,0.01458,0.01991,1,1,-0.313,-0.381,in_circle
91.326,1,1989,0.00536,0.02017,-0.0190,0.0003,0.00826,0.01392,0.01933,1,1,-0.387,-0.319,in_circle
91.371,1,1990,0.00526,0.02024,-0.0023,0.0017,0.01122,0.01597,0.01932,1,1,-0.257,-0.337,in_circle
91.414,1,1991,0.00573,0.02010,0.0109,-0.0033,0.00998,0.01491,0.01954,1,1,-0.324,-0.342,in_circle
91.459,1,1992,0.00556,0.02013,-0.0038,0.0006,0.01053,0.01637,0.01944,1,1,-0.377,-0.322,in_circle
91.503,1,1993,0.00614,0.02047,0.0134,0.0078,0.00865,0.01543,0.02010,1,1,-0.318,-0.338,in_circle
91.546,1,1994,0.00559,0.02033,-0.0128,-0.0032,0.00957,0.01473,0.01961,1,1,-0.388,-0.368,in_circle
91.589,1,1995,0.00546,0.02013,-0.0031,-0.0047,0.00967,0.01605,0.01938,1,1,-0.282,-0.323,in_circle
91.635,1,1996,0.00539,0.01997,-0.0014,-0.0034,0.01189,0.01523,0.01922,1,1,-0.321,-0.317,in_circle
91.678,1,1997,0.00592,0.02028,0.0124,0.0072,0.01037,0.01437,0.01980,1,1,-0.327,-0.321,in_circle
91.723,1,1998,0.00616,0.01984,0.0053,-0.0095,0.00881,0.01705,0.01966,1,1,-0.384,-0.364,in_circle
91.767,1,1999,0.00557,0.02016,-0.0135,0.0074,0.00978,0.01545,0.01948,1,1,-0.356,-0.296,in_circle
91.811,1,2000,0.00550,0.02050,-0.0015,0.0076,0.01040,0.01450,0.01968,1,1,-0.280,-0.365,in_circle
91.855,1,2001,0.00514,0.02025,-0.0083,-0.0056,0.00916,0.01593,0.01925,1,1,-0.327,-0.367,in_circle
91.986,1,2002,0.00540,0.02019,0.0020,-0.0005,0.01108,0.01678,0.01938,1,1,-0.299,-0.313,in_circle
92.030,1,2003,0.00540,0.02035,-0.0000,0.0037,0.01086,0.01499,0.01949,1,1,-0.341,-0.333,in_circle
92.075,1,2004,0.00567,0.02047,0.0059,0.0027,0.01050,0.01569,0.01976,1,1,-0.333,-0.351,in_circle
92.119,1,2005,0.00573,0.02042,0.0015,-0.0012,0.01113,0.01629,0.01977,1,1,-0.357,-0.347,in_circle
92.164,1,2006,0.00569,0.02046,-0.0010,0.0010,0.01054,0.01680,0.01978,1,1,-0.340,-0.331,in_circle
92.207,1,2007,0.00548,0.02006,-0.0048,-0.0093,0.01179,0.01607,0.01934,1,1,-0.330,-0.340,in_circle
92.251,1,2008,0.00558,0.01996,0.0023,-0.0023,0.01210,0.01591,0.01934,1,1,-0.314,-0.298,in_circle
92.294,1,2009,0.00563,0.02030,0.0012,0.0080,0.00967,0.01605,0.01962,1,1,-0.343,-0.326,in_circle
92.338,1,2010,0.00540,0.02032,-0.0053,0.0003,0.00952,0.01621,0.01948,1,1,-0.338,-0.368,in_circle
92.382,1,2011,0.00633,0.02034,0.0214,0.0005,0.01100,0.01468,0.02013,1,1,-0.312,-0.337,in_circle
92.427,1,2012,0.00590,0.02021,-0.0094,-0.0028,0.01095,0.01515,0.01974,1,1,-0.421,-0.338,in_circle
92.471,1,2013,0.00537,0.02025,-0.0122,0.0009,0.00987,0.01526,0.01940,1,1,-0.297,-0.324,in_circle
92.515,1,2014,0.00521,0.02049,-0.0035,0.0054,0.01143,0.01237,0.01948,1,1,-0.284,-0.339,in_circle
92.560,1,2015,0.00529,0.02034,0.0017,-0.0035,0.01178,0.01295,0.01941,1,1,-0.318,-0.358,in_circle
92.602,1,2016,0.00552,0.02033,0.0055,-0.0001,0.01158,0.01428,0.01956,1,1,-0.340,-0.322,in_circle
92.646,1,2017,0.00538,0.02022,-0.0031,-0.0025,0.01179,0.01317,0.01939,1,1,-0.355,-0.335,in_circle
92.689,1,2018,0.00531,0.02028,-0.0016,0.0013,0.01098,0.01274,0.01939,1,1,-0.321,-0.326,in_circle
92.734,1,2019,0.00535,0.02029,0.0007,0.0002,0.01114,0.01383,0.01942,1,1,-0.326,-0.341,in_circle
92.777,1,2020,0.00588,0.02047,0.0123,0.0042,0.00982,0.01306,0.01992,1,1,-0.336,-0.337,in_circle
92.822,1,2021,0.00547,0.02022,-0.0092,-0.0056,0.00896,0.01338,0.01945,1,1,-0.384,-0.353,in_circle
92.867,1,2022,0.00550,0.02034,0.0006,0.0026,0.01101,0.01226,0.01956,1,1,-0.296,-0.313,in_circle
92.910,1,2023,0.00587,0.02033,0.0085,-0.0003,0.01018,0.01310,0.01980,1,1,-0.336,-0.346,in_circle
92.955,1,2024,0.00547,0.02054,-0.0088,0.0046,0.00986,0.01348,0.01968,1,1,-0.368,-0.334,in_circle
92.999,1,2025,0.00536,0.02019,-0.0025,-0.0081,0.01051,0.01545,0.01935,1,1,-0.298,-0.355,in_circle
93.042,1,2026,0.00599,0.02037,0.0148,0.0043,0.00937,0.01332,0.01992,1,1,-0.323,-0.303,in_circle
93.086,1,2027,0.00527,0.02002,-0.0164,-0.0081,0.00980,0.01601,0.01916,1,1,-0.394,-0.353,in_circle
93.131,1,2028,0.00560,0.02034,0.0074,0.0072,0.00888,0.01569,0.01963,1,1,-0.267,-0.303,in_circle
93.178,1,2029,0.00549,0.02029,-0.0024,-0.0010,0.00935,0.01633,0.01952,1,1,-0.363,-0.365,in_circle
93.220,1,2030,0.00559,0.02024,0.0024,-0.0012,0.00716,0.01725,0.01955,1,1,-0.323,-0.332,in_circle
93.264,1,2031,0.00556,0.02024,-0.0005,-0.0002,0.01030,0.01642,0.01953,1,1,-0.343,-0.331,in_circle
93.307,1,2032,0.00612,0.02032,0.0128,0.0019,0.00884,0.01678,0.01997,1,1,-0.331,-0.335,in_circle
93.351,1,2033,0.00557,0.02030,-0.0124,-0.0003,0.01097,0.01727,0.01958,1,1,-0.386,-0.343,in_circle
93.394,1,2034,0.00531,0.02026,-0.0061,-0.0009,0.01125,0.01624,0.01938,1,1,-0.284,-0.334,in_circle
93.439,1,2035,0.00625,0.02006,0.0209,-0.0046,0.00942,0.01526,0.01988,1,1,-0.308,-0.332,in_circle
93.481,1,2036,0.00561,0.02018,-0.0151,0.0028,0.01118,0.01698,0.01951,1,1,-0.419,-0.317,in_circle
93.527,1,2037,0.00572,0.02015,0.0024,-0.0006,0.01063,0.01715,0.01957,1,1,-0.273,-0.347,in_circle
93.571,1,2038,0.00537,0.02037,-0.0081,0.0051,0.01007,0.01266,0.01949,1,1,-0.343,-0.333,in_circle
93.616,1,2039,0.00533,0.02025,-0.0008,-0.0025,0.01074,0.01526,0.01938,1,1,-0.301,-0.356,in_circle
93.660,1,2040,0.00543,0.01991,0.0022,-0.0079,0.01057,0.01546,0.01919,1,1,-0.330,-0.325,in_circle
93.705,1,2041,0.00567,0.02022,0.0053,0.0071,0.01040,0.01412,0.01959,1,1,-0.342,-0.303,in_circle
93.747,1,2042,0.00561,0.01981,-0.0015,-0.0097,0.00973,0.01415,0.01925,1,1,-0.355,-0.364,in_circle
93.791,1,2043,0.00556,0.02036,-0.0011,0.0124,0.01086,0.01499,0.01961,1,1,-0.327,-0.296,in_circle
93.834,1,2044,0.00547,0.02042,-0.0021,0.0013,0.01029,0.01612,0.01959,1,1,-0.329,-0.386,in_circle
93.878,1,2045,0.00524,0.02014,-0.0052,-0.0063,0.00862,0.01342,0.01924,1,1,-0.325,-0.341,in_circle
93.968,1,2046,0.00583,0.02039,0.0065,0.0027,0.00978,0.01518,0.01981,1,1,-0.312,-0.310,in_circle
94.012,1,2047,0.00527,0.02014,-0.0127,-0.0057,0.01226,0.01520,0.01925,1,1,-0.360,-0.347,in_circle
94.055,1,2048,0.00557,0.02021,0.0069,0.0018,0.01029,0.01612,0.01951,1,1,-0.282,-0.313,in_circle
94.098,1,2049,0.00541,0.02026,-0.0038,0.0010,0.00942,0.01526,0.01944,1,1,-0.361,-0.343,in_circle
94.143,1,2050,0.00529,0.02025,-0.0026,-0.0002,0.01080,0.01722,0.01935,1,1,-0.318,-0.340,in_circle
94.187,1,2051,0.00586,0.02005,0.0129,-0.0046,0.00905,0.01582,0.01959,1,1,-0.322,-0.335,in_circle
94.231,1,2052,0.00579,0.01997,-0.0016,-0.0018,0.01078,0.01593,0.01949,1,1,-0.386,-0.317,in_circle
94.276,1,2053,0.00545,0.02035,-0.0075,0.0084,0.01113,0.01553,0.01954,1,1,-0.328,-0.328,in_circle
94.320,1,2054,0.00551,0.02034,0.0014,-0.0002,0.01081,0.01499,0.01957,1,1,-0.303,-0.370,in_circle
94.365,1,2055,0.00536,0.01985,-0.0034,-0.0110,0.01002,0.01535,0.01910,1,1,-0.339,-0.335,in_circle
94.409,1,2056,0.00589,0.01998,0.0121,0.0031,0.01127,0.01534,0.01957,1,1,-0.319,-0.291,in_circle
94.452,1,2057,0.00539,0.02031,-0.0115,0.0076,0.01167,0.01439,0.01946,1,1,-0.383,-0.347,in_circle
94.494,1,2058,0.00544,0.02032,0.0011,0.0003,0.00863,0.01602,0.01951,1,1,-0.287,-0.366,in_circle
94.538,1,2059,0.00540,0.02019,-0.0010,-0.0030,0.01034,0.01408,0.01938,1,1,-0.338,-0.337,in_circle
94.583,1,2060,0.00519,0.02026,-0.0047,0.0016,0.01058,0.01650,0.01929,1,1,-0.329,-0.324,in_circle
94.628,1,2061,0.00576,0.02015,0.0126,-0.0025,0.01000,0.01529,0.01960,1,1,-0.314,-0.342,in_circle
94.672,1,2062,0.00562,0.02044,-0.0031,0.0067,0.01129,0.01518,0.01972,1,1,-0.384,-0.325,in_circle
94.718,1,2063,0.00549,0.02004,-0.0028,-0.0087,0.01009,0.01590,0.01934,1,1,-0.321,-0.363,in_circle
94.759,1,2064,0.00569,0.02024,0.0047,0.0048,0.01000,0.01395,0.01962,1,1,-0.322,-0.300,in_circle
94.803,1,2065,0.00561,0.02005,-0.0018,-0.0044,0.01092,0.01571,0.01942,1,1,-0.352,-0.355,in_circle
94.847,1,2066,0.00636,0.02015,0.0169,0.0022,0.01066,0.01487,0.02001,1,1,-0.326,-0.317,in_circle
94.889,1,2067,0.00552,0.02040,-0.0202,0.0061,0.01169,0.01438,0.01961,1,1,-0.403,-0.344,in_circle
94.934,1,2068,0.00598,0.02039,0.0102,-0.0002,0.01130,0.01388,0.01992,1,1,-0.253,-0.360,in_circle
94.978,1,2069,0.00541,0.02028,-0.0130,-0.0026,0.01132,0.01355,0.01945,1,1,-0.375,-0.335,in_circle
95.024,1,2070,0.00566,0.01977,0.0055,-0.0110,0.01086,0.01568,0.01926,1,1,-0.281,-0.325,in_circle
95.068,1,2071,0.00592,0.02029,0.0060,0.0118,0.01020,0.01495,0.01981,1,1,-0.356,-0.290,in_circle
95.111,1,2072,0.00559,0.02022,-0.0078,-0.0016,0.01020,0.01495,0.01953,1,1,-0.358,-0.383,in_circle
95.155,1,2073,0.00616,0.02024,0.0129,0.0004,0.00887,0.01479,0.01994,1,1,-0.302,-0.329,in_circle
95.199,1,2074,0.00553,0.02019,-0.0144,-0.0012,0.01170,0.01541,0.01947,1,1,-0.387,-0.337,in_circle
95.243,1,2075,0.00539,0.02007,-0.0031,-0.0027,0.00968,0.01587,0.01929,1,1,-0.276,-0.331,in_circle
95.285,1,2076,0.00561,0.02027,0.0052,0.0046,0.01060,0.01520,0.01958,1,1,-0.321,-0.325,in_circle
95.331,1,2077,0.00538,0.01996,-0.0050,-0.0067,0.01102,0.01441,0.01920,1,1,-0.354,-0.354,in_circle
95.374,1,2078,0.00595,0.02078,0.0131,0.0190,0.01101,0.01551,0.02018,1,1,-0.313,-0.308,in_circle
95.420,1,2079,0.00596,0.02012,0.0003,-0.0144,0.01025,0.01451,0.01971,1,1,-0.387,-0.413,in_circle
95.463,1,2080,0.00559,0.02033,-0.0087,0.0050,0.00949,0.01623,0.01961,1,1,-0.336,-0.278,in_circle
95.507,1,2081,0.00529,0.02023,-0.0068,-0.0023,0.01312,0.01449,0.01934,1,1,-0.299,-0.356,in_circle
95.552,1,2082,0.00552,0.02005,0.0051,-0.0041,0.00714,0.01501,0.01936,1,1,-0.306,-0.326,in_circle
95.594,1,2083,0.00606,0.02038,0.0129,0.0081,0.01082,0.01498,0.01998,1,1,-0.354,-0.319,in_circle
95.640,1,2084,0.00563,0.02037,-0.0092,-0.0002,0.00907,0.01365,0.01968,1,1,-0.386,-0.368,in_circle
95.682,1,2085,0.00611,0.02024,0.0112,-0.0033,0.01120,0.01430,0.01990,1,1,-0.297,-0.335,in_circle
95.727,1,2086,0.00574,0.02018,-0.0082,-0.0012,0.01166,0.01470,0.01961,1,1,-0.379,-0.323,in_circle
95.772,1,2087,0.00570,0.02059,-0.0011,0.0091,0.01071,0.01468,0.01987,1,1,-0.301,-0.331,in_circle
95.815,1,2088,0.00554,0.02018,-0.0035,-0.0096,0.01139,0.01388,0.01947,1,1,-0.330,-0.373,in_circle
95.860,1,2089,0.00558,0.01999,0.0009,-0.0041,0.01086,0.01499,0.01936,1,1,-0.319,-0.297,in_circle
95.903,1,2090,0.00550,0.01991,-0.0018,-0.0019,0.01059,0.01523,0.01925,1,1,-0.337,-0.318,in_circle
95.990,1,2091,0.00540,0.02005,-0.0011,0.0016,0.00925,0.01476,0.01928,1,1,-0.326,-0.327,in_circle
96.034,1,2092,0.00550,0.02023,0.0023,0.0042,0.00747,0.01336,0.01948,1,1,-0.328,-0.341,in_circle
96.079,1,2093,0.00594,0.02032,0.0097,0.0020,0.00878,0.01410,0.01985,1,1,-0.342,-0.352,in_circle
96.124,1,2094,0.00539,0.02044,-0.0123,0.0027,0.00988,0.01446,0.01956,1,1,-0.373,-0.344,in_circle
96.168,1,2095,0.00557,0.02029,0.0040,-0.0035,0.00928,0.01426,0.01956,1,1,-0.284,-0.347,in_circle
96.211,1,2096,0.00589,0.02016,0.0074,-0.0028,0.01035,0.01478,0.01970,1,1,-0.349,-0.322,in_circle
96.255,1,2097,0.00577,0.02018,-0.0026,0.0004,0.00913,0.01555,0.01963,1,1,-0.364,-0.324,in_circle
96.298,1,2098,0.00561,0.02039,-0.0038,0.0049,0.01029,0.01612,0.01967,1,1,-0.323,-0.337,in_circle
96.343,1,2099,0.00519,0.02017,-0.0094,-0.0047,0.01020,0.01474,0.01922,1,1,-0.318,-0.356,in_circle
96.386,1,2100,0.00600,0.02012,0.0191,-0.0013,0.01102,0.01441,0.01974,1,1,-0.295,-0.317,in_circle
96.431,1,2101,0.00608,0.02018,0.0017,0.0014,0.01105,0.01594,0.01984,1,1,-0.411,-0.330,in_circle
96.475,1,2102,0.00584,0.02019,-0.0053,0.0002,0.00987,0.01520,0.01968,1,1,-0.341,-0.341,in_circle
96.520,1,2103,0.00580,0.02020,-0.0010,0.0002,0.00931,0.01434,0.01966,1,1,-0.313,-0.336,in_circle
96.563,1,2104,0.00591,0.02024,0.0026,0.0011,0.01085,0.01460,0.01977,1,1,-0.330,-0.336,in_circle
96.607,1,2105,0.00570,0.02060,-0.0050,0.0080,0.00953,0.01596,0.01988,1,1,-0.345,-0.340,in_circle
96.650,1,2106,0.00533,0.02026,-0.0083,-0.0076,0.01124,0.01466,0.01939,1,1,-0.314,-0.369,in_circle
96.694,1,2107,0.00557,0.02022,0.0055,-0.0010,0.00967,0.01605,0.01952,1,1,-0.299,-0.305,in_circle
96.738,1,2108,0.00575,0.01989,0.0040,-0.0077,0.01162,0.01572,0.01940,1,1,-0.355,-0.332,in_circle
96.783,1,2109,0.00539,0.02053,-0.0078,0.0140,0.01094,0.01562,0.01962,1,1,-0.350,-0.304,in_circle
96.827,1,2110,0.00573,0.02033,0.0079,-0.0045,0.00982,0.01659,0.01971,1,1,-0.302,-0.392,in_circle
96.870,1,2111,0.00549,0.02010,-0.0055,-0.0053,0.01005,0.01488,0.01938,1,1,-0.365,-0.318,in_circle
96.917,1,2112,0.00584,0.02007,0.0074,-0.0006,0.01114,0.01460,0.01960,1,1,-0.311,-0.314,in_circle
96.959,1,2113,0.00539,0.02025,-0.0109,0.0042,0.01019,0.01491,0.01942,1,1,-0.364,-0.333,in_circle
97.004,1,2114,0.00589,0.02041,0.0110,0.0035,0.01037,0.01548,0.01987,1,1,-0.289,-0.353,in_circle
97.047,1,2115,0.00593,0.02003,0.0010,-0.0086,0.00920,0.01567,0.01963,1,1,-0.378,-0.350,in_circle
97.089,1,2116,0.00543,0.02001,-0.0120,-0.0006,0.01076,0.01632,0.01927,1,1,-0.338,-0.301,in_circle
97.135,1,2117,0.00548,0.02015,0.0011,0.0031,0.00957,0.01512,0.01940,1,1,-0.285,-0.333,in_circle
97.179,1,2118,0.00563,0.02045,0.0034,0.0068,0.01004,0.01466,0.01973,1,1,-0.337,-0.348,in_circle
97.224,1,2119,0.00595,0.02031,0.0072,-0.0032,0.00924,0.01544,0.01984,1,1,-0.347,-0.363,in_circle
97.269,1,2120,0.00554,0.02012,-0.0090,-0.0041,0.01059,0.01564,0.01943,1,1,-0.363,-0.323,in_circle
97.312,1,2121,0.00558,0.01987,0.0008,-0.0058,0.01096,0.01543,0.01927,1,1,-0.298,-0.319,in_circle
97.355,1,2122,0.00592,0.02016,0.0079,0.0066,0.01141,0.01616,0.01971,1,1,-0.336,-0.312,in_circle
97.400,1,2123,0.00580,0.02017,-0.0026,0.0003,0.01131,0.01630,0.01964,1,1,-0.366,-0.362,in_circle
97.441,1,2124,0.00529,0.02036,-0.0122,0.0046,0.00953,0.01668,0.01943,1,1,-0.324,-0.337,in_circle
97.487,1,2125,0.00560,0.02024,0.0068,-0.0027,0.01094,0.01487,0.01955,1,1,-0.284,-0.354,in_circle
97.530,1,2126,0.00539,0.02042,-0.0050,0.0043,0.01206,0.01492,0.01954,1,1,-0.361,-0.325,in_circle
97.575,1,2127,0.00579,0.02027,0.0089,-0.0034,0.01068,0.01586,0.01970,1,1,-0.313,-0.353,in_circle
97.619,1,2128,0.00561,0.02040,-0.0041,0.0031,0.01086,0.01571,0.01968,1,1,-0.370,-0.322,in_circle
97.664,1,2129,0.00574,0.02005,0.0030,-0.0079,0.00968,0.01548,0.01951,1,1,-0.317,-0.348,in_circle
97.708,1,2130,0.00577,0.02006,0.0006,0.0002,0.00880,0.01524,0.01954,1,1,-0.346,-0.303,in_circle
97.751,1,2131,0.00552,0.02038,-0.0058,0.0072,0.01088,0.01561,0.01960,1,1,-0.336,-0.336,in_circle
97.793,1,2132,0.00603,0.01988,0.0123,-0.0117,0.01005,0.01394,0.01960,1,1,-0.310,-0.365,in_circle
97.840,1,2133,0.00538,0.02026,-0.0143,0.0082,0.01073,0.01399,0.01942,1,1,-0.384,-0.288,in_circle
97.883,1,2134,0.00587,0.02029,0.0111,0.0007,0.01141,0.01445,0.01977,1,1,-0.276,-0.368,in_circle
97.928,1,2135,0.00614,0.01999,0.0063,-0.0069,0.00887,0.01411,0.01975,1,1,-0.379,-0.339,in_circle
98.014,1,2136,0.00561,0.02039,-0.0061,0.0046,0.01111,0.01370,0.01967,1,1,-0.360,-0.307,in_circle
98.059,1,2137,0.00524,0.02023,-0.0083,-0.0036,0.01142,0.01487,0.01930,1,1,-0.309,-0.355,in_circle
98.103,1,2138,0.00563,0.02050,0.0089,0.0061,0.00917,0.01382,0.01976,1,1,-0.299,-0.321,in_circle
98.146,1,2139,0.00538,0.02026,-0.0058,-0.0054,0.01035,0.01478,0.01942,1,1,-0.369,-0.361,in_circle
98.189,1,2140,0.00581,0.02003,0.0097,-0.0054,0.00905,0.01582,0.01954,1,1,-0.310,-0.314,in_circle
98.235,1,2141,0.00541,0.02024,-0.0087,0.0046,0.01026,0.01357,0.01942,1,1,-0.373,-0.314,in_circle
98.278,1,2142,0.00560,0.02028,0.0045,0.0008,0.00897,0.01396,0.01958,1,1,-0.298,-0.354,in_circle
98.324,1,2143,0.00570,0.02009,0.0022,-0.0041,0.00917,0.01252,0.01951,1,1,-0.351,-0.339,in_circle
98.368,1,2144,0.00565,0.02041,-0.0010,0.0073,0.01019,0.01564,0.01971,1,1,-0.343,-0.319,in_circle
98.411,1,2145,0.00575,0.02054,0.0023,0.0031,0.01064,0.01516,0.01988,1,1,-0.329,-0.365,in_circle
98.455,1,2146,0.00646,0.01988,0.0160,-0.0150,0.00911,0.01364,0.01990,1,1,-0.343,-0.349,in_circle
98.498,1,2147,0.00559,0.02020,-0.0204,0.0074,0.01115,0.01517,0.01952,1,1,-0.400,-0.275,in_circle
98.542,1,2148,0.00564,0.02053,0.0011,0.0074,0.00940,0.01487,0.01979,1,1,-0.252,-0.365,in_circle
98.586,1,2149,0.00593,0.02002,0.0067,-0.0118,0.00711,0.01320,0.01962,1,1,-0.338,-0.366,in_circle
98.631,1,2150,0.00602,0.01972,0.0021,-0.0067,0.01133,0.01519,0.01948,1,1,-0.361,-0.288,in_circle
98.675,1,2151,0.00555,0.02015,-0.0106,0.0098,0.01068,0.01623,0.01946,1,1,-0.343,-0.308,in_circle
98.720,1,2152,0.00549,0.01989,-0.0015,-0.0058,0.00881,0.01429,0.01922,1,1,-0.291,-0.374,in_circle
98.764,1,2153,0.00568,0.02057,0.0044,0.0155,0.01001,0.01549,0.01985,1,1,-0.327,-0.311,in_circle
98.806,1,2154,0.00567,0.02045,-0.0003,-0.0028,0.01115,0.01647,0.01975,1,1,-0.351,-0.398,in_circle
98.852,1,2155,0.00544,0.02034,-0.0051,-0.0024,0.00940,0.01487,0.01952,1,1,-0.332,-0.325,in_circle
98.896,1,2156,0.00519,0.01999,-0.0056,-0.0079,0.01264,0.01685,0.01909,1,1,-0.313,-0.326,in_circle
98.939,1,2157,0.00539,0.02038,0.0047,0.0090,0.01102,0.01441,0.01951,1,1,-0.310,-0.303,in_circle
98.982,1,2158,0.00555,0.02031,0.0038,-0.0015,0.01154,0.01534,0.01957,1,1,-0.352,-0.372,in_circle
99.030,1,2159,0.00633,0.02010,0.0163,-0.0044,0.01043,0.01618,0.01996,1,1,-0.349,-0.330,in_circle
99.074,1,2160,0.00550,0.02024,-0.0193,0.0034,0.01245,0.01519,0.01949,1,1,-0.400,-0.317,in_circle
99.118,1,2161,0.00511,0.02042,-0.0088,0.0040,0.01011,0.01630,0.01935,1,1,-0.256,-0.349,in_circle
99.162,1,2162,0.00530,0.02017,0.0043,-0.0058,0.01078,0.01483,0.01929,1,1,-0.297,-0.352,in_circle
99.205,1,2163,0.00571,0.02030,0.0095,0.0032,0.01078,0.01593,0.01967,1,1,-0.350,-0.312,in_circle
99.246,1,2164,0.00540,0.02013,-0.0075,-0.0043,0.01025,0.01541,0.01933,1,1,-0.372,-0.348,in_circle
99.291,1,2165,0.00582,0.02000,0.0093,-0.0029,0.01092,0.01477,0.01953,1,1,-0.303,-0.318,in_circle
99.335,1,2166,0.00586,0.02022,0.0010,0.0051,0.01052,0.01527,0.01972,1,1,-0.371,-0.323,in_circle
99.378,1,2167,0.00607,0.02030,0.0047,0.0018,0.01086,0.01499,0.01992,1,1,-0.338,-0.356,in_circle
99.423,1,2168,0.00585,0.01988,-0.0050,-0.0096,0.01020,0.01382,0.01946,1,1,-0.354,-0.343,in_circle
99.469,1,2169,0.00579,0.02026,-0.0012,0.0082,0.01102,0.01441,0.01970,1,1,-0.314,-0.296,in_circle
99.511,1,2170,0.00565,0.02005,-0.0033,-0.0049,0.00966,0.01477,0.01945,1,1,-0.329,-0.369,in_circle
99.556,1,2171,0.00554,0.02029,-0.0023,0.0054,0.00881,0.01398,0.01955,1,1,-0.320,-0.316,in_circle
99.599,1,2172,0.00552,0.02017,-0.0007,-0.0028,0.01053,0.01448,0.01944,1,1,-0.324,-0.358,in_circle
99.641,1,2173,0.00532,0.02018,-0.0045,0.0004,0.00902,0.01495,0.01932,1,1,-0.331,-0.324,in_circle
99.686,1,2174,0.00548,0.01997,0.0035,-0.0048,0.01000,0.01529,0.01928,1,1,-0.315,-0.337,in_circle
99.730,1,2175,0.00573,0.02032,0.0055,0.0078,0.00922,0.01518,0.01970,1,1,-0.347,-0.316,in_circle
99.775,1,2176,0.00547,0.02033,-0.0057,0.0001,0.00960,0.01472,0.01953,1,1,-0.356,-0.367,in_circle
99.820,1,2177,0.00620,0.02021,0.0162,-0.0026,0.00935,0.01633,0.01995,1,1,-0.310,-0.336,in_circle
99.863,1,2178,0.00567,0.02037,-0.0123,0.0037,0.01162,0.01572,0.01969,1,1,-0.400,-0.325,in_circle
99.907,1,2179,0.00601,0.02023,0.0079,-0.0033,0.00920,0.01600,0.01983,1,1,-0.285,-0.351,in_circle
99.951,1,2180,0.00560,0.02029,-0.0094,0.0015,0.01102,0.01441,0.01959,1,1,-0.366,-0.322,in_circle
100.038,1,2181,0.00597,0.02013,0.0043,-0.0018,0.01002,0.01400,0.01973,1,1,-0.296,-0.342,in_circle
100.082,1,2182,0.00562,0.02031,-0.0077,0.0041,0.01086,0.01499,0.01962,1,1,-0.352,-0.328,in_circle
100.127,1,2183,0.00546,0.02025,-0.0036,-0.0015,0.01165,0.01686,0.01946,1,1,-0.303,-0.352,in_circle
100.172,1,2184,0.00590,0.02037,0.0099,0.0028,0.01029,0.01612,0.01986,1,1,-0.319,-0.329,in_circle
100.214,1,2185,0.00567,0.02020,-0.0054,-0.0040,0.01066,0.01628,0.01957,1,1,-0.374,-0.347,in_circle
100.259,1,2186,0.00598,0.02011,0.0071,-0.0020,0.01068,0.01629,0.01973,1,1,-0.312,-0.319,in_circle
100.303,1,2187,0.00545,0.02023,-0.0121,0.0026,0.01162,0.01464,0.01944,1,1,-0.363,-0.327,in_circle
100.347,1,2188,0.00557,0.02029,0.0029,0.0013,0.01049,0.01555,0.01957,1,1,-0.285,-0.346,in_circle
100.391,1,2189,0.00547,0.02006,-0.0023,-0.0052,0.01121,0.01442,0.01933,1,1,-0.345,-0.341,in_circle
100.434,1,2190,0.00568,0.02025,0.0049,0.0045,0.01028,0.01698,0.01962,1,1,-0.324,-0.315,in_circle
100.479,1,2191,0.00581,0.02038,0.0028,0.0028,0.01011,0.01630,0.01980,1,1,-0.353,-0.354,in_circle
100.522,1,2192,0.00564,0.02042,-0.0039,0.0011,0.00856,0.01603,0.01972,1,1,-0.345,-0.347,in_circle
100.567,1,2193,0.00558,0.02019,-0.0015,-0.0051,0.00924,0.01565,0.01950,1,1,-0.318,-0.340,in_circle
100.612,1,2194,0.00533,0.02031,-0.0054,0.0026,0.01046,0.01686,0.01942,1,1,-0.328,-0.315,in_circle
100.655,1,2195,0.00560,0.02027,0.0062,-0.0010,0.01003,0.01492,0.01957,1,1,-0.311,-0.346,in_circle
100.699,1,2196,0.00597,0.02017,0.0086,-0.0023,0.01064,0.01516,0.01976,1,1,-0.358,-0.332,in_circle
100.741,1,2197,0.00542,0.02036,-0.0130,0.0044,0.00845,0.01476,0.01952,1,1,-0.369,-0.326,in_circle
100.787,1,2198,0.00614,0.02018,0.0156,-0.0038,0.00926,0.01383,0.01988,1,1,-0.281,-0.353,in_circle
100.830,1,2199,0.00558,0.02008,-0.0128,-0.0023,0.01003,0.01513,0.01943,1,1,-0.397,-0.320,in_circle
100.874,1,2200,0.00556,0.02027,-0.0006,0.0044,0.01000,0.01641,0.01955,1,1,-0.282,-0.326,in_circle
100.920,1,2201,0.00591,0.02020,0.0077,-0.0017,0.01078,0.01331,0.01973,1,1,-0.331,-0.353,in_circle
100.967,1,2202,0.00544,0.02039,-0.0100,0.0041,0.01029,0.01612,0.01955,1,1,-0.365,-0.329,in_circle
101.008,1,2203,0.00605,0.01970,0.0148,-0.0166,0.00975,0.01475,0.01948,1,1,-0.293,-0.352,in_circle
101.051,1,2204,0.00575,0.02051,-0.0072,0.0190,0.01132,0.01419,0.01985,1,1,-0.394,-0.268,in_circle
101.097,1,2205,0.00536,0.01988,-0.0083,-0.0137,0.00973,0.01453,0.01913,1,1,-0.305,-0.412,in_circle
101.139,1,2206,0.00613,0.01995,0.0182,0.0016,0.00722,0.01400,0.01971,1,1,-0.300,-0.280,in_circle
101.183,1,2207,0.00539,0.02035,-0.0169,0.0092,0.01394,0.01582,0.01949,1,1,-0.408,-0.341,in_circle
101.227,1,2208,0.00545,0.02037,0.0014,0.0005,0.00838,0.01350,0.01955,1,1,-0.265,-0.373,in_circle
101.272,1,2209,0.00563,0.02036,0.0038,-0.0002,0.01079,0.01246,0.01966,1,1,-0.339,-0.338,in_circle
101.316,1,2210,0.00559,0.02005,-0.0009,-0.0073,0.01265,0.01388,0.01940,1,1,-0.349,-0.335,in_circle
101.360,1,2211,0.00551,0.02025,-0.0017,0.0046,0.01203,0.01617,0.01950,1,1,-0.330,-0.306,in_circle
101.402,1,2212,0.00510,0.02005,-0.0096,-0.0046,0.01108,0.01554,0.01908,1,1,-0.327,-0.354,in_circle
101.446,1,2213,0.00555,0.02013,0.0102,0.0017,0.00982,0.01591,0.01944,1,1,-0.294,-0.317,in_circle
101.490,1,2214,0.00554,0.02025,-0.0004,0.0028,0.01091,0.01504,0.01952,1,1,-0.374,-0.342,in_circle
101.535,1,2215,0.00568,0.02019,0.0033,-0.0013,0.01029,0.01612,0.01957,1,1,-0.332,-0.347,in_circle
101.579,1,2216,0.00576,0.02018,0.0017,-0.0003,0.01002,0.01394,0.01961,1,1,-0.347,-0.330,in_circle
101.622,1,2217,0.00565,0.02007,-0.0023,-0.0024,0.01159,0.01429,0.01947,1,1,-0.341,-0.334,in_circle
101.667,1,2218,0.00560,0.02026,-0.0013,0.0041,0.00919,0.01418,0.01956,1,1,-0.324,-0.326,in_circle
101.710,1,2219,0.00549,0.02018,-0.0024,-0.0018,0.01004,0.01554,0.01944,1,1,-0.328,-0.352,in_circle
101.754,1,2220,0.00566,0.02004,0.0039,-0.0032,0.01177,0.01408,0.01945,1,1,-0.324,-0.328,in_circle
101.799,1,2221,0.00529,0.02004,-0.0084,0.0002,0.01177,0.01408,0.01920,1,1,-0.349,-0.322,in_circle
101.843,1,2222,0.00564,0.02004,0.0081,-0.0002,0.01106,0.01543,0.01944,1,1,-0.299,-0.336,in_circle
101.886,1,2223,0.00569,0.02028,0.0009,0.0055,0.01090,0.01464,0.01964,1,1,-0.366,-0.334,in_circle
101.932,1,2224,0.00547,0.01997,-0.0047,-0.0067,0.01031,0.01573,0.01927,1,1,-0.337,-0.358,in_circle
101.976,1,2225,0.00554,0.02037,0.0017,0.0093,0.01033,0.01524,0.01961,1,1,-0.314,-0.308,in_circle
102.063,1,2226,0.00549,0.02035,-0.0007,-0.0002,0.01012,0.01511,0.01956,1,1,-0.340,-0.373,in_circle
102.106,1,2227,0.00591,0.02033,0.0098,-0.0007,0.00938,0.01473,0.01983,1,1,-0.331,-0.335,in_circle
102.150,1,2228,0.00581,0.02043,-0.0021,0.0023,0.01020,0.01474,0.01984,1,1,-0.373,-0.333,in_circle
102.195,1,2229,0.00548,0.01988,-0.0074,-0.0121,0.01078,0.01552,0.01921,1,1,-0.326,-0.345,in_circle
102.239,1,2230,0.00559,0.02029,0.0026,0.0096,0.00967,0.01414,0.01959,1,1,-0.304,-0.286,in_circle
102.283,1,2231,0.00582,0.02052,0.0052,0.0050,0.01052,0.01552,0.01991,1,1,-0.344,-0.374,in_circle
102.327,1,2232,0.00600,0.02018,0.0041,-0.0077,0.00808,0.01384,0.01979,1,1,-0.355,-0.356,in_circle
102.371,1,2233,0.00590,0.02006,-0.0024,-0.0026,0.01227,0.01559,0.01963,1,1,-0.351,-0.305,in_circle
102.416,1,2234,0.00543,0.02027,-0.0104,0.0048,0.00987,0.01440,0.01946,1,1,-0.324,-0.325,in_circle
102.459,1,2235,0.00586,0.02012,0.0099,-0.0035,0.00895,0.01511,0.01965,1,1,-0.292,-0.355,in_circle
102.503,1,2236,0.00599,0.02056,0.0031,0.0100,0.00990,0.01405,0.02006,1,1,-0.374,-0.321,in_circle
102.546,1,2237,0.00526,0.02009,-0.0170,-0.0109,0.00968,0.01587,0.01922,1,1,-0.347,-0.377,in_circle
102.589,1,2238,0.00597,0.02050,0.0162,0.0094,0.00973,0.01454,0.02000,1,1,-0.265,-0.292,in_circle
102.634,1,2239,0.00547,0.02027,-0.0111,-0.0052,0.01210,0.01448,0.01949,1,1,-0.399,-0.374,in_circle
102.678,1,2240,0.00603,0.01996,0.0123,-0.0070,0.00729,0.01401,0.01965,1,1,-0.289,-0.315,in_circle
102.723,1,2241,0.00561,0.02014,-0.0092,0.0040,0.01292,0.01295,0.01949,1,1,-0.384,-0.307,in_circle
102.767,1,2242,0.00552,0.02026,-0.0021,0.0028,0.00930,0.01454,0.01951,1,1,-0.297,-0.352,in_circle
102.812,1,2243,0.00581,0.02003,0.0063,-0.0051,0.01064,0.01516,0.01954,1,1,-0.325,-0.347,in_circle
102.854,1,2244,0.00559,0.02016,-0.0050,0.0031,0.01030,0.01519,0.01949,1,1,-0.359,-0.315,in_circle
102.898,1,2245,0.00545,0.02022,-0.0033,0.0013,0.01065,0.01556,0.01943,1,1,-0.313,-0.348,in_circle
102.943,1,2246,0.00561,0.02006,0.0035,-0.0034,0.01002,0.01509,0.01943,1,1,-0.320,-0.341,in_circle
102.987,1,2247,0.00576,0.02033,0.0036,0.0062,0.01147,0.01632,0.01973,1,1,-0.348,-0.322,in_circle
103.031,1,2248,0.00596,0.02021,0.0043,-0.0028,0.01035,0.01545,0.01978,1,1,-0.348,-0.361,in_circle
103.075,1,2249,0.00559,0.02016,-0.0083,-0.0012,0.01019,0.01491,0.01949,1,1,-0.352,-0.325,in_circle
103.119,1,2250,0.00593,0.02034,0.0076,0.0041,0.00966,0.01677,0.01986,1,1,-0.300,-0.331,in_circle
103.163,1,2251,0.00555,0.02039,-0.0086,0.0011,0.00905,0.01582,0.01963,1,1,-0.365,-0.352,in_circle
103.208,1,2252,0.00591,0.02010,0.0079,-0.0065,0.00996,0.01643,0.01966,1,1,-0.299,-0.341,in_circle
103.250,1,2253,0.00571,0.02021,-0.0046,0.0026,0.00935,0.01507,0.01961,1,1,-0.366,-0.309,in_circle
103.295,1,2254,0.00556,0.02018,-0.0034,-0.0008,0.01050,0.01512,0.01948,1,1,-0.315,-0.346,in_circle
103.338,1,2255,0.00562,0.02034,0.0015,0.0038,0.01094,0.01509,0.01964,1,1,-0.320,-0.332,in_circle
103.382,1,2256,0.00536,0.02023,-0.0058,-0.0024,0.01068,0.01629,0.01938,1,1,-0.339,-0.351,in_circle
103.427,1,2257,0.00586,0.02007,0.0113,-0.0036,0.00849,0.01531,0.01961,1,1,-0.310,-0.326,in_circle
103.470,1,2258,0.00563,0.02006,-0.0053,-0.0002,0.01037,0.01437,0.01945,1,1,-0.379,-0.321,in_circle
103.516,1,2259,0.00535,0.02032,-0.0061,0.0056,0.01036,0.01563,0.01944,1,1,-0.312,-0.334,in_circle
103.559,1,2260,0.00572,0.02047,0.0085,0.0036,0.00945,0.01479,0.01981,1,1,-0.308,-0.358,in_circle
103.603,1,2261,0.00581,0.02012,0.0022,-0.0081,0.00968,0.01548,0.01961,1,1,-0.368,-0.350,in_circle
103.647,1,2262,0.00566,0.02040,-0.0035,0.0065,0.01053,0.01448,0.01971,1,1,-0.343,-0.303,in_circle
103.690,1,2263,0.00591,0.02048,0.0057,0.0018,0.01066,0.01533,0.01994,1,1,-0.320,-0.362,in_circle
103.734,1,2264,0.00589,0.02033,-0.0004,-0.0034,0.01086,0.01499,0.01982,1,1,-0.357,-0.343,in_circle
103.779,1,2265,0.00534,0.01995,-0.0123,-0.0085,0.01101,0.01581,0.01916,1,1,-0.332,-0.322,in_circle
103.823,1,2266,0.00571,0.01996,0.0084,0.0002,0.01127,0.01389,0.01943,1,1,-0.283,-0.301,in_circle
103.868,1,2267,0.00536,0.01991,-0.0080,-0.0010,0.01115,0.01603,0.01915,1,1,-0.367,-0.336,in_circle
103.912,1,2268,0.00615,0.02003,0.0178,0.0026,0.01029,0.01612,0.01979,1,1,-0.301,-0.331,in_circle
103.954,1,2269,0.00566,0.02031,-0.0118,0.0066,0.01139,0.01370,0.01964,1,1,-0.406,-0.345,in_circle
103.999,1,2270,0.00550,0.02008,-0.0035,-0.0051,0.01044,0.01667,0.01937,1,1,-0.286,-0.362,in_circle
104.131,1,2271,0.00531,0.02050,-0.0015,0.0032,0.01187,0.01629,0.01954,1,1,-0.319,-0.315,in_circle
104.177,1,2272,0.00542,0.01995,0.0024,-0.0118,0.00998,0.01659,0.01922,1,1,-0.327,-0.349,in_circle
104.220,1,2273,0.00543,0.02013,0.0003,0.0040,0.01019,0.01491,0.01936,1,1,-0.343,-0.288,in_circle
104.264,1,2274,0.00559,0.01995,0.0037,-0.0040,0.01011,0.01450,0.01934,1,1,-0.334,-0.351,in_circle
104.309,1,2275,0.00570,0.02023,0.0023,0.0061,0.00900,0.01519,0.01961,1,1,-0.348,-0.319,in_circle
104.351,1,2276,0.00546,0.02045,-0.0055,0.0053,0.01133,0.01519,0.01962,1,1,-0.343,-0.360,in_circle
104.396,1,2277,0.00523,0.01998,-0.0052,-0.0105,0.00960,0.01518,0.01911,1,1,-0.311,-0.357,in_circle
104.439,1,2278,0.00553,0.02027,0.0069,0.0066,0.01159,0.01429,0.01952,1,1,-0.312,-0.293,in_circle
104.483,1,2279,0.00537,0.02013,-0.0036,-0.0031,0.01049,0.01555,0.01931,1,1,-0.361,-0.362,in_circle
104.526,1,2280,0.00563,0.02001,0.0060,-0.0028,0.01008,0.01509,0.01940,1,1,-0.319,-0.323,in_circle
104.571,1,2281,0.00552,0.02010,-0.0024,0.0021,0.01095,0.01478,0.01940,1,1,-0.358,-0.324,in_circle
104.616,1,2282,0.00575,0.02070,0.0050,0.0130,0.01073,0.01391,0.01999,1,1,-0.324,-0.344,in_circle
104.659,1,2283,0.00575,0.02051,-0.0000,-0.0043,0.01052,0.01527,0.01985,1,1,-0.354,-0.389,in_circle
104.703,1,2284,0.00540,0.01991,-0.0079,-0.0136,0.01053,0.01460,0.01918,1,1,-0.334,-0.319,in_circle
104.747,1,2285,0.00552,0.01992,0.0028,0.0001,0.01257,0.01451,0.01927,1,1,-0.301,-0.280,in_circle
104.790,1,2286,0.00567,0.02035,0.0034,0.0099,0.00940,0.01379,0.01968,1,1,-0.344,-0.335,in_circle
104.835,1,2287,0.00599,0.02047,0.0072,0.0028,0.00687,0.01406,0.01999,1,1,-0.347,-0.375,in_circle
104.879,1,2288,0.00547,0.02045,-0.0118,-0.0005,0.00928,0.01414,0.01962,1,1,-0.363,-0.347,in_circle
104.923,1,2289,0.00564,0.02039,0.0039,-0.0015,0.01034,0.01583,0.01969,1,1,-0.286,-0.334,in_circle
104.968,1,2290,0.00588,0.01988,0.0054,-0.0111,0.01056,0.01457,0.01949,1,1,-0.349,-0.330,in_circle
105.011,1,2291,0.00561,0.01997,-0.0062,0.0020,0.01016,0.01582,0.01937,1,1,-0.356,-0.290,in_circle
105.056,1,2292,0.00563,0.02043,0.0005,0.0104,0.01102,0.01441,0.01972,1,1,-0.309,-0.343,in_circle
105.100,1,2293,0.00528,0.02034,-0.0080,-0.0021,0.00815,0.01389,0.01941,1,1,-0.335,-0.378,in_circle
105.142,1,2294,0.00554,0.02020,0.0061,-0.0033,0.00984,0.01550,0.01948,1,1,-0.301,-0.327,in_circle
105.187,1,2295,0.00536,0.02033,-0.0039,0.0029,0.01045,0.01665,0.01946,1,1,-0.358,-0.322,in_circle
105.231,1,2296,0.00536,0.02022,-0.0000,-0.0027,0.01144,0.01539,0.01937,1,1,-0.317,-0.347,in_circle
105.274,1,2297,0.00563,0.02035,0.0063,0.0031,0.01115,0.01517,0.01965,1,1,-0.333,-0.325,in_circle
105.318,1,2298,0.00557,0.02025,-0.0013,-0.0023,0.01151,0.01573,0.01954,1,1,-0.359,-0.348,in_circle
105.363,1,2299,0.00549,0.02024,-0.0019,-0.0001,0.01122,0.01597,0.01948,1,1,-0.328,-0.326,in_circle
105.406,1,2300,0.00570,0.02022,0.0050,-0.0005,0.01203,0.01545,0.01961,1,1,-0.326,-0.335,in_circle
105.450,1,2301,0.00559,0.02016,-0.0027,-0.0014,0.01216,0.01458,0.01948,1,1,-0.354,-0.334,in_circle
105.495,1,2302,0.00555,0.02002,-0.0009,-0.0030,0.01162,0.01464,0.01936,1,1,-0.323,-0.330,in_circle
105.538,1,2303,0.00578,0.02051,0.0054,0.0112,0.01064,0.01497,0.01987,1,1,-0.330,-0.323,in_circle
105.583,1,2304,0.00581,0.02012,0.0008,-0.0086,0.00973,0.01415,0.01961,1,1,-0.356,-0.381,in_circle
105.628,1,2305,0.00603,0.02003,0.0048,-0.0019,0.00935,0.01570,0.01970,1,1,-0.337,-0.301,in_circle
105.671,1,2306,0.00616,0.02034,0.0032,0.0072,0.01218,0.01452,0.02002,1,1,-0.354,-0.328,in_circle
105.716,1,2307,0.00546,0.02029,-0.0156,-0.0011,0.00598,0.01311,0.01950,1,1,-0.348,-0.365,in_circle
105.759,1,2308,0.00535,0.02025,-0.0027,-0.0010,0.01056,0.01337,0.01939,1,1,-0.271,-0.331,in_circle
105.803,1,2309,0.00546,0.02002,0.0025,-0.0052,0.00794,0.01428,0.01930,1,1,-0.322,-0.332,in_circle
105.846,1,2310,0.00551,0.02034,0.0012,0.0074,0.00866,0.01521,0.01957,1,1,-0.343,-0.314,in_circle
105.891,1,2311,0.00560,0.02028,0.0020,-0.0015,0.00957,0.01537,0.01958,1,1,-0.338,-0.366,in_circle
105.934,1,2312,0.00568,0.02003,0.0019,-0.0059,0.00924,0.01544,0.01946,1,1,-0.341,-0.330,in_circle
105.979,1,2313,0.00521,0.01986,-0.0104,-0.0036,0.00917,0.01652,0.01901,1,1,-0.341,-0.312,in_circle
106.022,1,2314,0.00549,0.02023,0.0065,0.0085,0.00958,0.01468,0.01947,1,1,-0.291,-0.320,in_circle
106.111,1,2315,0.00553,0.02028,0.0004,0.0006,0.01000,0.01641,0.01954,1,1,-0.359,-0.370,in_circle
106.155,1,2316,0.00535,0.02031,-0.0041,0.0005,0.01019,0.01491,0.01943,1,1,-0.335,-0.338,in_circle
106.199,1,2317,0.00544,0.02032,0.0020,0.0002,0.01068,0.01515,0.01950,1,1,-0.316,-0.338,in_circle
106.242,1,2318,0.00548,0.02004,0.0011,-0.0064,0.01050,0.01547,0.01933,1,1,-0.341,-0.337,in_circle
106.287,1,2319,0.00522,0.02044,-0.0058,0.0087,0.01199,0.01553,0.01944,1,1,-0.337,-0.309,in_circle
106.332,1,2320,0.00599,0.01999,0.0174,-0.0101,0.01020,0.01511,0.01965,1,1,-0.309,-0.371,in_circle
106.375,1,2321,0.00625,0.02007,0.0062,0.0018,0.00938,0.01561,0.01989,1,1,-0.404,-0.294,in_circle
106.420,1,2322,0.00547,0.02030,-0.0173,0.0052,0.01153,0.01563,0.01951,1,1,-0.360,-0.342,in_circle
106.463,1,2323,0.00564,0.02036,0.0041,0.0014,0.00788,0.01352,0.01967,1,1,-0.264,-0.356,in_circle
106.507,1,2324,0.00562,0.02051,-0.0005,0.0034,0.01101,0.01338,0.01977,1,1,-0.350,-0.341,in_circle
106.550,1,2325,0.00554,0.02043,-0.0018,-0.0019,0.01172,0.01473,0.01965,1,1,-0.331,-0.350,in_circle
106.595,1,2326,0.00560,0.02021,0.0013,-0.0050,0.01065,0.01330,0.01953,1,1,-0.326,-0.328,in_circle
106.639,1,2327,0.00540,0.02032,-0.0046,0.0025,0.01000,0.01529,0.01947,1,1,-0.339,-0.315,in_circle
106.683,1,2328,0.00566,0.02032,0.0059,0.0002,0.01086,0.01423,0.01965,1,1,-0.314,-0.346,in_circle
106.727,1,2329,0.00560,0.02031,-0.0014,-0.0003,0.01088,0.01457,0.01960,1,1,-0.357,-0.336,in_circle
106.771,1,2330,0.00536,0.01992,-0.0054,-0.0088,0.00987,0.01524,0.01916,1,1,-0.328,-0.335,in_circle
106.814,1,2331,0.00550,0.01951,0.0032,-0.0095,0.00992,0.01497,0.01896,1,1,-0.311,-0.300,in_circle
106.860,1,2332,0.00557,0.02018,0.0016,0.0147,0.00984,0.01550,0.01949,1,1,-0.346,-0.296,in_circle
106.904,1,2333,0.00524,0.02023,-0.0075,0.0011,0.00996,0.01424,0.01930,1,1,-0.340,-0.394,in_circle
106.947,1,2334,0.00519,0.02058,-0.0011,0.0080,0.01003,0.01403,0.01952,1,1,-0.303,-0.340,in_circle
106.990,1,2335,0.00561,0.02019,0.0096,-0.0087,0.01077,0.01480,0.01952,1,1,-0.328,-0.369,in_circle
107.034,1,2336,0.00555,0.02031,-0.0014,0.0026,0.01209,0.01453,0.01956,1,1,-0.372,-0.301,in_circle
107.079,1,2337,0.00602,0.01990,0.0104,-0.0089,0.01162,0.01445,0.01960,1,1,-0.328,-0.346,in_circle
107.123,1,2338,0.00582,0.02049,-0.0045,0.0135,0.01003,0.01549,0.01988,1,1,-0.376,-0.299,in_circle
107.170,1,2339,0.00543,0.02031,-0.0083,-0.0038,0.01115,0.01552,0.01949,1,1,-0.316,-0.390,in_circle
107.211,1,2340,0.00573,0.02021,0.0073,-0.0024,0.00874,0.01337,0.01962,1,1,-0.300,-0.320,in_circle
107.255,1,2341,0.00537,0.02009,-0.0080,-0.0027,0.01179,0.01481,0.01929,1,1,-0.363,-0.326,in_circle
107.300,1,2342,0.00549,0.01994,0.0027,-0.0034,0.00974,0.01503,0.01926,1,1,-0.301,-0.325,in_circle
107.342,1,2343,0.00556,0.02023,0.0016,0.0068,0.01117,0.01515,0.01951,1,1,-0.344,-0.321,in_circle
107.387,1,2344,0.00527,0.01998,-0.0063,-0.0055,0.01025,0.01605,0.01914,1,1,-0.340,-0.363,in_circle
107.431,1,2345,0.00535,0.02036,0.0019,0.0089,0.01004,0.01532,0.01947,1,1,-0.307,-0.313,in_circle
107.475,1,2346,0.00556,0.02032,0.0047,-0.0009,0.00957,0.01473,0.01958,1,1,-0.340,-0.371,in_circle
107.520,1,2347,0.00546,0.02036,-0.0022,0.0008,0.00923,0.01615,0.01954,1,1,-0.352,-0.332,in_circle
107.564,1,2348,0.00567,0.02011,0.0048,-0.0056,0.01168,0.01551,0.01951,1,1,-0.324,-0.339,in_circle
107.607,1,2349,0.00576,0.02035,0.0020,0.0056,0.01070,0.01424,0.01974,1,1,-0.353,-0.313,in_circle
107.651,1,2350,0.00557,0.02029,-0.0042,-0.0013,0.01075,0.01599,0.01957,1,1,-0.342,-0.358,in_circle
107.695,1,2351,0.00575,0.02028,0.0040,-0.0001,0.01020,0.01474,0.01969,1,1,-0.317,-0.330,in_circle
107.739,1,2352,0.00542,0.02027,-0.0073,-0.0003,0.01066,0.01533,0.01945,1,1,-0.350,-0.335,in_circle
107.783,1,2353,0.00536,0.02021,-0.0015,-0.0013,0.01002,0.01585,0.01937,1,1,-0.304,-0.334,in_circle
107.827,1,2354,0.00592,0.02036,0.0128,0.0034,0.01027,0.01483,0.01986,1,1,-0.327,-0.330,in_circle
107.871,1,2355,0.00569,0.02041,-0.0052,0.0011,0.01049,0.01555,0.01974,1,1,-0.386,-0.349,in_circle
107.916,1,2356,0.00580,0.02038,0.0026,-0.0007,0.01014,0.01625,0.01979,1,1,-0.313,-0.341,in_circle
107.959,1,2357,0.00553,0.02021,-0.0063,-0.0039,0.00998,0.01515,0.01948,1,1,-0.344,-0.333,in_circle
108.002,1,2358,0.00539,0.02028,-0.0033,0.0016,0.00998,0.01593,0.01944,1,1,-0.308,-0.320,in_circle
108.046,1,2359,0.00564,0.02044,0.0057,0.0036,0.01121,0.01543,0.01973,1,1,-0.320,-0.342,in_circle
108.135,1,2360,0.00540,0.02054,-0.0027,0.0011,0.01087,0.01574,0.01964,1,1,-0.356,-0.351,in_circle
108.179,1,2361,0.00540,0.02018,-0.0001,-0.0081,0.01003,0.01549,0.01937,1,1,-0.322,-0.341,in_circle
108.224,1,2362,0.00529,0.02025,-0.0024,0.0014,0.01000,0.01529,0.01935,1,1,-0.332,-0.303,in_circle
108.267,1,2363,0.00576,0.02039,0.0109,0.0033,0.01033,0.01437,0.01977,1,1,-0.323,-0.341,in_circle
108.312,1,2364,0.00517,0.02010,-0.0129,-0.0064,0.00983,0.01513,0.01916,1,1,-0.378,-0.349,in_circle
108.354,1,2365,0.00538,0.02026,0.0050,0.0038,0.01116,0.01581,0.01942,1,1,-0.281,-0.310,in_circle
108.400,1,2366,0.00562,0.02002,0.0052,-0.0053,0.01086,0.01499,0.01941,1,1,-0.353,-0.351,in_circle
108.442,1,2367,0.00531,0.02021,-0.0074,0.0044,0.01029,0.01612,0.01933,1,1,-0.354,-0.314,in_circle
108.486,1,2368,0.00569,0.02010,0.0086,-0.0023,0.00920,0.01528,0.01952,1,1,-0.303,-0.353,in_circle
108.531,1,2369,0.00550,0.01972,-0.0041,-0.0085,0.01096,0.01508,0.01911,1,1,-0.368,-0.326,in_circle
108.576,1,2370,0.00514,0.02011,-0.0079,0.0086,0.00879,0.01547,0.01915,1,1,-0.317,-0.300,in_circle
108.619,1,2371,0.00558,0.02029,0.0102,0.0041,0.01026,0.01371,0.01957,1,1,-0.301,-0.370,in_circle
108.664,1,2372,0.00593,0.02045,0.0077,0.0035,0.00972,0.01471,0.01993,1,1,-0.374,-0.352,in_circle
108.708,1,2373,0.00538,0.01996,-0.0126,-0.0112,0.01075,0.01528,0.01920,1,1,-0.365,-0.350,in_circle
108.751,1,2374,0.00560,0.02024,0.0049,0.0064,0.01120,0.01419,0.01955,1,1,-0.283,-0.290,in_circle
108.797,1,2375,0.00589,0.02056,0.0064,0.0071,0.01170,0.01402,0.01998,1,1,-0.353,-0.361,in_circle
108.838,1,2376,0.00538,0.02029,-0.0124,-0.0064,0.00932,0.01435,0.01944,1,1,-0.360,-0.365,in_circle
108.882,1,2377,0.00541,0.02000,0.0008,-0.0067,0.01061,0.01428,0.01925,1,1,-0.283,-0.310,in_circle
108.926,1,2378,0.00553,0.02020,0.0028,0.0046,0.01123,0.01521,0.01948,1,1,-0.336,-0.308,in_circle
108.972,1,2379,0.00527,0.02012,-0.0058,-0.0017,0.01020,0.01495,0.01924,1,1,-0.344,-0.354,in_circle
109.015,1,2380,0.00626,0.02051,0.0231,0.0090,0.00974,0.01503,0.02021,1,1,-0.309,-0.329,in_circle
109.059,1,2381,0.00508,0.02036,-0.0267,-0.0035,0.01043,0.01588,0.01928,1,1,-0.428,-0.372,in_circle
109.103,1,2382,0.00559,0.02024,0.0118,-0.0027,0.01115,0.01552,0.01955,1,1,-0.225,-0.322,in_circle
109.147,1,2383,0.00530,0.02033,-0.0068,0.0021,0.01228,0.01396,0.01941,1,1,-0.381,-0.325,in_circle
109.192,1,2384,0.00556,0.02042,0.0058,0.0021,0.00922,0.01635,0.01966,1,1,-0.305,-0.344,in_circle
109.235,1,2385,0.00575,0.02022,0.0045,-0.0047,0.00952,0.01674,0.01964,1,1,-0.357,-0.345,in_circle
109.279,1,2386,0.00531,0.02004,-0.0100,-0.0041,0.01086,0.01499,0.01921,1,1,-0.352,-0.317,in_circle
109.324,1,2387,0.00523,0.01994,-0.0018,-0.0022,0.00998,0.01599,0.01908,1,1,-0.293,-0.319,in_circle
109.368,1,2388,0.00564,0.02014,0.0093,0.0045,0.00990,0.01405,0.01951,1,1,-0.325,-0.326,in_circle
109.412,1,2389,0.00533,0.02021,-0.0071,0.0015,0.00967,0.01605,0.01935,1,1,-0.371,-0.354,in_circle
109.455,1,2390,0.00520,0.02023,-0.0030,0.0004,0.01029,0.01612,0.01927,1,1,-0.304,-0.342,in_circle
109.499,1,2391,0.00593,0.02019,0.0168,-0.0008,0.01037,0.01437,0.01975,1,1,-0.321,-0.337,in_circle
109.543,1,2392,0.00553,0.02033,-0.0092,0.0030,0.00945,0.01428,0.01957,1,1,-0.401,-0.332,in_circle
109.586,1,2393,0.00565,0.02029,0.0029,-0.0008,0.01065,0.01556,0.01963,1,1,-0.296,-0.348,in_circle
109.631,1,2394,0.00558,0.02041,-0.0017,0.0027,0.01154,0.01471,0.01967,1,1,-0.345,-0.332,in_circle
109.675,1,2395,0.00595,0.02056,0.0084,0.0033,0.01053,0.01448,0.02002,1,1,-0.327,-0.347,in_circle
109.719,1,2396,0.00549,0.02021,-0.0104,-0.0078,0.01113,0.01446,0.01946,1,1,-0.368,-0.350,in_circle
109.763,1,2397,0.00537,0.02024,-0.0026,0.0005,0.01003,0.01577,0.01939,1,1,-0.292,-0.304,in_circle
109.807,1,2398,0.00564,0.02031,0.0062,0.0017,0.00983,0.01423,0.01963,1,1,-0.323,-0.338,in_circle
109.852,1,2399,0.00557,0.02046,-0.0016,0.0034,0.01019,0.01491,0.01969,1,1,-0.359,-0.342,in_circle
109.895,1,2400,0.00569,0.02029,0.0029,-0.0040,0.00914,0.01451,0.01965,1,1,-0.327,-0.350,in_circle
109.939,1,2401,0.00532,0.02019,-0.0086,-0.0022,0.01026,0.01371,0.01932,1,1,-0.345,-0.320,in_circle
109.982,1,2402,0.00555,0.02039,0.0054,0.0046,0.00973,0.01454,0.01962,1,1,-0.298,-0.327,in_circle
110.028,1,2403,0.00569,0.01991,0.0031,-0.0103,0.01038,0.01419,0.01937,1,1,-0.355,-0.354,in_circle
110.071,1,2404,0.00532,0.02020,-0.0087,0.0068,0.00992,0.01524,0.01933,1,1,-0.346,-0.293,in_circle
110.158,1,2405,0.00605,0.02049,0.0083,0.0033,0.00876,0.01454,0.02004,1,1,-0.298,-0.363,in_circle
110.204,1,2406,0.00541,0.02017,-0.0140,-0.0070,0.00881,0.01398,0.01937,1,1,-0.368,-0.349,in_circle
110.247,1,2407,0.00562,0.02041,0.0050,0.0055,0.01066,0.01511,0.01969,1,1,-0.277,-0.308,in_circle
110.291,1,2408,0.00551,0.01961,-0.0025,-0.0184,0.01052,0.01529,0.01904,1,1,-0.354,-0.358,in_circle
110.336,1,2409,0.00545,0.02035,-0.0015,0.0164,0.01014,0.01625,0.01953,1,1,-0.323,-0.261,in_circle
110.378,1,2410,0.00561,0.02035,0.0038,0.0000,0.00984,0.01604,0.01964,1,1,-0.327,-0.401,in_circle
110.423,1,2411,0.00598,0.01988,0.0083,-0.0106,0.00576,0.01369,0.01956,1,1,-0.349,-0.336,in_circle
110.468,1,2412,0.00524,0.02031,-0.0167,0.0096,0.01336,0.01652,0.01936,1,1,-0.368,-0.292,in_circle
110.513,1,2413,0.00576,0.02015,0.0115,-0.0036,0.01057,0.01582,0.01959,1,1,-0.266,-0.374,in_circle
110.556,1,2414,0.00536,0.02042,-0.0091,0.0062,0.00938,0.01561,0.01952,1,1,-0.380,-0.321,in_circle
110.599,1,2415,0.00520,0.02010,-0.0037,-0.0075,0.01319,0.01705,0.01918,1,1,-0.297,-0.361,in_circle
110.643,1,2416,0.00542,0.02015,0.0049,0.0013,0.01032,0.01554,0.01936,1,1,-0.318,-0.305,in_circle
110.687,1,2417,0.00539,0.02019,-0.0006,0.0009,0.01324,0.01561,0.01938,1,1,-0.353,-0.341,in_circle
110.730,1,2418,0.00526,0.02002,-0.0031,-0.0039,0.01007,0.01623,0.01916,1,1,-0.331,-0.339,in_circle
110.776,1,2419,0.00543,0.02019,0.0037,0.0037,0.01096,0.01575,0.01940,1,1,-0.320,-0.319,in_circle
110.820,1,2420,0.00588,0.02013,0.0102,-0.0015,0.00968,0.01587,0.01966,1,1,-0.348,-0.350,in_circle
110.866,1,2421,0.00559,0.02030,-0.0061,0.0037,0.01021,0.01603,0.01959,1,1,-0.375,-0.329,in_circle
110.908,1,2422,0.00533,0.02017,-0.0062,-0.0030,0.00967,0.01605,0.01932,1,1,-0.309,-0.350,in_circle
110.950,1,2423,0.00559,0.02037,0.0060,0.0046,0.01078,0.01433,0.01964,1,1,-0.308,-0.323,in_circle
110.994,1,2424,0.00521,0.02015,-0.0086,-0.0052,0.01163,0.01560,0.01922,1,1,-0.357,-0.354,in_circle
111.040,1,2425,0.00548,0.02016,0.0059,0.0003,0.00935,0.01507,0.01941,1,1,-0.298,-0.315,in_circle
111.082,1,2426,0.00569,0.02035,0.0050,0.0045,0.01106,0.01543,0.01970,1,1,-0.357,-0.336,in_circle
111.128,1,2427,0.00563,0.02034,-0.0015,-0.0003,0.01162,0.01464,0.01964,1,1,-0.354,-0.354,in_circle
111.171,1,2428,0.00523,0.02001,-0.0091,-0.0075,0.01122,0.01555,0.01913,1,1,-0.328,-0.335,in_circle
111.215,1,2429,0.00564,0.02034,0.0093,0.0074,0.01031,0.01485,0.01965,1,1,-0.296,-0.305,in_circle
111.259,1,2430,0.00561,0.02036,-0.0007,0.0005,0.01020,0.01511,0.01965,1,1,-0.371,-0.365,in_circle
111.303,1,2431,0.00585,0.01987,0.0054,-0.0111,0.00987,0.01524,0.01946,1,1,-0.331,-0.338,in_circle
111.348,1,2432,0.00574,0.02038,-0.0023,0.0115,0.01250,0.01489,0.01975,1,1,-0.356,-0.290,in_circle
111.391,1,2433,0.00551,0.02034,-0.0054,-0.0009,0.01019,0.01422,0.01957,1,1,-0.325,-0.382,in_circle
111.435,1,2434,0.00529,0.01992,-0.0049,-0.0094,0.00825,0.01476,0.01911,1,1,-0.312,-0.332,in_circle
111.479,1,2435,0.00565,0.02028,0.0082,0.0084,0.01128,0.01407,0.01962,1,1,-0.313,-0.297,in_circle
111.525,1,2436,0.00532,0.02031,-0.0072,0.0005,0.00926,0.01311,0.01941,1,1,-0.366,-0.369,in_circle
111.567,1,2437,0.00515,0.02021,-0.0039,-0.0023,0.01002,0.01437,0.01922,1,1,-0.304,-0.338,in_circle
111.612,1,2438,0.00548,0.02034,0.0073,0.0030,0.01134,0.01580,0.01955,1,1,-0.317,-0.326,in_circle
111.655,1,2439,0.00568,0.02013,0.0046,-0.0050,0.00903,0.01546,0.01953,1,1,-0.362,-0.348,in_circle
111.700,1,2440,0.00526,0.02014,-0.0094,0.0002,0.01037,0.01437,0.01925,1,1,-0.352,-0.315,in_circle
111.742,1,2441,0.00526,0.02019,-0.0001,0.0011,0.01123,0.01521,0.01928,1,1,-0.295,-0.336,in_circle
111.787,1,2442,0.00544,0.02032,0.0041,0.0029,0.01082,0.01498,0.01950,1,1,-0.332,-0.340,in_circle
111.832,1,2443,0.00546,0.01988,0.0005,-0.0097,0.00978,0.01414,0.01920,1,1,-0.350,-0.347,in_circle
111.875,1,2444,0.00542,0.01995,-0.0012,0.0018,0.00905,0.01582,0.01922,1,1,-0.335,-0.296,in_circle
111.920,1,2445,0.00591,0.02066,0.0110,0.0156,0.01000,0.01568,0.02007,1,1,-0.328,-0.342,in_circle
111.965,1,2446,0.00518,0.01994,-0.0162,-0.0159,0.00915,0.01448,0.01905,1,1,-0.378,-0.399,in_circle
112.007,1,2447,0.00537,0.02014,0.0044,0.0046,0.00953,0.01602,0.01932,1,1,-0.268,-0.271,in_circle
112.050,1,2448,0.00543,0.01982,0.0014,-0.0074,0.01274,0.01504,0.01913,1,1,-0.350,-0.354,in_circle
112.095,1,2449,0.00562,0.02021,0.0043,0.0088,0.00656,0.01570,0.01955,1,1,-0.339,-0.305,in_circle
112.183,1,2450,0.00530,0.02027,-0.0036,0.0006,0.00865,0.01409,0.01937,1,1,-0.351,-0.371,in_circle
112.228,1,2451,0.00577,0.02020,0.0102,-0.0015,0.00967,0.01605,0.01964,1,1,-0.318,-0.338,in_circle
112.271,1,2452,0.00554,0.02039,-0.0052,0.0044,0.01075,0.01541,0.01962,1,1,-0.375,-0.329,in_circle
112.316,1,2453,0.00553,0.02031,-0.0003,-0.0017,0.01057,0.01518,0.01956,1,1,-0.313,-0.354,in_circle
112.360,1,2454,0.00514,0.02022,-0.0087,-0.0021,0.01046,0.01384,0.01923,1,1,-0.332,-0.329,in_circle
112.404,1,2455,0.00568,0.02035,0.0121,0.0031,0.01090,0.01499,0.01969,1,1,-0.298,-0.327,in_circle
112.447,1,2456,0.00518,0.02009,-0.0115,-0.0062,0.01077,0.01500,0.01916,1,1,-0.382,-0.348,in_circle
112.491,1,2457,0.00555,0.02015,0.0085,0.0014,0.01209,0.01595,0.01945,1,1,-0.286,-0.310,in_circle
112.534,1,2458,0.00580,0.02037,0.0056,0.0052,0.01204,0.01470,0.01978,1,1,-0.367,-0.341,in_circle
112.580,1,2459,0.00541,0.02023,-0.0084,-0.0030,0.00957,0.01473,0.01942,1,1,-0.357,-0.357,in_circle
112.624,1,2460,0.00564,0.02004,0.0051,-0.0044,0.00998,0.01515,0.01944,1,1,-0.300,-0.324,in_circle
112.669,1,2461,0.00541,0.01995,-0.0051,-0.0021,0.01092,0.01413,0.01921,1,1,-0.354,-0.318,in_circle
112.712,1,2462,0.00579,0.02045,0.0088,0.0117,0.01152,0.01482,0.01983,1,1,-0.313,-0.326,in_circle
112.755,1,2463,0.00561,0.02030,-0.0040,-0.0035,0.01072,0.01482,0.01960,1,1,-0.369,-0.383,in_circle
112.800,1,2464,0.00567,0.02024,0.0013,-0.0012,0.01020,0.01533,0.01960,1,1,-0.318,-0.322,in_circle
112.843,1,2465,0.00565,0.02022,-0.0003,-0.0006,0.01097,0.01429,0.01957,1,1,-0.339,-0.331,in_circle
112.887,1,2466,0.00529,0.01992,-0.0082,-0.0068,0.01058,0.01564,0.01911,1,1,-0.332,-0.333,in_circle
112.931,1,2467,0.00595,0.02016,0.0150,0.0054,0.01080,0.01388,0.01974,1,1,-0.300,-0.308,in_circle
112.976,1,2468,0.00555,0.02034,-0.0090,0.0041,0.01049,0.01555,0.01959,1,1,-0.394,-0.357,in_circle
113.021,1,2469,0.00518,0.02024,-0.0081,-0.0022,0.00978,0.01497,0.01927,1,1,-0.298,-0.352,in_circle
113.063,1,2470,0.00553,0.01998,0.0082,-0.0061,0.01179,0.01299,0.01932,1,1,-0.300,-0.327,in_circle
113.108,1,2471,0.00508,0.02039,-0.0100,0.0091,0.01003,0.01549,0.01931,1,1,-0.366,-0.311,in_circle
113.152,1,2472,0.00582,0.02024,0.0169,-0.0034,0.00927,0.01452,0.01970,1,1,-0.292,-0.372,in_circle
113.194,1,2473,0.00556,0.02046,-0.0062,0.0052,0.01068,0.01445,0.01968,1,1,-0.402,-0.322,in_circle
113.239,1,2474,0.00548,0.02022,-0.0017,-0.0051,0.01041,0.01579,0.01946,1,1,-0.309,-0.357,in_circle
113.284,1,2475,0.00595,0.02033,0.0104,0.0025,0.01060,0.01389,0.01986,1,1,-0.327,-0.315,in_circle
113.328,1,2476,0.00566,0.02002,-0.0067,-0.0072,0.00930,0.01438,0.01943,1,1,-0.376,-0.346,in_circle
113.373,1,2477,0.00554,0.02032,-0.0026,0.0066,0.00891,0.01561,0.01957,1,1,-0.307,-0.306,in_circle
113.416,1,2478,0.00596,0.02015,0.0096,-0.0039,0.00892,0.01484,0.01973,1,1,-0.323,-0.362,in_circle
113.459,1,2479,0.00556,0.02054,-0.0092,0.0092,0.00906,0.01576,0.01975,1,1,-0.373,-0.320,in_circle
113.503,1,2480,0.00558,0.02010,0.0005,-0.0102,0.01030,0.01456,0.01944,1,1,-0.297,-0.373,in_circle
113.549,1,2481,0.00518,0.02001,-0.0089,-0.0020,0.01135,0.01497,0.01909,1,1,-0.336,-0.295,in_circle
113.590,1,2482,0.00561,0.02015,0.0104,0.0035,0.01160,0.01466,0.01949,1,1,-0.297,-0.327,in_circle
113.636,1,2483,0.00602,0.02024,0.0090,0.0018,0.00910,0.01405,0.01984,1,1,-0.375,-0.349,in_circle
113.681,1,2484,0.00512,0.02040,-0.0201,0.0037,0.00935,0.01633,0.01935,1,1,-0.371,-0.343,in_circle
113.723,1,2485,0.00560,0.02022,0.0114,-0.0041,0.00781,0.01391,0.01954,1,1,-0.252,-0.351,in_circle
113.769,1,2486,0.00492,0.02020,-0.0149,-0.0004,0.00951,0.01579,0.01907,1,1,-0.379,-0.319,in_circle
113.813,1,2487,0.00570,0.02048,0.0178,0.0062,0.00993,0.01513,0.01979,1,1,-0.272,-0.334,in_circle
113.856,1,2488,0.00569,0.01973,-0.0002,-0.0173,0.00982,0.01497,0.01925,1,1,-0.405,-0.361,in_circle
113.901,1,2489,0.00541,0.02021,-0.0061,0.0107,0.01086,0.01568,0.01940,1,1,-0.333,-0.265,in_circle
113.945,1,2490,0.00531,0.02036,-0.0022,0.0033,0.01009,0.01505,0.01945,1,1,-0.309,-0.378,in_circle
113.987,1,2491,0.00544,0.02032,0.0030,-0.0009,0.00914,0.01406,0.01950,1,1,-0.324,-0.349,in_circle
114.033,1,2492,0.00549,0.02027,0.0010,-0.0012,0.01331,0.01709,0.01950,1,1,-0.345,-0.332,in_circle
114.077,1,2493,0.00545,0.02031,-0.0008,0.0009,0.01145,0.01355,0.01950,1,1,-0.337,-0.331,in_circle
114.120,1,2494,0.00548,0.02001,0.0006,-0.0069,0.01313,0.01541,0.01930,1,1,-0.330,-0.339,in_circle
114.210,1,2495,0.00528,0.01998,-0.0022,-0.0003,0.01274,0.01582,0.01915,1,1,-0.336,-0.307,in_circle
114.253,1,2496,0.00538,0.02011,0.0024,0.0029,0.01208,0.01412,0.01931,1,1,-0.324,-0.334,in_circle
114.296,1,2497,0.00539,0.02030,0.0002,0.0044,0.00919,0.01585,0.01945,1,1,-0.343,-0.347,in_circle
114.339,1,2498,0.00560,0.02041,0.0049,0.0026,0.01045,0.01544,0.01968,1,1,-0.334,-0.354,in_circle
114.384,1,2499,0.00543,0.02018,-0.0038,-0.0052,0.00983,0.01474,0.01940,1,1,-0.353,-0.346,in_circle
114.429,1,2500,0.00531,0.02013,-0.0028,-0.0012,0.01059,0.01537,0.01927,1,1,-0.318,-0.315,in_circle
114.472,1,2501,0.00561,0.02032,0.0070,0.0044,0.01025,0.01605,0.01962,1,1,-0.322,-0.330,in_circle
114.519,1,2502,0.00495,0.02008,-0.0144,-0.0052,0.00942,0.01526,0.01899,1,1,-0.362,-0.353,in_circle
114.563,1,2503,0.00527,0.02034,0.0071,0.0060,0.00906,0.01526,0.01941,1,1,-0.274,-0.314,in_circle
114.605,1,2504,0.00544,0.02031,0.0040,-0.0008,0.00920,0.01528,0.01950,1,1,-0.361,-0.360,in_circle
114.649,1,2505,0.00531,0.02008,-0.0030,-0.0054,0.00954,0.01641,0.01924,1,1,-0.349,-0.333,in_circle
114.691,1,2506,0.00542,0.01997,0.0025,-0.0025,0.01064,0.01483,0.01923,1,1,-0.321,-0.314,in_circle
114.735,1,2507,0.00554,0.02028,0.0028,0.0071,0.01106,0.01468,0.01954,1,1,-0.343,-0.325,in_circle
114.779,1,2508,0.00539,0.02029,-0.0035,0.0003,0.00994,0.01548,0.01945,1,1,-0.345,-0.364,in_circle
114.823,1,2509,0.00536,0.02031,-0.0005,0.0004,0.01053,0.01576,0.01944,1,1,-0.319,-0.337,in_circle
114.869,1,2510,0.00538,0.02028,0.0004,-0.0006,0.01102,0.01520,0.01943,1,1,-0.331,-0.337,in_circle
114.913,1,2511,0.00543,0.02012,0.0012,-0.0037,0.01073,0.01391,0.01935,1,1,-0.335,-0.333,in_circle
114.955,1,2512,0.00543,0.01996,0.0000,-0.0039,0.00972,0.01565,0.01923,1,1,-0.338,-0.321,in_circle
115.000,1,2513,0.00558,0.02009,0.0033,0.0031,0.01047,0.01494,0.01943,1,1,-0.333,-0.319,in_circle
115.044,1,2514,0.00589,0.02024,0.0071,0.0033,0.01112,0.01436,0.01975,1,1,-0.346,-0.347,in_circle
115.086,1,2515,0.00576,0.02018,-0.0029,-0.0013,0.00983,0.01533,0.01962,1,1,-0.363,-0.349,in_circle
115.131,1,2516,0.00510,0.02005,-0.0146,-0.0030,0.00875,0.01565,0.01907,1,1,-0.322,-0.330,in_circle
115.177,1,2517,0.00515,0.02040,0.0011,0.0077,0.00905,0.01582,0.01936,1,1,-0.274,-0.323,in_circle
115.221,1,2518,0.00520,0.02018,0.0012,-0.0049,0.01010,0.01452,0.01924,1,1,-0.337,-0.367,in_circle
115.263,1,2519,0.00532,0.02023,0.0028,0.0011,0.01008,0.01597,0.01935,1,1,-0.337,-0.316,in_circle
115.309,1,2520,0.00520,0.02044,-0.0025,0.0046,0.01058,0.01500,0.01943,1,1,-0.344,-0.340,in_circle
115.352,1,2521,0.00534,0.02005,0.0032,-0.0090,0.01003,0.01549,0.01924,1,1,-0.322,-0.354,in_circle
115.396,1,2522,0.00522,0.01994,-0.0027,-0.0026,0.01066,0.01470,0.01907,1,1,-0.346,-0.299,in_circle
115.438,1,2523,0.00558,0.01984,0.0085,-0.0023,0.01089,0.01513,0.01925,1,1,-0.322,-0.324,in_circle
115.483,1,2524,0.00537,0.02022,-0.0046,0.0086,0.00981,0.01352,0.01939,1,1,-0.368,-0.325,in_circle
115.528,1,2525,0.00536,0.01988,-0.0003,-0.0077,0.00905,0.01582,0.01913,1,1,-0.315,-0.370,in_circle
115.573,1,2526,0.00555,0.02004,0.0043,0.0037,0.00964,0.01431,0.01938,1,1,-0.332,-0.304,in_circle
115.616,1,2527,0.00557,0.02020,0.0004,0.0036,0.01095,0.01478,0.01950,1,1,-0.351,-0.350,in_circle
115.661,1,2528,0.00539,0.02019,-0.0041,-0.0003,0.00810,0.01282,0.01937,1,1,-0.335,-0.350,in_circle
115.706,1,2529,0.00526,0.02018,-0.0029,-0.0000,0.01057,0.01518,0.01928,1,1,-0.316,-0.334,in_circle
115.747,1,2530,0.00534,0.02020,0.0019,0.0005,0.00908,0.01358,0.01935,1,1,-0.321,-0.335,in_circle
115.791,1,2531,0.00564,0.02039,0.0071,0.0042,0.01153,0.01459,0.01969,1,1,-0.340,-0.337,in_circle
115.839,1,2532,0.00571,0.02028,0.0013,-0.0023,0.00961,0.01445,0.01965,1,1,-0.362,-0.353,in_circle
115.880,1,2533,0.00536,0.02014,-0.0084,-0.0034,0.00992,0.01497,0.01932,1,1,-0.339,-0.326,in_circle
115.923,1,2534,0.00596,0.02003,0.0137,-0.0025,0.01086,0.01478,0.01965,1,1,-0.299,-0.322,in_circle
115.968,1,2535,0.00510,0.02015,-0.0190,0.0027,0.00946,0.01502,0.01915,1,1,-0.389,-0.325,in_circle
116.011,1,2536,0.00546,0.01999,0.0085,-0.0037,0.01041,0.01539,0.01928,1,1,-0.256,-0.346,in_circle
116.056,1,2537,0.00551,0.02023,0.0011,0.0051,0.01075,0.01371,0.01948,1,1,-0.367,-0.320,in_circle
116.098,1,2538,0.00567,0.02036,0.0037,0.0033,0.00968,0.01548,0.01969,1,1,-0.338,-0.356,in_circle
116.143,1,2539,0.00511,0.02046,-0.0124,0.0021,0.01053,0.01415,0.01938,1,1,-0.349,-0.349,in_circle
116.230,1,2540,0.00590,0.02039,0.0090,-0.0008,0.01170,0.01541,0.01987,1,1,-0.283,-0.345,in_circle
116.275,1,2541,0.00575,0.02046,-0.0033,0.0015,0.01219,0.01560,0.01982,1,1,-0.370,-0.333,in_circle
116.319,1,2542,0.00572,0.01986,-0.0008,-0.0136,0.00953,0.01585,0.01936,1,1,-0.321,-0.342,in_circle
116.364,1,2543,0.00538,0.02014,-0.0073,0.0060,0.01140,0.01469,0.01933,1,1,-0.331,-0.280,in_circle
116.407,1,2544,0.00514,0.02004,-0.0057,-0.0023,0.01065,0.01556,0.01910,1,1,-0.304,-0.360,in_circle
116.451,1,2545,0.00563,0.02015,0.0111,0.0025,0.00793,0.01373,0.01951,1,1,-0.310,-0.326,in_circle
116.495,1,2546,0.00561,0.01990,-0.0006,-0.0058,0.01066,0.01462,0.01931,1,1,-0.378,-0.345,in_circle
116.538,1,2547,0.00572,0.02027,0.0026,0.0085,0.01065,0.01556,0.01966,1,1,-0.331,-0.311,in_circle
116.583,1,2548,0.00559,0.02019,-0.0029,-0.0019,0.01050,0.01515,0.01951,1,1,-0.344,-0.370,in_circle
116.629,1,2549,0.00550,0.02029,-0.0019,0.0022,0.00957,0.01473,0.01952,1,1,-0.322,-0.328,in_circle
116.672,1,2550,0.00563,0.02016,0.0029,-0.0029,0.01003,0.01583,0.01952,1,1,-0.326,-0.345,in_circle
116.717,1,2551,0.00545,0.02012,-0.0040,-0.0009,0.01032,0.01601,0.01936,1,1,-0.345,-0.324,in_circle
116.761,1,2552,0.00524,0.02022,-0.0048,0.0022,0.01028,0.01411,0.01929,1,1,-0.317,-0.332,in_circle
116.805,1,2553,0.00553,0.02023,0.0067,0.0003,0.01009,0.01550,0.01950,1,1,-0.313,-0.344,in_circle
116.847,1,2554,0.00552,0.02017,-0.0002,-0.0014,0.01097,0.01530,0.01945,1,1,-0.360,-0.337,in_circle
116.891,1,2555,0.00542,0.02022,-0.0024,0.0012,0.01097,0.01370,0.01941,1,1,-0.333,-0.330,in_circle
116.936,1,2556,0.00543,0.02018,0.0003,-0.0009,0.01126,0.01529,0.01940,1,1,-0.323,-0.340,in_circle
116.979,1,2557,0.00532,0.01969,-0.0025,-0.0114,0.00988,0.01581,0.01897,1,1,-0.334,-0.332,in_circle
117.023,1,2558,0.00541,0.02007,0.0020,0.0084,0.01141,0.01482,0.01930,1,1,-0.323,-0.289,in_circle
117.067,1,2559,0.00585,0.02003,0.0100,-0.0008,0.01068,0.01454,0.01958,1,1,-0.341,-0.369,in_circle
117.112,1,2560,0.00500,0.02034,-0.0189,0.0068,0.00905,0.01582,0.01922,1,1,-0.374,-0.332,in_circle
117.156,1,2561,0.00533,0.02043,0.0075,0.0022,0.01040,0.01517,0.01951,1,1,-0.257,-0.363,in_circle
117.198,1,2562,0.00526,0.02018,-0.0016,-0.0060,0.01079,0.01509,0.01927,1,1,-0.363,-0.345,in_circle
117.242,1,2563,0.00537,0.02011,0.0026,-0.0014,0.00987,0.01699,0.01931,1,1,-0.326,-0.312,in_circle
117.288,1,2564,0.00547,0.02029,0.0022,0.0039,0.01010,0.01622,0.01950,1,1,-0.343,-0.330,in_circle
117.331,1,2565,0.00559,0.02038,0.0027,0.0021,0.01048,0.01729,0.01965,1,1,-0.342,-0.351,in_circle
117.376,1,2566,0.00521,0.02024,-0.0084,-0.0030,0.01091,0.01771,0.01929,1,1,-0.344,-0.344,in_circle
117.419,1,2567,0.00554,0.02019,0.0078,-0.0013,0.00969,0.01655,0.01948,1,1,-0.299,-0.324,in_circle
117.463,1,2568,0.00528,0.02010,-0.0060,-0.0021,0.00990,0.01715,0.01923,1,1,-0.364,-0.330,in_circle
117.507,1,2569,0.00531,0.02011,0.0008,0.0003,0.01011,0.01601,0.01926,1,1,-0.309,-0.327,in_circle
117.552,1,2570,0.00557,0.02025,0.0058,0.0033,0.01078,0.01483,0.01954,1,1,-0.336,-0.336,in_circle
117.597,1,2571,0.00560,0.02033,0.0008,0.0018,0.00942,0.01526,0.01962,1,1,-0.356,-0.349,in_circle
117.639,1,2572,0.00562,0.02032,0.0003,-0.0003,0.00963,0.01599,0.01962,1,1,-0.337,-0.343,in_circle
117.683,1,2573,0.00530,0.01997,-0.0072,-0.0078,0.00936,0.01531,0.01915,1,1,-0.335,-0.334,in_circle
117.727,1,2574,0.00556,0.02000,0.0061,0.0006,0.01039,0.01671,0.01935,1,1,-0.304,-0.304,in_circle
117.771,1,2575,0.00521,0.02032,-0.0080,0.0073,0.01039,0.01548,0.01935,1,1,-0.358,-0.337,in_circle
117.815,1,2576,0.00518,0.02026,-0.0007,-0.0013,0.01005,0.01488,0.01928,1,1,-0.301,-0.365,in_circle
117.860,1,2577,0.00560,0.02018,0.0093,-0.0018,0.00896,0.01568,0.01951,1,1,-0.329,-0.331,in_circle
117.903,1,2578,0.00533,0.02026,-0.0064,0.0017,0.01245,0.01448,0.01938,1,1,-0.371,-0.328,in_circle
117.947,1,2579,0.00527,0.02026,-0.0013,0.0002,0.01274,0.01410,0.01934,1,1,-0.307,-0.343,in_circle
117.990,1,2580,0.00559,0.02009,0.0074,-0.0040,0.01189,0.01572,0.01944,1,1,-0.327,-0.336,in_circle
118.036,1,2581,0.00538,0.02034,-0.0046,0.0054,0.01124,0.01520,0.01947,1,1,-0.363,-0.319,in_circle
118.078,1,2582,0.00531,0.02037,-0.0016,0.0008,0.01137,0.01461,0.01945,1,1,-0.314,-0.357,in_circle
118.123,1,2583,0.00564,0.02008,0.0075,-0.0066,0.01061,0.01458,0.01946,1,1,-0.326,-0.339,in_circle
118.167,1,2584,0.00525,0.02025,-0.0088,0.0038,0.01004,0.01492,0.01932,1,1,-0.364,-0.309,in_circle
118.255,1,2585,0.00558,0.02030,0.0038,0.0006,0.01102,0.01441,0.01958,1,1,-0.297,-0.351,in_circle
118.300,1,2586,0.00537,0.01997,-0.0046,-0.0072,0.01059,0.01564,0.01920,1,1,-0.349,-0.338,in_circle
118.342,1,2587,0.00594,0.02047,0.0137,0.0119,0.00985,0.01568,0.01996,1,1,-0.314,-0.306,in_circle
118.387,1,2588,0.00520,0.02027,-0.0167,-0.0045,0.00928,0.01426,0.01930,1,1,-0.389,-0.384,in_circle
118.431,1,2589,0.00566,0.02028,0.0104,0.0004,0.00984,0.01550,0.01962,1,1,-0.266,-0.318,in_circle
118.475,1,2590,0.00567,0.01981,0.0002,-0.0106,0.01247,0.01375,0.01929,1,1,-0.375,-0.337,in_circle
118.520,1,2591,0.00539,0.02032,-0.0062,0.0115,0.00939,0.01539,0.01947,1,1,-0.334,-0.292,in_circle
118.563,1,2592,0.00512,0.02035,-0.0062,0.0008,0.01198,0.01310,0.01931,1,1,-0.308,-0.382,in_circle
118.609,1,2593,0.00578,0.02038,0.0145,0.0006,0.00730,0.01340,0.01978,1,1,-0.308,-0.339,in_circle
118.653,1,2594,0.00532,0.02016,-0.0104,-0.0050,0.01294,0.01396,0.01931,1,1,-0.392,-0.338,in_circle
118.696,1,2595,0.00538,0.02026,0.0013,0.0024,0.00994,0.01309,0.01942,1,1,-0.291,-0.315,in_circle
118.742,1,2596,0.00503,0.02041,-0.0077,0.0031,0.01134,0.01432,0.01929,1,1,-0.338,-0.345,in_circle
118.783,1,2597,0.00572,0.02029,0.0168,-0.0028,0.00896,0.01455,0.01967,1,1,-0.301,-0.348,in_circle
118.829,1,2598,0.00532,0.02014,-0.0088,-0.0033,0.00846,0.01434,0.01928,1,1,-0.401,-0.324,in_circle
118.871,1,2599,0.00529,0.02026,-0.0005,0.0029,0.00920,0.01528,0.01936,1,1,-0.298,-0.322,in_circle
118.916,1,2600,0.00509,0.01990,-0.0047,-0.0081,0.01149,0.01211,0.01895,1,1,-0.331,-0.347,in_circle
118.961,1,2601,0.00542,0.02024,0.0074,0.0076,0.01003,0.01549,0.01943,1,1,-0.313,-0.302,in_circle
119.003,1,2602,0.00532,0.02036,-0.0023,0.0030,0.00956,0.01551,0.01946,1,1,-0.363,-0.366,in_circle
119.048,1,2603,0.00531,0.02021,-0.0004,-0.0033,0.00924,0.01472,0.01933,1,1,-0.323,-0.348,in_circle
119.091,1,2604,0.00541,0.02075,0.0025,0.0125,0.01133,0.01590,0.01981,1,1,-0.331,-0.322,in_circle
119.134,1,2605,0.00548,0.02016,0.0016,-0.0137,0.00978,0.01545,0.01941,1,1,-0.343,-0.387,in_circle
119.179,1,2606,0.00515,0.02046,-0.0074,0.0066,0.01149,0.01609,0.01941,1,1,-0.340,-0.281,in_circle
119.225,1,2607,0.00553,0.02034,0.0084,-0.0026,0.01094,0.01518,0.01958,1,1,-0.303,-0.363,in_circle
119.269,1,2608,0.00571,0.02008,0.0039,-0.0059,0.00943,0.01537,0.01951,1,1,-0.367,-0.326,in_circle
119.312,1,2609,0.00523,0.02012,-0.0110,0.0008,0.01038,0.01494,0.01921,1,1,-0.350,-0.312,in_circle
119.356,1,2610,0.00517,0.02020,-0.0013,0.0019,0.01031,0.01473,0.01924,1,1,-0.289,-0.339,in_circle
119.400,1,2611,0.00594,0.02035,0.0173,0.0035,0.01055,0.01324,0.01987,1,1,-0.327,-0.343,in_circle
119.443,1,2612,0.00558,0.02038,-0.0083,0.0005,0.01037,0.01437,0.01964,1,1,-0.403,-0.350,in_circle
119.486,1,2613,0.00530,0.02013,-0.0066,-0.0057,0.01042,0.01549,0.01927,1,1,-0.300,-0.338,in_circle
119.531,1,2614,0.00542,0.02000,0.0026,-0.0030,0.01118,0.01308,0.01925,1,1,-0.306,-0.313,in_circle
119.575,1,2615,0.00534,0.02035,-0.0016,0.0082,0.01019,0.01491,0.01946,1,1,-0.343,-0.323,in_circle
119.621,1,2616,0.00531,0.01992,-0.0007,-0.0094,0.00990,0.01625,0.01912,1,1,-0.326,-0.369,in_circle
119.664,1,2617,0.00536,0.02028,0.0010,0.0082,0.01035,0.01603,0.01941,1,1,-0.330,-0.297,in_circle
119.707,1,2618,0.00509,0.02029,-0.0064,0.0003,0.01055,0.01519,0.01924,1,1,-0.337,-0.369,in_circle
119.751,1,2619,0.00544,0.02029,0.0079,-0.0001,0.00844,0.01413,0.01948,1,1,-0.307,-0.337,in_circle
119.796,1,2620,0.00589,0.02026,0.0101,-0.0006,0.01125,0.01503,0.01977,1,1,-0.365,-0.335,in_circle
119.840,1,2621,0.00531,0.02012,-0.0131,-0.0031,0.00986,0.01511,0.01927,1,1,-0.375,-0.333,in_circle
119.883,1,2622,0.00548,0.02018,0.0038,0.0014,0.00958,0.01516,0.01942,1,1,-0.280,-0.323,in_circle
119.927,1,2623,0.00558,0.02028,0.0024,0.0022,0.00997,0.01426,0.01957,1,1,-0.348,-0.341,in_circle
119.972,1,2624,0.00573,0.02015,0.0033,-0.0030,0.00984,0.01623,0.01958,1,1,-0.343,-0.344,in_circle
120.016,1,2625,0.00542,0.02025,-0.0072,0.0024,0.00982,0.01564,0.01944,1,1,-0.347,-0.324,in_circle
120.062,1,2626,0.00531,0.02017,-0.0023,-0.0017,0.00935,0.01495,0.01931,1,1,-0.304,-0.345,in_circle
120.105,1,2627,0.00594,0.02041,0.0147,0.0055,0.01047,0.01548,0.01991,1,1,-0.324,-0.329,in_circle
120.148,1,2628,0.00519,0.02031,-0.0173,-0.0022,0.00971,0.01497,0.01933,1,1,-0.393,-0.358,in_circle
120.191,1,2629,0.00540,0.02011,0.0048,-0.0047,0.00951,0.01423,0.01932,1,1,-0.263,-0.327,in_circle
120.279,1,2630,0.00539,0.02013,-0.0001,0.0002,0.00944,0.01706,0.01933,1,1,-0.352,-0.317,in_circle
120.324,1,2631,0.00545,0.02042,0.0013,0.0064,0.00874,0.01872,0.01958,1,1,-0.333,-0.336,in_circle
120.368,1,2632,0.00571,0.02033,0.0059,-0.0019,0.00953,0.01623,0.01969,1,1,-0.338,-0.361,in_circle
120.411,1,2633,0.00552,0.02008,-0.0043,-0.0057,0.01108,0.01752,0.01939,1,1,-0.357,-0.328,in_circle
120.456,1,2634,0.00532,0.02017,-0.0044,0.0019,0.01038,0.01697,0.01931,1,1,-0.316,-0.312,in_circle
120.499,1,2635,0.00519,0.02016,-0.0030,-0.0003,0.01063,0.01675,0.01922,1,1,-0.315,-0.343,in_circle
120.542,1,2636,0.00492,0.02033,-0.0062,0.0039,0.01002,0.01654,0.01916,1,1,-0.320,-0.334,in_circle
120.587,1,2637,0.00528,0.02037,0.0081,0.0009,0.01067,0.01681,0.01943,1,1,-0.307,-0.351,in_circle
120.633,1,2638,0.00587,0.02013,0.0129,-0.0053,0.01071,0.01698,0.01966,1,1,-0.365,-0.339,in_circle
120.675,1,2639,0.00533,0.02008,-0.0128,-0.0011,0.01035,0.01710,0.01925,1,1,-0.386,-0.314,in_circle
120.720,1,2640,0.00524,0.02014,-0.0019,0.0014,0.01104,0.01612,0.01923,1,1,-0.281,-0.331,in_circle
120.764,1,2641,0.00518,0.02025,-0.0013,0.0025,0.01186,0.01507,0.01928,1,1,-0.325,-0.341,in_circle
120.808,1,2642,0.00560,0.02026,0.0096,0.0002,0.01238,0.01471,0.01957,1,1,-0.327,-0.346,in_circle
120.853,1,2643,0.00489,0.02000,-0.0158,-0.0058,0.01181,0.01521,0.01890,1,1,-0.372,-0.337,in_circle
120.896,1,2644,0.00531,0.01987,0.0098,-0.0030,0.01051,0.01479,0.01909,1,1,-0.269,-0.312,in_circle
120.939,1,2645,0.00531,0.02040,0.0001,0.0122,0.01145,0.01428,0.01948,1,1,-0.372,-0.323,in_circle
120.984,1,2646,0.00465,0.02025,-0.0149,-0.0032,0.01041,0.01539,0.01892,1,1,-0.333,-0.385,in_circle
121.026,1,2647,0.00565,0.02043,0.0236,0.0042,0.01272,0.01502,0.01973,1,1,-0.272,-0.323,in_circle
121.072,1,2648,0.00527,0.02039,-0.0082,-0.0010,0.01238,0.01471,0.01944,1,1,-0.428,-0.353,in_circle
121.117,1,2649,0.00522,0.02015,-0.0012,-0.0053,0.00886,0.01579,0.01923,1,1,-0.300,-0.332,in_circle
121.160,1,2650,0.00558,0.02036,0.0083,0.0049,0.01169,0.01191,0.01963,1,1,-0.328,-0.314,in_circle
121.203,1,2651,0.00500,0.02006,-0.0136,-0.0071,0.01188,0.01248,0.01901,1,1,-0.367,-0.355,in_circle
121.247,1,2652,0.00537,0.02018,0.0085,0.0027,0.01169,0.01191,0.01935,1,1,-0.278,-0.307,in_circle
121.291,1,2653,0.00547,0.02057,0.0023,0.0089,0.01118,0.01260,0.01971,1,1,-0.367,-0.346,in_circle
121.334,1,2654,0.00532,0.02016,-0.0035,-0.0096,0.00908,0.01339,0.01931,1,1,-0.342,-0.372,in_circle
121.380,1,2655,0.00558,0.02029,0.0057,0.0029,0.01143,0.01237,0.01958,1,1,-0.319,-0.297,in_circle
121.424,1,2656,0.00540,0.02016,-0.0041,-0.0031,0.01095,0.01288,0.01936,1,1,-0.356,-0.347,in_circle
121.468,1,2657,0.00568,0.02032,0.0064,0.0036,0.00807,0.01300,0.01967,1,1,-0.317,-0.323,in_circle
121.512,1,2658,0.00585,0.02037,0.0038,0.0012,0.01132,0.01263,0.01982,1,1,-0.359,-0.350,in_circle
121.555,1,2659,0.00553,0.02038,-0.0077,0.0002,0.00947,0.01335,0.01960,1,1,-0.349,-0.341,in_circle
121.600,1,2660,0.00554,0.02053,0.0002,0.0033,0.01194,0.01288,0.01972,1,1,-0.302,-0.337,in_circle
121.643,1,2661,0.00533,0.02027,-0.0049,-0.0059,0.00875,0.01282,0.01939,1,1,-0.334,-0.350,in_circle
121.687,1,2662,0.00511,0.02007,-0.0050,-0.0046,0.00944,0.01365,0.01909,1,1,-0.313,-0.312,in_circle
121.733,1,2663,0.00541,0.02023,0.0066,0.0034,0.00944,0.01365,0.01941,1,1,-0.312,-0.317,in_circle
121.776,1,2664,0.00538,0.01998,-0.0008,-0.0057,0.00880,0.01420,0.01921,1,1,-0.359,-0.349,in_circle
121.820,1,2665,0.00535,0.02004,-0.0005,0.0012,0.00780,0.01550,0.01924,1,1,-0.330,-0.312,in_circle
121.864,1,2666,0.00544,0.02010,0.0019,0.0015,0.00880,0.01665,0.01934,1,1,-0.331,-0.340,in_circle
121.908,1,2667,0.00579,0.02024,0.0081,0.0032,0.00974,0.01669,0.01969,1,1,-0.341,-0.341,in_circle
121.952,1,2668,0.00521,0.02023,-0.0131,-0.0002,0.00888,0.01600,0.01928,1,1,-0.366,-0.348,in_circle
121.994,1,2669,0.00580,0.02012,0.0143,-0.0025,0.00945,0.01618,0.01961,1,1,-0.280,-0.335,in_circle
122.039,1,2670,0.00531,0.02029,-0.0109,0.0036,0.00924,0.01544,0.01939,1,1,-0.391,-0.325,in_circle
122.083,1,2671,0.00567,0.02024,0.0082,-0.0012,0.00913,0.01532,0.01960,1,1,-0.289,-0.350,in_circle
122.127,1,2672,0.00534,0.02022,-0.0074,-0.0005,0.00865,0.01630,0.01936,1,1,-0.367,-0.331,in_circle
122.172,1,2673,0.00497,0.02017,-0.0082,-0.0010,0.00992,0.01640,0.01908,1,1,-0.303,-0.334,in_circle
122.215,1,2674,0.00505,0.02041,0.0018,0.0054,0.00952,0.01674,0.01931,1,1,-0.299,-0.331,in_circle
122.304,1,2675,0.00545,0.02010,0.0044,-0.0035,0.00883,0.01708,0.01934,1,1,-0.339,-0.358,in_circle
122.348,1,2676,0.00558,0.02003,0.0030,-0.0015,0.00960,0.01758,0.01938,1,1,-0.351,-0.321,in_circle
122.393,1,2677,0.00540,0.02037,-0.0039,0.0076,0.01042,0.01659,0.01951,1,1,-0.345,-0.329,in_circle
122.435,1,2678,0.00537,0.02014,-0.0009,-0.0054,0.01047,0.01798,0.01932,1,1,-0.318,-0.366,in_circle
122.479,1,2679,0.00555,0.01999,0.0042,-0.0034,0.01095,0.01825,0.01934,1,1,-0.329,-0.314,in_circle
122.524,1,2680,0.00586,0.02024,0.0069,0.0057,0.01130,0.01751,0.01973,1,1,-0.350,-0.321,in_circle
122.568,1,2681,0.00528,0.02015,-0.0130,-0.0021,0.01069,0.01803,0.01927,1,1,-0.362,-0.358,in_circle
122.612,1,2682,0.00581,0.02021,0.0123,0.0015,0.01174,0.01591,0.01968,1,1,-0.281,-0.327,in_circle
122.658,1,2683,0.00553,0.02004,-0.0061,-0.0038,0.01327,0.01618,0.01936,1,1,-0.383,-0.341,in_circle
122.698,1,2684,0.00560,0.02021,0.0018,0.0042,0.01241,0.01669,0.01953,1,1,-0.309,-0.320,in_circle
122.744,1,2685,0.00567,0.02035,0.0015,0.0031,0.01371,0.01467,0.01968,1,1,-0.341,-0.352,in_circle
122.786,1,2686,0.00532,0.02021,-0.0082,-0.0033,0.01162,0.01410,0.01934,1,1,-0.340,-0.348,in_circle
122.832,1,2687,0.00541,0.02014,0.0019,-0.0016,0.01188,0.01521,0.01935,1,1,-0.300,-0.322,in_circle
122.876,1,2688,0.00518,0.02033,-0.0050,0.0042,0.01304,0.01360,0.01933,1,1,-0.341,-0.329,in_circle
122.919,1,2689,0.00565,0.02016,0.0108,-0.0039,0.01166,0.01486,0.01953,1,1,-0.312,-0.353,in_circle
122.963,1,2690,0.00554,0.02023,-0.0025,0.0016,0.01220,0.01409,0.01950,1,1,-0.377,-0.320,in_circle
123.008,1,2691,0.00546,0.02005,-0.0017,-0.0040,0.01154,0.01520,0.01932,1,1,-0.323,-0.342,in_circle
123.051,1,2692,0.00517,0.02051,-0.0067,0.0107,0.01025,0.01424,0.01946,1,1,-0.326,-0.319,in_circle
123.095,1,2693,0.00517,0.02034,-0.0000,-0.0039,0.01086,0.01499,0.01934,1,1,-0.306,-0.379,in_circle
123.140,1,2694,0.00566,0.02006,0.0107,-0.0062,0.00881,0.01406,0.01946,1,1,-0.332,-0.320,in_circle
123.183,1,2695,0.00489,0.02026,-0.0180,0.0046,0.01009,0.01590,0.01909,1,1,-0.376,-0.311,in_circle
123.228,1,2696,0.00547,0.01996,0.0132,-0.0067,0.00864,0.01350,0.01927,1,1,-0.260,-0.354,in_circle
123.271,1,2697,0.00544,0.02039,-0.0008,0.0099,0.00917,0.01387,0.01955,1,1,-0.386,-0.308,in_circle
123.317,1,2698,0.00574,0.02015,0.0065,-0.0051,0.00830,0.01541,0.01959,1,1,-0.330,-0.376,in_circle
123.361,1,2699,0.00590,0.02045,0.0037,0.0067,0.00846,0.01367,0.01992,1,1,-0.360,-0.315,in_circle
123.403,1,2700,0.00554,0.02040,-0.0087,-0.0012,0.01197,0.01353,0.01963,1,1,-0.349,-0.363,in_circle
123.447,1,2701,0.00502,0.02039,-0.0118,-0.0002,0.00822,0.01499,0.01927,1,1,-0.299,-0.331,in_circle
123.491,1,2702,0.00563,0.02024,0.0138,-0.0035,0.01139,0.01496,0.01957,1,1,-0.285,-0.335,in_circle
123.535,1,2703,0.00497,0.02023,-0.0150,-0.0003,0.00935,0.01542,0.01912,1,1,-0.389,-0.322,in_circle
123.581,1,2704,0.00538,0.01999,0.0091,-0.0053,0.00889,0.01512,0.01922,1,1,-0.272,-0.335,in_circle
123.623,1,2705,0.00526,0.02030,-0.0029,0.0073,0.00989,0.01448,0.01937,1,1,-0.369,-0.314,in_circle
123.670,1,2706,0.00543,0.02015,0.0037,-0.0032,0.00924,0.01544,0.01937,1,1,-0.321,-0.365,in_circle
123.711,1,2707,0.00545,0.02022,0.0003,0.0017,0.00968,0.01473,0.01944,1,1,-0.348,-0.323,in_circle
123.757,1,2708,0.00555,0.02029,0.0022,0.0016,0.01113,0.01553,0.01955,1,1,-0.334,-0.343,in_circle
123.799,1,2709,0.00496,0.02017,-0.0140,-0.0029,0.01007,0.01528,0.01907,1,1,-0.342,-0.342,in_circle
123.842,1,2710,0.00556,0.02020,0.0137,0.0007,0.00889,0.01512,0.01950,1,1,-0.276,-0.324,in_circle
123.888,1,2711,0.00537,0.02058,-0.0042,0.0082,0.01020,0.01495,0.01965,1,1,-0.388,-0.338,in_circle
123.930,1,2712,0.00528,0.02036,-0.0021,-0.0051,0.01047,0.01529,0.01943,1,1,-0.316,-0.369,in_circle
123.977,1,2713,0.00561,0.02029,0.0071,-0.0016,0.00966,0.01553,0.01960,1,1,-0.324,-0.316,in_circle
124.021,1,2714,0.00527,0.02015,-0.0078,-0.0031,0.01163,0.01502,0.01926,1,1,-0.362,-0.330,in_circle
124.065,1,2715,0.00556,0.02019,0.0065,0.0009,0.01096,0.01575,0.01949,1,1,-0.301,-0.323,in_circle
124.109,1,2716,0.00512,0.02020,-0.0099,0.0002,0.00961,0.01570,0.01920,1,1,-0.359,-0.339,in_circle
124.152,1,2717,0.00518,0.02015,0.0012,-0.0010,0.00968,0.01548,0.01920,1,1,-0.293,-0.336,in_circle
124.195,1,2718,0.00555,0.02034,0.0087,0.0043,0.01111,0.01410,0.01959,1,1,-0.337,-0.331,in_circle
124.239,1,2719,0.00513,0.02003,-0.0095,-0.0070,0.00936,0.01531,0.01908,1,1,-0.368,-0.353,in_circle
124.328,1,2720,0.00534,0.02024,0.0024,0.0024,0.01169,0.01617,0.01938,1,1,-0.294,-0.307,in_circle
124.371,1,2721,0.00543,0.02034,0.0020,0.0024,0.01157,0.01424,0.01951,1,1,-0.342,-0.345,in_circle
124.416,1,2722,0.00506,0.02011,-0.0082,-0.0053,0.01050,0.01579,0.01909,1,1,-0.341,-0.345,in_circle
124.460,1,2723,0.00509,0.02033,0.0008,0.0050,0.00984,0.01550,0.01928,1,1,-0.299,-0.314,in_circle
124.504,1,2724,0.00524,0.02036,0.0034,0.0007,0.01194,0.01512,0.01940,1,1,-0.335,-0.356,in_circle
124.548,1,2725,0.00511,0.02018,-0.0028,-0.0040,0.00936,0.01531,0.01918,1,1,-0.346,-0.339,in_circle
124.591,1,2726,0.00537,0.02032,0.0060,0.0030,0.01073,0.01521,0.01946,1,1,-0.321,-0.319,in_circle
124.635,1,2727,0.00535,0.02015,-0.0005,-0.0037,0.01083,0.01493,0.01932,1,1,-0.357,-0.348,in_circle
124.680,1,2728,0.00490,0.02014,-0.0101,-0.0004,0.01003,0.01549,0.01900,1,1,-0.331,-0.320,in_circle
124.723,1,2729,0.00562,0.02021,0.0166,0.0017,0.01047,0.01566,0.01955,1,1,-0.291,-0.334,in_circle
124.769,1,2730,0.00516,0.02016,-0.0101,-0.0010,0.01020,0.01495,0.01919,1,1,-0.400,-0.342,in_circle
124.813,1,2731,0.00526,0.02006,0.0025,-0.0024,0.00922,0.01585,0.01919,1,1,-0.292,-0.331,in_circle
124.855,1,2732,0.00533,0.01992,0.0015,-0.0031,0.01110,0.01470,0.01914,1,1,-0.343,-0.325,in_circle
124.899,1,2733,0.00508,0.02018,-0.0056,0.0057,0.01199,0.01686,0.01916,1,1,-0.339,-0.322,in_circle
124.943,1,2734,0.00497,0.02017,-0.0025,-0.0002,0.01162,0.01542,0.01908,1,1,-0.310,-0.358,in_circle
124.988,1,2735,0.00540,0.02016,0.0095,-0.0002,0.01076,0.01468,0.01936,1,1,-0.322,-0.334,in_circle
125.033,1,2736,0.00509,0.02027,-0.0068,0.0026,0.01126,0.01534,0.01923,1,1,-0.371,-0.335,in_circle
125.075,1,2737,0.00552,0.02007,0.0102,-0.0048,0.00968,0.01587,0.01938,1,1,-0.305,-0.346,in_circle
125.120,1,2738,0.00574,0.02029,0.0048,0.0048,0.00978,0.01518,0.01968,1,1,-0.374,-0.316,in_circle
125.165,1,2739,0.00523,0.02027,-0.0112,-0.0003,0.01106,0.01572,0.01933,1,1,-0.353,-0.355,in_circle
125.208,1,2740,0.00568,0.02017,0.0104,-0.0025,0.01098,0.01449,0.01955,1,1,-0.288,-0.335,in_circle
125.251,1,2741,0.00500,0.02013,-0.0158,-0.0009,0.01156,0.01554,0.01906,1,1,-0.375,-0.326,in_circle
125.295,1,2742,0.00534,0.02026,0.0078,0.0031,0.00860,0.01468,0.01939,1,1,-0.269,-0.332,in_circle
125.339,1,2743,0.00563,0.01984,0.0067,-0.0097,0.01077,0.01463,0.01928,1,1,-0.364,-0.348,in_circle
125.383,1,2744,0.00531,0.02012,-0.0073,0.0062,0.01025,0.01565,0.01926,1,1,-0.360,-0.296,in_circle
125.427,1,2745,0.00560,0.02022,0.0068,0.0025,0.01016,0.01508,0.01954,1,1,-0.304,-0.360,in_circle
125.472,1,2746,0.00556,0.02044,-0.0009,0.0047,0.00894,0.01382,0.01967,1,1,-0.361,-0.346,in_circle
125.516,1,2747,0.00575,0.02032,0.0044,-0.0028,0.00891,0.01579,0.01971,1,1,-0.330,-0.355,in_circle
125.563,1,2748,0.00515,0.02002,-0.0127,-0.0062,0.00875,0.01452,0.01909,1,1,-0.351,-0.324,in_circle
125.604,1,2749,0.00549,0.02005,0.0081,0.0006,0.01082,0.01449,0.01934,1,1,-0.282,-0.310,in_circle
125.647,1,2750,0.00491,0.02012,-0.0135,0.0018,0.01066,0.01533,0.01900,1,1,-0.366,-0.338,in_circle
125.692,1,2751,0.00553,0.02015,0.0138,0.0006,0.00905,0.01582,0.01944,1,1,-0.278,-0.342,in_circle
125.735,1,2752,0.00553,0.01997,0.0001,-0.0043,0.00904,0.01495,0.01931,1,1,-0.388,-0.338,in_circle
125.780,1,2753,0.00534,0.02035,-0.0042,0.0086,0.01128,0.01462,0.01946,1,1,-0.334,-0.318,in_circle
125.826,1,2754,0.00569,0.02031,0.0076,-0.0009,0.01036,0.01473,0.01967,1,1,-0.316,-0.370,in_circle
125.868,1,2755,0.00543,0.02036,-0.0063,0.0012,0.01256,0.01442,0.01953,1,1,-0.364,-0.332,in_circle
125.912,1,2756,0.00484,0.02022,-0.0131,-0.0032,0.01233,0.01505,0.01902,1,1,-0.308,-0.341,in_circle
125.956,1,2757,0.00497,0.02015,0.0029,-0.0015,0.01088,0.01538,0.01906,1,1,-0.279,-0.323,in_circle
126.001,1,2758,0.00557,0.02046,0.0135,0.0068,0.01210,0.01580,0.01969,1,1,-0.344,-0.329,in_circle
126.043,1,2759,0.00504,0.02023,-0.0125,-0.0053,0.01014,0.01625,0.01916,1,1,-0.387,-0.363,in_circle
126.088,1,2760,0.00548,0.02014,0.0101,-0.0019,0.01007,0.01501,0.01940,1,1,-0.282,-0.314,in_circle
126.131,1,2761,0.00490,0.02021,-0.0136,0.0016,0.01166,0.01533,0.01906,1,1,-0.374,-0.328,in_circle
126.177,1,2762,0.00543,0.02011,0.0114,-0.0021,0.00921,0.01605,0.01934,1,1,-0.277,-0.342,in_circle
126.219,1,2763,0.00535,0.02042,-0.0018,0.0072,0.01009,0.01483,0.01951,1,1,-0.379,-0.327,in_circle
126.264,1,2764,0.00556,0.02024,0.0048,-0.0040,0.00972,0.01476,0.01953,1,1,-0.326,-0.365,in_circle
126.351,1,2765,0.00563,0.02040,0.0008,0.0018,0.01158,0.01608,0.01969,1,1,-0.353,-0.320,in_circle
126.396,1,2766,0.00523,0.02039,-0.0090,-0.0001,0.01039,0.01455,0.01941,1,1,-0.337,-0.343,in_circle
126.439,1,2767,0.00504,0.02023,-0.0046,-0.0038,0.01216,0.01453,0.01916,1,1,-0.297,-0.335,in_circle
126.484,1,2768,0.00570,0.02018,0.0149,-0.0010,0.01098,0.01556,0.01958,1,1,-0.314,-0.320,in_circle
126.527,1,2769,0.00529,0.02027,-0.0094,0.0020,0.01051,0.01576,0.01937,1,1,-0.393,-0.332,in_circle
126.572,1,2770,0.00516,0.02026,-0.0029,-0.0003,0.01030,0.01503,0.01927,1,1,-0.295,-0.344,in_circle
126.617,1,2771,0.00558,0.02022,0.0093,-0.0008,0.00973,0.01475,0.01953,1,1,-0.321,-0.335,in_circle
126.660,1,2772,0.00524,0.02039,-0.0078,0.0037,0.01003,0.01549,0.01942,1,1,-0.371,-0.333,in_circle
126.704,1,2773,0.00567,0.01994,0.0098,-0.0104,0.00967,0.01605,0.01938,1,1,-0.301,-0.351,in_circle
126.747,1,2774,0.00509,0.02032,-0.0135,0.0089,0.00984,0.01550,0.01926,1,1,-0.373,-0.293,in_circle
126.793,1,2775,0.00511,0.02034,0.0004,0.0005,0.00927,0.01708,0.01929,1,1,-0.278,-0.371,in_circle
126.836,1,2776,0.00483,0.02021,-0.0066,-0.0031,0.00854,0.01503,0.01901,1,1,-0.334,-0.338,in_circle
126.879,1,2777,0.00592,0.02052,0.0254,0.0072,0.01021,0.01552,0.01998,1,1,-0.305,-0.323,in_circle
126.923,1,2778,0.00526,0.02021,-0.0151,-0.0072,0.01133,0.01519,0.01930,1,1,-0.436,-0.365,in_circle
126.968,1,2779,0.00528,0.02013,0.0003,-0.0018,0.00893,0.01471,0.01925,1,1,-0.272,-0.307,in_circle
127.012,1,2780,0.00508,0.02027,-0.0045,0.0032,0.01097,0.01429,0.01922,1,1,-0.334,-0.328,in_circle
127.055,1,2781,0.00543,0.01984,0.0080,-0.0099,0.00963,0.01599,0.01914,1,1,-0.314,-0.349,in_circle
127.100,1,2782,0.00569,0.01986,0.0059,0.0005,0.00829,0.01518,0.01934,1,1,-0.365,-0.295,in_circle
127.144,1,2783,0.00507,0.02025,-0.0138,0.0086,0.01057,0.01453,0.01920,1,1,-0.357,-0.337,in_circle
127.188,1,2784,0.00554,0.02085,0.0109,0.0138,0.00904,0.01369,0.01996,1,1,-0.277,-0.370,in_circle
127.231,1,2785,0.00538,0.02054,-0.0038,-0.0072,0.00962,0.01349,0.01962,1,1,-0.377,-0.392,in_circle
127.276,1,2786,0.00505,0.02043,-0.0074,-0.0023,0.01117,0.01428,0.01932,1,1,-0.318,-0.308,in_circle
127.319,1,2787,0.00557,0.02017,0.0123,-0.0061,0.01247,0.01375,0.01949,1,1,-0.302,-0.327,in_circle
127.365,1,2788,0.00510,0.01998,-0.0102,-0.0041,0.01077,0.01463,0.01902,1,1,-0.383,-0.311,in_circle
127.407,1,2789,0.00562,0.02019,0.0124,0.0050,0.01250,0.01453,0.01953,1,1,-0.292,-0.318,in_circle
127.452,1,2790,0.00520,0.02033,-0.0090,0.0031,0.01039,0.01498,0.01935,1,1,-0.383,-0.355,in_circle
127.495,1,2791,0.00526,0.02004,0.0014,-0.0068,0.01113,0.01542,0.01918,1,1,-0.296,-0.348,in_circle
127.539,1,2792,0.00503,0.02031,-0.0053,0.0063,0.01090,0.01476,0.01922,1,1,-0.338,-0.308,in_circle
127.583,1,2793,0.00548,0.02035,0.0103,0.0008,0.01103,0.01631,0.01955,1,1,-0.311,-0.361,in_circle
127.628,1,2794,0.00510,0.02022,-0.0084,-0.0029,0.00974,0.01456,0.01920,1,1,-0.374,-0.339,in_circle
127.672,1,2795,0.00511,0.02021,0.0001,-0.0001,0.01003,0.01509,0.01920,1,1,-0.299,-0.324,in_circle
127.717,1,2796,0.00515,0.01997,0.0010,-0.0052,0.01123,0.01461,0.01905,1,1,-0.333,-0.335,in_circle
127.759,1,2797,0.00534,0.02044,0.0045,0.0110,0.00920,0.01528,0.01952,1,1,-0.336,-0.314,in_circle
127.804,1,2798,0.00545,0.02048,0.0025,0.0010,0.01191,0.01539,0.01963,1,1,-0.351,-0.380,in_circle
127.849,1,2799,0.00558,0.02038,0.0027,-0.0022,0.01082,0.01498,0.01964,1,1,-0.343,-0.340,in_circle
127.891,1,2800,0.00495,0.02028,-0.0151,-0.0025,0.01207,0.01443,0.01914,1,1,-0.344,-0.327,in_circle
127.935,1,2801,0.00531,0.02029,0.0079,0.0003,0.01200,0.01507,0.01939,1,1,-0.272,-0.326,in_circle
127.979,1,2802,0.00542,0.02010,0.0025,-0.0043,0.01032,0.01553,0.01933,1,1,-0.364,-0.337,in_circle
128.024,1,2803,0.00528,0.02029,-0.0031,0.0041,0.01040,0.01471,0.01937,1,1,-0.343,-0.318,in_circle
128.068,1,2804,0.00552,0.02030,0.0057,0.0003,0.00969,0.01546,0.01955,1,1,-0.320,-0.352,in_circle
128.111,1,2805,0.00536,0.02012,-0.0038,-0.0042,0.00974,0.01503,0.01930,1,1,-0.356,-0.337,in_circle
128.156,1,2806,0.00533,0.02008,-0.0005,-0.0010,0.00812,0.01537,0.01925,1,1,-0.318,-0.319,in_circle
128.199,1,2807,0.00559,0.02030,0.0059,0.0052,0.01004,0.01490,0.01959,1,1,-0.331,-0.331,in_circle
128.244,1,2808,0.00514,0.02023,-0.0099,-0.0015,0.01016,0.01597,0.01923,1,1,-0.357,-0.356,in_circle
128.286,1,2809,0.00545,0.02014,0.0075,-0.0021,0.00926,0.01395,0.01938,1,1,-0.293,-0.330,in_circle
128.377,1,2810,0.00526,0.02018,-0.0021,0.0004,0.00922,0.01585,0.01928,1,1,-0.363,-0.327,in_circle
128.419,1,2811,0.00596,0.02048,0.0168,0.0072,0.00990,0.01474,0.01997,1,1,-0.324,-0.337,in_circle
128.464,1,2812,0.00567,0.02036,-0.0066,-0.0026,0.00990,0.01441,0.01969,1,1,-0.402,-0.365,in_circle
128.507,1,2813,0.00544,0.02014,-0.0054,-0.0052,0.00997,0.01456,0.01937,1,1,-0.307,-0.326,in_circle
128.551,1,2814,0.00534,0.02040,-0.0021,0.0058,0.01166,0.01383,0.01949,1,1,-0.311,-0.314,in_circle
128.594,1,2815,0.00514,0.02042,-0.0046,0.0005,0.01065,0.01375,0.01938,1,1,-0.324,-0.359,in_circle
128.639,1,2816,0.00517,0.02039,0.0006,-0.0007,0.01194,0.01501,0.01937,1,1,-0.314,-0.338,in_circle
128.684,1,2817,0.00527,0.02032,0.0022,-0.0015,0.01029,0.01500,0.01939,1,1,-0.335,-0.333,in_circle
128.727,1,2818,0.00535,0.02021,0.0018,-0.0026,0.01075,0.01444,0.01936,1,1,-0.342,-0.330,in_circle
128.771,1,2819,0.00557,0.02037,0.0050,0.0034,0.01143,0.01436,0.01962,1,1,-0.340,-0.325,in_circle
128.815,1,2820,0.00527,0.02009,-0.0070,-0.0065,0.01098,0.01494,0.01921,1,1,-0.353,-0.350,in_circle
128.859,1,2821,0.00535,0.02020,0.0019,0.0026,0.00849,0.01390,0.01936,1,1,-0.305,-0.309,in_circle
128.904,1,2822,0.00556,0.02018,0.0048,-0.0005,0.00952,0.01504,0.01948,1,1,-0.340,-0.346,in_circle
128.947,1,2823,0.00544,0.02045,-0.0029,0.0064,0.00996,0.01561,0.01960,1,1,-0.353,-0.333,in_circle
128.991,1,2824,0.00492,0.02027,-0.0116,-0.0041,0.00924,0.01477,0.01912,1,1,-0.322,-0.362,in_circle
129.035,1,2825,0.00539,0.02043,0.0108,0.0038,0.01103,0.01468,0.01956,1,1,-0.285,-0.319,in_circle
129.080,1,2826,0.00533,0.02031,-0.0014,-0.0028,0.01056,0.01456,0.01942,1,1,-0.376,-0.351,in_circle
129.123,1,2827,0.00540,0.02034,0.0016,0.0008,0.01011,0.01551,0.01950,1,1,-0.327,-0.324,in_circle
129.166,1,2828,0.00546,0.02018,0.0014,-0.0037,0.01148,0.01358,0.01942,1,1,-0.339,-0.339,in_circle
129.212,1,2829,0.00513,0.02005,-0.0073,-0.0030,0.00906,0.01605,0.01909,1,1,-0.339,-0.321,in_circle
129.256,1,2830,0.00541,0.02034,0.0064,0.0066,0.01037,0.01437,0.01950,1,1,-0.303,-0.323,in_circle
129.300,1,2831,0.00492,0.02020,-0.0112,-0.0031,0.00875,0.01565,0.01906,1,1,-0.359,-0.362,in_circle
129.343,1,2832,0.00527,0.02017,0.0083,-0.0007,0.00979,0.01571,0.01928,1,1,-0.287,-0.323,in_circle
129.388,1,2833,0.00555,0.02012,0.0063,-0.0012,0.00931,0.01586,0.01943,1,1,-0.366,-0.333,in_circle
129.431,1,2834,0.00512,0.02024,-0.0100,0.0028,0.00946,0.01526,0.01923,1,1,-0.359,-0.330,in_circle
129.475,1,2835,0.00555,0.01993,0.0096,-0.0069,0.00935,0.01570,0.01930,1,1,-0.292,-0.347,in_circle
129.520,1,2836,0.00534,0.02031,-0.0046,0.0082,0.00941,0.01399,0.01943,1,1,-0.372,-0.307,in_circle
129.564,1,2837,0.00507,0.02026,-0.0062,-0.0012,0.00953,0.01596,0.01921,1,1,-0.314,-0.369,in_circle
129.608,1,2838,0.00521,0.02021,0.0032,-0.0011,0.01049,0.01437,0.01927,1,1,-0.307,-0.331,in_circle
129.651,1,2839,0.00491,0.02021,-0.0069,-0.0001,0.01124,0.01595,0.01906,1,1,-0.345,-0.331,in_circle
129.695,1,2840,0.00543,0.02009,0.0119,-0.0026,0.00984,0.01601,0.01933,1,1,-0.304,-0.335,in_circle
129.740,1,2841,0.00502,0.02026,-0.0094,0.0038,0.01153,0.01592,0.01917,1,1,-0.381,-0.325,in_circle
129.784,1,2842,0.00527,0.02011,0.0059,-0.0033,0.00992,0.01638,0.01924,1,1,-0.294,-0.351,in_circle
129.827,1,2843,0.00518,0.02032,-0.0023,0.0049,0.01083,0.01493,0.01933,1,1,-0.356,-0.322,in_circle
129.871,1,2844,0.00554,0.02038,0.0083,0.0012,0.00905,0.01603,0.01961,1,1,-0.323,-0.355,in_circle
129.916,1,2845,0.00512,0.02023,-0.0094,-0.0032,0.01096,0.01575,0.01922,1,1,-0.366,-0.341,in_circle
129.959,1,2846,0.00499,0.02041,-0.0031,0.0041,0.01004,0.01492,0.01926,1,1,-0.295,-0.323,in_circle
130.004,1,2847,0.00511,0.02020,0.0028,-0.0047,0.01227,0.01559,0.01919,1,1,-0.319,-0.352,in_circle
130.048,1,2848,0.00555,0.02012,0.0100,-0.0017,0.00922,0.01585,0.01944,1,1,-0.344,-0.317,in_circle
130.091,1,2849,0.00525,0.01999,-0.0071,-0.0032,0.01050,0.01569,0.01913,1,1,-0.374,-0.329,in_circle
130.135,1,2850,0.00514,0.02017,-0.0026,0.0040,0.00982,0.01653,0.01918,1,1,-0.304,-0.322,in_circle
130.178,1,2851,0.00506,0.02029,-0.0016,0.0028,0.01072,0.01676,0.01922,1,1,-0.322,-0.352,in_circle
130.225,1,2852,0.00525,0.02040,0.0041,0.0024,0.01071,0.01643,0.01943,1,1,-0.326,-0.347,in_circle
130.267,1,2853,0.00479,0.02012,-0.0109,-0.0065,0.01190,0.01617,0.01892,1,1,-0.349,-0.346,in_circle
130.312,1,2854,0.00540,0.02024,0.0138,0.0026,0.01025,0.01565,0.01942,1,1,-0.288,-0.309,in_circle
130.399,1,2855,0.00526,0.02008,-0.0016,-0.0018,0.00942,0.01635,0.01921,1,1,-0.388,-0.346,in_circle
130.443,1,2856,0.00519,0.02017,-0.0017,0.0022,0.00922,0.01616,0.01923,1,1,-0.326,-0.328,in_circle
130.487,1,2857,0.00511,0.02025,-0.0019,0.0017,0.01142,0.01487,0.01922,1,1,-0.326,-0.344,in_circle
130.534,1,2858,0.00525,0.02051,0.0031,0.0056,0.01078,0.01483,0.01951,1,1,-0.325,-0.342,in_circle
130.575,1,2859,0.00522,0.02018,-0.0008,-0.0081,0.01066,0.01533,0.01925,1,1,-0.345,-0.358,in_circle
130.619,1,2860,0.00501,0.02008,-0.0047,-0.0022,0.01051,0.01536,0.01903,1,1,-0.329,-0.303,in_circle
130.663,1,2861,0.00501,0.02015,-0.0000,0.0016,0.01070,0.01553,0.01908,1,1,-0.313,-0.327,in_circle
130.707,1,2862,0.00516,0.02029,0.0034,0.0033,0.00862,0.01542,0.01929,1,1,-0.332,-0.342,in_circle
130.751,1,2863,0.00591,0.02038,0.0173,0.0021,0.01068,0.01574,0.01987,1,1,-0.346,-0.349,in_circle
130.796,1,2864,0.00490,0.02034,-0.0225,-0.0010,0.01061,0.01458,0.01916,1,1,-0.403,-0.344,in_circle
130.839,1,2865,0.00545,0.02035,0.0127,0.0003,0.01227,0.01360,0.01953,1,1,-0.242,-0.332,in_circle
130.883,1,2866,0.00528,0.02012,-0.0039,-0.0051,0.01147,0.01394,0.01925,1,1,-0.384,-0.337,in_circle
130.928,1,2867,0.00556,0.02032,0.0065,0.0045,0.00843,0.01535,0.01959,1,1,-0.317,-0.315,in_circle
130.972,1,2868,0.00548,0.02030,-0.0018,-0.0004,0.01195,0.01575,0.01952,1,1,-0.359,-0.354,in_circle
131.015,1,2869,0.00503,0.02014,-0.0106,-0.0038,0.01171,0.01364,0.01909,1,1,-0.326,-0.334,in_circle
131.060,1,2870,0.00515,0.02050,0.0026,0.0079,0.01099,0.01537,0.01944,1,1,-0.290,-0.320,in_circle
131.103,1,2871,0.00525,0.02019,0.0024,-0.0073,0.01014,0.01413,0.01928,1,1,-0.343,-0.368,in_circle
131.148,1,2872,0.00546,0.02030,0.0048,0.0024,0.00939,0.01528,0.01950,1,1,-0.342,-0.306,in_circle
131.190,1,2873,0.00516,0.02038,-0.0070,0.0019,0.01123,0.01521,0.01936,1,1,-0.352,-0.346,in_circle
131.236,1,2874,0.00534,0.02022,0.0039,-0.0036,0.00755,0.01507,0.01936,1,1,-0.304,-0.344,in_circle
131.280,1,2875,0.00511,0.02020,-0.0053,-0.0003,0.01103,0.01477,0.01920,1,1,-0.348,-0.321,in_circle
131.324,1,2876,0.00525,0.02016,0.0030,-0.0009,0.00910,0.01453,0.01926,1,1,-0.311,-0.334,in_circle
131.367,1,2877,0.00530,0.02021,0.0014,0.0010,0.01033,0.01437,0.01933,1,1,-0.345,-0.332,in_circle
131.411,1,2878,0.00518,0.02026,-0.0029,0.0013,0.00905,0.01582,0.01928,1,1,-0.338,-0.340,in_circle
131.455,1,2879,0.00515,0.02029,-0.0007,0.0006,0.00966,0.01493,0.01928,1,1,-0.321,-0.341,in_circle
131.499,1,2880,0.00520,0.02017,0.0012,-0.0028,0.00879,0.01428,0.01923,1,1,-0.330,-0.338,in_circle
131.542,1,2881,0.00539,0.02018,0.0043,0.0004,0.01009,0.01368,0.01937,1,1,-0.337,-0.324,in_circle
131.588,1,2882,0.00520,0.02011,-0.0039,-0.0016,0.00924,0.01550,0.01919,1,1,-0.350,-0.337,in_circle
131.631,1,2883,0.00528,0.02009,0.0017,-0.0004,0.00908,0.01556,0.01923,1,1,-0.317,-0.329,in_circle
131.676,1,2884,0.00536,0.02006,0.0019,-0.0007,0.00931,0.01526,0.01926,1,1,-0.340,-0.334,in_circle
131.719,1,2885,0.00563,0.02020,0.0062,0.0034,0.01083,0.01420,0.01955,1,1,-0.341,-0.332,in_circle
131.764,1,2886,0.00494,0.02018,-0.0153,-0.0005,0.01041,0.01568,0.01906,1,1,-0.359,-0.349,in_circle
131.807,1,2887,0.00488,0.02031,-0.0013,0.0030,0.01068,0.01547,0.01912,1,1,-0.271,-0.333,in_circle
131.852,1,2888,0.00502,0.02035,0.0030,0.0009,0.01110,0.01437,0.01924,1,1,-0.326,-0.348,in_circle
131.895,1,2889,0.00535,0.02024,0.0077,-0.0026,0.01033,0.01605,0.01938,1,1,-0.344,-0.340,in_circle
131.940,1,2890,0.00569,0.02036,0.0075,0.0028,0.00972,0.01476,0.01970,1,1,-0.364,-0.325,in_circle
131.984,1,2891,0.00546,0.02037,-0.0053,0.0001,0.01117,0.01591,0.01955,1,1,-0.364,-0.347,in_circle
132.029,1,2892,0.00489,0.02018,-0.0128,-0.0042,0.01135,0.01503,0.01902,1,1,-0.312,-0.336,in_circle
132.071,1,2893,0.00564,0.02031,0.0178,0.0032,0.01106,0.01543,0.01963,1,1,-0.280,-0.319,in_circle
132.117,1,2894,0.00505,0.02028,-0.0129,-0.0007,0.01115,0.01517,0.01921,1,1,-0.405,-0.348,in_circle
132.160,1,2895,0.00484,0.02010,-0.0048,-0.0043,0.01088,0.01587,0.01894,1,1,-0.281,-0.333,in_circle
132.204,1,2896,0.00513,0.02039,0.0065,0.0065,0.01135,0.01351,0.01934,1,1,-0.312,-0.318,in_circle
132.247,1,2897,0.00506,0.02040,-0.0015,0.0004,0.01113,0.01446,0.01931,1,1,-0.358,-0.362,in_circle
132.292,1,2898,0.00523,0.02007,0.0037,-0.0074,0.01187,0.01572,0.01918,1,1,-0.326,-0.338,in_circle
132.339,1,2899,0.00497,0.01997,-0.0055,-0.0022,0.01231,0.01439,0.01893,1,1,-0.347,-0.306,in_circle
132.424,1,2900,0.00561,0.02003,0.0075,0.0007,0.01096,0.01459,0.01941,1,1,-0.310,-0.326,in_circle
132.469,1,2901,0.00543,0.02012,-0.0040,0.0018,0.00891,0.01541,0.01935,1,1,-0.364,-0.338,in_circle
132.511,1,2902,0.00531,0.02003,-0.0028,-0.0021,0.01041,0.01568,0.01920,1,1,-0.317,-0.343,in_circle
132.555,1,2903,0.00511,0.02027,-0.0044,0.0054,0.01020,0.01511,0.01924,1,1,-0.321,-0.327,in_circle
132.599,1,2904,0.00496,0.02021,-0.0035,-0.0013,0.01143,0.01519,0.01910,1,1,-0.315,-0.357,in_circle
132.645,1,2905,0.00547,0.02044,0.0110,0.0049,0.00991,0.01381,0.01961,1,1,-0.318,-0.330,in_circle
132.687,1,2906,0.00568,0.02027,0.0051,-0.0041,0.00983,0.01597,0.01963,1,1,-0.377,-0.356,in_circle
132.735,1,2907,0.00515,0.02015,-0.0114,-0.0026,0.00978,0.01518,0.01918,1,1,-0.354,-0.319,in_circle
132.777,1,2908,0.00553,0.02052,0.0091,0.0089,0.01032,0.01479,0.01971,1,1,-0.287,-0.325,in_circle
132.820,1,2909,0.00525,0.02032,-0.0065,-0.0046,0.00943,0.01458,0.01938,1,1,-0.370,-0.372,in_circle
132.867,1,2910,0.00523,0.02003,-0.0003,-0.0064,0.01028,0.01562,0.01915,1,1,-0.307,-0.317,in_circle
132.908,1,2911,0.00537,0.02016,0.0033,0.0032,0.01114,0.01408,0.01934,1,1,-0.331,-0.310,in_circle
132.954,1,2912,0.00501,0.02043,-0.0078,0.0060,0.00984,0.01550,0.01930,1,1,-0.346,-0.348,in_circle
132.997,1,2913,0.00571,0.02033,0.0159,-0.0022,0.00903,0.01546,0.01970,1,1,-0.301,-0.360,in_circle
133.040,1,2914,0.00504,0.02022,-0.0157,-0.0028,0.00967,0.01605,0.01916,1,1,-0.397,-0.327,in_circle
133.085,1,2915,0.00497,0.02024,-0.0016,0.0005,0.01049,0.01555,0.01913,1,1,-0.269,-0.324,in_circle
133.130,1,2916,0.00565,0.02028,0.0150,0.0008,0.01052,0.01423,0.01961,1,1,-0.325,-0.338,in_circle
133.173,1,2917,0.00528,0.02022,-0.0086,-0.0013,0.01086,0.01499,0.01932,1,1,-0.394,-0.339,in_circle
133.218,1,2918,0.00530,0.02024,0.0003,0.0005,0.00972,0.01476,0.01935,1,1,-0.298,-0.330,in_circle
133.260,1,2919,0.00555,0.02003,0.0060,-0.0052,0.01132,0.01483,0.01936,1,1,-0.334,-0.337,in_circle
133.306,1,2920,0.00542,0.02016,-0.0028,0.0031,0.01098,0.01556,0.01938,1,1,-0.357,-0.314,in_circle
133.349,1,2921,0.00486,0.02033,-0.0129,0.0037,0.01029,0.01612,0.01912,1,1,-0.322,-0.348,in_circle
133.394,1,2922,0.00553,0.02012,0.0150,-0.0046,0.00992,0.01448,0.01942,1,1,-0.280,-0.351,in_circle
133.436,1,2923,0.00526,0.02019,-0.0064,0.0017,0.01021,0.01689,0.01929,1,1,-0.393,-0.317,in_circle
133.480,1,2924,0.00503,0.02019,-0.0054,0.0000,0.01090,0.01608,0.01913,1,1,-0.307,-0.342,in_circle
133.524,1,2925,0.00517,0.02020,0.0033,0.0001,0.01057,0.01453,0.01923,1,1,-0.311,-0.336,in_circle
133.568,1,2926,0.00500,0.02029,-0.0040,0.0022,0.00932,0.01583,0.01918,1,1,-0.346,-0.336,in_circle
133.615,1,2927,0.00555,0.02034,0.0119,0.0011,0.00903,0.01546,0.01959,1,1,-0.316,-0.344,in_circle
133.656,1,2928,0.00564,0.02006,0.0022,-0.0068,0.00946,0.01529,0.01945,1,1,-0.381,-0.340,in_circle
133.700,1,2929,0.00514,0.02033,-0.0116,0.0063,0.00989,0.01509,0.01931,1,1,-0.342,-0.308,in_circle
133.744,1,2930,0.00506,0.02013,-0.0016,-0.0046,0.00969,0.01488,0.01911,1,1,-0.286,-0.361,in_circle
133.787,1,2931,0.00530,0.02011,0.0055,-0.0005,0.00994,0.01548,0.01925,1,1,-0.326,-0.317,in_circle
133.832,1,2932,0.00582,0.02051,0.0115,0.0090,0.01122,0.01484,0.01990,1,1,-0.355,-0.333,in_circle
133.877,1,2933,0.00517,0.02021,-0.0144,-0.0068,0.00990,0.01558,0.01923,1,1,-0.380,-0.372,in_circle
133.919,1,2934,0.00525,0.02018,0.0019,-0.0007,0.01114,0.01535,0.01927,1,1,-0.275,-0.308,in_circle
133.966,1,2935,0.00557,0.02054,0.0069,0.0078,0.01267,0.01473,0.01975,1,1,-0.340,-0.333,in_circle
134.009,1,2936,0.00522,0.02025,-0.0080,-0.0068,0.01088,0.01587,0.01930,1,1,-0.361,-0.367,in_circle
134.052,1,2937,0.00609,0.02049,0.0203,0.0058,0.00997,0.01426,0.02008,1,1,-0.300,-0.308,in_circle
134.096,1,2938,0.00524,0.02008,-0.0191,-0.0092,0.01074,0.01501,0.01919,1,1,-0.416,-0.359,in_circle
134.139,1,2939,0.00503,0.02026,-0.0048,0.0043,0.00950,0.01568,0.01919,1,1,-0.256,-0.298,in_circle
134.184,1,2940,0.00512,0.02037,0.0020,0.0024,0.01229,0.01285,0.01933,1,1,-0.313,-0.353,in_circle
134.231,1,2941,0.00530,0.02025,0.0038,-0.0026,0.01024,0.01449,0.01936,1,1,-0.340,-0.345,in_circle
134.272,1,2942,0.00516,0.02058,-0.0034,0.0080,0.00993,0.01522,0.01951,1,1,-0.348,-0.325,in_circle
134.319,1,2943,0.00527,0.02016,0.0023,-0.0090,0.01003,0.01549,0.01927,1,1,-0.319,-0.369,in_circle
134.360,1,2944,0.00510,0.02024,-0.0042,0.0020,0.00943,0.01519,0.01922,1,1,-0.342,-0.299,in_circle
134.447,1,2945,0.00526,0.02036,0.0019,0.0013,0.00887,0.01445,0.01941,1,1,-0.316,-0.344,in_circle
134.491,1,2946,0.00524,0.02045,-0.0006,0.0020,0.00897,0.01658,0.01946,1,1,-0.340,-0.341,in_circle
134.536,1,2947,0.00498,0.02014,-0.0057,-0.0068,0.00874,0.01678,0.01906,1,1,-0.330,-0.344,in_circle
134.583,1,2948,0.00532,0.02006,0.0073,-0.0016,0.00985,0.01532,0.01924,1,1,-0.309,-0.308,in_circle
134.630,1,2949,0.00515,0.02040,-0.0036,0.0072,0.01020,0.01495,0.01937,1,1,-0.362,-0.329,in_circle
134.676,1,2950,0.00554,0.02042,0.0085,0.0003,0.01049,0.01555,0.01964,1,1,-0.318,-0.365,in_circle
134.719,1,2951,0.00534,0.02031,-0.0048,-0.0024,0.00990,0.01477,0.01943,1,1,-0.367,-0.337,in_circle
134.804,1,2952,0.00574,0.02052,0.0048,0.0025,0.01158,0.01540,0.01986,1,1,-0.314,-0.326,in_circle
134.844,1,2953,0.00529,0.02026,-0.0111,-0.0064,0.01173,0.01473,0.01936,1,1,-0.353,-0.346,in_circle
134.896,1,2954,0.00513,0.02021,-0.0031,-0.0010,0.01173,0.01473,0.01921,1,1,-0.288,-0.310,in_circle
134.977,1,2955,0.00508,0.02012,-0.0006,-0.0011,0.00905,0.01582,0.01911,1,1,-0.320,-0.332,in_circle
135.024,1,2956,0.00542,0.02010,0.0073,-0.0005,0.00932,0.01583,0.01933,1,1,-0.330,-0.331,in_circle
135.071,1,2957,0.00511,0.02021,-0.0066,0.0023,0.00987,0.01495,0.01919,1,1,-0.362,-0.333,in_circle
135.155,1,2958,0.00517,0.02023,0.0007,0.0002,0.00993,0.01575,0.01925,1,1,-0.306,-0.345,in_circle
135.196,1,2959,0.00508,0.02025,-0.0021,0.0007,0.01029,0.01472,0.01921,1,1,-0.335,-0.337,in_circle
135.240,1,2960,0.00540,0.02019,0.0073,-0.0015,0.01078,0.01514,0.01938,1,1,-0.324,-0.338,in_circle
135.283,1,2961,0.00515,0.02022,-0.0058,0.0008,0.01071,0.01477,0.01924,1,1,-0.362,-0.329,in_circle
135.329,1,2962,0.00512,0.02022,-0.0007,-0.0001,0.00978,0.01633,0.01921,1,1,-0.309,-0.339,in_circle
135.372,1,2963,0.00537,0.02020,0.0059,-0.0003,0.01018,0.01570,0.01937,1,1,-0.329,-0.335,in_circle
135.418,1,2964,0.00526,0.02010,-0.0024,-0.0022,0.00936,0.01531,0.01922,1,1,-0.357,-0.334,in_circle
135.461,1,2965,0.00493,0.02024,-0.0076,0.0033,0.00935,0.01385,0.01911,1,1,-0.323,-0.326,in_circle
135.505,1,2966,0.00513,0.02021,0.0045,-0.0008,0.01057,0.01475,0.01921,1,1,-0.302,-0.349,in_circle
135.548,1,2967,0.00536,0.02016,0.0052,-0.0011,0.01098,0.01556,0.01933,1,1,-0.350,-0.332,in_circle
135.592,1,2968,0.00505,0.02043,-0.0071,0.0061,0.00987,0.01524,0.01932,1,1,-0.354,-0.331,in_circle
135.636,1,2969,0.00524,0.02026,0.0044,-0.0039,0.01148,0.01538,0.01932,1,1,-0.304,-0.361,in_circle
135.679,1,2970,0.00560,0.02023,0.0082,-0.0006,0.01070,0.01492,0.01955,1,1,-0.350,-0.320,in_circle
135.725,1,2971,0.00543,0.02030,-0.0038,0.0015,0.01091,0.01563,0.01948,1,1,-0.366,-0.333,in_circle
135.768,1,2972,0.00503,0.02024,-0.0091,-0.0013,0.01267,0.01544,0.01917,1,1,-0.318,-0.342,in_circle
135.813,1,2973,0.00507,0.02008,0.0009,-0.0038,0.01154,0.01641,0.01907,1,1,-0.296,-0.330,in_circle
135.857,1,2974,0.00551,0.02000,0.0099,-0.0017,0.01163,0.01560,0.01932,1,1,-0.336,-0.320,in_circle
135.899,1,2975,0.00537,0.02024,-0.0033,0.0058,0.01075,0.01519,0.01940,1,1,-0.373,-0.328,in_circle
135.946,1,2976,0.00583,0.02047,0.0099,0.0048,0.01112,0.01568,0.01988,1,1,-0.320,-0.359,in_circle
135.988,1,2977,0.00515,0.02030,-0.0163,-0.0039,0.01160,0.01466,0.01930,1,1,-0.374,-0.355,in_circle
136.033,1,2978,0.00527,0.02028,0.0025,-0.0005,0.01128,0.01465,0.01936,1,1,-0.267,-0.320,in_circle
136.077,1,2979,0.00511,0.02019,-0.0035,-0.0020,0.01053,0.01280,0.01919,1,1,-0.343,-0.334,in_circle
136.120,1,2980,0.00487,0.02021,-0.0058,0.0005,0.00905,0.01582,0.01903,1,1,-0.318,-0.327,in_circle
136.165,1,2981,0.00515,0.02008,0.0063,-0.0029,0.00935,0.01470,0.01913,1,1,-0.308,-0.337,in_circle
136.210,1,2982,0.00552,0.02018,0.0082,0.0022,0.00956,0.01493,0.01945,1,1,-0.358,-0.323,in_circle
136.253,1,2983,0.00508,0.02038,-0.0101,0.0047,0.00967,0.01605,0.01931,1,1,-0.366,-0.344,in_circle
136.297,1,2984,0.00524,0.02023,0.0034,-0.0034,0.00958,0.01468,0.01930,1,1,-0.292,-0.355,in_circle
136.339,1,2985,0.00511,0.02014,-0.0030,-0.0022,0.00953,0.01454,0.01915,1,1,-0.346,-0.322,in_circle
136.384,1,2986,0.00568,0.02036,0.0125,0.0049,0.00967,0.01605,0.01969,1,1,-0.320,-0.327,in_circle
136.474,1,2987,0.00533,0.02038,-0.0038,0.0002,0.00961,0.01582,0.01947,1,1,-0.384,-0.356,in_circle
136.516,1,2988,0.00540,0.02024,0.0017,-0.0034,0.00970,0.01435,0.01942,1,1,-0.317,-0.337,in_circle
136.560,1,2989,0.00522,0.02029,-0.0042,0.0012,0.01098,0.01460,0.01933,1,1,-0.340,-0.322,in_circle
136.605,1,2990,0.00502,0.02014,-0.0044,-0.0033,0.01078,0.01624,0.01909,1,1,-0.316,-0.340,in_circle
136.647,1,2991,0.00521,0.02018,0.0046,0.0011,0.01130,0.01478,0.01925,1,1,-0.314,-0.322,in_circle
136.692,1,2992,0.00509,0.01977,-0.0027,-0.0091,0.00925,0.01456,0.01887,1,1,-0.351,-0.340,in_circle
136.740,1,2993,0.00579,0.02028,0.0145,0.0106,0.00894,0.01379,0.01971,1,1,-0.321,-0.298,in_circle
136.780,1,2994,0.00516,0.02038,-0.0158,0.0025,0.00958,0.01298,0.01936,1,1,-0.392,-0.378,in_circle
136.823,1,2995,0.00522,0.01992,0.0014,-0.0104,0.00825,0.01538,0.01907,1,1,-0.269,-0.346,in_circle
136.870,1,2996,0.00485,0.02021,-0.0081,0.0060,0.00996,0.01500,0.01902,1,1,-0.338,-0.293,in_circle
136.911,1,2997,0.00507,0.02013,0.0054,-0.0019,0.00889,0.01651,0.01911,1,1,-0.299,-0.360,in_circle
136.957,1,2998,0.00510,0.02004,0.0007,-0.0020,0.00941,0.01592,0.01906,1,1,-0.354,-0.328,in_circle
136.999,1,2999,0.00516,0.02025,0.0014,0.0051,0.01126,0.01534,0.01926,1,1,-0.335,-0.327,in_circle
137.043,1,3000,0.00534,0.02019,0.0042,-0.0015,0.01022,0.01476,0.01934,1,1,-0.338,-0.356,in_circle
137.091,1,3001,0.00538,0.02008,0.0009,-0.0021,0.00911,0.01510,0.01929,1,1,-0.349,-0.330,in_circle
137.132,1,3002,0.00537,0.02024,-0.0002,0.0036,0.01036,0.01563,0.01939,1,1,-0.336,-0.327,in_circle
137.177,1,3003,0.00496,0.02012,-0.0090,-0.0026,0.00905,0.01478,0.01903,1,1,-0.332,-0.350,in_circle
137.220,1,3004,0.00506,0.02002,0.0022,-0.0023,0.01086,0.01584,0.01903,1,1,-0.296,-0.325,in_circle
137.265,1,3005,0.00543,0.01990,0.0081,-0.0026,0.01108,0.01553,0.01919,1,1,-0.341,-0.326,in_circle
137.309,1,3006,0.00503,0.02014,-0.0093,0.0054,0.01136,0.01611,0.01909,1,1,-0.366,-0.324,in_circle
137.352,1,3007,0.00505,0.02033,0.0005,0.0045,0.01057,0.01546,0.01925,1,1,-0.295,-0.357,in_circle
137.396,1,3008,0.00523,0.02036,0.0042,0.0007,0.01132,0.01462,0.01939,1,1,-0.334,-0.354,in_circle
137.442,1,3009,0.00503,0.02015,-0.0045,-0.0045,0.01069,0.01612,0.01910,1,1,-0.349,-0.339,in_circle
137.483,1,3010,0.00520,0.02012,0.0041,-0.0008,0.00984,0.01541,0.01920,1,1,-0.314,-0.317,in_circle
137.527,1,3011,0.00538,0.02006,0.0041,-0.0015,0.01018,0.01499,0.01927,1,1,-0.349,-0.332,in_circle
137.572,1,3012,0.00513,0.02043,-0.0056,0.0082,0.01003,0.01520,0.01937,1,1,-0.349,-0.329,in_circle
137.617,1,3013,0.00515,0.02032,0.0005,-0.0024,0.01191,0.01502,0.01931,1,1,-0.310,-0.369,in_circle
137.663,1,3014,0.00538,0.02020,0.0052,-0.0027,0.01125,0.01493,0.01937,1,1,-0.334,-0.326,in_circle
137.705,1,3015,0.00535,0.02048,-0.0007,0.0066,0.01270,0.01571,0.01956,1,1,-0.354,-0.325,in_circle
137.748,1,3016,0.00544,0.01986,0.0020,-0.0146,0.01034,0.01464,0.01917,1,1,-0.330,-0.362,in_circle
137.792,1,3017,0.00570,0.02029,0.0058,0.0096,0.01029,0.01447,0.01966,1,1,-0.341,-0.276,in_circle
137.836,1,3018,0.00542,0.02006,-0.0063,-0.0054,0.00962,0.01431,0.01930,1,1,-0.357,-0.374,in_circle
137.879,1,3019,0.00540,0.02045,-0.0006,0.0090,0.00766,0.01453,0.01957,1,1,-0.308,-0.313,in_circle
137.925,1,3020,0.00486,0.02012,-0.0119,-0.0072,0.01107,0.01500,0.01896,1,1,-0.331,-0.372,in_circle
137.968,1,3021,0.00521,0.02012,0.0082,-0.0001,0.00950,0.01469,0.01920,1,1,-0.284,-0.307,in_circle
138.013,1,3022,0.00498,0.02042,-0.0051,0.0068,0.01189,0.01562,0.01927,1,1,-0.365,-0.335,in_circle
138.056,1,3023,0.00565,0.02038,0.0157,-0.0010,0.00774,0.01502,0.01969,1,1,-0.311,-0.363,in_circle
138.101,1,3024,0.00491,0.02025,-0.0162,-0.0028,0.01020,0.01511,0.01910,1,1,-0.396,-0.332,in_circle
138.143,1,3025,0.00579,0.02043,0.0211,0.0043,0.01049,0.01555,0.01982,1,1,-0.267,-0.324,in_circle
138.187,1,3026,0.00520,0.02017,-0.0133,-0.0058,0.01231,0.01521,0.01923,1,1,-0.418,-0.353,in_circle
138.231,1,3027,0.00519,0.02039,-0.0002,0.0051,0.01021,0.01552,0.01939,1,1,-0.279,-0.312,in_circle
138.277,1,3028,0.00514,0.02042,-0.0012,0.0007,0.01111,0.01534,0.01937,1,1,-0.331,-0.356,in_circle
138.320,1,3029,0.00538,0.02048,0.0056,0.0014,0.01033,0.01437,0.01958,1,1,-0.328,-0.339,in_circle
138.364,1,3030,0.00527,0.02019,-0.0026,-0.0067,0.00947,0.01581,0.01929,1,1,-0.356,-0.342,in_circle
138.409,1,3031,0.00525,0.02020,-0.0003,0.0003,0.01229,0.01424,0.01929,1,1,-0.322,-0.309,in_circle
138.495,1,3032,0.00478,0.02012,-0.0056,-0.0009,0.01003,0.01513,0.01891,1,1,-0.331,-0.337,in_circle
138.540,1,3033,0.00560,0.02022,0.0184,0.0022,0.00959,0.01492,0.01954,1,1,-0.309,-0.332,in_circle
138.583,1,3034,0.00571,0.02047,0.0026,0.0057,0.01019,0.01491,0.01980,1,1,-0.407,-0.344,in_circle
138.628,1,3035,0.00527,0.02029,-0.0098,-0.0041,0.00942,0.01547,0.01936,1,1,-0.344,-0.359,in_circle
138.672,1,3036,0.00515,0.02066,-0.0027,0.0085,0.01110,0.01266,0.01956,1,1,-0.293,-0.319,in_circle
138.717,1,3037,0.00503,0.02010,-0.0026,-0.0125,0.01163,0.01412,0.01906,1,1,-0.322,-0.371,in_circle
138.761,1,3038,0.00522,0.02031,0.0044,0.0049,0.01137,0.01484,0.01935,1,1,-0.322,-0.285,in_circle
138.805,1,3039,0.00514,0.02030,-0.0018,-0.0004,0.01309,0.01514,0.01928,1,1,-0.350,-0.356,in_circle
138.848,1,3040,0.00519,0.02031,0.0010,0.0004,0.01007,0.01563,0.01933,1,1,-0.325,-0.334,in_circle
138.893,1,3041,0.00538,0.02005,0.0042,-0.0059,0.01163,0.01560,0.01926,1,1,-0.337,-0.337,in_circle
138.935,1,3042,0.00486,0.02023,-0.0122,0.0043,0.00958,0.01462,0.01905,1,1,-0.350,-0.312,in_circle
138.980,1,3043,0.00511,0.02044,0.0057,0.0047,0.01102,0.01441,0.01937,1,1,-0.283,-0.353,in_circle
139.024,1,3044,0.00533,0.02049,0.0048,0.0012,0.00792,0.01385,0.01955,1,1,-0.355,-0.355,in_circle
139.068,1,3045,0.00503,0.02025,-0.0066,-0.0055,0.01102,0.01697,0.01917,1,1,-0.352,-0.341,in_circle
139.113,1,3046,0.00482,0.02034,-0.0047,0.0020,0.00988,0.01526,0.01910,1,1,-0.306,-0.313,in_circle
139.157,1,3047,0.00521,0.02031,0.0088,-0.0006,0.00973,0.01485,0.01934,1,1,-0.313,-0.344,in_circle
139.202,1,3048,0.00536,0.02032,0.0034,0.0002,0.01001,0.01421,0.01945,1,1,-0.368,-0.333,in_circle
139.243,1,3049,0.00537,0.02009,0.0003,-0.0056,0.01026,0.01554,0.01929,1,1,-0.346,-0.336,in_circle
139.289,1,3050,0.00497,0.02016,-0.0089,0.0015,0.00891,0.01561,0.01906,1,1,-0.334,-0.313,in_circle
139.332,1,3051,0.00506,0.02019,0.0021,0.0008,0.00783,0.01468,0.01915,1,1,-0.296,-0.341,in_circle
139.377,1,3052,0.00503,0.02034,-0.0007,0.0032,0.00765,0.01538,0.01924,1,1,-0.341,-0.339,in_circle
139.420,1,3053,0.00517,0.02011,0.0033,-0.0052,0.00918,0.01561,0.01917,1,1,-0.329,-0.349,in_circle
139.464,1,3054,0.00536,0.02051,0.0045,0.0091,0.01088,0.01587,0.01959,1,1,-0.345,-0.314,in_circle
139.509,1,3055,0.00522,0.02045,-0.0033,-0.0013,0.00968,0.01587,0.01945,1,1,-0.351,-0.373,in_circle
139.552,1,3056,0.00526,0.02018,0.0010,-0.0063,0.01156,0.01554,0.01928,1,1,-0.320,-0.331,in_circle
139.597,1,3057,0.00502,0.02035,-0.0052,0.0038,0.01313,0.01541,0.01925,1,1,-0.337,-0.310,in_circle
139.640,1,3058,0.00505,0.02033,0.0006,-0.0006,0.01216,0.01617,0.01925,1,1,-0.311,-0.351,in_circle
139.685,1,3059,0.00492,0.02034,-0.0030,0.0003,0.01279,0.01508,0.01917,1,1,-0.335,-0.333,in_circle
139.728,1,3060,0.00488,0.02005,-0.0009,-0.0067,0.01265,0.01609,0.01892,1,1,-0.320,-0.337,in_circle
139.773,1,3061,0.00481,0.02021,-0.0015,0.0037,0.01190,0.01510,0.01900,1,1,-0.328,-0.308,in_circle
139.817,1,3062,0.00573,0.02018,0.0213,-0.0009,0.01172,0.01542,0.01960,1,1,-0.325,-0.350,in_circle
139.861,1,3063,0.00534,0.02040,-0.0089,0.0051,0.01044,0.01570,0.01949,1,1,-0.419,-0.332,in_circle
139.906,1,3064,0.00478,0.02021,-0.0124,-0.0043,0.01080,0.01571,0.01897,1,1,-0.297,-0.356,in_circle
139.947,1,3065,0.00514,0.02034,0.0088,0.0033,0.01115,0.01413,0.01932,1,1,-0.282,-0.318,in_circle
139.993,1,3066,0.00539,0.02021,0.0055,-0.0028,0.01064,0.01480,0.01939,1,1,-0.368,-0.349,in_circle
140.036,1,3067,0.00527,0.02019,-0.0028,-0.0005,0.00968,0.01473,0.01930,1,1,-0.355,-0.324,in_circle
140.080,1,3068,0.00518,0.02046,-0.0021,0.0061,0.01002,0.01289,0.01943,1,1,-0.322,-0.334,in_circle
140.125,1,3069,0.00517,0.02028,-0.0002,-0.0041,0.00958,0.01472,0.01929,1,1,-0.324,-0.360,in_circle
140.169,1,3070,0.00508,0.02037,-0.0020,0.0021,0.01053,0.01340,0.01930,1,1,-0.332,-0.319,in_circle
140.212,1,3071,0.00565,0.02003,0.0131,-0.0078,0.01101,0.01389,0.01944,1,1,-0.324,-0.344,in_circle
140.256,1,3072,0.00510,0.02016,-0.0126,0.0030,0.00984,0.01550,0.01916,1,1,-0.386,-0.304,in_circle
140.301,1,3073,0.00553,0.02012,0.0097,-0.0010,0.00961,0.01427,0.01942,1,1,-0.282,-0.347,in_circle
140.343,1,3074,0.00525,0.02043,-0.0065,0.0073,0.00774,0.01419,0.01946,1,1,-0.372,-0.331,in_circle
140.390,1,3075,0.00520,0.02023,-0.0012,-0.0043,0.00834,0.01649,0.01927,1,1,-0.307,-0.365,in_circle
140.431,1,3076,0.00541,0.02015,0.0051,-0.0019,0.01016,0.01435,0.01936,1,1,-0.328,-0.318,in_circle
140.521,1,3077,0.00479,0.02028,-0.0069,0.0014,0.00969,0.01416,0.01904,1,1,-0.354,-0.328,in_circle
140.567,1,3078,0.00541,0.02037,0.0133,0.0019,0.00892,0.01578,0.01952,1,1,-0.304,-0.341,in_circle
140.611,1,3079,0.00518,0.02025,-0.0052,-0.0028,0.00957,0.01473,0.01927,1,1,-0.386,-0.344,in_circle
140.652,1,3080,0.00515,0.02022,-0.0008,-0.0007,0.00940,0.01450,0.01923,1,1,-0.312,-0.325,in_circle
140.697,1,3081,0.00519,0.02015,0.0009,-0.0014,0.00981,0.01440,0.01921,1,1,-0.329,-0.333,in_circle
140.739,1,3082,0.00537,0.02015,0.0043,-0.0002,0.01157,0.01484,0.01933,1,1,-0.336,-0.330,in_circle
140.784,1,3083,0.00515,0.02036,-0.0049,0.0049,0.01000,0.01459,0.01934,1,1,-0.350,-0.335,in_circle
140.827,1,3084,0.00537,0.02020,0.0051,-0.0039,0.01017,0.01531,0.01937,1,1,-0.313,-0.356,in_circle
140.872,1,3085,0.00536,0.02014,-0.0004,-0.0013,0.01062,0.01640,0.01931,1,1,-0.353,-0.320,in_circle
140.918,1,3086,0.00532,0.02014,-0.0009,-0.0001,0.01057,0.01546,0.01929,1,1,-0.331,-0.330,in_circle
140.962,1,3087,0.00533,0.02019,0.0003,0.0012,0.01123,0.01415,0.01933,1,1,-0.329,-0.335,in_circle
141.006,1,3088,0.00569,0.02031,0.0083,0.0028,0.01078,0.01514,0.01967,1,1,-0.334,-0.340,in_circle
141.048,1,3089,0.00512,0.01997,-0.0136,-0.0081,0.00975,0.01513,0.01903,1,1,-0.367,-0.347,in_circle
141.091,1,3090,0.00532,0.02015,0.0048,0.0042,0.01024,0.01449,0.01930,1,1,-0.278,-0.303,in_circle
141.137,1,3091,0.00484,0.02032,-0.0104,0.0037,0.01204,0.01415,0.01910,1,1,-0.352,-0.352,in_circle
141.180,1,3092,0.00535,0.02032,0.0119,-0.0001,0.00933,0.01673,0.01944,1,1,-0.290,-0.351,in_circle
141.224,1,3093,0.00569,0.02015,0.0078,-0.0038,0.00981,0.01568,0.01955,1,1,-0.380,-0.335,in_circle
141.269,1,3094,0.00512,0.02007,-0.0127,-0.0018,0.00948,0.01560,0.01910,1,1,-0.365,-0.320,in_circle
141.313,1,3095,0.00537,0.02039,0.0058,0.0072,0.01120,0.01468,0.01951,1,1,-0.281,-0.328,in_circle
141.357,1,3096,0.00494,0.02032,-0.0098,-0.0014,0.01218,0.01485,0.01917,1,1,-0.356,-0.365,in_circle
141.400,1,3097,0.00505,0.02032,0.0024,-0.0000,0.01141,0.01513,0.01924,1,1,-0.293,-0.330,in_circle
141.446,1,3098,0.00529,0.02009,0.0053,-0.0050,0.01153,0.01563,0.01923,1,1,-0.342,-0.336,in_circle
141.488,1,3099,0.00529,0.02026,0.0001,0.0037,0.01153,0.01563,0.01935,1,1,-0.354,-0.315,in_circle
141.532,1,3100,0.00531,0.02021,0.0005,-0.0009,0.01096,0.01575,0.01934,1,1,-0.333,-0.351,in_circle
141.576,1,3101,0.00526,0.02055,-0.0012,0.0076,0.00850,0.01554,0.01955,1,1,-0.335,-0.332,in_circle
141.620,1,3102,0.00522,0.02028,-0.0009,-0.0062,0.00997,0.01511,0.01932,1,1,-0.328,-0.367,in_circle
141.665,1,3103,0.00535,0.02020,0.0030,-0.0017,0.00980,0.01542,0.01936,1,1,-0.329,-0.311,in_circle
141.711,1,3104,0.00483,0.02049,-0.0112,0.0061,0.01151,0.01538,0.01922,1,1,-0.345,-0.329,in_circle
141.753,1,3105,0.00547,0.02024,0.0153,-0.0058,0.00974,0.01502,0.01947,1,1,-0.287,-0.361,in_circle
141.797,1,3106,0.00575,0.02027,0.0064,0.0005,0.00971,0.01521,0.01968,1,1,-0.394,-0.312,in_circle
141.839,1,3107,0.00502,0.02005,-0.0173,-0.0051,0.00931,0.01556,0.01902,1,1,-0.359,-0.338,in_circle
141.884,1,3108,0.00490,0.02018,-0.0027,0.0028,0.00928,0.01249,0.01903,1,1,-0.263,-0.315,in_circle
141.927,1,3109,0.00526,0.02036,0.0083,0.0042,0.01098,0.01362,0.01941,1,1,-0.321,-0.347,in_circle
141.973,1,3110,0.00496,0.02039,-0.0067,0.0008,0.01126,0.01537,0.01923,1,1,-0.366,-0.353,in_circle
142.018,1,3111,0.00484,0.02010,-0.0025,-0.0065,0.00879,0.01428,0.01894,1,1,-0.305,-0.339,in_circle
142.060,1,3112,0.00527,0.02024,0.0101,0.0034,0.00946,0.01529,0.01933,1,1,-0.322,-0.309,in_circle
142.105,1,3113,0.00509,0.02021,-0.0041,-0.0007,0.00974,0.01441,0.01918,1,1,-0.373,-0.349,in_circle
142.148,1,3114,0.00519,0.02048,0.0023,0.0063,0.01020,0.01495,0.01945,1,1,-0.316,-0.333,in_circle
142.193,1,3115,0.00495,0.02031,-0.0053,-0.0039,0.01180,0.01539,0.01917,1,1,-0.342,-0.361,in_circle
142.235,1,3116,0.00535,0.02038,0.0094,0.0016,0.01014,0.01622,0.01948,1,1,-0.311,-0.320,in_circle
142.280,1,3117,0.00532,0.02009,-0.0005,-0.0063,0.01060,0.01517,0.01926,1,1,-0.371,-0.342,in_circle
142.325,1,3118,0.00547,0.02012,0.0033,0.0006,0.01080,0.01384,0.01938,1,1,-0.331,-0.310,in_circle
142.369,1,3119,0.00494,0.02037,-0.0122,0.0059,0.01019,0.01491,0.01921,1,1,-0.347,-0.338,in_circle
142.412,1,3120,0.00517,0.02027,0.0052,-0.0023,0.00828,0.01545,0.01928,1,1,-0.283,-0.359,in_circle
142.456,1,3121,0.00558,0.02031,0.0094,0.0008,0.01064,0.01409,0.01959,1,1,-0.353,-0.327,in_circle
142.544,1,3122,0.00499,0.01986,-0.0068,-0.0052,0.01182,0.01506,0.01886,1,1,-0.371,-0.339,in_circle
142.587,1,3123,0.00517,0.02031,0.0043,0.0106,0.01019,0.01491,0.01932,1,1,-0.305,-0.314,in_circle
142.633,1,3124,0.00492,0.02022,-0.0056,-0.0020,0.01211,0.01449,0.01908,1,1,-0.349,-0.378,in_circle
142.676,1,3125,0.00531,0.02019,0.0093,-0.0007,0.01012,0.01479,0.01932,1,1,-0.310,-0.327,in_circle
142.722,1,3126,0.00536,0.02030,0.0010,0.0025,0.01229,0.01485,0.01944,1,1,-0.370,-0.333,in_circle
142.764,1,3127,0.00516,0.02014,-0.0046,-0.0038,0.01128,0.01604,0.01919,1,1,-0.337,-0.346,in_circle
142.810,1,3128,0.00521,0.02028,0.0011,0.0030,0.01268,0.01468,0.01932,1,1,-0.314,-0.320,in_circle
142.852,1,3129,0.00555,0.02019,0.0081,-0.0021,0.01084,0.01519,0.01949,1,1,-0.337,-0.348,in_circle
142.897,1,3130,0.00523,0.02011,-0.0069,-0.0017,0.01035,0.01592,0.01921,1,1,-0.366,-0.327,in_circle
142.949,1,3131,0.00558,0.02037,0.0067,0.0049,0.01142,0.01487,0.01964,1,1,-0.305,-0.328,in_circle
142.985,1,3132,0.00596,0.02039,0.0106,0.0006,0.01069,0.01449,0.01991,1,1,-0.360,-0.355,in_circle
143.029,1,3133,0.00507,0.02013,-0.0203,-0.0058,0.01019,0.01455,0.01911,1,1,-0.377,-0.338,in_circle
143.072,1,3134,0.00498,0.01983,-0.0021,-0.0069,0.01080,0.01442,0.01883,1,1,-0.251,-0.312,in_circle
143.118,1,3135,0.00510,0.02017,0.0026,0.0073,0.01118,0.01502,0.01916,1,1,-0.324,-0.307,in_circle
143.160,1,3136,0.00530,0.02040,0.0047,0.0055,0.00801,0.01646,0.01946,1,1,-0.343,-0.365,in_circle
143.205,1,3137,0.00557,0.02022,0.0060,-0.0039,0.00804,0.01619,0.01952,1,1,-0.351,-0.358,in_circle
143.249,1,3138,0.00508,0.02020,-0.0113,-0.0004,0.00945,0.01618,0.01917,1,1,-0.357,-0.320,in_circle
143.292,1,3139,0.00490,0.02030,-0.0040,0.0023,0.00964,0.01672,0.01913,1,1,-0.287,-0.334,in_circle
143.337,1,3140,0.00518,0.02031,0.0063,0.0002,0.01006,0.01641,0.01932,1,1,-0.316,-0.345,in_circle
143.381,1,3141,0.00539,0.02018,0.0047,-0.0030,0.00949,0.01623,0.01937,1,1,-0.358,-0.336,in_circle
143.424,1,3142,0.00559,0.02034,0.0045,0.0037,0.01032,0.01588,0.01962,1,1,-0.352,-0.323,in_circle
143.468,1,3143,0.00587,0.02023,0.0062,-0.0025,0.00983,0.01476,0.01973,1,1,-0.352,-0.351,in_circle
143.512,1,3144,0.00533,0.02037,-0.0123,0.0032,0.00942,0.01646,0.01946,1,1,-0.359,-0.326,in_circle
143.557,1,3145,0.00497,0.02022,-0.0082,-0.0033,0.01053,0.01661,0.01911,1,1,-0.284,-0.349,in_circle
143.600,1,3146,0.00490,0.02035,-0.0016,0.0030,0.01020,0.01495,0.01916,1,1,-0.299,-0.322,in_circle
143.645,1,3147,0.00530,0.02036,0.0089,0.0002,0.01078,0.01514,0.01944,1,1,-0.325,-0.348,in_circle
143.688,1,3148,0.00530,0.02030,0.0001,-0.0013,0.00955,0.01494,0.01940,1,1,-0.368,-0.337,in_circle
143.733,1,3149,0.00497,0.02041,-0.0074,0.0023,0.01020,0.01474,0.01925,1,1,-0.333,-0.330,in_circle
143.776,1,3150,0.00506,0.02016,0.0021,-0.0058,0.00967,0.01605,0.01912,1,1,-0.302,-0.345,in_circle
143.821,1,3151,0.00512,0.02020,0.0013,0.0009,0.01078,0.01514,0.01919,1,1,-0.340,-0.312,in_circle
143.864,1,3152,0.00493,0.02014,-0.0042,-0.0013,0.01046,0.01409,0.01903,1,1,-0.337,-0.339,in_circle
143.909,1,3153,0.00522,0.02026,0.0065,0.0026,0.00967,0.01605,0.01931,1,1,-0.315,-0.330,in_circle
143.953,1,3154,0.00532,0.02036,0.0021,0.0023,0.00983,0.01476,0.01945,1,1,-0.358,-0.346,in_circle
143.996,1,3155,0.00534,0.02025,0.0005,-0.0024,0.00888,0.01600,0.01938,1,1,-0.341,-0.345,in_circle
144.040,1,3156,0.00513,0.02039,-0.0046,0.0031,0.01024,0.01545,0.01935,1,1,-0.335,-0.326,in_circle
144.084,1,3157,0.00510,0.02015,-0.0007,-0.0055,0.00979,0.01603,0.01915,1,1,-0.314,-0.348,in_circle
144.128,1,3158,0.00493,0.02024,-0.0039,0.0022,0.00938,0.01561,0.01910,1,1,-0.329,-0.313,in_circle
144.173,1,3159,0.00513,0.02027,0.0047,0.0005,0.01085,0.01507,0.01926,1,1,-0.316,-0.344,in_circle
144.217,1,3160,0.00536,0.02009,0.0051,-0.0040,0.01151,0.01418,0.01928,1,1,-0.351,-0.338,in_circle
144.261,1,3161,0.00557,0.02012,0.0047,0.0006,0.01154,0.01421,0.01944,1,1,-0.353,-0.319,in_circle
144.304,1,3162,0.00546,0.02012,-0.0025,0.0000,0.01102,0.01441,0.01937,1,1,-0.352,-0.338,in_circle
144.348,1,3163,0.00512,0.02036,-0.0077,0.0055,0.01058,0.01369,0.01932,1,1,-0.323,-0.335,in_circle
144.393,1,3164,0.00482,0.02032,-0.0068,-0.0009,0.00973,0.01661,0.01909,1,1,-0.302,-0.358,in_circle
144.435,1,3165,0.00519,0.02026,0.0088,-0.0015,0.01173,0.01538,0.01929,1,1,-0.304,-0.332,in_circle
144.480,1,3166,0.00478,0.02028,-0.0091,0.0006,0.01147,0.01528,0.01904,1,1,-0.368,-0.330,in_circle
144.570,1,3167,0.00560,0.02033,0.0091,0.0005,0.01062,0.01392,0.01962,1,1,-0.295,-0.338,in_circle
144.613,1,3168,0.00516,0.02013,-0.0102,-0.0047,0.00895,0.01510,0.01918,1,1,-0.370,-0.338,in_circle
144.658,1,3169,0.00486,0.02022,-0.0067,0.0019,0.01120,0.01524,0.01904,1,1,-0.292,-0.317,in_circle
144.700,1,3170,0.00519,0.02023,0.0079,0.0004,0.01152,0.01402,0.01927,1,1,-0.305,-0.343,in_circle
144.744,1,3171,0.00527,0.02025,0.0018,0.0003,0.01071,0.01606,0.01933,1,1,-0.364,-0.337,in_circle
144.788,1,3172,0.00522,0.02028,-0.0011,0.0007,0.01021,0.01557,0.01932,1,1,-0.340,-0.337,in_circle
144.832,1,3173,0.00530,0.02004,0.0017,-0.0056,0.01011,0.01550,0.01920,1,1,-0.328,-0.339,in_circle
144.877,1,3174,0.00517,0.02036,-0.0028,0.0071,0.01209,0.01484,0.01935,1,1,-0.340,-0.313,in_circle
144.920,1,3175,0.00553,0.02041,0.0084,0.0012,0.01074,0.01621,0.01963,1,1,-0.321,-0.364,in_circle
144.965,1,3176,0.00493,0.02054,-0.0134,0.0028,0.01063,0.01499,0.01932,1,1,-0.367,-0.341,in_circle
145.009,1,3177,0.00528,0.02034,0.0080,-0.0046,0.01088,0.01494,0.01941,1,1,-0.278,-0.348,in_circle
145.053,1,3178,0.00483,0.02019,-0.0102,-0.0035,0.01037,0.01445,0.01899,1,1,-0.365,-0.317,in_circle
145.098,1,3179,0.00546,0.02013,0.0138,-0.0013,0.00917,0.01545,0.01937,1,1,-0.291,-0.321,in_circle
145.139,1,3180,0.00500,0.02016,-0.0112,0.0008,0.00951,0.01582,0.01908,1,1,-0.388,-0.330,in_circle
145.184,1,3181,0.00504,0.02011,0.0010,-0.0010,0.00949,0.01606,0.01908,1,1,-0.287,-0.339,in_circle
145.228,1,3182,0.00520,0.02020,0.0035,0.0019,0.01020,0.01511,0.01925,1,1,-0.336,-0.331,in_circle
145.272,1,3183,0.00497,0.02034,-0.0052,0.0032,0.01024,0.01586,0.01920,1,1,-0.347,-0.343,in_circle
145.317,1,3184,0.00519,0.02024,0.0050,-0.0022,0.01008,0.01447,0.01928,1,1,-0.311,-0.349,in_circle
145.361,1,3185,0.00490,0.02004,-0.0066,-0.0046,0.01041,0.01568,0.01894,1,1,-0.353,-0.327,in_circle
145.404,1,3186,0.00548,0.02040,0.0134,0.0082,0.00939,0.01638,0.01959,1,1,-0.305,-0.317,in_circle
145.449,1,3187,0.00535,0.02005,-0.0030,-0.0076,0.00911,0.01654,0.01925,1,1,-0.387,-0.369,in_circle
145.492,1,3188,0.00514,0.02027,-0.0049,0.0050,0.01094,0.01586,0.01926,1,1,-0.321,-0.305,in_circle
145.536,1,3189,0.00507,0.02020,-0.0015,-0.0015,0.01221,0.01369,0.01917,1,1,-0.313,-0.356,in_circle
145.580,1,3190,0.00536,0.02014,0.0065,-0.0013,0.00925,0.01456,0.01932,1,1,-0.326,-0.329,in_circle
145.624,1,3191,0.00491,0.02030,-0.0103,0.0036,0.01256,0.01376,0.01913,1,1,-0.359,-0.330,in_circle
145.669,1,3192,0.00538,0.02042,0.0107,0.0028,0.01259,0.01363,0.01954,1,1,-0.291,-0.350,in_circle
145.714,1,3193,0.00517,0.01990,-0.0048,-0.0117,0.00938,0.01512,0.01901,1,1,-0.376,-0.347,in_circle
145.756,1,3194,0.00518,0.02029,0.0003,0.0091,0.00927,0.01584,0.01930,1,1,-0.313,-0.288,in_circle
145.802,1,3195,0.00520,0.02044,0.0005,0.0033,0.00965,0.01521,0.01943,1,1,-0.334,-0.372,in_circle
145.845,1,3196,0.00534,0.02028,0.0030,-0.0036,0.00935,0.01545,0.01940,1,1,-0.335,-0.349,in_circle
145.889,1,3197,0.00502,0.02024,-0.0071,-0.0009,0.01108,0.01468,0.01916,1,1,-0.345,-0.321,in_circle
145.934,1,3198,0.00516,0.02015,0.0029,-0.0020,0.00875,0.01565,0.01918,1,1,-0.304,-0.332,in_circle
145.977,1,3199,0.00505,0.02015,-0.0025,0.0000,0.01094,0.01493,0.01911,1,1,-0.344,-0.327,in_circle
