t,episode,step,xb,yb,vx,vy,alpha,beta,dist,in_circle,ball_found,a0,a1,status
1.609,1,0,0.13830,-0.11377,-0.0125,0.0005,-0.01190,0.05371,0.18892,0,1,-1.000,1.000,running
1.697,1,1,0.13792,-0.11370,-0.0209,0.0038,-0.03341,0.04088,0.18858,0,1,-1.000,1.000,running
1.742,1,2,0.13778,-0.11356,-0.0077,0.0076,-0.04707,0.01745,0.18838,0,1,-1.000,1.000,running
1.785,1,3,0.13782,-0.11314,0.0021,0.0233,-0.06512,-0.00836,0.18814,0,1,-1.000,1.000,running
1.828,1,4,0.13764,-0.11304,-0.0095,0.0055,-0.10543,-0.04526,0.18795,0,1,-1.000,1.000,running
1.875,1,5,0.13645,-0.11195,-0.0655,0.0597,-0.10040,-0.09249,0.18634,0,1,-1.000,1.000,running
1.917,1,6,0.13503,-0.11032,-0.0783,0.0897,-0.09904,-0.12533,0.18420,0,1,-1.000,1.000,running
1.962,1,7,0.13146,-0.10854,-0.1965,0.0982,-0.09877,-0.11112,0.18031,0,1,-1.000,1.000,running
2.006,1,8,0.12640,-0.10626,-0.2784,0.1250,-0.10061,-0.09016,0.17496,0,1,-1.000,1.000,running
2.049,1,9,0.11996,-0.10363,-0.3541,0.1450,-0.10508,-0.05698,0.16835,0,1,-1.000,1.000,running
2.094,1,10,0.11256,-0.09984,-0.4072,0.2083,-0.10865,-0.00651,0.16027,0,1,-1.000,1.000,running
2.138,1,11,0.10460,-0.09501,-0.4378,0.2659,-0.11418,0.04252,0.15111,0,1,-1.000,1.000,running
2.181,1,12,0.09700,-0.08853,-0.4177,0.3563,-0.11184,0.06540,0.14113,0,1,-1.000,1.000,running
2.228,1,13,0.08964,-0.08094,-0.4049,0.4173,-0.11454,0.04738,0.13059,0,1,0.311,1.000,running
2.270,1,14,0.08210,-0.07171,-0.4148,0.5076,-0.11217,0.01797,0.11883,0,1,0.322,-0.400,running
2.313,1,15,0.07423,-0.06165,-0.4330,0.5532,-0.10617,-0.00875,0.10633,0,1,0.380,-0.627,running
2.358,1,16,0.06599,-0.05034,-0.4532,0.6219,-0.10364,-0.00235,0.09284,0,1,0.456,-0.768,running
2.402,1,17,0.05711,-0.03809,-0.4882,0.6742,-0.07529,0.04757,0.07847,0,1,0.537,-0.800,running
2.445,1,18,0.04879,-0.02524,-0.4576,0.7063,-0.02645,0.11438,0.06464,0,1,0.800,-0.800,running
2.490,1,19,0.04237,-0.01288,-0.3531,0.6800,0.00672,0.16799,0.05360,0,1,0.800,-0.800,running
2.533,1,20,0.03664,-0.00054,-0.3153,0.6787,0.02873,0.18695,0.04491,1,1,0.800,-0.800,in_circle
2.578,1,21,0.03233,0.01164,-0.2369,0.6699,0.06659,0.18765,0.04052,1,1,0.800,-0.800,in_circle
2.637,1,22,0.03233,0.01164,0.0000,0.0000,0.09408,0.18875,0.04052,0,0,0.800,-0.800,in_circle
2.672,1,23,0.02918,0.03148,-0.1732,1.0914,0.09659,0.17613,0.04491,1,1,-0.101,-0.014,in_circle
2.710,1,24,0.03007,0.03869,0.0490,0.3966,0.09979,0.14864,0.05003,0,1,0.557,-0.800,running
2.755,1,25,0.03242,0.04432,0.1291,0.3094,0.08363,0.10963,0.05555,0,1,-0.290,-0.800,running
2.797,1,26,0.03539,0.04774,0.1633,0.1883,0.07957,0.06761,0.06006,0,1,-0.568,-0.800,running
2.841,1,27,0.03918,0.04994,0.2088,0.1210,0.07808,0.02859,0.06433,0,1,-0.673,-0.748,running
2.888,1,28,0.04261,0.05052,0.1887,0.0316,0.05028,-0.00041,0.06726,0,1,-0.800,-0.530,running
2.931,1,29,0.04475,0.05156,0.1175,0.0571,0.03140,-0.04605,0.06955,0,1,-0.744,-0.264,running
2.974,1,30,0.04592,0.05156,0.0643,-0.0001,0.00184,-0.10344,0.07043,0,1,-0.540,-0.342,running
3.018,1,31,0.04522,0.05167,-0.0387,0.0062,-0.03252,-0.13884,0.06997,0,1,-0.395,-0.183,running
3.062,1,32,0.04251,0.05201,-0.1486,0.0188,-0.04246,-0.12287,0.06818,0,1,-0.104,-0.200,running
3.107,1,33,0.03785,0.05342,-0.2564,0.0774,-0.03650,-0.06800,0.06582,0,1,0.230,-0.234,running
3.150,1,34,0.03264,0.05471,-0.2870,0.0709,-0.03119,0.00714,0.06330,0,1,0.588,-0.410,running
3.193,1,35,0.02651,0.05685,-0.3368,0.1178,-0.00812,0.07082,0.06134,0,1,0.732,-0.396,running
3.238,1,36,0.02044,0.05803,-0.3338,0.0648,0.03558,0.10218,0.05920,0,1,0.800,-0.552,running
3.282,1,37,0.01551,0.05813,-0.2712,0.0054,0.06537,0.12353,0.05710,0,1,0.800,-0.390,running
3.328,1,38,0.01182,0.05730,-0.2028,-0.0453,0.08959,0.15269,0.05493,0,1,0.800,-0.193,running
3.370,1,39,0.00991,0.05533,-0.1051,-0.1083,0.07588,0.18250,0.05242,0,1,0.626,-0.012,running
3.414,1,40,0.00993,0.05164,0.0008,-0.2030,0.02932,0.18431,0.04896,0,1,0.313,0.225,running
3.458,1,41,0.01186,0.04730,0.1062,-0.2387,-0.00402,0.16229,0.04574,0,1,-0.055,0.605,running
3.500,1,42,0.01480,0.04309,0.1619,-0.2315,-0.03096,0.11905,0.04344,1,1,-0.455,0.785,in_circle
3.547,1,43,0.01897,0.03923,0.2292,-0.2122,-0.06720,0.06428,0.04268,1,1,-0.686,0.795,in_circle
3.590,1,44,0.02289,0.03506,0.2154,-0.2297,-0.10120,0.01825,0.04226,1,1,-0.800,0.739,in_circle
3.635,1,45,0.02637,0.03293,0.1916,-0.1169,-0.10333,-0.02968,0.04351,1,1,-0.800,0.800,in_circle
3.722,1,46,0.03077,0.03030,0.2420,-0.1446,-0.10071,-0.10327,0.04559,0,1,-0.800,0.379,running
3.765,1,47,0.03026,0.03186,-0.0279,0.0855,-0.09763,-0.11859,0.04602,0,1,-0.800,0.479,running
3.810,1,48,0.02648,0.03427,-0.2079,0.1328,-0.09050,-0.10633,0.04444,1,1,-0.002,-0.394,in_circle
3.854,1,49,0.02195,0.03680,-0.2492,0.1388,-0.07402,-0.07994,0.04282,1,1,0.701,-0.585,in_circle
3.897,1,50,0.01641,0.04104,-0.3047,0.2335,-0.04153,-0.02769,0.04259,1,1,0.800,-0.621,in_circle
3.942,1,51,0.00942,0.04413,-0.3846,0.1700,-0.00502,0.03161,0.04184,1,1,0.800,-0.800,in_circle
3.985,1,52,0.00304,0.04734,-0.3508,0.1763,0.03239,0.09396,0.04274,1,1,0.800,-0.766,in_circle
4.030,1,53,-0.00351,0.05046,-0.3602,0.1714,0.05989,0.13646,0.04466,1,1,0.800,-0.795,in_circle
4.075,1,54,-0.00797,0.05146,-0.2453,0.0553,0.08990,0.16414,0.04546,1,1,0.800,-0.775,in_circle
4.118,1,55,-0.01044,0.05063,-0.1359,-0.0458,0.10052,0.17902,0.04471,1,1,0.800,-0.335,in_circle
4.162,1,56,-0.01121,0.04913,-0.0427,-0.0823,0.09318,0.17814,0.04327,1,1,0.525,0.053,in_circle
4.207,1,57,-0.01034,0.04551,0.0482,-0.1990,0.06738,0.16759,0.03960,1,1,0.174,0.203,in_circle
4.250,1,58,-0.00748,0.04063,0.1570,-0.2689,0.02531,0.14347,0.03463,1,1,-0.186,0.697,in_circle
4.296,1,59,-0.00339,0.03433,0.2254,-0.3462,-0.01160,0.10343,0.02867,1,1,-0.629,0.800,in_circle
4.338,1,60,0.00085,0.02889,0.2327,-0.2991,-0.03457,0.03753,0.02447,1,1,-0.800,0.800,in_circle
4.382,1,61,0.00519,0.02416,0.2390,-0.2601,-0.07157,-0.02722,0.02233,1,1,-0.800,0.800,in_circle
4.426,1,62,0.00823,0.02036,0.1670,-0.2091,-0.10081,-0.07317,0.02152,1,1,-0.800,0.800,in_circle
4.470,1,63,0.01110,0.01750,0.1579,-0.1574,-0.09817,-0.09518,0.02212,1,1,-0.708,0.800,in_circle
4.513,1,64,0.01083,0.01696,-0.0147,-0.0294,-0.10254,-0.09966,0.02162,1,1,-0.679,0.601,in_circle
4.559,1,65,0.00973,0.01635,-0.0603,-0.0335,-0.10112,-0.07731,0.02036,1,1,0.012,0.090,in_circle
4.601,1,66,0.00816,0.01886,-0.0866,0.1379,-0.09759,-0.03338,0.02050,1,1,0.198,0.108,in_circle
4.644,1,67,0.00425,0.02033,-0.2151,0.0809,-0.06382,0.02655,0.01872,1,1,0.306,-0.584,in_circle
4.691,1,68,0.00130,0.02348,-0.1623,0.1731,-0.01937,0.09194,0.01970,1,1,0.800,-0.359,in_circle
4.733,1,69,-0.00168,0.02659,-0.1637,0.1711,0.01289,0.13934,0.02148,1,1,0.627,-0.736,in_circle
4.777,1,70,-0.00366,0.02929,-0.1087,0.1483,0.04376,0.17213,0.02365,1,1,0.639,-0.736,in_circle
4.823,1,71,-0.00328,0.03200,0.0207,0.1493,0.07793,0.18064,0.02639,1,1,0.425,-0.651,in_circle
4.867,1,72,-0.00123,0.03263,0.1126,0.0345,0.09564,0.16243,0.02743,1,1,-0.094,-0.662,in_circle
4.909,1,73,0.00208,0.03225,0.1821,-0.0205,0.08488,0.13425,0.02805,1,1,-0.467,-0.205,in_circle
4.954,1,74,0.00621,0.02956,0.2274,-0.1483,0.07146,0.09268,0.02741,1,1,-0.753,0.017,in_circle
5.001,1,75,0.01224,0.02674,0.3314,-0.1548,0.03972,0.03708,0.02884,1,1,-0.800,0.534,in_circle
5.042,1,76,0.01722,0.02322,0.2743,-0.1936,-0.00845,-0.02007,0.03038,1,1,-0.800,0.567,in_circle
5.085,1,77,0.02064,0.01944,0.1881,-0.2080,-0.03581,-0.07035,0.03146,1,1,-0.800,0.732,in_circle
5.131,1,78,0.02372,0.01656,0.1689,-0.1587,-0.05751,-0.10700,0.03324,1,1,-0.800,0.798,in_circle
5.173,1,79,0.02462,0.01425,0.0496,-0.1266,-0.09578,-0.11830,0.03345,1,1,-0.754,0.608,in_circle
5.218,1,80,0.02291,0.01324,-0.0940,-0.0558,-0.09746,-0.09236,0.03155,1,1,-0.279,0.486,in_circle
5.261,1,81,0.02073,0.01273,-0.1200,-0.0281,-0.09989,-0.04912,0.02931,1,1,0.299,0.205,in_circle
5.306,1,82,0.01820,0.01338,-0.1388,0.0360,-0.09210,0.00895,0.02703,1,1,0.409,0.096,in_circle
5.349,1,83,0.01399,0.01401,-0.2320,0.0346,-0.04850,0.06153,0.02321,1,1,0.490,-0.162,in_circle
5.394,1,84,0.01097,0.01654,-0.1661,0.1388,-0.00965,0.10828,0.02152,1,1,0.800,-0.158,in_circle
5.440,1,85,0.00913,0.01918,-0.1011,0.1455,0.01539,0.14763,0.02145,1,1,0.618,-0.582,in_circle
5.482,1,86,0.00851,0.02070,-0.0341,0.0837,0.04210,0.17831,0.02196,1,1,0.362,-0.615,in_circle
5.526,1,87,0.00948,0.02068,0.0534,-0.0016,0.07573,0.18707,0.02267,1,1,0.096,-0.372,in_circle
5.572,1,88,0.01171,0.02134,0.1226,0.0364,0.09215,0.16255,0.02481,1,1,-0.257,-0.030,in_circle
5.615,1,89,0.01629,0.01961,0.2522,-0.0949,0.05924,0.11596,0.02767,1,1,-0.539,-0.184,in_circle
5.657,1,90,0.02141,0.01743,0.2816,-0.1201,0.01825,0.06163,0.03137,1,1,-0.800,0.346,in_circle
5.746,1,91,0.03135,0.01276,0.5468,-0.2567,-0.04005,-0.03345,0.03973,1,1,-0.800,0.452,in_circle
5.791,1,92,0.03589,0.01045,0.2497,-0.1269,-0.05098,-0.06612,0.04392,1,1,-0.800,0.800,in_circle
5.834,1,93,0.03938,0.00883,0.1919,-0.0895,-0.05908,-0.07209,0.04727,0,1,-0.800,0.476,running
5.878,1,94,0.03999,0.00779,0.0335,-0.0571,-0.10390,-0.07217,0.04782,0,1,-0.800,0.324,running
5.921,1,95,0.03981,0.00807,-0.0099,0.0153,-0.07520,-0.06411,0.04766,0,1,-0.262,0.205,running
5.966,1,96,0.03832,0.00796,-0.0819,-0.0058,-0.05342,-0.04337,0.04616,0,1,-0.101,-0.063,running
6.009,1,97,0.03643,0.00879,-0.1040,0.0454,-0.03087,-0.00538,0.04432,1,1,0.178,0.016,in_circle
6.054,1,98,0.03284,0.01002,-0.1977,0.0676,0.01253,0.05281,0.04083,1,1,0.278,-0.181,in_circle
6.098,1,99,0.03026,0.00990,-0.1415,-0.0062,0.03388,0.11363,0.03826,1,1,0.681,-0.278,in_circle
6.143,1,100,0.03000,0.01042,-0.0147,0.0282,0.04335,0.16249,0.03805,1,1,0.471,0.015,in_circle
6.187,1,101,0.02962,0.00908,-0.0208,-0.0737,0.06505,0.18822,0.03755,1,1,-0.036,-0.124,in_circle
6.230,1,102,0.03168,0.00746,0.1133,-0.0889,0.03609,0.17862,0.03951,1,1,-0.010,0.287,in_circle
6.276,1,103,0.03612,0.00514,0.2444,-0.1277,0.00413,0.15344,0.04393,1,1,-0.552,0.352,in_circle
6.318,1,104,0.04137,0.00277,0.2886,-0.1304,-0.00886,0.10609,0.04928,0,1,-0.800,0.493,running
6.360,1,105,0.04602,-0.00003,0.2558,-0.1536,-0.04895,0.04926,0.05416,0,1,-0.800,0.483,running
6.406,1,106,0.05150,-0.00220,0.3011,-0.1198,-0.08790,-0.00165,0.05986,0,1,-0.800,0.547,running
6.450,1,107,0.05621,-0.00271,0.2593,-0.0281,-0.10242,-0.04683,0.06460,0,1,-0.800,0.413,running
6.494,1,108,0.06006,-0.00266,0.2116,0.0029,-0.09706,-0.08655,0.06841,0,1,-0.800,0.117,running
6.539,1,109,0.06210,-0.00230,0.1122,0.0197,-0.08888,-0.10982,0.07039,0,1,-0.800,0.026,running
6.581,1,110,0.06217,-0.00053,0.0041,0.0974,-0.05350,-0.10141,0.07028,0,1,-0.593,-0.021,running
6.627,1,111,0.06066,0.00127,-0.0831,0.0994,-0.01218,-0.06503,0.06862,0,1,-0.292,-0.245,running
6.669,1,112,0.05768,0.00272,-0.1638,0.0796,0.01638,-0.00664,0.06557,0,1,-0.032,-0.265,running
6.713,1,113,0.05465,0.00296,-0.1666,0.0133,0.04659,0.04914,0.06253,0,1,0.240,-0.225,running
6.759,1,114,0.05178,0.00255,-0.1581,-0.0229,0.06001,0.09434,0.05968,0,1,0.290,-0.030,running
6.803,1,115,0.04893,0.00156,-0.1568,-0.0541,0.04469,0.13312,0.05690,0,1,0.300,0.086,running
6.846,1,116,0.04666,-0.00063,-0.1246,-0.1208,0.01975,0.15993,0.05486,0,1,0.332,0.194,running
6.891,1,117,0.04641,-0.00300,-0.0141,-0.1301,-0.02003,0.16098,0.05495,0,1,0.248,0.433,running
6.935,1,118,0.04649,-0.00519,0.0047,-0.1204,-0.05359,0.13958,0.05543,0,1,-0.128,0.472,running
6.978,1,119,0.04806,-0.00647,0.0861,-0.0704,-0.08485,0.09860,0.05723,0,1,-0.194,0.444,running
7.022,1,120,0.04928,-0.00706,0.0672,-0.0326,-0.10655,0.04752,0.05855,0,1,-0.473,0.275,running
7.066,1,121,0.05103,-0.00603,0.0964,0.0564,-0.10070,-0.00732,0.06005,0,1,-0.414,0.151,running
7.112,1,122,0.05272,-0.00466,0.0930,0.0754,-0.07079,-0.04904,0.06145,0,1,-0.514,-0.138,running
7.153,1,123,0.05203,-0.00217,-0.0382,0.1370,-0.02938,-0.07484,0.06038,0,1,-0.508,-0.199,running
7.198,1,124,0.05048,0.00029,-0.0853,0.1354,0.00678,-0.08003,0.05856,0,1,-0.089,-0.407,running
7.243,1,125,0.04786,0.00119,-0.1437,0.0493,0.03491,-0.05699,0.05587,0,1,0.078,-0.421,running
7.286,1,126,0.04394,0.00214,-0.2159,0.0525,0.06855,-0.01976,0.05188,0,1,0.300,-0.150,running
7.330,1,127,0.03879,0.00187,-0.2829,-0.0146,0.07693,0.04752,0.04678,0,1,0.601,-0.173,running
7.375,1,128,0.03373,0.00105,-0.2785,-0.0452,0.04186,0.10651,0.04182,1,1,0.800,0.066,in_circle
7.418,1,129,0.02930,-0.00193,-0.2439,-0.1641,0.00249,0.15141,0.03793,1,1,0.800,0.190,in_circle
7.461,1,130,0.02731,-0.00340,-0.1093,-0.0809,-0.02713,0.16908,0.03635,1,1,0.800,0.676,in_circle
7.507,1,131,0.02681,-0.00622,-0.0276,-0.1548,-0.06083,0.18012,0.03670,1,1,0.350,0.347,in_circle
7.550,1,132,0.02802,-0.00724,0.0668,-0.0565,-0.09558,0.16780,0.03819,1,1,0.024,0.650,in_circle
7.594,1,133,0.02963,-0.00826,0.0884,-0.0562,-0.08100,0.15425,0.04005,1,1,-0.357,0.259,in_circle
7.640,1,134,0.03432,-0.00797,0.2582,0.0161,-0.08337,0.12363,0.04438,1,1,-0.447,0.260,in_circle
7.683,1,135,0.03882,-0.00666,0.2475,0.0722,-0.08390,0.05851,0.04831,0,1,-0.800,-0.024,running
7.771,1,136,0.04777,-0.00245,0.4921,0.2314,-0.00963,-0.05116,0.05621,0,1,-0.800,-0.228,running
7.814,1,137,0.05112,-0.00003,0.1841,0.1332,-0.00713,-0.06767,0.05923,0,1,-0.800,-0.748,running
7.858,1,138,0.05253,0.00173,0.0774,0.0967,0.00937,-0.05834,0.06048,0,1,-0.799,-0.409,running
7.902,1,139,0.05248,0.00264,-0.0024,0.0498,0.05935,-0.06160,0.06038,0,1,-0.459,-0.292,running
7.947,1,140,0.05164,0.00206,-0.0462,-0.0316,0.04586,-0.05987,0.05957,0,1,-0.204,-0.147,running
7.990,1,141,0.05003,0.00162,-0.0889,-0.0243,0.02040,-0.03512,0.05799,0,1,-0.058,0.116,running
8.035,1,142,0.04631,-0.00072,-0.2044,-0.1285,0.00125,0.02916,0.05453,0,1,0.095,0.094,running
8.079,1,143,0.04320,-0.00269,-0.1709,-0.1087,-0.03651,0.09960,0.05174,0,1,0.524,0.461,running
8.121,1,144,0.04055,-0.00464,-0.1458,-0.1068,-0.06931,0.14841,0.04951,0,1,0.446,0.411,running
8.167,1,145,0.03987,-0.00551,-0.0374,-0.0480,-0.08198,0.17069,0.04904,0,1,0.384,0.418,running
8.210,1,146,0.04056,-0.00588,0.0378,-0.0206,-0.09356,0.16786,0.04980,0,1,-0.005,0.208,running
8.257,1,147,0.04205,-0.00461,0.0817,0.0700,-0.08323,0.14972,0.05096,0,1,-0.281,0.110,running
8.300,1,148,0.04522,-0.00337,0.1744,0.0681,-0.05665,0.11461,0.05384,0,1,-0.443,-0.217,running
8.343,1,149,0.04967,-0.00128,0.2447,0.1152,-0.01570,0.06518,0.05793,0,1,-0.770,-0.205,running
8.387,1,150,0.05266,0.00146,0.1648,0.1504,0.01916,0.01753,0.06063,0,1,-0.800,-0.354,running
8.430,1,151,0.05566,0.00223,0.1650,0.0423,0.04999,-0.03139,0.06357,0,1,-0.737,-0.462,running
8.474,1,152,0.05799,0.00201,0.1280,-0.0120,0.08257,-0.07937,0.06591,0,1,-0.738,-0.115,running
8.519,1,153,0.05849,0.00060,0.0276,-0.0776,0.09973,-0.11214,0.06651,0,1,-0.629,0.051,running
8.563,1,154,0.05723,-0.00211,-0.0691,-0.1491,0.06460,-0.11380,0.06554,0,1,-0.335,0.249,running
8.605,1,155,0.05379,-0.00602,-0.1893,-0.2145,0.02476,-0.07375,0.06275,0,1,-0.040,0.475,running
8.650,1,156,0.05003,-0.01097,-0.2069,-0.2725,-0.01114,-0.01610,0.06027,0,1,0.361,0.707,running
8.694,1,157,0.04454,-0.01521,-0.3019,-0.2331,-0.04112,0.04637,0.05648,0,1,0.457,0.800,running
8.737,1,158,0.03932,-0.01933,-0.2875,-0.2267,-0.07838,0.09512,0.05349,0,1,0.800,0.800,running
8.781,1,159,0.03479,-0.02190,-0.2488,-0.1410,-0.10752,0.12998,0.05091,0,1,0.800,0.800,running
8.828,1,160,0.03091,-0.02343,-0.2133,-0.0846,-0.11777,0.15328,0.04863,0,1,0.757,0.588,running
8.870,1,161,0.02814,-0.02341,-0.1527,0.0010,-0.11885,0.16937,0.04644,0,1,0.666,0.395,running
8.914,1,162,0.02683,-0.02186,-0.0722,0.0858,-0.10218,0.16980,0.04444,1,1,0.470,0.079,in_circle
8.959,1,163,0.02834,-0.01943,0.0832,0.1332,-0.07016,0.15715,0.04419,1,1,0.182,-0.252,in_circle
9.004,1,164,0.03044,-0.01640,0.1153,0.1668,-0.02677,0.13907,0.04431,1,1,-0.417,-0.442,in_circle
9.047,1,165,0.03444,-0.01409,0.2203,0.1272,0.00434,0.09421,0.04678,0,1,-0.545,-0.577,running
9.089,1,166,0.03801,-0.01141,0.1963,0.1476,0.03338,0.02969,0.04901,0,1,-0.800,-0.417,running
9.134,1,167,0.04170,-0.00955,0.2030,0.1021,0.07085,-0.03038,0.05189,0,1,-0.800,-0.486,running
9.178,1,168,0.04466,-0.00855,0.1626,0.0548,0.07029,-0.07371,0.05444,0,1,-0.800,-0.312,running
9.223,1,169,0.04574,-0.00904,0.0595,-0.0266,0.05923,-0.09665,0.05561,0,1,-0.725,-0.141,running
9.266,1,170,0.04509,-0.01015,-0.0356,-0.0612,0.04183,-0.10174,0.05530,0,1,-0.376,0.139,running
9.310,1,171,0.04289,-0.01218,-0.1211,-0.1119,-0.00225,-0.07888,0.05385,0,1,-0.052,0.260,running
9.353,1,172,0.03960,-0.01391,-0.1809,-0.0951,-0.04086,-0.03188,0.05141,0,1,0.255,0.444,running
9.398,1,173,0.03489,-0.01493,-0.2589,-0.0561,-0.07083,0.02603,0.04755,0,1,0.495,0.398,running
9.442,1,174,0.03017,-0.01622,-0.2601,-0.0706,-0.10026,0.08442,0.04399,1,1,0.800,0.268,in_circle
9.486,1,175,0.02609,-0.01565,-0.2242,0.0311,-0.10502,0.13213,0.04021,1,1,0.800,0.331,in_circle
9.530,1,176,0.02374,-0.01482,-0.1294,0.0456,-0.07198,0.16074,0.03779,1,1,0.800,-0.070,in_circle
9.573,1,177,0.02239,-0.01256,-0.0740,0.1247,-0.03985,0.17734,0.03544,1,1,0.439,-0.131,in_circle
9.619,1,178,0.02288,-0.01049,0.0267,0.1136,-0.01615,0.17860,0.03483,1,1,0.220,-0.452,in_circle
9.662,1,179,0.02422,-0.00808,0.0740,0.1326,0.02438,0.16421,0.03498,1,1,-0.184,-0.413,in_circle
9.707,1,180,0.02706,-0.00614,0.1558,0.1066,0.06118,0.12730,0.03691,1,1,-0.376,-0.495,in_circle
9.794,1,181,0.03421,-0.00645,0.3934,-0.0169,0.07583,0.01713,0.04381,1,1,-0.711,-0.396,in_circle
9.839,1,182,0.03814,-0.00887,0.2162,-0.1331,0.07691,-0.02396,0.04829,0,1,-0.800,0.098,running
9.882,1,183,0.04129,-0.01217,0.1735,-0.1814,0.05380,-0.02272,0.05235,0,1,-0.800,0.532,running
9.926,1,184,0.04273,-0.01501,0.0789,-0.1567,0.01619,-0.03173,0.05472,0,1,-0.761,0.693,running
9.971,1,185,0.04320,-0.01841,0.0257,-0.1866,-0.01781,-0.04952,0.05653,0,1,-0.433,0.602,running
10.013,1,186,0.04216,-0.02207,-0.0568,-0.2014,-0.05020,-0.05851,0.05731,0,1,-0.255,0.704,running
10.059,1,187,0.04029,-0.02504,-0.1029,-0.1637,-0.08264,-0.04479,0.05724,0,1,0.020,0.761,running
10.103,1,188,0.03769,-0.02714,-0.1433,-0.1154,-0.11097,0.00320,0.05628,0,1,0.179,0.646,running
10.147,1,189,0.03370,-0.02739,-0.2195,-0.0136,-0.11796,0.07376,0.05326,0,1,0.329,0.496,running
10.190,1,190,0.03084,-0.02649,-0.1573,0.0498,-0.11339,0.13588,0.05048,0,1,0.630,0.153,running
10.234,1,191,0.02909,-0.02403,-0.0958,0.1349,-0.09193,0.17483,0.04757,0,1,0.446,-0.080,running
10.278,1,192,0.02905,-0.02129,-0.0022,0.1506,-0.05202,0.17661,0.04586,0,1,0.248,-0.412,running
10.322,1,193,0.03041,-0.01838,0.0748,0.1604,-0.01325,0.17409,0.04533,1,1,-0.095,-0.491,in_circle
10.367,1,194,0.03256,-0.01419,0.1179,0.2305,0.01482,0.16141,0.04512,1,1,-0.389,-0.540,in_circle
10.410,1,195,0.03610,-0.01106,0.1952,0.1723,0.04998,0.12240,0.04710,0,1,-0.559,-0.800,running
10.453,1,196,0.04072,-0.00945,0.2539,0.0882,0.07992,0.06322,0.05092,0,1,-0.800,-0.591,running
10.498,1,197,0.04560,-0.00874,0.2682,0.0393,0.10531,0.00349,0.05539,0,1,-0.800,-0.267,running
10.542,1,198,0.04889,-0.00908,0.1812,-0.0187,0.09102,-0.04868,0.05866,0,1,-0.800,-0.085,running
10.586,1,199,0.05228,-0.01145,0.1864,-0.1307,0.04880,-0.08617,0.06256,0,1,-0.784,0.112,running
10.630,1,200,0.05429,-0.01468,0.1104,-0.1774,0.01396,-0.10591,0.06544,0,1,-0.795,0.468,running
10.675,1,201,0.05450,-0.01733,0.0116,-0.1460,-0.01571,-0.09896,0.06652,0,1,-0.564,0.607,running
10.718,1,202,0.05218,-0.01931,-0.1276,-0.1086,-0.05285,-0.07275,0.06510,0,1,-0.272,0.518,running
10.762,1,203,0.04790,-0.02078,-0.2353,-0.0813,-0.08380,-0.02558,0.06181,0,1,0.157,0.420,running
10.806,1,204,0.04308,-0.02092,-0.2653,-0.0073,-0.09978,0.03127,0.05756,0,1,0.536,0.350,running
10.850,1,205,0.03856,-0.02069,-0.2484,0.0125,-0.08647,0.08857,0.05350,0,1,0.703,0.115,running
10.893,1,206,0.03511,-0.01961,-0.1896,0.0595,-0.06503,0.13252,0.04997,0,1,0.712,0.042,running
10.939,1,207,0.03268,-0.01772,-0.1340,0.1040,-0.02467,0.16686,0.04691,0,1,0.554,-0.138,running
10.981,1,208,0.03109,-0.01570,-0.0874,0.1109,0.01095,0.18537,0.04454,1,1,0.384,-0.320,in_circle
11.026,1,209,0.03115,-0.01390,0.0031,0.0992,0.04175,0.17785,0.04374,1,1,0.228,-0.364,in_circle
11.070,1,210,0.03384,-0.01332,0.1482,0.0318,0.07174,0.14268,0.04591,0,1,-0.117,-0.328,running
11.114,1,211,0.03679,-0.01449,0.1619,-0.0643,0.08235,0.09204,0.04907,0,1,-0.674,-0.066,running
11.160,1,212,0.03991,-0.01543,0.1719,-0.0516,0.05998,0.04030,0.05230,0,1,-0.721,0.294,running
11.203,1,213,0.04314,-0.01741,0.1775,-0.1092,0.03473,-0.01069,0.05606,0,1,-0.752,0.248,running
11.245,1,214,0.04540,-0.02029,0.1246,-0.1582,-0.00759,-0.05874,0.05935,0,1,-0.764,0.444,running
11.291,1,215,0.04705,-0.02343,0.0903,-0.1729,-0.03867,-0.09401,0.06224,0,1,-0.586,0.601,running
11.334,1,216,0.04612,-0.02558,-0.0508,-0.1183,-0.07098,-0.11280,0.06249,0,1,-0.479,0.644,running
11.378,1,217,0.04332,-0.02682,-0.1540,-0.0679,-0.09878,-0.09131,0.06075,0,1,-0.038,0.481,running
11.423,1,218,0.03919,-0.02737,-0.2272,-0.0303,-0.10542,-0.03151,0.05763,0,1,0.307,0.331,running
11.465,1,219,0.03485,-0.02736,-0.2390,0.0003,-0.10118,0.03520,0.05415,0,1,0.590,0.213,running
11.511,1,220,0.03035,-0.02644,-0.2472,0.0509,-0.07394,0.08694,0.05008,0,1,0.684,0.106,running
11.553,1,221,0.02525,-0.02462,-0.2808,0.1002,-0.02999,0.12890,0.04505,1,1,0.774,-0.086,in_circle
11.599,1,222,0.02217,-0.02207,-0.1691,0.1402,0.00234,0.15882,0.04106,1,1,0.800,-0.296,in_circle
11.641,1,223,0.02054,-0.02022,-0.0896,0.1014,0.03181,0.18391,0.03861,1,1,0.593,-0.483,in_circle
11.686,1,224,0.02114,-0.01924,0.0330,0.0539,0.07072,0.18532,0.03840,1,1,0.288,-0.340,in_circle
11.731,1,225,0.02301,-0.02021,0.1030,-0.0535,0.09821,0.16923,0.04046,1,1,-0.204,-0.153,in_circle
11.818,1,226,0.03098,-0.02503,0.4382,-0.2646,0.03949,0.08158,0.04967,0,1,-0.488,0.279,running
11.862,1,227,0.03515,-0.02882,0.2291,-0.2084,0.03639,0.04094,0.05529,0,1,-0.800,0.800,running
11.906,1,228,0.03936,-0.03351,0.2320,-0.2585,0.02075,0.01882,0.06153,0,1,-0.800,0.800,running
11.950,1,229,0.04332,-0.03818,0.2173,-0.2568,-0.03229,0.00135,0.06756,0,1,-0.800,0.800,running
11.994,1,230,0.04674,-0.04269,0.1885,-0.2478,-0.07096,-0.03502,0.07311,0,1,-0.800,0.800,running
12.040,1,231,0.04930,-0.04627,0.1409,-0.1970,-0.08705,-0.07581,0.07742,0,1,-0.731,0.800,running
12.082,1,232,0.05045,-0.04953,0.0632,-0.1790,-0.09912,-0.10248,0.08048,0,1,-0.602,0.722,running
12.125,1,233,0.05024,-0.05156,-0.0119,-0.1121,-0.09764,-0.09631,0.08174,0,1,-0.414,0.677,running
12.170,1,234,0.04830,-0.05329,-0.1066,-0.0952,-0.10223,-0.05929,0.08163,0,1,-0.238,0.525,running
12.215,1,235,0.04551,-0.05331,-0.1532,-0.0010,-0.09741,-0.00070,0.07975,0,1,-0.008,0.494,running
12.258,1,236,0.04231,-0.05336,-0.1763,-0.0027,-0.06632,0.06961,0.07768,0,1,0.130,0.268,running
12.302,1,237,0.04063,-0.05211,-0.0924,0.0687,-0.02632,0.12668,0.07564,0,1,0.220,0.267,running
12.346,1,238,0.03980,-0.05169,-0.0453,0.0230,-0.00471,0.15525,0.07480,0,1,0.030,0.072,running
12.391,1,239,0.03969,-0.05137,-0.0063,0.0180,0.01785,0.16626,0.07447,0,1,-0.084,0.185,running
12.436,1,240,0.04121,-0.05158,0.0839,-0.0117,0.02983,0.14680,0.07562,0,1,-0.184,0.195,running
12.479,1,241,0.04334,-0.05233,0.1172,-0.0412,0.01499,0.10108,0.07758,0,1,-0.426,0.277,running
12.522,1,242,0.04670,-0.05349,0.1845,-0.0636,-0.01648,0.04245,0.08068,0,1,-0.517,0.358,running
12.568,1,243,0.05017,-0.05453,0.1911,-0.0571,-0.04536,-0.00399,0.08381,0,1,-0.685,0.421,running
12.610,1,244,0.05350,-0.05575,0.1832,-0.0673,-0.08373,-0.05426,0.08701,0,1,-0.701,0.412,running
12.654,1,245,0.05561,-0.05553,0.1157,0.0118,-0.09993,-0.09753,0.08836,0,1,-0.686,0.442,running
12.698,1,246,0.05569,-0.05530,0.0045,0.0129,-0.09270,-0.12467,0.08825,0,1,-0.551,0.278,running
12.744,1,247,0.05400,-0.05438,-0.0930,0.0508,-0.09174,-0.11380,0.08640,0,1,-0.321,0.275,running
12.785,1,248,0.05028,-0.05297,-0.2046,0.0773,-0.06345,-0.06326,0.08277,0,1,-0.099,0.182,running
12.830,1,249,0.04587,-0.05162,-0.2423,0.0746,-0.02351,0.00856,0.07874,0,1,0.199,0.097,running
12.875,1,250,0.04179,-0.05018,-0.2246,0.0789,0.00701,0.06943,0.07494,0,1,0.355,0.073,running
12.918,1,251,0.03842,-0.04947,-0.1852,0.0391,0.03318,0.10721,0.07220,0,1,0.374,0.033,running
12.962,1,252,0.03571,-0.04927,-0.1489,0.0108,0.03904,0.12975,0.07035,0,1,0.312,0.122,running
13.006,1,253,0.03423,-0.04926,-0.0817,0.0010,0.02467,0.15333,0.06942,0,1,0.240,0.192,running
13.049,1,254,0.03413,-0.05009,-0.0054,-0.0460,-0.00359,0.15542,0.07003,0,1,0.064,0.217,running
13.093,1,255,0.03464,-0.05076,0.0278,-0.0370,-0.04290,0.13091,0.07087,0,1,-0.153,0.353,running
13.139,1,256,0.03643,-0.05116,0.0983,-0.0218,-0.07502,0.07312,0.07227,0,1,-0.249,0.332,running
13.184,1,257,0.03847,-0.05132,0.1125,-0.0088,-0.10110,0.01262,0.07366,0,1,-0.448,0.294,running
13.227,1,258,0.04065,-0.05099,0.1198,0.0183,-0.09604,-0.03825,0.07480,0,1,-0.492,0.263,running
13.270,1,259,0.04164,-0.04958,0.0543,0.0775,-0.07670,-0.07281,0.07438,0,1,-0.518,0.194,running
13.314,1,260,0.04097,-0.04734,-0.0368,0.1230,-0.04911,-0.09668,0.07227,0,1,-0.351,0.031,running
13.359,1,261,0.03911,-0.04554,-0.1022,0.0992,-0.01122,-0.08785,0.06969,0,1,-0.101,-0.114,running
13.401,1,262,0.03579,-0.04440,-0.1828,0.0626,0.02834,-0.05103,0.06663,0,1,0.100,-0.074,running
13.446,1,263,0.03112,-0.04346,-0.2566,0.0515,0.05689,0.00825,0.06294,0,1,0.369,0.009,running
13.491,1,264,0.02716,-0.04346,-0.2181,0.0005,0.05069,0.07929,0.06056,0,1,0.649,0.022,running
13.533,1,265,0.02342,-0.04473,-0.2053,-0.0702,0.02005,0.13313,0.05957,0,1,0.570,0.173,running
13.579,1,266,0.02025,-0.04554,-0.1744,-0.0444,-0.01405,0.16252,0.05868,0,1,0.552,0.402,running
13.621,1,267,0.01849,-0.04733,-0.0969,-0.0986,-0.04757,0.16580,0.05946,0,1,0.471,0.322,running
13.665,1,268,0.01873,-0.04873,0.0132,-0.0770,-0.08244,0.15186,0.06082,0,1,0.221,0.503,running
13.710,1,269,0.01944,-0.04902,0.0388,-0.0155,-0.09267,0.12355,0.06139,0,1,-0.136,0.438,running
13.755,1,270,0.02133,-0.04862,0.1042,0.0216,-0.09628,0.07959,0.06190,0,1,-0.219,0.245,running
13.842,1,271,0.02582,-0.04462,0.2472,0.2201,-0.05801,-0.02848,0.06077,0,1,-0.430,0.129,running
13.887,1,272,0.02660,-0.04190,0.0426,0.1497,-0.04508,-0.06432,0.05897,0,1,-0.800,-0.518,running
13.930,1,273,0.02593,-0.03826,-0.0368,0.2001,-0.03249,-0.06581,0.05565,0,1,-0.257,-0.320,running
13.975,1,274,0.02415,-0.03622,-0.0977,0.1120,0.02113,-0.07118,0.05295,0,1,0.013,-0.530,running
14.021,1,275,0.02012,-0.03398,-0.2216,0.1234,0.05504,-0.07582,0.04877,0,1,0.240,-0.257,running
14.062,1,276,0.01533,-0.03292,-0.2637,0.0585,0.06894,-0.04826,0.04527,1,1,0.727,-0.333,in_circle
14.106,1,277,0.00965,-0.03324,-0.3120,-0.0179,0.05104,0.01103,0.04295,1,1,0.800,-0.114,in_circle
14.150,1,278,0.00433,-0.03419,-0.2930,-0.0521,0.02160,0.07487,0.04198,1,1,0.800,0.173,in_circle
14.194,1,279,-0.00174,-0.03457,-0.3339,-0.0211,-0.00474,0.12972,0.04102,1,1,0.800,0.309,in_circle
14.238,1,280,-0.00672,-0.03571,-0.2740,-0.0625,-0.04316,0.16512,0.04172,1,1,0.800,0.187,in_circle
14.281,1,281,-0.01025,-0.03614,-0.1939,-0.0234,-0.07361,0.17868,0.04221,1,1,0.800,0.354,in_circle
14.328,1,282,-0.01197,-0.03626,-0.0945,-0.0066,-0.08037,0.17103,0.04246,1,1,0.765,0.202,in_circle
14.371,1,283,-0.01158,-0.03556,0.0212,0.0382,-0.07826,0.16000,0.04173,1,1,0.380,0.137,in_circle
14.416,1,284,-0.00986,-0.03451,0.0946,0.0579,-0.06275,0.14366,0.04056,1,1,-0.074,-0.043,in_circle
14.458,1,285,-0.00753,-0.03334,0.1281,0.0643,-0.02843,0.11712,0.03934,1,1,-0.371,-0.128,in_circle
14.503,1,286,-0.00370,-0.03151,0.2109,0.1008,0.01630,0.06384,0.03773,1,1,-0.513,-0.159,in_circle
14.547,1,287,0.00005,-0.03086,0.2060,0.0357,0.04193,0.00959,0.03768,1,1,-0.800,-0.309,in_circle
14.590,1,288,0.00283,-0.03027,0.1531,0.0324,0.06562,-0.04230,0.03779,1,1,-0.800,-0.051,in_circle
14.635,1,289,0.00436,-0.03143,0.0840,-0.0641,0.06955,-0.08775,0.03936,1,1,-0.639,-0.039,in_circle
14.680,1,290,0.00338,-0.03249,-0.0539,-0.0582,0.04535,-0.12360,0.04008,1,1,-0.366,0.350,in_circle
14.722,1,291,0.00074,-0.03499,-0.1450,-0.1377,0.00458,-0.11473,0.04187,1,1,0.188,0.329,in_circle
14.767,1,292,-0.00395,-0.03794,-0.2580,-0.1618,-0.02941,-0.06369,0.04410,1,1,0.547,0.647,in_circle
14.810,1,293,-0.00933,-0.04085,-0.2956,-0.1600,-0.05974,0.00573,0.04687,0,1,0.800,0.739,running
14.854,1,294,-0.01611,-0.04229,-0.3732,-0.0794,-0.09846,0.06669,0.04900,0,1,0.800,0.729,running
14.898,1,295,-0.02223,-0.04328,-0.3365,-0.0545,-0.11825,0.10909,0.05135,0,1,0.800,0.432,running
14.941,1,296,-0.02736,-0.04328,-0.2821,-0.0001,-0.11401,0.13862,0.05302,0,1,0.800,0.344,running
14.988,1,297,-0.03110,-0.04266,-0.2058,0.0341,-0.10812,0.15939,0.05395,0,1,0.800,0.156,running
15.030,1,298,-0.03301,-0.04051,-0.1052,0.1182,-0.06893,0.16921,0.05291,0,1,0.783,0.038,running
15.074,1,299,-0.03308,-0.03882,-0.0038,0.0933,-0.02617,0.16689,0.05146,0,1,0.446,-0.266,running
15.117,1,300,-0.03148,-0.03653,0.0882,0.1256,-0.00410,0.15818,0.04868,0,1,0.091,-0.193,running
15.161,1,301,-0.02856,-0.03480,0.1608,0.0955,0.03228,0.14095,0.04577,0,1,-0.253,-0.334,running
15.206,1,302,-0.02444,-0.03333,0.2264,0.0805,0.04529,0.09898,0.04271,1,1,-0.548,-0.246,in_circle
15.250,1,303,-0.01967,-0.03348,0.2621,-0.0084,0.05257,0.03245,0.04123,1,1,-0.800,-0.210,in_circle
15.296,1,304,-0.01538,-0.03403,0.2361,-0.0299,0.04300,-0.03127,0.04074,1,1,-0.800,0.134,in_circle
15.339,1,305,-0.01210,-0.03514,0.1804,-0.0611,0.01629,-0.07639,0.04136,1,1,-0.800,0.220,in_circle
15.381,1,306,-0.01015,-0.03695,0.1074,-0.0994,-0.01606,-0.09935,0.04301,1,1,-0.701,0.347,in_circle
15.430,1,307,-0.01028,-0.03844,-0.0070,-0.0821,-0.04785,-0.10265,0.04451,1,1,-0.410,0.500,in_circle
15.470,1,308,-0.01193,-0.03921,-0.0910,-0.0424,-0.08459,-0.07756,0.04540,1,1,0.034,0.435,in_circle
15.515,1,309,-0.01495,-0.03955,-0.1663,-0.0189,-0.10636,-0.02796,0.04611,0,1,0.356,0.286,running
15.558,1,310,-0.01910,-0.03928,-0.2278,0.0150,-0.10450,0.03199,0.04667,0,1,0.645,0.199,running
15.602,1,311,-0.02380,-0.03747,-0.2589,0.0997,-0.08837,0.09052,0.04632,0,1,0.800,0.072,running
15.647,1,312,-0.02719,-0.03437,-0.1865,0.1705,-0.04582,0.13477,0.04478,1,1,0.800,-0.251,in_circle
15.689,1,313,-0.02928,-0.03183,-0.1150,0.1394,-0.00491,0.16481,0.04351,1,1,0.763,-0.539,in_circle
15.733,1,314,-0.03014,-0.02962,-0.0471,0.1214,0.02280,0.18227,0.04205,1,1,0.501,-0.437,in_circle
15.779,1,315,-0.02912,-0.02798,0.0561,0.0907,0.05591,0.18060,0.04011,1,1,0.242,-0.383,in_circle
15.868,1,316,-0.02275,-0.02691,0.3502,0.0584,0.04845,0.12352,0.03615,1,1,-0.171,-0.277,in_circle
15.910,1,317,-0.01754,-0.02792,0.2868,-0.0555,0.05170,0.08186,0.03529,1,1,-0.800,-0.151,in_circle
15.954,1,318,-0.01197,-0.03009,0.3064,-0.1193,0.02718,0.06019,0.03633,1,1,-0.800,0.307,in_circle
15.999,1,319,-0.00637,-0.03216,0.3079,-0.1140,-0.02331,0.03660,0.03819,1,1,-0.800,0.567,in_circle
16.042,1,320,-0.00157,-0.03414,0.2643,-0.1087,-0.05298,-0.01129,0.04062,1,1,-0.800,0.551,in_circle
16.091,1,321,0.00236,-0.03647,0.2159,-0.1283,-0.07786,-0.07008,0.04367,1,1,-0.800,0.534,in_circle
16.131,1,322,0.00514,-0.03701,0.1529,-0.0294,-0.09485,-0.12402,0.04491,1,1,-0.800,0.608,in_circle
16.175,1,323,0.00571,-0.03709,0.0312,-0.0046,-0.09047,-0.14020,0.04516,1,1,-0.617,0.230,in_circle
16.222,1,324,0.00398,-0.03615,-0.0950,0.0517,-0.09154,-0.12534,0.04376,1,1,-0.156,0.136,in_circle
16.264,1,325,0.00057,-0.03486,-0.1877,0.0707,-0.07373,-0.08128,0.04171,1,1,0.334,-0.086,in_circle
16.307,1,326,-0.00444,-0.03285,-0.2756,0.1110,-0.03480,-0.00616,0.03899,1,1,0.716,-0.172,in_circle
16.350,1,327,-0.00989,-0.03009,-0.2993,0.1514,-0.00307,0.07264,0.03615,1,1,0.800,-0.347,in_circle
16.395,1,328,-0.01518,-0.02786,-0.2909,0.1226,0.03295,0.11385,0.03466,1,1,0.800,-0.515,in_circle
16.437,1,329,-0.01980,-0.02682,-0.2544,0.0576,0.06964,0.12804,0.03494,1,1,0.800,-0.406,in_circle
16.483,1,330,-0.02340,-0.02649,-0.1980,0.0180,0.09964,0.14600,0.03604,1,1,0.800,-0.148,in_circle
16.527,1,331,-0.02496,-0.02753,-0.0854,-0.0571,0.08248,0.16100,0.03766,1,1,0.800,0.009,in_circle
16.571,1,332,-0.02526,-0.03028,-0.0165,-0.1514,0.04175,0.16569,0.04026,1,1,0.385,0.312,in_circle
16.613,1,333,-0.02399,-0.03357,0.0695,-0.1808,0.01169,0.15515,0.04275,1,1,0.110,0.695,in_circle
16.658,1,334,-0.02161,-0.03698,0.1311,-0.1874,-0.02124,0.13329,0.04514,1,1,-0.228,0.800,in_circle
16.703,1,335,-0.01809,-0.04066,0.1938,-0.2025,-0.05724,0.08382,0.04778,0,1,-0.459,0.800,running
16.747,1,336,-0.01419,-0.04335,0.2142,-0.1478,-0.08971,0.02790,0.04976,0,1,-0.685,0.800,running
16.791,1,337,-0.01012,-0.04494,0.2238,-0.0875,-0.10880,-0.02299,0.05099,0,1,-0.754,0.681,running
16.836,1,338,-0.00762,-0.04582,0.1375,-0.0485,-0.10256,-0.06580,0.05182,0,1,-0.790,0.467,running
16.879,1,339,-0.00679,-0.04557,0.0455,0.0136,-0.09648,-0.10252,0.05158,0,1,-0.485,0.331,running
16.922,1,340,-0.00680,-0.04529,-0.0005,0.0156,-0.08267,-0.12198,0.05130,0,1,-0.164,0.111,running
16.967,1,341,-0.00919,-0.04360,-0.1310,0.0926,-0.04929,-0.09852,0.04962,0,1,-0.001,0.102,running
17.011,1,342,-0.01337,-0.04129,-0.2304,0.1274,-0.00605,-0.03770,0.04761,0,1,0.478,-0.187,running
17.056,1,343,-0.01849,-0.03945,-0.2811,0.1013,0.02597,0.04348,0.04668,0,1,0.800,-0.334,running
17.100,1,344,-0.02409,-0.03845,-0.3082,0.0548,0.05257,0.10354,0.04734,0,1,0.800,-0.249,running
17.144,1,345,-0.02856,-0.03775,-0.2461,0.0387,0.07751,0.12709,0.04842,0,1,0.800,-0.076,running
17.187,1,346,-0.03212,-0.03791,-0.1954,-0.0089,0.06166,0.13717,0.05019,0,1,0.800,-0.014,running
17.229,1,347,-0.03362,-0.03942,-0.0829,-0.0831,0.02497,0.15470,0.05225,0,1,0.775,0.164,running
17.274,1,348,-0.03376,-0.04190,-0.0077,-0.1365,-0.01388,0.16885,0.05449,0,1,0.371,0.433,running
17.318,1,349,-0.03180,-0.04466,0.1083,-0.1517,-0.04096,0.16248,0.05606,0,1,0.110,0.621,running
17.364,1,350,-0.02839,-0.04669,0.1871,-0.1117,-0.07437,0.13601,0.05657,0,1,-0.284,0.677,running
17.407,1,351,-0.02377,-0.04838,0.2545,-0.0932,-0.10936,0.08942,0.05668,0,1,-0.556,0.548,running
17.450,1,352,-0.01861,-0.04883,0.2836,-0.0243,-0.11059,0.03235,0.05588,0,1,-0.795,0.492,running
17.495,1,353,-0.01331,-0.04808,0.2915,0.0413,-0.10295,-0.01684,0.05436,0,1,-0.800,0.262,running
17.541,1,354,-0.00981,-0.04630,0.1925,0.0974,-0.08691,-0.05999,0.05234,0,1,-0.800,0.032,running
17.585,1,355,-0.00773,-0.04462,0.1141,0.0924,-0.03616,-0.09754,0.05062,0,1,-0.669,-0.178,running
17.627,1,356,-0.00708,-0.04212,0.0361,0.1377,0.00216,-0.10979,0.04813,0,1,-0.408,-0.177,running
17.670,1,357,-0.00853,-0.04081,-0.0800,0.0721,0.02278,-0.08672,0.04682,0,1,-0.135,-0.366,running
17.714,1,358,-0.01100,-0.03888,-0.1358,0.1064,0.04897,-0.03550,0.04499,1,1,0.300,-0.136,in_circle
17.759,1,359,-0.01430,-0.03862,-0.1812,0.0140,0.06795,0.03588,0.04509,1,1,0.525,-0.281,in_circle
17.801,1,360,-0.01807,-0.03858,-0.2076,0.0024,0.04445,0.10187,0.04575,0,1,0.706,0.070,running
17.892,1,361,-0.02349,-0.04186,-0.2983,-0.1805,0.00568,0.15861,0.05037,0,1,0.800,0.115,running
17.934,1,362,-0.02349,-0.04403,0.0005,-0.1192,-0.00634,0.17251,0.05243,0,1,0.800,0.792,running
17.979,1,363,-0.02256,-0.04706,0.0510,-0.1667,-0.02691,0.17507,0.05507,0,1,0.047,0.574,running
18.023,1,364,-0.01953,-0.04869,0.1664,-0.0900,-0.07605,0.16615,0.05594,0,1,-0.125,0.739,running
18.067,1,365,-0.01497,-0.05046,0.2511,-0.0970,-0.11126,0.14987,0.05691,0,1,-0.521,0.483,running
18.110,1,366,-0.00904,-0.05093,0.3259,-0.0263,-0.11307,0.10764,0.05695,0,1,-0.800,0.511,running
18.155,1,367,-0.00256,-0.05078,0.3563,0.0084,-0.09908,0.05243,0.05702,0,1,-0.800,0.278,running
18.199,1,368,0.00347,-0.04947,0.3319,0.0720,-0.07623,-0.00104,0.05661,0,1,-0.800,0.163,running
18.241,1,369,0.00874,-0.04675,0.2896,0.1495,-0.03733,-0.04901,0.05529,0,1,-0.800,-0.055,running
18.288,1,370,0.01272,-0.04442,0.2191,0.1284,-0.00005,-0.08563,0.05444,0,1,-0.800,-0.334,running
18.331,1,371,0.01552,-0.04258,0.1537,0.1012,0.03135,-0.10933,0.05389,0,1,-0.800,-0.277,running
18.375,1,372,0.01570,-0.04137,0.0100,0.0668,0.06917,-0.09793,0.05288,0,1,-0.604,-0.193,running
18.417,1,373,0.01432,-0.04049,-0.0756,0.0484,0.06779,-0.07121,0.05148,0,1,-0.109,-0.084,running
18.462,1,374,0.01130,-0.04114,-0.1663,-0.0359,0.03638,-0.01482,0.05086,0,1,0.200,-0.029,running
18.508,1,375,0.00825,-0.04206,-0.1679,-0.0504,0.00708,0.04905,0.05067,0,1,0.535,0.272,running
18.549,1,376,0.00462,-0.04294,-0.1997,-0.0486,-0.03276,0.09760,0.05049,0,1,0.551,0.326,running
18.593,1,377,0.00163,-0.04416,-0.1644,-0.0674,-0.06693,0.13239,0.05104,0,1,0.677,0.322,running
18.639,1,378,0.00015,-0.04510,-0.0815,-0.0513,-0.08976,0.15605,0.05171,0,1,0.556,0.393,running
18.683,1,379,-0.00025,-0.04467,-0.0218,0.0234,-0.09910,0.17036,0.05123,0,1,0.263,0.339,running
18.728,1,380,0.00088,-0.04355,0.0622,0.0619,-0.09089,0.16584,0.05030,0,1,0.054,0.072,running
18.771,1,381,0.00368,-0.04120,0.1542,0.1289,-0.06628,0.13411,0.04858,0,1,-0.249,-0.073,running
18.817,1,382,0.00752,-0.03917,0.2112,0.1118,-0.03254,0.08069,0.04770,0,1,-0.597,-0.333,running
18.858,1,383,0.01196,-0.03709,0.2437,0.1144,0.00920,0.03023,0.04741,0,1,-0.800,-0.282,running
18.903,1,384,0.01534,-0.03544,0.1861,0.0907,0.03809,-0.01418,0.04747,0,1,-0.800,-0.300,running
18.945,1,385,0.01767,-0.03401,0.1281,0.0786,0.05700,-0.04552,0.04743,0,1,-0.755,-0.217,running
18.990,1,386,0.02004,-0.03373,0.1303,0.0154,0.05462,-0.08353,0.04851,0,1,-0.547,-0.176,running
19.034,1,387,0.01925,-0.03405,-0.0432,-0.0175,0.03632,-0.10494,0.04833,0,1,-0.558,0.060,running
19.079,1,388,0.01713,-0.03496,-0.1167,-0.0497,-0.00314,-0.09046,0.04795,0,1,0.079,0.181,running
19.126,1,389,0.01373,-0.03669,-0.1871,-0.0952,-0.04042,-0.03863,0.04781,0,1,0.358,0.302,running
19.167,1,390,0.00887,-0.03734,-0.2673,-0.0362,-0.07178,0.03305,0.04644,0,1,0.628,0.475,running
19.210,1,391,0.00431,-0.03763,-0.2509,-0.0154,-0.10048,0.08620,0.04527,1,1,0.800,0.258,in_circle
19.254,1,392,-0.00015,-0.03725,-0.2450,0.0207,-0.11561,0.11631,0.04392,1,1,0.800,0.179,in_circle
19.297,1,393,-0.00357,-0.03579,-0.1882,0.0804,-0.09045,0.14159,0.04200,1,1,0.800,0.037,in_circle
19.343,1,394,-0.00514,-0.03328,-0.0865,0.1376,-0.05332,0.16877,0.03937,1,1,0.727,-0.207,in_circle
19.386,1,395,-0.00565,-0.03097,-0.0277,0.1272,-0.01672,0.18312,0.03703,1,1,0.339,-0.452,in_circle
19.431,1,396,-0.00454,-0.02863,0.0610,0.1287,0.01072,0.17254,0.03478,1,1,0.106,-0.417,in_circle
19.473,1,397,-0.00223,-0.02643,0.1269,0.1211,0.04632,0.14706,0.03290,1,1,-0.252,-0.428,in_circle
19.518,1,398,0.00104,-0.02535,0.1800,0.0591,0.06305,0.09957,0.03258,1,1,-0.522,-0.403,in_circle
19.563,1,399,0.00517,-0.02535,0.2272,0.0000,0.06371,0.04555,0.03393,1,1,-0.742,-0.158,in_circle
19.607,1,400,0.00925,-0.02619,0.2243,-0.0461,0.05118,-0.00141,0.03643,1,1,-0.800,0.078,in_circle
19.651,1,401,0.01297,-0.02709,0.2046,-0.0493,0.02165,-0.04522,0.03907,1,1,-0.800,0.265,in_circle
19.694,1,402,0.01447,-0.02865,0.0827,-0.0858,-0.01782,-0.09029,0.04119,1,1,-0.800,0.280,in_circle
19.739,1,403,0.01522,-0.03000,0.0410,-0.0742,-0.04597,-0.11811,0.04273,1,1,-0.384,0.428,in_circle
19.783,1,404,0.01362,-0.03165,-0.0881,-0.0911,-0.07849,-0.11250,0.04332,1,1,-0.220,0.384,in_circle
19.828,1,405,0.01057,-0.03228,-0.1677,-0.0345,-0.10066,-0.07360,0.04246,1,1,0.284,0.453,in_circle
19.914,1,406,0.00011,-0.03014,-0.5754,0.1177,-0.10120,0.04956,0.03700,1,1,0.606,0.235,in_circle
19.958,1,407,-0.00483,-0.02773,-0.2715,0.1326,-0.09667,0.07789,0.03386,1,1,0.800,-0.380,in_circle
20.002,1,408,-0.00970,-0.02393,-0.2680,0.2092,-0.07395,0.06695,0.02999,1,1,0.800,-0.446,in_circle
20.045,1,409,-0.01468,-0.02023,-0.2737,0.2032,-0.02910,0.08488,0.02712,1,1,0.800,-0.762,in_circle
20.097,1,410,-0.01468,-0.02023,0.0000,0.0000,0.00730,0.12892,0.02712,0,0,0.800,-0.747,in_circle
20.184,1,411,-0.02113,-0.00974,-0.3549,0.5770,0.06649,0.18806,0.02063,1,1,0.017,0.066,in_circle
20.222,1,412,-0.02030,-0.00716,0.0457,0.1421,0.05184,0.17442,0.01815,1,1,0.800,-0.800,in_circle
20.268,1,413,-0.01745,-0.00679,0.1567,0.0205,0.02307,0.15197,0.01602,1,1,-0.152,-0.535,in_circle
20.309,1,414,-0.01400,-0.00737,0.1899,-0.0320,0.05875,0.13879,0.01474,1,1,-0.603,-0.050,in_circle
20.355,1,415,-0.00872,-0.00922,0.2901,-0.1016,0.04617,0.13500,0.01525,1,1,-0.744,0.162,in_circle
20.399,1,416,-0.00301,-0.01044,0.3141,-0.0671,-0.00949,0.10648,0.01712,1,1,-0.800,0.445,in_circle
20.452,1,417,-0.00301,-0.01044,0.0000,0.0000,-0.04189,0.05157,0.01712,0,0,-0.800,0.310,in_circle
20.533,1,418,0.01444,-0.01795,0.9597,-0.4131,-0.06720,-0.06785,0.03268,1,1,-0.012,0.041,in_circle
20.575,1,419,0.01918,-0.02090,0.2605,-0.1624,-0.04533,-0.09389,0.03810,1,1,-0.800,0.800,in_circle
20.617,1,420,0.02206,-0.02212,0.1585,-0.0670,-0.03033,-0.07079,0.04101,1,1,-0.800,0.717,in_circle
20.663,1,421,0.02389,-0.02284,0.1010,-0.0396,-0.06395,-0.04542,0.04285,1,1,-0.704,0.337,in_circle
20.707,1,422,0.02315,-0.02329,-0.0408,-0.0247,-0.10296,-0.02783,0.04261,1,1,-0.476,0.230,in_circle
20.750,1,423,0.02229,-0.02191,-0.0477,0.0757,-0.07696,-0.01153,0.04104,1,1,0.077,0.173,in_circle
20.794,1,424,0.02041,-0.02099,-0.1030,0.0508,-0.03702,0.02955,0.03904,1,1,0.112,-0.228,in_circle
20.839,1,425,0.01988,-0.01870,-0.0294,0.1260,-0.01370,0.08737,0.03709,1,1,0.341,-0.136,in_circle
20.882,1,426,0.01956,-0.01754,-0.0176,0.0634,0.01956,0.14830,0.03609,1,1,0.048,-0.442,in_circle
20.927,1,427,0.02131,-0.01711,0.0961,0.0239,0.04198,0.18804,0.03716,1,1,0.002,-0.195,in_circle
20.971,1,428,0.02332,-0.01703,0.1110,0.0044,0.04981,0.17146,0.03872,1,1,-0.457,-0.038,in_circle
21.015,1,429,0.02770,-0.01843,0.2406,-0.0771,0.03965,0.14030,0.04309,1,1,-0.522,0.040,in_circle
21.057,1,430,0.03238,-0.02058,0.2577,-0.1184,-0.00888,0.08130,0.04818,0,1,-0.800,0.364,running
21.104,1,431,0.03741,-0.02195,0.2764,-0.0749,-0.04140,0.01665,0.05315,0,1,-0.800,0.512,running
21.149,1,432,0.04212,-0.02267,0.2592,-0.0400,-0.06526,-0.03343,0.05757,0,1,-0.800,0.348,running
21.192,1,433,0.04617,-0.02308,0.2228,-0.0224,-0.09911,-0.06103,0.06131,0,1,-0.800,0.229,running
21.241,1,434,0.04817,-0.02248,0.1097,0.0328,-0.08427,-0.08281,0.06280,0,1,-0.800,0.174,running
21.280,1,435,0.04828,-0.02098,0.0064,0.0825,-0.05741,-0.08636,0.06224,0,1,-0.543,0.002,running
21.323,1,436,0.04712,-0.01920,-0.0639,0.0983,-0.02659,-0.07562,0.06042,0,1,-0.222,-0.159,running
21.367,1,437,0.04412,-0.01732,-0.1650,0.1029,0.00523,-0.04357,0.05692,0,1,0.010,-0.224,running
21.412,1,438,0.04028,-0.01558,-0.2112,0.0960,0.04427,0.00876,0.05270,0,1,0.375,-0.264,running
21.455,1,439,0.03712,-0.01462,-0.1738,0.0525,0.06567,0.06994,0.04943,0,1,0.587,-0.267,running
21.499,1,440,0.03325,-0.01444,-0.2128,0.0102,0.06536,0.12827,0.04586,0,1,0.496,-0.129,running
21.542,1,441,0.03063,-0.01538,-0.1439,-0.0517,0.04714,0.16582,0.04398,1,1,0.687,0.019,in_circle
21.588,1,442,0.02925,-0.01665,-0.0762,-0.0699,0.01891,0.17967,0.04342,1,1,0.449,0.256,in_circle
21.630,1,443,0.03022,-0.01942,0.0536,-0.1522,-0.02580,0.17297,0.04574,0,1,0.195,0.331,running
21.678,1,444,0.03248,-0.02102,0.1242,-0.0882,-0.05301,0.15280,0.04851,0,1,-0.308,0.645,running
21.723,1,445,0.03564,-0.02217,0.1740,-0.0634,-0.07974,0.12145,0.05178,0,1,-0.572,0.402,running
21.765,1,446,0.03909,-0.02214,0.1894,0.0019,-0.11293,0.05613,0.05468,0,1,-0.748,0.311,running
21.811,1,447,0.04264,-0.02152,0.1953,0.0343,-0.08729,-0.00591,0.05746,0,1,-0.798,0.085,running
21.854,1,448,0.04609,-0.01967,0.1899,0.1013,-0.05763,-0.05428,0.05970,0,1,-0.800,-0.021,running
21.941,1,449,0.04810,-0.01395,0.1106,0.3147,0.00533,-0.09047,0.05936,0,1,-0.798,-0.236,running
21.984,1,450,0.04635,-0.01143,-0.0967,0.1387,0.01578,-0.09388,0.05688,0,1,-0.551,-0.800,running
22.030,1,451,0.04295,-0.00982,-0.1869,0.0887,0.02632,-0.08414,0.05315,0,1,0.141,-0.403,running
22.072,1,452,0.03853,-0.00926,-0.2428,0.0309,0.07502,-0.05939,0.04878,0,1,0.489,-0.258,running
22.116,1,453,0.03262,-0.00800,-0.3252,0.0688,0.06161,-0.01563,0.04278,1,1,0.750,-0.068,in_circle
22.159,1,454,0.02524,-0.00849,-0.4056,-0.0269,0.00793,0.05446,0.03608,1,1,0.800,-0.231,in_circle
22.202,1,455,0.01924,-0.00929,-0.3301,-0.0435,-0.01609,0.11365,0.03106,1,1,0.800,0.144,in_circle
22.247,1,456,0.01379,-0.01042,-0.3000,-0.0625,-0.02558,0.15226,0.02713,1,1,0.800,0.212,in_circle
22.292,1,457,0.00955,-0.01121,-0.2331,-0.0432,-0.05367,0.16908,0.02444,1,1,0.800,0.291,in_circle
22.335,1,458,0.00747,-0.01037,-0.1142,0.0461,-0.08630,0.17288,0.02239,1,1,0.800,0.216,in_circle
22.380,1,459,0.00739,-0.00890,-0.0044,0.0806,-0.08785,0.16863,0.02128,1,1,0.419,-0.144,in_circle
22.424,1,460,0.00774,-0.00752,0.0191,0.0762,-0.07187,0.15812,0.02060,1,1,-0.020,-0.285,in_circle
22.468,1,461,0.00941,-0.00550,0.0916,0.1113,-0.04536,0.14011,0.02069,1,1,-0.115,-0.271,in_circle
22.510,1,462,0.01322,-0.00284,0.2097,0.1460,-0.00423,0.08857,0.02280,1,1,-0.409,-0.416,in_circle
22.554,1,463,0.01666,-0.00162,0.1894,0.0669,0.03428,0.02438,0.02562,1,1,-0.800,-0.562,in_circle
22.599,1,464,0.01984,-0.00267,0.1748,-0.0576,0.05909,-0.03131,0.02897,1,1,-0.800,-0.248,in_circle
22.643,1,465,0.02358,-0.00383,0.2055,-0.0638,0.09688,-0.07252,0.03288,1,1,-0.768,0.252,in_circle
22.686,1,466,0.02449,-0.00564,0.0501,-0.0996,0.07514,-0.10154,0.03432,1,1,-0.800,0.280,in_circle
22.729,1,467,0.02566,-0.00893,0.0645,-0.1810,0.02164,-0.10700,0.03664,1,1,-0.281,0.427,in_circle
22.775,1,468,0.02371,-0.01259,-0.1074,-0.2010,-0.01146,-0.08338,0.03658,1,1,-0.342,0.761,in_circle
22.819,1,469,0.02207,-0.01648,-0.0901,-0.2140,-0.03463,-0.03432,0.03738,1,1,0.351,0.800,in_circle
22.863,1,470,0.01847,-0.02117,-0.1979,-0.2581,-0.07596,0.02703,0.03780,1,1,0.286,0.800,in_circle
22.906,1,471,0.01604,-0.02394,-0.1340,-0.1523,-0.11045,0.07605,0.03827,1,1,0.726,0.800,in_circle
22.952,1,472,0.01380,-0.02639,-0.1231,-0.1350,-0.11553,0.10968,0.03893,1,1,0.476,0.684,in_circle
22.995,1,473,0.01215,-0.02737,-0.0909,-0.0538,-0.11563,0.13375,0.03888,1,1,0.438,0.621,in_circle
23.037,1,474,0.01244,-0.02665,0.0163,0.0398,-0.10830,0.14657,0.03841,1,1,0.314,0.298,in_circle
23.083,1,475,0.01343,-0.02556,0.0546,0.0597,-0.07762,0.14290,0.03804,1,1,-0.116,-0.077,in_circle
23.129,1,476,0.01605,-0.02345,0.1436,0.1160,-0.03267,0.12523,0.03790,1,1,-0.271,-0.160,in_circle
23.171,1,477,0.01968,-0.02179,0.1999,0.0914,-0.00307,0.07730,0.03908,1,1,-0.634,-0.391,in_circle
23.214,1,478,0.02382,-0.01982,0.2276,0.1086,0.02735,0.01739,0.04082,1,1,-0.800,-0.296,in_circle
23.259,1,479,0.02721,-0.01886,0.1863,0.0528,0.05951,-0.03052,0.04293,1,1,-0.800,-0.365,in_circle
23.304,1,480,0.02990,-0.01831,0.1481,0.0299,0.06749,-0.06999,0.04486,1,1,-0.800,-0.139,in_circle
23.345,1,481,0.03140,-0.01950,0.0829,-0.0651,0.05476,-0.09711,0.04677,0,1,-0.667,-0.047,running
23.395,1,482,0.03039,-0.02148,-0.0558,-0.1091,0.03565,-0.10493,0.04705,0,1,-0.420,0.315,running
23.436,1,483,0.02797,-0.02385,-0.1332,-0.1301,-0.00670,-0.08331,0.04658,0,1,0.099,0.484,running
23.483,1,484,0.02350,-0.02646,-0.2456,-0.1439,-0.04780,-0.03125,0.04509,1,1,0.396,0.570,in_circle
23.529,1,485,0.01874,-0.02853,-0.2619,-0.1140,-0.07321,0.03029,0.04355,1,1,0.800,0.636,in_circle
23.571,1,486,0.01358,-0.03003,-0.2836,-0.0824,-0.10531,0.08422,0.04190,1,1,0.800,0.532,in_circle
23.614,1,487,0.00941,-0.03011,-0.2297,-0.0041,-0.11360,0.12746,0.04000,1,1,0.800,0.417,in_circle
23.655,1,488,0.00602,-0.02861,-0.1864,0.0822,-0.10427,0.15873,0.03727,1,1,0.800,0.106,in_circle
23.698,1,489,0.00430,-0.02690,-0.0943,0.0940,-0.08698,0.17457,0.03506,1,1,0.711,-0.242,in_circle
23.744,1,490,0.00376,-0.02423,-0.0301,0.1467,-0.03932,0.17499,0.03237,1,1,0.347,-0.294,in_circle
23.790,1,491,0.00654,-0.02135,0.1529,0.1585,0.00359,0.16642,0.03088,1,1,0.091,-0.511,in_circle
23.835,1,492,0.00835,-0.01954,0.0999,0.1000,0.02657,0.15149,0.03022,1,1,-0.648,-0.565,in_circle
23.881,1,493,0.01307,-0.01779,0.2592,0.0958,0.05970,0.11396,0.03165,1,1,-0.440,-0.336,in_circle
23.967,1,494,0.02273,-0.01791,0.5315,-0.0064,0.06518,-0.02163,0.03878,1,1,-0.800,-0.324,in_circle
24.008,1,495,0.02666,-0.02038,0.2159,-0.1358,0.04675,-0.04870,0.04339,1,1,-0.800,0.085,in_circle
24.051,1,496,0.02957,-0.02362,0.1603,-0.1783,0.04255,-0.03851,0.04769,0,1,-0.800,0.595,running
24.094,1,497,0.03207,-0.02681,0.1374,-0.1754,-0.00428,-0.04148,0.05163,0,1,-0.700,0.744,running
24.138,1,498,0.03126,-0.02985,-0.0446,-0.1674,-0.05172,-0.05177,0.05302,0,1,-0.608,0.721,running
24.185,1,499,0.03054,-0.03317,-0.0395,-0.1825,-0.07441,-0.04440,0.05481,0,1,0.032,0.695,running
24.230,1,500,0.02795,-0.03485,-0.1426,-0.0923,-0.10394,-0.01435,0.05428,0,1,0.011,0.749,running
24.275,1,501,0.02444,-0.03597,-0.1927,-0.0615,-0.10676,0.03246,0.05292,0,1,0.374,0.448,running
24.317,1,502,0.02070,-0.03577,-0.2061,0.0108,-0.10958,0.08234,0.05057,0,1,0.570,0.346,running
24.359,1,503,0.01888,-0.03458,-0.1001,0.0655,-0.09409,0.12317,0.04856,0,1,0.651,0.088,running
24.405,1,504,0.01765,-0.03262,-0.0675,0.1080,-0.05682,0.16325,0.04625,0,1,0.288,-0.121,running
24.446,1,505,0.01763,-0.02991,-0.0009,0.1489,-0.01680,0.18739,0.04400,1,1,0.181,-0.296,in_circle
24.492,1,506,0.01986,-0.02679,0.1226,0.1719,0.01400,0.17419,0.04290,1,1,-0.065,-0.475,in_circle
24.534,1,507,0.02266,-0.02521,0.1542,0.0868,0.04689,0.15062,0.04361,1,1,-0.549,-0.581,in_circle
24.580,1,508,0.02744,-0.02370,0.2626,0.0830,0.08461,0.09682,0.04608,0,1,-0.676,-0.251,running
24.622,1,509,0.03221,-0.02333,0.2625,0.0205,0.09999,0.03572,0.04961,0,1,-0.800,-0.228,running
24.668,1,510,0.03689,-0.02413,0.2575,-0.0442,0.06847,-0.01717,0.05390,0,1,-0.800,0.013,running
24.711,1,511,0.04017,-0.02596,0.1803,-0.1008,0.02944,-0.05034,0.05764,0,1,-0.800,0.248,running
24.753,1,512,0.04209,-0.02805,0.1058,-0.1147,-0.00376,-0.07729,0.06040,0,1,-0.756,0.440,running
24.798,1,513,0.04240,-0.03013,0.0169,-0.1146,-0.02943,-0.09741,0.06185,0,1,-0.513,0.485,running
24.844,1,514,0.04146,-0.03239,-0.0515,-0.1243,-0.06989,-0.08913,0.06246,0,1,-0.233,0.488,running
24.887,1,515,0.03889,-0.03376,-0.1417,-0.0752,-0.10177,-0.05524,0.06132,0,1,-0.019,0.525,running
24.931,1,516,0.03497,-0.03461,-0.2153,-0.0469,-0.10481,0.00919,0.05898,0,1,0.279,0.379,running
24.975,1,517,0.03074,-0.03401,-0.2328,0.0329,-0.10843,0.07835,0.05555,0,1,0.550,0.292,running
25.020,1,518,0.02726,-0.03201,-0.1914,0.1102,-0.08254,0.12399,0.05171,0,1,0.660,0.020,running
25.063,1,519,0.02509,-0.02991,-0.1192,0.1153,-0.03852,0.14942,0.04870,0,1,0.568,-0.272,running
25.107,1,520,0.02413,-0.02673,-0.0530,0.1750,-0.00920,0.16816,0.04572,0,1,0.339,-0.316,running
25.151,1,521,0.02491,-0.02416,0.0427,0.1413,0.02133,0.17379,0.04449,1,1,0.111,-0.569,in_circle
25.195,1,522,0.02693,-0.02259,0.1113,0.0861,0.05687,0.15661,0.04499,1,1,-0.252,-0.458,in_circle
25.241,1,523,0.03004,-0.02142,0.1709,0.0647,0.08771,0.10947,0.04673,0,1,-0.518,-0.249,running
25.286,1,524,0.03305,-0.02093,0.1659,0.0266,0.07740,0.05248,0.04893,0,1,-0.745,-0.164,running
25.328,1,525,0.03729,-0.02174,0.2332,-0.0443,0.04471,-0.00778,0.05294,0,1,-0.725,-0.018,running
25.374,1,526,0.03990,-0.02291,0.1431,-0.0643,0.01237,-0.05548,0.05577,0,1,-0.800,0.242,running
25.416,1,527,0.04221,-0.02471,0.1271,-0.0992,-0.01901,-0.09343,0.05868,0,1,-0.639,0.312,running
25.459,1,528,0.04198,-0.02613,-0.0126,-0.0778,-0.05508,-0.10423,0.05924,0,1,-0.585,0.428,running
25.503,1,529,0.03951,-0.02700,-0.1356,-0.0482,-0.08736,-0.09146,0.05769,0,1,-0.132,0.363,running
25.547,1,530,0.03577,-0.02684,-0.2057,0.0092,-0.10058,-0.04749,0.05456,0,1,0.286,0.271,running
25.591,1,531,0.03111,-0.02605,-0.2563,0.0435,-0.10071,0.01492,0.05041,0,1,0.562,0.075,running
25.636,1,532,0.02635,-0.02342,-0.2622,0.1446,-0.07986,0.08146,0.04507,1,1,0.800,-0.059,in_circle
25.680,1,533,0.02171,-0.02048,-0.2552,0.1617,-0.03202,0.13014,0.03964,1,1,0.800,-0.468,in_circle
25.735,1,534,0.02171,-0.02048,0.0000,0.0000,-0.00032,0.16120,0.03964,0,0,0.800,-0.581,in_circle
25.824,1,535,0.02171,-0.02048,0.0000,0.0000,0.06382,0.17679,0.03964,0,0,-0.074,0.066,in_circle
25.860,1,536,0.02007,-0.00806,-0.0900,0.6830,0.04828,0.16697,0.03121,1,1,-0.074,0.066,in_circle
25.899,1,537,0.02273,-0.00651,0.1464,0.0851,0.01298,0.14461,0.03299,1,1,0.290,-0.800,in_circle
25.990,1,538,0.03311,-0.00573,0.5711,0.0430,0.01953,0.08772,0.04256,1,1,-0.662,-0.309,in_circle
26.032,1,539,0.03868,-0.00626,0.3060,-0.0294,0.02937,0.06543,0.04807,0,1,-0.800,-0.137,running
26.075,1,540,0.04436,-0.00743,0.3123,-0.0639,0.01715,0.05961,0.05386,0,1,-0.800,0.144,running
26.118,1,541,0.04995,-0.00891,0.3078,-0.0815,-0.00569,0.03190,0.05964,0,1,-0.800,0.263,running
26.162,1,542,0.05459,-0.00968,0.2550,-0.0424,-0.04409,-0.02306,0.06433,0,1,-0.800,0.314,running
26.207,1,543,0.05914,-0.00997,0.2503,-0.0162,-0.08020,-0.09006,0.06882,0,1,-0.800,0.186,running
26.251,1,544,0.06192,-0.00958,0.1532,0.0218,-0.09355,-0.14184,0.07144,0,1,-0.800,0.109,running
26.296,1,545,0.06232,-0.00810,0.0216,0.0813,-0.07736,-0.14078,0.07152,0,1,-0.704,0.004,running
26.339,1,546,0.06021,-0.00639,-0.1158,0.0939,-0.05143,-0.10188,0.06913,0,1,-0.345,-0.165,running
26.382,1,547,0.05712,-0.00483,-0.1700,0.0856,-0.01154,-0.04452,0.06582,0,1,0.059,-0.217,running
26.427,1,548,0.05244,-0.00349,-0.2573,0.0737,0.02450,0.01023,0.06099,0,1,0.258,-0.213,running
26.471,1,549,0.04873,-0.00294,-0.2043,0.0304,0.05282,0.05788,0.05723,0,1,0.599,-0.199,running
26.515,1,550,0.04409,-0.00259,-0.2554,0.0192,0.05930,0.09483,0.05259,0,1,0.486,-0.070,running
26.557,1,551,0.04006,-0.00341,-0.2215,-0.0449,0.04301,0.13175,0.04877,0,1,0.731,-0.040,running
26.603,1,552,0.03723,-0.00504,-0.1554,-0.0898,0.01566,0.15984,0.04637,0,1,0.668,0.191,running
26.647,1,553,0.03583,-0.00666,-0.0772,-0.0891,-0.02288,0.16730,0.04543,1,1,0.455,0.368,in_circle
26.692,1,554,0.03592,-0.00826,0.0052,-0.0882,-0.05829,0.16288,0.04599,0,1,0.171,0.372,running
26.735,1,555,0.03742,-0.00973,0.0823,-0.0806,-0.08421,0.14346,0.04788,0,1,-0.142,0.371,running
26.778,1,556,0.04005,-0.00987,0.1446,-0.0080,-0.09846,0.10406,0.05041,0,1,-0.434,0.343,running
26.823,1,557,0.04313,-0.00908,0.1693,0.0437,-0.09091,0.04926,0.05311,0,1,-0.663,0.077,running
26.868,1,558,0.04615,-0.00723,0.1662,0.1014,-0.06872,-0.01114,0.05555,0,1,-0.749,-0.104,running
26.911,1,559,0.04900,-0.00467,0.1567,0.1410,-0.03294,-0.06270,0.05779,0,1,-0.738,-0.299,running
26.955,1,560,0.05048,-0.00202,0.0817,0.1457,0.00556,-0.09439,0.05883,0,1,-0.708,-0.428,running
26.998,1,561,0.04981,-0.00025,-0.0372,0.0977,0.03926,-0.10626,0.05794,0,1,-0.466,-0.445,running
27.044,1,562,0.04693,0.00081,-0.1579,0.0582,0.07088,-0.08479,0.05498,0,1,-0.074,-0.299,running
27.087,1,563,0.04263,0.00061,-0.2367,-0.0113,0.08023,-0.03928,0.05072,0,1,0.359,-0.181,running
27.132,1,564,0.03870,-0.00109,-0.2164,-0.0933,0.05047,0.01539,0.04703,0,1,0.692,0.057,running
27.175,1,565,0.03417,-0.00294,-0.2489,-0.1016,0.01151,0.07243,0.04291,1,1,0.672,0.367,in_circle
27.218,1,566,0.02878,-0.00517,-0.2967,-0.1227,-0.02308,0.11655,0.03824,1,1,0.800,0.418,in_circle
27.263,1,567,0.02533,-0.00665,-0.1897,-0.0814,-0.05634,0.14896,0.03546,1,1,0.800,0.519,in_circle
27.308,1,568,0.02206,-0.00849,-0.1797,-0.1015,-0.08700,0.17405,0.03319,1,1,0.676,0.357,in_circle
27.352,1,569,0.02035,-0.00954,-0.0942,-0.0576,-0.11935,0.16833,0.03215,1,1,0.644,0.442,in_circle
27.396,1,570,0.02100,-0.00845,0.0357,0.0602,-0.09486,0.16217,0.03222,1,1,0.307,0.269,in_circle
27.439,1,571,0.02275,-0.00680,0.0966,0.0904,-0.07414,0.14978,0.03313,1,1,-0.215,-0.205,in_circle
27.483,1,572,0.02551,-0.00398,0.1515,0.1551,-0.05660,0.11963,0.03477,1,1,-0.463,-0.330,in_circle
27.528,1,573,0.02863,-0.00080,0.1718,0.1749,-0.01399,0.06345,0.03706,1,1,-0.689,-0.596,in_circle
27.577,1,574,0.02863,-0.00080,0.0000,0.0000,0.02874,0.00061,0.03706,0,0,-0.778,-0.682,in_circle
27.617,1,575,0.03491,0.00334,0.3452,0.2276,0.05640,-0.05032,0.04279,1,1,-0.091,0.017,in_circle
27.659,1,576,0.03619,0.00423,0.0708,0.0489,0.08759,-0.08846,0.04403,1,1,-0.800,-0.800,in_circle
27.702,1,577,0.03617,0.00450,-0.0013,0.0150,0.07614,-0.09516,0.04400,1,1,-0.390,-0.183,in_circle
27.747,1,578,0.03466,0.00343,-0.0829,-0.0589,0.06777,-0.06502,0.04254,1,1,-0.114,-0.054,in_circle
27.791,1,579,0.03350,0.00086,-0.0638,-0.1411,0.06449,-0.03582,0.04162,1,1,0.212,0.236,in_circle
27.846,1,580,0.03350,0.00086,0.0000,0.0000,0.01847,-0.00560,0.04162,0,0,0.144,0.569,in_circle
27.926,1,581,0.02117,-0.00962,-0.6785,-0.5764,-0.04527,0.09560,0.03291,1,1,-0.107,0.013,in_circle
28.012,1,582,0.01489,-0.01671,-0.3451,-0.3899,-0.01772,0.12777,0.03210,1,1,0.800,0.800,in_circle
28.056,1,583,0.01334,-0.01907,-0.0854,-0.1299,-0.02812,0.10168,0.03279,1,1,0.800,0.800,in_circle
28.099,1,584,0.01341,-0.02140,0.0041,-0.1284,-0.04984,0.09779,0.03466,1,1,0.289,0.582,in_circle
28.143,1,585,0.01411,-0.02328,0.0385,-0.1031,-0.09194,0.13233,0.03657,1,1,-0.069,0.582,in_circle
28.188,1,586,0.01637,-0.02372,0.1239,-0.0244,-0.09574,0.16303,0.03831,1,1,-0.209,0.485,in_circle
28.231,1,587,0.01953,-0.02412,0.1743,-0.0218,-0.08338,0.13103,0.04067,1,1,-0.556,0.172,in_circle
28.274,1,588,0.02349,-0.02321,0.2177,0.0502,-0.07406,0.05309,0.04280,1,1,-0.762,0.163,in_circle
28.319,1,589,0.02732,-0.02192,0.2105,0.0710,-0.03443,-0.02532,0.04486,1,1,-0.800,-0.118,in_circle
28.362,1,590,0.03095,-0.02048,0.1999,0.0790,0.00576,-0.07173,0.04694,0,1,-0.800,-0.194,running
28.408,1,591,0.03268,-0.01909,0.0950,0.0762,0.03752,-0.08159,0.04763,0,1,-0.800,-0.219,running
28.450,1,592,0.03305,-0.01866,0.0205,0.0239,0.05981,-0.08716,0.04772,0,1,-0.468,-0.209,running
28.494,1,593,0.03161,-0.01906,-0.0797,-0.0220,0.06080,-0.07681,0.04670,0,1,-0.194,-0.017,running
28.538,1,594,0.02904,-0.02068,-0.1413,-0.0893,0.04147,-0.05028,0.04549,1,1,0.186,0.153,in_circle
28.583,1,595,0.02519,-0.02260,-0.2114,-0.1057,0.00912,0.00658,0.04367,1,1,0.432,0.411,in_circle
28.628,1,596,0.02098,-0.02489,-0.2317,-0.1256,-0.03127,0.07200,0.04222,1,1,0.726,0.484,in_circle
28.671,1,597,0.01755,-0.02786,-0.1886,-0.1634,-0.06525,0.13047,0.04230,1,1,0.800,0.572,in_circle
28.715,1,598,0.01484,-0.02937,-0.1493,-0.0832,-0.09380,0.16411,0.04200,1,1,0.671,0.727,in_circle
28.758,1,599,0.01382,-0.03024,-0.0559,-0.0479,-0.12105,0.17174,0.04220,1,1,0.526,0.418,in_circle
28.802,1,600,0.01471,-0.02905,0.0490,0.0657,-0.11604,0.16300,0.04166,1,1,0.162,0.282,in_circle
28.850,1,601,0.01700,-0.02778,0.1255,0.0696,-0.10660,0.14462,0.04191,1,1,-0.251,-0.168,in_circle
28.892,1,602,0.02066,-0.02431,0.2016,0.1910,-0.07693,0.11131,0.04158,1,1,-0.557,-0.185,in_circle
28.934,1,603,0.02496,-0.02124,0.2362,0.1691,-0.03355,0.05958,0.04260,1,1,-0.800,-0.674,in_circle
28.977,1,604,0.02958,-0.01755,0.2545,0.2026,-0.00282,0.00856,0.04418,1,1,-0.800,-0.587,in_circle
29.021,1,605,0.03328,-0.01422,0.2032,0.1835,0.02967,-0.04443,0.04578,0,1,-0.800,-0.713,running
29.066,1,606,0.03568,-0.01186,0.1323,0.1294,0.06809,-0.08300,0.04701,0,1,-0.800,-0.635,running
29.111,1,607,0.03672,-0.01014,0.0568,0.0949,0.10206,-0.10798,0.04735,0,1,-0.616,-0.430,running
29.156,1,608,0.03692,-0.01047,0.0111,-0.0181,0.09427,-0.10618,0.04765,0,1,-0.338,-0.305,running
29.199,1,609,0.03424,-0.01168,-0.1472,-0.0666,0.05765,-0.07237,0.04561,0,1,-0.170,0.114,running
29.243,1,610,0.03068,-0.01392,-0.1960,-0.1234,0.02208,-0.01696,0.04333,1,1,0.439,0.300,in_circle
29.287,1,611,0.02605,-0.01633,-0.2544,-0.1322,-0.01096,0.04410,0.04055,1,1,0.655,0.530,in_circle
29.331,1,612,0.02276,-0.01965,-0.1812,-0.1826,-0.04725,0.09590,0.03989,1,1,0.800,0.582,in_circle
29.378,1,613,0.01842,-0.02193,-0.2384,-0.1255,-0.08382,0.13461,0.03831,1,1,0.649,0.794,in_circle
29.421,1,614,0.01628,-0.02336,-0.1181,-0.0791,-0.11189,0.15735,0.03797,1,1,0.800,0.572,in_circle
29.464,1,615,0.01586,-0.02370,-0.0231,-0.0187,-0.11990,0.17127,0.03797,1,1,0.412,0.390,in_circle
29.507,1,616,0.01695,-0.02315,0.0603,0.0304,-0.11202,0.16169,0.03824,1,1,0.033,0.149,in_circle
29.553,1,617,0.01985,-0.02194,0.1593,0.0668,-0.08435,0.14845,0.03930,1,1,-0.303,-0.049,in_circle
29.596,1,618,0.02398,-0.01939,0.2274,0.1398,-0.03740,0.11805,0.04068,1,1,-0.706,-0.198,in_circle
29.638,1,619,0.02867,-0.01754,0.2577,0.1017,-0.00868,0.07159,0.04341,1,1,-0.800,-0.491,in_circle
29.682,1,620,0.03352,-0.01464,0.2671,0.1596,0.01875,0.01560,0.04619,0,1,-0.800,-0.330,running
29.727,1,621,0.03838,-0.01294,0.2668,0.0936,0.05813,-0.03774,0.04991,0,1,-0.800,-0.541,running
29.769,1,622,0.04214,-0.01160,0.2068,0.0736,0.06246,-0.08263,0.05295,0,1,-0.800,-0.280,running
29.815,1,623,0.04337,-0.01145,0.0681,0.0085,0.06882,-0.11094,0.05407,0,1,-0.800,-0.201,running
29.860,1,624,0.04331,-0.01232,-0.0034,-0.0479,0.05673,-0.11398,0.05430,0,1,-0.398,0.027,running
29.903,1,625,0.04108,-0.01421,-0.1226,-0.1037,0.01085,-0.08444,0.05289,0,1,-0.153,0.223,running
29.947,1,626,0.03711,-0.01617,-0.2187,-0.1078,-0.02641,-0.03892,0.05008,0,1,0.273,0.425,running
30.035,1,627,0.02711,-0.01893,-0.5497,-0.1521,-0.08763,0.07103,0.04290,1,1,0.652,0.454,in_circle
30.079,1,628,0.02267,-0.01982,-0.2443,-0.0487,-0.09686,0.09977,0.03994,1,1,0.800,0.657,in_circle
30.123,1,629,0.01890,-0.01897,-0.2074,0.0466,-0.09452,0.09776,0.03656,1,1,0.800,0.259,in_circle
30.166,1,630,0.01541,-0.01695,-0.1922,0.1111,-0.11059,0.11024,0.03264,1,1,0.763,-0.124,in_circle
30.211,1,631,0.01419,-0.01486,-0.0668,0.1148,-0.08596,0.14753,0.03031,1,1,0.711,-0.387,in_circle
30.255,1,632,0.01425,-0.01185,0.0033,0.1654,-0.03934,0.17568,0.02837,1,1,0.212,-0.407,in_circle
30.298,1,633,0.01637,-0.00812,0.1164,0.2051,-0.00827,0.17378,0.02799,1,1,-0.068,-0.617,in_circle
30.343,1,634,0.02024,-0.00410,0.2127,0.2212,0.01930,0.15132,0.02980,1,1,-0.526,-0.785,in_circle
30.389,1,635,0.02436,-0.00262,0.2268,0.0815,0.05776,0.10349,0.03329,1,1,-0.800,-0.800,in_circle
30.432,1,636,0.03006,-0.00112,0.3134,0.0827,0.09119,0.04272,0.03852,1,1,-0.800,-0.304,in_circle
30.475,1,637,0.03522,-0.00139,0.2838,-0.0148,0.10738,-0.00746,0.04365,1,1,-0.800,-0.313,in_circle
30.521,1,638,0.04014,-0.00257,0.2709,-0.0649,0.08164,-0.03940,0.04870,0,1,-0.800,0.077,running
30.564,1,639,0.04400,-0.00529,0.2123,-0.1496,0.03664,-0.06600,0.05302,0,1,-0.800,0.262,running
30.607,1,640,0.04592,-0.00911,0.1056,-0.2104,0.00294,-0.08427,0.05581,0,1,-0.800,0.556,running
30.651,1,641,0.04581,-0.01278,-0.0061,-0.2016,-0.02376,-0.08826,0.05681,0,1,-0.533,0.758,running
30.695,1,642,0.04497,-0.01575,-0.0464,-0.1634,-0.06033,-0.07362,0.05708,0,1,-0.159,0.734,running
30.739,1,643,0.04263,-0.01819,-0.1286,-0.1338,-0.09903,-0.03247,0.05593,0,1,-0.023,0.615,running
30.784,1,644,0.03985,-0.02006,-0.1531,-0.1033,-0.10545,0.02630,0.05431,0,1,0.266,0.530,running
30.827,1,645,0.03706,-0.01971,-0.1534,0.0196,-0.10717,0.07788,0.05170,0,1,0.372,0.438,running
30.871,1,646,0.03332,-0.01803,-0.2053,0.0921,-0.08942,0.12239,0.04763,0,1,0.403,0.010,running
30.915,1,647,0.03167,-0.01577,-0.0908,0.1246,-0.04615,0.14718,0.04508,1,1,0.640,-0.271,in_circle
30.959,1,648,0.03144,-0.01259,-0.0130,0.1747,-0.01323,0.16825,0.04342,1,1,0.236,-0.413,in_circle
31.005,1,649,0.03238,-0.00993,0.0516,0.1464,0.01714,0.17463,0.04322,1,1,-0.055,-0.625,in_circle
31.047,1,650,0.03536,-0.00760,0.1640,0.1279,0.04923,0.16651,0.04525,1,1,-0.307,-0.525,in_circle
31.090,1,651,0.03884,-0.00640,0.1915,0.0661,0.08450,0.12621,0.04826,0,1,-0.741,-0.447,running
31.134,1,652,0.04377,-0.00662,0.2711,-0.0122,0.08329,0.06394,0.05309,0,1,-0.800,-0.207,running
31.180,1,653,0.04755,-0.00716,0.2083,-0.0296,0.05883,0.00939,0.05690,0,1,-0.800,0.082,running
31.224,1,654,0.05207,-0.00914,0.2484,-0.1088,0.03117,-0.03181,0.06175,0,1,-0.800,0.142,running
31.268,1,655,0.05579,-0.01165,0.2044,-0.1382,-0.01065,-0.06661,0.06599,0,1,-0.800,0.395,running
31.311,1,656,0.05751,-0.01394,0.0950,-0.1258,-0.04204,-0.09559,0.06829,0,1,-0.800,0.476,running
31.354,1,657,0.05771,-0.01549,0.0110,-0.0852,-0.06976,-0.10115,0.06895,0,1,-0.528,0.439,running
31.399,1,658,0.05601,-0.01584,-0.0935,-0.0195,-0.10279,-0.08107,0.06745,0,1,-0.290,0.327,running
31.445,1,659,0.05283,-0.01483,-0.1753,0.0556,-0.09152,-0.03543,0.06411,0,1,0.024,0.141,running
31.488,1,660,0.04867,-0.01341,-0.2287,0.0782,-0.08300,0.02310,0.05971,0,1,0.308,-0.092,running
31.531,1,661,0.04449,-0.01127,-0.2300,0.1174,-0.05061,0.07703,0.05507,0,1,0.538,-0.183,running
31.576,1,662,0.04138,-0.00729,-0.1707,0.2189,-0.00877,0.11517,0.05095,0,1,0.611,-0.343,running
31.621,1,663,0.03865,-0.00412,-0.1503,0.1748,0.02340,0.14345,0.04754,0,1,0.458,-0.739,running
31.662,1,664,0.03772,-0.00141,-0.0509,0.1486,0.05323,0.16807,0.04612,0,1,0.422,-0.617,running
31.707,1,665,0.03789,0.00046,0.0089,0.1029,0.09004,0.17857,0.04602,0,1,0.063,-0.537,running
31.752,1,666,0.03962,0.00135,0.0956,0.0488,0.08402,0.15704,0.04765,0,1,-0.161,-0.371,running
31.796,1,667,0.04270,-0.00010,0.1691,-0.0794,0.06030,0.10328,0.05087,0,1,-0.490,-0.167,running
31.839,1,668,0.04623,-0.00213,0.1943,-0.1116,0.03780,0.04193,0.05464,0,1,-0.757,0.301,running
31.883,1,669,0.04958,-0.00499,0.1841,-0.1574,-0.00697,-0.00886,0.05842,0,1,-0.800,0.407,running
31.927,1,670,0.05289,-0.00730,0.1820,-0.1268,-0.04061,-0.04507,0.06213,0,1,-0.797,0.551,running
31.972,1,671,0.05408,-0.00924,0.0654,-0.1069,-0.06886,-0.07555,0.06372,0,1,-0.786,0.443,running
32.060,1,672,0.05251,-0.01044,-0.0862,-0.0662,-0.08806,-0.09771,0.06251,0,1,-0.428,0.382,running
32.104,1,673,0.05004,-0.00980,-0.1355,0.0354,-0.09113,-0.07744,0.05996,0,1,0.048,0.265,running
32.147,1,674,0.04558,-0.00878,-0.2456,0.0561,-0.08642,-0.06107,0.05539,0,1,0.232,-0.058,running
32.192,1,675,0.03955,-0.00677,-0.3315,0.1103,-0.04866,-0.01339,0.04904,0,1,0.657,-0.142,running
32.235,1,676,0.03368,-0.00348,-0.3227,0.1810,-0.00963,0.05328,0.04255,1,1,0.800,-0.364,in_circle
32.290,1,677,0.03368,-0.00348,0.0000,0.0000,0.02395,0.11312,0.04255,0,0,0.800,-0.681,in_circle
32.372,1,678,0.01905,0.00209,-0.8048,0.3066,0.08923,0.17099,0.02714,1,1,-0.109,0.025,in_circle
32.411,1,679,0.01622,0.00200,-0.1556,-0.0050,0.07125,0.18117,0.02435,1,1,0.800,-0.800,in_circle
32.463,1,680,0.01622,0.00200,0.0000,0.0000,0.04233,0.15681,0.02435,0,0,0.562,0.030,in_circle
32.502,1,681,0.01843,-0.00269,0.1211,-0.2579,0.06892,0.13353,0.02763,1,1,-0.060,0.010,in_circle
32.550,1,682,0.01843,-0.00269,0.0000,0.0000,0.05036,0.12838,0.02763,0,0,-0.550,0.800,in_circle
32.596,1,683,0.01843,-0.00269,0.0000,0.0000,0.00221,0.10979,0.02763,0,0,-0.066,0.022,in_circle
32.635,1,684,0.02940,-0.01740,0.6036,-0.8093,-0.02654,0.06228,0.04395,1,1,-0.066,0.022,in_circle
32.675,1,685,0.03366,-0.02257,0.2345,-0.2842,-0.01757,0.00665,0.05035,0,1,-0.800,0.800,running
32.720,1,686,0.03705,-0.02757,0.1862,-0.2749,-0.01554,-0.02103,0.05602,0,1,-0.800,0.800,running
32.764,1,687,0.03927,-0.03133,0.1220,-0.2068,-0.05045,-0.03214,0.06007,0,1,-0.774,0.800,running
32.806,1,688,0.04050,-0.03504,0.0679,-0.2039,-0.09526,-0.06426,0.06338,0,1,-0.555,0.792,running
32.850,1,689,0.04050,-0.03797,-0.0003,-0.1615,-0.09753,-0.09864,0.06531,0,1,-0.385,0.775,running
32.895,1,690,0.03854,-0.03991,-0.1075,-0.1064,-0.09798,-0.09609,0.06523,0,1,-0.181,0.648,running
32.940,1,691,0.03545,-0.04071,-0.1703,-0.0441,-0.10053,-0.04727,0.06366,0,1,0.147,0.491,running
32.984,1,692,0.03119,-0.04047,-0.2342,0.0130,-0.10206,0.02601,0.06066,0,1,0.361,0.307,running
33.026,1,693,0.02717,-0.03915,-0.2209,0.0730,-0.07574,0.09302,0.05711,0,1,0.605,0.123,running
33.071,1,694,0.02366,-0.03742,-0.1933,0.0951,-0.03133,0.14298,0.05362,0,1,0.615,-0.091,running
33.117,1,695,0.02164,-0.03565,-0.1110,0.0971,0.00253,0.16545,0.05101,0,1,0.568,-0.190,running
33.159,1,696,0.02101,-0.03386,-0.0344,0.0984,0.03248,0.17345,0.04919,0,1,0.306,-0.219,running
33.202,1,697,0.02234,-0.03368,0.0730,0.0103,0.06097,0.16360,0.04983,0,1,0.040,-0.239,running
33.247,1,698,0.02359,-0.03297,0.0687,0.0391,0.06027,0.13849,0.05004,0,1,-0.353,0.082,running
33.291,1,699,0.02668,-0.03308,0.1703,-0.0063,0.04636,0.08997,0.05212,0,1,-0.341,-0.024,running
33.335,1,700,0.02986,-0.03403,0.1749,-0.0519,0.02027,0.03735,0.05496,0,1,-0.706,0.144,running
33.380,1,701,0.03292,-0.03533,0.1680,-0.0715,-0.01758,-0.02479,0.05802,0,1,-0.717,0.307,running
33.423,1,702,0.03459,-0.03755,0.0917,-0.1222,-0.04742,-0.07215,0.06077,0,1,-0.689,0.375,running
33.468,1,703,0.03550,-0.03848,0.0501,-0.0515,-0.07662,-0.10498,0.06208,0,1,-0.441,0.541,running
33.513,1,704,0.03442,-0.03905,-0.0594,-0.0314,-0.09690,-0.10718,0.06174,0,1,-0.312,0.321,running
33.555,1,705,0.03102,-0.03838,-0.1866,0.0369,-0.09958,-0.07243,0.05897,0,1,0.035,0.260,running
33.599,1,706,0.02708,-0.03696,-0.2171,0.0784,-0.09531,-0.00984,0.05533,0,1,0.471,0.033,running
33.644,1,707,0.02206,-0.03523,-0.2760,0.0953,-0.06071,0.05097,0.05090,0,1,0.621,-0.125,running
33.687,1,708,0.01791,-0.03308,-0.2282,0.1178,-0.01717,0.09681,0.04678,0,1,0.800,-0.214,running
33.731,1,709,0.01399,-0.03067,-0.2155,0.1328,0.01317,0.13589,0.04266,1,1,0.778,-0.328,in_circle
33.775,1,710,0.01130,-0.02896,-0.1482,0.0940,0.04451,0.16950,0.03984,1,1,0.782,-0.420,in_circle
33.818,1,711,0.01015,-0.02764,-0.0631,0.0725,0.07922,0.18787,0.03813,1,1,0.545,-0.289,in_circle
33.863,1,712,0.01083,-0.02784,0.0373,-0.0109,0.08387,0.18599,0.03863,1,1,0.208,-0.206,in_circle
33.907,1,713,0.01289,-0.02926,0.1135,-0.0781,0.05437,0.16173,0.04088,1,1,-0.196,0.128,in_circle
33.950,1,714,0.01635,-0.03168,0.1902,-0.1331,0.01706,0.12006,0.04475,1,1,-0.503,0.399,in_circle
33.995,1,715,0.02115,-0.03428,0.2642,-0.1431,-0.01782,0.06483,0.04961,0,1,-0.791,0.610,running
34.082,1,716,0.02889,-0.03861,0.4258,-0.2380,-0.07990,-0.03450,0.05776,0,1,-0.800,0.638,running
34.127,1,717,0.03215,-0.04087,0.1795,-0.1242,-0.08735,-0.06421,0.06159,0,1,-0.800,0.800,running
34.172,1,718,0.03378,-0.04133,0.0893,-0.0253,-0.09458,-0.06764,0.06300,0,1,-0.706,0.557,running
34.216,1,719,0.03337,-0.04110,-0.0225,0.0124,-0.09888,-0.06674,0.06256,0,1,-0.427,0.251,running
34.259,1,720,0.03228,-0.03954,-0.0598,0.0861,-0.08885,-0.05738,0.06066,0,1,-0.080,0.132,running
34.304,1,721,0.02954,-0.03750,-0.1507,0.1119,-0.07102,-0.02432,0.05733,0,1,0.048,-0.112,running
34.349,1,722,0.02634,-0.03527,-0.1764,0.1229,-0.02100,0.03657,0.05355,0,1,0.373,-0.224,running
34.391,1,723,0.02345,-0.03344,-0.1586,0.1006,0.01418,0.09396,0.05032,0,1,0.501,-0.294,running
34.436,1,724,0.02160,-0.03196,-0.1017,0.0810,0.03841,0.14087,0.04802,0,1,0.475,-0.242,running
34.479,1,725,0.02025,-0.03053,-0.0746,0.0790,0.06655,0.17599,0.04605,0,1,0.289,-0.188,running
34.522,1,726,0.02037,-0.03051,0.0071,0.0008,0.05407,0.18759,0.04612,0,1,0.202,-0.194,running
34.567,1,727,0.02259,-0.03063,0.1219,-0.0063,0.02920,0.16525,0.04759,0,1,-0.106,0.099,running
34.610,1,728,0.02577,-0.03126,0.1750,-0.0347,-0.00136,0.11157,0.05015,0,1,-0.538,0.129,running
34.655,1,729,0.02910,-0.03186,0.1830,-0.0330,-0.04045,0.05072,0.05287,0,1,-0.730,0.237,running
34.698,1,730,0.03333,-0.03230,0.2327,-0.0244,-0.07303,-0.00201,0.05620,0,1,-0.754,0.234,running
34.743,1,731,0.03717,-0.03211,0.2112,0.0106,-0.09087,-0.03738,0.05895,0,1,-0.800,0.209,running
34.787,1,732,0.03920,-0.03104,0.1118,0.0588,-0.08802,-0.06562,0.05984,0,1,-0.800,0.097,running
34.831,1,733,0.03956,-0.02882,0.0196,0.1223,-0.06331,-0.09100,0.05878,0,1,-0.523,-0.059,running
34.875,1,734,0.03858,-0.02703,-0.0538,0.0982,-0.03429,-0.09319,0.05694,0,1,-0.227,-0.278,running
34.920,1,735,0.03540,-0.02492,-0.1751,0.1163,0.00510,-0.06765,0.05312,0,1,0.023,-0.216,running
34.964,1,736,0.03170,-0.02257,-0.2034,0.1291,0.04031,-0.00515,0.04875,0,1,0.472,-0.307,running
35.008,1,737,0.02827,-0.02129,-0.1889,0.0704,0.05119,0.06535,0.04523,1,1,0.626,-0.387,in_circle
35.051,1,738,0.02420,-0.02076,-0.2235,0.0291,0.05262,0.11874,0.04172,1,1,0.616,-0.191,in_circle
35.094,1,739,0.02027,-0.02039,-0.2163,0.0204,0.05151,0.14350,0.03853,1,1,0.796,-0.045,in_circle
35.139,1,740,0.01876,-0.02186,-0.0829,-0.0809,0.02578,0.15692,0.03849,1,1,0.795,-0.016,in_circle
35.184,1,741,0.01878,-0.02384,0.0009,-0.1092,-0.01651,0.16281,0.03996,1,1,0.265,0.393,in_circle
35.228,1,742,0.02066,-0.02530,0.1032,-0.0800,-0.04739,0.16278,0.04230,1,1,-0.070,0.511,in_circle
35.272,1,743,0.02337,-0.02699,0.1491,-0.0932,-0.07897,0.15299,0.04538,1,1,-0.478,0.394,in_circle
35.314,1,744,0.02701,-0.02739,0.2003,-0.0219,-0.10790,0.10681,0.04823,0,1,-0.650,0.444,running
35.360,1,745,0.03144,-0.02627,0.2439,0.0614,-0.10066,0.04326,0.05081,0,1,-0.800,0.178,running
35.403,1,746,0.03608,-0.02498,0.2551,0.0713,-0.08187,-0.01339,0.05371,0,1,-0.800,-0.121,running
35.447,1,747,0.04002,-0.02270,0.2167,0.1253,-0.06147,-0.05009,0.05577,0,1,-0.800,-0.147,running
35.492,1,748,0.04260,-0.01917,0.1420,0.1942,-0.01845,-0.07606,0.05633,0,1,-0.800,-0.328,running
35.535,1,749,0.04362,-0.01636,0.0560,0.1544,0.02409,-0.09007,0.05607,0,1,-0.642,-0.566,running
35.581,1,750,0.04234,-0.01434,-0.0704,0.1110,0.04732,-0.08162,0.05411,0,1,-0.358,-0.445,running
35.623,1,751,0.04022,-0.01270,-0.1165,0.0905,0.07540,-0.05165,0.05153,0,1,0.081,-0.316,running
35.668,1,752,0.03666,-0.01170,-0.1961,0.0549,0.06722,0.00837,0.04785,0,1,0.264,-0.263,running
35.712,1,753,0.03349,-0.01241,-0.1740,-0.0391,0.03433,0.07651,0.04521,1,1,0.594,-0.151,in_circle
35.756,1,754,0.03079,-0.01371,-0.1487,-0.0718,0.00039,0.12320,0.04333,1,1,0.546,0.199,in_circle
35.799,1,755,0.02836,-0.01511,-0.1335,-0.0766,-0.03302,0.14903,0.04187,1,1,0.472,0.330,in_circle
35.841,1,756,0.02761,-0.01673,-0.0412,-0.0893,-0.06773,0.16041,0.04208,1,1,0.430,0.356,in_circle
35.887,1,757,0.02826,-0.01750,0.0354,-0.0425,-0.09818,0.15045,0.04304,1,1,0.069,0.409,in_circle
35.932,1,758,0.03040,-0.01688,0.1176,0.0342,-0.10605,0.12871,0.04453,1,1,-0.233,0.227,in_circle
35.975,1,759,0.03354,-0.01558,0.1728,0.0718,-0.09344,0.08632,0.04663,0,1,-0.553,-0.068,running
36.019,1,760,0.03674,-0.01376,0.1761,0.0997,-0.06995,0.02667,0.04873,0,1,-0.762,-0.207,running
36.108,1,761,0.04165,-0.00760,0.2700,0.3393,0.00589,-0.07389,0.05128,0,1,-0.774,-0.306,running
36.151,1,762,0.04211,-0.00437,0.0256,0.1772,0.00697,-0.08886,0.05098,0,1,-0.800,-0.800,running
36.195,1,763,0.04087,-0.00180,-0.0686,0.1413,0.02195,-0.08483,0.04929,0,1,-0.243,-0.599,running
36.241,1,764,0.03864,0.00005,-0.1226,0.1021,0.07422,-0.07642,0.04682,0,1,0.105,-0.490,running
36.283,1,765,0.03441,0.00131,-0.2322,0.0693,0.07503,-0.05479,0.04247,1,1,0.325,-0.364,in_circle
36.329,1,766,0.02946,0.00072,-0.2725,-0.0328,0.05047,-0.00718,0.03763,1,1,0.795,-0.258,in_circle
36.372,1,767,0.02424,-0.00017,-0.2873,-0.0488,0.03099,0.05383,0.03262,1,1,0.800,0.144,in_circle
36.414,1,768,0.01949,-0.00170,-0.2611,-0.0842,-0.01333,0.11203,0.02835,1,1,0.800,0.211,in_circle
36.460,1,769,0.01550,-0.00384,-0.2194,-0.1176,-0.04850,0.15747,0.02529,1,1,0.800,0.356,in_circle
36.511,1,770,0.01550,-0.00384,0.0000,0.0000,-0.07243,0.17935,0.02529,0,0,0.800,0.495,in_circle
36.551,1,771,0.01302,-0.00678,-0.1365,-0.1616,-0.10960,0.16802,0.02443,1,1,-0.058,0.025,in_circle
36.600,1,772,0.01302,-0.00678,0.0000,0.0000,-0.11409,0.16284,0.02443,0,0,0.494,0.678,in_circle
36.638,1,773,0.01853,-0.00510,0.3031,0.0925,-0.09564,0.15770,0.02857,1,1,-0.052,0.032,in_circle
36.680,1,774,0.02286,-0.00244,0.2383,0.1460,-0.10331,0.13189,0.03180,1,1,-0.800,-0.342,in_circle
36.722,1,775,0.02909,0.00056,0.3426,0.1653,-0.09469,0.09442,0.03729,1,1,-0.800,-0.563,in_circle
36.766,1,776,0.03480,0.00503,0.3143,0.2459,-0.03895,0.03780,0.04262,1,1,-0.800,-0.648,in_circle
36.812,1,777,0.04147,0.00994,0.3667,0.2701,0.00301,-0.01845,0.04943,0,1,-0.800,-0.800,running
36.855,1,778,0.04608,0.01463,0.2536,0.2579,0.02310,-0.06156,0.05457,0,1,-0.800,-0.800,running
36.900,1,779,0.04929,0.01831,0.1762,0.2023,0.06295,-0.09347,0.05840,0,1,-0.800,-0.800,running
36.943,1,780,0.05100,0.02049,0.0945,0.1197,0.09724,-0.10449,0.06056,0,1,-0.770,-0.702,running
36.988,1,781,0.05057,0.02087,-0.0239,0.0209,0.10448,-0.09036,0.06023,0,1,-0.508,-0.431,running
37.030,1,782,0.04894,0.02063,-0.0894,-0.0133,0.09195,-0.05226,0.05860,0,1,-0.129,-0.119,running
37.076,1,783,0.04575,0.01772,-0.1755,-0.1596,0.05601,0.01003,0.05482,0,1,0.096,-0.007,running
37.120,1,784,0.04219,0.01450,-0.1960,-0.1774,0.01096,0.07217,0.05071,0,1,0.424,0.506,running
37.163,1,785,0.03880,0.01031,-0.1867,-0.2305,-0.02360,0.11683,0.04679,0,1,0.548,0.608,running
37.208,1,786,0.03595,0.00658,-0.1564,-0.2049,-0.04707,0.14194,0.04376,1,1,0.564,0.800,in_circle
37.253,1,787,0.03510,0.00308,-0.0468,-0.1925,-0.08619,0.15506,0.04300,1,1,0.484,0.787,in_circle
37.295,1,788,0.03543,0.00091,0.0180,-0.1196,-0.11666,0.15846,0.04353,1,1,0.068,0.755,in_circle
37.339,1,789,0.03728,-0.00043,0.1016,-0.0733,-0.11682,0.15334,0.04553,0,1,-0.185,0.475,running
37.384,1,790,0.03982,-0.00052,0.1399,-0.0050,-0.11405,0.12550,0.04806,0,1,-0.509,0.295,running
37.427,1,791,0.04355,0.00036,0.2049,0.0481,-0.09612,0.06527,0.05166,0,1,-0.653,0.037,running
37.472,1,792,0.04749,0.00316,0.2171,0.1542,-0.05846,-0.00448,0.05537,0,1,-0.800,-0.152,running
37.514,1,793,0.05060,0.00567,0.1708,0.1380,-0.01810,-0.04784,0.05840,0,1,-0.800,-0.513,running
37.561,1,794,0.05248,0.00833,0.1034,0.1464,0.01296,-0.07314,0.06032,0,1,-0.757,-0.449,running
37.604,1,795,0.05345,0.00983,0.0535,0.0822,0.04660,-0.09096,0.06137,0,1,-0.542,-0.475,running
37.647,1,796,0.05199,0.01059,-0.0807,0.0419,0.06404,-0.08398,0.05996,0,1,-0.387,-0.272,running
37.693,1,797,0.04902,0.00949,-0.1630,-0.0603,0.06290,-0.05595,0.05693,0,1,0.049,-0.150,running
37.736,1,798,0.04523,0.00765,-0.2086,-0.1014,0.03758,-0.00325,0.05305,0,1,0.351,0.189,running
37.780,1,799,0.04022,0.00579,-0.2755,-0.1020,-0.00574,0.06655,0.04802,0,1,0.558,0.348,running
37.825,1,800,0.03584,0.00369,-0.2406,-0.1155,-0.03597,0.12671,0.04371,1,1,0.800,0.376,in_circle
37.869,1,801,0.03260,0.00191,-0.1785,-0.0980,-0.06312,0.15691,0.04061,1,1,0.800,0.451,in_circle
37.914,1,802,0.03068,0.00024,-0.1057,-0.0920,-0.09676,0.16955,0.03891,1,1,0.607,0.400,in_circle
37.957,1,803,0.03057,-0.00006,-0.0057,-0.0164,-0.10432,0.17424,0.03885,1,1,0.326,0.382,in_circle
37.999,1,804,0.03295,0.00076,0.1306,0.0452,-0.09274,0.16404,0.04109,1,1,-0.073,0.081,in_circle
38.044,1,805,0.03615,0.00249,0.1761,0.0950,-0.06801,0.13491,0.04409,1,1,-0.621,-0.165,in_circle
38.132,1,806,0.04523,0.00646,0.4992,0.2186,0.00591,0.02474,0.05303,0,1,-0.794,-0.355,running
38.177,1,807,0.04936,0.00927,0.2275,0.1544,0.00736,-0.02000,0.05726,0,1,-0.800,-0.762,running
38.221,1,808,0.05260,0.01095,0.1781,0.0923,0.02318,-0.01903,0.06060,0,1,-0.800,-0.522,running
38.265,1,809,0.05500,0.01146,0.1320,0.0281,0.07808,-0.02272,0.06304,0,1,-0.779,-0.311,running
38.307,1,810,0.05677,0.01078,0.0974,-0.0374,0.06629,-0.03471,0.06475,0,1,-0.636,-0.107,running
38.355,1,811,0.05719,0.00936,0.0229,-0.0779,0.02618,-0.04449,0.06508,0,1,-0.534,0.095,running
38.396,1,812,0.05520,0.00721,-0.1094,-0.1187,-0.00073,-0.03709,0.06301,0,1,-0.313,0.221,running
38.440,1,813,0.05263,0.00476,-0.1412,-0.1347,-0.02888,-0.01783,0.06044,0,1,0.107,0.361,running
38.483,1,814,0.05016,0.00203,-0.1360,-0.1499,-0.06626,0.01337,0.05809,0,1,0.236,0.433,running
38.530,1,815,0.04685,-0.00008,-0.1817,-0.1160,-0.10318,0.07602,0.05499,0,1,0.248,0.505,running
38.574,1,816,0.04432,-0.00043,-0.1394,-0.0190,-0.11466,0.13382,0.05251,0,1,0.440,0.414,running
38.617,1,817,0.04355,-0.00065,-0.0424,-0.0122,-0.11309,0.17589,0.05178,0,1,0.325,0.087,running
38.662,1,818,0.04333,0.00180,-0.0123,0.1344,-0.09771,0.16681,0.05130,0,1,-0.009,0.063,running
38.703,1,819,0.04493,0.00468,0.0882,0.1584,-0.05051,0.16030,0.05275,0,1,-0.113,-0.464,running
38.748,1,820,0.04829,0.00699,0.1848,0.1272,-0.01648,0.14879,0.05610,0,1,-0.473,-0.549,running
38.793,1,821,0.05230,0.01054,0.2207,0.1954,0.01089,0.10753,0.06028,0,1,-0.800,-0.430,running
38.835,1,822,0.05551,0.01286,0.1761,0.1277,0.04882,0.03710,0.06368,0,1,-0.800,-0.639,running
38.879,1,823,0.05994,0.01360,0.2438,0.0405,0.06264,-0.02646,0.06816,0,1,-0.771,-0.415,running
38.925,1,824,0.06312,0.01271,0.1752,-0.0489,0.07655,-0.06435,0.07124,0,1,-0.800,-0.146,running
38.968,1,825,0.06473,0.01109,0.0886,-0.0891,0.06761,-0.08480,0.07271,0,1,-0.770,0.107,running
39.014,1,826,0.06443,0.00838,-0.0169,-0.1493,0.02006,-0.08796,0.07227,0,1,-0.539,0.219,running
39.058,1,827,0.06149,0.00504,-0.1617,-0.1837,-0.01592,-0.07312,0.06929,0,1,-0.251,0.395,running
39.100,1,828,0.05762,0.00120,-0.2128,-0.2108,-0.04424,-0.04378,0.06559,0,1,0.183,0.523,running
39.143,1,829,0.05291,-0.00227,-0.2587,-0.1912,-0.07498,0.00897,0.06128,0,1,0.386,0.646,running
39.187,1,830,0.04831,-0.00496,-0.2531,-0.1475,-0.11147,0.06362,0.05717,0,1,0.598,0.632,running
39.233,1,831,0.04407,-0.00662,-0.2331,-0.0917,-0.11444,0.11212,0.05339,0,1,0.650,0.525,running
39.275,1,832,0.04025,-0.00636,-0.2102,0.0146,-0.11378,0.15560,0.04962,0,1,0.643,0.358,running
39.319,1,833,0.03825,-0.00582,-0.1104,0.0294,-0.10128,0.17758,0.04754,0,1,0.617,-0.016,running
39.374,1,834,0.03825,-0.00582,0.0000,0.0000,-0.06246,0.16671,0.04754,0,0,0.276,-0.075,running
39.420,1,835,0.03825,-0.00582,0.0000,0.0000,-0.02684,0.16607,0.04754,0,0,-0.132,0.034,running
39.454,1,836,0.04029,0.00220,0.1126,0.4414,0.00281,0.15468,0.04824,0,1,-0.132,0.034,running
39.494,1,837,0.04399,0.00550,0.2031,0.1813,0.01235,0.11002,0.05179,0,1,-0.553,-0.800,running
39.540,1,838,0.04781,0.00766,0.2102,0.1186,0.01517,0.05047,0.05563,0,1,-0.800,-0.638,running
39.583,1,839,0.05178,0.00991,0.2186,0.1239,0.05161,-0.01255,0.05971,0,1,-0.800,-0.406,running
39.627,1,840,0.05446,0.00980,0.1475,-0.0058,0.10018,-0.05843,0.06238,0,1,-0.800,-0.412,running
39.672,1,841,0.05687,0.00886,0.1321,-0.0520,0.07984,-0.09220,0.06473,0,1,-0.683,0.004,running
39.716,1,842,0.05640,0.00625,-0.0254,-0.1435,0.04652,-0.10799,0.06420,0,1,-0.639,0.146,running
39.761,1,843,0.05432,0.00255,-0.1147,-0.2035,0.02789,-0.08950,0.06221,0,1,-0.161,0.434,running
39.805,1,844,0.05096,-0.00195,-0.1849,-0.2474,-0.01392,-0.04101,0.05929,0,1,0.132,0.645,running
39.848,1,845,0.04709,-0.00541,-0.2129,-0.1905,-0.05698,0.01807,0.05606,0,1,0.393,0.800,running
39.892,1,846,0.04226,-0.00895,-0.2656,-0.1944,-0.07841,0.07051,0.05224,0,1,0.534,0.677,running
39.937,1,847,0.03678,-0.01155,-0.3011,-0.1430,-0.11192,0.11140,0.04791,0,1,0.777,0.729,running
39.980,1,848,0.03359,-0.01323,-0.1758,-0.0925,-0.10925,0.14429,0.04564,0,1,0.800,0.578,running
40.023,1,849,0.03155,-0.01307,-0.1118,0.0087,-0.10463,0.17448,0.04373,1,1,0.548,0.403,in_circle
40.067,1,850,0.03116,-0.01200,-0.0219,0.0590,-0.09172,0.17369,0.04291,1,1,0.325,0.018,in_circle
40.156,1,851,0.03519,-0.00736,0.2217,0.2553,-0.00705,0.15545,0.04501,1,1,-0.018,-0.182,in_circle
40.200,1,852,0.03943,-0.00531,0.2334,0.1124,-0.01414,0.12642,0.04857,0,1,-0.800,-0.800,running
40.244,1,853,0.04496,-0.00338,0.3042,0.1060,0.00496,0.10246,0.05359,0,1,-0.800,-0.378,running
40.287,1,854,0.04990,-0.00124,0.2715,0.1178,0.05958,0.06635,0.05815,0,1,-0.800,-0.337,running
40.332,1,855,0.05506,-0.00044,0.2838,0.0439,0.04843,0.01122,0.06319,0,1,-0.800,-0.361,running
40.376,1,856,0.06035,-0.00095,0.2913,-0.0281,0.03042,-0.04328,0.06851,0,1,-0.800,-0.111,running
40.420,1,857,0.06347,-0.00271,0.1714,-0.0968,0.03170,-0.09239,0.07180,0,1,-0.800,0.108,running
40.464,1,858,0.06568,-0.00478,0.1216,-0.1137,-0.00278,-0.12624,0.07427,0,1,-0.759,0.300,running
40.512,1,859,0.06551,-0.00703,-0.0096,-0.1234,-0.05214,-0.12454,0.07445,0,1,-0.629,0.344,running
40.596,1,860,0.06009,-0.00921,-0.2979,-0.1202,-0.09816,-0.02330,0.06957,0,1,-0.285,0.379,running
40.639,1,861,0.05603,-0.00911,-0.2232,0.0054,-0.10352,0.03778,0.06560,0,1,0.569,0.399,running
40.684,1,862,0.05152,-0.00789,-0.2482,0.0670,-0.09516,0.06666,0.06092,0,1,0.423,0.041,running
40.728,1,863,0.04752,-0.00519,-0.2200,0.1489,-0.08232,0.06188,0.05644,0,1,0.575,-0.163,running
40.771,1,864,0.04395,-0.00137,-0.1965,0.2100,-0.05101,0.08454,0.05227,0,1,0.552,-0.461,running
40.817,1,865,0.04149,0.00245,-0.1350,0.2098,-0.00598,0.14145,0.04942,0,1,0.528,-0.714,running
40.861,1,866,0.03988,0.00624,-0.0889,0.2087,0.02651,0.18527,0.04768,0,1,0.343,-0.750,running
40.903,1,867,0.04008,0.00992,0.0112,0.2025,0.05474,0.17845,0.04804,0,1,0.191,-0.772,running
40.948,1,868,0.04210,0.01139,0.1111,0.0806,0.08983,0.15867,0.05019,0,1,-0.180,-0.756,running
40.991,1,869,0.04472,0.01225,0.1440,0.0474,0.10645,0.12065,0.05289,0,1,-0.549,-0.306,running
41.035,1,870,0.04813,0.01104,0.1876,-0.0666,0.09741,0.06189,0.05616,0,1,-0.667,-0.185,running
41.079,1,871,0.05140,0.00774,0.1798,-0.1813,0.07228,0.00688,0.05922,0,1,-0.800,0.207,running
41.125,1,872,0.05487,0.00367,0.1908,-0.2242,0.03454,-0.04389,0.06271,0,1,-0.786,0.580,running
41.167,1,873,0.05679,-0.00118,0.1058,-0.2667,-0.00586,-0.08273,0.06499,0,1,-0.800,0.702,running
41.214,1,874,0.05613,-0.00648,-0.0361,-0.2911,-0.03325,-0.10864,0.06514,0,1,-0.560,0.800,running
41.256,1,875,0.05452,-0.01143,-0.0884,-0.2725,-0.06359,-0.10951,0.06472,0,1,-0.132,0.800,running
41.299,1,876,0.05106,-0.01554,-0.1908,-0.2263,-0.09926,-0.07074,0.06268,0,1,0.033,0.800,running
41.343,1,877,0.04685,-0.01857,-0.2316,-0.1666,-0.10466,-0.01237,0.05992,0,1,0.376,0.778,running
41.389,1,878,0.04034,-0.01935,-0.3577,-0.0425,-0.11681,0.04853,0.05441,0,1,0.551,0.620,running
41.432,1,879,0.03481,-0.01966,-0.3044,-0.0173,-0.11364,0.09610,0.04974,0,1,0.800,0.227,running
41.476,1,880,0.03017,-0.01850,-0.2549,0.0638,-0.09613,0.12946,0.04519,1,1,0.800,0.139,in_circle
41.521,1,881,0.02682,-0.01542,-0.1845,0.1693,-0.05769,0.16199,0.04071,1,1,0.800,-0.174,in_circle
41.563,1,882,0.02460,-0.01228,-0.1221,0.1729,-0.01757,0.18519,0.03720,1,1,0.645,-0.618,in_circle
41.608,1,883,0.02392,-0.01036,-0.0372,0.1054,0.00930,0.18097,0.03569,1,1,0.407,-0.646,in_circle
41.652,1,884,0.02509,-0.00737,0.0642,0.1649,0.04476,0.17178,0.03550,1,1,0.070,-0.381,in_circle
41.694,1,885,0.02660,-0.00547,0.0828,0.1044,0.07876,0.13601,0.03626,1,1,-0.339,-0.626,in_circle
41.740,1,886,0.02912,-0.00487,0.1390,0.0330,0.06391,0.08033,0.03849,1,1,-0.417,-0.389,in_circle
41.782,1,887,0.03212,-0.00607,0.1648,-0.0662,0.06384,0.02262,0.04170,1,1,-0.648,-0.105,in_circle
41.829,1,888,0.03583,-0.00662,0.2043,-0.0304,0.05369,-0.02827,0.04542,1,1,-0.751,0.292,in_circle
41.873,1,889,0.03797,-0.00907,0.1176,-0.1345,0.00507,-0.07468,0.04819,0,1,-0.800,0.150,running
41.916,1,890,0.03844,-0.01111,0.0257,-0.1120,-0.03125,-0.10396,0.04930,0,1,-0.565,0.538,running
41.962,1,891,0.03661,-0.01380,-0.1005,-0.1481,-0.04821,-0.11631,0.04862,0,1,-0.230,0.457,running
42.003,1,892,0.03364,-0.01554,-0.1633,-0.0960,-0.07836,-0.09827,0.04671,0,1,0.237,0.599,running
42.047,1,893,0.02870,-0.01651,-0.2716,-0.0530,-0.10046,-0.04144,0.04288,1,1,0.492,0.419,in_circle
42.092,1,894,0.02320,-0.01675,-0.3029,-0.0132,-0.10097,0.02816,0.03845,1,1,0.800,0.265,in_circle
42.180,1,895,0.01222,-0.01508,-0.6038,0.0918,-0.05277,0.12948,0.02907,1,1,0.800,0.110,in_circle
42.223,1,896,0.00815,-0.01271,-0.2239,0.1300,-0.04177,0.14413,0.02459,1,1,0.800,-0.315,in_circle
42.268,1,897,0.00571,-0.01086,-0.1341,0.1021,-0.03017,0.13852,0.02160,1,1,0.800,-0.473,in_circle
42.319,1,898,0.00571,-0.01086,0.0000,0.0000,0.02504,0.14543,0.02160,0,0,0.503,-0.366,in_circle
42.358,1,899,0.00333,-0.00815,-0.1311,0.1489,0.06387,0.14821,0.01800,1,1,-0.034,0.042,in_circle
42.400,1,900,0.00390,-0.00894,0.0316,-0.0437,0.06353,0.13626,0.01898,1,1,0.496,-0.560,in_circle
42.445,1,901,0.00607,-0.01057,0.1192,-0.0894,0.04109,0.09551,0.02161,1,1,-0.156,0.212,in_circle
42.487,1,902,0.00788,-0.01275,0.0997,-0.1202,0.04782,0.05517,0.02445,1,1,-0.512,0.399,in_circle
42.532,1,903,0.01021,-0.01601,0.1281,-0.1793,0.03999,0.04909,0.02844,1,1,-0.438,0.528,in_circle
42.575,1,904,0.01216,-0.01986,0.1071,-0.2116,-0.01178,0.03149,0.03267,1,1,-0.557,0.772,in_circle
42.621,1,905,0.01460,-0.02411,0.1343,-0.2338,-0.04981,-0.01114,0.03753,1,1,-0.478,0.800,in_circle
42.663,1,906,0.01521,-0.02756,0.0336,-0.1894,-0.07360,-0.05294,0.04069,1,1,-0.593,0.800,in_circle
42.706,1,907,0.01478,-0.03006,-0.0236,-0.1375,-0.10419,-0.07669,0.04254,1,1,-0.192,0.800,in_circle
42.751,1,908,0.01301,-0.03206,-0.0975,-0.1101,-0.10164,-0.07743,0.04338,1,1,0.032,0.631,in_circle
42.795,1,909,0.01006,-0.03288,-0.1623,-0.0452,-0.10239,-0.05694,0.04278,1,1,0.321,0.527,in_circle
42.839,1,910,0.00601,-0.03340,-0.2224,-0.0289,-0.10156,-0.01115,0.04176,1,1,0.584,0.278,in_circle
42.884,1,911,0.00134,-0.03224,-0.2573,0.0640,-0.06655,0.05998,0.03932,1,1,0.800,0.215,in_circle
42.927,1,912,-0.00284,-0.03103,-0.2297,0.0666,-0.02344,0.12250,0.03736,1,1,0.800,-0.160,in_circle
42.972,1,913,-0.00545,-0.02946,-0.1435,0.0861,0.00533,0.16175,0.03554,1,1,0.800,-0.174,in_circle
43.016,1,914,-0.00727,-0.02815,-0.1002,0.0725,0.03446,0.17795,0.03415,1,1,0.568,-0.256,in_circle
43.060,1,915,-0.00733,-0.02704,-0.0035,0.0610,0.05481,0.17843,0.03304,1,1,0.400,-0.204,in_circle
43.103,1,916,-0.00640,-0.02787,0.0512,-0.0460,0.05422,0.16394,0.03390,1,1,0.013,-0.161,in_circle
43.148,1,917,-0.00374,-0.03007,0.1467,-0.1206,0.03817,0.12884,0.03629,1,1,-0.208,0.269,in_circle
43.193,1,918,-0.00042,-0.03149,0.1823,-0.0785,0.00534,0.07473,0.03821,1,1,-0.597,0.573,in_circle
43.236,1,919,0.00276,-0.03441,0.1748,-0.1606,-0.03411,0.00769,0.04177,1,1,-0.748,0.408,in_circle
43.281,1,920,0.00613,-0.03680,0.1854,-0.1311,-0.06441,-0.04466,0.04501,1,1,-0.714,0.736,in_circle
43.325,1,921,0.00795,-0.03779,0.1004,-0.0549,-0.07643,-0.08333,0.04654,0,1,-0.743,0.616,running
43.368,1,922,0.00769,-0.03920,-0.0148,-0.0776,-0.09815,-0.10049,0.04778,0,1,-0.420,0.329,running
43.412,1,923,0.00644,-0.03949,-0.0684,-0.0160,-0.08939,-0.09529,0.04767,0,1,0.010,0.417,running
43.456,1,924,0.00332,-0.03941,-0.1716,0.0048,-0.06893,-0.05981,0.04675,0,1,0.212,0.190,running
43.499,1,925,-0.00027,-0.03801,-0.1978,0.0766,-0.04996,-0.00373,0.04465,1,1,0.609,0.111,in_circle
43.544,1,926,-0.00517,-0.03634,-0.2691,0.0920,-0.01964,0.06009,0.04242,1,1,0.734,-0.172,in_circle
43.588,1,927,-0.00951,-0.03482,-0.2387,0.0835,0.02269,0.11195,0.04086,1,1,0.800,-0.248,in_circle
43.633,1,928,-0.01268,-0.03389,-0.1746,0.0513,0.05455,0.15214,0.04019,1,1,0.800,-0.227,in_circle
43.675,1,929,-0.01471,-0.03394,-0.1113,-0.0025,0.06936,0.17699,0.04053,1,1,0.709,-0.105,in_circle
43.719,1,930,-0.01520,-0.03538,-0.0273,-0.0796,0.05936,0.18789,0.04204,1,1,0.460,0.111,in_circle
43.763,1,931,-0.01446,-0.03672,0.0409,-0.0732,0.03039,0.17740,0.04323,1,1,0.126,0.420,in_circle
43.808,1,932,-0.01195,-0.03921,0.1379,-0.1371,-0.01510,0.14518,0.04540,1,1,-0.140,0.397,in_circle
43.851,1,933,-0.00773,-0.04212,0.2324,-0.1601,-0.04315,0.09590,0.04812,0,1,-0.510,0.644,running
43.896,1,934,-0.00421,-0.04390,0.1931,-0.0978,-0.07215,0.03702,0.05003,0,1,-0.800,0.728,running
43.940,1,935,0.00023,-0.04533,0.2443,-0.0786,-0.10714,-0.01100,0.05195,0,1,-0.706,0.502,running
43.984,1,936,0.00317,-0.04607,0.1619,-0.0409,-0.09841,-0.04947,0.05321,0,1,-0.800,0.436,running
44.029,1,937,0.00534,-0.04499,0.1191,0.0594,-0.09813,-0.08000,0.05266,0,1,-0.597,0.306,running
44.071,1,938,0.00586,-0.04307,0.0287,0.1056,-0.07755,-0.09431,0.05094,0,1,-0.457,-0.048,running
44.115,1,939,0.00495,-0.04197,-0.0499,0.0604,-0.03415,-0.07368,0.04964,0,1,-0.144,-0.227,running
44.205,1,940,-0.00137,-0.03865,-0.3478,0.1827,0.03153,0.04703,0.04511,1,1,0.142,-0.075,in_circle
44.248,1,941,-0.00485,-0.03734,-0.1914,0.0723,0.03248,0.08647,0.04344,1,1,0.800,-0.570,in_circle
44.292,1,942,-0.00721,-0.03701,-0.1298,0.0182,0.02682,0.08434,0.04301,1,1,0.731,-0.163,in_circle
44.337,1,943,-0.00937,-0.03741,-0.1186,-0.0223,0.05435,0.09671,0.04344,1,1,0.502,0.043,in_circle
44.381,1,944,-0.01073,-0.03784,-0.0748,-0.0233,0.04298,0.14010,0.04393,1,1,0.462,0.202,in_circle
44.424,1,945,-0.01088,-0.03925,-0.0083,-0.0779,-0.01630,0.17153,0.04536,1,1,0.295,0.208,in_circle
44.467,1,946,-0.00954,-0.04049,0.0734,-0.0682,-0.04746,0.15691,0.04653,0,1,0.040,0.420,running
44.511,1,947,-0.00768,-0.04165,0.1026,-0.0636,-0.06257,0.11607,0.04765,0,1,-0.270,0.386,running
44.556,1,948,-0.00444,-0.04261,0.1780,-0.0526,-0.10389,0.06537,0.04872,0,1,-0.379,0.372,running
44.598,1,949,-0.00096,-0.04210,0.1913,0.0281,-0.10021,0.01024,0.04858,0,1,-0.660,0.335,running
44.644,1,950,0.00204,-0.04136,0.1650,0.0405,-0.07619,-0.03812,0.04837,0,1,-0.720,0.038,running
44.688,1,951,0.00387,-0.03920,0.1009,0.1190,-0.06398,-0.08363,0.04668,0,1,-0.633,-0.010,running
44.732,1,952,0.00348,-0.03714,-0.0216,0.1133,-0.01755,-0.10901,0.04459,1,1,-0.410,-0.316,in_circle
44.777,1,953,0.00175,-0.03555,-0.0949,0.0874,0.02216,-0.10433,0.04263,1,1,0.052,-0.315,in_circle
44.819,1,954,-0.00178,-0.03427,-0.1944,0.0703,0.04658,-0.05668,0.04072,1,1,0.344,-0.231,in_circle
44.866,1,955,-0.00629,-0.03360,-0.2480,0.0368,0.06053,0.01555,0.03963,1,1,0.757,-0.177,in_circle
44.909,1,956,-0.01114,-0.03382,-0.2666,-0.0121,0.04274,0.07461,0.03996,1,1,0.800,-0.048,in_circle
44.953,1,957,-0.01567,-0.03467,-0.2492,-0.0471,0.01158,0.10944,0.04143,1,1,0.800,0.148,in_circle
44.996,1,958,-0.01978,-0.03561,-0.2260,-0.0513,-0.01869,0.13065,0.04330,1,1,0.800,0.290,in_circle
45.040,1,959,-0.02288,-0.03663,-0.1703,-0.0565,-0.05587,0.14948,0.04522,1,1,0.800,0.309,in_circle
45.085,1,960,-0.02388,-0.03706,-0.0554,-0.0232,-0.08580,0.16892,0.04596,0,1,0.687,0.332,running
45.127,1,961,-0.02331,-0.03753,0.0314,-0.0263,-0.10033,0.16988,0.04622,0,1,0.254,0.208,running
45.171,1,962,-0.02137,-0.03680,0.1071,0.0403,-0.09011,0.15541,0.04490,1,1,-0.074,0.221,in_circle
45.215,1,963,-0.01779,-0.03561,0.1966,0.0653,-0.06291,0.12543,0.04280,1,1,-0.370,-0.036,in_circle
45.260,1,964,-0.01349,-0.03420,0.2367,0.0780,-0.02307,0.07638,0.04060,1,1,-0.738,-0.144,in_circle
45.304,1,965,-0.00871,-0.03291,0.2625,0.0709,0.01253,0.02005,0.03892,1,1,-0.800,-0.208,in_circle
45.348,1,966,-0.00461,-0.03247,0.2256,0.0242,0.04339,-0.03061,0.03860,1,1,-0.800,-0.186,in_circle
45.392,1,967,-0.00226,-0.03152,0.1296,0.0523,0.06166,-0.07403,0.03792,1,1,-0.800,-0.000,in_circle
45.435,1,968,-0.00099,-0.03220,0.0698,-0.0375,0.05352,-0.10260,0.03880,1,1,-0.532,-0.116,in_circle
45.481,1,969,-0.00157,-0.03395,-0.0319,-0.0964,0.02317,-0.10543,0.04043,1,1,-0.296,0.245,in_circle
45.524,1,970,-0.00366,-0.03593,-0.1153,-0.1089,-0.00772,-0.08256,0.04213,1,1,0.111,0.485,in_circle
45.568,1,971,-0.00758,-0.03830,-0.2156,-0.1304,-0.03677,-0.02400,0.04430,1,1,0.440,0.536,in_circle
45.612,1,972,-0.01225,-0.04018,-0.2569,-0.1035,-0.07137,0.04147,0.04640,0,1,0.800,0.619,running
45.656,1,973,-0.01776,-0.04111,-0.3031,-0.0512,-0.11066,0.09702,0.04816,0,1,0.800,0.518,running
45.700,1,974,-0.02147,-0.04141,-0.2038,-0.0165,-0.11572,0.13355,0.04935,0,1,0.800,0.325,running
45.743,1,975,-0.02489,-0.04033,-0.1882,0.0596,-0.10912,0.16054,0.04938,0,1,0.779,0.201,running
45.788,1,976,-0.02638,-0.03881,-0.0822,0.0834,-0.08894,0.17409,0.04852,0,1,0.733,-0.079,running
45.830,1,977,-0.02665,-0.03668,-0.0149,0.1175,-0.04074,0.17371,0.04666,0,1,0.355,-0.174,running
45.876,1,978,-0.02436,-0.03501,0.1261,0.0916,-0.00454,0.15864,0.04423,1,1,0.109,-0.318,in_circle
45.920,1,979,-0.02148,-0.03268,0.1586,0.1284,0.02090,0.13517,0.04103,1,1,-0.438,-0.240,in_circle
45.965,1,980,-0.01730,-0.03153,0.2301,0.0632,0.05281,0.08868,0.03871,1,1,-0.593,-0.410,in_circle
46.007,1,981,-0.01241,-0.03139,0.2688,0.0076,0.06118,0.03343,0.03767,1,1,-0.800,-0.159,in_circle
46.052,1,982,-0.00809,-0.03150,0.2378,-0.0060,0.05968,-0.01866,0.03750,1,1,-0.800,0.063,in_circle
46.096,1,983,-0.00526,-0.03273,0.1556,-0.0677,0.04497,-0.06084,0.03881,1,1,-0.800,0.118,in_circle
46.142,1,984,-0.00362,-0.03468,0.0899,-0.1072,-0.00281,-0.09960,0.04089,1,1,-0.629,0.368,in_circle
46.228,1,985,-0.00542,-0.03912,-0.0987,-0.2441,-0.06077,-0.09635,0.04518,1,1,-0.367,0.529,in_circle
46.274,1,986,-0.00907,-0.04081,-0.2007,-0.0932,-0.06725,-0.05440,0.04683,0,1,0.368,0.800,running
46.317,1,987,-0.01373,-0.04183,-0.2562,-0.0561,-0.08499,-0.01707,0.04820,0,1,0.752,0.480,running
46.360,1,988,-0.01960,-0.04235,-0.3230,-0.0286,-0.11083,0.01915,0.04977,0,1,0.800,0.345,running
46.407,1,989,-0.02547,-0.04201,-0.3227,0.0188,-0.09615,0.05586,0.05116,0,1,0.800,0.248,running
46.450,1,990,-0.03132,-0.04013,-0.3219,0.1037,-0.07461,0.10736,0.05178,0,1,0.800,0.080,running
46.492,1,991,-0.03583,-0.03771,-0.2483,0.1329,-0.02778,0.15970,0.05193,0,1,0.800,-0.224,running
46.536,1,992,-0.03816,-0.03563,-0.1278,0.1146,0.00521,0.18604,0.05152,0,1,0.800,-0.333,running
46.580,1,993,-0.03917,-0.03360,-0.0559,0.1117,0.03103,0.18178,0.05052,0,1,0.546,-0.277,running
46.625,1,994,-0.03881,-0.03286,0.0199,0.0403,0.07294,0.18451,0.04972,0,1,0.295,-0.280,running
46.668,1,995,-0.03698,-0.03299,0.1008,-0.0066,0.07310,0.17377,0.04870,0,1,0.021,-0.029,running
46.712,1,996,-0.03332,-0.03399,0.2013,-0.0554,0.05138,0.13706,0.04744,0,1,-0.282,0.139,running
46.756,1,997,-0.02859,-0.03581,0.2598,-0.1000,0.02826,0.08488,0.04670,0,1,-0.672,0.320,running
46.800,1,998,-0.02319,-0.03860,0.2972,-0.1535,-0.01578,0.01662,0.04718,0,1,-0.800,0.492,running
46.845,1,999,-0.01917,-0.04031,0.2213,-0.0937,-0.05077,-0.03733,0.04768,0,1,-0.800,0.697,running
46.888,1,1000,-0.01536,-0.04248,0.2093,-0.1196,-0.07656,-0.07402,0.04906,0,1,-0.784,0.480,running
46.931,1,1001,-0.01300,-0.04385,0.1296,-0.0754,-0.09886,-0.09408,0.05012,0,1,-0.739,0.578,running
46.978,1,1002,-0.01281,-0.04385,0.0109,-0.0000,-0.08534,-0.09657,0.05010,0,1,-0.450,0.421,running
47.022,1,1003,-0.01440,-0.04336,-0.0874,0.0272,-0.09658,-0.07271,0.04979,0,1,-0.024,0.150,running
47.063,1,1004,-0.01668,-0.04218,-0.1258,0.0648,-0.07116,-0.02948,0.04899,0,1,0.335,0.049,running
47.108,1,1005,-0.02010,-0.04081,-0.1879,0.0751,-0.02346,0.02859,0.04840,0,1,0.484,-0.094,running
47.152,1,1006,-0.02295,-0.03878,-0.1568,0.1120,0.00939,0.08537,0.04727,0,1,0.724,-0.138,running
47.196,1,1007,-0.02565,-0.03707,-0.1487,0.0940,0.03848,0.13813,0.04662,0,1,0.625,-0.287,running
47.240,1,1008,-0.02720,-0.03614,-0.0850,0.0513,0.05622,0.17163,0.04639,0,1,0.606,-0.229,running
47.283,1,1009,-0.02711,-0.03674,0.0046,-0.0334,0.05973,0.18523,0.04690,0,1,0.373,-0.073,running
47.328,1,1010,-0.02504,-0.03808,0.1140,-0.0735,0.04701,0.17353,0.04733,0,1,0.038,0.246,running
47.372,1,1011,-0.02232,-0.04006,0.1499,-0.1087,0.01019,0.14381,0.04829,0,1,-0.373,0.399,running
47.418,1,1012,-0.01773,-0.04216,0.2521,-0.1160,-0.02806,0.09913,0.04918,0,1,-0.508,0.533,running
47.459,1,1013,-0.01236,-0.04479,0.2956,-0.1443,-0.05806,0.04453,0.05099,0,1,-0.800,0.564,running
47.504,1,1014,-0.00657,-0.04632,0.3186,-0.0842,-0.08909,-0.01538,0.05233,0,1,-0.800,0.669,running
47.550,1,1015,-0.00264,-0.04755,0.2159,-0.0677,-0.10338,-0.06496,0.05380,0,1,-0.800,0.458,running
47.592,1,1016,0.00032,-0.04741,0.1631,0.0079,-0.09737,-0.09668,0.05402,0,1,-0.761,0.404,running
47.636,1,1017,0.00116,-0.04677,0.0458,0.0348,-0.09294,-0.10830,0.05353,0,1,-0.587,0.144,running
47.683,1,1018,0.00029,-0.04513,-0.0477,0.0903,-0.06286,-0.09058,0.05177,0,1,-0.187,0.047,running
47.725,1,1019,-0.00178,-0.04402,-0.1137,0.0612,-0.01923,-0.04604,0.05038,0,1,0.143,-0.161,running
47.769,1,1020,-0.00579,-0.04191,-0.2208,0.1159,0.01305,0.01358,0.04795,0,1,0.389,-0.068,running
47.812,1,1021,-0.00950,-0.04080,-0.2041,0.0610,0.03695,0.06648,0.04683,0,1,0.800,-0.288,running
47.856,1,1022,-0.01334,-0.04005,-0.2107,0.0414,0.04086,0.11112,0.04638,0,1,0.766,-0.094,running
47.900,1,1023,-0.01669,-0.04020,-0.1844,-0.0082,0.04430,0.15321,0.04705,0,1,0.800,-0.025,running
47.944,1,1024,-0.01756,-0.04053,-0.0477,-0.0181,0.02838,0.17633,0.04754,0,1,0.711,0.162,running
47.988,1,1025,-0.01744,-0.04095,0.0067,-0.0231,-0.01536,0.18501,0.04793,0,1,0.205,0.201,running
48.032,1,1026,-0.01607,-0.04170,0.0753,-0.0416,-0.05012,0.16592,0.04841,0,1,0.003,0.221,running
48.077,1,1027,-0.01325,-0.04200,0.1551,-0.0163,-0.07332,0.14030,0.04831,0,1,-0.252,0.292,running
48.120,1,1028,-0.00881,-0.04260,0.2442,-0.0330,-0.08929,0.09838,0.04861,0,1,-0.553,0.200,running
48.165,1,1029,-0.00428,-0.04161,0.2488,0.0543,-0.08505,0.04256,0.04774,0,1,-0.800,0.263,running
48.253,1,1030,0.00378,-0.03784,0.4436,0.2074,-0.03241,-0.05942,0.04535,1,1,-0.800,-0.063,in_circle
48.297,1,1031,0.00569,-0.03563,0.1048,0.1216,-0.03060,-0.08317,0.04376,1,1,-0.800,-0.664,in_circle
48.342,1,1032,0.00640,-0.03348,0.0393,0.1183,-0.01378,-0.07829,0.04196,1,1,-0.440,-0.356,in_circle
48.385,1,1033,0.00542,-0.03184,-0.0542,0.0903,0.03704,-0.07223,0.04008,1,1,-0.191,-0.361,in_circle
48.429,1,1034,0.00365,-0.03143,-0.0973,0.0224,0.05188,-0.05762,0.03914,1,1,0.184,-0.266,in_circle
48.473,1,1035,0.00072,-0.03072,-0.1610,0.0393,0.04311,-0.01008,0.03769,1,1,0.361,0.004,in_circle
48.518,1,1036,-0.00409,-0.03087,-0.2645,-0.0082,0.03676,0.05183,0.03705,1,1,0.623,-0.066,in_circle
48.561,1,1037,-0.00792,-0.03151,-0.2107,-0.0353,-0.00093,0.11306,0.03751,1,1,0.800,0.125,in_circle
48.603,1,1038,-0.01082,-0.03281,-0.1597,-0.0717,-0.03077,0.15811,0.03893,1,1,0.800,0.235,in_circle
48.648,1,1039,-0.01247,-0.03422,-0.0905,-0.0776,-0.04978,0.18328,0.04049,1,1,0.646,0.384,in_circle
48.692,1,1040,-0.01258,-0.03485,-0.0065,-0.0345,-0.08480,0.17077,0.04113,1,1,0.372,0.410,in_circle
48.737,1,1041,-0.01039,-0.03482,0.1208,0.0018,-0.11519,0.16232,0.04090,1,1,0.038,0.241,in_circle
48.781,1,1042,-0.00743,-0.03438,0.1626,0.0242,-0.10689,0.14575,0.04038,1,1,-0.472,0.097,in_circle
48.825,1,1043,-0.00327,-0.03203,0.2286,0.1288,-0.07379,0.10877,0.03830,1,1,-0.649,0.005,in_circle
48.869,1,1044,0.00203,-0.02940,0.2915,0.1450,-0.04007,0.04843,0.03674,1,1,-0.800,-0.420,in_circle
48.913,1,1045,0.00658,-0.02650,0.2504,0.1592,-0.00901,-0.01455,0.03554,1,1,-0.800,-0.492,in_circle
48.959,1,1046,0.00981,-0.02383,0.1779,0.1471,0.02721,-0.06252,0.03464,1,1,-0.800,-0.556,in_circle
49.000,1,1047,0.01296,-0.02122,0.1731,0.1436,0.06387,-0.09260,0.03423,1,1,-0.756,-0.514,in_circle
49.044,1,1048,0.01356,-0.02069,0.0330,0.0287,0.09408,-0.10021,0.03419,1,1,-0.744,-0.507,in_circle
49.090,1,1049,0.01270,-0.02182,-0.0473,-0.0619,0.08616,-0.08593,0.03456,1,1,-0.186,-0.048,in_circle
49.132,1,1050,0.01113,-0.02421,-0.0864,-0.1312,0.06740,-0.04577,0.03565,1,1,0.138,0.317,in_circle
49.177,1,1051,0.00757,-0.02817,-0.1958,-0.2183,0.03532,0.00423,0.03747,1,1,0.298,0.600,in_circle
49.222,1,1052,0.00460,-0.03233,-0.1633,-0.2287,-0.00427,0.05962,0.04029,1,1,0.745,0.800,in_circle
49.265,1,1053,0.00133,-0.03705,-0.1799,-0.2595,-0.04003,0.10535,0.04401,1,1,0.620,0.800,in_circle
49.309,1,1054,-0.00164,-0.04042,-0.1631,-0.1851,-0.06774,0.14407,0.04682,0,1,0.666,0.800,running
49.352,1,1055,-0.00339,-0.04380,-0.0964,-0.1859,-0.10159,0.16994,0.04999,0,1,0.590,0.800,running
49.396,1,1056,-0.00346,-0.04552,-0.0038,-0.0951,-0.12090,0.16878,0.05171,0,1,0.334,0.800,running
49.441,1,1057,-0.00144,-0.04705,0.1108,-0.0838,-0.11641,0.15441,0.05343,0,1,0.000,0.495,running
49.484,1,1058,0.00189,-0.04701,0.1832,0.0018,-0.11574,0.12755,0.05389,0,1,-0.404,0.458,running
49.528,1,1059,0.00569,-0.04590,0.2092,0.0614,-0.09630,0.08291,0.05362,0,1,-0.662,0.163,running
49.574,1,1060,0.00967,-0.04400,0.2187,0.1047,-0.05523,0.02479,0.05296,0,1,-0.766,-0.047,running
49.617,1,1061,0.01325,-0.04155,0.1973,0.1343,-0.01289,-0.02883,0.05201,0,1,-0.800,-0.207,running
49.661,1,1062,0.01618,-0.03916,0.1609,0.1319,0.01372,-0.07378,0.05113,0,1,-0.760,-0.325,running
49.706,1,1063,0.01703,-0.03764,0.0470,0.0831,0.04609,-0.10396,0.05022,0,1,-0.645,-0.331,running
49.750,1,1064,0.01679,-0.03681,-0.0135,0.0458,0.07708,-0.10557,0.04937,0,1,-0.243,-0.167,running
49.793,1,1065,0.01485,-0.03705,-0.1065,-0.0129,0.07269,-0.07694,0.04864,0,1,-0.024,-0.039,running
49.837,1,1066,0.01104,-0.03825,-0.2095,-0.0660,0.03991,-0.01370,0.04809,0,1,0.323,0.173,running
49.881,1,1067,0.00719,-0.04040,-0.2120,-0.1183,0.00254,0.04635,0.04876,0,1,0.715,0.371,running
49.927,1,1068,0.00335,-0.04248,-0.2110,-0.1148,-0.03417,0.09130,0.04975,0,1,0.730,0.568,running
49.970,1,1069,-0.00006,-0.04472,-0.1876,-0.1230,-0.06120,0.12189,0.05131,0,1,0.728,0.559,running
50.014,1,1070,-0.00318,-0.04614,-0.1715,-0.0779,-0.09931,0.15074,0.05234,0,1,0.642,0.592,running
50.055,1,1071,-0.00439,-0.04712,-0.0669,-0.0539,-0.11269,0.17156,0.05323,0,1,0.587,0.436,running
50.100,1,1072,-0.00382,-0.04680,0.0315,0.0174,-0.11069,0.16610,0.05295,0,1,0.222,0.355,running
50.144,1,1073,-0.00173,-0.04585,0.1147,0.0525,-0.08516,0.14792,0.05220,0,1,-0.122,0.106,running
50.188,1,1074,0.00145,-0.04387,0.1748,0.1088,-0.04747,0.12095,0.05072,0,1,-0.422,-0.023,running
50.277,1,1075,0.00972,-0.04036,0.4552,0.1931,0.01741,0.01995,0.04956,0,1,-0.652,-0.237,running
50.321,1,1076,0.01347,-0.03875,0.2063,0.0882,0.01735,-0.01743,0.04955,0,1,-0.800,-0.561,running
50.366,1,1077,0.01672,-0.03757,0.1788,0.0653,0.03925,-0.03020,0.05000,0,1,-0.800,-0.186,running
50.410,1,1078,0.01860,-0.03736,0.1034,0.0112,0.09129,-0.03818,0.05077,0,1,-0.717,-0.104,running
50.451,1,1079,0.01938,-0.03838,0.0425,-0.0558,0.06618,-0.06246,0.05204,0,1,-0.449,0.092,running
50.497,1,1080,0.01892,-0.04077,-0.0250,-0.1315,0.00560,-0.07254,0.05386,0,1,-0.234,0.334,running
50.542,1,1081,0.01668,-0.04315,-0.1232,-0.1312,-0.01648,-0.04751,0.05491,0,1,0.001,0.602,running
50.584,1,1082,0.01379,-0.04532,-0.1590,-0.1193,-0.04277,0.00460,0.05568,0,1,0.340,0.606,running
50.629,1,1083,0.01063,-0.04737,-0.1739,-0.1125,-0.08517,0.06602,0.05646,0,1,0.465,0.571,running
50.673,1,1084,0.00771,-0.04803,-0.1606,-0.0362,-0.11225,0.12343,0.05621,0,1,0.520,0.553,running
50.719,1,1085,0.00575,-0.04750,-0.1075,0.0290,-0.10990,0.16311,0.05519,0,1,0.487,0.300,running
50.762,1,1086,0.00500,-0.04709,-0.0415,0.0226,-0.09953,0.17319,0.05461,0,1,0.321,0.076,running
50.807,1,1087,0.00600,-0.04552,0.0550,0.0865,-0.07485,0.16010,0.05333,0,1,0.100,0.094,running
50.848,1,1088,0.00844,-0.04310,0.1341,0.1328,-0.03440,0.14886,0.05172,0,1,-0.234,-0.137,running
50.894,1,1089,0.01172,-0.04120,0.1805,0.1044,0.00513,0.11494,0.05108,0,1,-0.524,-0.317,running
50.938,1,1090,0.01586,-0.03836,0.2275,0.1565,0.03007,0.05912,0.05027,0,1,-0.702,-0.227,running
50.981,1,1091,0.02002,-0.03676,0.2292,0.0877,0.06802,0.00354,0.05102,0,1,-0.800,-0.428,running
51.025,1,1092,0.02343,-0.03586,0.1875,0.0495,0.06645,-0.04538,0.05223,0,1,-0.800,-0.182,running
51.070,1,1093,0.02547,-0.03625,0.1122,-0.0211,0.06277,-0.08812,0.05378,0,1,-0.755,-0.044,running
51.113,1,1094,0.02579,-0.03798,0.0178,-0.0954,0.05024,-0.11562,0.05535,0,1,-0.493,0.207,running
51.157,1,1095,0.02428,-0.03955,-0.0832,-0.0861,0.00584,-0.11460,0.05571,0,1,-0.170,0.467,running
51.199,1,1096,0.02069,-0.04201,-0.1975,-0.1352,-0.03346,-0.07612,0.05582,0,1,0.175,0.440,running
51.244,1,1097,0.01541,-0.04446,-0.2905,-0.1349,-0.06019,-0.00933,0.05554,0,1,0.571,0.613,running
51.288,1,1098,0.00868,-0.04601,-0.3703,-0.0856,-0.09220,0.05155,0.05456,0,1,0.800,0.621,running
51.335,1,1099,0.00300,-0.04652,-0.3124,-0.0276,-0.11678,0.09974,0.05361,0,1,0.800,0.460,running
51.376,1,1100,-0.00196,-0.04582,-0.2726,0.0382,-0.11435,0.13342,0.05215,0,1,0.800,0.263,running
51.423,1,1101,-0.00573,-0.04404,-0.2074,0.0978,-0.10382,0.15694,0.05009,0,1,0.800,0.027,running
51.464,1,1102,-0.00782,-0.04172,-0.1149,0.1275,-0.06120,0.16640,0.04772,0,1,0.740,-0.201,running
51.510,1,1103,-0.00886,-0.03813,-0.0573,0.1978,-0.01948,0.16968,0.04414,1,1,0.424,-0.333,in_circle
51.551,1,1104,-0.00785,-0.03535,0.0556,0.1527,0.00628,0.15937,0.04135,1,1,0.222,-0.639,in_circle
51.596,1,1105,-0.00541,-0.03261,0.1342,0.1509,0.03925,0.13829,0.03868,1,1,-0.219,-0.496,in_circle
51.640,1,1106,-0.00259,-0.03140,0.1549,0.0663,0.07765,0.09217,0.03776,1,1,-0.543,-0.507,in_circle
51.684,1,1107,0.00136,-0.03046,0.2171,0.0520,0.07517,0.02536,0.03759,1,1,-0.633,-0.172,in_circle
51.729,1,1108,0.00464,-0.03119,0.1805,-0.0403,0.06006,-0.03481,0.03922,1,1,-0.800,-0.117,in_circle
51.774,1,1109,0.00665,-0.03229,0.1103,-0.0606,0.04268,-0.07599,0.04093,1,1,-0.753,0.254,in_circle
51.818,1,1110,0.00663,-0.03419,-0.0011,-0.1040,-0.00287,-0.09809,0.04270,1,1,-0.474,0.338,in_circle
51.862,1,1111,0.00592,-0.03639,-0.0385,-0.1213,-0.03809,-0.10854,0.04456,1,1,-0.034,0.511,in_circle
51.905,1,1112,0.00268,-0.03802,-0.1783,-0.0896,-0.06461,-0.08482,0.04525,1,1,0.110,0.579,in_circle
51.950,1,1113,-0.00215,-0.03964,-0.2658,-0.0891,-0.09744,-0.02968,0.04599,0,1,0.647,0.461,running
51.991,1,1114,-0.00772,-0.04080,-0.3062,-0.0637,-0.10878,0.03226,0.04680,0,1,0.800,0.463,running
52.036,1,1115,-0.01385,-0.04053,-0.3373,0.0149,-0.09979,0.08338,0.04692,0,1,0.800,0.370,running
52.081,1,1116,-0.01883,-0.03858,-0.2737,0.1069,-0.08495,0.12412,0.04592,0,1,0.800,0.077,running
52.123,1,1117,-0.02210,-0.03625,-0.1803,0.1280,-0.04996,0.15392,0.04461,1,1,0.800,-0.278,in_circle
52.170,1,1118,-0.02442,-0.03373,-0.1275,0.1387,-0.00632,0.18076,0.04307,1,1,0.727,-0.373,in_circle
52.214,1,1119,-0.02518,-0.03169,-0.0418,0.1125,0.02395,0.18499,0.04150,1,1,0.538,-0.433,in_circle
52.299,1,1120,-0.02049,-0.02993,0.2580,0.0966,0.07826,0.14947,0.03811,1,1,0.210,-0.346,in_circle
52.344,1,1121,-0.01668,-0.03040,0.2097,-0.0258,0.07286,0.12120,0.03747,1,1,-0.800,-0.296,in_circle
52.389,1,1122,-0.01113,-0.03293,0.3052,-0.1393,0.06000,0.09788,0.03907,1,1,-0.800,0.194,in_circle
52.434,1,1123,-0.00553,-0.03539,0.3079,-0.1350,0.03268,0.06200,0.04145,1,1,-0.800,0.655,in_circle
52.478,1,1124,-0.00037,-0.03802,0.2838,-0.1447,-0.01323,0.00558,0.04464,1,1,-0.800,0.639,in_circle
52.522,1,1125,0.00469,-0.04089,0.2783,-0.1582,-0.03979,-0.04921,0.04853,0,1,-0.800,0.672,running
52.566,1,1126,0.00868,-0.04394,0.2194,-0.1674,-0.06324,-0.09115,0.05259,0,1,-0.800,0.716,running
52.609,1,1127,0.01087,-0.04609,0.1207,-0.1184,-0.09965,-0.12069,0.05534,0,1,-0.800,0.742,running
52.653,1,1128,0.01112,-0.04728,0.0137,-0.0652,-0.09874,-0.11654,0.05654,0,1,-0.470,0.571,running
52.696,1,1129,0.00922,-0.04786,-0.1047,-0.0320,-0.09989,-0.08609,0.05648,0,1,-0.109,0.395,running
52.740,1,1130,0.00588,-0.04726,-0.1837,0.0329,-0.10060,-0.03442,0.05499,0,1,0.293,0.286,running
52.785,1,1131,0.00108,-0.04561,-0.2641,0.0906,-0.07839,0.03043,0.05237,0,1,0.580,0.061,running
52.830,1,1132,-0.00295,-0.04375,-0.2214,0.1025,-0.03128,0.08588,0.04999,0,1,0.800,-0.156,running
52.872,1,1133,-0.00716,-0.04153,-0.2316,0.1223,0.00226,0.12730,0.04753,0,1,0.783,-0.220,running
52.918,1,1134,-0.00945,-0.03951,-0.1260,0.1107,0.02615,0.14849,0.04554,0,1,0.800,-0.315,running
52.961,1,1135,-0.01120,-0.03840,-0.0962,0.0613,0.05805,0.17194,0.04453,1,1,0.480,-0.292,in_circle
53.005,1,1136,-0.01095,-0.03850,0.0136,-0.0058,0.07288,0.17982,0.04462,1,1,0.377,-0.113,in_circle
53.048,1,1137,-0.00970,-0.03887,0.0686,-0.0202,0.05613,0.16655,0.04491,1,1,-0.043,0.144,in_circle
53.094,1,1138,-0.00679,-0.04059,0.1601,-0.0945,0.02752,0.13068,0.04660,0,1,-0.256,0.200,running
53.137,1,1139,-0.00320,-0.04242,0.1977,-0.1009,-0.01169,0.06396,0.04864,0,1,-0.601,0.485,running
53.181,1,1140,0.00037,-0.04399,0.1962,-0.0861,-0.04627,-0.00278,0.05065,0,1,-0.736,0.511,running
53.225,1,1141,0.00407,-0.04627,0.2036,-0.1254,-0.07399,-0.04631,0.05360,0,1,-0.726,0.459,running
53.271,1,1142,0.00631,-0.04732,0.1230,-0.0580,-0.09751,-0.07028,0.05516,0,1,-0.741,0.600,running
53.314,1,1143,0.00695,-0.04789,0.0356,-0.0313,-0.09050,-0.08661,0.05588,0,1,-0.463,0.371,running
53.357,1,1144,0.00556,-0.04693,-0.0765,0.0530,-0.09786,-0.08933,0.05459,0,1,-0.168,0.283,running
53.400,1,1145,0.00279,-0.04610,-0.1528,0.0455,-0.08303,-0.06401,0.05317,0,1,0.218,-0.010,running
53.443,1,1146,-0.00149,-0.04428,-0.2352,0.1003,-0.04272,-0.01403,0.05068,0,1,0.497,0.007,running
53.489,1,1147,-0.00563,-0.04279,-0.2279,0.0822,-0.00506,0.05901,0.04883,0,1,0.800,-0.206,running
53.533,1,1148,-0.00962,-0.04072,-0.2193,0.1137,0.02896,0.12219,0.04675,0,1,0.800,-0.156,running
53.576,1,1149,-0.01337,-0.03937,-0.2064,0.0743,0.05917,0.16061,0.04571,0,1,0.800,-0.292,running
53.622,1,1150,-0.01526,-0.03876,-0.1036,0.0334,0.05864,0.17287,0.04538,1,1,0.794,-0.154,in_circle
53.667,1,1151,-0.01545,-0.03952,-0.0109,-0.0420,0.05123,0.17333,0.04616,0,1,0.413,-0.003,running
53.710,1,1152,-0.01433,-0.04044,0.0616,-0.0508,0.03155,0.16589,0.04690,0,1,0.062,0.285,running
53.752,1,1153,-0.01123,-0.04248,0.1705,-0.1120,-0.01423,0.14946,0.04860,0,1,-0.211,0.321,running
53.796,1,1154,-0.00716,-0.04434,0.2239,-0.1020,-0.04502,0.10595,0.05034,0,1,-0.613,0.551,running
53.841,1,1155,-0.00257,-0.04544,0.2526,-0.0608,-0.07284,0.03779,0.05171,0,1,-0.800,0.518,running
53.885,1,1156,0.00186,-0.04593,0.2436,-0.0270,-0.10694,-0.02701,0.05282,0,1,-0.800,0.374,running
53.929,1,1157,0.00592,-0.04592,0.2235,0.0007,-0.09455,-0.06777,0.05370,0,1,-0.800,0.257,running
53.974,1,1158,0.00832,-0.04476,0.1321,0.0639,-0.08855,-0.08756,0.05326,0,1,-0.800,0.163,running
54.018,1,1159,0.00887,-0.04322,0.0303,0.0845,-0.05663,-0.09385,0.05197,0,1,-0.509,-0.061,running
54.063,1,1160,0.00664,-0.04073,-0.1228,0.1372,-0.01046,-0.07575,0.04891,0,1,-0.158,-0.145,running
54.105,1,1161,0.00399,-0.03910,-0.1459,0.0897,0.01842,-0.04450,0.04661,0,1,0.405,-0.362,running
54.151,1,1162,-0.00019,-0.03780,-0.2298,0.0714,0.04336,0.00878,0.04446,1,1,0.512,-0.207,in_circle
54.192,1,1163,-0.00421,-0.03766,-0.2213,0.0079,0.08088,0.06412,0.04380,1,1,0.800,-0.153,in_circle
54.236,1,1164,-0.00775,-0.03763,-0.1945,0.0012,0.06670,0.11696,0.04363,1,1,0.800,0.087,in_circle
54.326,1,1165,-0.01234,-0.04129,-0.2527,-0.2008,-0.00317,0.18527,0.04750,0,1,0.750,0.112,running
54.371,1,1166,-0.01281,-0.04388,-0.0255,-0.1428,-0.00612,0.17860,0.05013,0,1,0.800,0.800,running
54.414,1,1167,-0.01071,-0.04591,0.1152,-0.1113,-0.02203,0.17319,0.05199,0,1,0.107,0.663,running
54.457,1,1168,-0.00684,-0.04833,0.2131,-0.1333,-0.07511,0.17110,0.05434,0,1,-0.397,0.553,running
54.500,1,1169,-0.00166,-0.04968,0.2849,-0.0743,-0.10994,0.15477,0.05602,0,1,-0.733,0.631,running
54.545,1,1170,0.00484,-0.05037,0.3575,-0.0378,-0.11436,0.09650,0.05777,0,1,-0.800,0.434,running
54.590,1,1171,0.01169,-0.04986,0.3768,0.0278,-0.10650,0.02669,0.05917,0,1,-0.800,0.315,running
54.632,1,1172,0.01856,-0.04826,0.3775,0.0880,-0.09029,-0.02782,0.06032,0,1,-0.800,0.103,running
54.679,1,1173,0.02410,-0.04590,0.3051,0.1297,-0.04945,-0.05656,0.06092,0,1,-0.800,-0.090,running
54.724,1,1174,0.02808,-0.04309,0.2185,0.1548,-0.01226,-0.07004,0.06080,0,1,-0.800,-0.226,running
54.764,1,1175,0.03041,-0.03964,0.1283,0.1895,0.02013,-0.08329,0.05952,0,1,-0.800,-0.317,running
54.808,1,1176,0.03116,-0.03812,0.0413,0.0838,0.05030,-0.07054,0.05886,0,1,-0.546,-0.451,running
54.853,1,1177,0.03022,-0.03668,-0.0518,0.0793,0.07395,-0.04935,0.05716,0,1,-0.268,-0.120,running
54.898,1,1178,0.02828,-0.03683,-0.1065,-0.0082,0.08602,-0.00552,0.05600,0,1,0.044,-0.120,running
54.940,1,1179,0.02560,-0.03797,-0.1474,-0.0630,0.05590,0.05213,0.05522,0,1,0.239,0.169,running
54.984,1,1180,0.02270,-0.04000,-0.1593,-0.1114,0.01554,0.10242,0.05519,0,1,0.391,0.357,running
55.029,1,1181,0.02033,-0.04205,-0.1305,-0.1132,-0.01626,0.13981,0.05568,0,1,0.441,0.528,running
55.072,1,1182,0.01913,-0.04386,-0.0659,-0.0994,-0.04971,0.16479,0.05667,0,1,0.348,0.539,running
55.117,1,1183,0.01914,-0.04516,0.0004,-0.0712,-0.08661,0.17415,0.05782,0,1,0.130,0.498,running
55.160,1,1184,0.02066,-0.04578,0.0836,-0.0344,-0.10598,0.15615,0.05909,0,1,-0.093,0.408,running
55.204,1,1185,0.02357,-0.04534,0.1603,0.0242,-0.10165,0.12091,0.06017,0,1,-0.369,0.290,running
55.247,1,1186,0.02741,-0.04384,0.2111,0.0824,-0.07789,0.06458,0.06103,0,1,-0.622,0.103,running
55.291,1,1187,0.03074,-0.04113,0.1832,0.1491,-0.04290,0.00309,0.06089,0,1,-0.792,-0.083,running
55.335,1,1188,0.03393,-0.03850,0.1754,0.1446,-0.00289,-0.04113,0.06101,0,1,-0.716,-0.305,running
55.381,1,1189,0.03564,-0.03656,0.0938,0.1069,0.03178,-0.07662,0.06081,0,1,-0.702,-0.299,running
55.425,1,1190,0.03514,-0.03536,-0.0275,0.0659,0.06067,-0.09505,0.05962,0,1,-0.451,-0.188,running
55.470,1,1191,0.03367,-0.03530,-0.0808,0.0034,0.06763,-0.08323,0.05853,0,1,-0.061,-0.068,running
55.513,1,1192,0.03117,-0.03537,-0.1375,-0.0039,0.03988,-0.05362,0.05683,0,1,0.121,0.130,running
55.556,1,1193,0.02612,-0.03642,-0.2776,-0.0574,0.00584,0.00308,0.05431,0,1,0.327,0.151,running
55.600,1,1194,0.02104,-0.03815,-0.2794,-0.0956,-0.03132,0.06565,0.05274,0,1,0.800,0.333,running
55.644,1,1195,0.01660,-0.03930,-0.2443,-0.0633,-0.06472,0.11788,0.05146,0,1,0.800,0.472,running
55.689,1,1196,0.01278,-0.04006,-0.2104,-0.0416,-0.10098,0.15343,0.05045,0,1,0.790,0.364,running
55.732,1,1197,0.01058,-0.03980,-0.1211,0.0144,-0.11914,0.16944,0.04935,0,1,0.691,0.288,running
55.776,1,1198,0.00967,-0.03800,-0.0500,0.0987,-0.10002,0.17103,0.04734,0,1,0.385,0.084,running
55.820,1,1199,0.01088,-0.03602,0.0668,0.1090,-0.07076,0.16132,0.04599,0,1,0.135,-0.240,running
55.864,1,1200,0.01335,-0.03324,0.1357,0.1534,-0.03166,0.14311,0.04457,1,1,-0.303,-0.292,in_circle
55.907,1,1201,0.01689,-0.03057,0.1946,0.1466,0.00595,0.10331,0.04412,1,1,-0.576,-0.478,in_circle
55.952,1,1202,0.02118,-0.02788,0.2363,0.1482,0.03878,0.03594,0.04458,1,1,-0.800,-0.463,in_circle
55.997,1,1203,0.02593,-0.02675,0.2612,0.0621,0.06958,-0.02632,0.04701,0,1,-0.800,-0.473,running
56.040,1,1204,0.02878,-0.02539,0.1564,0.0745,0.08237,-0.06564,0.04820,0,1,-0.800,-0.137,running
56.085,1,1205,0.02967,-0.02538,0.0490,0.0008,0.06840,-0.08737,0.04887,0,1,-0.681,-0.182,running
56.128,1,1206,0.02928,-0.02650,-0.0214,-0.0617,0.04503,-0.09360,0.04931,0,1,-0.289,0.089,running
56.172,1,1207,0.02730,-0.02847,-0.1088,-0.1084,0.00215,-0.07704,0.04920,0,1,-0.032,0.320,running
56.217,1,1208,0.02362,-0.03034,-0.2025,-0.1027,-0.03376,-0.03512,0.04804,0,1,0.291,0.496,running
56.261,1,1209,0.01911,-0.03225,-0.2480,-0.1051,-0.06121,0.02018,0.04677,0,1,0.654,0.483,running
56.347,1,1210,0.01060,-0.03305,-0.4681,-0.0440,-0.10883,0.13083,0.04317,1,1,0.800,0.500,in_circle
56.391,1,1211,0.00758,-0.03192,-0.1659,0.0622,-0.10120,0.15079,0.04092,1,1,0.800,0.274,in_circle
56.437,1,1212,0.00580,-0.02999,-0.0978,0.1061,-0.10195,0.14352,0.03847,1,1,0.618,-0.150,in_circle
56.480,1,1213,0.00570,-0.02651,-0.0057,0.1911,-0.08191,0.14816,0.03520,1,1,0.357,-0.334,in_circle
56.524,1,1214,0.00687,-0.02349,0.0644,0.1662,-0.03407,0.14999,0.03294,1,1,-0.011,-0.683,in_circle
56.571,1,1215,0.00926,-0.01979,0.1313,0.2037,-0.00097,0.12624,0.03092,1,1,-0.294,-0.591,in_circle
56.613,1,1216,0.01243,-0.01643,0.1745,0.1845,0.02861,0.07256,0.03021,1,1,-0.568,-0.750,in_circle
56.655,1,1217,0.01678,-0.01420,0.2393,0.1231,0.06224,0.00207,0.03182,1,1,-0.749,-0.682,in_circle
56.700,1,1218,0.01961,-0.01259,0.1553,0.0880,0.09447,-0.05255,0.03312,1,1,-0.800,-0.442,in_circle
56.743,1,1219,0.02126,-0.01231,0.0911,0.0156,0.09531,-0.08963,0.03435,1,1,-0.690,-0.306,in_circle
56.787,1,1220,0.02113,-0.01337,-0.0073,-0.0584,0.06256,-0.11531,0.03482,1,1,-0.437,-0.017,in_circle
56.834,1,1221,0.01701,-0.01513,-0.2265,-0.0969,0.02515,-0.10456,0.03259,1,1,-0.043,0.282,in_circle
56.877,1,1222,0.01212,-0.01673,-0.2691,-0.0880,-0.00794,-0.06193,0.03023,1,1,0.800,0.441,in_circle
56.920,1,1223,0.00593,-0.01821,-0.3405,-0.0812,-0.04072,0.00037,0.02783,1,1,0.800,0.409,in_circle
56.966,1,1224,-0.00046,-0.02020,-0.3511,-0.1092,-0.07499,0.05923,0.02721,1,1,0.800,0.385,in_circle
57.007,1,1225,-0.00665,-0.02056,-0.3406,-0.0199,-0.09652,0.10279,0.02658,1,1,0.800,0.502,in_circle
57.051,1,1226,-0.01268,-0.02062,-0.3318,-0.0035,-0.09417,0.14198,0.02706,1,1,0.800,0.146,in_circle
57.095,1,1227,-0.01683,-0.01971,-0.2283,0.0499,-0.08961,0.16350,0.02725,1,1,0.800,0.080,in_circle
57.140,1,1228,-0.01927,-0.01805,-0.1340,0.0916,-0.06745,0.17584,0.02664,1,1,0.800,-0.135,in_circle
57.185,1,1229,-0.02093,-0.01604,-0.0913,0.1104,-0.02853,0.17264,0.02565,1,1,0.565,-0.306,in_circle
57.228,1,1230,-0.02015,-0.01381,0.0430,0.1226,0.01004,0.16393,0.02334,1,1,0.398,-0.386,in_circle
57.272,1,1231,-0.01797,-0.01256,0.1199,0.0687,0.03783,0.14741,0.02116,1,1,-0.141,-0.441,in_circle
57.316,1,1232,-0.01567,-0.01200,0.1266,0.0311,0.06870,0.10568,0.01964,1,1,-0.454,-0.228,in_circle
57.361,1,1233,-0.01189,-0.01307,0.2078,-0.0591,0.08640,0.03747,0.01950,1,1,-0.487,-0.079,in_circle
57.404,1,1234,-0.00897,-0.01491,0.1606,-0.1011,0.05203,-0.02306,0.02094,1,1,-0.800,0.284,in_circle
57.448,1,1235,-0.00598,-0.01785,0.1643,-0.1615,0.00956,-0.07051,0.02392,1,1,-0.639,0.457,in_circle
57.494,1,1236,-0.00493,-0.02084,0.0577,-0.1648,-0.01751,-0.09332,0.02700,1,1,-0.662,0.706,in_circle
57.539,1,1237,-0.00536,-0.02502,-0.0236,-0.2297,-0.04735,-0.10148,0.03112,1,1,-0.238,0.726,in_circle
57.581,1,1238,-0.00884,-0.02621,-0.1914,-0.0652,-0.08676,-0.08384,0.03222,1,1,0.088,0.800,in_circle
57.625,1,1239,-0.01291,-0.02872,-0.2238,-0.1385,-0.10462,-0.04130,0.03510,1,1,0.768,0.341,in_circle
57.669,1,1240,-0.01868,-0.02912,-0.3175,-0.0220,-0.11093,0.01682,0.03677,1,1,0.800,0.641,in_circle
57.712,1,1241,-0.02405,-0.02908,-0.2953,0.0025,-0.11110,0.07614,0.03866,1,1,0.800,0.176,in_circle
57.756,1,1242,-0.02887,-0.02741,-0.2649,0.0916,-0.11078,0.12541,0.03950,1,1,0.800,0.077,in_circle
57.801,1,1243,-0.03211,-0.02498,-0.1782,0.1337,-0.09088,0.15959,0.03938,1,1,0.800,-0.283,in_circle
57.844,1,1244,-0.03437,-0.02067,-0.1245,0.2369,-0.04736,0.17966,0.03765,1,1,0.774,-0.458,in_circle
57.889,1,1245,-0.03521,-0.01610,-0.0459,0.2514,-0.01108,0.17801,0.03521,1,1,0.564,-0.800,in_circle
57.931,1,1246,-0.03462,-0.01253,0.0321,0.1968,0.01402,0.17115,0.03260,1,1,0.252,-0.800,in_circle
57.976,1,1247,-0.03181,-0.00899,0.1546,0.1944,0.04930,0.15489,0.02830,1,1,-0.061,-0.741,in_circle
58.019,1,1248,-0.02795,-0.00696,0.2122,0.1119,0.08560,0.11723,0.02396,1,1,-0.559,-0.740,in_circle
58.063,1,1249,-0.02365,-0.00617,0.2364,0.0433,0.09885,0.05263,0.01998,1,1,-0.799,-0.415,in_circle
58.109,1,1250,-0.01858,-0.00680,0.2792,-0.0345,0.09156,-0.01289,0.01673,1,1,-0.800,-0.143,in_circle
58.154,1,1251,-0.01523,-0.00939,0.1838,-0.1427,0.06699,-0.05855,0.01709,1,1,-0.800,0.170,in_circle
58.199,1,1252,-0.01419,-0.01207,0.0577,-0.1474,0.02800,-0.08966,0.01917,1,1,-0.717,0.609,in_circle
58.240,1,1253,-0.01367,-0.01672,0.0282,-0.2558,-0.00621,-0.10519,0.02347,1,1,-0.215,0.635,in_circle
58.287,1,1254,-0.01464,-0.02136,-0.0534,-0.2554,-0.03531,-0.09117,0.02821,1,1,-0.098,0.800,in_circle
58.373,1,1255,-0.02160,-0.02922,-0.3827,-0.4319,-0.11177,0.00566,0.03782,1,1,0.231,0.800,in_circle
58.416,1,1256,-0.02616,-0.03216,-0.2510,-0.1617,-0.10245,0.05429,0.04235,1,1,0.800,0.800,in_circle
58.460,1,1257,-0.03111,-0.03303,-0.2720,-0.0477,-0.11553,0.07173,0.04546,1,1,0.800,0.732,in_circle
58.504,1,1258,-0.03460,-0.03361,-0.1920,-0.0324,-0.10713,0.08176,0.04783,0,1,0.800,0.289,running
58.548,1,1259,-0.03729,-0.03256,-0.1476,0.0577,-0.09495,0.11562,0.04855,0,1,0.785,0.234,running
58.593,1,1260,-0.03899,-0.03138,-0.0938,0.0654,-0.06374,0.16806,0.04868,0,1,0.626,-0.098,running
58.637,1,1261,-0.03911,-0.02919,-0.0067,0.1204,-0.02357,0.18318,0.04710,0,1,0.434,-0.129,running
58.680,1,1262,-0.03752,-0.02667,0.0875,0.1384,0.00863,0.16816,0.04417,1,1,0.114,-0.347,in_circle
58.724,1,1263,-0.03490,-0.02448,0.1443,0.1202,0.03518,0.16710,0.04079,1,1,-0.255,-0.442,in_circle
58.771,1,1264,-0.03033,-0.02386,0.2513,0.0341,0.07439,0.13307,0.03741,1,1,-0.504,-0.400,in_circle
58.811,1,1265,-0.02552,-0.02280,0.2642,0.0586,0.09534,0.06836,0.03381,1,1,-0.800,-0.062,in_circle
58.856,1,1266,-0.02058,-0.02397,0.2719,-0.0642,0.07729,0.00479,0.03258,1,1,-0.800,-0.162,in_circle
58.900,1,1267,-0.01549,-0.02716,0.2800,-0.1757,0.04995,-0.03947,0.03404,1,1,-0.800,0.332,in_circle
58.945,1,1268,-0.01154,-0.03029,0.2173,-0.1721,0.00604,-0.07412,0.03648,1,1,-0.800,0.786,in_circle
58.989,1,1269,-0.00958,-0.03417,0.1077,-0.2136,-0.02806,-0.10074,0.04021,1,1,-0.800,0.779,in_circle
59.033,1,1270,-0.00977,-0.03733,-0.0106,-0.1736,-0.05520,-0.10378,0.04338,1,1,-0.425,0.800,in_circle
59.075,1,1271,-0.01086,-0.04040,-0.0600,-0.1685,-0.08841,-0.08230,0.04650,0,1,0.046,0.787,running
59.120,1,1272,-0.01376,-0.04247,-0.1594,-0.1140,-0.10596,-0.03167,0.04883,0,1,0.233,0.761,running
59.164,1,1273,-0.01719,-0.04306,-0.1887,-0.0327,-0.11531,0.02635,0.04995,0,1,0.599,0.558,running
59.209,1,1274,-0.02104,-0.04333,-0.2116,-0.0146,-0.11127,0.07900,0.05107,0,1,0.708,0.265,running
59.253,1,1275,-0.02513,-0.04210,-0.2249,0.0674,-0.09927,0.11811,0.05113,0,1,0.793,0.202,running
59.296,1,1276,-0.02756,-0.04062,-0.1334,0.0814,-0.06082,0.14728,0.05063,0,1,0.800,-0.092,running
59.341,1,1277,-0.02892,-0.03889,-0.0753,0.0952,-0.02193,0.18092,0.04961,0,1,0.537,-0.150,running
59.384,1,1278,-0.02760,-0.03706,0.0728,0.1008,0.00514,0.18314,0.04739,0,1,0.335,-0.210,running
59.428,1,1279,-0.02516,-0.03588,0.1343,0.0645,0.04176,0.17115,0.04534,1,1,-0.213,-0.250,in_circle
59.475,1,1280,-0.02100,-0.03548,0.2285,0.0224,0.06264,0.14279,0.04353,1,1,-0.461,-0.128,in_circle
59.518,1,1281,-0.01610,-0.03613,0.2695,-0.0361,0.06060,0.08949,0.04294,1,1,-0.800,0.024,in_circle
59.560,1,1282,-0.01092,-0.03772,0.2849,-0.0874,0.03097,0.02886,0.04383,1,1,-0.800,0.252,in_circle
59.604,1,1283,-0.00552,-0.03911,0.2970,-0.0766,-0.00147,-0.01973,0.04517,1,1,-0.800,0.454,in_circle
59.648,1,1284,-0.00098,-0.04115,0.2500,-0.1121,-0.03516,-0.05899,0.04764,0,1,-0.800,0.415,running
59.693,1,1285,0.00246,-0.04317,0.1894,-0.1112,-0.07005,-0.09198,0.05023,0,1,-0.800,0.550,running
59.737,1,1286,0.00363,-0.04394,0.0644,-0.0423,-0.09295,-0.10586,0.05123,0,1,-0.711,0.547,running
59.781,1,1287,0.00304,-0.04430,-0.0328,-0.0197,-0.09718,-0.09325,0.05145,0,1,-0.264,0.303,running
59.826,1,1288,0.00146,-0.04384,-0.0870,0.0252,-0.10013,-0.05161,0.05069,0,1,0.083,0.224,running
59.868,1,1289,-0.00230,-0.04236,-0.2066,0.0818,-0.08727,0.01032,0.04867,0,1,0.283,0.061,running
59.912,1,1290,-0.00633,-0.04018,-0.2215,0.1195,-0.04363,0.06442,0.04621,0,1,0.739,-0.157,running
59.957,1,1291,-0.01006,-0.03761,-0.2054,0.1416,-0.00774,0.10534,0.04367,1,1,0.800,-0.318,in_circle
60.000,1,1292,-0.01237,-0.03577,-0.1270,0.1014,0.02165,0.14197,0.04201,1,1,0.797,-0.429,in_circle
60.045,1,1293,-0.01384,-0.03429,-0.0807,0.0813,0.05558,0.17594,0.04074,1,1,0.510,-0.289,in_circle
60.089,1,1294,-0.01367,-0.03383,0.0094,0.0251,0.08383,0.18778,0.04026,1,1,0.336,-0.221,in_circle
60.131,1,1295,-0.01177,-0.03475,0.1042,-0.0508,0.06459,0.17439,0.04095,1,1,-0.023,-0.000,in_circle
60.178,1,1296,-0.00853,-0.03654,0.1785,-0.0981,0.02732,0.13712,0.04255,1,1,-0.403,0.305,in_circle
60.221,1,1297,-0.00401,-0.03897,0.2483,-0.1335,-0.00916,0.07894,0.04513,1,1,-0.694,0.494,in_circle
60.264,1,1298,0.00035,-0.04150,0.2399,-0.1394,-0.03994,0.02317,0.04820,0,1,-0.800,0.631,running
60.311,1,1299,0.00450,-0.04315,0.2284,-0.0905,-0.07180,-0.02066,0.05066,0,1,-0.800,0.650,running
60.396,1,1300,0.00959,-0.04542,0.2799,-0.1253,-0.09586,-0.09462,0.05429,0,1,-0.800,0.473,running
60.442,1,1301,0.00956,-0.04538,-0.0016,0.0025,-0.09676,-0.10673,0.05423,0,1,-0.800,0.595,running
60.485,1,1302,0.00804,-0.04442,-0.0839,0.0526,-0.09655,-0.09890,0.05285,0,1,-0.050,0.157,running
60.529,1,1303,0.00426,-0.04295,-0.2080,0.0811,-0.09437,-0.07272,0.05041,0,1,0.243,-0.025,running
60.571,1,1304,0.00001,-0.04056,-0.2337,0.1314,-0.06500,-0.03127,0.04721,0,1,0.709,-0.143,running
60.619,1,1305,-0.00677,-0.03777,-0.3726,0.1535,-0.02221,0.02684,0.04378,1,1,0.800,-0.355,in_circle
60.661,1,1306,-0.01255,-0.03526,-0.3182,0.1377,0.01657,0.07757,0.04154,1,1,0.800,-0.473,in_circle
60.704,1,1307,-0.01809,-0.03282,-0.3045,0.1344,0.04438,0.12525,0.04016,1,1,0.800,-0.436,in_circle
60.748,1,1308,-0.02257,-0.03122,-0.2462,0.0880,0.07344,0.16326,0.04004,1,1,0.800,-0.439,in_circle
60.792,1,1309,-0.02490,-0.03025,-0.1281,0.0533,0.07849,0.18926,0.04008,1,1,0.800,-0.259,in_circle
60.836,1,1310,-0.02621,-0.03059,-0.0720,-0.0185,0.05819,0.18253,0.04096,1,1,0.555,-0.122,in_circle
60.882,1,1311,-0.02492,-0.03276,0.0708,-0.1197,0.03568,0.17187,0.04238,1,1,0.332,0.166,in_circle
60.926,1,1312,-0.02242,-0.03446,0.1376,-0.0935,-0.00718,0.15447,0.04302,1,1,-0.232,0.569,in_circle
60.969,1,1313,-0.01900,-0.03658,0.1880,-0.1162,-0.04481,0.11780,0.04403,1,1,-0.495,0.470,in_circle
61.013,1,1314,-0.01417,-0.03835,0.2658,-0.0976,-0.06791,0.05954,0.04480,1,1,-0.691,0.561,in_circle
61.056,1,1315,-0.00937,-0.04021,0.2639,-0.1024,-0.08610,-0.00636,0.04624,0,1,-0.800,0.493,running
61.100,1,1316,-0.00492,-0.04053,0.2446,-0.0174,-0.09636,-0.05934,0.04662,0,1,-0.800,0.514,running
61.144,1,1317,-0.00176,-0.04067,0.1737,-0.0076,-0.08716,-0.09453,0.04706,0,1,-0.800,0.197,running
61.191,1,1318,-0.00096,-0.03937,0.0441,0.0714,-0.07458,-0.11140,0.04588,0,1,-0.663,0.161,running
61.232,1,1319,-0.00226,-0.03766,-0.0713,0.0940,-0.04930,-0.09943,0.04401,1,1,-0.185,-0.142,in_circle
61.275,1,1320,-0.00520,-0.03576,-0.1620,0.1045,-0.00379,-0.06486,0.04184,1,1,0.259,-0.243,in_circle
61.322,1,1321,-0.00929,-0.03502,-0.2248,0.0408,0.02563,-0.00551,0.04105,1,1,0.629,-0.302,in_circle
61.364,1,1322,-0.01356,-0.03403,-0.2346,0.0543,0.05435,0.04918,0.04044,1,1,0.800,-0.057,in_circle
61.409,1,1323,-0.01813,-0.03390,-0.2515,0.0073,0.06875,0.10280,0.04121,1,1,0.800,-0.115,in_circle
61.454,1,1324,-0.02195,-0.03394,-0.2100,-0.0025,0.03843,0.14454,0.04238,1,1,0.800,0.073,in_circle
61.496,1,1325,-0.02434,-0.03560,-0.1318,-0.0913,0.00135,0.16906,0.04477,1,1,0.800,0.114,in_circle
61.542,1,1326,-0.02559,-0.03708,-0.0686,-0.0812,-0.02216,0.18304,0.04661,0,1,0.547,0.462,running
61.584,1,1327,-0.02410,-0.03964,0.0823,-0.1408,-0.05607,0.17079,0.04846,0,1,0.307,0.425,running
61.628,1,1328,-0.02128,-0.04070,0.1551,-0.0581,-0.09757,0.15153,0.04860,0,1,-0.254,0.649,running
61.672,1,1329,-0.01687,-0.04137,0.2422,-0.0367,-0.10771,0.11603,0.04823,0,1,-0.527,0.349,running
61.717,1,1330,-0.01212,-0.04098,0.2613,0.0214,-0.11642,0.05354,0.04718,0,1,-0.800,0.273,running
61.761,1,1331,-0.00676,-0.03956,0.2947,0.0777,-0.09355,-0.01173,0.04558,0,1,-0.800,0.055,running
61.804,1,1332,-0.00349,-0.03703,0.1801,0.1396,-0.06731,-0.05462,0.04324,1,1,-0.800,-0.167,in_circle
61.848,1,1333,-0.00092,-0.03378,0.1411,0.1788,-0.02470,-0.07556,0.04037,1,1,-0.709,-0.426,in_circle
61.893,1,1334,0.00045,-0.03104,0.0754,0.1506,0.01121,-0.08322,0.03794,1,1,-0.580,-0.613,in_circle
61.936,1,1335,-0.00050,-0.02817,-0.0520,0.1578,0.04041,-0.07170,0.03494,1,1,-0.322,-0.510,in_circle
61.980,1,1336,-0.00257,-0.02635,-0.1137,0.0997,0.07579,-0.03423,0.03278,1,1,0.190,-0.546,in_circle
62.024,1,1337,-0.00546,-0.02605,-0.1590,0.0165,0.07356,0.02282,0.03214,1,1,0.442,-0.318,in_circle
62.070,1,1338,-0.00877,-0.02676,-0.1820,-0.0388,0.06123,0.07650,0.03277,1,1,0.630,0.014,in_circle
62.111,1,1339,-0.01211,-0.02793,-0.1841,-0.0642,0.04330,0.12860,0.03420,1,1,0.730,0.237,in_circle
62.157,1,1340,-0.01321,-0.02986,-0.0601,-0.1065,0.00099,0.16484,0.03627,1,1,0.747,0.342,in_circle
62.201,1,1341,-0.01322,-0.03232,-0.0008,-0.1351,-0.03756,0.18605,0.03870,1,1,0.254,0.516,in_circle
62.243,1,1342,-0.01172,-0.03467,0.0826,-0.1294,-0.06331,0.17079,0.04086,1,1,0.017,0.636,in_circle
62.289,1,1343,-0.00890,-0.03616,0.1553,-0.0818,-0.09859,0.15380,0.04217,1,1,-0.318,0.617,in_circle
62.333,1,1344,-0.00439,-0.03662,0.2480,-0.0252,-0.11948,0.12934,0.04275,1,1,-0.605,0.430,in_circle
62.424,1,1345,0.00732,-0.03516,0.6440,0.0802,-0.09947,0.03178,0.04385,1,1,-0.800,0.211,in_circle
62.467,1,1346,0.01351,-0.03240,0.3404,0.1515,-0.08649,-0.01114,0.04392,1,1,-0.800,-0.198,in_circle
62.511,1,1347,0.01868,-0.02890,0.2840,0.1930,-0.07163,-0.02623,0.04380,1,1,-0.800,-0.479,in_circle
62.555,1,1348,0.02265,-0.02493,0.2184,0.2179,-0.02492,-0.03023,0.04340,1,1,-0.800,-0.649,in_circle
62.596,1,1349,0.02612,-0.02102,0.1913,0.2153,0.01432,-0.04236,0.04337,1,1,-0.800,-0.759,in_circle
62.640,1,1350,0.02810,-0.01742,0.1085,0.1981,0.03968,-0.05291,0.04286,1,1,-0.800,-0.760,in_circle
62.686,1,1351,0.02878,-0.01525,0.0373,0.1193,0.07634,-0.04543,0.04230,1,1,-0.517,-0.708,in_circle
62.729,1,1352,0.02880,-0.01343,0.0011,0.1000,0.10492,-0.03776,0.04143,1,1,-0.242,-0.411,in_circle
62.772,1,1353,0.02704,-0.01438,-0.0964,-0.0525,0.09425,-0.02384,0.04037,1,1,-0.098,-0.344,in_circle
62.818,1,1354,0.02474,-0.01669,-0.1265,-0.1271,0.06213,0.02765,0.03967,1,1,0.296,0.260,in_circle
62.860,1,1355,0.02374,-0.01972,-0.0549,-0.1665,0.02745,0.09931,0.04070,1,1,0.425,0.565,in_circle
62.904,1,1356,0.02310,-0.02317,-0.0354,-0.1898,-0.01051,0.15641,0.04250,1,1,0.138,0.727,in_circle
62.948,1,1357,0.02359,-0.02726,0.0270,-0.2249,-0.04196,0.18172,0.04574,0,1,0.057,0.800,running
62.993,1,1358,0.02532,-0.03010,0.0952,-0.1559,-0.07326,0.16034,0.04899,0,1,-0.189,0.800,running
63.037,1,1359,0.02760,-0.03213,0.1255,-0.1118,-0.11141,0.12064,0.05203,0,1,-0.444,0.674,running
63.084,1,1360,0.03197,-0.03343,0.2401,-0.0716,-0.11248,0.07260,0.05601,0,1,-0.551,0.512,running
63.130,1,1361,0.03560,-0.03332,0.1997,0.0060,-0.10771,0.02518,0.05857,0,1,-0.800,0.371,running
63.172,1,1362,0.03935,-0.03234,0.2062,0.0539,-0.08709,-0.02764,0.06077,0,1,-0.799,0.115,running
63.214,1,1363,0.04220,-0.03062,0.1570,0.0947,-0.04625,-0.07222,0.06198,0,1,-0.800,-0.035,running
63.258,1,1364,0.04389,-0.02899,0.0927,0.0900,-0.00894,-0.10485,0.06241,0,1,-0.670,-0.164,running
63.302,1,1365,0.04273,-0.02728,-0.0638,0.0938,0.02424,-0.10845,0.06050,0,1,-0.475,-0.153,running
63.345,1,1366,0.03942,-0.02703,-0.1819,0.0136,0.05302,-0.07614,0.05763,0,1,0.025,-0.181,running
63.388,1,1367,0.03513,-0.02635,-0.2358,0.0377,0.06181,-0.02034,0.05376,0,1,0.440,0.067,running
63.432,1,1368,0.03073,-0.02758,-0.2424,-0.0676,0.04231,0.04238,0.05111,0,1,0.677,-0.027,running
63.478,1,1369,0.02589,-0.02914,-0.2660,-0.0860,0.01684,0.08879,0.04868,0,1,0.744,0.343,running
63.521,1,1370,0.02077,-0.03060,-0.2814,-0.0801,-0.02575,0.12483,0.04643,0,1,0.800,0.417,running
63.564,1,1371,0.01774,-0.03206,-0.1668,-0.0804,-0.05498,0.15613,0.04583,0,1,0.800,0.403,running
63.609,1,1372,0.01539,-0.03333,-0.1295,-0.0701,-0.08273,0.17618,0.04566,0,1,0.557,0.409,running
63.652,1,1373,0.01522,-0.03346,-0.0090,-0.0072,-0.10018,0.16935,0.04569,0,1,0.424,0.374,running
63.697,1,1374,0.01689,-0.03304,0.0918,0.0233,-0.09002,0.15662,0.04619,0,1,-0.030,0.137,running
63.740,1,1375,0.01974,-0.03107,0.1566,0.1083,-0.06848,0.13312,0.04618,0,1,-0.414,0.022,running
63.785,1,1376,0.02341,-0.02887,0.2023,0.1213,-0.04235,0.08497,0.04680,0,1,-0.665,-0.302,running
63.831,1,1377,0.02758,-0.02639,0.2290,0.1362,-0.00299,0.02858,0.04797,0,1,-0.800,-0.353,running
63.875,1,1378,0.03153,-0.02406,0.2171,0.1284,0.03638,-0.02747,0.04950,0,1,-0.800,-0.408,running
63.920,1,1379,0.03393,-0.02182,0.1321,0.1228,0.06853,-0.07296,0.05015,0,1,-0.800,-0.375,running
63.963,1,1380,0.03483,-0.02157,0.0495,0.0140,0.08521,-0.10147,0.05077,0,1,-0.600,-0.357,running
64.006,1,1381,0.03387,-0.02204,-0.0528,-0.0258,0.07124,-0.10469,0.05022,0,1,-0.306,0.034,running
64.049,1,1382,0.03113,-0.02343,-0.1503,-0.0766,0.04612,-0.08470,0.04881,0,1,0.064,0.177,running
64.093,1,1383,0.02736,-0.02533,-0.2074,-0.1043,0.00253,-0.03113,0.04709,0,1,0.434,0.366,running
64.135,1,1384,0.02201,-0.02794,-0.2946,-0.1438,-0.03458,0.03662,0.04517,1,1,0.670,0.477,in_circle
64.181,1,1385,0.01656,-0.02986,-0.2997,-0.1052,-0.06279,0.09077,0.04335,1,1,0.800,0.639,in_circle
64.227,1,1386,0.01217,-0.03154,-0.2414,-0.0928,-0.09643,0.12878,0.04252,1,1,0.800,0.502,in_circle
64.270,1,1387,0.00869,-0.03234,-0.1916,-0.0439,-0.12038,0.15601,0.04173,1,1,0.800,0.460,in_circle
64.311,1,1388,0.00721,-0.03181,-0.0811,0.0291,-0.10189,0.17196,0.04068,1,1,0.710,0.272,in_circle
64.358,1,1389,0.00692,-0.02994,-0.0159,0.1026,-0.09641,0.16863,0.03884,1,1,0.284,-0.020,in_circle
64.445,1,1390,0.01062,-0.02429,0.2032,0.3108,-0.00945,0.14370,0.03545,1,1,0.027,-0.321,in_circle
64.490,1,1391,0.01468,-0.02172,0.2235,0.1416,-0.01492,0.11432,0.03569,1,1,-0.800,-0.800,in_circle
64.533,1,1392,0.01929,-0.01897,0.2539,0.1511,-0.00195,0.08971,0.03685,1,1,-0.800,-0.497,in_circle
64.576,1,1393,0.02502,-0.01703,0.3147,0.1068,0.05988,0.05267,0.04009,1,1,-0.800,-0.542,in_circle
64.621,1,1394,0.03004,-0.01630,0.2762,0.0403,0.05181,-0.00320,0.04392,1,1,-0.800,-0.369,in_circle
64.664,1,1395,0.03518,-0.01652,0.2830,-0.0121,0.05195,-0.05488,0.04852,0,1,-0.800,-0.095,running
64.708,1,1396,0.03791,-0.01782,0.1499,-0.0717,0.04721,-0.09533,0.05154,0,1,-0.800,0.110,running
64.751,1,1397,0.03882,-0.01917,0.0504,-0.0742,-0.00300,-0.12037,0.05298,0,1,-0.671,0.327,running
64.795,1,1398,0.03837,-0.02031,-0.0248,-0.0627,-0.04495,-0.11534,0.05314,0,1,-0.322,0.337,running
64.840,1,1399,0.03646,-0.02184,-0.1054,-0.0841,-0.06687,-0.07873,0.05228,0,1,-0.060,0.301,running
64.884,1,1400,0.03259,-0.02258,-0.2126,-0.0409,-0.08698,-0.01126,0.04948,0,1,0.232,0.382,running
64.934,1,1401,0.02771,-0.02247,-0.2687,0.0064,-0.08447,0.05943,0.04551,0,1,0.650,0.233,running
64.975,1,1402,0.02325,-0.02103,-0.2452,0.0791,-0.07583,0.10739,0.04117,1,1,0.800,0.055,in_circle
65.018,1,1403,0.01969,-0.01968,-0.1955,0.0742,-0.05857,0.12453,0.03762,1,1,0.800,-0.243,in_circle
65.062,1,1404,0.01711,-0.01657,-0.1423,0.1708,-0.01658,0.14402,0.03361,1,1,0.713,-0.233,in_circle
65.106,1,1405,0.01666,-0.01423,-0.0245,0.1290,0.02892,0.17148,0.03174,1,1,0.507,-0.627,in_circle
65.149,1,1406,0.01785,-0.01316,0.0653,0.0588,0.05605,0.18538,0.03202,1,1,0.037,-0.465,in_circle
65.193,1,1407,0.02048,-0.01228,0.1445,0.0482,0.08388,0.16401,0.03367,1,1,-0.325,-0.187,in_circle
65.237,1,1408,0.02451,-0.01209,0.2218,0.0108,0.07532,0.11977,0.03703,1,1,-0.649,-0.147,in_circle
65.281,1,1409,0.02851,-0.01346,0.2203,-0.0753,0.03500,0.05278,0.04120,1,1,-0.800,0.002,in_circle
65.327,1,1410,0.03345,-0.01553,0.2714,-0.1143,-0.00352,-0.00846,0.04653,0,1,-0.800,0.347,running
65.371,1,1411,0.03725,-0.01666,0.2091,-0.0622,-0.03233,-0.04947,0.05043,0,1,-0.800,0.488,running
65.414,1,1412,0.04038,-0.01865,0.1721,-0.1092,-0.06389,-0.07413,0.05412,0,1,-0.800,0.291,running
65.459,1,1413,0.04128,-0.01890,0.0498,-0.0137,-0.09559,-0.08762,0.05504,0,1,-0.746,0.454,running
65.501,1,1414,0.04089,-0.01865,-0.0217,0.0137,-0.08946,-0.08841,0.05457,0,1,-0.329,0.128,running
65.545,1,1415,0.03865,-0.01724,-0.1230,0.0776,-0.08023,-0.06528,0.05194,0,1,-0.083,0.033,running
65.590,1,1416,0.03512,-0.01523,-0.1943,0.1103,-0.07163,-0.02217,0.04788,0,1,0.290,-0.201,running
65.631,1,1417,0.03149,-0.01227,-0.1998,0.1632,-0.02349,0.04430,0.04332,1,1,0.592,-0.345,in_circle
65.679,1,1418,0.02786,-0.00920,-0.1993,0.1688,0.01913,0.10992,0.03877,1,1,0.668,-0.582,in_circle
65.723,1,1419,0.02514,-0.00685,-0.1497,0.1289,0.04299,0.15295,0.03536,1,1,0.708,-0.637,in_circle
65.778,1,1420,0.02514,-0.00685,0.0000,0.0000,0.07870,0.17947,0.03536,0,0,0.517,-0.484,in_circle
65.865,1,1421,0.02514,-0.00685,0.0000,0.0000,0.06961,0.17277,0.03536,0,0,-0.082,0.032,in_circle
65.900,1,1422,0.02543,-0.01019,0.0161,-0.1832,0.04988,0.13727,0.03696,1,1,-0.082,0.032,in_circle
65.941,1,1423,0.02880,-0.01348,0.1851,-0.1810,0.03116,0.09954,0.04146,1,1,-0.147,0.773,in_circle
65.986,1,1424,0.03235,-0.01788,0.1954,-0.2424,0.01671,0.06941,0.04672,0,1,-0.800,0.763,running
66.032,1,1425,0.03659,-0.02185,0.2335,-0.2183,-0.03275,0.03610,0.05241,0,1,-0.800,0.800,running
66.073,1,1426,0.04024,-0.02511,0.2005,-0.1791,-0.07686,-0.01037,0.05723,0,1,-0.800,0.800,running
66.117,1,1427,0.04374,-0.02771,0.1923,-0.1430,-0.09451,-0.06549,0.06158,0,1,-0.800,0.697,running
66.161,1,1428,0.04509,-0.02923,0.0743,-0.0839,-0.09729,-0.10585,0.06355,0,1,-0.788,0.569,running
66.205,1,1429,0.04439,-0.03065,-0.0384,-0.0777,-0.09493,-0.12439,0.06377,0,1,-0.422,0.386,running
66.248,1,1430,0.04200,-0.03093,-0.1312,-0.0157,-0.08785,-0.10846,0.06200,0,1,-0.075,0.372,running
66.295,1,1431,0.03775,-0.03096,-0.2339,-0.0017,-0.05819,-0.07346,0.05866,0,1,0.230,0.182,running
66.339,1,1432,0.03244,-0.03028,-0.2921,0.0377,-0.01461,-0.00692,0.05418,0,1,0.604,0.133,running
66.383,1,1433,0.02702,-0.03002,-0.2982,0.0142,0.01285,0.06174,0.05010,0,1,0.800,-0.013,running
66.469,1,1434,0.01654,-0.03006,-0.5762,-0.0025,0.04506,0.13137,0.04351,1,1,0.800,0.057,in_circle
66.515,1,1435,0.01289,-0.03075,-0.2011,-0.0377,0.04399,0.14313,0.04217,1,1,0.800,0.106,in_circle
66.556,1,1436,0.01072,-0.03164,-0.1190,-0.0490,0.02447,0.14544,0.04195,1,1,0.733,0.244,in_circle
66.600,1,1437,0.00947,-0.03342,-0.0690,-0.0980,-0.01330,0.15218,0.04304,1,1,0.419,0.290,in_circle
66.643,1,1438,0.00958,-0.03503,0.0061,-0.0882,-0.05025,0.14848,0.04456,1,1,0.222,0.485,in_circle
66.690,1,1439,0.01154,-0.03672,0.1079,-0.0930,-0.08151,0.12694,0.04689,0,1,-0.071,0.449,running
66.733,1,1440,0.01413,-0.03715,0.1426,-0.0237,-0.11137,0.07566,0.04840,0,1,-0.457,0.468,running
66.776,1,1441,0.01754,-0.03591,0.1876,0.0683,-0.10139,0.02266,0.04897,0,1,-0.586,0.213,running
66.821,1,1442,0.02045,-0.03405,0.1600,0.1024,-0.09191,-0.02768,0.04901,0,1,-0.758,-0.125,running
66.864,1,1443,0.02181,-0.03088,0.0749,0.1740,-0.07021,-0.07266,0.04730,0,1,-0.666,-0.255,running
66.910,1,1444,0.02208,-0.02849,0.0144,0.1318,-0.01892,-0.10737,0.04563,0,1,-0.363,-0.539,running
66.953,1,1445,0.02013,-0.02563,-0.1072,0.1572,0.01402,-0.12096,0.04219,1,1,-0.138,-0.402,in_circle
66.996,1,1446,0.01642,-0.02317,-0.2038,0.1353,0.03768,-0.09054,0.03791,1,1,0.347,-0.532,in_circle
67.042,1,1447,0.01078,-0.02127,-0.3102,0.1041,0.04703,-0.02114,0.03300,1,1,0.755,-0.468,in_circle
67.085,1,1448,0.00549,-0.02064,-0.2910,0.0346,0.05817,0.05642,0.02978,1,1,0.800,-0.348,in_circle
67.129,1,1449,-0.00057,-0.02031,-0.3335,0.0184,0.05490,0.10764,0.02728,1,1,0.800,-0.072,in_circle
67.174,1,1450,-0.00569,-0.02183,-0.2818,-0.0837,0.02838,0.12608,0.02791,1,1,0.800,-0.008,in_circle
67.216,1,1451,-0.01031,-0.02330,-0.2536,-0.0806,-0.00965,0.14213,0.02940,1,1,0.800,0.404,in_circle
67.261,1,1452,-0.01343,-0.02483,-0.1720,-0.0843,-0.04501,0.15902,0.03134,1,1,0.800,0.395,in_circle
67.304,1,1453,-0.01456,-0.02672,-0.0620,-0.1040,-0.07240,0.16260,0.03341,1,1,0.702,0.414,in_circle
67.348,1,1454,-0.01372,-0.02776,0.0462,-0.0574,-0.09283,0.15442,0.03428,1,1,0.265,0.498,in_circle
67.393,1,1455,-0.01279,-0.02764,0.0510,0.0069,-0.09401,0.14075,0.03401,1,1,-0.170,0.314,in_circle
67.436,1,1456,-0.00973,-0.02680,0.1684,0.0461,-0.08783,0.10431,0.03285,1,1,-0.191,0.056,in_circle
67.481,1,1457,-0.00604,-0.02504,0.2030,0.0968,-0.06637,0.05613,0.03109,1,1,-0.669,-0.102,in_circle
67.524,1,1458,-0.00323,-0.02270,0.1545,0.1284,-0.02506,0.00627,0.02907,1,1,-0.800,-0.310,in_circle
67.569,1,1459,0.00026,-0.02105,0.1923,0.0912,0.01114,-0.04821,0.02822,1,1,-0.630,-0.442,in_circle
67.613,1,1460,0.00142,-0.01896,0.0637,0.1148,0.04243,-0.09171,0.02661,1,1,-0.789,-0.297,in_circle
67.658,1,1461,0.00115,-0.01850,-0.0150,0.0251,0.07405,-0.10840,0.02609,1,1,-0.278,-0.397,in_circle
67.701,1,1462,-0.00102,-0.01837,-0.1193,0.0072,0.06749,-0.09488,0.02530,1,1,0.038,-0.039,in_circle
67.746,1,1463,-0.00435,-0.01978,-0.1831,-0.0774,0.05279,-0.05947,0.02601,1,1,0.460,0.032,in_circle
67.788,1,1464,-0.00979,-0.02251,-0.2995,-0.1504,0.03232,-0.00592,0.02858,1,1,0.724,0.374,in_circle
67.833,1,1465,-0.01551,-0.02481,-0.3142,-0.1266,-0.01650,0.04432,0.03176,1,1,0.800,0.673,in_circle
67.878,1,1466,-0.02179,-0.02817,-0.3457,-0.1848,-0.05417,0.08754,0.03693,1,1,0.800,0.583,in_circle
67.921,1,1467,-0.02636,-0.03058,-0.2512,-0.1322,-0.07825,0.12472,0.04102,1,1,0.800,0.800,in_circle
67.964,1,1468,-0.03034,-0.03198,-0.2186,-0.0770,-0.09651,0.16168,0.04416,1,1,0.800,0.617,in_circle
68.010,1,1469,-0.03288,-0.03287,-0.1401,-0.0492,-0.12147,0.17208,0.04626,0,1,0.800,0.398,running
68.053,1,1470,-0.03325,-0.03246,-0.0201,0.0225,-0.10311,0.16588,0.04612,0,1,0.596,0.294,running
68.098,1,1471,-0.03183,-0.03114,0.0780,0.0728,-0.07278,0.16565,0.04424,1,1,0.147,0.023,in_circle
68.141,1,1472,-0.02838,-0.02903,0.1900,0.1161,-0.03589,0.15704,0.04062,1,1,-0.234,-0.178,in_circle
68.184,1,1473,-0.02365,-0.02717,0.2598,0.1023,-0.00531,0.12172,0.03676,1,1,-0.703,-0.373,in_circle
68.230,1,1474,-0.01874,-0.02595,0.2702,0.0669,0.02771,0.06104,0.03377,1,1,-0.800,-0.326,in_circle
68.272,1,1475,-0.01377,-0.02512,0.2733,0.0455,0.06560,-0.00100,0.03169,1,1,-0.800,-0.188,in_circle
68.319,1,1476,-0.00862,-0.02461,0.2832,0.0282,0.07054,-0.05469,0.03062,1,1,-0.800,-0.104,in_circle
68.361,1,1477,-0.00555,-0.02583,0.1691,-0.0671,0.04220,-0.08705,0.03191,1,1,-0.800,-0.036,in_circle
68.405,1,1478,-0.00375,-0.02788,0.0987,-0.1127,0.00852,-0.10181,0.03412,1,1,-0.682,0.348,in_circle
68.493,1,1479,-0.00632,-0.03199,-0.1413,-0.2262,-0.05704,-0.06388,0.03802,1,1,-0.405,0.535,in_circle
68.537,1,1480,-0.00993,-0.03296,-0.1982,-0.0533,-0.06333,-0.02627,0.03902,1,1,0.561,0.800,in_circle
68.581,1,1481,-0.01438,-0.03392,-0.2452,-0.0524,-0.07834,0.00431,0.04046,1,1,0.798,0.311,in_circle
68.623,1,1482,-0.01924,-0.03388,-0.2673,0.0021,-0.10941,0.02982,0.04149,1,1,0.800,0.309,in_circle
68.669,1,1483,-0.02426,-0.03289,-0.2760,0.0546,-0.08846,0.07781,0.04223,1,1,0.800,0.094,in_circle
68.712,1,1484,-0.02894,-0.03074,-0.2574,0.1182,-0.07245,0.13137,0.04239,1,1,0.800,-0.112,in_circle
68.757,1,1485,-0.03195,-0.02865,-0.1654,0.1146,-0.04399,0.18169,0.04224,1,1,0.800,-0.365,in_circle
68.801,1,1486,-0.03324,-0.02561,-0.0711,0.1676,-0.00359,0.18042,0.04057,1,1,0.710,-0.358,in_circle
68.844,1,1487,-0.03284,-0.02366,0.0224,0.1072,0.03167,0.18319,0.03881,1,1,0.347,-0.587,in_circle
68.887,1,1488,-0.03054,-0.02227,0.1264,0.0761,0.05967,0.18373,0.03628,1,1,-0.027,-0.355,in_circle
68.932,1,1489,-0.02664,-0.02230,0.2141,-0.0015,0.09090,0.15868,0.03400,1,1,-0.449,-0.234,in_circle
68.977,1,1490,-0.02117,-0.02352,0.3009,-0.0673,0.07117,0.09507,0.03241,1,1,-0.800,0.077,in_circle
69.021,1,1491,-0.01556,-0.02538,0.3084,-0.1021,0.02097,0.02610,0.03233,1,1,-0.800,0.343,in_circle
69.065,1,1492,-0.01053,-0.02803,0.2770,-0.1457,-0.00934,-0.02269,0.03414,1,1,-0.800,0.487,in_circle
69.109,1,1493,-0.00578,-0.03061,0.2609,-0.1422,-0.03328,-0.04920,0.03667,1,1,-0.800,0.668,in_circle
69.154,1,1494,-0.00252,-0.03311,0.1794,-0.1371,-0.07090,-0.07263,0.03946,1,1,-0.800,0.660,in_circle
69.197,1,1495,-0.00122,-0.03491,0.0714,-0.0991,-0.10140,-0.08434,0.04143,1,1,-0.731,0.646,in_circle
69.240,1,1496,-0.00075,-0.03572,0.0261,-0.0449,-0.10213,-0.07910,0.04232,1,1,-0.298,0.496,in_circle
69.286,1,1497,-0.00171,-0.03587,-0.0531,-0.0081,-0.10131,-0.05739,0.04231,1,1,-0.121,0.285,in_circle
69.331,1,1498,-0.00344,-0.03491,-0.0951,0.0528,-0.09323,-0.00492,0.04114,1,1,0.192,0.141,in_circle
69.374,1,1499,-0.00606,-0.03337,-0.1438,0.0850,-0.05613,0.05907,0.03941,1,1,0.365,-0.104,in_circle
70.868,2,0,0.05426,-0.00817,0.0448,0.0694,-0.01314,0.05538,0.06366,0,1,-0.224,0.056,running
70.956,2,1,0.05658,-0.00548,0.1275,0.1477,-0.01490,0.04936,0.06539,0,1,-0.365,-0.160,running
71.001,2,2,0.05723,-0.00375,0.0360,0.0952,-0.01180,0.03804,0.06576,0,1,-0.623,-0.397,running
71.044,2,3,0.05793,-0.00275,0.0383,0.0551,0.00242,0.02738,0.06631,0,1,-0.353,-0.246,running
71.088,2,4,0.05733,-0.00208,-0.0330,0.0367,0.04258,-0.00698,0.06563,0,1,-0.364,-0.129,running
71.133,2,5,0.05608,-0.00271,-0.0685,-0.0344,0.04303,-0.04662,0.06447,0,1,-0.148,-0.079,running
71.176,2,6,0.05404,-0.00354,-0.1125,-0.0454,0.01792,-0.04799,0.06257,0,1,-0.031,0.136,running
71.222,2,7,0.05083,-0.00497,-0.1761,-0.0787,-0.00391,-0.02419,0.05965,0,1,0.124,0.175,running
71.266,2,8,0.04698,-0.00683,-0.2119,-0.1027,-0.04304,0.03087,0.05626,0,1,0.362,0.291,running
71.311,2,9,0.04350,-0.00808,-0.1916,-0.0682,-0.07552,0.09411,0.05319,0,1,0.528,0.387,running
71.353,2,10,0.04004,-0.00905,-0.1904,-0.0537,-0.09591,0.14419,0.05015,0,1,0.503,0.281,running
71.397,2,11,0.03890,-0.00785,-0.0622,0.0663,-0.10564,0.16968,0.04871,0,1,0.540,0.238,running
71.441,2,12,0.03794,-0.00565,-0.0532,0.1210,-0.08562,0.17304,0.04720,0,1,0.090,-0.201,running
71.483,2,13,0.03981,-0.00284,0.1030,0.1542,-0.04215,0.16146,0.04843,0,1,0.067,-0.416,running
71.529,2,14,0.04226,-0.00013,0.1346,0.1490,-0.01033,0.14929,0.05043,0,1,-0.516,-0.539,running
71.574,2,15,0.04596,0.00294,0.2034,0.1690,0.02106,0.11671,0.05384,0,1,-0.633,-0.515,running
71.616,2,16,0.05007,0.00497,0.2261,0.1117,0.05785,0.04642,0.05788,0,1,-0.800,-0.573,running
71.661,2,17,0.05374,0.00596,0.2021,0.0544,0.08099,-0.01716,0.06154,0,1,-0.800,-0.363,running
71.705,2,18,0.05746,0.00547,0.2046,-0.0267,0.08180,-0.06192,0.06526,0,1,-0.800,-0.170,running
71.749,2,19,0.05973,0.00343,0.1249,-0.1124,0.05685,-0.08299,0.06758,0,1,-0.800,0.082,running
71.792,2,20,0.06003,0.00087,0.0164,-0.1408,0.01968,-0.09149,0.06803,0,1,-0.624,0.336,running
71.836,2,21,0.05784,-0.00236,-0.1205,-0.1775,-0.01601,-0.08280,0.06617,0,1,-0.312,0.425,running
71.880,2,22,0.05402,-0.00563,-0.2101,-0.1798,-0.04648,-0.05694,0.06290,0,1,0.106,0.556,running
71.925,2,23,0.04964,-0.00940,-0.2407,-0.2072,-0.08266,-0.00799,0.05947,0,1,0.423,0.597,running
71.971,2,24,0.04523,-0.01182,-0.2427,-0.1332,-0.11290,0.05994,0.05595,0,1,0.576,0.721,running
72.014,2,25,0.04001,-0.01192,-0.2871,-0.0056,-0.11595,0.11917,0.05106,0,1,0.641,0.507,running
72.057,2,26,0.03630,-0.01098,-0.2044,0.0517,-0.11720,0.15532,0.04725,0,1,0.800,0.075,running
72.099,2,27,0.03434,-0.00879,-0.1077,0.1203,-0.10358,0.17173,0.04466,1,1,0.632,-0.143,in_circle
72.145,2,28,0.03324,-0.00641,-0.0602,0.1313,-0.06954,0.17315,0.04288,1,1,0.295,-0.418,in_circle
72.189,2,29,0.03411,-0.00244,0.0475,0.2179,-0.03313,0.17025,0.04275,1,1,0.125,-0.477,in_circle
72.233,2,30,0.03666,0.00109,0.1405,0.1943,0.00259,0.15076,0.04473,1,1,-0.295,-0.800,in_circle
72.277,2,31,0.04059,0.00484,0.2157,0.2061,0.03270,0.10826,0.04840,0,1,-0.657,-0.727,running
72.320,2,32,0.04474,0.00714,0.2287,0.1266,0.06825,0.04174,0.05256,0,1,-0.800,-0.752,running
72.367,2,33,0.04860,0.00849,0.2118,0.0746,0.08994,-0.02409,0.05645,0,1,-0.800,-0.446,running
72.409,2,34,0.05111,0.00843,0.1382,-0.0036,0.08806,-0.06267,0.05896,0,1,-0.800,-0.257,running
72.452,2,35,0.05274,0.00672,0.0896,-0.0939,0.06862,-0.08185,0.06054,0,1,-0.651,0.003,running
72.496,2,36,0.05288,0.00412,0.0077,-0.1429,0.02844,-0.08933,0.06071,0,1,-0.498,0.296,running
72.540,2,37,0.05111,0.00027,-0.0973,-0.2122,-0.01406,-0.07381,0.05919,0,1,-0.239,0.460,running
72.586,2,38,0.04787,-0.00302,-0.1780,-0.1804,-0.03950,-0.02953,0.05640,0,1,0.111,0.706,running
72.631,2,39,0.04428,-0.00669,-0.1976,-0.2023,-0.07401,0.02897,0.05360,0,1,0.410,0.633,running
72.674,2,40,0.04041,-0.00936,-0.2127,-0.1467,-0.10711,0.08817,0.05060,0,1,0.517,0.739,running
72.718,2,41,0.03670,-0.01050,-0.2044,-0.0629,-0.11463,0.13481,0.04746,0,1,0.614,0.571,running
72.760,2,42,0.03450,-0.01065,-0.1210,-0.0081,-0.11785,0.16782,0.04546,1,1,0.629,0.280,in_circle
72.805,2,43,0.03445,-0.00906,-0.0023,0.0877,-0.09899,0.17153,0.04486,1,1,0.340,0.077,in_circle
72.849,2,44,0.03533,-0.00648,0.0483,0.1416,-0.05879,0.16677,0.04490,1,1,-0.107,-0.292,in_circle
72.893,2,45,0.03782,-0.00421,0.1370,0.1253,-0.02017,0.16261,0.04675,0,1,-0.302,-0.505,running
72.981,2,46,0.04605,0.00081,0.4523,0.2760,0.03924,0.07738,0.05410,0,1,-0.640,-0.438,running
73.028,2,47,0.05080,0.00264,0.2615,0.1006,0.04516,0.02744,0.05870,0,1,-0.800,-0.800,running
73.070,2,48,0.05590,0.00260,0.2806,-0.0022,0.04993,0.00444,0.06379,0,1,-0.800,-0.316,running
73.113,2,49,0.05961,0.00183,0.2038,-0.0424,0.08947,-0.00973,0.06754,0,1,-0.800,0.019,running
73.158,2,50,0.06207,-0.00066,0.1354,-0.1368,0.07585,-0.03522,0.07019,0,1,-0.800,0.139,running
73.202,2,51,0.06424,-0.00426,0.1192,-0.1984,0.01745,-0.07111,0.07276,0,1,-0.658,0.409,running
73.246,2,52,0.06426,-0.00850,0.0012,-0.2333,-0.01706,-0.09022,0.07350,0,1,-0.619,0.576,running
73.291,2,53,0.06330,-0.01274,-0.0525,-0.2332,-0.03805,-0.07817,0.07353,0,1,-0.304,0.681,running
73.333,2,54,0.06089,-0.01615,-0.1329,-0.1876,-0.07370,-0.04102,0.07217,0,1,-0.157,0.698,running
73.377,2,55,0.05698,-0.01839,-0.2149,-0.1230,-0.11164,0.01950,0.06922,0,1,0.078,0.600,running
73.422,2,56,0.05367,-0.01985,-0.1819,-0.0801,-0.11121,0.07623,0.06669,0,1,0.352,0.445,running
73.467,2,57,0.05047,-0.01979,-0.1763,0.0034,-0.11372,0.12453,0.06372,0,1,0.298,0.334,running
73.509,2,58,0.04864,-0.01865,-0.1006,0.0623,-0.08760,0.15271,0.06159,0,1,0.323,0.085,running
73.553,2,59,0.04820,-0.01664,-0.0241,0.1107,-0.04536,0.16203,0.06040,0,1,0.114,-0.107,running
73.596,2,60,0.04874,-0.01407,0.0296,0.1413,-0.01048,0.15742,0.06000,0,1,-0.120,-0.273,running
73.641,2,61,0.05094,-0.01077,0.1210,0.1818,0.02024,0.12844,0.06108,0,1,-0.292,-0.382,running
73.684,2,62,0.05372,-0.00871,0.1531,0.1133,0.05391,0.08488,0.06325,0,1,-0.591,-0.514,running
73.729,2,63,0.05673,-0.00711,0.1655,0.0878,0.08323,0.02013,0.06585,0,1,-0.695,-0.294,running
73.772,2,64,0.05903,-0.00673,0.1267,0.0209,0.09270,-0.03788,0.06804,0,1,-0.736,-0.211,running
73.817,2,65,0.06097,-0.00774,0.1064,-0.0556,0.06590,-0.08014,0.07013,0,1,-0.626,-0.011,running
73.860,2,66,0.06102,-0.00970,0.0025,-0.1079,0.02440,-0.10164,0.07058,0,1,-0.573,0.210,running
73.904,2,67,0.05966,-0.01183,-0.0747,-0.1170,-0.01007,-0.09364,0.06977,0,1,-0.284,0.363,running
73.948,2,68,0.05630,-0.01396,-0.1845,-0.1172,-0.03818,-0.05875,0.06714,0,1,-0.059,0.400,running
73.993,2,69,0.05187,-0.01585,-0.2438,-0.1040,-0.07693,-0.00096,0.06354,0,1,0.291,0.419,running
74.038,2,70,0.04714,-0.01596,-0.2600,-0.0060,-0.10232,0.05502,0.05917,0,1,0.526,0.398,running
74.082,2,71,0.04243,-0.01545,-0.2590,0.0280,-0.09982,0.10609,0.05462,0,1,0.651,0.095,running
74.124,2,72,0.03928,-0.01415,-0.1731,0.0715,-0.08414,0.14426,0.05121,0,1,0.722,-0.026,running
74.170,2,73,0.03770,-0.01176,-0.0869,0.1313,-0.05887,0.17075,0.04885,0,1,0.471,-0.192,running
74.216,2,74,0.03624,-0.00826,-0.0803,0.1927,-0.01860,0.18427,0.04629,0,1,0.183,-0.426,running
74.256,2,75,0.03642,-0.00532,0.0097,0.1620,0.02160,0.16913,0.04565,0,1,0.177,-0.682,running
74.302,2,76,0.03856,-0.00284,0.1176,0.1363,0.04352,0.13571,0.04719,0,1,-0.160,-0.580,running
74.347,2,77,0.04174,-0.00117,0.1752,0.0915,0.07695,0.08913,0.05006,0,1,-0.569,-0.481,running
74.390,2,78,0.04532,-0.00119,0.1968,-0.0011,0.08108,0.03434,0.05361,0,1,-0.779,-0.308,running
74.433,2,79,0.04928,-0.00171,0.2178,-0.0286,0.05688,-0.01808,0.05760,0,1,-0.800,0.027,running
74.477,2,80,0.05131,-0.00409,0.1115,-0.1308,0.03374,-0.06472,0.05996,0,1,-0.800,0.120,running
74.520,2,81,0.05200,-0.00634,0.0380,-0.1234,-0.00689,-0.09804,0.06106,0,1,-0.564,0.454,running
74.564,2,82,0.05162,-0.00922,-0.0208,-0.1589,-0.04538,-0.11175,0.06134,0,1,-0.333,0.434,running
74.608,2,83,0.04968,-0.01179,-0.1069,-0.1409,-0.07286,-0.08565,0.06017,0,1,-0.146,0.554,running
74.653,2,84,0.04657,-0.01364,-0.1711,-0.1020,-0.09740,-0.03178,0.05781,0,1,0.140,0.512,running
74.696,2,85,0.04214,-0.01398,-0.2437,-0.0184,-0.10761,0.03238,0.05378,0,1,0.378,0.402,running
74.742,2,86,0.03767,-0.01337,-0.2459,0.0333,-0.10146,0.08345,0.04942,0,1,0.681,0.127,running
74.784,2,87,0.03339,-0.01174,-0.2351,0.0898,-0.07533,0.12184,0.04485,1,1,0.756,-0.063,in_circle
74.829,2,88,0.03077,-0.00933,-0.1443,0.1322,-0.03127,0.15290,0.04150,1,1,0.782,-0.293,in_circle
74.872,2,89,0.02939,-0.00643,-0.0760,0.1595,-0.00296,0.18004,0.03921,1,1,0.469,-0.482,in_circle
74.916,2,90,0.03047,-0.00368,0.0597,0.1516,0.02964,0.18469,0.03948,1,1,0.211,-0.607,in_circle
75.006,2,91,0.03788,-0.00219,0.4073,0.0814,0.10248,0.13258,0.04641,0,1,-0.335,-0.582,running
75.050,2,92,0.04310,-0.00362,0.2873,-0.0782,0.09832,0.09969,0.05180,0,1,-0.800,-0.282,running
75.093,2,93,0.04928,-0.00605,0.3400,-0.1341,0.08957,0.07867,0.05834,0,1,-0.800,0.306,running
75.136,2,94,0.05535,-0.00971,0.3337,-0.2013,0.07408,0.05061,0.06508,0,1,-0.800,0.479,running
75.180,2,95,0.06177,-0.01437,0.3530,-0.2561,0.02865,-0.00337,0.07249,0,1,-0.800,0.662,running
75.226,2,96,0.06729,-0.01924,0.3037,-0.2680,-0.00804,-0.05718,0.07922,0,1,-0.800,0.776,running
75.268,2,97,0.07131,-0.02442,0.2212,-0.2846,-0.03548,-0.10442,0.08476,0,1,-0.800,0.764,running
75.313,2,98,0.07400,-0.02956,0.1478,-0.2826,-0.06607,-0.12993,0.08919,0,1,-0.800,0.773,running
75.357,2,99,0.07459,-0.03439,0.0324,-0.2657,-0.09979,-0.11962,0.09175,0,1,-0.706,0.751,running
75.400,2,100,0.07380,-0.03816,-0.0432,-0.2077,-0.10397,-0.08140,0.09279,0,1,-0.477,0.733,running
75.445,2,101,0.07186,-0.04106,-0.1066,-0.1595,-0.10361,-0.02304,0.09253,0,1,-0.322,0.636,running
75.490,2,102,0.06892,-0.04267,-0.1619,-0.0883,-0.10833,0.04232,0.09085,0,1,-0.185,0.554,running
75.534,2,103,0.06681,-0.04357,-0.1160,-0.0493,-0.09444,0.09687,0.08957,0,1,-0.060,0.420,running
75.577,2,104,0.06559,-0.04342,-0.0671,0.0081,-0.06196,0.13116,0.08848,0,1,-0.137,0.346,running
75.623,2,105,0.06564,-0.04279,0.0027,0.0346,-0.02499,0.14577,0.08817,0,1,-0.223,0.227,running
75.666,2,106,0.06668,-0.04203,0.0572,0.0420,0.00645,0.13019,0.08862,0,1,-0.366,0.168,running
75.709,2,107,0.06851,-0.04177,0.1006,0.0143,0.03609,0.09596,0.09003,0,1,-0.485,0.151,running
75.753,2,108,0.07097,-0.04204,0.1353,-0.0148,0.03536,0.03858,0.09226,0,1,-0.583,0.210,running
75.798,2,109,0.07353,-0.04303,0.1407,-0.0547,0.01702,-0.01243,0.09496,0,1,-0.665,0.270,running
75.840,2,110,0.07564,-0.04449,0.1161,-0.0800,-0.00970,-0.06460,0.09752,0,1,-0.688,0.355,running
75.885,2,111,0.07633,-0.04597,0.0383,-0.0817,-0.04846,-0.10301,0.09889,0,1,-0.649,0.413,running
75.929,2,112,0.07586,-0.04737,-0.0262,-0.0769,-0.08236,-0.12352,0.09923,0,1,-0.497,0.423,running
75.973,2,113,0.07286,-0.04812,-0.1650,-0.0411,-0.09388,-0.10078,0.09713,0,1,-0.366,0.421,running
76.017,2,114,0.06865,-0.04771,-0.2313,0.0222,-0.09996,-0.04684,0.09343,0,1,-0.073,0.353,running
76.061,2,115,0.06366,-0.04679,-0.2747,0.0506,-0.09360,0.02074,0.08884,0,1,0.080,0.224,running
76.107,2,116,0.05867,-0.04496,-0.2743,0.1009,-0.06086,0.07723,0.08375,0,1,0.209,0.157,running
76.149,2,117,0.05442,-0.04261,-0.2336,0.1288,-0.02324,0.11135,0.07896,0,1,0.306,0.012,running
76.194,2,118,0.05135,-0.04047,-0.1691,0.1179,0.01263,0.13475,0.07522,0,1,0.294,-0.098,running
76.238,2,119,0.04972,-0.03930,-0.0896,0.0646,0.03853,0.15550,0.07321,0,1,0.186,-0.108,running
76.280,2,120,0.04941,-0.03891,-0.0171,0.0210,0.06385,0.15590,0.07273,0,1,-0.000,0.016,running
76.326,2,121,0.05011,-0.03973,0.0387,-0.0448,0.04818,0.13344,0.07379,0,1,-0.191,0.129,running
76.371,2,122,0.05163,-0.04136,0.0834,-0.0895,0.01688,0.07722,0.07599,0,1,-0.345,0.310,running
76.415,2,123,0.05353,-0.04386,0.1046,-0.1377,-0.01799,0.01030,0.07904,0,1,-0.469,0.433,running
76.459,2,124,0.05570,-0.04651,0.1193,-0.1458,-0.05121,-0.04576,0.08240,0,1,-0.528,0.558,running
76.501,2,125,0.05666,-0.04878,0.0530,-0.1251,-0.07984,-0.07403,0.08460,0,1,-0.568,0.579,running
76.545,2,126,0.05639,-0.05032,-0.0150,-0.0844,-0.09928,-0.09372,0.08539,0,1,-0.422,0.536,running
76.589,2,127,0.05451,-0.05149,-0.1034,-0.0642,-0.09903,-0.09141,0.08477,0,1,-0.273,0.453,running
76.632,2,128,0.05154,-0.05167,-0.1632,-0.0103,-0.09902,-0.06058,0.08275,0,1,-0.067,0.414,running
76.677,2,129,0.04773,-0.05075,-0.2094,0.0508,-0.08539,-0.00834,0.07940,0,1,0.099,0.291,running
76.721,2,130,0.04312,-0.04977,-0.2539,0.0538,-0.04230,0.06239,0.07552,0,1,0.259,0.130,running
76.766,2,131,0.03955,-0.04814,-0.1961,0.0899,-0.00483,0.12412,0.07192,0,1,0.437,0.100,running
76.808,2,132,0.03712,-0.04727,-0.1336,0.0478,0.01831,0.16079,0.06968,0,1,0.340,-0.023,running
76.854,2,133,0.03622,-0.04641,-0.0497,0.0474,0.03656,0.17339,0.06844,0,1,0.197,0.078,running
76.898,2,134,0.03674,-0.04677,0.0286,-0.0202,0.03473,0.16714,0.06906,0,1,-0.031,0.070,running
76.941,2,135,0.03867,-0.04740,0.1063,-0.0343,0.01224,0.13904,0.07079,0,1,-0.257,0.266,running
77.029,2,136,0.04516,-0.04964,0.3567,-0.1231,-0.05188,0.03276,0.07681,0,1,-0.482,0.311,running
77.074,2,137,0.04918,-0.05047,0.2212,-0.0458,-0.05824,-0.00646,0.08022,0,1,-0.800,0.553,running
77.118,2,138,0.05237,-0.05118,0.1753,-0.0393,-0.07195,-0.01816,0.08301,0,1,-0.786,0.364,running
77.161,2,139,0.05470,-0.05072,0.1281,0.0254,-0.10748,-0.03184,0.08440,0,1,-0.680,0.356,running
77.205,2,140,0.05639,-0.04975,0.0930,0.0536,-0.08277,-0.06157,0.08502,0,1,-0.580,0.211,running
77.250,2,141,0.05643,-0.04788,0.0022,0.1027,-0.07138,-0.07845,0.08384,0,1,-0.509,0.147,running
77.293,2,142,0.05568,-0.04583,-0.0414,0.1129,-0.04948,-0.06087,0.08195,0,1,-0.306,0.022,running
77.337,2,143,0.05391,-0.04362,-0.0971,0.1213,0.00085,-0.01780,0.07919,0,1,-0.196,-0.024,running
77.382,2,144,0.05168,-0.04223,-0.1225,0.0767,0.03417,0.04188,0.07658,0,1,-0.039,-0.074,running
77.425,2,145,0.05028,-0.04126,-0.0771,0.0530,0.05073,0.09978,0.07488,0,1,0.053,0.014,running
77.469,2,146,0.04948,-0.04132,-0.0442,-0.0033,0.04950,0.15213,0.07430,0,1,-0.046,0.063,running
77.512,2,147,0.05030,-0.04235,0.0452,-0.0567,0.01747,0.17537,0.07559,0,1,-0.125,0.208,running
77.557,2,148,0.05219,-0.04370,0.1038,-0.0739,-0.02071,0.15615,0.07790,0,1,-0.365,0.353,running
77.600,2,149,0.05586,-0.04558,0.2019,-0.1036,-0.05388,0.09941,0.08193,0,1,-0.522,0.402,running
77.646,2,150,0.06041,-0.04666,0.2502,-0.0593,-0.08438,0.03626,0.08617,0,1,-0.762,0.478,running
77.689,2,151,0.06506,-0.04755,0.2558,-0.0492,-0.10325,-0.01734,0.09042,0,1,-0.800,0.381,running
77.734,2,152,0.06865,-0.04722,0.1977,0.0182,-0.09812,-0.04696,0.09315,0,1,-0.800,0.366,running
77.778,2,153,0.07126,-0.04612,0.1435,0.0607,-0.07827,-0.07250,0.09469,0,1,-0.778,0.230,running
77.822,2,154,0.07244,-0.04449,0.0649,0.0896,-0.05160,-0.09398,0.09481,0,1,-0.682,0.139,running
77.865,2,155,0.07221,-0.04285,-0.0130,0.0905,-0.01222,-0.08742,0.09374,0,1,-0.531,0.073,running
77.910,2,156,0.07069,-0.04118,-0.0836,0.0916,0.02413,-0.05730,0.09157,0,1,-0.374,0.063,running
77.953,2,157,0.06821,-0.03993,-0.1362,0.0689,0.04079,0.00393,0.08881,0,1,-0.225,0.053,running
77.997,2,158,0.06572,-0.03979,-0.1370,0.0077,0.03662,0.07234,0.08661,0,1,-0.097,0.086,running
78.042,2,159,0.06405,-0.04034,-0.0916,-0.0306,0.01379,0.12378,0.08550,0,1,-0.063,0.205,running
78.086,2,160,0.06331,-0.04115,-0.0408,-0.0444,-0.01759,0.14351,0.08532,0,1,-0.143,0.288,running
78.132,2,161,0.06344,-0.04231,0.0071,-0.0639,-0.05423,0.13993,0.08608,0,1,-0.250,0.322,running
78.172,2,162,0.06495,-0.04324,0.0829,-0.0510,-0.08563,0.11141,0.08785,0,1,-0.357,0.370,running
78.219,2,163,0.06726,-0.04302,0.1273,0.0121,-0.09985,0.06327,0.08965,0,1,-0.529,0.347,running
78.263,2,164,0.07032,-0.04205,0.1681,0.0534,-0.09263,0.01037,0.09171,0,1,-0.630,0.220,running
78.304,2,165,0.07272,-0.03999,0.1322,0.1134,-0.07337,-0.04475,0.09273,0,1,-0.727,0.133,running
78.349,2,166,0.07407,-0.03743,0.0741,0.1409,-0.04420,-0.09041,0.09267,0,1,-0.667,0.003,running
78.393,2,167,0.07395,-0.03465,-0.0066,0.1526,-0.00541,-0.11912,0.09130,0,1,-0.558,-0.065,running
78.438,2,168,0.07185,-0.03237,-0.1155,0.1253,0.03473,-0.11620,0.08841,0,1,-0.395,-0.102,running
78.481,2,169,0.06869,-0.03135,-0.1739,0.0562,0.05116,-0.06970,0.08512,0,1,-0.154,-0.070,running
78.526,2,170,0.06408,-0.03104,-0.2534,0.0170,0.04909,-0.00055,0.08086,0,1,0.018,0.054,running
78.569,2,171,0.05987,-0.03192,-0.2317,-0.0484,0.02718,0.06208,0.07757,0,1,0.273,0.128,running
78.612,2,172,0.05578,-0.03396,-0.2250,-0.1120,-0.00781,0.10221,0.07509,0,1,0.282,0.287,running
78.657,2,173,0.05293,-0.03604,-0.1564,-0.1142,-0.04309,0.12523,0.07386,0,1,0.314,0.461,running
78.701,2,174,0.05088,-0.03795,-0.1131,-0.1051,-0.07777,0.14232,0.07331,0,1,0.159,0.478,running
78.744,2,175,0.05036,-0.03930,-0.0284,-0.0742,-0.10954,0.14282,0.07372,0,1,0.057,0.463,running
78.790,2,176,0.05144,-0.03973,0.0596,-0.0237,-0.11383,0.12513,0.07484,0,1,-0.168,0.386,running
78.833,2,177,0.05379,-0.03931,0.1294,0.0227,-0.09441,0.07140,0.07647,0,1,-0.407,0.256,running
78.876,2,178,0.05589,-0.03773,0.1151,0.0871,-0.07125,0.00458,0.07726,0,1,-0.595,0.138,running
78.921,2,179,0.05789,-0.03585,0.1099,0.1035,-0.03084,-0.04405,0.07788,0,1,-0.567,-0.028,running
78.964,2,180,0.05882,-0.03407,0.0512,0.0977,0.00995,-0.07587,0.07774,0,1,-0.562,-0.073,running
79.054,2,181,0.05716,-0.03354,-0.0912,0.0293,0.05319,-0.07705,0.07605,0,1,-0.420,-0.068,running
79.098,2,182,0.05469,-0.03460,-0.1360,-0.0586,0.04933,-0.05834,0.07452,0,1,-0.046,0.095,running
79.141,2,183,0.05071,-0.03661,-0.2188,-0.1104,0.03904,-0.03345,0.07238,0,1,0.092,0.325,running
79.187,2,184,0.04681,-0.03945,-0.2144,-0.1558,0.01370,0.00870,0.07105,0,1,0.351,0.474,running
79.230,2,185,0.04208,-0.04290,-0.2603,-0.1899,-0.03493,0.06698,0.06985,0,1,0.370,0.614,running
79.272,2,186,0.03827,-0.04617,-0.2094,-0.1799,-0.06419,0.11907,0.06960,0,1,0.531,0.728,running
79.318,2,187,0.03529,-0.04882,-0.1639,-0.1459,-0.09168,0.15409,0.06973,0,1,0.406,0.714,running
79.360,2,188,0.03401,-0.05062,-0.0704,-0.0986,-0.12248,0.17326,0.07038,0,1,0.289,0.629,running
79.406,2,189,0.03408,-0.05111,0.0038,-0.0273,-0.11260,0.16099,0.07082,0,1,0.028,0.502,running
79.448,2,190,0.03572,-0.05039,0.0903,0.0396,-0.11546,0.14306,0.07123,0,1,-0.180,0.306,running
79.493,2,191,0.03853,-0.04857,0.1544,0.1002,-0.08297,0.10429,0.07158,0,1,-0.425,0.120,running
79.536,2,192,0.04179,-0.04624,0.1794,0.1279,-0.03816,0.03988,0.07203,0,1,-0.612,-0.052,running
79.583,2,193,0.04475,-0.04348,0.1628,0.1518,-0.00650,-0.01959,0.07218,0,1,-0.691,-0.134,running
79.627,2,194,0.04698,-0.04123,0.1226,0.1240,0.02584,-0.06252,0.07233,0,1,-0.658,-0.208,running
79.669,2,195,0.04822,-0.03969,0.0680,0.0845,0.05508,-0.08582,0.07229,0,1,-0.557,-0.141,running
79.714,2,196,0.04801,-0.03957,-0.0111,0.0065,0.06415,-0.08432,0.07206,0,1,-0.415,-0.041,running
79.757,2,197,0.04737,-0.04027,-0.0352,-0.0382,0.04375,-0.06361,0.07201,0,1,-0.199,0.169,running
79.802,2,198,0.04529,-0.04190,-0.1145,-0.0900,0.00732,-0.01942,0.07151,0,1,-0.130,0.294,running
79.844,2,199,0.04249,-0.04389,-0.1539,-0.1093,-0.03130,0.03982,0.07084,0,1,0.097,0.442,running
79.890,2,200,0.04003,-0.04587,-0.1356,-0.1087,-0.06397,0.09584,0.07055,0,1,0.222,0.504,running
79.936,2,201,0.03795,-0.04694,-0.1141,-0.0589,-0.09415,0.14325,0.06997,0,1,0.184,0.511,running
79.980,2,202,0.03723,-0.04703,-0.0396,-0.0050,-0.11590,0.16724,0.06957,0,1,0.137,0.377,running
80.023,2,203,0.03786,-0.04573,0.0346,0.0712,-0.10714,0.16377,0.06900,0,1,-0.068,0.225,running
80.066,2,204,0.03997,-0.04355,0.1157,0.1203,-0.07690,0.13803,0.06882,0,1,-0.279,0.002,running
80.110,2,205,0.04295,-0.04093,0.1642,0.1440,-0.04493,0.08481,0.06912,0,1,-0.518,-0.147,running
80.153,2,206,0.04652,-0.03763,0.1965,0.1813,-0.00801,0.02277,0.06968,0,1,-0.666,-0.223,running
80.197,2,207,0.04976,-0.03531,0.1781,0.1279,0.02720,-0.02555,0.07085,0,1,-0.769,-0.336,running
80.240,2,208,0.05262,-0.03343,0.1574,0.1031,0.06330,-0.06814,0.07215,0,1,-0.725,-0.187,running
80.286,2,209,0.05362,-0.03297,0.0550,0.0252,0.08222,-0.09436,0.07274,0,1,-0.675,-0.118,running
80.328,2,210,0.05309,-0.03356,-0.0292,-0.0322,0.05818,-0.10848,0.07261,0,1,-0.402,0.093,running
80.375,2,211,0.05122,-0.03529,-0.1028,-0.0954,0.01524,-0.08551,0.07203,0,1,-0.173,0.250,running
80.419,2,212,0.04774,-0.03743,-0.1918,-0.1178,-0.01511,-0.03094,0.07050,0,1,0.037,0.429,running
80.461,2,213,0.04324,-0.03969,-0.2473,-0.1240,-0.05044,0.03563,0.06850,0,1,0.310,0.502,running
80.505,2,214,0.03889,-0.04135,-0.2391,-0.0912,-0.08300,0.08773,0.06650,0,1,0.507,0.534,running
80.549,2,215,0.03531,-0.04211,-0.1969,-0.0422,-0.11226,0.11858,0.06460,0,1,0.524,0.449,running
80.593,2,216,0.03283,-0.04230,-0.1367,-0.0102,-0.11246,0.13860,0.06311,0,1,0.433,0.307,running
80.636,2,217,0.03164,-0.04100,-0.0654,0.0714,-0.09448,0.16726,0.06136,0,1,0.272,0.208,running
80.682,2,218,0.03190,-0.03912,0.0142,0.1033,-0.06299,0.16667,0.06010,0,1,0.065,-0.057,running
80.725,2,219,0.03377,-0.03725,0.1032,0.1030,-0.02590,0.14508,0.05999,0,1,-0.184,-0.172,running
80.769,2,220,0.03657,-0.03528,0.1539,0.1081,0.01230,0.08534,0.06061,0,1,-0.476,-0.178,running
80.815,2,221,0.03940,-0.03334,0.1554,0.1070,0.03848,0.02113,0.06144,0,1,-0.645,-0.198,running
80.860,2,222,0.04193,-0.03268,0.1396,0.0364,0.05606,-0.02827,0.06300,0,1,-0.657,-0.196,running
80.902,2,223,0.04404,-0.03255,0.1159,0.0072,0.05005,-0.05760,0.06460,0,1,-0.611,0.029,running
80.945,2,224,0.04494,-0.03417,0.0493,-0.0892,0.03398,-0.07853,0.06629,0,1,-0.543,0.122,running
80.990,2,225,0.04384,-0.03589,-0.0605,-0.0948,0.00725,-0.08020,0.06650,0,1,-0.347,0.416,running
81.082,2,226,0.03805,-0.04033,-0.3184,-0.2441,-0.07193,-0.01500,0.06518,0,1,-0.020,0.439,running
81.128,2,227,0.03458,-0.04189,-0.1908,-0.0857,-0.07132,0.03202,0.06395,0,1,0.780,0.800,running
81.169,2,228,0.03050,-0.04248,-0.2243,-0.0325,-0.07978,0.05083,0.06178,0,1,0.424,0.438,running
81.210,2,229,0.02575,-0.04209,-0.2613,0.0216,-0.11558,0.06741,0.05863,0,1,0.564,0.276,running
81.255,2,230,0.02213,-0.04113,-0.1990,0.0524,-0.10425,0.10638,0.05584,0,1,0.735,0.095,running
81.300,2,231,0.01962,-0.03948,-0.1380,0.0911,-0.08030,0.14034,0.05311,0,1,0.571,-0.021,running
81.342,2,232,0.01880,-0.03662,-0.0450,0.1570,-0.02955,0.18325,0.05025,0,1,0.393,-0.173,running
81.388,2,233,0.02004,-0.03383,0.0679,0.1538,-0.00024,0.17918,0.04859,0,1,0.082,-0.435,running
81.435,2,234,0.02264,-0.03137,0.1428,0.1353,0.02733,0.16533,0.04819,0,1,-0.330,-0.446,running
81.479,2,235,0.02632,-0.02966,0.2025,0.0939,0.06927,0.13333,0.04935,0,1,-0.613,-0.388,running
81.521,2,236,0.03070,-0.02849,0.2408,0.0645,0.08466,0.07717,0.05168,0,1,-0.800,-0.235,running
81.563,2,237,0.03503,-0.02811,0.2383,0.0207,0.07009,0.02059,0.05475,0,1,-0.800,-0.121,running
81.606,2,238,0.03957,-0.02964,0.2500,-0.0841,0.04699,-0.02403,0.05928,0,1,-0.800,0.040,running
81.649,2,239,0.04265,-0.03116,0.1695,-0.0840,0.00186,-0.05427,0.06267,0,1,-0.800,0.395,running
81.694,2,240,0.04455,-0.03309,0.1042,-0.1057,-0.03546,-0.08440,0.06533,0,1,-0.708,0.395,running
81.739,2,241,0.04524,-0.03504,0.0382,-0.1072,-0.06284,-0.10574,0.06706,0,1,-0.508,0.463,running
81.785,2,242,0.04411,-0.03627,-0.0622,-0.0678,-0.08732,-0.09529,0.06694,0,1,-0.316,0.471,running
81.826,2,243,0.04134,-0.03699,-0.1525,-0.0399,-0.09992,-0.04473,0.06529,0,1,-0.018,0.361,running
81.871,2,244,0.03813,-0.03666,-0.1765,0.0184,-0.09740,0.02327,0.06268,0,1,0.271,0.281,running
81.914,2,245,0.03396,-0.03560,-0.2292,0.0583,-0.07903,0.08065,0.05895,0,1,0.379,0.098,running
81.956,2,246,0.03063,-0.03412,-0.1833,0.0812,-0.03572,0.11654,0.05556,0,1,0.599,-0.046,running
82.001,2,247,0.02942,-0.03232,-0.0664,0.0991,0.00178,0.14605,0.05342,0,1,0.493,-0.143,running
82.047,2,248,0.02798,-0.03081,-0.0794,0.0831,0.03328,0.17470,0.05133,0,1,0.112,-0.222,running
82.090,2,249,0.02915,-0.02988,0.0645,0.0510,0.05855,0.18379,0.05151,0,1,0.172,-0.182,running
82.133,2,250,0.03089,-0.02952,0.0956,0.0200,0.06413,0.16032,0.05252,0,1,-0.342,-0.070,running
82.178,2,251,0.03431,-0.02967,0.1883,-0.0087,0.04343,0.10456,0.05519,0,1,-0.455,0.041,running
82.222,2,252,0.03810,-0.03081,0.2080,-0.0627,0.01117,0.03620,0.05884,0,1,-0.776,0.146,running
82.265,2,253,0.04186,-0.03188,0.2070,-0.0583,-0.02308,-0.01561,0.06245,0,1,-0.800,0.330,running
82.310,2,254,0.04462,-0.03351,0.1519,-0.0898,-0.05292,-0.04438,0.06564,0,1,-0.800,0.318,running
82.352,2,255,0.04661,-0.03441,0.1092,-0.0496,-0.08250,-0.06906,0.06777,0,1,-0.650,0.416,running
82.397,2,256,0.04698,-0.03517,0.0207,-0.0419,-0.09529,-0.09163,0.06853,0,1,-0.527,0.301,running
82.441,2,257,0.04565,-0.03467,-0.0736,0.0277,-0.09013,-0.08235,0.06716,0,1,-0.274,0.281,running
82.486,2,258,0.04340,-0.03347,-0.1233,0.0657,-0.07387,-0.04369,0.06465,0,1,0.008,0.076,running
82.530,2,259,0.03969,-0.03196,-0.2042,0.0834,-0.03446,0.02821,0.06080,0,1,0.180,-0.051,running
82.573,2,260,0.03647,-0.03086,-0.1771,0.0601,0.00233,0.10194,0.05761,0,1,0.479,-0.130,running
82.618,2,261,0.03467,-0.03014,-0.0989,0.0400,0.03150,0.14233,0.05577,0,1,0.434,-0.073,running
82.662,2,262,0.03282,-0.02956,-0.1018,0.0315,0.05380,0.16038,0.05399,0,1,0.193,-0.016,running
82.705,2,263,0.03318,-0.02967,0.0195,-0.0061,0.04128,0.16432,0.05433,0,1,0.220,0.005,running
82.751,2,264,0.03388,-0.03016,0.0386,-0.0269,0.01196,0.14876,0.05518,0,1,-0.199,0.136,running
82.792,2,265,0.03582,-0.03080,0.1070,-0.0352,-0.01991,0.10240,0.05708,0,1,-0.267,0.209,running
82.837,2,266,0.03873,-0.03127,0.1600,-0.0259,-0.05986,0.04953,0.05962,0,1,-0.501,0.240,running
82.881,2,267,0.04148,-0.03076,0.1512,0.0284,-0.08419,-0.01337,0.06148,0,1,-0.676,0.213,running
82.924,2,268,0.04322,-0.03031,0.0956,0.0247,-0.09095,-0.06347,0.06262,0,1,-0.651,0.042,running
82.969,2,269,0.04395,-0.02868,0.0400,0.0895,-0.07415,-0.09855,0.06230,0,1,-0.481,0.055,running
83.014,2,270,0.04296,-0.02673,-0.0542,0.1074,-0.04126,-0.11315,0.06040,0,1,-0.311,-0.153,running
83.101,2,271,0.03679,-0.02317,-0.3395,0.1958,0.02574,-0.02252,0.05328,0,1,-0.006,-0.227,running
83.145,2,272,0.03222,-0.02257,-0.2515,0.0327,0.02627,0.02958,0.04917,0,1,0.800,-0.587,running
83.189,2,273,0.02738,-0.02196,-0.2661,0.0338,0.04253,0.04140,0.04493,1,1,0.796,-0.034,in_circle
83.234,2,274,0.02239,-0.02291,-0.2744,-0.0521,0.09484,0.05965,0.04180,1,1,0.800,-0.052,in_circle
83.279,2,275,0.01768,-0.02412,-0.2589,-0.0670,0.06244,0.09726,0.03945,1,1,0.800,0.279,in_circle
83.324,2,276,0.01394,-0.02566,-0.2057,-0.0843,0.00715,0.15570,0.03840,1,1,0.800,0.343,in_circle
83.367,2,277,0.01140,-0.02885,-0.1399,-0.1756,-0.01394,0.18672,0.03979,1,1,0.768,0.416,in_circle
83.410,2,278,0.01027,-0.03127,-0.0618,-0.1332,-0.03205,0.17619,0.04142,1,1,0.512,0.790,in_circle
83.454,2,279,0.01125,-0.03357,0.0538,-0.1262,-0.08123,0.17497,0.04391,1,1,0.197,0.621,in_circle
83.500,2,280,0.01401,-0.03546,0.1517,-0.1044,-0.11568,0.16336,0.04685,0,1,-0.258,0.592,running
83.543,2,281,0.01858,-0.03595,0.2513,-0.0266,-0.10647,0.13251,0.04955,0,1,-0.627,0.507,running
83.587,2,282,0.02359,-0.03551,0.2757,0.0242,-0.09463,0.07222,0.05204,0,1,-0.800,0.221,running
83.631,2,283,0.02858,-0.03327,0.2746,0.1229,-0.07815,0.00780,0.05353,0,1,-0.800,0.044,running
83.674,2,284,0.03346,-0.03066,0.2680,0.1437,-0.03095,-0.03963,0.05519,0,1,-0.800,-0.300,running
83.717,2,285,0.03668,-0.02805,0.1775,0.1437,0.00581,-0.05894,0.05602,0,1,-0.800,-0.368,running
83.762,2,286,0.03894,-0.02568,0.1243,0.1301,0.03540,-0.08114,0.05647,0,1,-0.743,-0.370,running
83.805,2,287,0.03887,-0.02401,-0.0041,0.0920,0.06917,-0.08294,0.05548,0,1,-0.571,-0.329,running
83.848,2,288,0.03733,-0.02353,-0.0845,0.0262,0.07864,-0.06889,0.05394,0,1,-0.139,-0.213,running
83.894,2,289,0.03460,-0.02412,-0.1501,-0.0321,0.05441,-0.03118,0.05201,0,1,0.147,0.004,running
83.938,2,290,0.03140,-0.02538,-0.1758,-0.0696,0.02402,0.03165,0.05022,0,1,0.397,0.207,running
83.983,2,291,0.02806,-0.02712,-0.1838,-0.0957,-0.01738,0.09292,0.04882,0,1,0.513,0.344,running
84.024,2,292,0.02438,-0.02877,-0.2024,-0.0907,-0.04759,0.13793,0.04738,0,1,0.565,0.446,running
84.071,2,293,0.02287,-0.02984,-0.0829,-0.0586,-0.07453,0.15726,0.04717,0,1,0.658,0.436,running
84.113,2,294,0.02257,-0.03023,-0.0168,-0.0217,-0.10487,0.16833,0.04728,0,1,0.220,0.320,running
84.159,2,295,0.02362,-0.02937,0.0578,0.0473,-0.10867,0.16603,0.04731,0,1,-0.025,0.184,running
84.200,2,296,0.02633,-0.02798,0.1493,0.0769,-0.07950,0.15493,0.04816,0,1,-0.304,-0.074,running
84.245,2,297,0.03045,-0.02576,0.2266,0.1216,-0.04115,0.11875,0.04972,0,1,-0.648,-0.184,running
84.291,2,298,0.03520,-0.02280,0.2613,0.1629,-0.00853,0.05809,0.05176,0,1,-0.800,-0.344,running
84.333,2,299,0.04004,-0.01991,0.2661,0.1592,0.02443,-0.00648,0.05441,0,1,-0.800,-0.486,running
84.379,2,300,0.04363,-0.01777,0.1974,0.1175,0.06183,-0.04884,0.05666,0,1,-0.800,-0.462,running
84.421,2,301,0.04611,-0.01651,0.1363,0.0693,0.09165,-0.07318,0.05842,0,1,-0.800,-0.312,running
84.465,2,302,0.04652,-0.01606,0.0228,0.0248,0.08903,-0.08717,0.05863,0,1,-0.629,-0.149,running
84.509,2,303,0.04611,-0.01650,-0.0227,-0.0239,0.05364,-0.08726,0.05842,0,1,-0.261,-0.005,running
84.554,2,304,0.04362,-0.01778,-0.1371,-0.0705,0.01774,-0.06298,0.05665,0,1,-0.110,0.155,running
84.597,2,305,0.03970,-0.01928,-0.2158,-0.0828,-0.01776,-0.01227,0.05381,0,1,0.286,0.314,running
84.641,2,306,0.03552,-0.02077,-0.2295,-0.0816,-0.05063,0.05418,0.05093,0,1,0.592,0.366,running
84.685,2,307,0.03130,-0.02174,-0.2325,-0.0537,-0.08236,0.11597,0.04794,0,1,0.686,0.372,running
84.730,2,308,0.02804,-0.02186,-0.1789,-0.0064,-0.10382,0.14617,0.04540,1,1,0.743,0.278,in_circle
84.774,2,309,0.02607,-0.02077,-0.1083,0.0597,-0.09518,0.16779,0.04318,1,1,0.578,0.101,in_circle
84.819,2,310,0.02587,-0.01914,-0.0114,0.0899,-0.06671,0.17223,0.04202,1,1,0.329,-0.160,in_circle
84.862,2,311,0.02708,-0.01701,0.0668,0.1172,-0.03512,0.16727,0.04179,1,1,-0.043,-0.287,in_circle
84.905,2,312,0.03013,-0.01487,0.1677,0.1178,0.00784,0.14111,0.04329,1,1,-0.353,-0.401,in_circle
84.950,2,313,0.03337,-0.01233,0.1783,0.1394,0.03882,0.09445,0.04507,1,1,-0.750,-0.400,in_circle
84.994,2,314,0.03768,-0.01091,0.2369,0.0781,0.06772,0.02633,0.04852,0,1,-0.790,-0.479,running
85.036,2,315,0.04159,-0.01042,0.2151,0.0272,0.07943,-0.03018,0.05205,0,1,-0.800,-0.236,running
85.125,2,316,0.04583,-0.01336,0.2332,-0.1620,0.05024,-0.08867,0.05702,0,1,-0.800,-0.045,running
85.170,2,317,0.04540,-0.01655,-0.0238,-0.1754,0.04092,-0.09567,0.05778,0,1,-0.800,0.603,running
85.215,2,318,0.04324,-0.01981,-0.1186,-0.1792,0.02310,-0.08717,0.05720,0,1,-0.102,0.653,running
85.258,2,319,0.03930,-0.02335,-0.2169,-0.1945,-0.02721,-0.07497,0.05549,0,1,0.221,0.680,running
85.302,2,320,0.03360,-0.02673,-0.3131,-0.1861,-0.07088,-0.04104,0.05278,0,1,0.579,0.753,running
85.346,2,321,0.02741,-0.02942,-0.3406,-0.1480,-0.08809,0.01600,0.04995,0,1,0.800,0.752,running
85.389,2,322,0.02022,-0.03086,-0.3958,-0.0792,-0.11677,0.07629,0.04630,0,1,0.800,0.639,running
85.434,2,323,0.01377,-0.03120,-0.3545,-0.0187,-0.11154,0.13168,0.04300,1,1,0.800,0.401,in_circle
85.477,2,324,0.00878,-0.03057,-0.2747,0.0350,-0.11102,0.16757,0.04015,1,1,0.800,0.171,in_circle
85.521,2,325,0.00535,-0.02849,-0.1882,0.1143,-0.07906,0.17549,0.03691,1,1,0.800,-0.048,in_circle
85.567,2,326,0.00370,-0.02620,-0.0906,0.1258,-0.03342,0.17152,0.03419,1,1,0.720,-0.371,in_circle
85.610,2,327,0.00343,-0.02296,-0.0149,0.1785,-0.00534,0.17110,0.03106,1,1,0.334,-0.423,in_circle
85.653,2,328,0.00498,-0.02081,0.0851,0.1182,0.02355,0.15946,0.02970,1,1,0.032,-0.641,in_circle
85.698,2,329,0.00733,-0.01925,0.1291,0.0858,0.06153,0.11625,0.02943,1,1,-0.372,-0.406,in_circle
85.742,2,330,0.01093,-0.01868,0.1982,0.0310,0.09089,0.05127,0.03099,1,1,-0.554,-0.280,in_circle
85.785,2,331,0.01376,-0.01963,0.1555,-0.0518,0.07313,-0.00412,0.03349,1,1,-0.800,-0.062,in_circle
85.829,2,332,0.01687,-0.02181,0.1711,-0.1203,0.03412,-0.04318,0.03718,1,1,-0.676,0.271,in_circle
85.876,2,333,0.01850,-0.02474,0.0898,-0.1611,-0.00086,-0.07712,0.04046,1,1,-0.746,0.551,in_circle
85.920,2,334,0.01843,-0.02775,-0.0037,-0.1652,-0.02943,-0.10113,0.04274,1,1,-0.424,0.719,in_circle
85.961,2,335,0.01613,-0.03061,-0.1266,-0.1576,-0.06618,-0.09318,0.04374,1,1,-0.055,0.732,in_circle
86.004,2,336,0.01301,-0.03320,-0.1715,-0.1424,-0.09502,-0.06566,0.04438,1,1,0.423,0.705,in_circle
86.051,2,337,0.00863,-0.03513,-0.2410,-0.1060,-0.10271,-0.01607,0.04429,1,1,0.599,0.651,in_circle
86.094,2,338,0.00335,-0.03546,-0.2906,-0.0185,-0.11153,0.04828,0.04294,1,1,0.800,0.518,in_circle
86.136,2,339,-0.00171,-0.03454,-0.2784,0.0510,-0.10848,0.10772,0.04099,1,1,0.800,0.182,in_circle
86.182,2,340,-0.00618,-0.03208,-0.2455,0.1352,-0.08285,0.14529,0.03811,1,1,0.800,-0.099,in_circle
86.225,2,341,-0.00852,-0.02993,-0.1290,0.1179,-0.03558,0.17244,0.03594,1,1,0.800,-0.446,in_circle
86.269,2,342,-0.00954,-0.02716,-0.0558,0.1529,-0.00119,0.18508,0.03320,1,1,0.518,-0.382,in_circle
86.315,2,343,-0.00906,-0.02425,0.0262,0.1598,0.02250,0.17745,0.03028,1,1,0.228,-0.529,in_circle
86.358,2,344,-0.00640,-0.02248,0.1464,0.0971,0.05316,0.16608,0.02852,1,1,-0.101,-0.564,in_circle
86.401,2,345,-0.00269,-0.02252,0.2042,-0.0022,0.08115,0.12212,0.02898,1,1,-0.589,-0.317,in_circle
86.444,2,346,0.00147,-0.02313,0.2287,-0.0332,0.09022,0.06041,0.03057,1,1,-0.800,0.080,in_circle
86.488,2,347,0.00560,-0.02458,0.2272,-0.0798,0.05593,0.00279,0.03339,1,1,-0.800,0.206,in_circle
86.534,2,348,0.01023,-0.02747,0.2547,-0.1590,0.01887,-0.03755,0.03802,1,1,-0.800,0.396,in_circle
86.577,2,349,0.01302,-0.03086,0.1532,-0.1867,-0.01269,-0.06859,0.04234,1,1,-0.800,0.720,in_circle
86.623,2,350,0.01368,-0.03396,0.0365,-0.1706,-0.04496,-0.09693,0.04537,1,1,-0.653,0.800,in_circle
86.665,2,351,0.01335,-0.03620,-0.0182,-0.1229,-0.07543,-0.09961,0.04720,0,1,-0.198,0.756,running
86.711,2,352,0.01207,-0.03812,-0.0706,-0.1056,-0.10027,-0.07526,0.04839,0,1,0.007,0.577,running
86.754,2,353,0.00943,-0.03983,-0.1452,-0.0938,-0.10387,-0.01810,0.04896,0,1,0.201,0.516,running
86.796,2,354,0.00453,-0.03951,-0.2695,0.0173,-0.10120,0.05351,0.04715,0,1,0.478,0.477,running
86.841,2,355,-0.00004,-0.03975,-0.2511,-0.0132,-0.07677,0.10820,0.04640,0,1,0.800,0.066,running
86.884,2,356,-0.00270,-0.03775,-0.1464,0.1101,-0.04277,0.13554,0.04405,1,1,0.800,0.179,in_circle
86.929,2,357,-0.00411,-0.03649,-0.0773,0.0692,-0.00694,0.16378,0.04265,1,1,0.548,-0.304,in_circle
86.974,2,358,-0.00420,-0.03457,-0.0052,0.1056,0.00641,0.18435,0.04073,1,1,0.291,-0.158,in_circle
87.017,2,359,-0.00224,-0.03361,0.1080,0.0527,0.03034,0.17679,0.04000,1,1,0.011,-0.316,in_circle
87.061,2,360,0.00048,-0.03239,0.1494,0.0672,0.03461,0.14151,0.03927,1,1,-0.446,-0.112,in_circle
87.149,2,361,0.00852,-0.03344,0.4425,-0.0575,0.02045,0.01228,0.04268,1,1,-0.618,-0.173,in_circle
87.192,2,362,0.01243,-0.03448,0.2146,-0.0575,0.00741,-0.01449,0.04525,1,1,-0.800,0.328,in_circle
87.239,2,363,0.01570,-0.03622,0.1799,-0.0955,0.00694,-0.00666,0.04832,0,1,-0.800,0.330,running
87.284,2,364,0.01800,-0.03731,0.1265,-0.0602,-0.02687,-0.01990,0.05041,0,1,-0.728,0.473,running
87.326,2,365,0.01999,-0.03899,0.1093,-0.0920,-0.06873,-0.05638,0.05288,0,1,-0.531,0.347,running
87.370,2,366,0.01965,-0.03951,-0.0187,-0.0287,-0.09253,-0.07185,0.05314,0,1,-0.468,0.462,running
87.416,2,367,0.01815,-0.03903,-0.0824,0.0265,-0.08888,-0.05309,0.05197,0,1,-0.022,0.243,running
87.457,2,368,0.01590,-0.03777,-0.1234,0.0689,-0.08526,-0.00704,0.04978,0,1,0.210,0.046,running
87.501,2,369,0.01305,-0.03639,-0.1571,0.0761,-0.06857,0.05198,0.04724,0,1,0.374,-0.118,running
87.547,2,370,0.01045,-0.03434,-0.1429,0.1126,-0.02531,0.10547,0.04428,1,1,0.523,-0.161,in_circle
87.589,2,371,0.00908,-0.03178,-0.0755,0.1408,0.01262,0.14388,0.04138,1,1,0.498,-0.322,in_circle
87.634,2,372,0.00834,-0.02990,-0.0404,0.1036,0.04131,0.17443,0.03936,1,1,0.254,-0.458,in_circle
87.681,2,373,0.01011,-0.02909,0.0970,0.0445,0.07415,0.18447,0.03939,1,1,0.121,-0.325,in_circle
87.724,2,374,0.01298,-0.02924,0.1581,-0.0081,0.09410,0.16675,0.04091,1,1,-0.433,-0.090,in_circle
87.767,2,375,0.01640,-0.03058,0.1880,-0.0737,0.06857,0.12120,0.04386,1,1,-0.680,0.122,in_circle
87.810,2,376,0.02194,-0.03266,0.3050,-0.1145,0.03254,0.06499,0.04878,0,1,-0.788,0.382,running
87.853,2,377,0.02673,-0.03530,0.2632,-0.1452,-0.00181,0.00568,0.05383,0,1,-0.800,0.532,running
87.897,2,378,0.03117,-0.03807,0.2444,-0.1522,-0.03611,-0.04545,0.05883,0,1,-0.800,0.632,running
87.942,2,379,0.03439,-0.04074,0.1772,-0.1468,-0.07240,-0.08011,0.06297,0,1,-0.800,0.646,running
87.986,2,380,0.03711,-0.04306,0.1494,-0.1280,-0.10114,-0.10455,0.06651,0,1,-0.700,0.623,running
88.029,2,381,0.03692,-0.04342,-0.0103,-0.0196,-0.09628,-0.10398,0.06665,0,1,-0.611,0.564,running
88.074,2,382,0.03603,-0.04339,-0.0489,0.0017,-0.09970,-0.07865,0.06603,0,1,-0.141,0.247,running
88.119,2,383,0.03302,-0.04221,-0.1660,0.0647,-0.09409,-0.02184,0.06317,0,1,-0.022,0.183,running
88.161,2,384,0.02961,-0.04068,-0.1872,0.0840,-0.05890,0.04976,0.05983,0,1,0.361,-0.022,running
88.205,2,385,0.02649,-0.03896,-0.1720,0.0946,-0.01812,0.11052,0.05654,0,1,0.470,-0.106,running
88.250,2,386,0.02451,-0.03716,-0.1088,0.0990,0.01137,0.14573,0.05392,0,1,0.460,-0.166,running
88.293,2,387,0.02388,-0.03636,-0.0343,0.0440,0.04357,0.15917,0.05290,0,1,0.272,-0.203,running
88.338,2,388,0.02368,-0.03577,-0.0111,0.0327,0.06283,0.16373,0.05231,0,1,0.020,-0.020,running
88.382,2,389,0.02554,-0.03628,0.1020,-0.0279,0.05277,0.14140,0.05384,0,1,-0.059,0.016,running
88.425,2,390,0.02673,-0.03694,0.0657,-0.0366,0.02819,0.09995,0.05510,0,1,-0.458,0.231,running
88.469,2,391,0.02921,-0.03857,0.1366,-0.0893,-0.01224,0.04869,0.05793,0,1,-0.335,0.264,running
88.514,2,392,0.03196,-0.04002,0.1512,-0.0798,-0.04519,-0.01733,0.06082,0,1,-0.574,0.444,running
88.558,2,393,0.03360,-0.04102,0.0898,-0.0552,-0.07439,-0.06301,0.06265,0,1,-0.620,0.416,running
88.602,2,394,0.03421,-0.04152,0.0336,-0.0275,-0.09899,-0.08646,0.06343,0,1,-0.428,0.341,running
88.645,2,395,0.03299,-0.04133,-0.0672,0.0105,-0.09395,-0.09672,0.06248,0,1,-0.257,0.259,running
88.690,2,396,0.02986,-0.04017,-0.1722,0.0634,-0.08486,-0.07541,0.05958,0,1,0.061,0.139,running
88.735,2,397,0.02542,-0.03832,-0.2441,0.1021,-0.05410,-0.02232,0.05538,0,1,0.423,-0.043,running
88.779,2,398,0.02082,-0.03621,-0.2531,0.1160,-0.00902,0.04281,0.05099,0,1,0.718,-0.201,running
88.821,2,399,0.01574,-0.03486,-0.2794,0.0741,0.01925,0.09330,0.04716,0,1,0.800,-0.284,running
88.867,2,400,0.01187,-0.03362,-0.2128,0.0681,0.04731,0.13039,0.04424,1,1,0.800,-0.158,in_circle
88.909,2,401,0.00861,-0.03286,-0.1791,0.0420,0.07085,0.15944,0.04218,1,1,0.762,-0.153,in_circle
88.954,2,402,0.00741,-0.03311,-0.0660,-0.0138,0.04805,0.18636,0.04196,1,1,0.658,-0.063,in_circle
88.997,2,403,0.00741,-0.03435,-0.0000,-0.0684,0.01584,0.18170,0.04313,1,1,0.219,0.156,in_circle
89.041,2,404,0.00899,-0.03557,0.0868,-0.0666,-0.01470,0.16397,0.04483,1,1,-0.040,0.372,in_circle
89.086,2,405,0.01250,-0.03672,0.1933,-0.0636,-0.04839,0.12752,0.04730,0,1,-0.376,0.367,running
89.173,2,406,0.02068,-0.03866,0.4499,-0.1068,-0.09804,0.02637,0.05297,0,1,-0.775,0.358,running
89.216,2,407,0.02440,-0.03822,0.2046,0.0245,-0.09309,-0.00882,0.05470,0,1,-0.800,0.512,running
89.262,2,408,0.02836,-0.03632,0.2177,0.1041,-0.09287,-0.02042,0.05567,0,1,-0.800,0.059,running
89.306,2,409,0.03082,-0.03382,0.1351,0.1378,-0.08556,-0.03155,0.05547,0,1,-0.800,-0.212,running
89.349,2,410,0.03197,-0.03123,0.0636,0.1422,-0.05482,-0.04856,0.05448,0,1,-0.583,-0.336,running
89.394,2,411,0.03150,-0.02781,-0.0261,0.1885,-0.01403,-0.05425,0.05184,0,1,-0.346,-0.366,running
89.438,2,412,0.03008,-0.02435,-0.0782,0.1901,0.02267,-0.04439,0.04854,0,1,-0.030,-0.560,running
89.482,2,413,0.02703,-0.02201,-0.1677,0.1285,0.04978,-0.00543,0.04470,1,1,0.175,-0.607,in_circle
89.528,2,414,0.02400,-0.02024,-0.1665,0.0976,0.08359,0.05468,0.04123,1,1,0.544,-0.413,in_circle
89.573,2,415,0.02127,-0.01918,-0.1505,0.0585,0.09378,0.11669,0.03845,1,1,0.576,-0.319,in_circle
89.614,2,416,0.01973,-0.01978,-0.0847,-0.0334,0.06237,0.17094,0.03771,1,1,0.529,-0.171,in_circle
89.657,2,417,0.01998,-0.02283,0.0141,-0.1675,0.02473,0.18637,0.04004,1,1,0.270,0.198,in_circle
89.702,2,418,0.02094,-0.02523,0.0529,-0.1320,-0.00965,0.17116,0.04244,1,1,-0.126,0.742,in_circle
89.746,2,419,0.02428,-0.02810,0.1835,-0.1580,-0.04422,0.14672,0.04682,0,1,-0.282,0.597,running
89.790,2,420,0.02815,-0.03007,0.2131,-0.1084,-0.07761,0.10508,0.05093,0,1,-0.775,0.686,running
89.833,2,421,0.03360,-0.03086,0.2993,-0.0435,-0.09512,0.04994,0.05543,0,1,-0.800,0.496,running
89.877,2,422,0.03855,-0.03097,0.2726,-0.0060,-0.10707,0.00075,0.05929,0,1,-0.800,0.268,running
89.920,2,423,0.04243,-0.03020,0.2132,0.0424,-0.08148,-0.04537,0.06191,0,1,-0.800,0.147,running
89.964,2,424,0.04528,-0.02861,0.1566,0.0877,-0.05303,-0.08353,0.06336,0,1,-0.800,-0.002,running
90.009,2,425,0.04630,-0.02707,0.0565,0.0845,-0.01732,-0.10591,0.06341,0,1,-0.675,-0.142,running
90.054,2,426,0.04568,-0.02621,-0.0342,0.0474,0.01813,-0.09911,0.06243,0,1,-0.372,-0.137,running
90.096,2,427,0.04425,-0.02561,-0.0789,0.0331,0.04796,-0.06125,0.06089,0,1,-0.088,-0.030,running
90.142,2,428,0.04033,-0.02561,-0.2153,0.0001,0.04927,0.00114,0.05758,0,1,0.065,0.007,running
90.185,2,429,0.03619,-0.02593,-0.2277,-0.0177,0.02396,0.06128,0.05436,0,1,0.547,0.106,running
90.231,2,430,0.03241,-0.02699,-0.2078,-0.0586,-0.01124,0.10270,0.05201,0,1,0.639,0.163,running
90.274,2,431,0.02902,-0.02811,-0.1863,-0.0615,-0.04521,0.13400,0.05019,0,1,0.607,0.308,running
90.320,2,432,0.02714,-0.02869,-0.1037,-0.0319,-0.07461,0.15907,0.04924,0,1,0.559,0.324,running
90.362,2,433,0.02671,-0.02913,-0.0236,-0.0241,-0.10146,0.17192,0.04924,0,1,0.273,0.219,running
90.406,2,434,0.02775,-0.02741,0.0575,0.0945,-0.10308,0.16110,0.04879,0,1,-0.017,0.192,running
90.449,2,435,0.02960,-0.02493,0.1014,0.1365,-0.07175,0.13707,0.04853,0,1,-0.314,-0.247,running
90.493,2,436,0.03259,-0.02123,0.1647,0.2036,-0.03451,0.08912,0.04871,0,1,-0.481,-0.409,running
90.538,2,437,0.03678,-0.01769,0.2304,0.1948,-0.00221,0.02626,0.05048,0,1,-0.720,-0.663,running
90.581,2,438,0.03992,-0.01421,0.1727,0.1910,0.03145,-0.02488,0.05183,0,1,-0.800,-0.626,running
90.626,2,439,0.04186,-0.01112,0.1064,0.1702,0.06966,-0.06454,0.05253,0,1,-0.757,-0.611,running
90.670,2,440,0.04232,-0.00950,0.0253,0.0891,0.08996,-0.09733,0.05246,0,1,-0.528,-0.542,running
90.713,2,441,0.04118,-0.00906,-0.0628,0.0239,0.08533,-0.10755,0.05124,0,1,-0.245,-0.264,running
90.757,2,442,0.03835,-0.01074,-0.1555,-0.0923,0.06301,-0.08246,0.04909,0,1,0.073,-0.039,running
90.801,2,443,0.03396,-0.01249,-0.2416,-0.0965,0.02748,-0.01964,0.04567,0,1,0.429,0.385,running
90.844,2,444,0.02928,-0.01504,-0.2572,-0.1398,-0.01630,0.05079,0.04263,1,1,0.795,0.415,in_circle
90.890,2,445,0.02448,-0.01769,-0.2640,-0.1461,-0.04942,0.10184,0.04004,1,1,0.800,0.600,in_circle
90.935,2,446,0.02057,-0.01935,-0.2150,-0.0909,-0.07534,0.12487,0.03804,1,1,0.800,0.643,in_circle
90.977,2,447,0.01767,-0.02132,-0.1594,-0.1084,-0.11253,0.14429,0.03735,1,1,0.789,0.427,in_circle
91.022,2,448,0.01641,-0.02057,-0.0693,0.0412,-0.11220,0.16262,0.03595,1,1,0.574,0.502,in_circle
91.066,2,449,0.01659,-0.01959,0.0097,0.0537,-0.08936,0.16700,0.03535,1,1,0.217,-0.098,in_circle
91.112,2,450,0.01853,-0.01783,0.1067,0.0967,-0.06368,0.15662,0.03552,1,1,-0.100,-0.151,in_circle
91.198,2,451,0.02464,-0.01423,0.3360,0.1983,-0.00274,0.05604,0.03823,1,1,-0.493,-0.327,in_circle
91.243,2,452,0.02833,-0.01176,0.2031,0.1357,0.00658,0.01567,0.04026,1,1,-0.800,-0.743,in_circle
91.286,2,453,0.03210,-0.01051,0.2073,0.0688,0.01900,0.00970,0.04318,1,1,-0.800,-0.497,in_circle
91.330,2,454,0.03531,-0.01017,0.1766,0.0189,0.07141,-0.00233,0.04604,0,1,-0.800,-0.223,running
91.375,2,455,0.03826,-0.01075,0.1621,-0.0323,0.06609,-0.04663,0.04901,0,1,-0.784,-0.026,running
91.422,2,456,0.03962,-0.01138,0.0751,-0.0345,0.01547,-0.08017,0.05051,0,1,-0.726,0.167,running
91.461,2,457,0.03912,-0.01287,-0.0278,-0.0822,-0.01433,-0.09080,0.05057,0,1,-0.412,0.176,running
91.506,2,458,0.03748,-0.01456,-0.0900,-0.0927,-0.03932,-0.07804,0.04973,0,1,-0.043,0.351,running
91.549,2,459,0.03360,-0.01620,-0.2134,-0.0900,-0.07136,-0.03947,0.04698,0,1,0.190,0.396,running
91.594,2,460,0.02955,-0.01651,-0.2230,-0.0171,-0.10237,0.01334,0.04361,1,1,0.676,0.398,in_circle
91.639,2,461,0.02502,-0.01586,-0.2489,0.0358,-0.10179,0.06849,0.03943,1,1,0.760,0.126,in_circle
91.683,2,462,0.02080,-0.01422,-0.2320,0.0898,-0.09430,0.12012,0.03503,1,1,0.800,-0.089,in_circle
91.727,2,463,0.01821,-0.01201,-0.1426,0.1219,-0.07312,0.15684,0.03164,1,1,0.800,-0.309,in_circle
91.772,2,464,0.01700,-0.00876,-0.0667,0.1788,-0.03121,0.18381,0.02886,1,1,0.505,-0.443,in_circle
91.823,2,465,0.01700,-0.00876,0.0000,0.0000,0.00534,0.18181,0.02886,0,0,0.205,-0.678,in_circle
91.904,2,466,0.02320,-0.00062,0.3413,0.4476,0.06591,0.14383,0.03170,1,1,-0.062,0.037,in_circle
91.945,2,467,0.02857,0.00046,0.2954,0.0596,0.05334,0.09796,0.03679,1,1,-0.800,-0.800,in_circle
91.989,2,468,0.03500,-0.00030,0.3534,-0.0419,0.02391,0.05153,0.04326,1,1,-0.800,-0.224,in_circle
92.034,2,469,0.04082,-0.00064,0.3203,-0.0188,0.06446,0.03582,0.04907,0,1,-0.800,0.179,running
92.078,2,470,0.04563,-0.00358,0.2645,-0.1616,0.04754,0.01057,0.05428,0,1,-0.800,0.088,running
92.121,2,471,0.05061,-0.00561,0.2738,-0.1118,-0.01384,-0.03848,0.05955,0,1,-0.800,0.585,running
92.165,2,472,0.05393,-0.00803,0.1827,-0.1329,-0.03932,-0.08419,0.06330,0,1,-0.800,0.400,running
92.211,2,473,0.05608,-0.01005,0.1182,-0.1113,-0.05167,-0.11721,0.06587,0,1,-0.787,0.459,running
92.254,2,474,0.05613,-0.01165,0.0027,-0.0881,-0.07010,-0.11371,0.06632,0,1,-0.593,0.391,running
92.299,2,475,0.05456,-0.01211,-0.0861,-0.0255,-0.07209,-0.08180,0.06494,0,1,-0.252,0.327,running
92.343,2,476,0.05150,-0.01178,-0.1686,0.0185,-0.06806,-0.03451,0.06191,0,1,0.025,0.144,running
92.386,2,477,0.04781,-0.01118,-0.2029,0.0329,-0.05552,0.02992,0.05820,0,1,0.313,0.006,running
92.431,2,478,0.04427,-0.01041,-0.1948,0.0421,-0.02313,0.09137,0.05459,0,1,0.474,-0.049,running
92.475,2,479,0.04138,-0.00941,-0.1587,0.0550,0.02192,0.12826,0.05154,0,1,0.497,-0.091,running
92.518,2,480,0.03927,-0.00916,-0.1163,0.0139,0.05001,0.15389,0.04945,0,1,0.410,-0.147,running
92.562,2,481,0.03940,-0.00863,0.0074,0.0290,0.05638,0.16473,0.04942,0,1,0.281,-0.005,running
92.605,2,482,0.03955,-0.00910,0.0081,-0.0258,0.04648,0.15947,0.04970,0,1,-0.167,-0.062,running
92.649,2,483,0.04074,-0.00968,0.0655,-0.0319,0.02208,0.13384,0.05101,0,1,-0.171,0.138,running
92.693,2,484,0.04332,-0.01049,0.1420,-0.0444,-0.01996,0.08046,0.05372,0,1,-0.381,0.161,running
92.739,2,485,0.04631,-0.01142,0.1639,-0.0510,-0.04667,0.01165,0.05684,0,1,-0.653,0.206,running
92.781,2,486,0.04943,-0.01240,0.1721,-0.0540,-0.07220,-0.04508,0.06012,0,1,-0.726,0.228,running
92.827,2,487,0.05113,-0.01226,0.0933,0.0078,-0.08511,-0.08096,0.06169,0,1,-0.750,0.237,running
92.870,2,488,0.05153,-0.01129,0.0221,0.0534,-0.07237,-0.09898,0.06180,0,1,-0.504,0.041,running
92.913,2,489,0.04991,-0.00971,-0.0893,0.0867,-0.06045,-0.09670,0.05981,0,1,-0.282,-0.105,running
92.958,2,490,0.04739,-0.00758,-0.1383,0.1171,-0.03210,-0.06694,0.05684,0,1,0.085,-0.223,running
93.003,2,491,0.04273,-0.00540,-0.2564,0.1200,0.01301,-0.01004,0.05180,0,1,0.276,-0.344,running
93.049,2,492,0.03825,-0.00400,-0.2468,0.0768,0.04731,0.04564,0.04712,0,1,0.748,-0.388,running
93.090,2,493,0.03359,-0.00314,-0.2561,0.0476,0.07256,0.10082,0.04239,1,1,0.785,-0.257,in_circle
93.135,2,494,0.02980,-0.00280,-0.2086,0.0188,0.08003,0.14532,0.03861,1,1,0.800,-0.162,in_circle
93.223,2,495,0.02639,-0.00695,-0.1874,-0.2287,0.00694,0.18609,0.03656,1,1,0.741,-0.053,in_circle
93.264,2,496,0.02730,-0.00960,0.0498,-0.1454,0.00905,0.18042,0.03841,1,1,0.664,0.800,in_circle
93.312,2,497,0.03011,-0.01200,0.1550,-0.1324,-0.00525,0.17205,0.04197,1,1,-0.287,0.621,in_circle
93.355,2,498,0.03404,-0.01535,0.2161,-0.1841,-0.05950,0.15755,0.04698,0,1,-0.706,0.566,running
93.399,2,499,0.03865,-0.01749,0.2531,-0.1176,-0.09928,0.11689,0.05205,0,1,-0.800,0.746,running
93.442,2,500,0.04456,-0.01817,0.3251,-0.0376,-0.10583,0.06030,0.05767,0,1,-0.800,0.487,running
93.486,2,501,0.05037,-0.01797,0.3195,0.0113,-0.10916,-0.00172,0.06291,0,1,-0.800,0.206,running
93.530,2,502,0.05566,-0.01610,0.2911,0.1027,-0.09814,-0.05376,0.06720,0,1,-0.800,0.053,running
93.574,2,503,0.05947,-0.01324,0.2097,0.1573,-0.07918,-0.08833,0.06997,0,1,-0.800,-0.214,running
93.618,2,504,0.06206,-0.00942,0.1423,0.2101,-0.03141,-0.10515,0.07154,0,1,-0.800,-0.364,running
93.662,2,505,0.06245,-0.00535,0.0218,0.2242,0.00593,-0.09819,0.07117,0,1,-0.674,-0.512,running
93.706,2,506,0.06087,-0.00214,-0.0874,0.1766,0.02783,-0.06745,0.06915,0,1,-0.345,-0.571,running
93.751,2,507,0.05802,-0.00054,-0.1567,0.0880,0.06537,-0.01855,0.06614,0,1,-0.024,-0.468,running
93.792,2,508,0.05353,0.00082,-0.2469,0.0746,0.08750,0.04732,0.06155,0,1,0.213,-0.235,running
93.839,2,509,0.05022,0.00028,-0.1816,-0.0295,0.06801,0.10476,0.05831,0,1,0.555,-0.216,running
93.882,2,510,0.04700,-0.00130,-0.1771,-0.0869,0.04273,0.14497,0.05529,0,1,0.395,0.116,running
93.928,2,511,0.04514,-0.00345,-0.1024,-0.1182,0.00237,0.16276,0.05378,0,1,0.421,0.318,running
93.970,2,512,0.04430,-0.00588,-0.0461,-0.1341,-0.03582,0.17035,0.05344,0,1,0.184,0.438,running
94.014,2,513,0.04473,-0.00760,0.0232,-0.0943,-0.06111,0.14819,0.05426,0,1,-0.006,0.502,running
94.057,2,514,0.04634,-0.00867,0.0888,-0.0589,-0.09630,0.11149,0.05609,0,1,-0.248,0.367,running
94.102,2,515,0.04897,-0.00886,0.1449,-0.0103,-0.10928,0.05723,0.05869,0,1,-0.477,0.246,running
94.145,2,516,0.05106,-0.00676,0.1149,0.1151,-0.08391,-0.00258,0.06023,0,1,-0.666,0.084,running
94.190,2,517,0.05312,-0.00490,0.1129,0.1024,-0.05896,-0.05399,0.06188,0,1,-0.573,-0.322,running
94.233,2,518,0.05417,-0.00218,0.0583,0.1498,-0.01852,-0.09061,0.06251,0,1,-0.572,-0.281,running
94.279,2,519,0.05333,0.00013,-0.0467,0.1271,0.01788,-0.10013,0.06141,0,1,-0.405,-0.435,running
94.322,2,520,0.05039,0.00124,-0.1616,0.0612,0.04898,-0.07156,0.05838,0,1,-0.071,-0.379,running
94.367,2,521,0.04669,0.00143,-0.2036,0.0099,0.07954,-0.02402,0.05468,0,1,0.329,-0.183,running
94.409,2,522,0.04244,0.00070,-0.2332,-0.0401,0.07224,0.02910,0.05052,0,1,0.519,-0.019,running
94.454,2,523,0.03766,-0.00089,-0.2634,-0.0872,0.03658,0.08397,0.04597,0,1,0.683,0.159,running
94.500,2,524,0.03397,-0.00284,-0.2026,-0.1072,0.00098,0.12616,0.04270,1,1,0.800,0.347,in_circle
94.542,2,525,0.03035,-0.00596,-0.1991,-0.1717,-0.03087,0.16167,0.03998,1,1,0.678,0.441,in_circle
94.586,2,526,0.02919,-0.00948,-0.0639,-0.1937,-0.06752,0.17861,0.04010,1,1,0.701,0.717,in_circle
94.631,2,527,0.03046,-0.01119,0.0699,-0.0941,-0.09970,0.16859,0.04195,1,1,0.163,0.800,in_circle
94.673,2,528,0.03329,-0.01233,0.1555,-0.0628,-0.12227,0.15122,0.04499,1,1,-0.374,0.414,in_circle
94.718,2,529,0.03766,-0.01224,0.2404,0.0050,-0.11694,0.13935,0.04898,0,1,-0.704,0.289,running
94.762,2,530,0.04328,-0.01064,0.3091,0.0882,-0.11270,0.09878,0.05372,0,1,-0.800,0.035,running
94.806,2,531,0.04776,-0.00707,0.2464,0.1964,-0.08534,0.04116,0.05708,0,1,-0.800,-0.251,running
94.851,2,532,0.05275,-0.00262,0.2744,0.2448,-0.03629,-0.02178,0.06116,0,1,-0.800,-0.607,running
94.893,2,533,0.05742,0.00126,0.2569,0.2136,-0.00486,-0.06980,0.06539,0,1,-0.800,-0.741,running
94.939,2,534,0.06054,0.00490,0.1713,0.1998,0.02592,-0.09952,0.06834,0,1,-0.800,-0.619,running
94.983,2,535,0.06095,0.00733,0.0225,0.1336,0.06025,-0.10077,0.06876,0,1,-0.759,-0.568,running
95.025,2,536,0.06010,0.00803,-0.0464,0.0388,0.07634,-0.08016,0.06793,0,1,-0.335,-0.386,running
95.070,2,537,0.05798,0.00805,-0.1170,0.0011,0.06376,-0.03874,0.06581,0,1,-0.131,-0.120,running
95.114,2,538,0.05394,0.00682,-0.2219,-0.0677,0.03873,0.01465,0.06175,0,1,0.098,-0.011,running
95.158,2,539,0.05035,0.00509,-0.1975,-0.0953,-0.00404,0.06739,0.05816,0,1,0.473,0.209,running
95.245,2,540,0.04368,0.00011,-0.3667,-0.2738,-0.06100,0.15005,0.05182,0,1,0.448,0.315,running
95.291,2,541,0.04251,-0.00108,-0.0644,-0.0655,-0.06595,0.16830,0.05081,0,1,0.800,0.800,running
95.333,2,542,0.04238,-0.00255,-0.0073,-0.0810,-0.08158,0.16212,0.05090,0,1,0.077,0.255,running
95.378,2,543,0.04304,-0.00173,0.0362,0.0453,-0.12057,0.15634,0.05142,0,1,-0.127,0.315,running
95.422,2,544,0.04639,-0.00063,0.1844,0.0603,-0.09079,0.15511,0.05459,0,1,-0.284,-0.137,running
95.467,2,545,0.04989,0.00175,0.1924,0.1311,-0.06888,0.13277,0.05784,0,1,-0.800,-0.184,running
95.509,2,546,0.05425,0.00474,0.2400,0.1642,-0.04763,0.07881,0.06206,0,1,-0.800,-0.416,running
95.555,2,547,0.05925,0.00816,0.2749,0.1881,-0.00436,0.01234,0.06708,0,1,-0.800,-0.507,running
95.600,2,548,0.06370,0.01052,0.2450,0.1299,0.03403,-0.04709,0.07164,0,1,-0.800,-0.557,running
95.643,2,549,0.06652,0.01191,0.1550,0.0765,0.06209,-0.08067,0.07455,0,1,-0.800,-0.374,running
95.685,2,550,0.06761,0.01244,0.0598,0.0293,0.09004,-0.09584,0.07568,0,1,-0.720,-0.225,running
95.730,2,551,0.06700,0.01164,-0.0333,-0.0440,0.06598,-0.09482,0.07501,0,1,-0.477,-0.103,running
95.774,2,552,0.06400,0.01002,-0.1649,-0.0890,0.02380,-0.06803,0.07191,0,1,-0.231,0.091,running
95.819,2,553,0.06010,0.00757,-0.2144,-0.1350,-0.01658,-0.01614,0.06792,0,1,0.155,0.226,running
95.861,2,554,0.05543,0.00488,-0.2570,-0.1479,-0.04238,0.04415,0.06324,0,1,0.353,0.383,running
95.905,2,555,0.05112,0.00306,-0.2373,-0.1001,-0.07354,0.09900,0.05899,0,1,0.558,0.458,running
95.950,2,556,0.04730,0.00098,-0.2099,-0.1146,-0.10953,0.13843,0.05533,0,1,0.566,0.334,running
95.994,2,557,0.04409,0.00050,-0.1764,-0.0265,-0.11220,0.16774,0.05218,0,1,0.531,0.404,running
96.038,2,558,0.04328,0.00058,-0.0448,0.0048,-0.08862,0.16985,0.05136,0,1,0.458,0.110,running
96.082,2,559,0.04312,0.00219,-0.0085,0.0885,-0.06707,0.15954,0.05106,0,1,0.002,-0.000,running
96.127,2,560,0.04535,0.00498,0.1227,0.1533,-0.03158,0.14259,0.05316,0,1,-0.125,-0.303,running
96.170,2,561,0.04777,0.00736,0.1328,0.1310,0.00774,0.10400,0.05558,0,1,-0.594,-0.529,running
96.213,2,562,0.05094,0.00873,0.1747,0.0755,0.03934,0.04831,0.05881,0,1,-0.631,-0.447,running
96.257,2,563,0.05410,0.00908,0.1734,0.0191,0.07017,-0.00131,0.06197,0,1,-0.770,-0.254,running
96.302,2,564,0.05676,0.00854,0.1462,-0.0297,0.07194,-0.05199,0.06461,0,1,-0.764,-0.071,running
96.346,2,565,0.05809,0.00700,0.0733,-0.0850,0.03421,-0.09472,0.06590,0,1,-0.682,0.080,running
96.390,2,566,0.05683,0.00488,-0.0692,-0.1166,-0.00034,-0.12340,0.06464,0,1,-0.467,0.248,running
96.433,2,567,0.05368,0.00208,-0.1731,-0.1539,-0.02939,-0.11466,0.06161,0,1,-0.033,0.356,running
96.478,2,568,0.04910,-0.00092,-0.2522,-0.1649,-0.06113,-0.06984,0.05732,0,1,0.323,0.497,running
96.520,2,569,0.04360,-0.00375,-0.3023,-0.1555,-0.10213,-0.00161,0.05232,0,1,0.642,0.569,running
96.566,2,570,0.03725,-0.00400,-0.3492,-0.0138,-0.10964,0.05598,0.04615,0,1,0.800,0.576,running
96.611,2,571,0.03043,-0.00332,-0.3750,0.0376,-0.11493,0.10261,0.03935,1,1,0.800,0.080,in_circle
96.654,2,572,0.02458,-0.00174,-0.3219,0.0865,-0.10852,0.13662,0.03329,1,1,0.800,-0.127,in_circle
96.699,2,573,0.02075,0.00029,-0.2108,0.1116,-0.08683,0.16136,0.02911,1,1,0.800,-0.326,in_circle
96.742,2,574,0.01788,0.00202,-0.1579,0.0955,-0.04480,0.17181,0.02598,1,1,0.772,-0.432,in_circle
96.787,2,575,0.01600,0.00597,-0.1033,0.2168,-0.01044,0.16966,0.02380,1,1,0.567,-0.372,in_circle
96.831,2,576,0.01637,0.00852,0.0202,0.1406,0.02004,0.16152,0.02430,1,1,0.354,-0.800,in_circle
96.874,2,577,0.01750,0.00944,0.0621,0.0507,0.05360,0.14030,0.02553,1,1,-0.141,-0.569,in_circle
96.918,2,578,0.02028,0.00955,0.1530,0.0058,0.08143,0.09752,0.02830,1,1,-0.312,-0.211,in_circle
96.963,2,579,0.02457,0.00855,0.2359,-0.0551,0.06993,0.04414,0.03247,1,1,-0.682,-0.032,in_circle
97.006,2,580,0.02847,0.00705,0.2149,-0.0822,0.03707,-0.01777,0.03629,1,1,-0.800,0.214,in_circle
97.050,2,581,0.03120,0.00428,0.1498,-0.1524,0.00108,-0.07033,0.03903,1,1,-0.800,0.326,in_circle
97.094,2,582,0.03251,0.00211,0.0723,-0.1192,-0.03078,-0.10533,0.04050,1,1,-0.697,0.614,in_circle
97.138,2,583,0.03157,-0.00099,-0.0520,-0.1709,-0.06119,-0.12556,0.03998,1,1,-0.390,0.484,in_circle
97.184,2,584,0.02988,-0.00292,-0.0928,-0.1059,-0.09695,-0.11078,0.03872,1,1,0.110,0.701,in_circle
97.314,2,585,0.01712,-0.00253,-0.7017,0.0215,-0.11212,0.05120,0.02634,1,1,0.277,0.446,in_circle
97.357,2,586,0.01138,-0.00036,-0.3160,0.1191,-0.10245,0.05142,0.02020,1,1,0.800,-0.065,in_circle
97.403,2,587,0.00601,0.00201,-0.2948,0.1306,-0.08824,0.04886,0.01438,1,1,0.800,-0.461,in_circle
97.446,2,588,0.00221,0.00640,-0.2091,0.2414,-0.06838,0.06531,0.01002,1,1,0.800,-0.512,in_circle
97.490,2,589,-0.00185,0.01025,-0.2233,0.2119,-0.02329,0.11978,0.00732,1,1,0.800,-0.800,in_circle
97.533,2,590,-0.00406,0.01379,-0.1218,0.1947,0.01573,0.17893,0.00864,1,1,0.800,-0.800,in_circle
97.577,2,591,-0.00489,0.01705,-0.0453,0.1794,0.04175,0.18171,0.01143,1,1,0.478,-0.798,in_circle
97.622,2,592,-0.00500,0.01943,-0.0063,0.1309,0.07810,0.18566,0.01372,1,1,0.174,-0.745,in_circle
97.666,2,593,-0.00218,0.02035,0.1549,0.0504,0.09941,0.18178,0.01541,1,1,0.018,-0.557,in_circle
97.709,2,594,0.00170,0.02116,0.2136,0.0446,0.09263,0.15137,0.01789,1,1,-0.634,-0.238,in_circle
97.753,2,595,0.00757,0.01967,0.3229,-0.0823,0.06195,0.10137,0.02057,1,1,-0.800,-0.216,in_circle
97.808,2,596,0.00757,0.01967,0.0000,0.0000,0.02597,0.04299,0.02057,0,0,-0.800,0.295,in_circle
97.899,2,597,0.00757,0.01967,0.0000,0.0000,-0.03831,-0.05531,0.02057,0,0,-0.038,-0.034,in_circle
97.935,2,598,0.02940,0.01106,1.2005,-0.4732,-0.03352,-0.07148,0.03754,1,1,-0.038,-0.034,in_circle
98.020,2,599,0.03613,0.00834,0.3704,-0.1499,-0.02495,-0.00021,0.04399,1,1,-0.800,0.800,in_circle
98.062,2,600,0.03796,0.00686,0.1004,-0.0809,-0.03531,0.03409,0.04576,0,1,-0.800,0.569,running
98.106,2,601,0.03917,0.00617,0.0668,-0.0380,-0.05191,0.04256,0.04697,0,1,-0.506,0.303,running
98.151,2,602,0.04067,0.00532,0.0825,-0.0470,-0.06474,0.01663,0.04848,0,1,-0.382,0.141,running
98.195,2,603,0.04151,0.00593,0.0460,0.0335,-0.05986,-0.00570,0.04931,0,1,-0.444,0.174,running
98.237,2,604,0.04162,0.00583,0.0065,-0.0056,-0.02710,-0.00619,0.04942,0,1,-0.313,-0.121,running
98.281,2,605,0.04137,0.00581,-0.0143,-0.0008,-0.00232,0.00356,0.04917,0,1,-0.170,0.021,running
98.326,2,606,0.04059,0.00594,-0.0428,0.0070,0.01345,0.00914,0.04839,0,1,-0.094,0.004,running
98.369,2,607,0.03965,0.00535,-0.0515,-0.0322,0.01876,0.02775,0.04746,0,1,0.015,-0.025,running
98.414,2,608,0.03886,0.00419,-0.0435,-0.0641,0.00822,0.07067,0.04670,0,1,0.054,0.121,running
98.460,2,609,0.03906,0.00276,0.0110,-0.0786,-0.00050,0.10989,0.04697,0,1,0.030,0.244,running
98.503,2,610,0.03923,0.00170,0.0093,-0.0583,-0.02807,0.13895,0.04722,0,1,-0.174,0.302,running
98.545,2,611,0.04088,0.00092,0.0911,-0.0428,-0.07307,0.13498,0.04895,0,1,-0.169,0.229,running
98.590,2,612,0.04322,0.00063,0.1283,-0.0158,-0.09438,0.10264,0.05130,0,1,-0.475,0.171,running
98.635,2,613,0.04608,0.00064,0.1575,0.0003,-0.08668,0.05318,0.05415,0,1,-0.612,0.073,running
98.679,2,614,0.04875,0.00199,0.1468,0.0742,-0.05846,-0.00306,0.05669,0,1,-0.714,0.016,running
98.724,2,615,0.05081,0.00364,0.1135,0.0911,-0.02511,-0.05412,0.05866,0,1,-0.678,-0.234,running
98.766,2,616,0.05175,0.00501,0.0516,0.0755,0.01101,-0.09532,0.05956,0,1,-0.571,-0.288,running
98.812,2,617,0.05091,0.00586,-0.0462,0.0464,0.04410,-0.11229,0.05871,0,1,-0.373,-0.239,running
98.854,2,618,0.04883,0.00582,-0.1144,-0.0020,0.06896,-0.09158,0.05663,0,1,-0.052,-0.150,running
98.898,2,619,0.04516,0.00470,-0.2019,-0.0619,0.05379,-0.02769,0.05298,0,1,0.193,0.007,running
98.943,2,620,0.04035,0.00312,-0.2647,-0.0869,0.02770,0.04279,0.04824,0,1,0.536,0.220,running
98.986,2,621,0.03523,0.00057,-0.2813,-0.1403,-0.01187,0.09354,0.04338,1,1,0.800,0.327,in_circle
99.035,2,622,0.03523,0.00057,0.0000,0.0000,-0.04889,0.12114,0.04338,0,0,0.800,0.557,in_circle
99.075,2,623,0.02748,-0.00369,-0.4264,-0.2339,-0.07579,0.14051,0.03659,1,1,-0.115,0.015,in_circle
99.120,2,624,0.02674,-0.00512,-0.0410,-0.0786,-0.10700,0.16634,0.03628,1,1,0.800,0.800,in_circle
99.163,2,625,0.02617,-0.00520,-0.0310,-0.0047,-0.09412,0.16858,0.03577,1,1,0.078,0.342,in_circle
99.205,2,626,0.02744,-0.00461,0.0696,0.0325,-0.08525,0.14738,0.03680,1,1,0.039,0.047,in_circle
99.296,2,627,0.03377,0.00015,0.3483,0.2620,-0.04278,0.11868,0.04198,1,1,-0.367,-0.103,in_circle
99.339,2,628,0.03854,0.00261,0.2623,0.1352,-0.02661,0.07978,0.04646,0,1,-0.800,-0.800,running
99.382,2,629,0.04446,0.00613,0.3256,0.1932,-0.02350,0.04969,0.05226,0,1,-0.800,-0.496,running
99.428,2,630,0.04906,0.00889,0.2531,0.1520,0.03263,0.02536,0.05693,0,1,-0.800,-0.678,running
99.472,2,631,0.05340,0.01081,0.2388,0.1058,0.06121,-0.02338,0.06139,0,1,-0.800,-0.515,running
99.515,2,632,0.05647,0.01211,0.1686,0.0711,0.07024,-0.07978,0.06456,0,1,-0.800,-0.350,running
99.558,2,633,0.05867,0.01177,0.1212,-0.0184,0.07055,-0.12055,0.06672,0,1,-0.749,-0.237,running
99.601,2,634,0.05746,0.00949,-0.0668,-0.1256,0.03485,-0.12301,0.06535,0,1,-0.610,0.032,running
99.645,2,635,0.05442,0.00729,-0.1671,-0.1210,-0.00921,-0.09385,0.06223,0,1,-0.046,0.362,running
99.689,2,636,0.05017,0.00459,-0.2335,-0.1485,-0.04556,-0.04236,0.05799,0,1,0.295,0.372,running
99.734,2,637,0.04595,0.00198,-0.2325,-0.1432,-0.07276,0.01540,0.05390,0,1,0.569,0.492,running
99.779,2,638,0.04003,0.00041,-0.3257,-0.0863,-0.09490,0.07258,0.04815,0,1,0.629,0.506,running
99.823,2,639,0.03484,-0.00007,-0.2853,-0.0267,-0.10537,0.11313,0.04307,1,1,0.800,0.333,in_circle
99.867,2,640,0.02996,-0.00015,-0.2687,-0.0044,-0.09510,0.14201,0.03825,1,1,0.800,0.119,in_circle
99.910,2,641,0.02804,0.00175,-0.1055,0.1044,-0.07504,0.16480,0.03609,1,1,0.800,0.033,in_circle
99.956,2,642,0.02752,0.00381,-0.0285,0.1135,-0.03437,0.18419,0.03539,1,1,0.333,-0.407,in_circle
100.007,2,643,0.02752,0.00381,0.0000,0.0000,0.00071,0.17821,0.03539,0,0,0.026,-0.448,in_circle
100.046,2,644,0.03165,0.00778,0.2273,0.2186,0.03460,0.16837,0.03949,1,1,-0.088,0.005,in_circle
100.086,2,645,0.03650,0.00809,0.2665,0.0169,0.06229,0.14139,0.04435,1,1,-0.800,-0.800,in_circle
100.130,2,646,0.04198,0.00861,0.3015,0.0287,0.04857,0.08843,0.04985,0,1,-0.800,-0.070,running
100.174,2,647,0.04821,0.00820,0.3426,-0.0228,0.04403,0.02371,0.05605,0,1,-0.800,-0.111,running
100.219,2,648,0.05311,0.00655,0.2698,-0.0905,0.04713,-0.03442,0.06092,0,1,-0.800,0.069,running
100.261,2,649,0.05769,0.00357,0.2519,-0.1639,0.00284,-0.07630,0.06554,0,1,-0.800,0.284,running
100.305,2,650,0.06027,0.00118,0.1419,-0.1313,-0.03013,-0.10170,0.06824,0,1,-0.800,0.497,running
100.349,2,651,0.06066,-0.00149,0.0211,-0.1469,-0.05692,-0.10432,0.06887,0,1,-0.674,0.396,running
100.395,2,652,0.05978,-0.00396,-0.0484,-0.1359,-0.08945,-0.08267,0.06831,0,1,-0.330,0.447,running
100.438,2,653,0.05771,-0.00535,-0.1135,-0.0766,-0.09712,-0.04267,0.06649,0,1,-0.126,0.429,running
100.484,2,654,0.05402,-0.00650,-0.2034,-0.0630,-0.08518,0.02187,0.06307,0,1,0.083,0.269,running
100.527,2,655,0.05055,-0.00633,-0.1908,0.0091,-0.07869,0.08524,0.05964,0,1,0.400,0.240,running
100.570,2,656,0.04812,-0.00540,-0.1334,0.0515,-0.04605,0.12716,0.05707,0,1,0.410,0.014,running
100.613,2,657,0.04653,-0.00418,-0.0878,0.0667,-0.00584,0.15359,0.05527,0,1,0.255,-0.133,running
100.661,2,658,0.04680,-0.00211,0.0148,0.1142,0.02555,0.16500,0.05520,0,1,0.120,-0.193,running
100.703,2,659,0.04743,-0.00146,0.0346,0.0357,0.05559,0.15369,0.05573,0,1,-0.228,-0.361,running
100.747,2,660,0.04973,-0.00081,0.1267,0.0357,0.07175,0.11419,0.05793,0,1,-0.298,-0.096,running
100.790,2,661,0.05180,-0.00200,0.1139,-0.0655,0.06879,0.05890,0.06013,0,1,-0.611,-0.094,running
100.836,2,662,0.05419,-0.00465,0.1317,-0.1461,0.05024,0.00680,0.06290,0,1,-0.573,0.237,running
100.879,2,663,0.05626,-0.00754,0.1138,-0.1586,0.00832,-0.04369,0.06548,0,1,-0.632,0.489,running
100.924,2,664,0.05767,-0.01108,0.0773,-0.1951,-0.02541,-0.08080,0.06766,0,1,-0.581,0.524,running
100.965,2,665,0.05738,-0.01441,-0.0158,-0.1830,-0.05054,-0.09989,0.06830,0,1,-0.478,0.631,running
101.009,2,666,0.05580,-0.01673,-0.0869,-0.1276,-0.08662,-0.08945,0.06754,0,1,-0.210,0.605,running
101.054,2,667,0.05217,-0.01697,-0.1998,-0.0131,-0.10138,-0.04597,0.06422,0,1,0.005,0.458,running
101.099,2,668,0.04702,-0.01638,-0.2832,0.0324,-0.10943,0.01448,0.05921,0,1,0.383,0.125,running
101.142,2,669,0.04233,-0.01460,-0.2580,0.0976,-0.09395,0.07165,0.05420,0,1,0.726,-0.027,running
101.187,2,670,0.03861,-0.01229,-0.2043,0.1275,-0.06669,0.11816,0.04989,0,1,0.724,-0.269,running
101.231,2,671,0.03540,-0.00833,-0.1769,0.2175,-0.02511,0.15611,0.04551,0,1,0.597,-0.405,running
101.319,2,672,0.03300,-0.00100,-0.1321,0.4032,0.03584,0.17877,0.04139,1,1,0.549,-0.782,in_circle
101.363,2,673,0.03487,0.00136,0.1028,0.1300,0.03994,0.16647,0.04292,1,1,0.416,-0.800,in_circle
101.408,2,674,0.03722,0.00260,0.1295,0.0678,0.05699,0.15121,0.04515,1,1,-0.512,-0.493,in_circle
101.450,2,675,0.04184,0.00350,0.2539,0.0494,0.08645,0.12052,0.04970,0,1,-0.615,-0.248,running
101.497,2,676,0.04742,0.00303,0.3069,-0.0258,0.05393,0.06992,0.05530,0,1,-0.800,-0.171,running
101.538,2,677,0.05174,0.00209,0.2378,-0.0515,0.00489,0.01479,0.05967,0,1,-0.800,0.097,running
101.583,2,678,0.05555,0.00028,0.2093,-0.0996,-0.01993,-0.03633,0.06360,0,1,-0.800,0.179,running
101.627,2,679,0.05932,-0.00225,0.2076,-0.1389,-0.04439,-0.08632,0.06763,0,1,-0.800,0.325,running
101.670,2,680,0.06111,-0.00376,0.0985,-0.0831,-0.08152,-0.11732,0.06960,0,1,-0.800,0.434,running
101.713,2,681,0.06050,-0.00485,-0.0338,-0.0602,-0.09429,-0.11580,0.06915,0,1,-0.552,0.273,running
101.759,2,682,0.05836,-0.00444,-0.1174,0.0223,-0.09895,-0.08672,0.06698,0,1,-0.174,0.213,running
101.802,2,683,0.05436,-0.00310,-0.2203,0.0742,-0.08658,-0.04045,0.06282,0,1,0.088,-0.025,running
101.845,2,684,0.04982,-0.00117,-0.2493,0.1057,-0.05059,0.01644,0.05807,0,1,0.454,-0.196,running
101.890,2,685,0.04575,0.00088,-0.2239,0.1131,-0.01102,0.06426,0.05380,0,1,0.621,-0.322,running
101.934,2,686,0.04037,0.00341,-0.2959,0.1394,0.01989,0.10841,0.04824,0,1,0.601,-0.374,running
101.979,2,687,0.03638,0.00566,-0.2196,0.1235,0.05126,0.15116,0.04418,1,1,0.800,-0.504,in_circle
102.022,2,688,0.03411,0.00678,-0.1245,0.0616,0.07648,0.17980,0.04192,1,1,0.722,-0.472,in_circle
102.067,2,689,0.03313,0.00582,-0.0540,-0.0530,0.08376,0.18978,0.04093,1,1,0.380,-0.244,in_circle
102.110,2,690,0.03450,0.00429,0.0754,-0.0839,0.07318,0.17998,0.04234,1,1,0.110,0.210,in_circle
102.153,2,691,0.03784,0.00198,0.1833,-0.1269,0.03888,0.16008,0.04581,0,1,-0.405,0.332,running
102.198,2,692,0.04268,-0.00185,0.2663,-0.2109,-0.00006,0.12321,0.05109,0,1,-0.800,0.489,running
102.243,2,693,0.04765,-0.00477,0.2734,-0.1608,-0.03074,0.05558,0.05649,0,1,-0.800,0.774,running
102.287,2,694,0.05199,-0.00709,0.2385,-0.1272,-0.06394,-0.00851,0.06120,0,1,-0.800,0.573,running
102.331,2,695,0.05730,-0.00898,0.2924,-0.1040,-0.09360,-0.05334,0.06680,0,1,-0.800,0.447,running
102.374,2,696,0.06049,-0.00991,0.1753,-0.0516,-0.09011,-0.07471,0.07012,0,1,-0.800,0.362,running
102.419,2,697,0.06274,-0.01002,0.1236,-0.0056,-0.06879,-0.08778,0.07233,0,1,-0.764,0.208,running
102.463,2,698,0.06300,-0.00952,0.0145,0.0272,-0.04606,-0.08389,0.07248,0,1,-0.625,0.081,running
102.508,2,699,0.06172,-0.00869,-0.0701,0.0458,-0.00786,-0.05935,0.07106,0,1,-0.331,-0.010,running
102.552,2,700,0.05977,-0.00807,-0.1074,0.0343,0.03239,-0.01096,0.06902,0,1,-0.088,-0.067,running
102.595,2,701,0.05659,-0.00789,-0.1751,0.0098,0.05381,0.05352,0.06587,0,1,0.038,-0.042,running
102.639,2,702,0.05426,-0.00932,-0.1280,-0.0787,0.05080,0.11375,0.06392,0,1,0.275,0.024,running
102.682,2,703,0.05237,-0.01055,-0.1041,-0.0674,0.03176,0.15365,0.06240,0,1,0.160,0.296,running
102.727,2,704,0.05166,-0.01233,-0.0392,-0.0983,-0.00041,0.17162,0.06222,0,1,0.105,0.269,running
102.771,2,705,0.05205,-0.01440,0.0217,-0.1135,-0.04428,0.16078,0.06323,0,1,-0.093,0.372,running
102.816,2,706,0.05405,-0.01515,0.1102,-0.0415,-0.07437,0.12129,0.06537,0,1,-0.286,0.423,running
102.859,2,707,0.05704,-0.01539,0.1640,-0.0132,-0.10172,0.06955,0.06827,0,1,-0.562,0.204,running
102.902,2,708,0.05983,-0.01412,0.1539,0.0699,-0.10362,0.01338,0.07056,0,1,-0.724,0.122,running
102.946,2,709,0.06192,-0.01095,0.1146,0.1741,-0.07861,-0.02712,0.07175,0,1,-0.700,-0.113,running
102.991,2,710,0.06345,-0.00726,0.0840,0.2030,-0.04296,-0.06586,0.07247,0,1,-0.598,-0.406,running
103.033,2,711,0.06376,-0.00365,0.0170,0.1987,-0.00321,-0.09437,0.07220,0,1,-0.521,-0.494,running
103.080,2,712,0.06276,-0.00077,-0.0547,0.1584,0.03035,-0.09367,0.07089,0,1,-0.340,-0.499,running
103.123,2,713,0.06044,0.00136,-0.1279,0.1174,0.05994,-0.04792,0.06839,0,1,-0.134,-0.411,running
103.167,2,714,0.05664,0.00279,-0.2089,0.0788,0.07653,0.01459,0.06452,0,1,0.099,-0.318,running
103.211,2,715,0.05214,0.00306,-0.2474,0.0146,0.06061,0.08175,0.06001,0,1,0.391,-0.226,running
103.254,2,716,0.04989,0.00138,-0.1238,-0.0924,0.03091,0.12017,0.05788,0,1,0.582,-0.036,running
103.343,2,717,0.04596,-0.00250,-0.2163,-0.2137,-0.04189,0.17020,0.05443,0,1,0.211,0.319,running
103.386,2,718,0.04605,-0.00426,0.0051,-0.0967,-0.04362,0.18061,0.05482,0,1,0.567,0.759,running
103.432,2,719,0.04760,-0.00579,0.0853,-0.0841,-0.05743,0.16261,0.05664,0,1,-0.192,0.363,running
103.476,2,720,0.04977,-0.00560,0.1194,0.0107,-0.10561,0.13505,0.05873,0,1,-0.469,0.320,running
103.518,2,721,0.05415,-0.00506,0.2410,0.0294,-0.08841,0.10550,0.06293,0,1,-0.586,0.005,running
103.563,2,722,0.05853,-0.00324,0.2406,0.1002,-0.04212,0.06944,0.06697,0,1,-0.800,-0.050,running
103.606,2,723,0.06391,-0.00152,0.2961,0.0948,-0.03205,0.02079,0.07210,0,1,-0.800,-0.257,running
103.650,2,724,0.06772,0.00019,0.2095,0.0940,0.00129,-0.03273,0.07574,0,1,-0.800,-0.227,running
103.695,2,725,0.07115,0.00089,0.1886,0.0383,0.04990,-0.08484,0.07912,0,1,-0.800,-0.217,running
103.738,2,726,0.07269,0.00120,0.0849,0.0172,0.06626,-0.11765,0.08064,0,1,-0.800,-0.070,running
103.783,2,727,0.07243,-0.00011,-0.0142,-0.0722,0.05553,-0.11659,0.08047,0,1,-0.566,-0.019,running
103.827,2,728,0.07019,-0.00216,-0.1236,-0.1126,0.03400,-0.08454,0.07841,0,1,-0.329,0.200,running
103.872,2,729,0.06611,-0.00484,-0.2241,-0.1473,-0.01085,-0.03126,0.07470,0,1,-0.040,0.313,running
103.916,2,730,0.06166,-0.00763,-0.2449,-0.1534,-0.04645,0.02203,0.07078,0,1,0.272,0.431,running
103.958,2,731,0.05687,-0.01017,-0.2632,-0.1402,-0.07273,0.06672,0.06667,0,1,0.398,0.480,running
104.002,2,732,0.05232,-0.01180,-0.2503,-0.0897,-0.10688,0.10083,0.06270,0,1,0.524,0.473,running
104.047,2,733,0.04900,-0.01185,-0.1825,-0.0027,-0.10945,0.13120,0.05954,0,1,0.555,0.342,running
104.090,2,734,0.04670,-0.01102,-0.1266,0.0460,-0.10062,0.16885,0.05710,0,1,0.390,0.071,running
104.135,2,735,0.04584,-0.00889,-0.0476,0.1169,-0.08124,0.17453,0.05566,0,1,0.237,-0.096,running
104.181,2,736,0.04650,-0.00603,0.0368,0.1571,-0.03604,0.15627,0.05562,0,1,-0.015,-0.346,running
104.224,2,737,0.04823,-0.00374,0.0948,0.1262,0.00055,0.13126,0.05687,0,1,-0.302,-0.491,running
104.269,2,738,0.05113,-0.00021,0.1596,0.1942,0.02591,0.08709,0.05926,0,1,-0.503,-0.387,running
104.313,2,739,0.05386,0.00213,0.1499,0.1285,0.06083,0.03443,0.06178,0,1,-0.719,-0.606,running
104.354,2,740,0.05702,0.00257,0.1743,0.0242,0.06629,-0.01297,0.06492,0,1,-0.690,-0.388,running
104.397,2,741,0.05963,0.00229,0.1433,-0.0154,0.07694,-0.05840,0.06753,0,1,-0.766,-0.060,running
104.442,2,742,0.05982,0.00033,0.0104,-0.1076,0.06492,-0.09499,0.06786,0,1,-0.677,0.059,running
104.486,2,743,0.05819,-0.00247,-0.0894,-0.1540,0.01894,-0.11005,0.06653,0,1,-0.293,0.333,running
104.531,2,744,0.05493,-0.00632,-0.1794,-0.2118,-0.02206,-0.09295,0.06393,0,1,0.010,0.485,running
104.573,2,745,0.05085,-0.00998,-0.2247,-0.2015,-0.04690,-0.04435,0.06078,0,1,0.314,0.690,running
104.618,2,746,0.04491,-0.01266,-0.3267,-0.1473,-0.07865,0.01711,0.05591,0,1,0.504,0.695,running
104.660,2,747,0.03889,-0.01478,-0.3311,-0.1169,-0.11578,0.06972,0.05110,0,1,0.800,0.557,running
104.705,2,748,0.03349,-0.01575,-0.2968,-0.0530,-0.11189,0.11179,0.04667,0,1,0.800,0.479,running
104.750,2,749,0.02929,-0.01519,-0.2308,0.0304,-0.10413,0.14421,0.04272,1,1,0.800,0.259,in_circle
104.796,2,750,0.02573,-0.01397,-0.1959,0.0674,-0.07701,0.17024,0.03903,1,1,0.800,-0.063,in_circle
104.837,2,751,0.02462,-0.01119,-0.0609,0.1525,-0.02960,0.18204,0.03670,1,1,0.700,-0.220,in_circle
104.883,2,752,0.02397,-0.00871,-0.0361,0.1365,-0.00008,0.17243,0.03501,1,1,0.163,-0.567,in_circle
104.927,2,753,0.02472,-0.00587,0.0415,0.1565,0.02750,0.15923,0.03462,1,1,0.065,-0.509,in_circle
104.971,2,754,0.02677,-0.00483,0.1127,0.0571,0.06935,0.12877,0.03623,1,1,-0.247,-0.596,in_circle
105.014,2,755,0.02912,-0.00525,0.1294,-0.0230,0.07965,0.07738,0.03860,1,1,-0.537,-0.201,in_circle
105.058,2,756,0.03235,-0.00594,0.1772,-0.0384,0.07638,0.02195,0.04189,1,1,-0.610,0.120,in_circle
105.105,2,757,0.03560,-0.00823,0.1792,-0.1257,0.05583,-0.02892,0.04568,0,1,-0.800,0.182,running
105.146,2,758,0.03751,-0.01072,0.1046,-0.1370,0.01593,-0.07533,0.04829,0,1,-0.797,0.514,running
105.191,2,759,0.03732,-0.01383,-0.0102,-0.1708,-0.01556,-0.11305,0.04928,0,1,-0.516,0.551,running
105.236,2,760,0.03588,-0.01660,-0.0790,-0.1525,-0.04176,-0.13113,0.04918,0,1,-0.097,0.678,running
105.278,2,761,0.03234,-0.01969,-0.1949,-0.1701,-0.08279,-0.10927,0.04766,0,1,0.158,0.621,running
105.367,2,762,0.02029,-0.02244,-0.6630,-0.1512,-0.10850,0.01546,0.03997,1,1,0.604,0.702,in_circle
105.410,2,763,0.01300,-0.02125,-0.4007,0.0652,-0.11306,0.05931,0.03428,1,1,0.800,0.676,in_circle
105.455,2,764,0.00617,-0.01940,-0.3759,0.1018,-0.10836,0.06265,0.02899,1,1,0.800,-0.193,in_circle
105.499,2,765,-0.00023,-0.01597,-0.3516,0.1890,-0.10347,0.07168,0.02324,1,1,0.800,-0.344,in_circle
105.553,2,766,-0.00023,-0.01597,0.0000,0.0000,-0.07866,0.10815,0.02324,0,0,0.800,-0.701,in_circle
105.638,2,767,-0.00023,-0.01597,0.0000,0.0000,-0.00368,0.18854,0.02324,0,0,-0.019,0.055,in_circle
105.676,2,768,-0.01605,0.00174,-0.8701,0.9737,-0.00607,0.17149,0.00928,1,1,-0.019,0.055,in_circle
105.718,2,769,-0.01678,0.00599,-0.0405,0.2340,-0.01376,0.15503,0.00898,1,1,0.800,-0.800,in_circle
105.763,2,770,-0.01466,0.00951,0.1166,0.1935,-0.02450,0.13450,0.00771,1,1,0.184,-0.800,in_circle
105.806,2,771,-0.01219,0.01299,0.1361,0.1911,-0.01415,0.11303,0.00825,1,1,-0.449,-0.783,in_circle
105.862,2,772,-0.01219,0.01299,0.0000,0.0000,0.03237,0.09417,0.00825,0,0,-0.533,-0.782,in_circle
105.899,2,773,-0.00564,0.01672,0.3600,0.2051,0.06657,0.05356,0.01093,1,1,0.011,-0.017,in_circle
105.938,2,774,-0.00193,0.01734,0.2043,0.0342,0.09639,-0.00507,0.01277,1,1,-0.800,-0.800,in_circle
105.984,2,775,0.00220,0.01707,0.2270,-0.0146,0.08422,-0.04658,0.01492,1,1,-0.800,-0.165,in_circle
106.027,2,776,0.00466,0.01515,0.1355,-0.1056,0.08007,-0.04147,0.01546,1,1,-0.800,0.031,in_circle
106.070,2,777,0.00486,0.01254,0.0108,-0.1437,0.07478,-0.04016,0.01425,1,1,-0.573,0.399,in_circle
106.115,2,778,0.00552,0.00928,0.0361,-0.1795,0.02869,-0.05725,0.01371,1,1,-0.075,0.558,in_circle
106.165,2,779,0.00552,0.00928,0.0000,0.0000,-0.01742,-0.05332,0.01371,0,0,-0.178,0.710,in_circle
106.215,2,780,0.00552,0.00928,0.0000,0.0000,-0.04082,-0.00918,0.01371,0,0,-0.033,-0.008,in_circle
106.296,2,781,-0.00221,-0.00658,-0.4249,-0.8721,-0.05634,0.10747,0.01377,1,1,-0.033,-0.008,in_circle
106.335,2,782,-0.00359,-0.01013,-0.0760,-0.1953,-0.01099,0.14264,0.01667,1,1,0.800,0.800,in_circle
106.386,2,783,-0.00359,-0.01013,0.0000,0.0000,0.00206,0.15291,0.01667,0,0,0.294,0.800,in_circle
106.470,2,784,-0.00085,-0.01920,0.1510,-0.4988,-0.07905,0.14523,0.02614,1,1,-0.011,0.040,in_circle
106.511,2,785,0.00246,-0.02123,0.1821,-0.1115,-0.05987,0.13271,0.02910,1,1,-0.621,0.800,in_circle
106.555,2,786,0.00684,-0.02327,0.2409,-0.1125,-0.04066,0.09453,0.03273,1,1,-0.754,0.514,in_circle
106.599,2,787,0.01215,-0.02546,0.2920,-0.1203,-0.07594,0.05841,0.03725,1,1,-0.800,0.523,in_circle
106.642,2,788,0.01787,-0.02615,0.3142,-0.0381,-0.07190,0.02180,0.04114,1,1,-0.800,0.560,in_circle
106.688,2,789,0.02196,-0.02583,0.2249,0.0177,-0.05379,-0.02445,0.04357,1,1,-0.800,0.233,in_circle
106.732,2,790,0.02539,-0.02492,0.1887,0.0500,-0.06377,-0.07923,0.04536,1,1,-0.800,0.017,in_circle
106.775,2,791,0.02749,-0.02446,0.1159,0.0257,-0.03297,-0.11449,0.04662,0,1,-0.800,-0.104,running
106.819,2,792,0.02737,-0.02347,-0.0069,0.0541,0.01568,-0.12028,0.04588,0,1,-0.533,-0.010,running
106.861,2,793,0.02513,-0.02356,-0.1229,-0.0047,0.04594,-0.09016,0.04425,1,1,-0.072,-0.122,in_circle
106.908,2,794,0.02178,-0.02355,-0.1847,0.0002,0.04299,-0.04216,0.04181,1,1,0.381,0.098,in_circle
106.950,2,795,0.01806,-0.02554,-0.2044,-0.1094,0.03782,0.01427,0.04079,1,1,0.649,0.076,in_circle
106.994,2,796,0.01326,-0.02664,-0.2642,-0.0604,0.01128,0.06946,0.03884,1,1,0.745,0.514,in_circle
107.039,2,797,0.00886,-0.02924,-0.2418,-0.1430,-0.02901,0.11535,0.03898,1,1,0.800,0.323,in_circle
107.085,2,798,0.00499,-0.03073,-0.2130,-0.0820,-0.06262,0.14403,0.03889,1,1,0.800,0.660,in_circle
107.126,2,799,0.00275,-0.03250,-0.1231,-0.0974,-0.07272,0.16590,0.03992,1,1,0.800,0.420,in_circle
107.171,2,800,0.00224,-0.03263,-0.0278,-0.0072,-0.08607,0.17233,0.03991,1,1,0.466,0.486,in_circle
107.215,2,801,0.00291,-0.03283,0.0366,-0.0108,-0.08418,0.16718,0.04028,1,1,0.086,0.125,in_circle
107.260,2,802,0.00508,-0.03245,0.1195,0.0206,-0.06279,0.15543,0.04055,1,1,-0.173,0.141,in_circle
107.302,2,803,0.00860,-0.03051,0.1938,0.1065,-0.04204,0.12121,0.04003,1,1,-0.508,0.015,in_circle
107.392,2,804,0.01763,-0.02833,0.4965,0.1202,0.02863,0.00510,0.04272,1,1,-0.800,-0.335,in_circle
107.435,2,805,0.02107,-0.02788,0.1892,0.0248,0.03077,-0.03347,0.04451,1,1,-0.800,-0.377,in_circle
107.478,2,806,0.02423,-0.02667,0.1738,0.0666,0.04856,-0.03238,0.04575,0,1,-0.800,-0.002,running
107.522,2,807,0.02615,-0.02811,0.1058,-0.0794,0.06495,-0.03326,0.04813,0,1,-0.744,-0.160,running
107.566,2,808,0.02740,-0.02858,0.0687,-0.0260,0.03009,-0.04419,0.04935,0,1,-0.487,0.391,running
107.611,2,809,0.02642,-0.03053,-0.0539,-0.1068,0.00213,-0.04181,0.05005,0,1,-0.354,0.197,running
107.654,2,810,0.02495,-0.03248,-0.0808,-0.1075,-0.01036,-0.02423,0.05053,0,1,0.091,0.494,running
107.697,2,811,0.02291,-0.03471,-0.1125,-0.1225,-0.04067,0.03114,0.05099,0,1,0.190,0.501,running
107.742,2,812,0.02049,-0.03619,-0.1332,-0.0814,-0.07239,0.09717,0.05079,0,1,0.307,0.560,running
107.786,2,813,0.01894,-0.03718,-0.0851,-0.0547,-0.10301,0.14795,0.05079,0,1,0.389,0.419,running
107.831,2,814,0.01844,-0.03651,-0.0274,0.0370,-0.11163,0.17573,0.04996,0,1,0.222,0.326,running
107.874,2,815,0.02012,-0.03594,0.0922,0.0313,-0.09319,0.16726,0.05038,0,1,0.020,-0.006,running
107.919,2,816,0.02311,-0.03467,0.1648,0.0700,-0.05629,0.15240,0.05108,0,1,-0.415,0.015,running
107.962,2,817,0.02783,-0.03210,0.2595,0.1415,-0.01891,0.12183,0.05216,0,1,-0.681,-0.125,running
108.007,2,818,0.03301,-0.03000,0.2850,0.1153,0.01125,0.07215,0.05442,0,1,-0.800,-0.379,running
108.052,2,819,0.03806,-0.02817,0.2773,0.1007,0.04342,0.01783,0.05718,0,1,-0.800,-0.279,running
108.093,2,820,0.04220,-0.02687,0.2280,0.0712,0.07976,-0.03313,0.05984,0,1,-0.800,-0.219,running
108.139,2,821,0.04467,-0.02607,0.1359,0.0443,0.07284,-0.07863,0.06149,0,1,-0.800,-0.113,running
108.183,2,822,0.04618,-0.02647,0.0832,-0.0218,0.03910,-0.10866,0.06299,0,1,-0.614,-0.024,running
108.227,2,823,0.04547,-0.02739,-0.0392,-0.0508,0.00723,-0.11345,0.06287,0,1,-0.453,0.186,running
108.272,2,824,0.04306,-0.02891,-0.1326,-0.0836,-0.02420,-0.07969,0.06169,0,1,-0.073,0.278,running
108.315,2,825,0.03986,-0.03061,-0.1761,-0.0937,-0.06308,-0.02779,0.06010,0,1,0.233,0.387,running
108.359,2,826,0.03558,-0.03149,-0.2355,-0.0486,-0.09454,0.03284,0.05734,0,1,0.396,0.428,running
108.403,2,827,0.03114,-0.03226,-0.2440,-0.0419,-0.11178,0.07709,0.05459,0,1,0.633,0.287,running
108.448,2,828,0.02635,-0.03070,-0.2634,0.0858,-0.10438,0.11426,0.05013,0,1,0.708,0.267,running
108.490,2,829,0.02303,-0.02890,-0.1830,0.0987,-0.08425,0.14812,0.04657,0,1,0.800,-0.198,running
108.535,2,830,0.02168,-0.02607,-0.0742,0.1560,-0.04682,0.17965,0.04356,1,1,0.597,-0.270,in_circle
108.579,2,831,0.02199,-0.02298,0.0172,0.1698,-0.00608,0.18312,0.04156,1,1,0.207,-0.516,in_circle
108.624,2,832,0.02373,-0.01931,0.0960,0.2015,0.02378,0.17204,0.04044,1,1,-0.145,-0.594,in_circle
108.666,2,833,0.02747,-0.01727,0.2053,0.1125,0.05564,0.15302,0.04225,1,1,-0.462,-0.739,in_circle
108.710,2,834,0.03172,-0.01634,0.2339,0.0512,0.08929,0.11251,0.04540,1,1,-0.800,-0.379,in_circle
108.755,2,835,0.03686,-0.01619,0.2826,0.0083,0.11296,0.05816,0.04986,0,1,-0.800,-0.132,running
108.798,2,836,0.04215,-0.01802,0.2911,-0.1007,0.09103,-0.00268,0.05542,0,1,-0.800,0.036,running
108.842,2,837,0.04668,-0.02023,0.2491,-0.1219,0.03888,-0.05513,0.06047,0,1,-0.800,0.419,running
108.887,2,838,0.04945,-0.02398,0.1527,-0.2062,0.00995,-0.08996,0.06463,0,1,-0.800,0.480,running
108.931,2,839,0.05085,-0.02777,0.0766,-0.2086,-0.01794,-0.10647,0.06768,0,1,-0.674,0.733,running
108.974,2,840,0.05071,-0.03146,-0.0074,-0.2028,-0.05746,-0.10325,0.06948,0,1,-0.449,0.735,running
109.021,2,841,0.04852,-0.03461,-0.1204,-0.1732,-0.08938,-0.07127,0.06944,0,1,-0.212,0.721,running
109.064,2,842,0.04510,-0.03706,-0.1885,-0.1349,-0.10400,-0.01780,0.06821,0,1,0.116,0.650,running
109.107,2,843,0.04087,-0.03836,-0.2326,-0.0711,-0.11145,0.05226,0.06585,0,1,0.334,0.556,running
109.151,2,844,0.03694,-0.03832,-0.2160,0.0019,-0.11032,0.11042,0.06298,0,1,0.505,0.379,running
109.196,2,845,0.03463,-0.03740,-0.1269,0.0508,-0.08689,0.14157,0.06070,0,1,0.502,0.156,running
109.240,2,846,0.03339,-0.03589,-0.0681,0.0831,-0.04607,0.15967,0.05875,0,1,0.253,-0.008,running
109.282,2,847,0.03324,-0.03362,-0.0084,0.1245,-0.01121,0.17010,0.05705,0,1,0.080,-0.126,running
109.327,2,848,0.03431,-0.03168,0.0587,0.1067,0.02043,0.15326,0.05651,0,1,-0.110,-0.280,running
109.414,2,849,0.03840,-0.03019,0.2251,0.0821,0.08559,0.05895,0.05869,0,1,-0.336,-0.231,running
109.459,2,850,0.04100,-0.02999,0.1430,0.0107,0.08121,0.01248,0.06064,0,1,-0.800,-0.143,running
109.503,2,851,0.04305,-0.03082,0.1124,-0.0457,0.06622,-0.00138,0.06278,0,1,-0.626,0.093,running
109.545,2,852,0.04463,-0.03318,0.0871,-0.1297,0.03818,-0.01449,0.06545,0,1,-0.532,0.275,running
109.591,2,853,0.04503,-0.03605,0.0222,-0.1577,-0.00405,-0.04152,0.06752,0,1,-0.457,0.535,running
109.635,2,854,0.04440,-0.03937,-0.0348,-0.1826,-0.03874,-0.04764,0.06916,0,1,-0.269,0.620,running
109.679,2,855,0.04291,-0.04225,-0.0821,-0.1586,-0.06686,-0.03088,0.07000,0,1,-0.108,0.697,running
109.723,2,856,0.04087,-0.04463,-0.1121,-0.1307,-0.10322,0.00386,0.07023,0,1,0.027,0.637,running
109.767,2,857,0.03835,-0.04598,-0.1386,-0.0743,-0.10675,0.05354,0.06951,0,1,0.118,0.568,running
109.813,2,858,0.03577,-0.04624,-0.1419,-0.0141,-0.11437,0.11362,0.06802,0,1,0.207,0.416,running
109.856,2,859,0.03469,-0.04529,-0.0593,0.0520,-0.09654,0.16812,0.06661,0,1,0.238,0.244,running
109.898,2,860,0.03517,-0.04335,0.0262,0.1069,-0.06116,0.17548,0.06543,0,1,0.011,0.044,running
109.944,2,861,0.03672,-0.04140,0.0852,0.1072,-0.02737,0.16320,0.06503,0,1,-0.240,-0.133,running
109.987,2,862,0.03986,-0.03905,0.1728,0.1294,0.00803,0.14429,0.06558,0,1,-0.423,-0.144,running
110.032,2,863,0.04420,-0.03750,0.2389,0.0851,0.04368,0.10334,0.06780,0,1,-0.695,-0.215,running
110.076,2,864,0.04876,-0.03643,0.2506,0.0586,0.05885,0.03828,0.07071,0,1,-0.800,-0.076,running
110.119,2,865,0.05307,-0.03586,0.2371,0.0314,0.05517,-0.01726,0.07388,0,1,-0.800,0.009,running
110.161,2,866,0.05687,-0.03636,0.2087,-0.0272,0.03194,-0.05377,0.07730,0,1,-0.800,0.092,running
110.207,2,867,0.05986,-0.03744,0.1646,-0.0596,-0.00885,-0.08418,0.08040,0,1,-0.800,0.253,running
110.250,2,868,0.06108,-0.03913,0.0670,-0.0928,-0.04677,-0.09873,0.08235,0,1,-0.698,0.338,running
110.295,2,869,0.06109,-0.04017,0.0005,-0.0572,-0.07623,-0.09303,0.08293,0,1,-0.473,0.422,running
110.340,2,870,0.05949,-0.04058,-0.0878,-0.0229,-0.10171,-0.05743,0.08184,0,1,-0.321,0.345,running
110.384,2,871,0.05656,-0.04037,-0.1613,0.0116,-0.10076,0.00070,0.07933,0,1,-0.105,0.267,running
110.428,2,872,0.05396,-0.03930,-0.1429,0.0592,-0.08538,0.06025,0.07659,0,1,0.104,0.179,running
110.470,2,873,0.05209,-0.03733,-0.1031,0.1081,-0.05641,0.10276,0.07392,0,1,0.095,0.046,running
110.515,2,874,0.05084,-0.03587,-0.0685,0.0800,-0.01713,0.13697,0.07206,0,1,0.021,-0.104,running
110.559,2,875,0.05100,-0.03415,0.0085,0.0948,0.02074,0.15149,0.07120,0,1,-0.054,-0.046,running
110.604,2,876,0.05263,-0.03329,0.0899,0.0472,0.04950,0.14558,0.07208,0,1,-0.262,-0.098,running
110.648,2,877,0.05504,-0.03371,0.1326,-0.0231,0.04636,0.10742,0.07434,0,1,-0.492,0.033,running
110.690,2,878,0.05860,-0.03494,0.1957,-0.0673,0.03324,0.05428,0.07800,0,1,-0.613,0.228,running
110.738,2,879,0.06216,-0.03691,0.1959,-0.1083,0.00978,-0.00630,0.08207,0,1,-0.777,0.347,running
110.779,2,880,0.06560,-0.03877,0.1893,-0.1025,-0.03133,-0.06195,0.08598,0,1,-0.776,0.449,running
110.823,2,881,0.06824,-0.04087,0.1453,-0.1157,-0.06730,-0.10094,0.08933,0,1,-0.761,0.436,running
110.867,2,882,0.06903,-0.04182,0.0432,-0.0521,-0.08991,-0.12426,0.09050,0,1,-0.672,0.467,running
110.911,2,883,0.06778,-0.04258,-0.0685,-0.0419,-0.09598,-0.11229,0.08985,0,1,-0.470,0.343,running
110.954,2,884,0.06504,-0.04209,-0.1509,0.0273,-0.09895,-0.07291,0.08728,0,1,-0.240,0.326,running
110.997,2,885,0.06117,-0.04107,-0.2128,0.0556,-0.07545,-0.01381,0.08351,0,1,-0.036,0.176,running
111.043,2,886,0.05665,-0.03918,-0.2485,0.1043,-0.03357,0.04962,0.07871,0,1,0.158,0.094,running
111.087,2,887,0.05309,-0.03776,-0.1958,0.0780,0.00234,0.10037,0.07499,0,1,0.323,-0.055,running
111.130,2,888,0.05031,-0.03677,-0.1533,0.0543,0.03057,0.13981,0.07215,0,1,0.250,-0.017,running
111.175,2,889,0.04916,-0.03659,-0.0631,0.0102,0.05432,0.16419,0.07112,0,1,0.177,0.028,running
111.219,2,890,0.04937,-0.03719,0.0114,-0.0332,0.04427,0.17019,0.07165,0,1,-0.057,0.145,running
111.263,2,891,0.05061,-0.03833,0.0684,-0.0626,0.01270,0.13738,0.07333,0,1,-0.265,0.267,running
111.307,2,892,0.05289,-0.04027,0.1255,-0.1066,-0.02110,0.08114,0.07632,0,1,-0.426,0.352,running
111.352,2,893,0.05618,-0.04223,0.1808,-0.1079,-0.05838,0.02378,0.08012,0,1,-0.582,0.471,running
111.439,2,894,0.06232,-0.04384,0.3378,-0.0888,-0.10502,-0.06056,0.08603,0,1,-0.721,0.476,running
111.483,2,895,0.06370,-0.04340,0.0757,0.0246,-0.09782,-0.08747,0.08690,0,1,-0.800,0.431,running
111.527,2,896,0.06395,-0.04183,0.0138,0.0862,-0.09479,-0.09550,0.08623,0,1,-0.507,0.187,running
111.571,2,897,0.06233,-0.04002,-0.0891,0.0994,-0.08262,-0.09217,0.08388,0,1,-0.375,0.045,running
111.615,2,898,0.05890,-0.03746,-0.1884,0.1409,-0.05005,-0.07361,0.07961,0,1,-0.129,-0.007,running
111.658,2,899,0.05491,-0.03490,-0.2198,0.1407,-0.00786,-0.02668,0.07487,0,1,0.156,-0.146,running
111.702,2,900,0.05046,-0.03266,-0.2448,0.1232,0.02251,0.04004,0.06992,0,1,0.307,-0.193,running
111.747,2,901,0.04683,-0.03163,-0.1994,0.0570,0.05473,0.10147,0.06633,0,1,0.453,-0.191,running
111.789,2,902,0.04344,-0.03132,-0.1864,0.0169,0.06494,0.14785,0.06339,0,1,0.379,-0.024,running
111.836,2,903,0.04088,-0.03190,-0.1408,-0.0319,0.04818,0.17363,0.06169,0,1,0.383,0.085,running
111.879,2,904,0.04079,-0.03392,-0.0048,-0.1114,0.01957,0.17137,0.06289,0,1,0.266,0.236,running
111.924,2,905,0.04107,-0.03562,0.0151,-0.0930,-0.01830,0.14399,0.06419,0,1,-0.162,0.489,running
111.968,2,906,0.04345,-0.03755,0.1312,-0.1064,-0.05117,0.09975,0.06726,0,1,-0.227,0.436,running
112.012,2,907,0.04587,-0.03853,0.1329,-0.0539,-0.07956,0.04904,0.06974,0,1,-0.580,0.478,running
112.053,2,908,0.04878,-0.03930,0.1600,-0.0423,-0.09912,0.00177,0.07248,0,1,-0.587,0.329,running
112.099,2,909,0.05143,-0.03898,0.1460,0.0177,-0.09374,-0.03668,0.07437,0,1,-0.665,0.301,running
112.142,2,910,0.05270,-0.03795,0.0700,0.0566,-0.07211,-0.07171,0.07478,0,1,-0.633,0.143,running
112.189,2,911,0.05298,-0.03649,0.0152,0.0800,-0.03242,-0.09369,0.07416,0,1,-0.439,0.039,running
112.232,2,912,0.05196,-0.03506,-0.0562,0.0790,0.00503,-0.08791,0.07250,0,1,-0.296,-0.032,running
112.275,2,913,0.04959,-0.03428,-0.1304,0.0429,0.03881,-0.04852,0.07011,0,1,-0.095,-0.044,running
112.319,2,914,0.04644,-0.03468,-0.1732,-0.0221,0.04999,0.01359,0.06780,0,1,0.135,0.042,running
112.362,2,915,0.04340,-0.03585,-0.1674,-0.0643,0.03795,0.07521,0.06612,0,1,0.289,0.222,running
112.406,2,916,0.04044,-0.03725,-0.1623,-0.0771,0.01134,0.11711,0.06479,0,1,0.300,0.349,running
112.450,2,917,0.03792,-0.03902,-0.1390,-0.0972,-0.03232,0.14770,0.06416,0,1,0.308,0.394,running
112.495,2,918,0.03773,-0.04074,-0.0101,-0.0946,-0.06217,0.16486,0.06525,0,1,0.252,0.462,running
112.539,2,919,0.03865,-0.04193,0.0501,-0.0657,-0.08889,0.15250,0.06674,0,1,-0.141,0.459,running
112.583,2,920,0.04099,-0.04184,0.1287,0.0052,-0.10849,0.12403,0.06833,0,1,-0.325,0.377,running
112.626,2,921,0.04397,-0.04046,0.1643,0.0760,-0.09692,0.07747,0.06956,0,1,-0.560,0.173,running
112.671,2,922,0.04740,-0.03858,0.1882,0.1033,-0.07307,0.01666,0.07095,0,1,-0.669,-0.029,running
112.714,2,923,0.05156,-0.03591,0.2293,0.1470,-0.03939,-0.04132,0.07266,0,1,-0.743,-0.105,running
112.758,2,924,0.05398,-0.03316,0.1329,0.1510,-0.00250,-0.07684,0.07315,0,1,-0.800,-0.223,running
112.803,2,925,0.05519,-0.03124,0.0665,0.1056,0.03593,-0.10315,0.07317,0,1,-0.612,-0.241,running
112.848,2,926,0.05417,-0.02991,-0.0558,0.0732,0.06643,-0.10499,0.07163,0,1,-0.440,-0.127,running
112.890,2,927,0.05142,-0.03050,-0.1515,-0.0325,0.07290,-0.08152,0.06957,0,1,-0.100,-0.054,running
112.935,2,928,0.04812,-0.03262,-0.1814,-0.1167,0.03954,-0.03232,0.06796,0,1,0.191,0.237,running
112.978,2,929,0.04368,-0.03558,-0.2442,-0.1630,-0.00314,0.03054,0.06618,0,1,0.305,0.487,running
113.021,2,930,0.03916,-0.03846,-0.2489,-0.1579,-0.03635,0.08748,0.06466,0,1,0.525,0.640,running
113.066,2,931,0.03527,-0.04099,-0.2139,-0.1391,-0.06574,0.12946,0.06374,0,1,0.575,0.642,running
113.111,2,932,0.03231,-0.04338,-0.1628,-0.1317,-0.10354,0.15652,0.06362,0,1,0.494,0.598,running
113.156,2,933,0.03087,-0.04449,-0.0793,-0.0608,-0.11708,0.17349,0.06359,0,1,0.350,0.584,running
113.198,2,934,0.03147,-0.04445,0.0333,0.0017,-0.10520,0.16415,0.06394,0,1,0.100,0.372,running
113.244,2,935,0.03309,-0.04297,0.0891,0.0816,-0.09193,0.13805,0.06380,0,1,-0.246,0.181,running
113.287,2,936,0.03577,-0.04048,0.1473,0.1369,-0.05897,0.09402,0.06371,0,1,-0.422,-0.068,running
113.332,2,937,0.03919,-0.03823,0.1882,0.1240,-0.01604,0.03152,0.06453,0,1,-0.610,-0.247,running
113.376,2,938,0.04199,-0.03577,0.1541,0.1353,0.01369,-0.02608,0.06499,0,1,-0.743,-0.210,running
113.463,2,939,0.04452,-0.03338,0.1388,0.1313,0.05613,-0.08497,0.06548,0,1,-0.649,-0.249,running
113.506,2,940,0.04352,-0.03356,-0.0550,-0.0097,0.05028,-0.09933,0.06479,0,1,-0.611,-0.243,running
113.551,2,941,0.04091,-0.03469,-0.1434,-0.0624,0.05168,-0.09414,0.06347,0,1,-0.026,0.177,running
113.594,2,942,0.03668,-0.03669,-0.2327,-0.1099,0.02777,-0.06518,0.06165,0,1,0.260,0.341,running
113.638,2,943,0.03194,-0.03971,-0.2607,-0.1662,-0.01208,-0.01302,0.06057,0,1,0.570,0.497,running
113.682,2,944,0.02552,-0.04304,-0.3529,-0.1831,-0.04772,0.04713,0.05929,0,1,0.688,0.689,running
113.727,2,945,0.02016,-0.04567,-0.2946,-0.1448,-0.07530,0.10064,0.05875,0,1,0.800,0.761,running
113.771,2,946,0.01490,-0.04699,-0.2898,-0.0726,-0.11348,0.13671,0.05765,0,1,0.800,0.648,running
113.815,2,947,0.01078,-0.04698,-0.2262,0.0006,-0.11616,0.16559,0.05615,0,1,0.800,0.418,running
113.858,2,948,0.00790,-0.04649,-0.1585,0.0272,-0.11330,0.17127,0.05479,0,1,0.697,0.173,running
113.901,2,949,0.00761,-0.04488,-0.0157,0.0886,-0.09669,0.16860,0.05316,0,1,0.489,0.077,running
113.946,2,950,0.00849,-0.04171,0.0482,0.1743,-0.04528,0.16651,0.05041,0,1,0.006,-0.147,running
113.990,2,951,0.01121,-0.03906,0.1495,0.1456,-0.00975,0.14575,0.04891,0,1,-0.222,-0.480,running
114.035,2,952,0.01490,-0.03699,0.2029,0.1143,0.01373,0.08703,0.04861,0,1,-0.601,-0.398,running
114.078,2,953,0.01947,-0.03513,0.2516,0.1020,0.05071,0.01896,0.04935,0,1,-0.800,-0.292,running
114.122,2,954,0.02183,-0.03383,0.1294,0.0718,0.06043,-0.03139,0.04964,0,1,-0.800,-0.248,running
114.167,2,955,0.02455,-0.03302,0.1498,0.0446,0.04442,-0.05820,0.05068,0,1,-0.556,-0.141,running
114.211,2,956,0.02523,-0.03304,0.0372,-0.0016,0.02277,-0.07737,0.05114,0,1,-0.634,-0.041,running
114.255,2,957,0.02547,-0.03400,0.0132,-0.0526,-0.01482,-0.07555,0.05203,0,1,-0.233,0.125,running
114.299,2,958,0.02346,-0.03446,-0.1104,-0.0252,-0.05381,-0.04739,0.05113,0,1,-0.150,0.309,running
114.343,2,959,0.02037,-0.03488,-0.1697,-0.0230,-0.08376,-0.00374,0.04964,0,1,0.297,0.213,running
114.386,2,960,0.01823,-0.03437,-0.1178,0.0279,-0.10997,0.05257,0.04803,0,1,0.529,0.205,running
114.430,2,961,0.01402,-0.03329,-0.2318,0.0591,-0.09300,0.10875,0.04494,1,1,0.358,0.014,in_circle
114.474,2,962,0.01170,-0.03099,-0.1272,0.1266,-0.06010,0.15073,0.04182,1,1,0.800,-0.117,in_circle
114.519,2,963,0.01096,-0.02842,-0.0411,0.1416,-0.02728,0.16839,0.03920,1,1,0.449,-0.401,in_circle
114.562,2,964,0.01181,-0.02569,0.0470,0.1499,0.00625,0.17298,0.03727,1,1,0.118,-0.480,in_circle
114.607,2,965,0.01419,-0.02328,0.1312,0.1328,0.03980,0.16725,0.03662,1,1,-0.237,-0.520,in_circle
114.651,2,966,0.01874,-0.02234,0.2498,0.0518,0.07244,0.14006,0.03882,1,1,-0.580,-0.458,in_circle
114.694,2,967,0.02373,-0.02233,0.2749,0.0002,0.08689,0.09452,0.04239,1,1,-0.800,-0.136,in_circle
114.739,2,968,0.02867,-0.02288,0.2713,-0.0299,0.07158,0.02574,0.04652,0,1,-0.800,0.073,running
114.783,2,969,0.03351,-0.02430,0.2661,-0.0781,0.04287,-0.03181,0.05123,0,1,-0.800,0.193,running
114.828,2,970,0.03720,-0.02693,0.2031,-0.1447,0.00490,-0.07034,0.05576,0,1,-0.800,0.370,running
114.871,2,971,0.03995,-0.03003,0.1513,-0.1709,-0.03206,-0.08935,0.05982,0,1,-0.800,0.596,running
114.915,2,972,0.04079,-0.03245,0.0460,-0.1329,-0.05859,-0.09462,0.06196,0,1,-0.652,0.674,running
114.958,2,973,0.03942,-0.03478,-0.0753,-0.1283,-0.09453,-0.07695,0.06239,0,1,-0.318,0.553,running
115.003,2,974,0.03672,-0.03637,-0.1481,-0.0870,-0.10101,-0.03785,0.06146,0,1,0.063,0.546,running
115.045,2,975,0.03351,-0.03733,-0.1771,-0.0528,-0.10830,0.01531,0.05986,0,1,0.306,0.425,running
115.091,2,976,0.02983,-0.03642,-0.2023,0.0496,-0.09542,0.07495,0.05671,0,1,0.423,0.321,running
115.134,2,977,0.02756,-0.03510,-0.1249,0.0726,-0.06253,0.12703,0.05422,0,1,0.549,-0.024,running
115.177,2,978,0.02603,-0.03277,-0.0838,0.1284,-0.02181,0.16516,0.05146,0,1,0.315,-0.117,running
115.222,2,979,0.02574,-0.03069,-0.0161,0.1145,0.00899,0.18287,0.04971,0,1,0.193,-0.335,running
115.267,2,980,0.02676,-0.02915,0.0562,0.0845,0.04351,0.17002,0.04930,0,1,-0.042,-0.304,running
115.310,2,981,0.02874,-0.02837,0.1090,0.0431,0.07464,0.12549,0.05017,0,1,-0.306,-0.202,running
115.354,2,982,0.03164,-0.02827,0.1595,0.0056,0.07055,0.07023,0.05225,0,1,-0.501,-0.051,running
115.399,2,983,0.03521,-0.02862,0.1964,-0.0193,0.03755,0.01892,0.05522,0,1,-0.683,0.087,running
115.488,2,984,0.03967,-0.03184,0.2451,-0.1771,-0.02287,-0.07022,0.06071,0,1,-0.800,0.178,running
115.533,2,985,0.03895,-0.03326,-0.0396,-0.0780,-0.02918,-0.09686,0.06105,0,1,-0.800,0.695,running
115.574,2,986,0.03746,-0.03487,-0.0823,-0.0885,-0.04184,-0.09745,0.06098,0,1,-0.041,0.386,running
115.619,2,987,0.03429,-0.03631,-0.1741,-0.0793,-0.09478,-0.09502,0.05968,0,1,0.100,0.425,running
115.663,2,988,0.02887,-0.03689,-0.2978,-0.0321,-0.08221,-0.06798,0.05644,0,1,0.413,0.402,running
115.706,2,989,0.02280,-0.03624,-0.3339,0.0358,-0.06948,-0.01407,0.05216,0,1,0.800,0.250,running
115.752,2,990,0.01628,-0.03608,-0.3586,0.0088,-0.06985,0.04934,0.04849,0,1,0.800,0.005,running
115.796,2,991,0.00978,-0.03465,-0.3575,0.0790,-0.02939,0.10512,0.04429,1,1,0.800,0.091,in_circle
115.838,2,992,0.00407,-0.03314,-0.3141,0.0828,0.02027,0.15038,0.04090,1,1,0.800,-0.192,in_circle
115.884,2,993,0.00045,-0.03237,-0.1993,0.0425,0.03330,0.17737,0.03925,1,1,0.800,-0.228,in_circle
115.926,2,994,-0.00266,-0.03215,-0.1710,0.0120,0.04928,0.18305,0.03850,1,1,0.776,-0.074,in_circle
115.971,2,995,-0.00345,-0.03291,-0.0434,-0.0416,0.06072,0.17618,0.03915,1,1,0.671,0.047,in_circle
116.015,2,996,-0.00280,-0.03369,0.0355,-0.0432,0.02156,0.15741,0.04001,1,1,0.163,0.264,in_circle
116.059,2,997,-0.00072,-0.03511,0.1146,-0.0781,-0.01874,0.12634,0.04172,1,1,-0.155,0.272,in_circle
116.103,2,998,0.00205,-0.03666,0.1522,-0.0852,-0.04560,0.07342,0.04379,1,1,-0.469,0.413,in_circle
116.146,2,999,0.00514,-0.03822,0.1702,-0.0858,-0.07461,0.00802,0.04608,0,1,-0.612,0.443,running
116.190,2,1000,0.00808,-0.03853,0.1617,-0.0167,-0.10510,-0.04784,0.04727,0,1,-0.676,0.446,running
116.234,2,1001,0.00983,-0.03823,0.0959,0.0165,-0.09180,-0.07912,0.04761,0,1,-0.645,0.189,running
116.280,2,1002,0.00997,-0.03727,0.0082,0.0528,-0.09563,-0.09948,0.04678,0,1,-0.405,0.067,running
116.323,2,1003,0.00866,-0.03544,-0.0723,0.1004,-0.07290,-0.09018,0.04459,1,1,-0.081,-0.074,in_circle
116.367,2,1004,0.00555,-0.03367,-0.1712,0.0972,-0.02826,-0.05222,0.04186,1,1,0.231,-0.270,in_circle
116.411,2,1005,0.00181,-0.03102,-0.2056,0.1460,0.00410,0.00949,0.03825,1,1,0.637,-0.279,in_circle
116.455,2,1006,-0.00241,-0.02932,-0.2319,0.0937,0.03361,0.06645,0.03572,1,1,0.799,-0.492,in_circle
116.499,2,1007,-0.00706,-0.02770,-0.2561,0.0890,0.06006,0.11763,0.03371,1,1,0.800,-0.287,in_circle
116.543,2,1008,-0.00968,-0.02772,-0.1437,-0.0012,0.08057,0.15368,0.03377,1,1,0.800,-0.272,in_circle
116.587,2,1009,-0.01130,-0.02839,-0.0890,-0.0369,0.06352,0.17853,0.03457,1,1,0.580,0.089,in_circle
116.631,2,1010,-0.01121,-0.02985,0.0047,-0.0802,0.02093,0.18410,0.03601,1,1,0.365,0.234,in_circle
116.675,2,1011,-0.00992,-0.03201,0.0709,-0.1189,-0.01095,0.16950,0.03807,1,1,-0.010,0.410,in_circle
116.719,2,1012,-0.00677,-0.03434,0.1734,-0.1282,-0.03701,0.12179,0.04035,1,1,-0.278,0.571,in_circle
116.764,2,1013,-0.00285,-0.03625,0.2153,-0.1047,-0.07920,0.05932,0.04253,1,1,-0.694,0.612,in_circle
116.807,2,1014,0.00102,-0.03809,0.2132,-0.1015,-0.10878,0.00330,0.04496,1,1,-0.800,0.519,in_circle
116.851,2,1015,0.00412,-0.03860,0.1702,-0.0279,-0.10174,-0.03057,0.04616,0,1,-0.800,0.507,running
116.894,2,1016,0.00647,-0.03805,0.1294,0.0299,-0.09824,-0.06712,0.04631,0,1,-0.672,0.230,running
116.939,2,1017,0.00745,-0.03624,0.0542,0.0995,-0.07856,-0.09540,0.04491,1,1,-0.525,0.012,in_circle
116.989,2,1018,0.00694,-0.03436,-0.0283,0.1038,-0.04372,-0.10159,0.04296,1,1,-0.248,-0.262,in_circle
117.028,2,1019,0.00427,-0.03247,-0.1468,0.1037,-0.00424,-0.05608,0.04032,1,1,0.071,-0.296,in_circle
117.073,2,1020,0.00093,-0.03077,-0.1836,0.0934,0.02476,0.01376,0.03780,1,1,0.555,-0.317,in_circle
117.116,2,1021,-0.00313,-0.02947,-0.2237,0.0718,0.04970,0.08119,0.03577,1,1,0.713,-0.282,in_circle
117.158,2,1022,-0.00700,-0.02873,-0.2127,0.0408,0.06823,0.11891,0.03473,1,1,0.800,-0.198,in_circle
117.203,2,1023,-0.00961,-0.02945,-0.1434,-0.0399,0.05475,0.13656,0.03550,1,1,0.800,-0.076,in_circle
117.254,2,1024,-0.01160,-0.03090,-0.1094,-0.0798,0.02538,0.16172,0.03710,1,1,0.578,0.248,in_circle
117.292,2,1025,-0.01094,-0.03316,0.0363,-0.1240,-0.01342,0.17877,0.03928,1,1,0.447,0.411,in_circle
117.334,2,1026,-0.00957,-0.03543,0.0751,-0.1249,-0.04841,0.17148,0.04146,1,1,-0.137,0.594,in_circle
117.379,2,1027,-0.00712,-0.03661,0.1348,-0.0653,-0.07102,0.13234,0.04262,1,1,-0.291,0.599,in_circle
117.422,2,1028,-0.00304,-0.03790,0.2247,-0.0706,-0.10939,0.07043,0.04416,1,1,-0.527,0.367,in_circle
117.513,2,1029,0.00507,-0.03696,0.4461,0.0514,-0.08949,-0.03891,0.04485,1,1,-0.800,0.390,in_circle
117.555,2,1030,0.00820,-0.03470,0.1719,0.1244,-0.08771,-0.05215,0.04373,1,1,-0.800,-0.078,in_circle
117.598,2,1031,0.01018,-0.03231,0.1088,0.1318,-0.06714,-0.04619,0.04231,1,1,-0.705,-0.370,in_circle
117.643,2,1032,0.01099,-0.02992,0.0445,0.1311,-0.01556,-0.05302,0.04054,1,1,-0.472,-0.415,in_circle
117.688,2,1033,0.00949,-0.02703,-0.0824,0.1592,0.02106,-0.05285,0.03728,1,1,-0.225,-0.431,in_circle
117.731,2,1034,0.00745,-0.02442,-0.1120,0.1437,0.04265,-0.01855,0.03403,1,1,0.286,-0.554,in_circle
117.776,2,1035,0.00544,-0.02328,-0.1105,0.0622,0.07131,0.04439,0.03214,1,1,0.410,-0.499,in_circle
117.826,2,1036,0.00544,-0.02328,0.0000,0.0000,0.08166,0.10296,0.03214,0,0,0.409,-0.176,in_circle
117.907,2,1037,0.00018,-0.02687,-0.2895,-0.1973,0.04539,0.17195,0.03383,1,1,-0.033,0.073,in_circle
117.951,2,1038,0.00055,-0.02987,0.0205,-0.1651,0.01431,0.16157,0.03683,1,1,0.800,0.800,in_circle
117.994,2,1039,0.00279,-0.03356,0.1228,-0.2028,-0.00175,0.12851,0.04095,1,1,-0.103,0.750,in_circle
118.039,2,1040,0.00551,-0.03714,0.1497,-0.1966,-0.01605,0.10858,0.04514,1,1,-0.513,0.800,in_circle
118.082,2,1041,0.00970,-0.04014,0.2306,-0.1650,-0.06610,0.10481,0.04934,0,1,-0.605,0.800,running
118.127,2,1042,0.01429,-0.04303,0.2526,-0.1594,-0.10463,0.07432,0.05378,0,1,-0.800,0.735,running
118.172,2,1043,0.01906,-0.04435,0.2620,-0.0724,-0.10588,0.00898,0.05706,0,1,-0.800,0.706,running
118.223,2,1044,0.02254,-0.04480,0.1917,-0.0249,-0.10354,-0.05258,0.05917,0,1,-0.800,0.409,running
118.303,2,1045,0.02572,-0.04267,0.1751,0.1174,-0.08363,-0.12384,0.05910,0,1,-0.725,0.256,running
118.345,2,1046,0.02394,-0.04047,-0.0983,0.1207,-0.04680,-0.12216,0.05628,0,1,-0.683,-0.212,running
118.390,2,1047,0.02121,-0.03843,-0.1500,0.1124,-0.02553,-0.09618,0.05306,0,1,0.224,-0.250,running
118.433,2,1048,0.01525,-0.03504,-0.3278,0.1863,-0.01725,-0.06241,0.04707,0,1,0.430,-0.251,running
118.479,2,1049,0.00884,-0.03289,-0.3523,0.1182,0.02786,-0.01003,0.04230,1,1,0.800,-0.576,in_circle
118.524,2,1050,0.00146,-0.03139,-0.4059,0.0828,0.05804,0.04901,0.03852,1,1,0.800,-0.360,in_circle
118.567,2,1051,-0.00562,-0.03034,-0.3893,0.0574,0.06477,0.09719,0.03641,1,1,0.800,-0.238,in_circle
118.610,2,1052,-0.01173,-0.03008,-0.3361,0.0143,0.05642,0.13242,0.03630,1,1,0.800,-0.139,in_circle
118.655,2,1053,-0.01751,-0.03049,-0.3184,-0.0226,0.01551,0.16007,0.03776,1,1,0.800,0.033,in_circle
118.700,2,1054,-0.02085,-0.03162,-0.1836,-0.0618,-0.02513,0.18235,0.03982,1,1,0.800,0.181,in_circle
118.743,2,1055,-0.02211,-0.03318,-0.0693,-0.0861,-0.05269,0.17581,0.04171,1,1,0.767,0.341,in_circle
118.788,2,1056,-0.02272,-0.03398,-0.0336,-0.0439,-0.08458,0.16117,0.04267,1,1,0.309,0.440,in_circle
118.831,2,1057,-0.02091,-0.03458,0.0998,-0.0330,-0.11090,0.14162,0.04264,1,1,0.170,0.276,in_circle
118.876,2,1058,-0.01865,-0.03371,0.1242,0.0479,-0.11155,0.11086,0.04116,1,1,-0.354,0.235,in_circle
118.920,2,1059,-0.01543,-0.03253,0.1770,0.0647,-0.08426,0.05686,0.03928,1,1,-0.463,-0.088,in_circle
118.964,2,1060,-0.01209,-0.02989,0.1837,0.1455,-0.04725,0.00480,0.03614,1,1,-0.689,-0.162,in_circle
119.007,2,1061,-0.00978,-0.02675,0.1271,0.1724,-0.01272,-0.04396,0.03281,1,1,-0.724,-0.492,in_circle
119.051,2,1062,-0.00841,-0.02408,0.0751,0.1471,0.01764,-0.08783,0.03009,1,1,-0.503,-0.608,in_circle
119.094,2,1063,-0.00902,-0.02255,-0.0331,0.0840,0.05536,-0.11464,0.02858,1,1,-0.299,-0.513,in_circle
119.139,2,1064,-0.01134,-0.02150,-0.1279,0.0577,0.09242,-0.09712,0.02773,1,1,0.135,-0.265,in_circle
119.182,2,1065,-0.01548,-0.02179,-0.2275,-0.0159,0.08299,-0.04035,0.02883,1,1,0.520,-0.162,in_circle
119.226,2,1066,-0.02005,-0.02355,-0.2514,-0.0967,0.04485,0.03161,0.03199,1,1,0.800,0.133,in_circle
119.271,2,1067,-0.02458,-0.02566,-0.2493,-0.1160,0.01172,0.08531,0.03583,1,1,0.800,0.461,in_circle
119.315,2,1068,-0.02902,-0.02877,-0.2443,-0.1713,-0.01972,0.12393,0.04074,1,1,0.800,0.543,in_circle
119.358,2,1069,-0.03316,-0.03156,-0.2275,-0.1534,-0.05695,0.15095,0.04532,1,1,0.800,0.768,in_circle
119.402,2,1070,-0.03473,-0.03381,-0.0863,-0.1237,-0.08980,0.16750,0.04806,0,1,0.800,0.685,running
119.447,2,1071,-0.03516,-0.03497,-0.0237,-0.0637,-0.11993,0.16813,0.04926,0,1,0.395,0.571,running
119.534,2,1072,-0.03048,-0.03428,0.2571,0.0376,-0.09445,0.14085,0.04623,0,1,0.167,0.352,running
119.578,2,1073,-0.02624,-0.03219,0.2336,0.1152,-0.09527,0.11898,0.04241,1,1,-0.800,-0.028,in_circle
119.622,2,1074,-0.01990,-0.02995,0.3486,0.1232,-0.07484,0.09176,0.03793,1,1,-0.800,-0.350,in_circle
119.667,2,1075,-0.01429,-0.02646,0.3086,0.1921,-0.01791,0.05172,0.03310,1,1,-0.800,-0.403,in_circle
119.713,2,1076,-0.00864,-0.02290,0.3104,0.1955,0.01739,-0.00328,0.02892,1,1,-0.800,-0.687,in_circle
119.763,2,1077,-0.00864,-0.02290,0.0000,0.0000,0.03836,-0.05601,0.02892,0,0,-0.800,-0.710,in_circle
119.802,2,1078,-0.00061,-0.01848,0.4417,0.2435,0.07724,-0.08951,0.02551,1,1,0.002,0.072,in_circle
119.844,2,1079,0.00050,-0.01751,0.0613,0.0528,0.09956,-0.10561,0.02494,1,1,-0.800,-0.800,in_circle
119.885,2,1080,0.00065,-0.01828,0.0085,-0.0423,0.07314,-0.09900,0.02571,1,1,-0.266,-0.153,in_circle
119.931,2,1081,-0.00166,-0.02032,-0.1272,-0.1122,0.07211,-0.06587,0.02703,1,1,-0.055,0.230,in_circle
119.974,2,1082,-0.00406,-0.02338,-0.1323,-0.1680,0.07130,-0.03289,0.02961,1,1,0.494,0.514,in_circle
120.018,2,1083,-0.00946,-0.02726,-0.2968,-0.2136,0.01414,0.01358,0.03330,1,1,0.520,0.746,in_circle
120.063,2,1084,-0.01425,-0.03213,-0.2635,-0.2677,-0.02673,0.06563,0.03867,1,1,0.800,0.800,in_circle
120.106,2,1085,-0.01927,-0.03614,-0.2763,-0.2206,-0.04487,0.11229,0.04367,1,1,0.800,0.800,in_circle
120.151,2,1086,-0.02295,-0.03983,-0.2023,-0.2030,-0.08079,0.14264,0.04827,0,1,0.800,0.800,running
120.195,2,1087,-0.02580,-0.04252,-0.1567,-0.1478,-0.12094,0.17116,0.05175,0,1,0.787,0.800,running
120.241,2,1088,-0.02687,-0.04483,-0.0586,-0.1274,-0.11878,0.16740,0.05429,0,1,0.609,0.672,running
120.283,2,1089,-0.02580,-0.04520,0.0590,-0.0201,-0.11565,0.16061,0.05427,0,1,0.262,0.600,running
120.327,2,1090,-0.02330,-0.04484,0.1372,0.0199,-0.09966,0.16088,0.05315,0,1,-0.145,0.234,running
120.370,2,1091,-0.01959,-0.04445,0.2041,0.0214,-0.06549,0.13091,0.05181,0,1,-0.428,0.092,running
120.415,2,1092,-0.01495,-0.04302,0.2554,0.0785,-0.02725,0.06456,0.04954,0,1,-0.684,0.080,running
120.459,2,1093,-0.01062,-0.04140,0.2380,0.0894,0.00597,-0.00468,0.04748,0,1,-0.800,-0.138,running
120.503,2,1094,-0.00692,-0.04044,0.2035,0.0528,0.03217,-0.05117,0.04645,0,1,-0.800,-0.195,running
120.547,2,1095,-0.00471,-0.03984,0.1216,0.0327,0.06054,-0.07252,0.04595,0,1,-0.764,-0.066,running
120.591,2,1096,-0.00352,-0.04023,0.0654,-0.0212,0.06897,-0.08578,0.04643,0,1,-0.466,0.005,running
120.635,2,1097,-0.00462,-0.04167,-0.0606,-0.0794,0.03188,-0.08598,0.04778,0,1,-0.257,0.210,running
120.678,2,1098,-0.00669,-0.04333,-0.1137,-0.0914,-0.00842,-0.06404,0.04935,0,1,0.214,0.431,running
120.723,2,1099,-0.00942,-0.04543,-0.1505,-0.1152,-0.03979,-0.01392,0.05145,0,1,0.409,0.478,running
120.766,2,1100,-0.01435,-0.04723,-0.2710,-0.0991,-0.07244,0.05634,0.05363,0,1,0.538,0.566,running
120.813,2,1101,-0.01881,-0.04846,-0.2451,-0.0679,-0.10613,0.11625,0.05556,0,1,0.800,0.512,running
120.854,2,1102,-0.02238,-0.04913,-0.1963,-0.0366,-0.11324,0.15104,0.05702,0,1,0.800,0.408,running
120.899,2,1103,-0.02436,-0.04841,-0.1090,0.0398,-0.10180,0.17469,0.05687,0,1,0.700,0.306,running
120.942,2,1104,-0.02493,-0.04714,-0.0312,0.0696,-0.08243,0.17334,0.05583,0,1,0.418,0.050,running
120.987,2,1105,-0.02362,-0.04561,0.0717,0.0839,-0.03746,0.16850,0.05398,0,1,0.161,-0.060,running
121.032,2,1106,-0.02103,-0.04356,0.1428,0.1130,0.00161,0.15737,0.05129,0,1,-0.196,-0.123,running
121.075,2,1107,-0.01692,-0.04191,0.2258,0.0906,0.02700,0.11175,0.04877,0,1,-0.466,-0.249,running
121.120,2,1108,-0.01217,-0.04128,0.2609,0.0347,0.05332,0.04098,0.04748,0,1,-0.797,-0.190,running
121.164,2,1109,-0.00827,-0.04117,0.2148,0.0058,0.06414,-0.01396,0.04718,0,1,-0.800,0.007,running
121.208,2,1110,-0.00475,-0.04230,0.1935,-0.0619,0.04739,-0.04740,0.04840,0,1,-0.796,0.113,running
121.250,2,1111,-0.00220,-0.04337,0.1401,-0.0587,0.01657,-0.07136,0.04968,0,1,-0.718,0.368,running
121.294,2,1112,-0.00153,-0.04537,0.0370,-0.1099,-0.02148,-0.08096,0.05175,0,1,-0.523,0.360,running
121.339,2,1113,-0.00257,-0.04759,-0.0573,-0.1221,-0.05124,-0.07905,0.05384,0,1,-0.150,0.547,running
121.383,2,1114,-0.00520,-0.04916,-0.1445,-0.0867,-0.08668,-0.04885,0.05522,0,1,0.181,0.592,running
121.426,2,1115,-0.00889,-0.05017,-0.2031,-0.0555,-0.10972,0.01375,0.05618,0,1,0.482,0.474,running
121.472,2,1116,-0.01256,-0.04977,-0.2017,0.0220,-0.11089,0.07942,0.05597,0,1,0.685,0.372,running
121.561,2,1117,-0.01799,-0.04645,-0.2985,0.1829,-0.07266,0.15437,0.05343,0,1,0.694,0.110,running
121.602,2,1118,-0.01879,-0.04410,-0.0440,0.1291,-0.05884,0.16284,0.05129,0,1,0.800,-0.467,running
121.648,2,1119,-0.01871,-0.04045,0.0045,0.2007,-0.04974,0.16092,0.04771,0,1,0.190,-0.304,running
121.692,2,1120,-0.01657,-0.03708,0.1173,0.1855,0.00045,0.16146,0.04396,1,1,0.015,-0.607,in_circle
121.735,2,1121,-0.01254,-0.03474,0.2217,0.1288,0.04009,0.15864,0.04101,1,1,-0.427,-0.596,in_circle
121.778,2,1122,-0.00795,-0.03216,0.2526,0.1419,0.05590,0.12905,0.03816,1,1,-0.800,-0.406,in_circle
121.823,2,1123,-0.00249,-0.03172,0.3005,0.0238,0.07647,0.06159,0.03810,1,1,-0.800,-0.472,in_circle
121.865,2,1124,0.00317,-0.03166,0.3111,0.0037,0.05734,-0.00543,0.03922,1,1,-0.800,-0.001,in_circle
121.911,2,1125,0.00827,-0.03231,0.2807,-0.0361,0.03603,-0.05439,0.04155,1,1,-0.800,0.079,in_circle
121.955,2,1126,0.01193,-0.03401,0.2013,-0.0935,0.01727,-0.07631,0.04462,1,1,-0.800,0.241,in_circle
121.998,2,1127,0.01457,-0.03553,0.1452,-0.0836,-0.02501,-0.09421,0.04718,0,1,-0.800,0.466,running
122.043,2,1128,0.01474,-0.03758,0.0094,-0.1124,-0.06293,-0.09068,0.04906,0,1,-0.603,0.429,running
122.086,2,1129,0.01426,-0.03901,-0.0268,-0.0790,-0.08635,-0.07161,0.05013,0,1,-0.101,0.538,running
122.131,2,1130,0.01150,-0.03961,-0.1514,-0.0327,-0.09870,-0.02171,0.04953,0,1,0.030,0.419,running
122.175,2,1131,0.00801,-0.03947,-0.1924,0.0076,-0.10258,0.04052,0.04814,0,1,0.491,0.254,running
122.220,2,1132,0.00566,-0.03889,-0.1290,0.0321,-0.08127,0.09134,0.04686,0,1,0.661,0.104,running
122.262,2,1133,0.00282,-0.03651,-0.1565,0.1307,-0.04579,0.12878,0.04381,1,1,0.443,0.008,in_circle
122.307,2,1134,0.00166,-0.03440,-0.0634,0.1159,-0.00796,0.15325,0.04150,1,1,0.574,-0.388,in_circle
122.350,2,1135,0.00147,-0.03245,-0.0103,0.1071,0.02384,0.16583,0.03956,1,1,0.225,-0.352,in_circle
122.395,2,1136,0.00303,-0.03084,0.0854,0.0891,0.05843,0.16026,0.03839,1,1,0.018,-0.332,in_circle
122.439,2,1137,0.00537,-0.03030,0.1287,0.0292,0.06489,0.14400,0.03862,1,1,-0.369,-0.264,in_circle
122.484,2,1138,0.00889,-0.03110,0.1939,-0.0439,0.05098,0.09300,0.04069,1,1,-0.548,-0.026,in_circle
122.527,2,1139,0.01331,-0.03221,0.2428,-0.0607,0.03014,0.02773,0.04365,1,1,-0.800,0.268,in_circle
122.572,2,1140,0.01675,-0.03343,0.1894,-0.0676,-0.01151,-0.02820,0.04645,0,1,-0.800,0.336,running
122.617,2,1141,0.01959,-0.03519,0.1561,-0.0965,-0.04807,-0.06458,0.04946,0,1,-0.778,0.364,running
122.659,2,1142,0.02109,-0.03652,0.0827,-0.0729,-0.07364,-0.08934,0.05140,0,1,-0.647,0.472,running
122.703,2,1143,0.02164,-0.03726,0.0299,-0.0409,-0.09429,-0.09713,0.05232,0,1,-0.382,0.389,running
122.746,2,1144,0.01952,-0.03684,-0.1163,0.0229,-0.09800,-0.07245,0.05081,0,1,-0.197,0.278,running
122.792,2,1145,0.01662,-0.03646,-0.1597,0.0208,-0.08831,-0.02268,0.04898,0,1,0.332,0.048,running
122.837,2,1146,0.01301,-0.03512,-0.1987,0.0740,-0.06074,0.04915,0.04608,0,1,0.509,0.049,running
122.879,2,1147,0.00969,-0.03269,-0.1823,0.1335,-0.01812,0.11224,0.04246,1,1,0.688,-0.163,in_circle
122.922,2,1148,0.00718,-0.03065,-0.1379,0.1124,0.01816,0.14890,0.03959,1,1,0.665,-0.419,in_circle
122.966,2,1149,0.00591,-0.02896,-0.0700,0.0925,0.04574,0.16821,0.03756,1,1,0.514,-0.358,in_circle
123.011,2,1150,0.00682,-0.02827,0.0500,0.0384,0.08056,0.17496,0.03725,1,1,0.246,-0.283,in_circle
123.056,2,1151,0.00758,-0.02873,0.0417,-0.0257,0.07376,0.16383,0.03799,1,1,-0.236,-0.068,in_circle
123.098,2,1152,0.01041,-0.03016,0.1559,-0.0784,0.04140,0.12700,0.04049,1,1,-0.205,0.190,in_circle
123.143,2,1153,0.01456,-0.03286,0.2282,-0.1485,0.01167,0.07250,0.04483,1,1,-0.666,0.403,in_circle
123.189,2,1154,0.01874,-0.03481,0.2301,-0.1071,-0.02387,0.01773,0.04868,0,1,-0.800,0.672,running
123.231,2,1155,0.02229,-0.03673,0.1950,-0.1056,-0.06118,-0.03456,0.05226,0,1,-0.800,0.511,running
123.276,2,1156,0.02496,-0.03862,0.1467,-0.1044,-0.08386,-0.07576,0.05536,0,1,-0.778,0.504,running
123.319,2,1157,0.02585,-0.03953,0.0489,-0.0501,-0.08724,-0.10714,0.05662,0,1,-0.604,0.499,running
123.364,2,1158,0.02466,-0.03991,-0.0650,-0.0209,-0.08097,-0.11033,0.05623,0,1,-0.275,0.319,running
123.409,2,1159,0.02197,-0.03919,-0.1484,0.0397,-0.07583,-0.07614,0.05411,0,1,0.110,0.222,running
123.450,2,1160,0.01775,-0.03816,-0.2317,0.0567,-0.04603,-0.01884,0.05102,0,1,0.414,0.008,running
123.495,2,1161,0.01378,-0.03725,-0.2188,0.0502,-0.00059,0.04885,0.04833,0,1,0.747,-0.067,running
123.582,2,1162,0.00430,-0.03511,-0.5213,0.1175,0.05490,0.13080,0.04286,1,1,0.739,-0.058,in_circle
123.625,2,1163,0.00109,-0.03526,-0.1766,-0.0080,0.05340,0.15016,0.04220,1,1,0.800,-0.348,in_circle
123.670,2,1164,-0.00040,-0.03624,-0.0819,-0.0542,0.04833,0.15186,0.04289,1,1,0.668,0.139,in_circle
123.715,2,1165,-0.00072,-0.03823,-0.0177,-0.1094,0.05032,0.15463,0.04479,1,1,0.299,0.322,in_circle
123.759,2,1166,0.00008,-0.04079,0.0442,-0.1408,0.02354,0.14942,0.04745,0,1,0.048,0.538,running
123.802,2,1167,0.00275,-0.04376,0.1466,-0.1634,-0.01707,0.12201,0.05087,0,1,-0.186,0.656,running
123.847,2,1168,0.00491,-0.04650,0.1192,-0.1506,-0.04536,0.07470,0.05402,0,1,-0.555,0.734,running
123.891,2,1169,0.00801,-0.04910,0.1702,-0.1429,-0.07773,0.01555,0.05732,0,1,-0.451,0.686,running
123.935,2,1170,0.01078,-0.05086,0.1524,-0.0967,-0.10695,-0.04056,0.05982,0,1,-0.616,0.658,running
123.978,2,1171,0.01247,-0.05177,0.0931,-0.0504,-0.10043,-0.07722,0.06123,0,1,-0.554,0.509,running
124.022,2,1172,0.01268,-0.05137,0.0114,0.0221,-0.09576,-0.09310,0.06092,0,1,-0.366,0.364,running
124.067,2,1173,0.01110,-0.05011,-0.0869,0.0691,-0.08702,-0.08309,0.05921,0,1,-0.109,0.134,running
124.110,2,1174,0.00777,-0.04823,-0.1831,0.1034,-0.04969,-0.04721,0.05642,0,1,0.216,-0.029,running
124.156,2,1175,0.00383,-0.04626,-0.2169,0.1088,-0.00648,0.01810,0.05353,0,1,0.560,-0.166,running
124.198,2,1176,-0.00082,-0.04424,-0.2559,0.1106,0.02135,0.07698,0.05073,0,1,0.713,-0.210,running
124.242,2,1177,-0.00458,-0.04330,-0.2068,0.0520,0.05100,0.13149,0.04940,0,1,0.800,-0.242,running
124.287,2,1178,-0.00745,-0.04259,-0.1577,0.0388,0.06629,0.16750,0.04859,0,1,0.740,-0.042,running
124.331,2,1179,-0.00900,-0.04281,-0.0851,-0.0122,0.04995,0.18555,0.04883,0,1,0.575,0.000,running
124.375,2,1180,-0.00850,-0.04440,0.0276,-0.0875,0.02516,0.17866,0.05041,0,1,0.314,0.188,running
124.419,2,1181,-0.00733,-0.04611,0.0644,-0.0938,-0.01500,0.15643,0.05211,0,1,-0.097,0.466,running
124.462,2,1182,-0.00391,-0.04794,0.1879,-0.1006,-0.04632,0.11002,0.05408,0,1,-0.228,0.492,running
124.507,2,1183,-0.00018,-0.05007,0.2052,-0.1171,-0.07784,0.05709,0.05658,0,1,-0.658,0.519,running
124.551,2,1184,0.00317,-0.05107,0.1844,-0.0549,-0.10374,0.00502,0.05811,0,1,-0.710,0.577,running
124.594,2,1185,0.00635,-0.05101,0.1748,0.0030,-0.09908,-0.04175,0.05874,0,1,-0.641,0.374,running
124.638,2,1186,0.00801,-0.04972,0.0912,0.0713,-0.09727,-0.07878,0.05792,0,1,-0.617,0.186,running
124.683,2,1187,0.00880,-0.04747,0.0434,0.1237,-0.07787,-0.10126,0.05599,0,1,-0.353,-0.045,running
124.728,2,1188,0.00786,-0.04527,-0.0516,0.1210,-0.03918,-0.08196,0.05361,0,1,-0.201,-0.239,running
124.771,2,1189,0.00573,-0.04323,-0.1174,0.1121,-0.00088,-0.03063,0.05105,0,1,0.128,-0.255,running
124.816,2,1190,0.00180,-0.04085,-0.2160,0.1308,0.02539,0.03582,0.04782,0,1,0.376,-0.249,running
124.858,2,1191,-0.00180,-0.03981,-0.1979,0.0575,0.04985,0.08983,0.04620,0,1,0.769,-0.347,running
124.903,2,1192,-0.00483,-0.03926,-0.1667,0.0299,0.05451,0.12388,0.04536,1,1,0.726,-0.087,in_circle
124.948,2,1193,-0.00687,-0.03891,-0.1121,0.0196,0.05115,0.14464,0.04492,1,1,0.623,0.012,in_circle
124.989,2,1194,-0.00729,-0.04004,-0.0230,-0.0624,0.02770,0.16466,0.04604,0,1,0.424,0.049,running
125.035,2,1195,-0.00712,-0.04146,0.0092,-0.0778,-0.01578,0.17145,0.04746,0,1,0.085,0.363,running
125.078,2,1196,-0.00498,-0.04239,0.1175,-0.0513,-0.04513,0.14814,0.04847,0,1,-0.036,0.424,running
125.124,2,1197,-0.00143,-0.04424,0.1955,-0.1018,-0.07598,0.08580,0.05064,0,1,-0.439,0.329,running
125.167,2,1198,0.00246,-0.04461,0.2135,-0.0204,-0.09904,0.01802,0.05164,0,1,-0.718,0.516,running
125.210,2,1199,0.00584,-0.04438,0.1863,0.0129,-0.08913,-0.03336,0.05219,0,1,-0.786,0.228,running
125.255,2,1200,0.00820,-0.04374,0.1297,0.0350,-0.08700,-0.06083,0.05225,0,1,-0.697,0.111,running
125.299,2,1201,0.00949,-0.04168,0.0709,0.1131,-0.07097,-0.07577,0.05072,0,1,-0.505,0.032,running
125.343,2,1202,0.00866,-0.03924,-0.0458,0.1342,-0.02062,-0.07847,0.04814,0,1,-0.306,-0.259,running
125.387,2,1203,0.00678,-0.03788,-0.1030,0.0749,0.01545,-0.05535,0.04624,0,1,0.121,-0.362,running
125.431,2,1204,0.00444,-0.03651,-0.1289,0.0754,0.03826,-0.00438,0.04424,1,1,0.345,-0.158,in_circle
125.475,2,1205,0.00107,-0.03625,-0.1853,0.0141,0.06646,0.05741,0.04318,1,1,0.460,-0.173,in_circle
125.519,2,1206,-0.00168,-0.03563,-0.1513,0.0344,0.04432,0.11591,0.04208,1,1,0.694,0.058,in_circle
125.608,2,1207,-0.00503,-0.03786,-0.1842,-0.1228,-0.00929,0.18771,0.04395,1,1,0.577,-0.026,in_circle
125.651,2,1208,-0.00455,-0.03926,0.0265,-0.0769,-0.01221,0.18169,0.04538,1,1,0.700,0.590,in_circle
125.694,2,1209,-0.00167,-0.04044,0.1585,-0.0651,-0.02567,0.17799,0.04685,0,1,-0.109,0.416,running
125.740,2,1210,0.00283,-0.04204,0.2475,-0.0879,-0.06475,0.16817,0.04921,0,1,-0.608,0.375,running
125.782,2,1211,0.00805,-0.04249,0.2869,-0.0248,-0.09446,0.14375,0.05102,0,1,-0.800,0.462,running
125.826,2,1212,0.01492,-0.04263,0.3777,-0.0073,-0.08641,0.08160,0.05367,0,1,-0.800,0.236,running
125.870,2,1213,0.02145,-0.04132,0.3591,0.0719,-0.08556,0.01312,0.05563,0,1,-0.800,0.180,running
125.915,2,1214,0.02812,-0.03982,0.3671,0.0824,-0.06672,-0.03608,0.05822,0,1,-0.800,-0.087,running
125.960,2,1215,0.03341,-0.03766,0.2909,0.1188,-0.01934,-0.05806,0.06004,0,1,-0.800,-0.113,running
126.002,2,1216,0.03688,-0.03576,0.1907,0.1047,0.01768,-0.07293,0.06116,0,1,-0.800,-0.227,running
126.048,2,1217,0.03878,-0.03411,0.1047,0.0905,0.04091,-0.07597,0.06147,0,1,-0.760,-0.182,running
126.091,2,1218,0.03931,-0.03374,0.0293,0.0204,0.06700,-0.06612,0.06164,0,1,-0.495,-0.141,running
126.136,2,1219,0.03919,-0.03438,-0.0068,-0.0351,0.05576,-0.04194,0.06196,0,1,-0.261,0.078,running
126.179,2,1220,0.03740,-0.03590,-0.0984,-0.0833,0.02741,0.00153,0.06163,0,1,-0.148,0.255,running
126.223,2,1221,0.03565,-0.03728,-0.0965,-0.0762,-0.00968,0.06066,0.06133,0,1,0.147,0.411,running
126.268,2,1222,0.03416,-0.03950,-0.0819,-0.1221,-0.04503,0.11870,0.06189,0,1,0.149,0.394,running
126.311,2,1223,0.03343,-0.04092,-0.0400,-0.0778,-0.07543,0.15764,0.06246,0,1,0.105,0.545,running
126.355,2,1224,0.03386,-0.04151,0.0238,-0.0325,-0.09877,0.17226,0.06319,0,1,-0.025,0.411,running
126.398,2,1225,0.03594,-0.04130,0.1144,0.0115,-0.10889,0.14478,0.06443,0,1,-0.226,0.274,running
126.443,2,1226,0.03903,-0.03971,0.1699,0.0876,-0.09255,0.10154,0.06544,0,1,-0.509,0.141,running
126.487,2,1227,0.04280,-0.03734,0.2074,0.1302,-0.05370,0.05081,0.06662,0,1,-0.683,-0.089,running
126.531,2,1228,0.04675,-0.03436,0.2169,0.1641,-0.01291,-0.00129,0.06785,0,1,-0.800,-0.216,running
126.575,2,1229,0.04976,-0.03179,0.1658,0.1413,0.01671,-0.04818,0.06885,0,1,-0.800,-0.316,running
126.619,2,1230,0.05165,-0.02989,0.1042,0.1042,0.04903,-0.08594,0.06945,0,1,-0.699,-0.253,running
126.662,2,1231,0.05227,-0.02934,0.0337,0.0302,0.07061,-0.10501,0.06969,0,1,-0.530,-0.152,running
126.707,2,1232,0.05083,-0.03020,-0.0789,-0.0472,0.05916,-0.09852,0.06891,0,1,-0.334,0.056,running
126.752,2,1233,0.04833,-0.03239,-0.1378,-0.1207,0.02498,-0.05833,0.06800,0,1,-0.007,0.277,running
126.795,2,1234,0.04462,-0.03508,-0.2036,-0.1475,-0.01688,0.01002,0.06660,0,1,0.178,0.497,running
126.838,2,1235,0.04000,-0.03783,-0.2546,-0.1515,-0.04794,0.06689,0.06485,0,1,0.397,0.590,running
126.883,2,1236,0.03595,-0.04011,-0.2223,-0.1253,-0.07907,0.10698,0.06356,0,1,0.586,0.619,running
126.927,2,1237,0.03272,-0.04132,-0.1781,-0.0665,-0.11320,0.13312,0.06229,0,1,0.519,0.553,running
126.972,2,1238,0.03105,-0.04142,-0.0915,-0.0059,-0.11221,0.16025,0.06131,0,1,0.407,0.378,running
127.014,2,1239,0.03025,-0.04070,-0.0442,0.0400,-0.10218,0.17249,0.06023,0,1,0.149,0.188,running
127.059,2,1240,0.03099,-0.03925,0.0405,0.0795,-0.08249,0.15424,0.05960,0,1,0.008,0.036,running
127.103,2,1241,0.03301,-0.03677,0.1111,0.1364,-0.03368,0.11724,0.05911,0,1,-0.265,-0.098,running
127.146,2,1242,0.03532,-0.03439,0.1275,0.1311,0.00272,0.07159,0.05908,0,1,-0.500,-0.294,running
127.191,2,1243,0.03830,-0.03234,0.1640,0.1128,0.02984,0.02031,0.05996,0,1,-0.562,-0.285,running
127.234,2,1244,0.04079,-0.03043,0.1367,0.1047,0.06477,-0.02353,0.06073,0,1,-0.686,-0.227,running
127.280,2,1245,0.04177,-0.02961,0.0539,0.0452,0.06751,-0.06273,0.06103,0,1,-0.605,-0.203,running
127.323,2,1246,0.04152,-0.03046,-0.0135,-0.0471,0.04124,-0.10121,0.06134,0,1,-0.346,-0.016,running
127.367,2,1247,0.03966,-0.03224,-0.1027,-0.0977,0.01758,-0.10986,0.06095,0,1,-0.134,0.278,running
127.411,2,1248,0.03689,-0.03432,-0.1524,-0.1141,-0.02044,-0.08302,0.06019,0,1,0.156,0.445,running
127.456,2,1249,0.03239,-0.03636,-0.2476,-0.1125,-0.06261,-0.01659,0.05839,0,1,0.330,0.506,running
127.500,2,1250,0.02695,-0.03778,-0.2990,-0.0780,-0.08945,0.05871,0.05589,0,1,0.671,0.512,running
127.543,2,1251,0.02094,-0.03814,-0.3304,-0.0198,-0.11457,0.10893,0.05267,0,1,0.800,0.406,running
127.631,2,1252,0.01375,-0.03584,-0.3953,0.1262,-0.08409,0.14713,0.04707,0,1,0.800,0.207,running
127.675,2,1253,0.01163,-0.03405,-0.1168,0.0988,-0.08002,0.17542,0.04451,1,1,0.800,-0.350,in_circle
127.719,2,1254,0.01137,-0.03098,-0.0142,0.1687,-0.06095,0.17308,0.04165,1,1,0.393,-0.268,in_circle
127.762,2,1255,0.01337,-0.02766,0.1098,0.1825,-0.00887,0.16691,0.03976,1,1,0.006,-0.568,in_circle
127.806,2,1256,0.01606,-0.02496,0.1479,0.1486,0.03037,0.15783,0.03908,1,1,-0.492,-0.646,in_circle
127.851,2,1257,0.02061,-0.02288,0.2504,0.1145,0.05144,0.11993,0.04051,1,1,-0.651,-0.517,in_circle
127.894,2,1258,0.02574,-0.02117,0.2822,0.0937,0.08864,0.06338,0.04317,1,1,-0.800,-0.383,in_circle
127.939,2,1259,0.03079,-0.02095,0.2776,0.0124,0.07753,-0.00062,0.04707,0,1,-0.800,-0.291,running
127.982,2,1260,0.03505,-0.02137,0.2342,-0.0234,0.03876,-0.05591,0.05084,0,1,-0.800,0.031,running
128.027,2,1261,0.03784,-0.02265,0.1536,-0.0702,0.01011,-0.08577,0.05389,0,1,-0.800,0.167,running
128.071,2,1262,0.03938,-0.02450,0.0846,-0.1019,-0.02323,-0.10187,0.05618,0,1,-0.675,0.333,running
128.116,2,1263,0.03946,-0.02633,0.0043,-0.1005,-0.05818,-0.09064,0.05726,0,1,-0.440,0.443,running
128.159,2,1264,0.03708,-0.02808,-0.1309,-0.0964,-0.09249,-0.06050,0.05635,0,1,-0.173,0.441,running
128.205,2,1265,0.03394,-0.02812,-0.1723,-0.0021,-0.10382,-0.00599,0.05391,0,1,0.289,0.436,running
128.247,2,1266,0.02988,-0.02690,-0.2236,0.0673,-0.10145,0.05188,0.05002,0,1,0.460,0.116,running
128.292,2,1267,0.02589,-0.02486,-0.2191,0.1120,-0.09432,0.09528,0.04569,0,1,0.692,-0.144,running
128.335,2,1268,0.02230,-0.02218,-0.1977,0.1472,-0.06042,0.13583,0.04124,1,1,0.733,-0.337,in_circle
128.378,2,1269,0.02119,-0.01852,-0.0610,0.2014,-0.01723,0.17347,0.03797,1,1,0.704,-0.509,in_circle
128.423,2,1270,0.02115,-0.01516,-0.0021,0.1851,0.01459,0.18420,0.03586,1,1,0.172,-0.744,in_circle
128.467,2,1271,0.02227,-0.01154,0.0612,0.1989,0.04611,0.17969,0.03481,1,1,-0.064,-0.688,in_circle
128.510,2,1272,0.02523,-0.00933,0.1629,0.1214,0.08444,0.16712,0.03641,1,1,-0.320,-0.752,in_circle
128.555,2,1273,0.02913,-0.00795,0.2144,0.0760,0.09272,0.13642,0.03947,1,1,-0.734,-0.447,in_circle
128.599,2,1274,0.03368,-0.00897,0.2503,-0.0561,0.08829,0.08006,0.04410,1,1,-0.800,-0.269,in_circle
128.644,2,1275,0.03877,-0.01024,0.2803,-0.0697,0.06573,0.01436,0.04932,0,1,-0.800,0.256,running
128.687,2,1276,0.04411,-0.01287,0.2934,-0.1447,0.02718,-0.04301,0.05523,0,1,-0.800,0.301,running
128.730,2,1277,0.04715,-0.01575,0.1675,-0.1584,-0.00764,-0.07447,0.05910,0,1,-0.800,0.552,running
128.777,2,1278,0.04919,-0.01874,0.1118,-0.1643,-0.03349,-0.09283,0.06212,0,1,-0.732,0.588,running
128.820,2,1279,0.04924,-0.02139,0.0031,-0.1458,-0.06977,-0.09207,0.06328,0,1,-0.554,0.601,running
128.864,2,1280,0.04761,-0.02243,-0.0897,-0.0573,-0.10089,-0.06608,0.06228,0,1,-0.218,0.548,running
128.907,2,1281,0.04471,-0.02320,-0.1593,-0.0420,-0.10370,-0.02040,0.06009,0,1,0.079,0.281,running
128.950,2,1282,0.04132,-0.02253,-0.1870,0.0369,-0.10591,0.03439,0.05680,0,1,0.325,0.237,running
128.995,2,1283,0.03827,-0.02169,-0.1677,0.0461,-0.08518,0.08390,0.05375,0,1,0.458,-0.028,running
129.038,2,1284,0.03501,-0.01935,-0.1789,0.1286,-0.04291,0.12856,0.04976,0,1,0.432,-0.071,running
129.084,2,1285,0.03257,-0.01717,-0.1343,0.1196,-0.00146,0.16840,0.04655,0,1,0.518,-0.389,running
129.127,2,1286,0.03278,-0.01417,0.0117,0.1652,0.02398,0.18720,0.04532,1,1,0.388,-0.382,in_circle
129.171,2,1287,0.03432,-0.01217,0.0847,0.1101,0.05687,0.17423,0.04588,0,1,-0.157,-0.570,running
129.216,2,1288,0.03722,-0.01128,0.1593,0.0489,0.07206,0.14763,0.04822,0,1,-0.437,-0.364,running
129.259,2,1289,0.04054,-0.01153,0.1826,-0.0139,0.07856,0.10451,0.05142,0,1,-0.716,-0.129,running
129.303,2,1290,0.04489,-0.01213,0.2391,-0.0330,0.06069,0.05418,0.05572,0,1,-0.795,0.103,running
129.347,2,1291,0.04929,-0.01379,0.2421,-0.0913,0.01772,0.00675,0.06042,0,1,-0.800,0.171,running
129.391,2,1292,0.05301,-0.01629,0.2047,-0.1376,-0.01358,-0.04221,0.06477,0,1,-0.800,0.360,running
129.434,2,1293,0.05602,-0.01862,0.1651,-0.1282,-0.04389,-0.08525,0.06840,0,1,-0.800,0.497,running
129.479,2,1294,0.05720,-0.01993,0.0649,-0.0718,-0.07860,-0.11416,0.06998,0,1,-0.723,0.464,running
129.523,2,1295,0.05703,-0.02080,-0.0090,-0.0480,-0.09733,-0.10744,0.07015,0,1,-0.442,0.305,running
129.567,2,1296,0.05433,-0.01995,-0.1485,0.0469,-0.09978,-0.07348,0.06733,0,1,-0.235,0.242,running
129.655,2,1297,0.04592,-0.01650,-0.4624,0.1898,-0.04432,0.04388,0.05824,0,1,0.191,-0.036,running
129.699,2,1298,0.04193,-0.01472,-0.2197,0.0975,-0.03952,0.07825,0.05387,0,1,0.800,-0.544,running
129.744,2,1299,0.03833,-0.01166,-0.1977,0.1683,-0.03042,0.08436,0.04940,0,1,0.598,-0.270,running
129.787,2,1300,0.03512,-0.00869,-0.1767,0.1636,0.02681,0.09943,0.04537,1,1,0.580,-0.558,in_circle
129.832,2,1301,0.03267,-0.00653,-0.1347,0.1189,0.03492,0.13000,0.04237,1,1,0.550,-0.579,in_circle
129.875,2,1302,0.03189,-0.00449,-0.0432,0.1123,0.04166,0.15306,0.04105,1,1,0.420,-0.432,in_circle
129.920,2,1303,0.03231,-0.00331,0.0234,0.0646,0.06932,0.15209,0.04118,1,1,0.070,-0.418,in_circle
129.963,2,1304,0.03331,-0.00380,0.0549,-0.0267,0.04532,0.13236,0.04226,1,1,-0.195,-0.232,in_circle
130.007,2,1305,0.03563,-0.00468,0.1275,-0.0488,0.02335,0.09627,0.04472,1,1,-0.322,0.130,in_circle
130.050,2,1306,0.03900,-0.00639,0.1854,-0.0937,0.00691,0.05113,0.04841,0,1,-0.605,0.215,running
130.095,2,1307,0.04229,-0.00815,0.1809,-0.0969,-0.04066,-0.01572,0.05205,0,1,-0.800,0.380,running
130.139,2,1308,0.04440,-0.00910,0.1162,-0.0520,-0.07918,-0.06920,0.05434,0,1,-0.792,0.385,running
130.182,2,1309,0.04561,-0.00894,0.0665,0.0085,-0.09714,-0.10975,0.05546,0,1,-0.566,0.227,running
130.227,2,1310,0.04472,-0.00820,-0.0486,0.0406,-0.09309,-0.12723,0.05441,0,1,-0.400,0.020,running
130.271,2,1311,0.04181,-0.00621,-0.1601,0.1097,-0.07836,-0.10438,0.05109,0,1,-0.003,-0.093,running
130.315,2,1312,0.03774,-0.00385,-0.2242,0.1298,-0.03601,-0.04725,0.04659,0,1,0.418,-0.353,running
130.358,2,1313,0.03252,-0.00085,-0.2872,0.1651,0.00127,0.02600,0.04089,1,1,0.709,-0.457,in_circle
130.403,2,1314,0.02721,0.00137,-0.2917,0.1220,0.02930,0.07804,0.03532,1,1,0.800,-0.637,in_circle
130.454,2,1315,0.02721,0.00137,0.0000,0.0000,0.06369,0.11802,0.03532,0,0,0.800,-0.476,in_circle
130.493,2,1316,0.01839,0.00369,-0.4852,0.1274,0.09849,0.14630,0.02629,1,1,-0.088,0.012,in_circle
130.536,2,1317,0.01585,0.00299,-0.1396,-0.0385,0.08356,0.16699,0.02384,1,1,0.800,-0.504,in_circle
130.578,2,1318,0.01500,0.00027,-0.0467,-0.1491,0.04889,0.17168,0.02351,1,1,0.499,0.161,in_circle
130.622,2,1319,0.01620,-0.00207,0.0656,-0.1288,0.04663,0.15546,0.02532,1,1,0.130,0.611,in_circle
130.667,2,1320,0.01897,-0.00735,0.1526,-0.2904,0.03400,0.14232,0.02991,1,1,-0.323,0.535,in_circle
130.710,2,1321,0.02237,-0.01241,0.1869,-0.2784,-0.02622,0.11145,0.03534,1,1,-0.677,0.800,in_circle
130.757,2,1322,0.02605,-0.01691,0.2023,-0.2474,-0.05941,0.04532,0.04087,1,1,-0.800,0.800,in_circle
130.800,2,1323,0.03029,-0.02093,0.2333,-0.2214,-0.07606,-0.02042,0.04665,0,1,-0.800,0.800,running
130.844,2,1324,0.03311,-0.02381,0.1553,-0.1585,-0.10624,-0.06519,0.05062,0,1,-0.800,0.800,running
130.887,2,1325,0.03445,-0.02528,0.0734,-0.0805,-0.09686,-0.08795,0.05257,0,1,-0.679,0.657,running
130.933,2,1326,0.03491,-0.02640,0.0256,-0.0617,-0.09581,-0.09442,0.05361,0,1,-0.389,0.380,running
130.976,2,1327,0.03311,-0.02591,-0.0993,0.0270,-0.09884,-0.07497,0.05188,0,1,-0.224,0.316,running
131.021,2,1328,0.03048,-0.02454,-0.1445,0.0752,-0.06639,-0.03104,0.04897,0,1,0.224,0.003,running
131.063,2,1329,0.02638,-0.02288,-0.2254,0.0917,-0.02269,0.03276,0.04475,1,1,0.413,-0.184,in_circle
131.108,2,1330,0.02295,-0.02087,-0.1885,0.1105,0.00696,0.08398,0.04084,1,1,0.765,-0.270,in_circle
131.151,2,1331,0.01973,-0.01889,-0.1771,0.1085,0.03796,0.13058,0.03712,1,1,0.670,-0.370,in_circle
131.196,2,1332,0.01809,-0.01823,-0.0902,0.0365,0.06870,0.16929,0.03546,1,1,0.640,-0.372,in_circle
131.241,2,1333,0.01714,-0.01934,-0.0526,-0.0610,0.07807,0.18639,0.03555,1,1,0.296,-0.085,in_circle
131.283,2,1334,0.01873,-0.02080,0.0877,-0.0805,0.06524,0.17951,0.03771,1,1,0.148,0.307,in_circle
131.327,2,1335,0.02183,-0.02380,0.1703,-0.1647,0.04124,0.14663,0.04202,1,1,-0.417,0.389,in_circle
131.371,2,1336,0.02570,-0.02734,0.2128,-0.1950,-0.00314,0.09848,0.04726,0,1,-0.744,0.723,running
131.415,2,1337,0.03054,-0.03052,0.2662,-0.1747,-0.03887,0.04476,0.05295,0,1,-0.800,0.800,running
131.459,2,1338,0.03523,-0.03360,0.2583,-0.1692,-0.06555,-0.00236,0.05848,0,1,-0.800,0.723,running
131.504,2,1339,0.03885,-0.03581,0.1989,-0.1216,-0.09729,-0.04780,0.06264,0,1,-0.800,0.687,running
131.549,2,1340,0.04117,-0.03750,0.1275,-0.0928,-0.09671,-0.08618,0.06549,0,1,-0.785,0.528,running
131.592,2,1341,0.04257,-0.03782,0.0772,-0.0180,-0.09769,-0.11183,0.06676,0,1,-0.565,0.441,running
131.679,2,1342,0.03897,-0.03637,-0.1982,0.0800,-0.04973,-0.06164,0.06310,0,1,-0.419,0.221,running
131.723,2,1343,0.03536,-0.03543,-0.1985,0.0518,-0.03958,-0.01569,0.05982,0,1,0.439,-0.091,running
131.768,2,1344,0.03114,-0.03342,-0.2321,0.1105,-0.02510,0.01110,0.05541,0,1,0.486,-0.022,running
131.812,2,1345,0.02606,-0.03205,-0.2793,0.0750,0.02520,0.02949,0.05094,0,1,0.658,-0.245,running
131.855,2,1346,0.02148,-0.03115,-0.2521,0.0497,0.04171,0.07483,0.04730,0,1,0.800,-0.151,running
131.900,2,1347,0.01782,-0.03083,-0.2009,0.0178,0.04628,0.13362,0.04486,1,1,0.800,-0.078,in_circle
131.943,2,1348,0.01474,-0.03100,-0.1696,-0.0097,0.04657,0.18618,0.04333,1,1,0.694,0.033,in_circle
131.988,2,1349,0.01355,-0.03222,-0.0655,-0.0669,0.00085,0.18211,0.04378,1,1,0.596,0.136,in_circle
132.032,2,1350,0.01402,-0.03299,0.0260,-0.0422,-0.03203,0.17932,0.04468,1,1,0.195,0.360,in_circle
132.075,2,1351,0.01652,-0.03384,0.1376,-0.0470,-0.05816,0.16874,0.04668,0,1,-0.159,0.267,running
132.119,2,1352,0.02029,-0.03412,0.2070,-0.0152,-0.09035,0.13234,0.04897,0,1,-0.583,0.288,running
132.164,2,1353,0.02540,-0.03409,0.2814,0.0015,-0.09300,0.07527,0.05206,0,1,-0.800,0.174,running
132.207,2,1354,0.03074,-0.03240,0.2935,0.0928,-0.07268,0.01236,0.05441,0,1,-0.800,0.119,running
132.252,2,1355,0.03510,-0.03005,0.2398,0.1296,-0.05067,-0.03684,0.05603,0,1,-0.800,-0.194,running
132.296,2,1356,0.03785,-0.02789,0.1511,0.1185,-0.01079,-0.06802,0.05685,0,1,-0.800,-0.316,running
132.341,2,1357,0.03939,-0.02593,0.0850,0.1081,0.02928,-0.08781,0.05698,0,1,-0.655,-0.281,running
132.383,2,1358,0.03930,-0.02469,-0.0052,0.0682,0.05768,-0.09026,0.05621,0,1,-0.440,-0.252,running
132.427,2,1359,0.03782,-0.02382,-0.0814,0.0478,0.06407,-0.06685,0.05450,0,1,-0.139,-0.127,running
132.471,2,1360,0.03529,-0.02396,-0.1391,-0.0079,0.04731,-0.01280,0.05248,0,1,0.131,-0.067,running
132.515,2,1361,0.03190,-0.02468,-0.1867,-0.0398,0.01304,0.04737,0.05017,0,1,0.352,0.121,running
132.559,2,1362,0.02770,-0.02551,-0.2308,-0.0452,-0.02505,0.10341,0.04746,0,1,0.551,0.235,running
132.603,2,1363,0.02451,-0.02676,-0.1756,-0.0688,-0.05799,0.14399,0.04601,0,1,0.752,0.258,running
132.648,2,1364,0.02273,-0.02683,-0.0979,-0.0040,-0.08662,0.17148,0.04483,1,1,0.570,0.350,in_circle
132.691,2,1365,0.02233,-0.02680,-0.0217,0.0017,-0.09896,0.17423,0.04454,1,1,0.289,0.105,in_circle
132.735,2,1366,0.02440,-0.02502,0.1137,0.0980,-0.08890,0.16830,0.04471,1,1,0.001,0.083,in_circle
132.779,2,1367,0.02753,-0.02284,0.1720,0.1199,-0.06266,0.15306,0.04560,0,1,-0.521,-0.289,running
132.822,2,1368,0.03271,-0.02087,0.2850,0.1084,-0.02856,0.11853,0.04861,0,1,-0.748,-0.373,running
132.867,2,1369,0.03711,-0.01771,0.2422,0.1736,0.01169,0.06330,0.05079,0,1,-0.800,-0.317,running
132.911,2,1370,0.04220,-0.01488,0.2800,0.1554,0.04405,0.00320,0.05419,0,1,-0.800,-0.547,running
132.955,2,1371,0.04667,-0.01215,0.2457,0.1502,0.06333,-0.04801,0.05741,0,1,-0.800,-0.466,running
133.001,2,1372,0.04973,-0.01194,0.1683,0.0118,0.08437,-0.08112,0.06026,0,1,-0.800,-0.435,running
133.043,2,1373,0.05112,-0.01212,0.0765,-0.0102,0.07858,-0.09983,0.06164,0,1,-0.739,0.025,running
133.086,2,1374,0.05125,-0.01410,0.0072,-0.1084,0.05001,-0.09638,0.06238,0,1,-0.451,0.097,running
133.132,2,1375,0.04907,-0.01627,-0.1201,-0.1194,0.02006,-0.07067,0.06107,0,1,-0.236,0.409,running
133.174,2,1376,0.04659,-0.01879,-0.1363,-0.1389,-0.02302,-0.02051,0.05977,0,1,0.177,0.456,running
133.219,2,1377,0.04244,-0.02084,-0.2283,-0.1128,-0.06038,0.04476,0.05696,0,1,0.248,0.532,running
133.264,2,1378,0.03890,-0.02276,-0.1944,-0.1051,-0.08597,0.10220,0.05485,0,1,0.590,0.465,running
133.307,2,1379,0.03559,-0.02273,-0.1824,0.0017,-0.11492,0.13630,0.05204,0,1,0.511,0.451,running
133.352,2,1380,0.03332,-0.02158,-0.1248,0.0633,-0.10442,0.15762,0.04951,0,1,0.507,0.083,running
133.396,2,1381,0.03317,-0.01992,-0.0081,0.0911,-0.07838,0.16480,0.04848,0,1,0.329,-0.147,running
133.439,2,1382,0.03386,-0.01681,0.0376,0.1712,-0.05092,0.15797,0.04749,0,1,-0.090,-0.258,running
133.483,2,1383,0.03558,-0.01373,0.0949,0.1695,-0.01595,0.13202,0.04766,0,1,-0.259,-0.568,running
133.528,2,1384,0.03892,-0.01081,0.1836,0.1604,0.02407,0.08958,0.04965,0,1,-0.476,-0.569,running
133.572,2,1385,0.04273,-0.00833,0.2094,0.1366,0.05454,0.03476,0.05252,0,1,-0.800,-0.530,running
133.615,2,1386,0.04575,-0.00727,0.1663,0.0578,0.08158,-0.02241,0.05517,0,1,-0.800,-0.433,running
133.705,2,1387,0.04854,-0.00718,0.1535,0.0052,0.05779,-0.09997,0.05786,0,1,-0.739,-0.153,running
133.748,2,1388,0.04817,-0.00930,-0.0208,-0.1167,0.05515,-0.11174,0.05802,0,1,-0.695,0.028,running
133.793,2,1389,0.04583,-0.01204,-0.1283,-0.1508,0.03577,-0.09990,0.05659,0,1,-0.122,0.435,running
133.835,2,1390,0.04155,-0.01536,-0.2353,-0.1824,-0.01948,-0.07328,0.05378,0,1,0.250,0.563,running
133.879,2,1391,0.03541,-0.01890,-0.3377,-0.1949,-0.05984,-0.02576,0.04988,0,1,0.654,0.697,running
133.924,2,1392,0.02950,-0.02150,-0.3252,-0.1430,-0.07954,0.03248,0.04635,0,1,0.800,0.777,running
133.967,2,1393,0.02150,-0.02287,-0.4400,-0.0750,-0.11255,0.08842,0.04113,1,1,0.800,0.613,in_circle
134.013,2,1394,0.01620,-0.02257,-0.2916,0.0163,-0.11016,0.13156,0.03731,1,1,0.800,0.371,in_circle
134.054,2,1395,0.01065,-0.02089,-0.3051,0.0924,-0.11151,0.16359,0.03261,1,1,0.800,0.006,in_circle
134.099,2,1396,0.00884,-0.01852,-0.0995,0.1305,-0.08560,0.17537,0.02964,1,1,0.800,-0.302,in_circle
134.150,2,1397,0.00884,-0.01852,0.0000,0.0000,-0.03953,0.17113,0.02964,0,0,0.357,-0.461,in_circle
134.188,2,1398,0.00641,-0.01246,-0.1335,0.3335,-0.00293,0.16792,0.02330,1,1,-0.042,0.061,in_circle
134.240,2,1399,0.00641,-0.01246,0.0000,0.0000,0.02004,0.15740,0.02330,0,0,0.498,-0.800,in_circle
134.322,2,1400,0.01555,-0.00478,0.5024,0.4221,0.00793,0.07040,0.02572,1,1,-0.036,0.046,in_circle
134.365,2,1401,0.02000,-0.00342,0.2450,0.0748,0.00899,0.05132,0.02936,1,1,-0.800,-0.800,in_circle
134.407,2,1402,0.02491,-0.00280,0.2701,0.0342,-0.01582,0.04555,0.03388,1,1,-0.800,-0.275,in_circle
134.452,2,1403,0.03028,-0.00291,0.2953,-0.0057,0.01576,0.03588,0.03911,1,1,-0.800,-0.115,in_circle
134.497,2,1404,0.03404,-0.00348,0.2064,-0.0314,0.01584,-0.01169,0.04290,1,1,-0.800,0.045,in_circle
134.538,2,1405,0.03732,-0.00431,0.1809,-0.0458,-0.00929,-0.07983,0.04629,0,1,-0.800,0.147,running
134.584,2,1406,0.03932,-0.00488,0.1098,-0.0314,-0.02814,-0.12512,0.04836,0,1,-0.800,0.201,running
134.628,2,1407,0.03896,-0.00525,-0.0197,-0.0204,-0.06588,-0.13310,0.04810,0,1,-0.540,0.147,running
134.673,2,1408,0.03684,-0.00512,-0.1167,0.0074,-0.09222,-0.10641,0.04600,0,1,-0.064,0.108,running
134.714,2,1409,0.03271,-0.00452,-0.2273,0.0330,-0.07650,-0.05738,0.04185,1,1,0.314,0.003,in_circle
134.759,2,1410,0.02747,-0.00252,-0.2882,0.1100,-0.05202,0.00101,0.03628,1,1,0.788,-0.102,in_circle
134.805,2,1411,0.02173,-0.00112,-0.3155,0.0770,-0.02263,0.05509,0.03038,1,1,0.800,-0.419,in_circle
134.848,2,1412,0.01712,0.00036,-0.2534,0.0812,0.01980,0.09724,0.02555,1,1,0.800,-0.290,in_circle
134.892,2,1413,0.01339,0.00169,-0.2053,0.0732,0.05221,0.13430,0.02162,1,1,0.800,-0.311,in_circle
134.943,2,1414,0.01339,0.00169,0.0000,0.0000,0.05223,0.16542,0.02162,0,0,0.768,-0.282,in_circle
134.984,2,1415,0.00870,0.00144,-0.2578,-0.0136,0.04643,0.18419,0.01712,1,1,-0.053,0.011,in_circle
135.026,2,1416,0.00895,-0.00036,0.0133,-0.0991,0.03354,0.18121,0.01791,1,1,0.800,0.066,in_circle
135.067,2,1417,0.01177,-0.00331,0.1552,-0.1623,0.00254,0.16643,0.02167,1,1,-0.095,0.412,in_circle
135.111,2,1418,0.01566,-0.00466,0.2142,-0.0744,-0.04483,0.14499,0.02577,1,1,-0.670,0.673,in_circle
135.156,2,1419,0.02134,-0.00744,0.3123,-0.1529,-0.07811,0.12376,0.03209,1,1,-0.800,0.324,in_circle
135.199,2,1420,0.02783,-0.00829,0.3566,-0.0469,-0.10424,0.08104,0.03839,1,1,-0.800,0.645,in_circle
135.245,2,1421,0.03468,-0.00815,0.3769,0.0078,-0.08570,0.02029,0.04477,1,1,-0.800,0.223,in_circle
135.288,2,1422,0.04112,-0.00789,0.3544,0.0146,-0.08305,-0.03441,0.05085,0,1,-0.800,0.009,running
135.331,2,1423,0.04638,-0.00636,0.2892,0.0838,-0.07756,-0.07091,0.05557,0,1,-0.800,-0.010,running
135.376,2,1424,0.04995,-0.00357,0.1965,0.1535,-0.02935,-0.09924,0.05854,0,1,-0.800,-0.242,running
135.420,2,1425,0.05196,-0.00041,0.1105,0.1739,0.01604,-0.10223,0.06010,0,1,-0.800,-0.467,running
135.464,2,1426,0.05153,0.00183,-0.0235,0.1231,0.04032,-0.07861,0.05948,0,1,-0.562,-0.533,running
135.508,2,1427,0.05086,0.00294,-0.0372,0.0610,0.06972,-0.04218,0.05874,0,1,-0.131,-0.382,running
135.551,2,1428,0.04849,0.00242,-0.1303,-0.0284,0.08787,0.01674,0.05640,0,1,-0.081,-0.188,running
135.596,2,1429,0.04597,0.00020,-0.1387,-0.1222,0.05711,0.08058,0.05408,0,1,0.249,0.107,running
135.639,2,1430,0.04412,-0.00241,-0.1014,-0.1436,0.02243,0.12312,0.05260,0,1,0.304,0.438,running
135.727,2,1431,0.04295,-0.00930,-0.0648,-0.3787,-0.04508,0.16172,0.05300,0,1,0.192,0.528,running
135.772,2,1432,0.04431,-0.01205,0.0750,-0.1511,-0.04799,0.16104,0.05515,0,1,0.066,0.800,running
135.815,2,1433,0.04699,-0.01374,0.1475,-0.0930,-0.06017,0.14544,0.05824,0,1,-0.424,0.572,running
135.858,2,1434,0.05052,-0.01466,0.1939,-0.0507,-0.11289,0.11503,0.06187,0,1,-0.669,0.371,running
135.903,2,1435,0.05543,-0.01445,0.2703,0.0117,-0.09583,0.05462,0.06645,0,1,-0.800,0.233,running
135.948,2,1436,0.05975,-0.01296,0.2376,0.0817,-0.05716,-0.00940,0.07016,0,1,-0.800,0.044,running
135.991,2,1437,0.06326,-0.01026,0.1931,0.1483,-0.03828,-0.05400,0.07290,0,1,-0.800,-0.152,running
136.036,2,1438,0.06588,-0.00736,0.1440,0.1597,-0.00315,-0.07830,0.07488,0,1,-0.800,-0.331,running
136.079,2,1439,0.06690,-0.00556,0.0560,0.0989,0.04157,-0.09353,0.07559,0,1,-0.688,-0.359,running
136.123,2,1440,0.06591,-0.00423,-0.0542,0.0732,0.06956,-0.08325,0.07442,0,1,-0.464,-0.205,running
136.167,2,1441,0.06383,-0.00417,-0.1147,0.0036,0.07671,-0.05813,0.07235,0,1,-0.169,-0.149,running
136.212,2,1442,0.05972,-0.00546,-0.2262,-0.0709,0.04466,0.00282,0.06848,0,1,0.015,0.032,running
136.255,2,1443,0.05528,-0.00710,-0.2442,-0.0903,0.00340,0.07361,0.06442,0,1,0.382,0.248,running
136.300,2,1444,0.05236,-0.00929,-0.1604,-0.1203,-0.02880,0.11973,0.06207,0,1,0.503,0.322,running
136.343,2,1445,0.04974,-0.01090,-0.1440,-0.0889,-0.05768,0.14221,0.05997,0,1,0.283,0.430,running
136.388,2,1446,0.04805,-0.01185,-0.0932,-0.0522,-0.09122,0.15388,0.05863,0,1,0.260,0.344,running
136.430,2,1447,0.04693,-0.01140,-0.0614,0.0249,-0.11082,0.14785,0.05743,0,1,0.112,0.231,running
136.475,2,1448,0.04797,-0.01008,0.0571,0.0725,-0.09321,0.11746,0.05804,0,1,0.018,-0.023,running
136.519,2,1449,0.04961,-0.00831,0.0905,0.0976,-0.06012,0.06770,0.05917,0,1,-0.377,-0.183,running
136.563,2,1450,0.05136,-0.00564,0.0959,0.1467,-0.02130,0.00705,0.06029,0,1,-0.491,-0.266,running
136.609,2,1451,0.05218,-0.00274,0.0451,0.1596,0.01043,-0.04660,0.06061,0,1,-0.514,-0.427,running
136.652,2,1452,0.05200,-0.00005,-0.0097,0.1478,0.04389,-0.08035,0.06011,0,1,-0.355,-0.476,running
136.695,2,1453,0.05099,0.00115,-0.0555,0.0661,0.08121,-0.09149,0.05899,0,1,-0.178,-0.451,running
136.740,2,1454,0.04786,0.00066,-0.1721,-0.0268,0.09136,-0.07485,0.05592,0,1,-0.023,-0.197,running
136.783,2,1455,0.04415,-0.00071,-0.2041,-0.0754,0.07665,-0.01932,0.05238,0,1,0.396,0.108,running
136.828,2,1456,0.03959,-0.00396,-0.2510,-0.1786,0.04313,0.05488,0.04842,0,1,0.553,0.285,running
136.872,2,1457,0.03536,-0.00711,-0.2322,-0.1734,0.00076,0.11001,0.04511,1,1,0.781,0.683,in_circle
136.916,2,1458,0.03136,-0.01151,-0.2204,-0.2417,-0.03258,0.13811,0.04289,1,1,0.763,0.694,in_circle
136.960,2,1459,0.02950,-0.01524,-0.1021,-0.2051,-0.05668,0.15891,0.04292,1,1,0.752,0.800,in_circle
137.004,2,1460,0.02834,-0.01846,-0.0639,-0.1774,-0.09752,0.17483,0.04364,1,1,0.298,0.800,in_circle
137.048,2,1461,0.02928,-0.02032,0.0519,-0.1021,-0.12130,0.16482,0.04547,1,1,0.149,0.749,in_circle
137.091,2,1462,0.03206,-0.02162,0.1532,-0.0714,-0.11958,0.15320,0.04850,0,1,-0.299,0.459,running
137.134,2,1463,0.03506,-0.02111,0.1647,0.0280,-0.11441,0.11783,0.05071,0,1,-0.677,0.342,running
137.180,2,1464,0.03914,-0.01916,0.2246,0.1068,-0.09839,0.05441,0.05326,0,1,-0.718,-0.018,running
137.224,2,1465,0.04308,-0.01627,0.2165,0.1590,-0.05682,-0.00596,0.05554,0,1,-0.800,-0.291,running
137.269,2,1466,0.04667,-0.01269,0.1974,0.1971,-0.01495,-0.05498,0.05759,0,1,-0.800,-0.464,running
137.312,2,1467,0.04932,-0.00896,0.1457,0.2053,0.00998,-0.09009,0.05904,0,1,-0.800,-0.587,running
137.356,2,1468,0.05036,-0.00634,0.0576,0.1441,0.04541,-0.10562,0.05946,0,1,-0.669,-0.613,running
137.401,2,1469,0.04898,-0.00449,-0.0763,0.1015,0.08252,-0.09473,0.05774,0,1,-0.387,-0.421,running
137.443,2,1470,0.04597,-0.00405,-0.1656,0.0245,0.09817,-0.06356,0.05470,0,1,0.059,-0.299,running
137.488,2,1471,0.04163,-0.00441,-0.2386,-0.0198,0.06823,-0.00129,0.05051,0,1,0.391,-0.051,running
137.533,2,1472,0.03741,-0.00608,-0.2318,-0.0919,0.02659,0.06485,0.04680,0,1,0.704,0.102,running
137.576,2,1473,0.03365,-0.00776,-0.2072,-0.0925,-0.00932,0.11338,0.04367,1,1,0.736,0.377,in_circle
137.620,2,1474,0.02980,-0.01010,-0.2113,-0.1287,-0.04254,0.13653,0.04091,1,1,0.687,0.394,in_circle
137.664,2,1475,0.02820,-0.01248,-0.0884,-0.1308,-0.07144,0.15444,0.04046,1,1,0.742,0.551,in_circle
137.796,2,1476,0.03386,-0.01422,0.3114,-0.0961,-0.10997,0.15359,0.04631,0,1,0.261,0.567,running
137.839,2,1477,0.03841,-0.01233,0.2502,0.1044,-0.11199,0.15047,0.04971,0,1,-0.800,0.417,running
137.882,2,1478,0.04479,-0.00974,0.3513,0.1423,-0.10806,0.12948,0.05490,0,1,-0.800,-0.323,running
137.927,2,1479,0.05113,-0.00574,0.3487,0.2198,-0.08455,0.10148,0.06009,0,1,-0.800,-0.433,running
137.972,2,1480,0.05843,-0.00104,0.4012,0.2584,-0.04388,0.05558,0.06660,0,1,-0.800,-0.661,running
138.015,2,1481,0.06557,0.00386,0.3925,0.2694,-0.00516,-0.00263,0.07340,0,1,-0.800,-0.732,running
138.061,2,1482,0.07157,0.00793,0.3301,0.2238,0.02323,-0.05992,0.07939,0,1,-0.800,-0.709,running
138.103,2,1483,0.07668,0.01098,0.2812,0.1677,0.05829,-0.09511,0.08463,0,1,-0.800,-0.551,running
138.148,2,1484,0.07978,0.01279,0.1706,0.0998,0.08646,-0.11044,0.08784,0,1,-0.800,-0.395,running
138.192,2,1485,0.08106,0.01299,0.0702,0.0112,0.07330,-0.09896,0.08913,0,1,-0.784,-0.241,running
138.239,2,1486,0.08000,0.01157,-0.0583,-0.0785,0.03723,-0.06442,0.08797,0,1,-0.583,-0.057,running
138.285,2,1487,0.07817,0.00944,-0.1005,-0.1172,-0.00080,-0.01402,0.08604,0,1,-0.309,0.136,running
138.331,2,1488,0.07546,0.00626,-0.1489,-0.1747,-0.03683,0.03790,0.08326,0,1,-0.196,0.236,running
138.375,2,1489,0.07255,0.00359,-0.1601,-0.1469,-0.06003,0.08435,0.08039,0,1,-0.050,0.395,running
138.416,2,1490,0.07069,0.00164,-0.1027,-0.1070,-0.08862,0.12113,0.07861,0,1,0.018,0.361,running
138.459,2,1491,0.06964,0.00000,-0.0575,-0.0901,-0.10987,0.14427,0.07767,0,1,-0.096,0.282,running
138.501,2,1492,0.06944,-0.00049,-0.0112,-0.0274,-0.10191,0.14642,0.07751,0,1,-0.196,0.251,running
138.543,2,1493,0.07023,-0.00001,0.0438,0.0265,-0.07152,0.12649,0.07827,0,1,-0.310,0.097,running
138.590,2,1494,0.07181,0.00124,0.0868,0.0689,-0.03467,0.07754,0.07976,0,1,-0.453,-0.039,running
138.633,2,1495,0.07411,0.00242,0.1261,0.0650,0.00207,0.01277,0.08198,0,1,-0.567,-0.145,running
138.679,2,1496,0.07564,0.00280,0.0841,0.0210,0.03777,-0.03643,0.08350,0,1,-0.669,-0.134,running
138.723,2,1497,0.07640,0.00214,0.0421,-0.0365,0.06085,-0.07760,0.08429,0,1,-0.580,-0.032,running
138.763,2,1498,0.07552,0.00100,-0.0483,-0.0626,0.05936,-0.10951,0.08347,0,1,-0.491,0.099,running
138.809,2,1499,0.07304,-0.00170,-0.1368,-0.1488,0.02839,-0.11009,0.08120,0,1,-0.280,0.165,running
