t,episode,step,xb,yb,vx,vy,alpha,beta,dist,in_circle,ball_found,a0,a1,status
1.215,1,0,0.14273,0.04366,-0.0010,0.0005,-0.01767,0.04255,0.15517,0,1,-1.000,-0.188,running
1.302,1,1,0.14265,0.04351,-0.0009,-0.0017,0.00271,0.02329,0.15506,0,1,-1.000,-0.189,running
1.346,1,2,0.14216,0.04284,-0.0112,-0.0153,0.00914,-0.01183,0.15442,0,1,-1.000,-0.184,running
1.389,1,3,0.14132,0.04243,-0.0191,-0.0093,0.00713,-0.03811,0.15351,0,1,-1.000,-0.154,running
1.433,1,4,0.13941,0.04131,-0.0434,-0.0255,0.00853,-0.06435,0.15138,0,1,-1.000,-0.164,running
1.477,1,5,0.13676,0.04041,-0.0612,-0.0208,0.00421,-0.08072,0.14860,0,1,-1.000,-0.126,running
1.521,1,6,0.13275,0.03995,-0.0900,-0.0103,0.00125,-0.08335,0.14459,0,1,-1.000,-0.130,running
1.566,1,7,0.12741,0.03868,-0.1203,-0.0286,-0.00691,-0.07930,0.13910,0,1,-1.000,-0.149,running
1.610,1,8,0.12034,0.03770,-0.1599,-0.0220,-0.00890,-0.07291,0.13200,0,1,-1.000,-0.106,running
1.653,1,9,0.11303,0.03765,-0.1697,-0.0013,-0.00320,-0.06704,0.12491,0,1,-1.000,-0.114,running
1.696,1,10,0.10337,0.03764,-0.2212,-0.0001,-0.00863,-0.05731,0.11559,0,1,-1.000,-0.156,running
1.741,1,11,0.09281,0.03792,-0.2379,0.0063,-0.01055,-0.04387,0.10555,0,1,-1.000,-0.158,running
1.786,1,12,0.08125,0.03889,-0.2581,0.0217,-0.00809,-0.03726,0.09493,0,1,-0.027,-0.172,running
1.830,1,13,0.06901,0.04072,-0.2777,0.0415,-0.00688,-0.03124,0.08430,0,1,0.067,-0.209,running
1.874,1,14,0.05523,0.04230,-0.3131,0.0360,-0.00900,-0.01815,0.07273,0,1,0.249,-0.259,running
1.916,1,15,0.04159,0.04450,-0.3198,0.0516,-0.00310,0.02837,0.06263,0,1,0.571,-0.252,running
1.961,1,16,0.02814,0.04626,-0.3035,0.0395,-0.00128,0.08728,0.05397,0,1,0.798,-0.306,running
2.004,1,17,0.01470,0.04841,-0.3090,0.0496,0.00474,0.14071,0.04801,0,1,0.800,-0.273,running
2.050,1,18,0.00251,0.04953,-0.2674,0.0245,0.00837,0.18269,0.04473,1,1,0.800,-0.315,in_circle
2.094,1,19,-0.00859,0.04956,-0.2534,0.0007,0.01310,0.18183,0.04357,1,1,0.800,-0.224,in_circle
2.139,1,20,-0.01601,0.04985,-0.1626,0.0064,0.01381,0.17335,0.04461,1,1,0.800,-0.133,in_circle
2.180,1,21,-0.02217,0.04852,-0.1501,-0.0324,0.00815,0.17150,0.04489,1,1,0.628,-0.160,in_circle
2.225,1,22,-0.02646,0.04633,-0.0956,-0.0488,-0.00498,0.16339,0.04444,1,1,0.596,-0.011,in_circle
2.270,1,23,-0.02903,0.04412,-0.0572,-0.0492,-0.00683,0.14537,0.04364,1,1,0.403,0.057,in_circle
2.314,1,24,-0.02978,0.04103,-0.0173,-0.0710,-0.02148,0.10786,0.04136,1,1,0.265,0.066,in_circle
2.357,1,25,-0.02940,0.03829,0.0087,-0.0625,-0.04193,0.06801,0.03885,1,1,0.113,0.168,in_circle
2.403,1,26,-0.02899,0.03523,0.0091,-0.0677,-0.04613,0.02776,0.03610,1,1,0.009,0.145,in_circle
2.446,1,27,-0.02768,0.03241,0.0301,-0.0651,-0.04872,-0.00490,0.03306,1,1,0.007,0.172,in_circle
2.494,1,28,-0.02747,0.03099,0.0045,-0.0298,-0.05202,-0.02648,0.03180,1,1,-0.079,0.168,in_circle
2.539,1,29,-0.02798,0.02964,-0.0115,-0.0299,-0.04974,-0.02660,0.03109,1,1,0.023,0.029,in_circle
2.580,1,30,-0.02944,0.02957,-0.0356,-0.0019,-0.04758,-0.01756,0.03199,1,1,0.089,0.032,in_circle
2.621,1,31,-0.03133,0.02999,-0.0456,0.0102,-0.03222,-0.00640,0.03360,1,1,0.190,-0.081,in_circle
2.666,1,32,-0.03359,0.03022,-0.0507,0.0052,-0.01854,0.01642,0.03538,1,1,0.236,-0.132,in_circle
2.711,1,33,-0.03580,0.03064,-0.0490,0.0094,-0.00563,0.05204,0.03730,1,1,0.263,-0.113,in_circle
2.754,1,34,-0.03761,0.03062,-0.0422,-0.0006,0.01097,0.08954,0.03866,1,1,0.263,-0.132,in_circle
2.798,1,35,-0.03884,0.03095,-0.0281,0.0076,0.00863,0.11444,0.03982,1,1,0.242,-0.093,in_circle
2.840,1,36,-0.03888,0.03052,-0.0010,-0.0100,0.00852,0.12030,0.03959,1,1,0.190,-0.128,in_circle
2.885,1,37,-0.03805,0.03000,0.0188,-0.0118,0.00506,0.11364,0.03861,1,1,0.083,-0.057,in_circle
2.930,1,38,-0.03620,0.02898,0.0407,-0.0223,0.00232,0.09910,0.03653,1,1,0.003,-0.050,in_circle
2.973,1,39,-0.03380,0.02796,0.0562,-0.0238,-0.00796,0.07644,0.03403,1,1,-0.088,-0.006,in_circle
3.017,1,40,-0.03066,0.02695,0.0718,-0.0231,-0.01327,0.05156,0.03100,1,1,-0.155,0.001,in_circle
3.062,1,41,-0.02726,0.02553,0.0754,-0.0315,-0.01915,0.02321,0.02756,1,1,-0.224,0.000,in_circle
3.104,1,42,-0.02481,0.02583,0.0576,0.0071,-0.02431,-0.00486,0.02612,1,1,-0.246,0.036,in_circle
3.149,1,43,-0.02284,0.02493,0.0440,-0.0201,-0.02381,-0.01964,0.02418,1,1,-0.180,-0.120,in_circle
3.193,1,44,-0.02187,0.02478,0.0219,-0.0035,-0.02475,-0.02121,0.02346,1,1,-0.130,-0.010,in_circle
3.239,1,45,-0.02080,0.02458,0.0235,-0.0042,-0.01938,-0.01551,0.02268,1,1,-0.044,-0.076,in_circle
3.326,1,46,-0.02242,0.02365,-0.0186,-0.0106,-0.01818,0.01503,0.02292,1,1,-0.051,-0.075,in_circle
3.369,1,47,-0.02314,0.02426,-0.0167,0.0142,-0.01798,0.03356,0.02384,1,1,0.122,-0.048,in_circle
3.415,1,48,-0.02371,0.02491,-0.0125,0.0143,-0.01704,0.04175,0.02471,1,1,0.117,-0.149,in_circle
3.459,1,49,-0.02497,0.02548,-0.0289,0.0129,-0.01757,0.05150,0.02596,1,1,0.102,-0.152,in_circle
3.502,1,50,-0.02508,0.02579,-0.0026,0.0072,-0.01001,0.06846,0.02627,1,1,0.171,-0.149,in_circle
3.545,1,51,-0.02439,0.02620,0.0160,0.0095,-0.00324,0.07525,0.02614,1,1,0.067,-0.127,in_circle
3.590,1,52,-0.02347,0.02714,0.0206,0.0213,-0.00320,0.07546,0.02632,1,1,-0.008,-0.138,in_circle
3.635,1,53,-0.02224,0.02748,0.0275,0.0076,-0.00318,0.07278,0.02588,1,1,-0.028,-0.189,in_circle
3.678,1,54,-0.02151,0.02801,0.0166,0.0119,-0.00228,0.07273,0.02593,1,1,-0.058,-0.136,in_circle
3.721,1,55,-0.01917,0.02755,0.0549,-0.0107,-0.00165,0.06358,0.02436,1,1,-0.016,-0.156,in_circle
3.772,1,56,-0.01743,0.02794,0.0342,0.0078,-0.00010,0.05272,0.02396,1,1,-0.174,-0.065,in_circle
3.810,1,57,-0.01529,0.02853,0.0557,0.0154,-0.00187,0.04430,0.02375,1,1,-0.095,-0.141,in_circle
3.853,1,58,-0.01268,0.02862,0.0606,0.0019,-0.00545,0.02881,0.02314,1,1,-0.187,-0.174,in_circle
3.899,1,59,-0.01084,0.02822,0.0403,-0.0087,-0.00677,0.01999,0.02243,1,1,-0.212,-0.121,in_circle
3.941,1,60,-0.00916,0.02823,0.0402,0.0003,-0.00473,0.01400,0.02227,1,1,-0.136,-0.079,in_circle
3.986,1,61,-0.00768,0.02829,0.0328,0.0014,-0.00675,0.00881,0.02229,1,1,-0.139,-0.115,in_circle
4.029,1,62,-0.00736,0.02828,0.0074,-0.0002,-0.00838,0.00832,0.02229,1,1,-0.114,-0.121,in_circle
4.078,1,63,-0.00709,0.02854,0.0055,0.0054,-0.00873,0.01103,0.02256,1,1,-0.013,-0.116,in_circle
4.121,1,64,-0.00692,0.02892,0.0039,0.0086,-0.00751,0.01115,0.02294,1,1,-0.006,-0.140,in_circle
4.162,1,65,-0.00782,0.02947,-0.0219,0.0134,-0.00871,0.02042,0.02347,1,1,-0.000,-0.155,in_circle
4.205,1,66,-0.00841,0.03005,-0.0136,0.0133,-0.00715,0.03773,0.02405,1,1,0.105,-0.176,in_circle
4.249,1,67,-0.00886,0.03002,-0.0104,-0.0007,-0.01060,0.05167,0.02404,1,1,0.074,-0.178,in_circle
4.293,1,68,-0.00870,0.02982,0.0037,-0.0044,-0.00574,0.05727,0.02384,1,1,0.062,-0.123,in_circle
4.338,1,69,-0.00856,0.02989,0.0032,0.0015,-0.00834,0.06772,0.02390,1,1,0.006,-0.109,in_circle
4.383,1,70,-0.00860,0.03054,-0.0011,0.0146,-0.00710,0.06911,0.02456,1,1,0.007,-0.134,in_circle
4.426,1,71,-0.00835,0.03045,0.0061,-0.0021,-0.00777,0.06811,0.02446,1,1,0.024,-0.189,in_circle
4.470,1,72,-0.00766,0.03063,0.0153,0.0040,-0.00768,0.06720,0.02463,1,1,-0.005,-0.123,in_circle
4.513,1,73,-0.00696,0.03114,0.0163,0.0118,-0.00568,0.06409,0.02515,1,1,-0.044,-0.149,in_circle
4.557,1,74,-0.00623,0.03162,0.0165,0.0110,-0.00555,0.05747,0.02567,1,1,-0.049,-0.182,in_circle
4.601,1,75,-0.00566,0.03161,0.0130,-0.0004,-0.00550,0.04997,0.02569,1,1,-0.052,-0.182,in_circle
4.646,1,76,-0.00436,0.03151,0.0288,-0.0020,-0.00462,0.04261,0.02575,1,1,-0.039,-0.137,in_circle
4.691,1,77,-0.00299,0.03162,0.0311,0.0025,-0.00437,0.03215,0.02607,1,1,-0.106,-0.131,in_circle
4.735,1,78,-0.00205,0.03161,0.0213,-0.0004,-0.00398,0.02944,0.02625,1,1,-0.119,-0.151,in_circle
4.778,1,79,-0.00143,0.03159,0.0145,-0.0003,-0.00280,0.02761,0.02637,1,1,-0.082,-0.140,in_circle
4.821,1,80,-0.00085,0.03163,0.0133,0.0008,-0.00312,0.02781,0.02656,1,1,-0.057,-0.142,in_circle
4.866,1,81,-0.00043,0.03130,0.0093,-0.0074,-0.00452,0.02555,0.02635,1,1,-0.054,-0.148,in_circle
4.910,1,82,-0.00002,0.03109,0.0093,-0.0047,-0.00471,0.02584,0.02627,1,1,-0.039,-0.115,in_circle
4.954,1,83,-0.00053,0.03035,-0.0114,-0.0169,-0.00505,0.02636,0.02542,1,1,-0.040,-0.126,in_circle
4.998,1,84,-0.00083,0.02998,-0.0068,-0.0084,-0.00812,0.02665,0.02497,1,1,0.043,-0.077,in_circle
5.042,1,85,-0.00165,0.02914,-0.0187,-0.0193,-0.00743,0.03033,0.02394,1,1,0.025,-0.111,in_circle
5.086,1,86,-0.00206,0.02900,-0.0093,-0.0031,-0.01061,0.03712,0.02370,1,1,0.074,-0.066,in_circle
5.131,1,87,-0.00228,0.02886,-0.0050,-0.0030,-0.01344,0.04731,0.02352,1,1,0.038,-0.131,in_circle
5.173,1,88,-0.00266,0.02903,-0.0090,0.0039,-0.01490,0.04942,0.02359,1,1,0.021,-0.133,in_circle
5.217,1,89,-0.00241,0.02906,0.0059,0.0007,-0.01320,0.05284,0.02368,1,1,0.037,-0.162,in_circle
5.260,1,90,-0.00244,0.02964,-0.0007,0.0135,-0.01288,0.05292,0.02424,1,1,-0.023,-0.150,in_circle
5.349,1,91,-0.00135,0.02990,0.0122,0.0030,-0.00824,0.05241,0.02476,1,1,0.003,-0.205,in_circle
5.393,1,92,-0.00078,0.02953,0.0131,-0.0085,-0.00776,0.05248,0.02455,1,1,-0.051,-0.164,in_circle
5.438,1,93,-0.00005,0.02931,0.0163,-0.0050,-0.00152,0.05383,0.02456,1,1,-0.057,-0.119,in_circle
5.481,1,94,0.00064,0.02929,0.0160,-0.0005,-0.00175,0.05105,0.02477,1,1,-0.072,-0.133,in_circle
5.526,1,95,0.00127,0.02910,0.0139,-0.0041,-0.00251,0.04894,0.02481,1,1,-0.073,-0.152,in_circle
5.570,1,96,0.00138,0.02823,0.0025,-0.0201,-0.00539,0.04717,0.02405,1,1,-0.066,-0.138,in_circle
5.614,1,97,0.00133,0.02729,-0.0010,-0.0212,-0.00277,0.04258,0.02317,1,1,-0.021,-0.073,in_circle
5.659,1,98,0.00145,0.02677,0.0026,-0.0118,-0.00328,0.04059,0.02273,1,1,-0.008,-0.067,in_circle
5.702,1,99,0.00038,0.02549,-0.0245,-0.0293,-0.01096,0.04033,0.02114,1,1,-0.023,-0.104,in_circle
5.746,1,100,0.00017,0.02513,-0.0049,-0.0082,-0.01103,0.03876,0.02072,1,1,0.088,-0.032,in_circle
5.790,1,101,-0.00013,0.02444,-0.0068,-0.0157,-0.01048,0.03995,0.01997,1,1,0.010,-0.116,in_circle
5.833,1,102,0.00017,0.02438,0.0070,-0.0014,-0.01495,0.04068,0.02003,1,1,0.018,-0.085,in_circle
5.880,1,103,0.00015,0.02515,-0.0005,0.0165,-0.01356,0.04267,0.02073,1,1,-0.039,-0.143,in_circle
5.921,1,104,0.00045,0.02495,0.0073,-0.0047,-0.01431,0.04246,0.02067,1,1,-0.009,-0.218,in_circle
5.966,1,105,0.00038,0.02559,-0.0014,0.0140,-0.01101,0.04229,0.02123,1,1,-0.041,-0.133,in_circle
6.009,1,106,0.00088,0.02678,0.0117,0.0279,-0.00650,0.04452,0.02252,1,1,-0.007,-0.211,in_circle
6.054,1,107,0.00032,0.02702,-0.0126,0.0053,-0.00625,0.04327,0.02253,1,1,-0.060,-0.270,in_circle
6.099,1,108,0.00009,0.02727,-0.0052,0.0055,-0.00136,0.04443,0.02268,1,1,0.038,-0.181,in_circle
6.143,1,109,0.00041,0.02720,0.0073,-0.0015,0.00839,0.04095,0.02273,1,1,0.008,-0.183,in_circle
6.185,1,110,-0.00011,0.02743,-0.0123,0.0054,0.00510,0.04042,0.02277,1,1,-0.043,-0.156,in_circle
6.231,1,111,-0.00063,0.02759,-0.0114,0.0035,0.00437,0.04272,0.02275,1,1,0.036,-0.186,in_circle
6.273,1,112,-0.00066,0.02736,-0.0009,-0.0055,-0.00053,0.04431,0.02252,1,1,0.034,-0.179,in_circle
6.318,1,113,-0.00043,0.02759,0.0051,0.0052,0.00011,0.04414,0.02281,1,1,-0.009,-0.143,in_circle
6.360,1,114,-0.00048,0.02745,-0.0011,-0.0033,-0.00192,0.04528,0.02267,1,1,-0.033,-0.188,in_circle
6.406,1,115,-0.00075,0.02748,-0.0059,0.0005,-0.00661,0.04493,0.02260,1,1,-0.009,-0.154,in_circle
6.449,1,116,-0.00037,0.02767,0.0089,0.0044,-0.00475,0.04535,0.02290,1,1,0.011,-0.171,in_circle
6.494,1,117,-0.00008,0.02750,0.0064,-0.0036,-0.00736,0.04524,0.02285,1,1,-0.049,-0.188,in_circle
6.537,1,118,-0.00049,0.02765,-0.0097,0.0036,-0.00660,0.04479,0.02285,1,1,-0.041,-0.156,in_circle
6.582,1,119,-0.00046,0.02747,0.0007,-0.0041,-0.00637,0.04394,0.02269,1,1,0.024,-0.186,in_circle
6.625,1,120,-0.00023,0.02761,0.0052,0.0031,-0.00631,0.04374,0.02289,1,1,-0.018,-0.156,in_circle
6.670,1,121,0.00008,0.02773,0.0068,0.0027,-0.00557,0.04560,0.02312,1,1,-0.037,-0.186,in_circle
6.714,1,122,-0.00048,0.02745,-0.0127,-0.0065,-0.00530,0.04335,0.02266,1,1,-0.044,-0.186,in_circle
6.758,1,123,-0.00018,0.02746,0.0068,0.0003,-0.00584,0.04460,0.02277,1,1,0.035,-0.149,in_circle
6.803,1,124,-0.00051,0.02748,-0.0074,0.0004,-0.00371,0.04446,0.02268,1,1,-0.044,-0.177,in_circle
6.845,1,125,-0.00074,0.02756,-0.0055,0.0019,-0.00602,0.04402,0.02268,1,1,0.013,-0.179,in_circle
6.890,1,126,-0.00045,0.02754,0.0064,-0.0004,-0.00361,0.04166,0.02276,1,1,0.006,-0.186,in_circle
6.934,1,127,-0.00050,0.02766,-0.0012,0.0029,-0.00465,0.04392,0.02286,1,1,-0.043,-0.178,in_circle
6.978,1,128,-0.00023,0.02762,0.0060,-0.0009,-0.00375,0.04479,0.02291,1,1,-0.013,-0.192,in_circle
7.021,1,129,-0.00069,0.02761,-0.0105,-0.0003,-0.00429,0.04337,0.02275,1,1,-0.042,-0.178,in_circle
7.067,1,130,-0.00055,0.02763,0.0030,0.0005,-0.00325,0.04400,0.02282,1,1,0.025,-0.181,in_circle
7.109,1,131,-0.00060,0.02752,-0.0012,-0.0028,-0.00274,0.04288,0.02269,1,1,-0.030,-0.185,in_circle
7.154,1,132,-0.00050,0.02753,0.0022,0.0003,-0.00363,0.04348,0.02273,1,1,-0.014,-0.173,in_circle
7.198,1,133,-0.00038,0.02747,0.0028,-0.0014,-0.00274,0.04373,0.02271,1,1,-0.028,-0.186,in_circle
7.242,1,134,-0.00095,0.02739,-0.0133,-0.0017,-0.00252,0.04448,0.02246,1,1,-0.031,-0.180,in_circle
7.287,1,135,-0.00068,0.02747,0.0059,0.0016,-0.00223,0.04596,0.02262,1,1,0.035,-0.180,in_circle
7.374,1,136,-0.00067,0.02730,0.0002,-0.0020,-0.00337,0.04227,0.02246,1,1,-0.043,-0.195,in_circle
7.418,1,137,-0.00064,0.02753,0.0007,0.0054,-0.00369,0.04387,0.02269,1,1,-0.021,-0.181,in_circle
7.461,1,138,-0.00058,0.02747,0.0013,-0.0015,-0.00240,0.03973,0.02265,1,1,-0.023,-0.212,in_circle
7.506,1,139,-0.00009,0.02744,0.0110,-0.0005,-0.00267,0.04175,0.02279,1,1,-0.026,-0.185,in_circle
7.550,1,140,-0.00039,0.02743,-0.0067,-0.0002,-0.00097,0.04109,0.02268,1,1,-0.066,-0.190,in_circle
7.594,1,141,-0.00091,0.02737,-0.0119,-0.0014,-0.00238,0.04272,0.02246,1,1,0.005,-0.192,in_circle
7.639,1,142,-0.00084,0.02731,0.0014,-0.0015,-0.00055,0.04336,0.02241,1,1,0.026,-0.188,in_circle
7.681,1,143,-0.00058,0.02749,0.0062,0.0043,-0.00133,0.04276,0.02267,1,1,-0.027,-0.189,in_circle
7.726,1,144,-0.00025,0.02723,0.0074,-0.0059,-0.00146,0.04370,0.02253,1,1,-0.047,-0.213,in_circle
7.770,1,145,-0.00075,0.02764,-0.0111,0.0092,-0.00046,0.04275,0.02276,1,1,-0.053,-0.173,in_circle
7.813,1,146,-0.00006,0.02722,0.0161,-0.0098,-0.00243,0.04118,0.02258,1,1,0.022,-0.235,in_circle
7.858,1,147,-0.00039,0.02734,-0.0074,0.0027,0.00019,0.03990,0.02259,1,1,-0.089,-0.159,in_circle
7.902,1,148,-0.00068,0.02737,-0.0065,0.0006,0.00055,0.04116,0.02252,1,1,0.005,-0.210,in_circle
7.946,1,149,-0.00082,0.02723,-0.0032,-0.0030,-0.00127,0.03858,0.02235,1,1,0.002,-0.203,in_circle
7.991,1,150,-0.00018,0.02744,0.0144,0.0046,0.00104,0.03794,0.02275,1,1,-0.011,-0.189,in_circle
8.033,1,151,-0.00078,0.02730,-0.0141,-0.0032,-0.00052,0.03770,0.02243,1,1,-0.084,-0.221,in_circle
8.078,1,152,-0.00072,0.02738,0.0013,0.0018,-0.00055,0.03866,0.02252,1,1,0.032,-0.190,in_circle
8.122,1,153,-0.00074,0.02723,-0.0003,-0.0033,-0.00007,0.03696,0.02238,1,1,-0.030,-0.211,in_circle
8.166,1,154,-0.00021,0.02753,0.0119,0.0066,-0.00056,0.03909,0.02283,1,1,-0.024,-0.191,in_circle
8.213,1,155,-0.00084,0.02734,-0.0137,-0.0041,-0.00014,0.03767,0.02245,1,1,-0.074,-0.233,in_circle
8.255,1,156,-0.00060,0.02724,0.0056,-0.0025,0.00047,0.03897,0.02242,1,1,0.029,-0.191,in_circle
8.297,1,157,-0.00074,0.02699,-0.0031,-0.0058,-0.00110,0.03884,0.02214,1,1,-0.049,-0.198,in_circle
8.342,1,158,-0.00081,0.02732,-0.0017,0.0075,-0.00003,0.04314,0.02244,1,1,-0.014,-0.185,in_circle
8.385,1,159,-0.00088,0.02737,-0.0017,0.0011,-0.00060,0.04429,0.02246,1,1,-0.020,-0.240,in_circle
8.431,1,160,-0.00055,0.02738,0.0073,0.0002,-0.00101,0.04173,0.02257,1,1,-0.020,-0.215,in_circle
8.474,1,161,-0.00037,0.02741,0.0041,0.0009,0.00053,0.04309,0.02267,1,1,-0.057,-0.212,in_circle
8.520,1,162,-0.00056,0.02736,-0.0043,-0.0012,-0.00051,0.04165,0.02255,1,1,-0.045,-0.216,in_circle
8.563,1,163,-0.00055,0.02714,0.0003,-0.0051,-0.00118,0.04150,0.02235,1,1,-0.011,-0.209,in_circle
8.606,1,164,-0.00064,0.02732,-0.0021,0.0043,0.00020,0.04193,0.02249,1,1,-0.030,-0.193,in_circle
8.650,1,165,-0.00052,0.02732,0.0028,-0.0000,-0.00116,0.04177,0.02253,1,1,-0.020,-0.232,in_circle
8.694,1,166,-0.00086,0.02739,-0.0078,0.0016,-0.00074,0.04234,0.02249,1,1,-0.041,-0.216,in_circle
8.739,1,167,-0.00052,0.02726,0.0078,-0.0030,-0.00117,0.04158,0.02247,1,1,0.002,-0.224,in_circle
8.784,1,168,-0.00039,0.02732,0.0029,0.0013,-0.00029,0.04255,0.02257,1,1,-0.061,-0.206,in_circle
8.825,1,169,-0.00067,0.02753,-0.0068,0.0052,0.00010,0.04269,0.02268,1,1,-0.042,-0.224,in_circle
8.870,1,170,-0.00046,0.02732,0.0045,-0.0045,-0.00066,0.04134,0.02255,1,1,-0.003,-0.241,in_circle
8.914,1,171,-0.00023,0.02730,0.0055,-0.0006,-0.00041,0.04064,0.02260,1,1,-0.049,-0.203,in_circle
8.958,1,172,-0.00068,0.02739,-0.0104,0.0021,0.00016,0.04159,0.02254,1,1,-0.054,-0.220,in_circle
9.003,1,173,-0.00065,0.02728,0.0007,-0.0023,-0.00038,0.04150,0.02245,1,1,0.010,-0.231,in_circle
9.046,1,174,-0.00069,0.02720,-0.0010,-0.0019,-0.00078,0.03930,0.02236,1,1,-0.035,-0.214,in_circle
9.090,1,175,-0.00027,0.02740,0.0095,0.0044,-0.00039,0.04224,0.02269,1,1,-0.028,-0.217,in_circle
9.135,1,176,-0.00059,0.02738,-0.0072,-0.0005,0.00107,0.04252,0.02256,1,1,-0.072,-0.244,in_circle
9.179,1,177,-0.00099,0.02729,-0.0091,-0.0020,-0.00008,0.04347,0.02235,1,1,-0.004,-0.225,in_circle
9.222,1,178,-0.00046,0.02735,0.0124,0.0014,0.00089,0.04070,0.02258,1,1,0.004,-0.220,in_circle
9.266,1,179,-0.00047,0.02734,-0.0003,-0.0001,0.00086,0.04302,0.02257,1,1,-0.083,-0.234,in_circle
9.310,1,180,-0.00062,0.02743,-0.0034,0.0019,0.00150,0.04182,0.02260,1,1,-0.033,-0.229,in_circle
9.397,1,181,-0.00070,0.02727,-0.0009,-0.0018,0.00095,0.04202,0.02242,1,1,-0.021,-0.239,in_circle
9.443,1,182,-0.00069,0.02741,0.0001,0.0031,0.00146,0.04253,0.02256,1,1,-0.031,-0.225,in_circle
9.487,1,183,-0.00058,0.02709,0.0025,-0.0073,0.00065,0.04340,0.02229,1,1,-0.035,-0.246,in_circle
9.530,1,184,-0.00078,0.02729,-0.0045,0.0048,0.00122,0.04254,0.02242,1,1,-0.046,-0.204,in_circle
9.574,1,185,-0.00048,0.02738,0.0068,0.0020,0.00065,0.03973,0.02260,1,1,-0.017,-0.254,in_circle
9.617,1,186,-0.00017,0.02764,0.0070,0.0059,0.00121,0.04158,0.02294,1,1,-0.064,-0.244,in_circle
9.662,1,187,-0.00070,0.02725,-0.0118,-0.0087,0.00317,0.03900,0.02240,1,1,-0.066,-0.261,in_circle
9.705,1,188,-0.00018,0.02748,0.0119,0.0053,0.00412,0.03849,0.02279,1,1,0.011,-0.203,in_circle
9.751,1,189,-0.00039,0.02730,-0.0046,-0.0040,0.00549,0.03921,0.02255,1,1,-0.086,-0.261,in_circle
9.794,1,190,-0.00014,0.02737,0.0059,0.0017,0.00338,0.03939,0.02270,1,1,-0.019,-0.224,in_circle
9.838,1,191,-0.00034,0.02733,-0.0046,-0.0009,0.00439,0.03876,0.02260,1,1,-0.062,-0.248,in_circle
9.882,1,192,-0.00011,0.02702,0.0052,-0.0071,0.00379,0.03901,0.02238,1,1,-0.020,-0.238,in_circle
9.925,1,193,-0.00035,0.02736,-0.0054,0.0079,0.00318,0.03924,0.02262,1,1,-0.060,-0.213,in_circle
9.970,1,194,-0.00041,0.02733,-0.0013,-0.0005,0.00411,0.03889,0.02258,1,1,-0.018,-0.275,in_circle
10.014,1,195,-0.00029,0.02731,0.0027,-0.0004,0.00182,0.03975,0.02260,1,1,-0.034,-0.242,in_circle
10.058,1,196,-0.00021,0.02738,0.0019,0.0014,0.00414,0.03969,0.02269,1,1,-0.051,-0.244,in_circle
10.101,1,197,-0.00049,0.02724,-0.0066,-0.0032,0.00223,0.03851,0.02247,1,1,-0.048,-0.252,in_circle
10.146,1,198,-0.00056,0.02709,-0.0015,-0.0033,0.00247,0.04016,0.02230,1,1,-0.014,-0.234,in_circle
10.190,1,199,-0.00045,0.02716,0.0024,0.0016,0.00427,0.03797,0.02240,1,1,-0.034,-0.234,in_circle
10.233,1,200,-0.00047,0.02745,-0.0006,0.0066,0.00218,0.04125,0.02266,1,1,-0.051,-0.255,in_circle
10.279,1,201,-0.00061,0.02733,-0.0029,-0.0027,0.00329,0.04116,0.02251,1,1,-0.039,-0.277,in_circle
10.322,1,202,-0.00044,0.02737,0.0038,0.0010,0.00328,0.04096,0.02260,1,1,-0.030,-0.240,in_circle
10.366,1,203,-0.00072,0.02733,-0.0062,-0.0010,0.00190,0.04066,0.02247,1,1,-0.057,-0.256,in_circle
10.410,1,204,-0.00049,0.02711,0.0053,-0.0049,0.00152,0.04141,0.02234,1,1,-0.017,-0.249,in_circle
10.453,1,205,-0.00045,0.02720,0.0009,0.0020,0.00252,0.04088,0.02244,1,1,-0.064,-0.234,in_circle
10.499,1,206,-0.00036,0.02729,0.0020,0.0021,0.00266,0.04139,0.02255,1,1,-0.047,-0.263,in_circle
10.543,1,207,-0.00043,0.02730,-0.0017,0.0001,0.00294,0.04096,0.02254,1,1,-0.051,-0.264,in_circle
10.587,1,208,-0.00033,0.02742,0.0024,0.0028,0.00219,0.04126,0.02269,1,1,-0.037,-0.257,in_circle
10.630,1,209,-0.00015,0.02751,0.0041,0.0020,0.00276,0.04074,0.02282,1,1,-0.054,-0.269,in_circle
10.676,1,210,-0.00054,0.02732,-0.0084,-0.0039,0.00383,0.04171,0.02253,1,1,-0.061,-0.267,in_circle
10.720,1,211,-0.00069,0.02710,-0.0033,-0.0050,0.00250,0.04018,0.02227,1,1,-0.011,-0.244,in_circle
10.762,1,212,-0.00046,0.02741,0.0054,0.0073,0.00263,0.04121,0.02263,1,1,-0.031,-0.240,in_circle
10.806,1,213,-0.00026,0.02723,0.0046,-0.0041,0.00238,0.04008,0.02253,1,1,-0.067,-0.291,in_circle
10.851,1,214,-0.00029,0.02723,-0.0008,-0.0001,0.00336,0.03942,0.02252,1,1,-0.065,-0.246,in_circle
10.894,1,215,-0.00042,0.02740,-0.0030,0.0038,0.00621,0.03920,0.02263,1,1,-0.043,-0.263,in_circle
10.938,1,216,-0.00081,0.02730,-0.0089,-0.0021,0.00302,0.03976,0.02242,1,1,-0.034,-0.280,in_circle
10.982,1,217,-0.00048,0.02695,0.0077,-0.0080,0.00423,0.04003,0.02220,1,1,-0.010,-0.257,in_circle
11.027,1,218,-0.00045,0.02722,0.0006,0.0059,0.00504,0.03968,0.02245,1,1,-0.077,-0.233,in_circle
11.069,1,219,-0.00051,0.02716,-0.0015,-0.0013,0.00417,0.03969,0.02238,1,1,-0.049,-0.290,in_circle
11.113,1,220,-0.00039,0.02726,0.0029,0.0021,0.00362,0.03947,0.02251,1,1,-0.041,-0.262,in_circle
11.159,1,221,-0.00048,0.02736,-0.0021,0.0022,0.00532,0.03862,0.02257,1,1,-0.060,-0.277,in_circle
11.202,1,222,-0.00016,0.02739,0.0074,0.0007,0.00646,0.03891,0.02271,1,1,-0.040,-0.279,in_circle
11.248,1,223,0.00016,0.02744,0.0071,0.0011,0.00445,0.03984,0.02287,1,1,-0.079,-0.274,in_circle
11.289,1,224,-0.00020,0.02726,-0.0088,-0.0044,0.00527,0.04008,0.02258,1,1,-0.079,-0.277,in_circle
11.335,1,225,-0.00065,0.02738,-0.0099,0.0026,0.00600,0.03925,0.02254,1,1,-0.015,-0.255,in_circle
11.422,1,226,-0.00041,0.02737,0.0028,-0.0000,0.00567,0.04073,0.02262,1,1,-0.010,-0.285,in_circle
11.466,1,227,-0.00057,0.02738,-0.0038,0.0003,0.00532,0.03862,0.02257,1,1,-0.061,-0.275,in_circle
11.510,1,228,-0.00051,0.02722,0.0013,-0.0036,0.00492,0.03912,0.02244,1,1,-0.035,-0.278,in_circle
11.554,1,229,-0.00053,0.02734,-0.0004,0.0027,0.00527,0.03853,0.02255,1,1,-0.056,-0.263,in_circle
11.599,1,230,-0.00046,0.02732,0.0015,-0.0006,0.00510,0.03992,0.02255,1,1,-0.049,-0.289,in_circle
11.643,1,231,-0.00063,0.02723,-0.0041,-0.0020,0.00512,0.03957,0.02241,1,1,-0.057,-0.277,in_circle
11.686,1,232,-0.00028,0.02741,0.0080,0.0041,0.00642,0.04016,0.02269,1,1,-0.035,-0.272,in_circle
11.732,1,233,-0.00064,0.02749,-0.0078,0.0018,0.00538,0.03942,0.02265,1,1,-0.084,-0.298,in_circle
11.775,1,234,-0.00053,0.02742,0.0026,-0.0016,0.00637,0.03903,0.02262,1,1,-0.021,-0.290,in_circle
11.818,1,235,-0.00044,0.02730,0.0021,-0.0027,0.00513,0.03925,0.02254,1,1,-0.063,-0.277,in_circle
11.861,1,236,-0.00040,0.02743,0.0009,0.0028,0.00596,0.03943,0.02267,1,1,-0.061,-0.273,in_circle
11.905,1,237,-0.00064,0.02755,-0.0055,0.0028,0.00444,0.03895,0.02271,1,1,-0.057,-0.296,in_circle
11.948,1,238,-0.00030,0.02732,0.0078,-0.0052,0.00519,0.03936,0.02261,1,1,-0.031,-0.297,in_circle
11.994,1,239,-0.00048,0.02718,-0.0040,-0.0032,0.00531,0.03977,0.02241,1,1,-0.085,-0.266,in_circle
12.037,1,240,-0.00061,0.02730,-0.0031,0.0029,0.00543,0.03917,0.02248,1,1,-0.038,-0.274,in_circle
12.083,1,241,-0.00018,0.02755,0.0095,0.0055,0.00545,0.03921,0.02286,1,1,-0.042,-0.300,in_circle
12.125,1,242,-0.00053,0.02730,-0.0080,-0.0059,0.00460,0.04010,0.02251,1,1,-0.094,-0.312,in_circle
12.170,1,243,-0.00037,0.02742,0.0034,0.0027,0.00644,0.03994,0.02267,1,1,-0.023,-0.267,in_circle
12.213,1,244,-0.00057,0.02724,-0.0045,-0.0043,0.00711,0.03960,0.02243,1,1,-0.069,-0.302,in_circle
12.258,1,245,-0.00024,0.02725,0.0072,0.0002,0.00682,0.03924,0.02255,1,1,-0.038,-0.275,in_circle
12.301,1,246,-0.00034,0.02723,-0.0022,-0.0004,0.00762,0.04054,0.02250,1,1,-0.086,-0.294,in_circle
12.346,1,247,-0.00057,0.02725,-0.0051,0.0005,0.00781,0.04036,0.02245,1,1,-0.048,-0.292,in_circle
12.389,1,248,-0.00034,0.02715,0.0052,-0.0024,0.00670,0.03804,0.02242,1,1,-0.036,-0.297,in_circle
12.439,1,249,-0.00021,0.02728,0.0026,0.0027,0.00810,0.03871,0.02259,1,1,-0.078,-0.286,in_circle
12.479,1,250,-0.00029,0.02742,-0.0018,0.0034,0.00893,0.04037,0.02270,1,1,-0.069,-0.308,in_circle
12.522,1,251,-0.00023,0.02724,0.0013,-0.0043,0.00706,0.04046,0.02254,1,1,-0.051,-0.312,in_circle
12.567,1,252,-0.00030,0.02742,-0.0016,0.0041,0.00769,0.04002,0.02269,1,1,-0.064,-0.281,in_circle
12.610,1,253,0.00008,0.02729,0.0087,-0.0028,0.00749,0.03952,0.02270,1,1,-0.053,-0.316,in_circle
12.654,1,254,-0.00019,0.02751,-0.0063,0.0051,0.00748,0.03985,0.02282,1,1,-0.095,-0.289,in_circle
12.700,1,255,-0.00045,0.02753,-0.0056,0.0004,0.00730,0.03973,0.02275,1,1,-0.035,-0.322,in_circle
12.742,1,256,-0.00031,0.02739,0.0033,-0.0035,0.00796,0.03988,0.02266,1,1,-0.037,-0.305,in_circle
12.787,1,257,-0.00045,0.02720,-0.0033,-0.0042,0.00807,0.03923,0.02244,1,1,-0.074,-0.290,in_circle
12.831,1,258,-0.00059,0.02716,-0.0031,-0.0008,0.00788,0.03982,0.02236,1,1,-0.047,-0.288,in_circle
12.874,1,259,-0.00066,0.02731,-0.0018,0.0033,0.00749,0.03952,0.02247,1,1,-0.048,-0.302,in_circle
12.919,1,260,-0.00050,0.02723,0.0037,-0.0017,0.00678,0.03950,0.02245,1,1,-0.053,-0.319,in_circle
12.962,1,261,-0.00052,0.02721,-0.0006,-0.0004,0.00781,0.04036,0.02243,1,1,-0.076,-0.300,in_circle
13.007,1,262,-0.00038,0.02715,0.0032,-0.0014,0.00836,0.04061,0.02241,1,1,-0.059,-0.306,in_circle
13.051,1,263,-0.00062,0.02724,-0.0054,0.0020,0.00901,0.03994,0.02242,1,1,-0.075,-0.303,in_circle
13.094,1,264,-0.00006,0.02741,0.0128,0.0039,0.00763,0.03942,0.02276,1,1,-0.040,-0.318,in_circle
13.138,1,265,-0.00056,0.02740,-0.0116,-0.0001,0.00834,0.03940,0.02259,1,1,-0.115,-0.327,in_circle
13.182,1,266,-0.00039,0.02707,0.0039,-0.0074,0.00855,0.04042,0.02234,1,1,-0.016,-0.312,in_circle
13.226,1,267,-0.00029,0.02733,0.0023,0.0059,0.00961,0.03872,0.02262,1,1,-0.079,-0.283,in_circle
13.271,1,268,-0.00017,0.02752,0.0026,0.0042,0.00757,0.03882,0.02283,1,1,-0.073,-0.337,in_circle
13.314,1,269,-0.00021,0.02715,-0.0011,-0.0087,0.00908,0.03824,0.02247,1,1,-0.075,-0.332,in_circle
13.358,1,270,-0.00009,0.02710,0.0027,-0.0010,0.00827,0.03861,0.02247,1,1,-0.061,-0.280,in_circle
13.492,1,271,-0.00050,0.02735,-0.0031,0.0018,0.00883,0.03794,0.02256,1,1,-0.077,-0.313,in_circle
13.534,1,272,-0.00042,0.02716,0.0019,-0.0044,0.00816,0.03832,0.02241,1,1,-0.053,-0.327,in_circle
13.580,1,273,-0.00030,0.02722,0.0026,0.0012,0.00831,0.03914,0.02250,1,1,-0.074,-0.302,in_circle
13.627,1,274,-0.00060,0.02720,-0.0064,-0.0005,0.00853,0.03769,0.02239,1,1,-0.077,-0.326,in_circle
13.667,1,275,0.00000,0.02714,0.0151,-0.0015,0.00837,0.03864,0.02253,1,1,-0.040,-0.320,in_circle
13.710,1,276,-0.00036,0.02735,-0.0084,0.0049,0.00922,0.03795,0.02261,1,1,-0.128,-0.317,in_circle
13.756,1,277,-0.00052,0.02745,-0.0034,0.0022,0.00895,0.03818,0.02265,1,1,-0.034,-0.344,in_circle
13.799,1,278,-0.00045,0.02740,0.0015,-0.0012,0.00886,0.03767,0.02262,1,1,-0.053,-0.334,in_circle
13.842,1,279,-0.00010,0.02725,0.0082,-0.0034,0.01051,0.03814,0.02260,1,1,-0.074,-0.322,in_circle
13.887,1,280,-0.00047,0.02731,-0.0081,0.0014,0.00888,0.03880,0.02254,1,1,-0.102,-0.313,in_circle
13.931,1,281,-0.00049,0.02713,-0.0005,-0.0042,0.01031,0.03825,0.02236,1,1,-0.036,-0.334,in_circle
13.975,1,282,0.00013,0.02705,0.0142,-0.0017,0.00954,0.03708,0.02250,1,1,-0.067,-0.312,in_circle
14.018,1,283,-0.00054,0.02732,-0.0155,0.0061,0.00986,0.03868,0.02252,1,1,-0.127,-0.322,in_circle
14.062,1,284,-0.00005,0.02714,0.0114,-0.0041,0.01031,0.03832,0.02252,1,1,-0.007,-0.355,in_circle
14.106,1,285,-0.00055,0.02708,-0.0112,-0.0014,0.00987,0.03757,0.02229,1,1,-0.116,-0.315,in_circle
14.151,1,286,-0.00044,0.02730,0.0024,0.0049,0.01077,0.03739,0.02253,1,1,-0.025,-0.327,in_circle
14.195,1,287,-0.00076,0.02721,-0.0072,-0.0019,0.01112,0.03761,0.02235,1,1,-0.080,-0.353,in_circle
14.239,1,288,-0.00040,0.02718,0.0083,-0.0009,0.01067,0.03666,0.02243,1,1,-0.041,-0.326,in_circle
14.284,1,289,-0.00050,0.02737,-0.0023,0.0042,0.01136,0.03782,0.02258,1,1,-0.104,-0.332,in_circle
14.327,1,290,-0.00070,0.02732,-0.0045,-0.0012,0.01105,0.03854,0.02247,1,1,-0.062,-0.353,in_circle
14.370,1,291,-0.00033,0.02709,0.0084,-0.0052,0.01182,0.03555,0.02237,1,1,-0.053,-0.332,in_circle
14.414,1,292,-0.00050,0.02699,-0.0038,-0.0022,0.01127,0.03606,0.02222,1,1,-0.106,-0.317,in_circle
14.458,1,293,-0.00078,0.02710,-0.0064,0.0025,0.01178,0.03730,0.02224,1,1,-0.057,-0.329,in_circle
14.502,1,294,-0.00040,0.02734,0.0087,0.0055,0.01084,0.03726,0.02259,1,1,-0.046,-0.349,in_circle
14.549,1,295,-0.00072,0.02729,-0.0068,-0.0011,0.01131,0.03798,0.02243,1,1,-0.108,-0.363,in_circle
14.591,1,296,-0.00061,0.02717,0.0027,-0.0028,0.01112,0.03709,0.02236,1,1,-0.045,-0.337,in_circle
14.638,1,297,-0.00026,0.02704,0.0075,-0.0027,0.01180,0.03640,0.02236,1,1,-0.084,-0.331,in_circle
14.678,1,298,-0.00059,0.02732,-0.0083,0.0067,0.01130,0.03705,0.02250,1,1,-0.104,-0.332,in_circle
14.722,1,299,-0.00063,0.02708,-0.0009,-0.0054,0.01103,0.03581,0.02227,1,1,-0.041,-0.371,in_circle
14.767,1,300,-0.00079,0.02729,-0.0035,0.0046,0.01070,0.03781,0.02242,1,1,-0.071,-0.324,in_circle
14.810,1,301,-0.00038,0.02711,0.0096,-0.0042,0.01064,0.03742,0.02238,1,1,-0.060,-0.365,in_circle
14.855,1,302,-0.00055,0.02724,-0.0040,0.0028,0.01007,0.03658,0.02244,1,1,-0.114,-0.330,in_circle
14.898,1,303,-0.00065,0.02721,-0.0023,-0.0006,0.01059,0.03682,0.02238,1,1,-0.059,-0.359,in_circle
14.943,1,304,-0.00063,0.02723,0.0006,0.0004,0.00970,0.03793,0.02241,1,1,-0.066,-0.347,in_circle
14.985,1,305,-0.00058,0.02718,0.0013,-0.0010,0.01074,0.03694,0.02238,1,1,-0.078,-0.352,in_circle
15.030,1,306,-0.00044,0.02728,0.0031,0.0023,0.01026,0.03712,0.02252,1,1,-0.081,-0.347,in_circle
15.074,1,307,-0.00060,0.02740,-0.0038,0.0026,0.01169,0.03815,0.02258,1,1,-0.089,-0.361,in_circle
15.118,1,308,-0.00041,0.02732,0.0043,-0.0018,0.01048,0.03720,0.02256,1,1,-0.062,-0.364,in_circle
15.163,1,309,-0.00055,0.02685,-0.0031,-0.0105,0.01103,0.03612,0.02208,1,1,-0.095,-0.347,in_circle
15.206,1,310,-0.00049,0.02723,0.0016,0.0086,0.01230,0.03830,0.02245,1,1,-0.065,-0.312,in_circle
15.249,1,311,-0.00077,0.02718,-0.0066,-0.0012,0.01122,0.03664,0.02231,1,1,-0.084,-0.390,in_circle
15.296,1,312,-0.00055,0.02709,0.0047,-0.0020,0.01131,0.03710,0.02230,1,1,-0.051,-0.352,in_circle
15.338,1,313,-0.00060,0.02692,-0.0011,-0.0040,0.01534,0.03696,0.02212,1,1,-0.097,-0.349,in_circle
15.384,1,314,-0.00056,0.02691,0.0007,-0.0002,0.01492,0.03746,0.02213,1,1,-0.074,-0.342,in_circle
15.472,1,315,-0.00071,0.02705,-0.0017,0.0015,0.01420,0.03738,0.02221,1,1,-0.082,-0.359,in_circle
15.515,1,316,-0.00049,0.02718,0.0053,0.0032,0.01401,0.03632,0.02241,1,1,-0.073,-0.367,in_circle
15.558,1,317,-0.00042,0.02729,0.0014,0.0025,0.01412,0.03779,0.02253,1,1,-0.101,-0.375,in_circle
15.603,1,318,-0.00073,0.02685,-0.0068,-0.0099,0.01285,0.03755,0.02202,1,1,-0.086,-0.373,in_circle
15.647,1,319,-0.00033,0.02711,0.0088,0.0059,0.01387,0.03696,0.02239,1,1,-0.053,-0.323,in_circle
15.689,1,320,-0.00040,0.02682,-0.0016,-0.0069,0.01458,0.03726,0.02210,1,1,-0.117,-0.388,in_circle
15.736,1,321,-0.00071,0.02718,-0.0068,0.0078,0.01153,0.03715,0.02234,1,1,-0.075,-0.337,in_circle
15.777,1,322,-0.00059,0.02706,0.0029,-0.0030,0.01296,0.03835,0.02226,1,1,-0.054,-0.398,in_circle
15.822,1,323,-0.00067,0.02703,-0.0017,-0.0007,0.01109,0.03738,0.02220,1,1,-0.093,-0.355,in_circle
15.866,1,324,-0.00071,0.02708,-0.0008,0.0011,0.01422,0.03792,0.02224,1,1,-0.075,-0.365,in_circle
15.911,1,325,-0.00014,0.02732,0.0127,0.0053,0.01306,0.03808,0.02265,1,1,-0.079,-0.374,in_circle
15.955,1,326,-0.00045,0.02732,-0.0070,0.0000,0.01281,0.03859,0.02255,1,1,-0.134,-0.392,in_circle
15.998,1,327,-0.00049,0.02716,-0.0008,-0.0036,0.01190,0.03739,0.02239,1,1,-0.055,-0.372,in_circle
16.042,1,328,-0.00073,0.02713,-0.0055,-0.0006,0.01348,0.03696,0.02228,1,1,-0.080,-0.358,in_circle
16.087,1,329,-0.00067,0.02731,0.0013,0.0041,0.01287,0.03698,0.02247,1,1,-0.061,-0.371,in_circle
16.130,1,330,-0.00053,0.02729,0.0033,-0.0005,0.01332,0.03779,0.02250,1,1,-0.089,-0.391,in_circle
16.174,1,331,-0.00085,0.02713,-0.0072,-0.0037,0.01334,0.03734,0.02224,1,1,-0.098,-0.373,in_circle
16.217,1,332,-0.00047,0.02703,0.0087,-0.0024,0.01387,0.03696,0.02227,1,1,-0.055,-0.361,in_circle
16.262,1,333,-0.00082,0.02690,-0.0078,-0.0029,0.01424,0.03896,0.02203,1,1,-0.120,-0.367,in_circle
16.305,1,334,-0.00079,0.02699,0.0008,0.0020,0.01334,0.03766,0.02213,1,1,-0.053,-0.366,in_circle
16.351,1,335,-0.00064,0.02720,0.0033,0.0047,0.01269,0.03683,0.02238,1,1,-0.088,-0.386,in_circle
16.394,1,336,-0.00076,0.02737,-0.0028,0.0039,0.01462,0.03753,0.02250,1,1,-0.099,-0.399,in_circle
16.438,1,337,-0.00062,0.02736,0.0030,-0.0000,0.01593,0.03671,0.02254,1,1,-0.074,-0.397,in_circle
16.483,1,338,-0.00066,0.02716,-0.0007,-0.0045,0.01463,0.03722,0.02234,1,1,-0.098,-0.382,in_circle
16.526,1,339,-0.00045,0.02735,0.0048,0.0044,0.01507,0.03681,0.02258,1,1,-0.084,-0.364,in_circle
16.569,1,340,-0.00061,0.02708,-0.0037,-0.0063,0.01525,0.03655,0.02228,1,1,-0.107,-0.401,in_circle
16.615,1,341,-0.00109,0.02707,-0.0105,-0.0002,0.01534,0.03707,0.02212,1,1,-0.073,-0.359,in_circle
16.657,1,342,-0.00075,0.02675,0.0078,-0.0076,0.01495,0.03660,0.02191,1,1,-0.045,-0.384,in_circle
16.703,1,343,-0.00084,0.02693,-0.0020,0.0040,0.01463,0.03732,0.02206,1,1,-0.119,-0.355,in_circle
16.747,1,344,-0.00068,0.02715,0.0038,0.0050,0.01484,0.03619,0.02232,1,1,-0.080,-0.403,in_circle
16.789,1,345,-0.00081,0.02721,-0.0031,0.0014,0.01466,0.03645,0.02233,1,1,-0.104,-0.408,in_circle
16.834,1,346,-0.00038,0.02720,0.0095,-0.0001,0.01517,0.03715,0.02246,1,1,-0.076,-0.394,in_circle
16.878,1,347,-0.00073,0.02703,-0.0078,-0.0039,0.01459,0.03648,0.02219,1,1,-0.128,-0.389,in_circle
16.923,1,348,-0.00081,0.02688,-0.0019,-0.0034,0.01510,0.03720,0.02202,1,1,-0.058,-0.375,in_circle
16.966,1,349,-0.00049,0.02706,0.0075,0.0043,0.01421,0.03606,0.02229,1,1,-0.082,-0.377,in_circle
17.012,1,350,-0.00072,0.02706,-0.0050,-0.0001,0.01510,0.03720,0.02222,1,1,-0.120,-0.409,in_circle
17.053,1,351,-0.00046,0.02693,0.0064,-0.0030,0.01507,0.03681,0.02219,1,1,-0.070,-0.393,in_circle
17.098,1,352,-0.00109,0.02702,-0.0142,0.0020,0.01463,0.03732,0.02207,1,1,-0.117,-0.382,in_circle
17.141,1,353,-0.00066,0.02710,0.0100,0.0019,0.01481,0.03705,0.02228,1,1,-0.033,-0.403,in_circle
17.187,1,354,-0.00091,0.02713,-0.0054,0.0006,0.01497,0.03769,0.02223,1,1,-0.131,-0.404,in_circle
17.229,1,355,-0.00076,0.02722,0.0035,0.0021,0.01461,0.03708,0.02236,1,1,-0.069,-0.400,in_circle
17.275,1,356,-0.00103,0.02716,-0.0059,-0.0013,0.01517,0.03715,0.02222,1,1,-0.106,-0.407,in_circle
17.317,1,357,-0.00101,0.02715,0.0005,-0.0003,0.01482,0.03765,0.02221,1,1,-0.068,-0.394,in_circle
17.363,1,358,-0.00117,0.02751,-0.0036,0.0081,0.01605,0.03608,0.02251,1,1,-0.094,-0.399,in_circle
17.406,1,359,-0.00079,0.02685,0.0088,-0.0152,0.01481,0.03713,0.02200,1,1,-0.077,-0.434,in_circle
17.495,1,360,-0.00104,0.02663,-0.0029,-0.0025,0.01963,0.03740,0.02171,1,1,-0.128,-0.342,in_circle
17.538,1,361,-0.00124,0.02695,-0.0046,0.0074,0.02213,0.03809,0.02195,1,1,-0.081,-0.392,in_circle
17.582,1,362,-0.00091,0.02696,0.0075,0.0002,0.01847,0.03643,0.02206,1,1,-0.074,-0.434,in_circle
17.626,1,363,-0.00125,0.02649,-0.0077,-0.0106,0.02056,0.03660,0.02151,1,1,-0.124,-0.406,in_circle
17.669,1,364,-0.00095,0.02641,0.0071,-0.0018,0.02026,0.03669,0.02153,1,1,-0.062,-0.362,in_circle
17.714,1,365,-0.00097,0.02522,-0.0005,-0.0265,0.02031,0.03691,0.02040,1,1,-0.122,-0.398,in_circle
17.758,1,366,-0.00001,0.02449,0.0217,-0.0166,0.01566,0.03607,0.02006,1,1,-0.093,-0.297,in_circle
17.802,1,367,-0.00013,0.02360,-0.0027,-0.0203,0.01500,0.03526,0.01920,1,1,-0.184,-0.336,in_circle
17.846,1,368,0.00048,0.02268,0.0137,-0.0206,0.00404,0.03657,0.01862,1,1,-0.087,-0.320,in_circle
17.891,1,369,0.00083,0.02117,0.0078,-0.0336,0.00297,0.03311,0.01745,1,1,-0.154,-0.317,in_circle
17.934,1,370,0.00102,0.01969,0.0045,-0.0348,0.00371,0.03232,0.01629,1,1,-0.132,-0.262,in_circle
17.978,1,371,0.00091,0.01847,-0.0025,-0.0280,0.00364,0.03079,0.01521,1,1,-0.119,-0.254,in_circle
18.022,1,372,0.00179,0.01714,0.0199,-0.0301,0.00093,0.02988,0.01470,1,1,-0.091,-0.279,in_circle
18.066,1,373,0.00082,0.01538,-0.0218,-0.0394,-0.00051,0.03104,0.01274,1,1,-0.184,-0.267,in_circle
18.110,1,374,0.00097,0.01399,0.0036,-0.0316,0.00021,0.03081,0.01187,1,1,-0.015,-0.226,in_circle
18.153,1,375,0.00108,0.01287,0.0026,-0.0262,-0.00045,0.03018,0.01123,1,1,-0.117,-0.254,in_circle
18.198,1,376,0.00113,0.01117,0.0010,-0.0380,-0.00109,0.02928,0.01032,1,1,-0.114,-0.273,in_circle
18.243,1,377,0.00205,0.00957,0.0203,-0.0350,0.00005,0.03017,0.01048,1,1,-0.108,-0.222,in_circle
18.287,1,378,0.00187,0.00789,-0.0042,-0.0382,-0.00000,0.03006,0.00985,1,1,-0.188,-0.230,in_circle
18.330,1,379,0.00060,0.00710,-0.0298,-0.0187,-0.00040,0.03070,0.00847,1,1,-0.090,-0.213,in_circle
18.376,1,380,0.00001,0.00443,-0.0128,-0.0580,-0.00019,0.02997,0.00796,1,1,0.015,-0.290,in_circle
18.418,1,381,-0.00059,0.00210,-0.0141,-0.0552,-0.00053,0.02993,0.00820,1,1,-0.051,-0.126,in_circle
18.463,1,382,-0.00186,-0.00015,-0.0287,-0.0507,0.00000,0.03594,0.00855,1,1,-0.045,-0.131,in_circle
18.506,1,383,-0.00179,-0.00285,0.0016,-0.0617,-0.00564,0.04149,0.01070,1,1,0.016,-0.143,in_circle
18.550,1,384,-0.00280,-0.00554,-0.0231,-0.0615,-0.01152,0.04295,0.01258,1,1,-0.106,-0.092,in_circle
18.595,1,385,-0.00380,-0.00871,-0.0220,-0.0698,-0.00946,0.04426,0.01524,1,1,-0.004,-0.085,in_circle
18.639,1,386,-0.00425,-0.01130,-0.0103,-0.0594,-0.01532,0.04269,0.01766,1,1,-0.006,-0.043,in_circle
18.683,1,387,-0.00530,-0.01493,-0.0238,-0.0821,-0.01693,0.04350,0.02108,1,1,-0.052,-0.078,in_circle
18.726,1,388,-0.00598,-0.01810,-0.0160,-0.0746,-0.01816,0.04454,0.02417,1,1,0.004,0.023,in_circle
18.772,1,389,-0.00747,-0.02117,-0.0326,-0.0670,-0.01830,0.04290,0.02718,1,1,-0.025,0.002,in_circle
18.813,1,390,-0.00871,-0.02404,-0.0298,-0.0689,-0.02436,0.04139,0.03005,1,1,0.045,-0.019,in_circle
18.859,1,391,-0.00962,-0.02765,-0.0200,-0.0791,-0.02491,0.04216,0.03370,1,1,0.037,-0.003,in_circle
18.901,1,392,-0.01050,-0.03016,-0.0207,-0.0590,-0.02411,0.04180,0.03626,1,1,0.000,0.048,in_circle
18.947,1,393,-0.01147,-0.03316,-0.0211,-0.0651,-0.02506,0.04358,0.03933,1,1,0.005,-0.025,in_circle
18.990,1,394,-0.01186,-0.03559,-0.0091,-0.0571,-0.02575,0.04210,0.04179,1,1,0.009,0.009,in_circle
19.035,1,395,-0.01304,-0.03714,-0.0264,-0.0346,-0.02482,0.04309,0.04345,1,1,-0.038,-0.016,in_circle
19.079,1,396,-0.01428,-0.03935,-0.0282,-0.0504,-0.02550,0.04296,0.04581,0,1,0.032,-0.097,running
19.122,1,397,-0.01548,-0.04111,-0.0273,-0.0401,-0.02126,0.04429,0.04773,0,1,0.041,-0.027,running
19.166,1,398,-0.01633,-0.04302,-0.0197,-0.0441,-0.01583,0.04845,0.04976,0,1,0.039,-0.058,running
19.211,1,399,-0.01694,-0.04501,-0.0134,-0.0440,-0.01605,0.04733,0.05182,0,1,0.014,-0.034,running
19.256,1,400,-0.01769,-0.04727,-0.0170,-0.0508,-0.01461,0.05070,0.05418,0,1,-0.007,-0.024,running
19.300,1,401,-0.01778,-0.04974,-0.0020,-0.0558,-0.01480,0.05252,0.05663,0,1,0.008,0.011,running
19.344,1,402,-0.01784,-0.05146,-0.0012,-0.0392,-0.01452,0.05235,0.05833,0,1,-0.042,0.039,running
19.387,1,403,-0.01800,-0.05336,-0.0037,-0.0439,-0.01670,0.05107,0.06023,0,1,-0.043,-0.005,running
19.431,1,404,-0.01795,-0.05545,0.0011,-0.0471,-0.01908,0.04850,0.06229,0,1,-0.033,0.021,running
19.520,1,405,-0.01798,-0.05928,-0.0003,-0.0434,-0.01859,0.04798,0.06607,0,1,-0.046,0.047,running
19.562,1,406,-0.01813,-0.06111,-0.0035,-0.0428,-0.01805,0.04816,0.06790,0,1,-0.040,0.058,running
19.606,1,407,-0.01806,-0.06261,0.0017,-0.0347,-0.01859,0.04598,0.06938,0,1,-0.029,0.069,running
19.651,1,408,-0.01804,-0.06437,0.0004,-0.0388,-0.02190,0.04248,0.07111,0,1,-0.043,0.057,running
19.694,1,409,-0.01805,-0.06626,-0.0003,-0.0439,-0.02229,0.04053,0.07299,0,1,-0.038,0.082,running
19.739,1,410,-0.01797,-0.06762,0.0019,-0.0305,-0.02351,0.04121,0.07432,0,1,-0.034,0.111,running
19.782,1,411,-0.01823,-0.06933,-0.0061,-0.0397,-0.02750,0.04059,0.07605,0,1,-0.039,0.087,running
19.827,1,412,-0.01903,-0.07047,-0.0173,-0.0250,-0.03495,0.04126,0.07729,0,1,-0.016,0.125,running
19.870,1,413,-0.01902,-0.07185,0.0001,-0.0322,-0.03544,0.04064,0.07866,0,1,0.016,0.100,running
19.915,1,414,-0.01950,-0.07276,-0.0108,-0.0204,-0.03581,0.04071,0.07962,0,1,-0.026,0.131,running
19.957,1,415,-0.01971,-0.07390,-0.0049,-0.0268,-0.03652,0.04052,0.08078,0,1,0.003,0.112,running
20.002,1,416,-0.02008,-0.07437,-0.0084,-0.0107,-0.03563,0.04154,0.08130,0,1,-0.009,0.140,running
20.046,1,417,-0.02082,-0.07488,-0.0167,-0.0114,-0.03585,0.04123,0.08193,0,1,0.002,0.109,running
20.091,1,418,-0.02108,-0.07518,-0.0058,-0.0065,-0.03518,0.03979,0.08226,0,1,0.025,0.119,running
20.134,1,419,-0.02188,-0.07507,-0.0189,0.0025,-0.03423,0.04048,0.08229,0,1,0.002,0.114,running
20.180,1,420,-0.02205,-0.07502,-0.0037,0.0012,-0.03296,0.04169,0.08226,0,1,0.036,0.096,running
20.222,1,421,-0.02279,-0.07442,-0.0177,0.0144,-0.03112,0.04077,0.08180,0,1,0.003,0.103,running
20.266,1,422,-0.02275,-0.07443,0.0010,-0.0003,-0.02638,0.04140,0.08181,0,1,0.039,0.070,running
20.310,1,423,-0.02292,-0.07390,-0.0038,0.0121,-0.02417,0.04081,0.08132,0,1,-0.004,0.108,running
20.355,1,424,-0.02285,-0.07383,0.0014,0.0015,-0.02245,0.04309,0.08124,0,1,0.008,0.078,running
20.399,1,425,-0.02302,-0.07336,-0.0038,0.0107,-0.02283,0.04471,0.08080,0,1,-0.004,0.106,running
20.443,1,426,-0.02291,-0.07294,0.0024,0.0096,-0.02130,0.04306,0.08037,0,1,0.010,0.084,running
20.487,1,427,-0.02302,-0.07269,-0.0025,0.0058,-0.02281,0.04368,0.08015,0,1,-0.005,0.086,running
20.531,1,428,-0.02296,-0.07227,0.0014,0.0092,-0.02264,0.04469,0.07973,0,1,0.007,0.097,running
20.575,1,429,-0.02315,-0.07236,-0.0044,-0.0021,-0.02228,0.04332,0.07985,0,1,-0.002,0.088,running
20.619,1,430,-0.02312,-0.07250,0.0007,-0.0030,-0.02396,0.04426,0.07998,0,1,0.014,0.120,running
20.664,1,431,-0.02300,-0.07243,0.0026,0.0014,-0.02345,0.04295,0.07989,0,1,0.002,0.127,running
20.707,1,432,-0.02289,-0.07291,0.0026,-0.0110,-0.02665,0.04315,0.08034,0,1,-0.002,0.119,running
20.750,1,433,-0.02288,-0.07288,0.0001,0.0008,-0.03052,0.04353,0.08031,0,1,-0.002,0.156,running
20.794,1,434,-0.02304,-0.07275,-0.0036,0.0029,-0.03006,0.04612,0.08022,0,1,0.005,0.131,running
20.839,1,435,-0.02283,-0.07275,0.0046,0.0001,-0.03233,0.04551,0.08017,0,1,0.015,0.128,running
20.884,1,436,-0.02284,-0.07258,-0.0002,0.0036,-0.03245,0.04608,0.08001,0,1,-0.005,0.138,running
20.926,1,437,-0.02281,-0.07257,0.0007,0.0003,-0.03195,0.04644,0.07999,0,1,0.007,0.132,running
20.971,1,438,-0.02286,-0.07231,-0.0011,0.0057,-0.03218,0.04578,0.07975,0,1,0.005,0.143,running
21.014,1,439,-0.02281,-0.07241,0.0013,-0.0023,-0.03370,0.04619,0.07983,0,1,0.011,0.132,running
21.059,1,440,-0.02281,-0.07232,-0.0000,0.0020,-0.03196,0.04655,0.07974,0,1,0.005,0.155,running
21.102,1,441,-0.02279,-0.07247,0.0005,-0.0036,-0.03279,0.04557,0.07989,0,1,0.009,0.148,running
21.147,1,442,-0.02281,-0.07228,-0.0005,0.0043,-0.03376,0.04638,0.07971,0,1,0.008,0.166,running
21.190,1,443,-0.02282,-0.07246,-0.0003,-0.0041,-0.03168,0.04702,0.07988,0,1,0.011,0.149,running
21.236,1,444,-0.02287,-0.07242,-0.0010,0.0008,-0.03269,0.04640,0.07986,0,1,0.012,0.174,running
21.278,1,445,-0.02281,-0.07233,0.0015,0.0022,-0.03288,0.04661,0.07976,0,1,0.014,0.165,running
21.322,1,446,-0.02276,-0.07241,0.0012,-0.0018,-0.03335,0.04622,0.07983,0,1,0.009,0.164,running
21.367,1,447,-0.02278,-0.07248,-0.0006,-0.0014,-0.03317,0.04661,0.07989,0,1,0.010,0.178,running
21.410,1,448,-0.02277,-0.07247,0.0003,0.0002,-0.03316,0.04745,0.07988,0,1,0.015,0.181,running
21.455,1,449,-0.02278,-0.07243,-0.0003,0.0010,-0.03402,0.04609,0.07984,0,1,0.013,0.181,running
21.543,1,450,-0.02281,-0.07237,-0.0003,0.0006,-0.03521,0.04723,0.07979,0,1,0.016,0.185,running
21.585,1,451,-0.02271,-0.07246,0.0023,-0.0021,-0.03486,0.04669,0.07986,0,1,0.017,0.189,running
21.632,1,452,-0.02284,-0.07239,-0.0027,0.0016,-0.03651,0.04713,0.07981,0,1,0.011,0.200,running
21.675,1,453,-0.02285,-0.07243,-0.0003,-0.0009,-0.03851,0.04527,0.07986,0,1,0.024,0.194,running
21.719,1,454,-0.02274,-0.07253,0.0025,-0.0023,-0.03909,0.04547,0.07994,0,1,0.019,0.204,running
21.762,1,455,-0.02281,-0.07234,-0.0018,0.0043,-0.03835,0.04582,0.07977,0,1,0.013,0.211,running
21.806,1,456,-0.02279,-0.07236,0.0006,-0.0004,-0.03753,0.04556,0.07978,0,1,0.024,0.197,running
21.850,1,457,-0.02285,-0.07234,-0.0014,0.0003,-0.03872,0.04823,0.07978,0,1,0.019,0.212,running
21.894,1,458,-0.02266,-0.07240,0.0044,-0.0012,-0.03926,0.04518,0.07979,0,1,0.024,0.214,running
21.939,1,459,-0.02278,-0.07243,-0.0027,-0.0008,-0.03963,0.04678,0.07985,0,1,0.010,0.221,running
21.983,1,460,-0.02307,-0.07245,-0.0065,-0.0005,-0.03943,0.04760,0.07992,0,1,0.029,0.224,running
22.027,1,461,-0.02282,-0.07221,0.0058,0.0056,-0.03875,0.04726,0.07964,0,1,0.040,0.227,running
22.070,1,462,-0.02286,-0.07243,-0.0011,-0.0051,-0.03812,0.04702,0.07987,0,1,0.009,0.214,running
22.115,1,463,-0.02280,-0.07242,0.0013,0.0003,-0.03943,0.04555,0.07984,0,1,0.027,0.245,running
22.159,1,464,-0.02288,-0.07224,-0.0018,0.0040,-0.03943,0.04517,0.07968,0,1,0.022,0.235,running
22.202,1,465,-0.02284,-0.07235,0.0009,-0.0024,-0.04013,0.04661,0.07978,0,1,0.030,0.228,running
22.247,1,466,-0.02270,-0.07223,0.0031,0.0027,-0.04160,0.04615,0.07963,0,1,0.024,0.248,running
22.291,1,467,-0.02271,-0.07243,-0.0003,-0.0047,-0.04245,0.04690,0.07984,0,1,0.019,0.238,running
22.337,1,468,-0.02284,-0.07239,-0.0028,0.0009,-0.04252,0.04740,0.07982,0,1,0.028,0.261,running
22.379,1,469,-0.02269,-0.07245,0.0036,-0.0014,-0.04179,0.04686,0.07985,0,1,0.035,0.251,running
22.423,1,470,-0.02265,-0.07235,0.0010,0.0021,-0.04134,0.04592,0.07975,0,1,0.020,0.260,running
22.467,1,471,-0.02274,-0.07241,-0.0020,-0.0013,-0.04274,0.04614,0.07982,0,1,0.026,0.254,running
22.511,1,472,-0.02265,-0.07233,0.0020,0.0018,-0.04218,0.04517,0.07973,0,1,0.035,0.266,running
22.555,1,473,-0.02277,-0.07242,-0.0027,-0.0020,-0.04247,0.04665,0.07983,0,1,0.025,0.262,running
22.599,1,474,-0.02267,-0.07245,0.0022,-0.0009,-0.04184,0.04610,0.07985,0,1,0.038,0.275,running
22.642,1,475,-0.02281,-0.07240,-0.0032,0.0012,-0.04264,0.04591,0.07983,0,1,0.026,0.276,running
22.688,1,476,-0.02267,-0.07241,0.0030,-0.0002,-0.04230,0.04496,0.07981,0,1,0.040,0.274,running
22.730,1,477,-0.02271,-0.07241,-0.0010,-0.0000,-0.04131,0.04611,0.07982,0,1,0.025,0.281,running
22.775,1,478,-0.02272,-0.07237,-0.0002,0.0009,-0.04265,0.04545,0.07978,0,1,0.036,0.284,running
22.819,1,479,-0.02269,-0.07239,0.0007,-0.0004,-0.04284,0.04467,0.07979,0,1,0.035,0.285,running
22.863,1,480,-0.02270,-0.07246,-0.0002,-0.0016,-0.04470,0.04554,0.07986,0,1,0.033,0.292,running
22.906,1,481,-0.02259,-0.07247,0.0024,-0.0002,-0.04557,0.04518,0.07985,0,1,0.036,0.299,running
22.952,1,482,-0.02271,-0.07243,-0.0027,0.0008,-0.04500,0.04542,0.07983,0,1,0.030,0.299,running
22.994,1,483,-0.02271,-0.07242,0.0001,0.0000,-0.04746,0.04651,0.07983,0,1,0.043,0.299,running
23.038,1,484,-0.02277,-0.07238,-0.0012,0.0009,-0.04687,0.04514,0.07980,0,1,0.037,0.305,running
23.082,1,485,-0.02269,-0.07228,0.0017,0.0023,-0.04703,0.04713,0.07969,0,1,0.041,0.306,running
23.127,1,486,-0.02263,-0.07243,0.0014,-0.0033,-0.04756,0.04553,0.07982,0,1,0.034,0.305,running
23.172,1,487,-0.02257,-0.07218,0.0013,0.0055,-0.04682,0.04457,0.07956,0,1,0.036,0.323,running
23.214,1,488,-0.02261,-0.07220,-0.0011,-0.0004,-0.04710,0.04527,0.07959,0,1,0.036,0.303,running
23.259,1,489,-0.02268,-0.07242,-0.0016,-0.0049,-0.04691,0.04519,0.07982,0,1,0.043,0.321,running
23.302,1,490,-0.02271,-0.07210,-0.0007,0.0074,-0.04650,0.04621,0.07951,0,1,0.045,0.337,running
23.349,1,491,-0.02264,-0.07235,0.0015,-0.0053,-0.04669,0.04623,0.07974,0,1,0.044,0.308,running
23.389,1,492,-0.02254,-0.07238,0.0027,-0.0007,-0.04896,0.04750,0.07975,0,1,0.039,0.345,running
23.436,1,493,-0.02266,-0.07241,-0.0026,-0.0007,-0.04831,0.04762,0.07981,0,1,0.036,0.337,running
23.479,1,494,-0.02259,-0.07230,0.0017,0.0025,-0.04856,0.04714,0.07969,0,1,0.050,0.341,running
23.567,1,495,-0.02250,-0.07223,0.0010,0.0009,-0.04869,0.04771,0.07960,0,1,0.041,0.340,running
23.611,1,496,-0.02254,-0.07235,-0.0010,-0.0027,-0.04890,0.04771,0.07972,0,1,0.042,0.346,running
23.654,1,497,-0.02250,-0.07239,0.0009,-0.0011,-0.04870,0.04822,0.07976,0,1,0.048,0.359,running
23.698,1,498,-0.02251,-0.07232,-0.0001,0.0017,-0.04865,0.04857,0.07969,0,1,0.044,0.359,running
23.742,1,499,-0.02255,-0.07240,-0.0009,-0.0020,-0.04926,0.04872,0.07978,0,1,0.047,0.355,running
23.785,1,500,-0.02259,-0.07234,-0.0009,0.0015,-0.05157,0.04889,0.07972,0,1,0.050,0.368,running
23.831,1,501,-0.02263,-0.07236,-0.0009,-0.0005,-0.05246,0.05013,0.07975,0,1,0.051,0.362,running
23.875,1,502,-0.02255,-0.07224,0.0018,0.0028,-0.05203,0.04933,0.07962,0,1,0.052,0.371,running
23.917,1,503,-0.02249,-0.07236,0.0013,-0.0030,-0.05287,0.04935,0.07973,0,1,0.045,0.365,running
23.963,1,504,-0.02253,-0.07226,-0.0009,0.0022,-0.05339,0.04912,0.07964,0,1,0.047,0.384,running
24.007,1,505,-0.02246,-0.07230,0.0018,-0.0008,-0.05420,0.04884,0.07966,0,1,0.053,0.374,running
24.050,1,506,-0.02263,-0.07219,-0.0040,0.0024,-0.05419,0.04989,0.07959,0,1,0.047,0.385,running
24.095,1,507,-0.02248,-0.07235,0.0033,-0.0035,-0.05382,0.05053,0.07971,0,1,0.062,0.380,running
24.138,1,508,-0.02269,-0.07226,-0.0049,0.0021,-0.05423,0.04883,0.07967,0,1,0.045,0.399,running
24.183,1,509,-0.02250,-0.07225,0.0041,0.0002,-0.05480,0.04933,0.07962,0,1,0.066,0.388,running
24.227,1,510,-0.02267,-0.07231,-0.0040,-0.0013,-0.05553,0.04986,0.07971,0,1,0.044,0.396,running
24.271,1,511,-0.02253,-0.07230,0.0032,0.0002,-0.05475,0.04937,0.07967,0,1,0.065,0.404,running
24.315,1,512,-0.02254,-0.07228,-0.0002,0.0004,-0.05492,0.04960,0.07966,0,1,0.048,0.403,running
24.360,1,513,-0.02264,-0.07224,-0.0023,0.0009,-0.05514,0.04877,0.07964,0,1,0.057,0.406,running
24.403,1,514,-0.02261,-0.07233,0.0008,-0.0021,-0.05639,0.04852,0.07972,0,1,0.063,0.408,running
24.448,1,515,-0.02272,-0.07224,-0.0026,0.0019,-0.05421,0.04983,0.07965,0,1,0.056,0.419,running
24.490,1,516,-0.02252,-0.07208,0.0049,0.0040,-0.05505,0.04904,0.07945,0,1,0.065,0.413,running
24.535,1,517,-0.02255,-0.07194,-0.0008,0.0031,-0.05397,0.04904,0.07932,0,1,0.047,0.409,running
24.578,1,518,-0.02260,-0.07161,-0.0010,0.0075,-0.05489,0.04903,0.07901,0,1,0.061,0.414,running
24.623,1,519,-0.02238,-0.07097,0.0049,0.0145,-0.05456,0.04958,0.07834,0,1,0.062,0.404,running
24.667,1,520,-0.02248,-0.06991,-0.0023,0.0239,-0.05608,0.05012,0.07732,0,1,0.047,0.384,running
24.710,1,521,-0.02209,-0.06817,0.0091,0.0405,-0.05441,0.05118,0.07553,0,1,0.065,0.355,running
24.756,1,522,-0.02222,-0.06684,-0.0029,0.0291,-0.05466,0.04923,0.07425,0,1,0.033,0.299,running
24.800,1,523,-0.02211,-0.06495,0.0025,0.0428,-0.05140,0.04901,0.07238,0,1,0.065,0.320,running
24.843,1,524,-0.02213,-0.06225,-0.0005,0.0627,-0.04738,0.04895,0.06974,0,1,0.049,0.269,running
24.887,1,525,-0.02225,-0.05997,-0.0026,0.0519,-0.04634,0.04821,0.06754,0,1,0.056,0.192,running
24.931,1,526,-0.02274,-0.05742,-0.0111,0.0575,-0.04293,0.04933,0.06515,0,1,0.062,0.204,running
24.974,1,527,-0.02287,-0.05431,-0.0030,0.0718,-0.02834,0.05124,0.06216,0,1,0.088,0.168,running
25.019,1,528,-0.02320,-0.05143,-0.0075,0.0642,-0.02487,0.05222,0.05946,0,1,0.064,0.098,running
25.062,1,529,-0.02378,-0.04902,-0.0134,0.0557,-0.02489,0.05161,0.05730,0,1,0.078,0.099,running
25.107,1,530,-0.02373,-0.04601,0.0011,0.0681,-0.01780,0.05049,0.05439,0,1,0.099,0.110,running
25.150,1,531,-0.02401,-0.04302,-0.0065,0.0686,-0.01685,0.05099,0.05163,0,1,0.049,0.046,running
25.195,1,532,-0.02434,-0.04082,-0.0072,0.0493,-0.01791,0.05120,0.04965,0,1,0.076,0.022,running
25.239,1,533,-0.02393,-0.03851,0.0094,0.0529,-0.01461,0.05112,0.04734,0,1,0.079,0.077,running
25.282,1,534,-0.02467,-0.03634,-0.0170,0.0494,-0.01516,0.05342,0.04558,0,1,0.015,0.049,running
25.327,1,535,-0.02477,-0.03429,-0.0022,0.0466,-0.01722,0.05169,0.04372,1,1,0.116,0.050,in_circle
25.372,1,536,-0.02507,-0.03255,-0.0065,0.0379,-0.01749,0.05108,0.04225,1,1,0.060,0.050,in_circle
25.415,1,537,-0.02523,-0.03151,-0.0037,0.0243,-0.01840,0.05190,0.04136,1,1,0.077,0.075,in_circle
25.459,1,538,-0.02543,-0.02943,-0.0046,0.0471,-0.01880,0.05392,0.03958,1,1,0.067,0.125,in_circle
25.503,1,539,-0.02370,-0.02864,0.0393,0.0179,-0.02324,0.05377,0.03812,1,1,0.070,0.026,in_circle
25.591,1,540,-0.02222,-0.02565,0.0169,0.0341,-0.02329,0.05311,0.03478,1,1,-0.108,0.144,in_circle
25.635,1,541,-0.02116,-0.02444,0.0240,0.0272,-0.02459,0.05333,0.03325,1,1,-0.022,0.073,in_circle
25.679,1,542,-0.01953,-0.02322,0.0370,0.0277,-0.02921,0.04858,0.03148,1,1,-0.052,0.099,in_circle
25.722,1,543,-0.01815,-0.02208,0.0320,0.0266,-0.03088,0.03918,0.02993,1,1,-0.108,0.095,in_circle
25.767,1,544,-0.01725,-0.02078,0.0204,0.0294,-0.03068,0.03577,0.02840,1,1,-0.091,0.098,in_circle
25.810,1,545,-0.01648,-0.01901,0.0176,0.0407,-0.03064,0.03469,0.02647,1,1,-0.046,0.085,in_circle
25.855,1,546,-0.01533,-0.01722,0.0257,0.0397,-0.03021,0.03447,0.02441,1,1,-0.036,0.036,in_circle
25.898,1,547,-0.01438,-0.01579,0.0223,0.0335,-0.02926,0.03494,0.02276,1,1,-0.072,0.037,in_circle
25.943,1,548,-0.01433,-0.01423,0.0009,0.0341,-0.02666,0.03630,0.02126,1,1,-0.060,0.059,in_circle
25.985,1,549,-0.01405,-0.01242,0.0067,0.0433,-0.02489,0.03556,0.01945,1,1,0.026,0.054,in_circle
26.032,1,550,-0.01398,-0.01080,0.0017,0.0351,-0.02643,0.03467,0.01790,1,1,0.002,0.013,in_circle
26.074,1,551,-0.01396,-0.00922,0.0004,0.0376,-0.02399,0.03710,0.01642,1,1,0.022,0.043,in_circle
26.119,1,552,-0.01418,-0.00829,-0.0049,0.0205,-0.01935,0.04000,0.01565,1,1,0.028,0.030,in_circle
26.162,1,553,-0.01518,-0.00601,-0.0230,0.0530,-0.01877,0.04032,0.01409,1,1,0.050,0.096,in_circle
26.208,1,554,-0.01614,-0.00457,-0.0212,0.0315,-0.01811,0.04296,0.01347,1,1,0.125,-0.039,in_circle
26.251,1,555,-0.01695,-0.00401,-0.0184,0.0128,-0.02015,0.04380,0.01356,1,1,0.120,0.044,in_circle
26.296,1,556,-0.01761,-0.00334,-0.0150,0.0152,-0.01694,0.04969,0.01355,1,1,0.112,0.118,in_circle
26.339,1,557,-0.01828,-0.00353,-0.0154,-0.0043,-0.02083,0.05695,0.01416,1,1,0.100,0.107,in_circle
26.383,1,558,-0.01864,-0.00391,-0.0081,-0.0086,-0.02909,0.05877,0.01468,1,1,0.104,0.186,in_circle
26.427,1,559,-0.01902,-0.00443,-0.0089,-0.0121,-0.02899,0.05823,0.01532,1,1,0.076,0.204,in_circle
26.471,1,560,-0.01834,-0.00475,0.0154,-0.0073,-0.03451,0.05517,0.01506,1,1,0.081,0.220,in_circle
26.515,1,561,-0.01878,-0.00503,-0.0100,-0.0063,-0.04467,0.05804,0.01556,1,1,-0.018,0.202,in_circle
26.561,1,562,-0.01882,-0.00518,-0.0008,-0.0033,-0.04565,0.05879,0.01570,1,1,0.085,0.200,in_circle
26.603,1,563,-0.01875,-0.00503,0.0015,0.0036,-0.04555,0.05618,0.01555,1,1,0.050,0.188,in_circle
26.648,1,564,-0.01881,-0.00474,-0.0013,0.0066,-0.04542,0.05530,0.01538,1,1,0.041,0.161,in_circle
26.692,1,565,-0.01867,-0.00489,0.0031,-0.0034,-0.04369,0.05305,0.01539,1,1,0.052,0.148,in_circle
26.734,1,566,-0.01864,-0.00490,0.0008,-0.0003,-0.03946,0.05374,0.01537,1,1,0.035,0.189,in_circle
26.779,1,567,-0.01877,-0.00486,-0.0030,0.0010,-0.03314,0.05316,0.01543,1,1,0.044,0.177,in_circle
26.823,1,568,-0.01900,-0.00508,-0.0053,-0.0050,-0.03288,0.05180,0.01576,1,1,0.060,0.173,in_circle
26.866,1,569,-0.01894,-0.00520,0.0014,-0.0029,-0.03390,0.05158,0.01580,1,1,0.071,0.198,in_circle
26.911,1,570,-0.01882,-0.00520,0.0028,0.0000,-0.03321,0.04703,0.01571,1,1,0.044,0.190,in_circle
26.955,1,571,-0.01933,-0.00518,-0.0118,0.0005,-0.03070,0.05024,0.01606,1,1,0.039,0.179,in_circle
27.001,1,572,-0.01919,-0.00514,0.0029,0.0008,-0.03169,0.05086,0.01594,1,1,0.099,0.177,in_circle
27.044,1,573,-0.01886,-0.00512,0.0077,0.0006,-0.03260,0.04692,0.01568,1,1,0.040,0.176,in_circle
27.087,1,574,-0.01876,-0.00531,0.0024,-0.0047,-0.03234,0.04817,0.01575,1,1,0.021,0.178,in_circle
27.132,1,575,-0.01895,-0.00507,-0.0043,0.0054,-0.03276,0.04665,0.01572,1,1,0.042,0.200,in_circle
27.175,1,576,-0.01897,-0.00498,-0.0005,0.0023,-0.03282,0.04489,0.01566,1,1,0.070,0.160,in_circle
27.219,1,577,-0.01876,-0.00531,0.0048,-0.0074,-0.03482,0.04625,0.01575,1,1,0.055,0.172,in_circle
27.262,1,578,-0.01892,-0.00521,-0.0037,0.0022,-0.03367,0.04547,0.01579,1,1,0.034,0.212,in_circle
27.306,1,579,-0.01892,-0.00520,0.0000,0.0003,-0.03540,0.04528,0.01578,1,1,0.069,0.174,in_circle
27.350,1,580,-0.01902,-0.00527,-0.0024,-0.0016,-0.03687,0.04586,0.01590,1,1,0.054,0.182,in_circle
27.396,1,581,-0.01885,-0.00518,0.0037,0.0019,-0.03628,0.04610,0.01572,1,1,0.065,0.191,in_circle
27.438,1,582,-0.01900,-0.00500,-0.0034,0.0043,-0.03603,0.04641,0.01570,1,1,0.041,0.177,in_circle
27.483,1,583,-0.01904,-0.00532,-0.0009,-0.0071,-0.03763,0.04714,0.01595,1,1,0.070,0.167,in_circle
27.527,1,584,-0.01907,-0.00539,-0.0006,-0.0017,-0.03732,0.04654,0.01602,1,1,0.061,0.214,in_circle
27.616,1,585,-0.01898,-0.00517,0.0009,0.0025,-0.03654,0.04779,0.01580,1,1,0.061,0.194,in_circle
27.658,1,586,-0.01880,-0.00516,0.0045,0.0002,-0.03514,0.04566,0.01567,1,1,0.055,0.177,in_circle
27.703,1,587,-0.01926,-0.00524,-0.0103,-0.0018,-0.03631,0.04747,0.01606,1,1,0.040,0.187,in_circle
27.746,1,588,-0.01899,-0.00515,0.0062,0.0021,-0.03751,0.04836,0.01580,1,1,0.101,0.195,in_circle
27.791,1,589,-0.01897,-0.00506,0.0005,0.0020,-0.03595,0.04633,0.01572,1,1,0.035,0.180,in_circle
27.834,1,590,-0.01900,-0.00503,-0.0009,0.0007,-0.03559,0.04797,0.01572,1,1,0.058,0.180,in_circle
27.879,1,591,-0.01866,-0.00492,0.0076,0.0025,-0.03420,0.04921,0.01540,1,1,0.064,0.186,in_circle
27.923,1,592,-0.01886,-0.00488,-0.0046,0.0008,-0.03420,0.04788,0.01552,1,1,0.030,0.179,in_circle
27.968,1,593,-0.01903,-0.00518,-0.0038,-0.0066,-0.03365,0.05038,0.01585,1,1,0.080,0.186,in_circle
28.010,1,594,-0.01870,-0.00503,0.0079,0.0035,-0.03459,0.04740,0.01551,1,1,0.077,0.217,in_circle
28.056,1,595,-0.01874,-0.00525,-0.0011,-0.0047,-0.03413,0.04804,0.01569,1,1,0.030,0.177,in_circle
28.099,1,596,-0.01869,-0.00507,0.0012,0.0041,-0.03577,0.04873,0.01553,1,1,0.067,0.211,in_circle
28.143,1,597,-0.01888,-0.00519,-0.0043,-0.0028,-0.03549,0.04811,0.01575,1,1,0.058,0.176,in_circle
28.187,1,598,-0.01877,-0.00510,0.0025,0.0019,-0.03543,0.04796,0.01561,1,1,0.081,0.204,in_circle
28.230,1,599,-0.01912,-0.00505,-0.0082,0.0014,-0.03586,0.04848,0.01582,1,1,0.054,0.185,in_circle
28.276,1,600,-0.01912,-0.00513,0.0001,-0.0018,-0.03527,0.04856,0.01588,1,1,0.098,0.188,in_circle
28.318,1,601,-0.01904,-0.00523,0.0018,-0.0024,-0.03543,0.05210,0.01589,1,1,0.066,0.201,in_circle
28.362,1,602,-0.01886,-0.00517,0.0041,0.0014,-0.03562,0.05137,0.01572,1,1,0.059,0.204,in_circle
28.408,1,603,-0.01887,-0.00553,-0.0003,-0.0079,-0.03631,0.05209,0.01598,1,1,0.050,0.190,in_circle
28.452,1,604,-0.01881,-0.00486,0.0014,0.0152,-0.03415,0.05172,0.01546,1,1,0.068,0.228,in_circle
28.496,1,605,-0.01863,-0.00534,0.0041,-0.0110,-0.03568,0.05093,0.01568,1,1,0.061,0.135,in_circle
28.540,1,606,-0.01840,-0.00566,0.0054,-0.0073,-0.03702,0.05223,0.01576,1,1,0.051,0.241,in_circle
28.583,1,607,-0.01883,-0.00501,-0.0100,0.0149,-0.03272,0.05101,0.01559,1,1,0.045,0.228,in_circle
28.629,1,608,-0.01873,-0.00507,0.0024,-0.0014,-0.04014,0.05124,0.01555,1,1,0.109,0.137,in_circle
28.672,1,609,-0.01874,-0.00533,-0.0002,-0.0061,-0.03782,0.05150,0.01575,1,1,0.059,0.203,in_circle
28.716,1,610,-0.01864,-0.00501,0.0023,0.0074,-0.03477,0.05049,0.01545,1,1,0.070,0.223,in_circle
28.760,1,611,-0.01874,-0.00506,-0.0024,-0.0011,-0.03685,0.05081,0.01556,1,1,0.061,0.169,in_circle
28.802,1,612,-0.01834,-0.00509,0.0097,-0.0009,-0.03601,0.05358,0.01530,1,1,0.080,0.204,in_circle
28.847,1,613,-0.01864,-0.00511,-0.0066,-0.0004,-0.03516,0.05255,0.01552,1,1,0.031,0.203,in_circle
28.891,1,614,-0.01878,-0.00516,-0.0031,-0.0011,-0.03585,0.05160,0.01566,1,1,0.097,0.202,in_circle
28.935,1,615,-0.01893,-0.00488,-0.0035,0.0065,-0.03641,0.05227,0.01557,1,1,0.084,0.206,in_circle
28.978,1,616,-0.01887,-0.00523,0.0015,-0.0081,-0.03575,0.05177,0.01577,1,1,0.087,0.175,in_circle
29.023,1,617,-0.01862,-0.00513,0.0055,0.0023,-0.03629,0.05053,0.01552,1,1,0.067,0.234,in_circle
29.067,1,618,-0.01885,-0.00510,-0.0054,0.0007,-0.03604,0.05267,0.01567,1,1,0.051,0.193,in_circle
29.110,1,619,-0.01904,-0.00518,-0.0043,-0.0019,-0.03900,0.05092,0.01586,1,1,0.095,0.200,in_circle
29.154,1,620,-0.01869,-0.00510,0.0080,0.0019,-0.03851,0.05059,0.01555,1,1,0.092,0.211,in_circle
29.200,1,621,-0.01868,-0.00494,0.0001,0.0036,-0.03780,0.05037,0.01543,1,1,0.042,0.196,in_circle
29.243,1,622,-0.01887,-0.00516,-0.0044,-0.0053,-0.03990,0.05068,0.01572,1,1,0.075,0.190,in_circle
29.286,1,623,-0.01889,-0.00505,-0.0005,0.0026,-0.03760,0.05069,0.01566,1,1,0.093,0.226,in_circle
29.331,1,624,-0.01870,-0.00511,0.0044,-0.0014,-0.03825,0.05179,0.01556,1,1,0.078,0.195,in_circle
29.376,1,625,-0.01869,-0.00511,0.0002,0.0001,-0.03672,0.04962,0.01555,1,1,0.059,0.211,in_circle
29.421,1,626,-0.01883,-0.00512,-0.0033,-0.0002,-0.03859,0.05057,0.01566,1,1,0.076,0.206,in_circle
29.462,1,627,-0.01876,-0.00531,0.0019,-0.0046,-0.03795,0.05144,0.01575,1,1,0.091,0.208,in_circle
29.508,1,628,-0.01876,-0.00512,-0.0001,0.0041,-0.03751,0.05115,0.01561,1,1,0.071,0.226,in_circle
29.550,1,629,-0.01874,-0.00518,0.0004,-0.0014,-0.03634,0.04986,0.01564,1,1,0.079,0.191,in_circle
29.638,1,630,-0.01863,-0.00502,0.0013,0.0018,-0.03455,0.05189,0.01545,1,1,0.078,0.214,in_circle
29.684,1,631,-0.01878,-0.00497,-0.0032,0.0011,-0.03449,0.05268,0.01552,1,1,0.074,0.202,in_circle
29.726,1,632,-0.01871,-0.00503,0.0017,-0.0016,-0.03504,0.05169,0.01552,1,1,0.093,0.205,in_circle
29.771,1,633,-0.01881,-0.00531,-0.0021,-0.0060,-0.03503,0.05225,0.01578,1,1,0.074,0.216,in_circle
29.814,1,634,-0.01878,-0.00521,0.0006,0.0023,-0.03510,0.05251,0.01569,1,1,0.090,0.235,in_circle
29.859,1,635,-0.01915,-0.00560,-0.0083,-0.0088,-0.03554,0.05154,0.01623,1,1,0.080,0.202,in_circle
29.902,1,636,-0.01892,-0.00522,0.0056,0.0091,-0.03922,0.04884,0.01579,1,1,0.117,0.248,in_circle
29.947,1,637,-0.01903,-0.00527,-0.0026,-0.0012,-0.03855,0.05132,0.01591,1,1,0.061,0.176,in_circle
29.990,1,638,-0.01886,-0.00521,0.0039,0.0014,-0.04139,0.05005,0.01575,1,1,0.095,0.218,in_circle
30.035,1,639,-0.01876,-0.00551,0.0023,-0.0069,-0.03835,0.05118,0.01590,1,1,0.068,0.208,in_circle
30.079,1,640,-0.01859,-0.00518,0.0039,0.0077,-0.04053,0.05077,0.01553,1,1,0.075,0.242,in_circle
30.123,1,641,-0.01863,-0.00519,-0.0009,-0.0002,-0.03847,0.05112,0.01557,1,1,0.069,0.183,in_circle
30.166,1,642,-0.01882,-0.00510,-0.0046,0.0019,-0.03986,0.04939,0.01565,1,1,0.088,0.216,in_circle
30.210,1,643,-0.01905,-0.00531,-0.0053,-0.0046,-0.03613,0.05102,0.01595,1,1,0.104,0.207,in_circle
30.256,1,644,-0.01884,-0.00511,0.0047,0.0043,-0.03744,0.05160,0.01566,1,1,0.108,0.235,in_circle
30.299,1,645,-0.01878,-0.00503,0.0014,0.0017,-0.03614,0.05132,0.01556,1,1,0.068,0.199,in_circle
30.343,1,646,-0.01870,-0.00510,0.0018,-0.0016,-0.03777,0.05042,0.01556,1,1,0.082,0.209,in_circle
30.388,1,647,-0.01876,-0.00498,-0.0016,0.0029,-0.03702,0.05100,0.01551,1,1,0.080,0.223,in_circle
30.432,1,648,-0.01884,-0.00509,-0.0018,-0.0025,-0.03690,0.05101,0.01565,1,1,0.094,0.206,in_circle
30.475,1,649,-0.01890,-0.00520,-0.0013,-0.0027,-0.03662,0.05129,0.01577,1,1,0.096,0.228,in_circle
30.519,1,650,-0.01869,-0.00497,0.0047,0.0052,-0.03694,0.05042,0.01546,1,1,0.095,0.229,in_circle
30.563,1,651,-0.01886,-0.00539,-0.0037,-0.0095,-0.03806,0.05194,0.01587,1,1,0.071,0.198,in_circle
30.607,1,652,-0.01887,-0.00507,-0.0002,0.0073,-0.03889,0.05020,0.01565,1,1,0.105,0.258,in_circle
30.650,1,653,-0.01891,-0.00543,-0.0010,-0.0086,-0.03788,0.05107,0.01594,1,1,0.092,0.191,in_circle
30.695,1,654,-0.01906,-0.00531,-0.0034,0.0028,-0.04221,0.05120,0.01596,1,1,0.096,0.256,in_circle
30.739,1,655,-0.01852,-0.00527,0.0122,0.0009,-0.03944,0.05021,0.01555,1,1,0.106,0.210,in_circle
30.783,1,656,-0.01883,-0.00505,-0.0072,0.0050,-0.04118,0.05107,0.01561,1,1,0.043,0.218,in_circle
30.826,1,657,-0.01879,-0.00514,0.0009,-0.0021,-0.04013,0.04989,0.01565,1,1,0.121,0.202,in_circle
30.871,1,658,-0.01833,-0.00516,0.0102,-0.0004,-0.03997,0.05070,0.01535,1,1,0.089,0.231,in_circle
30.914,1,659,-0.01864,-0.00516,-0.0071,-0.0001,-0.03692,0.05157,0.01556,1,1,0.052,0.225,in_circle
30.960,1,660,-0.01854,-0.00537,0.0020,-0.0044,-0.03854,0.05161,0.01564,1,1,0.122,0.224,in_circle
31.003,1,661,-0.01866,-0.00534,-0.0026,0.0006,-0.03691,0.05241,0.01570,1,1,0.086,0.242,in_circle
31.046,1,662,-0.01878,-0.00529,-0.0029,0.0012,-0.03899,0.05209,0.01575,1,1,0.105,0.223,in_circle
31.092,1,663,-0.01882,-0.00519,-0.0008,0.0021,-0.03892,0.05207,0.01571,1,1,0.107,0.221,in_circle
31.135,1,664,-0.01873,-0.00533,0.0022,-0.0034,-0.03838,0.05110,0.01574,1,1,0.099,0.217,in_circle
31.180,1,665,-0.01826,-0.00522,0.0104,0.0026,-0.03771,0.05212,0.01534,1,1,0.088,0.240,in_circle
31.224,1,666,-0.01899,-0.00518,-0.0164,0.0008,-0.03926,0.05089,0.01582,1,1,0.054,0.216,in_circle
31.266,1,667,-0.01868,-0.00514,0.0073,0.0010,-0.03735,0.05100,0.01557,1,1,0.163,0.224,in_circle
31.311,1,668,-0.01875,-0.00516,-0.0015,-0.0005,-0.03799,0.05251,0.01563,1,1,0.068,0.223,in_circle
31.354,1,669,-0.01859,-0.00534,0.0037,-0.0041,-0.04011,0.05260,0.01565,1,1,0.104,0.230,in_circle
31.399,1,670,-0.01888,-0.00546,-0.0064,-0.0028,-0.03722,0.05496,0.01594,1,1,0.084,0.245,in_circle
31.442,1,671,-0.01852,-0.00513,0.0083,0.0078,-0.03784,0.05273,0.01546,1,1,0.125,0.241,in_circle
31.488,1,672,-0.01882,-0.00521,-0.0066,-0.0017,-0.03899,0.05312,0.01572,1,1,0.066,0.198,in_circle
31.531,1,673,-0.01875,-0.00526,0.0018,-0.0013,-0.03932,0.05292,0.01571,1,1,0.127,0.237,in_circle
31.574,1,674,-0.01873,-0.00518,0.0004,0.0019,-0.03851,0.05190,0.01564,1,1,0.094,0.236,in_circle
31.662,1,675,-0.01864,-0.00515,0.0010,0.0004,-0.03749,0.05195,0.01555,1,1,0.100,0.224,in_circle
31.708,1,676,-0.01879,-0.00522,-0.0032,-0.0016,-0.03993,0.05349,0.01570,1,1,0.098,0.230,in_circle
31.751,1,677,-0.01875,-0.00512,0.0009,0.0025,-0.03693,0.05470,0.01560,1,1,0.115,0.239,in_circle
31.795,1,678,-0.01907,-0.00545,-0.0072,-0.0077,-0.03975,0.05346,0.01607,1,1,0.100,0.223,in_circle
31.839,1,679,-0.01902,-0.00553,0.0012,-0.0017,-0.04018,0.05496,0.01609,1,1,0.133,0.265,in_circle
31.883,1,680,-0.01869,-0.00525,0.0073,0.0063,-0.04123,0.05394,0.01566,1,1,0.100,0.242,in_circle
31.928,1,681,-0.01859,-0.00525,0.0023,0.0001,-0.04008,0.05342,0.01559,1,1,0.075,0.209,in_circle
31.970,1,682,-0.01875,-0.00524,-0.0037,0.0002,-0.04104,0.05447,0.01569,1,1,0.096,0.235,in_circle
32.016,1,683,-0.01859,-0.00539,0.0034,-0.0034,-0.04086,0.05383,0.01569,1,1,0.120,0.235,in_circle
32.058,1,684,-0.01877,-0.00522,-0.0042,0.0040,-0.04126,0.05500,0.01570,1,1,0.092,0.250,in_circle
32.104,1,685,-0.01863,-0.00529,0.0032,-0.0014,-0.04074,0.05332,0.01564,1,1,0.123,0.221,in_circle
32.148,1,686,-0.01881,-0.00518,-0.0041,0.0024,-0.03942,0.05236,0.01569,1,1,0.094,0.243,in_circle
32.193,1,687,-0.01886,-0.00504,-0.0012,0.0032,-0.04066,0.05306,0.01563,1,1,0.124,0.228,in_circle
32.235,1,688,-0.01872,-0.00543,0.0034,-0.0094,-0.04153,0.05310,0.01581,1,1,0.113,0.225,in_circle
32.280,1,689,-0.01840,-0.00523,0.0072,0.0044,-0.04009,0.05359,0.01544,1,1,0.095,0.277,in_circle
32.321,1,690,-0.01888,-0.00519,-0.0116,0.0010,-0.04037,0.05295,0.01575,1,1,0.079,0.222,in_circle
32.368,1,691,-0.01862,-0.00527,0.0056,-0.0017,-0.03940,0.05416,0.01563,1,1,0.156,0.235,in_circle
32.411,1,692,-0.01882,-0.00514,-0.0047,0.0030,-0.03992,0.05316,0.01567,1,1,0.087,0.247,in_circle
32.455,1,693,-0.01903,-0.00542,-0.0046,-0.0062,-0.04154,0.05383,0.01602,1,1,0.129,0.229,in_circle
32.499,1,694,-0.01877,-0.00533,0.0058,0.0022,-0.04009,0.05258,0.01577,1,1,0.130,0.266,in_circle
32.544,1,695,-0.01867,-0.00544,0.0024,-0.0025,-0.03871,0.05305,0.01578,1,1,0.088,0.233,in_circle
32.587,1,696,-0.01872,-0.00531,-0.0013,0.0030,-0.04046,0.05289,0.01572,1,1,0.102,0.253,in_circle
32.630,1,697,-0.01873,-0.00506,-0.0003,0.0058,-0.04166,0.05433,0.01555,1,1,0.117,0.231,in_circle
32.675,1,698,-0.01883,-0.00516,-0.0021,-0.0024,-0.03901,0.05333,0.01569,1,1,0.114,0.219,in_circle
32.719,1,699,-0.01892,-0.00517,-0.0021,-0.0001,-0.03871,0.05175,0.01576,1,1,0.122,0.253,in_circle
32.764,1,700,-0.01853,-0.00522,0.0085,-0.0010,-0.03776,0.05419,0.01552,1,1,0.122,0.244,in_circle
32.807,1,701,-0.01857,-0.00535,-0.0009,-0.0030,-0.03932,0.05298,0.01564,1,1,0.080,0.248,in_circle
32.852,1,702,-0.01861,-0.00518,-0.0009,0.0038,-0.03840,0.05305,0.01555,1,1,0.118,0.257,in_circle
32.895,1,703,-0.01864,-0.00517,-0.0007,0.0001,-0.03902,0.05371,0.01557,1,1,0.118,0.230,in_circle
32.940,1,704,-0.01874,-0.00517,-0.0022,0.0000,-0.04069,0.05380,0.01564,1,1,0.118,0.246,in_circle
32.984,1,705,-0.01881,-0.00518,-0.0017,-0.0002,-0.03908,0.05456,0.01570,1,1,0.125,0.246,in_circle
33.028,1,706,-0.01908,-0.00513,-0.0059,0.0011,-0.04026,0.05250,0.01585,1,1,0.123,0.248,in_circle
33.072,1,707,-0.01884,-0.00516,0.0054,-0.0006,-0.04120,0.05302,0.01570,1,1,0.142,0.243,in_circle
33.117,1,708,-0.01884,-0.00549,0.0000,-0.0073,-0.03960,0.05369,0.01593,1,1,0.096,0.250,in_circle
33.159,1,709,-0.01876,-0.00552,0.0018,-0.0007,-0.04030,0.05401,0.01590,1,1,0.118,0.278,in_circle
33.204,1,710,-0.01859,-0.00533,0.0039,0.0044,-0.03994,0.05322,0.01564,1,1,0.111,0.253,in_circle
33.246,1,711,-0.01874,-0.00506,-0.0037,0.0063,-0.04174,0.05428,0.01556,1,1,0.103,0.232,in_circle
33.291,1,712,-0.01850,-0.00523,0.0055,-0.0039,-0.04141,0.05438,0.01551,1,1,0.134,0.224,in_circle
33.335,1,713,-0.01887,-0.00504,-0.0084,0.0043,-0.04450,0.05602,0.01563,1,1,0.097,0.266,in_circle
33.379,1,714,-0.01871,-0.00512,0.0035,-0.0018,-0.04308,0.05503,0.01558,1,1,0.154,0.233,in_circle
33.423,1,715,-0.01867,-0.00531,0.0009,-0.0043,-0.04130,0.05545,0.01569,1,1,0.107,0.258,in_circle
33.468,1,716,-0.01848,-0.00543,0.0044,-0.0028,-0.04126,0.05575,0.01564,1,1,0.118,0.269,in_circle
33.511,1,717,-0.01853,-0.00549,-0.0012,-0.0013,-0.04066,0.05641,0.01572,1,1,0.104,0.264,in_circle
33.555,1,718,-0.01877,-0.00510,-0.0054,0.0087,-0.04040,0.05708,0.01561,1,1,0.127,0.259,in_circle
33.599,1,719,-0.01868,-0.00543,0.0021,-0.0075,-0.04091,0.05635,0.01578,1,1,0.145,0.218,in_circle
33.732,1,720,-0.01875,-0.00561,-0.0006,-0.0013,-0.04113,0.05764,0.01596,1,1,0.115,0.285,in_circle
33.775,1,721,-0.01871,-0.00518,0.0010,0.0100,-0.04239,0.05733,0.01562,1,1,0.127,0.262,in_circle
33.818,1,722,-0.01856,-0.00484,0.0034,0.0078,-0.04115,0.05769,0.01528,1,1,0.121,0.216,in_circle
33.863,1,723,-0.01859,-0.00532,-0.0007,-0.0106,-0.04198,0.05717,0.01564,1,1,0.112,0.224,in_circle
33.907,1,724,-0.01869,-0.00540,-0.0022,-0.0017,-0.03972,0.05703,0.01576,1,1,0.129,0.299,in_circle
33.951,1,725,-0.01849,-0.00550,0.0046,-0.0024,-0.04000,0.05722,0.01570,1,1,0.135,0.265,in_circle
33.995,1,726,-0.01860,-0.00538,-0.0024,0.0028,-0.04055,0.05658,0.01568,1,1,0.108,0.268,in_circle
34.040,1,727,-0.01866,-0.00524,-0.0013,0.0030,-0.04187,0.05506,0.01563,1,1,0.137,0.247,in_circle
34.082,1,728,-0.01891,-0.00524,-0.0059,-0.0000,-0.04359,0.05665,0.01580,1,1,0.133,0.247,in_circle
34.128,1,729,-0.01874,-0.00501,0.0036,0.0051,-0.04170,0.05663,0.01552,1,1,0.153,0.259,in_circle
34.171,1,730,-0.01877,-0.00520,-0.0006,-0.0044,-0.04281,0.05720,0.01567,1,1,0.115,0.239,in_circle
34.216,1,731,-0.01879,-0.00529,-0.0004,-0.0022,-0.04170,0.05716,0.01576,1,1,0.132,0.278,in_circle
34.259,1,732,-0.01886,-0.00543,-0.0017,-0.0030,-0.04323,0.05929,0.01590,1,1,0.132,0.270,in_circle
34.303,1,733,-0.01876,-0.00511,0.0023,0.0072,-0.04081,0.05608,0.01560,1,1,0.138,0.274,in_circle
34.347,1,734,-0.01873,-0.00543,0.0006,-0.0072,-0.04144,0.05535,0.01582,1,1,0.122,0.233,in_circle
34.392,1,735,-0.01854,-0.00529,0.0042,0.0032,-0.04083,0.05549,0.01558,1,1,0.129,0.292,in_circle
34.435,1,736,-0.01887,-0.00528,-0.0074,0.0002,-0.04273,0.05563,0.01580,1,1,0.115,0.250,in_circle
34.478,1,737,-0.01874,-0.00519,0.0029,0.0022,-0.04208,0.05595,0.01565,1,1,0.162,0.263,in_circle
34.523,1,738,-0.01868,-0.00531,0.0013,-0.0026,-0.04246,0.05694,0.01569,1,1,0.121,0.255,in_circle
34.567,1,739,-0.01899,-0.00543,-0.0072,-0.0030,-0.04284,0.05523,0.01600,1,1,0.128,0.275,in_circle
34.611,1,740,-0.01866,-0.00531,0.0074,0.0029,-0.04154,0.05497,0.01568,1,1,0.163,0.277,in_circle
34.655,1,741,-0.01881,-0.00520,-0.0033,0.0024,-0.04255,0.05385,0.01570,1,1,0.104,0.254,in_circle
34.700,1,742,-0.01868,-0.00504,0.0028,0.0036,-0.04281,0.05532,0.01550,1,1,0.148,0.256,in_circle
34.743,1,743,-0.01861,-0.00504,0.0017,0.0000,-0.04298,0.05559,0.01545,1,1,0.124,0.252,in_circle
34.787,1,744,-0.01884,-0.00480,-0.0051,0.0055,-0.04099,0.05552,0.01544,1,1,0.129,0.266,in_circle
34.831,1,745,-0.01886,-0.00523,-0.0005,-0.0098,-0.04268,0.05540,0.01576,1,1,0.157,0.244,in_circle
34.876,1,746,-0.01866,-0.00503,0.0045,0.0043,-0.04172,0.05492,0.01548,1,1,0.139,0.307,in_circle
34.919,1,747,-0.01907,-0.00514,-0.0096,-0.0026,-0.04103,0.05503,0.01584,1,1,0.119,0.250,in_circle
34.964,1,748,-0.01866,-0.00514,0.0090,-0.0000,-0.04315,0.05487,0.01556,1,1,0.177,0.279,in_circle
35.006,1,749,-0.01881,-0.00506,-0.0035,0.0018,-0.04328,0.05544,0.01561,1,1,0.102,0.269,in_circle
35.052,1,750,-0.01846,-0.00544,0.0077,-0.0081,-0.04253,0.05672,0.01563,1,1,0.153,0.262,in_circle
35.096,1,751,-0.01879,-0.00524,-0.0076,0.0046,-0.04192,0.05531,0.01572,1,1,0.108,0.303,in_circle
35.143,1,752,-0.01850,-0.00559,0.0061,-0.0075,-0.04248,0.05753,0.01578,1,1,0.170,0.252,in_circle
35.182,1,753,-0.01862,-0.00521,-0.0030,0.0097,-0.04149,0.05542,0.01558,1,1,0.115,0.302,in_circle
35.228,1,754,-0.01855,-0.00509,0.0015,0.0026,-0.04169,0.05561,0.01544,1,1,0.152,0.233,in_circle
35.271,1,755,-0.01883,-0.00524,-0.0066,-0.0036,-0.04301,0.05493,0.01575,1,1,0.135,0.261,in_circle
35.316,1,756,-0.01854,-0.00521,0.0064,0.0007,-0.03997,0.05598,0.01553,1,1,0.168,0.287,in_circle
35.360,1,757,-0.01864,-0.00512,-0.0023,0.0021,-0.04227,0.05479,0.01553,1,1,0.116,0.270,in_circle
35.403,1,758,-0.01857,-0.00526,0.0017,-0.0032,-0.04039,0.05617,0.01558,1,1,0.151,0.265,in_circle
35.448,1,759,-0.01847,-0.00540,0.0021,-0.0032,-0.04076,0.05623,0.01562,1,1,0.136,0.287,in_circle
35.492,1,760,-0.01837,-0.00543,0.0023,-0.0006,-0.04144,0.05580,0.01557,1,1,0.134,0.288,in_circle
35.535,1,761,-0.01866,-0.00517,-0.0066,0.0058,-0.04251,0.05561,0.01558,1,1,0.134,0.278,in_circle
35.579,1,762,-0.01888,-0.00516,-0.0050,0.0002,-0.04327,0.05641,0.01573,1,1,0.171,0.252,in_circle
35.624,1,763,-0.01897,-0.00534,-0.0020,-0.0039,-0.04409,0.05727,0.01591,1,1,0.165,0.275,in_circle
35.711,1,764,-0.01916,-0.00523,-0.0023,0.0012,-0.04286,0.05562,0.01598,1,1,0.155,0.293,in_circle
35.756,1,765,-0.01865,-0.00527,0.0113,-0.0009,-0.04350,0.05648,0.01565,1,1,0.156,0.273,in_circle
35.800,1,766,-0.01891,-0.00531,-0.0059,-0.0009,-0.04369,0.05863,0.01586,1,1,0.102,0.282,in_circle
35.845,1,767,-0.01886,-0.00539,0.0010,-0.0017,-0.04237,0.05661,0.01588,1,1,0.171,0.282,in_circle
35.887,1,768,-0.01873,-0.00503,0.0030,0.0086,-0.04298,0.05701,0.01553,1,1,0.144,0.286,in_circle
35.932,1,769,-0.01879,-0.00488,-0.0013,0.0032,-0.04409,0.05809,0.01547,1,1,0.136,0.245,in_circle
35.974,1,770,-0.01894,-0.00522,-0.0034,-0.0079,-0.04320,0.05761,0.01581,1,1,0.154,0.266,in_circle
36.020,1,771,-0.01858,-0.00521,0.0078,0.0000,-0.04422,0.05690,0.01555,1,1,0.163,0.312,in_circle
36.062,1,772,-0.01879,-0.00543,-0.0051,-0.0051,-0.04469,0.05651,0.01586,1,1,0.118,0.281,in_circle
36.108,1,773,-0.01845,-0.00513,0.0074,0.0066,-0.04245,0.05598,0.01541,1,1,0.171,0.303,in_circle
36.151,1,774,-0.01859,-0.00513,-0.0032,0.0001,-0.04312,0.05813,0.01550,1,1,0.120,0.256,in_circle
36.195,1,775,-0.01882,-0.00521,-0.0053,-0.0018,-0.04433,0.05819,0.01572,1,1,0.164,0.282,in_circle
36.239,1,776,-0.01894,-0.00547,-0.0027,-0.0061,-0.04322,0.05763,0.01599,1,1,0.173,0.290,in_circle
36.283,1,777,-0.01870,-0.00519,0.0056,0.0064,-0.04494,0.05761,0.01562,1,1,0.164,0.309,in_circle
36.327,1,778,-0.01894,-0.00509,-0.0055,0.0024,-0.04433,0.05774,0.01572,1,1,0.130,0.259,in_circle
36.372,1,779,-0.01868,-0.00529,0.0057,-0.0045,-0.04275,0.05706,0.01568,1,1,0.176,0.275,in_circle
36.416,1,780,-0.01890,-0.00537,-0.0049,-0.0017,-0.04363,0.05724,0.01589,1,1,0.131,0.303,in_circle
36.459,1,781,-0.01862,-0.00507,0.0063,0.0069,-0.04528,0.05875,0.01548,1,1,0.174,0.293,in_circle
36.504,1,782,-0.01893,-0.00513,-0.0068,-0.0014,-0.04417,0.05862,0.01574,1,1,0.129,0.258,in_circle
36.547,1,783,-0.01888,-0.00540,0.0012,-0.0062,-0.04392,0.05743,0.01589,1,1,0.183,0.292,in_circle
36.591,1,784,-0.01881,-0.00508,0.0015,0.0072,-0.04470,0.05786,0.01562,1,1,0.151,0.312,in_circle
36.634,1,785,-0.01871,-0.00492,0.0025,0.0036,-0.04433,0.05774,0.01543,1,1,0.150,0.258,in_circle
36.680,1,786,-0.01886,-0.00505,-0.0034,-0.0028,-0.04424,0.05883,0.01563,1,1,0.147,0.273,in_circle
36.723,1,787,-0.01859,-0.00541,0.0062,-0.0083,-0.04489,0.05833,0.01570,1,1,0.171,0.299,in_circle
36.768,1,788,-0.01891,-0.00504,-0.0069,0.0080,-0.04418,0.05891,0.01566,1,1,0.132,0.323,in_circle
36.810,1,789,-0.01889,-0.00526,0.0005,-0.0052,-0.04393,0.05929,0.01580,1,1,0.186,0.257,in_circle
36.856,1,790,-0.01893,-0.00514,-0.0008,0.0027,-0.04459,0.05856,0.01574,1,1,0.157,0.311,in_circle
36.899,1,791,-0.01874,-0.00529,0.0043,-0.0036,-0.04390,0.05754,0.01572,1,1,0.163,0.280,in_circle
36.943,1,792,-0.01885,-0.00515,-0.0025,0.0032,-0.04443,0.05909,0.01570,1,1,0.142,0.306,in_circle
36.987,1,793,-0.01881,-0.00549,0.0008,-0.0076,-0.04473,0.05880,0.01591,1,1,0.170,0.278,in_circle
37.031,1,794,-0.01893,-0.00521,-0.0028,0.0064,-0.04450,0.05961,0.01580,1,1,0.157,0.323,in_circle
37.076,1,795,-0.01872,-0.00505,0.0048,0.0036,-0.04527,0.05846,0.01553,1,1,0.172,0.267,in_circle
37.121,1,796,-0.01872,-0.00527,0.0001,-0.0050,-0.04391,0.05805,0.01569,1,1,0.142,0.278,in_circle
37.163,1,797,-0.01890,-0.00529,-0.0044,-0.0005,-0.04486,0.05843,0.01583,1,1,0.161,0.313,in_circle
37.208,1,798,-0.01878,-0.00514,0.0026,0.0034,-0.04472,0.05861,0.01564,1,1,0.180,0.296,in_circle
37.251,1,799,-0.01884,-0.00515,-0.0014,-0.0004,-0.04476,0.05775,0.01570,1,1,0.153,0.281,in_circle
37.296,1,800,-0.01928,-0.00509,-0.0096,0.0014,-0.04496,0.05829,0.01596,1,1,0.169,0.296,in_circle
37.338,1,801,-0.01880,-0.00513,0.0116,-0.0010,-0.04457,0.05775,0.01565,1,1,0.203,0.289,in_circle
37.384,1,802,-0.01888,-0.00503,-0.0018,0.0022,-0.04489,0.05833,0.01564,1,1,0.118,0.300,in_circle
37.426,1,803,-0.01892,-0.00524,-0.0010,-0.0050,-0.04498,0.05832,0.01582,1,1,0.172,0.287,in_circle
37.473,1,804,-0.01887,-0.00540,0.0012,-0.0034,-0.04461,0.05802,0.01589,1,1,0.170,0.317,in_circle
37.516,1,805,-0.01877,-0.00517,0.0025,0.0054,-0.04430,0.05825,0.01566,1,1,0.161,0.312,in_circle
37.560,1,806,-0.01875,-0.00523,0.0004,-0.0012,-0.04513,0.05851,0.01568,1,1,0.156,0.276,in_circle
37.602,1,807,-0.01854,-0.00498,0.0048,0.0058,-0.04314,0.05861,0.01536,1,1,0.165,0.303,in_circle
37.648,1,808,-0.01916,-0.00509,-0.0136,-0.0025,-0.04459,0.05856,0.01587,1,1,0.148,0.275,in_circle
37.778,1,809,-0.01890,-0.00543,0.0020,-0.0026,-0.04473,0.05880,0.01593,1,1,0.224,0.309,in_circle
37.822,1,810,-0.01883,-0.00517,0.0016,0.0059,-0.04438,0.05814,0.01570,1,1,0.162,0.312,in_circle
37.866,1,811,-0.01924,-0.00468,-0.0094,0.0112,-0.04339,0.05958,0.01565,1,1,0.163,0.278,in_circle
37.912,1,812,-0.01875,-0.00518,0.0109,-0.0110,-0.04375,0.05851,0.01565,1,1,0.209,0.256,in_circle
37.956,1,813,-0.01909,-0.00521,-0.0077,-0.0005,-0.04341,0.05974,0.01591,1,1,0.127,0.346,in_circle
37.999,1,814,-0.01873,-0.00472,0.0084,0.0114,-0.04257,0.05904,0.01531,1,1,0.203,0.305,in_circle
38.043,1,815,-0.01881,-0.00515,-0.0018,-0.0100,-0.04646,0.05989,0.01567,1,1,0.138,0.256,in_circle
38.087,1,816,-0.01879,-0.00506,0.0003,0.0021,-0.04567,0.06108,0.01559,1,1,0.179,0.344,in_circle
38.131,1,817,-0.01863,-0.00508,0.0037,-0.0005,-0.04586,0.06025,0.01549,1,1,0.171,0.295,in_circle
38.174,1,818,-0.01860,-0.00493,0.0006,0.0035,-0.04657,0.05724,0.01536,1,1,0.158,0.306,in_circle
38.220,1,819,-0.01891,-0.00499,-0.0068,-0.0014,-0.04616,0.05910,0.01563,1,1,0.171,0.290,in_circle
38.262,1,820,-0.01873,-0.00504,0.0042,-0.0011,-0.04649,0.05848,0.01553,1,1,0.201,0.311,in_circle
38.306,1,821,-0.01871,-0.00505,0.0005,-0.0003,-0.04628,0.05892,0.01553,1,1,0.157,0.310,in_circle
38.351,1,822,-0.01893,-0.00513,-0.0050,-0.0018,-0.04663,0.05947,0.01574,1,1,0.173,0.308,in_circle
38.395,1,823,-0.01895,-0.00508,-0.0004,0.0012,-0.04737,0.06007,0.01572,1,1,0.196,0.314,in_circle
38.439,1,824,-0.01881,-0.00474,0.0033,0.0077,-0.04615,0.05819,0.01538,1,1,0.178,0.302,in_circle
38.484,1,825,-0.01889,-0.00514,-0.0020,-0.0089,-0.04710,0.06058,0.01572,1,1,0.163,0.276,in_circle
38.526,1,826,-0.01877,-0.00509,0.0029,0.0012,-0.04690,0.06091,0.01560,1,1,0.185,0.344,in_circle
38.573,1,827,-0.01884,-0.00476,-0.0014,0.0072,-0.04713,0.06029,0.01541,1,1,0.166,0.304,in_circle
38.616,1,828,-0.01884,-0.00490,0.0001,-0.0033,-0.04580,0.06042,0.01551,1,1,0.184,0.280,in_circle
38.660,1,829,-0.01873,-0.00467,0.0023,0.0050,-0.04474,0.06028,0.01528,1,1,0.178,0.322,in_circle
38.702,1,830,-0.01881,-0.00455,-0.0018,0.0030,-0.04460,0.05960,0.01525,1,1,0.170,0.289,in_circle
38.748,1,831,-0.01882,-0.00509,-0.0002,-0.0119,-0.04490,0.05891,0.01563,1,1,0.187,0.297,in_circle
38.791,1,832,-0.01883,-0.00504,-0.0002,0.0010,-0.04397,0.06007,0.01561,1,1,0.181,0.359,in_circle
38.835,1,833,-0.01870,-0.00498,0.0029,0.0014,-0.04449,0.05813,0.01547,1,1,0.181,0.307,in_circle
38.879,1,834,-0.01865,-0.00518,0.0012,-0.0046,-0.04765,0.05932,0.01558,1,1,0.169,0.306,in_circle
38.924,1,835,-0.01895,-0.00478,-0.0068,0.0090,-0.04636,0.06135,0.01551,1,1,0.176,0.331,in_circle
38.967,1,836,-0.01875,-0.00501,0.0047,-0.0053,-0.04721,0.06052,0.01553,1,1,0.210,0.277,in_circle
39.012,1,837,-0.01876,-0.00510,-0.0002,-0.0019,-0.04662,0.06062,0.01560,1,1,0.163,0.334,in_circle
39.055,1,838,-0.01899,-0.00501,-0.0055,0.0020,-0.04581,0.06057,0.01570,1,1,0.184,0.322,in_circle
39.100,1,839,-0.01887,-0.00529,0.0028,-0.0061,-0.04724,0.05988,0.01581,1,1,0.206,0.306,in_circle
39.143,1,840,-0.01883,-0.00518,0.0010,0.0024,-0.04644,0.06010,0.01571,1,1,0.173,0.340,in_circle
39.188,1,841,-0.01891,-0.00497,-0.0018,0.0046,-0.04680,0.06021,0.01562,1,1,0.181,0.306,in_circle
39.231,1,842,-0.01905,-0.00516,-0.0032,-0.0044,-0.04541,0.05928,0.01585,1,1,0.192,0.297,in_circle
39.276,1,843,-0.01872,-0.00507,0.0073,0.0022,-0.04564,0.05935,0.01554,1,1,0.199,0.334,in_circle
39.319,1,844,-0.01888,-0.00526,-0.0039,-0.0045,-0.04593,0.05992,0.01580,1,1,0.156,0.308,in_circle
39.364,1,845,-0.01897,-0.00503,-0.0020,0.0050,-0.04654,0.06032,0.01570,1,1,0.202,0.336,in_circle
39.409,1,846,-0.01891,-0.00511,0.0015,-0.0019,-0.04620,0.06099,0.01571,1,1,0.195,0.298,in_circle
39.452,1,847,-0.01907,-0.00509,-0.0038,0.0006,-0.04655,0.06021,0.01581,1,1,0.182,0.326,in_circle
39.496,1,848,-0.01870,-0.00498,0.0083,0.0025,-0.04615,0.06104,0.01547,1,1,0.204,0.317,in_circle
39.538,1,849,-0.01848,-0.00489,0.0053,0.0020,-0.04562,0.06047,0.01525,1,1,0.155,0.309,in_circle
39.584,1,850,-0.01891,-0.00498,-0.0094,-0.0019,-0.04600,0.06142,0.01562,1,1,0.167,0.311,in_circle
39.626,1,851,-0.01890,-0.00476,0.0002,0.0051,-0.04644,0.06010,0.01546,1,1,0.227,0.328,in_circle
39.670,1,852,-0.01906,-0.00494,-0.0037,-0.0041,-0.04654,0.06075,0.01570,1,1,0.189,0.300,in_circle
39.759,1,853,-0.01909,-0.00488,-0.0003,0.0007,-0.04654,0.06075,0.01568,1,1,0.206,0.338,in_circle
39.805,1,854,-0.01894,-0.00521,0.0032,-0.0072,-0.04617,0.06081,0.01581,1,1,0.193,0.319,in_circle
39.847,1,855,-0.01883,-0.00496,0.0027,0.0059,-0.04541,0.05982,0.01555,1,1,0.179,0.352,in_circle
39.892,1,856,-0.01891,-0.00504,-0.0017,-0.0019,-0.04656,0.06157,0.01566,1,1,0.182,0.299,in_circle
39.935,1,857,-0.01875,-0.00481,0.0036,0.0054,-0.04899,0.05932,0.01539,1,1,0.200,0.331,in_circle
39.980,1,858,-0.01875,-0.00487,0.0002,-0.0014,-0.04893,0.05884,0.01543,1,1,0.179,0.302,in_circle
40.023,1,859,-0.01870,-0.00487,0.0012,-0.0000,-0.04927,0.05827,0.01539,1,1,0.193,0.330,in_circle
40.067,1,860,-0.01865,-0.00470,0.0012,0.0038,-0.04849,0.05937,0.01524,1,1,0.189,0.325,in_circle
40.111,1,861,-0.01893,-0.00517,-0.0066,-0.0108,-0.05034,0.05856,0.01577,1,1,0.189,0.309,in_circle
40.156,1,862,-0.01878,-0.00494,0.0033,0.0052,-0.04819,0.05905,0.01550,1,1,0.222,0.370,in_circle
40.199,1,863,-0.01887,-0.00501,-0.0021,-0.0016,-0.04917,0.06004,0.01561,1,1,0.182,0.306,in_circle
40.245,1,864,-0.01896,-0.00484,-0.0019,0.0036,-0.04929,0.06230,0.01556,1,1,0.205,0.334,in_circle
40.287,1,865,-0.01869,-0.00515,0.0064,-0.0073,-0.04985,0.06184,0.01558,1,1,0.204,0.313,in_circle
40.331,1,866,-0.01836,-0.00495,0.0073,0.0045,-0.04973,0.06246,0.01522,1,1,0.171,0.357,in_circle
40.375,1,867,-0.01863,-0.00484,-0.0061,0.0025,-0.04985,0.06184,0.01532,1,1,0.167,0.310,in_circle
40.421,1,868,-0.01901,-0.00504,-0.0082,-0.0044,-0.04969,0.06120,0.01573,1,1,0.222,0.318,in_circle
40.463,1,869,-0.01883,-0.00498,0.0042,0.0015,-0.04685,0.06126,0.01556,1,1,0.232,0.347,in_circle
40.508,1,870,-0.01847,-0.00494,0.0081,0.0008,-0.04799,0.06186,0.01528,1,1,0.182,0.324,in_circle
40.551,1,871,-0.01867,-0.00486,-0.0046,0.0018,-0.04735,0.06143,0.01537,1,1,0.166,0.327,in_circle
40.597,1,872,-0.01865,-0.00529,0.0004,-0.0094,-0.04738,0.06057,0.01566,1,1,0.218,0.323,in_circle
40.639,1,873,-0.01886,-0.00502,-0.0049,0.0065,-0.04708,0.06256,0.01561,1,1,0.199,0.370,in_circle
40.684,1,874,-0.01870,-0.00512,0.0036,-0.0022,-0.04732,0.06290,0.01557,1,1,0.221,0.306,in_circle
40.727,1,875,-0.01869,-0.00495,0.0002,0.0037,-0.04677,0.06194,0.01544,1,1,0.187,0.341,in_circle
40.772,1,876,-0.01883,-0.00506,-0.0032,-0.0023,-0.04611,0.06281,0.01562,1,1,0.201,0.318,in_circle
40.814,1,877,-0.01897,-0.00492,-0.0031,0.0033,-0.04705,0.06203,0.01562,1,1,0.215,0.343,in_circle
40.859,1,878,-0.01871,-0.00478,0.0057,0.0031,-0.04596,0.06276,0.01534,1,1,0.216,0.320,in_circle
40.905,1,879,-0.01868,-0.00515,0.0006,-0.0081,-0.04606,0.06360,0.01558,1,1,0.180,0.321,in_circle
40.947,1,880,-0.01875,-0.00480,-0.0016,0.0084,-0.04550,0.06242,0.01538,1,1,0.201,0.368,in_circle
40.992,1,881,-0.01864,-0.00520,0.0023,-0.0089,-0.04615,0.06090,0.01559,1,1,0.210,0.301,in_circle
41.035,1,882,-0.01882,-0.00503,-0.0040,0.0040,-0.04830,0.06265,0.01559,1,1,0.195,0.372,in_circle
41.079,1,883,-0.01862,-0.00485,0.0044,0.0040,-0.04713,0.06210,0.01532,1,1,0.221,0.320,in_circle
41.123,1,884,-0.01876,-0.00481,-0.0031,0.0009,-0.05142,0.06335,0.01539,1,1,0.188,0.320,in_circle
41.168,1,885,-0.01881,-0.00453,-0.0011,0.0064,-0.05057,0.06396,0.01523,1,1,0.218,0.333,in_circle
41.211,1,886,-0.01878,-0.00484,0.0006,-0.0071,-0.05042,0.06426,0.01543,1,1,0.211,0.311,in_circle
41.256,1,887,-0.01877,-0.00467,0.0003,0.0038,-0.04940,0.06315,0.01530,1,1,0.205,0.366,in_circle
41.300,1,888,-0.01867,-0.00509,0.0022,-0.0096,-0.04755,0.06280,0.01553,1,1,0.206,0.323,in_circle
41.344,1,889,-0.01890,-0.00489,-0.0053,0.0046,-0.04832,0.06367,0.01555,1,1,0.199,0.378,in_circle
41.387,1,890,-0.01888,-0.00516,0.0004,-0.0064,-0.04877,0.06544,0.01573,1,1,0.230,0.321,in_circle
41.431,1,891,-0.01881,-0.00478,0.0016,0.0086,-0.04967,0.06303,0.01541,1,1,0.207,0.366,in_circle
41.476,1,892,-0.01856,-0.00470,0.0057,0.0017,-0.04831,0.06339,0.01517,1,1,0.203,0.305,in_circle
41.519,1,893,-0.01870,-0.00483,-0.0035,-0.0029,-0.04883,0.06309,0.01537,1,1,0.187,0.334,in_circle
41.565,1,894,-0.01873,-0.00504,-0.0006,-0.0046,-0.04810,0.06317,0.01553,1,1,0.224,0.353,in_circle
41.608,1,895,-0.01875,-0.00475,-0.0004,0.0067,-0.04825,0.06167,0.01534,1,1,0.213,0.360,in_circle
41.652,1,896,-0.01881,-0.00498,-0.0014,-0.0053,-0.04861,0.06172,0.01555,1,1,0.213,0.315,in_circle
41.696,1,897,-0.01876,-0.00475,0.0010,0.0052,-0.04713,0.06305,0.01536,1,1,0.217,0.364,in_circle
41.783,1,898,-0.01877,-0.00470,-0.0000,0.0006,-0.04916,0.06385,0.01532,1,1,0.209,0.322,in_circle
41.828,1,899,-0.01844,-0.00500,0.0072,-0.0068,-0.04838,0.06327,0.01531,1,1,0.213,0.341,in_circle
41.872,1,900,-0.01882,-0.00474,-0.0085,0.0058,-0.04782,0.06245,0.01539,1,1,0.184,0.372,in_circle
41.915,1,901,-0.01874,-0.00506,0.0018,-0.0074,-0.04933,0.06261,0.01556,1,1,0.248,0.321,in_circle
41.959,1,902,-0.01886,-0.00482,-0.0028,0.0055,-0.04920,0.06263,0.01547,1,1,0.207,0.375,in_circle
42.002,1,903,-0.01849,-0.00489,0.0086,-0.0017,-0.04912,0.06447,0.01526,1,1,0.227,0.324,in_circle
42.048,1,904,-0.01884,-0.00475,-0.0075,0.0031,-0.05011,0.06312,0.01541,1,1,0.181,0.353,in_circle
42.092,1,905,-0.01862,-0.00465,0.0050,0.0022,-0.04881,0.06347,0.01518,1,1,0.246,0.334,in_circle
42.136,1,906,-0.01863,-0.00477,-0.0002,-0.0026,-0.05033,0.06328,0.01527,1,1,0.196,0.338,in_circle
42.182,1,907,-0.01893,-0.00476,-0.0066,0.0002,-0.04957,0.06318,0.01548,1,1,0.218,0.358,in_circle
42.223,1,908,-0.01876,-0.00467,0.0041,0.0022,-0.05014,0.06231,0.01530,1,1,0.244,0.347,in_circle
42.268,1,909,-0.01877,-0.00482,-0.0003,-0.0033,-0.05037,0.06384,0.01541,1,1,0.202,0.339,in_circle
42.312,1,910,-0.01875,-0.00514,0.0006,-0.0074,-0.05001,0.06311,0.01562,1,1,0.220,0.362,in_circle
42.357,1,911,-0.01855,-0.00512,0.0043,0.0005,-0.04954,0.06260,0.01547,1,1,0.217,0.380,in_circle
42.399,1,912,-0.01870,-0.00484,-0.0036,0.0067,-0.04943,0.06388,0.01537,1,1,0.202,0.349,in_circle
42.442,1,913,-0.01873,-0.00466,-0.0006,0.0042,-0.04969,0.06365,0.01526,1,1,0.234,0.324,in_circle
42.489,1,914,-0.01889,-0.00472,-0.0035,-0.0014,-0.04998,0.06581,0.01542,1,1,0.223,0.334,in_circle
42.532,1,915,-0.01879,-0.00498,0.0024,-0.0061,-0.05031,0.06309,0.01553,1,1,0.235,0.357,in_circle
42.576,1,916,-0.01884,-0.00482,-0.0012,0.0037,-0.04873,0.06260,0.01546,1,1,0.212,0.377,in_circle
42.619,1,917,-0.01890,-0.00460,-0.0013,0.0051,-0.05094,0.06328,0.01535,1,1,0.227,0.338,in_circle
42.663,1,918,-0.01869,-0.00467,0.0049,-0.0016,-0.05001,0.06360,0.01524,1,1,0.228,0.332,in_circle
42.707,1,919,-0.01839,-0.00480,0.0067,-0.0029,-0.05072,0.06206,0.01512,1,1,0.203,0.359,in_circle
42.751,1,920,-0.01881,-0.00495,-0.0096,-0.0036,-0.04864,0.06229,0.01553,1,1,0.196,0.365,in_circle
42.796,1,921,-0.01880,-0.00481,0.0001,0.0031,-0.05007,0.06277,0.01543,1,1,0.262,0.369,in_circle
42.839,1,922,-0.01877,-0.00462,0.0008,0.0045,-0.05015,0.06194,0.01527,1,1,0.224,0.342,in_circle
42.884,1,923,-0.01874,-0.00495,0.0006,-0.0072,-0.04961,0.06342,0.01548,1,1,0.222,0.337,in_circle
42.927,1,924,-0.01866,-0.00474,0.0019,0.0050,-0.04882,0.06359,0.01527,1,1,0.223,0.385,in_circle
42.972,1,925,-0.01879,-0.00476,-0.0029,-0.0005,-0.05053,0.06346,0.01538,1,1,0.218,0.336,in_circle
43.015,1,926,-0.01867,-0.00506,0.0027,-0.0070,-0.04956,0.06384,0.01551,1,1,0.238,0.358,in_circle
43.061,1,927,-0.01840,-0.00485,0.0060,0.0046,-0.04863,0.06234,0.01517,1,1,0.216,0.386,in_circle
43.104,1,928,-0.01901,-0.00488,-0.0144,-0.0007,-0.04968,0.06386,0.01562,1,1,0.202,0.339,in_circle
43.148,1,929,-0.01885,-0.00500,0.0035,-0.0028,-0.04885,0.06215,0.01560,1,1,0.286,0.361,in_circle
43.191,1,930,-0.01878,-0.00472,0.0016,0.0068,-0.05061,0.06340,0.01535,1,1,0.214,0.370,in_circle
43.237,1,931,-0.01865,-0.00489,0.0030,-0.0038,-0.04978,0.06443,0.01537,1,1,0.222,0.332,in_circle
43.280,1,932,-0.01867,-0.00475,-0.0006,0.0032,-0.04927,0.06439,0.01529,1,1,0.217,0.375,in_circle
43.324,1,933,-0.01873,-0.00491,-0.0012,-0.0035,-0.04764,0.06438,0.01544,1,1,0.232,0.347,in_circle
43.367,1,934,-0.01889,-0.00466,-0.0039,0.0059,-0.04931,0.06432,0.01538,1,1,0.235,0.375,in_circle
43.412,1,935,-0.01872,-0.00489,0.0037,-0.0051,-0.05158,0.06322,0.01542,1,1,0.246,0.337,in_circle
43.455,1,936,-0.01878,-0.00460,-0.0013,0.0068,-0.04880,0.06450,0.01526,1,1,0.216,0.382,in_circle
43.501,1,937,-0.01888,-0.00471,-0.0022,-0.0025,-0.05052,0.06510,0.01541,1,1,0.237,0.334,in_circle
43.543,1,938,-0.01901,-0.00441,-0.0031,0.0074,-0.04831,0.06447,0.01530,1,1,0.241,0.372,in_circle
43.588,1,939,-0.01855,-0.00460,0.0100,-0.0042,-0.05046,0.06408,0.01510,1,1,0.245,0.332,in_circle
43.630,1,940,-0.01879,-0.00452,-0.0056,0.0017,-0.04994,0.06611,0.01522,1,1,0.192,0.379,in_circle
43.679,1,941,-0.01878,-0.00511,0.0002,-0.0122,-0.05163,0.06426,0.01562,1,1,0.256,0.356,in_circle
43.719,1,942,-0.01873,-0.00481,0.0013,0.0076,-0.04997,0.06363,0.01537,1,1,0.233,0.414,in_circle
43.808,1,943,-0.01883,-0.00467,-0.0011,0.0016,-0.05422,0.06446,0.01535,1,1,0.230,0.335,in_circle
43.851,1,944,-0.01856,-0.00470,0.0061,-0.0008,-0.05588,0.06306,0.01518,1,1,0.240,0.359,in_circle
43.897,1,945,-0.01874,-0.00457,-0.0039,0.0029,-0.05410,0.06430,0.01521,1,1,0.211,0.369,in_circle
43.940,1,946,-0.01883,-0.00430,-0.0022,0.0063,-0.05620,0.06279,0.01510,1,1,0.252,0.354,in_circle
43.984,1,947,-0.01849,-0.00395,0.0080,0.0080,-0.05627,0.06330,0.01460,1,1,0.246,0.341,in_circle
44.028,1,948,-0.01831,-0.00285,0.0041,0.0251,-0.05205,0.06392,0.01374,1,1,0.205,0.333,in_circle
44.072,1,949,-0.01765,-0.00198,0.0148,0.0195,-0.05069,0.06374,0.01268,1,1,0.220,0.262,in_circle
44.115,1,950,-0.01705,-0.00128,0.0139,0.0163,-0.04540,0.06320,0.01177,1,1,0.176,0.283,in_circle
44.160,1,951,-0.01633,-0.00040,0.0161,0.0196,-0.03976,0.06246,0.01066,1,1,0.179,0.294,in_circle
44.205,1,952,-0.01608,0.00043,0.0055,0.0183,-0.03791,0.06151,0.00998,1,1,0.169,0.279,in_circle
44.248,1,953,-0.01569,0.00080,0.0091,0.0086,-0.03776,0.06327,0.00945,1,1,0.211,0.283,in_circle
44.291,1,954,-0.01461,0.00110,0.0251,0.0070,-0.03900,0.06338,0.00839,1,1,0.195,0.321,in_circle
44.336,1,955,-0.01465,0.00143,-0.0009,0.0074,-0.03822,0.06286,0.00823,1,1,0.129,0.327,in_circle
44.379,1,956,-0.01372,0.00137,0.0216,-0.0013,-0.04094,0.06239,0.00752,1,1,0.234,0.325,in_circle
44.423,1,957,-0.01280,0.00085,0.0208,-0.0118,-0.04403,0.06251,0.00718,1,1,0.141,0.360,in_circle
44.467,1,958,-0.01218,0.00021,0.0141,-0.0143,-0.04724,0.06033,0.00726,1,1,0.143,0.403,in_circle
44.515,1,959,-0.01147,-0.00030,0.0148,-0.0107,-0.05385,0.05903,0.00729,1,1,0.168,0.415,in_circle
44.555,1,960,-0.01055,-0.00064,0.0230,-0.0085,-0.05711,0.05957,0.00719,1,1,0.164,0.402,in_circle
44.599,1,961,-0.00946,-0.00123,0.0250,-0.0135,-0.05791,0.05713,0.00741,1,1,0.129,0.394,in_circle
44.643,1,962,-0.00817,-0.00131,0.0289,-0.0020,-0.05732,0.05869,0.00732,1,1,0.118,0.416,in_circle
44.688,1,963,-0.00665,-0.00157,0.0343,-0.0057,-0.05811,0.05617,0.00766,1,1,0.099,0.371,in_circle
44.731,1,964,-0.00516,-0.00120,0.0344,0.0084,-0.05853,0.05292,0.00767,1,1,0.074,0.387,in_circle
44.776,1,965,-0.00382,-0.00056,0.0299,0.0144,-0.05650,0.05084,0.00767,1,1,0.070,0.329,in_circle
44.819,1,966,-0.00210,-0.00043,0.0400,0.0030,-0.05785,0.04802,0.00859,1,1,0.084,0.304,in_circle
44.865,1,967,-0.00097,0.00103,0.0246,0.0318,-0.05077,0.04755,0.00845,1,1,0.039,0.350,in_circle
44.907,1,968,0.00113,0.00196,0.0492,0.0217,-0.04611,0.04655,0.00980,1,1,0.097,0.231,in_circle
44.952,1,969,0.00314,0.00276,0.0447,0.0179,-0.04567,0.04577,0.01141,1,1,-0.006,0.270,in_circle
44.997,1,970,0.00542,0.00387,0.0518,0.0252,-0.03909,0.04747,0.01339,1,1,0.006,0.283,in_circle
45.040,1,971,0.00588,0.00529,0.0105,0.0324,-0.03550,0.04644,0.01370,1,1,-0.029,0.251,in_circle
45.084,1,972,0.00794,0.00635,0.0470,0.0243,-0.03752,0.04654,0.01574,1,1,0.135,0.219,in_circle
45.129,1,973,0.00923,0.00728,0.0288,0.0207,-0.03618,0.04715,0.01708,1,1,-0.017,0.248,in_circle
45.173,1,974,0.01085,0.00884,0.0372,0.0357,-0.03563,0.04761,0.01887,1,1,0.052,0.260,in_circle
45.217,1,975,0.01249,0.01048,0.0368,0.0368,-0.03585,0.04615,0.02078,1,1,0.013,0.196,in_circle
45.259,1,976,0.01496,0.01259,0.0583,0.0499,-0.03436,0.04688,0.02370,1,1,0.010,0.188,in_circle
45.304,1,977,0.01677,0.01482,0.0405,0.0498,-0.03496,0.04551,0.02611,1,1,-0.083,0.130,in_circle
45.347,1,978,0.01928,0.01688,0.0588,0.0483,-0.03471,0.04499,0.02918,1,1,-0.018,0.124,in_circle
45.392,1,979,0.02208,0.01881,0.0617,0.0427,-0.02999,0.04108,0.03251,1,1,-0.098,0.125,in_circle
45.435,1,980,0.02479,0.02143,0.0633,0.0611,-0.02367,0.03821,0.03606,1,1,-0.118,0.142,in_circle
45.481,1,981,0.02679,0.02426,0.0439,0.0621,-0.02471,0.03764,0.03911,1,1,-0.133,0.061,in_circle
45.523,1,982,0.02867,0.02696,0.0446,0.0643,-0.02339,0.03483,0.04206,1,1,-0.062,0.049,in_circle
45.568,1,983,0.03088,0.02934,0.0486,0.0522,-0.02059,0.02832,0.04517,1,1,-0.071,0.036,in_circle
45.612,1,984,0.03268,0.03264,0.0416,0.0760,-0.01695,0.02596,0.04846,0,1,-0.094,0.079,running
45.656,1,985,0.03458,0.03532,0.0425,0.0600,-0.01678,0.02636,0.05153,0,1,-0.075,-0.016,running
45.699,1,986,0.03541,0.03767,0.0195,0.0554,-0.01832,0.02570,0.05358,0,1,-0.087,0.036,running
45.745,1,987,0.03621,0.03950,0.0175,0.0397,-0.01184,0.02588,0.05531,0,1,-0.013,0.045,running
45.832,1,988,0.03698,0.04229,0.0088,0.0321,-0.01521,0.02801,0.05764,0,1,-0.015,0.090,running
45.876,1,989,0.03669,0.04372,-0.0064,0.0323,-0.01474,0.03632,0.05833,0,1,0.005,0.104,running
45.921,1,990,0.03691,0.04546,0.0048,0.0391,-0.01963,0.03823,0.05963,0,1,0.053,0.097,running
45.964,1,991,0.03654,0.04699,-0.0084,0.0355,-0.02804,0.04036,0.06039,0,1,0.011,0.066,running
46.008,1,992,0.03582,0.04884,-0.0163,0.0414,-0.02709,0.04437,0.06114,0,1,0.051,0.070,running
46.052,1,993,0.03519,0.05052,-0.0143,0.0383,-0.02562,0.04872,0.06189,0,1,0.074,0.042,running
46.096,1,994,0.03457,0.05214,-0.0142,0.0374,-0.02464,0.05188,0.06265,0,1,0.066,0.044,running
46.140,1,995,0.03387,0.05391,-0.0156,0.0396,-0.02623,0.05600,0.06350,0,1,0.064,0.038,running
46.183,1,996,0.03418,0.05590,0.0072,0.0465,-0.02888,0.05812,0.06521,0,1,0.067,0.022,running
46.228,1,997,0.03407,0.05798,-0.0026,0.0462,-0.02722,0.05909,0.06675,0,1,-0.009,-0.010,running
46.272,1,998,0.03450,0.06030,0.0098,0.0527,-0.02480,0.05800,0.06883,0,1,0.015,-0.020,running
46.317,1,999,0.03438,0.06206,-0.0025,0.0394,-0.02023,0.05780,0.07016,0,1,-0.028,-0.052,running
46.360,1,1000,0.03482,0.06386,0.0100,0.0419,-0.01748,0.05686,0.07186,0,1,0.003,-0.025,running
46.404,1,1001,0.03575,0.06480,0.0213,0.0213,-0.01484,0.05418,0.07317,0,1,-0.039,-0.043,running
46.448,1,1002,0.03631,0.06476,0.0125,-0.0009,-0.01442,0.05242,0.07347,0,1,-0.077,0.003,running
46.492,1,1003,0.03720,0.06407,0.0205,-0.0156,-0.01550,0.04942,0.07347,0,1,-0.058,0.059,running
46.536,1,1004,0.03805,0.06273,0.0192,-0.0303,-0.01154,0.04098,0.07294,0,1,-0.085,0.099,running
46.581,1,1005,0.03903,0.06178,0.0218,-0.0211,-0.01547,0.03483,0.07283,0,1,-0.087,0.143,running
46.625,1,1006,0.03965,0.06018,0.0141,-0.0365,-0.02552,0.03379,0.07202,0,1,-0.100,0.120,running
46.668,1,1007,0.04044,0.05892,0.0182,-0.0290,-0.02980,0.03182,0.07161,0,1,-0.082,0.169,running
46.712,1,1008,0.04056,0.05792,0.0026,-0.0229,-0.03209,0.03049,0.07095,0,1,-0.098,0.153,running
46.757,1,1009,0.04098,0.05744,0.0095,-0.0108,-0.03631,0.02889,0.07089,0,1,-0.056,0.141,running
46.799,1,1010,0.04111,0.05712,0.0030,-0.0073,-0.03806,0.02917,0.07075,0,1,-0.079,0.107,running
46.844,1,1011,0.04052,0.05760,-0.0132,0.0105,-0.03713,0.02851,0.07069,0,1,-0.063,0.097,running
46.887,1,1012,0.04004,0.05805,-0.0113,0.0106,-0.03658,0.02994,0.07070,0,1,-0.018,0.044,running
46.932,1,1013,0.03944,0.05942,-0.0132,0.0303,-0.03430,0.03016,0.07131,0,1,-0.024,0.039,running
46.976,1,1014,0.03845,0.06022,-0.0223,0.0182,-0.02882,0.03383,0.07127,0,1,-0.020,-0.024,running
47.020,1,1015,0.03781,0.06125,-0.0146,0.0234,-0.02347,0.03463,0.07164,0,1,0.007,0.003,running
47.063,1,1016,0.03669,0.06212,-0.0259,0.0202,-0.01372,0.03832,0.07161,0,1,-0.014,-0.018,running
47.109,1,1017,0.03612,0.06294,-0.0127,0.0182,-0.01237,0.04252,0.07191,0,1,0.020,-0.015,running
47.151,1,1018,0.03520,0.06303,-0.0215,0.0020,-0.01375,0.04675,0.07142,0,1,-0.017,-0.016,running
47.198,1,1019,0.03480,0.06304,-0.0085,0.0003,-0.01424,0.04711,0.07119,0,1,0.010,0.026,running
47.239,1,1020,0.03458,0.06227,-0.0052,-0.0187,-0.01484,0.04654,0.07045,0,1,-0.025,0.029,running
47.283,1,1021,0.03427,0.06162,-0.0072,-0.0148,-0.01571,0.04674,0.06974,0,1,-0.034,0.085,running
47.328,1,1022,0.03450,0.06054,0.0053,-0.0245,-0.01685,0.04543,0.06902,0,1,-0.027,0.076,running
47.372,1,1023,0.03433,0.05971,-0.0039,-0.0188,-0.02229,0.04466,0.06826,0,1,-0.063,0.108,running
47.416,1,1024,0.03442,0.05867,0.0019,-0.0237,-0.02485,0.04241,0.06750,0,1,-0.037,0.096,running
47.459,1,1025,0.03438,0.05794,-0.0008,-0.0168,-0.02667,0.04045,0.06691,0,1,-0.054,0.114,running
47.504,1,1026,0.03417,0.05776,-0.0048,-0.0039,-0.02920,0.04249,0.06664,0,1,-0.047,0.097,running
47.547,1,1027,0.03431,0.05751,0.0033,-0.0060,-0.03039,0.04292,0.06653,0,1,-0.035,0.058,running
47.592,1,1028,0.03423,0.05797,-0.0017,0.0103,-0.03103,0.04176,0.06684,0,1,-0.061,0.063,running
47.635,1,1029,0.03432,0.05832,0.0021,0.0081,-0.03148,0.04315,0.06717,0,1,-0.049,0.011,running
47.681,1,1030,0.03425,0.05902,-0.0017,0.0153,-0.02924,0.04088,0.06767,0,1,-0.063,0.013,running
47.724,1,1031,0.03389,0.05963,-0.0081,0.0140,-0.02291,0.04167,0.06793,0,1,-0.055,-0.014,running
47.768,1,1032,0.03384,0.05998,-0.0012,0.0081,-0.02049,0.04080,0.06817,0,1,-0.037,-0.016,running
47.855,1,1033,0.03417,0.06028,0.0038,0.0034,-0.01574,0.04326,0.06861,0,1,-0.061,-0.006,running
47.900,1,1034,0.03439,0.06058,0.0049,0.0068,-0.01514,0.04323,0.06898,0,1,-0.079,0.003,running
47.943,1,1035,0.03446,0.06008,0.0017,-0.0115,-0.01424,0.04115,0.06863,0,1,-0.086,-0.011,running
47.988,1,1036,0.03444,0.05995,-0.0004,-0.0029,-0.01404,0.04187,0.06852,0,1,-0.078,0.042,running
48.031,1,1037,0.03425,0.05966,-0.0044,-0.0068,-0.01475,0.03874,0.06817,0,1,-0.074,0.015,running
48.076,1,1038,0.03410,0.06018,-0.0033,0.0115,-0.01589,0.03558,0.06849,0,1,-0.062,0.027,running
48.119,1,1039,0.03380,0.06016,-0.0071,-0.0003,-0.01585,0.03429,0.06829,0,1,-0.068,-0.031,running
48.165,1,1040,0.03402,0.06005,0.0049,-0.0024,-0.01613,0.03463,0.06834,0,1,-0.057,0.001,running
48.207,1,1041,0.03383,0.06018,-0.0045,0.0031,-0.01603,0.03508,0.06833,0,1,-0.094,0.005,running
48.253,1,1042,0.03417,0.06011,0.0073,-0.0016,-0.01635,0.03446,0.06848,0,1,-0.068,-0.014,running
48.295,1,1043,0.03404,0.06001,-0.0030,-0.0024,-0.01774,0.03332,0.06832,0,1,-0.106,-0.003,running
48.340,1,1044,0.03413,0.06006,0.0020,0.0011,-0.01716,0.03579,0.06842,0,1,-0.077,-0.002,running
48.383,1,1045,0.03404,0.05982,-0.0022,-0.0057,-0.01714,0.03516,0.06817,0,1,-0.094,-0.015,running
48.428,1,1046,0.03412,0.05985,0.0017,0.0006,-0.01628,0.03486,0.06824,0,1,-0.083,0.004,running
48.471,1,1047,0.03413,0.06008,0.0002,0.0054,-0.01863,0.03437,0.06843,0,1,-0.096,-0.017,running
48.516,1,1048,0.03414,0.06019,0.0003,0.0025,-0.01867,0.03514,0.06853,0,1,-0.094,-0.035,running
48.560,1,1049,0.03413,0.05995,-0.0003,-0.0056,-0.01843,0.03409,0.06833,0,1,-0.096,-0.029,running
48.603,1,1050,0.03417,0.06013,0.0009,0.0042,-0.01859,0.03404,0.06850,0,1,-0.096,-0.007,running
48.648,1,1051,0.03429,0.05999,0.0027,-0.0033,-0.01878,0.03401,0.06845,0,1,-0.102,-0.039,running
48.693,1,1052,0.03422,0.06015,-0.0015,0.0037,-0.01748,0.03347,0.06855,0,1,-0.110,-0.019,running
48.735,1,1053,0.03407,0.05995,-0.0035,-0.0048,-0.01749,0.03416,0.06829,0,1,-0.099,-0.042,running
48.780,1,1054,0.03414,0.06002,0.0016,0.0016,-0.01713,0.03352,0.06839,0,1,-0.094,-0.019,running
48.824,1,1055,0.03422,0.06006,0.0017,0.0008,-0.01941,0.03492,0.06847,0,1,-0.111,-0.040,running
48.868,1,1056,0.03404,0.05998,-0.0041,-0.0017,-0.01798,0.03482,0.06830,0,1,-0.114,-0.040,running
48.912,1,1057,0.03409,0.06018,0.0011,0.0044,-0.01879,0.03530,0.06848,0,1,-0.098,-0.035,running
48.956,1,1058,0.03399,0.05989,-0.0024,-0.0064,-0.01783,0.03583,0.06820,0,1,-0.115,-0.056,running
49.000,1,1059,0.03399,0.05992,0.0002,0.0006,-0.01662,0.03499,0.06822,0,1,-0.106,-0.025,running
49.045,1,1060,0.03404,0.05997,0.0011,0.0010,-0.01632,0.03537,0.06829,0,1,-0.115,-0.048,running
49.089,1,1061,0.03416,0.06004,0.0026,0.0016,-0.01620,0.03516,0.06841,0,1,-0.120,-0.052,running
49.133,1,1062,0.03404,0.06009,-0.0027,0.0013,-0.01562,0.03567,0.06839,0,1,-0.127,-0.057,running
49.178,1,1063,0.03418,0.05995,0.0030,-0.0031,-0.01386,0.03596,0.06836,0,1,-0.113,-0.058,running
49.222,1,1064,0.03397,0.05989,-0.0048,-0.0015,-0.01326,0.03639,0.06818,0,1,-0.132,-0.048,running
49.266,1,1065,0.03384,0.06002,-0.0029,0.0030,-0.01353,0.03696,0.06821,0,1,-0.110,-0.054,running
49.307,1,1066,0.03401,0.06008,0.0042,0.0014,-0.01269,0.03652,0.06836,0,1,-0.117,-0.070,running
49.352,1,1067,0.03415,0.05992,0.0031,-0.0036,-0.01270,0.03486,0.06831,0,1,-0.140,-0.068,running
49.395,1,1068,0.03410,0.05986,-0.0011,-0.0013,-0.01244,0.03726,0.06824,0,1,-0.139,-0.055,running
49.440,1,1069,0.03420,0.05996,0.0023,0.0021,-0.01269,0.03628,0.06838,0,1,-0.129,-0.064,running
49.483,1,1070,0.03397,0.06017,-0.0053,0.0050,-0.01222,0.03633,0.06841,0,1,-0.141,-0.077,running
49.528,1,1071,0.03405,0.05965,0.0017,-0.0116,-0.01278,0.03380,0.06804,0,1,-0.120,-0.088,running
49.571,1,1072,0.03410,0.06006,0.0013,0.0093,-0.01226,0.03251,0.06840,0,1,-0.142,-0.040,running
49.616,1,1073,0.03416,0.06009,0.0013,0.0006,-0.01260,0.03022,0.06846,0,1,-0.143,-0.105,running
49.662,1,1074,0.03402,0.05953,-0.0031,-0.0121,-0.01123,0.03192,0.06793,0,1,-0.145,-0.083,running
49.703,1,1075,0.03393,0.05982,-0.0023,0.0070,-0.01013,0.03217,0.06810,0,1,-0.133,-0.045,running
49.749,1,1076,0.03420,0.05967,0.0059,-0.0033,-0.01237,0.02843,0.06815,0,1,-0.137,-0.104,running
49.791,1,1077,0.03414,0.05968,-0.0013,0.0003,-0.01194,0.02864,0.06813,0,1,-0.164,-0.076,running
49.879,1,1078,0.03407,0.05974,-0.0009,0.0007,-0.01094,0.03035,0.06813,0,1,-0.147,-0.091,running
49.924,1,1079,0.03412,0.05969,0.0012,-0.0011,-0.01073,0.02728,0.06812,0,1,-0.149,-0.095,running
49.967,1,1080,0.03405,0.05962,-0.0017,-0.0018,-0.01121,0.02763,0.06802,0,1,-0.157,-0.092,running
50.012,1,1081,0.03413,0.05996,0.0017,0.0075,-0.01023,0.02755,0.06833,0,1,-0.150,-0.092,running
50.056,1,1082,0.03407,0.05966,-0.0012,-0.0069,-0.00976,0.02725,0.06806,0,1,-0.163,-0.123,running
50.100,1,1083,0.03413,0.05996,0.0012,0.0069,-0.00942,0.02779,0.06833,0,1,-0.155,-0.082,running
50.144,1,1084,0.03412,0.05977,-0.0000,-0.0042,-0.00980,0.02699,0.06819,0,1,-0.165,-0.126,running
50.188,1,1085,0.03421,0.05955,0.0018,-0.0052,-0.00989,0.02664,0.06806,0,1,-0.163,-0.095,running
50.233,1,1086,0.03414,0.05946,-0.0015,-0.0019,-0.00836,0.02950,0.06795,0,1,-0.170,-0.094,running
50.276,1,1087,0.03412,0.05962,-0.0005,0.0036,-0.00814,0.02838,0.06806,0,1,-0.162,-0.105,running
50.319,1,1088,0.03398,0.05965,-0.0031,0.0008,-0.00983,0.02936,0.06800,0,1,-0.167,-0.124,running
50.363,1,1089,0.03396,0.05971,-0.0004,0.0012,-0.00869,0.02875,0.06803,0,1,-0.161,-0.118,running
50.408,1,1090,0.03413,0.05995,0.0037,0.0054,-0.00861,0.02836,0.06833,0,1,-0.170,-0.122,running
50.451,1,1091,0.03413,0.05980,-0.0001,-0.0035,-0.00882,0.02820,0.06821,0,1,-0.185,-0.138,running
50.497,1,1092,0.03412,0.05970,-0.0001,-0.0021,-0.00844,0.02637,0.06813,0,1,-0.176,-0.114,running
50.541,1,1093,0.03398,0.05969,-0.0032,-0.0002,-0.00698,0.02937,0.06803,0,1,-0.178,-0.120,running
50.584,1,1094,0.03394,0.05955,-0.0009,-0.0033,-0.00672,0.02986,0.06790,0,1,-0.170,-0.128,running
50.628,1,1095,0.03397,0.05975,0.0006,0.0045,-0.00720,0.02736,0.06807,0,1,-0.178,-0.120,running
50.671,1,1096,0.03404,0.05982,0.0015,0.0016,-0.00691,0.02912,0.06817,0,1,-0.184,-0.146,running
50.715,1,1097,0.03402,0.05995,-0.0005,0.0029,-0.00549,0.02898,0.06826,0,1,-0.189,-0.141,running
50.759,1,1098,0.03401,0.05949,-0.0000,-0.0104,-0.00660,0.02835,0.06790,0,1,-0.185,-0.147,running
50.804,1,1099,0.03405,0.05979,0.0007,0.0065,-0.00558,0.02911,0.06815,0,1,-0.188,-0.109,running
50.847,1,1100,0.03398,0.05963,-0.0015,-0.0038,-0.00591,0.02894,0.06799,0,1,-0.192,-0.162,running
50.892,1,1101,0.03400,0.05986,0.0003,0.0050,-0.00605,0.02813,0.06817,0,1,-0.187,-0.133,running
50.936,1,1102,0.03406,0.05998,0.0015,0.0029,-0.00446,0.02849,0.06831,0,1,-0.195,-0.162,running
50.981,1,1103,0.03400,0.05997,-0.0014,-0.0004,-0.00504,0.02840,0.06826,0,1,-0.201,-0.159,running
51.024,1,1104,0.03419,0.05947,0.0044,-0.0116,-0.00414,0.02870,0.06798,0,1,-0.194,-0.152,running
51.069,1,1105,0.03405,0.05997,-0.0030,0.0111,-0.00433,0.02893,0.06829,0,1,-0.212,-0.119,running
51.113,1,1106,0.03402,0.05963,-0.0007,-0.0077,-0.00584,0.02923,0.06800,0,1,-0.193,-0.190,running
51.155,1,1107,0.03405,0.05959,0.0008,-0.0008,-0.00701,0.02810,0.06800,0,1,-0.201,-0.136,running
51.200,1,1108,0.03401,0.06008,-0.0009,0.0109,-0.00387,0.02983,0.06836,0,1,-0.207,-0.158,running
51.243,1,1109,0.03398,0.05969,-0.0007,-0.0091,-0.00574,0.02809,0.06803,0,1,-0.205,-0.197,running
51.287,1,1110,0.03397,0.05950,-0.0003,-0.0045,-0.00387,0.02801,0.06787,0,1,-0.206,-0.140,running
51.333,1,1111,0.03395,0.05965,-0.0004,0.0033,-0.00240,0.02618,0.06798,0,1,-0.209,-0.154,running
51.375,1,1112,0.03398,0.06014,0.0007,0.0116,-0.00476,0.02512,0.06839,0,1,-0.211,-0.180,running
51.421,1,1113,0.03400,0.05955,0.0004,-0.0128,-0.00320,0.02586,0.06793,0,1,-0.216,-0.209,running
51.463,1,1114,0.03385,0.05999,-0.0034,0.0101,-0.00279,0.02649,0.06819,0,1,-0.217,-0.138,running
51.508,1,1115,0.03407,0.05963,0.0049,-0.0079,-0.00158,0.02503,0.06804,0,1,-0.208,-0.208,running
51.552,1,1116,0.03400,0.05961,-0.0017,-0.0004,-0.00394,0.02507,0.06798,0,1,-0.234,-0.157,running
51.597,1,1117,0.03388,0.05973,-0.0026,0.0027,-0.00199,0.02414,0.06801,0,1,-0.216,-0.181,running
51.640,1,1118,0.03388,0.05967,-0.0002,-0.0015,-0.00105,0.02388,0.06795,0,1,-0.215,-0.193,running
51.685,1,1119,0.03402,0.05964,0.0033,-0.0006,-0.00175,0.02188,0.06802,0,1,-0.224,-0.182,running
51.729,1,1120,0.03396,0.05993,-0.0014,0.0065,-0.00194,0.02294,0.06821,0,1,-0.236,-0.187,running
51.775,1,1121,0.03393,0.05945,-0.0007,-0.0106,-0.00237,0.02185,0.06781,0,1,-0.225,-0.212,running
51.816,1,1122,0.03393,0.05981,-0.0001,0.0088,-0.00255,0.02204,0.06810,0,1,-0.228,-0.162,running
51.906,1,1123,0.03403,0.05978,0.0012,-0.0004,-0.00238,0.02179,0.06813,0,1,-0.234,-0.225,running
51.952,1,1124,0.03396,0.05961,-0.0015,-0.0037,-0.00283,0.02179,0.06796,0,1,-0.240,-0.201,running
51.992,1,1125,0.03388,0.05957,-0.0022,-0.0009,-0.00156,0.02283,0.06787,0,1,-0.233,-0.193,running
52.038,1,1126,0.03394,0.05953,0.0014,-0.0009,-0.00111,0.02232,0.06788,0,1,-0.232,-0.202,running
52.081,1,1127,0.03393,0.05956,-0.0003,0.0007,-0.00046,0.02336,0.06790,0,1,-0.245,-0.205,running
52.127,1,1128,0.03392,0.05943,-0.0001,-0.0028,-0.00108,0.02304,0.06779,0,1,-0.242,-0.212,running
52.167,1,1129,0.03377,0.05954,-0.0038,0.0026,-0.00122,0.02313,0.06778,0,1,-0.244,-0.204,running
52.212,1,1130,0.03358,0.05894,-0.0042,-0.0132,-0.00082,0.02231,0.06720,0,1,-0.234,-0.221,running
52.257,1,1131,0.03333,0.05826,-0.0058,-0.0153,-0.00088,0.02319,0.06650,0,1,-0.233,-0.174,running
52.301,1,1132,0.03295,0.05756,-0.0084,-0.0158,-0.00119,0.02168,0.06572,0,1,-0.228,-0.166,running
52.344,1,1133,0.03285,0.05645,-0.0024,-0.0258,-0.00182,0.02159,0.06479,0,1,-0.219,-0.161,running
52.387,1,1134,0.03258,0.05538,-0.0063,-0.0252,-0.00255,0.02204,0.06379,0,1,-0.236,-0.126,running
52.433,1,1135,0.03258,0.05444,0.0000,-0.0203,-0.00188,0.02096,0.06306,0,1,-0.222,-0.122,running
52.475,1,1136,0.03257,0.05352,-0.0004,-0.0215,-0.00660,0.02244,0.06235,0,1,-0.242,-0.134,running
52.520,1,1137,0.03265,0.05235,0.0019,-0.0260,-0.01144,0.02152,0.06152,0,1,-0.241,-0.126,running
52.564,1,1138,0.03206,0.05119,-0.0136,-0.0269,-0.00992,0.02149,0.06026,0,1,-0.249,-0.107,running
52.608,1,1139,0.03143,0.05022,-0.0143,-0.0218,-0.01202,0.02114,0.05911,0,1,-0.197,-0.098,running
52.652,1,1140,0.03051,0.04930,-0.0208,-0.0212,-0.01169,0.02180,0.05781,0,1,-0.191,-0.110,running
52.697,1,1141,0.02977,0.04829,-0.0165,-0.0224,-0.01358,0.02336,0.05657,0,1,-0.165,-0.107,running
52.739,1,1142,0.02877,0.04724,-0.0237,-0.0249,-0.01315,0.02309,0.05512,0,1,-0.175,-0.097,running
52.785,1,1143,0.02776,0.04638,-0.0222,-0.0189,-0.01236,0.02470,0.05380,0,1,-0.145,-0.083,running
52.828,1,1144,0.02660,0.04528,-0.0268,-0.0252,-0.01194,0.02623,0.05221,0,1,-0.145,-0.098,running
52.872,1,1145,0.02540,0.04414,-0.0273,-0.0259,-0.01323,0.02602,0.05056,0,1,-0.123,-0.070,running
52.915,1,1146,0.02355,0.04299,-0.0424,-0.0265,-0.01266,0.03006,0.04849,0,1,-0.114,-0.061,running
52.960,1,1147,0.02176,0.04166,-0.0399,-0.0296,-0.01217,0.03577,0.04632,0,1,-0.049,-0.051,running
53.003,1,1148,0.02000,0.04053,-0.0407,-0.0263,-0.01113,0.03820,0.04433,1,1,-0.047,-0.031,in_circle
53.049,1,1149,0.01818,0.03899,-0.0400,-0.0338,-0.01252,0.04210,0.04199,1,1,-0.035,-0.036,in_circle
53.092,1,1150,0.01592,0.03759,-0.0529,-0.0327,-0.01671,0.04447,0.03950,1,1,-0.027,0.002,in_circle
53.137,1,1151,0.01405,0.03570,-0.0415,-0.0421,-0.01835,0.04529,0.03687,1,1,0.035,0.006,in_circle
53.179,1,1152,0.01278,0.03473,-0.0298,-0.0227,-0.02091,0.04620,0.03534,1,1,-0.007,0.047,in_circle
53.224,1,1153,0.01187,0.03345,-0.0205,-0.0287,-0.02343,0.04765,0.03377,1,1,-0.051,-0.029,in_circle
53.268,1,1154,0.01075,0.03246,-0.0254,-0.0224,-0.02500,0.05091,0.03231,1,1,-0.087,-0.003,in_circle
53.312,1,1155,0.01061,0.03129,-0.0032,-0.0266,-0.02363,0.05035,0.03128,1,1,-0.066,-0.027,in_circle
53.356,1,1156,0.01041,0.02997,-0.0046,-0.0297,-0.02549,0.04862,0.03010,1,1,-0.155,-0.008,in_circle
53.399,1,1157,0.01044,0.02887,0.0006,-0.0259,-0.02252,0.04802,0.02925,1,1,-0.150,0.006,in_circle
53.445,1,1158,0.01057,0.02814,0.0028,-0.0158,-0.02294,0.04486,0.02877,1,1,-0.171,-0.007,in_circle
53.487,1,1159,0.01119,0.02797,0.0149,-0.0042,-0.02145,0.03874,0.02904,1,1,-0.181,-0.047,in_circle
53.533,1,1160,0.01162,0.02728,0.0094,-0.0152,-0.02048,0.03322,0.02881,1,1,-0.232,-0.094,in_circle
53.575,1,1161,0.01222,0.02772,0.0142,0.0103,-0.01827,0.02624,0.02954,1,1,-0.212,-0.049,in_circle
53.620,1,1162,0.01291,0.02751,0.0153,-0.0046,-0.00908,0.02073,0.02986,1,1,-0.233,-0.153,in_circle
53.665,1,1163,0.01232,0.02718,-0.0129,-0.0073,-0.01015,0.01831,0.02922,1,1,-0.241,-0.094,in_circle
53.707,1,1164,0.01216,0.02723,-0.0039,0.0013,-0.00270,0.01589,0.02914,1,1,-0.127,-0.083,in_circle
53.752,1,1165,0.01135,0.02683,-0.0182,-0.0091,-0.00276,0.01566,0.02829,1,1,-0.164,-0.119,in_circle
53.796,1,1166,0.01066,0.02667,-0.0155,-0.0036,-0.00297,0.01760,0.02772,1,1,-0.105,-0.077,in_circle
53.843,1,1167,0.00924,0.02613,-0.0301,-0.0115,-0.00320,0.01839,0.02637,1,1,-0.115,-0.100,in_circle
53.930,1,1168,0.00652,0.02500,-0.0315,-0.0131,-0.00519,0.02407,0.02379,1,1,-0.055,-0.068,in_circle
53.971,1,1169,0.00442,0.02441,-0.0502,-0.0142,-0.00649,0.02731,0.02209,1,1,-0.043,-0.060,in_circle
54.016,1,1170,0.00302,0.02399,-0.0311,-0.0093,-0.00955,0.02820,0.02099,1,1,0.037,-0.055,in_circle
54.059,1,1171,0.00089,0.02367,-0.0495,-0.0074,-0.01171,0.03639,0.01969,1,1,-0.037,-0.074,in_circle
54.103,1,1172,-0.00046,0.02313,-0.0309,-0.0124,-0.01496,0.04593,0.01863,1,1,0.042,-0.082,in_circle
54.146,1,1173,-0.00218,0.02282,-0.0397,-0.0072,-0.01516,0.05360,0.01773,1,1,-0.029,-0.061,in_circle
54.193,1,1174,-0.00352,0.02248,-0.0291,-0.0074,-0.01267,0.05906,0.01702,1,1,0.010,-0.082,in_circle
54.235,1,1175,-0.00458,0.02239,-0.0248,-0.0020,-0.01382,0.05852,0.01670,1,1,-0.029,-0.081,in_circle
54.280,1,1176,-0.00455,0.02232,0.0007,-0.0015,-0.01525,0.05870,0.01664,1,1,-0.044,-0.103,in_circle
54.323,1,1177,-0.00498,0.02245,-0.0099,0.0030,-0.01549,0.05680,0.01669,1,1,-0.146,-0.106,in_circle
54.369,1,1178,-0.00447,0.02288,0.0112,0.0094,-0.01389,0.05252,0.01720,1,1,-0.103,-0.125,in_circle
54.412,1,1179,-0.00441,0.02327,0.0015,0.0091,-0.01428,0.04917,0.01760,1,1,-0.189,-0.152,in_circle
54.456,1,1180,-0.00383,0.02341,0.0133,0.0030,-0.00925,0.04055,0.01785,1,1,-0.150,-0.153,in_circle
54.499,1,1181,-0.00401,0.02379,-0.0042,0.0089,-0.00601,0.03097,0.01819,1,1,-0.199,-0.130,in_circle
54.545,1,1182,-0.00384,0.02395,0.0035,0.0034,-0.00211,0.02522,0.01838,1,1,-0.129,-0.155,in_circle
54.588,1,1183,-0.00392,0.02440,-0.0017,0.0104,-0.00431,0.02153,0.01881,1,1,-0.160,-0.134,in_circle
54.632,1,1184,-0.00415,0.02465,-0.0054,0.0058,-0.00453,0.01872,0.01901,1,1,-0.140,-0.164,in_circle
54.676,1,1185,-0.00480,0.02494,-0.0148,0.0064,-0.00409,0.01847,0.01917,1,1,-0.124,-0.147,in_circle
54.719,1,1186,-0.00525,0.02453,-0.0103,-0.0094,-0.00390,0.01774,0.01871,1,1,-0.085,-0.151,in_circle
54.764,1,1187,-0.00598,0.02481,-0.0164,0.0062,-0.00459,0.02071,0.01890,1,1,-0.102,-0.087,in_circle
54.807,1,1188,-0.00611,0.02468,-0.0031,-0.0031,-0.00306,0.02154,0.01876,1,1,-0.076,-0.151,in_circle
54.852,1,1189,-0.00790,0.02412,-0.0391,-0.0122,-0.00647,0.02568,0.01812,1,1,-0.129,-0.115,in_circle
54.895,1,1190,-0.00802,0.02351,-0.0029,-0.0143,-0.00502,0.02895,0.01751,1,1,0.019,-0.078,in_circle
54.940,1,1191,-0.00995,0.02385,-0.0430,0.0075,-0.00774,0.03163,0.01798,1,1,-0.125,-0.068,in_circle
54.983,1,1192,-0.01078,0.02357,-0.0192,-0.0064,-0.00924,0.03664,0.01782,1,1,0.040,-0.158,in_circle
55.028,1,1193,-0.01179,0.02320,-0.0226,-0.0083,-0.01049,0.04040,0.01766,1,1,-0.053,-0.102,in_circle
55.071,1,1194,-0.01300,0.02288,-0.0282,-0.0074,-0.01045,0.04901,0.01766,1,1,-0.036,-0.094,in_circle
55.116,1,1195,-0.01413,0.02287,-0.0251,-0.0002,-0.01329,0.05315,0.01802,1,1,-0.011,-0.098,in_circle
55.159,1,1196,-0.01422,0.02302,-0.0021,0.0034,-0.01219,0.05217,0.01819,1,1,-0.020,-0.127,in_circle
55.204,1,1197,-0.01368,0.02304,0.0121,0.0004,-0.01346,0.05243,0.01802,1,1,-0.112,-0.143,in_circle
55.247,1,1198,-0.01378,0.02342,-0.0024,0.0090,-0.01249,0.05064,0.01842,1,1,-0.169,-0.132,in_circle
55.293,1,1199,-0.01352,0.02375,0.0056,0.0072,-0.01135,0.05111,0.01865,1,1,-0.111,-0.168,in_circle
55.337,1,1200,-0.01285,0.02384,0.0152,0.0020,-0.00840,0.04550,0.01854,1,1,-0.143,-0.162,in_circle
55.381,1,1201,-0.01195,0.02403,0.0203,0.0043,-0.00530,0.03969,0.01850,1,1,-0.183,-0.142,in_circle
55.424,1,1202,-0.01195,0.02433,0.0001,0.0069,-0.00382,0.03770,0.01879,1,1,-0.206,-0.153,in_circle
55.470,1,1203,-0.01124,0.02475,0.0156,0.0094,-0.00324,0.03090,0.01907,1,1,-0.125,-0.164,in_circle
55.512,1,1204,-0.01121,0.02401,0.0005,-0.0176,-0.00099,0.02669,0.01833,1,1,-0.188,-0.176,in_circle
55.557,1,1205,-0.01177,0.02382,-0.0121,-0.0042,-0.00197,0.02194,0.01825,1,1,-0.128,-0.067,in_circle
55.600,1,1206,-0.01219,0.02407,-0.0099,0.0058,-0.00344,0.02112,0.01859,1,1,-0.076,-0.121,in_circle
55.643,1,1207,-0.01313,0.02345,-0.0220,-0.0143,-0.00591,0.01971,0.01825,1,1,-0.083,-0.163,in_circle
55.688,1,1208,-0.01409,0.02293,-0.0212,-0.0117,-0.00513,0.02128,0.01806,1,1,-0.032,-0.082,in_circle
55.731,1,1209,-0.01477,0.02303,-0.0159,0.0025,-0.00534,0.02344,0.01841,1,1,-0.033,-0.092,in_circle
55.777,1,1210,-0.01615,0.02257,-0.0303,-0.0101,-0.00927,0.02792,0.01856,1,1,-0.052,-0.149,in_circle
55.819,1,1211,-0.01715,0.02239,-0.0233,-0.0043,-0.00737,0.03650,0.01887,1,1,0.009,-0.099,in_circle
55.864,1,1212,-0.01781,0.02169,-0.0148,-0.0157,-0.01016,0.04135,0.01861,1,1,-0.016,-0.122,in_circle
55.952,1,1213,-0.01877,0.02236,-0.0109,0.0076,-0.01050,0.04685,0.01970,1,1,-0.047,-0.076,in_circle
55.995,1,1214,-0.01935,0.02221,-0.0134,-0.0035,-0.01184,0.04821,0.01990,1,1,-0.060,-0.172,in_circle
56.040,1,1215,-0.01922,0.02243,0.0028,0.0048,-0.01208,0.04763,0.02001,1,1,-0.048,-0.128,in_circle
56.085,1,1216,-0.01942,0.02206,-0.0045,-0.0083,-0.00868,0.04806,0.01982,1,1,-0.113,-0.162,in_circle
56.128,1,1217,-0.01914,0.02198,0.0065,-0.0019,-0.00912,0.04760,0.01959,1,1,-0.082,-0.109,in_circle
56.173,1,1218,-0.01879,0.02253,0.0077,0.0123,-0.00698,0.04621,0.01985,1,1,-0.127,-0.135,in_circle
56.215,1,1219,-0.01878,0.02210,0.0004,-0.0099,-0.00808,0.04546,0.01949,1,1,-0.132,-0.194,in_circle
56.260,1,1220,-0.01775,0.02199,0.0230,-0.0026,-0.00772,0.04182,0.01883,1,1,-0.102,-0.105,in_circle
56.303,1,1221,-0.01829,0.02171,-0.0125,-0.0064,-0.00546,0.03851,0.01889,1,1,-0.195,-0.135,in_circle
56.348,1,1222,-0.01785,0.02182,0.0098,0.0024,-0.00722,0.03405,0.01874,1,1,-0.051,-0.120,in_circle
56.392,1,1223,-0.01747,0.02159,0.0088,-0.0052,-0.00576,0.03156,0.01834,1,1,-0.141,-0.156,in_circle
56.437,1,1224,-0.01730,0.02167,0.0038,0.0018,-0.00493,0.03045,0.01832,1,1,-0.137,-0.125,in_circle
56.480,1,1225,-0.01732,0.02137,-0.0006,-0.0070,-0.00459,0.03028,0.01808,1,1,-0.117,-0.154,in_circle
56.525,1,1226,-0.01707,0.02166,0.0055,0.0064,-0.00399,0.03001,0.01820,1,1,-0.099,-0.119,in_circle
56.569,1,1227,-0.01740,0.02205,-0.0074,0.0088,-0.00503,0.02971,0.01870,1,1,-0.124,-0.174,in_circle
56.613,1,1228,-0.01712,0.02175,0.0065,-0.0069,-0.00491,0.02848,0.01830,1,1,-0.071,-0.185,in_circle
56.655,1,1229,-0.01738,0.02173,-0.0062,-0.0003,-0.00385,0.02947,0.01842,1,1,-0.127,-0.122,in_circle
56.699,1,1230,-0.01753,0.02155,-0.0033,-0.0042,-0.00499,0.03093,0.01834,1,1,-0.075,-0.150,in_circle
56.744,1,1231,-0.01687,0.02218,0.0147,0.0140,-0.00609,0.03004,0.01854,1,1,-0.086,-0.134,in_circle
56.787,1,1232,-0.01748,0.02198,-0.0141,-0.0046,-0.00594,0.03118,0.01868,1,1,-0.159,-0.209,in_circle
56.833,1,1233,-0.01714,0.02178,0.0074,-0.0042,-0.00613,0.02965,0.01834,1,1,-0.042,-0.135,in_circle
56.875,1,1234,-0.01717,0.02196,-0.0007,0.0042,-0.00454,0.03015,0.01851,1,1,-0.128,-0.137,in_circle
56.920,1,1235,-0.01745,0.02184,-0.0062,-0.0028,-0.00711,0.03377,0.01854,1,1,-0.095,-0.171,in_circle
56.964,1,1236,-0.01727,0.02151,0.0039,-0.0073,-0.00791,0.03430,0.01817,1,1,-0.072,-0.144,in_circle
57.008,1,1237,-0.01734,0.02205,-0.0015,0.0124,-0.00664,0.03350,0.01867,1,1,-0.113,-0.126,in_circle
57.052,1,1238,-0.01687,0.02124,0.0105,-0.0181,-0.00680,0.03749,0.01774,1,1,-0.091,-0.207,in_circle
57.096,1,1239,-0.01736,0.02167,-0.0110,0.0097,-0.00577,0.03800,0.01836,1,1,-0.139,-0.083,in_circle
57.140,1,1240,-0.01770,0.02166,-0.0078,-0.0004,-0.00554,0.03953,0.01852,1,1,-0.052,-0.196,in_circle
57.185,1,1241,-0.01761,0.02228,0.0021,0.0138,-0.00683,0.03774,0.01900,1,1,-0.063,-0.157,in_circle
57.227,1,1242,-0.01753,0.02175,0.0017,-0.0125,-0.00448,0.03777,0.01852,1,1,-0.102,-0.216,in_circle
57.272,1,1243,-0.01729,0.02147,0.0055,-0.0064,-0.00612,0.03958,0.01815,1,1,-0.101,-0.110,in_circle
57.316,1,1244,-0.01756,0.02185,-0.0063,0.0087,-0.00378,0.03800,0.01861,1,1,-0.116,-0.134,in_circle
57.360,1,1245,-0.01724,0.02162,0.0072,-0.0051,-0.00694,0.04018,0.01825,1,1,-0.068,-0.196,in_circle
57.404,1,1246,-0.01725,0.02156,-0.0001,-0.0014,-0.00585,0.03842,0.01820,1,1,-0.122,-0.141,in_circle
57.448,1,1247,-0.01749,0.02155,-0.0057,-0.0001,-0.00356,0.03897,0.01832,1,1,-0.093,-0.157,in_circle
57.494,1,1248,-0.01711,0.02164,0.0083,0.0020,-0.00600,0.03746,0.01820,1,1,-0.069,-0.162,in_circle
57.536,1,1249,-0.01727,0.02197,-0.0037,0.0078,-0.00285,0.03806,0.01857,1,1,-0.126,-0.172,in_circle
57.580,1,1250,-0.01700,0.02220,0.0060,0.0052,-0.00377,0.03805,0.01863,1,1,-0.077,-0.196,in_circle
57.623,1,1251,-0.01727,0.02162,-0.0063,-0.0136,-0.00375,0.03857,0.01826,1,1,-0.116,-0.187,in_circle
57.669,1,1252,-0.01734,0.02256,-0.0015,0.0209,-0.00408,0.03700,0.01912,1,1,-0.066,-0.111,in_circle
57.712,1,1253,-0.01753,0.02133,-0.0043,-0.0283,-0.00597,0.03687,0.01816,1,1,-0.084,-0.252,in_circle
57.756,1,1254,-0.01743,0.02148,0.0022,0.0034,-0.00568,0.03821,0.01823,1,1,-0.072,-0.053,in_circle
57.800,1,1255,-0.01735,0.02162,0.0018,0.0033,0.00067,0.03662,0.01831,1,1,-0.098,-0.181,in_circle
57.843,1,1256,-0.01722,0.02220,0.0031,0.0132,-0.00795,0.03673,0.01874,1,1,-0.096,-0.182,in_circle
57.888,1,1257,-0.01769,0.02184,-0.0105,-0.0081,-0.00621,0.03741,0.01867,1,1,-0.101,-0.224,in_circle
58.021,1,1258,-0.01712,0.02196,0.0043,0.0009,-0.00101,0.03592,0.01848,1,1,-0.045,-0.139,in_circle
58.064,1,1259,-0.01707,0.02230,0.0012,0.0077,-0.00320,0.03739,0.01875,1,1,-0.105,-0.177,in_circle
58.108,1,1260,-0.01657,0.02217,0.0114,-0.0028,-0.00228,0.03804,0.01839,1,1,-0.092,-0.205,in_circle
58.152,1,1261,-0.01634,0.02200,0.0052,-0.0039,-0.00346,0.03639,0.01813,1,1,-0.133,-0.164,in_circle
58.197,1,1262,-0.01662,0.02187,-0.0063,-0.0028,-0.00237,0.03584,0.01816,1,1,-0.109,-0.160,in_circle
58.239,1,1263,-0.01609,0.02228,0.0124,0.0096,-0.00337,0.03577,0.01827,1,1,-0.062,-0.164,in_circle
58.285,1,1264,-0.01593,0.02184,0.0036,-0.0097,-0.00264,0.03283,0.01780,1,1,-0.138,-0.216,in_circle
58.328,1,1265,-0.01607,0.02157,-0.0032,-0.0063,-0.00383,0.03475,0.01763,1,1,-0.102,-0.138,in_circle
58.373,1,1266,-0.01625,0.02139,-0.0041,-0.0040,-0.00255,0.03278,0.01756,1,1,-0.074,-0.152,in_circle
58.415,1,1267,-0.01642,0.02207,-0.0040,0.0162,-0.00558,0.03074,0.01823,1,1,-0.070,-0.161,in_circle
58.460,1,1268,-0.01620,0.02154,0.0049,-0.0117,-0.00456,0.03067,0.01766,1,1,-0.070,-0.244,in_circle
58.503,1,1269,-0.01609,0.02150,0.0027,-0.0009,-0.00435,0.03263,0.01757,1,1,-0.105,-0.132,in_circle
58.548,1,1270,-0.01626,0.02173,-0.0038,0.0052,-0.00088,0.03489,0.01786,1,1,-0.097,-0.176,in_circle
58.591,1,1271,-0.01614,0.02210,0.0029,0.0086,-0.00566,0.03217,0.01813,1,1,-0.070,-0.202,in_circle
58.636,1,1272,-0.01644,0.02200,-0.0067,-0.0022,-0.00294,0.03195,0.01818,1,1,-0.097,-0.216,in_circle
58.681,1,1273,-0.01634,0.02152,0.0022,-0.0106,-0.00426,0.03274,0.01772,1,1,-0.057,-0.174,in_circle
58.725,1,1274,-0.01595,0.02197,0.0089,0.0104,-0.00286,0.03330,0.01793,1,1,-0.092,-0.140,in_circle
58.770,1,1275,-0.01576,0.02199,0.0043,0.0004,-0.00356,0.03536,0.01786,1,1,-0.120,-0.226,in_circle
58.812,1,1276,-0.01572,0.02170,0.0009,-0.0069,-0.00405,0.03757,0.01758,1,1,-0.102,-0.186,in_circle
58.857,1,1277,-0.01606,0.02177,-0.0075,0.0017,-0.00220,0.03622,0.01780,1,1,-0.088,-0.157,in_circle
58.899,1,1278,-0.01602,0.02149,0.0010,-0.0068,-0.00304,0.03708,0.01754,1,1,-0.053,-0.192,in_circle
58.945,1,1279,-0.01601,0.02152,0.0004,0.0006,-0.00278,0.03651,0.01755,1,1,-0.087,-0.159,in_circle
58.988,1,1280,-0.01576,0.02230,0.0058,0.0184,-0.00394,0.03670,0.01814,1,1,-0.084,-0.189,in_circle
59.032,1,1281,-0.01628,0.02184,-0.0117,-0.0104,-0.00283,0.04268,0.01796,1,1,-0.106,-0.263,in_circle
59.076,1,1282,-0.01604,0.02171,0.0055,-0.0028,-0.00366,0.03948,0.01774,1,1,-0.034,-0.147,in_circle
59.120,1,1283,-0.01626,0.02171,-0.0051,-0.0002,0.00175,0.03994,0.01784,1,1,-0.103,-0.178,in_circle
59.164,1,1284,-0.01581,0.02229,0.0101,0.0131,-0.00273,0.04122,0.01815,1,1,-0.060,-0.189,in_circle
59.207,1,1285,-0.01568,0.02142,0.0032,-0.0201,-0.00230,0.04061,0.01732,1,1,-0.121,-0.244,in_circle
59.252,1,1286,-0.01618,0.02167,-0.0112,0.0056,-0.00215,0.03922,0.01777,1,1,-0.094,-0.110,in_circle
59.297,1,1287,-0.01623,0.02165,-0.0011,-0.0004,-0.00100,0.04022,0.01778,1,1,-0.035,-0.214,in_circle
59.340,1,1288,-0.01612,0.02173,0.0025,0.0018,-0.00523,0.04072,0.01780,1,1,-0.074,-0.191,in_circle
59.384,1,1289,-0.01592,0.02162,0.0046,-0.0026,-0.00226,0.04055,0.01760,1,1,-0.089,-0.200,in_circle
59.429,1,1290,-0.01564,0.02170,0.0061,0.0018,-0.00362,0.03764,0.01755,1,1,-0.097,-0.183,in_circle
59.473,1,1291,-0.01618,0.02191,-0.0123,0.0048,-0.00224,0.03919,0.01798,1,1,-0.104,-0.202,in_circle
59.517,1,1292,-0.01585,0.02168,0.0076,-0.0050,-0.00281,0.03922,0.01763,1,1,-0.029,-0.215,in_circle
59.562,1,1293,-0.01579,0.02180,0.0012,0.0026,-0.00211,0.03698,0.01771,1,1,-0.109,-0.176,in_circle
59.604,1,1294,-0.01609,0.02193,-0.0069,0.0030,-0.00254,0.03705,0.01795,1,1,-0.083,-0.207,in_circle
59.648,1,1295,-0.01588,0.02180,0.0046,-0.0029,-0.00245,0.03640,0.01775,1,1,-0.049,-0.210,in_circle
59.691,1,1296,-0.01573,0.02164,0.0036,-0.0039,-0.00158,0.03672,0.01753,1,1,-0.095,-0.187,in_circle
59.736,1,1297,-0.01621,0.02227,-0.0106,0.0140,-0.00166,0.03606,0.01831,1,1,-0.091,-0.183,in_circle
59.779,1,1298,-0.01556,0.02185,0.0150,-0.0098,-0.00101,0.03592,0.01765,1,1,-0.033,-0.257,in_circle
59.824,1,1299,-0.01586,0.02266,-0.0067,0.0181,-0.00173,0.03700,0.01851,1,1,-0.137,-0.161,in_circle
59.867,1,1300,-0.01586,0.02198,0.0000,-0.0159,0.00103,0.03856,0.01790,1,1,-0.049,-0.276,in_circle
59.912,1,1301,-0.01597,0.02192,-0.0023,-0.0013,-0.00127,0.03669,0.01789,1,1,-0.075,-0.138,in_circle
60.002,1,1302,-0.01635,0.02158,-0.0043,-0.0038,-0.00032,0.03515,0.01777,1,1,-0.065,-0.198,in_circle
60.044,1,1303,-0.01597,0.02158,0.0091,0.0001,-0.00227,0.03556,0.01759,1,1,-0.056,-0.188,in_circle
60.089,1,1304,-0.01631,0.02195,-0.0077,0.0082,0.00024,0.03650,0.01807,1,1,-0.110,-0.204,in_circle
60.131,1,1305,-0.01604,0.02205,0.0062,0.0025,-0.00103,0.03579,0.01804,1,1,-0.041,-0.238,in_circle
60.176,1,1306,-0.01591,0.02159,0.0031,-0.0102,-0.00110,0.03588,0.01757,1,1,-0.097,-0.216,in_circle
60.220,1,1307,-0.01610,0.02170,-0.0044,0.0026,0.00073,0.03633,0.01776,1,1,-0.085,-0.165,in_circle
60.263,1,1308,-0.01618,0.02145,-0.0018,-0.0059,-0.00007,0.03696,0.01757,1,1,-0.054,-0.217,in_circle
60.308,1,1309,-0.01615,0.02173,0.0007,0.0062,-0.00003,0.03609,0.01780,1,1,-0.064,-0.184,in_circle
60.352,1,1310,-0.01608,0.02179,0.0015,0.0015,0.00060,0.03753,0.01783,1,1,-0.074,-0.233,in_circle
60.395,1,1311,-0.01605,0.02168,0.0006,-0.0027,0.00115,0.03624,0.01772,1,1,-0.077,-0.215,in_circle
60.440,1,1312,-0.01612,0.02151,-0.0015,-0.0038,0.00006,0.03907,0.01760,1,1,-0.073,-0.199,in_circle
60.484,1,1313,-0.01602,0.02190,0.0021,0.0088,0.00052,0.03646,0.01790,1,1,-0.064,-0.195,in_circle
60.529,1,1314,-0.01641,0.02177,-0.0086,-0.0029,-0.00174,0.03685,0.01797,1,1,-0.078,-0.247,in_circle
60.572,1,1315,-0.01580,0.02156,0.0143,-0.0050,0.00102,0.03763,0.01750,1,1,-0.034,-0.201,in_circle
60.617,1,1316,-0.01628,0.02156,-0.0106,-0.0001,-0.00015,0.03690,0.01772,1,1,-0.127,-0.192,in_circle
60.659,1,1317,-0.01619,0.02172,0.0022,0.0039,0.00006,0.03871,0.01782,1,1,-0.026,-0.213,in_circle
60.707,1,1318,-0.01576,0.02200,0.0090,0.0059,-0.00020,0.03712,0.01787,1,1,-0.077,-0.230,in_circle
60.749,1,1319,-0.01643,0.02160,-0.0158,-0.0095,-0.00070,0.03998,0.01783,1,1,-0.104,-0.239,in_circle
60.792,1,1320,-0.01593,0.02147,0.0113,-0.0029,-0.00003,0.04070,0.01748,1,1,-0.003,-0.177,in_circle
60.836,1,1321,-0.01618,0.02172,-0.0057,0.0056,-0.00100,0.04121,0.01781,1,1,-0.113,-0.204,in_circle
60.879,1,1322,-0.01616,0.02173,0.0005,0.0004,-0.00083,0.04286,0.01782,1,1,-0.043,-0.239,in_circle
60.925,1,1323,-0.01596,0.02181,0.0045,0.0016,-0.00166,0.04011,0.01779,1,1,-0.068,-0.219,in_circle
60.969,1,1324,-0.01584,0.02164,0.0027,-0.0039,0.00024,0.04164,0.01758,1,1,-0.084,-0.225,in_circle
61.013,1,1325,-0.01623,0.02120,-0.0089,-0.0099,0.00013,0.04287,0.01738,1,1,-0.077,-0.203,in_circle
61.057,1,1326,-0.01617,0.02190,0.0012,0.0159,-0.00027,0.04156,0.01797,1,1,-0.029,-0.179,in_circle
61.101,1,1327,-0.01621,0.02165,-0.0010,-0.0056,-0.00051,0.04167,0.01777,1,1,-0.070,-0.284,in_circle
61.145,1,1328,-0.01558,0.02133,0.0143,-0.0073,-0.00090,0.04177,0.01719,1,1,-0.060,-0.198,in_circle
61.189,1,1329,-0.01593,0.02192,-0.0080,0.0135,0.00367,0.03929,0.01788,1,1,-0.123,-0.192,in_circle
61.231,1,1330,-0.01617,0.02172,-0.0057,-0.0050,-0.00078,0.04133,0.01781,1,1,-0.032,-0.277,in_circle
61.276,1,1331,-0.01602,0.02169,0.0035,-0.0005,0.00012,0.03834,0.01771,1,1,-0.040,-0.203,in_circle
61.320,1,1332,-0.01616,0.02171,-0.0032,0.0003,0.00236,0.04030,0.01779,1,1,-0.077,-0.222,in_circle
61.366,1,1333,-0.01622,0.02136,-0.0014,-0.0075,0.00002,0.03716,0.01752,1,1,-0.050,-0.225,in_circle
61.408,1,1334,-0.01564,0.02142,0.0138,0.0014,0.00118,0.03766,0.01730,1,1,-0.056,-0.194,in_circle
61.452,1,1335,-0.01621,0.02209,-0.0131,0.0151,0.00102,0.03651,0.01816,1,1,-0.118,-0.231,in_circle
61.496,1,1336,-0.01601,0.02152,0.0045,-0.0128,0.00011,0.03572,0.01756,1,1,-0.009,-0.288,in_circle
61.540,1,1337,-0.01622,0.02188,-0.0048,0.0080,0.00081,0.03636,0.01797,1,1,-0.080,-0.175,in_circle
61.585,1,1338,-0.01624,0.02194,-0.0004,0.0015,0.00252,0.03750,0.01804,1,1,-0.041,-0.260,in_circle
61.627,1,1339,-0.01637,0.02194,-0.0031,-0.0001,-0.00109,0.03544,0.01810,1,1,-0.059,-0.235,in_circle
61.673,1,1340,-0.01602,0.02179,0.0076,-0.0032,0.00213,0.03796,0.01780,1,1,-0.047,-0.229,in_circle
61.719,1,1341,-0.01631,0.02178,-0.0064,-0.0002,0.00108,0.03681,0.01793,1,1,-0.090,-0.217,in_circle
61.761,1,1342,-0.01622,0.02159,0.0021,-0.0044,0.00103,0.03856,0.01772,1,1,-0.033,-0.230,in_circle
61.804,1,1343,-0.01585,0.02160,0.0086,0.0003,0.00109,0.03738,0.01756,1,1,-0.067,-0.213,in_circle
61.848,1,1344,-0.01623,0.02158,-0.0087,-0.0005,0.00032,0.03870,0.01771,1,1,-0.094,-0.233,in_circle
61.893,1,1345,-0.01630,0.02149,-0.0016,-0.0021,0.00167,0.03749,0.01767,1,1,-0.023,-0.230,in_circle
61.935,1,1346,-0.01607,0.02150,0.0054,0.0003,0.00138,0.03699,0.01757,1,1,-0.051,-0.225,in_circle
62.070,1,1347,-0.01590,0.02165,0.0013,0.0011,0.00186,0.03857,0.01762,1,1,-0.079,-0.235,in_circle
62.113,1,1348,-0.01623,0.02217,-0.0077,0.0120,0.00221,0.03767,0.01823,1,1,-0.062,-0.240,in_circle
62.158,1,1349,-0.01595,0.02186,0.0063,-0.0067,0.00145,0.03907,0.01783,1,1,-0.025,-0.286,in_circle
62.201,1,1350,-0.01616,0.02183,-0.0049,-0.0007,0.00158,0.03842,0.01790,1,1,-0.081,-0.211,in_circle
62.247,1,1351,-0.01613,0.02153,0.0006,-0.0066,0.00195,0.03882,0.01763,1,1,-0.036,-0.236,in_circle
62.288,1,1352,-0.01595,0.02149,0.0044,-0.0010,0.00129,0.03847,0.01751,1,1,-0.057,-0.212,in_circle
62.332,1,1353,-0.01621,0.02136,-0.0058,-0.0029,0.00165,0.04003,0.01751,1,1,-0.072,-0.235,in_circle
62.377,1,1354,-0.01574,0.02146,0.0104,0.0021,0.00189,0.03999,0.01738,1,1,-0.031,-0.228,in_circle
62.420,1,1355,-0.01617,0.02176,-0.0100,0.0070,0.00253,0.03925,0.01785,1,1,-0.097,-0.249,in_circle
62.464,1,1356,-0.01607,0.02194,0.0024,0.0040,0.00192,0.03939,0.01795,1,1,-0.013,-0.270,in_circle
62.508,1,1357,-0.01598,0.02158,0.0020,-0.0083,0.00200,0.03799,0.01759,1,1,-0.063,-0.259,in_circle
62.554,1,1358,-0.01577,0.02168,0.0047,0.0022,0.00349,0.03885,0.01759,1,1,-0.061,-0.209,in_circle
62.598,1,1359,-0.01618,0.02146,-0.0093,-0.0049,0.00348,0.03867,0.01759,1,1,-0.072,-0.252,in_circle
62.640,1,1360,-0.01532,0.02137,0.0203,-0.0022,0.00305,0.03957,0.01711,1,1,-0.015,-0.224,in_circle
62.683,1,1361,-0.01572,0.02149,-0.0090,0.0027,0.00259,0.03900,0.01740,1,1,-0.135,-0.235,in_circle
62.729,1,1362,-0.01597,0.02154,-0.0055,0.0011,0.00305,0.03858,0.01756,1,1,-0.016,-0.256,in_circle
62.774,1,1363,-0.01638,0.02165,-0.0091,0.0026,0.00188,0.03851,0.01785,1,1,-0.029,-0.250,in_circle
62.816,1,1364,-0.01573,0.02168,0.0152,0.0007,0.00297,0.04034,0.01758,1,1,-0.013,-0.257,in_circle
62.859,1,1365,-0.01600,0.02197,-0.0062,0.0065,0.00393,0.04061,0.01795,1,1,-0.112,-0.250,in_circle
62.904,1,1366,-0.01588,0.02157,0.0026,-0.0089,0.00400,0.04239,0.01754,1,1,-0.025,-0.275,in_circle
62.949,1,1367,-0.01626,0.02209,-0.0084,0.0117,0.00288,0.04011,0.01818,1,1,-0.060,-0.213,in_circle
62.991,1,1368,-0.01566,0.02170,0.0143,-0.0093,0.00463,0.04054,0.01756,1,1,-0.015,-0.298,in_circle
63.036,1,1369,-0.01571,0.02132,-0.0011,-0.0084,0.00212,0.04036,0.01724,1,1,-0.107,-0.213,in_circle
63.081,1,1370,-0.01572,0.02154,-0.0001,0.0047,0.00507,0.03981,0.01744,1,1,-0.045,-0.216,in_circle
63.125,1,1371,-0.01555,0.02200,0.0038,0.0106,-0.00005,0.04093,0.01778,1,1,-0.049,-0.270,in_circle
63.169,1,1372,-0.01610,0.02203,-0.0125,0.0007,0.00215,0.04138,0.01806,1,1,-0.064,-0.296,in_circle
63.214,1,1373,-0.01596,0.02165,0.0031,-0.0086,0.00182,0.03975,0.01765,1,1,0.002,-0.257,in_circle
63.257,1,1374,-0.01590,0.02142,0.0014,-0.0054,0.00543,0.03941,0.01742,1,1,-0.060,-0.220,in_circle
63.299,1,1375,-0.01560,0.02165,0.0070,0.0055,0.00454,0.04024,0.01749,1,1,-0.053,-0.232,in_circle
63.344,1,1376,-0.01593,0.02187,-0.0072,0.0048,0.00407,0.03991,0.01783,1,1,-0.076,-0.277,in_circle
63.388,1,1377,-0.01600,0.02156,-0.0017,-0.0071,0.00358,0.04046,0.01759,1,1,-0.018,-0.276,in_circle
63.433,1,1378,-0.01606,0.02148,-0.0013,-0.0019,0.00390,0.03989,0.01755,1,1,-0.039,-0.228,in_circle
63.476,1,1379,-0.01589,0.02176,0.0040,0.0065,0.00409,0.04033,0.01771,1,1,-0.040,-0.249,in_circle
63.521,1,1380,-0.01578,0.02162,0.0025,-0.0032,0.00229,0.04003,0.01754,1,1,-0.061,-0.284,in_circle
63.567,1,1381,-0.01587,0.02194,-0.0020,0.0068,0.00349,0.03992,0.01786,1,1,-0.056,-0.246,in_circle
63.609,1,1382,-0.01575,0.02161,0.0029,-0.0076,0.00401,0.03950,0.01752,1,1,-0.037,-0.287,in_circle
63.653,1,1383,-0.01561,0.02166,0.0032,0.0010,0.00501,0.03956,0.01750,1,1,-0.057,-0.229,in_circle
63.696,1,1384,-0.01597,0.02170,-0.0084,0.0011,0.00525,0.03963,0.01770,1,1,-0.058,-0.265,in_circle
63.741,1,1385,-0.01611,0.02165,-0.0033,-0.0012,0.00244,0.04088,0.01772,1,1,-0.010,-0.266,in_circle
63.784,1,1386,-0.01559,0.02197,0.0122,0.0074,0.00419,0.04104,0.01777,1,1,-0.030,-0.258,in_circle
63.829,1,1387,-0.01592,0.02162,-0.0075,-0.0077,0.00399,0.03996,0.01761,1,1,-0.093,-0.293,in_circle
63.874,1,1388,-0.01584,0.02195,0.0018,0.0072,0.00461,0.03995,0.01786,1,1,-0.013,-0.233,in_circle
63.916,1,1389,-0.01563,0.02121,0.0051,-0.0174,0.00476,0.03968,0.01711,1,1,-0.050,-0.294,in_circle
63.961,1,1390,-0.01586,0.02188,-0.0052,0.0148,0.00365,0.04141,0.01781,1,1,-0.063,-0.194,in_circle
64.048,1,1391,-0.01625,0.02158,-0.0045,-0.0035,-0.00175,0.04171,0.01772,1,1,-0.021,-0.326,in_circle
64.094,1,1392,-0.01615,0.02166,0.0023,0.0019,-0.00239,0.04348,0.01775,1,1,-0.022,-0.253,in_circle
64.138,1,1393,-0.01596,0.02160,0.0043,-0.0015,0.00781,0.04036,0.01760,1,1,-0.049,-0.275,in_circle
64.180,1,1394,-0.01600,0.02130,-0.0009,-0.0071,0.00538,0.03956,0.01735,1,1,-0.057,-0.262,in_circle
64.225,1,1395,-0.01577,0.02186,0.0050,0.0127,0.00781,0.04036,0.01775,1,1,-0.036,-0.240,in_circle
64.268,1,1396,-0.01558,0.02214,0.0045,0.0065,0.00675,0.03984,0.01792,1,1,-0.060,-0.321,in_circle
64.313,1,1397,-0.01601,0.02209,-0.0094,-0.0010,0.00559,0.04001,0.01806,1,1,-0.058,-0.298,in_circle
64.356,1,1398,-0.01552,0.02172,0.0113,-0.0087,0.00854,0.04001,0.01751,1,1,-0.001,-0.268,in_circle
64.399,1,1399,-0.01570,0.02188,-0.0042,0.0037,0.00781,0.04036,0.01774,1,1,-0.085,-0.237,in_circle
64.445,1,1400,-0.01612,0.02146,-0.0090,-0.0089,0.00790,0.04093,0.01756,1,1,-0.022,-0.288,in_circle
64.488,1,1401,-0.01566,0.02167,0.0108,0.0048,0.00503,0.03960,0.01753,1,1,-0.001,-0.237,in_circle
64.531,1,1402,-0.01564,0.02182,0.0005,0.0034,0.00680,0.03942,0.01765,1,1,-0.081,-0.293,in_circle
64.577,1,1403,-0.01571,0.02155,-0.0016,-0.0059,0.00156,0.04126,0.01744,1,1,-0.040,-0.289,in_circle
64.620,1,1404,-0.01595,0.02171,-0.0055,0.0037,0.00559,0.03956,0.01769,1,1,-0.031,-0.252,in_circle
64.664,1,1405,-0.01590,0.02151,0.0011,-0.0045,0.00444,0.04151,0.01750,1,1,-0.014,-0.291,in_circle
64.709,1,1406,-0.01591,0.02176,-0.0002,0.0054,0.00506,0.04140,0.01772,1,1,-0.040,-0.258,in_circle
64.752,1,1407,-0.01577,0.02192,0.0032,0.0039,0.00421,0.04110,0.01781,1,1,-0.035,-0.299,in_circle
64.796,1,1408,-0.01570,0.02189,0.0017,-0.0007,0.00359,0.03995,0.01774,1,1,-0.048,-0.294,in_circle
64.839,1,1409,-0.01609,0.02158,-0.0092,-0.0071,0.00426,0.04037,0.01765,1,1,-0.042,-0.276,in_circle
64.884,1,1410,-0.01545,0.02205,0.0143,0.0104,0.00541,0.04088,0.01778,1,1,0.003,-0.251,in_circle
64.928,1,1411,-0.01591,0.02165,-0.0105,-0.0093,0.00472,0.04044,0.01762,1,1,-0.092,-0.323,in_circle
64.973,1,1412,-0.01591,0.02170,-0.0001,0.0011,0.00408,0.04060,0.01767,1,1,0.008,-0.244,in_circle
65.017,1,1413,-0.01583,0.02159,0.0020,-0.0023,0.00683,0.04044,0.01754,1,1,-0.033,-0.286,in_circle
65.060,1,1414,-0.01600,0.02133,-0.0040,-0.0063,0.00535,0.04219,0.01738,1,1,-0.041,-0.273,in_circle
65.103,1,1415,-0.01581,0.02195,0.0043,0.0144,0.00762,0.04190,0.01785,1,1,-0.017,-0.257,in_circle
65.148,1,1416,-0.01594,0.02198,-0.0030,0.0005,0.00652,0.04250,0.01793,1,1,-0.050,-0.342,in_circle
65.191,1,1417,-0.01565,0.02167,0.0068,-0.0072,0.00582,0.04219,0.01753,1,1,-0.020,-0.287,in_circle
65.238,1,1418,-0.01587,0.02117,-0.0046,-0.0107,0.00841,0.04179,0.01718,1,1,-0.060,-0.256,in_circle
65.280,1,1419,-0.01582,0.02172,0.0012,0.0133,0.00804,0.04179,0.01765,1,1,-0.013,-0.241,in_circle
65.324,1,1420,-0.01584,0.02160,-0.0005,-0.0028,0.00677,0.04305,0.01755,1,1,-0.036,-0.340,in_circle
65.368,1,1421,-0.01588,0.02124,-0.0009,-0.0082,0.00604,0.04203,0.01725,1,1,-0.029,-0.276,in_circle
65.413,1,1422,-0.01565,0.02179,0.0052,0.0124,0.00764,0.04118,0.01763,1,1,-0.027,-0.254,in_circle
65.456,1,1423,-0.01589,0.02170,-0.0055,-0.0022,0.00519,0.04225,0.01766,1,1,-0.051,-0.339,in_circle
65.500,1,1424,-0.01584,0.02176,0.0012,0.0013,0.00489,0.04256,0.01769,1,1,-0.007,-0.281,in_circle
65.547,1,1425,-0.01577,0.02128,0.0015,-0.0102,0.00773,0.04096,0.01723,1,1,-0.034,-0.295,in_circle
65.588,1,1426,-0.01611,0.02150,-0.0082,0.0054,0.00562,0.04163,0.01759,1,1,-0.035,-0.249,in_circle
65.632,1,1427,-0.01551,0.02164,0.0136,0.0033,0.00614,0.04134,0.01744,1,1,0.005,-0.312,in_circle
65.679,1,1428,-0.01605,0.02168,-0.0113,0.0007,0.00326,0.04137,0.01771,1,1,-0.084,-0.305,in_circle
65.721,1,1429,-0.01612,0.02152,-0.0018,-0.0038,0.00709,0.04386,0.01761,1,1,0.018,-0.295,in_circle
65.765,1,1430,-0.01606,0.02147,0.0013,-0.0012,0.00332,0.04138,0.01754,1,1,-0.020,-0.278,in_circle
65.809,1,1431,-0.01567,0.02206,0.0089,0.0135,0.00652,0.04250,0.01789,1,1,-0.032,-0.289,in_circle
65.853,1,1432,-0.01598,0.02190,-0.0069,-0.0037,0.00683,0.04173,0.01788,1,1,-0.063,-0.350,in_circle
65.897,1,1433,-0.01582,0.02177,0.0035,-0.0031,0.00634,0.04221,0.01769,1,1,0.002,-0.281,in_circle
65.940,1,1434,-0.01575,0.02208,0.0017,0.0074,0.00909,0.04131,0.01794,1,1,-0.040,-0.284,in_circle
65.986,1,1435,-0.01569,0.02153,0.0013,-0.0120,0.00903,0.04142,0.01742,1,1,-0.033,-0.327,in_circle
66.117,1,1436,-0.01607,0.02168,-0.0029,0.0011,0.00849,0.04112,0.01773,1,1,-0.031,-0.250,in_circle
66.161,1,1437,-0.01614,0.02174,-0.0015,0.0016,0.00628,0.04209,0.01782,1,1,-0.012,-0.304,in_circle
66.205,1,1438,-0.01585,0.02216,0.0064,0.0093,0.00586,0.04169,0.01805,1,1,-0.017,-0.307,in_circle
66.247,1,1439,-0.01591,0.02196,-0.0014,-0.0048,0.00677,0.04101,0.01790,1,1,-0.049,-0.339,in_circle
66.293,1,1440,-0.01604,0.02131,-0.0028,-0.0139,0.00754,0.04157,0.01739,1,1,-0.017,-0.283,in_circle
66.336,1,1441,-0.01596,0.02174,0.0019,0.0099,0.00876,0.04131,0.01773,1,1,-0.011,-0.246,in_circle
66.382,1,1442,-0.01574,0.02142,0.0050,-0.0070,0.00754,0.04157,0.01734,1,1,-0.030,-0.343,in_circle
66.426,1,1443,-0.01595,0.02146,-0.0048,0.0010,0.00754,0.04157,0.01748,1,1,-0.042,-0.275,in_circle
66.469,1,1444,-0.01572,0.02156,0.0052,0.0022,0.00787,0.04101,0.01746,1,1,-0.002,-0.308,in_circle
66.512,1,1445,-0.01585,0.02160,-0.0030,0.0010,0.00593,0.04227,0.01756,1,1,-0.043,-0.313,in_circle
66.557,1,1446,-0.01615,0.02195,-0.0065,0.0076,0.00862,0.04186,0.01800,1,1,-0.009,-0.309,in_circle
66.600,1,1447,-0.01590,0.02195,0.0056,0.0001,0.00793,0.04103,0.01789,1,1,0.006,-0.337,in_circle
66.644,1,1448,-0.01574,0.02227,0.0037,0.0072,0.00804,0.04179,0.01810,1,1,-0.043,-0.308,in_circle
66.688,1,1449,-0.01575,0.02225,-0.0002,-0.0004,0.00841,0.04179,0.01809,1,1,-0.035,-0.338,in_circle
66.733,1,1450,-0.01506,0.02133,0.0152,-0.0204,0.00847,0.04167,0.01696,1,1,-0.019,-0.309,in_circle
66.777,1,1451,-0.01613,0.02160,-0.0245,0.0062,0.00791,0.04253,0.01769,1,1,-0.082,-0.227,in_circle
66.820,1,1452,-0.01538,0.02217,0.0173,0.0133,0.00884,0.04242,0.01786,1,1,0.080,-0.335,in_circle
66.865,1,1453,-0.01571,0.02203,-0.0073,-0.0032,0.00646,0.04107,0.01787,1,1,-0.089,-0.365,in_circle
66.908,1,1454,-0.01589,0.02147,-0.0041,-0.0130,0.00783,0.04487,0.01745,1,1,0.011,-0.299,in_circle
66.953,1,1455,-0.01579,0.02082,0.0022,-0.0143,0.01019,0.04324,0.01683,1,1,-0.001,-0.259,in_circle
66.997,1,1456,-0.01626,0.02134,-0.0105,0.0119,0.00840,0.04336,0.01752,1,1,-0.027,-0.253,in_circle
67.041,1,1457,-0.01609,0.02105,0.0038,-0.0067,0.00625,0.04460,0.01718,1,1,0.026,-0.360,in_circle
67.084,1,1458,-0.01602,0.02127,0.0017,0.0050,0.00603,0.04380,0.01734,1,1,-0.032,-0.285,in_circle
67.129,1,1459,-0.01604,0.02056,-0.0005,-0.0158,0.00881,0.04440,0.01673,1,1,-0.023,-0.334,in_circle
67.172,1,1460,-0.01632,0.02087,-0.0064,0.0072,0.00704,0.04442,0.01714,1,1,-0.014,-0.249,in_circle
67.218,1,1461,-0.01618,0.02058,0.0030,-0.0062,0.00852,0.04356,0.01682,1,1,0.011,-0.343,in_circle
67.262,1,1462,-0.01607,0.02084,0.0025,0.0057,0.00584,0.04399,0.01698,1,1,-0.027,-0.289,in_circle
67.304,1,1463,-0.01609,0.02061,-0.0005,-0.0055,0.00791,0.04351,0.01679,1,1,-0.024,-0.338,in_circle
67.348,1,1464,-0.01596,0.02067,0.0029,0.0014,0.00681,0.04434,0.01678,1,1,-0.012,-0.293,in_circle
67.392,1,1465,-0.01607,0.02076,-0.0025,0.0021,0.00881,0.04379,0.01692,1,1,-0.026,-0.322,in_circle
67.435,1,1466,-0.01648,0.02063,-0.0096,-0.0030,0.00813,0.04323,0.01701,1,1,-0.003,-0.325,in_circle
67.481,1,1467,-0.01576,0.02074,0.0162,0.0026,0.00795,0.04420,0.01675,1,1,0.026,-0.305,in_circle
67.525,1,1468,-0.01591,0.02089,-0.0035,0.0034,0.00835,0.04433,0.01696,1,1,-0.078,-0.328,in_circle
67.570,1,1469,-0.01583,0.02094,0.0019,0.0010,0.00825,0.04312,0.01696,1,1,0.001,-0.333,in_circle
67.612,1,1470,-0.01606,0.02084,-0.0055,-0.0024,0.00849,0.04228,0.01698,1,1,-0.020,-0.324,in_circle
67.659,1,1471,-0.01582,0.02077,0.0053,-0.0013,0.00806,0.04240,0.01681,1,1,0.011,-0.311,in_circle
67.701,1,1472,-0.01566,0.02078,0.0037,0.0001,0.00914,0.04317,0.01674,1,1,-0.033,-0.316,in_circle
67.745,1,1473,-0.01618,0.02077,-0.0116,-0.0002,0.00914,0.04317,0.01698,1,1,-0.027,-0.322,in_circle
67.788,1,1474,-0.01609,0.02070,0.0020,-0.0015,0.00890,0.04316,0.01688,1,1,0.036,-0.321,in_circle
67.833,1,1475,-0.01591,0.02116,0.0041,0.0103,0.00834,0.04307,0.01719,1,1,-0.018,-0.316,in_circle
67.878,1,1476,-0.01608,0.02108,-0.0039,-0.0019,0.00849,0.04359,0.01720,1,1,-0.027,-0.366,in_circle
67.920,1,1477,-0.01626,0.02081,-0.0041,-0.0062,0.00773,0.04370,0.01705,1,1,0.006,-0.317,in_circle
67.965,1,1478,-0.01620,0.02063,0.0012,-0.0040,0.01223,0.04471,0.01687,1,1,0.008,-0.300,in_circle
68.008,1,1479,-0.01607,0.02055,0.0031,-0.0020,0.01033,0.04298,0.01673,1,1,-0.013,-0.309,in_circle
68.096,1,1480,-0.01597,0.02047,0.0012,-0.0009,0.00930,0.04438,0.01661,1,1,-0.020,-0.318,in_circle
68.140,1,1481,-0.01636,0.02068,-0.0089,0.0048,0.01094,0.04434,0.01699,1,1,-0.013,-0.323,in_circle
68.185,1,1482,-0.01582,0.02088,0.0119,0.0043,0.01059,0.04370,0.01690,1,1,0.029,-0.347,in_circle
68.230,1,1483,-0.01634,0.02035,-0.0115,-0.0115,0.01028,0.04331,0.01670,1,1,-0.055,-0.346,in_circle
68.272,1,1484,-0.01634,0.02076,-0.0000,0.0096,0.01022,0.04366,0.01705,1,1,0.040,-0.282,in_circle
68.318,1,1485,-0.01573,0.02069,0.0134,-0.0015,0.01056,0.04297,0.01670,1,1,-0.005,-0.368,in_circle
68.361,1,1486,-0.01612,0.02068,-0.0089,-0.0004,0.00854,0.04439,0.01687,1,1,-0.060,-0.324,in_circle
68.405,1,1487,-0.01630,0.02081,-0.0041,0.0031,0.01069,0.04335,0.01708,1,1,0.030,-0.329,in_circle
68.449,1,1488,-0.01591,0.02063,0.0089,-0.0043,0.00897,0.04316,0.01672,1,1,0.012,-0.344,in_circle
68.496,1,1489,-0.01621,0.02078,-0.0065,0.0033,0.01170,0.04440,0.01701,1,1,-0.041,-0.315,in_circle
68.545,1,1490,-0.01581,0.02093,0.0082,0.0031,0.00929,0.04412,0.01695,1,1,0.022,-0.346,in_circle
68.626,1,1491,-0.01655,0.02087,-0.0091,-0.0008,0.01121,0.04336,0.01725,1,1,-0.037,-0.347,in_circle
68.673,1,1492,-0.01635,0.02092,0.0041,0.0010,0.00935,0.04361,0.01719,1,1,0.034,-0.332,in_circle
68.715,1,1493,-0.01579,0.02070,0.0133,-0.0052,0.00939,0.04380,0.01673,1,1,-0.019,-0.340,in_circle
68.762,1,1494,-0.01598,0.02050,-0.0040,-0.0043,0.00998,0.04408,0.01664,1,1,-0.057,-0.315,in_circle
68.801,1,1495,-0.01613,0.02026,-0.0038,-0.0059,0.00854,0.04395,0.01652,1,1,0.014,-0.319,in_circle
68.846,1,1496,-0.01633,0.02047,-0.0046,0.0046,0.01001,0.04244,0.01680,1,1,0.013,-0.313,in_circle
68.891,1,1497,-0.01601,0.02084,0.0072,0.0083,0.00950,0.04330,0.01696,1,1,0.018,-0.356,in_circle
68.934,1,1498,-0.01619,0.02082,-0.0041,-0.0004,0.01032,0.04409,0.01703,1,1,-0.030,-0.372,in_circle
68.983,1,1499,-0.01633,0.02047,-0.0029,-0.0073,0.01032,0.04327,0.01679,1,1,0.016,-0.338,in_circle
69.021,1,1500,-0.01624,0.02086,0.0023,0.0104,0.01201,0.04431,0.01709,1,1,0.012,-0.310,in_circle
69.066,1,1501,-0.01589,0.02083,0.0078,-0.0006,0.01142,0.04471,0.01690,1,1,-0.009,-0.383,in_circle
69.109,1,1502,-0.01626,0.02065,-0.0085,-0.0041,0.01115,0.04299,0.01692,1,1,-0.031,-0.339,in_circle
69.158,1,1503,-0.01562,0.02104,0.0132,0.0081,0.01298,0.04371,0.01696,1,1,0.035,-0.325,in_circle
69.198,1,1504,-0.01606,0.02081,-0.0106,-0.0058,0.01152,0.04426,0.01695,1,1,-0.053,-0.376,in_circle
69.241,1,1505,-0.01611,0.02059,-0.0014,-0.0050,0.01114,0.04457,0.01679,1,1,0.044,-0.320,in_circle
69.287,1,1506,-0.01605,0.02046,0.0013,-0.0029,0.01233,0.04258,0.01665,1,1,0.007,-0.324,in_circle
69.330,1,1507,-0.01622,0.02059,-0.0039,0.0031,0.01212,0.04476,0.01685,1,1,-0.003,-0.332,in_circle
69.373,1,1508,-0.01572,0.02063,0.0117,0.0009,0.01129,0.04395,0.01663,1,1,0.019,-0.357,in_circle
69.417,1,1509,-0.01603,0.02065,-0.0070,0.0005,0.01053,0.04448,0.01680,1,1,-0.045,-0.349,in_circle
69.460,1,1510,-0.01568,0.02084,0.0083,0.0045,0.01175,0.04482,0.01680,1,1,0.031,-0.348,in_circle
69.505,1,1511,-0.01614,0.02103,-0.0103,0.0043,0.01062,0.04422,0.01719,1,1,-0.030,-0.365,in_circle
69.548,1,1512,-0.01603,0.02046,0.0027,-0.0134,0.01243,0.04400,0.01664,1,1,0.045,-0.366,in_circle
69.592,1,1513,-0.01576,0.02090,0.0061,0.0100,0.01253,0.04370,0.01689,1,1,-0.006,-0.294,in_circle
69.638,1,1514,-0.01623,0.02049,-0.0102,-0.0089,0.01124,0.04490,0.01677,1,1,-0.020,-0.390,in_circle
69.681,1,1515,-0.01577,0.02076,0.0108,0.0063,0.00839,0.04444,0.01677,1,1,0.047,-0.314,in_circle
69.725,1,1516,-0.01605,0.02043,-0.0064,-0.0076,0.01294,0.04312,0.01662,1,1,-0.038,-0.376,in_circle
69.768,1,1517,-0.01591,0.02060,0.0033,0.0041,0.01040,0.04475,0.01671,1,1,0.031,-0.320,in_circle
69.813,1,1518,-0.01622,0.02089,-0.0067,0.0063,0.01296,0.04427,0.01711,1,1,-0.007,-0.368,in_circle
69.856,1,1519,-0.01653,0.02061,-0.0073,-0.0064,0.01051,0.04483,0.01703,1,1,0.034,-0.378,in_circle
69.900,1,1520,-0.01611,0.02056,0.0096,-0.0013,0.01274,0.04356,0.01677,1,1,0.038,-0.327,in_circle
69.945,1,1521,-0.01626,0.02062,-0.0033,0.0013,0.01177,0.04482,0.01689,1,1,-0.031,-0.348,in_circle
69.988,1,1522,-0.01594,0.02059,0.0075,-0.0006,0.01020,0.04428,0.01671,1,1,0.021,-0.359,in_circle
70.033,1,1523,-0.01617,0.02070,-0.0052,0.0024,0.01061,0.04456,0.01692,1,1,-0.022,-0.352,in_circle
70.122,1,1524,-0.01618,0.02043,-0.0001,-0.0030,0.01131,0.04528,0.01669,1,1,0.030,-0.366,in_circle
70.165,1,1525,-0.01629,0.02050,-0.0026,0.0015,0.01088,0.04554,0.01680,1,1,0.010,-0.344,in_circle
70.210,1,1526,-0.01612,0.02043,0.0039,-0.0016,0.01095,0.04546,0.01665,1,1,0.021,-0.363,in_circle
70.252,1,1527,-0.01628,0.02061,-0.0038,0.0044,0.01211,0.04492,0.01690,1,1,-0.006,-0.351,in_circle
70.297,1,1528,-0.01627,0.02039,0.0002,-0.0048,0.01133,0.04437,0.01670,1,1,0.026,-0.376,in_circle
70.340,1,1529,-0.01610,0.02062,0.0039,0.0053,0.01291,0.04333,0.01681,1,1,0.010,-0.339,in_circle
70.384,1,1530,-0.01621,0.02054,-0.0023,-0.0018,0.01196,0.04402,0.01679,1,1,-0.004,-0.381,in_circle
70.428,1,1531,-0.01608,0.02071,0.0029,0.0038,0.01354,0.04476,0.01688,1,1,0.021,-0.353,in_circle
70.473,1,1532,-0.01622,0.02039,-0.0033,-0.0071,0.01364,0.04264,0.01668,1,1,0.000,-0.377,in_circle
70.517,1,1533,-0.01606,0.02061,0.0039,0.0049,0.01343,0.04319,0.01678,1,1,0.026,-0.333,in_circle
70.562,1,1534,-0.01617,0.02049,-0.0025,-0.0026,0.01405,0.04333,0.01673,1,1,-0.003,-0.382,in_circle
70.605,1,1535,-0.01609,0.02040,0.0019,-0.0020,0.01415,0.04363,0.01662,1,1,0.023,-0.352,in_circle
70.648,1,1536,-0.01606,0.02080,0.0006,0.0093,0.01461,0.04255,0.01695,1,1,0.005,-0.355,in_circle
70.693,1,1537,-0.01611,0.02075,-0.0011,-0.0012,0.01460,0.04411,0.01693,1,1,0.011,-0.402,in_circle
70.736,1,1538,-0.01612,0.02047,-0.0001,-0.0064,0.01440,0.04323,0.01669,1,1,0.018,-0.360,in_circle
70.780,1,1539,-0.01620,0.02037,-0.0018,-0.0021,0.01409,0.04475,0.01665,1,1,0.015,-0.339,in_circle
70.824,1,1540,-0.01587,0.02041,0.0074,0.0009,0.01344,0.04417,0.01652,1,1,0.022,-0.357,in_circle
70.870,1,1541,-0.01581,0.02040,0.0014,-0.0003,0.01249,0.04488,0.01648,1,1,-0.015,-0.370,in_circle
70.912,1,1542,-0.01581,0.02061,-0.0001,0.0050,0.01383,0.04555,0.01666,1,1,0.009,-0.366,in_circle
70.957,1,1543,-0.01596,0.02038,-0.0032,-0.0051,0.01324,0.04554,0.01653,1,1,0.016,-0.388,in_circle
71.000,1,1544,-0.01614,0.02065,-0.0043,0.0064,0.01329,0.04559,0.01686,1,1,0.029,-0.348,in_circle
71.048,1,1545,-0.01603,0.02067,0.0023,0.0005,0.01355,0.04594,0.01683,1,1,0.034,-0.395,in_circle
71.088,1,1546,-0.01579,0.02048,0.0061,-0.0050,0.01294,0.04716,0.01653,1,1,0.008,-0.372,in_circle
71.134,1,1547,-0.01601,0.02068,-0.0048,0.0044,0.01334,0.04595,0.01682,1,1,-0.008,-0.350,in_circle
71.177,1,1548,-0.01580,0.02038,0.0048,-0.0068,0.01560,0.04707,0.01646,1,1,0.037,-0.389,in_circle
71.221,1,1549,-0.01606,0.02037,-0.0057,-0.0003,0.01308,0.04539,0.01657,1,1,-0.002,-0.344,in_circle
71.265,1,1550,-0.01579,0.02035,0.0062,-0.0005,0.01428,0.04770,0.01642,1,1,0.041,-0.371,in_circle
71.309,1,1551,-0.01591,0.02041,-0.0028,0.0015,0.01247,0.04821,0.01654,1,1,-0.007,-0.371,in_circle
71.352,1,1552,-0.01580,0.02052,0.0024,0.0026,0.01324,0.04842,0.01658,1,1,0.030,-0.380,in_circle
71.398,1,1553,-0.01580,0.02037,0.0001,-0.0033,0.01269,0.04848,0.01645,1,1,0.009,-0.384,in_circle
71.441,1,1554,-0.01563,0.02052,0.0039,0.0034,0.01257,0.04877,0.01650,1,1,0.019,-0.361,in_circle
71.485,1,1555,-0.01579,0.02078,-0.0037,0.0059,0.01356,0.04955,0.01681,1,1,0.003,-0.389,in_circle
71.528,1,1556,-0.01569,0.02037,0.0024,-0.0096,0.01384,0.04867,0.01640,1,1,0.035,-0.401,in_circle
71.573,1,1557,-0.01536,0.02109,0.0074,0.0162,0.01355,0.04703,0.01688,1,1,0.010,-0.338,in_circle
71.619,1,1558,-0.01590,0.02062,-0.0116,-0.0103,0.01400,0.04744,0.01671,1,1,-0.010,-0.444,in_circle
71.661,1,1559,-0.01607,0.02076,-0.0041,0.0035,0.01339,0.04748,0.01692,1,1,0.068,-0.337,in_circle
71.706,1,1560,-0.01595,0.02073,0.0027,-0.0006,0.01697,0.04745,0.01684,1,1,0.038,-0.393,in_circle
71.750,1,1561,-0.01542,0.02011,0.0121,-0.0144,0.01431,0.04674,0.01603,1,1,0.011,-0.377,in_circle
71.793,1,1562,-0.01601,0.02055,-0.0138,0.0104,0.01487,0.04705,0.01671,1,1,-0.028,-0.322,in_circle
71.836,1,1563,-0.01610,0.02075,-0.0018,0.0044,0.01472,0.04693,0.01692,1,1,0.078,-0.423,in_circle
71.881,1,1564,-0.01558,0.02051,0.0115,-0.0052,0.01268,0.04692,0.01647,1,1,0.031,-0.400,in_circle
71.924,1,1565,-0.01590,0.02058,-0.0076,0.0016,0.01530,0.04708,0.01668,1,1,-0.024,-0.361,in_circle
71.969,1,1566,-0.01565,0.02033,0.0055,-0.0055,0.01373,0.04684,0.01634,1,1,0.054,-0.389,in_circle
72.012,1,1567,-0.01611,0.02044,-0.0106,0.0024,0.01476,0.04704,0.01666,1,1,0.001,-0.361,in_circle
72.057,1,1568,-0.01580,0.02009,0.0070,-0.0079,0.01457,0.04548,0.01620,1,1,0.067,-0.393,in_circle
72.145,1,1569,-0.01608,0.02037,-0.0031,0.0032,0.01504,0.04587,0.01659,1,1,-0.003,-0.352,in_circle
72.189,1,1570,-0.01575,0.02042,0.0077,0.0011,0.01500,0.04700,0.01646,1,1,0.038,-0.398,in_circle
72.233,1,1571,-0.01604,0.02060,-0.0067,0.0040,0.01520,0.04689,0.01677,1,1,-0.006,-0.391,in_circle
72.276,1,1572,-0.01562,0.02060,0.0097,0.0001,0.01394,0.04575,0.01657,1,1,0.053,-0.403,in_circle
72.320,1,1573,-0.01542,0.02062,0.0045,0.0005,0.01569,0.04591,0.01649,1,1,-0.013,-0.388,in_circle
72.365,1,1574,-0.01560,0.02054,-0.0039,-0.0018,0.01416,0.04679,0.01650,1,1,0.008,-0.390,in_circle
72.409,1,1575,-0.01603,0.02074,-0.0099,0.0044,0.01599,0.04586,0.01688,1,1,0.042,-0.382,in_circle
72.456,1,1576,-0.01564,0.02056,0.0083,-0.0039,0.01552,0.04572,0.01653,1,1,0.067,-0.408,in_circle
72.496,1,1577,-0.01569,0.02089,-0.0012,0.0082,0.01460,0.04587,0.01685,1,1,-0.006,-0.375,in_circle
72.539,1,1578,-0.01615,0.02034,-0.0107,-0.0125,0.01473,0.04615,0.01660,1,1,0.032,-0.425,in_circle
72.584,1,1579,-0.01581,0.02083,0.0075,0.0109,0.01471,0.04648,0.01686,1,1,0.072,-0.341,in_circle
72.630,1,1580,-0.01611,0.02030,-0.0065,-0.0117,0.01516,0.04643,0.01654,1,1,-0.002,-0.436,in_circle
72.673,1,1581,-0.01579,0.02055,0.0074,0.0059,0.01189,0.04606,0.01660,1,1,0.056,-0.345,in_circle
72.717,1,1582,-0.01567,0.02061,0.0026,0.0012,0.01702,0.04540,0.01659,1,1,-0.000,-0.417,in_circle
72.762,1,1583,-0.01546,0.02049,0.0048,-0.0025,0.01235,0.04639,0.01639,1,1,0.019,-0.399,in_circle
72.805,1,1584,-0.01612,0.02057,-0.0153,0.0018,0.01675,0.04581,0.01678,1,1,0.010,-0.385,in_circle
72.849,1,1585,-0.01604,0.02032,0.0018,-0.0056,0.01436,0.04685,0.01652,1,1,0.092,-0.403,in_circle
72.892,1,1586,-0.01572,0.02036,0.0073,0.0010,0.01644,0.04602,0.01640,1,1,0.024,-0.373,in_circle
72.935,1,1587,-0.01598,0.02060,-0.0060,0.0054,0.01570,0.04677,0.01673,1,1,0.002,-0.400,in_circle
72.981,1,1588,-0.01606,0.02066,-0.0018,0.0015,0.01519,0.04596,0.01683,1,1,0.056,-0.419,in_circle
73.024,1,1589,-0.01593,0.02052,0.0030,-0.0033,0.01607,0.04614,0.01664,1,1,0.040,-0.404,in_circle
73.070,1,1590,-0.01593,0.02012,0.0001,-0.0088,0.01642,0.04836,0.01629,1,1,0.020,-0.385,in_circle
73.113,1,1591,-0.01575,0.02037,0.0042,0.0059,0.01728,0.04619,0.01642,1,1,0.032,-0.363,in_circle
73.156,1,1592,-0.01584,0.02042,-0.0023,0.0011,0.01609,0.04639,0.01651,1,1,0.016,-0.423,in_circle
73.201,1,1593,-0.01568,0.02030,0.0036,-0.0025,0.01581,0.04618,0.01633,1,1,0.042,-0.405,in_circle
73.244,1,1594,-0.01601,0.02064,-0.0079,0.0080,0.01645,0.04584,0.01679,1,1,0.019,-0.390,in_circle
73.289,1,1595,-0.01592,0.02037,0.0019,-0.0058,0.01632,0.04639,0.01651,1,1,0.066,-0.434,in_circle
73.332,1,1596,-0.01583,0.02030,0.0022,-0.0017,0.01615,0.04658,0.01640,1,1,0.027,-0.379,in_circle
73.377,1,1597,-0.01570,0.02056,0.0029,0.0058,0.01620,0.04767,0.01657,1,1,0.026,-0.396,in_circle
73.419,1,1598,-0.01607,0.02035,-0.0086,-0.0050,0.01578,0.04709,0.01656,1,1,0.023,-0.427,in_circle
73.464,1,1599,-0.01626,0.02049,-0.0044,0.0030,0.01760,0.04713,0.01678,1,1,0.070,-0.384,in_circle
73.508,1,1600,-0.01577,0.02065,0.0113,0.0036,0.01645,0.04584,0.01668,1,1,0.054,-0.417,in_circle
73.553,1,1601,-0.01620,0.02049,-0.0096,-0.0034,0.01486,0.04752,0.01675,1,1,-0.009,-0.420,in_circle
73.598,1,1602,-0.01588,0.02024,0.0070,-0.0057,0.01553,0.04711,0.01637,1,1,0.076,-0.392,in_circle
73.640,1,1603,-0.01605,0.02048,-0.0039,0.0057,0.01652,0.04537,0.01666,1,1,0.009,-0.383,in_circle
73.685,1,1604,-0.01581,0.02070,0.0052,0.0050,0.01618,0.04603,0.01674,1,1,0.053,-0.430,in_circle
73.728,1,1605,-0.01600,0.02036,-0.0042,-0.0079,0.01699,0.04600,0.01653,1,1,0.017,-0.428,in_circle
73.774,1,1606,-0.01588,0.02027,0.0025,-0.0020,0.01808,0.04744,0.01640,1,1,0.055,-0.377,in_circle
73.816,1,1607,-0.01605,0.02030,-0.0038,0.0007,0.01842,0.04506,0.01650,1,1,0.029,-0.401,in_circle
73.861,1,1608,-0.01596,0.02024,0.0020,-0.0012,0.01612,0.04655,0.01641,1,1,0.054,-0.412,in_circle
73.904,1,1609,-0.01582,0.02041,0.0032,0.0040,0.01507,0.04738,0.01650,1,1,0.031,-0.405,in_circle
73.948,1,1610,-0.01598,0.02053,-0.0037,0.0026,0.01721,0.04639,0.01667,1,1,0.027,-0.427,in_circle
73.991,1,1611,-0.01606,0.02028,-0.0019,-0.0056,0.01581,0.04824,0.01650,1,1,0.055,-0.422,in_circle
74.036,1,1612,-0.01589,0.02030,0.0038,0.0005,0.01557,0.04735,0.01643,1,1,0.048,-0.389,in_circle
74.081,1,1613,-0.01560,0.02070,0.0065,0.0087,0.01630,0.04703,0.01664,1,1,0.025,-0.414,in_circle
74.171,1,1614,-0.01611,0.02070,-0.0057,-0.0000,0.01751,0.04600,0.01688,1,1,0.014,-0.450,in_circle
74.212,1,1615,-0.01629,0.02048,-0.0043,-0.0052,0.01769,0.04581,0.01678,1,1,0.065,-0.415,in_circle
74.257,1,1616,-0.01584,0.02059,0.0099,0.0025,0.01719,0.04787,0.01666,1,1,0.060,-0.395,in_circle
74.301,1,1617,-0.01593,0.02051,-0.0021,-0.0018,0.02007,0.04770,0.01664,1,1,0.002,-0.427,in_circle
74.345,1,1618,-0.01583,0.02022,0.0022,-0.0066,0.01948,0.04738,0.01633,1,1,0.051,-0.410,in_circle
74.387,1,1619,-0.01587,0.02032,-0.0009,0.0024,0.01963,0.04884,0.01644,1,1,0.034,-0.390,in_circle
74.433,1,1620,-0.01589,0.02038,-0.0004,0.0012,0.01892,0.04973,0.01650,1,1,0.047,-0.428,in_circle
74.477,1,1621,-0.01592,0.02046,-0.0008,0.0020,0.01858,0.04953,0.01659,1,1,0.045,-0.423,in_circle
74.521,1,1622,-0.01568,0.02027,0.0055,-0.0043,0.01815,0.04919,0.01630,1,1,0.047,-0.427,in_circle
74.566,1,1623,-0.01545,0.01970,0.0052,-0.0127,0.01828,0.04869,0.01569,1,1,0.022,-0.402,in_circle
74.608,1,1624,-0.01473,0.01940,0.0169,-0.0071,0.01832,0.04944,0.01509,1,1,0.023,-0.368,in_circle
74.652,1,1625,-0.01494,0.01888,-0.0048,-0.0116,0.01782,0.04943,0.01473,1,1,-0.026,-0.390,in_circle
74.697,1,1626,-0.01404,0.01793,0.0201,-0.0212,0.01400,0.04899,0.01347,1,1,0.062,-0.371,in_circle
74.740,1,1627,-0.01402,0.01683,0.0006,-0.0258,0.01381,0.04570,0.01249,1,1,-0.039,-0.331,in_circle
74.786,1,1628,-0.01325,0.01591,0.0167,-0.0200,0.01222,0.05068,0.01131,1,1,0.039,-0.310,in_circle
74.828,1,1629,-0.01277,0.01455,0.0113,-0.0319,0.00926,0.05104,0.00989,1,1,-0.027,-0.332,in_circle
74.873,1,1630,-0.01204,0.01323,0.0163,-0.0297,0.00529,0.05009,0.00839,1,1,-0.007,-0.281,in_circle
74.917,1,1631,-0.01053,0.01174,0.0345,-0.0342,0.00618,0.04877,0.00635,1,1,-0.028,-0.287,in_circle
74.961,1,1632,-0.00833,0.01056,0.0492,-0.0263,0.00533,0.04760,0.00459,1,1,-0.105,-0.266,in_circle
75.004,1,1633,-0.00759,0.00881,0.0174,-0.0409,0.00401,0.04391,0.00282,1,1,-0.169,-0.294,in_circle
75.049,1,1634,-0.00669,0.00701,0.0197,-0.0397,-0.00003,0.04147,0.00150,1,1,-0.044,-0.232,in_circle
75.093,1,1635,-0.00494,0.00516,0.0404,-0.0427,0.00145,0.03060,0.00297,1,1,-0.055,-0.232,in_circle
75.137,1,1636,-0.00402,0.00296,0.0210,-0.0501,-0.00081,0.02686,0.00485,1,1,-0.142,-0.215,in_circle
75.182,1,1637,-0.00275,0.00075,0.0280,-0.0486,-0.00205,0.02786,0.00728,1,1,-0.067,-0.180,in_circle
75.225,1,1638,-0.00202,-0.00144,0.0169,-0.0509,-0.00386,0.02636,0.00942,1,1,-0.099,-0.180,in_circle
75.269,1,1639,-0.00178,-0.00452,0.0056,-0.0699,-0.00703,0.02751,0.01212,1,1,-0.056,-0.165,in_circle
75.313,1,1640,-0.00151,-0.00718,0.0062,-0.0602,-0.00783,0.02676,0.01461,1,1,-0.012,-0.081,in_circle
75.356,1,1641,-0.00183,-0.01030,-0.0074,-0.0724,-0.01020,0.02555,0.01736,1,1,-0.015,-0.113,in_circle
75.400,1,1642,-0.00285,-0.01354,-0.0233,-0.0737,-0.01662,0.03298,0.02016,1,1,0.040,-0.055,in_circle
75.447,1,1643,-0.00313,-0.01672,-0.0061,-0.0680,-0.01641,0.03714,0.02320,1,1,0.105,-0.041,in_circle
75.489,1,1644,-0.00368,-0.01917,-0.0132,-0.0589,-0.01882,0.04257,0.02550,1,1,0.037,-0.055,in_circle
75.533,1,1645,-0.00459,-0.02236,-0.0205,-0.0724,-0.02319,0.05299,0.02854,1,1,0.067,-0.085,in_circle
75.576,1,1646,-0.00488,-0.02558,-0.0068,-0.0740,-0.02136,0.05810,0.03172,1,1,0.098,-0.021,in_circle
75.621,1,1647,-0.00515,-0.02899,-0.0060,-0.0766,-0.02269,0.05791,0.03509,1,1,0.044,-0.005,in_circle
75.665,1,1648,-0.00486,-0.03155,0.0066,-0.0584,-0.02079,0.05858,0.03767,1,1,0.041,0.015,in_circle
75.708,1,1649,-0.00446,-0.03448,0.0092,-0.0676,-0.02183,0.05995,0.04061,1,1,-0.010,-0.049,in_circle
75.753,1,1650,-0.00409,-0.03666,0.0083,-0.0483,-0.02056,0.05914,0.04283,1,1,-0.021,-0.004,in_circle
75.796,1,1651,-0.00317,-0.03876,0.0217,-0.0494,-0.02093,0.05884,0.04500,1,1,-0.019,-0.073,in_circle
75.841,1,1652,-0.00227,-0.04076,0.0199,-0.0441,-0.02151,0.05408,0.04709,0,1,-0.072,-0.061,running
75.885,1,1653,-0.00119,-0.04268,0.0244,-0.0436,-0.01664,0.04717,0.04913,0,1,-0.067,-0.072,running
75.930,1,1654,-0.00044,-0.04450,0.0170,-0.0410,-0.01686,0.04167,0.05104,0,1,-0.085,-0.065,running
75.972,1,1655,0.00026,-0.04649,0.0165,-0.0470,-0.01148,0.03860,0.05310,0,1,-0.061,-0.065,running
76.017,1,1656,0.00054,-0.04831,0.0063,-0.0399,-0.01189,0.03629,0.05495,0,1,-0.061,-0.034,running
76.060,1,1657,0.00096,-0.05001,0.0096,-0.0397,-0.01219,0.03514,0.05669,0,1,-0.027,-0.048,running
76.105,1,1658,0.00132,-0.05220,0.0083,-0.0493,-0.01239,0.03530,0.05891,0,1,-0.040,-0.039,running
76.191,1,1659,0.00204,-0.05548,0.0082,-0.0378,-0.01241,0.03453,0.06226,0,1,-0.038,0.008,running
76.236,1,1660,0.00225,-0.05711,0.0047,-0.0365,-0.01364,0.03407,0.06391,0,1,-0.041,-0.011,running
76.280,1,1661,0.00225,-0.05860,-0.0000,-0.0338,-0.01420,0.03560,0.06538,0,1,-0.032,-0.003,running
76.326,1,1662,0.00200,-0.05944,-0.0054,-0.0182,-0.01551,0.03505,0.06617,0,1,-0.019,0.000,running
76.369,1,1663,0.00165,-0.06038,-0.0084,-0.0219,-0.01585,0.03429,0.06704,0,1,-0.003,-0.038,running
76.414,1,1664,0.00057,-0.06162,-0.0241,-0.0277,-0.01620,0.03469,0.06813,0,1,0.006,-0.019,running
76.456,1,1665,-0.00044,-0.06236,-0.0235,-0.0174,-0.01651,0.03570,0.06876,0,1,0.055,0.008,running
76.502,1,1666,-0.00165,-0.06315,-0.0267,-0.0174,-0.01791,0.03932,0.06942,0,1,0.056,-0.014,running
76.545,1,1667,-0.00278,-0.06372,-0.0264,-0.0131,-0.01900,0.04324,0.06990,0,1,0.068,-0.006,running
76.589,1,1668,-0.00412,-0.06442,-0.0301,-0.0159,-0.01871,0.04821,0.07052,0,1,0.071,-0.011,running
76.633,1,1669,-0.00488,-0.06507,-0.0172,-0.0148,-0.02046,0.05181,0.07113,0,1,0.086,0.004,running
76.678,1,1670,-0.00451,-0.06601,0.0083,-0.0210,-0.02028,0.05293,0.07208,0,1,0.052,0.009,running
76.722,1,1671,-0.00407,-0.06679,0.0099,-0.0177,-0.02187,0.05433,0.07288,0,1,-0.019,0.036,running
76.765,1,1672,-0.00369,-0.06765,0.0087,-0.0198,-0.02133,0.05763,0.07377,0,1,-0.026,0.035,running
76.809,1,1673,-0.00285,-0.06841,0.0192,-0.0172,-0.02251,0.05536,0.07457,0,1,-0.024,0.050,running
76.852,1,1674,-0.00223,-0.06915,0.0143,-0.0174,-0.02251,0.05397,0.07536,0,1,-0.055,0.052,running
76.898,1,1675,-0.00181,-0.06947,0.0092,-0.0069,-0.02355,0.05236,0.07571,0,1,-0.045,0.062,running
76.940,1,1676,-0.00133,-0.06980,0.0116,-0.0078,-0.02460,0.04762,0.07607,0,1,-0.034,0.041,running
76.985,1,1677,-0.00093,-0.06994,0.0089,-0.0031,-0.02675,0.04025,0.07625,0,1,-0.042,0.049,running
77.029,1,1678,-0.00120,-0.07042,-0.0063,-0.0108,-0.02688,0.03742,0.07670,0,1,-0.037,0.041,running
77.073,1,1679,-0.00127,-0.07061,-0.0014,-0.0044,-0.02627,0.03814,0.07689,0,1,0.002,0.068,running
77.117,1,1680,-0.00141,-0.07088,-0.0031,-0.0062,-0.02547,0.03911,0.07715,0,1,-0.010,0.056,running
77.161,1,1681,-0.00181,-0.07066,-0.0092,0.0050,-0.02681,0.03800,0.07690,0,1,-0.006,0.066,running
77.206,1,1682,-0.00213,-0.07093,-0.0071,-0.0059,-0.02645,0.03765,0.07714,0,1,0.011,0.040,running
77.250,1,1683,-0.00232,-0.07056,-0.0043,0.0085,-0.02747,0.03769,0.07675,0,1,0.007,0.073,running
77.293,1,1684,-0.00229,-0.06987,0.0006,0.0162,-0.02550,0.03927,0.07607,0,1,0.000,0.037,running
77.336,1,1685,-0.00232,-0.06974,-0.0007,0.0029,-0.02571,0.03958,0.07594,0,1,-0.012,0.014,running
77.380,1,1686,-0.00268,-0.06992,-0.0082,-0.0042,-0.02380,0.04043,0.07610,0,1,-0.009,0.051,running
77.424,1,1687,-0.00270,-0.06973,-0.0006,0.0043,-0.02116,0.04036,0.07590,0,1,0.011,0.074,running
77.468,1,1688,-0.00260,-0.06972,0.0024,0.0004,-0.02258,0.04043,0.07589,0,1,-0.008,0.054,running
77.512,1,1689,-0.00255,-0.06971,0.0012,0.0001,-0.02188,0.03983,0.07589,0,1,-0.016,0.067,running
77.557,1,1690,-0.00250,-0.06968,0.0011,0.0007,-0.02208,0.04038,0.07586,0,1,-0.014,0.071,running
77.601,1,1691,-0.00220,-0.06977,0.0068,-0.0022,-0.02218,0.04140,0.07598,0,1,-0.014,0.072,running
77.645,1,1692,-0.00225,-0.06983,-0.0011,-0.0013,-0.02338,0.04232,0.07603,0,1,-0.030,0.084,running
77.688,1,1693,-0.00231,-0.06975,-0.0014,0.0019,-0.02190,0.04248,0.07595,0,1,-0.010,0.086,running
77.733,1,1694,-0.00220,-0.06972,0.0025,0.0005,-0.02342,0.04179,0.07593,0,1,-0.009,0.080,running
77.777,1,1695,-0.00242,-0.06976,-0.0050,-0.0009,-0.02550,0.04262,0.07595,0,1,-0.020,0.087,running
77.821,1,1696,-0.00234,-0.06979,0.0018,-0.0007,-0.02698,0.04171,0.07599,0,1,0.000,0.094,running
77.865,1,1697,-0.00247,-0.06995,-0.0030,-0.0035,-0.02550,0.04505,0.07614,0,1,-0.018,0.097,running
77.910,1,1698,-0.00238,-0.06967,0.0020,0.0063,-0.02937,0.04457,0.07586,0,1,-0.005,0.109,running
77.951,1,1699,-0.00248,-0.06968,-0.0024,-0.0003,-0.03036,0.04379,0.07587,0,1,-0.019,0.085,running
77.997,1,1700,-0.00261,-0.06963,-0.0028,0.0012,-0.03092,0.04495,0.07580,0,1,-0.007,0.105,running
78.040,1,1701,-0.00240,-0.06964,0.0048,-0.0004,-0.03099,0.04565,0.07583,0,1,-0.006,0.104,running
78.086,1,1702,-0.00261,-0.06947,-0.0045,0.0038,-0.02950,0.04453,0.07564,0,1,-0.026,0.112,running
78.129,1,1703,-0.00248,-0.06963,0.0032,-0.0037,-0.03063,0.04570,0.07581,0,1,-0.002,0.103,running
78.218,1,1704,-0.00248,-0.06963,-0.0001,-0.0000,-0.03121,0.04532,0.07582,0,1,-0.023,0.131,running
78.262,1,1705,-0.00266,-0.06965,-0.0041,-0.0004,-0.03035,0.04623,0.07582,0,1,-0.014,0.124,running
78.305,1,1706,-0.00262,-0.06961,0.0010,0.0008,-0.02971,0.04675,0.07579,0,1,-0.004,0.128,running
78.349,1,1707,-0.00247,-0.06965,0.0035,-0.0009,-0.03065,0.04534,0.07584,0,1,-0.017,0.129,running
78.393,1,1708,-0.00261,-0.06963,-0.0033,0.0006,-0.03053,0.04530,0.07581,0,1,-0.024,0.136,running
78.437,1,1709,-0.00237,-0.06961,0.0055,0.0005,-0.03086,0.04559,0.07580,0,1,-0.006,0.136,running
78.481,1,1710,-0.00245,-0.06962,-0.0018,-0.0003,-0.03104,0.04522,0.07581,0,1,-0.030,0.139,running
78.525,1,1711,-0.00243,-0.06963,0.0005,-0.0002,-0.03105,0.04484,0.07582,0,1,-0.012,0.144,running
78.569,1,1712,-0.00264,-0.06969,-0.0049,-0.0015,-0.03111,0.04473,0.07587,0,1,-0.018,0.148,running
78.613,1,1713,-0.00265,-0.06966,-0.0003,0.0007,-0.03102,0.04533,0.07584,0,1,-0.003,0.155,running
78.657,1,1714,-0.00241,-0.06976,0.0055,-0.0021,-0.03132,0.04429,0.07595,0,1,-0.015,0.152,running
78.701,1,1715,-0.00264,-0.06959,-0.0052,0.0037,-0.03253,0.04422,0.07577,0,1,-0.031,0.164,running
78.745,1,1716,-0.00268,-0.06956,-0.0009,0.0009,-0.03319,0.04526,0.07573,0,1,-0.003,0.151,running
78.788,1,1717,-0.00255,-0.06954,0.0030,0.0005,-0.03389,0.04581,0.07572,0,1,-0.014,0.161,running
78.834,1,1718,-0.00282,-0.06958,-0.0061,-0.0011,-0.03461,0.04595,0.07575,0,1,-0.025,0.165,running
78.877,1,1719,-0.00257,-0.06954,0.0059,0.0010,-0.03574,0.04460,0.07572,0,1,-0.001,0.173,running
78.921,1,1720,-0.00283,-0.06964,-0.0058,-0.0021,-0.03455,0.04447,0.07580,0,1,-0.033,0.171,running
78.964,1,1721,-0.00257,-0.06965,0.0061,-0.0003,-0.03581,0.04399,0.07583,0,1,-0.002,0.183,running
79.010,1,1722,-0.00272,-0.06968,-0.0033,-0.0006,-0.03690,0.04229,0.07585,0,1,-0.034,0.181,running
79.051,1,1723,-0.00247,-0.06963,0.0059,0.0011,-0.03623,0.04025,0.07582,0,1,-0.009,0.186,running
79.098,1,1724,-0.00269,-0.06971,-0.0046,-0.0018,-0.03665,0.04235,0.07588,0,1,-0.034,0.184,running
79.140,1,1725,-0.00250,-0.06963,0.0043,0.0019,-0.03521,0.04075,0.07582,0,1,-0.007,0.196,running
79.186,1,1726,-0.00250,-0.06972,0.0001,-0.0020,-0.03581,0.04092,0.07591,0,1,-0.030,0.189,running
79.229,1,1727,-0.00258,-0.06963,-0.0018,0.0021,-0.03443,0.03949,0.07581,0,1,-0.020,0.203,running
79.274,1,1728,-0.00274,-0.06967,-0.0037,-0.0009,-0.03628,0.04059,0.07584,0,1,-0.015,0.195,running
79.320,1,1729,-0.00276,-0.06964,-0.0005,0.0008,-0.03601,0.04068,0.07580,0,1,-0.010,0.206,running
79.362,1,1730,-0.00275,-0.06956,0.0004,0.0018,-0.03665,0.04113,0.07573,0,1,-0.018,0.205,running
79.404,1,1731,-0.00254,-0.06960,0.0047,-0.0008,-0.03752,0.04052,0.07578,0,1,-0.020,0.205,running
79.448,1,1732,-0.00275,-0.06952,-0.0047,0.0018,-0.03684,0.04240,0.07569,0,1,-0.033,0.216,running
79.493,1,1733,-0.00280,-0.06953,-0.0011,-0.0003,-0.03884,0.04255,0.07569,0,1,-0.008,0.211,running
79.537,1,1734,-0.00272,-0.06954,0.0018,-0.0003,-0.03899,0.04268,0.07571,0,1,-0.017,0.220,running
79.582,1,1735,-0.00276,-0.06949,-0.0011,0.0011,-0.03835,0.04158,0.07566,0,1,-0.025,0.224,running
79.625,1,1736,-0.00277,-0.06950,-0.0001,-0.0002,-0.03859,0.04292,0.07567,0,1,-0.018,0.223,running
79.669,1,1737,-0.00269,-0.06954,0.0017,-0.0009,-0.03999,0.04250,0.07571,0,1,-0.020,0.230,running
79.714,1,1738,-0.00273,-0.06937,-0.0008,0.0039,-0.03942,0.04170,0.07554,0,1,-0.026,0.235,running
79.756,1,1739,-0.00267,-0.06944,0.0014,-0.0018,-0.04007,0.04182,0.07562,0,1,-0.019,0.225,running
79.801,1,1740,-0.00263,-0.06941,0.0009,0.0007,-0.04032,0.04145,0.07559,0,1,-0.025,0.243,running
79.844,1,1741,-0.00265,-0.06938,-0.0006,0.0008,-0.04023,0.04131,0.07555,0,1,-0.024,0.240,running
79.888,1,1742,-0.00294,-0.06944,-0.0065,-0.0014,-0.03982,0.04261,0.07560,0,1,-0.021,0.243,running
79.933,1,1743,-0.00278,-0.06942,0.0037,0.0004,-0.04192,0.04198,0.07559,0,1,-0.004,0.252,running
79.977,1,1744,-0.00277,-0.06941,0.0003,0.0002,-0.04075,0.04150,0.07558,0,1,-0.032,0.251,running
80.021,1,1745,-0.00300,-0.06936,-0.0054,0.0011,-0.04180,0.04200,0.07551,0,1,-0.023,0.255,running
80.065,1,1746,-0.00298,-0.06897,0.0005,0.0086,-0.04130,0.04192,0.07513,0,1,-0.008,0.255,running
80.110,1,1747,-0.00307,-0.06815,-0.0021,0.0184,-0.04015,0.04295,0.07430,0,1,-0.023,0.236,running
80.153,1,1748,-0.00313,-0.06734,-0.0013,0.0188,-0.04099,0.04232,0.07349,0,1,-0.016,0.207,running
80.241,1,1749,-0.00378,-0.06523,-0.0074,0.0239,-0.03909,0.04142,0.07135,0,1,-0.018,0.205,running
80.286,1,1750,-0.00398,-0.06340,-0.0044,0.0410,-0.04098,0.04227,0.06950,0,1,0.002,0.176,running
80.330,1,1751,-0.00462,-0.06185,-0.0145,0.0348,-0.04014,0.04306,0.06793,0,1,-0.005,0.115,running
80.373,1,1752,-0.00487,-0.05994,-0.0058,0.0452,-0.03836,0.04307,0.06600,0,1,0.027,0.122,running
80.418,1,1753,-0.00517,-0.05773,-0.0067,0.0490,-0.03389,0.04195,0.06378,0,1,0.004,0.078,running
80.461,1,1754,-0.00587,-0.05568,-0.0164,0.0477,-0.02973,0.04054,0.06171,0,1,0.008,0.049,running
80.505,1,1755,-0.00589,-0.05296,-0.0003,0.0612,-0.02426,0.04068,0.05899,0,1,0.042,0.038,running
80.548,1,1756,-0.00640,-0.05061,-0.0121,0.0549,-0.01719,0.04327,0.05663,0,1,-0.008,-0.026,running
80.594,1,1757,-0.00686,-0.04854,-0.0100,0.0456,-0.01489,0.04530,0.05455,0,1,0.033,-0.023,running
80.636,1,1758,-0.00717,-0.04655,-0.0073,0.0464,-0.01039,0.04739,0.05255,0,1,0.028,-0.006,running
80.682,1,1759,-0.00774,-0.04476,-0.0126,0.0396,-0.00598,0.04674,0.05076,0,1,0.021,-0.022,running
80.726,1,1760,-0.00767,-0.04335,0.0015,0.0320,-0.00720,0.04658,0.04935,0,1,0.042,-0.009,running
80.770,1,1761,-0.00878,-0.04249,-0.0249,0.0192,-0.00771,0.04866,0.04850,0,1,-0.009,0.011,running
80.813,1,1762,-0.00886,-0.04098,-0.0017,0.0353,-0.01106,0.04877,0.04699,0,1,0.091,0.054,running
80.857,1,1763,-0.00943,-0.04046,-0.0132,0.0118,-0.01436,0.04825,0.04649,0,1,0.007,-0.013,running
80.901,1,1764,-0.00981,-0.03945,-0.0087,0.0231,-0.01989,0.04686,0.04550,1,1,0.051,0.074,in_circle
80.945,1,1765,-0.01037,-0.03864,-0.0126,0.0183,-0.01869,0.04723,0.04471,1,1,0.036,0.028,in_circle
80.989,1,1766,-0.01035,-0.03810,0.0005,0.0122,-0.02256,0.04755,0.04417,1,1,0.053,0.043,in_circle
81.034,1,1767,-0.01026,-0.03753,0.0021,0.0129,-0.02078,0.04828,0.04359,1,1,0.002,0.065,in_circle
81.077,1,1768,-0.01021,-0.03706,0.0010,0.0108,-0.02260,0.04785,0.04312,1,1,-0.004,0.061,in_circle
81.121,1,1769,-0.00952,-0.03680,0.0160,0.0058,-0.02416,0.04773,0.04284,1,1,0.000,0.069,in_circle
81.165,1,1770,-0.00934,-0.03730,0.0041,-0.0114,-0.02483,0.04733,0.04333,1,1,-0.060,0.089,in_circle
81.209,1,1771,-0.00860,-0.03769,0.0164,-0.0089,-0.02527,0.04682,0.04370,1,1,-0.014,0.160,in_circle
81.252,1,1772,-0.00890,-0.03746,-0.0070,0.0055,-0.02942,0.04667,0.04347,1,1,-0.063,0.154,in_circle
81.298,1,1773,-0.00928,-0.03747,-0.0081,-0.0002,-0.04064,0.04501,0.04349,1,1,0.028,0.099,in_circle
81.340,1,1774,-0.00976,-0.03717,-0.0114,0.0070,-0.04163,0.04469,0.04322,1,1,0.033,0.123,in_circle
81.386,1,1775,-0.01003,-0.03650,-0.0060,0.0147,-0.04033,0.04555,0.04256,1,1,0.047,0.096,in_circle
81.429,1,1776,-0.01037,-0.03625,-0.0078,0.0058,-0.03919,0.04503,0.04233,1,1,0.028,0.064,in_circle
81.473,1,1777,-0.01022,-0.03573,0.0035,0.0120,-0.03564,0.04512,0.04180,1,1,0.036,0.100,in_circle
81.518,1,1778,-0.01013,-0.03473,0.0020,0.0221,-0.03012,0.04179,0.04079,1,1,-0.009,0.074,in_circle
81.561,1,1779,-0.00933,-0.03377,0.0188,0.0226,-0.03058,0.04229,0.03980,1,1,-0.003,0.031,in_circle
81.606,1,1780,-0.00910,-0.03261,0.0052,0.0259,-0.02550,0.04169,0.03863,1,1,-0.073,0.026,in_circle
81.648,1,1781,-0.00917,-0.03138,-0.0018,0.0292,-0.01873,0.04259,0.03740,1,1,-0.019,0.012,in_circle
81.693,1,1782,-0.00901,-0.03102,0.0036,0.0080,-0.01571,0.04314,0.03704,1,1,0.009,-0.003,in_circle
81.738,1,1783,-0.00918,-0.03018,-0.0037,0.0186,-0.01306,0.04299,0.03621,1,1,-0.013,0.083,in_circle
81.781,1,1784,-0.00885,-0.02962,0.0076,0.0130,-0.01385,0.04237,0.03563,1,1,0.017,0.040,in_circle
81.826,1,1785,-0.00892,-0.02898,-0.0016,0.0143,-0.01610,0.04325,0.03500,1,1,-0.029,0.062,in_circle
81.869,1,1786,-0.00938,-0.02902,-0.0106,-0.0009,-0.01614,0.04368,0.03506,1,1,0.008,0.057,in_circle
81.914,1,1787,-0.00932,-0.02910,0.0012,-0.0016,-0.01818,0.04205,0.03513,1,1,0.045,0.119,in_circle
81.957,1,1788,-0.00945,-0.02877,-0.0031,0.0077,-0.02106,0.04268,0.03481,1,1,-0.002,0.124,in_circle
82.001,1,1789,-0.00962,-0.02845,-0.0038,0.0072,-0.02754,0.04260,0.03450,1,1,0.016,0.088,in_circle
82.044,1,1790,-0.00963,-0.02838,-0.0002,0.0017,-0.03319,0.04355,0.03442,1,1,0.019,0.090,in_circle
82.089,1,1791,-0.00942,-0.02832,0.0047,0.0012,-0.03076,0.04250,0.03436,1,1,0.005,0.114,in_circle
82.133,1,1792,-0.00954,-0.02787,-0.0028,0.0103,-0.03146,0.04286,0.03392,1,1,-0.015,0.117,in_circle
82.179,1,1793,-0.00963,-0.02833,-0.0020,-0.0100,-0.03232,0.04379,0.03438,1,1,0.015,0.081,in_circle
82.266,1,1794,-0.00943,-0.02859,0.0023,-0.0029,-0.03123,0.04375,0.03462,1,1,0.012,0.166,in_circle
82.310,1,1795,-0.00922,-0.02822,0.0047,0.0083,-0.03072,0.04379,0.03425,1,1,-0.005,0.140,in_circle
82.353,1,1796,-0.00932,-0.02824,-0.0023,-0.0006,-0.03204,0.04466,0.03428,1,1,-0.015,0.096,in_circle
82.398,1,1797,-0.00953,-0.02829,-0.0046,-0.0010,-0.03188,0.04330,0.03433,1,1,0.013,0.133,in_circle
82.441,1,1798,-0.00943,-0.02829,0.0022,0.0001,-0.03198,0.04393,0.03433,1,1,0.023,0.136,in_circle
82.485,1,1799,-0.00938,-0.02857,0.0013,-0.0066,-0.03146,0.04487,0.03461,1,1,-0.005,0.133,in_circle
82.530,1,1800,-0.00952,-0.02835,-0.0031,0.0049,-0.03153,0.04400,0.03439,1,1,-0.001,0.162,in_circle
82.574,1,1801,-0.00970,-0.02811,-0.0043,0.0056,-0.03159,0.04277,0.03416,1,1,0.017,0.117,in_circle
82.617,1,1802,-0.00962,-0.02805,0.0018,0.0013,-0.03248,0.04347,0.03410,1,1,0.022,0.115,in_circle
82.661,1,1803,-0.00965,-0.02828,-0.0007,-0.0053,-0.03111,0.04473,0.03433,1,1,-0.002,0.134,in_circle
82.705,1,1804,-0.00920,-0.02843,0.0101,-0.0035,-0.03005,0.04583,0.03446,1,1,0.008,0.162,in_circle
82.748,1,1805,-0.00910,-0.02852,0.0025,-0.0019,-0.03068,0.04655,0.03454,1,1,-0.037,0.157,in_circle
82.793,1,1806,-0.00952,-0.02830,-0.0093,0.0047,-0.03079,0.04676,0.03435,1,1,-0.006,0.153,in_circle
82.837,1,1807,-0.00950,-0.02839,0.0004,-0.0020,-0.03097,0.04625,0.03443,1,1,0.042,0.127,in_circle
82.882,1,1808,-0.00965,-0.02821,-0.0034,0.0040,-0.03125,0.04691,0.03426,1,1,0.003,0.155,in_circle
82.926,1,1809,-0.00961,-0.02845,0.0010,-0.0055,-0.03161,0.04853,0.03450,1,1,0.019,0.133,in_circle
82.970,1,1810,-0.00961,-0.02841,-0.0001,0.0008,-0.03097,0.04880,0.03446,1,1,0.001,0.173,in_circle
83.013,1,1811,-0.00965,-0.02839,-0.0010,0.0007,-0.03115,0.04953,0.03444,1,1,0.006,0.149,in_circle
83.056,1,1812,-0.00947,-0.02825,0.0042,0.0030,-0.03026,0.04804,0.03429,1,1,0.009,0.151,in_circle
83.100,1,1813,-0.00973,-0.02849,-0.0059,-0.0055,-0.03089,0.04661,0.03455,1,1,-0.012,0.143,in_circle
83.145,1,1814,-0.00962,-0.02844,0.0023,0.0011,-0.03124,0.04691,0.03449,1,1,0.029,0.179,in_circle
83.189,1,1815,-0.00935,-0.02817,0.0061,0.0063,-0.03162,0.04700,0.03420,1,1,-0.004,0.154,in_circle
83.233,1,1816,-0.00984,-0.02834,-0.0110,-0.0040,-0.03262,0.04723,0.03440,1,1,-0.019,0.134,in_circle
83.277,1,1817,-0.00925,-0.02837,0.0136,-0.0007,-0.03328,0.04645,0.03440,1,1,0.050,0.177,in_circle
83.321,1,1818,-0.00984,-0.02804,-0.0133,0.0074,-0.03393,0.04623,0.03410,1,1,-0.049,0.165,in_circle
83.364,1,1819,-0.00982,-0.02834,0.0006,-0.0068,-0.03422,0.04753,0.03439,1,1,0.060,0.134,in_circle
83.408,1,1820,-0.00971,-0.02809,0.0024,0.0055,-0.03295,0.04454,0.03415,1,1,0.004,0.193,in_circle
83.451,1,1821,-0.00974,-0.02829,-0.0006,-0.0047,-0.03524,0.04491,0.03435,1,1,-0.003,0.145,in_circle
83.498,1,1822,-0.00969,-0.02799,0.0010,0.0066,-0.03596,0.04404,0.03404,1,1,0.009,0.187,in_circle
83.540,1,1823,-0.00965,-0.02831,0.0010,-0.0076,-0.03596,0.04450,0.03436,1,1,0.002,0.143,in_circle
83.586,1,1824,-0.00967,-0.02809,-0.0005,0.0047,-0.03574,0.04460,0.03415,1,1,0.003,0.202,in_circle
83.628,1,1825,-0.00951,-0.02802,0.0037,0.0017,-0.03598,0.04429,0.03406,1,1,0.009,0.154,in_circle
83.674,1,1826,-0.00967,-0.02827,-0.0035,-0.0054,-0.03647,0.04450,0.03432,1,1,-0.009,0.167,in_circle
83.718,1,1827,-0.00946,-0.02779,0.0050,0.0110,-0.03598,0.04429,0.03383,1,1,0.021,0.198,in_circle
83.762,1,1828,-0.00990,-0.02797,-0.0101,-0.0039,-0.03614,0.04450,0.03403,1,1,-0.013,0.132,in_circle
83.804,1,1829,-0.00975,-0.02814,0.0035,-0.0040,-0.03596,0.04404,0.03419,1,1,0.048,0.194,in_circle
83.849,1,1830,-0.00932,-0.02823,0.0098,-0.0022,-0.03372,0.04472,0.03427,1,1,-0.007,0.196,in_circle
83.893,1,1831,-0.00938,-0.02829,-0.0013,-0.0013,-0.03472,0.04485,0.03433,1,1,-0.033,0.190,in_circle
83.939,1,1832,-0.00935,-0.02794,0.0005,0.0077,-0.03491,0.04315,0.03398,1,1,0.012,0.189,in_circle
83.981,1,1833,-0.00955,-0.02846,-0.0046,-0.0120,-0.03513,0.04237,0.03450,1,1,0.005,0.153,in_circle
84.025,1,1834,-0.00973,-0.02811,-0.0041,0.0079,-0.03592,0.04135,0.03416,1,1,0.026,0.235,in_circle
84.071,1,1835,-0.00934,-0.02796,0.0086,0.0034,-0.03523,0.04200,0.03399,1,1,0.024,0.156,in_circle
84.114,1,1836,-0.00973,-0.02794,-0.0090,0.0003,-0.03604,0.04387,0.03400,1,1,-0.028,0.175,in_circle
84.163,1,1837,-0.00961,-0.02839,0.0026,-0.0092,-0.03508,0.04250,0.03444,1,1,0.044,0.189,in_circle
84.205,1,1838,-0.00975,-0.02841,-0.0033,-0.0004,-0.03671,0.04185,0.03446,1,1,-0.003,0.230,in_circle
84.335,1,1839,-0.00986,-0.02775,-0.0008,0.0050,-0.03551,0.04438,0.03381,1,1,0.021,0.198,in_circle
84.389,1,1840,-0.00976,-0.02783,0.0018,-0.0015,-0.03589,0.04517,0.03389,1,1,0.012,0.177,in_circle
84.466,1,1841,-0.00966,-0.02810,0.0012,-0.0035,-0.03600,0.04581,0.03416,1,1,0.001,0.205,in_circle
84.524,1,1842,-0.00971,-0.02829,-0.0008,-0.0032,-0.03581,0.04399,0.03434,1,1,0.003,0.216,in_circle
84.556,1,1843,-0.00966,-0.02829,0.0016,-0.0002,-0.03581,0.04401,0.03434,1,1,0.012,0.218,in_circle
84.598,1,1844,-0.00928,-0.02813,0.0088,0.0038,-0.03569,0.04412,0.03416,1,1,0.002,0.207,in_circle
84.645,1,1845,-0.00974,-0.02796,-0.0098,0.0037,-0.03514,0.04510,0.03401,1,1,-0.028,0.192,in_circle
84.690,1,1846,-0.00981,-0.02783,-0.0017,0.0029,-0.03586,0.04279,0.03388,1,1,0.048,0.194,in_circle
84.733,1,1847,-0.00947,-0.02831,0.0080,-0.0112,-0.03622,0.04385,0.03435,1,1,0.016,0.198,in_circle
84.777,1,1848,-0.00959,-0.02788,-0.0028,0.0097,-0.03545,0.04642,0.03393,1,1,-0.024,0.257,in_circle
84.820,1,1849,-0.00970,-0.02778,-0.0025,0.0025,-0.03612,0.04490,0.03383,1,1,0.020,0.174,in_circle
84.864,1,1850,-0.00963,-0.02812,0.0017,-0.0079,-0.03868,0.04518,0.03417,1,1,0.019,0.204,in_circle
84.910,1,1851,-0.00967,-0.02804,-0.0008,0.0016,-0.03857,0.04549,0.03409,1,1,0.002,0.248,in_circle
84.951,1,1852,-0.00969,-0.02799,-0.0007,0.0013,-0.03796,0.04536,0.03404,1,1,0.012,0.211,in_circle
84.998,1,1853,-0.00968,-0.02824,0.0004,-0.0053,-0.03868,0.04541,0.03429,1,1,0.012,0.214,in_circle
85.049,1,1854,-0.00973,-0.02819,-0.0010,0.0010,-0.03908,0.04533,0.03424,1,1,0.008,0.242,in_circle
85.086,1,1855,-0.00976,-0.02793,-0.0008,0.0070,-0.03956,0.04570,0.03399,1,1,0.014,0.219,in_circle
85.127,1,1856,-0.00944,-0.02797,0.0078,-0.0009,-0.03888,0.04593,0.03401,1,1,0.013,0.195,in_circle
85.179,1,1857,-0.00967,-0.02824,-0.0044,-0.0052,-0.03885,0.04610,0.03429,1,1,-0.022,0.228,in_circle
85.215,1,1858,-0.00967,-0.02826,-0.0002,-0.0004,-0.03899,0.04658,0.03431,1,1,0.027,0.248,in_circle
85.259,1,1859,-0.00977,-0.02810,-0.0021,0.0036,-0.03920,0.04448,0.03415,1,1,0.010,0.230,in_circle
85.302,1,1860,-0.00974,-0.02809,0.0007,0.0002,-0.03882,0.04595,0.03414,1,1,0.019,0.215,in_circle
85.344,1,1861,-0.00969,-0.02833,0.0012,-0.0056,-0.03948,0.04381,0.03438,1,1,0.007,0.230,in_circle
85.389,1,1862,-0.00933,-0.02838,0.0079,-0.0012,-0.03828,0.04483,0.03441,1,1,0.005,0.255,in_circle
85.433,1,1863,-0.00920,-0.02840,0.0031,-0.0004,-0.03819,0.04543,0.03443,1,1,-0.022,0.240,in_circle
85.478,1,1864,-0.00956,-0.02836,-0.0081,0.0009,-0.04010,0.04446,0.03440,1,1,-0.003,0.238,in_circle
85.521,1,1865,-0.00961,-0.02814,-0.0011,0.0051,-0.04005,0.04570,0.03419,1,1,0.042,0.234,in_circle
85.568,1,1866,-0.00972,-0.02794,-0.0025,0.0042,-0.03749,0.04527,0.03400,1,1,0.014,0.218,in_circle
85.610,1,1867,-0.00952,-0.02822,0.0050,-0.0065,-0.03592,0.04434,0.03426,1,1,0.020,0.223,in_circle
85.652,1,1868,-0.00964,-0.02800,-0.0029,0.0051,-0.03916,0.04446,0.03405,1,1,-0.010,0.268,in_circle
85.697,1,1869,-0.00963,-0.02824,0.0001,-0.0054,-0.03948,0.04606,0.03429,1,1,0.022,0.222,in_circle
85.741,1,1870,-0.00939,-0.02837,0.0055,-0.0030,-0.04108,0.04394,0.03441,1,1,0.010,0.266,in_circle
85.785,1,1871,-0.00943,-0.02807,-0.0007,0.0068,-0.04140,0.04482,0.03411,1,1,-0.012,0.259,in_circle
85.828,1,1872,-0.00959,-0.02797,-0.0038,0.0023,-0.04266,0.04457,0.03402,1,1,0.013,0.220,in_circle
85.875,1,1873,-0.00974,-0.02771,-0.0032,0.0057,-0.04434,0.04432,0.03376,1,1,0.026,0.239,in_circle
85.916,1,1874,-0.00970,-0.02779,0.0009,-0.0021,-0.04268,0.04308,0.03385,1,1,0.024,0.227,in_circle
85.962,1,1875,-0.00982,-0.02748,-0.0027,0.0069,-0.04377,0.04413,0.03354,1,1,0.008,0.260,in_circle
86.005,1,1876,-0.00960,-0.02624,0.0052,0.0287,-0.04346,0.04424,0.03229,1,1,0.022,0.224,in_circle
86.051,1,1877,-0.00959,-0.02537,0.0002,0.0188,-0.04279,0.04434,0.03142,1,1,-0.010,0.136,in_circle
86.094,1,1878,-0.00941,-0.02362,0.0040,0.0405,-0.03999,0.04429,0.02967,1,1,0.010,0.174,in_circle
86.138,1,1879,-0.00840,-0.02282,0.0234,0.0184,-0.03414,0.04555,0.02883,1,1,-0.005,0.085,in_circle
86.181,1,1880,-0.00850,-0.02079,-0.0024,0.0472,-0.03326,0.04261,0.02680,1,1,-0.086,0.172,in_circle
86.226,1,1881,-0.00897,-0.01934,-0.0104,0.0322,-0.02849,0.04387,0.02537,1,1,0.018,0.053,in_circle
86.314,1,1882,-0.00924,-0.01583,-0.0031,0.0398,-0.02090,0.04287,0.02188,1,1,0.051,0.112,in_circle
86.357,1,1883,-0.00990,-0.01392,-0.0153,0.0441,-0.01571,0.04439,0.02003,1,1,0.023,0.073,in_circle
86.401,1,1884,-0.00956,-0.01194,0.0080,0.0459,-0.01873,0.04259,0.01802,1,1,0.073,0.052,in_circle
86.446,1,1885,-0.00983,-0.01064,-0.0059,0.0287,-0.01784,0.04430,0.01676,1,1,-0.021,0.041,in_circle
86.489,1,1886,-0.00983,-0.00938,-0.0001,0.0287,-0.01854,0.04384,0.01552,1,1,0.036,0.107,in_circle
86.533,1,1887,-0.01063,-0.00823,-0.0182,0.0263,-0.02089,0.04471,0.01451,1,1,0.012,0.105,in_circle
86.578,1,1888,-0.01108,-0.00713,-0.0100,0.0245,-0.02314,0.04508,0.01353,1,1,0.087,0.112,in_circle
86.623,1,1889,-0.01125,-0.00639,-0.0038,0.0163,-0.02591,0.04632,0.01286,1,1,0.056,0.117,in_circle
86.667,1,1890,-0.01131,-0.00561,-0.0015,0.0180,-0.02641,0.04745,0.01213,1,1,0.031,0.149,in_circle
86.712,1,1891,-0.01157,-0.00519,-0.0057,0.0094,-0.02691,0.05104,0.01181,1,1,0.022,0.140,in_circle
86.754,1,1892,-0.01140,-0.00544,0.0041,-0.0060,-0.03276,0.04964,0.01199,1,1,0.040,0.174,in_circle
86.796,1,1893,-0.01100,-0.00524,0.0093,0.0048,-0.03282,0.04985,0.01168,1,1,0.001,0.237,in_circle
86.841,1,1894,-0.01002,-0.00524,0.0218,-0.0001,-0.03808,0.05067,0.01146,1,1,-0.021,0.194,in_circle
86.885,1,1895,-0.00952,-0.00455,0.0114,0.0157,-0.04516,0.04861,0.01069,1,1,-0.073,0.214,in_circle
86.930,1,1896,-0.00869,-0.00500,0.0184,-0.0100,-0.04481,0.04775,0.01103,1,1,-0.033,0.150,in_circle
86.974,1,1897,-0.00854,-0.00428,0.0035,0.0164,-0.04494,0.04520,0.01031,1,1,-0.063,0.254,in_circle
87.017,1,1898,-0.00833,-0.00294,0.0048,0.0309,-0.04182,0.04460,0.00895,1,1,-0.004,0.147,in_circle
87.061,1,1899,-0.00829,-0.00294,0.0011,-0.0002,-0.04368,0.04390,0.00896,1,1,-0.009,0.086,in_circle
87.105,1,1900,-0.00943,-0.00356,-0.0259,-0.0139,-0.03693,0.04344,0.00969,1,1,0.005,0.210,in_circle
87.149,1,1901,-0.00914,-0.00440,0.0066,-0.0193,-0.03070,0.04078,0.01049,1,1,0.116,0.267,in_circle
87.194,1,1902,-0.00848,-0.00432,0.0146,0.0017,-0.03596,0.04404,0.01035,1,1,-0.015,0.292,in_circle
87.238,1,1903,-0.00975,-0.00526,-0.0288,-0.0212,-0.04094,0.04357,0.01143,1,1,-0.048,0.208,in_circle
87.283,1,1904,-0.01043,-0.00496,-0.0149,0.0066,-0.04102,0.04428,0.01128,1,1,0.129,0.302,in_circle
87.327,1,1905,-0.01036,-0.00500,0.0015,-0.0009,-0.04137,0.04239,0.01130,1,1,0.075,0.191,in_circle
87.371,1,1906,-0.01065,-0.00476,-0.0064,0.0055,-0.04525,0.04546,0.01113,1,1,0.009,0.222,in_circle
87.413,1,1907,-0.01054,-0.00482,0.0026,-0.0014,-0.04235,0.04735,0.01116,1,1,0.042,0.196,in_circle
87.457,1,1908,-0.00991,-0.00472,0.0143,0.0022,-0.04213,0.04799,0.01093,1,1,0.006,0.224,in_circle
87.502,1,1909,-0.01017,-0.00471,-0.0057,0.0002,-0.04035,0.04795,0.01097,1,1,-0.043,0.210,in_circle
87.545,1,1910,-0.00932,-0.00518,0.0197,-0.0109,-0.03931,0.04806,0.01129,1,1,0.038,0.218,in_circle
87.590,1,1911,-0.00955,-0.00506,-0.0052,0.0027,-0.03762,0.04736,0.01120,1,1,-0.066,0.264,in_circle
87.633,1,1912,-0.00927,-0.00513,0.0064,-0.0016,-0.03817,0.04758,0.01123,1,1,0.034,0.210,in_circle
87.679,1,1913,-0.01031,-0.00520,-0.0228,-0.0016,-0.03782,0.04590,0.01148,1,1,-0.012,0.228,in_circle
87.721,1,1914,-0.00993,-0.00486,0.0093,0.0083,-0.03730,0.04404,0.01106,1,1,0.107,0.228,in_circle
87.765,1,1915,-0.00988,-0.00515,0.0010,-0.0067,-0.03743,0.04506,0.01135,1,1,-0.022,0.189,in_circle
87.810,1,1916,-0.00957,-0.00509,0.0069,0.0014,-0.03845,0.04587,0.01123,1,1,0.011,0.250,in_circle
87.854,1,1917,-0.00928,-0.00520,0.0067,-0.0026,-0.03632,0.04468,0.01130,1,1,-0.013,0.218,in_circle
87.898,1,1918,-0.00894,-0.00500,0.0076,0.0047,-0.03669,0.04513,0.01106,1,1,-0.013,0.235,in_circle
87.942,1,1919,-0.00967,-0.00504,-0.0168,-0.0009,-0.03730,0.04375,0.01120,1,1,-0.017,0.205,in_circle
87.987,1,1920,-0.00957,-0.00530,0.0023,-0.0058,-0.03626,0.04508,0.01144,1,1,0.082,0.228,in_circle
88.030,1,1921,-0.00903,-0.00513,0.0125,0.0040,-0.03736,0.04384,0.01120,1,1,0.005,0.249,in_circle
88.074,1,1922,-0.00960,-0.00502,-0.0127,0.0025,-0.03809,0.04426,0.01117,1,1,-0.037,0.210,in_circle
88.118,1,1923,-0.00944,-0.00514,0.0036,-0.0027,-0.03763,0.04514,0.01126,1,1,0.066,0.216,in_circle
88.162,1,1924,-0.00960,-0.00536,-0.0035,-0.0049,-0.03803,0.04409,0.01150,1,1,0.000,0.238,in_circle
88.205,1,1925,-0.00879,-0.00483,0.0189,0.0124,-0.03794,0.04411,0.01087,1,1,0.029,0.248,in_circle
88.248,1,1926,-0.00949,-0.00519,-0.0163,-0.0085,-0.03852,0.04468,0.01132,1,1,-0.063,0.178,in_circle
88.337,1,1927,-0.00962,-0.00472,-0.0015,0.0053,-0.03674,0.04366,0.01088,1,1,0.080,0.263,in_circle
88.381,1,1928,-0.01001,-0.00519,-0.0090,-0.0108,-0.03721,0.04132,0.01141,1,1,0.021,0.207,in_circle
88.426,1,1929,-0.00898,-0.00522,0.0229,-0.0008,-0.03873,0.04418,0.01129,1,1,0.053,0.273,in_circle
88.468,1,1930,-0.00965,-0.00497,-0.0157,0.0060,-0.03934,0.04564,0.01112,1,1,-0.078,0.234,in_circle
88.514,1,1931,-0.00964,-0.00505,0.0002,-0.0018,-0.04082,0.04475,0.01120,1,1,0.079,0.206,in_circle
88.558,1,1932,-0.00958,-0.00527,0.0012,-0.0050,-0.04038,0.04415,0.01141,1,1,0.015,0.238,in_circle
88.601,1,1933,-0.00919,-0.00512,0.0093,0.0035,-0.04089,0.04581,0.01121,1,1,0.011,0.252,in_circle
88.645,1,1934,-0.00915,-0.00507,0.0010,0.0011,-0.03968,0.04884,0.01115,1,1,-0.022,0.218,in_circle
88.690,1,1935,-0.00982,-0.00478,-0.0150,0.0065,-0.04026,0.04621,0.01097,1,1,0.011,0.228,in_circle
88.733,1,1936,-0.00955,-0.00517,0.0064,-0.0092,-0.04037,0.04485,0.01130,1,1,0.077,0.206,in_circle
88.778,1,1937,-0.00956,-0.00490,-0.0003,0.0058,-0.04013,0.04575,0.01104,1,1,-0.010,0.270,in_circle
88.821,1,1938,-0.00902,-0.00514,0.0127,-0.0055,-0.04046,0.04664,0.01120,1,1,0.017,0.210,in_circle
88.866,1,1939,-0.00926,-0.00513,-0.0053,0.0000,-0.04066,0.04591,0.01123,1,1,-0.036,0.257,in_circle
88.909,1,1940,-0.00946,-0.00460,-0.0046,0.0123,-0.03805,0.04530,0.01072,1,1,0.036,0.235,in_circle
88.953,1,1941,-0.00926,-0.00507,0.0047,-0.0110,-0.03835,0.04518,0.01117,1,1,0.034,0.185,in_circle
88.997,1,1942,-0.00952,-0.00483,-0.0060,0.0055,-0.03891,0.04553,0.01097,1,1,-0.003,0.280,in_circle
89.041,1,1943,-0.00889,-0.00504,0.0140,-0.0046,-0.03819,0.04528,0.01109,1,1,0.040,0.214,in_circle
89.085,1,1944,-0.00945,-0.00526,-0.0129,-0.0050,-0.03910,0.04461,0.01138,1,1,-0.041,0.255,in_circle
89.129,1,1945,-0.00918,-0.00492,0.0061,0.0076,-0.03852,0.04559,0.01101,1,1,0.068,0.258,in_circle
89.173,1,1946,-0.00963,-0.00492,-0.0102,-0.0000,-0.03837,0.04610,0.01107,1,1,-0.009,0.207,in_circle
89.217,1,1947,-0.00958,-0.00509,0.0012,-0.0039,-0.04055,0.04539,0.01124,1,1,0.058,0.238,in_circle
89.261,1,1948,-0.00902,-0.00522,0.0129,-0.0030,-0.03969,0.04502,0.01129,1,1,0.012,0.255,in_circle
89.305,1,1949,-0.00944,-0.00465,-0.0094,0.0128,-0.03957,0.04597,0.01078,1,1,-0.036,0.252,in_circle
89.349,1,1950,-0.00917,-0.00511,0.0061,-0.0103,-0.03910,0.04650,0.01120,1,1,0.054,0.187,in_circle
89.393,1,1951,-0.00976,-0.00508,-0.0135,0.0007,-0.03906,0.04534,0.01125,1,1,-0.008,0.282,in_circle
89.438,1,1952,-0.00930,-0.00515,0.0103,-0.0016,-0.03810,0.04787,0.01125,1,1,0.071,0.238,in_circle
89.481,1,1953,-0.00949,-0.00494,-0.0046,0.0049,-0.04165,0.04510,0.01107,1,1,-0.025,0.248,in_circle
89.526,1,1954,-0.00934,-0.00510,0.0034,-0.0036,-0.04037,0.04717,0.01121,1,1,0.035,0.222,in_circle
89.570,1,1955,-0.00940,-0.00515,-0.0014,-0.0011,-0.04093,0.04411,0.01127,1,1,0.003,0.257,in_circle
89.615,1,1956,-0.00957,-0.00456,-0.0036,0.0130,-0.04139,0.04639,0.01071,1,1,0.022,0.247,in_circle
89.657,1,1957,-0.00905,-0.00521,0.0124,-0.0157,-0.03984,0.04623,0.01128,1,1,0.032,0.190,in_circle
89.702,1,1958,-0.00926,-0.00485,-0.0046,0.0081,-0.04022,0.04529,0.01094,1,1,-0.034,0.307,in_circle
89.745,1,1959,-0.00942,-0.00512,-0.0037,-0.0064,-0.03950,0.04650,0.01124,1,1,0.035,0.211,in_circle
89.790,1,1960,-0.00951,-0.00510,-0.0021,0.0005,-0.04348,0.04480,0.01123,1,1,0.032,0.270,in_circle
89.832,1,1961,-0.00971,-0.00508,-0.0048,0.0005,-0.03998,0.04608,0.01124,1,1,0.026,0.243,in_circle
89.878,1,1962,-0.00916,-0.00535,0.0120,-0.0060,-0.04083,0.04395,0.01143,1,1,0.037,0.243,in_circle
89.921,1,1963,-0.00928,-0.00472,-0.0028,0.0146,-0.04149,0.04539,0.01083,1,1,-0.032,0.271,in_circle
89.965,1,1964,-0.00927,-0.00478,0.0002,-0.0012,-0.04063,0.04461,0.01088,1,1,0.028,0.188,in_circle
90.009,1,1965,-0.00913,-0.00517,0.0032,-0.0090,-0.03977,0.04463,0.01125,1,1,0.016,0.251,in_circle
90.054,1,1966,-0.00935,-0.00527,-0.0049,-0.0022,-0.03783,0.04581,0.01137,1,1,0.004,0.284,in_circle
90.096,1,1967,-0.00956,-0.00477,-0.0051,0.0117,-0.03926,0.04491,0.01091,1,1,0.037,0.257,in_circle
90.143,1,1968,-0.00940,-0.00469,0.0036,0.0017,-0.04171,0.04554,0.01081,1,1,0.038,0.201,in_circle
90.185,1,1969,-0.00938,-0.00515,0.0004,-0.0110,-0.03961,0.04537,0.01126,1,1,0.003,0.241,in_circle
90.229,1,1970,-0.00991,-0.00495,-0.0120,0.0045,-0.04048,0.04463,0.01115,1,1,0.016,0.294,in_circle
90.273,1,1971,-0.00936,-0.00518,0.0127,-0.0053,-0.04097,0.04438,0.01129,1,1,0.067,0.232,in_circle
90.360,1,1972,-0.00916,-0.00487,0.0023,0.0036,-0.04200,0.04715,0.01095,1,1,-0.033,0.273,in_circle
90.405,1,1973,-0.00918,-0.00545,-0.0005,-0.0131,-0.04246,0.04607,0.01154,1,1,0.008,0.236,in_circle
90.449,1,1974,-0.00883,-0.00511,0.0079,0.0079,-0.04183,0.04443,0.01116,1,1,0.019,0.305,in_circle
90.494,1,1975,-0.00970,-0.00514,-0.0192,-0.0006,-0.04250,0.04480,0.01130,1,1,-0.015,0.221,in_circle
90.537,1,1976,-0.00955,-0.00527,0.0035,-0.0032,-0.04358,0.04506,0.01141,1,1,0.096,0.256,in_circle
90.583,1,1977,-0.00932,-0.00472,0.0050,0.0122,-0.03992,0.04570,0.01082,1,1,0.005,0.267,in_circle
90.625,1,1978,-0.00909,-0.00474,0.0054,-0.0006,-0.04222,0.04662,0.01082,1,1,-0.002,0.204,in_circle
90.671,1,1979,-0.01000,-0.00501,-0.0200,-0.0060,-0.04283,0.04711,0.01123,1,1,-0.004,0.256,in_circle
90.714,1,1980,-0.00925,-0.00493,0.0173,0.0020,-0.03961,0.04752,0.01102,1,1,0.100,0.279,in_circle
90.758,1,1981,-0.00928,-0.00506,-0.0005,-0.0031,-0.04058,0.04747,0.01116,1,1,-0.051,0.247,in_circle
90.801,1,1982,-0.00937,-0.00485,-0.0021,0.0050,-0.04071,0.04729,0.01096,1,1,0.020,0.268,in_circle
90.844,1,1983,-0.00949,-0.00490,-0.0028,-0.0012,-0.04079,0.04715,0.01103,1,1,0.027,0.236,in_circle
90.890,1,1984,-0.00914,-0.00468,0.0077,0.0047,-0.04036,0.04494,0.01076,1,1,0.030,0.261,in_circle
90.934,1,1985,-0.00962,-0.00498,-0.0110,-0.0068,-0.04073,0.04697,0.01113,1,1,-0.013,0.237,in_circle
90.977,1,1986,-0.00908,-0.00475,0.0124,0.0053,-0.04095,0.04597,0.01082,1,1,0.064,0.285,in_circle
91.021,1,1987,-0.00928,-0.00480,-0.0046,-0.0013,-0.03979,0.04566,0.01091,1,1,-0.031,0.236,in_circle
91.065,1,1988,-0.00917,-0.00507,0.0027,-0.0062,-0.04251,0.04635,0.01116,1,1,0.037,0.263,in_circle
91.109,1,1989,-0.00960,-0.00485,-0.0096,0.0048,-0.04117,0.04658,0.01100,1,1,0.008,0.284,in_circle
91.153,1,1990,-0.00928,-0.00474,0.0074,0.0027,-0.04109,0.04730,0.01084,1,1,0.058,0.240,in_circle
91.198,1,1991,-0.00927,-0.00463,0.0003,0.0024,-0.04208,0.04629,0.01073,1,1,-0.011,0.248,in_circle
91.241,1,1992,-0.00960,-0.00497,-0.0078,-0.0081,-0.04321,0.04664,0.01112,1,1,0.018,0.250,in_circle
91.293,1,1993,-0.00932,-0.00524,0.0054,-0.0051,-0.04124,0.04482,0.01134,1,1,0.051,0.293,in_circle
91.331,1,1994,-0.00976,-0.00496,-0.0118,0.0075,-0.04265,0.04545,0.01113,1,1,-0.003,0.283,in_circle
91.375,1,1995,-0.00956,-0.00482,0.0046,0.0032,-0.04262,0.04643,0.01096,1,1,0.068,0.232,in_circle
91.418,1,1996,-0.00931,-0.00507,0.0058,-0.0058,-0.04240,0.04710,0.01117,1,1,0.002,0.249,in_circle
91.461,1,1997,-0.00984,-0.00489,-0.0122,0.0040,-0.04186,0.04684,0.01108,1,1,-0.004,0.286,in_circle
91.507,1,1998,-0.00919,-0.00478,0.0143,0.0024,-0.04167,0.04699,0.01087,1,1,0.070,0.247,in_circle
91.551,1,1999,-0.00961,-0.00488,-0.0096,-0.0023,-0.04270,0.04430,0.01103,1,1,-0.038,0.254,in_circle
91.595,1,2000,-0.00952,-0.00489,0.0021,-0.0002,-0.04294,0.04526,0.01103,1,1,0.059,0.273,in_circle
91.637,1,2001,-0.00965,-0.00518,-0.0030,-0.0068,-0.04084,0.04613,0.01133,1,1,0.012,0.265,in_circle
91.681,1,2002,-0.00920,-0.00525,0.0099,-0.0015,-0.04214,0.04504,0.01133,1,1,0.033,0.293,in_circle
91.726,1,2003,-0.00912,-0.00472,0.0019,0.0119,-0.04192,0.04609,0.01080,1,1,-0.020,0.272,in_circle
91.770,1,2004,-0.00878,-0.00501,0.0077,-0.0067,-0.04159,0.04467,0.01105,1,1,0.012,0.218,in_circle
91.814,1,2005,-0.00941,-0.00496,-0.0141,0.0012,-0.04291,0.04575,0.01107,1,1,-0.012,0.293,in_circle
91.857,1,2006,-0.00953,-0.00510,-0.0028,-0.0034,-0.04108,0.04690,0.01124,1,1,0.077,0.262,in_circle
91.902,1,2007,-0.00909,-0.00515,0.0098,-0.0010,-0.04274,0.04538,0.01122,1,1,0.032,0.282,in_circle
91.944,1,2008,-0.00922,-0.00490,-0.0031,0.0057,-0.04237,0.04709,0.01100,1,1,-0.020,0.272,in_circle
91.989,1,2009,-0.00972,-0.00500,-0.0110,-0.0021,-0.04269,0.04686,0.01116,1,1,0.032,0.246,in_circle
92.034,1,2010,-0.00962,-0.00501,0.0023,-0.0004,-0.04296,0.04425,0.01116,1,1,0.065,0.278,in_circle
92.077,1,2011,-0.00953,-0.00513,0.0020,-0.0027,-0.04358,0.04563,0.01126,1,1,0.012,0.271,in_circle
92.121,1,2012,-0.00913,-0.00508,0.0093,0.0011,-0.04117,0.04810,0.01116,1,1,0.013,0.281,in_circle
92.166,1,2013,-0.00956,-0.00497,-0.0095,0.0024,-0.04158,0.04614,0.01111,1,1,-0.017,0.266,in_circle
92.210,1,2014,-0.00946,-0.00496,0.0022,0.0002,-0.04305,0.04571,0.01109,1,1,0.059,0.261,in_circle
92.254,1,2015,-0.00938,-0.00504,0.0020,-0.0019,-0.04231,0.04565,0.01116,1,1,0.012,0.271,in_circle
92.297,1,2016,-0.00929,-0.00481,0.0021,0.0054,-0.04264,0.04488,0.01092,1,1,0.013,0.280,in_circle
92.385,1,2017,-0.00901,-0.00496,0.0031,-0.0016,-0.04190,0.04457,0.01103,1,1,0.012,0.251,in_circle
92.430,1,2018,-0.00910,-0.00489,-0.0019,0.0014,-0.04275,0.04517,0.01097,1,1,0.008,0.280,in_circle
92.473,1,2019,-0.00959,-0.00504,-0.0115,-0.0034,-0.04202,0.04599,0.01118,1,1,0.028,0.268,in_circle
92.518,1,2020,-0.00974,-0.00479,-0.0033,0.0055,-0.04358,0.04520,0.01096,1,1,0.068,0.288,in_circle
92.561,1,2021,-0.00933,-0.00473,0.0096,0.0014,-0.04119,0.04565,0.01084,1,1,0.036,0.252,in_circle
92.605,1,2022,-0.00945,-0.00499,-0.0027,-0.0057,-0.04170,0.04505,0.01111,1,1,-0.017,0.269,in_circle
92.648,1,2023,-0.00937,-0.00516,0.0017,-0.0041,-0.04195,0.04673,0.01127,1,1,0.033,0.299,in_circle
92.693,1,2024,-0.00972,-0.00450,-0.0078,0.0148,-0.04284,0.04467,0.01067,1,1,0.015,0.293,in_circle
92.738,1,2025,-0.00929,-0.00508,0.0096,-0.0130,-0.04240,0.04561,0.01118,1,1,0.054,0.216,in_circle
92.783,1,2026,-0.00942,-0.00492,-0.0029,0.0037,-0.04266,0.04610,0.01104,1,1,-0.017,0.330,in_circle
92.826,1,2027,-0.00958,-0.00497,-0.0036,-0.0013,-0.04236,0.04635,0.01111,1,1,0.033,0.263,in_circle
92.871,1,2028,-0.00975,-0.00484,-0.0039,0.0029,-0.04640,0.04472,0.01102,1,1,0.037,0.283,in_circle
92.914,1,2029,-0.00931,-0.00518,0.0103,-0.0077,-0.04519,0.04462,0.01128,1,1,0.038,0.267,in_circle
92.959,1,2030,-0.00938,-0.00528,-0.0017,-0.0024,-0.04438,0.04486,0.01139,1,1,-0.019,0.311,in_circle
93.000,1,2031,-0.00964,-0.00489,-0.0063,0.0094,-0.04456,0.04480,0.01105,1,1,0.029,0.290,in_circle
93.046,1,2032,-0.00945,-0.00500,0.0041,-0.0023,-0.04531,0.04411,0.01112,1,1,0.048,0.242,in_circle
93.089,1,2033,-0.00960,-0.00485,-0.0035,0.0035,-0.04458,0.04564,0.01100,1,1,0.006,0.290,in_circle
93.135,1,2034,-0.00940,-0.00509,0.0044,-0.0052,-0.04458,0.04459,0.01120,1,1,0.037,0.267,in_circle
93.177,1,2035,-0.00897,-0.00505,0.0103,0.0010,-0.04359,0.04593,0.01111,1,1,0.005,0.303,in_circle
93.223,1,2036,-0.00953,-0.00480,-0.0123,0.0055,-0.04416,0.04512,0.01093,1,1,-0.020,0.278,in_circle
93.265,1,2037,-0.00900,-0.00475,0.0128,0.0010,-0.04381,0.04519,0.01082,1,1,0.072,0.260,in_circle
93.311,1,2038,-0.00918,-0.00469,-0.0039,0.0013,-0.04327,0.04531,0.01078,1,1,-0.029,0.278,in_circle
93.353,1,2039,-0.00984,-0.00490,-0.0159,-0.0049,-0.04332,0.04648,0.01109,1,1,0.038,0.278,in_circle
93.398,1,2040,-0.00916,-0.00488,0.0149,0.0003,-0.04332,0.04591,0.01097,1,1,0.088,0.303,in_circle
93.441,1,2041,-0.00920,-0.00513,-0.0009,-0.0058,-0.04327,0.04734,0.01122,1,1,-0.037,0.283,in_circle
93.486,1,2042,-0.00936,-0.00513,-0.0034,0.0000,-0.04323,0.04742,0.01124,1,1,0.026,0.308,in_circle
93.529,1,2043,-0.00951,-0.00498,-0.0034,0.0036,-0.04347,0.04706,0.01111,1,1,0.037,0.286,in_circle
93.575,1,2044,-0.00927,-0.00528,0.0051,-0.0065,-0.04440,0.04732,0.01137,1,1,0.037,0.272,in_circle
93.617,1,2045,-0.00895,-0.00503,0.0077,0.0059,-0.04323,0.04735,0.01109,1,1,0.002,0.313,in_circle
93.662,1,2046,-0.00955,-0.00495,-0.0131,0.0018,-0.04428,0.04716,0.01109,1,1,-0.009,0.264,in_circle
93.707,1,2047,-0.00944,-0.00505,0.0023,-0.0022,-0.04398,0.04690,0.01117,1,1,0.076,0.280,in_circle
93.750,1,2048,-0.00882,-0.00526,0.0145,-0.0049,-0.04332,0.04648,0.01130,1,1,0.014,0.297,in_circle
93.793,1,2049,-0.00930,-0.00470,-0.0111,0.0129,-0.04407,0.04727,0.01080,1,1,-0.036,0.309,in_circle
93.838,1,2050,-0.00921,-0.00492,0.0020,-0.0050,-0.04423,0.04693,0.01101,1,1,0.068,0.237,in_circle
93.882,1,2051,-0.00890,-0.00482,0.0070,0.0024,-0.04285,0.04654,0.01087,1,1,0.015,0.309,in_circle
93.926,1,2052,-0.00926,-0.00485,-0.0081,-0.0007,-0.04366,0.04663,0.01095,1,1,-0.006,0.280,in_circle
93.970,1,2053,-0.00924,-0.00472,0.0004,0.0029,-0.04423,0.04693,0.01082,1,1,0.056,0.293,in_circle
94.014,1,2054,-0.00934,-0.00506,-0.0022,-0.0077,-0.04365,0.04581,0.01117,1,1,0.022,0.278,in_circle
94.056,1,2055,-0.00908,-0.00511,0.0061,-0.0011,-0.04347,0.04706,0.01118,1,1,0.032,0.322,in_circle
94.101,1,2056,-0.00951,-0.00500,-0.0095,0.0024,-0.04490,0.04714,0.01113,1,1,-0.002,0.296,in_circle
94.145,1,2057,-0.00917,-0.00511,0.0079,-0.0026,-0.04365,0.04586,0.01119,1,1,0.062,0.282,in_circle
94.188,1,2058,-0.00900,-0.00496,0.0039,0.0034,-0.04535,0.04540,0.01103,1,1,-0.008,0.303,in_circle
94.233,1,2059,-0.00915,-0.00518,-0.0036,-0.0050,-0.04450,0.04638,0.01127,1,1,0.007,0.280,in_circle
94.278,1,2060,-0.00914,-0.00513,0.0002,0.0012,-0.04497,0.04489,0.01121,1,1,0.038,0.314,in_circle
94.321,1,2061,-0.00945,-0.00495,-0.0073,0.0041,-0.04526,0.04530,0.01108,1,1,0.023,0.290,in_circle
94.410,1,2062,-0.00974,-0.00525,-0.0032,-0.0033,-0.04542,0.04612,0.01141,1,1,0.053,0.279,in_circle
94.455,1,2063,-0.00932,-0.00520,0.0092,0.0010,-0.04396,0.04530,0.01131,1,1,0.038,0.309,in_circle
94.498,1,2064,-0.00891,-0.00506,0.0097,0.0033,-0.04565,0.04566,0.01112,1,1,-0.013,0.293,in_circle
94.541,1,2065,-0.00892,-0.00522,-0.0002,-0.0036,-0.04494,0.04520,0.01128,1,1,-0.015,0.284,in_circle
94.586,1,2066,-0.00924,-0.00532,-0.0073,-0.0021,-0.04484,0.04556,0.01141,1,1,0.024,0.312,in_circle
94.631,1,2067,-0.00924,-0.00468,0.0002,0.0144,-0.04557,0.04518,0.01077,1,1,0.053,0.307,in_circle
94.673,1,2068,-0.00910,-0.00512,0.0031,-0.0103,-0.04430,0.04528,0.01119,1,1,0.024,0.240,in_circle
94.717,1,2069,-0.00933,-0.00542,-0.0052,-0.0069,-0.04502,0.04568,0.01152,1,1,0.011,0.340,in_circle
94.761,1,2070,-0.00965,-0.00510,-0.0073,0.0072,-0.04343,0.04747,0.01126,1,1,0.045,0.328,in_circle
94.806,1,2071,-0.00895,-0.00471,0.0157,0.0087,-0.04534,0.04529,0.01077,1,1,0.055,0.271,in_circle
94.848,1,2072,-0.00932,-0.00477,-0.0090,-0.0013,-0.04567,0.04577,0.01087,1,1,-0.039,0.265,in_circle
94.894,1,2073,-0.00965,-0.00512,-0.0072,-0.0076,-0.04567,0.04577,0.01127,1,1,0.061,0.305,in_circle
94.937,1,2074,-0.00921,-0.00498,0.0103,0.0032,-0.04434,0.04491,0.01107,1,1,0.054,0.332,in_circle
94.982,1,2075,-0.00929,-0.00481,-0.0019,0.0036,-0.04514,0.04683,0.01092,1,1,-0.017,0.289,in_circle
95.027,1,2076,-0.00906,-0.00453,0.0051,0.0062,-0.04508,0.04664,0.01061,1,1,0.032,0.287,in_circle
95.071,1,2077,-0.00935,-0.00485,-0.0067,-0.0071,-0.04477,0.04510,0.01096,1,1,0.004,0.276,in_circle
95.114,1,2078,-0.00976,-0.00501,-0.0095,-0.0038,-0.04585,0.04607,0.01119,1,1,0.052,0.331,in_circle
95.158,1,2079,-0.00917,-0.00492,0.0136,0.0022,-0.04446,0.04463,0.01100,1,1,0.064,0.319,in_circle
95.203,1,2080,-0.00882,-0.00505,0.0078,-0.0030,-0.04578,0.04623,0.01110,1,1,-0.030,0.295,in_circle
95.245,1,2081,-0.00959,-0.00494,-0.0185,0.0028,-0.04641,0.04486,0.01108,1,1,-0.007,0.316,in_circle
95.290,1,2082,-0.00873,-0.00502,0.0195,-0.0020,-0.04518,0.04467,0.01106,1,1,0.100,0.293,in_circle
95.333,1,2083,-0.00940,-0.00496,-0.0157,0.0014,-0.04541,0.04631,0.01108,1,1,-0.054,0.313,in_circle
95.378,1,2084,-0.00937,-0.00498,0.0006,-0.0004,-0.04459,0.04813,0.01109,1,1,0.088,0.300,in_circle
95.422,1,2085,-0.00915,-0.00487,0.0051,0.0025,-0.04468,0.04681,0.01095,1,1,0.023,0.308,in_circle
95.466,1,2086,-0.00957,-0.00500,-0.0096,-0.0029,-0.04483,0.04661,0.01115,1,1,0.005,0.297,in_circle
95.509,1,2087,-0.00970,-0.00514,-0.0029,-0.0033,-0.04537,0.04818,0.01131,1,1,0.065,0.319,in_circle
95.553,1,2088,-0.00951,-0.00507,0.0042,0.0017,-0.04494,0.04639,0.01120,1,1,0.038,0.321,in_circle
95.600,1,2089,-0.00897,-0.00506,0.0113,0.0002,-0.04558,0.04716,0.01112,1,1,0.009,0.302,in_circle
95.641,1,2090,-0.00893,-0.00480,0.0011,0.0064,-0.04481,0.04636,0.01086,1,1,-0.020,0.308,in_circle
95.687,1,2091,-0.00929,-0.00497,-0.0079,-0.0038,-0.04556,0.04870,0.01107,1,1,0.020,0.283,in_circle
95.730,1,2092,-0.00922,-0.00525,0.0016,-0.0065,-0.04450,0.04748,0.01134,1,1,0.057,0.325,in_circle
95.774,1,2093,-0.00937,-0.00461,-0.0034,0.0146,-0.04518,0.04747,0.01072,1,1,0.019,0.337,in_circle
95.817,1,2094,-0.00970,-0.00464,-0.0077,-0.0007,-0.04501,0.04732,0.01081,1,1,0.040,0.251,in_circle
95.862,1,2095,-0.00927,-0.00484,0.0097,-0.0045,-0.04754,0.04787,0.01094,1,1,0.058,0.313,in_circle
95.905,1,2096,-0.00894,-0.00476,0.0077,0.0018,-0.04501,0.04732,0.01082,1,1,-0.013,0.329,in_circle
95.950,1,2097,-0.00909,-0.00443,-0.0034,0.0074,-0.04629,0.04829,0.01051,1,1,-0.005,0.304,in_circle
95.993,1,2098,-0.00945,-0.00458,-0.0084,-0.0035,-0.04637,0.04653,0.01071,1,1,0.039,0.281,in_circle
96.038,1,2099,-0.00898,-0.00471,0.0103,-0.0028,-0.04637,0.04653,0.01078,1,1,0.060,0.326,in_circle
96.083,1,2100,-0.00928,-0.00476,-0.0069,-0.0012,-0.04686,0.04577,0.01087,1,1,-0.015,0.324,in_circle
96.125,1,2101,-0.00909,-0.00503,0.0046,-0.0062,-0.04811,0.04677,0.01110,1,1,0.054,0.318,in_circle
96.170,1,2102,-0.00932,-0.00482,-0.0052,0.0046,-0.04660,0.04679,0.01093,1,1,0.008,0.339,in_circle
96.213,1,2103,-0.00932,-0.00470,0.0001,0.0028,-0.04721,0.04643,0.01081,1,1,0.047,0.296,in_circle
96.258,1,2104,-0.00911,-0.00463,0.0045,0.0016,-0.04867,0.04568,0.01071,1,1,0.026,0.304,in_circle
96.301,1,2105,-0.00905,-0.00524,0.0014,-0.0142,-0.04587,0.04738,0.01131,1,1,0.008,0.309,in_circle
96.346,1,2106,-0.00885,-0.00467,0.0045,0.0127,-0.04744,0.04669,0.01072,1,1,0.020,0.374,in_circle
96.434,1,2107,-0.00879,-0.00462,0.0007,0.0006,-0.04873,0.04779,0.01067,1,1,0.008,0.266,in_circle
96.480,1,2108,-0.00938,-0.00489,-0.0128,-0.0058,-0.05085,0.04840,0.01101,1,1,0.023,0.314,in_circle
96.522,1,2109,-0.00958,-0.00474,-0.0049,0.0036,-0.04709,0.04673,0.01089,1,1,0.078,0.341,in_circle
96.565,1,2110,-0.00910,-0.00489,0.0111,-0.0033,-0.04825,0.04641,0.01097,1,1,0.047,0.304,in_circle
96.609,1,2111,-0.00900,-0.00459,0.0022,0.0069,-0.04822,0.04657,0.01066,1,1,-0.018,0.332,in_circle
96.654,1,2112,-0.00934,-0.00487,-0.0075,-0.0060,-0.04603,0.04659,0.01097,1,1,0.017,0.291,in_circle
96.699,1,2113,-0.00903,-0.00483,0.0070,0.0009,-0.04625,0.04622,0.01090,1,1,0.057,0.344,in_circle
96.743,1,2114,-0.00977,-0.00448,-0.0168,0.0079,-0.04682,0.04630,0.01066,1,1,-0.001,0.317,in_circle
96.786,1,2115,-0.00941,-0.00493,0.0083,-0.0103,-0.04797,0.04679,0.01105,1,1,0.096,0.288,in_circle
96.830,1,2116,-0.00967,-0.00500,-0.0060,-0.0017,-0.04657,0.04647,0.01116,1,1,-0.005,0.363,in_circle
96.873,1,2117,-0.00915,-0.00503,0.0119,-0.0006,-0.04648,0.04565,0.01111,1,1,0.052,0.329,in_circle
96.925,1,2118,-0.00908,-0.00479,0.0014,0.0045,-0.04742,0.04747,0.01087,1,1,-0.020,0.325,in_circle
96.963,1,2119,-0.00887,-0.00461,0.0057,0.0049,-0.04702,0.04649,0.01066,1,1,0.022,0.304,in_circle
97.006,1,2120,-0.00912,-0.00489,-0.0060,-0.0067,-0.04786,0.04590,0.01097,1,1,0.004,0.303,in_circle
97.049,1,2121,-0.00920,-0.00478,-0.0018,0.0024,-0.04671,0.04559,0.01087,1,1,0.051,0.350,in_circle
97.094,1,2122,-0.00935,-0.00471,-0.0033,0.0016,-0.04750,0.04632,0.01082,1,1,0.035,0.314,in_circle
97.138,1,2123,-0.00916,-0.00506,0.0044,-0.0080,-0.04688,0.04635,0.01114,1,1,0.041,0.318,in_circle
97.183,1,2124,-0.00907,-0.00540,0.0020,-0.0075,-0.04688,0.04635,0.01147,1,1,0.010,0.357,in_circle
97.231,1,2125,-0.00947,-0.00496,-0.0083,0.0089,-0.04629,0.04537,0.01109,1,1,0.020,0.357,in_circle
97.315,1,2126,-0.00930,-0.00524,0.0021,-0.0032,-0.04780,0.04646,0.01134,1,1,0.062,0.291,in_circle
97.358,1,2127,-0.00986,-0.00486,-0.0132,0.0088,-0.04705,0.04585,0.01105,1,1,0.020,0.341,in_circle
97.401,1,2128,-0.00937,-0.00524,0.0115,-0.0088,-0.04715,0.04656,0.01134,1,1,0.082,0.292,in_circle
97.446,1,2129,-0.00972,-0.00524,-0.0077,-0.0001,-0.04687,0.04663,0.01140,1,1,-0.017,0.364,in_circle
97.491,1,2130,-0.00913,-0.00501,0.0131,0.0050,-0.04716,0.04616,0.01109,1,1,0.061,0.330,in_circle
97.534,1,2131,-0.00910,-0.00494,0.0007,0.0016,-0.04816,0.04622,0.01102,1,1,-0.024,0.309,in_circle
97.579,1,2132,-0.00937,-0.00428,-0.0061,0.0147,-0.04885,0.04707,0.01040,1,1,0.025,0.323,in_circle
97.622,1,2133,-0.00943,-0.00477,-0.0014,-0.0115,-0.04676,0.04601,0.01090,1,1,0.053,0.270,in_circle
97.667,1,2134,-0.00915,-0.00479,0.0060,-0.0004,-0.04657,0.04567,0.01088,1,1,0.034,0.376,in_circle
97.710,1,2135,-0.00930,-0.00433,-0.0035,0.0108,-0.04585,0.04650,0.01044,1,1,0.004,0.332,in_circle
97.755,1,2136,-0.00905,-0.00440,0.0056,-0.0015,-0.04962,0.04643,0.01047,1,1,0.043,0.287,in_circle
97.797,1,2137,-0.00930,-0.00518,-0.0059,-0.0183,-0.04727,0.04631,0.01128,1,1,0.006,0.337,in_circle
97.843,1,2138,-0.00891,-0.00508,0.0087,0.0021,-0.04550,0.04505,0.01114,1,1,0.053,0.406,in_circle
97.885,1,2139,-0.00908,-0.00501,-0.0039,0.0017,-0.04619,0.04624,0.01108,1,1,-0.007,0.325,in_circle
97.931,1,2140,-0.00929,-0.00463,-0.0046,0.0082,-0.04991,0.04781,0.01073,1,1,0.044,0.327,in_circle
97.973,1,2141,-0.00932,-0.00475,-0.0008,-0.0028,-0.04935,0.04743,0.01085,1,1,0.047,0.300,in_circle
98.017,1,2142,-0.00921,-0.00507,0.0024,-0.0072,-0.04900,0.04834,0.01116,1,1,0.032,0.345,in_circle
98.062,1,2143,-0.00933,-0.00496,-0.0026,0.0024,-0.04600,0.04657,0.01107,1,1,0.019,0.364,in_circle
98.106,1,2144,-0.00903,-0.00461,0.0067,0.0079,-0.04925,0.04662,0.01069,1,1,0.040,0.326,in_circle
98.150,1,2145,-0.00959,-0.00491,-0.0127,-0.0067,-0.04795,0.04762,0.01106,1,1,0.002,0.303,in_circle
98.195,1,2146,-0.00886,-0.00449,0.0162,0.0095,-0.04848,0.04604,0.01054,1,1,0.081,0.363,in_circle
98.238,1,2147,-0.00925,-0.00485,-0.0089,-0.0083,-0.04766,0.04602,0.01094,1,1,-0.036,0.298,in_circle
98.280,1,2148,-0.00906,-0.00468,0.0045,0.0040,-0.04847,0.04739,0.01075,1,1,0.065,0.370,in_circle
98.326,1,2149,-0.00932,-0.00467,-0.0058,0.0001,-0.04830,0.04623,0.01078,1,1,0.011,0.321,in_circle
98.369,1,2150,-0.00970,-0.00455,-0.0086,0.0027,-0.04864,0.04799,0.01072,1,1,0.053,0.337,in_circle
98.458,1,2151,-0.00897,-0.00489,0.0082,-0.0038,-0.04891,0.04658,0.01096,1,1,0.065,0.327,in_circle
98.509,1,2152,-0.00931,-0.00493,-0.0066,-0.0008,-0.04730,0.04830,0.01103,1,1,-0.004,0.355,in_circle
98.547,1,2153,-0.00889,-0.00500,0.0109,-0.0018,-0.04740,0.04799,0.01105,1,1,0.057,0.343,in_circle
98.593,1,2154,-0.00957,-0.00463,-0.0148,0.0080,-0.04806,0.04611,0.01078,1,1,-0.015,0.348,in_circle
98.635,1,2155,-0.00890,-0.00507,0.0161,-0.0104,-0.04939,0.04723,0.01112,1,1,0.090,0.308,in_circle
98.679,1,2156,-0.00936,-0.00533,-0.0103,-0.0058,-0.04904,0.04646,0.01143,1,1,-0.035,0.383,in_circle
98.722,1,2157,-0.00970,-0.00499,-0.0080,0.0079,-0.04833,0.04718,0.01115,1,1,0.072,0.366,in_circle
98.766,1,2158,-0.00945,-0.00470,0.0056,0.0065,-0.05017,0.04737,0.01083,1,1,0.063,0.311,in_circle
98.809,1,2159,-0.00930,-0.00429,0.0036,0.0096,-0.04893,0.04729,0.01040,1,1,0.008,0.316,in_circle
98.854,1,2160,-0.00929,-0.00528,0.0002,-0.0218,-0.04893,0.04787,0.01138,1,1,0.016,0.303,in_circle
98.898,1,2161,-0.00925,-0.00529,0.0010,-0.0004,-0.04883,0.04638,0.01139,1,1,0.030,0.432,in_circle
98.942,1,2162,-0.00930,-0.00459,-0.0011,0.0160,-0.04918,0.04792,0.01070,1,1,0.027,0.347,in_circle
98.986,1,2163,-0.00946,-0.00454,-0.0038,0.0011,-0.05262,0.04800,0.01067,1,1,0.035,0.280,in_circle
99.031,1,2164,-0.00922,-0.00446,0.0054,0.0019,-0.05065,0.04829,0.01056,1,1,0.046,0.340,in_circle
99.075,1,2165,-0.00900,-0.00473,0.0051,-0.0060,-0.04576,0.04698,0.01079,1,1,0.009,0.337,in_circle
99.119,1,2166,-0.00924,-0.00510,-0.0055,-0.0085,-0.04900,0.04588,0.01119,1,1,0.010,0.370,in_circle
99.162,1,2167,-0.00937,-0.00466,-0.0030,0.0101,-0.04741,0.04651,0.01078,1,1,0.053,0.381,in_circle
99.206,1,2168,-0.00896,-0.00469,0.0093,-0.0006,-0.04950,0.04752,0.01075,1,1,0.043,0.306,in_circle
99.251,1,2169,-0.00960,-0.00524,-0.0143,-0.0123,-0.05022,0.04732,0.01138,1,1,-0.007,0.350,in_circle
99.295,1,2170,-0.00910,-0.00437,0.0113,0.0198,-0.04800,0.04763,0.01045,1,1,0.089,0.398,in_circle
99.337,1,2171,-0.00912,-0.00468,-0.0005,-0.0074,-0.04950,0.04612,0.01077,1,1,-0.015,0.268,in_circle
99.382,1,2172,-0.00980,-0.00463,-0.0152,0.0012,-0.05076,0.04804,0.01082,1,1,0.033,0.378,in_circle
99.426,1,2173,-0.00910,-0.00484,0.0160,-0.0048,-0.04641,0.04486,0.01092,1,1,0.093,0.344,in_circle
99.471,1,2174,-0.00975,-0.00462,-0.0143,0.0050,-0.05241,0.04650,0.01079,1,1,-0.033,0.369,in_circle
99.513,1,2175,-0.00936,-0.00473,0.0092,-0.0028,-0.04929,0.04685,0.01085,1,1,0.090,0.330,in_circle
99.558,1,2176,-0.00937,-0.00475,-0.0002,-0.0005,-0.05080,0.04720,0.01087,1,1,-0.005,0.361,in_circle
99.601,1,2177,-0.00939,-0.00492,-0.0004,-0.0038,-0.04991,0.04781,0.01103,1,1,0.033,0.353,in_circle
99.646,1,2178,-0.00917,-0.00502,0.0048,-0.0023,-0.04946,0.04733,0.01110,1,1,0.034,0.367,in_circle
99.689,1,2179,-0.00941,-0.00478,-0.0055,0.0055,-0.05057,0.04660,0.01090,1,1,0.012,0.362,in_circle
99.734,1,2180,-0.00917,-0.00533,0.0054,-0.0123,-0.05005,0.04651,0.01141,1,1,0.054,0.330,in_circle
99.779,1,2181,-0.00861,-0.00506,0.0126,0.0060,-0.05014,0.04716,0.01109,1,1,0.010,0.403,in_circle
99.822,1,2182,-0.00904,-0.00539,-0.0101,-0.0077,-0.05179,0.04749,0.01146,1,1,-0.020,0.330,in_circle
99.866,1,2183,-0.00963,-0.00508,-0.0131,0.0070,-0.05204,0.04841,0.01123,1,1,0.072,0.386,in_circle
99.908,1,2184,-0.00905,-0.00448,0.0137,0.0143,-0.05011,0.04542,0.01055,1,1,0.085,0.327,in_circle
99.955,1,2185,-0.00929,-0.00519,-0.0051,-0.0156,-0.05111,0.04770,0.01129,1,1,-0.023,0.297,in_circle
99.998,1,2186,-0.00873,-0.00481,0.0130,0.0090,-0.04867,0.04565,0.01085,1,1,0.053,0.419,in_circle
100.042,1,2187,-0.00948,-0.00461,-0.0167,0.0045,-0.04729,0.04575,0.01074,1,1,-0.021,0.320,in_circle
100.086,1,2188,-0.00895,-0.00498,0.0120,-0.0085,-0.05261,0.04645,0.01104,1,1,0.099,0.338,in_circle
100.129,1,2189,-0.00929,-0.00491,-0.0076,0.0014,-0.04763,0.04602,0.01102,1,1,-0.017,0.391,in_circle
100.174,1,2190,-0.00954,-0.00503,-0.0056,-0.0025,-0.04925,0.04733,0.01116,1,1,0.063,0.352,in_circle
100.218,1,2191,-0.00932,-0.00461,0.0051,0.0093,-0.05093,0.04712,0.01072,1,1,0.056,0.368,in_circle
100.261,1,2192,-0.00943,-0.00505,-0.0027,-0.0101,-0.05116,0.04564,0.01117,1,1,0.012,0.321,in_circle
100.306,1,2193,-0.00894,-0.00510,0.0109,-0.0010,-0.04972,0.04589,0.01116,1,1,0.044,0.400,in_circle
100.349,1,2194,-0.00932,-0.00461,-0.0087,0.0113,-0.05149,0.04611,0.01072,1,1,-0.012,0.364,in_circle
100.393,1,2195,-0.00974,-0.00442,-0.0096,0.0044,-0.05120,0.04784,0.01060,1,1,0.067,0.314,in_circle
100.481,1,2196,-0.00944,-0.00461,0.0034,-0.0021,-0.04751,0.04595,0.01073,1,1,0.072,0.342,in_circle
100.528,1,2197,-0.00947,-0.00472,-0.0007,-0.0025,-0.04859,0.04636,0.01085,1,1,0.020,0.369,in_circle
100.571,1,2198,-0.00910,-0.00431,0.0085,0.0095,-0.04862,0.04688,0.01039,1,1,0.036,0.371,in_circle
100.615,1,2199,-0.00890,-0.00473,0.0045,-0.0096,-0.04873,0.04602,0.01079,1,1,-0.001,0.323,in_circle
100.657,1,2200,-0.00936,-0.00463,-0.0110,0.0026,-0.04912,0.04652,0.01074,1,1,0.014,0.401,in_circle
100.702,1,2201,-0.00933,-0.00458,0.0008,0.0011,-0.04980,0.04666,0.01069,1,1,0.077,0.352,in_circle
100.744,1,2202,-0.00896,-0.00444,0.0085,0.0031,-0.05246,0.04771,0.01051,1,1,0.030,0.359,in_circle
100.791,1,2203,-0.00913,-0.00496,-0.0036,-0.0112,-0.05224,0.04842,0.01104,1,1,-0.002,0.351,in_circle
100.834,1,2204,-0.00949,-0.00514,-0.0082,-0.0041,-0.05246,0.04787,0.01127,1,1,0.047,0.409,in_circle
100.879,1,2205,-0.00957,-0.00484,-0.0018,0.0067,-0.05246,0.04787,0.01099,1,1,0.067,0.382,in_circle
100.921,1,2206,-0.00898,-0.00473,0.0140,0.0028,-0.05276,0.04660,0.01079,1,1,0.042,0.339,in_circle
100.967,1,2207,-0.00914,-0.00498,-0.0034,-0.0054,-0.05183,0.04647,0.01106,1,1,-0.023,0.355,in_circle
101.010,1,2208,-0.00898,-0.00513,0.0038,-0.0035,-0.05200,0.04682,0.01119,1,1,0.047,0.388,in_circle
101.055,1,2209,-0.00923,-0.00480,-0.0057,0.0074,-0.05192,0.04561,0.01090,1,1,0.018,0.382,in_circle
101.099,1,2210,-0.00944,-0.00431,-0.0048,0.0111,-0.05165,0.04740,0.01044,1,1,0.056,0.338,in_circle
101.142,1,2211,-0.00962,-0.00476,-0.0040,-0.0103,-0.05059,0.04744,0.01091,1,1,0.054,0.322,in_circle
101.187,1,2212,-0.00931,-0.00480,0.0068,-0.0010,-0.04874,0.04659,0.01091,1,1,0.051,0.409,in_circle
101.230,1,2213,-0.00942,-0.00470,-0.0025,0.0022,-0.04910,0.04604,0.01083,1,1,0.007,0.373,in_circle
101.273,1,2214,-0.00962,-0.00484,-0.0046,-0.0032,-0.05224,0.04810,0.01099,1,1,0.044,0.360,in_circle
101.317,1,2215,-0.00930,-0.00471,0.0071,0.0028,-0.05033,0.04671,0.01082,1,1,0.053,0.382,in_circle
101.361,1,2216,-0.00934,-0.00497,-0.0010,-0.0059,-0.04986,0.04717,0.01108,1,1,0.006,0.359,in_circle
101.406,1,2217,-0.00929,-0.00539,0.0013,-0.0092,-0.05165,0.04873,0.01148,1,1,0.038,0.395,in_circle
101.449,1,2218,-0.00941,-0.00487,-0.0029,0.0122,-0.05153,0.04771,0.01099,1,1,0.029,0.409,in_circle
101.494,1,2219,-0.00938,-0.00503,0.0007,-0.0035,-0.05263,0.04847,0.01114,1,1,0.046,0.323,in_circle
101.537,1,2220,-0.00954,-0.00439,-0.0038,0.0146,-0.05257,0.04795,0.01053,1,1,0.032,0.387,in_circle
101.585,1,2221,-0.00931,-0.00488,0.0050,-0.0105,-0.05028,0.04602,0.01099,1,1,0.050,0.313,in_circle
101.626,1,2222,-0.00912,-0.00533,0.0045,-0.0110,-0.05164,0.04734,0.01141,1,1,0.015,0.415,in_circle
101.671,1,2223,-0.00901,-0.00494,0.0025,0.0087,-0.04788,0.04576,0.01101,1,1,0.016,0.419,in_circle
101.714,1,2224,-0.00987,-0.00458,-0.0199,0.0084,-0.05402,0.04740,0.01078,1,1,0.024,0.340,in_circle
101.758,1,2225,-0.00919,-0.00485,0.0154,-0.0061,-0.05300,0.04757,0.01094,1,1,0.116,0.340,in_circle
101.803,1,2226,-0.00930,-0.00512,-0.0023,-0.0060,-0.05276,0.04825,0.01122,1,1,-0.027,0.399,in_circle
101.845,1,2227,-0.00925,-0.00464,0.0011,0.0113,-0.05065,0.04854,0.01074,1,1,0.044,0.400,in_circle
101.891,1,2228,-0.00944,-0.00443,-0.0041,0.0047,-0.05282,0.04617,0.01055,1,1,0.031,0.330,in_circle
101.934,1,2229,-0.00888,-0.00448,0.0130,-0.0012,-0.05241,0.04773,0.01053,1,1,0.052,0.357,in_circle
101.980,1,2230,-0.00946,-0.00490,-0.0128,-0.0093,-0.05118,0.04592,0.01103,1,1,-0.018,0.381,in_circle
102.022,1,2231,-0.00936,-0.00475,0.0025,0.0036,-0.05164,0.04671,0.01086,1,1,0.087,0.415,in_circle
102.068,1,2232,-0.00928,-0.00512,0.0017,-0.0079,-0.05138,0.04646,0.01121,1,1,0.025,0.363,in_circle
102.112,1,2233,-0.00942,-0.00458,-0.0033,0.0122,-0.05197,0.04778,0.01071,1,1,0.029,0.411,in_circle
102.154,1,2234,-0.00958,-0.00462,-0.0038,-0.0009,-0.05036,0.04852,0.01077,1,1,0.049,0.329,in_circle
102.197,1,2235,-0.00959,-0.00482,-0.0002,-0.0046,-0.05192,0.04847,0.01097,1,1,0.051,0.382,in_circle
102.243,1,2236,-0.00936,-0.00464,0.0051,0.0040,-0.04958,0.04604,0.01075,1,1,0.037,0.398,in_circle
102.287,1,2237,-0.00922,-0.00462,0.0030,0.0004,-0.05179,0.04841,0.01071,1,1,0.015,0.364,in_circle
102.330,1,2238,-0.00937,-0.00488,-0.0034,-0.0061,-0.05121,0.04756,0.01100,1,1,0.024,0.378,in_circle
102.375,1,2239,-0.00967,-0.00496,-0.0066,-0.0017,-0.05148,0.04849,0.01112,1,1,0.050,0.406,in_circle
102.420,1,2240,-0.00934,-0.00467,0.0074,0.0065,-0.05190,0.04817,0.01078,1,1,0.063,0.389,in_circle
102.508,1,2241,-0.00950,-0.00463,-0.0018,0.0004,-0.05210,0.04832,0.01077,1,1,0.006,0.356,in_circle
102.549,1,2242,-0.00934,-0.00478,0.0039,-0.0036,-0.05291,0.04843,0.01088,1,1,0.044,0.381,in_circle
102.595,1,2243,-0.00908,-0.00487,0.0056,-0.0020,-0.05271,0.04705,0.01094,1,1,0.021,0.398,in_circle
102.638,1,2244,-0.00919,-0.00491,-0.0025,-0.0009,-0.05253,0.04847,0.01099,1,1,0.013,0.392,in_circle
102.683,1,2245,-0.00929,-0.00499,-0.0024,-0.0019,-0.05385,0.04663,0.01109,1,1,0.046,0.388,in_circle
102.727,1,2246,-0.00883,-0.00502,0.0105,-0.0006,-0.05211,0.04808,0.01107,1,1,0.046,0.393,in_circle
102.771,1,2247,-0.00913,-0.00499,-0.0067,0.0007,-0.05254,0.04837,0.01107,1,1,-0.007,0.388,in_circle
102.814,1,2248,-0.00946,-0.00464,-0.0078,0.0081,-0.05254,0.04837,0.01077,1,1,0.063,0.384,in_circle
102.860,1,2249,-0.00911,-0.00484,0.0077,-0.0043,-0.05272,0.04653,0.01091,1,1,0.068,0.354,in_circle
102.902,1,2250,-0.00928,-0.00516,-0.0040,-0.0078,-0.05254,0.04723,0.01126,1,1,0.005,0.404,in_circle
102.946,1,2251,-0.00917,-0.00495,0.0025,0.0047,-0.05294,0.04787,0.01104,1,1,0.053,0.419,in_circle
102.990,1,2252,-0.00890,-0.00446,0.0061,0.0114,-0.05209,0.04594,0.01051,1,1,0.026,0.369,in_circle
103.034,1,2253,-0.00949,-0.00465,-0.0132,-0.0043,-0.05487,0.04825,0.01078,1,1,0.011,0.342,in_circle
103.078,1,2254,-0.00952,-0.00507,-0.0007,-0.0098,-0.05510,0.04739,0.01121,1,1,0.090,0.406,in_circle
103.121,1,2255,-0.00940,-0.00439,0.0027,0.0159,-0.05413,0.04746,0.01052,1,1,0.040,0.429,in_circle
103.166,1,2256,-0.00998,-0.00483,-0.0127,-0.0095,-0.05362,0.04791,0.01105,1,1,0.026,0.325,in_circle
103.210,1,2257,-0.00910,-0.00463,0.0202,0.0045,-0.05410,0.04751,0.01071,1,1,0.090,0.428,in_circle
103.255,1,2258,-0.00909,-0.00470,0.0002,-0.0014,-0.05213,0.04775,0.01077,1,1,-0.044,0.372,in_circle
103.297,1,2259,-0.00954,-0.00474,-0.0105,-0.0011,-0.05385,0.04763,0.01088,1,1,0.036,0.397,in_circle
103.343,1,2260,-0.00903,-0.00471,0.0111,0.0006,-0.05307,0.04516,0.01079,1,1,0.080,0.396,in_circle
103.386,1,2261,-0.00922,-0.00428,-0.0043,0.0102,-0.05467,0.04606,0.01037,1,1,-0.008,0.389,in_circle
103.431,1,2262,-0.00913,-0.00449,0.0019,-0.0047,-0.05358,0.04777,0.01057,1,1,0.054,0.350,in_circle
103.475,1,2263,-0.00952,-0.00485,-0.0090,-0.0084,-0.05440,0.04537,0.01099,1,1,0.029,0.411,in_circle
103.520,1,2264,-0.00885,-0.00446,0.0149,0.0088,-0.05212,0.04621,0.01051,1,1,0.074,0.427,in_circle
103.562,1,2265,-0.00927,-0.00444,-0.0098,0.0003,-0.05348,0.04600,0.01054,1,1,-0.023,0.358,in_circle
103.606,1,2266,-0.00923,-0.00449,0.0008,-0.0011,-0.05279,0.04660,0.01059,1,1,0.077,0.392,in_circle
103.649,1,2267,-0.00930,-0.00472,-0.0016,-0.0053,-0.05315,0.04456,0.01083,1,1,0.034,0.398,in_circle
103.696,1,2268,-0.00946,-0.00438,-0.0035,0.0073,-0.05296,0.04637,0.01051,1,1,0.044,0.416,in_circle
103.738,1,2269,-0.00897,-0.00503,0.0115,-0.0154,-0.05356,0.04755,0.01110,1,1,0.052,0.365,in_circle
103.784,1,2270,-0.00932,-0.00459,-0.0076,0.0097,-0.05232,0.04586,0.01070,1,1,-0.009,0.458,in_circle
103.827,1,2271,-0.00976,-0.00479,-0.0102,-0.0045,-0.05386,0.04672,0.01096,1,1,0.068,0.357,in_circle
103.871,1,2272,-0.00958,-0.00462,0.0040,0.0039,-0.05614,0.04797,0.01077,1,1,0.080,0.415,in_circle
103.915,1,2273,-0.00925,-0.00475,0.0075,-0.0030,-0.05253,0.04847,0.01085,1,1,0.023,0.382,in_circle
103.958,1,2274,-0.00958,-0.00473,-0.0079,0.0004,-0.05207,0.04748,0.01088,1,1,0.008,0.410,in_circle
104.002,1,2275,-0.00955,-0.00481,0.0006,-0.0018,-0.05234,0.04800,0.01095,1,1,0.070,0.397,in_circle
104.046,1,2276,-0.00951,-0.00453,0.0011,0.0064,-0.05300,0.04813,0.01067,1,1,0.036,0.406,in_circle
104.089,1,2277,-0.00911,-0.00461,0.0092,-0.0017,-0.05417,0.04806,0.01069,1,1,0.035,0.373,in_circle
104.134,1,2278,-0.00906,-0.00440,0.0010,0.0047,-0.05368,0.04800,0.01048,1,1,0.001,0.406,in_circle
104.179,1,2279,-0.00913,-0.00467,-0.0015,-0.0059,-0.05412,0.04813,0.01075,1,1,0.034,0.381,in_circle
104.222,1,2280,-0.00946,-0.00439,-0.0076,0.0064,-0.05414,0.04714,0.01052,1,1,0.044,0.424,in_circle
104.267,1,2281,-0.00941,-0.00480,0.0011,-0.0091,-0.05401,0.04714,0.01091,1,1,0.070,0.375,in_circle
104.309,1,2282,-0.00914,-0.00437,0.0062,0.0100,-0.05313,0.04835,0.01046,1,1,0.034,0.438,in_circle
104.354,1,2283,-0.00954,-0.00480,-0.0089,-0.0095,-0.05465,0.04817,0.01094,1,1,0.014,0.361,in_circle
104.397,1,2284,-0.00918,-0.00472,0.0085,0.0017,-0.05328,0.04773,0.01081,1,1,0.075,0.441,in_circle
104.443,1,2285,-0.00915,-0.00498,0.0005,-0.0056,-0.05275,0.04757,0.01106,1,1,0.005,0.396,in_circle
104.530,1,2286,-0.00919,-0.00473,-0.0005,0.0029,-0.05563,0.04731,0.01082,1,1,0.036,0.427,in_circle
104.573,1,2287,-0.00927,-0.00493,-0.0017,-0.0044,-0.05490,0.04729,0.01102,1,1,0.041,0.393,in_circle
104.619,1,2288,-0.00904,-0.00537,0.0050,-0.0096,-0.05637,0.04767,0.01143,1,1,0.046,0.423,in_circle
104.662,1,2289,-0.00925,-0.00505,-0.0050,0.0075,-0.05640,0.04821,0.01114,1,1,0.018,0.446,in_circle
104.706,1,2290,-0.00972,-0.00437,-0.0105,0.0154,-0.05538,0.04676,0.01054,1,1,0.059,0.377,in_circle
104.751,1,2291,-0.00948,-0.00512,0.0052,-0.0168,-0.05496,0.04578,0.01125,1,1,0.082,0.344,in_circle
104.794,1,2292,-0.00933,-0.00467,0.0036,0.0106,-0.05454,0.04799,0.01078,1,1,0.019,0.475,in_circle
104.838,1,2293,-0.00941,-0.00514,-0.0019,-0.0105,-0.05281,0.04894,0.01126,1,1,0.025,0.365,in_circle
104.882,1,2294,-0.00967,-0.00466,-0.0057,0.0109,-0.05897,0.04722,0.01082,1,1,0.047,0.451,in_circle
104.926,1,2295,-0.00878,-0.00454,0.0203,0.0028,-0.05326,0.04811,0.01058,1,1,0.064,0.365,in_circle
104.968,1,2296,-0.00951,-0.00460,-0.0173,-0.0016,-0.05700,0.04820,0.01074,1,1,-0.043,0.397,in_circle
105.014,1,2297,-0.00962,-0.00496,-0.0025,-0.0078,-0.05103,0.04801,0.01111,1,1,0.110,0.415,in_circle
105.057,1,2298,-0.00924,-0.00456,0.0087,0.0091,-0.05634,0.04613,0.01066,1,1,0.051,0.441,in_circle
105.103,1,2299,-0.00974,-0.00477,-0.0109,-0.0047,-0.05330,0.04903,0.01095,1,1,0.005,0.373,in_circle
105.145,1,2300,-0.00927,-0.00491,0.0111,-0.0033,-0.05408,0.04910,0.01101,1,1,0.085,0.429,in_circle
105.190,1,2301,-0.00914,-0.00447,0.0028,0.0099,-0.05321,0.04954,0.01055,1,1,-0.005,0.425,in_circle
105.234,1,2302,-0.00893,-0.00461,0.0048,-0.0032,-0.05420,0.04952,0.01067,1,1,0.029,0.372,in_circle
105.280,1,2303,-0.00970,-0.00453,-0.0169,0.0018,-0.05429,0.04778,0.01069,1,1,0.020,0.424,in_circle
105.323,1,2304,-0.00922,-0.00455,0.0109,-0.0006,-0.05266,0.04823,0.01065,1,1,0.109,0.405,in_circle
105.366,1,2305,-0.00915,-0.00484,0.0017,-0.0067,-0.05370,0.04792,0.01092,1,1,-0.004,0.415,in_circle
105.410,1,2306,-0.00966,-0.00475,-0.0115,0.0021,-0.05371,0.04968,0.01091,1,1,0.033,0.440,in_circle
105.454,1,2307,-0.00920,-0.00456,0.0106,0.0043,-0.05533,0.04734,0.01065,1,1,0.087,0.406,in_circle
105.499,1,2308,-0.00909,-0.00535,0.0023,-0.0176,-0.05536,0.04811,0.01143,1,1,-0.002,0.397,in_circle
105.542,1,2309,-0.00892,-0.00484,0.0040,0.0119,-0.05428,0.04852,0.01090,1,1,0.031,0.487,in_circle
105.587,1,2310,-0.00922,-0.00482,-0.0067,0.0004,-0.05582,0.04822,0.01092,1,1,0.024,0.368,in_circle
105.631,1,2311,-0.00943,-0.00478,-0.0047,0.0010,-0.06122,0.04729,0.01090,1,1,0.067,0.414,in_circle
105.674,1,2312,-0.00953,-0.00445,-0.0022,0.0076,-0.05748,0.04718,0.01059,1,1,0.060,0.413,in_circle
105.720,1,2313,-0.00966,-0.00442,-0.0030,0.0005,-0.05873,0.04784,0.01059,1,1,0.050,0.386,in_circle
105.763,1,2314,-0.00939,-0.00438,0.0064,0.0011,-0.05849,0.04734,0.01050,1,1,0.054,0.414,in_circle
105.806,1,2315,-0.00869,-0.00428,0.0161,0.0023,-0.05406,0.04840,0.01032,1,1,0.016,0.413,in_circle
105.849,1,2316,-0.00956,-0.00430,-0.0205,-0.0005,-0.05667,0.04826,0.01045,1,1,-0.025,0.408,in_circle
105.893,1,2317,-0.00908,-0.00493,0.0110,-0.0142,-0.05609,0.04694,0.01101,1,1,0.124,0.419,in_circle
105.938,1,2318,-0.00926,-0.00460,-0.0041,0.0076,-0.05618,0.04687,0.01070,1,1,-0.003,0.477,in_circle
105.982,1,2319,-0.00877,-0.00469,0.0110,-0.0022,-0.05825,0.04791,0.01074,1,1,0.057,0.389,in_circle
106.025,1,2320,-0.00942,-0.00470,-0.0155,-0.0002,-0.05795,0.04583,0.01082,1,1,-0.004,0.429,in_circle
106.072,1,2321,-0.00949,-0.00467,-0.0015,0.0007,-0.05542,0.04821,0.01080,1,1,0.103,0.421,in_circle
106.115,1,2322,-0.00950,-0.00434,-0.0002,0.0078,-0.05387,0.04761,0.01047,1,1,0.048,0.418,in_circle
106.159,1,2323,-0.00930,-0.00446,0.0045,-0.0027,-0.05330,0.04818,0.01056,1,1,0.043,0.389,in_circle
106.201,1,2324,-0.00945,-0.00437,-0.0037,0.0022,-0.05374,0.04932,0.01050,1,1,0.023,0.432,in_circle
106.248,1,2325,-0.00958,-0.00475,-0.0028,-0.0083,-0.05253,0.04847,0.01090,1,1,0.057,0.413,in_circle
106.289,1,2326,-0.00892,-0.00467,0.0160,0.0020,-0.05320,0.04719,0.01073,1,1,0.054,0.456,in_circle
106.334,1,2327,-0.00918,-0.00494,-0.0058,-0.0060,-0.05259,0.04821,0.01103,1,1,-0.023,0.415,in_circle
106.378,1,2328,-0.00934,-0.00506,-0.0038,-0.0027,-0.05515,0.04823,0.01117,1,1,0.065,0.448,in_circle
106.425,1,2329,-0.00891,-0.00445,0.0093,0.0133,-0.05525,0.04688,0.01050,1,1,0.057,0.436,in_circle
106.467,1,2330,-0.00969,-0.00465,-0.0184,-0.0048,-0.05683,0.04745,0.01082,1,1,0.004,0.371,in_circle
106.558,1,2331,-0.00945,-0.00474,0.0026,-0.0010,-0.05342,0.04630,0.01086,1,1,0.117,0.445,in_circle
106.600,1,2332,-0.00960,-0.00432,-0.0036,0.0099,-0.05565,0.04807,0.01047,1,1,0.032,0.430,in_circle
106.643,1,2333,-0.00965,-0.00470,-0.0012,-0.0090,-0.05781,0.04747,0.01086,1,1,0.057,0.386,in_circle
106.689,1,2334,-0.00934,-0.00498,0.0069,-0.0060,-0.05552,0.04800,0.01108,1,1,0.048,0.463,in_circle
106.733,1,2335,-0.00967,-0.00468,-0.0074,0.0068,-0.05740,0.04751,0.01084,1,1,0.015,0.452,in_circle
106.777,1,2336,-0.00937,-0.00500,0.0069,-0.0073,-0.05782,0.04667,0.01111,1,1,0.073,0.401,in_circle
106.818,1,2337,-0.00910,-0.00455,0.0064,0.0108,-0.05827,0.04701,0.01063,1,1,0.015,0.459,in_circle
106.863,1,2338,-0.00952,-0.00463,-0.0093,-0.0017,-0.05939,0.04650,0.01077,1,1,0.016,0.385,in_circle
106.906,1,2339,-0.00938,-0.00489,0.0031,-0.0061,-0.05872,0.04750,0.01101,1,1,0.080,0.436,in_circle
106.951,1,2340,-0.00925,-0.00449,0.0030,0.0089,-0.05477,0.04905,0.01059,1,1,0.030,0.455,in_circle
106.994,1,2341,-0.00936,-0.00481,-0.0026,-0.0074,-0.05770,0.04758,0.01092,1,1,0.031,0.394,in_circle
107.039,1,2342,-0.00900,-0.00453,0.0081,0.0064,-0.05568,0.04794,0.01059,1,1,0.053,0.461,in_circle
107.083,1,2343,-0.00935,-0.00522,-0.0080,-0.0156,-0.05402,0.04812,0.01133,1,1,0.010,0.405,in_circle
107.127,1,2344,-0.00920,-0.00456,0.0036,0.0151,-0.05803,0.04729,0.01065,1,1,0.075,0.496,in_circle
107.171,1,2345,-0.00972,-0.00467,-0.0119,-0.0025,-0.05555,0.04768,0.01084,1,1,0.028,0.372,in_circle
107.214,1,2346,-0.00906,-0.00488,0.0155,-0.0049,-0.06031,0.04575,0.01095,1,1,0.092,0.443,in_circle
107.257,1,2347,-0.00985,-0.00471,-0.0181,0.0039,-0.05266,0.04823,0.01090,1,1,-0.019,0.453,in_circle
107.304,1,2348,-0.00961,-0.00523,0.0052,-0.0111,-0.05721,0.04760,0.01137,1,1,0.117,0.418,in_circle
107.345,1,2349,-0.00967,-0.00462,-0.0016,0.0147,-0.05526,0.04729,0.01078,1,1,0.023,0.480,in_circle
107.391,1,2350,-0.00971,-0.00454,-0.0008,0.0017,-0.05724,0.04920,0.01071,1,1,0.051,0.375,in_circle
107.436,1,2351,-0.00947,-0.00515,0.0054,-0.0137,-0.05924,0.04647,0.01127,1,1,0.048,0.428,in_circle
107.480,1,2352,-0.00918,-0.00488,0.0065,0.0063,-0.05456,0.04758,0.01097,1,1,0.022,0.491,in_circle
107.523,1,2353,-0.00930,-0.00447,-0.0026,0.0094,-0.05696,0.04663,0.01058,1,1,0.017,0.411,in_circle
107.566,1,2354,-0.00940,-0.00460,-0.0024,-0.0029,-0.05943,0.04843,0.01072,1,1,0.054,0.398,in_circle
107.611,1,2355,-0.00900,-0.00458,0.0089,0.0004,-0.05900,0.04676,0.01065,1,1,0.054,0.448,in_circle
107.654,1,2356,-0.00954,-0.00460,-0.0125,-0.0005,-0.05827,0.04701,0.01075,1,1,0.008,0.436,in_circle
107.699,1,2357,-0.00880,-0.00493,0.0165,-0.0071,-0.05840,0.04662,0.01097,1,1,0.095,0.440,in_circle
107.741,1,2358,-0.00901,-0.00454,-0.0050,0.0091,-0.05875,0.04744,0.01061,1,1,-0.023,0.467,in_circle
107.787,1,2359,-0.00924,-0.00517,-0.0051,-0.0136,-0.05919,0.04808,0.01126,1,1,0.063,0.402,in_circle
107.831,1,2360,-0.00911,-0.00442,0.0028,0.0171,-0.05804,0.04764,0.01050,1,1,0.064,0.495,in_circle
107.875,1,2361,-0.00874,-0.00494,0.0085,-0.0118,-0.05690,0.04867,0.01098,1,1,0.032,0.371,in_circle
107.919,1,2362,-0.00942,-0.00500,-0.0155,-0.0014,-0.05919,0.04808,0.01112,1,1,0.009,0.488,in_circle
107.962,1,2363,-0.00935,-0.00448,0.0015,0.0123,-0.05227,0.04878,0.01060,1,1,0.107,0.447,in_circle
108.005,1,2364,-0.00964,-0.00482,-0.0066,-0.0078,-0.05969,0.04697,0.01098,1,1,0.038,0.392,in_circle
108.051,1,2365,-0.00897,-0.00474,0.0145,0.0018,-0.05724,0.04812,0.01080,1,1,0.072,0.473,in_circle
108.095,1,2366,-0.00928,-0.00469,-0.0071,0.0010,-0.05459,0.04938,0.01079,1,1,-0.014,0.435,in_circle
108.139,1,2367,-0.00949,-0.00436,-0.0049,0.0076,-0.05752,0.04914,0.01049,1,1,0.073,0.438,in_circle
108.183,1,2368,-0.00911,-0.00429,0.0086,0.0016,-0.05726,0.04721,0.01037,1,1,0.065,0.412,in_circle
108.227,1,2369,-0.00889,-0.00383,0.0051,0.0103,-0.05637,0.04808,0.00989,1,1,0.010,0.436,in_circle
108.270,1,2370,-0.00864,-0.00327,0.0056,0.0131,-0.05703,0.04865,0.00930,1,1,0.023,0.401,in_circle
108.316,1,2371,-0.00847,-0.00304,0.0038,0.0051,-0.05580,0.04819,0.00906,1,1,0.021,0.388,in_circle
108.358,1,2372,-0.00791,-0.00282,0.0133,0.0052,-0.05453,0.04878,0.00882,1,1,0.028,0.420,in_circle
108.401,1,2373,-0.00789,-0.00289,0.0003,-0.0018,-0.05326,0.04816,0.00890,1,1,-0.012,0.420,in_circle
108.446,1,2374,-0.00710,-0.00272,0.0175,0.0040,-0.05412,0.04842,0.00874,1,1,0.040,0.448,in_circle
108.490,1,2375,-0.00698,-0.00221,0.0028,0.0116,-0.05353,0.04886,0.00825,1,1,-0.031,0.425,in_circle
108.581,1,2376,-0.00624,-0.00093,0.0082,0.0141,-0.05564,0.04693,0.00710,1,1,0.028,0.394,in_circle
108.623,1,2377,-0.00558,-0.00068,0.0156,0.0059,-0.05486,0.04330,0.00704,1,1,0.004,0.381,in_circle
108.668,1,2378,-0.00621,0.00003,-0.0142,0.0159,-0.05408,0.04236,0.00617,1,1,-0.027,0.414,in_circle
108.711,1,2379,-0.00629,0.00065,-0.0019,0.0142,-0.05514,0.04317,0.00556,1,1,0.093,0.372,in_circle
108.754,1,2380,-0.00675,0.00144,-0.0107,0.0186,-0.05419,0.04302,0.00467,1,1,0.044,0.378,in_circle
108.799,1,2381,-0.00683,0.00242,-0.0019,0.0214,-0.05223,0.04568,0.00371,1,1,0.081,0.358,in_circle
108.842,1,2382,-0.00680,0.00237,0.0008,-0.0011,-0.05062,0.04503,0.00376,1,1,0.046,0.345,in_circle
108.886,1,2383,-0.00660,0.00307,0.0044,0.0158,-0.05023,0.04575,0.00316,1,1,0.035,0.435,in_circle
108.930,1,2384,-0.00613,0.00397,0.0106,0.0203,-0.04747,0.04513,0.00262,1,1,0.020,0.366,in_circle
108.975,1,2385,-0.00648,0.00523,-0.0079,0.0285,-0.05136,0.04527,0.00153,1,1,-0.006,0.346,in_circle
109.018,1,2386,-0.00544,0.00605,0.0243,0.0190,-0.04865,0.04539,0.00237,1,1,0.068,0.310,in_circle
109.062,1,2387,-0.00551,0.00779,-0.0017,0.0389,-0.04705,0.04585,0.00290,1,1,-0.063,0.346,in_circle
109.106,1,2388,-0.00517,0.00986,0.0079,0.0478,-0.04511,0.04538,0.00467,1,1,0.041,0.262,in_circle
109.151,1,2389,-0.00403,0.01138,0.0252,0.0338,-0.04559,0.04463,0.00657,1,1,0.002,0.221,in_circle
109.195,1,2390,-0.00344,0.01358,0.0133,0.0495,-0.04173,0.04687,0.00875,1,1,-0.070,0.272,in_circle
109.238,1,2391,-0.00325,0.01555,0.0045,0.0462,-0.03390,0.04805,0.01058,1,1,-0.025,0.204,in_circle
109.284,1,2392,-0.00175,0.01870,0.0325,0.0684,-0.03749,0.04710,0.01407,1,1,0.010,0.212,in_circle
109.326,1,2393,-0.00044,0.02125,0.0311,0.0604,-0.03266,0.04548,0.01694,1,1,-0.106,0.115,in_circle
109.372,1,2394,0.00085,0.02422,0.0284,0.0651,-0.03308,0.04636,0.02017,1,1,-0.104,0.139,in_circle
109.414,1,2395,0.00147,0.02722,0.0145,0.0704,-0.02302,0.04146,0.02316,1,1,-0.097,0.112,in_circle
109.459,1,2396,0.00301,0.03006,0.0340,0.0627,-0.01994,0.03812,0.02638,1,1,-0.043,0.083,in_circle
109.502,1,2397,0.00321,0.03428,0.0046,0.0990,-0.01887,0.03713,0.03035,1,1,-0.126,0.106,in_circle
109.547,1,2398,0.00420,0.03734,0.0217,0.0674,-0.01740,0.03729,0.03355,1,1,-0.009,-0.051,in_circle
109.590,1,2399,0.00504,0.04083,0.0196,0.0817,-0.01677,0.03560,0.03712,1,1,-0.080,0.066,in_circle
109.634,1,2400,0.00556,0.04413,0.0121,0.0754,-0.00759,0.03640,0.04040,1,1,-0.075,-0.001,in_circle
109.679,1,2401,0.00609,0.04683,0.0118,0.0601,-0.01026,0.03579,0.04313,1,1,-0.046,0.014,in_circle
109.724,1,2402,0.00687,0.04922,0.0175,0.0537,-0.01163,0.03798,0.04565,0,1,-0.048,0.067,running
109.767,1,2403,0.00724,0.05128,0.0086,0.0478,-0.01281,0.03820,0.04772,0,1,-0.073,0.084,running
109.811,1,2404,0.00789,0.05356,0.0146,0.0516,-0.01831,0.03381,0.05008,0,1,-0.042,0.098,running
109.856,1,2405,0.00839,0.05569,0.0113,0.0474,-0.02624,0.03717,0.05226,0,1,-0.067,0.074,running
109.900,1,2406,0.00931,0.05734,0.0208,0.0376,-0.02875,0.03608,0.05411,0,1,-0.058,0.079,running
109.941,1,2407,0.01019,0.05884,0.0211,0.0359,-0.02907,0.03514,0.05582,0,1,-0.095,0.105,running
109.987,1,2408,0.01114,0.06001,0.0209,0.0258,-0.02850,0.03564,0.05723,0,1,-0.100,0.101,running
110.031,1,2409,0.01236,0.06064,0.0276,0.0141,-0.02866,0.03507,0.05824,0,1,-0.103,0.127,running
110.076,1,2410,0.01326,0.06069,0.0201,0.0011,-0.02944,0.03530,0.05860,0,1,-0.130,0.159,running
110.118,1,2411,0.01428,0.06035,0.0241,-0.0080,-0.03393,0.03451,0.05866,0,1,-0.110,0.198,running
110.164,1,2412,0.01511,0.06016,0.0180,-0.0039,-0.03743,0.03589,0.05881,0,1,-0.127,0.226,running
110.205,1,2413,0.01564,0.05935,0.0130,-0.0198,-0.04484,0.03463,0.05827,0,1,-0.111,0.211,running
110.250,1,2414,0.01656,0.05901,0.0204,-0.0075,-0.04863,0.03601,0.05834,0,1,-0.098,0.264,running
110.294,1,2415,0.01716,0.05887,0.0135,-0.0032,-0.04863,0.03601,0.05846,0,1,-0.126,0.223,running
110.339,1,2416,0.01810,0.05879,0.0212,-0.0018,-0.04945,0.03562,0.05880,0,1,-0.107,0.207,running
110.381,1,2417,0.01912,0.05901,0.0242,0.0051,-0.04846,0.03497,0.05945,0,1,-0.137,0.199,running
110.427,1,2418,0.01871,0.05883,-0.0090,-0.0040,-0.04686,0.03472,0.05910,0,1,-0.151,0.172,running
110.470,1,2419,0.01908,0.05922,0.0085,0.0092,-0.04229,0.03509,0.05962,0,1,-0.043,0.200,running
110.515,1,2420,0.01963,0.05980,0.0123,0.0129,-0.03880,0.03325,0.06039,0,1,-0.103,0.153,running
110.602,1,2421,0.02040,0.06064,0.0088,0.0096,-0.03183,0.03333,0.06149,0,1,-0.120,0.132,running
110.646,1,2422,0.02083,0.06111,0.0099,0.0108,-0.03170,0.03353,0.06210,0,1,-0.114,0.135,running
110.690,1,2423,0.02092,0.06105,0.0019,-0.0014,-0.02876,0.03511,0.06209,0,1,-0.121,0.126,running
110.734,1,2424,0.02068,0.06058,-0.0054,-0.0104,-0.02742,0.03429,0.06156,0,1,-0.098,0.162,running
110.778,1,2425,0.02068,0.06017,-0.0000,-0.0094,-0.02755,0.03645,0.06120,0,1,-0.074,0.191,running
110.823,1,2426,0.02052,0.06007,-0.0035,-0.0021,-0.02737,0.03578,0.06104,0,1,-0.092,0.188,running
110.867,1,2427,0.02052,0.05983,-0.0001,-0.0055,-0.02877,0.03404,0.06082,0,1,-0.081,0.163,running
110.911,1,2428,0.02062,0.05994,0.0023,0.0026,-0.02996,0.03395,0.06097,0,1,-0.093,0.173,running
110.955,1,2429,0.02069,0.06033,0.0017,0.0088,-0.03028,0.03407,0.06135,0,1,-0.103,0.144,running
110.997,1,2430,0.02073,0.06026,0.0008,-0.0017,-0.03136,0.03412,0.06130,0,1,-0.103,0.120,running
111.042,1,2431,0.02064,0.06012,-0.0020,-0.0030,-0.02996,0.03395,0.06114,0,1,-0.101,0.151,running
111.087,1,2432,0.02078,0.05994,0.0032,-0.0041,-0.03126,0.03353,0.06104,0,1,-0.093,0.154,running
111.130,1,2433,0.02094,0.05993,0.0037,-0.0001,-0.03003,0.03361,0.06111,0,1,-0.111,0.156,running
111.175,1,2434,0.02071,0.05986,-0.0051,-0.0017,-0.03103,0.03394,0.06094,0,1,-0.115,0.140,running
111.218,1,2435,0.02073,0.05996,0.0005,0.0024,-0.03213,0.03263,0.06104,0,1,-0.087,0.144,running
111.262,1,2436,0.02058,0.05994,-0.0035,-0.0004,-0.03101,0.03444,0.06095,0,1,-0.106,0.128,running
111.305,1,2437,0.02077,0.06014,0.0044,0.0047,-0.02996,0.03395,0.06122,0,1,-0.094,0.135,running
111.351,1,2438,0.02075,0.06000,-0.0003,-0.0032,-0.03042,0.03357,0.06108,0,1,-0.121,0.115,running
111.396,1,2439,0.02084,0.06052,0.0020,0.0116,-0.03173,0.03412,0.06159,0,1,-0.107,0.138,running
111.438,1,2440,0.02080,0.06006,-0.0009,-0.0110,-0.03094,0.03384,0.06116,0,1,-0.117,0.086,running
111.483,1,2441,0.02077,0.06037,-0.0007,0.0069,-0.02988,0.03433,0.06142,0,1,-0.108,0.158,running
111.526,1,2442,0.02084,0.05990,0.0015,-0.0109,-0.03059,0.03396,0.06103,0,1,-0.111,0.097,running
111.571,1,2443,0.02071,0.05976,-0.0028,-0.0030,-0.03042,0.03357,0.06085,0,1,-0.118,0.154,running
111.617,1,2444,0.02081,0.06026,0.0022,0.0108,-0.02982,0.03445,0.06134,0,1,-0.105,0.127,running
111.658,1,2445,0.02068,0.06005,-0.0032,-0.0050,-0.03058,0.03388,0.06109,0,1,-0.124,0.078,running
111.702,1,2446,0.02110,0.06001,0.0096,-0.0009,-0.02999,0.03418,0.06125,0,1,-0.107,0.127,running
111.746,1,2447,0.02069,0.06016,-0.0093,0.0033,-0.02943,0.03562,0.06119,0,1,-0.150,0.111,running
111.791,1,2448,0.02054,0.06005,-0.0034,-0.0023,-0.03037,0.03417,0.06103,0,1,-0.090,0.096,running
111.834,1,2449,0.02076,0.06005,0.0050,-0.0001,-0.02970,0.03448,0.06113,0,1,-0.110,0.112,running
111.879,1,2450,0.02060,0.06000,-0.0035,-0.0010,-0.02932,0.03462,0.06102,0,1,-0.138,0.102,running
111.922,1,2451,0.02062,0.06000,0.0005,-0.0002,-0.03049,0.03402,0.06102,0,1,-0.112,0.103,running
111.967,1,2452,0.02085,0.06040,0.0051,0.0091,-0.02931,0.03483,0.06149,0,1,-0.126,0.098,running
112.010,1,2453,0.02065,0.06017,-0.0046,-0.0053,-0.02907,0.03514,0.06119,0,1,-0.143,0.064,running
112.055,1,2454,0.02061,0.06020,-0.0009,0.0006,-0.02748,0.03579,0.06119,0,1,-0.113,0.108,running
112.098,1,2455,0.02065,0.05983,0.0009,-0.0087,-0.02544,0.03654,0.06088,0,1,-0.125,0.087,running
112.143,1,2456,0.02077,0.06023,0.0028,0.0089,-0.02522,0.03637,0.06129,0,1,-0.132,0.117,running
112.187,1,2457,0.02062,0.05996,-0.0035,-0.0061,-0.02557,0.03535,0.06099,0,1,-0.140,0.056,running
112.230,1,2458,0.02040,0.05998,-0.0051,0.0004,-0.02591,0.03533,0.06090,0,1,-0.121,0.103,running
112.275,1,2459,0.02059,0.05982,0.0042,-0.0034,-0.02353,0.03524,0.06085,0,1,-0.116,0.080,running
112.319,1,2460,0.02044,0.05955,-0.0032,-0.0061,-0.02395,0.03491,0.06054,0,1,-0.147,0.090,running
112.363,1,2461,0.01992,0.05971,-0.0120,0.0036,-0.02448,0.03435,0.06044,0,1,-0.124,0.098,running
112.406,1,2462,0.01939,0.05894,-0.0122,-0.0179,-0.02484,0.03551,0.05951,0,1,-0.095,0.065,running
112.451,1,2463,0.01914,0.05898,-0.0058,0.0010,-0.02544,0.03507,0.05943,0,1,-0.092,0.137,running
112.493,1,2464,0.01883,0.05856,-0.0072,-0.0098,-0.02475,0.03540,0.05892,0,1,-0.113,0.074,running
112.538,1,2465,0.01815,0.05845,-0.0150,-0.0025,-0.02735,0.03600,0.05852,0,1,-0.108,0.109,running
112.627,1,2466,0.01742,0.05876,-0.0082,0.0034,-0.02718,0.03486,0.05847,0,1,-0.082,0.082,running
112.671,1,2467,0.01706,0.05887,-0.0084,0.0025,-0.02660,0.03506,0.05842,0,1,-0.102,0.060,running
112.715,1,2468,0.01763,0.05861,0.0131,-0.0059,-0.02706,0.03555,0.05843,0,1,-0.102,0.060,running
112.758,1,2469,0.01718,0.05822,-0.0103,-0.0089,-0.02730,0.03501,0.05789,0,1,-0.175,0.086,running
112.803,1,2470,0.01727,0.05758,0.0019,-0.0141,-0.02613,0.03504,0.05735,0,1,-0.097,0.096,running
112.846,1,2471,0.01700,0.05705,-0.0061,-0.0123,-0.02641,0.03387,0.05676,0,1,-0.138,0.115,running
112.890,1,2472,0.01639,0.05670,-0.0139,-0.0081,-0.02738,0.03375,0.05617,0,1,-0.111,0.111,running
112.934,1,2473,0.01645,0.05643,0.0012,-0.0061,-0.02694,0.03278,0.05595,0,1,-0.083,0.097,running
112.977,1,2474,0.01621,0.05645,-0.0054,0.0005,-0.02701,0.03340,0.05587,0,1,-0.134,0.090,running
113.023,1,2475,0.01644,0.05643,0.0050,-0.0003,-0.02674,0.03288,0.05595,0,1,-0.112,0.066,running
113.066,1,2476,0.01678,0.05690,0.0078,0.0108,-0.02688,0.03391,0.05652,0,1,-0.149,0.066,running
113.111,1,2477,0.01635,0.05687,-0.0097,-0.0006,-0.02682,0.03331,0.05631,0,1,-0.161,0.024,running
113.155,1,2478,0.01666,0.05655,0.0072,-0.0073,-0.02616,0.03404,0.05616,0,1,-0.102,0.060,running
113.198,1,2479,0.01638,0.05663,-0.0066,0.0018,-0.02307,0.03285,0.05611,0,1,-0.161,0.082,running
113.243,1,2480,0.01619,0.05656,-0.0041,-0.0015,-0.02279,0.03311,0.05597,0,1,-0.114,0.049,running
113.287,1,2481,0.01657,0.05705,0.0084,0.0109,-0.02351,0.03264,0.05656,0,1,-0.123,0.058,running
113.330,1,2482,0.01652,0.05673,-0.0010,-0.0074,-0.02302,0.03326,0.05626,0,1,-0.168,0.012,running
113.374,1,2483,0.01647,0.05643,-0.0013,-0.0067,-0.02346,0.03261,0.05597,0,1,-0.137,0.072,running
113.419,1,2484,0.01621,0.05643,-0.0058,-0.0001,-0.02175,0.03263,0.05585,0,1,-0.137,0.070,running
113.462,1,2485,0.01638,0.05689,0.0039,0.0107,-0.02288,0.03265,0.05634,0,1,-0.122,0.045,running
113.505,1,2486,0.01676,0.05625,0.0090,-0.0148,-0.02230,0.03248,0.05593,0,1,-0.156,0.004,running
113.551,1,2487,0.01640,0.05646,-0.0080,0.0045,-0.02096,0.03331,0.05596,0,1,-0.176,0.091,running
113.594,1,2488,0.01669,0.05618,0.0069,-0.0064,-0.01961,0.03233,0.05584,0,1,-0.118,0.023,running
113.640,1,2489,0.01634,0.05655,-0.0078,0.0080,-0.02193,0.03265,0.05602,0,1,-0.170,0.059,running
113.684,1,2490,0.01636,0.05630,0.0005,-0.0056,-0.02097,0.02888,0.05580,0,1,-0.121,0.006,running
113.725,1,2491,0.01632,0.05635,-0.0010,0.0012,-0.02269,0.02688,0.05583,0,1,-0.150,0.051,running
113.771,1,2492,0.01647,0.05624,0.0033,-0.0024,-0.02118,0.02812,0.05580,0,1,-0.146,0.026,running
113.814,1,2493,0.01670,0.05652,0.0054,0.0065,-0.02182,0.02688,0.05615,0,1,-0.162,0.036,running
113.857,1,2494,0.01618,0.05663,-0.0119,0.0025,-0.02052,0.02653,0.05602,0,1,-0.171,0.002,running
113.903,1,2495,0.01652,0.05619,0.0073,-0.0098,-0.02028,0.02628,0.05577,0,1,-0.112,0.014,running
113.946,1,2496,0.01669,0.05602,0.0041,-0.0039,-0.02245,0.02478,0.05570,0,1,-0.179,0.055,running
113.990,1,2497,0.01669,0.05645,-0.0001,0.0097,-0.02075,0.02691,0.05608,0,1,-0.169,0.033,running
114.033,1,2498,0.01666,0.05626,-0.0006,-0.0043,-0.02034,0.02767,0.05589,0,1,-0.157,-0.017,running
114.087,1,2499,0.01615,0.05638,-0.0096,0.0023,-0.02087,0.02832,0.05579,0,1,-0.156,0.029,running
114.123,1,2500,0.01652,0.05641,0.0104,0.0009,-0.02080,0.02625,0.05598,0,1,-0.125,0.004,running
114.166,1,2501,0.01650,0.05626,-0.0005,-0.0035,-0.02059,0.02587,0.05583,0,1,-0.194,0.006,running
114.210,1,2502,0.01682,0.05637,0.0073,0.0026,-0.01993,0.02661,0.05607,0,1,-0.158,0.020,running
114.255,1,2503,0.01661,0.05654,-0.0047,0.0039,-0.02005,0.02757,0.05613,0,1,-0.187,-0.004,running
114.299,1,2504,0.01655,0.05640,-0.0013,-0.0033,-0.02004,0.02782,0.05597,0,1,-0.147,-0.011,running
114.343,1,2505,0.01638,0.05630,-0.0040,-0.0022,-0.02059,0.02832,0.05581,0,1,-0.159,0.012,running
114.385,1,2506,0.01631,0.05624,-0.0017,-0.0014,-0.02028,0.02805,0.05573,0,1,-0.151,0.006,running
114.430,1,2507,0.01639,0.05613,0.0018,-0.0025,-0.02004,0.02782,0.05566,0,1,-0.159,0.002,running
114.473,1,2508,0.01646,0.05602,0.0017,-0.0026,-0.02031,0.02811,0.05559,0,1,-0.172,0.004,running
114.518,1,2509,0.01668,0.05657,0.0048,0.0121,-0.02002,0.02809,0.05618,0,1,-0.173,0.003,running
114.561,1,2510,0.01628,0.05616,-0.0092,-0.0093,-0.01961,0.02635,0.05565,0,1,-0.186,-0.052,running
114.651,1,2511,0.01656,0.05601,0.0030,-0.0017,-0.01100,0.02560,0.05563,0,1,-0.139,0.018,running
114.695,1,2512,0.01627,0.05597,-0.0066,-0.0009,-0.00788,0.02733,0.05547,0,1,-0.182,-0.009,running
114.740,1,2513,0.01643,0.05580,0.0035,-0.0039,-0.01324,0.02785,0.05538,0,1,-0.150,-0.014,running
114.783,1,2514,0.01632,0.05641,-0.0025,0.0141,-0.01182,0.02696,0.05588,0,1,-0.185,-0.005,running
114.828,1,2515,0.01611,0.05600,-0.0047,-0.0090,-0.01294,0.02754,0.05543,0,1,-0.166,-0.071,running
114.870,1,2516,0.01591,0.05556,-0.0048,-0.0106,-0.01280,0.02985,0.05494,0,1,-0.159,0.007,running
114.915,1,2517,0.01599,0.05514,0.0018,-0.0091,-0.01375,0.02921,0.05460,0,1,-0.158,0.013,running
114.959,1,2518,0.01522,0.05500,-0.0175,-0.0033,-0.01601,0.03260,0.05413,0,1,-0.181,0.008,running
115.004,1,2519,0.01508,0.05499,-0.0030,-0.0001,-0.01801,0.03363,0.05407,0,1,-0.113,-0.012,running
115.046,1,2520,0.01443,0.05496,-0.0154,-0.0006,-0.01829,0.03344,0.05377,0,1,-0.163,-0.025,running
115.092,1,2521,0.01412,0.05465,-0.0068,-0.0068,-0.01823,0.03475,0.05336,0,1,-0.119,-0.024,running
115.135,1,2522,0.01359,0.05418,-0.0122,-0.0109,-0.01714,0.03502,0.05271,0,1,-0.148,-0.003,running
115.179,1,2523,0.01292,0.05459,-0.0153,0.0094,-0.01708,0.03420,0.05283,0,1,-0.128,0.012,running
115.222,1,2524,0.01288,0.05414,-0.0009,-0.0106,-0.01700,0.03392,0.05240,0,1,-0.116,-0.062,running
115.266,1,2525,0.01247,0.05382,-0.0092,-0.0073,-0.01775,0.03443,0.05193,0,1,-0.166,0.008,running
115.309,1,2526,0.01171,0.05320,-0.0176,-0.0142,-0.01690,0.03435,0.05108,0,1,-0.136,-0.003,running
115.354,1,2527,0.01171,0.05322,-0.0001,0.0003,-0.02014,0.03529,0.05109,0,1,-0.104,0.023,running
115.399,1,2528,0.01175,0.05239,0.0009,-0.0187,-0.01948,0.03449,0.05034,0,1,-0.167,-0.031,running
115.442,1,2529,0.01197,0.05259,0.0051,0.0047,-0.02268,0.03606,0.05061,0,1,-0.171,0.040,running
115.486,1,2530,0.01225,0.05215,0.0065,-0.0101,-0.02146,0.03434,0.05032,0,1,-0.188,-0.047,running
115.531,1,2531,0.01238,0.05220,0.0029,0.0010,-0.02357,0.03593,0.05041,0,1,-0.194,0.006,running
115.574,1,2532,0.01208,0.05246,-0.0069,0.0059,-0.01875,0.03393,0.05053,0,1,-0.182,-0.037,running
115.620,1,2533,0.01166,0.05279,-0.0092,0.0075,-0.02264,0.03242,0.05068,0,1,-0.148,-0.057,running
115.662,1,2534,0.01158,0.05284,-0.0021,0.0011,-0.01995,0.03113,0.05069,0,1,-0.139,-0.066,running
115.706,1,2535,0.01172,0.05310,0.0033,0.0059,-0.01504,0.03000,0.05098,0,1,-0.165,-0.046,running
115.750,1,2536,0.01220,0.05245,0.0107,-0.0145,-0.01344,0.03094,0.05057,0,1,-0.186,-0.066,running
115.794,1,2537,0.01232,0.05265,0.0029,0.0045,-0.01360,0.02734,0.05080,0,1,-0.214,0.008,running
115.839,1,2538,0.01190,0.05271,-0.0092,0.0013,-0.01437,0.02859,0.05069,0,1,-0.188,-0.064,running
115.882,1,2539,0.01200,0.05272,0.0025,0.0003,-0.01588,0.02807,0.05074,0,1,-0.144,-0.054,running
115.926,1,2540,0.01188,0.05239,-0.0030,-0.0075,-0.01303,0.02632,0.05039,0,1,-0.187,-0.053,running
115.971,1,2541,0.01167,0.05266,-0.0046,0.0058,-0.01556,0.02761,0.05056,0,1,-0.168,-0.025,running
116.015,1,2542,0.01210,0.05240,0.0101,-0.0060,-0.01365,0.02628,0.05049,0,1,-0.162,-0.076,running
116.059,1,2543,0.01220,0.05291,0.0022,0.0118,-0.01466,0.02527,0.05099,0,1,-0.217,-0.035,running
116.101,1,2544,0.01207,0.05250,-0.0030,-0.0095,-0.01266,0.02590,0.05057,0,1,-0.190,-0.103,running
116.147,1,2545,0.01218,0.05266,0.0023,0.0035,-0.01321,0.02613,0.05076,0,1,-0.172,-0.027,running
116.190,1,2546,0.01242,0.05268,0.0056,0.0003,-0.00966,0.02611,0.05087,0,1,-0.192,-0.076,running
116.234,1,2547,0.01210,0.05262,-0.0073,-0.0012,-0.01321,0.02480,0.05069,0,1,-0.206,-0.067,running
116.278,1,2548,0.01185,0.05273,-0.0057,0.0026,-0.01208,0.02596,0.05070,0,1,-0.160,-0.063,running
116.325,1,2549,0.01163,0.05257,-0.0048,-0.0035,-0.01088,0.02696,0.05046,0,1,-0.165,-0.079,running
116.366,1,2550,0.01193,0.05257,0.0072,-0.0001,-0.01100,0.02498,0.05057,0,1,-0.168,-0.059,running
116.411,1,2551,0.01208,0.05302,0.0034,0.0100,-0.01008,0.02537,0.05105,0,1,-0.213,-0.073,running
116.454,1,2552,0.01181,0.05238,-0.0065,-0.0152,-0.01250,0.02724,0.05035,0,1,-0.201,-0.114,running
116.498,1,2553,0.01186,0.05260,0.0013,0.0050,-0.01079,0.02635,0.05058,0,1,-0.165,-0.022,running
116.543,1,2554,0.01188,0.05259,0.0003,-0.0001,-0.01111,0.02505,0.05058,0,1,-0.194,-0.098,running
116.586,1,2555,0.01194,0.05256,0.0014,-0.0008,-0.01477,0.02737,0.05057,0,1,-0.192,-0.081,running
116.673,1,2556,0.01212,0.05270,0.0021,0.0016,-0.01428,0.02659,0.05077,0,1,-0.198,-0.083,running
116.718,1,2557,0.01189,0.05241,-0.0052,-0.0065,-0.01357,0.02604,0.05041,0,1,-0.202,-0.094,running
116.761,1,2558,0.01190,0.05272,0.0003,0.0073,-0.01279,0.02614,0.05071,0,1,-0.175,-0.066,running
116.807,1,2559,0.01188,0.05291,-0.0004,0.0042,-0.01240,0.02488,0.05087,0,1,-0.196,-0.119,running
116.850,1,2560,0.01212,0.05246,0.0055,-0.0105,-0.01186,0.02498,0.05055,0,1,-0.195,-0.111,running
116.894,1,2561,0.01202,0.05271,-0.0023,0.0056,-0.01178,0.02565,0.05074,0,1,-0.217,-0.058,running
116.939,1,2562,0.01197,0.05257,-0.0010,-0.0031,-0.01017,0.02666,0.05060,0,1,-0.190,-0.119,running
116.987,1,2563,0.01207,0.05267,0.0020,0.0020,-0.01031,0.02706,0.05073,0,1,-0.195,-0.089,running
117.028,1,2564,0.01199,0.05245,-0.0019,-0.0055,-0.00799,0.02751,0.05049,0,1,-0.207,-0.110,running
117.070,1,2565,0.01187,0.05246,-0.0029,0.0001,-0.00884,0.02588,0.05045,0,1,-0.194,-0.084,running
117.114,1,2566,0.01209,0.05242,0.0048,-0.0008,-0.00893,0.02673,0.05050,0,1,-0.191,-0.106,running
117.158,1,2567,0.01178,0.05253,-0.0071,0.0026,-0.00926,0.02711,0.05049,0,1,-0.220,-0.105,running
117.203,1,2568,0.01195,0.05263,0.0038,0.0020,-0.00850,0.02725,0.05064,0,1,-0.177,-0.119,running
117.246,1,2569,0.01194,0.05262,-0.0002,-0.0001,-0.00853,0.02706,0.05063,0,1,-0.218,-0.120,running
117.293,1,2570,0.01200,0.05245,0.0012,-0.0036,-0.00812,0.02712,0.05049,0,1,-0.204,-0.115,running
117.336,1,2571,0.01192,0.05263,-0.0019,0.0044,-0.00857,0.02777,0.05063,0,1,-0.210,-0.103,running
117.380,1,2572,0.01178,0.05234,-0.0031,-0.0065,-0.00791,0.02816,0.05031,0,1,-0.200,-0.135,running
117.425,1,2573,0.01213,0.05257,0.0077,0.0049,-0.00965,0.02680,0.05065,0,1,-0.196,-0.096,running
117.471,1,2574,0.01175,0.05240,-0.0084,-0.0036,-0.00784,0.02688,0.05035,0,1,-0.237,-0.141,running
117.513,1,2575,0.01213,0.05267,0.0092,0.0064,-0.00761,0.02789,0.05075,0,1,-0.179,-0.111,running
117.554,1,2576,0.01204,0.05254,-0.0024,-0.0032,-0.00939,0.02724,0.05059,0,1,-0.244,-0.150,running
117.599,1,2577,0.01175,0.05262,-0.0062,0.0018,-0.00913,0.02758,0.05056,0,1,-0.203,-0.117,running
117.644,1,2578,0.01181,0.05225,0.0012,-0.0083,-0.00837,0.02722,0.05023,0,1,-0.189,-0.137,running
117.686,1,2579,0.01215,0.05293,0.0080,0.0161,-0.00796,0.02856,0.05100,0,1,-0.216,-0.101,running
117.731,1,2580,0.01186,0.05268,-0.0064,-0.0057,-0.00847,0.02689,0.05065,0,1,-0.243,-0.194,running
117.774,1,2581,0.01190,0.05253,0.0010,-0.0035,-0.00702,0.02676,0.05053,0,1,-0.191,-0.117,running
117.818,1,2582,0.01190,0.05259,0.0001,0.0014,-0.00219,0.02711,0.05059,0,1,-0.219,-0.126,running
117.863,1,2583,0.01205,0.05246,0.0032,-0.0029,-0.00380,0.02575,0.05052,0,1,-0.216,-0.146,running
117.906,1,2584,0.01233,0.05189,0.0066,-0.0135,-0.00306,0.02630,0.05011,0,1,-0.229,-0.132,running
117.951,1,2585,0.01235,0.05179,0.0004,-0.0021,-0.00277,0.02801,0.05003,0,1,-0.242,-0.093,running
117.994,1,2586,0.01233,0.05187,-0.0005,0.0019,-0.00422,0.02677,0.05009,0,1,-0.221,-0.136,running
118.039,1,2587,0.01189,0.05133,-0.0099,-0.0120,-0.00817,0.02613,0.04942,0,1,-0.219,-0.153,running
118.082,1,2588,0.01200,0.05099,0.0025,-0.0078,-0.00677,0.02559,0.04916,0,1,-0.184,-0.101,running
118.127,1,2589,0.01138,0.05000,-0.0139,-0.0223,-0.00839,0.02659,0.04799,0,1,-0.229,-0.117,running
118.170,1,2590,0.01115,0.04995,-0.0053,-0.0010,-0.00943,0.02532,0.04786,0,1,-0.167,-0.059,running
118.215,1,2591,0.01069,0.04896,-0.0102,-0.0221,-0.00776,0.02537,0.04677,0,1,-0.199,-0.139,running
118.259,1,2592,0.01050,0.04823,-0.0043,-0.0167,-0.01336,0.02437,0.04603,0,1,-0.178,-0.057,running
118.303,1,2593,0.01002,0.04779,-0.0108,-0.0099,-0.01208,0.02458,0.04543,1,1,-0.200,-0.075,in_circle
118.347,1,2594,0.00973,0.04664,-0.0066,-0.0261,-0.01546,0.02487,0.04426,1,1,-0.174,-0.100,in_circle
118.391,1,2595,0.00886,0.04599,-0.0202,-0.0150,-0.01407,0.02637,0.04333,1,1,-0.189,-0.034,in_circle
118.435,1,2596,0.00834,0.04508,-0.0115,-0.0204,-0.01572,0.02676,0.04229,1,1,-0.133,-0.074,in_circle
118.478,1,2597,0.00736,0.04404,-0.0231,-0.0244,-0.01724,0.02670,0.04095,1,1,-0.165,-0.050,in_circle
118.523,1,2598,0.00609,0.04244,-0.0283,-0.0359,-0.01656,0.02723,0.03900,1,1,-0.116,-0.029,in_circle
118.567,1,2599,0.00491,0.04143,-0.0269,-0.0230,-0.01704,0.02755,0.03764,1,1,-0.091,0.022,in_circle
118.611,1,2600,0.00361,0.04014,-0.0293,-0.0290,-0.01615,0.02967,0.03599,1,1,-0.094,-0.028,in_circle
118.699,1,2601,0.00102,0.03815,-0.0294,-0.0226,-0.01709,0.03787,0.03334,1,1,-0.082,-0.004,in_circle
118.743,1,2602,-0.00046,0.03678,-0.0338,-0.0311,-0.01907,0.03844,0.03164,1,1,-0.076,-0.026,in_circle
118.787,1,2603,-0.00171,0.03600,-0.0284,-0.0177,-0.01827,0.03725,0.03061,1,1,-0.055,0.010,in_circle
118.831,1,2604,-0.00270,0.03517,-0.0222,-0.0187,-0.01646,0.03907,0.02962,1,1,-0.073,-0.043,in_circle
118.876,1,2605,-0.00429,0.03421,-0.0359,-0.0216,-0.01821,0.03997,0.02843,1,1,-0.096,-0.038,in_circle
118.919,1,2606,-0.00501,0.03384,-0.0165,-0.0084,-0.01794,0.04029,0.02798,1,1,-0.037,-0.026,in_circle
118.963,1,2607,-0.00604,0.03253,-0.0235,-0.0303,-0.01793,0.04087,0.02658,1,1,-0.113,-0.078,in_circle
119.008,1,2608,-0.00663,0.03163,-0.0132,-0.0201,-0.01699,0.04079,0.02565,1,1,-0.083,0.011,in_circle
119.052,1,2609,-0.00763,0.03095,-0.0224,-0.0153,-0.01581,0.03983,0.02495,1,1,-0.122,-0.029,in_circle
119.095,1,2610,-0.00798,0.03043,-0.0082,-0.0120,-0.01826,0.04087,0.02443,1,1,-0.083,-0.047,in_circle
119.140,1,2611,-0.00835,0.03027,-0.0084,-0.0038,-0.01581,0.04050,0.02427,1,1,-0.139,-0.060,in_circle
119.182,1,2612,-0.00851,0.02996,-0.0037,-0.0072,-0.01713,0.03905,0.02397,1,1,-0.137,-0.094,in_circle
119.227,1,2613,-0.00854,0.03020,-0.0007,0.0055,-0.01444,0.04043,0.02421,1,1,-0.156,-0.080,in_circle
119.270,1,2614,-0.00854,0.03064,0.0001,0.0100,-0.01113,0.03820,0.02465,1,1,-0.168,-0.133,in_circle
119.315,1,2615,-0.00786,0.03131,0.0152,0.0151,-0.01033,0.03625,0.02531,1,1,-0.171,-0.153,in_circle
119.358,1,2616,-0.00786,0.03100,0.0000,-0.0073,-0.00606,0.02924,0.02500,1,1,-0.233,-0.176,in_circle
119.402,1,2617,-0.00774,0.03057,0.0026,-0.0100,-0.00282,0.02615,0.02457,1,1,-0.172,-0.087,in_circle
119.446,1,2618,-0.00767,0.03017,0.0017,-0.0089,-0.00178,0.02479,0.02417,1,1,-0.183,-0.076,in_circle
119.491,1,2619,-0.00806,0.03017,-0.0088,-0.0000,-0.00547,0.02467,0.02417,1,1,-0.179,-0.081,in_circle
119.534,1,2620,-0.00794,0.03045,0.0029,0.0067,-0.00772,0.02397,0.02445,1,1,-0.136,-0.117,in_circle
119.580,1,2621,-0.00811,0.02942,-0.0039,-0.0224,-0.00886,0.02618,0.02342,1,1,-0.183,-0.146,in_circle
119.623,1,2622,-0.00795,0.02896,0.0038,-0.0106,-0.00864,0.02510,0.02296,1,1,-0.156,-0.028,in_circle
119.669,1,2623,-0.00789,0.02872,0.0012,-0.0053,-0.00825,0.02461,0.02272,1,1,-0.187,-0.075,in_circle
119.710,1,2624,-0.00753,0.02858,0.0088,-0.0034,-0.01478,0.02440,0.02258,1,1,-0.177,-0.097,in_circle
119.756,1,2625,-0.00842,0.02924,-0.0195,0.0146,-0.01377,0.02515,0.02325,1,1,-0.208,-0.105,in_circle
119.798,1,2626,-0.00842,0.02930,-0.0001,0.0013,-0.01446,0.02491,0.02331,1,1,-0.092,-0.179,in_circle
119.843,1,2627,-0.00860,0.02960,-0.0039,0.0066,-0.01174,0.02396,0.02361,1,1,-0.170,-0.127,in_circle
119.887,1,2628,-0.00947,0.02927,-0.0196,-0.0075,-0.00473,0.02782,0.02333,1,1,-0.154,-0.150,in_circle
119.932,1,2629,-0.00896,0.02867,0.0113,-0.0135,-0.00647,0.02850,0.02270,1,1,-0.089,-0.094,in_circle
119.975,1,2630,-0.00995,0.02871,-0.0229,0.0010,-0.00607,0.02865,0.02281,1,1,-0.214,-0.070,in_circle
120.019,1,2631,-0.01052,0.02897,-0.0127,0.0058,-0.00834,0.02759,0.02313,1,1,-0.075,-0.129,in_circle
120.062,1,2632,-0.01077,0.02965,-0.0059,0.0160,-0.00713,0.02950,0.02383,1,1,-0.114,-0.150,in_circle
120.108,1,2633,-0.01115,0.02998,-0.0082,0.0072,-0.00706,0.03020,0.02421,1,1,-0.141,-0.193,in_circle
120.151,1,2634,-0.01142,0.02966,-0.0062,-0.0075,-0.00744,0.03385,0.02393,1,1,-0.130,-0.160,in_circle
120.195,1,2635,-0.01218,0.03002,-0.0171,0.0083,-0.00497,0.03457,0.02442,1,1,-0.137,-0.101,in_circle
120.239,1,2636,-0.01257,0.02939,-0.0090,-0.0144,-0.00623,0.03389,0.02387,1,1,-0.092,-0.166,in_circle
120.283,1,2637,-0.01291,0.02932,-0.0077,-0.0016,-0.00795,0.03336,0.02387,1,1,-0.123,-0.075,in_circle
120.328,1,2638,-0.01364,0.02917,-0.0164,-0.0033,-0.00711,0.03441,0.02390,1,1,-0.127,-0.127,in_circle
120.373,1,2639,-0.01361,0.02882,0.0007,-0.0077,-0.00787,0.03691,0.02355,1,1,-0.090,-0.121,in_circle
120.415,1,2640,-0.01449,0.02881,-0.0208,-0.0004,-0.00776,0.03564,0.02377,1,1,-0.158,-0.104,in_circle
120.459,1,2641,-0.01523,0.02885,-0.0169,0.0009,-0.00823,0.03733,0.02402,1,1,-0.070,-0.134,in_circle
120.503,1,2642,-0.01615,0.02900,-0.0209,0.0035,-0.00799,0.03672,0.02447,1,1,-0.083,-0.140,in_circle
120.547,1,2643,-0.01589,0.02910,0.0060,0.0022,-0.00815,0.03889,0.02448,1,1,-0.065,-0.152,in_circle
120.591,1,2644,-0.01700,0.02910,-0.0256,0.0001,-0.00794,0.03946,0.02487,1,1,-0.173,-0.148,in_circle
120.636,1,2645,-0.01715,0.02937,-0.0033,0.0059,-0.00735,0.04098,0.02517,1,1,-0.043,-0.141,in_circle
120.723,1,2646,-0.01770,0.02880,-0.0063,-0.0066,-0.00655,0.04236,0.02485,1,1,-0.131,-0.166,in_circle
120.767,1,2647,-0.01789,0.02855,-0.0044,-0.0057,-0.00595,0.04077,0.02470,1,1,-0.117,-0.116,in_circle
120.809,1,2648,-0.01814,0.02865,-0.0058,0.0025,-0.00622,0.04042,0.02490,1,1,-0.124,-0.120,in_circle
120.855,1,2649,-0.01846,0.02867,-0.0072,0.0003,-0.00663,0.04109,0.02505,1,1,-0.117,-0.154,in_circle
120.898,1,2650,-0.01862,0.02802,-0.0037,-0.0150,-0.00735,0.03895,0.02454,1,1,-0.111,-0.146,in_circle
120.943,1,2651,-0.01883,0.02781,-0.0046,-0.0047,-0.00738,0.03883,0.02444,1,1,-0.123,-0.084,in_circle
120.986,1,2652,-0.01881,0.02763,0.0005,-0.0042,-0.00651,0.03823,0.02427,1,1,-0.119,-0.126,in_circle
121.031,1,2653,-0.01826,0.02798,0.0121,0.0078,-0.00839,0.03675,0.02434,1,1,-0.139,-0.128,in_circle
121.076,1,2654,-0.01824,0.02786,0.0006,-0.0028,-0.00737,0.03257,0.02422,1,1,-0.186,-0.178,in_circle
121.120,1,2655,-0.01824,0.02775,0.0001,-0.0025,-0.00596,0.02912,0.02412,1,1,-0.140,-0.137,in_circle
121.163,1,2656,-0.01863,0.02772,-0.0089,-0.0007,-0.00530,0.02728,0.02426,1,1,-0.137,-0.139,in_circle
121.208,1,2657,-0.01846,0.02779,0.0037,0.0016,-0.00635,0.02455,0.02426,1,1,-0.100,-0.147,in_circle
121.250,1,2658,-0.01887,0.02788,-0.0098,0.0022,-0.00655,0.02499,0.02452,1,1,-0.150,-0.157,in_circle
121.295,1,2659,-0.01893,0.02790,-0.0013,0.0004,-0.00486,0.02607,0.02456,1,1,-0.095,-0.160,in_circle
121.340,1,2660,-0.01938,0.02809,-0.0103,0.0043,-0.00593,0.02627,0.02494,1,1,-0.128,-0.154,in_circle
121.382,1,2661,-0.02014,0.02820,-0.0178,0.0026,-0.00642,0.02753,0.02540,1,1,-0.090,-0.172,in_circle
121.428,1,2662,-0.02073,0.02798,-0.0128,-0.0047,-0.00397,0.02832,0.02550,1,1,-0.058,-0.166,in_circle
121.473,1,2663,-0.02092,0.02826,-0.0043,0.0063,-0.00521,0.02916,0.02584,1,1,-0.076,-0.137,in_circle
121.520,1,2664,-0.02082,0.02780,0.0022,-0.0096,-0.00656,0.03197,0.02539,1,1,-0.109,-0.183,in_circle
121.561,1,2665,-0.02132,0.02774,-0.0123,-0.0017,-0.00730,0.03835,0.02560,1,1,-0.135,-0.119,in_circle
121.602,1,2666,-0.02152,0.02732,-0.0049,-0.0102,-0.00544,0.03914,0.02535,1,1,-0.075,-0.151,in_circle
121.648,1,2667,-0.02143,0.02732,0.0020,0.0001,-0.00652,0.03969,0.02530,1,1,-0.103,-0.117,in_circle
121.690,1,2668,-0.02136,0.02786,0.0016,0.0129,-0.00499,0.03953,0.02573,1,1,-0.131,-0.159,in_circle
121.735,1,2669,-0.02109,0.02766,0.0061,-0.0044,-0.00700,0.03809,0.02541,1,1,-0.128,-0.213,in_circle
121.780,1,2670,-0.02148,0.02764,-0.0088,-0.0006,-0.00528,0.03906,0.02560,1,1,-0.147,-0.144,in_circle
121.824,1,2671,-0.02093,0.02719,0.0126,-0.0101,-0.00295,0.03694,0.02493,1,1,-0.085,-0.160,in_circle
121.867,1,2672,-0.02113,0.02773,-0.0047,0.0124,-0.00349,0.03746,0.02549,1,1,-0.172,-0.122,in_circle
121.912,1,2673,-0.02107,0.02780,0.0013,0.0016,-0.00234,0.03632,0.02552,1,1,-0.102,-0.214,in_circle
121.955,1,2674,-0.02113,0.02771,-0.0013,-0.0020,-0.00554,0.03603,0.02548,1,1,-0.125,-0.172,in_circle
121.999,1,2675,-0.02081,0.02756,0.0072,-0.0034,-0.00048,0.03585,0.02519,1,1,-0.114,-0.158,in_circle
122.042,1,2676,-0.02140,0.02760,-0.0136,0.0008,-0.00303,0.03454,0.02552,1,1,-0.148,-0.154,in_circle
122.086,1,2677,-0.02151,0.02800,-0.0026,0.0090,-0.00213,0.03589,0.02593,1,1,-0.063,-0.171,in_circle
122.132,1,2678,-0.02115,0.02700,0.0078,-0.0220,-0.00324,0.03461,0.02489,1,1,-0.106,-0.206,in_circle
122.175,1,2679,-0.02111,0.02748,0.0011,0.0110,-0.00337,0.03512,0.02527,1,1,-0.148,-0.081,in_circle
122.222,1,2680,-0.02154,0.02771,-0.0094,0.0050,-0.00318,0.03367,0.02570,1,1,-0.121,-0.215,in_circle
122.264,1,2681,-0.02092,0.02778,0.0151,0.0017,-0.00766,0.03135,0.02543,1,1,-0.077,-0.192,in_circle
122.305,1,2682,-0.02102,0.02788,-0.0026,0.0024,-0.00352,0.03193,0.02557,1,1,-0.176,-0.180,in_circle
122.350,1,2683,-0.02153,0.02757,-0.0112,-0.0070,-0.00434,0.03298,0.02557,1,1,-0.104,-0.184,in_circle
122.393,1,2684,-0.02151,0.02775,0.0005,0.0042,-0.00370,0.03166,0.02571,1,1,-0.068,-0.147,in_circle
122.439,1,2685,-0.02105,0.02795,0.0102,0.0045,-0.00419,0.03010,0.02564,1,1,-0.114,-0.193,in_circle
122.483,1,2686,-0.02113,0.02784,-0.0020,-0.0025,-0.00388,0.03235,0.02559,1,1,-0.153,-0.196,in_circle
122.528,1,2687,-0.02126,0.02718,-0.0027,-0.0149,-0.00421,0.03221,0.02509,1,1,-0.104,-0.168,in_circle
122.573,1,2688,-0.02147,0.02757,-0.0048,0.0088,-0.00331,0.03060,0.02553,1,1,-0.100,-0.118,in_circle
122.616,1,2689,-0.02141,0.02743,0.0013,-0.0031,-0.00327,0.03248,0.02539,1,1,-0.091,-0.215,in_circle
122.659,1,2690,-0.02105,0.02782,0.0084,0.0092,-0.00517,0.03103,0.02553,1,1,-0.115,-0.168,in_circle
122.748,1,2691,-0.02139,0.02755,-0.0038,-0.0030,-0.00432,0.03161,0.02548,1,1,-0.143,-0.220,in_circle
122.790,1,2692,-0.02103,0.02749,0.0086,-0.0014,-0.00280,0.03223,0.02524,1,1,-0.093,-0.171,in_circle
122.835,1,2693,-0.02130,0.02758,-0.0060,0.0019,-0.00255,0.03314,0.02545,1,1,-0.143,-0.178,in_circle
122.880,1,2694,-0.02118,0.02752,0.0027,-0.0014,-0.00197,0.03477,0.02534,1,1,-0.083,-0.193,in_circle
122.923,1,2695,-0.02147,0.02744,-0.0068,-0.0018,-0.00287,0.03496,0.02543,1,1,-0.117,-0.180,in_circle
122.967,1,2696,-0.02153,0.02781,-0.0013,0.0084,-0.00293,0.03543,0.02577,1,1,-0.078,-0.180,in_circle
123.011,1,2697,-0.02127,0.02750,0.0059,-0.0073,-0.00244,0.03588,0.02537,1,1,-0.099,-0.222,in_circle
123.055,1,2698,-0.02136,0.02713,-0.0021,-0.0084,-0.00166,0.03565,0.02510,1,1,-0.128,-0.160,in_circle
123.099,1,2699,-0.02131,0.02747,0.0012,0.0078,-0.00166,0.03606,0.02537,1,1,-0.095,-0.155,in_circle
123.143,1,2700,-0.02115,0.02776,0.0037,0.0067,-0.00296,0.03544,0.02553,1,1,-0.108,-0.222,in_circle
123.187,1,2701,-0.02120,0.02766,-0.0013,-0.0022,-0.00254,0.03597,0.02548,1,1,-0.118,-0.219,in_circle
123.231,1,2702,-0.02107,0.02793,0.0030,0.0062,-0.00109,0.03565,0.02564,1,1,-0.097,-0.184,in_circle
123.274,1,2703,-0.02122,0.02739,-0.0034,-0.0125,-0.00202,0.03479,0.02525,1,1,-0.114,-0.219,in_circle
123.318,1,2704,-0.02120,0.02721,0.0005,-0.0041,-0.00122,0.03532,0.02509,1,1,-0.088,-0.144,in_circle
123.364,1,2705,-0.02131,0.02752,-0.0025,0.0067,-0.00151,0.03551,0.02541,1,1,-0.103,-0.178,in_circle
123.406,1,2706,-0.02147,0.02762,-0.0037,0.0024,-0.00337,0.03577,0.02558,1,1,-0.090,-0.223,in_circle
123.451,1,2707,-0.02120,0.02712,0.0059,-0.0110,-0.00293,0.03543,0.02501,1,1,-0.084,-0.207,in_circle
123.495,1,2708,-0.02115,0.02778,0.0012,0.0151,-0.00179,0.03532,0.02554,1,1,-0.122,-0.153,in_circle
123.539,1,2709,-0.02136,0.02762,-0.0048,-0.0034,-0.00151,0.03551,0.02552,1,1,-0.103,-0.260,in_circle
123.585,1,2710,-0.02127,0.02760,0.0018,-0.0004,-0.00179,0.03532,0.02546,1,1,-0.078,-0.187,in_circle
123.629,1,2711,-0.02166,0.02749,-0.0090,-0.0027,-0.00120,0.03864,0.02557,1,1,-0.104,-0.200,in_circle
123.671,1,2712,-0.02141,0.02749,0.0061,0.0001,-0.00003,0.03484,0.02544,1,1,-0.059,-0.191,in_circle
123.715,1,2713,-0.02100,0.02752,0.0091,0.0006,-0.00028,0.03586,0.02524,1,1,-0.120,-0.204,in_circle
123.758,1,2714,-0.02093,0.02767,0.0015,0.0036,0.00077,0.03530,0.02534,1,1,-0.132,-0.206,in_circle
123.803,1,2715,-0.02156,0.02754,-0.0142,-0.0030,-0.00078,0.03770,0.02556,1,1,-0.101,-0.220,in_circle
123.847,1,2716,-0.02145,0.02759,0.0026,0.0012,0.00016,0.03718,0.02554,1,1,-0.036,-0.194,in_circle
123.891,1,2717,-0.02126,0.02750,0.0042,-0.0021,0.00054,0.03826,0.02537,1,1,-0.103,-0.212,in_circle
123.934,1,2718,-0.02140,0.02758,-0.0031,0.0019,-0.00070,0.03935,0.02551,1,1,-0.110,-0.199,in_circle
123.980,1,2719,-0.02122,0.02748,0.0040,-0.0022,0.00156,0.03802,0.02533,1,1,-0.079,-0.217,in_circle
124.022,1,2720,-0.02131,0.02740,-0.0021,-0.0019,0.00143,0.03727,0.02531,1,1,-0.107,-0.201,in_circle
124.068,1,2721,-0.02122,0.02715,0.0019,-0.0056,-0.00020,0.03848,0.02505,1,1,-0.082,-0.203,in_circle
124.113,1,2722,-0.02143,0.02759,-0.0046,0.0098,-0.00125,0.03712,0.02553,1,1,-0.098,-0.188,in_circle
124.156,1,2723,-0.02112,0.02746,0.0073,-0.0030,-0.00100,0.03839,0.02526,1,1,-0.071,-0.252,in_circle
124.198,1,2724,-0.02123,0.02789,-0.0027,0.0103,0.00047,0.03661,0.02568,1,1,-0.119,-0.202,in_circle
124.243,1,2725,-0.02118,0.02731,0.0010,-0.0127,0.00006,0.03753,0.02516,1,1,-0.078,-0.257,in_circle
124.287,1,2726,-0.02128,0.02769,-0.0024,0.0087,-0.00052,0.03621,0.02553,1,1,-0.092,-0.164,in_circle
124.332,1,2727,-0.02127,0.02793,0.0003,0.0054,-0.00021,0.03696,0.02573,1,1,-0.078,-0.252,in_circle
124.375,1,2728,-0.02122,0.02769,0.0010,-0.0054,-0.00324,0.03634,0.02551,1,1,-0.088,-0.240,in_circle
124.419,1,2729,-0.02153,0.02770,-0.0069,0.0002,0.00054,0.03803,0.02568,1,1,-0.090,-0.197,in_circle
124.463,1,2730,-0.02119,0.02739,0.0078,-0.0072,-0.00089,0.03765,0.02523,1,1,-0.057,-0.221,in_circle
124.508,1,2731,-0.02100,0.02732,0.0041,-0.0016,-0.00046,0.03712,0.02507,1,1,-0.117,-0.191,in_circle
124.550,1,2732,-0.02104,0.02753,-0.0008,0.0050,-0.00117,0.03802,0.02527,1,1,-0.102,-0.214,in_circle
124.596,1,2733,-0.02157,0.02767,-0.0115,0.0031,-0.00143,0.03617,0.02567,1,1,-0.081,-0.242,in_circle
124.640,1,2734,-0.02117,0.02728,0.0090,-0.0088,-0.00100,0.03722,0.02514,1,1,-0.036,-0.236,in_circle
124.683,1,2735,-0.02136,0.02747,-0.0044,0.0044,-0.00099,0.03687,0.02540,1,1,-0.119,-0.188,in_circle
124.771,1,2736,-0.02138,0.02757,-0.0002,0.0011,-0.00195,0.03569,0.02549,1,1,-0.064,-0.243,in_circle
124.814,1,2737,-0.02119,0.02735,0.0045,-0.0050,-0.00087,0.03616,0.02520,1,1,-0.080,-0.231,in_circle
124.859,1,2738,-0.02101,0.02689,0.0039,-0.0103,0.00023,0.03669,0.02472,1,1,-0.098,-0.207,in_circle
124.902,1,2739,-0.02098,0.02775,0.0008,0.0199,-0.00013,0.03801,0.02543,1,1,-0.096,-0.186,in_circle
124.947,1,2740,-0.02154,0.02746,-0.0126,-0.0064,0.00194,0.03805,0.02548,1,1,-0.083,-0.310,in_circle
124.991,1,2741,-0.02128,0.02748,0.0062,0.0005,-0.00071,0.03969,0.02536,1,1,-0.027,-0.205,in_circle
125.035,1,2742,-0.02123,0.02746,0.0009,-0.0005,0.00967,0.03593,0.02532,1,1,-0.103,-0.233,in_circle
125.079,1,2743,-0.02122,0.02715,0.0003,-0.0071,0.00534,0.03719,0.02505,1,1,-0.081,-0.230,in_circle
125.123,1,2744,-0.02128,0.02772,-0.0014,0.0128,0.00740,0.03670,0.02557,1,1,-0.078,-0.204,in_circle
125.167,1,2745,-0.02101,0.02763,0.0061,-0.0021,0.00536,0.03769,0.02535,1,1,-0.071,-0.286,in_circle
125.211,1,2746,-0.02149,0.02734,-0.0109,-0.0067,0.00146,0.03812,0.02535,1,1,-0.101,-0.227,in_circle
125.255,1,2747,-0.02125,0.02757,0.0052,0.0051,0.00554,0.03693,0.02542,1,1,-0.031,-0.209,in_circle
125.299,1,2748,-0.02106,0.02766,0.0045,0.0021,0.00132,0.03826,0.02539,1,1,-0.095,-0.258,in_circle
125.343,1,2749,-0.02124,0.02745,-0.0041,-0.0049,0.00092,0.03847,0.02531,1,1,-0.092,-0.247,in_circle
125.386,1,2750,-0.02124,0.02761,-0.0001,0.0037,0.00147,0.03642,0.02545,1,1,-0.057,-0.219,in_circle
125.431,1,2751,-0.02092,0.02743,0.0071,-0.0039,-0.00002,0.03752,0.02513,1,1,-0.072,-0.255,in_circle
125.476,1,2752,-0.02110,0.02711,-0.0039,-0.0072,0.00054,0.03641,0.02495,1,1,-0.101,-0.225,in_circle
125.519,1,2753,-0.02114,0.02778,-0.0008,0.0154,-0.00027,0.03792,0.02553,1,1,-0.056,-0.212,in_circle
125.563,1,2754,-0.02131,0.02720,-0.0040,-0.0131,-0.00050,0.03841,0.02514,1,1,-0.068,-0.305,in_circle
125.607,1,2755,-0.02144,0.02758,-0.0029,0.0087,0.00115,0.03738,0.02553,1,1,-0.054,-0.191,in_circle
125.651,1,2756,-0.02115,0.02762,0.0066,0.0008,0.00516,0.03723,0.02541,1,1,-0.058,-0.280,in_circle
125.695,1,2757,-0.02103,0.02698,0.0026,-0.0145,-0.00007,0.03902,0.02480,1,1,-0.096,-0.249,in_circle
125.739,1,2758,-0.02095,0.02762,0.0020,0.0146,0.00590,0.03731,0.02530,1,1,-0.080,-0.187,in_circle
125.784,1,2759,-0.02134,0.02750,-0.0088,-0.0025,0.00151,0.03947,0.02541,1,1,-0.077,-0.306,in_circle
125.827,1,2760,-0.02126,0.02756,0.0019,0.0014,-0.00000,0.03854,0.02542,1,1,-0.032,-0.238,in_circle
125.871,1,2761,-0.02128,0.02767,-0.0005,0.0024,0.00634,0.03772,0.02552,1,1,-0.074,-0.255,in_circle
125.915,1,2762,-0.02114,0.02685,0.0032,-0.0191,0.00093,0.03917,0.02475,1,1,-0.064,-0.260,in_circle
125.959,1,2763,-0.02098,0.02736,0.0038,0.0116,0.00534,0.03811,0.02510,1,1,-0.079,-0.173,in_circle
126.002,1,2764,-0.02111,0.02742,-0.0030,0.0015,0.00088,0.03842,0.02522,1,1,-0.081,-0.298,in_circle
126.047,1,2765,-0.02135,0.02755,-0.0054,0.0029,-0.00099,0.03692,0.02546,1,1,-0.053,-0.259,in_circle
126.090,1,2766,-0.02124,0.02745,0.0026,-0.0025,0.00593,0.03740,0.02531,1,1,-0.042,-0.266,in_circle
126.135,1,2767,-0.02134,0.02719,-0.0023,-0.0055,0.00336,0.03844,0.02515,1,1,-0.073,-0.245,in_circle
126.179,1,2768,-0.02132,0.02747,0.0005,0.0063,0.00541,0.03808,0.02537,1,1,-0.053,-0.233,in_circle
126.223,1,2769,-0.02132,0.02736,0.0000,-0.0023,0.00069,0.03900,0.02528,1,1,-0.064,-0.282,in_circle
126.269,1,2770,-0.02112,0.02750,0.0042,0.0030,0.00304,0.03915,0.02529,1,1,-0.061,-0.248,in_circle
126.313,1,2771,-0.02133,0.02743,-0.0045,-0.0015,0.00540,0.03815,0.02534,1,1,-0.078,-0.271,in_circle
126.357,1,2772,-0.02128,0.02747,0.0010,0.0008,0.00467,0.03796,0.02535,1,1,-0.042,-0.254,in_circle
126.401,1,2773,-0.02136,0.02761,-0.0019,0.0032,0.00452,0.03839,0.02551,1,1,-0.063,-0.264,in_circle
126.443,1,2774,-0.02128,0.02761,0.0020,0.0001,0.00503,0.03815,0.02547,1,1,-0.051,-0.275,in_circle
126.487,1,2775,-0.02106,0.02726,0.0050,-0.0082,0.00369,0.03882,0.02506,1,1,-0.066,-0.263,in_circle
126.533,1,2776,-0.02153,0.02751,-0.0103,0.0055,0.00360,0.03931,0.02552,1,1,-0.078,-0.230,in_circle
126.576,1,2777,-0.02124,0.02729,0.0069,-0.0051,0.00457,0.03768,0.02518,1,1,-0.015,-0.287,in_circle
126.619,1,2778,-0.02122,0.02710,0.0005,-0.0045,0.00487,0.03749,0.02500,1,1,-0.084,-0.245,in_circle
126.664,1,2779,-0.02123,0.02760,-0.0004,0.0113,0.00646,0.03752,0.02544,1,1,-0.058,-0.247,in_circle
126.706,1,2780,-0.02125,0.02734,-0.0003,-0.0062,0.00265,0.03856,0.02522,1,1,-0.054,-0.313,in_circle
126.794,1,2781,-0.02137,0.02749,-0.0014,0.0017,0.00701,0.03757,0.02541,1,1,-0.053,-0.244,in_circle
126.839,1,2782,-0.02107,0.02778,0.0066,0.0065,0.00575,0.03810,0.02551,1,1,-0.048,-0.277,in_circle
126.883,1,2783,-0.02114,0.02729,-0.0017,-0.0111,0.00525,0.03761,0.02513,1,1,-0.080,-0.298,in_circle
126.926,1,2784,-0.02129,0.02714,-0.0034,-0.0035,0.00613,0.03822,0.02508,1,1,-0.046,-0.227,in_circle
126.971,1,2785,-0.02122,0.02756,0.0016,0.0094,0.00433,0.03769,0.02540,1,1,-0.038,-0.258,in_circle
127.014,1,2786,-0.02109,0.02699,0.0030,-0.0132,0.00281,0.03969,0.02484,1,1,-0.058,-0.312,in_circle
127.058,1,2787,-0.02099,0.02743,0.0023,0.0099,0.00548,0.03799,0.02516,1,1,-0.063,-0.221,in_circle
127.102,1,2788,-0.02140,0.02741,-0.0094,-0.0005,0.00424,0.03871,0.02536,1,1,-0.060,-0.315,in_circle
127.146,1,2789,-0.02150,0.02742,-0.0024,0.0002,0.00285,0.03943,0.02542,1,1,-0.012,-0.275,in_circle
127.191,1,2790,-0.02102,0.02742,0.0105,0.0000,0.00636,0.03888,0.02517,1,1,-0.039,-0.278,in_circle
127.237,1,2791,-0.02121,0.02732,-0.0039,-0.0021,0.00465,0.03901,0.02518,1,1,-0.091,-0.278,in_circle
127.278,1,2792,-0.02083,0.02740,0.0091,0.0020,0.00655,0.03866,0.02505,1,1,-0.032,-0.271,in_circle
127.323,1,2793,-0.02089,0.02737,-0.0013,-0.0006,0.00655,0.03967,0.02506,1,1,-0.085,-0.288,in_circle
127.366,1,2794,-0.02095,0.02735,-0.0015,-0.0005,0.00670,0.03999,0.02508,1,1,-0.042,-0.279,in_circle
127.411,1,2795,-0.02138,0.02768,-0.0094,0.0073,0.00639,0.04026,0.02558,1,1,-0.041,-0.280,in_circle
127.454,1,2796,-0.02092,0.02759,0.0108,-0.0022,0.00600,0.03943,0.02526,1,1,-0.008,-0.313,in_circle
127.500,1,2797,-0.02092,0.02753,-0.0001,-0.0012,0.00624,0.04003,0.02521,1,1,-0.089,-0.276,in_circle
127.543,1,2798,-0.02093,0.02762,-0.0001,0.0020,0.00799,0.03976,0.02529,1,1,-0.045,-0.280,in_circle
127.588,1,2799,-0.02087,0.02721,0.0012,-0.0090,0.00594,0.03905,0.02491,1,1,-0.044,-0.295,in_circle
127.631,1,2800,-0.02086,0.02755,0.0004,0.0080,0.00639,0.04035,0.02520,1,1,-0.049,-0.250,in_circle
127.675,1,2801,-0.02121,0.02751,-0.0080,-0.0011,0.00716,0.04044,0.02535,1,1,-0.045,-0.320,in_circle
127.718,1,2802,-0.02123,0.02745,-0.0004,-0.0014,0.00629,0.03958,0.02530,1,1,-0.010,-0.285,in_circle
127.763,1,2803,-0.02093,0.02739,0.0066,-0.0013,0.00751,0.04046,0.02510,1,1,-0.040,-0.284,in_circle
127.807,1,2804,-0.02082,0.02713,0.0025,-0.0060,0.00710,0.03985,0.02482,1,1,-0.068,-0.285,in_circle
127.851,1,2805,-0.02096,0.02774,-0.0030,0.0137,0.00717,0.04052,0.02541,1,1,-0.052,-0.267,in_circle
127.895,1,2806,-0.02100,0.02740,-0.0011,-0.0079,0.00669,0.03979,0.02515,1,1,-0.028,-0.348,in_circle
127.940,1,2807,-0.02097,0.02749,0.0007,0.0019,0.00697,0.04025,0.02520,1,1,-0.035,-0.262,in_circle
127.983,1,2808,-0.02095,0.02743,0.0006,-0.0013,0.00799,0.04097,0.02514,1,1,-0.042,-0.302,in_circle
128.028,1,2809,-0.02094,0.02716,0.0002,-0.0059,0.00557,0.04234,0.02491,1,1,-0.041,-0.290,in_circle
128.070,1,2810,-0.02104,0.02760,-0.0023,0.0104,0.00753,0.04042,0.02533,1,1,-0.039,-0.272,in_circle
128.115,1,2811,-0.02108,0.02720,-0.0009,-0.0088,0.00617,0.04227,0.02502,1,1,-0.028,-0.339,in_circle
128.159,1,2812,-0.02090,0.02748,0.0042,0.0065,0.00710,0.03985,0.02516,1,1,-0.033,-0.263,in_circle
128.203,1,2813,-0.02097,0.02738,-0.0016,-0.0024,0.00693,0.04066,0.02511,1,1,-0.053,-0.325,in_circle
128.246,1,2814,-0.02071,0.02730,0.0059,-0.0017,0.00559,0.04088,0.02491,1,1,-0.030,-0.290,in_circle
128.291,1,2815,-0.02107,0.02753,-0.0082,0.0050,0.00754,0.04157,0.02529,1,1,-0.059,-0.294,in_circle
128.334,1,2816,-0.02081,0.02750,0.0060,-0.0005,0.00679,0.04069,0.02513,1,1,-0.002,-0.322,in_circle
128.379,1,2817,-0.02092,0.02712,-0.0024,-0.0086,0.00662,0.04129,0.02486,1,1,-0.058,-0.301,in_circle
128.422,1,2818,-0.02114,0.02760,-0.0050,0.0112,0.00788,0.04205,0.02539,1,1,-0.024,-0.269,in_circle
128.467,1,2819,-0.02098,0.02754,0.0034,-0.0015,0.00760,0.04266,0.02525,1,1,-0.012,-0.350,in_circle
128.511,1,2820,-0.02129,0.02754,-0.0071,0.0000,0.00779,0.04161,0.02541,1,1,-0.046,-0.300,in_circle
128.555,1,2821,-0.02110,0.02749,0.0042,-0.0011,0.00922,0.04211,0.02527,1,1,-0.003,-0.307,in_circle
128.598,1,2822,-0.02093,0.02706,0.0040,-0.0099,0.00867,0.04144,0.02482,1,1,-0.048,-0.303,in_circle
128.644,1,2823,-0.02135,0.02737,-0.0092,0.0068,0.00812,0.04164,0.02531,1,1,-0.047,-0.268,in_circle
128.688,1,2824,-0.02122,0.02722,0.0030,-0.0035,0.00804,0.04179,0.02511,1,1,0.008,-0.337,in_circle
128.733,1,2825,-0.02095,0.02749,0.0060,0.0059,0.00788,0.04205,0.02519,1,1,-0.041,-0.296,in_circle
128.820,1,2826,-0.02093,0.02705,0.0003,-0.0050,0.00700,0.04242,0.02481,1,1,-0.052,-0.336,in_circle
128.863,1,2827,-0.02095,0.02739,-0.0005,0.0079,0.00751,0.04119,0.02510,1,1,-0.029,-0.292,in_circle
128.907,1,2828,-0.02063,0.02703,0.0073,-0.0080,0.00804,0.04179,0.02463,1,1,-0.025,-0.346,in_circle
128.950,1,2829,-0.02071,0.02742,-0.0019,0.0090,0.00826,0.04235,0.02501,1,1,-0.057,-0.282,in_circle
128.996,1,2830,-0.02094,0.02710,-0.0050,-0.0072,0.00826,0.04235,0.02485,1,1,-0.019,-0.352,in_circle
129.039,1,2831,-0.02104,0.02740,-0.0025,0.0072,0.00867,0.04144,0.02517,1,1,-0.005,-0.288,in_circle
129.085,1,2832,-0.02099,0.02723,0.0012,-0.0038,0.00900,0.04248,0.02499,1,1,-0.015,-0.347,in_circle
129.126,1,2833,-0.02081,0.02729,0.0042,0.0014,0.00820,0.04122,0.02495,1,1,-0.029,-0.303,in_circle
129.172,1,2834,-0.02104,0.02731,-0.0050,0.0005,0.00953,0.04280,0.02509,1,1,-0.041,-0.325,in_circle
129.216,1,2835,-0.02122,0.02763,-0.0042,0.0072,0.00870,0.04193,0.02546,1,1,-0.003,-0.323,in_circle
129.258,1,2836,-0.02097,0.02739,0.0060,-0.0057,0.00964,0.04275,0.02511,1,1,-0.005,-0.351,in_circle
129.303,1,2837,-0.02103,0.02745,-0.0013,0.0015,0.00900,0.04248,0.02520,1,1,-0.046,-0.300,in_circle
129.347,1,2838,-0.02112,0.02718,-0.0021,-0.0063,0.00955,0.04208,0.02502,1,1,-0.016,-0.330,in_circle
129.391,1,2839,-0.02070,0.02759,0.0096,0.0093,0.00817,0.04220,0.02515,1,1,-0.012,-0.299,in_circle
129.435,1,2840,-0.02093,0.02737,-0.0053,-0.0049,0.00872,0.04253,0.02508,1,1,-0.059,-0.363,in_circle
129.479,1,2841,-0.02103,0.02746,-0.0023,0.0021,0.00928,0.04255,0.02522,1,1,0.002,-0.307,in_circle
129.523,1,2842,-0.02091,0.02715,0.0029,-0.0072,0.00954,0.04251,0.02488,1,1,-0.009,-0.336,in_circle
129.568,1,2843,-0.02101,0.02692,-0.0023,-0.0051,0.00873,0.04229,0.02474,1,1,-0.030,-0.299,in_circle
129.611,1,2844,-0.02128,0.02752,-0.0064,0.0138,0.00845,0.04279,0.02540,1,1,-0.008,-0.308,in_circle
129.656,1,2845,-0.02093,0.02695,0.0078,-0.0127,0.00762,0.04295,0.02472,1,1,0.009,-0.386,in_circle
129.698,1,2846,-0.02108,0.02745,-0.0035,0.0118,0.01033,0.04422,0.02523,1,1,-0.048,-0.279,in_circle
129.744,1,2847,-0.02112,0.02682,-0.0007,-0.0136,0.01159,0.04311,0.02472,1,1,-0.002,-0.379,in_circle
129.787,1,2848,-0.02067,0.02678,0.0103,-0.0009,0.00888,0.04342,0.02445,1,1,-0.012,-0.277,in_circle
129.832,1,2849,-0.02096,0.02714,-0.0064,0.0078,0.01351,0.04323,0.02490,1,1,-0.057,-0.328,in_circle
129.875,1,2850,-0.02102,0.02747,-0.0013,0.0077,0.00928,0.04255,0.02521,1,1,0.011,-0.365,in_circle
129.919,1,2851,-0.02104,0.02735,-0.0006,-0.0029,0.00946,0.04251,0.02512,1,1,-0.008,-0.367,in_circle
129.963,1,2852,-0.02098,0.02692,0.0014,-0.0096,0.01215,0.04355,0.02473,1,1,-0.011,-0.325,in_circle
130.007,1,2853,-0.02078,0.02699,0.0046,0.0016,0.01212,0.04329,0.02468,1,1,-0.018,-0.298,in_circle
130.051,1,2854,-0.02073,0.02709,0.0012,0.0023,0.01156,0.04246,0.02474,1,1,-0.031,-0.344,in_circle
130.096,1,2855,-0.02073,0.02704,0.0001,-0.0010,0.00927,0.04270,0.02470,1,1,-0.017,-0.348,in_circle
130.140,1,2856,-0.02126,0.02723,-0.0120,0.0043,0.00943,0.04473,0.02514,1,1,-0.012,-0.335,in_circle
130.183,1,2857,-0.02082,0.02702,0.0101,-0.0049,0.00960,0.04379,0.02473,1,1,0.038,-0.358,in_circle
130.228,1,2858,-0.02102,0.02683,-0.0044,-0.0044,0.00925,0.04328,0.02467,1,1,-0.051,-0.322,in_circle
130.271,1,2859,-0.02085,0.02682,0.0039,-0.0001,0.01007,0.04508,0.02458,1,1,0.009,-0.324,in_circle
130.317,1,2860,-0.02104,0.02731,-0.0042,0.0107,0.00977,0.04407,0.02509,1,1,-0.025,-0.342,in_circle
130.359,1,2861,-0.02087,0.02719,0.0041,-0.0028,0.00938,0.04378,0.02489,1,1,0.009,-0.387,in_circle
130.403,1,2862,-0.02086,0.02721,0.0003,0.0004,0.01109,0.04270,0.02490,1,1,-0.024,-0.334,in_circle
130.447,1,2863,-0.02045,0.02679,0.0094,-0.0097,0.01337,0.04342,0.02433,1,1,-0.008,-0.348,in_circle
130.490,1,2864,-0.02035,0.02656,0.0023,-0.0051,0.01179,0.04331,0.02409,1,1,-0.045,-0.307,in_circle
130.536,1,2865,-0.01965,0.02654,0.0156,-0.0005,0.01294,0.04312,0.02371,1,1,-0.016,-0.326,in_circle
130.579,1,2866,-0.01945,0.02575,0.0045,-0.0181,0.01047,0.04409,0.02293,1,1,-0.071,-0.345,in_circle
130.624,1,2867,-0.01896,0.02539,0.0110,-0.0079,0.01306,0.04368,0.02237,1,1,-0.026,-0.274,in_circle
130.672,1,2868,-0.01823,0.02411,0.0151,-0.0266,0.01033,0.04292,0.02090,1,1,-0.053,-0.314,in_circle
130.756,1,2869,-0.01669,0.02240,0.0185,-0.0205,0.00929,0.04132,0.01866,1,1,-0.071,-0.237,in_circle
130.844,1,2870,-0.01477,0.02084,0.0216,-0.0176,-0.00027,0.04357,0.01639,1,1,-0.087,-0.260,in_circle
130.888,1,2871,-0.01461,0.02035,0.0039,-0.0112,0.00133,0.04221,0.01588,1,1,-0.104,-0.268,in_circle
130.930,1,2872,-0.01374,0.01941,0.0203,-0.0222,0.00068,0.04282,0.01467,1,1,-0.033,-0.293,in_circle
130.975,1,2873,-0.01308,0.01787,0.0147,-0.0340,0.00115,0.03910,0.01299,1,1,-0.101,-0.247,in_circle
131.018,1,2874,-0.01209,0.01712,0.0229,-0.0174,0.00243,0.03762,0.01192,1,1,-0.080,-0.197,in_circle
131.063,1,2875,-0.01180,0.01648,0.0065,-0.0144,-0.00076,0.03740,0.01122,1,1,-0.115,-0.262,in_circle
131.106,1,2876,-0.01021,0.01536,0.0370,-0.0261,-0.00014,0.03572,0.00966,1,1,-0.050,-0.273,in_circle
131.151,1,2877,-0.00979,0.01460,0.0094,-0.0168,0.00104,0.03404,0.00883,1,1,-0.176,-0.223,in_circle
131.194,1,2878,-0.00918,0.01340,0.0143,-0.0281,0.00093,0.03425,0.00752,1,1,-0.066,-0.259,in_circle
131.240,1,2879,-0.00772,0.01221,0.0320,-0.0260,0.00137,0.03226,0.00621,1,1,-0.087,-0.211,in_circle
131.282,1,2880,-0.00746,0.01100,0.0061,-0.0284,0.00227,0.03321,0.00501,1,1,-0.162,-0.217,in_circle
131.327,1,2881,-0.00667,0.00974,0.0174,-0.0280,0.00259,0.03348,0.00391,1,1,-0.059,-0.205,in_circle
131.370,1,2882,-0.00645,0.00902,0.0052,-0.0169,0.00256,0.03079,0.00330,1,1,-0.106,-0.203,in_circle
131.416,1,2883,-0.00669,0.00730,-0.0052,-0.0377,0.00065,0.03135,0.00171,1,1,-0.058,-0.246,in_circle
131.459,1,2884,-0.00625,0.00578,0.0101,-0.0349,0.00059,0.03281,0.00156,1,1,-0.016,-0.158,in_circle
131.503,1,2885,-0.00561,0.00404,0.0146,-0.0395,-0.00104,0.03330,0.00294,1,1,-0.078,-0.166,in_circle
131.547,1,2886,-0.00546,0.00251,0.0033,-0.0352,-0.00388,0.03344,0.00420,1,1,-0.098,-0.143,in_circle
131.592,1,2887,-0.00501,-0.00010,0.0100,-0.0581,-0.00779,0.03546,0.00671,1,1,-0.053,-0.156,in_circle
131.636,1,2888,-0.00505,-0.00202,-0.0008,-0.0431,-0.00823,0.03526,0.00848,1,1,-0.081,-0.058,in_circle
131.681,1,2889,-0.00465,-0.00423,0.0089,-0.0497,-0.00920,0.03590,0.01070,1,1,-0.038,-0.113,in_circle
131.722,1,2890,-0.00412,-0.00680,0.0127,-0.0617,-0.01396,0.03638,0.01332,1,1,-0.078,-0.080,in_circle
131.767,1,2891,-0.00432,-0.00912,-0.0045,-0.0526,-0.01517,0.03749,0.01552,1,1,-0.095,-0.025,in_circle
131.812,1,2892,-0.00360,-0.01097,0.0159,-0.0409,-0.01627,0.03769,0.01748,1,1,-0.026,-0.055,in_circle
131.855,1,2893,-0.00402,-0.01412,-0.0099,-0.0735,-0.01902,0.03945,0.02047,1,1,-0.109,-0.097,in_circle
131.899,1,2894,-0.00390,-0.01684,0.0028,-0.0607,-0.02020,0.03948,0.02317,1,1,-0.005,0.042,in_circle
131.943,1,2895,-0.00438,-0.01979,-0.0111,-0.0683,-0.01996,0.03935,0.02601,1,1,-0.056,-0.001,in_circle
131.987,1,2896,-0.00459,-0.02258,-0.0047,-0.0623,-0.02480,0.03823,0.02876,1,1,0.000,0.038,in_circle
132.031,1,2897,-0.00465,-0.02437,-0.0013,-0.0410,-0.02527,0.04162,0.03054,1,1,-0.025,0.022,in_circle
132.075,1,2898,-0.00453,-0.02601,0.0026,-0.0373,-0.02599,0.04039,0.03217,1,1,-0.038,-0.057,in_circle
132.120,1,2899,-0.00544,-0.02807,-0.0204,-0.0461,-0.02517,0.04207,0.03415,1,1,-0.055,-0.067,in_circle
132.162,1,2900,-0.00621,-0.02988,-0.0180,-0.0425,-0.02138,0.04089,0.03592,1,1,0.040,-0.024,in_circle
132.208,1,2901,-0.00669,-0.03187,-0.0104,-0.0436,-0.01691,0.04306,0.03789,1,1,0.032,-0.033,in_circle
132.250,1,2902,-0.00751,-0.03315,-0.0194,-0.0300,-0.01908,0.04316,0.03915,1,1,0.003,-0.022,in_circle
132.295,1,2903,-0.00810,-0.03511,-0.0132,-0.0440,-0.01744,0.04524,0.04111,1,1,0.041,-0.071,in_circle
132.339,1,2904,-0.00860,-0.03680,-0.0113,-0.0383,-0.01835,0.04529,0.04281,1,1,0.017,-0.008,in_circle
132.384,1,2905,-0.00928,-0.03804,-0.0150,-0.0273,-0.01622,0.04783,0.04406,1,1,0.010,-0.023,in_circle
132.426,1,2906,-0.00925,-0.03937,0.0008,-0.0317,-0.01682,0.04839,0.04540,1,1,0.026,-0.060,in_circle
132.472,1,2907,-0.01012,-0.04054,-0.0191,-0.0254,-0.01616,0.04859,0.04660,0,1,-0.035,-0.036,running
132.515,1,2908,-0.01052,-0.04208,-0.0093,-0.0358,-0.01412,0.04885,0.04815,0,1,0.042,-0.053,running
132.560,1,2909,-0.01012,-0.04328,0.0090,-0.0271,-0.01550,0.04949,0.04933,0,1,0.006,-0.006,running
132.603,1,2910,-0.00998,-0.04492,0.0032,-0.0379,-0.01610,0.04951,0.05097,0,1,-0.062,-0.031,running
132.647,1,2911,-0.01015,-0.04664,-0.0038,-0.0388,-0.01504,0.04992,0.05269,0,1,-0.040,0.017,running
132.691,1,2912,-0.01048,-0.04829,-0.0074,-0.0380,-0.01654,0.04953,0.05436,0,1,-0.015,0.030,running
132.736,1,2913,-0.01016,-0.04990,0.0070,-0.0355,-0.01754,0.04724,0.05595,0,1,-0.001,0.037,running
132.779,1,2914,-0.00976,-0.05117,0.0092,-0.0295,-0.01788,0.04679,0.05721,0,1,-0.051,0.038,running
132.869,1,2915,-0.00890,-0.05326,0.0096,-0.0233,-0.01934,0.04595,0.05927,0,1,-0.059,0.029,running
132.911,1,2916,-0.00823,-0.05434,0.0159,-0.0257,-0.01842,0.04423,0.06034,0,1,-0.062,0.022,running
132.956,1,2917,-0.00779,-0.05508,0.0098,-0.0165,-0.01813,0.04149,0.06108,0,1,-0.084,0.038,running
132.998,1,2918,-0.00713,-0.05557,0.0155,-0.0115,-0.01980,0.04016,0.06157,0,1,-0.066,0.016,running
133.043,1,2919,-0.00666,-0.05573,0.0105,-0.0037,-0.01981,0.03801,0.06174,0,1,-0.086,0.006,running
133.088,1,2920,-0.00649,-0.05597,0.0039,-0.0052,-0.01950,0.03751,0.06198,0,1,-0.072,-0.014,running
133.131,1,2921,-0.00644,-0.05592,0.0010,0.0011,-0.02362,0.03586,0.06194,0,1,-0.052,-0.005,running
133.176,1,2922,-0.00653,-0.05586,-0.0019,0.0013,-0.02043,0.03581,0.06188,0,1,-0.043,-0.023,running
133.219,1,2923,-0.00652,-0.05582,0.0003,0.0010,-0.02246,0.03668,0.06183,0,1,-0.034,-0.021,running
133.264,1,2924,-0.00634,-0.05579,0.0040,0.0006,-0.01864,0.03520,0.06181,0,1,-0.041,-0.018,running
133.307,1,2925,-0.00633,-0.05589,0.0002,-0.0022,-0.01846,0.03520,0.06190,0,1,-0.053,-0.014,running
133.351,1,2926,-0.00646,-0.05571,-0.0029,0.0039,-0.01809,0.03637,0.06173,0,1,-0.041,-0.002,running
133.396,1,2927,-0.00631,-0.05578,0.0034,-0.0014,-0.01744,0.03581,0.06180,0,1,-0.031,-0.019,running
133.440,1,2928,-0.00627,-0.05596,0.0007,-0.0040,-0.01607,0.03577,0.06197,0,1,-0.051,0.001,running
133.482,1,2929,-0.00645,-0.05587,-0.0041,0.0021,-0.01732,0.03632,0.06188,0,1,-0.043,0.012,running
133.528,1,2930,-0.00630,-0.05585,0.0032,0.0003,-0.01891,0.03520,0.06187,0,1,-0.028,-0.005,running
133.572,1,2931,-0.00617,-0.05582,0.0029,0.0007,-0.01854,0.03707,0.06184,0,1,-0.051,0.004,running
133.618,1,2932,-0.00617,-0.05580,0.0002,0.0004,-0.01802,0.03806,0.06182,0,1,-0.051,0.005,running
133.660,1,2933,-0.00640,-0.05575,-0.0055,0.0013,-0.01674,0.04021,0.06176,0,1,-0.042,0.009,running
133.704,1,2934,-0.00634,-0.05583,0.0014,-0.0020,-0.01776,0.03840,0.06185,0,1,-0.024,0.008,running
133.747,1,2935,-0.00615,-0.05579,0.0045,0.0010,-0.01733,0.03948,0.06181,0,1,-0.046,0.022,running
133.791,1,2936,-0.00615,-0.05574,0.0000,0.0012,-0.01802,0.04151,0.06176,0,1,-0.056,0.015,running
133.836,1,2937,-0.00601,-0.05586,0.0030,-0.0029,-0.02044,0.04012,0.06189,0,1,-0.042,0.016,running
133.880,1,2938,-0.00601,-0.05576,0.0001,0.0023,-0.01978,0.04169,0.06179,0,1,-0.052,0.033,running
133.923,1,2939,-0.00593,-0.05579,0.0019,-0.0006,-0.02061,0.04022,0.06182,0,1,-0.043,0.019,running
133.969,1,2940,-0.00602,-0.05580,-0.0020,-0.0002,-0.02098,0.04113,0.06182,0,1,-0.049,0.031,running
134.010,1,2941,-0.00604,-0.05588,-0.0005,-0.0019,-0.02162,0.03964,0.06190,0,1,-0.037,0.032,running
134.056,1,2942,-0.00598,-0.05573,0.0012,0.0032,-0.02101,0.03956,0.06176,0,1,-0.041,0.041,running
134.098,1,2943,-0.00600,-0.05579,-0.0005,-0.0013,-0.02136,0.03916,0.06181,0,1,-0.047,0.027,running
134.147,1,2944,-0.00603,-0.05579,-0.0005,-0.0001,-0.02082,0.04035,0.06182,0,1,-0.042,0.044,running
134.189,1,2945,-0.00623,-0.05583,-0.0049,-0.0009,-0.02292,0.03930,0.06185,0,1,-0.042,0.043,running
134.231,1,2946,-0.00604,-0.05593,0.0046,-0.0023,-0.02417,0.03997,0.06195,0,1,-0.027,0.048,running
134.277,1,2947,-0.00614,-0.05578,-0.0021,0.0031,-0.02428,0.04021,0.06180,0,1,-0.058,0.056,running
134.319,1,2948,-0.00596,-0.05581,0.0042,-0.0007,-0.02496,0.03912,0.06184,0,1,-0.036,0.041,running
134.364,1,2949,-0.00603,-0.05586,-0.0016,-0.0011,-0.02551,0.04107,0.06188,0,1,-0.057,0.055,running
134.406,1,2950,-0.00612,-0.05575,-0.0020,0.0027,-0.02558,0.04036,0.06177,0,1,-0.039,0.060,running
134.452,1,2951,-0.00598,-0.05579,0.0030,-0.0010,-0.02546,0.03940,0.06182,0,1,-0.037,0.050,running
134.494,1,2952,-0.00589,-0.05562,0.0022,0.0039,-0.02373,0.03920,0.06165,0,1,-0.053,0.065,running
134.540,1,2953,-0.00605,-0.05577,-0.0036,-0.0031,-0.02417,0.04053,0.06179,0,1,-0.051,0.051,running
134.583,1,2954,-0.00617,-0.05571,-0.0028,0.0012,-0.02484,0.04079,0.06174,0,1,-0.033,0.077,running
134.629,1,2955,-0.00608,-0.05584,0.0020,-0.0028,-0.02437,0.04165,0.06187,0,1,-0.035,0.065,running
134.672,1,2956,-0.00605,-0.05586,0.0006,-0.0004,-0.02465,0.04087,0.06188,0,1,-0.050,0.082,running
134.717,1,2957,-0.00617,-0.05580,-0.0026,0.0014,-0.02487,0.04002,0.06182,0,1,-0.046,0.077,running
134.759,1,2958,-0.00602,-0.05578,0.0036,0.0004,-0.02679,0.04066,0.06181,0,1,-0.036,0.074,running
134.803,1,2959,-0.00595,-0.05577,0.0015,0.0003,-0.02613,0.03923,0.06180,0,1,-0.055,0.079,running
134.891,1,2960,-0.00629,-0.05573,-0.0038,0.0004,-0.02787,0.04053,0.06175,0,1,-0.049,0.085,running
134.935,1,2961,-0.00628,-0.05590,0.0003,-0.0037,-0.02811,0.04035,0.06191,0,1,-0.032,0.087,running
134.979,1,2962,-0.00603,-0.05580,0.0056,0.0022,-0.02871,0.04008,0.06182,0,1,-0.044,0.104,running
135.024,1,2963,-0.00604,-0.05574,-0.0001,0.0012,-0.02899,0.03954,0.06177,0,1,-0.062,0.087,running
135.066,1,2964,-0.00616,-0.05580,-0.0030,-0.0013,-0.03043,0.04146,0.06182,0,1,-0.044,0.093,running
135.111,1,2965,-0.00629,-0.05575,-0.0029,0.0011,-0.03067,0.04128,0.06177,0,1,-0.035,0.103,running
135.155,1,2966,-0.00635,-0.05573,-0.0014,0.0005,-0.03098,0.04123,0.06174,0,1,-0.035,0.099,running
135.199,1,2967,-0.00625,-0.05587,0.0024,-0.0033,-0.03088,0.04135,0.06189,0,1,-0.039,0.103,running
135.244,1,2968,-0.00606,-0.05581,0.0043,0.0015,-0.03095,0.04084,0.06183,0,1,-0.052,0.118,running
135.288,1,2969,-0.00615,-0.05589,-0.0021,-0.0019,-0.03164,0.04203,0.06191,0,1,-0.059,0.106,running
135.331,1,2970,-0.00607,-0.05578,0.0019,0.0026,-0.03033,0.03991,0.06180,0,1,-0.038,0.120,running
135.377,1,2971,-0.00601,-0.05573,0.0013,0.0011,-0.03062,0.04164,0.06175,0,1,-0.051,0.108,running
135.422,1,2972,-0.00613,-0.05579,-0.0027,-0.0014,-0.03063,0.04144,0.06181,0,1,-0.049,0.115,running
135.463,1,2973,-0.00594,-0.05573,0.0047,0.0015,-0.03070,0.03949,0.06176,0,1,-0.036,0.126,running
135.508,1,2974,-0.00622,-0.05581,-0.0062,-0.0017,-0.02970,0.04053,0.06183,0,1,-0.060,0.119,running
135.550,1,2975,-0.00611,-0.05580,0.0025,0.0002,-0.03027,0.04082,0.06182,0,1,-0.025,0.132,running
135.597,1,2976,-0.00595,-0.05568,0.0035,0.0025,-0.02913,0.03966,0.06171,0,1,-0.053,0.129,running
135.639,1,2977,-0.00601,-0.05571,-0.0013,-0.0007,-0.02962,0.04012,0.06174,0,1,-0.057,0.124,running
135.684,1,2978,-0.00601,-0.05573,0.0000,-0.0003,-0.02994,0.04007,0.06175,0,1,-0.042,0.136,running
135.728,1,2979,-0.00616,-0.05576,-0.0036,-0.0007,-0.03062,0.04003,0.06178,0,1,-0.046,0.138,running
135.772,1,2980,-0.00634,-0.05577,-0.0040,-0.0002,-0.02952,0.04101,0.06178,0,1,-0.034,0.142,running
135.815,1,2981,-0.00586,-0.05582,0.0111,-0.0014,-0.03131,0.04154,0.06185,0,1,-0.032,0.143,running
135.859,1,2982,-0.00606,-0.05576,-0.0045,0.0015,-0.02991,0.04136,0.06178,0,1,-0.081,0.150,running
135.904,1,2983,-0.00613,-0.05581,-0.0016,-0.0011,-0.03139,0.04024,0.06183,0,1,-0.032,0.144,running
135.947,1,2984,-0.00605,-0.05571,0.0018,0.0022,-0.02948,0.03885,0.06173,0,1,-0.041,0.155,running
135.991,1,2985,-0.00601,-0.05585,0.0011,-0.0033,-0.03057,0.04016,0.06188,0,1,-0.052,0.146,running
136.035,1,2986,-0.00618,-0.05585,-0.0039,0.0002,-0.03186,0.03949,0.06187,0,1,-0.050,0.167,running
136.079,1,2987,-0.00610,-0.05588,0.0018,-0.0009,-0.03087,0.04174,0.06191,0,1,-0.034,0.159,running
136.122,1,2988,-0.00617,-0.05577,-0.0018,0.0025,-0.03181,0.04089,0.06179,0,1,-0.052,0.165,running
136.167,1,2989,-0.00612,-0.05580,0.0012,-0.0006,-0.03322,0.04199,0.06182,0,1,-0.040,0.157,running
136.211,1,2990,-0.00615,-0.05570,-0.0007,0.0022,-0.03353,0.04243,0.06172,0,1,-0.050,0.169,running
136.254,1,2991,-0.00612,-0.05582,0.0008,-0.0027,-0.03478,0.04187,0.06184,0,1,-0.044,0.163,running
136.300,1,2992,-0.00617,-0.05577,-0.0011,0.0011,-0.03467,0.04082,0.06179,0,1,-0.049,0.181,running
136.344,1,2993,-0.00617,-0.05570,-0.0001,0.0015,-0.03592,0.04135,0.06172,0,1,-0.043,0.172,running
136.388,1,2994,-0.00644,-0.05576,-0.0060,-0.0012,-0.03515,0.04011,0.06177,0,1,-0.046,0.173,running
136.432,1,2995,-0.00618,-0.05572,0.0059,0.0007,-0.03574,0.04137,0.06174,0,1,-0.027,0.185,running
136.476,1,2996,-0.00628,-0.05574,-0.0022,-0.0004,-0.03523,0.04386,0.06176,0,1,-0.065,0.181,running
136.520,1,2997,-0.00619,-0.05567,0.0021,0.0016,-0.03578,0.04206,0.06169,0,1,-0.039,0.188,running
136.563,1,2998,-0.00617,-0.05572,0.0004,-0.0012,-0.03559,0.04084,0.06174,0,1,-0.053,0.183,running
136.607,1,2999,-0.00625,-0.05574,-0.0019,-0.0005,-0.03563,0.04154,0.06176,0,1,-0.048,0.195,running
136.651,1,3000,-0.00628,-0.05568,-0.0007,0.0014,-0.03549,0.04191,0.06170,0,1,-0.041,0.196,running
136.696,1,3001,-0.00618,-0.05573,0.0023,-0.0011,-0.03556,0.04218,0.06175,0,1,-0.044,0.192,running
136.739,1,3002,-0.00605,-0.05579,0.0029,-0.0013,-0.03578,0.04082,0.06181,0,1,-0.054,0.203,running
136.785,1,3003,-0.00619,-0.05571,-0.0029,0.0017,-0.03589,0.04269,0.06173,0,1,-0.056,0.207,running
136.828,1,3004,-0.00613,-0.05576,0.0013,-0.0012,-0.03510,0.04016,0.06178,0,1,-0.038,0.200,running
136.915,1,3005,-0.00622,-0.05569,-0.0010,0.0008,-0.03592,0.03965,0.06171,0,1,-0.052,0.215,running
136.960,1,3006,-0.00623,-0.05571,-0.0003,-0.0004,-0.03642,0.03948,0.06173,0,1,-0.044,0.210,running
137.003,1,3007,-0.00621,-0.05553,0.0006,0.0042,-0.03650,0.04159,0.06155,0,1,-0.046,0.217,running
137.048,1,3008,-0.00648,-0.05562,-0.0061,-0.0022,-0.03892,0.04103,0.06164,0,1,-0.049,0.204,running
137.091,1,3009,-0.00626,-0.05562,0.0051,0.0000,-0.03713,0.04096,0.06164,0,1,-0.027,0.227,running
137.136,1,3010,-0.00625,-0.05565,0.0002,-0.0006,-0.03840,0.04181,0.06167,0,1,-0.063,0.223,running
137.179,1,3011,-0.00644,-0.05557,-0.0043,0.0019,-0.03965,0.04176,0.06158,0,1,-0.048,0.228,running
137.224,1,3012,-0.00618,-0.05564,0.0058,-0.0015,-0.04032,0.04097,0.06166,0,1,-0.033,0.223,running
137.268,1,3013,-0.00604,-0.05557,0.0032,0.0015,-0.03982,0.04137,0.06160,0,1,-0.066,0.236,running
137.313,1,3014,-0.00617,-0.05545,-0.0029,0.0028,-0.04067,0.04060,0.06147,0,1,-0.058,0.229,running
137.355,1,3015,-0.00609,-0.05547,0.0019,-0.0005,-0.04042,0.04014,0.06149,0,1,-0.039,0.227,running
137.400,1,3016,-0.00647,-0.05545,-0.0084,0.0004,-0.04321,0.03871,0.06146,0,1,-0.054,0.240,running
137.443,1,3017,-0.00616,-0.05462,0.0072,0.0195,-0.04047,0.03730,0.06064,0,1,-0.021,0.240,running
137.489,1,3018,-0.00653,-0.05368,-0.0079,0.0206,-0.03995,0.03879,0.05969,0,1,-0.071,0.176,running
137.531,1,3019,-0.00662,-0.05262,-0.0022,0.0249,-0.04043,0.03800,0.05863,0,1,-0.021,0.169,running
137.576,1,3020,-0.00730,-0.05151,-0.0153,0.0248,-0.03776,0.03933,0.05751,0,1,-0.039,0.150,running
137.619,1,3021,-0.00789,-0.04998,-0.0136,0.0351,-0.03670,0.03819,0.05598,0,1,0.006,0.144,running
137.665,1,3022,-0.00781,-0.04860,0.0018,0.0304,-0.03399,0.03641,0.05460,0,1,0.004,0.101,running
137.707,1,3023,-0.00866,-0.04663,-0.0200,0.0462,-0.03384,0.03757,0.05264,0,1,-0.048,0.109,running
137.752,1,3024,-0.00895,-0.04447,-0.0064,0.0483,-0.02886,0.03746,0.05048,0,1,0.030,0.043,running
137.795,1,3025,-0.00988,-0.04249,-0.0217,0.0466,-0.02690,0.03575,0.04853,0,1,-0.016,0.021,running
137.840,1,3026,-0.01085,-0.04116,-0.0215,0.0293,-0.01878,0.04195,0.04726,0,1,0.043,0.015,running
137.884,1,3027,-0.01164,-0.03925,-0.0180,0.0432,-0.01087,0.04534,0.04541,1,1,0.046,0.072,in_circle
137.928,1,3028,-0.01250,-0.03848,-0.0193,0.0174,-0.01301,0.04561,0.04473,1,1,0.037,0.009,in_circle
137.971,1,3029,-0.01317,-0.03683,-0.0157,0.0384,-0.01422,0.04972,0.04317,1,1,0.045,0.105,in_circle
138.016,1,3030,-0.01370,-0.03568,-0.0117,0.0256,-0.01453,0.05005,0.04210,1,1,0.034,0.016,in_circle
138.058,1,3031,-0.01432,-0.03427,-0.0149,0.0334,-0.01874,0.04754,0.04080,1,1,0.020,0.062,in_circle
138.104,1,3032,-0.01441,-0.03328,-0.0020,0.0219,-0.01875,0.04724,0.03984,1,1,0.035,0.025,in_circle
138.147,1,3033,-0.01476,-0.03199,-0.0078,0.0295,-0.02120,0.04734,0.03863,1,1,-0.016,0.067,in_circle
138.193,1,3034,-0.01524,-0.03089,-0.0107,0.0244,-0.01969,0.04761,0.03764,1,1,0.008,0.035,in_circle
138.236,1,3035,-0.01509,-0.02998,0.0034,0.0211,-0.02143,0.04739,0.03671,1,1,0.021,0.055,in_circle
138.279,1,3036,-0.01454,-0.02995,0.0127,0.0008,-0.02208,0.04828,0.03658,1,1,-0.035,0.067,in_circle
138.323,1,3037,-0.01429,-0.02945,0.0057,0.0113,-0.02214,0.04683,0.03604,1,1,-0.074,0.150,in_circle
138.367,1,3038,-0.01442,-0.02847,-0.0031,0.0226,-0.02483,0.04670,0.03510,1,1,-0.046,0.108,in_circle
138.412,1,3039,-0.01385,-0.02816,0.0126,0.0069,-0.03124,0.04729,0.03470,1,1,-0.010,0.062,in_circle
138.454,1,3040,-0.01395,-0.02747,-0.0024,0.0164,-0.03352,0.04311,0.03403,1,1,-0.074,0.126,in_circle
138.500,1,3041,-0.01363,-0.02687,0.0070,0.0131,-0.03187,0.04337,0.03339,1,1,-0.013,0.087,in_circle
138.542,1,3042,-0.01354,-0.02665,0.0022,0.0053,-0.03485,0.04080,0.03315,1,1,-0.051,0.101,in_circle
138.589,1,3043,-0.01311,-0.02611,0.0092,0.0116,-0.03357,0.03946,0.03255,1,1,-0.032,0.133,in_circle
138.632,1,3044,-0.01268,-0.02530,0.0100,0.0187,-0.03426,0.03969,0.03168,1,1,-0.061,0.107,in_circle
138.676,1,3045,-0.01219,-0.02473,0.0112,0.0129,-0.03432,0.03910,0.03104,1,1,-0.065,0.078,in_circle
138.721,1,3046,-0.01151,-0.02427,0.0151,0.0102,-0.03281,0.03936,0.03050,1,1,-0.071,0.101,in_circle
138.765,1,3047,-0.01089,-0.02287,0.0141,0.0321,-0.02943,0.03766,0.02903,1,1,-0.088,0.113,in_circle
138.807,1,3048,-0.00997,-0.02303,0.0221,-0.0040,-0.02846,0.03768,0.02911,1,1,-0.085,0.023,in_circle
138.852,1,3049,-0.01002,-0.02222,-0.0012,0.0180,-0.02743,0.03701,0.02831,1,1,-0.120,0.169,in_circle
138.941,1,3050,-0.00794,-0.02209,0.0234,0.0015,-0.02679,0.03718,0.02809,1,1,-0.026,0.081,in_circle
138.983,1,3051,-0.00795,-0.02078,-0.0002,0.0311,-0.02702,0.03538,0.02679,1,1,-0.130,0.148,in_circle
139.027,1,3052,-0.00687,-0.02065,0.0240,0.0030,-0.02543,0.03598,0.02667,1,1,-0.035,0.028,in_circle
139.070,1,3053,-0.00711,-0.01983,-0.0054,0.0191,-0.02634,0.03549,0.02584,1,1,-0.135,0.141,in_circle
139.117,1,3054,-0.00694,-0.01943,0.0035,0.0085,-0.02090,0.03518,0.02545,1,1,-0.017,0.075,in_circle
139.159,1,3055,-0.00700,-0.01900,-0.0014,0.0101,-0.02684,0.03426,0.02501,1,1,-0.053,0.118,in_circle
139.204,1,3056,-0.00739,-0.01930,-0.0086,-0.0067,-0.02458,0.03636,0.02530,1,1,-0.033,0.111,in_circle
139.247,1,3057,-0.00784,-0.01909,-0.0107,0.0050,-0.02634,0.03549,0.02509,1,1,-0.003,0.181,in_circle
139.292,1,3058,-0.00778,-0.01950,0.0013,-0.0091,-0.02735,0.03518,0.02550,1,1,0.006,0.134,in_circle
139.336,1,3059,-0.00822,-0.01974,-0.0101,-0.0055,-0.03336,0.03585,0.02574,1,1,-0.042,0.193,in_circle
139.380,1,3060,-0.00817,-0.02004,0.0011,-0.0068,-0.03476,0.03827,0.02605,1,1,0.005,0.181,in_circle
139.423,1,3061,-0.00675,-0.01973,0.0332,0.0074,-0.03490,0.04067,0.02575,1,1,-0.040,0.188,in_circle
139.468,1,3062,-0.00784,-0.01943,-0.0242,0.0066,-0.03589,0.04334,0.02543,1,1,-0.172,0.131,in_circle
139.511,1,3063,-0.00716,-0.01992,0.0157,-0.0116,-0.03536,0.04450,0.02593,1,1,0.060,0.135,in_circle
139.556,1,3064,-0.00668,-0.01999,0.0106,-0.0014,-0.03578,0.04082,0.02601,1,1,-0.101,0.210,in_circle
139.598,1,3065,-0.00714,-0.01976,-0.0112,0.0055,-0.03667,0.04264,0.02577,1,1,-0.082,0.170,in_circle
139.644,1,3066,-0.00757,-0.02002,-0.0093,-0.0056,-0.03630,0.04455,0.02602,1,1,0.006,0.143,in_circle
139.688,1,3067,-0.00749,-0.02006,0.0018,-0.0009,-0.03612,0.04192,0.02606,1,1,-0.000,0.190,in_circle
139.733,1,3068,-0.00778,-0.01978,-0.0065,0.0061,-0.03610,0.04327,0.02578,1,1,-0.045,0.172,in_circle
139.775,1,3069,-0.00756,-0.01954,0.0053,0.0057,-0.03462,0.04312,0.02554,1,1,-0.011,0.144,in_circle
139.821,1,3070,-0.00775,-0.01976,-0.0042,-0.0050,-0.03535,0.04263,0.02576,1,1,-0.059,0.146,in_circle
139.863,1,3071,-0.00790,-0.01933,-0.0035,0.0105,-0.03408,0.04235,0.02533,1,1,-0.020,0.191,in_circle
139.913,1,3072,-0.00809,-0.01941,-0.0036,-0.0018,-0.03426,0.04195,0.02542,1,1,-0.022,0.129,in_circle
139.953,1,3073,-0.00820,-0.01913,-0.0029,0.0071,-0.03344,0.04283,0.02514,1,1,-0.022,0.180,in_circle
139.996,1,3074,-0.00832,-0.01912,-0.0028,0.0002,-0.03191,0.04164,0.02513,1,1,-0.024,0.144,in_circle
140.039,1,3075,-0.00766,-0.01933,0.0157,-0.0048,-0.03384,0.04164,0.02533,1,1,-0.024,0.173,in_circle
140.084,1,3076,-0.00831,-0.01899,-0.0142,0.0073,-0.03210,0.04150,0.02500,1,1,-0.100,0.195,in_circle
140.126,1,3077,-0.00845,-0.01904,-0.0034,-0.0012,-0.03342,0.04230,0.02505,1,1,0.021,0.146,in_circle
140.172,1,3078,-0.00817,-0.01933,0.0061,-0.0062,-0.03477,0.04065,0.02533,1,1,-0.021,0.182,in_circle
140.215,1,3079,-0.00838,-0.01919,-0.0049,0.0033,-0.03253,0.04100,0.02519,1,1,-0.060,0.203,in_circle
140.259,1,3080,-0.00815,-0.01905,0.0053,0.0030,-0.03431,0.04116,0.02506,1,1,-0.016,0.166,in_circle
140.303,1,3081,-0.00830,-0.01915,-0.0035,-0.0022,-0.03498,0.04040,0.02515,1,1,-0.057,0.168,in_circle
140.348,1,3082,-0.00816,-0.01921,0.0033,-0.0014,-0.03475,0.04208,0.02521,1,1,-0.021,0.190,in_circle
140.393,1,3083,-0.00790,-0.01905,0.0058,0.0036,-0.03455,0.04052,0.02505,1,1,-0.049,0.188,in_circle
140.440,1,3084,-0.00751,-0.01929,0.0081,-0.0050,-0.03304,0.04111,0.02529,1,1,-0.060,0.169,in_circle
140.479,1,3085,-0.00783,-0.01944,-0.0082,-0.0039,-0.03533,0.04183,0.02544,1,1,-0.070,0.205,in_circle
140.525,1,3086,-0.00788,-0.01921,-0.0011,0.0052,-0.03497,0.04100,0.02521,1,1,-0.004,0.202,in_circle
140.567,1,3087,-0.00777,-0.01908,0.0028,0.0031,-0.03566,0.04019,0.02508,1,1,-0.032,0.167,in_circle
140.612,1,3088,-0.00833,-0.01909,-0.0124,-0.0004,-0.03559,0.04084,0.02510,1,1,-0.048,0.176,in_circle
140.657,1,3089,-0.00785,-0.01930,0.0108,-0.0046,-0.03578,0.04082,0.02530,1,1,0.014,0.191,in_circle
140.700,1,3090,-0.00812,-0.01894,-0.0064,0.0082,-0.03552,0.04090,0.02494,1,1,-0.080,0.209,in_circle
140.743,1,3091,-0.00770,-0.01920,0.0095,-0.0058,-0.03512,0.04113,0.02520,1,1,-0.010,0.158,in_circle
140.788,1,3092,-0.00816,-0.01932,-0.0103,-0.0027,-0.03548,0.04203,0.02532,1,1,-0.075,0.216,in_circle
140.834,1,3093,-0.00815,-0.01917,0.0003,0.0032,-0.03574,0.04137,0.02517,1,1,0.006,0.205,in_circle
140.876,1,3094,-0.00785,-0.01886,0.0072,0.0074,-0.03580,0.04126,0.02486,1,1,-0.037,0.182,in_circle
140.964,1,3095,-0.00773,-0.01912,0.0014,-0.0030,-0.03578,0.04082,0.02512,1,1,-0.065,0.167,in_circle
141.011,1,3096,-0.00849,-0.01924,-0.0163,-0.0025,-0.03545,0.04155,0.02525,1,1,-0.042,0.210,in_circle
141.051,1,3097,-0.00779,-0.01937,0.0177,-0.0033,-0.03578,0.04082,0.02537,1,1,0.030,0.210,in_circle
141.095,1,3098,-0.00792,-0.01921,-0.0029,0.0038,-0.03578,0.04082,0.02521,1,1,-0.107,0.214,in_circle
141.140,1,3099,-0.00825,-0.01906,-0.0075,0.0033,-0.03500,0.04212,0.02506,1,1,-0.025,0.186,in_circle
141.184,1,3100,-0.00808,-0.01899,0.0039,0.0016,-0.03315,0.03909,0.02499,1,1,-0.006,0.189,in_circle
141.228,1,3101,-0.00813,-0.01922,-0.0012,-0.0054,-0.03601,0.03983,0.02522,1,1,-0.051,0.197,in_circle
141.272,1,3102,-0.00802,-0.01926,0.0024,-0.0008,-0.03622,0.04038,0.02526,1,1,-0.031,0.226,in_circle
141.316,1,3103,-0.00776,-0.01924,0.0058,0.0004,-0.03638,0.03972,0.02524,1,1,-0.046,0.210,in_circle
141.360,1,3104,-0.00786,-0.01910,-0.0023,0.0033,-0.03665,0.04069,0.02510,1,1,-0.060,0.206,in_circle
141.403,1,3105,-0.00818,-0.01929,-0.0073,-0.0045,-0.03522,0.04084,0.02530,1,1,-0.027,0.195,in_circle
141.447,1,3106,-0.00762,-0.01920,0.0125,0.0021,-0.03550,0.04145,0.02520,1,1,-0.006,0.228,in_circle
141.491,1,3107,-0.00812,-0.01915,-0.0112,0.0011,-0.03628,0.04020,0.02515,1,1,-0.087,0.202,in_circle
141.536,1,3108,-0.00831,-0.01903,-0.0044,0.0027,-0.03707,0.03996,0.02503,1,1,0.009,0.207,in_circle
141.579,1,3109,-0.00804,-0.01943,0.0063,-0.0094,-0.03717,0.03899,0.02543,1,1,-0.017,0.201,in_circle
141.625,1,3110,-0.00818,-0.01920,-0.0030,0.0051,-0.03647,0.04097,0.02520,1,1,-0.061,0.252,in_circle
141.668,1,3111,-0.00796,-0.01909,0.0052,0.0024,-0.03629,0.04221,0.02509,1,1,-0.023,0.195,in_circle
141.712,1,3112,-0.00754,-0.01923,0.0095,-0.0030,-0.03894,0.04138,0.02523,1,1,-0.057,0.206,in_circle
141.755,1,3113,-0.00830,-0.01866,-0.0175,0.0131,-0.03906,0.04242,0.02467,1,1,-0.075,0.229,in_circle
141.801,1,3114,-0.00763,-0.01956,0.0147,-0.0196,-0.03936,0.04119,0.02556,1,1,0.035,0.164,in_circle
141.843,1,3115,-0.00823,-0.01900,-0.0141,0.0132,-0.03926,0.04221,0.02500,1,1,-0.096,0.299,in_circle
141.888,1,3116,-0.00838,-0.01908,-0.0035,-0.0018,-0.03925,0.04263,0.02508,1,1,0.021,0.167,in_circle
141.931,1,3117,-0.00826,-0.01893,0.0027,0.0034,-0.04413,0.04160,0.02494,1,1,-0.021,0.229,in_circle
141.977,1,3118,-0.00793,-0.01883,0.0073,0.0023,-0.03896,0.04275,0.02483,1,1,-0.046,0.208,in_circle
142.018,1,3119,-0.00800,-0.01896,-0.0016,-0.0032,-0.04212,0.04348,0.02496,1,1,-0.065,0.214,in_circle
142.065,1,3120,-0.00788,-0.01902,0.0025,-0.0013,-0.03920,0.04135,0.02502,1,1,-0.029,0.237,in_circle
142.107,1,3121,-0.00799,-0.01908,-0.0027,-0.0013,-0.04067,0.04147,0.02508,1,1,-0.046,0.231,in_circle
142.152,1,3122,-0.00799,-0.01899,-0.0000,0.0020,-0.03899,0.04253,0.02499,1,1,-0.025,0.232,in_circle
142.197,1,3123,-0.00829,-0.01900,-0.0066,-0.0002,-0.04007,0.04182,0.02500,1,1,-0.036,0.220,in_circle
142.241,1,3124,-0.00813,-0.01876,0.0038,0.0055,-0.04047,0.04231,0.02476,1,1,-0.008,0.230,in_circle
142.283,1,3125,-0.00807,-0.01921,0.0013,-0.0108,-0.03931,0.04189,0.02521,1,1,-0.050,0.207,in_circle
142.328,1,3126,-0.00809,-0.01927,-0.0004,-0.0012,-0.03976,0.04208,0.02527,1,1,-0.041,0.275,in_circle
142.371,1,3127,-0.00789,-0.01905,0.0047,0.0050,-0.03945,0.04153,0.02505,1,1,-0.034,0.238,in_circle
142.416,1,3128,-0.00819,-0.01919,-0.0067,-0.0031,-0.04043,0.04255,0.02519,1,1,-0.055,0.213,in_circle
142.459,1,3129,-0.00779,-0.01888,0.0093,0.0070,-0.03999,0.04207,0.02488,1,1,-0.009,0.247,in_circle
142.503,1,3130,-0.00791,-0.01903,-0.0028,-0.0032,-0.03865,0.04090,0.02503,1,1,-0.073,0.207,in_circle
142.546,1,3131,-0.00844,-0.01893,-0.0124,0.0023,-0.03777,0.04122,0.02494,1,1,-0.025,0.250,in_circle
142.592,1,3132,-0.00831,-0.01926,0.0028,-0.0072,-0.03752,0.03953,0.02527,1,1,0.015,0.228,in_circle
142.635,1,3133,-0.00790,-0.01907,0.0098,0.0046,-0.03824,0.03964,0.02507,1,1,-0.046,0.268,in_circle
142.679,1,3134,-0.00831,-0.01901,-0.0092,0.0013,-0.03712,0.04112,0.02501,1,1,-0.075,0.222,in_circle
142.723,1,3135,-0.00789,-0.01902,0.0094,-0.0003,-0.03867,0.03958,0.02502,1,1,0.002,0.236,in_circle
142.769,1,3136,-0.00781,-0.01943,0.0018,-0.0091,-0.03885,0.03903,0.02543,1,1,-0.074,0.243,in_circle
142.811,1,3137,-0.00787,-0.01920,-0.0014,0.0057,-0.03900,0.04095,0.02520,1,1,-0.043,0.281,in_circle
142.856,1,3138,-0.00802,-0.01933,-0.0033,-0.0029,-0.04117,0.03972,0.02533,1,1,-0.030,0.222,in_circle
142.899,1,3139,-0.00849,-0.01905,-0.0109,0.0066,-0.04251,0.04175,0.02506,1,1,-0.022,0.258,in_circle
142.987,1,3140,-0.00770,-0.01922,0.0089,-0.0019,-0.04236,0.03983,0.02522,1,1,0.009,0.221,in_circle
143.032,1,3141,-0.00817,-0.01886,-0.0106,0.0079,-0.04150,0.04036,0.02486,1,1,-0.072,0.257,in_circle
143.075,1,3142,-0.00831,-0.01894,-0.0034,-0.0018,-0.04031,0.04082,0.02494,1,1,0.007,0.218,in_circle
143.120,1,3143,-0.00833,-0.01931,-0.0003,-0.0084,-0.03960,0.04124,0.02532,1,1,-0.021,0.258,in_circle
143.163,1,3144,-0.00784,-0.01888,0.0113,0.0101,-0.04016,0.04209,0.02488,1,1,-0.034,0.286,in_circle
143.208,1,3145,-0.00772,-0.01960,0.0027,-0.0160,-0.04021,0.04078,0.02560,1,1,-0.081,0.212,in_circle
143.251,1,3146,-0.00815,-0.01916,-0.0100,0.0103,-0.04131,0.04174,0.02517,1,1,-0.047,0.320,in_circle
143.295,1,3147,-0.00809,-0.01904,0.0013,0.0028,-0.03928,0.04074,0.02504,1,1,0.005,0.215,in_circle
143.339,1,3148,-0.00827,-0.01897,-0.0042,0.0016,-0.04333,0.04100,0.02498,1,1,-0.041,0.245,in_circle
143.384,1,3149,-0.00807,-0.01889,0.0046,0.0019,-0.03939,0.04134,0.02489,1,1,-0.018,0.251,in_circle
143.429,1,3150,-0.00790,-0.01913,0.0037,-0.0053,-0.04125,0.04262,0.02513,1,1,-0.054,0.251,in_circle
143.471,1,3151,-0.00735,-0.01909,0.0131,0.0008,-0.04023,0.04131,0.02510,1,1,-0.050,0.281,in_circle
143.517,1,3152,-0.00809,-0.01940,-0.0161,-0.0066,-0.04190,0.04196,0.02540,1,1,-0.089,0.258,in_circle
143.559,1,3153,-0.00798,-0.01915,0.0026,0.0058,-0.04252,0.04090,0.02515,1,1,0.029,0.290,in_circle
143.603,1,3154,-0.00765,-0.01920,0.0074,-0.0010,-0.04334,0.04011,0.02520,1,1,-0.046,0.240,in_circle
143.648,1,3155,-0.00787,-0.01887,-0.0050,0.0074,-0.04129,0.04167,0.02487,1,1,-0.066,0.269,in_circle
143.691,1,3156,-0.00819,-0.01918,-0.0074,-0.0074,-0.04313,0.04063,0.02518,1,1,-0.016,0.235,in_circle
143.737,1,3157,-0.00816,-0.01931,0.0006,-0.0028,-0.04127,0.04135,0.02531,1,1,-0.006,0.296,in_circle
143.779,1,3158,-0.00793,-0.01896,0.0054,0.0083,-0.04160,0.04047,0.02496,1,1,-0.037,0.279,in_circle
143.827,1,3159,-0.00772,-0.01944,0.0045,-0.0098,-0.04439,0.04170,0.02544,1,1,-0.057,0.235,in_circle
143.867,1,3160,-0.00853,-0.01852,-0.0205,0.0231,-0.04427,0.04220,0.02453,1,1,-0.054,0.310,in_circle
143.911,1,3161,-0.00831,-0.01905,0.0050,-0.0122,-0.04313,0.04178,0.02505,1,1,0.048,0.177,in_circle
143.956,1,3162,-0.00818,-0.01901,0.0029,0.0009,-0.04323,0.04036,0.02501,1,1,-0.055,0.321,in_circle
143.999,1,3163,-0.00798,-0.01903,0.0048,-0.0006,-0.03944,0.04181,0.02503,1,1,-0.046,0.269,in_circle
144.046,1,3164,-0.00790,-0.01914,0.0017,-0.0023,-0.04549,0.04232,0.02514,1,1,-0.055,0.277,in_circle
144.089,1,3165,-0.00819,-0.01898,-0.0067,0.0037,-0.04354,0.04097,0.02498,1,1,-0.042,0.285,in_circle
144.132,1,3166,-0.00824,-0.01871,-0.0012,0.0062,-0.04342,0.04127,0.02472,1,1,-0.008,0.262,in_circle
144.176,1,3167,-0.00818,-0.01820,0.0014,0.0116,-0.04256,0.04176,0.02420,1,1,-0.030,0.252,in_circle
144.221,1,3168,-0.00823,-0.01777,-0.0012,0.0096,-0.04422,0.04207,0.02378,1,1,-0.040,0.230,in_circle
144.262,1,3169,-0.00817,-0.01726,0.0015,0.0123,-0.04345,0.04111,0.02326,1,1,-0.030,0.238,in_circle
144.308,1,3170,-0.00744,-0.01665,0.0160,0.0134,-0.04107,0.04197,0.02265,1,1,-0.041,0.227,in_circle
144.350,1,3171,-0.00744,-0.01548,0.0000,0.0275,-0.03887,0.04199,0.02149,1,1,-0.101,0.222,in_circle
144.396,1,3172,-0.00679,-0.01486,0.0142,0.0135,-0.03924,0.04109,0.02089,1,1,-0.037,0.164,in_circle
144.440,1,3173,-0.00621,-0.01399,0.0133,0.0200,-0.03703,0.03971,0.02006,1,1,-0.095,0.219,in_circle
144.485,1,3174,-0.00593,-0.01276,0.0063,0.0274,-0.03373,0.03695,0.01885,1,1,-0.093,0.192,in_circle
144.528,1,3175,-0.00549,-0.01174,0.0100,0.0234,-0.03513,0.03702,0.01789,1,1,-0.066,0.160,in_circle
144.572,1,3176,-0.00447,-0.01088,0.0232,0.0196,-0.03449,0.03625,0.01720,1,1,-0.082,0.174,in_circle
144.615,1,3177,-0.00374,-0.01019,0.0173,0.0163,-0.03400,0.03630,0.01669,1,1,-0.137,0.188,in_circle
144.662,1,3178,-0.00386,-0.00946,-0.0027,0.0154,-0.03449,0.03625,0.01595,1,1,-0.116,0.200,in_circle
144.703,1,3179,-0.00355,-0.00892,0.0076,0.0131,-0.03302,0.03384,0.01551,1,1,-0.036,0.202,in_circle
144.749,1,3180,-0.00316,-0.00805,0.0086,0.0189,-0.03078,0.03253,0.01480,1,1,-0.078,0.211,in_circle
144.791,1,3181,-0.00306,-0.00776,0.0023,0.0069,-0.03265,0.03369,0.01456,1,1,-0.083,0.186,in_circle
144.837,1,3182,-0.00348,-0.00700,-0.0091,0.0166,-0.03308,0.03417,0.01370,1,1,-0.058,0.234,in_circle
144.880,1,3183,-0.00362,-0.00628,-0.0033,0.0167,-0.03301,0.03412,0.01297,1,1,-0.012,0.194,in_circle
144.924,1,3184,-0.00446,-0.00578,-0.0190,0.0113,-0.03693,0.03306,0.01224,1,1,-0.035,0.192,in_circle
145.012,1,3185,-0.00607,-0.00495,-0.0183,0.0094,-0.03648,0.03732,0.01108,1,1,0.030,0.214,in_circle
145.055,1,3186,-0.00732,-0.00443,-0.0293,0.0120,-0.03659,0.03752,0.01044,1,1,0.031,0.220,in_circle
145.099,1,3187,-0.00884,-0.00402,-0.0342,0.0093,-0.03628,0.04020,0.01007,1,1,0.078,0.208,in_circle
145.142,1,3188,-0.00961,-0.00367,-0.0178,0.0081,-0.03728,0.04599,0.00984,1,1,0.101,0.219,in_circle
145.189,1,3189,-0.01101,-0.00259,-0.0302,0.0232,-0.03948,0.05003,0.00917,1,1,0.038,0.223,in_circle
145.231,1,3190,-0.01138,-0.00232,-0.0087,0.0064,-0.03970,0.05335,0.00906,1,1,0.091,0.160,in_circle
145.277,1,3191,-0.01276,-0.00173,-0.0297,0.0128,-0.03769,0.05534,0.00918,1,1,0.006,0.227,in_circle
145.319,1,3192,-0.01320,-0.00132,-0.0106,0.0097,-0.03686,0.05473,0.00910,1,1,0.094,0.201,in_circle
145.364,1,3193,-0.01359,-0.00190,-0.0086,-0.0127,-0.03835,0.05354,0.00979,1,1,0.019,0.212,in_circle
145.407,1,3194,-0.01409,-0.00183,-0.0118,0.0016,-0.03936,0.05406,0.01004,1,1,0.012,0.304,in_circle
145.452,1,3195,-0.01449,-0.00233,-0.0089,-0.0111,-0.04137,0.05495,0.01068,1,1,0.026,0.246,in_circle
145.496,1,3196,-0.01425,-0.00224,0.0055,0.0019,-0.04620,0.05358,0.01046,1,1,0.016,0.299,in_circle
145.540,1,3197,-0.01409,-0.00269,0.0034,-0.0100,-0.04375,0.05283,0.01073,1,1,-0.042,0.247,in_circle
145.584,1,3198,-0.01333,-0.00312,0.0175,-0.0100,-0.04576,0.05193,0.01067,1,1,-0.034,0.296,in_circle
145.629,1,3199,-0.01357,-0.00280,-0.0052,0.0071,-0.04440,0.04980,0.01052,1,1,-0.092,0.298,in_circle
