t,episode,step,xb,yb,vx,vy,alpha,beta,dist,in_circle,ball_found,a0,a1,status
1.170,1,0,-0.13385,0.11077,-0.0076,-0.0312,-0.01954,0.04111,0.16391,0,1,1.000,-1.000,running
1.258,1,1,-0.13397,0.11094,-0.0063,0.0094,-0.00255,0.05483,0.16411,0,1,1.000,-1.000,running
1.302,1,2,-0.13352,0.11046,0.0244,-0.0267,0.01308,0.08433,0.16346,0,1,1.000,-1.000,running
1.347,1,3,-0.13296,0.11026,0.0312,-0.0110,0.03099,0.10551,0.16289,0,1,1.000,-1.000,running
1.389,1,4,-0.13258,0.10958,0.0207,-0.0375,0.08309,0.14121,0.16217,0,1,1.000,-1.000,running
1.434,1,5,-0.13139,0.10775,0.0654,-0.1005,0.11295,0.18506,0.16009,0,1,1.000,-1.000,running
1.478,1,6,-0.12845,0.10562,0.1616,-0.1172,0.11657,0.19268,0.15646,0,1,1.000,-1.000,running
1.521,1,7,-0.12426,0.10158,0.2306,-0.2220,0.11555,0.17423,0.15066,0,1,1.000,-1.000,running
1.565,1,8,-0.11928,0.09745,0.2737,-0.2273,0.10076,0.16752,0.14419,0,1,1.000,-1.000,running
1.610,1,9,-0.11256,0.09133,0.3700,-0.3367,0.06037,0.16286,0.13511,0,1,1.000,-1.000,running
1.654,1,10,-0.10438,0.08450,0.4494,-0.3754,0.03318,0.14445,0.12446,0,1,1.000,-1.000,running
1.698,1,11,-0.09544,0.07689,0.4917,-0.4188,0.02502,0.11372,0.11272,0,1,1.000,0.358,running
1.743,1,12,-0.08622,0.06848,0.5073,-0.4626,0.02759,0.08526,0.10027,0,1,-0.545,0.483,running
1.786,1,13,-0.07600,0.05898,0.5620,-0.5223,-0.00636,0.07242,0.08636,0,1,-0.622,0.613,running
1.831,1,14,-0.06632,0.05002,0.5324,-0.4928,-0.05434,0.06900,0.07323,0,1,-0.800,0.800,running
1.873,1,15,-0.05635,0.04102,0.5483,-0.4953,-0.08101,0.02933,0.05986,0,1,-0.800,0.800,running
1.921,1,16,-0.04664,0.03289,0.5343,-0.4469,-0.10363,-0.03922,0.04724,0,1,-0.800,0.800,running
1.963,1,17,-0.03868,0.02585,0.4377,-0.3871,-0.09837,-0.10009,0.03671,1,1,-0.800,0.800,in_circle
2.009,1,18,-0.03141,0.02028,0.3999,-0.3065,-0.09472,-0.12911,0.02759,1,1,-0.800,0.800,in_circle
2.052,1,19,-0.02736,0.01551,0.2226,-0.2623,-0.10171,-0.11614,0.02175,1,1,-0.800,0.800,in_circle
2.097,1,20,-0.02363,0.01250,0.2054,-0.1653,-0.09583,-0.09823,0.01711,1,1,-0.800,0.800,in_circle
2.138,1,21,-0.02200,0.01103,0.0896,-0.0812,-0.10021,-0.06430,0.01506,1,1,-0.782,0.645,in_circle
2.185,1,22,-0.02234,0.01039,-0.0188,-0.0350,-0.10281,-0.01139,0.01519,1,1,-0.323,0.312,in_circle
2.227,1,23,-0.02292,0.01117,-0.0318,0.0427,-0.08490,0.04198,0.01598,1,1,0.112,0.129,in_circle
2.273,1,24,-0.02406,0.01195,-0.0627,0.0429,-0.04558,0.09344,0.01732,1,1,0.165,-0.184,in_circle
2.314,1,25,-0.02294,0.01356,0.0615,0.0885,-0.00639,0.13088,0.01692,1,1,0.292,-0.187,in_circle
2.363,1,26,-0.02292,0.01391,0.0010,0.0194,0.01998,0.15908,0.01707,1,1,-0.208,-0.373,in_circle
2.401,1,27,-0.02108,0.01505,0.1012,0.0628,0.04151,0.16043,0.01608,1,1,0.034,-0.097,in_circle
2.449,1,28,-0.01745,0.01468,0.1999,-0.0205,0.06805,0.13899,0.01298,1,1,-0.372,-0.274,in_circle
2.489,1,29,-0.01301,0.01390,0.2442,-0.0431,0.05091,0.09407,0.00946,1,1,-0.775,0.060,in_circle
2.537,1,30,-0.00848,0.01063,0.2494,-0.1797,0.02309,0.04468,0.00468,1,1,-0.800,0.153,in_circle
2.577,1,31,-0.00408,0.00938,0.2419,-0.0687,0.00891,0.00445,0.00503,1,1,-0.800,0.707,in_circle
2.623,1,32,0.00052,0.00692,0.2530,-0.1354,-0.03367,-0.04369,0.00837,1,1,-0.800,0.267,in_circle
2.666,1,33,0.00333,0.00379,0.1542,-0.1719,-0.06822,-0.08990,0.01134,1,1,-0.800,0.539,in_circle
2.710,1,34,0.00484,0.00107,0.0831,-0.1495,-0.05880,-0.12102,0.01356,1,1,-0.645,0.693,in_circle
2.755,1,35,0.00449,-0.00019,-0.0190,-0.0698,-0.07094,-0.12124,0.01376,1,1,-0.364,0.610,in_circle
2.797,1,36,0.00050,-0.00001,-0.2195,0.0102,-0.09790,-0.08717,0.01025,1,1,0.045,0.294,in_circle
2.841,1,37,-0.00280,-0.00012,-0.1816,-0.0062,-0.09841,-0.03248,0.00790,1,1,0.800,-0.026,in_circle
2.889,1,38,-0.00757,0.00195,-0.2622,0.1138,-0.08361,0.02671,0.00406,1,1,0.714,0.040,in_circle
2.930,1,39,-0.01313,0.00269,-0.3059,0.0409,-0.03922,0.07966,0.00627,1,1,0.800,-0.445,in_circle
2.977,1,40,-0.01776,0.00521,-0.2548,0.1384,-0.00018,0.12238,0.00999,1,1,0.800,-0.155,in_circle
3.018,1,41,-0.02178,0.00689,-0.2208,0.0923,0.01722,0.15079,0.01401,1,1,0.800,-0.552,in_circle
3.064,1,42,-0.02428,0.00633,-0.1376,-0.0307,0.01440,0.17215,0.01648,1,1,0.800,-0.371,in_circle
3.106,1,43,-0.02515,0.00684,-0.0481,0.0280,0.03376,0.17816,0.01737,1,1,0.592,0.122,in_circle
3.160,1,44,-0.02515,0.00684,0.0000,0.0000,0.03706,0.16914,0.01737,0,0,0.236,-0.114,in_circle
3.198,1,45,-0.02204,0.00354,0.1712,-0.1813,-0.00426,0.14510,0.01445,1,1,0.043,-0.002,in_circle
3.289,1,46,-0.02204,0.00354,0.0000,0.0000,-0.01752,0.04466,0.01445,0,0,-0.649,0.731,in_circle
3.333,1,47,-0.01056,-0.00512,0.6316,-0.4762,-0.04221,0.00298,0.01145,1,1,0.036,0.006,in_circle
3.374,1,48,-0.00707,-0.00900,0.1920,-0.2137,-0.06405,-0.01251,0.01502,1,1,-0.800,0.800,in_circle
3.415,1,49,-0.00513,-0.01231,0.1067,-0.1818,-0.05464,-0.00899,0.01850,1,1,-0.770,0.800,in_circle
3.457,1,50,-0.00266,-0.01449,0.1356,-0.1201,-0.05484,0.00794,0.02112,1,1,-0.433,0.773,in_circle
3.504,1,51,-0.00127,-0.01563,0.0767,-0.0625,-0.10523,-0.01137,0.02259,1,1,-0.555,0.531,in_circle
3.545,1,52,-0.00053,-0.01705,0.0404,-0.0785,-0.09875,-0.04219,0.02417,1,1,-0.323,0.304,in_circle
3.592,1,53,-0.00105,-0.01614,-0.0286,0.0502,-0.10081,-0.04059,0.02315,1,1,-0.180,0.372,in_circle
3.635,1,54,-0.00258,-0.01487,-0.0842,0.0698,-0.07880,-0.01594,0.02151,1,1,0.097,-0.146,in_circle
3.683,1,55,-0.00450,-0.01333,-0.1055,0.0850,-0.03896,0.02571,0.01961,1,1,0.324,-0.227,in_circle
3.721,1,56,-0.00586,-0.01026,-0.0749,0.1689,-0.01765,0.08078,0.01637,1,1,0.414,-0.292,in_circle
3.769,1,57,-0.00726,-0.00867,-0.0769,0.0870,0.01665,0.13007,0.01468,1,1,0.295,-0.635,in_circle
3.810,1,58,-0.00734,-0.00746,-0.0044,0.0667,0.05167,0.16470,0.01347,1,1,0.306,-0.311,in_circle
3.859,1,59,-0.00733,-0.00730,0.0003,0.0086,0.08151,0.17573,0.01331,1,1,0.017,-0.233,in_circle
3.899,1,60,-0.00508,-0.00929,0.1242,-0.1090,0.05356,0.15518,0.01553,1,1,-0.002,-0.001,in_circle
3.952,1,61,-0.00508,-0.00929,0.0000,0.0000,0.00161,0.11459,0.01553,0,0,-0.504,0.474,in_circle
3.989,1,62,0.00265,-0.01445,0.4250,-0.2838,-0.02531,0.06485,0.02296,1,1,-0.007,0.038,in_circle
4.033,1,63,0.00693,-0.01769,0.2351,-0.1786,-0.04647,0.00648,0.02790,1,1,-0.800,0.800,in_circle
4.074,1,64,0.01015,-0.01988,0.1775,-0.1204,-0.04365,-0.02957,0.03150,1,1,-0.800,0.774,in_circle
4.120,1,65,0.01345,-0.02224,0.1813,-0.1298,-0.04286,-0.02890,0.03534,1,1,-0.755,0.546,in_circle
4.163,1,66,0.01516,-0.02400,0.0939,-0.0967,-0.08856,-0.03777,0.03778,1,1,-0.778,0.590,in_circle
4.206,1,67,0.01588,-0.02493,0.0400,-0.0513,-0.09378,-0.06836,0.03896,1,1,-0.433,0.462,in_circle
4.251,1,68,0.01555,-0.02534,-0.0184,-0.0224,-0.08582,-0.08772,0.03908,1,1,-0.219,0.282,in_circle
4.293,1,69,0.01317,-0.02376,-0.1308,0.0869,-0.08144,-0.07067,0.03641,1,1,0.015,0.168,in_circle
4.339,1,70,0.00966,-0.02240,-0.1930,0.0746,-0.04297,-0.01406,0.03334,1,1,0.471,-0.273,in_circle
4.389,1,71,0.00966,-0.02240,0.0000,0.0000,-0.00021,0.06225,0.03334,0,0,0.728,-0.227,in_circle
4.429,1,72,0.00332,-0.01927,-0.3490,0.1723,0.02917,0.12101,0.02761,1,1,-0.044,0.071,in_circle
4.477,1,73,0.00332,-0.01927,0.0000,0.0000,0.04453,0.15164,0.02761,0,0,0.800,-0.626,in_circle
4.518,1,74,0.00024,-0.01810,-0.1695,0.0641,0.02486,0.14869,0.02541,1,1,-0.028,0.063,in_circle
4.557,1,75,0.00018,-0.01833,-0.0033,-0.0122,0.02726,0.12855,0.02560,1,1,0.658,-0.196,in_circle
4.605,1,76,0.00168,-0.01843,0.0828,-0.0057,0.03379,0.11587,0.02621,1,1,-0.007,0.110,in_circle
4.647,1,77,0.00347,-0.01932,0.0984,-0.0490,0.01055,0.10779,0.02772,1,1,-0.355,0.084,in_circle
4.694,1,78,0.00712,-0.02030,0.2005,-0.0538,-0.00523,0.09482,0.03024,1,1,-0.422,0.259,in_circle
4.735,1,79,0.00948,-0.02148,0.1301,-0.0646,-0.03913,0.05355,0.03246,1,1,-0.800,0.281,in_circle
4.781,1,80,0.01255,-0.02256,0.1687,-0.0596,-0.08191,-0.00722,0.03507,1,1,-0.563,0.327,in_circle
4.823,1,81,0.01568,-0.02229,0.1724,0.0149,-0.09774,-0.06063,0.03676,1,1,-0.726,0.310,in_circle
4.868,1,82,0.01750,-0.02137,0.0997,0.0504,-0.09656,-0.09848,0.03727,1,1,-0.748,0.011,in_circle
4.910,1,83,0.01725,-0.01957,-0.0134,0.0990,-0.08542,-0.10535,0.03580,1,1,-0.462,-0.133,in_circle
4.954,1,84,0.01488,-0.01675,-0.1302,0.1553,-0.05701,-0.09425,0.03213,1,1,-0.009,-0.332,in_circle
5.008,1,85,0.01488,-0.01675,0.0000,0.0000,-0.01322,-0.06554,0.03213,0,0,0.464,-0.564,in_circle
5.089,1,86,0.00252,-0.00889,-0.6802,0.4325,0.04710,0.06421,0.01811,1,1,-0.057,0.057,in_circle
5.136,1,87,0.00252,-0.00889,0.0000,0.0000,0.02742,0.10055,0.01811,0,0,0.800,-0.800,in_circle
5.178,1,88,-0.00597,-0.00548,-0.4665,0.1876,0.00414,0.08716,0.01162,1,1,-0.026,0.037,in_circle
5.219,1,89,-0.00976,-0.00523,-0.2085,0.0133,0.04299,0.06880,0.01140,1,1,0.800,-0.722,in_circle
5.306,1,90,-0.01538,-0.00828,-0.3093,-0.1673,0.02509,0.08685,0.01616,1,1,0.800,-0.025,in_circle
5.351,1,91,-0.01781,-0.01085,-0.1336,-0.1416,0.05322,0.10395,0.01960,1,1,0.800,0.705,in_circle
5.398,1,92,-0.01772,-0.01408,0.0049,-0.1778,0.01953,0.12077,0.02240,1,1,0.560,0.609,in_circle
5.438,1,93,-0.01800,-0.01781,-0.0154,-0.2051,-0.03534,0.15041,0.02591,1,1,0.005,0.761,in_circle
5.482,1,94,-0.01582,-0.02229,0.1200,-0.2463,-0.05639,0.16480,0.02940,1,1,0.087,0.800,in_circle
5.527,1,95,-0.01300,-0.02528,0.1552,-0.1644,-0.07552,0.13850,0.03171,1,1,-0.460,0.800,in_circle
5.571,1,96,-0.00955,-0.02759,0.1894,-0.1268,-0.11881,0.06891,0.03363,1,1,-0.608,0.736,in_circle
5.619,1,97,-0.00537,-0.02893,0.2300,-0.0739,-0.10801,-0.00260,0.03501,1,1,-0.753,0.591,in_circle
5.661,1,98,-0.00172,-0.02878,0.2009,0.0083,-0.10238,-0.04754,0.03531,1,1,-0.800,0.383,in_circle
5.704,1,99,0.00012,-0.02774,0.1009,0.0573,-0.09576,-0.06841,0.03465,1,1,-0.800,0.054,in_circle
5.746,1,100,0.00130,-0.02557,0.0653,0.1192,-0.07319,-0.08500,0.03286,1,1,-0.423,-0.145,in_circle
5.794,1,101,-0.00020,-0.02281,-0.0827,0.1519,-0.02962,-0.09027,0.02979,1,1,-0.284,-0.398,in_circle
5.834,1,102,-0.00250,-0.02060,-0.1264,0.1214,0.00631,-0.07450,0.02712,1,1,0.312,-0.536,in_circle
5.882,1,103,-0.00582,-0.01851,-0.1827,0.1149,0.03462,-0.02785,0.02459,1,1,0.492,-0.419,in_circle
5.922,1,104,-0.01067,-0.01704,-0.2668,0.0812,0.06388,0.03776,0.02321,1,1,0.726,-0.398,in_circle
5.977,1,105,-0.01067,-0.01704,0.0000,0.0000,0.06301,0.09591,0.02321,0,0,0.800,-0.267,in_circle
6.012,1,106,-0.01983,-0.01754,-0.5035,-0.0276,0.04614,0.14532,0.02643,1,1,0.007,0.058,in_circle
6.056,1,107,-0.02164,-0.01852,-0.0996,-0.0543,0.02040,0.17199,0.02816,1,1,0.800,0.169,in_circle
6.098,1,108,-0.02300,-0.02098,-0.0748,-0.1352,-0.00983,0.17531,0.03097,1,1,0.433,0.278,in_circle
6.146,1,109,-0.02291,-0.02272,0.0050,-0.0954,-0.05578,0.15673,0.03245,1,1,0.337,0.608,in_circle
6.187,1,110,-0.02041,-0.02466,0.1371,-0.1072,-0.09171,0.13662,0.03316,1,1,0.018,0.453,in_circle
6.234,1,111,-0.01743,-0.02481,0.1640,-0.0078,-0.11169,0.10946,0.03228,1,1,-0.517,0.505,in_circle
6.274,1,112,-0.01297,-0.02466,0.2454,0.0081,-0.10392,0.05936,0.03109,1,1,-0.632,0.108,in_circle
6.324,1,113,-0.00931,-0.02296,0.2014,0.0937,-0.08987,-0.00394,0.02899,1,1,-0.800,0.044,in_circle
6.361,1,114,-0.00601,-0.02097,0.1816,0.1094,-0.06945,-0.06132,0.02703,1,1,-0.800,-0.302,in_circle
6.410,1,115,-0.00495,-0.01773,0.0581,0.1778,-0.01935,-0.09727,0.02390,1,1,-0.731,-0.370,in_circle
6.450,1,116,-0.00517,-0.01483,-0.0122,0.1599,0.01550,-0.11634,0.02099,1,1,-0.240,-0.652,in_circle
6.498,1,117,-0.00710,-0.01195,-0.1059,0.1584,0.04244,-0.10840,0.01796,1,1,0.042,-0.588,in_circle
6.538,1,118,-0.01178,-0.01102,-0.2572,0.0510,0.07721,-0.06817,0.01748,1,1,0.422,-0.589,in_circle
6.585,1,119,-0.01635,-0.01085,-0.2517,0.0091,0.08041,-0.01185,0.01890,1,1,0.800,-0.161,in_circle
6.626,1,120,-0.02172,-0.01159,-0.2953,-0.0402,0.06527,0.04770,0.02243,1,1,0.800,0.006,in_circle
6.671,1,121,-0.02760,-0.01440,-0.3234,-0.1546,0.04300,0.09947,0.02842,1,1,0.800,0.205,in_circle
6.714,1,122,-0.03239,-0.01765,-0.2636,-0.1793,-0.00184,0.13361,0.03412,1,1,0.800,0.669,in_circle
6.759,1,123,-0.03631,-0.02100,-0.2155,-0.1837,-0.03731,0.15894,0.03926,1,1,0.800,0.776,in_circle
6.803,1,124,-0.03869,-0.02420,-0.1311,-0.1760,-0.06270,0.17193,0.04320,1,1,0.800,0.800,in_circle
6.846,1,125,-0.03951,-0.02715,-0.0449,-0.1626,-0.10087,0.16847,0.04588,0,1,0.590,0.762,running
6.891,1,126,-0.03867,-0.02824,0.0462,-0.0598,-0.12160,0.15289,0.04610,0,1,0.258,0.705,running
6.933,1,127,-0.03634,-0.02795,0.1281,0.0160,-0.11690,0.13145,0.04435,1,1,-0.087,0.321,in_circle
6.979,1,128,-0.03289,-0.02729,0.1897,0.0361,-0.11221,0.07814,0.04169,1,1,-0.413,0.031,in_circle
7.022,1,129,-0.02978,-0.02469,0.1714,0.1431,-0.09087,0.01432,0.03775,1,1,-0.681,-0.056,in_circle
7.068,1,130,-0.02619,-0.02172,0.1972,0.1633,-0.04841,-0.04257,0.03327,1,1,-0.631,-0.496,in_circle
7.110,1,131,-0.02507,-0.01764,0.0616,0.2244,-0.01064,-0.06808,0.02928,1,1,-0.743,-0.584,in_circle
7.155,1,132,-0.02509,-0.01428,-0.0013,0.1848,0.02070,-0.08678,0.02665,1,1,-0.203,-0.800,in_circle
7.198,1,133,-0.02569,-0.01175,-0.0327,0.1390,0.05275,-0.08629,0.02520,1,1,0.049,-0.688,in_circle
7.242,1,134,-0.02918,-0.00942,-0.1920,0.1286,0.08797,-0.06746,0.02636,1,1,0.175,-0.512,in_circle
7.332,1,135,-0.03797,-0.01036,-0.4834,-0.0522,0.05077,0.04527,0.03432,1,1,0.800,-0.476,in_circle
7.374,1,136,-0.04260,-0.01214,-0.2546,-0.0976,0.04743,0.09519,0.03924,1,1,0.800,0.250,in_circle
7.420,1,137,-0.04665,-0.01528,-0.2232,-0.1729,0.03242,0.09637,0.04430,1,1,0.800,0.436,in_circle
7.462,1,138,-0.05123,-0.01814,-0.2519,-0.1570,-0.02261,0.09982,0.04969,0,1,0.800,0.720,running
7.509,1,139,-0.05446,-0.02135,-0.1773,-0.1766,-0.06439,0.12899,0.05408,0,1,0.800,0.639,running
7.550,1,140,-0.05594,-0.02380,-0.0814,-0.1348,-0.07927,0.15415,0.05661,0,1,0.759,0.694,running
7.595,1,141,-0.05641,-0.02541,-0.0261,-0.0884,-0.10573,0.16215,0.05787,0,1,0.432,0.549,running
7.638,1,142,-0.05568,-0.02627,0.0403,-0.0475,-0.11267,0.15282,0.05774,0,1,0.251,0.397,running
7.683,1,143,-0.05372,-0.02640,0.1078,-0.0073,-0.09437,0.12435,0.05620,0,1,0.030,0.266,running
7.727,1,144,-0.05131,-0.02527,0.1325,0.0621,-0.06306,0.08417,0.05358,0,1,-0.209,0.132,running
7.774,1,145,-0.04833,-0.02412,0.1642,0.0635,-0.02597,0.03073,0.05049,0,1,-0.320,-0.115,running
7.815,1,146,-0.04603,-0.02168,0.1264,0.1342,0.00785,-0.01932,0.04720,0,1,-0.465,-0.136,running
7.861,1,147,-0.04503,-0.02037,0.0550,0.0718,0.03994,-0.06063,0.04562,0,1,-0.360,-0.419,running
7.902,1,148,-0.04519,-0.01927,-0.0090,0.0606,0.05856,-0.09645,0.04513,1,1,-0.104,-0.198,in_circle
7.946,1,149,-0.04728,-0.01969,-0.1150,-0.0230,0.07556,-0.10293,0.04710,0,1,0.137,-0.160,running
7.991,1,150,-0.05032,-0.02091,-0.1672,-0.0672,0.06129,-0.06683,0.05032,0,1,0.540,0.159,running
8.033,1,151,-0.05490,-0.02251,-0.2520,-0.0878,0.00808,0.00841,0.05506,0,1,0.728,0.322,running
8.078,1,152,-0.05937,-0.02422,-0.2455,-0.0945,-0.03013,0.07991,0.05977,0,1,0.800,0.391,running
8.122,1,153,-0.06409,-0.02749,-0.2597,-0.1797,-0.05323,0.12197,0.06550,0,1,0.800,0.409,running
8.167,1,154,-0.06811,-0.02958,-0.2210,-0.1146,-0.08929,0.13606,0.07002,0,1,0.800,0.662,running
8.210,1,155,-0.07108,-0.03075,-0.1638,-0.0645,-0.11072,0.14849,0.07318,0,1,0.800,0.463,running
8.256,1,156,-0.07296,-0.03102,-0.1029,-0.0151,-0.11662,0.15276,0.07494,0,1,0.701,0.325,running
8.297,1,157,-0.07304,-0.03040,-0.0048,0.0345,-0.10020,0.14810,0.07471,0,1,0.544,0.197,running
8.343,1,158,-0.07214,-0.02884,0.0494,0.0855,-0.06998,0.13869,0.07317,0,1,0.289,0.064,running
8.385,1,159,-0.07022,-0.02678,0.1056,0.1137,-0.03325,0.10540,0.07051,0,1,0.136,-0.084,running
8.433,1,160,-0.06813,-0.02463,0.1150,0.1181,0.00561,0.05175,0.06766,0,1,-0.042,-0.184,running
8.474,1,161,-0.06627,-0.02337,0.1025,0.0693,0.03575,-0.00643,0.06543,0,1,-0.098,-0.223,running
8.520,1,162,-0.06510,-0.02242,0.0642,0.0524,0.06619,-0.04819,0.06396,0,1,-0.085,-0.096,running
8.561,1,163,-0.06522,-0.02286,-0.0062,-0.0246,0.05834,-0.07285,0.06426,0,1,0.017,-0.054,running
8.610,1,164,-0.06655,-0.02320,-0.0732,-0.0183,0.02764,-0.06686,0.06560,0,1,0.232,0.182,running
8.650,1,165,-0.06846,-0.02414,-0.1053,-0.0521,-0.00829,-0.03444,0.06774,0,1,0.440,0.165,running
8.697,1,166,-0.07214,-0.02484,-0.2022,-0.0381,-0.04314,0.02326,0.07135,0,1,0.540,0.268,running
8.738,1,167,-0.07625,-0.02592,-0.2263,-0.0597,-0.07242,0.07990,0.07553,0,1,0.800,0.230,running
8.784,1,168,-0.07957,-0.02655,-0.1827,-0.0347,-0.10196,0.12296,0.07881,0,1,0.800,0.290,running
8.827,1,169,-0.08230,-0.02582,-0.1498,0.0400,-0.09635,0.16551,0.08101,0,1,0.766,0.229,running
8.871,1,170,-0.08386,-0.02454,-0.0857,0.0704,-0.08122,0.17527,0.08196,0,1,0.692,0.050,running
8.915,1,171,-0.08338,-0.02275,0.0263,0.0984,-0.06139,0.16526,0.08086,0,1,0.549,-0.023,running
8.958,1,172,-0.08152,-0.02065,0.1023,0.1158,-0.01284,0.15707,0.07839,0,1,0.281,-0.102,running
9.002,1,173,-0.07894,-0.01900,0.1418,0.0907,0.02266,0.13983,0.07540,0,1,0.074,-0.168,running
9.046,1,174,-0.07541,-0.01761,0.1944,0.0762,0.04635,0.08857,0.07161,0,1,-0.063,-0.128,running
9.092,1,175,-0.07158,-0.01705,0.2105,0.0309,0.05880,0.02032,0.06782,0,1,-0.256,-0.112,running
9.135,1,176,-0.06815,-0.01728,0.1884,-0.0129,0.04072,-0.03713,0.06469,0,1,-0.360,0.000,running
9.182,1,177,-0.06642,-0.01848,0.0950,-0.0656,0.01087,-0.07751,0.06353,0,1,-0.342,0.126,running
9.223,1,178,-0.06520,-0.01954,0.0672,-0.0584,-0.02353,-0.09567,0.06283,0,1,-0.075,0.291,running
9.270,1,179,-0.06558,-0.02099,-0.0205,-0.0796,-0.06184,-0.08420,0.06377,0,1,0.002,0.273,running
9.356,1,180,-0.07046,-0.02218,-0.2685,-0.0657,-0.10096,0.01033,0.06870,0,1,0.276,0.342,running
9.399,1,181,-0.07389,-0.02167,-0.1888,0.0282,-0.09852,0.05426,0.07165,0,1,0.800,0.298,running
9.442,1,182,-0.07733,-0.01995,-0.1892,0.0944,-0.09700,0.06419,0.07422,0,1,0.786,0.036,running
9.486,1,183,-0.08031,-0.01762,-0.1639,0.1282,-0.07635,0.08038,0.07626,0,1,0.791,-0.139,running
9.529,1,184,-0.08304,-0.01452,-0.1497,0.1706,-0.02949,0.12216,0.07798,0,1,0.731,-0.225,running
9.576,1,185,-0.08480,-0.01175,-0.0971,0.1522,0.00562,0.17086,0.07902,0,1,0.702,-0.333,running
9.617,1,186,-0.08502,-0.00921,-0.0119,0.1399,0.03239,0.18638,0.07870,0,1,0.579,-0.292,running
9.664,1,187,-0.08389,-0.00769,0.0622,0.0835,0.06585,0.17210,0.07731,0,1,0.372,-0.276,running
9.707,1,188,-0.08129,-0.00773,0.1429,-0.0022,0.06183,0.15376,0.07476,0,1,0.176,-0.150,running
9.751,1,189,-0.07766,-0.00882,0.1997,-0.0600,0.03856,0.11593,0.07141,0,1,-0.061,0.064,running
9.795,1,190,-0.07350,-0.01073,0.2287,-0.1052,0.01491,0.05446,0.06780,0,1,-0.263,0.225,running
9.841,1,191,-0.06965,-0.01345,0.2119,-0.1498,-0.02413,-0.01230,0.06483,0,1,-0.405,0.369,running
9.884,1,192,-0.06677,-0.01585,0.1584,-0.1319,-0.06272,-0.05804,0.06289,0,1,-0.406,0.523,running
9.927,1,193,-0.06458,-0.01760,0.1204,-0.0959,-0.08706,-0.08190,0.06149,0,1,-0.274,0.486,running
9.971,1,194,-0.06389,-0.01811,0.0380,-0.0283,-0.09799,-0.09032,0.06105,0,1,-0.175,0.386,running
10.016,1,195,-0.06449,-0.01784,-0.0333,0.0151,-0.09813,-0.06643,0.06150,0,1,0.079,0.175,running
10.059,1,196,-0.06639,-0.01644,-0.1043,0.0769,-0.09446,-0.01335,0.06274,0,1,0.307,0.038,running
10.105,1,197,-0.06847,-0.01423,-0.1148,0.1213,-0.06161,0.04724,0.06396,0,1,0.535,-0.156,running
10.146,1,198,-0.07120,-0.01142,-0.1497,0.1550,-0.01804,0.10951,0.06574,0,1,0.573,-0.294,running
10.194,1,199,-0.07310,-0.00917,-0.1047,0.1233,0.01374,0.15013,0.06704,0,1,0.685,-0.394,running
10.234,1,200,-0.07418,-0.00712,-0.0595,0.1127,0.04112,0.17624,0.06767,0,1,0.557,-0.301,running
10.280,1,201,-0.07322,-0.00651,0.0529,0.0336,0.07637,0.17969,0.06660,0,1,0.430,-0.275,running
10.324,1,202,-0.07094,-0.00735,0.1251,-0.0462,0.06164,0.16670,0.06454,0,1,0.095,-0.051,running
10.366,1,203,-0.06721,-0.00961,0.2052,-0.1238,0.02975,0.12783,0.06143,0,1,-0.142,0.189,running
10.410,1,204,-0.06320,-0.01188,0.2206,-0.1249,0.00620,0.07011,0.05822,0,1,-0.433,0.445,running
10.454,1,205,-0.05862,-0.01526,0.2522,-0.1862,-0.03593,0.00901,0.05509,0,1,-0.533,0.470,running
10.498,1,206,-0.05515,-0.01794,0.1907,-0.1471,-0.07352,-0.04174,0.05306,0,1,-0.691,0.702,running
10.543,1,207,-0.05217,-0.02070,0.1638,-0.1517,-0.09552,-0.07881,0.05178,0,1,-0.514,0.587,running
10.586,1,208,-0.05070,-0.02152,0.0806,-0.0455,-0.09770,-0.10707,0.05097,0,1,-0.441,0.618,running
10.632,1,209,-0.05155,-0.02133,-0.0467,0.0109,-0.09730,-0.10902,0.05159,0,1,-0.156,0.246,running
10.674,1,210,-0.05395,-0.01988,-0.1316,0.0796,-0.09911,-0.06423,0.05291,0,1,0.300,0.046,running
10.721,1,211,-0.05747,-0.01759,-0.1936,0.1257,-0.08413,0.00890,0.05499,0,1,0.604,-0.196,running
10.763,1,212,-0.06159,-0.01433,-0.2269,0.1798,-0.03834,0.07347,0.05750,0,1,0.800,-0.351,running
10.808,1,213,-0.06544,-0.01132,-0.2116,0.1652,-0.00120,0.11079,0.06019,0,1,0.800,-0.525,running
10.854,1,214,-0.06898,-0.00879,-0.1946,0.1394,0.02344,0.13251,0.06294,0,1,0.800,-0.467,running
10.898,1,215,-0.07126,-0.00714,-0.1256,0.0904,0.05928,0.15173,0.06481,0,1,0.800,-0.376,running
10.940,1,216,-0.07197,-0.00645,-0.0390,0.0380,0.06987,0.16965,0.06537,0,1,0.615,-0.223,running
10.986,1,217,-0.07111,-0.00716,0.0471,-0.0389,0.04733,0.16653,0.06467,0,1,0.358,-0.067,running
11.028,1,218,-0.06925,-0.00899,0.1022,-0.1004,0.02498,0.15289,0.06326,0,1,0.095,0.166,running
11.072,1,219,-0.06625,-0.01107,0.1653,-0.1146,-0.01931,0.10704,0.06089,0,1,-0.089,0.363,running
11.114,1,220,-0.06283,-0.01317,0.1882,-0.1155,-0.05335,0.04233,0.05827,0,1,-0.316,0.423,running
11.159,1,221,-0.05919,-0.01510,0.2001,-0.1063,-0.08321,-0.01630,0.05555,0,1,-0.428,0.443,running
11.205,1,222,-0.05701,-0.01646,0.1197,-0.0748,-0.10529,-0.06419,0.05409,0,1,-0.508,0.428,running
11.248,1,223,-0.05546,-0.01624,0.0851,0.0120,-0.09629,-0.09482,0.05260,0,1,-0.254,0.329,running
11.293,1,224,-0.05653,-0.01504,-0.0589,0.0661,-0.09158,-0.10269,0.05308,0,1,-0.148,0.028,running
11.380,1,225,-0.06293,-0.01149,-0.3518,0.1953,-0.02645,-0.01829,0.05784,0,1,0.359,-0.163,running
11.422,1,226,-0.06743,-0.00904,-0.2477,0.1345,-0.01934,0.03596,0.06150,0,1,0.800,-0.583,running
11.468,1,227,-0.07242,-0.00690,-0.2744,0.1181,-0.01165,0.05469,0.06590,0,1,0.800,-0.369,running
11.509,1,228,-0.07720,-0.00548,-0.2630,0.0778,0.04059,0.06336,0.07035,0,1,0.800,-0.301,running
11.555,1,229,-0.08157,-0.00503,-0.2401,0.0252,0.04766,0.10108,0.07459,0,1,0.800,-0.171,running
11.598,1,230,-0.08531,-0.00584,-0.2056,-0.0449,0.02403,0.15574,0.07841,0,1,0.800,-0.019,running
11.643,1,231,-0.08745,-0.00784,-0.1178,-0.1100,0.01006,0.18542,0.08084,0,1,0.800,0.163,running
11.685,1,232,-0.08873,-0.00993,-0.0703,-0.1150,-0.02884,0.17058,0.08248,0,1,0.640,0.323,running
11.730,1,233,-0.08838,-0.01193,0.0194,-0.1097,-0.07216,0.16165,0.08255,0,1,0.536,0.338,running
11.777,1,234,-0.08645,-0.01367,0.1061,-0.0960,-0.09461,0.14943,0.08107,0,1,0.328,0.335,running
11.818,1,235,-0.08323,-0.01420,0.1770,-0.0287,-0.10455,0.11398,0.07808,0,1,0.108,0.316,running
11.866,1,236,-0.07933,-0.01385,0.2143,0.0190,-0.09047,0.05698,0.07423,0,1,-0.106,0.160,running
11.906,1,237,-0.07554,-0.01293,0.2085,0.0507,-0.06898,-0.00156,0.07034,0,1,-0.262,0.034,running
11.953,1,238,-0.07337,-0.01122,0.1195,0.0940,-0.03229,-0.04965,0.06779,0,1,-0.309,-0.065,running
11.994,1,239,-0.07194,-0.00982,0.0786,0.0769,0.00468,-0.08343,0.06606,0,1,-0.090,-0.204,running
12.040,1,240,-0.07198,-0.00907,-0.0020,0.0416,0.04246,-0.09488,0.06592,0,1,0.012,-0.167,running
12.082,1,241,-0.07318,-0.00901,-0.0665,0.0029,0.06382,-0.07055,0.06709,0,1,0.249,-0.066,running
12.127,1,242,-0.07482,-0.00975,-0.0898,-0.0406,0.05500,-0.01319,0.06884,0,1,0.446,0.049,running
12.173,1,243,-0.07747,-0.01130,-0.1458,-0.0853,0.02335,0.05918,0.07178,0,1,0.520,0.178,running
12.213,1,244,-0.08078,-0.01378,-0.1820,-0.1362,-0.01841,0.11164,0.07561,0,1,0.683,0.304,running
12.260,1,245,-0.08380,-0.01655,-0.1665,-0.1523,-0.05218,0.14561,0.07928,0,1,0.781,0.436,running
12.301,1,246,-0.08525,-0.01857,-0.0796,-0.1111,-0.07742,0.16720,0.08125,0,1,0.744,0.471,running
12.348,1,247,-0.08461,-0.02031,0.0351,-0.0955,-0.11779,0.17278,0.08119,0,1,0.540,0.373,running
12.390,1,248,-0.08350,-0.02088,0.0613,-0.0314,-0.11106,0.16184,0.08033,0,1,0.268,0.345,running
12.436,1,249,-0.08036,-0.02050,0.1726,0.0210,-0.08934,0.14549,0.07725,0,1,0.196,0.196,running
12.478,1,250,-0.07670,-0.01952,0.2014,0.0535,-0.06977,0.10705,0.07347,0,1,-0.117,0.063,running
12.523,1,251,-0.07240,-0.01800,0.2364,0.0839,-0.02552,0.05119,0.06891,0,1,-0.249,-0.036,running
12.567,1,252,-0.06829,-0.01687,0.2263,0.0621,0.01120,-0.00030,0.06467,0,1,-0.417,-0.144,running
12.609,1,253,-0.06538,-0.01619,0.1599,0.0373,0.03882,-0.05143,0.06171,0,1,-0.456,-0.102,running
12.654,1,254,-0.06378,-0.01570,0.0882,0.0268,0.06042,-0.08870,0.06004,0,1,-0.294,-0.037,running
12.698,1,255,-0.06345,-0.01624,0.0178,-0.0296,0.04419,-0.10650,0.05993,0,1,-0.086,-0.010,running
12.743,1,256,-0.06390,-0.01771,-0.0245,-0.0805,0.01047,-0.08528,0.06090,0,1,0.138,0.173,running
12.785,1,257,-0.06593,-0.01939,-0.1120,-0.0925,-0.02973,-0.02592,0.06344,0,1,0.276,0.339,running
12.832,1,258,-0.06908,-0.02121,-0.1733,-0.1004,-0.06389,0.04718,0.06706,0,1,0.556,0.377,running
12.873,1,259,-0.07258,-0.02242,-0.1923,-0.0665,-0.09412,0.10002,0.07074,0,1,0.742,0.398,running
12.922,1,260,-0.07519,-0.02261,-0.1436,-0.0101,-0.10656,0.12935,0.07321,0,1,0.794,0.299,running
12.962,1,261,-0.07751,-0.02243,-0.1273,0.0096,-0.09627,0.14899,0.07528,0,1,0.664,0.146,running
13.010,1,262,-0.07848,-0.02139,-0.0536,0.0574,-0.06981,0.17243,0.07580,0,1,0.627,0.096,running
13.050,1,263,-0.07767,-0.01981,0.0448,0.0870,-0.03885,0.17642,0.07448,0,1,0.441,-0.030,running
13.097,1,264,-0.07522,-0.01814,0.1348,0.0920,0.00165,0.15424,0.07161,0,1,0.178,-0.119,running
13.137,1,265,-0.07202,-0.01684,0.1760,0.0711,0.03091,0.12116,0.06816,0,1,-0.094,-0.153,running
13.185,1,266,-0.06862,-0.01662,0.1870,0.0123,0.05417,0.06536,0.06489,0,1,-0.255,-0.115,running
13.228,1,267,-0.06498,-0.01673,0.1999,-0.0062,0.05059,0.00901,0.06153,0,1,-0.334,0.048,running
13.272,1,268,-0.06129,-0.01792,0.2034,-0.0652,0.02844,-0.04254,0.05859,0,1,-0.423,0.101,running
13.314,1,269,-0.05894,-0.01971,0.1288,-0.0985,0.00070,-0.07170,0.05724,0,1,-0.479,0.294,running
13.403,1,270,-0.05880,-0.02315,0.0081,-0.1896,-0.07370,-0.08637,0.05874,0,1,-0.254,0.412,running
13.446,1,271,-0.06102,-0.02471,-0.1225,-0.0856,-0.07708,-0.07416,0.06145,0,1,0.149,0.717,running
13.491,1,272,-0.06415,-0.02499,-0.1719,-0.0156,-0.08982,-0.05947,0.06431,0,1,0.575,0.379,running
13.534,1,273,-0.06877,-0.02371,-0.2543,0.0705,-0.10482,-0.01446,0.06783,0,1,0.730,0.162,running
13.582,1,274,-0.07416,-0.02190,-0.2965,0.0999,-0.10495,0.05352,0.07199,0,1,0.800,-0.088,running
13.622,1,275,-0.07954,-0.01927,-0.2960,0.1446,-0.07792,0.10993,0.07606,0,1,0.800,-0.157,running
13.667,1,276,-0.08446,-0.01591,-0.2706,0.1845,-0.02811,0.15613,0.07973,0,1,0.800,-0.261,running
13.710,1,277,-0.08773,-0.01272,-0.1799,0.1754,-0.00413,0.18295,0.08210,0,1,0.800,-0.346,running
13.756,1,278,-0.08928,-0.01006,-0.0851,0.1465,0.02828,0.18491,0.08305,0,1,0.785,-0.320,running
13.797,1,279,-0.08978,-0.00803,-0.0275,0.1115,0.06428,0.17147,0.08317,0,1,0.573,-0.259,running
13.845,1,280,-0.08861,-0.00751,0.0647,0.0287,0.06433,0.14785,0.08193,0,1,0.444,-0.188,running
13.885,1,281,-0.08621,-0.00826,0.1318,-0.0413,0.03886,0.10580,0.07970,0,1,0.221,-0.005,running
13.931,1,282,-0.08333,-0.00987,0.1583,-0.0883,0.00828,0.05494,0.07718,0,1,0.034,0.164,running
13.976,1,283,-0.08046,-0.01164,0.1582,-0.0977,-0.02391,0.00447,0.07477,0,1,-0.069,0.291,running
14.019,1,284,-0.07877,-0.01370,0.0925,-0.1134,-0.06299,-0.04558,0.07366,0,1,-0.105,0.330,running
14.064,1,285,-0.07837,-0.01477,0.0221,-0.0585,-0.08843,-0.08309,0.07356,0,1,0.051,0.383,running
14.107,1,286,-0.07825,-0.01549,0.0064,-0.0396,-0.09890,-0.08058,0.07366,0,1,0.236,0.242,running
14.152,1,287,-0.08001,-0.01449,-0.0965,0.0545,-0.09825,-0.05032,0.07506,0,1,0.278,0.195,running
14.195,1,288,-0.08281,-0.01317,-0.1543,0.0727,-0.08027,0.00741,0.07742,0,1,0.558,-0.054,running
14.239,1,289,-0.08615,-0.01066,-0.1837,0.1381,-0.03562,0.07506,0.08011,0,1,0.714,-0.098,running
14.282,1,290,-0.08901,-0.00843,-0.1574,0.1225,0.00077,0.13133,0.08249,0,1,0.793,-0.256,running
14.326,1,291,-0.09145,-0.00648,-0.1337,0.1073,0.02996,0.16579,0.08457,0,1,0.738,-0.215,running
14.371,1,292,-0.09263,-0.00579,-0.0654,0.0382,0.06221,0.18582,0.08565,0,1,0.692,-0.179,running
14.413,1,293,-0.09169,-0.00591,0.0519,-0.0068,0.05708,0.18346,0.08473,0,1,0.548,-0.027,running
14.460,1,294,-0.08925,-0.00726,0.1344,-0.0743,0.03083,0.16216,0.08252,0,1,0.283,0.071,running
14.501,1,295,-0.08562,-0.00943,0.1995,-0.1191,0.00256,0.12654,0.07933,0,1,0.068,0.232,running
14.550,1,296,-0.08148,-0.01180,0.2278,-0.1307,-0.03652,0.06876,0.07580,0,1,-0.137,0.358,running
14.590,1,297,-0.07695,-0.01399,0.2491,-0.1203,-0.07000,0.00239,0.07198,0,1,-0.269,0.412,running
14.636,1,298,-0.07340,-0.01555,0.1952,-0.0857,-0.09925,-0.04101,0.06905,0,1,-0.394,0.409,running
14.678,1,299,-0.07044,-0.01619,0.1628,-0.0356,-0.09733,-0.06928,0.06646,0,1,-0.295,0.328,running
14.727,1,300,-0.06931,-0.01566,0.0622,0.0293,-0.09598,-0.07960,0.06521,0,1,-0.240,0.189,running
14.770,1,301,-0.06945,-0.01466,-0.0078,0.0552,-0.07870,-0.06935,0.06502,0,1,0.045,-0.006,running
14.812,1,302,-0.07067,-0.01304,-0.0669,0.0893,-0.03145,-0.02649,0.06569,0,1,0.255,-0.088,running
14.856,1,303,-0.07260,-0.01137,-0.1065,0.0919,-0.00363,0.03311,0.06709,0,1,0.437,-0.193,running
14.899,1,304,-0.07514,-0.00998,-0.1396,0.0763,0.02698,0.09081,0.06921,0,1,0.560,-0.201,running
14.942,1,305,-0.07684,-0.00909,-0.0931,0.0491,0.06003,0.13550,0.07066,0,1,0.662,-0.153,running
14.986,1,306,-0.07799,-0.00960,-0.0633,-0.0283,0.05793,0.17074,0.07190,0,1,0.537,-0.075,running
15.031,1,307,-0.07751,-0.01082,0.0259,-0.0672,0.02750,0.18773,0.07172,0,1,0.460,0.141,running
15.075,1,308,-0.07571,-0.01247,0.0992,-0.0906,0.00280,0.17367,0.07038,0,1,0.214,0.252,running
15.117,1,309,-0.07193,-0.01497,0.2078,-0.1374,-0.03477,0.13962,0.06747,0,1,-0.003,0.326,running
15.164,1,310,-0.06774,-0.01736,0.2305,-0.1314,-0.07017,0.08839,0.06433,0,1,-0.354,0.480,running
15.206,1,311,-0.06349,-0.01900,0.2341,-0.0903,-0.10308,0.03719,0.06104,0,1,-0.475,0.484,running
15.254,1,312,-0.05933,-0.02002,0.2284,-0.0563,-0.10602,-0.01720,0.05773,0,1,-0.542,0.374,running
15.293,1,313,-0.05581,-0.01938,0.1936,0.0351,-0.10258,-0.06204,0.05431,0,1,-0.577,0.273,running
15.343,1,314,-0.05415,-0.01797,0.0914,0.0774,-0.08737,-0.09535,0.05218,0,1,-0.509,-0.039,running
15.430,1,315,-0.05468,-0.01292,-0.0290,0.2779,-0.01578,-0.07300,0.05055,0,1,-0.177,-0.197,running
15.470,1,316,-0.05731,-0.01106,-0.1449,0.1025,-0.01393,-0.03848,0.05237,0,1,0.246,-0.800,running
15.517,1,317,-0.06078,-0.00849,-0.1906,0.1414,-0.00461,-0.01215,0.05493,0,1,0.662,-0.306,running
15.559,1,318,-0.06508,-0.00668,-0.2363,0.0995,0.04688,0.01711,0.05866,0,1,0.800,-0.434,running
15.604,1,319,-0.06902,-0.00565,-0.2170,0.0566,0.03286,0.07029,0.06232,0,1,0.800,-0.280,running
15.646,1,320,-0.07280,-0.00583,-0.2079,-0.0100,0.02355,0.12929,0.06607,0,1,0.800,-0.134,running
15.693,1,321,-0.07616,-0.00679,-0.1844,-0.0528,0.02330,0.17581,0.06954,0,1,0.800,0.075,running
15.735,1,322,-0.07794,-0.00861,-0.0979,-0.1002,-0.02757,0.18334,0.07164,0,1,0.792,0.200,running
15.779,1,323,-0.07785,-0.01024,0.0049,-0.0894,-0.07428,0.16720,0.07190,0,1,0.554,0.334,running
15.826,1,324,-0.07635,-0.01178,0.0821,-0.0848,-0.09018,0.16047,0.07082,0,1,0.274,0.310,running
15.866,1,325,-0.07323,-0.01203,0.1717,-0.0140,-0.10961,0.14341,0.06787,0,1,0.050,0.306,running
15.911,1,326,-0.07010,-0.01184,0.1726,0.0104,-0.10011,0.09955,0.06480,0,1,-0.241,0.111,running
15.958,1,327,-0.06590,-0.01070,0.2306,0.0630,-0.07073,0.03941,0.06045,0,1,-0.286,0.035,running
15.998,1,328,-0.06255,-0.00942,0.1843,0.0702,-0.03570,-0.01836,0.05688,0,1,-0.529,-0.142,running
16.046,1,329,-0.05921,-0.00769,0.1836,0.0953,-0.00289,-0.06424,0.05321,0,1,-0.430,-0.182,running
16.086,1,330,-0.05738,-0.00615,0.1007,0.0844,0.02946,-0.09574,0.05105,0,1,-0.475,-0.288,running
16.133,1,331,-0.05739,-0.00559,-0.0006,0.0309,0.05814,-0.10527,0.05093,0,1,-0.207,-0.263,running
16.176,1,332,-0.05899,-0.00679,-0.0876,-0.0658,0.06140,-0.07928,0.05276,0,1,0.153,-0.075,running
16.219,1,333,-0.06173,-0.00868,-0.1508,-0.1037,0.05189,-0.03215,0.05589,0,1,0.466,0.270,running
16.264,1,334,-0.06542,-0.01146,-0.2028,-0.1532,0.01751,0.02216,0.06020,0,1,0.685,0.397,running
16.307,1,335,-0.06846,-0.01445,-0.1673,-0.1644,-0.02471,0.07292,0.06401,0,1,0.800,0.550,running
16.351,1,336,-0.07277,-0.01748,-0.2372,-0.1667,-0.05801,0.11245,0.06908,0,1,0.733,0.575,running
16.395,1,337,-0.07592,-0.02047,-0.1734,-0.1645,-0.08430,0.14817,0.07309,0,1,0.800,0.566,running
16.439,1,338,-0.07787,-0.02246,-0.1072,-0.1091,-0.11742,0.17316,0.07563,0,1,0.747,0.550,running
16.483,1,339,-0.07863,-0.02316,-0.0419,-0.0389,-0.11207,0.16730,0.07660,0,1,0.576,0.403,running
16.528,1,340,-0.07806,-0.02299,0.0315,0.0094,-0.10245,0.15698,0.07601,0,1,0.413,0.225,running
16.570,1,341,-0.07597,-0.02188,0.1149,0.0612,-0.07904,0.14035,0.07365,0,1,0.222,0.101,running
16.617,1,342,-0.07307,-0.02088,0.1595,0.0548,-0.03637,0.10727,0.07059,0,1,-0.020,-0.046,running
16.659,1,343,-0.06971,-0.01938,0.1847,0.0826,0.00200,0.05196,0.06691,0,1,-0.180,-0.044,running
16.704,1,344,-0.06690,-0.01836,0.1546,0.0563,0.02844,-0.00694,0.06392,0,1,-0.302,-0.144,running
16.746,1,345,-0.06447,-0.01810,0.1339,0.0144,0.04300,-0.06249,0.06158,0,1,-0.252,-0.081,running
16.794,1,346,-0.06389,-0.01903,0.0316,-0.0515,0.04042,-0.09664,0.06143,0,1,-0.217,0.041,running
16.834,1,347,-0.06406,-0.01943,-0.0092,-0.0218,0.02268,-0.09702,0.06174,0,1,0.101,0.251,running
16.883,1,348,-0.06574,-0.02087,-0.0924,-0.0791,-0.01901,-0.06155,0.06387,0,1,0.231,0.159,running
16.923,1,349,-0.06892,-0.02254,-0.1748,-0.0918,-0.05424,0.00055,0.06745,0,1,0.496,0.340,running
16.969,1,350,-0.07250,-0.02361,-0.1970,-0.0590,-0.07803,0.06160,0.07115,0,1,0.744,0.377,running
17.011,1,351,-0.07637,-0.02430,-0.2129,-0.0382,-0.09790,0.10394,0.07497,0,1,0.800,0.282,running
17.058,1,352,-0.07945,-0.02349,-0.1693,0.0445,-0.11088,0.13653,0.07748,0,1,0.800,0.228,running
17.099,1,353,-0.08146,-0.02238,-0.1104,0.0610,-0.07973,0.16309,0.07894,0,1,0.737,0.018,running
17.146,1,354,-0.08227,-0.02016,-0.0445,0.1222,-0.04372,0.18079,0.07893,0,1,0.597,-0.023,running
17.188,1,355,-0.08092,-0.01773,0.0740,0.1336,-0.01556,0.17341,0.07688,0,1,0.440,-0.182,running
17.235,1,356,-0.07826,-0.01627,0.1462,0.0802,0.02341,0.15078,0.07390,0,1,0.131,-0.234,running
17.273,1,357,-0.07494,-0.01510,0.1828,0.0647,0.05516,0.10985,0.07037,0,1,-0.091,-0.119,running
17.322,1,358,-0.07045,-0.01528,0.2471,-0.0100,0.06716,0.05226,0.06616,0,1,-0.239,-0.095,running
17.362,1,359,-0.06661,-0.01590,0.2108,-0.0340,0.04149,0.00445,0.06276,0,1,-0.491,0.111,running
17.451,1,360,-0.06117,-0.01838,0.2995,-0.1364,-0.02044,-0.08651,0.05867,0,1,-0.437,0.185,running
17.498,1,361,-0.06065,-0.01979,0.0285,-0.0776,-0.02708,-0.11506,0.05881,0,1,-0.791,0.527,running
17.538,1,362,-0.06145,-0.02084,-0.0440,-0.0577,-0.03993,-0.11155,0.05999,0,1,0.089,0.341,running
17.585,1,363,-0.06369,-0.02102,-0.1230,-0.0103,-0.09589,-0.09604,0.06208,0,1,0.329,0.279,running
17.627,1,364,-0.06814,-0.02129,-0.2447,-0.0145,-0.08249,-0.07467,0.06622,0,1,0.585,0.129,running
17.670,1,365,-0.07380,-0.02069,-0.3117,0.0326,-0.07531,-0.03658,0.07120,0,1,0.800,0.147,running
17.715,1,366,-0.08020,-0.01936,-0.3517,0.0734,-0.06529,0.02014,0.07671,0,1,0.800,0.019,running
17.758,1,367,-0.08678,-0.01704,-0.3621,0.1277,-0.02084,0.08365,0.08227,0,1,0.800,-0.076,running
17.803,1,368,-0.09344,-0.01509,-0.3664,0.1069,0.01558,0.13583,0.08820,0,1,0.800,-0.189,running
17.845,1,369,-0.09911,-0.01384,-0.3119,0.0691,0.04308,0.16883,0.09344,0,1,0.800,-0.118,running
17.890,1,370,-0.10359,-0.01334,-0.2460,0.0271,0.06037,0.18478,0.09772,0,1,0.800,-0.039,running
17.934,1,371,-0.10604,-0.01362,-0.1347,-0.0153,0.04109,0.18179,0.10018,0,1,1.000,0.043,running
17.978,1,372,-0.10646,-0.01440,-0.0234,-0.0431,0.00278,0.16391,0.10075,0,1,1.000,0.129,running
18.022,1,373,-0.10609,-0.01567,0.0205,-0.0697,-0.03207,0.14336,0.10065,0,1,1.000,0.188,running
18.067,1,374,-0.10428,-0.01703,0.0997,-0.0746,-0.05972,0.12218,0.09919,0,1,1.000,0.248,running
18.110,1,375,-0.10126,-0.01762,0.1660,-0.0324,-0.08818,0.09957,0.09640,0,1,1.000,0.264,running
18.153,1,376,-0.09777,-0.01743,0.1918,0.0101,-0.09232,0.08483,0.09297,0,1,1.000,0.183,running
18.198,1,377,-0.09410,-0.01661,0.2017,0.0455,-0.08260,0.08706,0.08922,0,1,0.066,0.097,running
18.243,1,378,-0.08965,-0.01466,0.2450,0.1070,-0.05629,0.09888,0.08442,0,1,0.018,0.020,running
18.289,1,379,-0.08464,-0.01277,0.2757,0.1041,-0.01629,0.09649,0.07910,0,1,-0.158,-0.140,running
18.331,1,380,-0.07923,-0.01098,0.2973,0.0982,0.02093,0.06623,0.07342,0,1,-0.329,-0.170,running
18.375,1,381,-0.07441,-0.00972,0.2650,0.0694,0.04714,0.00880,0.06844,0,1,-0.494,-0.191,running
18.417,1,382,-0.07043,-0.00920,0.2190,0.0287,0.05892,-0.04636,0.06445,0,1,-0.497,-0.137,running
18.462,1,383,-0.06747,-0.01017,0.1627,-0.0532,0.04485,-0.09951,0.06182,0,1,-0.429,-0.030,running
18.506,1,384,-0.06652,-0.01134,0.0525,-0.0647,0.01699,-0.13178,0.06123,0,1,-0.294,0.224,running
18.551,1,385,-0.06688,-0.01314,-0.0198,-0.0987,-0.02394,-0.12003,0.06210,0,1,0.044,0.265,running
18.594,1,386,-0.06908,-0.01501,-0.1210,-0.1032,-0.05955,-0.07222,0.06478,0,1,0.275,0.376,running
18.639,1,387,-0.07264,-0.01587,-0.1962,-0.0474,-0.08755,-0.00524,0.06843,0,1,0.593,0.389,running
18.682,1,388,-0.07749,-0.01643,-0.2663,-0.0307,-0.11317,0.04925,0.07321,0,1,0.800,0.222,running
18.727,1,389,-0.08210,-0.01618,-0.2539,0.0138,-0.10290,0.08588,0.07754,0,1,0.800,0.175,running
18.770,1,390,-0.08686,-0.01487,-0.2619,0.0719,-0.08062,0.11324,0.08177,0,1,0.800,0.063,running
18.815,1,391,-0.09064,-0.01315,-0.2075,0.0950,-0.04151,0.14780,0.08502,0,1,0.800,-0.072,running
18.858,1,392,-0.09271,-0.01117,-0.1142,0.1088,-0.00559,0.17006,0.08663,0,1,0.800,-0.118,running
18.903,1,393,-0.09340,-0.00989,-0.0376,0.0703,0.02630,0.17673,0.08706,0,1,0.654,-0.149,running
18.946,1,394,-0.09276,-0.00941,0.0352,0.0266,0.04510,0.16647,0.08634,0,1,0.495,-0.072,running
18.991,1,395,-0.09089,-0.00939,0.1024,0.0011,0.04260,0.14553,0.08451,0,1,0.334,0.017,running
19.034,1,396,-0.08783,-0.01043,0.1683,-0.0573,0.01899,0.10188,0.08170,0,1,0.165,0.070,running
19.078,1,397,-0.08485,-0.01189,0.1641,-0.0806,-0.01629,0.04280,0.07910,0,1,-0.026,0.209,running
19.121,1,398,-0.08174,-0.01381,0.1713,-0.1051,-0.04899,-0.01828,0.07654,0,1,-0.056,0.276,running
19.167,1,399,-0.07995,-0.01471,0.0983,-0.0497,-0.08034,-0.06785,0.07506,0,1,-0.115,0.353,running
19.210,1,400,-0.07887,-0.01538,0.0593,-0.0366,-0.09916,-0.09078,0.07422,0,1,0.051,0.217,running
19.255,1,401,-0.07949,-0.01442,-0.0341,0.0524,-0.09809,-0.07333,0.07454,0,1,0.143,0.186,running
19.297,1,402,-0.08155,-0.01256,-0.1132,0.1023,-0.08205,-0.02314,0.07605,0,1,0.392,-0.051,running
19.343,1,403,-0.08421,-0.01068,-0.1462,0.1035,-0.03931,0.03941,0.07821,0,1,0.607,-0.182,running
19.385,1,404,-0.08791,-0.00878,-0.2040,0.1048,-0.00416,0.09901,0.08147,0,1,0.698,-0.182,running
19.473,1,405,-0.09203,-0.00610,-0.2261,0.1472,0.04261,0.15909,0.08509,0,1,0.800,-0.178,running
19.518,1,406,-0.09209,-0.00627,-0.0033,-0.0092,0.03785,0.17742,0.08517,0,1,0.800,-0.266,running
19.562,1,407,-0.09096,-0.00763,0.0620,-0.0751,0.03773,0.17649,0.08427,0,1,0.408,0.079,running
19.606,1,408,-0.08817,-0.00977,0.1531,-0.1175,0.03163,0.16958,0.08191,0,1,0.254,0.232,running
19.651,1,409,-0.08403,-0.01272,0.2281,-0.1626,-0.00143,0.15191,0.07849,0,1,0.014,0.346,running
19.693,1,410,-0.07886,-0.01605,0.2843,-0.1827,-0.04344,0.10547,0.07440,0,1,-0.224,0.483,running
19.739,1,411,-0.07303,-0.01911,0.3205,-0.1687,-0.07243,0.04496,0.06990,0,1,-0.446,0.573,running
19.783,1,412,-0.06761,-0.02111,0.2983,-0.1097,-0.10233,-0.00769,0.06567,0,1,-0.638,0.573,running
19.827,1,413,-0.06266,-0.02226,0.2720,-0.0632,-0.10132,-0.05417,0.06171,0,1,-0.661,0.429,running
19.871,1,414,-0.06005,-0.02210,0.1438,0.0085,-0.09804,-0.09540,0.05933,0,1,-0.655,0.299,running
19.915,1,415,-0.05883,-0.02152,0.0667,0.0320,-0.08578,-0.11936,0.05798,0,1,-0.283,0.070,running
19.959,1,416,-0.05887,-0.02027,-0.0022,0.0692,-0.05770,-0.10752,0.05743,0,1,-0.045,-0.011,running
20.002,1,417,-0.06023,-0.01820,-0.0747,0.1138,-0.01418,-0.06436,0.05775,0,1,0.179,-0.140,running
20.046,1,418,-0.06261,-0.01609,-0.1305,0.1158,0.01796,0.00361,0.05909,0,1,0.423,-0.293,running
20.090,1,419,-0.06669,-0.01473,-0.2249,0.0748,0.04580,0.06182,0.06244,0,1,0.612,-0.298,running
20.134,1,420,-0.07024,-0.01376,-0.1949,0.0533,0.07122,0.10244,0.06549,0,1,0.800,-0.157,running
20.179,1,421,-0.07313,-0.01401,-0.1589,-0.0139,0.06053,0.13454,0.06832,0,1,0.800,-0.084,running
20.222,1,422,-0.07459,-0.01564,-0.0806,-0.0896,0.02716,0.16500,0.07021,0,1,0.711,0.118,running
20.267,1,423,-0.07519,-0.01776,-0.0330,-0.1165,-0.00772,0.18696,0.07146,0,1,0.493,0.337,running
20.310,1,424,-0.07424,-0.02001,0.0522,-0.1234,-0.03970,0.17457,0.07135,0,1,0.365,0.416,running
20.355,1,425,-0.07176,-0.02213,0.1363,-0.1166,-0.07332,0.14030,0.06987,0,1,0.127,0.445,running
20.398,1,426,-0.06837,-0.02336,0.1865,-0.0678,-0.10369,0.09454,0.06731,0,1,-0.127,0.439,running
20.442,1,427,-0.06470,-0.02403,0.2020,-0.0370,-0.10731,0.04389,0.06434,0,1,-0.308,0.311,running
20.487,1,428,-0.06087,-0.02338,0.2104,0.0361,-0.10063,-0.00660,0.06066,0,1,-0.400,0.224,running
20.531,1,429,-0.05830,-0.02159,0.1414,0.0979,-0.07951,-0.05180,0.05755,0,1,-0.480,-0.011,running
20.574,1,430,-0.05681,-0.01965,0.0819,0.1070,-0.03131,-0.08460,0.05532,0,1,-0.296,-0.230,running
20.619,1,431,-0.05597,-0.01720,0.0467,0.1347,0.00456,-0.09416,0.05346,0,1,-0.117,-0.279,running
20.662,1,432,-0.05734,-0.01521,-0.0755,0.1093,0.02964,-0.07276,0.05389,0,1,-0.009,-0.393,running
20.707,1,433,-0.06029,-0.01349,-0.1623,0.0950,0.05590,-0.01400,0.05599,0,1,0.418,-0.309,running
20.751,1,434,-0.06414,-0.01329,-0.2116,0.0106,0.06840,0.06222,0.05955,0,1,0.719,-0.255,running
20.795,1,435,-0.06676,-0.01440,-0.1443,-0.0607,0.04546,0.11103,0.06239,0,1,0.800,0.033,running
20.837,1,436,-0.06958,-0.01536,-0.1553,-0.0532,0.01496,0.14066,0.06537,0,1,0.661,0.262,running
20.884,1,437,-0.07122,-0.01751,-0.0900,-0.1179,-0.02388,0.15591,0.06764,0,1,0.696,0.239,running
20.925,1,438,-0.07147,-0.01971,-0.0137,-0.1213,-0.05612,0.16161,0.06866,0,1,0.507,0.432,running
20.971,1,439,-0.07066,-0.02124,0.0445,-0.0841,-0.08186,0.15103,0.06851,0,1,0.290,0.447,running
21.014,1,440,-0.06809,-0.02173,0.1415,-0.0269,-0.10939,0.12810,0.06636,0,1,0.120,0.347,running
21.058,1,441,-0.06503,-0.02124,0.1680,0.0269,-0.10751,0.07706,0.06338,0,1,-0.187,0.185,running
21.102,1,442,-0.06186,-0.01990,0.1744,0.0737,-0.08214,0.00810,0.05995,0,1,-0.305,0.017,running
21.147,1,443,-0.05919,-0.01835,0.1470,0.0850,-0.05583,-0.04489,0.05687,0,1,-0.369,-0.146,running
21.191,1,444,-0.05820,-0.01527,0.0546,0.1695,-0.01623,-0.06993,0.05470,0,1,-0.317,-0.201,running
21.235,1,445,-0.05779,-0.01310,0.0222,0.1196,0.01967,-0.08534,0.05352,0,1,-0.023,-0.509,running
21.279,1,446,-0.05945,-0.01175,-0.0914,0.0739,0.04955,-0.07017,0.05462,0,1,0.082,-0.353,running
21.321,1,447,-0.06094,-0.01118,-0.0819,0.0318,0.08002,-0.02441,0.05585,0,1,0.479,-0.195,running
21.367,1,448,-0.06405,-0.01116,-0.1710,0.0011,0.06502,0.03264,0.05881,0,1,0.451,-0.050,running
21.411,1,449,-0.06755,-0.01204,-0.1923,-0.0487,0.02086,0.09416,0.06241,0,1,0.749,0.055,running
21.500,1,450,-0.07200,-0.01677,-0.2447,-0.2603,-0.03982,0.17270,0.06812,0,1,0.800,0.217,running
21.545,1,451,-0.07206,-0.01895,-0.0033,-0.1194,-0.04461,0.17919,0.06893,0,1,0.800,0.800,running
21.590,1,452,-0.07099,-0.02086,0.0589,-0.1051,-0.05864,0.16848,0.06866,0,1,0.263,0.438,running
21.638,1,453,-0.06805,-0.02174,0.1613,-0.0485,-0.11022,0.15970,0.06633,0,1,0.081,0.405,running
21.678,1,454,-0.06347,-0.02210,0.2521,-0.0197,-0.09989,0.14772,0.06236,0,1,-0.245,0.249,running
21.724,1,455,-0.05837,-0.02167,0.2805,0.0235,-0.06907,0.11201,0.05764,0,1,-0.582,0.163,running
21.773,1,456,-0.05305,-0.02064,0.2923,0.0566,-0.06374,0.05112,0.05251,0,1,-0.753,0.016,running
21.811,1,457,-0.04679,-0.01803,0.3448,0.1437,-0.02056,-0.01185,0.04579,0,1,-0.800,-0.115,running
21.856,1,458,-0.04173,-0.01653,0.2780,0.0820,0.02527,-0.06353,0.04073,1,1,-0.800,-0.475,in_circle
21.900,1,459,-0.03805,-0.01502,0.2025,0.0834,0.04718,-0.09329,0.03684,1,1,-0.800,-0.268,in_circle
21.945,1,460,-0.03684,-0.01510,0.0664,-0.0043,0.08469,-0.10935,0.03590,1,1,-0.734,-0.281,in_circle
21.988,1,461,-0.03665,-0.01469,0.0106,0.0222,0.07436,-0.10755,0.03550,1,1,-0.193,0.070,in_circle
22.033,1,462,-0.03832,-0.01675,-0.0918,-0.1132,0.02635,-0.08122,0.03807,1,1,0.030,-0.037,in_circle
22.075,1,463,-0.04184,-0.01911,-0.1935,-0.1296,-0.00017,-0.02341,0.04230,1,1,0.444,0.510,in_circle
22.117,1,464,-0.04660,-0.02117,-0.2618,-0.1132,-0.02935,0.03564,0.04736,0,1,0.800,0.572,running
22.162,1,465,-0.05096,-0.02331,-0.2401,-0.1175,-0.06687,0.08541,0.05217,0,1,0.800,0.497,running
22.206,1,466,-0.05509,-0.02523,-0.2270,-0.1056,-0.10302,0.11689,0.05667,0,1,0.800,0.504,running
22.249,1,467,-0.05824,-0.02573,-0.1735,-0.0276,-0.11124,0.14744,0.05959,0,1,0.800,0.456,running
22.295,1,468,-0.06028,-0.02518,-0.1122,0.0302,-0.10149,0.17011,0.06105,0,1,0.734,0.199,running
22.339,1,469,-0.06047,-0.02426,-0.0100,0.0506,-0.08714,0.17072,0.06074,0,1,0.541,0.015,running
22.382,1,470,-0.05976,-0.02167,0.0387,0.1424,-0.05085,0.15957,0.05887,0,1,0.218,-0.053,running
22.427,1,471,-0.05748,-0.01927,0.1256,0.1321,-0.01340,0.14309,0.05574,0,1,0.053,-0.367,running
22.468,1,472,-0.05449,-0.01812,0.1647,0.0632,0.01915,0.11060,0.05255,0,1,-0.260,-0.362,running
22.516,1,473,-0.05089,-0.01669,0.1975,0.0785,0.05350,0.04589,0.04870,0,1,-0.430,-0.146,running
22.557,1,474,-0.04689,-0.01637,0.2203,0.0175,0.06696,-0.02105,0.04504,1,1,-0.595,-0.220,in_circle
22.604,1,475,-0.04388,-0.01724,0.1655,-0.0477,0.03832,-0.06542,0.04292,1,1,-0.729,-0.005,in_circle
22.646,1,476,-0.04253,-0.01855,0.0740,-0.0722,0.00603,-0.09174,0.04254,1,1,-0.547,0.247,in_circle
22.692,1,477,-0.04272,-0.02010,-0.0103,-0.0848,-0.01640,-0.10839,0.04359,1,1,-0.197,0.346,in_circle
22.736,1,478,-0.04466,-0.02177,-0.1068,-0.0919,-0.05448,-0.10644,0.04615,0,1,0.133,0.397,running
22.787,1,479,-0.04887,-0.02247,-0.2312,-0.0388,-0.09231,-0.06988,0.04997,0,1,0.504,0.423,running
22.826,1,480,-0.05413,-0.02238,-0.2894,0.0051,-0.10265,-0.00651,0.05433,0,1,0.800,0.225,running
22.869,1,481,-0.06012,-0.02054,-0.3298,0.1009,-0.10796,0.05937,0.05867,0,1,0.800,0.074,running
22.915,1,482,-0.06594,-0.01868,-0.3197,0.1026,-0.09735,0.10632,0.06316,0,1,0.800,-0.237,running
22.960,1,483,-0.07113,-0.01570,-0.2856,0.1637,-0.05148,0.13621,0.06694,0,1,0.800,-0.225,running
23.053,1,484,-0.07754,-0.00955,-0.3527,0.3385,0.00855,0.17053,0.07145,0,1,0.800,-0.395,running
23.097,1,485,-0.07870,-0.00739,-0.0638,0.1185,0.04360,0.17283,0.07216,0,1,0.800,-0.800,running
23.172,1,486,-0.07648,-0.00641,0.1222,0.0540,0.05969,0.15999,0.06979,0,1,0.464,-0.267,running
23.218,1,487,-0.07304,-0.00780,0.1893,-0.0763,0.06679,0.14231,0.06668,0,1,-0.069,-0.102,running
23.259,1,488,-0.06881,-0.01035,0.2325,-0.1404,0.04320,0.10715,0.06316,0,1,-0.305,0.277,running
23.305,1,489,-0.06421,-0.01360,0.2529,-0.1789,0.01802,0.06898,0.05972,0,1,-0.491,0.491,running
23.349,1,490,-0.05908,-0.01742,0.2821,-0.2098,-0.02072,0.03278,0.05638,0,1,-0.616,0.643,running
23.393,1,491,-0.05443,-0.02188,0.2560,-0.2453,-0.06053,-0.01844,0.05433,0,1,-0.773,0.779,running
23.437,1,492,-0.05061,-0.02542,0.2100,-0.1950,-0.08060,-0.07138,0.05311,0,1,-0.727,0.800,running
23.526,1,493,-0.04830,-0.02971,0.1272,-0.2355,-0.09591,-0.12497,0.05399,0,1,-0.595,0.777,running
23.567,1,494,-0.05022,-0.02943,-0.1056,0.0153,-0.09833,-0.10845,0.05527,0,1,-0.308,0.800,running
23.612,1,495,-0.05426,-0.02881,-0.2223,0.0338,-0.09885,-0.09579,0.05806,0,1,0.496,0.064,running
23.656,1,496,-0.05957,-0.02643,-0.2921,0.1312,-0.10049,-0.06379,0.06109,0,1,0.800,0.008,running
23.699,1,497,-0.06655,-0.02360,-0.3837,0.1556,-0.10261,-0.00037,0.06578,0,1,0.800,-0.299,running
23.745,1,498,-0.07388,-0.01991,-0.4035,0.2027,-0.07453,0.06260,0.07098,0,1,0.800,-0.350,running
23.787,1,499,-0.08155,-0.01576,-0.4215,0.2284,-0.02800,0.11467,0.07689,0,1,0.800,-0.455,running
23.831,1,500,-0.08768,-0.01192,-0.3375,0.2110,0.00549,0.14046,0.08187,0,1,0.800,-0.482,running
23.875,1,501,-0.09316,-0.00891,-0.3012,0.1656,0.03326,0.15363,0.08665,0,1,0.800,-0.408,running
23.919,1,502,-0.09753,-0.00648,-0.2402,0.1340,0.06483,0.16516,0.09059,0,1,0.800,-0.281,running
23.963,1,503,-0.10034,-0.00528,-0.1546,0.0657,0.06080,0.16058,0.09323,0,1,0.800,-0.206,running
24.008,1,504,-0.10119,-0.00558,-0.0469,-0.0167,0.02833,0.14768,0.09411,0,1,1.000,-0.075,running
24.052,1,505,-0.10119,-0.00705,-0.0000,-0.0804,-0.00229,0.13159,0.09430,0,1,1.000,0.091,running
24.098,1,506,-0.10012,-0.00918,0.0587,-0.1176,-0.03387,0.11060,0.09356,0,1,1.000,0.226,running
24.143,1,507,-0.09840,-0.01118,0.0949,-0.1101,-0.06740,0.10580,0.09222,0,1,1.000,0.311,running
24.186,1,508,-0.09580,-0.01206,0.1432,-0.0484,-0.09900,0.10599,0.08983,0,1,0.263,0.306,running
24.229,1,509,-0.09249,-0.01257,0.1819,-0.0276,-0.11073,0.10452,0.08670,0,1,0.152,0.187,running
24.273,1,510,-0.08857,-0.01168,0.2153,0.0489,-0.09936,0.09677,0.08269,0,1,0.022,0.149,running
24.316,1,511,-0.08457,-0.01035,0.2205,0.0729,-0.06980,0.06281,0.07849,0,1,-0.119,-0.030,running
24.358,1,512,-0.08025,-0.00845,0.2373,0.1048,-0.02908,0.00826,0.07388,0,1,-0.203,-0.107,running
24.404,1,513,-0.07721,-0.00629,0.1670,0.1188,0.00555,-0.04586,0.07049,0,1,-0.324,-0.217,running
24.451,1,514,-0.07553,-0.00486,0.0926,0.0784,0.03706,-0.08994,0.06860,0,1,-0.185,-0.281,running
24.494,1,515,-0.07534,-0.00477,0.0107,0.0052,0.06681,-0.10346,0.06839,0,1,0.002,-0.181,running
24.534,1,516,-0.07659,-0.00574,-0.0692,-0.0534,0.06577,-0.08253,0.06979,0,1,0.234,0.027,running
24.581,1,517,-0.07891,-0.00761,-0.1271,-0.1031,0.03966,-0.03067,0.07240,0,1,0.469,0.197,running
24.622,1,518,-0.08269,-0.01064,-0.2082,-0.1668,-0.00371,0.04570,0.07672,0,1,0.637,0.335,running
24.668,1,519,-0.08688,-0.01382,-0.2305,-0.1747,-0.04030,0.10256,0.08153,0,1,0.800,0.495,running
24.712,1,520,-0.09002,-0.01736,-0.1725,-0.1944,-0.06998,0.13797,0.08547,0,1,0.800,0.499,running
24.758,1,521,-0.09281,-0.01954,-0.1533,-0.1203,-0.10129,0.16018,0.08876,0,1,0.769,0.536,running
24.799,1,522,-0.09376,-0.02120,-0.0524,-0.0911,-0.11870,0.17233,0.09016,0,1,0.734,0.373,running
24.844,1,523,-0.09376,-0.02186,-0.0000,-0.0363,-0.10412,0.16704,0.09036,0,1,0.535,0.318,running
24.887,1,524,-0.09260,-0.02136,0.0640,0.0276,-0.08400,0.14925,0.08910,0,1,0.430,0.212,running
24.931,1,525,-0.09052,-0.02057,0.1142,0.0435,-0.04318,0.11849,0.08688,0,1,0.290,0.079,running
24.978,1,526,-0.08735,-0.01937,0.1742,0.0660,-0.00852,0.06371,0.08350,0,1,0.158,0.036,running
25.020,1,527,-0.08437,-0.01851,0.1641,0.0472,0.02153,0.01001,0.08040,0,1,-0.022,-0.030,running
25.068,1,528,-0.08248,-0.01836,0.1041,0.0082,0.03855,-0.03107,0.07855,0,1,-0.045,-0.002,running
25.109,1,529,-0.08086,-0.01860,0.0887,-0.0130,0.03380,-0.05858,0.07709,0,1,0.075,0.088,running
25.155,1,530,-0.08072,-0.01988,0.0079,-0.0708,0.01723,-0.06463,0.07738,0,1,0.095,0.140,running
25.198,1,531,-0.08153,-0.02100,-0.0444,-0.0612,-0.01607,-0.03814,0.07852,0,1,0.299,0.290,running
25.243,1,532,-0.08325,-0.02213,-0.0948,-0.0623,-0.05758,0.00730,0.08052,0,1,0.435,0.270,running
25.283,1,533,-0.08574,-0.02331,-0.1367,-0.0646,-0.08790,0.06793,0.08326,0,1,0.567,0.275,running
25.331,1,534,-0.08808,-0.02376,-0.1291,-0.0252,-0.09982,0.12135,0.08562,0,1,0.674,0.283,running
25.371,1,535,-0.08918,-0.02315,-0.0605,0.0337,-0.09003,0.16437,0.08645,0,1,0.665,0.197,running
25.419,1,536,-0.08913,-0.02228,0.0027,0.0482,-0.07031,0.17901,0.08611,0,1,0.522,0.068,running
25.459,1,537,-0.08788,-0.02075,0.0692,0.0836,-0.04170,0.17178,0.08443,0,1,0.385,0.032,running
25.546,1,538,-0.08059,-0.01792,0.4007,0.1559,0.03008,0.13816,0.07662,0,1,0.224,-0.060,running
25.596,1,539,-0.07520,-0.01727,0.2967,0.0360,0.02693,0.09358,0.07130,0,1,-0.701,-0.292,running
25.636,1,540,-0.06984,-0.01724,0.2948,0.0016,0.03953,0.06682,0.06625,0,1,-0.541,-0.004,running
25.683,1,541,-0.06414,-0.01812,0.3136,-0.0484,0.06522,0.03857,0.06128,0,1,-0.633,0.084,running
25.724,1,542,-0.05923,-0.02072,0.2698,-0.1433,0.03480,-0.00616,0.05796,0,1,-0.787,0.238,running
25.771,1,543,-0.05426,-0.02330,0.2734,-0.1421,-0.01700,-0.06214,0.05493,0,1,-0.711,0.561,running
25.811,1,544,-0.05124,-0.02536,0.1660,-0.1128,-0.03893,-0.10882,0.05358,0,1,-0.780,0.579,running
25.859,1,545,-0.04993,-0.02753,0.0723,-0.1199,-0.06649,-0.14013,0.05384,0,1,-0.436,0.490,running
25.900,1,546,-0.05096,-0.02846,-0.0568,-0.0510,-0.09643,-0.13717,0.05523,0,1,-0.115,0.520,running
25.949,1,547,-0.05414,-0.02852,-0.1749,-0.0034,-0.09307,-0.10688,0.05779,0,1,0.333,0.285,running
25.987,1,548,-0.05906,-0.02771,-0.2703,0.0447,-0.09884,-0.04740,0.06135,0,1,0.732,0.128,running
26.036,1,549,-0.06605,-0.02574,-0.3846,0.1082,-0.08062,0.02685,0.06634,0,1,0.800,-0.020,running
26.077,1,550,-0.07273,-0.02365,-0.3673,0.1149,-0.04431,0.08830,0.07138,0,1,0.800,-0.198,running
26.124,1,551,-0.07895,-0.02071,-0.3424,0.1617,-0.00368,0.12168,0.07600,0,1,0.800,-0.195,running
26.165,1,552,-0.08450,-0.01816,-0.3053,0.1406,0.02747,0.13741,0.08042,0,1,0.800,-0.299,running
26.210,1,553,-0.08902,-0.01658,-0.2485,0.0866,0.04614,0.15470,0.08430,0,1,0.800,-0.226,running
26.250,1,554,-0.09204,-0.01591,-0.1661,0.0370,0.05862,0.16505,0.08704,0,1,0.800,-0.086,running
26.297,1,555,-0.09341,-0.01623,-0.0751,-0.0179,0.03939,0.15939,0.08845,0,1,0.761,0.028,running
26.339,1,556,-0.09400,-0.01632,-0.0326,-0.0046,0.00642,0.15019,0.08904,0,1,0.576,0.146,running
26.387,1,557,-0.09346,-0.01715,0.0298,-0.0456,-0.03272,0.12633,0.08873,0,1,0.493,0.120,running
26.427,1,558,-0.09149,-0.01823,0.1084,-0.0593,-0.05849,0.08429,0.08712,0,1,0.362,0.208,running
26.476,1,559,-0.08974,-0.01900,0.0963,-0.0427,-0.07785,0.03459,0.08567,0,1,0.177,0.243,running
26.516,1,560,-0.08840,-0.01848,0.0733,0.0287,-0.07973,-0.01545,0.08424,0,1,0.183,0.212,running
26.563,1,561,-0.08741,-0.01764,0.0548,0.0460,-0.07666,-0.05111,0.08305,0,1,0.216,0.051,running
26.604,1,562,-0.08798,-0.01600,-0.0315,0.0905,-0.06274,-0.05867,0.08314,0,1,0.246,0.005,running
26.648,1,563,-0.08908,-0.01358,-0.0603,0.1330,-0.02406,-0.02902,0.08360,0,1,0.445,-0.103,running
26.693,1,564,-0.09075,-0.01193,-0.0919,0.0908,0.01459,0.02642,0.08486,0,1,0.516,-0.208,running
26.738,1,565,-0.09295,-0.01068,-0.1212,0.0688,0.04458,0.09880,0.08677,0,1,0.596,-0.115,running
26.780,1,566,-0.09452,-0.00958,-0.0863,0.0605,0.06748,0.15569,0.08811,0,1,0.670,-0.066,running
26.825,1,567,-0.09532,-0.01012,-0.0439,-0.0296,0.04865,0.18755,0.08899,0,1,0.605,-0.049,running
26.867,1,568,-0.09463,-0.01118,0.0377,-0.0584,0.00909,0.17899,0.08851,0,1,0.523,0.140,running
26.915,1,569,-0.09226,-0.01290,0.1306,-0.0949,-0.02755,0.16441,0.08655,0,1,0.350,0.205,running
26.955,1,570,-0.08861,-0.01458,0.2004,-0.0924,-0.05768,0.13985,0.08339,0,1,0.128,0.294,running
27.002,1,571,-0.08431,-0.01612,0.2367,-0.0847,-0.08925,0.09812,0.07964,0,1,-0.076,0.305,running
27.044,1,572,-0.07911,-0.01628,0.2858,-0.0085,-0.10172,0.04369,0.07471,0,1,-0.229,0.304,running
27.090,1,573,-0.07450,-0.01600,0.2536,0.0154,-0.09277,-0.01449,0.07024,0,1,-0.444,0.116,running
27.132,1,574,-0.07078,-0.01428,0.2045,0.0942,-0.07264,-0.06784,0.06617,0,1,-0.440,0.045,running
27.180,1,575,-0.06896,-0.01203,0.1003,0.1242,-0.04548,-0.09874,0.06376,0,1,-0.364,-0.201,running
27.220,1,576,-0.06880,-0.00923,0.0090,0.1537,-0.00365,-0.11003,0.06287,0,1,-0.080,-0.312,running
27.265,1,577,-0.06991,-0.00750,-0.0610,0.0954,0.03260,-0.07954,0.06356,0,1,0.194,-0.419,running
27.308,1,578,-0.07226,-0.00583,-0.1296,0.0915,0.06007,-0.02173,0.06554,0,1,0.415,-0.242,running
27.353,1,579,-0.07554,-0.00628,-0.1805,-0.0246,0.08245,0.04568,0.06885,0,1,0.629,-0.228,running
27.395,1,580,-0.07955,-0.00759,-0.2202,-0.0723,0.05285,0.09183,0.07302,0,1,0.781,0.118,running
27.442,1,581,-0.08222,-0.01033,-0.1473,-0.1505,0.00416,0.12886,0.07619,0,1,0.800,0.250,running
27.483,1,582,-0.08450,-0.01344,-0.1253,-0.1713,-0.02420,0.15443,0.07913,0,1,0.697,0.454,running
27.573,1,583,-0.08447,-0.01984,0.0016,-0.3517,-0.08670,0.17110,0.08091,0,1,0.647,0.504,running
27.617,1,584,-0.08220,-0.02206,0.1249,-0.1220,-0.09220,0.15438,0.07952,0,1,0.345,0.800,running
27.659,1,585,-0.07898,-0.02343,0.1770,-0.0755,-0.09603,0.14585,0.07703,0,1,0.031,0.421,running
27.708,1,586,-0.07436,-0.02335,0.2542,0.0045,-0.11586,0.12405,0.07274,0,1,-0.136,0.318,running
27.748,1,587,-0.06838,-0.02264,0.3289,0.0389,-0.10303,0.08114,0.06701,0,1,-0.409,0.109,running
27.793,1,588,-0.06305,-0.02098,0.2930,0.0914,-0.08309,0.01251,0.06149,0,1,-0.727,-0.003,running
27.836,1,589,-0.05895,-0.01917,0.2254,0.0998,-0.03786,-0.04925,0.05701,0,1,-0.723,-0.191,running
27.881,1,590,-0.05568,-0.01677,0.1802,0.1319,0.00323,-0.08828,0.05302,0,1,-0.577,-0.247,running
27.923,1,591,-0.05373,-0.01462,0.1073,0.1179,0.02871,-0.10520,0.05035,0,1,-0.476,-0.387,running
27.967,1,592,-0.05351,-0.01391,0.0119,0.0390,0.05805,-0.09131,0.04986,0,1,-0.246,-0.361,running
28.010,1,593,-0.05466,-0.01346,-0.0630,0.0251,0.07271,-0.04733,0.05073,0,1,0.094,-0.081,running
28.057,1,594,-0.05688,-0.01418,-0.1222,-0.0395,0.06169,0.01316,0.05306,0,1,0.367,-0.031,running
28.099,1,595,-0.06034,-0.01665,-0.1905,-0.1360,0.03189,0.07409,0.05721,0,1,0.580,0.201,running
28.145,1,596,-0.06293,-0.01878,-0.1424,-0.1175,-0.01419,0.12604,0.06044,0,1,0.800,0.526,running
28.190,1,597,-0.06457,-0.02123,-0.0900,-0.1346,-0.04454,0.15555,0.06296,0,1,0.647,0.461,running
28.233,1,598,-0.06580,-0.02350,-0.0681,-0.1251,-0.06957,0.17045,0.06508,0,1,0.484,0.514,running
28.278,1,599,-0.06535,-0.02546,0.0249,-0.1074,-0.09556,0.17219,0.06559,0,1,0.422,0.486,running
28.320,1,600,-0.06360,-0.02626,0.0962,-0.0442,-0.09920,0.15045,0.06446,0,1,0.143,0.439,running
28.366,1,601,-0.06025,-0.02608,0.1847,0.0100,-0.09288,0.10221,0.06148,0,1,-0.083,0.254,running
28.408,1,602,-0.05677,-0.02547,0.1909,0.0334,-0.07626,0.04468,0.05822,0,1,-0.393,0.083,running
28.453,1,603,-0.05335,-0.02456,0.1883,0.0502,-0.04376,-0.01227,0.05485,0,1,-0.457,-0.002,running
28.496,1,604,-0.05135,-0.02330,0.1102,0.0695,-0.00388,-0.05766,0.05248,0,1,-0.494,-0.072,running
28.542,1,605,-0.05055,-0.02167,0.0438,0.0896,0.03615,-0.08280,0.05092,0,1,-0.250,-0.152,running
28.585,1,606,-0.05092,-0.02133,-0.0205,0.0184,0.05361,-0.08742,0.05106,0,1,-0.026,-0.235,running
28.630,1,607,-0.05325,-0.02126,-0.1280,0.0041,0.05701,-0.06648,0.05300,0,1,0.204,0.018,running
28.672,1,608,-0.05606,-0.02172,-0.1546,-0.0256,0.04771,-0.00993,0.05566,0,1,0.589,0.072,running
28.720,1,609,-0.05951,-0.02367,-0.1896,-0.1070,0.01809,0.05981,0.05962,0,1,0.680,0.177,running
28.807,1,610,-0.06646,-0.02743,-0.3821,-0.2069,-0.06061,0.15007,0.06751,0,1,0.790,0.447,running
28.849,1,611,-0.06820,-0.02930,-0.0962,-0.1025,-0.08157,0.16914,0.06996,0,1,0.800,0.729,running
28.894,1,612,-0.06890,-0.03036,-0.0385,-0.0585,-0.09247,0.16859,0.07110,0,1,0.511,0.428,running
28.936,1,613,-0.06793,-0.03048,0.0538,-0.0069,-0.10555,0.16217,0.07033,0,1,0.354,0.309,running
28.985,1,614,-0.06516,-0.02970,0.1521,0.0430,-0.10005,0.14741,0.06756,0,1,0.092,0.166,running
29.024,1,615,-0.06209,-0.02836,0.1691,0.0741,-0.05384,0.10860,0.06424,0,1,-0.218,0.014,running
29.071,1,616,-0.05806,-0.02643,0.2215,0.1057,-0.01398,0.04644,0.05982,0,1,-0.311,-0.097,running
29.111,1,617,-0.05483,-0.02481,0.1775,0.0893,0.00958,-0.00905,0.05622,0,1,-0.535,-0.226,running
29.159,1,618,-0.05192,-0.02385,0.1603,0.0529,0.04633,-0.05093,0.05326,0,1,-0.439,-0.197,running
29.199,1,619,-0.05081,-0.02303,0.0608,0.0452,0.07338,-0.08060,0.05189,0,1,-0.417,-0.089,running
29.246,1,620,-0.05096,-0.02336,-0.0080,-0.0182,0.05730,-0.09856,0.05219,0,1,-0.081,-0.069,running
29.289,1,621,-0.05181,-0.02468,-0.0471,-0.0727,0.02858,-0.08664,0.05365,0,1,0.162,0.155,running
29.335,1,622,-0.05478,-0.02627,-0.1635,-0.0877,-0.01193,-0.03137,0.05700,0,1,0.303,0.349,running
29.376,1,623,-0.05869,-0.02718,-0.2149,-0.0498,-0.04794,0.03968,0.06075,0,1,0.700,0.399,running
29.423,1,624,-0.06246,-0.02865,-0.2074,-0.0810,-0.07747,0.09260,0.06472,0,1,0.800,0.275,running
29.462,1,625,-0.06624,-0.02956,-0.2075,-0.0498,-0.10295,0.12425,0.06840,0,1,0.800,0.373,running
29.509,1,626,-0.06952,-0.02933,-0.1806,0.0123,-0.09407,0.14253,0.07112,0,1,0.800,0.282,running
29.600,1,627,-0.07086,-0.02683,-0.0737,0.1377,-0.06005,0.16776,0.07109,0,1,0.748,0.109,running
29.638,1,628,-0.07007,-0.02520,0.0435,0.0896,-0.04752,0.16422,0.06965,0,1,0.459,-0.246,running
29.690,1,629,-0.06747,-0.02327,0.1428,0.1065,-0.02912,0.15704,0.06646,0,1,0.126,-0.128,running
29.727,1,630,-0.06381,-0.02186,0.2015,0.0775,0.01372,0.14171,0.06255,0,1,-0.192,-0.201,running
29.773,1,631,-0.05916,-0.02054,0.2554,0.0723,0.03648,0.10029,0.05782,0,1,-0.421,-0.139,running
29.816,1,632,-0.05368,-0.02043,0.3014,0.0059,0.03428,0.03846,0.05295,0,1,-0.666,-0.148,running
29.861,1,633,-0.04850,-0.02045,0.2849,-0.0009,0.03110,-0.02450,0.04854,0,1,-0.800,0.063,running
29.903,1,634,-0.04513,-0.02065,0.1854,-0.0108,0.01351,-0.07567,0.04587,0,1,-0.800,0.081,running
29.948,1,635,-0.04231,-0.02114,0.1552,-0.0271,-0.02075,-0.10668,0.04390,1,1,-0.594,0.115,in_circle
29.990,1,636,-0.04196,-0.02218,0.0190,-0.0569,-0.05974,-0.12352,0.04428,1,1,-0.504,0.177,in_circle
30.037,1,637,-0.04307,-0.02152,-0.0607,0.0362,-0.08566,-0.10327,0.04473,1,1,0.020,0.295,in_circle
30.080,1,638,-0.04614,-0.02088,-0.1689,0.0349,-0.09437,-0.04733,0.04682,0,1,0.328,-0.063,running
30.124,1,639,-0.04989,-0.01848,-0.2062,0.1320,-0.09107,0.02087,0.04869,0,1,0.738,-0.054,running
30.168,1,640,-0.05464,-0.01537,-0.2614,0.1712,-0.07204,0.07541,0.05148,0,1,0.800,-0.410,running
30.212,1,641,-0.05879,-0.01195,-0.2282,0.1881,-0.02980,0.11508,0.05406,0,1,0.800,-0.540,running
30.256,1,642,-0.06202,-0.00830,-0.1779,0.2009,0.00504,0.14644,0.05608,0,1,0.800,-0.589,running
30.300,1,643,-0.06436,-0.00525,-0.1287,0.1678,0.03278,0.16731,0.05767,0,1,0.776,-0.627,running
30.344,1,644,-0.06480,-0.00343,-0.0238,0.0997,0.07037,0.17260,0.05777,0,1,0.615,-0.515,running
30.388,1,645,-0.06405,-0.00323,0.0408,0.0110,0.08945,0.16167,0.05701,0,1,0.271,-0.296,running
30.432,1,646,-0.06206,-0.00472,0.1096,-0.0817,0.06841,0.13721,0.05531,0,1,0.053,-0.006,running
30.479,1,647,-0.05882,-0.00761,0.1781,-0.1591,0.04111,0.09525,0.05281,0,1,-0.194,0.312,running
30.525,1,648,-0.05555,-0.01170,0.1802,-0.2245,-0.00054,0.03537,0.05092,0,1,-0.461,0.598,running
30.563,1,649,-0.05212,-0.01537,0.1884,-0.2023,-0.03100,-0.01719,0.04921,0,1,-0.497,0.800,running
30.608,1,650,-0.04981,-0.01914,0.1269,-0.2073,-0.05771,-0.06272,0.04896,0,1,-0.553,0.798,running
30.651,1,651,-0.04841,-0.02165,0.0771,-0.1381,-0.08973,-0.09875,0.04913,0,1,-0.338,0.800,running
30.700,1,652,-0.04910,-0.02402,-0.0380,-0.1301,-0.09731,-0.10538,0.05106,0,1,-0.160,0.584,running
30.740,1,653,-0.05176,-0.02466,-0.1461,-0.0351,-0.10224,-0.08325,0.05359,0,1,0.261,0.554,running
30.788,1,654,-0.05593,-0.02430,-0.2296,0.0195,-0.10343,-0.02493,0.05688,0,1,0.645,0.219,running
30.829,1,655,-0.06072,-0.02236,-0.2634,0.1068,-0.09289,0.04592,0.06004,0,1,0.800,0.036,running
30.876,1,656,-0.06595,-0.02007,-0.2877,0.1260,-0.06549,0.09823,0.06373,0,1,0.800,-0.242,running
30.915,1,657,-0.07039,-0.01728,-0.2437,0.1537,-0.02295,0.13234,0.06677,0,1,0.800,-0.288,running
30.962,1,658,-0.07319,-0.01427,-0.1540,0.1655,0.01112,0.15282,0.06846,0,1,0.800,-0.361,running
31.003,1,659,-0.07521,-0.01190,-0.1112,0.1303,0.04203,0.17037,0.06974,0,1,0.697,-0.394,running
31.050,1,660,-0.07575,-0.01062,-0.0296,0.0704,0.07049,0.17140,0.06995,0,1,0.581,-0.295,running
31.091,1,661,-0.07488,-0.01024,0.0474,0.0208,0.07380,0.15948,0.06902,0,1,0.354,-0.131,running
31.137,1,662,-0.07264,-0.01112,0.1234,-0.0484,0.04384,0.12592,0.06706,0,1,0.131,0.005,running
31.182,1,663,-0.06997,-0.01263,0.1472,-0.0833,0.00852,0.06646,0.06490,0,1,-0.110,0.207,running
31.229,1,664,-0.06764,-0.01479,0.1278,-0.1187,-0.02776,0.00758,0.06335,0,1,-0.209,0.320,running
31.270,1,665,-0.06474,-0.01635,0.1597,-0.0856,-0.05605,-0.03951,0.06117,0,1,-0.172,0.440,running
31.312,1,666,-0.06359,-0.01777,0.0631,-0.0785,-0.08358,-0.07220,0.06064,0,1,-0.301,0.349,running
31.355,1,667,-0.06361,-0.01776,-0.0009,0.0007,-0.09903,-0.08086,0.06065,0,1,-0.003,0.333,running
31.401,1,668,-0.06536,-0.01693,-0.0966,0.0460,-0.09680,-0.06305,0.06196,0,1,0.200,0.082,running
31.443,1,669,-0.06811,-0.01555,-0.1513,0.0756,-0.08470,-0.02754,0.06405,0,1,0.509,-0.061,running
31.490,1,670,-0.07140,-0.01315,-0.1811,0.1319,-0.05020,0.02719,0.06643,0,1,0.683,-0.150,running
31.531,1,671,-0.07539,-0.01077,-0.2190,0.1312,-0.01205,0.09421,0.06964,0,1,0.776,-0.315,running
31.620,1,672,-0.08104,-0.00717,-0.3111,0.1978,0.04695,0.17264,0.07442,0,1,0.800,-0.302,running
31.664,1,673,-0.08193,-0.00673,-0.0490,0.0242,0.05573,0.18371,0.07522,0,1,0.800,-0.463,running
31.708,1,674,-0.08123,-0.00764,0.0388,-0.0498,0.05331,0.17847,0.07468,0,1,0.443,-0.008,running
31.752,1,675,-0.07862,-0.00967,0.1435,-0.1118,0.05408,0.17088,0.07253,0,1,0.209,0.188,running
31.798,1,676,-0.07486,-0.01229,0.2069,-0.1441,0.02755,0.14768,0.06951,0,1,-0.095,0.366,running
31.840,1,677,-0.07007,-0.01613,0.2635,-0.2112,-0.01464,0.09568,0.06608,0,1,-0.317,0.479,running
31.885,1,678,-0.06529,-0.02027,0.2629,-0.2279,-0.04244,0.03856,0.06321,0,1,-0.542,0.708,running
31.928,1,679,-0.06032,-0.02406,0.2731,-0.2084,-0.07283,-0.01375,0.06052,0,1,-0.597,0.796,running
31.973,1,680,-0.05631,-0.02716,0.2209,-0.1703,-0.10659,-0.05889,0.05876,0,1,-0.683,0.769,running
32.016,1,681,-0.05326,-0.02819,0.1674,-0.0567,-0.09952,-0.08998,0.05689,0,1,-0.551,0.668,running
32.059,1,682,-0.05237,-0.02862,0.0494,-0.0234,-0.10355,-0.09975,0.05643,0,1,-0.405,0.303,running
32.105,1,683,-0.05300,-0.02764,-0.0351,0.0539,-0.09930,-0.08264,0.05634,0,1,-0.017,0.193,running
32.148,1,684,-0.05560,-0.02533,-0.1428,0.1267,-0.09095,-0.03766,0.05715,0,1,0.267,-0.069,running
32.194,1,685,-0.05888,-0.02235,-0.1803,0.1638,-0.05264,0.02848,0.05842,0,1,0.634,-0.315,running
32.239,1,686,-0.06264,-0.01901,-0.2070,0.1841,-0.01007,0.09007,0.06027,0,1,0.763,-0.437,running
32.280,1,687,-0.06575,-0.01538,-0.1711,0.1995,0.01941,0.12712,0.06177,0,1,0.800,-0.499,running
32.325,1,688,-0.06750,-0.01265,-0.0962,0.1503,0.04692,0.15001,0.06255,0,1,0.743,-0.548,running
32.367,1,689,-0.06810,-0.01065,-0.0329,0.1099,0.07584,0.16824,0.06256,0,1,0.515,-0.398,running
32.412,1,690,-0.06710,-0.00994,0.0551,0.0393,0.07863,0.17306,0.06140,0,1,0.321,-0.280,running
32.455,1,691,-0.06507,-0.01027,0.1113,-0.0186,0.05206,0.15794,0.05954,0,1,0.038,-0.067,running
32.500,1,692,-0.06163,-0.01204,0.1892,-0.0971,0.01309,0.10794,0.05678,0,1,-0.159,0.117,running
32.544,1,693,-0.05796,-0.01440,0.2023,-0.1300,-0.02302,0.04052,0.05415,0,1,-0.450,0.384,running
32.589,1,694,-0.05401,-0.01670,0.2170,-0.1263,-0.05091,-0.01714,0.05149,0,1,-0.534,0.512,running
32.632,1,695,-0.05073,-0.01748,0.1807,-0.0429,-0.08307,-0.05195,0.04893,0,1,-0.626,0.517,running
32.676,1,696,-0.04860,-0.01808,0.1167,-0.0327,-0.10463,-0.07346,0.04738,0,1,-0.532,0.225,running
32.722,1,697,-0.04899,-0.01740,-0.0214,0.0370,-0.09684,-0.08345,0.04738,0,1,-0.315,0.190,running
32.766,1,698,-0.05026,-0.01611,-0.0698,0.0708,-0.09085,-0.07863,0.04788,0,1,0.197,-0.070,running
32.807,1,699,-0.05346,-0.01380,-0.1758,0.1275,-0.06292,-0.04738,0.04977,0,1,0.380,-0.197,running
32.853,1,700,-0.05759,-0.01136,-0.2270,0.1339,-0.01906,0.01179,0.05273,0,1,0.771,-0.401,running
32.896,1,701,-0.06142,-0.00865,-0.2111,0.1495,0.01268,0.08047,0.05559,0,1,0.800,-0.413,running
32.940,1,702,-0.06511,-0.00652,-0.2026,0.1170,0.04236,0.13652,0.05866,0,1,0.800,-0.457,running
32.984,1,703,-0.06807,-0.00544,-0.1631,0.0590,0.06800,0.17161,0.06135,0,1,0.800,-0.338,running
33.030,1,704,-0.06917,-0.00613,-0.0605,-0.0380,0.06493,0.18677,0.06256,0,1,0.728,-0.145,running
33.074,1,705,-0.06925,-0.00749,-0.0041,-0.0747,0.04435,0.17882,0.06291,0,1,0.410,0.162,running
33.118,1,706,-0.06745,-0.00988,0.0987,-0.1311,0.00981,0.15786,0.06173,0,1,0.237,0.280,running
33.161,1,707,-0.06473,-0.01322,0.1496,-0.1836,-0.02737,0.12135,0.06009,0,1,-0.095,0.467,running
33.206,1,708,-0.06155,-0.01713,0.1752,-0.2151,-0.05600,0.07103,0.05851,0,1,-0.279,0.654,running
33.248,1,709,-0.05770,-0.01919,0.2117,-0.1135,-0.09043,0.00905,0.05590,0,1,-0.387,0.780,running
33.295,1,710,-0.05469,-0.02102,0.1656,-0.1008,-0.10351,-0.04666,0.05412,0,1,-0.548,0.465,running
33.337,1,711,-0.05288,-0.02153,0.0992,-0.0278,-0.10531,-0.08097,0.05282,0,1,-0.419,0.433,running
33.382,1,712,-0.05320,-0.02138,-0.0175,0.0083,-0.10103,-0.09652,0.05302,0,1,-0.204,0.183,running
33.424,1,713,-0.05413,-0.01966,-0.0512,0.0943,-0.08987,-0.09369,0.05296,0,1,0.204,0.057,running
33.473,1,714,-0.05698,-0.01796,-0.1566,0.0934,-0.06043,-0.05446,0.05471,0,1,0.324,-0.248,running
33.515,1,715,-0.06139,-0.01488,-0.2423,0.1696,-0.01680,0.00907,0.05751,0,1,0.693,-0.241,running
33.558,1,716,-0.06511,-0.01198,-0.2047,0.1594,0.01848,0.07683,0.06006,0,1,0.800,-0.489,running
33.647,1,717,-0.07280,-0.00946,-0.4232,0.1389,0.07384,0.15037,0.06681,0,1,0.800,-0.447,running
33.688,1,718,-0.07511,-0.00942,-0.1271,0.0023,0.08375,0.16204,0.06905,0,1,0.800,-0.347,running
33.735,1,719,-0.07583,-0.01078,-0.0398,-0.0750,0.06570,0.16132,0.07007,0,1,0.627,0.055,running
33.778,1,720,-0.07522,-0.01339,0.0338,-0.1434,0.04780,0.15749,0.07015,0,1,0.384,0.277,running
33.823,1,721,-0.07322,-0.01677,0.1101,-0.1859,0.00340,0.14582,0.06927,0,1,0.176,0.478,running
33.864,1,722,-0.07011,-0.02062,0.1711,-0.2116,-0.03553,0.10578,0.06775,0,1,-0.052,0.616,running
33.908,1,723,-0.06721,-0.02461,0.1595,-0.2198,-0.06056,0.04867,0.06683,0,1,-0.252,0.715,running
33.953,1,724,-0.06320,-0.02764,0.2202,-0.1665,-0.09280,-0.01765,0.06482,0,1,-0.239,0.761,running
33.998,1,725,-0.06086,-0.02947,0.1292,-0.1006,-0.10217,-0.07134,0.06382,0,1,-0.455,0.627,running
34.039,1,726,-0.05969,-0.03067,0.0639,-0.0663,-0.09881,-0.09217,0.06355,0,1,-0.198,0.438,running
34.088,1,727,-0.06099,-0.03039,-0.0715,0.0159,-0.09873,-0.08359,0.06445,0,1,-0.004,0.338,running
34.127,1,728,-0.06355,-0.02929,-0.1405,0.0601,-0.09112,-0.06478,0.06598,0,1,0.414,0.087,running
34.175,1,729,-0.06743,-0.02719,-0.2134,0.1157,-0.05865,-0.02009,0.06824,0,1,0.628,-0.044,running
34.215,1,730,-0.07150,-0.02456,-0.2238,0.1447,-0.01521,0.03795,0.07065,0,1,0.800,-0.202,running
34.260,1,731,-0.07607,-0.02204,-0.2515,0.1387,0.01592,0.09918,0.07380,0,1,0.800,-0.278,running
34.303,1,732,-0.07983,-0.02034,-0.2066,0.0936,0.04470,0.15059,0.07669,0,1,0.800,-0.250,running
34.347,1,733,-0.08269,-0.01955,-0.1574,0.0434,0.06537,0.17747,0.07913,0,1,0.800,-0.123,running
34.394,1,734,-0.08408,-0.01901,-0.0763,0.0294,0.04970,0.18278,0.08027,0,1,0.717,0.008,running
34.436,1,735,-0.08363,-0.01947,0.0244,-0.0251,0.01819,0.17152,0.07999,0,1,0.526,0.043,running
34.483,1,736,-0.08217,-0.02076,0.0805,-0.0710,-0.01620,0.14633,0.07904,0,1,0.283,0.175,running
34.526,1,737,-0.07975,-0.02153,0.1331,-0.0423,-0.04924,0.10204,0.07704,0,1,0.135,0.292,running
34.572,1,738,-0.07682,-0.02204,0.1609,-0.0282,-0.08286,0.04847,0.07450,0,1,-0.022,0.226,running
34.611,1,739,-0.07352,-0.02181,0.1816,0.0125,-0.10281,-0.00092,0.07136,0,1,-0.130,0.192,running
34.658,1,740,-0.07120,-0.02104,0.1278,0.0426,-0.08971,-0.04976,0.06892,0,1,-0.231,0.079,running
34.700,1,741,-0.07041,-0.01918,0.0433,0.1022,-0.06891,-0.08500,0.06748,0,1,-0.113,-0.015,running
34.744,1,742,-0.07067,-0.01709,-0.0142,0.1150,-0.03178,-0.08498,0.06697,0,1,0.117,-0.199,running
34.789,1,743,-0.07261,-0.01438,-0.1069,0.1489,0.00761,-0.05601,0.06794,0,1,0.283,-0.247,running
34.832,1,744,-0.07499,-0.01208,-0.1310,0.1264,0.03893,0.00211,0.06958,0,1,0.561,-0.350,running
34.878,1,745,-0.07856,-0.01126,-0.1962,0.0452,0.05622,0.06906,0.07284,0,1,0.636,-0.284,running
34.919,1,746,-0.08162,-0.01095,-0.1684,0.0170,0.06096,0.12197,0.07574,0,1,0.800,-0.050,running
34.966,1,747,-0.08435,-0.01186,-0.1498,-0.0498,0.04568,0.15759,0.07860,0,1,0.749,0.029,running
35.010,1,748,-0.08538,-0.01356,-0.0568,-0.0935,0.01202,0.18234,0.08001,0,1,0.707,0.201,running
35.052,1,749,-0.08533,-0.01579,0.0029,-0.1226,-0.02988,0.18211,0.08053,0,1,0.485,0.312,running
35.097,1,750,-0.08352,-0.01815,0.0995,-0.1301,-0.05696,0.16232,0.07948,0,1,0.344,0.390,running
35.142,1,751,-0.08038,-0.02004,0.1725,-0.1038,-0.08687,0.13684,0.07711,0,1,0.098,0.423,running
35.187,1,752,-0.07602,-0.02110,0.2398,-0.0582,-0.11069,0.08549,0.07340,0,1,-0.118,0.374,running
35.232,1,753,-0.07228,-0.02137,0.2056,-0.0151,-0.09966,0.02363,0.07005,0,1,-0.354,0.268,running
35.271,1,754,-0.06908,-0.02011,0.1763,0.0697,-0.08868,-0.02864,0.06661,0,1,-0.317,0.152,running
35.321,1,755,-0.06617,-0.01906,0.1600,0.0577,-0.06307,-0.06451,0.06352,0,1,-0.283,-0.105,running
35.359,1,756,-0.06503,-0.01678,0.0627,0.1253,-0.01417,-0.07975,0.06159,0,1,-0.275,-0.084,running
35.406,1,757,-0.06491,-0.01504,0.0066,0.0957,0.02390,-0.06915,0.06086,0,1,0.008,-0.311,running
35.447,1,758,-0.06565,-0.01367,-0.0410,0.0754,0.03671,-0.03100,0.06110,0,1,0.181,-0.228,running
35.493,1,759,-0.06787,-0.01285,-0.1220,0.0452,0.06914,0.04057,0.06296,0,1,0.335,-0.168,running
35.536,1,760,-0.06943,-0.01345,-0.0860,-0.0333,0.05872,0.10453,0.06463,0,1,0.595,-0.071,running
35.582,1,761,-0.07062,-0.01510,-0.0655,-0.0905,0.01356,0.14655,0.06627,0,1,0.489,0.173,running
35.669,1,762,-0.06998,-0.01899,0.0352,-0.2140,-0.04135,0.16493,0.06702,0,1,0.433,0.347,running
35.712,1,763,-0.06789,-0.02127,0.1149,-0.1256,-0.04952,0.15464,0.06599,0,1,0.137,0.721,running
35.755,1,764,-0.06444,-0.02314,0.1897,-0.1028,-0.06430,0.14096,0.06370,0,1,-0.112,0.476,running
35.798,1,765,-0.05985,-0.02394,0.2526,-0.0437,-0.11096,0.11263,0.06005,0,1,-0.370,0.421,running
35.845,1,766,-0.05467,-0.02475,0.2851,-0.0445,-0.09697,0.06087,0.05605,0,1,-0.625,0.245,running
35.887,1,767,-0.04999,-0.02378,0.2573,0.0530,-0.07527,-0.00258,0.05164,0,1,-0.800,0.251,running
35.934,1,768,-0.04605,-0.02182,0.2168,0.1079,-0.05861,-0.06277,0.04730,0,1,-0.779,-0.095,running
35.979,1,769,-0.04258,-0.01980,0.1910,0.1113,-0.01996,-0.09813,0.04330,1,1,-0.694,-0.321,in_circle
36.021,1,770,-0.04200,-0.01805,0.0319,0.0963,0.02123,-0.11556,0.04180,1,1,-0.646,-0.362,in_circle
36.065,1,771,-0.04249,-0.01660,-0.0273,0.0794,0.04965,-0.10371,0.04140,1,1,-0.037,-0.316,in_circle
36.110,1,772,-0.04496,-0.01583,-0.1360,0.0424,0.06287,-0.05775,0.04310,1,1,0.197,-0.255,in_circle
36.152,1,773,-0.04840,-0.01640,-0.1891,-0.0312,0.05432,0.00357,0.04637,0,1,0.626,-0.107,running
36.198,1,774,-0.05264,-0.01725,-0.2329,-0.0467,0.02557,0.05766,0.05051,0,1,0.800,0.180,running
36.239,1,775,-0.05695,-0.01949,-0.2371,-0.1235,-0.01185,0.10261,0.05537,0,1,0.800,0.237,running
36.284,1,776,-0.06002,-0.02145,-0.1691,-0.1075,-0.04598,0.13540,0.05900,0,1,0.800,0.501,running
36.327,1,777,-0.06256,-0.02351,-0.1398,-0.1134,-0.07374,0.15899,0.06221,0,1,0.728,0.443,running
36.373,1,778,-0.06362,-0.02469,-0.0583,-0.0650,-0.11150,0.17063,0.06371,0,1,0.633,0.459,running
36.417,1,779,-0.06318,-0.02478,0.0247,-0.0048,-0.10898,0.16307,0.06336,0,1,0.384,0.311,running
36.461,1,780,-0.06148,-0.02403,0.0933,0.0412,-0.09427,0.14304,0.06151,0,1,0.127,0.128,running
36.502,1,781,-0.05818,-0.02254,0.1814,0.0820,-0.08311,0.10621,0.05790,0,1,-0.101,-0.022,running
36.549,1,782,-0.05525,-0.02079,0.1613,0.0965,-0.03408,0.05362,0.05449,0,1,-0.425,-0.172,running
36.592,1,783,-0.05194,-0.01887,0.1818,0.1053,0.00551,-0.00422,0.05067,0,1,-0.399,-0.244,running
36.636,1,784,-0.04901,-0.01684,0.1615,0.1118,0.03347,-0.05659,0.04711,0,1,-0.516,-0.301,running
36.682,1,785,-0.04870,-0.01550,0.0167,0.0736,0.05923,-0.08922,0.04621,0,1,-0.482,-0.350,running
36.725,1,786,-0.04884,-0.01529,-0.0075,0.0115,0.06561,-0.09289,0.04623,0,1,0.052,-0.216,running
36.773,1,787,-0.05091,-0.01646,-0.1138,-0.0641,0.05464,-0.07269,0.04861,0,1,0.144,0.017,running
36.812,1,788,-0.05386,-0.01840,-0.1625,-0.1067,0.02925,-0.03193,0.05212,0,1,0.542,0.300,running
36.857,1,789,-0.05822,-0.02094,-0.2395,-0.1397,-0.01573,0.02353,0.05716,0,1,0.714,0.451,running
36.899,1,790,-0.06191,-0.02289,-0.2032,-0.1076,-0.04729,0.07216,0.06134,0,1,0.800,0.553,running
36.947,1,791,-0.06605,-0.02529,-0.2275,-0.1316,-0.07706,0.11466,0.06612,0,1,0.800,0.441,running
36.991,1,792,-0.06956,-0.02686,-0.1931,-0.0868,-0.11043,0.15447,0.06996,0,1,0.800,0.508,running
37.033,1,793,-0.07174,-0.02756,-0.1197,-0.0382,-0.10665,0.17519,0.07221,0,1,0.788,0.375,running
37.078,1,794,-0.07196,-0.02745,-0.0121,0.0057,-0.09884,0.16618,0.07235,0,1,0.587,0.241,running
37.120,1,795,-0.07138,-0.02652,0.0314,0.0512,-0.08622,0.16100,0.07142,0,1,0.297,0.122,running
37.167,1,796,-0.06867,-0.02504,0.1495,0.0815,-0.03640,0.15307,0.06833,0,1,0.173,-0.008,running
37.208,1,797,-0.06499,-0.02366,0.2024,0.0761,0.00237,0.11948,0.06442,0,1,-0.190,-0.112,running
37.251,1,798,-0.06126,-0.02294,0.2048,0.0392,0.02496,0.06232,0.06079,0,1,-0.399,-0.120,running
37.297,1,799,-0.05745,-0.02252,0.2096,0.0231,0.05074,-0.00828,0.05726,0,1,-0.460,-0.022,running
37.339,1,800,-0.05409,-0.02293,0.1848,-0.0224,0.04877,-0.06058,0.05459,0,1,-0.527,0.019,running
37.386,1,801,-0.05188,-0.02390,0.1214,-0.0532,0.01704,-0.09274,0.05327,0,1,-0.482,0.170,running
37.430,1,802,-0.05162,-0.02497,0.0147,-0.0591,-0.01703,-0.09973,0.05366,0,1,-0.282,0.279,running
37.473,1,803,-0.05286,-0.02570,-0.0685,-0.0400,-0.05010,-0.08235,0.05510,0,1,0.089,0.303,running
37.517,1,804,-0.05537,-0.02534,-0.1378,0.0200,-0.08605,-0.03832,0.05696,0,1,0.379,0.239,running
37.560,1,805,-0.05939,-0.02495,-0.2212,0.0212,-0.10193,0.01941,0.06016,0,1,0.617,0.039,running
37.603,1,806,-0.06348,-0.02366,-0.2251,0.0713,-0.09002,0.07080,0.06309,0,1,0.800,0.041,running
37.692,1,807,-0.07040,-0.01944,-0.3806,0.2321,-0.02201,0.15080,0.06757,0,1,0.800,-0.111,running
37.735,1,808,-0.07235,-0.01696,-0.1072,0.1361,-0.01947,0.17571,0.06851,0,1,0.800,-0.574,running
37.781,1,809,-0.07239,-0.01477,-0.0022,0.1208,-0.00509,0.17547,0.06785,0,1,0.560,-0.299,running
37.824,1,810,-0.07122,-0.01285,0.0642,0.1056,0.04862,0.16715,0.06616,0,1,0.258,-0.268,running
37.872,1,811,-0.06836,-0.01173,0.1573,0.0614,0.04153,0.15197,0.06311,0,1,0.052,-0.240,running
37.912,1,812,-0.06495,-0.01181,0.1878,-0.0043,0.01754,0.11762,0.05986,0,1,-0.262,-0.124,running
37.955,1,813,-0.06060,-0.01262,0.2394,-0.0446,0.01717,0.06208,0.05598,0,1,-0.402,0.076,running
38.001,1,814,-0.05595,-0.01355,0.2553,-0.0511,-0.02002,-0.00433,0.05197,0,1,-0.630,0.211,running
38.044,1,815,-0.05260,-0.01408,0.1846,-0.0288,-0.07111,-0.06060,0.04909,0,1,-0.750,0.241,running
38.091,1,816,-0.04973,-0.01431,0.1579,-0.0127,-0.09687,-0.09608,0.04659,0,1,-0.539,0.164,running
38.133,1,817,-0.04967,-0.01380,0.0033,0.0280,-0.09214,-0.11504,0.04631,0,1,-0.472,0.105,running
38.181,1,818,-0.05122,-0.01244,-0.0853,0.0745,-0.08230,-0.10558,0.04717,0,1,0.105,-0.049,running
38.222,1,819,-0.05463,-0.01063,-0.1875,0.1000,-0.05131,-0.05953,0.04969,0,1,0.441,-0.224,running
38.265,1,820,-0.05881,-0.00793,-0.2302,0.1483,-0.00813,0.00597,0.05288,0,1,0.800,-0.312,running
38.309,1,821,-0.06359,-0.00552,-0.2629,0.1324,0.01951,0.06683,0.05697,0,1,0.800,-0.473,running
38.356,1,822,-0.06828,-0.00383,-0.2581,0.0929,0.05297,0.11237,0.06128,0,1,0.800,-0.401,running
38.400,1,823,-0.07241,-0.00382,-0.2271,0.0008,0.08943,0.14626,0.06536,0,1,0.800,-0.257,running
38.440,1,824,-0.07495,-0.00502,-0.1396,-0.0662,0.07656,0.16933,0.06805,0,1,0.800,0.035,running
38.487,1,825,-0.07597,-0.00785,-0.0557,-0.1554,0.04300,0.17588,0.06956,0,1,0.664,0.234,running
38.529,1,826,-0.07571,-0.01105,0.0141,-0.1762,0.00837,0.16310,0.07002,0,1,0.428,0.493,running
38.573,1,827,-0.07425,-0.01530,0.0801,-0.2335,-0.02892,0.14353,0.06978,0,1,0.232,0.561,running
38.616,1,828,-0.07156,-0.01956,0.1482,-0.2348,-0.05963,0.10049,0.06869,0,1,0.040,0.741,running
38.659,1,829,-0.06818,-0.02278,0.1859,-0.1771,-0.09236,0.04616,0.06689,0,1,-0.172,0.770,running
38.704,1,830,-0.06506,-0.02564,0.1716,-0.1571,-0.11156,-0.01768,0.06542,0,1,-0.311,0.628,running
38.748,1,831,-0.06309,-0.02682,0.1083,-0.0649,-0.10556,-0.06747,0.06430,0,1,-0.296,0.588,running
38.791,1,832,-0.06251,-0.02708,0.0321,-0.0143,-0.09775,-0.09701,0.06393,0,1,-0.122,0.319,running
38.837,1,833,-0.06310,-0.02623,-0.0324,0.0468,-0.09446,-0.09718,0.06400,0,1,0.104,0.166,running
38.884,1,834,-0.06581,-0.02456,-0.1495,0.0920,-0.06530,-0.06055,0.06557,0,1,0.303,-0.023,running
38.923,1,835,-0.06961,-0.02234,-0.2087,0.1219,-0.01642,0.00082,0.06799,0,1,0.664,-0.158,running
38.971,1,836,-0.07339,-0.02014,-0.2081,0.1209,0.01036,0.06409,0.07061,0,1,0.800,-0.241,running
39.011,1,837,-0.07780,-0.01866,-0.2424,0.0813,0.03940,0.10964,0.07422,0,1,0.800,-0.230,running
39.056,1,838,-0.08115,-0.01766,-0.1841,0.0552,0.06288,0.14366,0.07707,0,1,0.800,-0.110,running
39.099,1,839,-0.08350,-0.01777,-0.1294,-0.0063,0.04744,0.16962,0.07934,0,1,0.783,-0.036,running
39.143,1,840,-0.08421,-0.01845,-0.0389,-0.0373,0.01643,0.17761,0.08022,0,1,0.652,0.121,running
39.188,1,841,-0.08358,-0.01998,0.0344,-0.0839,-0.01677,0.16517,0.08011,0,1,0.438,0.199,running
39.233,1,842,-0.08171,-0.02150,0.1026,-0.0839,-0.04927,0.14085,0.07887,0,1,0.259,0.318,running
39.280,1,843,-0.07837,-0.02320,0.1837,-0.0931,-0.08548,0.09709,0.07638,0,1,0.078,0.327,running
39.321,1,844,-0.07504,-0.02324,0.1836,-0.0025,-0.10834,0.04044,0.07332,0,1,-0.163,0.363,running
39.367,1,845,-0.07224,-0.02279,0.1541,0.0250,-0.09886,-0.01312,0.07057,0,1,-0.210,0.128,running
39.407,1,846,-0.07017,-0.02123,0.1136,0.0857,-0.09178,-0.06145,0.06805,0,1,-0.168,0.047,running
39.453,1,847,-0.06929,-0.01866,0.0485,0.1411,-0.06643,-0.09172,0.06625,0,1,-0.084,-0.140,running
39.497,1,848,-0.06978,-0.01546,-0.0271,0.1760,-0.01850,-0.08035,0.06559,0,1,0.091,-0.322,running
39.541,1,849,-0.07119,-0.01326,-0.0775,0.1213,0.01739,-0.03010,0.06625,0,1,0.315,-0.443,running
39.585,1,850,-0.07456,-0.01103,-0.1852,0.1223,0.04064,0.04186,0.06890,0,1,0.470,-0.285,running
39.631,1,851,-0.07783,-0.00960,-0.1802,0.0791,0.07260,0.09982,0.07175,0,1,0.790,-0.281,running
39.717,1,852,-0.08229,-0.00994,-0.2454,-0.0190,0.02772,0.15540,0.07618,0,1,0.778,-0.152,running
39.760,1,853,-0.08255,-0.01172,-0.0143,-0.0978,0.02948,0.16656,0.07683,0,1,0.800,0.117,running
39.805,1,854,-0.08112,-0.01400,0.0788,-0.1254,0.01254,0.16812,0.07600,0,1,0.361,0.324,running
39.847,1,855,-0.07854,-0.01651,0.1418,-0.1382,-0.04678,0.15857,0.07424,0,1,0.114,0.407,running
39.894,1,856,-0.07446,-0.01895,0.2248,-0.1340,-0.08207,0.13806,0.07117,0,1,-0.075,0.458,running
39.937,1,857,-0.06967,-0.02084,0.2632,-0.1040,-0.09670,0.09539,0.06744,0,1,-0.348,0.470,running
39.984,1,858,-0.06434,-0.02150,0.2932,-0.0364,-0.11074,0.03218,0.06287,0,1,-0.524,0.406,running
40.027,1,859,-0.05910,-0.02119,0.2879,0.0169,-0.09329,-0.01894,0.05807,0,1,-0.699,0.213,running
40.071,1,860,-0.05568,-0.02063,0.1882,0.0310,-0.07951,-0.05709,0.05479,0,1,-0.769,0.037,running
40.113,1,861,-0.05338,-0.01840,0.1266,0.1229,-0.04535,-0.07946,0.05170,0,1,-0.486,-0.020,running
40.157,1,862,-0.05244,-0.01597,0.0520,0.1334,-0.00231,-0.10095,0.04975,0,1,-0.307,-0.359,running
40.201,1,863,-0.05297,-0.01362,-0.0295,0.1292,0.03470,-0.10283,0.04925,0,1,-0.055,-0.416,running
40.244,1,864,-0.05521,-0.01340,-0.1229,0.0123,0.06073,-0.06351,0.05122,0,1,0.241,-0.411,running
40.289,1,865,-0.05878,-0.01254,-0.1964,0.0471,0.07791,0.01459,0.05425,0,1,0.582,0.016,running
40.335,1,866,-0.06220,-0.01321,-0.1884,-0.0370,0.06279,0.08874,0.05770,0,1,0.800,-0.102,running
40.378,1,867,-0.06554,-0.01554,-0.1835,-0.1281,0.03445,0.13353,0.06163,0,1,0.800,0.187,running
40.420,1,868,-0.06781,-0.01790,-0.1246,-0.1297,-0.00468,0.14639,0.06459,0,1,0.782,0.479,running
40.466,1,869,-0.06948,-0.02074,-0.0922,-0.1562,-0.03815,0.15292,0.06723,0,1,0.600,0.480,running
40.508,1,870,-0.06936,-0.02381,0.0068,-0.1691,-0.06940,0.15282,0.06840,0,1,0.507,0.558,running
40.554,1,871,-0.06867,-0.02598,0.0379,-0.1190,-0.09833,0.14211,0.06876,0,1,0.222,0.601,running
40.599,1,872,-0.06629,-0.02728,0.1309,-0.0717,-0.11584,0.10916,0.06730,0,1,0.132,0.465,running
40.642,1,873,-0.06397,-0.02753,0.1275,-0.0136,-0.11455,0.04966,0.06542,0,1,-0.155,0.337,running
40.685,1,874,-0.06157,-0.02679,0.1323,0.0405,-0.09283,-0.01237,0.06298,0,1,-0.169,0.167,running
40.731,1,875,-0.06068,-0.02524,0.0488,0.0853,-0.06392,-0.06239,0.06142,0,1,-0.212,-0.005,running
40.773,1,876,-0.06056,-0.02306,0.0068,0.1200,-0.02011,-0.08187,0.06023,0,1,0.035,-0.156,running
40.818,1,877,-0.06163,-0.02111,-0.0592,0.1076,0.01408,-0.07235,0.06027,0,1,0.163,-0.281,running
40.862,1,878,-0.06416,-0.01941,-0.1389,0.0933,0.03703,-0.03394,0.06182,0,1,0.378,-0.248,running
40.908,1,879,-0.06785,-0.01872,-0.2031,0.0381,0.06858,0.02051,0.06494,0,1,0.637,-0.201,running
40.947,1,880,-0.07120,-0.01849,-0.1840,0.0123,0.05666,0.07162,0.06796,0,1,0.800,-0.022,running
40.995,1,881,-0.07485,-0.01944,-0.2008,-0.0518,0.02997,0.12387,0.07171,0,1,0.777,0.060,running
41.037,1,882,-0.07787,-0.02100,-0.1664,-0.0858,0.00006,0.16394,0.07509,0,1,0.800,0.245,running
41.084,1,883,-0.07977,-0.02296,-0.1046,-0.1078,-0.04285,0.18300,0.07758,0,1,0.730,0.338,running
41.126,1,884,-0.07930,-0.02490,0.0260,-0.1070,-0.07460,0.17016,0.07789,0,1,0.576,0.396,running
41.168,1,885,-0.07773,-0.02614,0.0865,-0.0683,-0.10038,0.15062,0.07696,0,1,0.250,0.402,running
41.214,1,886,-0.07517,-0.02627,0.1407,-0.0072,-0.11299,0.12622,0.07470,0,1,0.086,0.312,running
41.255,1,887,-0.07146,-0.02533,0.2038,0.0521,-0.09973,0.08754,0.07095,0,1,-0.082,0.155,running
41.301,1,888,-0.06776,-0.02314,0.2038,0.1205,-0.07206,0.03500,0.06666,0,1,-0.305,-0.017,running
41.345,1,889,-0.06463,-0.02112,0.1719,0.1107,-0.03396,-0.02254,0.06297,0,1,-0.368,-0.242,running
41.391,1,890,-0.06217,-0.01903,0.1355,0.1152,0.00390,-0.07540,0.05986,0,1,-0.322,-0.242,running
41.432,1,891,-0.06149,-0.01706,0.0373,0.1083,0.03560,-0.10376,0.05844,0,1,-0.244,-0.282,running
41.477,1,892,-0.06225,-0.01539,-0.0418,0.0920,0.05340,-0.09559,0.05850,0,1,0.062,-0.274,running
41.523,1,893,-0.06517,-0.01541,-0.1602,-0.0014,0.04979,-0.04696,0.06123,0,1,0.323,-0.227,running
41.566,1,894,-0.06802,-0.01581,-0.1573,-0.0220,0.03777,0.01583,0.06405,0,1,0.709,0.081,running
41.608,1,895,-0.07176,-0.01671,-0.2056,-0.0491,0.00765,0.07758,0.06787,0,1,0.701,0.148,running
41.653,1,896,-0.07592,-0.01814,-0.2285,-0.0789,-0.03118,0.11309,0.07227,0,1,0.800,0.230,running
41.740,1,897,-0.08001,-0.02118,-0.2252,-0.1668,-0.09628,0.16557,0.07716,0,1,0.800,0.313,running
41.785,1,898,-0.08028,-0.02146,-0.0148,-0.0158,-0.09911,0.17431,0.07751,0,1,0.800,0.538,running
41.829,1,899,-0.07924,-0.02109,0.0575,0.0203,-0.10287,0.16639,0.07640,0,1,0.354,0.160,running
41.873,1,900,-0.07685,-0.01947,0.1315,0.0893,-0.10987,0.15526,0.07360,0,1,0.162,0.065,running
41.917,1,901,-0.07269,-0.01745,0.2289,0.1110,-0.08636,0.13897,0.06899,0,1,-0.061,-0.131,running
41.959,1,902,-0.06814,-0.01482,0.2500,0.1450,-0.04354,0.10278,0.06383,0,1,-0.394,-0.222,running
42.003,1,903,-0.06314,-0.01144,0.2749,0.1854,-0.01270,0.04633,0.05803,0,1,-0.539,-0.365,running
42.048,1,904,-0.05836,-0.00884,0.2628,0.1433,0.01826,-0.01616,0.05269,0,1,-0.713,-0.549,running
42.093,1,905,-0.05451,-0.00666,0.2118,0.1200,0.06190,-0.06906,0.04840,0,1,-0.759,-0.454,running
42.138,1,906,-0.05167,-0.00598,0.1560,0.0375,0.09354,-0.10121,0.04548,1,1,-0.640,-0.403,in_circle
42.180,1,907,-0.05087,-0.00635,0.0440,-0.0204,0.07917,-0.11979,0.04481,1,1,-0.468,-0.109,in_circle
42.226,1,908,-0.05156,-0.00871,-0.0378,-0.1301,0.04919,-0.10810,0.04617,0,1,-0.050,0.112,running
42.270,1,909,-0.05399,-0.01089,-0.1337,-0.1196,0.01664,-0.05809,0.04918,0,1,0.265,0.530,running
42.313,1,910,-0.05737,-0.01353,-0.1856,-0.1452,-0.02436,0.00343,0.05327,0,1,0.623,0.484,running
42.355,1,911,-0.06135,-0.01653,-0.2192,-0.1651,-0.05627,0.05760,0.05810,0,1,0.800,0.565,running
42.401,1,912,-0.06580,-0.01922,-0.2449,-0.1479,-0.08664,0.10181,0.06325,0,1,0.800,0.617,running
42.443,1,913,-0.06959,-0.02080,-0.2080,-0.0871,-0.11713,0.13534,0.06735,0,1,0.800,0.546,running
42.488,1,914,-0.07159,-0.02161,-0.1101,-0.0443,-0.11266,0.15693,0.06951,0,1,0.800,0.357,running
42.536,1,915,-0.07279,-0.02151,-0.0661,0.0050,-0.11193,0.16412,0.07057,0,1,0.564,0.235,running
42.578,1,916,-0.07249,-0.02040,0.0165,0.0614,-0.09009,0.16159,0.06987,0,1,0.445,0.097,running
42.619,1,917,-0.07131,-0.01819,0.0649,0.1213,-0.03899,0.14928,0.06796,0,1,0.212,-0.067,running
42.665,1,918,-0.06800,-0.01529,0.1823,0.1596,-0.00937,0.11546,0.06385,0,1,0.061,-0.255,running
42.707,1,919,-0.06527,-0.01338,0.1502,0.1051,0.01965,0.06454,0.06065,0,1,-0.333,-0.408,running
42.753,1,920,-0.06173,-0.01218,0.1945,0.0658,0.05960,-0.00101,0.05691,0,1,-0.274,-0.265,running
42.800,1,921,-0.05992,-0.01255,0.0994,-0.0204,0.08557,-0.05414,0.05533,0,1,-0.466,-0.158,running
42.841,1,922,-0.05825,-0.01388,0.0921,-0.0729,0.06304,-0.08356,0.05422,0,1,-0.166,0.130,running
42.888,1,923,-0.05779,-0.01537,0.0252,-0.0820,0.02982,-0.08579,0.05437,0,1,-0.154,0.314,running
42.929,1,924,-0.05913,-0.01789,-0.0735,-0.1385,-0.00741,-0.07091,0.05661,0,1,0.075,0.350,running
42.974,1,925,-0.06181,-0.02047,-0.1478,-0.1419,-0.03857,-0.02929,0.06015,0,1,0.416,0.542,running
43.017,1,926,-0.06517,-0.02266,-0.1843,-0.1207,-0.07523,0.03538,0.06413,0,1,0.661,0.546,running
43.059,1,927,-0.06887,-0.02425,-0.2039,-0.0871,-0.10822,0.09150,0.06815,0,1,0.772,0.473,running
43.103,1,928,-0.07205,-0.02457,-0.1748,-0.0176,-0.11310,0.13710,0.07115,0,1,0.800,0.368,running
43.149,1,929,-0.07470,-0.02405,-0.1457,0.0284,-0.10141,0.17052,0.07334,0,1,0.742,0.173,running
43.192,1,930,-0.07567,-0.02296,-0.0533,0.0599,-0.08228,0.17247,0.07379,0,1,0.667,0.049,running
43.236,1,931,-0.07491,-0.02138,0.0419,0.0870,-0.03920,0.16671,0.07248,0,1,0.425,-0.037,running
43.284,1,932,-0.07306,-0.01947,0.1016,0.1049,-0.00333,0.15789,0.07006,0,1,0.164,-0.122,running
43.325,1,933,-0.06998,-0.01800,0.1692,0.0810,0.02721,0.12787,0.06665,0,1,-0.023,-0.191,running
43.370,1,934,-0.06598,-0.01735,0.2200,0.0357,0.05224,0.07504,0.06269,0,1,-0.258,-0.146,running
43.413,1,935,-0.06176,-0.01785,0.2322,-0.0274,0.05502,0.01584,0.05900,0,1,-0.469,-0.025,running
43.457,1,936,-0.05817,-0.01888,0.1976,-0.0569,0.03871,-0.03839,0.05618,0,1,-0.566,0.171,running
43.500,1,937,-0.05619,-0.02116,0.1085,-0.1249,0.00416,-0.08215,0.05549,0,1,-0.496,0.273,running
43.544,1,938,-0.05565,-0.02243,0.0300,-0.0704,-0.03268,-0.11084,0.05566,0,1,-0.208,0.511,running
43.592,1,939,-0.05598,-0.02484,-0.0180,-0.1325,-0.06737,-0.11295,0.05720,0,1,0.056,0.331,running
43.634,1,940,-0.05827,-0.02531,-0.1262,-0.0255,-0.09618,-0.07069,0.05939,0,1,0.222,0.543,running
43.681,1,941,-0.06228,-0.02572,-0.2204,-0.0229,-0.09538,-0.00447,0.06304,0,1,0.582,0.191,running
43.767,1,942,-0.07190,-0.02346,-0.5293,0.1243,-0.08896,0.10078,0.07055,0,1,0.800,0.186,running
43.808,1,943,-0.07581,-0.02132,-0.2149,0.1180,-0.06776,0.11838,0.07329,0,1,0.800,-0.227,running
43.855,1,944,-0.07945,-0.01891,-0.2004,0.1326,-0.05455,0.11764,0.07586,0,1,0.800,-0.201,running
43.895,1,945,-0.08170,-0.01621,-0.1237,0.1484,-0.01001,0.12708,0.07717,0,1,0.800,-0.233,running
43.942,1,946,-0.08308,-0.01383,-0.0761,0.1308,0.03483,0.14126,0.07785,0,1,0.633,-0.276,running
43.985,1,947,-0.08303,-0.01223,0.0028,0.0878,0.05559,0.13737,0.07741,0,1,0.520,-0.238,running
44.033,1,948,-0.08234,-0.01152,0.0381,0.0393,0.06746,0.12979,0.07657,0,1,0.322,-0.140,running
44.073,1,949,-0.08074,-0.01161,0.0879,-0.0051,0.04635,0.11249,0.07504,0,1,0.226,-0.024,running
44.120,1,950,-0.07861,-0.01320,0.1172,-0.0874,0.01189,0.07528,0.07337,0,1,0.082,0.088,running
44.160,1,951,-0.07652,-0.01498,0.1151,-0.0981,-0.01823,0.02124,0.07185,0,1,-0.017,0.313,running
44.206,1,952,-0.07483,-0.01667,0.0929,-0.0928,-0.05230,-0.03832,0.07076,0,1,-0.033,0.353,running
44.248,1,953,-0.07415,-0.01829,0.0374,-0.0891,-0.08709,-0.08703,0.07066,0,1,0.013,0.348,running
44.296,1,954,-0.07526,-0.01887,-0.0610,-0.0319,-0.09809,-0.09662,0.07190,0,1,0.164,0.345,running
44.338,1,955,-0.07741,-0.01890,-0.1181,-0.0018,-0.09743,-0.06007,0.07393,0,1,0.442,0.189,running
44.383,1,956,-0.08085,-0.01816,-0.1895,0.0410,-0.08781,0.00559,0.07694,0,1,0.604,0.109,running
44.424,1,957,-0.08516,-0.01652,-0.2370,0.0901,-0.05736,0.07079,0.08057,0,1,0.796,0.002,running
44.474,1,958,-0.08889,-0.01460,-0.2050,0.1053,-0.01063,0.11334,0.08366,0,1,0.800,-0.112,running
44.513,1,959,-0.09180,-0.01324,-0.1602,0.0749,0.02027,0.14575,0.08618,0,1,0.800,-0.141,running
44.558,1,960,-0.09394,-0.01233,-0.1176,0.0504,0.04901,0.16969,0.08807,0,1,0.749,-0.069,running
44.601,1,961,-0.09479,-0.01210,-0.0468,0.0124,0.05445,0.17775,0.08885,0,1,0.667,-0.015,running
44.646,1,962,-0.09404,-0.01235,0.0414,-0.0135,0.02719,0.16757,0.08817,0,1,0.526,0.064,running
44.688,1,963,-0.09184,-0.01386,0.1209,-0.0832,-0.00360,0.13827,0.08635,0,1,0.337,0.118,running
44.738,1,964,-0.08905,-0.01483,0.1536,-0.0534,-0.04003,0.09376,0.08387,0,1,0.145,0.274,running
44.780,1,965,-0.08538,-0.01573,0.2017,-0.0495,-0.07481,0.03619,0.08056,0,1,0.037,0.218,running
44.826,1,966,-0.08216,-0.01635,0.1772,-0.0341,-0.10304,-0.01613,0.07764,0,1,-0.128,0.216,running
44.865,1,967,-0.07964,-0.01592,0.1384,0.0237,-0.09565,-0.05219,0.07511,0,1,-0.116,0.183,running
44.909,1,968,-0.07885,-0.01456,0.0434,0.0749,-0.07701,-0.07142,0.07396,0,1,-0.054,0.032,running
44.953,1,969,-0.07896,-0.01281,-0.0060,0.0961,-0.05669,-0.07040,0.07360,0,1,0.184,-0.111,running
44.996,1,970,-0.08005,-0.01041,-0.0598,0.1321,-0.00804,-0.03763,0.07409,0,1,0.313,-0.177,running
45.043,1,971,-0.08235,-0.00844,-0.1268,0.1086,0.02910,0.02866,0.07594,0,1,0.461,-0.279,running
45.086,1,972,-0.08456,-0.00789,-0.1215,0.0301,0.05333,0.10103,0.07801,0,1,0.645,-0.216,running
45.132,1,973,-0.08672,-0.00793,-0.1190,-0.0026,0.07243,0.14776,0.08014,0,1,0.639,-0.014,running
45.173,1,974,-0.08788,-0.00941,-0.0634,-0.0811,0.05061,0.17252,0.08155,0,1,0.641,0.069,running
45.220,1,975,-0.08716,-0.01164,0.0395,-0.1229,0.01452,0.17619,0.08130,0,1,0.515,0.260,running
45.261,1,976,-0.08539,-0.01447,0.0973,-0.1551,-0.01643,0.16367,0.08024,0,1,0.269,0.369,running
45.308,1,977,-0.08261,-0.01768,0.1526,-0.1766,-0.04983,0.14033,0.07847,0,1,0.118,0.463,running
45.348,1,978,-0.07864,-0.02023,0.2184,-0.1406,-0.08395,0.09901,0.07554,0,1,-0.045,0.539,running
45.395,1,979,-0.07391,-0.02253,0.2601,-0.1263,-0.11515,0.02978,0.07201,0,1,-0.260,0.475,running
45.439,1,980,-0.06951,-0.02341,0.2420,-0.0483,-0.10574,-0.02947,0.06836,0,1,-0.436,0.461,running
45.485,1,981,-0.06716,-0.02266,0.1295,0.0414,-0.09877,-0.07166,0.06591,0,1,-0.452,0.254,running
45.530,1,982,-0.06507,-0.02045,0.1150,0.1211,-0.08948,-0.09081,0.06308,0,1,-0.159,-0.014,running
45.573,1,983,-0.06544,-0.01822,-0.0206,0.1228,-0.05400,-0.09211,0.06252,0,1,-0.145,-0.276,running
45.612,1,984,-0.06689,-0.01505,-0.0795,0.1742,-0.00563,-0.06669,0.06273,0,1,0.273,-0.293,running
45.657,1,985,-0.06964,-0.01243,-0.1512,0.1440,0.01718,-0.01393,0.06452,0,1,0.461,-0.462,running
45.701,1,986,-0.07311,-0.01037,-0.1909,0.1136,0.04934,0.04486,0.06733,0,1,0.687,-0.366,running
45.794,1,987,-0.07948,-0.00894,-0.3507,0.0785,0.07245,0.14862,0.07322,0,1,0.800,-0.267,running
45.832,1,988,-0.08110,-0.01067,-0.0887,-0.0948,0.06677,0.16784,0.07517,0,1,0.800,-0.148,running
45.879,1,989,-0.08140,-0.01307,-0.0165,-0.1321,0.05711,0.16403,0.07603,0,1,0.542,0.317,running
45.922,1,990,-0.08024,-0.01668,0.0636,-0.1989,-0.00055,0.16220,0.07591,0,1,0.359,0.420,running
45.967,1,991,-0.07788,-0.02066,0.1297,-0.2188,-0.04612,0.15463,0.07498,0,1,0.148,0.607,running
46.052,1,992,-0.07028,-0.02721,0.4179,-0.3602,-0.08863,0.05966,0.07076,0,1,-0.039,0.682,running
46.097,1,993,-0.06583,-0.02942,0.2448,-0.1218,-0.10751,0.00013,0.06799,0,1,-0.800,0.800,running
46.142,1,994,-0.06209,-0.03043,0.2058,-0.0552,-0.10649,-0.03298,0.06538,0,1,-0.479,0.489,running
46.189,1,995,-0.05955,-0.03070,0.1394,-0.0149,-0.10148,-0.03584,0.06345,0,1,-0.410,0.302,running
46.230,1,996,-0.05756,-0.02929,0.1099,0.0775,-0.09710,-0.03864,0.06100,0,1,-0.237,0.180,running
46.278,1,997,-0.05716,-0.02775,0.0215,0.0847,-0.07391,-0.03723,0.05980,0,1,-0.171,-0.120,running
46.317,1,998,-0.05795,-0.02514,-0.0432,0.1435,-0.02629,-0.00995,0.05903,0,1,0.103,-0.154,running
46.361,1,999,-0.05804,-0.02285,-0.0049,0.1261,0.00559,0.04329,0.05793,0,1,0.313,-0.357,running
46.404,1,1000,-0.05911,-0.02080,-0.0588,0.1125,0.03046,0.10120,0.05789,0,1,0.187,-0.316,running
46.448,1,1001,-0.05936,-0.01919,-0.0141,0.0884,0.07334,0.15538,0.05739,0,1,0.367,-0.279,running
46.496,1,1002,-0.05866,-0.01929,0.0386,-0.0054,0.07545,0.18282,0.05680,0,1,0.220,-0.207,running
46.540,1,1003,-0.05623,-0.01990,0.1338,-0.0337,0.04278,0.16976,0.05492,0,1,0.041,0.103,running
46.586,1,1004,-0.05236,-0.02195,0.2129,-0.1124,0.01780,0.13934,0.05260,0,1,-0.298,0.199,running
46.627,1,1005,-0.04724,-0.02390,0.2814,-0.1073,-0.01739,0.10376,0.04949,0,1,-0.605,0.481,running
46.674,1,1006,-0.04222,-0.02651,0.2763,-0.1436,-0.05164,0.04582,0.04734,0,1,-0.800,0.477,running
46.756,1,1007,-0.03220,-0.02849,0.5511,-0.1088,-0.10585,-0.06423,0.04224,1,1,-0.800,0.625,in_circle
46.799,1,1008,-0.02940,-0.02792,0.1539,0.0311,-0.09833,-0.09302,0.04021,1,1,-0.800,0.516,in_circle
46.843,1,1009,-0.02850,-0.02619,0.0493,0.0955,-0.09803,-0.10604,0.03827,1,1,-0.560,-0.039,in_circle
46.890,1,1010,-0.02804,-0.02458,0.0255,0.0886,-0.09388,-0.09883,0.03667,1,1,-0.146,-0.302,in_circle
46.933,1,1011,-0.03127,-0.02117,-0.1780,0.1873,-0.06969,-0.06256,0.03591,1,1,-0.051,-0.278,in_circle
46.976,1,1012,-0.03429,-0.01763,-0.1658,0.1947,-0.02508,-0.00063,0.03550,1,1,0.771,-0.681,in_circle
47.022,1,1013,-0.03880,-0.01347,-0.2480,0.2291,0.00549,0.05929,0.03660,1,1,0.729,-0.720,in_circle
47.065,1,1014,-0.04197,-0.01010,-0.1745,0.1853,0.03132,0.10193,0.03777,1,1,0.800,-0.800,in_circle
47.110,1,1015,-0.04577,-0.00757,-0.2093,0.1390,0.07295,0.13432,0.04033,1,1,0.783,-0.701,in_circle
47.153,1,1016,-0.04765,-0.00660,-0.1030,0.0530,0.10030,0.15695,0.04179,1,1,0.800,-0.520,in_circle
47.199,1,1017,-0.04816,-0.00686,-0.0281,-0.0142,0.09437,0.17579,0.04236,1,1,0.508,-0.176,in_circle
47.243,1,1018,-0.04748,-0.00874,0.0376,-0.1035,0.06450,0.17735,0.04233,1,1,0.216,0.089,in_circle
47.286,1,1019,-0.04423,-0.01177,0.1784,-0.1664,0.02857,0.15978,0.04053,1,1,-0.043,0.443,in_circle
47.330,1,1020,-0.04057,-0.01576,0.2014,-0.2195,-0.00636,0.12326,0.03934,1,1,-0.618,0.707,in_circle
47.374,1,1021,-0.03537,-0.01834,0.2859,-0.1419,-0.03688,0.05727,0.03678,1,1,-0.723,0.800,in_circle
47.416,1,1022,-0.03051,-0.02281,0.2674,-0.2460,-0.07266,-0.00774,0.03669,1,1,-0.800,0.628,in_circle
47.461,1,1023,-0.02585,-0.02472,0.2564,-0.1051,-0.10353,-0.05598,0.03563,1,1,-0.800,0.800,in_circle
47.504,1,1024,-0.02359,-0.02628,0.1245,-0.0854,-0.09537,-0.09273,0.03593,1,1,-0.800,0.497,in_circle
47.547,1,1025,-0.02241,-0.02617,0.0646,0.0061,-0.09759,-0.11377,0.03533,1,1,-0.458,0.422,in_circle
47.592,1,1026,-0.02373,-0.02544,-0.0725,0.0402,-0.09385,-0.10961,0.03524,1,1,-0.222,0.056,in_circle
47.640,1,1027,-0.02533,-0.02428,-0.0878,0.0634,-0.07704,-0.08381,0.03499,1,1,0.330,-0.082,in_circle
47.680,1,1028,-0.02939,-0.02245,-0.2234,0.1008,-0.03232,-0.02080,0.03571,1,1,0.395,-0.178,in_circle
47.729,1,1029,-0.03481,-0.01964,-0.2981,0.1545,0.00294,0.05094,0.03724,1,1,0.800,-0.332,in_circle
47.814,1,1030,-0.04349,-0.01525,-0.4773,0.2413,0.06294,0.13275,0.04154,1,1,0.800,-0.554,in_circle
47.857,1,1031,-0.04616,-0.01437,-0.1469,0.0485,0.07023,0.14323,0.04343,1,1,0.800,-0.800,in_circle
47.903,1,1032,-0.04785,-0.01498,-0.0931,-0.0335,0.08029,0.14318,0.04521,1,1,0.670,-0.133,in_circle
47.946,1,1033,-0.04802,-0.01634,-0.0094,-0.0748,0.11808,0.14455,0.04601,0,1,0.464,0.185,running
47.992,1,1034,-0.04688,-0.01936,0.0628,-0.1659,0.08809,0.14383,0.04659,0,1,0.148,0.344,running
48.033,1,1035,-0.04459,-0.02326,0.1261,-0.2145,0.03632,0.12455,0.04700,0,1,-0.124,0.692,running
48.082,1,1036,-0.04167,-0.02804,0.1603,-0.2629,0.00707,0.06938,0.04802,0,1,-0.364,0.800,running
48.123,1,1037,-0.03837,-0.03354,0.1815,-0.3024,-0.01735,-0.00246,0.04998,0,1,-0.492,0.800,running
48.165,1,1038,-0.03603,-0.03740,0.1290,-0.2124,-0.05753,-0.05794,0.05177,0,1,-0.562,0.800,running
48.208,1,1039,-0.03406,-0.04127,0.1085,-0.2130,-0.08844,-0.09069,0.05407,0,1,-0.368,0.800,running
48.251,1,1040,-0.03391,-0.04393,0.0077,-0.1465,-0.09875,-0.10836,0.05635,0,1,-0.289,0.800,running
48.296,1,1041,-0.03541,-0.04640,-0.0825,-0.1354,-0.10131,-0.10343,0.05923,0,1,0.061,0.656,running
48.341,1,1042,-0.03804,-0.04743,-0.1442,-0.0570,-0.10195,-0.05977,0.06139,0,1,0.362,0.619,running
48.385,1,1043,-0.04231,-0.04731,-0.2350,0.0068,-0.10588,0.01644,0.06350,0,1,0.561,0.370,running
48.435,1,1044,-0.04639,-0.04630,-0.2246,0.0557,-0.09691,0.08685,0.06500,0,1,0.800,0.175,running
48.479,1,1045,-0.04998,-0.04464,-0.1970,0.0914,-0.06421,0.13033,0.06590,0,1,0.800,0.029,running
48.517,1,1046,-0.05265,-0.04232,-0.1470,0.1272,-0.02402,0.14721,0.06593,0,1,0.744,-0.079,running
48.560,1,1047,-0.05444,-0.03963,-0.0983,0.1483,0.00230,0.15560,0.06524,0,1,0.606,-0.193,running
48.605,1,1048,-0.05456,-0.03768,-0.0065,0.1072,0.03629,0.15611,0.06398,0,1,0.469,-0.272,running
48.648,1,1049,-0.05378,-0.03667,0.0426,0.0556,0.06812,0.14652,0.06273,0,1,0.193,-0.164,running
48.693,1,1050,-0.05166,-0.03641,0.1167,0.0141,0.06999,0.10388,0.06101,0,1,0.036,-0.017,running
48.738,1,1051,-0.04975,-0.03672,0.1051,-0.0172,0.03775,0.04374,0.05987,0,1,-0.213,0.106,running
48.783,1,1052,-0.04737,-0.03793,0.1308,-0.0663,0.00021,-0.01823,0.05912,0,1,-0.190,0.204,running
48.829,1,1053,-0.04720,-0.03883,0.0092,-0.0494,-0.02997,-0.05533,0.05968,0,1,-0.286,0.366,running
48.869,1,1054,-0.04744,-0.03975,-0.0131,-0.0509,-0.06082,-0.07804,0.06054,0,1,0.108,0.315,running
48.914,1,1055,-0.04962,-0.03922,-0.1200,0.0291,-0.09330,-0.06949,0.06160,0,1,0.181,0.323,running
48.956,1,1056,-0.05337,-0.03807,-0.2059,0.0632,-0.09933,-0.03962,0.06339,0,1,0.526,0.071,running
49.001,1,1057,-0.05808,-0.03589,-0.2593,0.1199,-0.08814,0.01334,0.06545,0,1,0.798,-0.032,running
49.043,1,1058,-0.06275,-0.03278,-0.2568,0.1713,-0.06809,0.06678,0.06726,0,1,0.800,-0.199,running
49.094,1,1059,-0.06783,-0.02877,-0.2793,0.2208,-0.02133,0.12343,0.06937,0,1,0.800,-0.349,running
49.131,1,1060,-0.07122,-0.02544,-0.1863,0.1832,0.01349,0.16684,0.07078,0,1,0.800,-0.486,running
49.180,1,1061,-0.07358,-0.02217,-0.1300,0.1798,0.04401,0.18864,0.07156,0,1,0.772,-0.380,running
49.219,1,1062,-0.07419,-0.02003,-0.0334,0.1174,0.06634,0.18128,0.07131,0,1,0.624,-0.377,running
49.265,1,1063,-0.07339,-0.01920,0.0436,0.0460,0.06587,0.16633,0.07027,0,1,0.362,-0.217,running
49.307,1,1064,-0.07111,-0.01899,0.1258,0.0112,0.04808,0.14412,0.06806,0,1,0.142,-0.027,running
49.353,1,1065,-0.06812,-0.02010,0.1642,-0.0608,0.01649,0.10006,0.06573,0,1,-0.115,0.065,running
49.397,1,1066,-0.06433,-0.02160,0.2084,-0.0824,-0.02428,0.04253,0.06291,0,1,-0.260,0.279,running
49.441,1,1067,-0.06094,-0.02287,0.1866,-0.0700,-0.05827,-0.01663,0.06048,0,1,-0.437,0.355,running
49.488,1,1068,-0.05831,-0.02371,0.1446,-0.0462,-0.08144,-0.07002,0.05860,0,1,-0.406,0.324,running
49.531,1,1069,-0.05707,-0.02387,0.0681,-0.0090,-0.09988,-0.10192,0.05762,0,1,-0.297,0.252,running
49.574,1,1070,-0.05781,-0.02289,-0.0403,0.0542,-0.08754,-0.10696,0.05775,0,1,-0.058,0.131,running
49.617,1,1071,-0.05999,-0.02063,-0.1200,0.1239,-0.07945,-0.08426,0.05859,0,1,0.302,-0.080,running
49.660,1,1072,-0.06321,-0.01837,-0.1772,0.1245,-0.03708,-0.02501,0.06053,0,1,0.570,-0.312,running
49.707,1,1073,-0.06770,-0.01585,-0.2469,0.1385,0.00354,0.05229,0.06376,0,1,0.759,-0.310,running
49.752,1,1074,-0.07188,-0.01360,-0.2300,0.1239,0.03231,0.10793,0.06701,0,1,0.800,-0.342,running
49.837,1,1075,-0.07926,-0.01219,-0.4056,0.0776,0.05956,0.17073,0.07374,0,1,0.800,-0.286,running
49.885,1,1076,-0.08057,-0.01304,-0.0720,-0.0467,0.05589,0.17446,0.07522,0,1,0.800,-0.130,running
49.925,1,1077,-0.08036,-0.01463,0.0114,-0.0874,0.04549,0.16927,0.07543,0,1,0.497,0.202,running
49.971,1,1078,-0.07893,-0.01670,0.0785,-0.1141,0.00726,0.15718,0.07467,0,1,0.281,0.314,running
50.013,1,1079,-0.07577,-0.01954,0.1740,-0.1564,-0.02824,0.13688,0.07261,0,1,0.096,0.394,running
50.056,1,1080,-0.07200,-0.02259,0.2073,-0.1676,-0.05724,0.09078,0.07028,0,1,-0.188,0.527,running
50.100,1,1081,-0.06765,-0.02453,0.2391,-0.1066,-0.09259,0.03046,0.06719,0,1,-0.320,0.582,running
50.144,1,1082,-0.06430,-0.02572,0.1844,-0.0658,-0.10762,-0.02978,0.06480,0,1,-0.465,0.428,running
50.190,1,1083,-0.06161,-0.02610,0.1478,-0.0208,-0.10440,-0.07807,0.06266,0,1,-0.343,0.317,running
50.233,1,1084,-0.06107,-0.02488,0.0300,0.0670,-0.09370,-0.10602,0.06157,0,1,-0.262,0.181,running
50.277,1,1085,-0.06136,-0.02273,-0.0158,0.1185,-0.07472,-0.10305,0.06078,0,1,0.097,-0.100,running
50.323,1,1086,-0.06312,-0.02057,-0.0973,0.1190,-0.03251,-0.05506,0.06137,0,1,0.240,-0.274,running
50.368,1,1087,-0.06571,-0.01756,-0.1421,0.1655,0.00571,0.01424,0.06252,0,1,0.503,-0.279,running
50.410,1,1088,-0.06993,-0.01543,-0.2322,0.1168,0.03328,0.07852,0.06572,0,1,0.650,-0.427,running
50.453,1,1089,-0.07302,-0.01378,-0.1697,0.0908,0.05103,0.11841,0.06815,0,1,0.800,-0.266,running
50.496,1,1090,-0.07575,-0.01295,-0.1506,0.0457,0.06522,0.14058,0.07055,0,1,0.743,-0.184,running
50.544,1,1091,-0.07699,-0.01336,-0.0680,-0.0222,0.04460,0.15880,0.07185,0,1,0.692,-0.051,running
50.586,1,1092,-0.07743,-0.01483,-0.0239,-0.0809,-0.00025,0.17701,0.07267,0,1,0.469,0.140,running
50.635,1,1093,-0.07632,-0.01650,0.0610,-0.0917,-0.03169,0.17117,0.07212,0,1,0.352,0.304,running
50.678,1,1094,-0.07340,-0.01811,0.1606,-0.0886,-0.05666,0.14203,0.06989,0,1,0.116,0.341,running
50.724,1,1095,-0.07016,-0.01912,0.1783,-0.0558,-0.09303,0.09202,0.06723,0,1,-0.188,0.345,running
50.768,1,1096,-0.06618,-0.01944,0.2185,-0.0173,-0.10789,0.02509,0.06368,0,1,-0.278,0.260,running
50.812,1,1097,-0.06266,-0.01863,0.1939,0.0445,-0.09644,-0.03124,0.06013,0,1,-0.452,0.146,running
50.851,1,1098,-0.06054,-0.01624,0.1164,0.1314,-0.07421,-0.06068,0.05724,0,1,-0.427,-0.056,running
50.896,1,1099,-0.05945,-0.01353,0.0596,0.1490,-0.04238,-0.07534,0.05522,0,1,-0.208,-0.360,running
50.937,1,1100,-0.06007,-0.01126,-0.0341,0.1247,0.00279,-0.08164,0.05505,0,1,-0.034,-0.442,running
50.984,1,1101,-0.06159,-0.00865,-0.0835,0.1435,0.03870,-0.06507,0.05575,0,1,0.286,-0.368,running
51.024,1,1102,-0.06466,-0.00702,-0.1685,0.0897,0.06538,-0.02003,0.05833,0,1,0.458,-0.436,running
51.070,1,1103,-0.06805,-0.00737,-0.1865,-0.0194,0.06684,0.05068,0.06172,0,1,0.745,-0.249,running
51.112,1,1104,-0.07226,-0.00843,-0.2316,-0.0583,0.05370,0.11895,0.06606,0,1,0.800,0.109,running
51.158,1,1105,-0.07468,-0.01024,-0.1334,-0.0995,0.03259,0.16663,0.06883,0,1,0.800,0.227,running
51.202,1,1106,-0.07629,-0.01309,-0.0885,-0.1564,-0.01359,0.18620,0.07110,0,1,0.643,0.347,running
51.246,1,1107,-0.07688,-0.01647,-0.0324,-0.1861,-0.04962,0.17253,0.07265,0,1,0.522,0.508,running
51.290,1,1108,-0.07496,-0.01955,0.1055,-0.1692,-0.07394,0.15504,0.07186,0,1,0.373,0.594,running
51.333,1,1109,-0.07250,-0.02164,0.1358,-0.1153,-0.10516,0.13075,0.07035,0,1,-0.013,0.566,running
51.381,1,1110,-0.06983,-0.02288,0.1464,-0.0680,-0.11334,0.07453,0.06843,0,1,-0.118,0.432,running
51.422,1,1111,-0.06571,-0.02272,0.2266,0.0085,-0.10850,0.00526,0.06465,0,1,-0.176,0.308,running
51.466,1,1112,-0.06315,-0.02197,0.1408,0.0417,-0.09319,-0.04508,0.06202,0,1,-0.467,0.081,running
51.508,1,1113,-0.06108,-0.01974,0.1138,0.1224,-0.05905,-0.07530,0.05918,0,1,-0.240,-0.029,running
51.555,1,1114,-0.06075,-0.01850,0.0183,0.0684,-0.01272,-0.08755,0.05834,0,1,-0.184,-0.307,running
51.595,1,1115,-0.06249,-0.01632,-0.0958,0.1198,0.02057,-0.07876,0.05907,0,1,0.121,-0.140,running
51.641,1,1116,-0.06432,-0.01516,-0.1002,0.0640,0.04745,-0.03633,0.06035,0,1,0.499,-0.311,running
51.685,1,1117,-0.06770,-0.01429,-0.1860,0.0476,0.04119,0.02445,0.06324,0,1,0.518,-0.129,running
51.730,1,1118,-0.07104,-0.01435,-0.1837,-0.0035,0.03734,0.09244,0.06643,0,1,0.790,-0.072,running
51.773,1,1119,-0.07421,-0.01557,-0.1745,-0.0670,0.01708,0.14565,0.06983,0,1,0.782,0.088,running
51.859,1,1120,-0.07727,-0.01833,-0.1680,-0.1519,-0.06556,0.17670,0.07360,0,1,0.755,0.274,running
51.904,1,1121,-0.07620,-0.01960,0.0588,-0.0695,-0.05941,0.16727,0.07303,0,1,0.737,0.505,running
51.948,1,1122,-0.07417,-0.02000,0.1114,-0.0218,-0.07357,0.15899,0.07128,0,1,0.126,0.293,running
51.994,1,1123,-0.07043,-0.01974,0.2057,0.0142,-0.11730,0.14914,0.06771,0,1,-0.036,0.166,running
52.036,1,1124,-0.06590,-0.01856,0.2490,0.0645,-0.08556,0.12103,0.06308,0,1,-0.351,0.059,running
52.081,1,1125,-0.06107,-0.01746,0.2660,0.0606,-0.03928,0.05732,0.05821,0,1,-0.554,-0.109,running
52.124,1,1126,-0.05625,-0.01590,0.2651,0.0859,-0.01587,-0.01106,0.05317,0,1,-0.689,-0.118,running
52.169,1,1127,-0.05174,-0.01450,0.2477,0.0770,0.01834,-0.05912,0.04849,0,1,-0.768,-0.229,running
52.214,1,1128,-0.04827,-0.01365,0.1908,0.0467,0.04429,-0.08327,0.04499,1,1,-0.778,-0.222,in_circle
52.256,1,1129,-0.04641,-0.01376,0.1025,-0.0058,0.04993,-0.09921,0.04337,1,1,-0.614,-0.123,in_circle
52.301,1,1130,-0.04724,-0.01379,-0.0456,-0.0021,0.04224,-0.10220,0.04413,1,1,-0.293,0.075,in_circle
52.344,1,1131,-0.04924,-0.01491,-0.1100,-0.0616,0.01578,-0.07983,0.04642,0,1,0.281,0.062,running
52.388,1,1132,-0.05225,-0.01625,-0.1658,-0.0733,-0.02956,-0.03087,0.04971,0,1,0.529,0.289,running
52.433,1,1133,-0.05626,-0.01836,-0.2202,-0.1166,-0.06355,0.04079,0.05424,0,1,0.731,0.331,running
52.477,1,1134,-0.06035,-0.01935,-0.2251,-0.0542,-0.09078,0.09945,0.05834,0,1,0.800,0.478,running
52.520,1,1135,-0.06422,-0.01878,-0.2131,0.0314,-0.10852,0.13648,0.06163,0,1,0.800,0.264,running
52.565,1,1136,-0.06689,-0.01848,-0.1466,0.0162,-0.10600,0.15463,0.06396,0,1,0.800,-0.010,running
52.607,1,1137,-0.06785,-0.01686,-0.0528,0.0892,-0.08782,0.16474,0.06426,0,1,0.664,0.041,running
52.653,1,1138,-0.06769,-0.01472,0.0090,0.1181,-0.04773,0.16436,0.06337,0,1,0.383,-0.185,running
52.696,1,1139,-0.06641,-0.01240,0.0700,0.1272,-0.00927,0.15502,0.06143,0,1,0.192,-0.286,running
52.741,1,1140,-0.06406,-0.01018,0.1294,0.1220,0.02034,0.11609,0.05854,0,1,-0.011,-0.334,running
52.784,1,1141,-0.06120,-0.00895,0.1574,0.0681,0.05030,0.05534,0.05545,0,1,-0.229,-0.342,running
52.831,1,1142,-0.05781,-0.00866,0.1864,0.0155,0.07148,-0.00237,0.05212,0,1,-0.358,-0.181,running
52.873,1,1143,-0.05447,-0.00904,0.1838,-0.0206,0.05981,-0.04406,0.04903,0,1,-0.500,-0.009,running
52.916,1,1144,-0.05388,-0.01081,0.0322,-0.0972,0.03117,-0.06789,0.04905,0,1,-0.531,0.119,running
52.960,1,1145,-0.05368,-0.01247,0.0109,-0.0913,-0.00567,-0.08338,0.04946,0,1,0.019,0.403,running
53.005,1,1146,-0.05535,-0.01458,-0.0917,-0.1165,-0.04394,-0.08590,0.05181,0,1,0.097,0.385,running
53.048,1,1147,-0.05778,-0.01669,-0.1335,-0.1157,-0.07337,-0.06254,0.05489,0,1,0.470,0.474,running
53.091,1,1148,-0.06137,-0.01770,-0.1976,-0.0555,-0.09721,-0.01235,0.05858,0,1,0.617,0.468,running
53.136,1,1149,-0.06604,-0.01720,-0.2570,0.0272,-0.10825,0.05626,0.06270,0,1,0.800,0.262,running
53.180,1,1150,-0.07077,-0.01640,-0.2598,0.0440,-0.09975,0.11663,0.06683,0,1,0.800,0.000,running
53.225,1,1151,-0.07491,-0.01460,-0.2278,0.0990,-0.07804,0.15558,0.07020,0,1,0.800,-0.043,running
53.269,1,1152,-0.07759,-0.01264,-0.1474,0.1077,-0.03708,0.17253,0.07224,0,1,0.800,-0.194,running
53.312,1,1153,-0.07865,-0.01030,-0.0581,0.1289,-0.00045,0.17322,0.07270,0,1,0.686,-0.215,running
53.359,1,1154,-0.07856,-0.00883,0.0045,0.0809,0.02991,0.16259,0.07230,0,1,0.449,-0.280,running
53.399,1,1155,-0.07699,-0.00839,0.0868,0.0244,0.05269,0.14368,0.07067,0,1,0.279,-0.158,running
53.444,1,1156,-0.07481,-0.00855,0.1196,-0.0091,0.05345,0.10689,0.06857,0,1,0.038,-0.010,running
53.488,1,1157,-0.07201,-0.00944,0.1541,-0.0490,0.02939,0.04110,0.06604,0,1,-0.078,0.083,running
53.532,1,1158,-0.06892,-0.01135,0.1698,-0.1049,-0.00914,-0.02718,0.06354,0,1,-0.212,0.204,running
53.576,1,1159,-0.06768,-0.01383,0.0682,-0.1362,-0.03905,-0.07079,0.06308,0,1,-0.295,0.385,running
53.621,1,1160,-0.06715,-0.01558,0.0291,-0.0965,-0.06958,-0.09346,0.06315,0,1,0.009,0.491,running
53.665,1,1161,-0.06882,-0.01656,-0.0917,-0.0540,-0.09910,-0.08740,0.06506,0,1,0.128,0.376,running
53.708,1,1162,-0.07125,-0.01679,-0.1338,-0.0123,-0.10248,-0.05437,0.06742,0,1,0.504,0.247,running
53.752,1,1163,-0.07551,-0.01590,-0.2344,0.0490,-0.10403,-0.00047,0.07116,0,1,0.634,0.124,running
53.797,1,1164,-0.07947,-0.01392,-0.2174,0.1088,-0.08177,0.05756,0.07438,0,1,0.800,-0.046,running
53.885,1,1165,-0.08780,-0.00842,-0.4583,0.3025,-0.00099,0.15210,0.08129,0,1,0.800,-0.202,running
53.928,1,1166,-0.09007,-0.00571,-0.1252,0.1489,-0.00631,0.17090,0.08310,0,1,0.800,-0.645,running
53.973,1,1167,-0.09136,-0.00398,-0.0707,0.0950,0.01536,0.16960,0.08415,0,1,0.668,-0.284,running
54.016,1,1168,-0.09097,-0.00359,0.0213,0.0214,0.06649,0.16263,0.08372,0,1,0.551,-0.165,running
54.060,1,1169,-0.08889,-0.00369,0.1144,-0.0053,0.04364,0.14924,0.08167,0,1,0.342,-0.003,running
54.104,1,1170,-0.08616,-0.00517,0.1503,-0.0816,-0.00619,0.11049,0.07915,0,1,0.105,0.057,running
54.149,1,1171,-0.08314,-0.00682,0.1660,-0.0908,-0.02256,0.05730,0.07642,0,1,-0.017,0.248,running
54.192,1,1172,-0.07961,-0.00891,0.1940,-0.1150,-0.05008,-0.01363,0.07335,0,1,-0.097,0.286,running
54.237,1,1173,-0.07712,-0.01047,0.1372,-0.0857,-0.09658,-0.07131,0.07125,0,1,-0.218,0.369,running
54.282,1,1174,-0.07630,-0.01129,0.0450,-0.0447,-0.09479,-0.09578,0.07065,0,1,-0.096,0.303,running
54.325,1,1175,-0.07673,-0.01098,-0.0237,0.0170,-0.10045,-0.08071,0.07099,0,1,0.151,0.194,running
54.370,1,1176,-0.07898,-0.01019,-0.1235,0.0436,-0.08048,-0.04501,0.07299,0,1,0.344,0.022,running
54.412,1,1177,-0.08210,-0.00887,-0.1717,0.0726,-0.04645,0.00310,0.07577,0,1,0.626,-0.050,running
54.456,1,1178,-0.08569,-0.00686,-0.1978,0.1103,-0.00537,0.05835,0.07895,0,1,0.760,-0.123,running
54.499,1,1179,-0.08913,-0.00554,-0.1891,0.0726,0.02408,0.10333,0.08215,0,1,0.800,-0.212,running
54.544,1,1180,-0.09183,-0.00540,-0.1486,0.0076,0.05156,0.14556,0.08480,0,1,0.800,-0.115,running
54.588,1,1181,-0.09387,-0.00649,-0.1120,-0.0601,0.05636,0.17956,0.08697,0,1,0.726,0.037,running
54.633,1,1182,-0.09368,-0.00801,0.0103,-0.0836,0.02805,0.18554,0.08702,0,1,0.655,0.188,running
54.676,1,1183,-0.09221,-0.01048,0.0810,-0.1357,-0.00331,0.16946,0.08600,0,1,0.395,0.245,running
54.720,1,1184,-0.08972,-0.01336,0.1367,-0.1584,-0.03774,0.14508,0.08418,0,1,0.230,0.372,running
54.764,1,1185,-0.08589,-0.01663,0.2110,-0.1799,-0.07121,0.10122,0.08130,0,1,0.081,0.445,running
54.809,1,1186,-0.08189,-0.01877,0.2200,-0.1177,-0.10454,0.04618,0.07812,0,1,-0.139,0.526,running
54.852,1,1187,-0.07730,-0.01928,0.2522,-0.0278,-0.10589,-0.00705,0.07396,0,1,-0.218,0.401,running
54.896,1,1188,-0.07392,-0.01887,0.1860,0.0222,-0.10286,-0.05687,0.07064,0,1,-0.374,0.180,running
54.942,1,1189,-0.07190,-0.01788,0.1109,0.0546,-0.09061,-0.08946,0.06841,0,1,-0.250,0.039,running
54.984,1,1190,-0.07162,-0.01601,0.0158,0.1030,-0.05825,-0.09080,0.06751,0,1,-0.066,-0.063,running
55.029,1,1191,-0.07217,-0.01323,-0.0303,0.1528,-0.01418,-0.05824,0.06718,0,1,0.202,-0.213,running
55.072,1,1192,-0.07364,-0.01151,-0.0811,0.0945,0.01218,-0.00193,0.06813,0,1,0.337,-0.371,running
55.117,1,1193,-0.07583,-0.00955,-0.1204,0.1079,0.04712,0.05710,0.06978,0,1,0.490,-0.203,running
55.160,1,1194,-0.07860,-0.00881,-0.1524,0.0409,0.07322,0.10239,0.07233,0,1,0.609,-0.241,running
55.206,1,1195,-0.08017,-0.00923,-0.0862,-0.0234,0.05565,0.13328,0.07395,0,1,0.704,-0.050,running
55.249,1,1196,-0.08077,-0.01061,-0.0329,-0.0761,0.02274,0.16167,0.07484,0,1,0.531,0.126,running
55.292,1,1197,-0.07991,-0.01273,0.0471,-0.1166,-0.00436,0.17912,0.07451,0,1,0.395,0.269,running
55.337,1,1198,-0.07783,-0.01498,0.1144,-0.1237,-0.03889,0.17536,0.07311,0,1,0.181,0.385,running
55.382,1,1199,-0.07435,-0.01725,0.1915,-0.1249,-0.07505,0.13738,0.07050,0,1,-0.015,0.418,running
55.424,1,1200,-0.06954,-0.01857,0.2645,-0.0725,-0.10474,0.07608,0.06645,0,1,-0.264,0.441,running
55.470,1,1201,-0.06501,-0.01932,0.2493,-0.0414,-0.10879,0.00646,0.06256,0,1,-0.542,0.307,running
55.512,1,1202,-0.06170,-0.01879,0.1822,0.0292,-0.10401,-0.03964,0.05933,0,1,-0.565,0.220,running
55.557,1,1203,-0.05870,-0.01708,0.1647,0.0944,-0.08263,-0.06263,0.05589,0,1,-0.401,-0.008,running
55.600,1,1204,-0.05702,-0.01471,0.0927,0.1300,-0.03605,-0.07911,0.05340,0,1,-0.386,-0.241,running
55.646,1,1205,-0.05696,-0.01233,0.0030,0.1310,0.00262,-0.07281,0.05247,0,1,-0.165,-0.385,running
55.689,1,1206,-0.05840,-0.01013,-0.0793,0.1210,0.02576,-0.03098,0.05311,0,1,0.143,-0.402,running
55.732,1,1207,-0.06041,-0.00786,-0.1104,0.1248,0.06133,0.03671,0.05441,0,1,0.435,-0.370,running
55.776,1,1208,-0.06241,-0.00772,-0.1100,0.0077,0.06911,0.10084,0.05631,0,1,0.547,-0.383,running
55.821,1,1209,-0.06362,-0.00821,-0.0664,-0.0266,0.05418,0.14536,0.05760,0,1,0.549,0.020,running
55.909,1,1210,-0.06340,-0.01260,0.0119,-0.2416,0.00240,0.16681,0.05863,0,1,0.407,0.136,running
55.952,1,1211,-0.06084,-0.01563,0.1410,-0.1666,-0.00799,0.15999,0.05728,0,1,0.152,0.800,running
55.996,1,1212,-0.05768,-0.01909,0.1739,-0.1903,-0.01782,0.14593,0.05583,0,1,-0.288,0.624,running
56.040,1,1213,-0.05280,-0.02212,0.2682,-0.1668,-0.07429,0.11032,0.05306,0,1,-0.421,0.723,running
56.084,1,1214,-0.04741,-0.02434,0.2966,-0.1218,-0.11373,0.05384,0.04989,0,1,-0.791,0.669,running
56.128,1,1215,-0.04196,-0.02554,0.2998,-0.0660,-0.10603,-0.00956,0.04649,0,1,-0.800,0.530,running
56.172,1,1216,-0.03720,-0.02491,0.2615,0.0344,-0.10178,-0.06525,0.04266,1,1,-0.800,0.336,in_circle
56.216,1,1217,-0.03440,-0.02367,0.1543,0.0685,-0.09235,-0.09984,0.03984,1,1,-0.800,-0.053,in_circle
56.261,1,1218,-0.03244,-0.02195,0.1077,0.0942,-0.06916,-0.11513,0.03726,1,1,-0.551,-0.200,in_circle
56.306,1,1219,-0.03385,-0.01921,-0.0777,0.1507,-0.01868,-0.10581,0.03625,1,1,-0.369,-0.307,in_circle
56.350,1,1220,-0.03645,-0.01693,-0.1427,0.1258,0.00967,-0.07075,0.03669,1,1,0.376,-0.540,in_circle
56.391,1,1221,-0.04012,-0.01420,-0.2021,0.1499,0.03731,-0.01038,0.03811,1,1,0.643,-0.446,in_circle
56.437,1,1222,-0.04393,-0.01341,-0.2092,0.0436,0.07304,0.04635,0.04101,1,1,0.800,-0.549,in_circle
56.481,1,1223,-0.04936,-0.01223,-0.2987,0.0649,0.06994,0.09607,0.04538,1,1,0.800,-0.123,in_circle
56.525,1,1224,-0.05287,-0.01327,-0.1934,-0.0571,0.05972,0.13720,0.04902,0,1,0.800,-0.195,running
56.568,1,1225,-0.05565,-0.01485,-0.1530,-0.0871,0.04653,0.16165,0.05220,0,1,0.800,0.265,running
56.613,1,1226,-0.05699,-0.01744,-0.0737,-0.1424,0.00236,0.17608,0.05449,0,1,0.686,0.371,running
56.656,1,1227,-0.05671,-0.02077,0.0154,-0.1834,-0.03748,0.16862,0.05576,0,1,0.411,0.563,running
56.702,1,1228,-0.05468,-0.02332,0.1116,-0.1401,-0.06167,0.14783,0.05530,0,1,0.109,0.706,running
56.744,1,1229,-0.05151,-0.02561,0.1747,-0.1257,-0.09534,0.11522,0.05394,0,1,-0.225,0.570,running
56.789,1,1230,-0.04747,-0.02680,0.2219,-0.0658,-0.11154,0.06230,0.05148,0,1,-0.462,0.534,running
56.832,1,1231,-0.04406,-0.02768,0.1876,-0.0484,-0.10407,0.00107,0.04949,0,1,-0.664,0.334,running
56.877,1,1232,-0.04103,-0.02589,0.1666,0.0987,-0.09703,-0.05671,0.04606,0,1,-0.571,0.275,running
56.919,1,1233,-0.03987,-0.02364,0.0640,0.1238,-0.06801,-0.09391,0.04367,1,1,-0.533,-0.281,in_circle
56.966,1,1234,-0.04027,-0.01999,-0.0220,0.2004,-0.02214,-0.10473,0.04159,1,1,-0.161,-0.398,in_circle
57.009,1,1235,-0.04178,-0.01735,-0.0831,0.1455,0.01263,-0.08068,0.04123,1,1,0.171,-0.722,in_circle
57.053,1,1236,-0.04533,-0.01503,-0.1953,0.1274,0.03549,-0.03164,0.04302,1,1,0.415,-0.515,in_circle
57.096,1,1237,-0.04991,-0.01290,-0.2519,0.1171,0.06939,0.02421,0.04616,0,1,0.800,-0.438,running
57.141,1,1238,-0.05449,-0.01239,-0.2519,0.0279,0.05867,0.07462,0.05018,0,1,0.800,-0.386,running
57.184,1,1239,-0.05840,-0.01218,-0.2148,0.0119,0.03465,0.11855,0.05376,0,1,0.800,-0.045,running
57.229,1,1240,-0.06135,-0.01272,-0.1624,-0.0295,0.00733,0.15399,0.05673,0,1,0.800,0.017,running
57.272,1,1241,-0.06287,-0.01371,-0.0836,-0.0549,-0.03052,0.18051,0.05849,0,1,0.720,0.161,running
57.317,1,1242,-0.06347,-0.01495,-0.0329,-0.0678,-0.06684,0.17282,0.05948,0,1,0.461,0.247,running
57.359,1,1243,-0.06244,-0.01540,0.0567,-0.0250,-0.09095,0.15245,0.05868,0,1,0.299,0.291,running
57.405,1,1244,-0.06042,-0.01559,0.1109,-0.0104,-0.10557,0.12821,0.05688,0,1,0.003,0.155,running
57.447,1,1245,-0.05758,-0.01480,0.1560,0.0437,-0.09490,0.08526,0.05395,0,1,-0.193,0.107,running
57.493,1,1246,-0.05441,-0.01341,0.1745,0.0763,-0.06672,0.02353,0.05049,0,1,-0.378,-0.084,running
57.535,1,1247,-0.05123,-0.01159,0.1751,0.1001,-0.02636,-0.03580,0.04685,0,1,-0.484,-0.214,running
57.582,1,1248,-0.04926,-0.00907,0.1079,0.1387,0.00910,-0.07521,0.04412,1,1,-0.529,-0.323,in_circle
57.624,1,1249,-0.04904,-0.00717,0.0126,0.1041,0.03974,-0.09297,0.04329,1,1,-0.302,-0.491,in_circle
57.669,1,1250,-0.05077,-0.00656,-0.0952,0.0336,0.07006,-0.08474,0.04477,1,1,0.061,-0.368,in_circle
57.714,1,1251,-0.05322,-0.00663,-0.1349,-0.0034,0.08795,-0.05654,0.04714,0,1,0.480,-0.094,running
57.755,1,1252,-0.05744,-0.00901,-0.2321,-0.1312,0.06427,-0.00330,0.05186,0,1,0.631,0.049,running
57.801,1,1253,-0.06105,-0.01162,-0.1985,-0.1433,0.02602,0.04998,0.05609,0,1,0.800,0.509,running
57.845,1,1254,-0.06557,-0.01520,-0.2488,-0.1973,-0.00860,0.09975,0.06154,0,1,0.800,0.539,running
57.941,1,1255,-0.07112,-0.02252,-0.3053,-0.4023,-0.07451,0.16647,0.06945,0,1,0.800,0.695,running
57.981,1,1256,-0.07271,-0.02566,-0.0872,-0.1726,-0.07778,0.17501,0.07222,0,1,0.800,0.800,running
58.021,1,1257,-0.07238,-0.02791,0.0180,-0.1240,-0.09127,0.16600,0.07294,0,1,0.503,0.598,running
58.066,1,1258,-0.07062,-0.02933,0.0966,-0.0779,-0.12182,0.15474,0.07208,0,1,0.220,0.473,running
58.108,1,1259,-0.06756,-0.02982,0.1686,-0.0273,-0.09590,0.14375,0.06968,0,1,-0.005,0.357,running
58.153,1,1260,-0.06345,-0.02981,0.2259,0.0005,-0.06923,0.10355,0.06618,0,1,-0.236,0.220,running
58.197,1,1261,-0.05914,-0.02881,0.2372,0.0554,-0.04151,0.04173,0.06203,0,1,-0.455,0.135,running
58.240,1,1262,-0.05538,-0.02818,0.2065,0.0343,-0.00294,-0.02171,0.05859,0,1,-0.555,-0.047,running
58.285,1,1263,-0.05249,-0.02713,0.1590,0.0582,0.03161,-0.07060,0.05563,0,1,-0.509,0.005,running
58.329,1,1264,-0.05116,-0.02674,0.0730,0.0211,0.05411,-0.09890,0.05434,0,1,-0.390,-0.088,running
58.374,1,1265,-0.05181,-0.02691,-0.0356,-0.0091,0.04448,-0.10084,0.05496,0,1,-0.111,0.033,running
58.416,1,1266,-0.05380,-0.02758,-0.1090,-0.0369,0.02483,-0.06608,0.05695,0,1,0.264,0.138,running
58.460,1,1267,-0.05702,-0.02807,-0.1773,-0.0272,-0.00536,-0.00738,0.05986,0,1,0.516,0.235,running
58.504,1,1268,-0.06114,-0.02907,-0.2264,-0.0547,-0.04659,0.05098,0.06383,0,1,0.740,0.206,running
58.548,1,1269,-0.06569,-0.02971,-0.2503,-0.0353,-0.07916,0.09677,0.06802,0,1,0.800,0.296,running
58.593,1,1270,-0.06933,-0.02980,-0.2003,-0.0050,-0.09097,0.12940,0.07119,0,1,0.800,0.241,running
58.636,1,1271,-0.07257,-0.02909,-0.1782,0.0392,-0.08836,0.16067,0.07366,0,1,0.800,0.159,running
58.681,1,1272,-0.07370,-0.02750,-0.0622,0.0876,-0.07009,0.17812,0.07392,0,1,0.744,0.043,running
58.725,1,1273,-0.07317,-0.02581,0.0292,0.0928,-0.03958,0.17210,0.07270,0,1,0.441,-0.091,running
58.769,1,1274,-0.07157,-0.02394,0.0882,0.1030,0.00022,0.15845,0.07044,0,1,0.192,-0.118,running
58.813,1,1275,-0.06879,-0.02243,0.1525,0.0827,0.03232,0.13352,0.06730,0,1,0.011,-0.166,running
58.857,1,1276,-0.06478,-0.02148,0.2211,0.0526,0.04729,0.08749,0.06325,0,1,-0.208,-0.131,running
58.900,1,1277,-0.06027,-0.02157,0.2479,-0.0054,0.04602,0.03301,0.05927,0,1,-0.470,-0.061,running
58.945,1,1278,-0.05715,-0.02298,0.1714,-0.0774,0.02661,-0.02351,0.05723,0,1,-0.619,0.113,running
58.989,1,1279,-0.05408,-0.02414,0.1689,-0.0636,-0.00916,-0.07497,0.05523,0,1,-0.402,0.354,running
59.033,1,1280,-0.05252,-0.02564,0.0856,-0.0825,-0.04312,-0.11122,0.05478,0,1,-0.422,0.314,running
59.077,1,1281,-0.05305,-0.02705,-0.0290,-0.0777,-0.07527,-0.11675,0.05604,0,1,-0.147,0.384,running
59.123,1,1282,-0.05518,-0.02634,-0.1171,0.0391,-0.08684,-0.07610,0.05737,0,1,0.247,0.370,running
59.165,1,1283,-0.05890,-0.02542,-0.2045,0.0508,-0.09395,-0.02009,0.05998,0,1,0.547,-0.020,running
59.209,1,1284,-0.06341,-0.02369,-0.2484,0.0947,-0.08850,0.03877,0.06305,0,1,0.800,-0.053,running
59.251,1,1285,-0.06842,-0.02083,-0.2751,0.1574,-0.05841,0.08519,0.06629,0,1,0.800,-0.183,running
59.298,1,1286,-0.07244,-0.01807,-0.2214,0.1519,-0.01725,0.12068,0.06898,0,1,0.800,-0.362,running
59.340,1,1287,-0.07591,-0.01526,-0.1909,0.1547,0.01867,0.15366,0.07135,0,1,0.800,-0.336,running
59.386,1,1288,-0.07779,-0.01362,-0.1030,0.0903,0.04970,0.17713,0.07268,0,1,0.800,-0.338,running
59.428,1,1289,-0.07830,-0.01245,-0.0282,0.0639,0.05682,0.18005,0.07287,0,1,0.567,-0.162,running
59.473,1,1290,-0.07733,-0.01241,0.0531,0.0027,0.04712,0.16757,0.07193,0,1,0.368,-0.095,running
59.516,1,1291,-0.07448,-0.01284,0.1568,-0.0237,0.02486,0.14146,0.06929,0,1,0.140,0.068,running
59.560,1,1292,-0.07152,-0.01394,0.1627,-0.0607,-0.01863,0.09997,0.06677,0,1,-0.179,0.142,running
59.603,1,1293,-0.06804,-0.01586,0.1915,-0.1056,-0.05347,0.04553,0.06408,0,1,-0.232,0.254,running
59.648,1,1294,-0.06448,-0.01678,0.1959,-0.0507,-0.07617,-0.01632,0.06108,0,1,-0.358,0.402,running
59.692,1,1295,-0.06170,-0.01747,0.1527,-0.0381,-0.10227,-0.06889,0.05879,0,1,-0.417,0.241,running
59.738,1,1296,-0.06050,-0.01682,0.0658,0.0358,-0.09572,-0.09789,0.05743,0,1,-0.311,0.204,running
59.780,1,1297,-0.06052,-0.01538,-0.0006,0.0792,-0.08888,-0.09897,0.05689,0,1,-0.040,-0.041,running
59.826,1,1298,-0.06265,-0.01339,-0.1174,0.1098,-0.04915,-0.06899,0.05818,0,1,0.178,-0.192,running
59.869,1,1299,-0.06523,-0.01070,-0.1419,0.1477,-0.00894,-0.01285,0.05981,0,1,0.571,-0.293,running
59.956,1,1300,-0.07244,-0.00660,-0.3963,0.2255,0.04697,0.09560,0.06585,0,1,0.656,-0.415,running
60.001,1,1301,-0.07562,-0.00611,-0.1751,0.0267,0.05111,0.12253,0.06889,0,1,0.800,-0.621,running
60.044,1,1302,-0.07784,-0.00619,-0.1222,-0.0043,0.06622,0.12699,0.07109,0,1,0.765,-0.028,running
60.089,1,1303,-0.07921,-0.00830,-0.0751,-0.1161,0.08967,0.13617,0.07283,0,1,0.621,0.061,running
60.133,1,1304,-0.07904,-0.01160,0.0093,-0.1813,0.06019,0.14723,0.07338,0,1,0.498,0.371,running
60.178,1,1305,-0.07792,-0.01595,0.0615,-0.2390,0.00849,0.14466,0.07347,0,1,0.272,0.556,running
60.222,1,1306,-0.07558,-0.02076,0.1285,-0.2646,-0.01758,0.11981,0.07287,0,1,0.129,0.728,running
60.265,1,1307,-0.07288,-0.02570,0.1489,-0.2721,-0.04192,0.07331,0.07239,0,1,-0.064,0.800,running
60.308,1,1308,-0.06956,-0.03053,0.1822,-0.2657,-0.08240,0.01468,0.07176,0,1,-0.135,0.800,running
60.353,1,1309,-0.06729,-0.03405,0.1252,-0.1937,-0.10781,-0.04188,0.07172,0,1,-0.245,0.800,running
60.397,1,1310,-0.06602,-0.03692,0.0694,-0.1574,-0.10349,-0.08429,0.07233,0,1,-0.099,0.693,running
60.440,1,1311,-0.06672,-0.03804,-0.0382,-0.0617,-0.09889,-0.08847,0.07356,0,1,0.052,0.603,running
60.485,1,1312,-0.06792,-0.03806,-0.0663,-0.0013,-0.10082,-0.06697,0.07454,0,1,0.348,0.348,running
60.529,1,1313,-0.07073,-0.03753,-0.1546,0.0292,-0.09420,-0.01416,0.07652,0,1,0.428,0.190,running
60.574,1,1314,-0.07410,-0.03566,-0.1849,0.1027,-0.05424,0.05294,0.07830,0,1,0.665,0.114,running
60.618,1,1315,-0.07775,-0.03309,-0.2010,0.1412,-0.01472,0.11104,0.08013,0,1,0.749,-0.070,running
60.660,1,1316,-0.08033,-0.03076,-0.1416,0.1283,0.00952,0.14525,0.08131,0,1,0.797,-0.162,running
60.705,1,1317,-0.08150,-0.02883,-0.0646,0.1064,0.04523,0.17111,0.08151,0,1,0.663,-0.133,running
60.748,1,1318,-0.08079,-0.02758,0.0392,0.0685,0.05854,0.18217,0.08034,0,1,0.488,-0.090,running
60.793,1,1319,-0.07885,-0.02715,0.1067,0.0236,0.04349,0.17422,0.07840,0,1,0.236,-0.012,running
60.838,1,1320,-0.07556,-0.02764,0.1806,-0.0269,0.01483,0.14763,0.07565,0,1,0.051,0.088,running
60.882,1,1321,-0.07130,-0.02869,0.2344,-0.0577,-0.02584,0.08723,0.07236,0,1,-0.175,0.213,running
60.924,1,1322,-0.06621,-0.02950,0.2799,-0.0446,-0.06000,0.01927,0.06835,0,1,-0.373,0.299,running
60.969,1,1323,-0.06192,-0.02995,0.2362,-0.0249,-0.08526,-0.03078,0.06497,0,1,-0.573,0.267,running
61.013,1,1324,-0.05908,-0.02919,0.1563,0.0417,-0.09948,-0.06107,0.06219,0,1,-0.506,0.209,running
61.057,1,1325,-0.05746,-0.02843,0.0890,0.0418,-0.08552,-0.08453,0.06043,0,1,-0.301,-0.003,running
61.102,1,1326,-0.05762,-0.02622,-0.0087,0.1217,-0.06613,-0.09492,0.05933,0,1,-0.109,-0.012,running
61.145,1,1327,-0.05915,-0.02383,-0.0844,0.1318,-0.02653,-0.07348,0.05938,0,1,0.201,-0.281,running
61.188,1,1328,-0.06196,-0.02091,-0.1548,0.1605,0.01135,-0.01524,0.06048,0,1,0.450,-0.322,running
61.232,1,1329,-0.06538,-0.01870,-0.1880,0.1214,0.04087,0.05632,0.06266,0,1,0.683,-0.416,running
61.278,1,1330,-0.06888,-0.01711,-0.1921,0.0876,0.06143,0.12186,0.06530,0,1,0.791,-0.286,running
61.321,1,1331,-0.07171,-0.01679,-0.1558,0.0175,0.07134,0.15954,0.06785,0,1,0.800,-0.175,running
61.365,1,1332,-0.07293,-0.01723,-0.0669,-0.0244,0.04277,0.17084,0.06915,0,1,0.699,0.038,running
61.409,1,1333,-0.07308,-0.01864,-0.0086,-0.0772,0.00536,0.17091,0.06978,0,1,0.447,0.161,running
61.452,1,1334,-0.07204,-0.02014,0.0573,-0.0827,-0.02870,0.16018,0.06935,0,1,0.284,0.315,running
61.496,1,1335,-0.06982,-0.02172,0.1223,-0.0869,-0.06239,0.13507,0.06793,0,1,0.093,0.337,running
61.542,1,1336,-0.06580,-0.02205,0.2210,-0.0184,-0.09108,0.08369,0.06443,0,1,-0.111,0.359,running
61.587,1,1337,-0.06187,-0.02204,0.2157,0.0008,-0.10418,0.01856,0.06091,0,1,-0.452,0.160,running
61.629,1,1338,-0.05890,-0.02094,0.1638,0.0605,-0.09430,-0.04392,0.05776,0,1,-0.491,0.097,running
61.672,1,1339,-0.05735,-0.01933,0.0854,0.0884,-0.07158,-0.08174,0.05565,0,1,-0.366,-0.108,running
61.718,1,1340,-0.05725,-0.01622,0.0051,0.1709,-0.03167,-0.09686,0.05422,0,1,-0.125,-0.215,running
61.760,1,1341,-0.05834,-0.01363,-0.0599,0.1426,0.01073,-0.07671,0.05422,0,1,0.141,-0.515,running
61.805,1,1342,-0.06018,-0.01149,-0.1014,0.1175,0.03951,-0.03233,0.05523,0,1,0.368,-0.426,running
61.848,1,1343,-0.06407,-0.00950,-0.2139,0.1097,0.06440,0.03014,0.05837,0,1,0.515,-0.341,running
61.893,1,1344,-0.06705,-0.00921,-0.1639,0.0160,0.06355,0.08637,0.06117,0,1,0.800,-0.305,running
61.981,1,1345,-0.07151,-0.01140,-0.2454,-0.1204,0.00702,0.16184,0.06605,0,1,0.728,0.004,running
62.024,1,1346,-0.07168,-0.01398,-0.0089,-0.1418,-0.00196,0.17797,0.06693,0,1,0.800,0.422,running
62.071,1,1347,-0.07096,-0.01672,0.0396,-0.1511,-0.01653,0.17145,0.06712,0,1,0.272,0.491,running
62.115,1,1348,-0.06841,-0.01958,0.1398,-0.1570,-0.07179,0.15518,0.06579,0,1,0.128,0.528,running
62.157,1,1349,-0.06480,-0.02181,0.1986,-0.1228,-0.10955,0.13648,0.06343,0,1,-0.185,0.563,running
62.203,1,1350,-0.05991,-0.02316,0.2693,-0.0741,-0.11626,0.09971,0.05971,0,1,-0.399,0.478,running
62.244,1,1351,-0.05470,-0.02381,0.2865,-0.0360,-0.11051,0.04791,0.05557,0,1,-0.683,0.340,running
62.289,1,1352,-0.04996,-0.02288,0.2607,0.0515,-0.09623,-0.01093,0.05110,0,1,-0.800,0.219,running
62.333,1,1353,-0.04584,-0.02077,0.2266,0.1160,-0.05898,-0.06634,0.04651,0,1,-0.798,-0.095,running
62.378,1,1354,-0.04316,-0.01837,0.1473,0.1317,-0.01290,-0.10251,0.04295,1,1,-0.740,-0.358,in_circle
62.421,1,1355,-0.04213,-0.01606,0.0565,0.1273,0.01522,-0.12252,0.04081,1,1,-0.478,-0.447,in_circle
62.464,1,1356,-0.04360,-0.01419,-0.0807,0.1030,0.04549,-0.10691,0.04110,1,1,-0.137,-0.449,in_circle
62.509,1,1357,-0.04672,-0.01322,-0.1719,0.0531,0.07504,-0.06521,0.04341,1,1,0.411,-0.356,in_circle
62.553,1,1358,-0.05115,-0.01389,-0.2432,-0.0370,0.07046,-0.00585,0.04769,0,1,0.768,-0.154,running
62.596,1,1359,-0.05584,-0.01443,-0.2583,-0.0296,0.04156,0.04911,0.05221,0,1,0.800,0.194,running
62.640,1,1360,-0.06088,-0.01596,-0.2769,-0.0842,0.01111,0.09684,0.05744,0,1,0.800,0.168,running
62.686,1,1361,-0.06526,-0.01792,-0.2412,-0.1077,-0.02756,0.13307,0.06224,0,1,0.800,0.352,running
62.728,1,1362,-0.06858,-0.02011,-0.1825,-0.1202,-0.06382,0.15732,0.06615,0,1,0.800,0.422,running
62.774,1,1363,-0.07100,-0.02217,-0.1330,-0.1133,-0.09577,0.16850,0.06919,0,1,0.771,0.455,running
62.816,1,1364,-0.07147,-0.02280,-0.0256,-0.0345,-0.11132,0.16287,0.06988,0,1,0.627,0.432,running
62.861,1,1365,-0.07038,-0.02269,0.0600,0.0060,-0.10668,0.14701,0.06884,0,1,0.326,0.212,running
62.904,1,1366,-0.06844,-0.02089,0.1063,0.0988,-0.08397,0.12536,0.06634,0,1,0.076,0.096,running
62.949,1,1367,-0.06554,-0.01924,0.1597,0.0905,-0.05635,0.08680,0.06302,0,1,-0.082,-0.189,running
62.992,1,1368,-0.06222,-0.01723,0.1826,0.1110,-0.01921,0.02044,0.05917,0,1,-0.281,-0.186,running
63.037,1,1369,-0.05999,-0.01510,0.1226,0.1167,0.01613,-0.04220,0.05630,0,1,-0.402,-0.278,running
63.080,1,1370,-0.05903,-0.01425,0.0528,0.0468,0.04514,-0.08236,0.05509,0,1,-0.237,-0.321,running
63.126,1,1371,-0.05928,-0.01387,-0.0136,0.0211,0.06630,-0.10186,0.05518,0,1,-0.013,-0.093,running
63.169,1,1372,-0.06042,-0.01467,-0.0625,-0.0438,0.06037,-0.08830,0.05653,0,1,0.214,-0.007,running
63.213,1,1373,-0.06313,-0.01685,-0.1492,-0.1203,0.02979,-0.03346,0.05986,0,1,0.384,0.215,running
63.257,1,1374,-0.06671,-0.01927,-0.1971,-0.1327,-0.00803,0.03206,0.06410,0,1,0.672,0.465,running
63.300,1,1375,-0.07072,-0.02265,-0.2202,-0.1863,-0.04307,0.08695,0.06913,0,1,0.800,0.496,running
63.345,1,1376,-0.07440,-0.02517,-0.2028,-0.1385,-0.07282,0.12832,0.07354,0,1,0.800,0.641,running
63.392,1,1377,-0.07735,-0.02714,-0.1621,-0.1081,-0.10745,0.15526,0.07704,0,1,0.800,0.498,running
63.438,1,1378,-0.07861,-0.02795,-0.0693,-0.0448,-0.12067,0.17107,0.07853,0,1,0.711,0.417,running
63.478,1,1379,-0.07867,-0.02803,-0.0031,-0.0042,-0.10798,0.16557,0.07861,0,1,0.484,0.260,running
63.521,1,1380,-0.07768,-0.02744,0.0541,0.0321,-0.09238,0.15443,0.07747,0,1,0.322,0.161,running
63.565,1,1381,-0.07549,-0.02569,0.1209,0.0964,-0.04955,0.13325,0.07474,0,1,0.170,0.066,running
63.609,1,1382,-0.07231,-0.02375,0.1748,0.1069,-0.00713,0.08369,0.07104,0,1,-0.029,-0.117,running
63.654,1,1383,-0.06873,-0.02179,0.1968,0.1075,0.02027,0.02507,0.06697,0,1,-0.221,-0.174,running
63.696,1,1384,-0.06620,-0.02083,0.1393,0.0528,0.05263,-0.03264,0.06427,0,1,-0.340,-0.207,running
63.742,1,1385,-0.06452,-0.02090,0.0924,-0.0038,0.06381,-0.07840,0.06277,0,1,-0.205,-0.060,running
63.785,1,1386,-0.06384,-0.02147,0.0371,-0.0314,0.04740,-0.10326,0.06241,0,1,-0.079,0.110,running
63.832,1,1387,-0.06501,-0.02297,-0.0639,-0.0825,0.02059,-0.08472,0.06412,0,1,0.088,0.197,running
63.873,1,1388,-0.06738,-0.02437,-0.1305,-0.0769,-0.01540,-0.03013,0.06687,0,1,0.406,0.358,running
63.916,1,1389,-0.07135,-0.02685,-0.2183,-0.1366,-0.05689,0.03461,0.07154,0,1,0.611,0.342,running
64.004,1,1390,-0.07838,-0.02911,-0.3868,-0.1243,-0.10305,0.12100,0.07883,0,1,0.800,0.508,running
64.049,1,1391,-0.08138,-0.02899,-0.1648,0.0069,-0.09744,0.13636,0.08147,0,1,0.800,0.460,running
64.093,1,1392,-0.08289,-0.02800,-0.0835,0.0545,-0.10839,0.13658,0.08243,0,1,0.722,0.144,running
64.137,1,1393,-0.08367,-0.02594,-0.0426,0.1130,-0.09795,0.14588,0.08232,0,1,0.539,0.032,running
64.182,1,1394,-0.08280,-0.02345,0.0481,0.1371,-0.05848,0.14738,0.08057,0,1,0.449,-0.113,running
64.226,1,1395,-0.08053,-0.02062,0.1247,0.1554,-0.01732,0.13159,0.07745,0,1,0.225,-0.193,running
64.268,1,1396,-0.07795,-0.01779,0.1420,0.1557,0.01002,0.09421,0.07407,0,1,0.006,-0.273,running
64.314,1,1397,-0.07494,-0.01568,0.1656,0.1161,0.04491,0.04096,0.07055,0,1,-0.080,-0.310,running
64.356,1,1398,-0.07249,-0.01416,0.1344,0.0837,0.06461,-0.00991,0.06776,0,1,-0.190,-0.235,running
64.402,1,1399,-0.07097,-0.01369,0.0837,0.0259,0.06022,-0.05884,0.06617,0,1,-0.137,-0.163,running
64.444,1,1400,-0.07024,-0.01457,0.0404,-0.0484,0.03995,-0.08775,0.06574,0,1,-0.006,-0.002,running
64.489,1,1401,-0.07114,-0.01590,-0.0497,-0.0732,-0.00238,-0.08189,0.06702,0,1,0.116,0.222,running
64.532,1,1402,-0.07348,-0.01727,-0.1288,-0.0753,-0.03483,-0.04206,0.06968,0,1,0.389,0.298,running
64.578,1,1403,-0.07687,-0.01876,-0.1860,-0.0821,-0.07100,0.02695,0.07337,0,1,0.624,0.304,running
64.620,1,1404,-0.08079,-0.01971,-0.2160,-0.0520,-0.09861,0.09387,0.07739,0,1,0.784,0.322,running
64.664,1,1405,-0.08452,-0.01978,-0.2049,-0.0040,-0.10091,0.13782,0.08094,0,1,0.800,0.243,running
64.708,1,1406,-0.08716,-0.01941,-0.1451,0.0202,-0.09062,0.15631,0.08333,0,1,0.800,0.127,running
64.753,1,1407,-0.08838,-0.01796,-0.0669,0.0799,-0.06103,0.16695,0.08406,0,1,0.699,0.073,running
64.795,1,1408,-0.08758,-0.01659,0.0438,0.0755,-0.02058,0.16616,0.08292,0,1,0.529,-0.066,running
64.840,1,1409,-0.08657,-0.01510,0.0555,0.0816,0.01435,0.15601,0.08155,0,1,0.271,-0.068,running
64.884,1,1410,-0.08381,-0.01457,0.1518,0.0293,0.04027,0.13091,0.07874,0,1,0.231,-0.094,running
64.930,1,1411,-0.08013,-0.01441,0.2024,0.0087,0.04545,0.07188,0.07516,0,1,-0.035,0.020,running
64.975,1,1412,-0.07679,-0.01524,0.1838,-0.0458,0.02891,0.00325,0.07219,0,1,-0.217,0.064,running
65.016,1,1413,-0.07415,-0.01654,0.1453,-0.0713,0.00565,-0.04971,0.07007,0,1,-0.215,0.211,running
65.061,1,1414,-0.07276,-0.01814,0.0763,-0.0880,-0.03162,-0.07723,0.06930,0,1,-0.141,0.290,running
65.104,1,1415,-0.07267,-0.01991,0.0047,-0.0973,-0.07066,-0.08048,0.06986,0,1,0.042,0.345,running
65.149,1,1416,-0.07320,-0.02053,-0.0290,-0.0338,-0.09992,-0.05638,0.07057,0,1,0.246,0.376,running
65.192,1,1417,-0.07546,-0.02039,-0.1241,0.0075,-0.10151,-0.00765,0.07262,0,1,0.344,0.201,running
65.237,1,1418,-0.07868,-0.01885,-0.1772,0.0847,-0.10273,0.05016,0.07511,0,1,0.614,0.089,running
65.282,1,1419,-0.08181,-0.01663,-0.1720,0.1219,-0.07940,0.10973,0.07739,0,1,0.762,-0.114,running
65.325,1,1420,-0.08389,-0.01361,-0.1146,0.1660,-0.03078,0.15216,0.07858,0,1,0.754,-0.206,running
65.368,1,1421,-0.08530,-0.01110,-0.0776,0.1383,-0.00315,0.18160,0.07936,0,1,0.619,-0.321,running
65.412,1,1422,-0.08466,-0.00852,0.0352,0.1416,0.02584,0.18397,0.07822,0,1,0.535,-0.259,running
65.456,1,1423,-0.08297,-0.00695,0.0931,0.0866,0.06418,0.16899,0.07627,0,1,0.252,-0.286,running
65.502,1,1424,-0.07970,-0.00690,0.1799,0.0026,0.06110,0.14029,0.07304,0,1,0.087,-0.165,running
65.544,1,1425,-0.07546,-0.00757,0.2330,-0.0368,0.04250,0.09749,0.06901,0,1,-0.183,0.047,running
65.589,1,1426,-0.07066,-0.00962,0.2638,-0.1125,0.02116,0.04048,0.06477,0,1,-0.394,0.158,running
65.633,1,1427,-0.06676,-0.01217,0.2146,-0.1404,-0.01955,-0.01692,0.06170,0,1,-0.559,0.397,running
65.677,1,1428,-0.06330,-0.01508,0.1904,-0.1602,-0.05884,-0.06813,0.05937,0,1,-0.461,0.505,running
65.719,1,1429,-0.06107,-0.01703,0.1225,-0.1069,-0.08383,-0.10167,0.05803,0,1,-0.422,0.590,running
65.766,1,1430,-0.06087,-0.01801,0.0111,-0.0539,-0.09754,-0.10867,0.05825,0,1,-0.220,0.429,running
65.809,1,1431,-0.06198,-0.01824,-0.0609,-0.0131,-0.10010,-0.07504,0.05935,0,1,0.145,0.258,running
65.852,1,1432,-0.06468,-0.01774,-0.1486,0.0275,-0.10121,-0.01650,0.06163,0,1,0.384,0.126,running
65.896,1,1433,-0.06772,-0.01594,-0.1671,0.0992,-0.07447,0.04629,0.06381,0,1,0.669,-0.001,running
65.940,1,1434,-0.07130,-0.01331,-0.1970,0.1446,-0.02779,0.09642,0.06637,0,1,0.730,-0.221,running
66.031,1,1435,-0.07604,-0.00884,-0.2607,0.2457,0.03065,0.16203,0.06983,0,1,0.800,-0.352,running
66.074,1,1436,-0.07675,-0.00775,-0.0393,0.0599,0.03604,0.17870,0.07031,0,1,0.800,-0.630,running
66.117,1,1437,-0.07530,-0.00759,0.0797,0.0090,0.05207,0.17335,0.06886,0,1,0.386,-0.112,running
66.160,1,1438,-0.07265,-0.00880,0.1460,-0.0668,0.09898,0.16360,0.06652,0,1,0.039,0.028,running
66.205,1,1439,-0.06878,-0.01152,0.2127,-0.1492,0.07264,0.14935,0.06345,0,1,-0.181,0.253,running
66.248,1,1440,-0.06386,-0.01520,0.2709,-0.2025,0.01352,0.11138,0.05993,0,1,-0.427,0.521,running
66.293,1,1441,-0.05826,-0.01989,0.3080,-0.2581,-0.01587,0.05431,0.05671,0,1,-0.672,0.723,running
66.336,1,1442,-0.05262,-0.02426,0.3098,-0.2403,-0.03436,-0.01443,0.05408,0,1,-0.800,0.800,running
66.382,1,1443,-0.04802,-0.02805,0.2530,-0.2085,-0.07692,-0.06710,0.05270,0,1,-0.800,0.800,running
66.425,1,1444,-0.04439,-0.03107,0.2001,-0.1660,-0.10307,-0.10051,0.05208,0,1,-0.757,0.800,running
66.469,1,1445,-0.04341,-0.03296,0.0536,-0.1038,-0.09867,-0.11301,0.05278,0,1,-0.590,0.699,running
66.514,1,1446,-0.04385,-0.03370,-0.0244,-0.0408,-0.10169,-0.09961,0.05363,0,1,-0.075,0.484,running
66.557,1,1447,-0.04663,-0.03249,-0.1528,0.0667,-0.10079,-0.06426,0.05467,0,1,0.199,0.267,running
66.601,1,1448,-0.05009,-0.03060,-0.1901,0.1035,-0.09522,-0.00983,0.05593,0,1,0.647,-0.103,running
66.644,1,1449,-0.05483,-0.02745,-0.2609,0.1733,-0.05797,0.04580,0.05771,0,1,0.779,-0.227,running
66.691,1,1450,-0.05901,-0.02311,-0.2300,0.2390,-0.01588,0.09539,0.05890,0,1,0.800,-0.457,running
66.733,1,1451,-0.06292,-0.01975,-0.2147,0.1845,0.01638,0.14042,0.06083,0,1,0.800,-0.675,running
66.778,1,1452,-0.06523,-0.01703,-0.1276,0.1498,0.04908,0.16824,0.06188,0,1,0.800,-0.493,running
66.823,1,1453,-0.06666,-0.01514,-0.0786,0.1038,0.08027,0.18166,0.06255,0,1,0.605,-0.385,running
66.865,1,1454,-0.06656,-0.01424,0.0060,0.0496,0.06811,0.17596,0.06214,0,1,0.457,-0.245,running
66.909,1,1455,-0.06422,-0.01495,0.1284,-0.0389,0.03428,0.15410,0.06019,0,1,0.193,-0.081,running
66.952,1,1456,-0.06160,-0.01505,0.1441,-0.0055,0.00441,0.11840,0.05777,0,1,-0.212,0.198,running
66.997,1,1457,-0.05800,-0.01622,0.1978,-0.0646,-0.03241,0.05945,0.05490,0,1,-0.292,0.089,running
67.041,1,1458,-0.05461,-0.01735,0.1867,-0.0617,-0.06492,-0.00146,0.05231,0,1,-0.510,0.292,running
67.085,1,1459,-0.05151,-0.01778,0.1705,-0.0239,-0.07454,-0.05708,0.04976,0,1,-0.509,0.289,running
67.129,1,1460,-0.04955,-0.01689,0.1080,0.0489,-0.07970,-0.09164,0.04761,0,1,-0.485,0.157,running
67.173,1,1461,-0.04977,-0.01626,-0.0124,0.0350,-0.08079,-0.10526,0.04751,0,1,-0.279,-0.115,running
67.218,1,1462,-0.05187,-0.01351,-0.1153,0.1512,-0.05173,-0.08583,0.04819,0,1,0.167,-0.065,running
67.261,1,1463,-0.05444,-0.01121,-0.1415,0.1263,-0.00838,-0.04071,0.04972,0,1,0.552,-0.499,running
67.306,1,1464,-0.05855,-0.00897,-0.2260,0.1229,0.02000,0.02014,0.05291,0,1,0.650,-0.405,running
67.349,1,1465,-0.06297,-0.00735,-0.2432,0.0893,0.04500,0.07810,0.05676,0,1,0.800,-0.381,running
67.394,1,1466,-0.06702,-0.00701,-0.2224,0.0185,0.05287,0.11958,0.06063,0,1,0.800,-0.253,running
67.437,1,1467,-0.06997,-0.00717,-0.1626,-0.0086,0.03884,0.15492,0.06355,0,1,0.800,-0.013,running
67.481,1,1468,-0.07199,-0.00853,-0.1109,-0.0745,0.01784,0.17721,0.06581,0,1,0.726,0.075,running
67.524,1,1469,-0.07244,-0.01045,-0.0249,-0.1057,-0.02546,0.17921,0.06670,0,1,0.572,0.276,running
67.570,1,1470,-0.07137,-0.01231,0.0591,-0.1023,-0.05630,0.15893,0.06615,0,1,0.321,0.373,running
67.613,1,1471,-0.06867,-0.01389,0.1481,-0.0869,-0.08380,0.12463,0.06404,0,1,0.067,0.372,running
67.657,1,1472,-0.06576,-0.01508,0.1604,-0.0657,-0.11397,0.07817,0.06167,0,1,-0.225,0.338,running
67.700,1,1473,-0.06283,-0.01513,0.1611,-0.0024,-0.09726,0.02456,0.05894,0,1,-0.295,0.281,running
67.745,1,1474,-0.05997,-0.01463,0.1571,0.0273,-0.08092,-0.02996,0.05610,0,1,-0.333,0.081,running
67.789,1,1475,-0.05836,-0.01294,0.0886,0.0929,-0.05763,-0.07680,0.05399,0,1,-0.355,-0.023,running
67.832,1,1476,-0.05788,-0.01177,0.0266,0.0646,-0.01023,-0.09130,0.05313,0,1,-0.143,-0.259,running
67.877,1,1477,-0.05868,-0.00997,-0.0440,0.0989,0.02593,-0.07378,0.05332,0,1,0.066,-0.168,running
67.929,1,1478,-0.06122,-0.00906,-0.1402,0.0500,0.05014,-0.03130,0.05551,0,1,0.314,-0.292,running
67.970,1,1479,-0.06414,-0.00973,-0.1601,-0.0371,0.04569,0.02820,0.05849,0,1,0.649,-0.119,running
68.098,1,1480,-0.07189,-0.01456,-0.4263,-0.2656,0.00612,0.13921,0.06731,0,1,0.715,0.175,running
68.146,1,1481,-0.07337,-0.01762,-0.0816,-0.1681,-0.00709,0.14081,0.06969,0,1,0.800,0.800,running
68.190,1,1482,-0.07343,-0.02078,-0.0034,-0.1739,-0.02822,0.14434,0.07089,0,1,0.491,0.567,running
68.229,1,1483,-0.07224,-0.02371,0.0658,-0.1610,-0.04936,0.14959,0.07096,0,1,0.275,0.589,running
68.274,1,1484,-0.07016,-0.02626,0.1143,-0.1403,-0.08098,0.14256,0.07021,0,1,0.079,0.565,running
68.317,1,1485,-0.06666,-0.02795,0.1922,-0.0929,-0.10303,0.10776,0.06795,0,1,-0.069,0.521,running
68.361,1,1486,-0.06301,-0.02908,0.2011,-0.0622,-0.10831,0.04659,0.06541,0,1,-0.324,0.400,running
68.405,1,1487,-0.05924,-0.02911,0.2071,-0.0013,-0.09187,-0.01557,0.06228,0,1,-0.392,0.318,running
68.449,1,1488,-0.05662,-0.02844,0.1444,0.0367,-0.06684,-0.06907,0.05974,0,1,-0.458,0.131,running
68.493,1,1489,-0.05575,-0.02764,0.0479,0.0439,-0.02786,-0.09629,0.05857,0,1,-0.293,0.002,running
68.538,1,1490,-0.05647,-0.02628,-0.0400,0.0748,0.00925,-0.09303,0.05840,0,1,0.008,-0.028,running
68.581,1,1491,-0.05835,-0.02512,-0.1033,0.0640,0.04000,-0.06300,0.05936,0,1,0.297,-0.134,running
68.626,1,1492,-0.06120,-0.02464,-0.1565,0.0264,0.05017,-0.00973,0.06156,0,1,0.509,-0.098,running
68.669,1,1493,-0.06531,-0.02540,-0.2264,-0.0419,0.04151,0.05631,0.06552,0,1,0.682,0.027,running
68.713,1,1494,-0.06931,-0.02656,-0.2201,-0.0641,0.01892,0.11103,0.06960,0,1,0.800,0.243,running
68.756,1,1495,-0.07273,-0.02823,-0.1880,-0.0915,-0.02084,0.14257,0.07340,0,1,0.800,0.310,running
68.801,1,1496,-0.07508,-0.03018,-0.1290,-0.1075,-0.05477,0.16054,0.07639,0,1,0.772,0.387,running
68.844,1,1497,-0.07561,-0.03168,-0.0293,-0.0824,-0.08856,0.17273,0.07758,0,1,0.619,0.430,running
68.889,1,1498,-0.07490,-0.03223,0.0388,-0.0300,-0.11162,0.16411,0.07723,0,1,0.370,0.371,running
68.934,1,1499,-0.07323,-0.03211,0.0921,0.0065,-0.11006,0.14542,0.07572,0,1,0.195,0.242,running
70.473,2,0,-0.03218,-0.02246,0.0254,-0.0737,-0.01908,0.04316,0.03748,1,1,0.062,0.068,in_circle
70.560,2,1,-0.03027,-0.02292,0.1050,-0.0254,-0.02698,0.04360,0.03663,1,1,-0.041,0.366,in_circle
70.606,2,2,-0.03005,-0.02255,0.0121,0.0203,-0.02811,0.04415,0.03620,1,1,-0.364,0.174,in_circle
70.648,2,3,-0.02958,-0.02192,0.0259,0.0346,-0.04958,0.04431,0.03542,1,1,0.007,-0.010,in_circle
70.693,2,4,-0.02961,-0.02090,-0.0016,0.0562,-0.06097,0.03187,0.03463,1,1,-0.049,-0.069,in_circle
70.736,2,5,-0.02944,-0.02046,0.0095,0.0244,-0.02880,0.01558,0.03418,1,1,0.061,-0.158,in_circle
70.781,2,6,-0.02982,-0.01879,-0.0208,0.0920,-0.00043,0.01265,0.03315,1,1,0.016,-0.031,in_circle
70.826,2,7,-0.03078,-0.01796,-0.0527,0.0454,0.02612,0.02357,0.03320,1,1,0.138,-0.306,in_circle
70.870,2,8,-0.03133,-0.01772,-0.0304,0.0130,0.02857,0.03826,0.03341,1,1,0.268,-0.122,in_circle
70.912,2,9,-0.03196,-0.01776,-0.0347,-0.0022,0.04044,0.06059,0.03389,1,1,0.180,0.007,in_circle
70.957,2,10,-0.03224,-0.01823,-0.0154,-0.0253,0.03167,0.09763,0.03441,1,1,0.199,0.068,in_circle
71.000,2,11,-0.03182,-0.01889,0.0230,-0.0364,-0.02089,0.12860,0.03459,1,1,0.123,0.162,in_circle
71.045,2,12,-0.03133,-0.02000,0.0269,-0.0614,-0.05770,0.13144,0.03507,1,1,-0.032,0.208,in_circle
71.089,2,13,-0.02931,-0.02106,0.1113,-0.0581,-0.07793,0.11204,0.03457,1,1,-0.049,0.311,in_circle
71.134,2,14,-0.02671,-0.02089,0.1432,0.0092,-0.09274,0.06966,0.03287,1,1,-0.391,0.300,in_circle
71.177,2,15,-0.02413,-0.02042,0.1415,0.0261,-0.08976,0.01892,0.03106,1,1,-0.525,0.030,in_circle
71.223,2,16,-0.02198,-0.01883,0.1184,0.0871,-0.07377,-0.03158,0.02860,1,1,-0.525,-0.038,in_circle
71.265,2,17,-0.02100,-0.01614,0.0539,0.1483,-0.04759,-0.08248,0.02578,1,1,-0.438,-0.286,in_circle
71.309,2,18,-0.02170,-0.01334,-0.0383,0.1537,-0.00249,-0.11181,0.02382,1,1,-0.183,-0.538,in_circle
71.353,2,19,-0.02391,-0.01166,-0.1216,0.0925,0.03413,-0.10259,0.02390,1,1,0.188,-0.567,in_circle
71.397,2,20,-0.02780,-0.01107,-0.2139,0.0326,0.05967,-0.05650,0.02629,1,1,0.527,-0.326,in_circle
71.440,2,21,-0.03336,-0.01037,-0.3058,0.0385,0.07760,0.01701,0.03035,1,1,0.800,-0.088,in_circle
71.486,2,22,-0.03873,-0.01066,-0.2958,-0.0161,0.04654,0.08380,0.03514,1,1,0.800,-0.113,in_circle
71.528,2,23,-0.04435,-0.01251,-0.3090,-0.1014,0.00012,0.12560,0.04097,1,1,0.800,0.106,in_circle
71.574,2,24,-0.04885,-0.01387,-0.2474,-0.0751,-0.02947,0.14220,0.04561,0,1,0.800,0.449,running
71.617,2,25,-0.05165,-0.01596,-0.1542,-0.1149,-0.05876,0.15073,0.04905,0,1,0.800,0.339,running
71.662,2,26,-0.05322,-0.01667,-0.0862,-0.0389,-0.09155,0.15151,0.05076,0,1,0.690,0.483,running
71.706,2,27,-0.05353,-0.01666,-0.0171,0.0005,-0.10034,0.14641,0.05104,0,1,0.446,0.208,running
71.749,2,28,-0.05281,-0.01631,0.0394,0.0189,-0.09421,0.13263,0.05024,0,1,0.200,0.067,running
71.792,2,29,-0.05166,-0.01464,0.0637,0.0918,-0.07902,0.09832,0.04847,0,1,-0.006,-0.001,running
71.838,2,30,-0.05003,-0.01280,0.0893,0.1016,-0.03792,0.03960,0.04623,0,1,-0.105,-0.276,running
71.880,2,31,-0.04798,-0.01051,0.1129,0.1260,0.00550,-0.01573,0.04344,1,1,-0.216,-0.328,in_circle
71.926,2,32,-0.04659,-0.00880,0.0766,0.0937,0.03278,-0.05727,0.04152,1,1,-0.329,-0.443,in_circle
71.969,2,33,-0.04713,-0.00745,-0.0299,0.0744,0.06352,-0.08156,0.04157,1,1,-0.202,-0.331,in_circle
72.014,2,34,-0.04897,-0.00782,-0.1012,-0.0201,0.08074,-0.07869,0.04343,1,1,0.219,-0.258,in_circle
72.057,2,35,-0.05182,-0.00941,-0.1568,-0.0875,0.05781,-0.05268,0.04664,0,1,0.501,0.114,running
72.102,2,36,-0.05562,-0.01223,-0.2087,-0.1556,0.02014,-0.00575,0.05118,0,1,0.710,0.370,running
72.145,2,37,-0.05979,-0.01432,-0.2295,-0.1148,-0.01435,0.06016,0.05582,0,1,0.800,0.609,running
72.190,2,38,-0.06419,-0.01758,-0.2421,-0.1792,-0.04930,0.12061,0.06112,0,1,0.800,0.453,running
72.233,2,39,-0.06772,-0.02031,-0.1943,-0.1502,-0.07801,0.15622,0.06545,0,1,0.800,0.649,running
72.277,2,40,-0.07011,-0.02236,-0.1312,-0.1125,-0.09501,0.17030,0.06846,0,1,0.800,0.547,running
72.323,2,41,-0.07096,-0.02349,-0.0466,-0.0625,-0.10682,0.16585,0.06970,0,1,0.620,0.433,running
72.367,2,42,-0.07099,-0.02364,-0.0018,-0.0081,-0.10755,0.15347,0.06980,0,1,0.383,0.293,running
72.408,2,43,-0.06932,-0.02302,0.0918,0.0338,-0.07342,0.13516,0.06802,0,1,0.257,0.141,running
72.454,2,44,-0.06753,-0.02190,0.0985,0.0619,-0.03442,0.10074,0.06592,0,1,-0.024,0.016,running
72.499,2,45,-0.06476,-0.02061,0.1525,0.0711,-0.00415,0.03260,0.06286,0,1,-0.065,-0.077,running
72.586,2,46,-0.06184,-0.01952,0.1603,0.0600,0.05190,-0.07007,0.05976,0,1,-0.263,-0.122,running
72.629,2,47,-0.06226,-0.02013,-0.0228,-0.0339,0.04884,-0.07260,0.06040,0,1,-0.326,-0.103,running
72.674,2,48,-0.06411,-0.02119,-0.1017,-0.0579,0.04598,-0.06215,0.06253,0,1,0.264,0.200,running
72.717,2,49,-0.06655,-0.02313,-0.1343,-0.1070,0.02180,-0.05542,0.06557,0,1,0.519,0.278,running
72.761,2,50,-0.07050,-0.02491,-0.2175,-0.0976,-0.02297,-0.03650,0.06991,0,1,0.622,0.429,running
72.805,2,51,-0.07552,-0.02763,-0.2758,-0.1495,-0.05612,0.01323,0.07560,0,1,0.800,0.397,running
72.849,2,52,-0.08114,-0.02960,-0.3096,-0.1085,-0.08421,0.08369,0.08153,0,1,0.800,0.529,running
72.892,2,53,-0.08678,-0.03044,-0.3102,-0.0462,-0.10021,0.14451,0.08698,0,1,0.800,0.417,running
72.938,2,54,-0.09091,-0.03054,-0.2267,-0.0058,-0.10507,0.17527,0.09079,0,1,0.800,0.275,running
72.981,2,55,-0.09355,-0.02956,-0.1456,0.0541,-0.09384,0.16801,0.09284,0,1,0.800,0.194,running
73.026,2,56,-0.09472,-0.02751,-0.0642,0.1131,-0.05351,0.16387,0.09316,0,1,0.720,0.070,running
73.069,2,57,-0.09424,-0.02511,0.0263,0.1320,-0.01654,0.16284,0.09187,0,1,0.563,-0.059,running
73.113,2,58,-0.09279,-0.02318,0.0798,0.1060,0.01185,0.14245,0.08986,0,1,0.380,-0.108,running
73.157,2,59,-0.09022,-0.02176,0.1415,0.0783,0.04418,0.10195,0.08697,0,1,0.264,-0.067,running
73.201,2,60,-0.08732,-0.02111,0.1594,0.0357,0.05712,0.03361,0.08402,0,1,0.100,-0.031,running
73.245,2,61,-0.08489,-0.02176,0.1337,-0.0358,0.03381,-0.03464,0.08194,0,1,0.017,0.047,running
73.289,2,62,-0.08341,-0.02246,0.0817,-0.0387,0.00493,-0.07585,0.08079,0,1,0.044,0.211,running
73.335,2,63,-0.08336,-0.02324,0.0028,-0.0428,-0.03207,-0.08132,0.08102,0,1,0.150,0.221,running
73.380,2,64,-0.08489,-0.02482,-0.0844,-0.0871,-0.07062,-0.05155,0.08302,0,1,0.337,0.234,running
73.421,2,65,-0.08756,-0.02496,-0.1467,-0.0074,-0.09002,0.00261,0.08556,0,1,0.551,0.342,running
73.466,2,66,-0.09057,-0.02461,-0.1654,0.0192,-0.08964,0.06192,0.08824,0,1,0.701,0.164,running
73.509,2,67,-0.09374,-0.02355,-0.1744,0.0583,-0.08822,0.10651,0.09087,0,1,0.749,0.111,running
73.553,2,68,-0.09631,-0.02177,-0.1414,0.0978,-0.06234,0.14466,0.09276,0,1,0.778,0.031,running
73.597,2,69,-0.09765,-0.01997,-0.0740,0.0991,-0.02356,0.17442,0.09353,0,1,0.725,-0.057,running
73.642,2,70,-0.09742,-0.01758,0.0129,0.1312,0.01439,0.18455,0.09267,0,1,0.597,-0.068,running
73.686,2,71,-0.09592,-0.01617,0.0824,0.0777,0.04047,0.17583,0.09087,0,1,0.422,-0.144,running
73.730,2,72,-0.09273,-0.01533,0.1752,0.0463,0.04951,0.14769,0.08757,0,1,0.276,-0.044,running
73.774,2,73,-0.08906,-0.01556,0.2020,-0.0126,0.03859,0.10091,0.08407,0,1,0.047,0.007,running
73.818,2,74,-0.08445,-0.01624,0.2534,-0.0376,0.01560,0.04292,0.07982,0,1,-0.070,0.130,running
73.862,2,75,-0.08042,-0.01740,0.2216,-0.0634,-0.02668,-0.00826,0.07630,0,1,-0.266,0.191,running
73.906,2,76,-0.07740,-0.01837,0.1665,-0.0536,-0.06085,-0.05417,0.07374,0,1,-0.251,0.262,running
73.948,2,77,-0.07521,-0.01929,0.1203,-0.0507,-0.08659,-0.08725,0.07200,0,1,-0.150,0.244,running
73.994,2,78,-0.07462,-0.01928,0.0324,0.0009,-0.09623,-0.09247,0.07144,0,1,-0.051,0.242,running
74.037,2,79,-0.07545,-0.01842,-0.0459,0.0472,-0.08770,-0.06052,0.07193,0,1,0.183,0.101,running
74.082,2,80,-0.07767,-0.01610,-0.1217,0.1274,-0.07178,0.00558,0.07328,0,1,0.402,-0.029,running
74.125,2,81,-0.08029,-0.01395,-0.1440,0.1182,-0.03573,0.07918,0.07518,0,1,0.616,-0.248,running
74.171,2,82,-0.08270,-0.01149,-0.1330,0.1356,0.00559,0.13001,0.07692,0,1,0.682,-0.222,running
74.213,2,83,-0.08443,-0.00989,-0.0947,0.0877,0.03669,0.15581,0.07826,0,1,0.661,-0.266,running
74.257,2,84,-0.08481,-0.00892,-0.0210,0.0533,0.04859,0.16653,0.07844,0,1,0.572,-0.146,running
74.301,2,85,-0.08344,-0.00887,0.0752,0.0029,0.04686,0.16194,0.07709,0,1,0.392,-0.065,running
74.345,2,86,-0.08078,-0.00986,0.1462,-0.0546,0.02365,0.14611,0.07469,0,1,0.140,0.058,running
74.389,2,87,-0.07766,-0.01182,0.1715,-0.1078,-0.01870,0.11310,0.07210,0,1,-0.073,0.210,running
74.434,2,88,-0.07397,-0.01376,0.2031,-0.1067,-0.05039,0.04811,0.06906,0,1,-0.179,0.366,running
74.479,2,89,-0.07028,-0.01540,0.2028,-0.0900,-0.07835,-0.01759,0.06605,0,1,-0.315,0.381,running
74.523,2,90,-0.06762,-0.01596,0.1464,-0.0308,-0.10137,-0.06550,0.06372,0,1,-0.362,0.348,running
74.610,2,91,-0.06625,-0.01383,0.0756,0.1170,-0.09329,-0.08166,0.06172,0,1,-0.226,0.175,running
74.652,2,92,-0.06766,-0.01149,-0.0776,0.1287,-0.08977,-0.07530,0.06236,0,1,-0.027,-0.295,running
74.697,2,93,-0.07057,-0.00777,-0.1605,0.2045,-0.07079,-0.06074,0.06427,0,1,0.457,-0.336,running
74.741,2,94,-0.07374,-0.00462,-0.1744,0.1735,-0.02060,-0.01981,0.06679,0,1,0.719,-0.568,running
74.785,2,95,-0.07842,-0.00137,-0.2574,0.1785,0.01751,0.04831,0.07101,0,1,0.764,-0.467,running
74.831,2,96,-0.08336,0.00126,-0.2713,0.1450,0.03879,0.11992,0.07570,0,1,0.800,-0.463,running
74.874,2,97,-0.08726,0.00285,-0.2145,0.0873,0.05390,0.16476,0.07952,0,1,0.800,-0.353,running
74.919,2,98,-0.09010,0.00305,-0.1563,0.0110,0.05015,0.17995,0.08235,0,1,0.800,-0.197,running
74.961,2,99,-0.09081,0.00268,-0.0390,-0.0207,0.02915,0.17762,0.08307,0,1,0.740,-0.012,running
75.005,2,100,-0.09081,0.00161,-0.0003,-0.0587,-0.00608,0.16446,0.08313,0,1,0.475,0.063,running
75.049,2,101,-0.08892,0.00004,0.1041,-0.0860,-0.04321,0.14216,0.08134,0,1,0.387,0.154,running
75.099,2,102,-0.08634,-0.00130,0.1420,-0.0738,-0.07722,0.10228,0.07888,0,1,0.126,0.229,running
75.138,2,103,-0.08251,-0.00285,0.2106,-0.0851,-0.09492,0.03638,0.07523,0,1,0.002,0.213,running
75.182,2,104,-0.08020,-0.00294,0.1271,-0.0051,-0.09449,-0.02865,0.07295,0,1,-0.227,0.258,running
75.226,2,105,-0.07880,-0.00295,0.0766,-0.0004,-0.07805,-0.06854,0.07157,0,1,-0.041,0.051,running
75.270,2,106,-0.07791,-0.00274,0.0490,0.0110,-0.05188,-0.08582,0.07066,0,1,0.080,0.038,running
75.314,2,107,-0.07928,-0.00200,-0.0749,0.0407,-0.01840,-0.06707,0.07192,0,1,0.147,0.005,running
75.356,2,108,-0.08118,-0.00193,-0.1048,0.0042,0.01613,-0.02096,0.07381,0,1,0.497,-0.078,running
75.402,2,109,-0.08403,-0.00285,-0.1568,-0.0509,0.03663,0.04428,0.07675,0,1,0.585,0.022,running
75.445,2,110,-0.08711,-0.00466,-0.1690,-0.0996,0.03762,0.09811,0.08002,0,1,0.727,0.167,running
75.491,2,111,-0.08977,-0.00720,-0.1463,-0.1394,0.01693,0.13998,0.08302,0,1,0.762,0.287,running
75.533,2,112,-0.09105,-0.01057,-0.0708,-0.1852,-0.01936,0.16884,0.08488,0,1,0.715,0.379,running
75.577,2,113,-0.09064,-0.01423,0.0227,-0.2013,-0.05692,0.17924,0.08527,0,1,0.551,0.487,running
75.622,2,114,-0.08949,-0.01749,0.0632,-0.1797,-0.09088,0.16622,0.08500,0,1,0.345,0.537,running
75.665,2,115,-0.08672,-0.01942,0.1526,-0.1058,-0.11727,0.13969,0.08291,0,1,0.249,0.507,running
75.709,2,116,-0.08271,-0.02070,0.2203,-0.0705,-0.11296,0.10067,0.07953,0,1,0.018,0.360,running
75.752,2,117,-0.07851,-0.02074,0.2309,-0.0022,-0.10739,0.05252,0.07560,0,1,-0.198,0.290,running
75.799,2,118,-0.07406,-0.01965,0.2450,0.0600,-0.08020,0.00398,0.07105,0,1,-0.292,0.120,running
75.843,2,119,-0.07045,-0.01768,0.1987,0.1084,-0.03670,-0.04922,0.06697,0,1,-0.407,-0.062,running
75.886,2,120,-0.06887,-0.01578,0.0866,0.1044,-0.00157,-0.08617,0.06484,0,1,-0.339,-0.225,running
75.931,2,121,-0.06800,-0.01402,0.0477,0.0968,0.02903,-0.09730,0.06344,0,1,-0.032,-0.232,running
75.974,2,122,-0.06948,-0.01374,-0.0813,0.0155,0.05966,-0.07624,0.06476,0,1,0.075,-0.223,running
76.018,2,123,-0.07143,-0.01325,-0.1073,0.0264,0.06547,-0.02230,0.06648,0,1,0.475,0.027,running
76.061,2,124,-0.07470,-0.01462,-0.1796,-0.0751,0.04017,0.04693,0.07000,0,1,0.559,-0.004,running
76.106,2,125,-0.07799,-0.01692,-0.1809,-0.1265,0.01113,0.09785,0.07383,0,1,0.771,0.293,running
76.148,2,126,-0.08125,-0.01927,-0.1795,-0.1293,-0.02891,0.13080,0.07767,0,1,0.773,0.431,running
76.194,2,127,-0.08349,-0.02171,-0.1231,-0.1340,-0.06343,0.15498,0.08060,0,1,0.769,0.433,running
76.238,2,128,-0.08414,-0.02387,-0.0360,-0.1189,-0.08951,0.17178,0.08198,0,1,0.635,0.444,running
76.282,2,129,-0.08365,-0.02474,0.0269,-0.0480,-0.10896,0.16704,0.08184,0,1,0.435,0.413,running
76.326,2,130,-0.08128,-0.02446,0.1304,0.0156,-0.10023,0.15195,0.07954,0,1,0.286,0.253,running
76.370,2,131,-0.07767,-0.02390,0.1986,0.0307,-0.08097,0.11039,0.07600,0,1,0.014,0.099,running
76.414,2,132,-0.07379,-0.02225,0.2133,0.0905,-0.05251,0.05063,0.07179,0,1,-0.208,0.050,running
76.457,2,133,-0.07028,-0.02054,0.1931,0.0941,-0.01090,0.00036,0.06789,0,1,-0.312,-0.131,running
76.502,2,134,-0.06739,-0.01862,0.1592,0.1057,0.02808,-0.04152,0.06447,0,1,-0.314,-0.168,running
76.547,2,135,-0.06564,-0.01750,0.0961,0.0619,0.05220,-0.06944,0.06243,0,1,-0.259,-0.228,running
76.634,2,136,-0.06576,-0.01814,-0.0066,-0.0355,0.04931,-0.05034,0.06279,0,1,-0.089,-0.107,running
76.678,2,137,-0.06808,-0.01980,-0.1274,-0.0914,0.05009,-0.02027,0.06557,0,1,0.231,0.197,running
76.723,2,138,-0.07024,-0.02227,-0.1189,-0.1359,0.02406,0.00885,0.06854,0,1,0.607,0.370,running
76.766,2,139,-0.07336,-0.02498,-0.1717,-0.1490,-0.02749,0.04618,0.07251,0,1,0.585,0.499,running
76.808,2,140,-0.07679,-0.02787,-0.1886,-0.1588,-0.05977,0.09222,0.07685,0,1,0.734,0.530,running
76.854,2,141,-0.07971,-0.03024,-0.1604,-0.1305,-0.08058,0.13422,0.08052,0,1,0.776,0.548,running
76.897,2,142,-0.08135,-0.03150,-0.0906,-0.0691,-0.10937,0.17564,0.08256,0,1,0.707,0.474,running
76.942,2,143,-0.08192,-0.03197,-0.0312,-0.0262,-0.11704,0.17102,0.08328,0,1,0.549,0.332,running
76.985,2,144,-0.08060,-0.03075,0.0726,0.0671,-0.09254,0.16861,0.08155,0,1,0.416,0.236,running
77.030,2,145,-0.07809,-0.02861,0.1382,0.1179,-0.06200,0.16675,0.07835,0,1,0.164,0.011,running
77.074,2,146,-0.07432,-0.02617,0.2073,0.1341,-0.02516,0.13080,0.07389,0,1,-0.030,-0.138,running
77.118,2,147,-0.06976,-0.02433,0.2509,0.1014,0.00899,0.06891,0.06898,0,1,-0.269,-0.220,running
77.161,2,148,-0.06578,-0.02264,0.2188,0.0929,0.04022,0.00849,0.06467,0,1,-0.468,-0.168,running
77.206,2,149,-0.06155,-0.02164,0.2328,0.0551,0.05824,-0.03359,0.06044,0,1,-0.443,-0.173,running
77.249,2,150,-0.05892,-0.02186,0.1445,-0.0125,0.04676,-0.06897,0.05822,0,1,-0.552,-0.078,running
77.294,2,151,-0.05746,-0.02247,0.0801,-0.0332,0.02571,-0.08849,0.05724,0,1,-0.298,0.136,running
77.337,2,152,-0.05783,-0.02379,-0.0203,-0.0725,-0.00704,-0.08351,0.05823,0,1,-0.098,0.206,running
77.382,2,153,-0.05897,-0.02507,-0.0624,-0.0709,-0.04747,-0.06214,0.05986,0,1,0.237,0.339,running
77.425,2,154,-0.06124,-0.02636,-0.1249,-0.0707,-0.08098,-0.01053,0.06247,0,1,0.379,0.336,running
77.469,2,155,-0.06457,-0.02679,-0.1836,-0.0234,-0.10915,0.05801,0.06556,0,1,0.581,0.337,running
77.513,2,156,-0.06811,-0.02605,-0.1947,0.0404,-0.10491,0.11261,0.06830,0,1,0.761,0.194,running
77.557,2,157,-0.07084,-0.02426,-0.1500,0.0984,-0.08824,0.14583,0.06993,0,1,0.794,0.010,running
77.602,2,158,-0.07225,-0.02191,-0.0776,0.1292,-0.06175,0.16903,0.07024,0,1,0.672,-0.155,running
77.646,2,159,-0.07213,-0.01934,0.0064,0.1417,-0.02448,0.18276,0.06914,0,1,0.475,-0.249,running
77.690,2,160,-0.07063,-0.01700,0.0825,0.1284,0.01477,0.17526,0.06691,0,1,0.236,-0.301,running
77.734,2,161,-0.06801,-0.01500,0.1443,0.1102,0.04306,0.15257,0.06377,0,1,0.000,-0.287,running
77.778,2,162,-0.06407,-0.01450,0.2169,0.0272,0.06203,0.09917,0.05989,0,1,-0.218,-0.259,running
77.822,2,163,-0.05973,-0.01430,0.2387,0.0114,0.05275,0.03775,0.05575,0,1,-0.498,-0.016,running
77.864,2,164,-0.05534,-0.01571,0.2411,-0.0779,0.03494,-0.01692,0.05227,0,1,-0.634,0.028,running
77.909,2,165,-0.05191,-0.01661,0.1886,-0.0496,0.00286,-0.05244,0.04957,0,1,-0.698,0.341,running
77.953,2,166,-0.05012,-0.01835,0.0986,-0.0954,-0.03665,-0.08137,0.04883,0,1,-0.551,0.247,running
77.998,2,167,-0.04937,-0.01969,0.0411,-0.0737,-0.07121,-0.10622,0.04887,0,1,-0.235,0.420,running
78.041,2,168,-0.05049,-0.02051,-0.0613,-0.0451,-0.08187,-0.10080,0.05025,0,1,-0.027,0.344,running
78.085,2,169,-0.05306,-0.02050,-0.1411,0.0009,-0.09886,-0.05853,0.05244,0,1,0.349,0.242,running
78.130,2,170,-0.05714,-0.01955,-0.2246,0.0519,-0.09388,0.01531,0.05556,0,1,0.636,0.080,running
78.173,2,171,-0.06101,-0.01753,-0.2130,0.1114,-0.05600,0.08301,0.05818,0,1,0.800,-0.092,running
78.219,2,172,-0.06540,-0.01564,-0.2414,0.1035,-0.01692,0.13204,0.06153,0,1,0.800,-0.284,running
78.261,2,173,-0.06865,-0.01383,-0.1785,0.0996,0.01119,0.15063,0.06400,0,1,0.800,-0.248,running
78.306,2,174,-0.07042,-0.01287,-0.0975,0.0531,0.04110,0.15993,0.06540,0,1,0.768,-0.229,running
78.349,2,175,-0.07086,-0.01248,-0.0245,0.0211,0.05389,0.16079,0.06572,0,1,0.527,-0.087,running
78.395,2,176,-0.06969,-0.01285,0.0644,-0.0201,0.03752,0.15234,0.06470,0,1,0.312,0.007,running
78.437,2,177,-0.06754,-0.01388,0.1183,-0.0570,0.01389,0.13382,0.06296,0,1,0.037,0.131,running
78.481,2,178,-0.06504,-0.01564,0.1374,-0.0963,-0.02895,0.08239,0.06120,0,1,-0.147,0.248,running
78.525,2,179,-0.06157,-0.01729,0.1910,-0.0911,-0.06372,0.01062,0.05860,0,1,-0.229,0.380,running
78.579,2,180,-0.05896,-0.01921,0.1433,-0.1057,-0.09258,-0.04410,0.05704,0,1,-0.438,0.377,running
78.658,2,181,-0.05786,-0.01819,0.0605,0.0562,-0.09672,-0.09283,0.05560,0,1,-0.304,0.435,running
78.704,2,182,-0.05932,-0.01707,-0.0799,0.0617,-0.09609,-0.09783,0.05645,0,1,-0.040,-0.110,running
78.753,2,183,-0.06245,-0.01469,-0.1723,0.1309,-0.09320,-0.07965,0.05843,0,1,0.438,-0.130,running
78.798,2,184,-0.06658,-0.01169,-0.2270,0.1649,-0.06928,-0.03897,0.06138,0,1,0.749,-0.356,running
78.841,2,185,-0.07160,-0.00788,-0.2761,0.2097,-0.02293,0.01720,0.06529,0,1,0.800,-0.456,running
78.884,2,186,-0.07738,-0.00438,-0.3178,0.1923,0.00338,0.07636,0.07035,0,1,0.800,-0.575,running
78.922,2,187,-0.08227,-0.00153,-0.2690,0.1568,0.03283,0.12138,0.07485,0,1,0.800,-0.494,running
78.967,2,188,-0.08700,0.00052,-0.2602,0.1128,0.07161,0.15701,0.07939,0,1,0.800,-0.377,running
79.009,2,189,-0.09015,0.00074,-0.1734,0.0119,0.07941,0.18370,0.08252,0,1,0.800,-0.249,running
79.054,2,190,-0.09153,0.00001,-0.0757,-0.0400,0.04899,0.18840,0.08394,0,1,0.780,-0.003,running
79.097,2,191,-0.09074,-0.00190,0.0429,-0.1054,0.02066,0.17077,0.08332,0,1,0.563,0.118,running
79.141,2,192,-0.08958,-0.00423,0.0643,-0.1279,-0.01641,0.14945,0.08241,0,1,0.290,0.276,running
79.187,2,193,-0.08675,-0.00750,0.1552,-0.1796,-0.05049,0.10440,0.08010,0,1,0.230,0.342,running
79.231,2,194,-0.08342,-0.00990,0.1832,-0.1321,-0.08232,0.04745,0.07728,0,1,-0.016,0.491,running
79.274,2,195,-0.08018,-0.01175,0.1782,-0.1017,-0.10489,-0.01080,0.07453,0,1,-0.130,0.401,running
79.317,2,196,-0.07812,-0.01275,0.1132,-0.0550,-0.10111,-0.05041,0.07278,0,1,-0.161,0.341,running
79.361,2,197,-0.07680,-0.01257,0.0730,0.0095,-0.09854,-0.07485,0.07145,0,1,-0.013,0.225,running
79.406,2,198,-0.07674,-0.01222,0.0030,0.0197,-0.07027,-0.07232,0.07131,0,1,0.081,0.050,running
79.450,2,199,-0.07828,-0.01162,-0.0848,0.0330,-0.02580,-0.03737,0.07265,0,1,0.272,0.020,running
79.493,2,200,-0.08059,-0.01062,-0.1269,0.0550,0.00745,0.01539,0.07466,0,1,0.520,-0.016,running
79.538,2,201,-0.08354,-0.01006,-0.1621,0.0304,0.02913,0.08905,0.07742,0,1,0.640,-0.073,running
79.582,2,202,-0.08596,-0.01028,-0.1330,-0.0121,0.03568,0.14493,0.07984,0,1,0.737,-0.006,running
79.625,2,203,-0.08753,-0.01094,-0.0867,-0.0360,0.02661,0.17767,0.08151,0,1,0.671,0.102,running
79.670,2,204,-0.08745,-0.01257,0.0046,-0.0900,0.00026,0.18266,0.08179,0,1,0.568,0.162,running
79.712,2,205,-0.08627,-0.01429,0.0650,-0.0944,-0.03846,0.16873,0.08105,0,1,0.355,0.295,running
79.757,2,206,-0.08353,-0.01600,0.1505,-0.0941,-0.07297,0.14009,0.07886,0,1,0.204,0.315,running
79.801,2,207,-0.07985,-0.01702,0.2026,-0.0560,-0.09865,0.09938,0.07564,0,1,-0.032,0.328,running
79.846,2,208,-0.07573,-0.01706,0.2264,-0.0023,-0.10762,0.04605,0.07174,0,1,-0.213,0.243,running
79.890,2,209,-0.07187,-0.01657,0.2125,0.0270,-0.09114,-0.01353,0.06793,0,1,-0.340,0.101,running
79.933,2,210,-0.06896,-0.01459,0.1600,0.1090,-0.06010,-0.06515,0.06453,0,1,-0.363,0.010,running
79.978,2,211,-0.06777,-0.01222,0.0654,0.1300,-0.02212,-0.09369,0.06268,0,1,-0.255,-0.252,running
80.022,2,212,-0.06707,-0.01064,0.0384,0.0870,0.01598,-0.09057,0.06156,0,1,0.016,-0.336,running
80.066,2,213,-0.06853,-0.00888,-0.0800,0.0969,0.04448,-0.05507,0.06252,0,1,0.092,-0.213,running
80.109,2,214,-0.07094,-0.00853,-0.1329,0.0194,0.06370,0.00212,0.06479,0,1,0.468,-0.246,running
80.153,2,215,-0.07435,-0.00912,-0.1874,-0.0326,0.04731,0.06120,0.06825,0,1,0.636,-0.004,running
80.197,2,216,-0.07736,-0.01064,-0.1652,-0.0836,0.02218,0.10771,0.07152,0,1,0.798,0.153,running
80.243,2,217,-0.07968,-0.01276,-0.1277,-0.1166,-0.00503,0.14301,0.07428,0,1,0.736,0.297,running
80.285,2,218,-0.08103,-0.01553,-0.0742,-0.1526,-0.04676,0.17043,0.07633,0,1,0.638,0.386,running
80.330,2,219,-0.08086,-0.01770,0.0089,-0.1194,-0.08212,0.17627,0.07681,0,1,0.505,0.482,running
80.373,2,220,-0.07901,-0.01938,0.1019,-0.0922,-0.10680,0.15670,0.07560,0,1,0.295,0.405,running
80.419,2,221,-0.07638,-0.01974,0.1445,-0.0198,-0.11584,0.12588,0.07325,0,1,0.042,0.346,running
80.461,2,222,-0.07277,-0.01948,0.1986,0.0144,-0.10004,0.08193,0.06979,0,1,-0.100,0.160,running
80.506,2,223,-0.06894,-0.01805,0.2107,0.0787,-0.07425,0.03180,0.06570,0,1,-0.299,0.061,running
80.548,2,224,-0.06572,-0.01628,0.1772,0.0971,-0.03402,-0.02010,0.06206,0,1,-0.395,-0.143,running
80.594,2,225,-0.06325,-0.01435,0.1356,0.1062,0.00619,-0.06170,0.05907,0,1,-0.344,-0.222,running
80.683,2,226,-0.06230,-0.01220,0.0522,0.1180,0.06245,-0.09266,0.05746,0,1,-0.247,-0.274,running
80.726,2,227,-0.06417,-0.01231,-0.1024,-0.0056,0.05939,-0.07264,0.05926,0,1,0.011,-0.328,running
80.771,2,228,-0.06746,-0.01401,-0.1812,-0.0939,0.05627,-0.04733,0.06293,0,1,0.526,0.081,running
80.814,2,229,-0.07098,-0.01634,-0.1936,-0.1280,0.04529,-0.00111,0.06702,0,1,0.776,0.362,running
80.857,2,230,-0.07555,-0.01924,-0.2510,-0.1593,-0.00017,0.06094,0.07229,0,1,0.800,0.460,running
80.902,2,231,-0.08024,-0.02249,-0.2585,-0.1787,-0.03609,0.11401,0.07784,0,1,0.800,0.535,running
80.948,2,232,-0.08474,-0.02579,-0.2474,-0.1815,-0.06572,0.15539,0.08325,0,1,0.800,0.569,running
80.989,2,233,-0.08736,-0.02810,-0.1439,-0.1270,-0.09767,0.17448,0.08656,0,1,0.800,0.560,running
81.033,2,234,-0.08855,-0.03014,-0.0656,-0.1122,-0.11893,0.16451,0.08847,0,1,0.692,0.436,running
81.077,2,235,-0.08843,-0.03069,0.0065,-0.0303,-0.10691,0.15496,0.08859,0,1,0.533,0.409,running
81.122,2,236,-0.08674,-0.03018,0.0935,0.0278,-0.08929,0.13898,0.08683,0,1,0.384,0.243,running
81.165,2,237,-0.08453,-0.02853,0.1215,0.0906,-0.04792,0.10231,0.08414,0,1,0.183,0.116,running
81.210,2,238,-0.08136,-0.02722,0.1742,0.0723,-0.01261,0.04821,0.08071,0,1,0.090,-0.040,running
81.254,2,239,-0.07871,-0.02586,0.1457,0.0747,0.02060,-0.00759,0.07774,0,1,-0.079,-0.021,running
81.297,2,240,-0.07710,-0.02514,0.0886,0.0399,0.05183,-0.05655,0.07597,0,1,-0.052,-0.046,running
81.343,2,241,-0.07685,-0.02505,0.0138,0.0050,0.04680,-0.08275,0.07571,0,1,0.071,0.032,running
81.386,2,242,-0.07736,-0.02516,-0.0280,-0.0061,0.02602,-0.06964,0.07622,0,1,0.260,0.120,running
81.430,2,243,-0.07891,-0.02648,-0.0855,-0.0730,-0.00299,-0.03295,0.07818,0,1,0.371,0.150,running
81.475,2,244,-0.08234,-0.02789,-0.1888,-0.0771,-0.04376,0.03257,0.08188,0,1,0.525,0.324,running
81.517,2,245,-0.08570,-0.02855,-0.1847,-0.0368,-0.07754,0.09927,0.08522,0,1,0.781,0.335,running
81.562,2,246,-0.08830,-0.02935,-0.1430,-0.0436,-0.10902,0.13965,0.08792,0,1,0.776,0.245,running
81.605,2,247,-0.09013,-0.02850,-0.1004,0.0465,-0.10891,0.16379,0.08927,0,1,0.692,0.264,running
81.649,2,248,-0.09043,-0.02679,-0.0169,0.0943,-0.08126,0.17186,0.08890,0,1,0.612,0.077,running
81.694,2,249,-0.08927,-0.02503,0.0643,0.0967,-0.04707,0.16277,0.08717,0,1,0.443,-0.031,running
81.738,2,250,-0.08684,-0.02244,0.1333,0.1423,-0.01211,0.14343,0.08400,0,1,0.260,-0.054,running
81.782,2,251,-0.08363,-0.02042,0.1765,0.1113,0.02232,0.10914,0.08030,0,1,0.073,-0.185,running
81.827,2,252,-0.07907,-0.01870,0.2508,0.0946,0.04136,0.04812,0.07543,0,1,-0.079,-0.146,running
81.869,2,253,-0.07662,-0.01799,0.1348,0.0390,0.05057,-0.01671,0.07288,0,1,-0.343,-0.139,running
81.914,2,254,-0.07366,-0.01774,0.1629,0.0137,0.04073,-0.06226,0.07001,0,1,-0.077,-0.005,running
81.957,2,255,-0.07302,-0.01834,0.0352,-0.0328,0.01137,-0.08798,0.06961,0,1,-0.193,0.057,running
82.003,2,256,-0.07316,-0.01939,-0.0078,-0.0576,-0.02557,-0.08425,0.07012,0,1,0.160,0.189,running
82.045,2,257,-0.07380,-0.02025,-0.0350,-0.0473,-0.06246,-0.05004,0.07103,0,1,0.284,0.263,running
82.089,2,258,-0.07678,-0.02050,-0.1639,-0.0137,-0.09086,0.00643,0.07389,0,1,0.364,0.237,running
82.134,2,259,-0.08036,-0.02005,-0.1968,0.0246,-0.10508,0.06133,0.07709,0,1,0.723,0.147,running
82.178,2,260,-0.08347,-0.01891,-0.1710,0.0625,-0.09229,0.10878,0.07966,0,1,0.800,0.052,running
82.224,2,261,-0.08607,-0.01675,-0.1431,0.1187,-0.05963,0.15069,0.08151,0,1,0.752,-0.039,running
82.266,2,262,-0.08743,-0.01402,-0.0749,0.1505,-0.02419,0.17963,0.08211,0,1,0.693,-0.174,running
82.309,2,263,-0.08713,-0.01186,0.0165,0.1188,0.00747,0.18500,0.08131,0,1,0.540,-0.256,running
82.354,2,264,-0.08563,-0.01029,0.0826,0.0863,0.04207,0.17501,0.07951,0,1,0.323,-0.197,running
82.399,2,265,-0.08297,-0.00947,0.1463,0.0449,0.06478,0.14423,0.07674,0,1,0.148,-0.136,running
82.442,2,266,-0.07864,-0.00991,0.2381,-0.0240,0.05244,0.09471,0.07260,0,1,-0.044,-0.046,running
82.486,2,267,-0.07456,-0.01126,0.2242,-0.0742,0.02123,0.04210,0.06896,0,1,-0.349,0.130,running
82.531,2,268,-0.07085,-0.01312,0.2040,-0.1022,-0.01477,-0.00977,0.06589,0,1,-0.374,0.279,running
82.574,2,269,-0.06738,-0.01520,0.1912,-0.1146,-0.04889,-0.05629,0.06324,0,1,-0.365,0.375,running
82.617,2,270,-0.06526,-0.01657,0.1163,-0.0753,-0.07976,-0.09117,0.06174,0,1,-0.369,0.430,running
82.709,2,271,-0.06533,-0.01684,-0.0035,-0.0147,-0.10213,-0.05745,0.06189,0,1,-0.158,0.317,running
82.750,2,272,-0.06736,-0.01562,-0.1118,0.0672,-0.10158,-0.02411,0.06336,0,1,0.218,0.128,running
82.793,2,273,-0.07027,-0.01356,-0.1602,0.1133,-0.09437,0.00099,0.06546,0,1,0.561,-0.127,running
82.837,2,274,-0.07399,-0.01090,-0.2042,0.1458,-0.05781,0.02517,0.06831,0,1,0.713,-0.264,running
82.882,2,275,-0.07708,-0.00762,-0.1704,0.1804,-0.01499,0.07915,0.07061,0,1,0.800,-0.352,running
82.924,2,276,-0.07996,-0.00484,-0.1581,0.1530,0.01572,0.14109,0.07297,0,1,0.752,-0.446,running
82.970,2,277,-0.08201,-0.00279,-0.1127,0.1130,0.04713,0.18776,0.07473,0,1,0.723,-0.365,running
83.013,2,278,-0.08228,-0.00192,-0.0153,0.0476,0.07521,0.18334,0.07490,0,1,0.609,-0.258,running
83.058,2,279,-0.08125,-0.00279,0.0571,-0.0476,0.06245,0.17492,0.07397,0,1,0.356,-0.090,running
83.103,2,280,-0.07824,-0.00483,0.1656,-0.1122,0.02607,0.16008,0.07126,0,1,0.158,0.163,running
83.146,2,281,-0.07437,-0.00761,0.2130,-0.1533,-0.01041,0.12906,0.06794,0,1,-0.169,0.352,running
83.190,2,282,-0.06981,-0.01103,0.2507,-0.1880,-0.03758,0.07311,0.06430,0,1,-0.354,0.495,running
83.234,2,283,-0.06426,-0.01427,0.3052,-0.1779,-0.07026,0.01183,0.05998,0,1,-0.529,0.632,running
83.278,2,284,-0.06037,-0.01624,0.2139,-0.1084,-0.10537,-0.04213,0.05708,0,1,-0.779,0.640,running
83.322,2,285,-0.05737,-0.01791,0.1647,-0.0922,-0.10293,-0.08407,0.05504,0,1,-0.533,0.434,running
83.366,2,286,-0.05560,-0.01768,0.0975,0.0129,-0.09865,-0.11352,0.05334,0,1,-0.399,0.391,running
83.409,2,287,-0.05547,-0.01722,0.0074,0.0250,-0.09485,-0.11540,0.05302,0,1,-0.187,0.030,running
83.454,2,288,-0.05783,-0.01486,-0.1299,0.1300,-0.08095,-0.07524,0.05420,0,1,0.124,-0.014,running
83.497,2,289,-0.06099,-0.01208,-0.1738,0.1529,-0.04136,-0.01231,0.05618,0,1,0.607,-0.379,running
83.541,2,290,-0.06496,-0.00876,-0.2182,0.1824,0.00321,0.05474,0.05903,0,1,0.759,-0.453,running
83.586,2,291,-0.06904,-0.00589,-0.2248,0.1579,0.02711,0.10580,0.06239,0,1,0.800,-0.540,running
83.630,2,292,-0.07229,-0.00433,-0.1784,0.0861,0.05922,0.14346,0.06531,0,1,0.800,-0.447,running
83.674,2,293,-0.07421,-0.00399,-0.1057,0.0187,0.08361,0.16416,0.06716,0,1,0.776,-0.218,running
83.718,2,294,-0.07497,-0.00510,-0.0420,-0.0614,0.06379,0.17171,0.06808,0,1,0.564,-0.016,running
83.762,2,295,-0.07442,-0.00758,0.0305,-0.1361,0.03563,0.16229,0.06799,0,1,0.383,0.220,running
83.807,2,296,-0.07284,-0.01083,0.0868,-0.1786,-0.00507,0.14111,0.06718,0,1,0.172,0.445,running
83.851,2,297,-0.07032,-0.01413,0.1385,-0.1819,-0.03773,0.09904,0.06568,0,1,-0.002,0.585,running
83.894,2,298,-0.06704,-0.01768,0.1804,-0.1950,-0.06595,0.03772,0.06380,0,1,-0.175,0.617,running
83.939,2,299,-0.06479,-0.02105,0.1241,-0.1855,-0.10061,-0.01383,0.06308,0,1,-0.331,0.682,running
83.983,2,300,-0.06263,-0.02262,0.1187,-0.0862,-0.10246,-0.06214,0.06185,0,1,-0.174,0.669,running
84.027,2,301,-0.06249,-0.02346,0.0078,-0.0462,-0.09965,-0.09580,0.06211,0,1,-0.174,0.372,running
84.070,2,302,-0.06320,-0.02300,-0.0395,0.0251,-0.09751,-0.09504,0.06254,0,1,0.173,0.250,running
84.114,2,303,-0.06526,-0.02196,-0.1131,0.0571,-0.09555,-0.05566,0.06390,0,1,0.323,0.027,running
84.157,2,304,-0.06867,-0.01955,-0.1876,0.1330,-0.05934,0.01733,0.06602,0,1,0.557,-0.071,running
84.201,2,305,-0.07249,-0.01680,-0.2101,0.1508,-0.00761,0.09186,0.06859,0,1,0.787,-0.296,running
84.246,2,306,-0.07584,-0.01398,-0.1844,0.1554,0.01630,0.14309,0.07092,0,1,0.800,-0.341,running
84.290,2,307,-0.07838,-0.01190,-0.1393,0.1145,0.04651,0.17181,0.07281,0,1,0.785,-0.349,running
84.338,2,308,-0.07926,-0.01093,-0.0486,0.0530,0.06317,0.17949,0.07344,0,1,0.667,-0.234,running
84.377,2,309,-0.07876,-0.01116,0.0274,-0.0122,0.05287,0.17293,0.07301,0,1,0.427,-0.070,running
84.422,2,310,-0.07681,-0.01202,0.1076,-0.0475,0.02704,0.15135,0.07132,0,1,0.221,0.104,running
84.466,2,311,-0.07367,-0.01376,0.1727,-0.0959,-0.00597,0.11561,0.06877,0,1,-0.015,0.204,running
84.510,2,312,-0.07026,-0.01574,0.1875,-0.1086,-0.04813,0.04735,0.06613,0,1,-0.233,0.351,running
84.553,2,313,-0.06697,-0.01716,0.1807,-0.0782,-0.07619,-0.01870,0.06354,0,1,-0.316,0.404,running
84.598,2,314,-0.06489,-0.01780,0.1146,-0.0354,-0.10344,-0.06583,0.06185,0,1,-0.335,0.324,running
84.642,2,315,-0.06356,-0.01736,0.0730,0.0244,-0.09695,-0.09011,0.06046,0,1,-0.153,0.196,running
84.730,2,316,-0.06560,-0.01414,-0.1120,0.1770,-0.06686,-0.05607,0.06121,0,1,-0.036,0.005,running
84.774,2,317,-0.06774,-0.01104,-0.1177,0.1708,-0.04795,-0.01470,0.06231,0,1,0.559,-0.486,running
84.819,2,318,-0.07146,-0.00803,-0.2045,0.1655,-0.04188,0.01270,0.06518,0,1,0.582,-0.469,running
84.862,2,319,-0.07494,-0.00506,-0.1914,0.1634,0.01105,0.04536,0.06804,0,1,0.800,-0.443,running
84.906,2,320,-0.07888,-0.00293,-0.2170,0.1169,0.05211,0.09082,0.07164,0,1,0.800,-0.427,running
84.950,2,321,-0.08214,-0.00197,-0.1793,0.0530,0.06833,0.14484,0.07477,0,1,0.800,-0.283,running
84.994,2,322,-0.08405,-0.00282,-0.1052,-0.0470,0.06739,0.18723,0.07676,0,1,0.783,-0.105,running
85.038,2,323,-0.08462,-0.00472,-0.0312,-0.1043,0.04261,0.18206,0.07757,0,1,0.597,0.157,running
85.083,2,324,-0.08334,-0.00783,0.0705,-0.1714,-0.00250,0.17457,0.07680,0,1,0.414,0.307,running
85.125,2,325,-0.08091,-0.01147,0.1335,-0.2001,-0.03426,0.16713,0.07517,0,1,0.150,0.493,running
85.170,2,326,-0.07709,-0.01508,0.2101,-0.1986,-0.06149,0.12970,0.07243,0,1,-0.035,0.593,running
85.213,2,327,-0.07215,-0.01812,0.2720,-0.1671,-0.09652,0.06462,0.06872,0,1,-0.282,0.624,running
85.258,2,328,-0.06773,-0.01997,0.2429,-0.1017,-0.10844,0.00036,0.06532,0,1,-0.522,0.571,running
85.306,2,329,-0.06390,-0.02089,0.2105,-0.0506,-0.10697,-0.04165,0.06222,0,1,-0.500,0.402,running
85.345,2,330,-0.06128,-0.02110,0.1444,-0.0114,-0.09880,-0.07339,0.05995,0,1,-0.452,0.255,running
85.390,2,331,-0.06000,-0.01995,0.0701,0.0632,-0.08665,-0.09197,0.05830,0,1,-0.275,0.131,running
85.434,2,332,-0.06040,-0.01799,-0.0217,0.1078,-0.04790,-0.07994,0.05781,0,1,-0.051,-0.118,running
85.478,2,333,-0.06188,-0.01574,-0.0815,0.1236,-0.00031,-0.03820,0.05829,0,1,0.250,-0.273,running
85.520,2,334,-0.06408,-0.01373,-0.1210,0.1107,0.02341,0.02789,0.05964,0,1,0.451,-0.330,running
85.565,2,335,-0.06681,-0.01247,-0.1500,0.0692,0.05143,0.09601,0.06183,0,1,0.585,-0.287,running
85.610,2,336,-0.06890,-0.01201,-0.1148,0.0253,0.06763,0.14105,0.06370,0,1,0.681,-0.150,running
85.654,2,337,-0.07015,-0.01274,-0.0688,-0.0399,0.04701,0.16203,0.06510,0,1,0.576,-0.011,running
85.698,2,338,-0.06986,-0.01429,0.0158,-0.0856,0.01882,0.17308,0.06529,0,1,0.440,0.190,running
85.741,2,339,-0.06854,-0.01629,0.0727,-0.1098,-0.02030,0.16592,0.06470,0,1,0.187,0.332,running
85.786,2,340,-0.06576,-0.01846,0.1530,-0.1194,-0.05288,0.13811,0.06291,0,1,0.008,0.414,running
85.829,2,341,-0.06199,-0.02061,0.2073,-0.1183,-0.08471,0.08847,0.06037,0,1,-0.261,0.458,running
85.874,2,342,-0.05805,-0.02209,0.2164,-0.0813,-0.10974,0.02199,0.05757,0,1,-0.470,0.470,running
85.918,2,343,-0.05438,-0.02255,0.2021,-0.0251,-0.10165,-0.03992,0.05463,0,1,-0.544,0.363,running
85.963,2,344,-0.05212,-0.02129,0.1242,0.0692,-0.09985,-0.07846,0.05205,0,1,-0.540,0.178,running
86.007,2,345,-0.05088,-0.01873,0.0683,0.1410,-0.07308,-0.09285,0.04967,0,1,-0.299,-0.159,running
86.049,2,346,-0.05170,-0.01582,-0.0453,0.1597,-0.03059,-0.08406,0.04902,0,1,-0.118,-0.436,running
86.096,2,347,-0.05353,-0.01330,-0.1006,0.1385,0.00228,-0.05490,0.04964,0,1,0.294,-0.517,running
86.138,2,348,-0.05664,-0.01141,-0.1710,0.1040,0.03137,-0.00104,0.05185,0,1,0.500,-0.443,running
86.182,2,349,-0.06054,-0.01077,-0.2144,0.0353,0.06706,0.05700,0.05534,0,1,0.754,-0.313,running
86.226,2,350,-0.06449,-0.00973,-0.2174,0.0573,0.06739,0.10493,0.05883,0,1,0.800,-0.065,running
86.271,2,351,-0.06684,-0.00994,-0.1293,-0.0115,0.03513,0.14402,0.06115,0,1,0.800,-0.132,running
86.314,2,352,-0.06899,-0.01172,-0.1182,-0.0982,0.00691,0.17272,0.06370,0,1,0.618,0.093,running
86.358,2,353,-0.06947,-0.01380,-0.0264,-0.1141,-0.02952,0.18432,0.06477,0,1,0.586,0.365,running
86.401,2,354,-0.06792,-0.01570,0.0852,-0.1046,-0.06227,0.16475,0.06391,0,1,0.310,0.417,running
86.446,2,355,-0.06524,-0.01739,0.1475,-0.0932,-0.09426,0.12661,0.06202,0,1,-0.037,0.399,running
86.490,2,356,-0.06176,-0.01818,0.1914,-0.0434,-0.11225,0.07692,0.05913,0,1,-0.253,0.375,running
86.534,2,357,-0.05858,-0.01808,0.1749,0.0059,-0.09669,0.02417,0.05619,0,1,-0.433,0.224,running
86.578,2,358,-0.05544,-0.01728,0.1724,0.0438,-0.07947,-0.02733,0.05303,0,1,-0.418,0.060,running
86.622,2,359,-0.05336,-0.01503,0.1145,0.1239,-0.04975,-0.07089,0.05018,0,1,-0.450,-0.079,running
86.667,2,360,-0.05305,-0.01318,0.0168,0.1015,-0.00595,-0.09142,0.04915,0,1,-0.274,-0.382,running
86.754,2,361,-0.05636,-0.01060,-0.1816,0.1419,0.05300,-0.04382,0.05132,0,1,0.073,-0.312,running
86.798,2,362,-0.05991,-0.01014,-0.1956,0.0254,0.05386,0.00019,0.05455,0,1,0.793,-0.452,running
86.843,2,363,-0.06347,-0.01052,-0.1958,-0.0207,0.04915,0.02493,0.05807,0,1,0.800,-0.035,running
86.885,2,364,-0.06737,-0.01185,-0.2144,-0.0730,0.04920,0.04668,0.06218,0,1,0.800,0.124,running
86.931,2,365,-0.07117,-0.01451,-0.2092,-0.1466,0.02012,0.09060,0.06661,0,1,0.800,0.292,running
86.974,2,366,-0.07458,-0.01712,-0.1875,-0.1436,-0.02319,0.14812,0.07067,0,1,0.800,0.509,running
87.018,2,367,-0.07731,-0.02039,-0.1502,-0.1798,-0.05631,0.18517,0.07435,0,1,0.789,0.491,running
87.062,2,368,-0.07861,-0.02263,-0.0716,-0.1232,-0.08239,0.17178,0.07638,0,1,0.687,0.583,running
87.105,2,369,-0.07803,-0.02471,0.0324,-0.1145,-0.10750,0.16362,0.07665,0,1,0.488,0.437,running
87.150,2,370,-0.07601,-0.02541,0.1107,-0.0382,-0.11200,0.15976,0.07510,0,1,0.222,0.423,running
87.193,2,371,-0.07246,-0.02548,0.1956,-0.0037,-0.09072,0.12876,0.07191,0,1,0.003,0.233,running
87.238,2,372,-0.06883,-0.02449,0.1993,0.0545,-0.05990,0.07664,0.06822,0,1,-0.268,0.139,running
87.282,2,373,-0.06496,-0.02316,0.2130,0.0728,-0.02593,0.00998,0.06417,0,1,-0.334,-0.037,running
87.326,2,374,-0.06211,-0.02230,0.1566,0.0474,0.00833,-0.05015,0.06124,0,1,-0.434,-0.113,running
87.370,2,375,-0.06001,-0.02122,0.1157,0.0592,0.04067,-0.07818,0.05888,0,1,-0.300,-0.049,running
87.414,2,376,-0.05933,-0.02106,0.0375,0.0091,0.05511,-0.08691,0.05820,0,1,-0.195,-0.098,running
87.457,2,377,-0.05974,-0.02220,-0.0229,-0.0630,0.03753,-0.06325,0.05911,0,1,0.053,0.062,running
87.502,2,378,-0.06135,-0.02437,-0.0882,-0.1191,0.01204,-0.01810,0.06156,0,1,0.254,0.301,running
87.545,2,379,-0.06410,-0.02568,-0.1517,-0.0724,-0.01968,0.03933,0.06461,0,1,0.468,0.482,running
87.590,2,380,-0.06719,-0.02741,-0.1699,-0.0948,-0.06071,0.09226,0.06815,0,1,0.667,0.337,running
87.635,2,381,-0.06934,-0.02951,-0.1178,-0.1156,-0.09118,0.13134,0.07105,0,1,0.721,0.403,running
87.679,2,382,-0.07132,-0.03026,-0.1091,-0.0412,-0.09222,0.16815,0.07314,0,1,0.574,0.463,running
87.723,2,383,-0.07132,-0.03048,0.0002,-0.0120,-0.08821,0.17250,0.07325,0,1,0.556,0.261,running
87.766,2,384,-0.07039,-0.02969,0.0510,0.0435,-0.08393,0.16153,0.07205,0,1,0.264,0.184,running
87.810,2,385,-0.06809,-0.02857,0.1262,0.0614,-0.05172,0.14239,0.06950,0,1,0.118,0.028,running
87.854,2,386,-0.06453,-0.02740,0.1962,0.0645,-0.01100,0.10352,0.06583,0,1,-0.116,-0.036,running
87.898,2,387,-0.06088,-0.02646,0.2003,0.0515,0.02422,0.05139,0.06222,0,1,-0.367,-0.065,running
87.941,2,388,-0.05725,-0.02627,0.1997,0.0104,0.04849,-0.00190,0.05905,0,1,-0.431,-0.043,running
87.987,2,389,-0.05443,-0.02681,0.1551,-0.0299,0.04437,-0.05140,0.05702,0,1,-0.476,0.078,running
88.030,2,390,-0.05277,-0.02784,0.0913,-0.0563,0.02592,-0.08883,0.05628,0,1,-0.358,0.209,running
88.074,2,391,-0.05276,-0.02857,0.0007,-0.0405,-0.00659,-0.09998,0.05672,0,1,-0.157,0.301,running
88.118,2,392,-0.05473,-0.02983,-0.1085,-0.0689,-0.04535,-0.07850,0.05904,0,1,0.148,0.250,running
88.161,2,393,-0.05762,-0.03069,-0.1588,-0.0473,-0.07837,-0.01952,0.06187,0,1,0.513,0.347,running
88.206,2,394,-0.06173,-0.03042,-0.2263,0.0148,-0.09512,0.04994,0.06508,0,1,0.675,0.280,running
88.250,2,395,-0.06608,-0.02984,-0.2392,0.0319,-0.09243,0.10109,0.06842,0,1,0.800,0.092,running
88.295,2,396,-0.06979,-0.02795,-0.2036,0.1038,-0.07681,0.13440,0.07067,0,1,0.800,0.049,running
88.338,2,397,-0.07250,-0.02548,-0.1494,0.1357,-0.04764,0.15641,0.07195,0,1,0.800,-0.151,running
88.383,2,398,-0.07393,-0.02302,-0.0786,0.1357,-0.00533,0.17580,0.07222,0,1,0.672,-0.240,running
88.427,2,399,-0.07341,-0.02089,0.0283,0.1166,0.02399,0.17659,0.07091,0,1,0.485,-0.249,running
88.470,2,400,-0.07204,-0.01942,0.0756,0.0813,0.05744,0.16397,0.06908,0,1,0.187,-0.214,running
88.514,2,401,-0.06910,-0.01913,0.1616,0.0157,0.06724,0.12961,0.06625,0,1,0.039,-0.130,running
88.557,2,402,-0.06549,-0.01931,0.1984,-0.0101,0.04078,0.07387,0.06300,0,1,-0.243,0.049,running
88.603,2,403,-0.06168,-0.01985,0.2096,-0.0294,0.01421,0.00730,0.05976,0,1,-0.401,0.124,running
88.646,2,404,-0.05877,-0.02122,0.1601,-0.0757,-0.02299,-0.04676,0.05779,0,1,-0.485,0.184,running
88.690,2,405,-0.05718,-0.02259,0.0877,-0.0752,-0.05791,-0.08504,0.05706,0,1,-0.354,0.341,running
88.778,2,406,-0.05704,-0.02217,0.0074,0.0234,-0.09609,-0.09444,0.05673,0,1,-0.125,0.345,running
88.823,2,407,-0.05955,-0.02081,-0.1378,0.0744,-0.09841,-0.05765,0.05828,0,1,0.140,0.016,running
88.865,2,408,-0.06369,-0.01850,-0.2278,0.1269,-0.10117,-0.02606,0.06103,0,1,0.627,-0.152,running
88.910,2,409,-0.06844,-0.01484,-0.2609,0.2015,-0.08618,0.01290,0.06412,0,1,0.800,-0.314,running
88.953,2,410,-0.07376,-0.01092,-0.2928,0.2158,-0.04078,0.06536,0.06809,0,1,0.800,-0.534,running
88.998,2,411,-0.07809,-0.00633,-0.2383,0.2524,-0.00416,0.11632,0.07137,0,1,0.800,-0.555,running
89.042,2,412,-0.08197,-0.00241,-0.2133,0.2156,0.02260,0.16204,0.07465,0,1,0.800,-0.643,running
89.086,2,413,-0.08447,0.00022,-0.1372,0.1444,0.05974,0.18935,0.07688,0,1,0.800,-0.528,running
89.130,2,414,-0.08533,0.00181,-0.0474,0.0876,0.08677,0.18306,0.07764,0,1,0.680,-0.340,running
89.174,2,415,-0.08473,0.00235,0.0327,0.0296,0.07476,0.17279,0.07702,0,1,0.458,-0.200,running
89.217,2,416,-0.08278,0.00093,0.1077,-0.0782,0.04365,0.15032,0.07515,0,1,0.252,-0.059,running
89.261,2,417,-0.07977,-0.00109,0.1656,-0.1106,0.00738,0.10809,0.07231,0,1,0.040,0.224,running
89.305,2,418,-0.07586,-0.00373,0.2148,-0.1457,-0.02663,0.04679,0.06875,0,1,-0.152,0.329,running
89.348,2,419,-0.07254,-0.00684,0.1825,-0.1706,-0.06171,-0.00680,0.06600,0,1,-0.344,0.454,running
89.394,2,420,-0.07049,-0.00914,0.1131,-0.1268,-0.09054,-0.05581,0.06449,0,1,-0.294,0.554,running
89.437,2,421,-0.06890,-0.01076,0.0873,-0.0890,-0.09929,-0.09236,0.06336,0,1,-0.108,0.439,running
89.483,2,422,-0.06929,-0.01111,-0.0215,-0.0193,-0.09886,-0.09714,0.06383,0,1,-0.043,0.334,running
89.528,2,423,-0.07084,-0.01039,-0.0852,0.0399,-0.09759,-0.06602,0.06513,0,1,0.292,0.122,running
89.570,2,424,-0.07329,-0.00889,-0.1348,0.0824,-0.07784,-0.00236,0.06716,0,1,0.492,-0.058,running
89.614,2,425,-0.07669,-0.00677,-0.1870,0.1163,-0.03160,0.07207,0.07006,0,1,0.645,-0.183,running
89.658,2,426,-0.08033,-0.00449,-0.2003,0.1253,0.00351,0.12448,0.07329,0,1,0.799,-0.274,running
89.702,2,427,-0.08262,-0.00328,-0.1259,0.0664,0.03294,0.15114,0.07539,0,1,0.800,-0.291,running
89.747,2,428,-0.08414,-0.00304,-0.0839,0.0135,0.06205,0.16805,0.07688,0,1,0.645,-0.132,running
89.789,2,429,-0.08402,-0.00414,0.0066,-0.0603,0.06103,0.17612,0.07690,0,1,0.543,0.005,running
89.835,2,430,-0.08229,-0.00654,0.0955,-0.1325,0.02668,0.16737,0.07554,0,1,0.314,0.196,running
89.878,2,431,-0.07949,-0.00967,0.1541,-0.1721,-0.00880,0.13329,0.07338,0,1,0.072,0.395,running
89.922,2,432,-0.07578,-0.01269,0.2038,-0.1659,-0.04025,0.07066,0.07050,0,1,-0.112,0.524,running
89.966,2,433,-0.07229,-0.01580,0.1921,-0.1709,-0.07326,0.00256,0.06807,0,1,-0.293,0.537,running
90.010,2,434,-0.06907,-0.01773,0.1771,-0.1061,-0.10231,-0.04546,0.06570,0,1,-0.301,0.577,running
90.055,2,435,-0.06671,-0.01881,0.1297,-0.0597,-0.09814,-0.07218,0.06392,0,1,-0.294,0.405,running
90.097,2,436,-0.06572,-0.01888,0.0546,-0.0037,-0.10182,-0.07779,0.06304,0,1,-0.177,0.273,running
90.143,2,437,-0.06665,-0.01784,-0.0511,0.0570,-0.09274,-0.06317,0.06349,0,1,0.044,0.102,running
90.186,2,438,-0.06849,-0.01572,-0.1012,0.1167,-0.05564,-0.02231,0.06446,0,1,0.373,-0.087,running
90.231,2,439,-0.07105,-0.01322,-0.1410,0.1374,-0.01116,0.03631,0.06611,0,1,0.532,-0.272,running
90.275,2,440,-0.07330,-0.01149,-0.1238,0.0952,0.01425,0.09748,0.06780,0,1,0.658,-0.333,running
90.317,2,441,-0.07600,-0.00993,-0.1484,0.0861,0.04769,0.15154,0.07004,0,1,0.612,-0.207,running
90.362,2,442,-0.07692,-0.00979,-0.0506,0.0073,0.06374,0.18101,0.07090,0,1,0.688,-0.177,running
90.406,2,443,-0.07633,-0.01000,0.0328,-0.0116,0.04225,0.18530,0.07037,0,1,0.420,0.044,running
90.451,2,444,-0.07390,-0.01134,0.1332,-0.0738,0.00731,0.16566,0.06834,0,1,0.184,0.097,running
90.494,2,445,-0.07081,-0.01256,0.1703,-0.0668,-0.02454,0.14236,0.06568,0,1,-0.123,0.279,running
90.538,2,446,-0.06600,-0.01418,0.2643,-0.0893,-0.05716,0.09822,0.06160,0,1,-0.268,0.269,running
90.582,2,447,-0.06089,-0.01524,0.2811,-0.0582,-0.08938,0.04768,0.05718,0,1,-0.620,0.352,running
90.626,2,448,-0.05562,-0.01538,0.2901,-0.0079,-0.09840,-0.01292,0.05238,0,1,-0.753,0.264,running
90.668,2,449,-0.05157,-0.01403,0.2228,0.0747,-0.09218,-0.06645,0.04813,0,1,-0.800,0.094,running
90.714,2,450,-0.04935,-0.01202,0.1222,0.1102,-0.07055,-0.10179,0.04529,1,1,-0.691,-0.216,in_circle
90.803,2,451,-0.04857,-0.00708,0.0427,0.2717,0.00871,-0.10421,0.04282,1,1,-0.348,-0.368,in_circle
90.847,2,452,-0.05120,-0.00486,-0.1449,0.1223,0.00754,-0.07835,0.04474,1,1,-0.058,-0.800,in_circle
90.892,2,453,-0.05572,-0.00297,-0.2484,0.1041,0.02076,-0.05040,0.04875,0,1,0.671,-0.436,running
90.933,2,454,-0.06082,-0.00238,-0.2802,0.0324,0.07625,-0.01352,0.05367,0,1,0.800,-0.353,running
90.979,2,455,-0.06593,-0.00309,-0.2811,-0.0393,0.05124,0.04618,0.05883,0,1,0.800,-0.085,running
91.021,2,456,-0.07125,-0.00480,-0.2928,-0.0941,0.00818,0.10758,0.06436,0,1,0.800,0.159,running
91.066,2,457,-0.07594,-0.00788,-0.2577,-0.1691,-0.00411,0.15141,0.06953,0,1,0.800,0.325,running
91.109,2,458,-0.07989,-0.01051,-0.2175,-0.1448,-0.03774,0.17535,0.07396,0,1,0.800,0.532,running
91.154,2,459,-0.08213,-0.01367,-0.1232,-0.1741,-0.08622,0.17301,0.07689,0,1,0.800,0.452,running
91.197,2,460,-0.08260,-0.01579,-0.0260,-0.1163,-0.11058,0.15982,0.07791,0,1,0.634,0.525,running
91.243,2,461,-0.08164,-0.01715,0.0529,-0.0750,-0.10903,0.13920,0.07739,0,1,0.393,0.384,running
91.286,2,462,-0.08028,-0.01755,0.0746,-0.0218,-0.10197,0.11493,0.07621,0,1,0.190,0.289,running
91.331,2,463,-0.07787,-0.01671,0.1326,0.0459,-0.08037,0.06160,0.07366,0,1,0.122,0.157,running
91.373,2,464,-0.07602,-0.01569,0.1018,0.0564,-0.03338,-0.00005,0.07159,0,1,-0.059,-0.027,running
91.419,2,465,-0.07430,-0.01445,0.0946,0.0680,0.00183,-0.05195,0.06958,0,1,-0.000,-0.066,running
91.462,2,466,-0.07411,-0.01371,0.0105,0.0409,0.02806,-0.06661,0.06918,0,1,-0.002,-0.110,running
91.507,2,467,-0.07473,-0.01354,-0.0341,0.0091,0.04790,-0.05715,0.06973,0,1,0.233,-0.038,running
91.552,2,468,-0.07744,-0.01449,-0.1487,-0.0519,0.03707,-0.02013,0.07259,0,1,0.363,0.052,running
91.595,2,469,-0.08021,-0.01577,-0.1526,-0.0707,0.01281,0.03519,0.07561,0,1,0.689,0.225,running
91.638,2,470,-0.08353,-0.01749,-0.1824,-0.0944,-0.02507,0.08841,0.07929,0,1,0.703,0.275,running
91.683,2,471,-0.08641,-0.01917,-0.1586,-0.0923,-0.06146,0.13095,0.08254,0,1,0.781,0.334,running
91.726,2,472,-0.08834,-0.02048,-0.1062,-0.0722,-0.09321,0.16365,0.08478,0,1,0.728,0.329,running
91.770,2,473,-0.08882,-0.02094,-0.0262,-0.0252,-0.10798,0.17529,0.08538,0,1,0.616,0.285,running
91.815,2,474,-0.08818,-0.02033,0.0352,0.0331,-0.09818,0.16437,0.08458,0,1,0.444,0.183,running
91.858,2,475,-0.08626,-0.01869,0.1058,0.0903,-0.06971,0.15063,0.08225,0,1,0.302,0.051,running
91.903,2,476,-0.08299,-0.01667,0.1797,0.1111,-0.03477,0.12194,0.07853,0,1,0.118,-0.095,running
91.946,2,477,-0.07917,-0.01490,0.2100,0.0976,0.00190,0.07129,0.07437,0,1,-0.109,-0.173,running
91.990,2,478,-0.07527,-0.01337,0.2146,0.0838,0.03492,0.01115,0.07019,0,1,-0.250,-0.168,running
92.034,2,479,-0.07227,-0.01254,0.1651,0.0456,0.05900,-0.04267,0.06708,0,1,-0.329,-0.156,running
92.079,2,480,-0.07052,-0.01266,0.0960,-0.0066,0.04888,-0.08524,0.06544,0,1,-0.233,-0.061,running
92.123,2,481,-0.07017,-0.01357,0.0190,-0.0496,0.03125,-0.09838,0.06537,0,1,-0.050,0.090,running
92.166,2,482,-0.07048,-0.01546,-0.0167,-0.1040,-0.00257,-0.07810,0.06625,0,1,0.178,0.222,running
92.210,2,483,-0.07278,-0.01678,-0.1267,-0.0727,-0.04012,-0.02886,0.06886,0,1,0.288,0.389,running
92.255,2,484,-0.07592,-0.01799,-0.1725,-0.0666,-0.08015,0.03887,0.07222,0,1,0.617,0.297,running
92.298,2,485,-0.07961,-0.01823,-0.2029,-0.0134,-0.10549,0.10303,0.07579,0,1,0.748,0.279,running
92.343,2,486,-0.08263,-0.01800,-0.1661,0.0129,-0.09797,0.13958,0.07858,0,1,0.800,0.138,running
92.386,2,487,-0.08446,-0.01686,-0.1005,0.0628,-0.07689,0.16658,0.07999,0,1,0.739,0.075,running
92.431,2,488,-0.08532,-0.01525,-0.0477,0.0885,-0.04664,0.17959,0.08038,0,1,0.586,-0.048,running
92.474,2,489,-0.08411,-0.01363,0.0666,0.0887,-0.01208,0.17349,0.07880,0,1,0.464,-0.115,running
92.519,2,490,-0.08179,-0.01247,0.1277,0.0641,0.02551,0.15752,0.07626,0,1,0.176,-0.130,running
92.561,2,491,-0.07830,-0.01173,0.1920,0.0407,0.04952,0.10939,0.07270,0,1,-0.006,-0.084,running
92.607,2,492,-0.07442,-0.01164,0.2134,0.0048,0.04841,0.04450,0.06892,0,1,-0.225,-0.036,running
92.649,2,493,-0.07082,-0.01264,0.1978,-0.0549,0.03061,-0.01151,0.06572,0,1,-0.344,0.056,running
92.695,2,494,-0.06776,-0.01378,0.1685,-0.0625,-0.00825,-0.04804,0.06314,0,1,-0.349,0.234,running
92.738,2,495,-0.06610,-0.01535,0.0914,-0.0864,-0.04149,-0.07153,0.06208,0,1,-0.299,0.264,running
92.827,2,496,-0.06666,-0.01738,-0.0309,-0.1120,-0.09315,-0.05578,0.06333,0,1,-0.075,0.346,running
92.871,2,497,-0.06856,-0.01737,-0.1045,0.0008,-0.08969,-0.02883,0.06510,0,1,0.311,0.429,running
92.913,2,498,-0.07133,-0.01602,-0.1526,0.0742,-0.09713,-0.00883,0.06724,0,1,0.541,0.085,running
92.959,2,499,-0.07464,-0.01360,-0.1821,0.1328,-0.09414,0.03071,0.06966,0,1,0.689,-0.131,running
93.001,2,500,-0.07878,-0.01066,-0.2277,0.1622,-0.06351,0.09371,0.07291,0,1,0.779,-0.296,running
93.046,2,501,-0.08187,-0.00762,-0.1701,0.1671,-0.01966,0.14504,0.07532,0,1,0.800,-0.366,running
93.090,2,502,-0.08386,-0.00496,-0.1090,0.1460,0.00906,0.18490,0.07684,0,1,0.756,-0.374,running
93.134,2,503,-0.08481,-0.00282,-0.0523,0.1176,0.04205,0.18298,0.07751,0,1,0.606,-0.321,running
93.177,2,504,-0.08347,-0.00196,0.0736,0.0477,0.05845,0.18088,0.07609,0,1,0.468,-0.255,running
93.223,2,505,-0.08067,-0.00207,0.1541,-0.0063,0.04711,0.17148,0.07331,0,1,0.137,-0.088,running
93.265,2,506,-0.07677,-0.00371,0.2141,-0.0899,0.02677,0.13018,0.06965,0,1,-0.108,0.050,running
93.310,2,507,-0.07230,-0.00608,0.2460,-0.1307,-0.00804,0.06501,0.06562,0,1,-0.328,0.292,running
93.354,2,508,-0.06754,-0.00920,0.2619,-0.1715,-0.04904,0.00078,0.06164,0,1,-0.488,0.435,running
93.398,2,509,-0.06380,-0.01161,0.2059,-0.1322,-0.07412,-0.04105,0.05870,0,1,-0.607,0.592,running
93.442,2,510,-0.06095,-0.01356,0.1567,-0.1076,-0.10373,-0.07414,0.05663,0,1,-0.477,0.490,running
93.487,2,511,-0.05954,-0.01459,0.0773,-0.0565,-0.10105,-0.09712,0.05569,0,1,-0.345,0.424,running
93.531,2,512,-0.05956,-0.01436,-0.0012,0.0128,-0.09754,-0.09703,0.05562,0,1,-0.091,0.258,running
93.574,2,513,-0.06185,-0.01271,-0.1257,0.0904,-0.09062,-0.05622,0.05719,0,1,0.174,0.024,running
93.617,2,514,-0.06467,-0.01074,-0.1555,0.1088,-0.05541,0.00128,0.05929,0,1,0.598,-0.236,running
93.662,2,515,-0.06795,-0.00791,-0.1800,0.1552,-0.01026,0.07085,0.06174,0,1,0.699,-0.293,running
93.706,2,516,-0.07097,-0.00536,-0.1661,0.1406,0.02144,0.12693,0.06418,0,1,0.779,-0.436,running
93.751,2,517,-0.07337,-0.00378,-0.1320,0.0866,0.04830,0.16246,0.06629,0,1,0.738,-0.384,running
93.794,2,518,-0.07465,-0.00359,-0.0708,0.0106,0.07945,0.18002,0.06754,0,1,0.639,-0.218,running
93.838,2,519,-0.07424,-0.00454,0.0227,-0.0523,0.06650,0.17874,0.06727,0,1,0.464,0.006,running
93.883,2,520,-0.07220,-0.00681,0.1125,-0.1248,0.03328,0.16252,0.06566,0,1,0.191,0.193,running
93.927,2,521,-0.06891,-0.01015,0.1808,-0.1836,-0.00366,0.12190,0.06321,0,1,-0.091,0.420,running
93.970,2,522,-0.06535,-0.01348,0.1957,-0.1832,-0.03261,0.05579,0.06076,0,1,-0.332,0.623,running
94.015,2,523,-0.06169,-0.01694,0.2011,-0.1905,-0.06895,-0.00625,0.05857,0,1,-0.417,0.650,running
94.058,2,524,-0.05859,-0.01936,0.1705,-0.1331,-0.10082,-0.05285,0.05677,0,1,-0.470,0.699,running
94.102,2,525,-0.05673,-0.02106,0.1027,-0.0936,-0.10136,-0.07403,0.05591,0,1,-0.398,0.528,running
94.145,2,526,-0.05618,-0.02193,0.0301,-0.0477,-0.10203,-0.07567,0.05586,0,1,-0.184,0.404,running
94.190,2,527,-0.05702,-0.02131,-0.0460,0.0341,-0.09890,-0.06083,0.05629,0,1,0.058,0.253,running
94.235,2,528,-0.05913,-0.01926,-0.1164,0.1130,-0.07290,-0.02361,0.05721,0,1,0.317,-0.024,running
94.280,2,529,-0.06186,-0.01741,-0.1502,0.1017,-0.02401,0.03488,0.05891,0,1,0.558,-0.289,running
94.323,2,530,-0.06463,-0.01529,-0.1522,0.1164,0.00624,0.10221,0.06069,0,1,0.673,-0.249,running
94.367,2,531,-0.06733,-0.01355,-0.1482,0.0955,0.03002,0.15694,0.06265,0,1,0.684,-0.294,running
94.409,2,532,-0.06806,-0.01239,-0.0404,0.0642,0.04685,0.18481,0.06300,0,1,0.675,-0.225,running
94.455,2,533,-0.06786,-0.01215,0.0110,0.0130,0.04159,0.18222,0.06274,0,1,0.344,-0.131,running
94.497,2,534,-0.06584,-0.01268,0.1110,-0.0292,0.02623,0.16742,0.06098,0,1,0.184,0.026,running
94.543,2,535,-0.06242,-0.01355,0.1883,-0.0478,-0.00836,0.14202,0.05801,0,1,-0.145,0.159,running
94.586,2,536,-0.05790,-0.01496,0.2486,-0.0774,-0.04659,0.09578,0.05431,0,1,-0.432,0.223,running
94.631,2,537,-0.05316,-0.01651,0.2606,-0.0854,-0.07966,0.04074,0.05064,0,1,-0.691,0.333,running
94.675,2,538,-0.04816,-0.01615,0.2751,0.0200,-0.09753,-0.01010,0.04604,0,1,-0.794,0.373,running
94.718,2,539,-0.04410,-0.01539,0.2235,0.0417,-0.09691,-0.05804,0.04213,1,1,-0.800,-0.013,in_circle
94.763,2,540,-0.04169,-0.01331,0.1322,0.1145,-0.08928,-0.09886,0.03901,1,1,-0.780,-0.108,in_circle
94.850,2,541,-0.04276,-0.00841,-0.0585,0.2695,-0.02468,-0.11682,0.03781,1,1,-0.444,-0.410,in_circle
94.895,2,542,-0.04608,-0.00486,-0.1825,0.1953,-0.01825,-0.09551,0.03979,1,1,0.322,-0.800,in_circle
94.939,2,543,-0.05149,-0.00218,-0.2977,0.1472,-0.01142,-0.06984,0.04445,1,1,0.800,-0.754,in_circle
94.983,2,544,-0.05789,0.00106,-0.3522,0.1784,0.04567,-0.02937,0.05034,0,1,0.800,-0.540,running
95.027,2,545,-0.06469,0.00170,-0.3737,0.0352,0.07943,0.03178,0.05705,0,1,0.800,-0.625,running
95.070,2,546,-0.07159,0.00037,-0.3796,-0.0731,0.06614,0.09601,0.06404,0,1,0.800,-0.102,running
95.113,2,547,-0.07771,-0.00165,-0.3366,-0.1114,0.06256,0.14149,0.07033,0,1,0.800,0.243,running
95.157,2,548,-0.08313,-0.00524,-0.2979,-0.1971,0.04483,0.16218,0.07616,0,1,0.800,0.341,running
95.203,2,549,-0.08712,-0.00971,-0.2196,-0.2464,-0.00412,0.17225,0.08086,0,1,0.800,0.552,running
95.246,2,550,-0.08989,-0.01465,-0.1523,-0.2716,-0.04059,0.16612,0.08465,0,1,0.800,0.654,running
95.290,2,551,-0.09098,-0.01925,-0.0601,-0.2531,-0.06231,0.15126,0.08693,0,1,0.726,0.699,running
95.334,2,552,-0.09083,-0.02376,0.0086,-0.2480,-0.10042,0.12772,0.08820,0,1,0.531,0.660,running
95.386,2,553,-0.08943,-0.02671,0.0770,-0.1619,-0.11573,0.09043,0.08794,0,1,0.390,0.660,running
95.432,2,554,-0.08757,-0.02861,0.1019,-0.1044,-0.11010,0.04117,0.08696,0,1,0.239,0.497,running
95.475,2,555,-0.08589,-0.02928,0.0928,-0.0368,-0.10437,-0.00728,0.08568,0,1,0.171,0.389,running
95.516,2,556,-0.08555,-0.02860,0.0185,0.0372,-0.09475,-0.04305,0.08510,0,1,0.172,0.249,running
95.556,2,557,-0.08555,-0.02764,-0.0001,0.0530,-0.05245,-0.04948,0.08471,0,1,0.329,0.083,running
95.598,2,558,-0.08693,-0.02572,-0.0756,0.1054,-0.00985,-0.02558,0.08525,0,1,0.368,0.042,running
95.642,2,559,-0.08889,-0.02428,-0.1083,0.0791,0.02222,0.01843,0.08656,0,1,0.542,-0.080,running
95.686,2,560,-0.09119,-0.02290,-0.1261,0.0761,0.04305,0.08062,0.08825,0,1,0.623,-0.023,running
95.730,2,561,-0.09286,-0.02281,-0.0917,0.0048,0.04724,0.13934,0.08980,0,1,0.671,-0.016,running
95.775,2,562,-0.09406,-0.02372,-0.0660,-0.0500,0.02263,0.18423,0.09123,0,1,0.609,0.134,running
95.817,2,563,-0.09401,-0.02451,0.0025,-0.0435,-0.01077,0.18179,0.09145,0,1,0.563,0.249,running
95.863,2,564,-0.09197,-0.02607,0.1122,-0.0860,-0.04767,0.16324,0.09007,0,1,0.426,0.240,running
95.907,2,565,-0.08887,-0.02695,0.1705,-0.0480,-0.07732,0.14484,0.08751,0,1,0.196,0.332,running
95.951,2,566,-0.08478,-0.02693,0.2249,0.0009,-0.09330,0.10108,0.08373,0,1,0.037,0.261,running
95.993,2,567,-0.07985,-0.02643,0.2712,0.0274,-0.09223,0.04703,0.07901,0,1,-0.146,0.152,running
96.039,2,568,-0.07476,-0.02484,0.2799,0.0873,-0.07741,-0.00790,0.07372,0,1,-0.341,0.078,running
96.082,2,569,-0.07224,-0.02228,0.1387,0.1410,-0.04010,-0.05529,0.07037,0,1,-0.462,-0.102,running
96.126,2,570,-0.06970,-0.01971,0.1395,0.1415,0.00169,-0.08930,0.06703,0,1,-0.127,-0.279,running
96.171,2,571,-0.06966,-0.01799,0.0024,0.0945,0.03418,-0.10221,0.06635,0,1,-0.169,-0.314,running
96.214,2,572,-0.07066,-0.01746,-0.0551,0.0289,0.06133,-0.08045,0.06710,0,1,0.229,-0.187,running
96.258,2,573,-0.07281,-0.01709,-0.1180,0.0205,0.06778,-0.02323,0.06898,0,1,0.403,0.006,running
96.302,2,574,-0.07569,-0.01819,-0.1584,-0.0607,0.03378,0.04681,0.07207,0,1,0.592,0.033,running
96.346,2,575,-0.07952,-0.01993,-0.2106,-0.0955,-0.00600,0.10405,0.07626,0,1,0.709,0.264,running
96.389,2,576,-0.08278,-0.02223,-0.1796,-0.1265,-0.03651,0.13329,0.08012,0,1,0.800,0.355,running
96.434,2,577,-0.08490,-0.02426,-0.1165,-0.1120,-0.06734,0.15432,0.08283,0,1,0.768,0.430,running
96.480,2,578,-0.08584,-0.02540,-0.0520,-0.0623,-0.10040,0.16960,0.08412,0,1,0.624,0.397,running
96.523,2,579,-0.08526,-0.02608,0.0320,-0.0374,-0.11568,0.16754,0.08384,0,1,0.484,0.287,running
96.566,2,580,-0.08339,-0.02556,0.1029,0.0284,-0.10130,0.15332,0.08192,0,1,0.292,0.235,running
96.610,2,581,-0.08041,-0.02423,0.1642,0.0734,-0.07584,0.11936,0.07865,0,1,0.108,0.079,running
96.655,2,582,-0.07626,-0.02248,0.2279,0.0962,-0.03763,0.06165,0.07415,0,1,-0.081,-0.046,running
96.697,2,583,-0.07313,-0.02044,0.1722,0.1120,0.00223,-0.00299,0.07048,0,1,-0.312,-0.134,running
96.742,2,584,-0.07034,-0.01918,0.1535,0.0690,0.03154,-0.05351,0.06742,0,1,-0.216,-0.205,running
96.787,2,585,-0.06948,-0.01848,0.0473,0.0389,0.05475,-0.08947,0.06636,0,1,-0.203,-0.103,running
96.874,2,586,-0.07095,-0.01944,-0.0807,-0.0528,0.02937,-0.06152,0.06808,0,1,0.096,-0.021,running
96.917,2,587,-0.07401,-0.02150,-0.1685,-0.1136,0.01785,-0.01547,0.07170,0,1,0.479,0.251,running
96.963,2,588,-0.07803,-0.02329,-0.2212,-0.0986,0.00595,0.01735,0.07610,0,1,0.731,0.423,running
97.006,2,589,-0.08223,-0.02600,-0.2306,-0.1490,-0.04703,0.04565,0.08102,0,1,0.800,0.378,running
97.051,2,590,-0.08644,-0.02807,-0.2317,-0.1138,-0.08784,0.08249,0.08571,0,1,0.800,0.497,running
97.093,2,591,-0.08984,-0.02965,-0.1869,-0.0866,-0.10145,0.13075,0.08945,0,1,0.800,0.410,running
97.139,2,592,-0.09253,-0.02985,-0.1481,-0.0112,-0.11645,0.17479,0.09201,0,1,0.786,0.352,running
97.183,2,593,-0.09371,-0.02941,-0.0649,0.0242,-0.10034,0.17133,0.09292,0,1,0.720,0.202,running
97.226,2,594,-0.09356,-0.02765,0.0087,0.0967,-0.05702,0.17120,0.09212,0,1,0.559,0.129,running
97.270,2,595,-0.09183,-0.02562,0.0951,0.1116,-0.02162,0.17012,0.08978,0,1,0.411,-0.025,running
97.315,2,596,-0.08903,-0.02359,0.1540,0.1116,0.00330,0.13919,0.08645,0,1,0.228,-0.066,running
97.359,2,597,-0.08540,-0.02157,0.1997,0.1110,0.03759,0.08092,0.08235,0,1,0.062,-0.096,running
97.403,2,598,-0.08138,-0.02093,0.2210,0.0355,0.05089,0.01701,0.07835,0,1,-0.102,-0.129,running
97.446,2,599,-0.07822,-0.02026,0.1736,0.0366,0.03760,-0.02763,0.07516,0,1,-0.220,0.031,running
97.491,2,600,-0.07560,-0.02086,0.1440,-0.0330,0.02607,-0.06361,0.07293,0,1,-0.150,0.017,running
97.546,2,601,-0.07471,-0.02151,0.0493,-0.0355,-0.00791,-0.08199,0.07234,0,1,-0.105,0.200,running
97.580,2,602,-0.07514,-0.02306,-0.0236,-0.0853,-0.05379,-0.06532,0.07334,0,1,0.142,0.209,running
97.621,2,603,-0.07690,-0.02360,-0.0968,-0.0299,-0.07621,-0.02146,0.07517,0,1,0.343,0.348,running
97.666,2,604,-0.07909,-0.02361,-0.1209,-0.0007,-0.08854,0.03425,0.07720,0,1,0.545,0.204,running
97.709,2,605,-0.08217,-0.02301,-0.1692,0.0332,-0.09865,0.09389,0.07983,0,1,0.614,0.131,running
97.755,2,606,-0.08444,-0.02138,-0.1249,0.0898,-0.07608,0.14194,0.08138,0,1,0.741,0.050,running
97.797,2,607,-0.08549,-0.01948,-0.0577,0.1041,-0.03045,0.17572,0.08176,0,1,0.643,-0.086,running
97.843,2,608,-0.08500,-0.01733,0.0267,0.1186,0.00101,0.18377,0.08065,0,1,0.491,-0.126,running
97.885,2,609,-0.08357,-0.01569,0.0788,0.0902,0.02946,0.17584,0.07881,0,1,0.287,-0.176,running
97.931,2,610,-0.08014,-0.01464,0.1886,0.0579,0.04870,0.15496,0.07523,0,1,0.144,-0.125,running
97.974,2,611,-0.07542,-0.01484,0.2594,-0.0113,0.04178,0.11277,0.07076,0,1,-0.180,-0.062,running
98.020,2,612,-0.07049,-0.01545,0.2713,-0.0338,0.02384,0.05082,0.06626,0,1,-0.445,0.115,running
98.063,2,613,-0.06577,-0.01629,0.2599,-0.0463,-0.00966,-0.01285,0.06211,0,1,-0.561,0.181,running
98.105,2,614,-0.06259,-0.01822,0.1750,-0.1060,-0.05042,-0.05819,0.05990,0,1,-0.601,0.225,running
98.151,2,615,-0.05994,-0.01956,0.1456,-0.0736,-0.07553,-0.08241,0.05807,0,1,-0.369,0.424,running
98.194,2,616,-0.05874,-0.02001,0.0659,-0.0250,-0.09569,-0.09459,0.05720,0,1,-0.300,0.328,running
98.238,2,617,-0.05904,-0.01941,-0.0163,0.0332,-0.10055,-0.07797,0.05719,0,1,-0.047,0.170,running
98.283,2,618,-0.06027,-0.01712,-0.0678,0.1259,-0.09408,-0.03371,0.05734,0,1,0.226,-0.025,running
98.326,2,619,-0.06298,-0.01509,-0.1490,0.1120,-0.06390,0.03074,0.05907,0,1,0.401,-0.338,running
98.371,2,620,-0.06584,-0.01241,-0.1572,0.1473,-0.02308,0.09480,0.06089,0,1,0.673,-0.290,running
98.414,2,621,-0.06802,-0.00924,-0.1202,0.1742,0.00776,0.14444,0.06212,0,1,0.703,-0.401,running
98.458,2,622,-0.06928,-0.00697,-0.0691,0.1248,0.03881,0.17452,0.06283,0,1,0.592,-0.488,running
98.502,2,623,-0.06923,-0.00567,0.0026,0.0714,0.07487,0.18383,0.06253,0,1,0.437,-0.338,running
98.547,2,624,-0.06735,-0.00610,0.1032,-0.0236,0.08495,0.16757,0.06077,0,1,0.215,-0.179,running
98.592,2,625,-0.06416,-0.00789,0.1755,-0.0985,0.05605,0.13326,0.05805,0,1,-0.116,0.118,running
98.635,2,626,-0.06045,-0.01132,0.2042,-0.1883,0.02036,0.08184,0.05543,0,1,-0.383,0.370,running
98.690,2,627,-0.05666,-0.01490,0.2082,-0.1971,-0.01310,0.02520,0.05315,0,1,-0.519,0.694,running
98.766,2,628,-0.05032,-0.02271,0.3488,-0.4295,-0.07622,-0.05954,0.05131,0,1,-0.569,0.751,running
98.810,2,629,-0.04821,-0.02531,0.1163,-0.1433,-0.09753,-0.09252,0.05112,0,1,-0.800,0.800,running
98.898,2,630,-0.05080,-0.02743,-0.1428,-0.1165,-0.09840,-0.09707,0.05447,0,1,-0.290,0.605,running
98.943,2,631,-0.05484,-0.02600,-0.2218,0.0787,-0.09669,-0.09395,0.05689,0,1,0.627,0.506,running
98.986,2,632,-0.06044,-0.02364,-0.3082,0.1298,-0.09087,-0.08289,0.06041,0,1,0.800,-0.154,running
99.030,2,633,-0.06697,-0.02131,-0.3591,0.1280,-0.06637,-0.04326,0.06517,0,1,0.800,-0.309,running
99.075,2,634,-0.07498,-0.01767,-0.4404,0.2003,-0.02237,0.03128,0.07123,0,1,0.800,-0.281,running
99.117,2,635,-0.08251,-0.01460,-0.4145,0.1693,0.01077,0.10012,0.07750,0,1,0.800,-0.455,running
99.163,2,636,-0.09041,-0.01161,-0.4345,0.1642,0.04163,0.14703,0.08447,0,1,0.800,-0.333,running
99.206,2,637,-0.09707,-0.00989,-0.3659,0.0948,0.06985,0.16571,0.09067,0,1,0.800,-0.282,running
99.251,2,638,-0.10193,-0.00944,-0.2676,0.0243,0.06190,0.16788,0.09539,0,1,0.800,-0.110,running
99.294,2,639,-0.10547,-0.01008,-0.1948,-0.0348,0.03150,0.16159,0.09899,0,1,1.000,0.029,running
99.338,2,640,-0.10750,-0.01122,-0.1116,-0.0631,0.00411,0.15005,0.10118,0,1,1.000,0.150,running
99.384,2,641,-0.10833,-0.01349,-0.0454,-0.1244,-0.03547,0.13178,0.10240,0,1,1.000,0.212,running
99.426,2,642,-0.10809,-0.01486,0.0130,-0.0754,-0.07327,0.11563,0.10244,0,1,1.000,0.346,running
99.472,2,643,-0.10726,-0.01626,0.0457,-0.0772,-0.09382,0.10775,0.10192,0,1,1.000,0.255,running
99.515,2,644,-0.10518,-0.01629,0.1143,-0.0013,-0.10714,0.10362,0.09990,0,1,1.000,0.266,running
99.557,2,645,-0.10296,-0.01586,0.1220,0.0236,-0.09155,0.10523,0.09764,0,1,1.000,0.114,running
99.603,2,646,-0.10001,-0.01423,0.1624,0.0894,-0.05752,0.11073,0.09440,0,1,1.000,0.062,running
99.647,2,647,-0.09613,-0.01263,0.2133,0.0882,-0.02543,0.12246,0.09027,0,1,1.000,-0.078,running
99.692,2,648,-0.09136,-0.01072,0.2626,0.1050,0.01119,0.13595,0.08521,0,1,0.015,-0.083,running
99.735,2,649,-0.08579,-0.00949,0.3060,0.0675,0.04549,0.14935,0.07952,0,1,-0.178,-0.151,running
99.779,2,650,-0.07901,-0.00889,0.3728,0.0331,0.05155,0.14488,0.07275,0,1,-0.391,-0.094,running
99.824,2,651,-0.07119,-0.00958,0.4303,-0.0379,0.03780,0.10918,0.06528,0,1,-0.708,-0.028,running
99.867,2,652,-0.06333,-0.01055,0.4325,-0.0533,0.01722,0.05529,0.05794,0,1,-0.800,0.172,running
99.910,2,653,-0.05529,-0.01313,0.4421,-0.1418,-0.02698,-0.00731,0.05120,0,1,-0.800,0.231,running
99.954,2,654,-0.04766,-0.01421,0.4196,-0.0596,-0.06098,-0.05226,0.04469,1,1,-0.800,0.562,in_circle
99.998,2,655,-0.04104,-0.01538,0.3643,-0.0641,-0.08827,-0.08873,0.03952,1,1,-0.800,0.283,in_circle
100.042,2,656,-0.03629,-0.01586,0.2609,-0.0265,-0.09390,-0.11370,0.03591,1,1,-0.800,0.310,in_circle
100.086,2,657,-0.03360,-0.01458,0.1481,0.0704,-0.08551,-0.11362,0.03300,1,1,-0.800,0.161,in_circle
100.130,2,658,-0.03340,-0.01310,0.0111,0.0815,-0.07324,-0.08130,0.03194,1,1,-0.528,-0.230,in_circle
100.175,2,659,-0.03400,-0.01136,-0.0332,0.0957,-0.03402,-0.03051,0.03143,1,1,0.020,-0.278,in_circle
100.218,2,660,-0.03690,-0.00949,-0.1595,0.1026,0.00518,0.02508,0.03297,1,1,0.198,-0.339,in_circle
100.262,2,661,-0.03926,-0.00773,-0.1296,0.0967,0.03439,0.07374,0.03432,1,1,0.711,-0.372,in_circle
100.307,2,662,-0.04205,-0.00659,-0.1538,0.0628,0.06178,0.11071,0.03649,1,1,0.597,-0.353,in_circle
100.350,2,663,-0.04398,-0.00638,-0.1058,0.0117,0.06885,0.14280,0.03824,1,1,0.701,-0.220,in_circle
100.394,2,664,-0.04434,-0.00770,-0.0202,-0.0730,0.05058,0.17127,0.03903,1,1,0.514,-0.016,in_circle
100.437,2,665,-0.04302,-0.00921,0.0726,-0.0828,0.02396,0.17537,0.03837,1,1,0.172,0.326,in_circle
100.484,2,666,-0.04066,-0.01187,0.1301,-0.1465,-0.01801,0.15159,0.03740,1,1,-0.203,0.369,in_circle
100.525,2,667,-0.03630,-0.01443,0.2399,-0.1405,-0.05151,0.10340,0.03506,1,1,-0.438,0.631,in_circle
100.571,2,668,-0.03240,-0.01630,0.2144,-0.1030,-0.07965,0.04916,0.03320,1,1,-0.800,0.613,in_circle
100.613,2,669,-0.02791,-0.01705,0.2468,-0.0410,-0.10868,-0.00423,0.03059,1,1,-0.796,0.468,in_circle
100.659,2,670,-0.02285,-0.01708,0.2785,-0.0021,-0.09817,-0.05058,0.02756,1,1,-0.800,0.222,in_circle
100.701,2,671,-0.02165,-0.01560,0.0659,0.0817,-0.09748,-0.08831,0.02566,1,1,-0.800,0.066,in_circle
100.747,2,672,-0.02084,-0.01375,0.0444,0.1014,-0.06891,-0.11052,0.02367,1,1,-0.229,-0.273,in_circle
100.796,2,673,-0.02084,-0.01375,0.0000,0.0000,-0.02308,-0.10112,0.02367,0,0,-0.145,-0.356,in_circle
100.837,2,674,-0.02503,-0.00933,-0.2304,0.2435,0.01070,-0.06619,0.02306,1,1,0.033,0.049,in_circle
100.924,2,675,-0.03425,-0.00463,-0.5070,0.2581,0.01678,0.05155,0.02851,1,1,0.800,-0.800,in_circle
100.967,2,676,-0.03888,-0.00451,-0.2548,0.0066,-0.00598,0.08192,0.03281,1,1,0.800,-0.800,in_circle
101.010,2,677,-0.04339,-0.00464,-0.2481,-0.0068,0.03399,0.08101,0.03715,1,1,0.800,-0.000,in_circle
101.054,2,678,-0.04724,-0.00508,-0.2117,-0.0243,0.07481,0.09716,0.04097,1,1,0.800,0.054,in_circle
101.099,2,679,-0.05036,-0.00673,-0.1717,-0.0909,0.04048,0.13924,0.04443,1,1,0.800,0.124,in_circle
101.144,2,680,-0.05196,-0.01019,-0.0878,-0.1902,-0.01464,0.17184,0.04703,0,1,0.772,0.382,running
101.187,2,681,-0.05208,-0.01269,-0.0068,-0.1377,-0.03878,0.18237,0.04807,0,1,0.452,0.753,running
101.230,2,682,-0.05053,-0.01529,0.0852,-0.1427,-0.05875,0.16299,0.04774,0,1,0.154,0.561,running
101.276,2,683,-0.04751,-0.01825,0.1663,-0.1631,-0.09683,0.13766,0.04653,0,1,-0.191,0.588,running
101.318,2,684,-0.04290,-0.01935,0.2536,-0.0603,-0.10327,0.09713,0.04329,1,1,-0.510,0.678,in_circle
101.363,2,685,-0.03885,-0.01955,0.2224,-0.0110,-0.09350,0.03730,0.04021,1,1,-0.800,0.301,in_circle
101.405,2,686,-0.03408,-0.01788,0.2624,0.0920,-0.09781,-0.02389,0.03551,1,1,-0.800,0.108,in_circle
101.449,2,687,-0.03077,-0.01626,0.1821,0.0891,-0.07462,-0.06735,0.03199,1,1,-0.800,-0.308,in_circle
101.494,2,688,-0.02901,-0.01286,0.0969,0.1869,-0.02646,-0.08705,0.02838,1,1,-0.671,-0.301,in_circle
101.539,2,689,-0.02818,-0.01080,0.0456,0.1131,0.00680,-0.09413,0.02641,1,1,-0.335,-0.700,in_circle
101.583,2,690,-0.03032,-0.00780,-0.1174,0.1653,0.03480,-0.07937,0.02641,1,1,-0.132,-0.410,in_circle
101.627,2,691,-0.03320,-0.00680,-0.1587,0.0551,0.06379,-0.03584,0.02844,1,1,0.526,-0.627,in_circle
101.669,2,692,-0.03715,-0.00640,-0.2171,0.0216,0.05170,0.02355,0.03186,1,1,0.698,-0.188,in_circle
101.714,2,693,-0.04108,-0.00660,-0.2161,-0.0110,0.04876,0.08740,0.03558,1,1,0.800,-0.055,in_circle
101.758,2,694,-0.04511,-0.00825,-0.2219,-0.0909,0.04001,0.13928,0.03994,1,1,0.800,0.075,in_circle
101.803,2,695,-0.04758,-0.01028,-0.1358,-0.1114,-0.01374,0.16848,0.04298,1,1,0.800,0.399,in_circle
101.846,2,696,-0.04876,-0.01315,-0.0646,-0.1575,-0.04966,0.18012,0.04521,1,1,0.632,0.476,in_circle
101.890,2,697,-0.04784,-0.01611,0.0505,-0.1629,-0.07039,0.16735,0.04574,0,1,0.358,0.650,running
101.934,2,698,-0.04543,-0.01696,0.1323,-0.0470,-0.10307,0.14349,0.04409,1,1,-0.079,0.676,in_circle
101.979,2,699,-0.04213,-0.01729,0.1819,-0.0180,-0.11449,0.10464,0.04148,1,1,-0.406,0.242,in_circle
102.024,2,700,-0.03861,-0.01642,0.1932,0.0476,-0.11635,0.05362,0.03811,1,1,-0.629,0.131,in_circle
102.067,2,701,-0.03464,-0.01426,0.2188,0.1191,-0.10203,-0.00626,0.03362,1,1,-0.696,-0.134,in_circle
102.110,2,702,-0.03171,-0.01139,0.1609,0.1575,-0.08334,-0.06078,0.02957,1,1,-0.800,-0.426,in_circle
102.154,2,703,-0.03021,-0.00751,0.0825,0.2132,-0.03293,-0.09852,0.02617,1,1,-0.584,-0.587,in_circle
102.197,2,704,-0.03097,-0.00380,-0.0415,0.2043,0.00590,-0.11692,0.02515,1,1,-0.274,-0.800,in_circle
102.243,2,705,-0.03272,-0.00054,-0.0966,0.1794,0.03131,-0.09789,0.02576,1,1,0.224,-0.793,in_circle
102.287,2,706,-0.03624,0.00167,-0.1933,0.1214,0.06811,-0.04724,0.02876,1,1,0.449,-0.701,in_circle
102.332,2,707,-0.04056,0.00215,-0.2380,0.0264,0.09211,0.01459,0.03299,1,1,0.800,-0.475,in_circle
102.374,2,708,-0.04562,-0.00004,-0.2784,-0.1201,0.07869,0.07283,0.03830,1,1,0.800,-0.096,in_circle
102.419,2,709,-0.05027,-0.00315,-0.2555,-0.1714,0.04805,0.11069,0.04345,1,1,0.800,0.496,in_circle
102.461,2,710,-0.05461,-0.00704,-0.2388,-0.2136,0.01245,0.13787,0.04859,0,1,0.800,0.686,running
102.507,2,711,-0.05728,-0.01167,-0.1466,-0.2549,-0.02789,0.16324,0.05254,0,1,0.800,0.800,running
102.550,2,712,-0.05835,-0.01570,-0.0589,-0.2213,-0.05642,0.17137,0.05501,0,1,0.668,0.800,running
102.595,2,713,-0.05809,-0.01983,0.0140,-0.2276,-0.09145,0.16452,0.05654,0,1,0.364,0.800,running
102.639,2,714,-0.05616,-0.02285,0.1062,-0.1658,-0.11755,0.14125,0.05631,0,1,0.121,0.800,running
102.683,2,715,-0.05339,-0.02508,0.1528,-0.1228,-0.11593,0.10026,0.05517,0,1,-0.195,0.651,running
102.727,2,716,-0.05014,-0.02621,0.1782,-0.0620,-0.11550,0.05036,0.05320,0,1,-0.370,0.518,running
102.771,2,717,-0.04697,-0.02564,0.1746,0.0314,-0.10013,0.00042,0.05035,0,1,-0.485,0.317,running
102.816,2,718,-0.04483,-0.02419,0.1179,0.0796,-0.07594,-0.05299,0.04777,0,1,-0.508,-0.017,running
102.858,2,719,-0.04416,-0.02180,0.0365,0.1312,-0.02699,-0.09519,0.04577,0,1,-0.328,-0.206,running
102.947,2,720,-0.04812,-0.01767,-0.2177,0.2275,0.03237,-0.09253,0.04675,0,1,-0.036,-0.417,running
102.989,2,721,-0.05238,-0.01638,-0.2344,0.0706,0.03649,-0.05242,0.04989,0,1,0.800,-0.781,running
103.034,2,722,-0.05788,-0.01556,-0.3021,0.0451,0.05511,-0.01011,0.05452,0,1,0.800,-0.188,running
103.080,2,723,-0.06377,-0.01660,-0.3244,-0.0569,0.10696,0.02700,0.06036,0,1,0.800,-0.085,running
103.122,2,724,-0.07019,-0.01851,-0.3531,-0.1052,0.07994,0.07403,0.06703,0,1,0.800,0.261,running
103.166,2,725,-0.07578,-0.02159,-0.3075,-0.1693,0.01509,0.12310,0.07337,0,1,0.800,0.401,running
103.209,2,726,-0.08080,-0.02602,-0.2761,-0.2436,-0.00679,0.16245,0.07972,0,1,0.800,0.566,running
103.255,2,727,-0.08437,-0.03073,-0.1960,-0.2592,-0.03174,0.18435,0.08492,0,1,0.800,0.731,running
103.298,2,728,-0.08636,-0.03444,-0.1095,-0.2038,-0.07519,0.16965,0.08835,0,1,0.795,0.745,running
103.343,2,729,-0.08712,-0.03767,-0.0419,-0.1779,-0.10608,0.15492,0.09055,0,1,0.613,0.620,running
103.386,2,730,-0.08613,-0.03976,0.0546,-0.1148,-0.11732,0.14220,0.09071,0,1,0.480,0.574,running
103.431,2,731,-0.08418,-0.04018,0.1069,-0.0231,-0.11310,0.11395,0.08926,0,1,0.283,0.458,running
103.474,2,732,-0.08151,-0.03962,0.1468,0.0307,-0.09813,0.05572,0.08669,0,1,0.162,0.276,running
103.517,2,733,-0.07888,-0.03802,0.1448,0.0880,-0.06164,-0.01444,0.08361,0,1,0.043,0.155,running
103.563,2,734,-0.07715,-0.03551,0.0953,0.1378,-0.01840,-0.06055,0.08082,0,1,0.006,0.007,running
103.606,2,735,-0.07682,-0.03318,0.0178,0.1283,0.01375,-0.07368,0.07937,0,1,0.089,-0.138,running
103.651,2,736,-0.07725,-0.03165,-0.0235,0.0840,0.04397,-0.05433,0.07900,0,1,0.265,-0.136,running
103.694,2,737,-0.07931,-0.03080,-0.1131,0.0469,0.06224,-0.01180,0.08042,0,1,0.366,-0.037,running
103.739,2,738,-0.08161,-0.03069,-0.1264,0.0063,0.04607,0.04511,0.08242,0,1,0.593,0.054,running
103.783,2,739,-0.08393,-0.03106,-0.1279,-0.0208,0.01376,0.09596,0.08467,0,1,0.632,0.155,running
103.826,2,740,-0.08608,-0.03174,-0.1182,-0.0369,-0.02654,0.14360,0.08690,0,1,0.643,0.221,running
103.871,2,741,-0.08728,-0.03242,-0.0661,-0.0374,-0.05601,0.17411,0.08828,0,1,0.630,0.261,running
103.914,2,742,-0.08692,-0.03218,0.0198,0.0132,-0.08477,0.17176,0.08785,0,1,0.527,0.266,running
103.958,2,743,-0.08492,-0.03110,0.1101,0.0593,-0.10191,0.15377,0.08558,0,1,0.346,0.159,running
104.004,2,744,-0.08178,-0.02881,0.1730,0.1256,-0.08480,0.12547,0.08176,0,1,0.129,0.048,running
104.047,2,745,-0.07802,-0.02566,0.2063,0.1734,-0.05610,0.08524,0.07703,0,1,-0.064,-0.133,running
104.094,2,746,-0.07402,-0.02202,0.2205,0.2003,-0.02134,0.03344,0.07190,0,1,-0.214,-0.299,running
104.134,2,747,-0.06980,-0.01946,0.2316,0.1408,0.01265,-0.01692,0.06703,0,1,-0.330,-0.431,running
104.180,2,748,-0.06798,-0.01705,0.1002,0.1323,0.04844,-0.06518,0.06445,0,1,-0.437,-0.313,running
104.223,2,749,-0.06717,-0.01577,0.0445,0.0707,0.07840,-0.09548,0.06324,0,1,-0.079,-0.314,running
104.268,2,750,-0.06741,-0.01491,-0.0130,0.0472,0.06992,-0.09825,0.06317,0,1,0.081,-0.137,running
104.309,2,751,-0.06859,-0.01536,-0.0650,-0.0248,0.04176,-0.06976,0.06443,0,1,0.258,-0.069,running
104.355,2,752,-0.07021,-0.01647,-0.0889,-0.0613,0.01232,-0.00920,0.06633,0,1,0.423,0.154,running
104.397,2,753,-0.07446,-0.01783,-0.2337,-0.0747,-0.02776,0.05390,0.07079,0,1,0.500,0.266,running
104.443,2,754,-0.07877,-0.01941,-0.2371,-0.0867,-0.06474,0.10667,0.07538,0,1,0.800,0.303,running
104.485,2,755,-0.08202,-0.02121,-0.1787,-0.0991,-0.09385,0.13385,0.07905,0,1,0.800,0.332,running
104.532,2,756,-0.08371,-0.02169,-0.0930,-0.0264,-0.10533,0.15704,0.08080,0,1,0.766,0.363,running
104.575,2,757,-0.08454,-0.02144,-0.0460,0.0135,-0.09580,0.17514,0.08150,0,1,0.565,0.188,running
104.618,2,758,-0.08369,-0.02061,0.0468,0.0458,-0.07779,0.16767,0.08042,0,1,0.459,0.094,running
104.662,2,759,-0.08162,-0.01910,0.1142,0.0832,-0.05188,0.14893,0.07797,0,1,0.232,0.011,running
104.707,2,760,-0.07808,-0.01724,0.1943,0.1019,-0.00817,0.11027,0.07403,0,1,0.041,-0.096,running
104.750,2,761,-0.07417,-0.01616,0.2152,0.0597,0.03071,0.04760,0.06997,0,1,-0.217,-0.171,running
104.793,2,762,-0.07072,-0.01578,0.1900,0.0210,0.05539,-0.01013,0.06658,0,1,-0.338,-0.079,running
104.838,2,763,-0.06812,-0.01615,0.1430,-0.0207,0.06697,-0.04738,0.06426,0,1,-0.317,0.022,running
104.884,2,764,-0.06685,-0.01769,0.0695,-0.0848,0.03343,-0.07641,0.06363,0,1,-0.209,0.145,running
104.972,2,765,-0.06708,-0.02124,-0.0128,-0.1952,-0.03716,-0.05112,0.06524,0,1,0.005,0.346,running
105.014,2,766,-0.06898,-0.02277,-0.1043,-0.0838,-0.03835,-0.01014,0.06761,0,1,0.261,0.686,running
105.059,2,767,-0.07177,-0.02441,-0.1532,-0.0904,-0.05151,0.01658,0.07083,0,1,0.539,0.354,running
105.104,2,768,-0.07474,-0.02525,-0.1636,-0.0460,-0.10215,0.04908,0.07387,0,1,0.682,0.373,running
105.147,2,769,-0.07793,-0.02581,-0.1753,-0.0310,-0.09335,0.09622,0.07700,0,1,0.713,0.253,running
105.192,2,770,-0.08063,-0.02496,-0.1489,0.0468,-0.06590,0.14144,0.07914,0,1,0.747,0.216,running
105.235,2,771,-0.08183,-0.02369,-0.0658,0.0700,-0.05453,0.17918,0.07976,0,1,0.687,0.024,running
105.278,2,772,-0.08164,-0.02224,0.0106,0.0794,-0.01428,0.18405,0.07905,0,1,0.491,-0.036,running
105.323,2,773,-0.07980,-0.02132,0.1007,0.0507,0.02973,0.17199,0.07701,0,1,0.303,-0.068,running
105.367,2,774,-0.07703,-0.02086,0.1529,0.0255,0.04519,0.15858,0.07425,0,1,0.060,-0.009,running
105.411,2,775,-0.07258,-0.02131,0.2443,-0.0248,0.04562,0.11924,0.07030,0,1,-0.110,0.046,running
105.455,2,776,-0.06800,-0.02242,0.2519,-0.0611,0.02070,0.05940,0.06657,0,1,-0.421,0.179,running
105.497,2,777,-0.06309,-0.02348,0.2704,-0.0583,-0.02007,-0.00283,0.06266,0,1,-0.509,0.288,running
105.542,2,778,-0.05880,-0.02482,0.2361,-0.0740,-0.05255,-0.04547,0.05959,0,1,-0.636,0.288,running
105.588,2,779,-0.05616,-0.02556,0.1452,-0.0408,-0.07774,-0.08073,0.05775,0,1,-0.582,0.345,running
105.632,2,780,-0.05471,-0.02610,0.0795,-0.0296,-0.09414,-0.10484,0.05684,0,1,-0.314,0.241,running
105.675,2,781,-0.05487,-0.02600,-0.0088,0.0055,-0.08875,-0.10095,0.05692,0,1,-0.108,0.206,running
105.718,2,782,-0.05696,-0.02430,-0.1150,0.0937,-0.06947,-0.06492,0.05775,0,1,0.187,0.089,running
105.764,2,783,-0.05977,-0.02271,-0.1544,0.0875,-0.03454,-0.00885,0.05937,0,1,0.545,-0.206,running
105.809,2,784,-0.06358,-0.02057,-0.2095,0.1176,0.00331,0.06268,0.06178,0,1,0.678,-0.183,running
105.850,2,785,-0.06766,-0.01903,-0.2245,0.0849,0.03715,0.11990,0.06488,0,1,0.800,-0.272,running
105.895,2,786,-0.07076,-0.01755,-0.1704,0.0814,0.04755,0.15425,0.06722,0,1,0.800,-0.161,running
105.941,2,787,-0.07185,-0.01693,-0.0601,0.0342,0.04660,0.17105,0.06803,0,1,0.739,-0.146,running
105.984,2,788,-0.07235,-0.01766,-0.0272,-0.0402,0.02603,0.17338,0.06874,0,1,0.423,-0.009,running
106.028,2,789,-0.07076,-0.01885,0.0872,-0.0658,-0.01449,0.16539,0.06769,0,1,0.332,0.208,running
106.070,2,790,-0.06807,-0.02024,0.1480,-0.0761,-0.04188,0.14541,0.06573,0,1,-0.008,0.287,running
106.116,2,791,-0.06409,-0.02135,0.2187,-0.0610,-0.07366,0.10074,0.06259,0,1,-0.211,0.325,running
106.159,2,792,-0.05991,-0.02199,0.2300,-0.0354,-0.10066,0.03318,0.05915,0,1,-0.473,0.288,running
106.202,2,793,-0.05644,-0.02114,0.1913,0.0466,-0.10130,-0.02923,0.05570,0,1,-0.563,0.211,running
106.247,2,794,-0.05348,-0.01945,0.1625,0.0929,-0.07905,-0.07222,0.05229,0,1,-0.485,-0.068,running
106.293,2,795,-0.05200,-0.01729,0.0812,0.1192,-0.05435,-0.09300,0.04996,0,1,-0.428,-0.247,running
106.336,2,796,-0.05141,-0.01476,0.0328,0.1391,-0.01115,-0.08780,0.04830,0,1,-0.160,-0.359,running
106.378,2,797,-0.05272,-0.01312,-0.0723,0.0901,0.02352,-0.05899,0.04882,0,1,0.007,-0.450,running
106.424,2,798,-0.05562,-0.01155,-0.1596,0.0861,0.05049,-0.00529,0.05094,0,1,0.396,-0.272,running
106.466,2,799,-0.05829,-0.01039,-0.1465,0.0639,0.07492,0.05178,0.05308,0,1,0.714,-0.253,running
106.511,2,800,-0.06157,-0.01077,-0.1804,-0.0206,0.05211,0.10794,0.05632,0,1,0.669,-0.170,running
106.554,2,801,-0.06367,-0.01178,-0.1154,-0.0558,0.01156,0.15245,0.05863,0,1,0.782,0.125,running
106.598,2,802,-0.06474,-0.01372,-0.0591,-0.1068,-0.01531,0.17486,0.06026,0,1,0.567,0.243,running
106.644,2,803,-0.06426,-0.01553,0.0265,-0.0993,-0.04850,0.17953,0.06043,0,1,0.389,0.410,running
106.686,2,804,-0.06215,-0.01700,0.1160,-0.0807,-0.08649,0.15875,0.05902,0,1,0.115,0.392,running
106.731,2,805,-0.05857,-0.01820,0.1969,-0.0660,-0.11471,0.12186,0.05624,0,1,-0.188,0.341,running
106.775,2,806,-0.05472,-0.01835,0.2116,-0.0085,-0.10547,0.07224,0.05287,0,1,-0.492,0.301,running
106.819,2,807,-0.05010,-0.01665,0.2541,0.0938,-0.08658,0.01042,0.04798,0,1,-0.590,0.106,running
106.863,2,808,-0.04623,-0.01460,0.2131,0.1128,-0.05959,-0.04932,0.04360,1,1,-0.800,-0.280,in_circle
106.907,2,809,-0.04343,-0.01093,0.1539,0.2016,-0.01519,-0.08228,0.03945,1,1,-0.719,-0.380,in_circle
106.995,2,810,-0.04393,-0.00621,-0.0275,0.2595,0.04788,-0.10744,0.03814,1,1,-0.526,-0.764,in_circle
107.040,2,811,-0.04650,-0.00543,-0.1410,0.0432,0.05079,-0.09653,0.04035,1,1,0.200,-0.800,in_circle
107.083,2,812,-0.05071,-0.00448,-0.2317,0.0520,0.06916,-0.07936,0.04417,1,1,0.659,-0.143,in_circle
107.127,2,813,-0.05704,-0.00603,-0.3484,-0.0852,0.09162,-0.03406,0.05069,0,1,0.800,-0.171,running
107.173,2,814,-0.06287,-0.00915,-0.3205,-0.1713,0.05224,0.02264,0.05711,0,1,0.800,0.341,running
107.216,2,815,-0.06859,-0.01211,-0.3146,-0.1628,0.00518,0.08239,0.06343,0,1,0.800,0.619,running
107.258,2,816,-0.07496,-0.01659,-0.3503,-0.2468,-0.02214,0.13343,0.07086,0,1,0.800,0.565,running
107.306,2,817,-0.08026,-0.02040,-0.2914,-0.2094,-0.04801,0.16209,0.07712,0,1,0.800,0.774,running
107.347,2,818,-0.08418,-0.02437,-0.2157,-0.2186,-0.08817,0.17467,0.08220,0,1,0.800,0.642,running
107.391,2,819,-0.08617,-0.02743,-0.1094,-0.1681,-0.11952,0.16322,0.08520,0,1,0.800,0.645,running
107.434,2,820,-0.08706,-0.02917,-0.0491,-0.0959,-0.10663,0.15297,0.08672,0,1,0.613,0.528,running
107.479,2,821,-0.08655,-0.03039,0.0283,-0.0671,-0.11097,0.13667,0.08675,0,1,0.488,0.374,running
107.523,2,822,-0.08475,-0.02984,0.0988,0.0303,-0.08710,0.10097,0.08489,0,1,0.321,0.319,running
107.568,2,823,-0.08273,-0.02876,0.1111,0.0598,-0.03814,0.04951,0.08260,0,1,0.147,0.103,running
107.611,2,824,-0.08075,-0.02793,0.1092,0.0454,-0.00419,-0.00926,0.08045,0,1,0.092,0.024,running
107.656,2,825,-0.08009,-0.02712,0.0360,0.0446,0.01899,-0.04932,0.07952,0,1,0.070,0.045,running
107.699,2,826,-0.08048,-0.02669,-0.0211,0.0238,0.04067,-0.06486,0.07969,0,1,0.237,0.040,running
107.744,2,827,-0.08161,-0.02667,-0.0621,0.0012,0.02766,-0.04669,0.08071,0,1,0.377,0.089,running
107.787,2,828,-0.08353,-0.02714,-0.1057,-0.0258,0.00352,-0.00691,0.08266,0,1,0.482,0.145,running
107.831,2,829,-0.08663,-0.02798,-0.1704,-0.0466,-0.02807,0.04845,0.08584,0,1,0.593,0.213,running
107.875,2,830,-0.09003,-0.02899,-0.1871,-0.0553,-0.06856,0.10011,0.08936,0,1,0.747,0.264,running
107.919,2,831,-0.09216,-0.02917,-0.1174,-0.0101,-0.09407,0.14253,0.09140,0,1,0.787,0.286,running
107.963,2,832,-0.09351,-0.02822,-0.0743,0.0524,-0.09967,0.17534,0.09229,0,1,0.657,0.196,running
108.007,2,833,-0.09329,-0.02633,0.0124,0.1037,-0.08981,0.17069,0.09140,0,1,0.577,0.066,running
108.051,2,834,-0.09189,-0.02404,0.0767,0.1261,-0.06084,0.16537,0.08930,0,1,0.403,-0.046,running
108.094,2,835,-0.08860,-0.02137,0.1810,0.1467,-0.02328,0.15464,0.08531,0,1,0.262,-0.107,running
108.139,2,836,-0.08460,-0.01890,0.2199,0.1360,0.01273,0.12279,0.08074,0,1,-0.011,-0.191,running
108.183,2,837,-0.08007,-0.01667,0.2491,0.1228,0.04444,0.06226,0.07575,0,1,-0.173,-0.209,running
108.227,2,838,-0.07556,-0.01535,0.2485,0.0724,0.06384,-0.00136,0.07104,0,1,-0.330,-0.219,running
108.270,2,839,-0.07187,-0.01484,0.2027,0.0279,0.05232,-0.05903,0.06738,0,1,-0.411,-0.113,running
108.315,2,840,-0.06969,-0.01509,0.1203,-0.0135,0.03077,-0.09039,0.06538,0,1,-0.341,-0.000,running
108.359,2,841,-0.06894,-0.01557,0.0412,-0.0262,0.00106,-0.09565,0.06483,0,1,-0.126,0.120,running
108.403,2,842,-0.06909,-0.01560,-0.0084,-0.0018,-0.04043,-0.06997,0.06498,0,1,0.105,0.160,running
108.447,2,843,-0.07024,-0.01625,-0.0632,-0.0357,-0.07325,-0.01957,0.06628,0,1,0.255,0.086,running
108.494,2,844,-0.07298,-0.01651,-0.1506,-0.0146,-0.08818,0.04022,0.06895,0,1,0.424,0.190,running
108.536,2,845,-0.07555,-0.01559,-0.1415,0.0508,-0.07942,0.08761,0.07110,0,1,0.685,0.130,running
108.581,2,846,-0.07771,-0.01411,-0.1186,0.0814,-0.06451,0.12312,0.07274,0,1,0.665,-0.052,running
108.630,2,847,-0.07895,-0.01215,-0.0685,0.1076,-0.04643,0.15460,0.07343,0,1,0.608,-0.136,running
108.667,2,848,-0.07881,-0.01014,0.0075,0.1105,0.00203,0.18013,0.07283,0,1,0.479,-0.211,running
108.711,2,849,-0.07724,-0.00860,0.0865,0.0851,0.03876,0.18193,0.07096,0,1,0.274,-0.230,running
108.754,2,850,-0.07399,-0.00776,0.1789,0.0462,0.05878,0.15711,0.06760,0,1,0.042,-0.176,running
108.801,2,851,-0.06993,-0.00831,0.2233,-0.0306,0.06751,0.10352,0.06375,0,1,-0.261,-0.080,running
108.842,2,852,-0.06570,-0.01002,0.2324,-0.0939,0.03796,0.03897,0.06008,0,1,-0.452,0.146,running
108.887,2,853,-0.06098,-0.01229,0.2595,-0.1249,0.00335,-0.01644,0.05624,0,1,-0.540,0.356,running
108.931,2,854,-0.05741,-0.01535,0.1965,-0.1684,-0.02757,-0.04832,0.05401,0,1,-0.693,0.479,running
109.019,2,855,-0.05330,-0.01975,0.2259,-0.2421,-0.09490,-0.09638,0.05229,0,1,-0.517,0.647,running
109.063,2,856,-0.05451,-0.02028,-0.0665,-0.0292,-0.08817,-0.10311,0.05360,0,1,-0.651,0.800,running
109.106,2,857,-0.05726,-0.02012,-0.1510,0.0090,-0.09905,-0.08898,0.05593,0,1,0.378,0.184,running
109.151,2,858,-0.06099,-0.01899,-0.2052,0.0620,-0.10328,-0.04812,0.05877,0,1,0.671,0.056,running
109.195,2,859,-0.06587,-0.01569,-0.2683,0.1815,-0.10019,0.00460,0.06199,0,1,0.800,-0.116,running
109.239,2,860,-0.07155,-0.01261,-0.3125,0.1696,-0.07797,0.05444,0.06641,0,1,0.800,-0.488,running
109.283,2,861,-0.07689,-0.00875,-0.2935,0.2119,-0.03503,0.09355,0.07065,0,1,0.800,-0.428,running
109.328,2,862,-0.08154,-0.00510,-0.2557,0.2007,-0.00199,0.13285,0.07457,0,1,0.800,-0.528,running
109.372,2,863,-0.08550,-0.00188,-0.2179,0.1775,0.02998,0.17356,0.07810,0,1,0.800,-0.478,running
109.414,2,864,-0.08772,0.00001,-0.1224,0.1038,0.06431,0.18746,0.08015,0,1,0.800,-0.405,running
109.458,2,865,-0.08887,0.00047,-0.0628,0.0256,0.07418,0.17861,0.08125,0,1,0.653,-0.222,running
109.502,2,866,-0.08807,-0.00032,0.0440,-0.0439,0.05236,0.16121,0.08052,0,1,0.517,-0.035,running
109.546,2,867,-0.08599,-0.00220,0.1142,-0.1030,0.02402,0.13655,0.07862,0,1,0.259,0.133,running
109.591,2,868,-0.08308,-0.00512,0.1602,-0.1609,-0.02141,0.08991,0.07610,0,1,0.066,0.289,running
109.634,2,869,-0.07969,-0.00852,0.1863,-0.1868,-0.05328,0.02524,0.07334,0,1,-0.085,0.459,running
109.679,2,870,-0.07706,-0.01088,0.1446,-0.1301,-0.07784,-0.03704,0.07129,0,1,-0.197,0.559,running
109.723,2,871,-0.07614,-0.01298,0.0511,-0.1153,-0.10345,-0.07732,0.07092,0,1,-0.116,0.426,running
109.767,2,872,-0.07602,-0.01380,0.0066,-0.0449,-0.09767,-0.08507,0.07103,0,1,0.135,0.395,running
109.810,2,873,-0.07682,-0.01435,-0.0441,-0.0303,-0.09881,-0.06978,0.07196,0,1,0.258,0.204,running
109.855,2,874,-0.07947,-0.01340,-0.1458,0.0521,-0.08269,-0.02044,0.07425,0,1,0.403,0.166,running
109.898,2,875,-0.08275,-0.01204,-0.1803,0.0748,-0.03906,0.04971,0.07709,0,1,0.685,-0.055,running
109.943,2,876,-0.08634,-0.01083,-0.1973,0.0664,-0.00027,0.10810,0.08032,0,1,0.780,-0.110,running
109.987,2,877,-0.08924,-0.00926,-0.1595,0.0864,0.02659,0.15147,0.08285,0,1,0.800,-0.083,running
110.032,2,878,-0.09080,-0.00873,-0.0858,0.0292,0.04480,0.17940,0.08429,0,1,0.743,-0.127,running
110.076,2,879,-0.09095,-0.00925,-0.0085,-0.0286,0.03384,0.18554,0.08454,0,1,0.582,0.004,running
110.119,2,880,-0.08932,-0.01038,0.0898,-0.0625,0.02062,0.17336,0.08315,0,1,0.412,0.135,running
110.163,2,881,-0.08672,-0.01225,0.1429,-0.1026,-0.00426,0.15074,0.08100,0,1,0.176,0.218,running
110.206,2,882,-0.08270,-0.01440,0.2214,-0.1182,-0.04875,0.09874,0.07762,0,1,0.022,0.325,running
110.251,2,883,-0.07865,-0.01622,0.2223,-0.1004,-0.08480,0.03496,0.07426,0,1,-0.224,0.384,running
110.296,2,884,-0.07460,-0.01670,0.2232,-0.0262,-0.10942,-0.02052,0.07055,0,1,-0.286,0.358,running
110.340,2,885,-0.07208,-0.01649,0.1383,0.0114,-0.09801,-0.06632,0.06810,0,1,-0.351,0.164,running
110.382,2,886,-0.07055,-0.01557,0.0844,0.0507,-0.09681,-0.08772,0.06635,0,1,-0.147,0.055,running
110.427,2,887,-0.07051,-0.01394,0.0021,0.0899,-0.07225,-0.08006,0.06580,0,1,-0.009,-0.067,running
110.472,2,888,-0.07200,-0.01115,-0.0819,0.1536,-0.02266,-0.05001,0.06645,0,1,0.232,-0.191,running
110.514,2,889,-0.07424,-0.00869,-0.1232,0.1351,0.01197,0.01355,0.06804,0,1,0.486,-0.386,running
110.560,2,890,-0.07709,-0.00732,-0.1571,0.0754,0.03519,0.08109,0.07056,0,1,0.614,-0.331,running
110.602,2,891,-0.07982,-0.00613,-0.1500,0.0655,0.06812,0.13202,0.07304,0,1,0.715,-0.156,running
110.648,2,892,-0.08162,-0.00643,-0.0988,-0.0168,0.06225,0.16135,0.07486,0,1,0.701,-0.125,running
110.691,2,893,-0.08217,-0.00758,-0.0303,-0.0630,0.02914,0.17089,0.07560,0,1,0.571,0.096,running
110.736,2,894,-0.08114,-0.00951,0.0570,-0.1061,-0.01259,0.16934,0.07496,0,1,0.396,0.220,running
110.781,2,895,-0.07897,-0.01198,0.1194,-0.1360,-0.03751,0.15114,0.07340,0,1,0.163,0.342,running
110.822,2,896,-0.07551,-0.01360,0.1902,-0.0889,-0.07167,0.11275,0.07049,0,1,-0.021,0.437,running
110.867,2,897,-0.07132,-0.01516,0.2301,-0.0862,-0.10252,0.05554,0.06696,0,1,-0.256,0.326,running
110.910,2,898,-0.06737,-0.01574,0.2175,-0.0315,-0.10559,-0.01029,0.06341,0,1,-0.428,0.333,running
110.955,2,899,-0.06463,-0.01618,0.1509,-0.0245,-0.09103,-0.06362,0.06100,0,1,-0.448,0.176,running
111.043,2,900,-0.06300,-0.01215,0.0895,0.2216,-0.03154,-0.10116,0.05811,0,1,-0.275,0.156,running
111.087,2,901,-0.06491,-0.01022,-0.1053,0.1065,-0.02288,-0.09096,0.05937,0,1,-0.105,-0.664,running
111.131,2,902,-0.06815,-0.00711,-0.1781,0.1706,-0.01576,-0.06721,0.06176,0,1,0.538,-0.287,running
111.175,2,903,-0.07156,-0.00584,-0.1875,0.0702,0.03815,-0.02611,0.06485,0,1,0.774,-0.487,running
111.221,2,904,-0.07672,-0.00493,-0.2840,0.0502,0.05593,0.04277,0.06978,0,1,0.800,-0.167,running
111.263,2,905,-0.08203,-0.00511,-0.2920,-0.0103,0.05808,0.10851,0.07506,0,1,0.800,-0.097,running
111.306,2,906,-0.08671,-0.00654,-0.2572,-0.0786,0.04799,0.15198,0.07990,0,1,0.800,0.074,running
111.351,2,907,-0.08989,-0.00887,-0.1748,-0.1280,0.00545,0.16725,0.08342,0,1,0.800,0.245,running
111.395,2,908,-0.09225,-0.01190,-0.1302,-0.1666,-0.03708,0.16907,0.08633,0,1,0.779,0.359,running
111.440,2,909,-0.09323,-0.01447,-0.0535,-0.1413,-0.06069,0.15938,0.08784,0,1,0.686,0.444,running
111.487,2,910,-0.09187,-0.01688,0.0747,-0.1329,-0.09446,0.14375,0.08713,0,1,0.530,0.395,running
111.531,2,911,-0.08971,-0.01792,0.1187,-0.0569,-0.11271,0.11087,0.08533,0,1,0.250,0.392,running
111.573,2,912,-0.08710,-0.01822,0.1438,-0.0165,-0.09935,0.06851,0.08291,0,1,0.131,0.238,running
111.615,2,913,-0.08442,-0.01769,0.1471,0.0289,-0.08057,0.00684,0.08020,0,1,0.040,0.150,running
111.658,2,914,-0.08234,-0.01664,0.1147,0.0576,-0.05475,-0.05210,0.07790,0,1,-0.006,0.038,running
111.703,2,915,-0.08156,-0.01522,0.0429,0.0782,-0.00881,-0.08275,0.07675,0,1,0.043,-0.044,running
111.747,2,916,-0.08190,-0.01379,-0.0192,0.0785,0.02908,-0.06524,0.07670,0,1,0.211,-0.106,running
111.792,2,917,-0.08374,-0.01382,-0.1008,-0.0013,0.04653,-0.02248,0.07848,0,1,0.370,-0.113,running
111.835,2,918,-0.08574,-0.01357,-0.1101,0.0137,0.04996,0.03280,0.08036,0,1,0.584,0.091,running
111.880,2,919,-0.08847,-0.01503,-0.1504,-0.0805,0.03324,0.07883,0.08337,0,1,0.615,0.056,running
111.924,2,920,-0.09144,-0.01685,-0.1630,-0.0998,0.00009,0.12050,0.08670,0,1,0.717,0.281,running
111.968,2,921,-0.09328,-0.01862,-0.1016,-0.0975,-0.03833,0.15258,0.08896,0,1,0.752,0.323,running
112.010,2,922,-0.09389,-0.02054,-0.0333,-0.1058,-0.06716,0.17489,0.09009,0,1,0.630,0.321,running
112.055,2,923,-0.09300,-0.02229,0.0491,-0.0963,-0.09959,0.17194,0.08977,0,1,0.497,0.344,running
112.098,2,924,-0.09116,-0.02277,0.1011,-0.0262,-0.10166,0.15757,0.08818,0,1,0.326,0.335,running
112.144,2,925,-0.08744,-0.02277,0.2047,0.0002,-0.08769,0.13098,0.08467,0,1,0.200,0.196,running
112.188,2,926,-0.08330,-0.02207,0.2278,0.0382,-0.06457,0.08462,0.08055,0,1,-0.076,0.136,running
112.231,2,927,-0.07919,-0.02093,0.2259,0.0629,-0.03155,0.02797,0.07630,0,1,-0.200,0.036,running
112.277,2,928,-0.07526,-0.01997,0.2160,0.0527,0.00749,-0.02777,0.07229,0,1,-0.268,-0.044,running
112.320,2,929,-0.07243,-0.01904,0.1560,0.0510,0.04078,-0.06441,0.06931,0,1,-0.307,-0.036,running
112.366,2,930,-0.07115,-0.01939,0.0703,-0.0188,0.05217,-0.09109,0.06825,0,1,-0.185,-0.045,running
112.408,2,931,-0.07131,-0.02004,-0.0089,-0.0362,0.04014,-0.08070,0.06864,0,1,0.046,0.153,running
112.451,2,932,-0.07204,-0.02160,-0.0401,-0.0854,0.01153,-0.04957,0.06991,0,1,0.275,0.206,running
112.495,2,933,-0.07491,-0.02296,-0.1578,-0.0751,-0.02439,0.01240,0.07309,0,1,0.369,0.350,running
112.539,2,934,-0.07755,-0.02464,-0.1455,-0.0921,-0.06380,0.07852,0.07618,0,1,0.701,0.321,running
112.585,2,935,-0.08037,-0.02632,-0.1552,-0.0926,-0.09588,0.12312,0.07945,0,1,0.672,0.367,running
112.629,2,936,-0.08255,-0.02635,-0.1195,-0.0017,-0.10278,0.15870,0.08145,0,1,0.701,0.369,running
112.672,2,937,-0.08297,-0.02624,-0.0231,0.0063,-0.09349,0.16909,0.08179,0,1,0.622,0.152,running
112.717,2,938,-0.08180,-0.02526,0.0642,0.0536,-0.07697,0.16398,0.08033,0,1,0.399,0.133,running
112.759,2,939,-0.07929,-0.02375,0.1379,0.0830,-0.04619,0.14767,0.07744,0,1,0.181,0.013,running
112.804,2,940,-0.07599,-0.02230,0.1816,0.0798,-0.00556,0.12302,0.07383,0,1,-0.033,-0.078,running
112.846,2,941,-0.07161,-0.02099,0.2409,0.0721,0.02748,0.06602,0.06928,0,1,-0.195,-0.093,running
112.892,2,942,-0.06744,-0.02059,0.2296,0.0219,0.05023,-0.00123,0.06529,0,1,-0.429,-0.097,running
112.935,2,943,-0.06420,-0.02029,0.1778,0.0168,0.05328,-0.05289,0.06223,0,1,-0.462,0.035,running
112.980,2,944,-0.06209,-0.02160,0.1161,-0.0721,0.02945,-0.09164,0.06090,0,1,-0.349,0.043,running
113.069,2,945,-0.06240,-0.02449,-0.0170,-0.1592,-0.03789,-0.08653,0.06254,0,1,-0.175,0.326,running
113.110,2,946,-0.06484,-0.02614,-0.1343,-0.0908,-0.04259,-0.04772,0.06548,0,1,0.251,0.604,running
113.156,2,947,-0.06842,-0.02766,-0.1969,-0.0834,-0.04968,-0.01419,0.06934,0,1,0.616,0.392,running
113.198,2,948,-0.07283,-0.02853,-0.2424,-0.0480,-0.10422,0.02198,0.07363,0,1,0.797,0.369,running
113.243,2,949,-0.07747,-0.02829,-0.2553,0.0135,-0.09421,0.06910,0.07765,0,1,0.800,0.272,running
113.287,2,950,-0.08206,-0.02765,-0.2522,0.0351,-0.07522,0.11166,0.08153,0,1,0.800,0.117,running
113.333,2,951,-0.08527,-0.02609,-0.1765,0.0857,-0.06903,0.16113,0.08385,0,1,0.800,0.072,running
113.376,2,952,-0.08711,-0.02384,-0.1011,0.1235,-0.02171,0.18530,0.08473,0,1,0.760,-0.042,running
113.419,2,953,-0.08775,-0.02198,-0.0352,0.1024,0.01746,0.17394,0.08470,0,1,0.599,-0.132,running
113.462,2,954,-0.08660,-0.02049,0.0631,0.0819,0.04182,0.17207,0.08313,0,1,0.456,-0.094,running
113.507,2,955,-0.08444,-0.01985,0.1187,0.0353,0.05758,0.16220,0.08088,0,1,0.223,-0.063,running
113.551,2,956,-0.08077,-0.01965,0.2019,0.0109,0.03883,0.11656,0.07735,0,1,0.068,0.034,running
113.596,2,957,-0.07676,-0.02011,0.2203,-0.0251,0.00334,0.04874,0.07374,0,1,-0.187,0.085,running
113.644,2,958,-0.07280,-0.02095,0.2179,-0.0464,-0.02733,-0.01676,0.07037,0,1,-0.295,0.176,running
113.684,2,959,-0.06990,-0.02154,0.1598,-0.0323,-0.06032,-0.05466,0.06793,0,1,-0.346,0.238,running
113.727,2,960,-0.06774,-0.02161,0.1185,-0.0041,-0.08703,-0.07671,0.06600,0,1,-0.219,0.200,running
113.772,2,961,-0.06757,-0.02089,0.0095,0.0399,-0.09464,-0.07913,0.06554,0,1,-0.123,0.117,running
113.814,2,962,-0.06825,-0.01979,-0.0374,0.0602,-0.08188,-0.05952,0.06572,0,1,0.197,-0.017,running
113.859,2,963,-0.07044,-0.01726,-0.1202,0.1394,-0.05444,-0.00134,0.06681,0,1,0.340,-0.081,running
113.903,2,964,-0.07293,-0.01480,-0.1371,0.1354,-0.01489,0.07176,0.06837,0,1,0.593,-0.319,running
113.947,2,965,-0.07564,-0.01218,-0.1490,0.1437,0.02251,0.12624,0.07023,0,1,0.648,-0.306,running
113.991,2,966,-0.07784,-0.01045,-0.1211,0.0953,0.05341,0.15788,0.07194,0,1,0.688,-0.328,running
114.036,2,967,-0.07838,-0.00979,-0.0300,0.0363,0.06123,0.17173,0.07233,0,1,0.617,-0.192,running
114.080,2,968,-0.07765,-0.01018,0.0402,-0.0214,0.04798,0.16774,0.07170,0,1,0.372,-0.033,running
114.123,2,969,-0.07605,-0.01110,0.0881,-0.0507,0.02624,0.15320,0.07036,0,1,0.175,0.125,running
114.167,2,970,-0.07297,-0.01345,0.1695,-0.1290,-0.01808,0.11730,0.06801,0,1,0.029,0.210,running
114.210,2,971,-0.06939,-0.01584,0.1967,-0.1315,-0.05182,0.06801,0.06535,0,1,-0.234,0.447,running
114.255,2,972,-0.06607,-0.01728,0.1829,-0.0794,-0.07928,0.00354,0.06275,0,1,-0.355,0.475,running
114.300,2,973,-0.06325,-0.01817,0.1547,-0.0488,-0.10538,-0.05694,0.06049,0,1,-0.353,0.330,running
114.344,2,974,-0.06222,-0.01817,0.0567,-0.0002,-0.09852,-0.09186,0.05955,0,1,-0.296,0.240,running
114.387,2,975,-0.06185,-0.01695,0.0205,0.0669,-0.08945,-0.09920,0.05872,0,1,0.007,0.085,running
114.432,2,976,-0.06301,-0.01559,-0.0639,0.0751,-0.05994,-0.07182,0.05928,0,1,0.119,-0.139,running
114.476,2,977,-0.06561,-0.01342,-0.1428,0.1192,-0.01545,-0.01289,0.06098,0,1,0.398,-0.168,running
114.519,2,978,-0.06879,-0.01105,-0.1752,0.1302,0.01562,0.04494,0.06333,0,1,0.656,-0.308,running
114.562,2,979,-0.07220,-0.00913,-0.1873,0.1060,0.04155,0.09669,0.06615,0,1,0.761,-0.337,running
114.607,2,980,-0.07493,-0.00837,-0.1500,0.0418,0.07193,0.13526,0.06865,0,1,0.799,-0.256,running
114.650,2,981,-0.07660,-0.00880,-0.0917,-0.0238,0.06617,0.16797,0.07037,0,1,0.692,-0.063,running
114.694,2,982,-0.07718,-0.01051,-0.0319,-0.0941,0.04022,0.18641,0.07131,0,1,0.532,0.126,running
114.739,2,983,-0.07656,-0.01279,0.0341,-0.1253,0.00627,0.17810,0.07128,0,1,0.370,0.326,running
114.784,2,984,-0.07413,-0.01565,0.1335,-0.1574,-0.03378,0.14834,0.06977,0,1,0.186,0.421,running
114.828,2,985,-0.07066,-0.01829,0.1909,-0.1452,-0.06555,0.10060,0.06739,0,1,-0.110,0.529,running
114.872,2,986,-0.06645,-0.02008,0.2313,-0.0984,-0.09273,0.04653,0.06419,0,1,-0.311,0.516,running
114.915,2,987,-0.06280,-0.02125,0.2010,-0.0644,-0.10834,-0.00607,0.06138,0,1,-0.484,0.395,running
114.958,2,988,-0.05950,-0.02154,0.1815,-0.0157,-0.09898,-0.04997,0.05858,0,1,-0.436,0.300,running
115.004,2,989,-0.05775,-0.02111,0.0963,0.0237,-0.09113,-0.08872,0.05683,0,1,-0.414,0.146,running
115.091,2,990,-0.05909,-0.01708,-0.0741,0.2215,-0.01032,-0.07433,0.05625,0,1,-0.153,0.012,running
115.134,2,991,-0.06133,-0.01511,-0.1232,0.1083,-0.01345,-0.04065,0.05755,0,1,0.418,-0.666,running
115.179,2,992,-0.06528,-0.01282,-0.2171,0.1262,-0.00071,-0.01355,0.06048,0,1,0.587,-0.286,running
115.224,2,993,-0.06964,-0.01147,-0.2394,0.0743,0.05703,0.01798,0.06425,0,1,0.800,-0.335,running
115.267,2,994,-0.07384,-0.01074,-0.2315,0.0401,0.05086,0.07359,0.06813,0,1,0.800,-0.160,running
115.311,2,995,-0.07800,-0.01132,-0.2287,-0.0320,0.03746,0.13168,0.07231,0,1,0.800,-0.050,running
115.354,2,996,-0.08123,-0.01239,-0.1776,-0.0589,0.02811,0.17389,0.07570,0,1,0.800,0.158,running
115.399,2,997,-0.08316,-0.01401,-0.1063,-0.0893,-0.02182,0.18335,0.07798,0,1,0.772,0.230,running
115.443,2,998,-0.08337,-0.01548,-0.0112,-0.0807,-0.06268,0.16575,0.07856,0,1,0.595,0.310,running
115.488,2,999,-0.08281,-0.01703,0.0308,-0.0852,-0.08217,0.15226,0.07846,0,1,0.362,0.293,running
115.530,2,1000,-0.08019,-0.01767,0.1439,-0.0354,-0.10099,0.13241,0.07616,0,1,0.256,0.312,running
115.576,2,1001,-0.07705,-0.01745,0.1729,0.0120,-0.09435,0.09351,0.07311,0,1,-0.056,0.192,running
115.619,2,1002,-0.07339,-0.01635,0.2011,0.0606,-0.07243,0.03585,0.06930,0,1,-0.175,0.065,running
115.664,2,1003,-0.07028,-0.01502,0.1712,0.0734,-0.04041,-0.02494,0.06592,0,1,-0.309,-0.083,running
115.706,2,1004,-0.06847,-0.01337,0.0992,0.0905,-0.00436,-0.07668,0.06369,0,1,-0.270,-0.138,running
115.751,2,1005,-0.06830,-0.01154,0.0098,0.1011,0.03627,-0.10006,0.06299,0,1,-0.079,-0.205,running
115.795,2,1006,-0.06956,-0.01108,-0.0697,0.0248,0.05321,-0.09266,0.06408,0,1,0.191,-0.247,running
115.838,2,1007,-0.07181,-0.01166,-0.1236,-0.0315,0.05280,-0.04766,0.06640,0,1,0.440,-0.012,running
115.884,2,1008,-0.07518,-0.01271,-0.1855,-0.0577,0.04198,0.01499,0.06993,0,1,0.608,0.160,running
115.928,2,1009,-0.07935,-0.01477,-0.2293,-0.1133,0.00855,0.07730,0.07451,0,1,0.789,0.236,running
115.972,2,1010,-0.08352,-0.01683,-0.2292,-0.1134,-0.03196,0.12161,0.07909,0,1,0.800,0.385,running
116.015,2,1011,-0.08680,-0.01939,-0.1801,-0.1411,-0.06058,0.15438,0.08298,0,1,0.800,0.378,running
116.058,2,1012,-0.08871,-0.02165,-0.1052,-0.1243,-0.08906,0.16926,0.08550,0,1,0.778,0.440,running
116.102,2,1013,-0.08917,-0.02298,-0.0253,-0.0731,-0.10356,0.16692,0.08638,0,1,0.616,0.403,running
116.146,2,1014,-0.08816,-0.02332,0.0555,-0.0187,-0.09956,0.15264,0.08554,0,1,0.446,0.296,running
116.192,2,1015,-0.08598,-0.02283,0.1199,0.0270,-0.08081,0.12986,0.08333,0,1,0.263,0.181,running
116.238,2,1016,-0.08297,-0.02169,0.1658,0.0630,-0.05189,0.08721,0.08010,0,1,0.093,0.073,running
116.282,2,1017,-0.07947,-0.02023,0.1922,0.0798,-0.01040,0.02958,0.07632,0,1,-0.059,-0.026,running
116.324,2,1018,-0.07681,-0.01938,0.1462,0.0471,0.02389,-0.01928,0.07353,0,1,-0.180,-0.090,running
116.366,2,1019,-0.07488,-0.01898,0.1066,0.0219,0.04490,-0.06443,0.07158,0,1,-0.100,-0.019,running
116.412,2,1020,-0.07450,-0.01899,0.0209,-0.0005,0.05008,-0.09017,0.07122,0,1,-0.018,0.042,running
116.455,2,1021,-0.07542,-0.01902,-0.0509,-0.0019,0.02628,-0.07688,0.07210,0,1,0.214,0.103,running
116.499,2,1022,-0.07797,-0.01957,-0.1402,-0.0302,-0.01472,-0.02265,0.07468,0,1,0.416,0.108,running
116.543,2,1023,-0.08152,-0.02057,-0.1951,-0.0548,-0.04746,0.04820,0.07836,0,1,0.664,0.187,running
116.587,2,1024,-0.08536,-0.02100,-0.2112,-0.0237,-0.07920,0.10759,0.08212,0,1,0.800,0.252,running
116.630,2,1025,-0.08862,-0.02111,-0.1794,-0.0061,-0.09399,0.14113,0.08525,0,1,0.800,0.179,running
116.676,2,1026,-0.09060,-0.02031,-0.1088,0.0442,-0.09015,0.15245,0.08688,0,1,0.778,0.143,running
116.720,2,1027,-0.09105,-0.01895,-0.0250,0.0748,-0.06899,0.16338,0.08691,0,1,0.632,0.034,running
116.762,2,1028,-0.09032,-0.01735,0.0404,0.0880,-0.03320,0.16474,0.08576,0,1,0.457,-0.038,running
116.807,2,1029,-0.08853,-0.01533,0.0982,0.1108,0.00457,0.15414,0.08350,0,1,0.307,-0.079,running
116.852,2,1030,-0.08539,-0.01404,0.1727,0.0708,0.03899,0.12384,0.08014,0,1,0.156,-0.151,running
116.895,2,1031,-0.08123,-0.01358,0.2288,0.0255,0.05257,0.06002,0.07600,0,1,-0.064,-0.079,running
116.939,2,1032,-0.07774,-0.01387,0.1923,-0.0160,0.04545,-0.00928,0.07271,0,1,-0.270,0.019,running
116.984,2,1033,-0.07463,-0.01550,0.1707,-0.0895,0.02084,-0.06040,0.07021,0,1,-0.228,0.125,running
117.027,2,1034,-0.07380,-0.01692,0.0458,-0.0778,-0.01703,-0.08215,0.06987,0,1,-0.209,0.336,running
117.115,2,1035,-0.07504,-0.01998,-0.0681,-0.1684,-0.08160,-0.05690,0.07208,0,1,0.135,0.310,running
117.158,2,1036,-0.07768,-0.02080,-0.1452,-0.0453,-0.08564,-0.01972,0.07484,0,1,0.461,0.564,running
117.204,2,1037,-0.08165,-0.02077,-0.2185,0.0016,-0.08997,0.00609,0.07855,0,1,0.675,0.232,running
117.246,2,1038,-0.08566,-0.01934,-0.2205,0.0787,-0.10731,0.03887,0.08188,0,1,0.800,0.115,running
117.292,2,1039,-0.08973,-0.01770,-0.2240,0.0900,-0.08792,0.08962,0.08529,0,1,0.800,-0.067,running
117.335,2,1040,-0.09285,-0.01442,-0.1715,0.1803,-0.03855,0.14077,0.08747,0,1,0.800,-0.084,running
117.380,2,1041,-0.09556,-0.01151,-0.1487,0.1601,-0.00590,0.18464,0.08949,0,1,0.775,-0.279,running
117.422,2,1042,-0.09631,-0.00917,-0.0413,0.1291,0.02012,0.18229,0.08980,0,1,0.737,-0.236,running
117.468,2,1043,-0.09574,-0.00750,0.0313,0.0914,0.05508,0.17781,0.08897,0,1,0.525,-0.184,running
117.511,2,1044,-0.09387,-0.00706,0.1026,0.0246,0.05992,0.16971,0.08706,0,1,0.371,-0.120,running
117.555,2,1045,-0.09026,-0.00740,0.1990,-0.0188,0.03077,0.13269,0.08354,0,1,0.200,0.011,running
117.599,2,1046,-0.08642,-0.00899,0.2108,-0.0874,0.00609,0.07183,0.08004,0,1,-0.064,0.105,running
117.643,2,1047,-0.08231,-0.01087,0.2262,-0.1035,-0.03101,0.00629,0.07640,0,1,-0.152,0.277,running
117.687,2,1048,-0.07884,-0.01305,0.1909,-0.1198,-0.06972,-0.03911,0.07355,0,1,-0.254,0.336,running
117.732,2,1049,-0.07635,-0.01381,0.1368,-0.0418,-0.09393,-0.05971,0.07136,0,1,-0.211,0.398,running
117.775,2,1050,-0.07492,-0.01427,0.0789,-0.0254,-0.09872,-0.06569,0.07011,0,1,-0.097,0.195,running
117.819,2,1051,-0.07492,-0.01350,-0.0000,0.0425,-0.10019,-0.05271,0.06989,0,1,0.048,0.152,running
117.863,2,1052,-0.07567,-0.01190,-0.0415,0.0878,-0.07967,-0.01448,0.07019,0,1,0.268,-0.041,running
117.906,2,1053,-0.07728,-0.00991,-0.0882,0.1092,-0.03805,0.04056,0.07128,0,1,0.388,-0.173,running
117.950,2,1054,-0.07887,-0.00780,-0.0876,0.1160,0.00013,0.10839,0.07240,0,1,0.525,-0.235,running
117.994,2,1055,-0.07979,-0.00606,-0.0507,0.0962,0.02689,0.15986,0.07299,0,1,0.530,-0.257,running
118.041,2,1056,-0.08023,-0.00513,-0.0241,0.0510,0.05312,0.18774,0.07328,0,1,0.435,-0.208,running
118.083,2,1057,-0.07860,-0.00568,0.0895,-0.0302,0.05474,0.17879,0.07176,0,1,0.366,-0.090,running
118.129,2,1058,-0.07536,-0.00719,0.1783,-0.0830,0.03279,0.15729,0.06884,0,1,0.045,0.130,running
118.171,2,1059,-0.07133,-0.00959,0.2215,-0.1322,0.00733,0.11861,0.06542,0,1,-0.241,0.288,running
118.215,2,1060,-0.06675,-0.01243,0.2523,-0.1565,-0.03542,0.06816,0.06176,0,1,-0.421,0.453,running
118.259,2,1061,-0.06176,-0.01548,0.2742,-0.1675,-0.06901,0.01295,0.05808,0,1,-0.578,0.556,running
118.304,2,1062,-0.05734,-0.01726,0.2432,-0.0978,-0.09675,-0.03675,0.05473,0,1,-0.715,0.622,running
118.347,2,1063,-0.05406,-0.01841,0.1804,-0.0631,-0.09949,-0.08136,0.05230,0,1,-0.669,0.409,running
118.392,2,1064,-0.05190,-0.01801,0.1188,0.0216,-0.09703,-0.11306,0.05021,0,1,-0.489,0.297,running
118.435,2,1065,-0.05245,-0.01748,-0.0305,0.0293,-0.09101,-0.11813,0.05045,0,1,-0.294,-0.005,running
118.479,2,1066,-0.05416,-0.01581,-0.0938,0.0916,-0.07352,-0.08759,0.05123,0,1,0.244,-0.034,running
118.524,2,1067,-0.05759,-0.01301,-0.1889,0.1540,-0.02413,-0.02697,0.05330,0,1,0.475,-0.259,running
118.568,2,1068,-0.06211,-0.01032,-0.2484,0.1479,0.01014,0.03636,0.05671,0,1,0.800,-0.474,running
118.611,2,1069,-0.06672,-0.00871,-0.2534,0.0887,0.03435,0.08351,0.06072,0,1,0.800,-0.438,running
118.655,2,1070,-0.07071,-0.00753,-0.2196,0.0648,0.07202,0.12180,0.06435,0,1,0.800,-0.229,running
118.698,2,1071,-0.07369,-0.00827,-0.1639,-0.0408,0.07106,0.15061,0.06742,0,1,0.800,-0.146,running
118.744,2,1072,-0.07545,-0.00995,-0.0969,-0.0923,0.03319,0.17271,0.06950,0,1,0.731,0.174,running
118.789,2,1073,-0.07563,-0.01214,-0.0099,-0.1204,-0.00440,0.17376,0.07021,0,1,0.542,0.324,running
118.831,2,1074,-0.07499,-0.01482,0.0352,-0.1470,-0.03107,0.15937,0.07034,0,1,0.300,0.409,running
118.875,2,1075,-0.07281,-0.01755,0.1197,-0.1506,-0.06384,0.13095,0.06915,0,1,0.172,0.493,running
118.919,2,1076,-0.06997,-0.01908,0.1565,-0.0837,-0.10122,0.08281,0.06703,0,1,-0.082,0.520,running
118.962,2,1077,-0.06669,-0.02041,0.1802,-0.0735,-0.11158,0.01987,0.06454,0,1,-0.217,0.341,running
119.008,2,1078,-0.06356,-0.02006,0.1723,0.0191,-0.10464,-0.04044,0.06155,0,1,-0.324,0.320,running
119.051,2,1079,-0.06248,-0.01889,0.0594,0.0647,-0.08906,-0.07687,0.06008,0,1,-0.341,0.033,running
119.139,2,1080,-0.06368,-0.01420,-0.0659,0.2579,-0.01828,-0.07682,0.05942,0,1,0.002,-0.120,running
119.185,2,1081,-0.06605,-0.01178,-0.1305,0.1330,-0.01464,-0.05824,0.06090,0,1,0.407,-0.761,running
119.227,2,1082,-0.06949,-0.01001,-0.1889,0.0972,-0.00530,-0.03648,0.06373,0,1,0.619,-0.358,running
119.272,2,1083,-0.07477,-0.00853,-0.2906,0.0816,0.04929,0.00898,0.06853,0,1,0.800,-0.237,running
119.316,2,1084,-0.07987,-0.00742,-0.2805,0.0607,0.04074,0.06091,0.07331,0,1,0.800,-0.176,running
119.358,2,1085,-0.08520,-0.00756,-0.2934,-0.0073,0.01117,0.12336,0.07858,0,1,0.800,-0.106,running
119.405,2,1086,-0.08952,-0.00824,-0.2373,-0.0376,-0.00004,0.16736,0.08295,0,1,0.800,0.078,running
119.446,2,1087,-0.09289,-0.00948,-0.1852,-0.0683,-0.04312,0.18402,0.08648,0,1,0.800,0.152,running
119.490,2,1088,-0.09429,-0.01050,-0.0774,-0.0559,-0.08935,0.16785,0.08805,0,1,0.800,0.221,running
119.536,2,1089,-0.09402,-0.01085,0.0151,-0.0194,-0.10228,0.15282,0.08785,0,1,0.585,0.197,running
119.580,2,1090,-0.09258,-0.01039,0.0793,0.0253,-0.09472,0.14130,0.08635,0,1,0.390,0.123,running
119.624,2,1091,-0.08953,-0.00942,0.1674,0.0533,-0.07540,0.11202,0.08318,0,1,0.238,0.025,running
119.667,2,1092,-0.08668,-0.00789,0.1568,0.0841,-0.04066,0.06964,0.08010,0,1,0.000,-0.049,running
119.711,2,1093,-0.08348,-0.00657,0.1760,0.0726,-0.00024,0.00285,0.07672,0,1,-0.020,-0.139,running
119.755,2,1094,-0.08150,-0.00552,0.1092,0.0582,0.03317,-0.05748,0.07459,0,1,-0.117,-0.129,running
119.800,2,1095,-0.08066,-0.00588,0.0461,-0.0199,0.05528,-0.08905,0.07382,0,1,0.026,-0.104,running
119.843,2,1096,-0.08154,-0.00678,-0.0488,-0.0499,0.04946,-0.07426,0.07484,0,1,0.183,0.102,running
119.888,2,1097,-0.08312,-0.00921,-0.0869,-0.1332,0.02400,-0.03982,0.07684,0,1,0.440,0.184,running
119.930,2,1098,-0.08589,-0.01165,-0.1522,-0.1342,-0.01165,0.01805,0.08006,0,1,0.547,0.403,running
119.976,2,1099,-0.08938,-0.01468,-0.1919,-0.1667,-0.05072,0.06808,0.08416,0,1,0.716,0.401,running
120.018,2,1100,-0.09253,-0.01755,-0.1731,-0.1581,-0.08209,0.10778,0.08794,0,1,0.800,0.470,running
120.063,2,1101,-0.09535,-0.01930,-0.1552,-0.0964,-0.09941,0.14372,0.09113,0,1,0.775,0.445,running
120.107,2,1102,-0.09668,-0.02059,-0.0733,-0.0710,-0.10454,0.17357,0.09277,0,1,0.748,0.319,running
120.151,2,1103,-0.09678,-0.02071,-0.0053,-0.0063,-0.09799,0.16842,0.09290,0,1,0.591,0.275,running
120.196,2,1104,-0.09527,-0.01975,0.0826,0.0528,-0.06772,0.16067,0.09119,0,1,0.456,0.146,running
120.240,2,1105,-0.09218,-0.01872,0.1701,0.0565,-0.02342,0.14815,0.08793,0,1,0.272,0.023,running
120.285,2,1106,-0.08842,-0.01780,0.2066,0.0508,0.00937,0.11944,0.08406,0,1,0.059,0.003,running
120.328,2,1107,-0.08384,-0.01731,0.2522,0.0265,0.03823,0.06276,0.07953,0,1,-0.083,-0.002,running
120.371,2,1108,-0.07937,-0.01756,0.2459,-0.0136,0.04386,0.00692,0.07535,0,1,-0.269,0.040,running
120.417,2,1109,-0.07568,-0.01817,0.2027,-0.0334,0.02575,-0.04723,0.07206,0,1,-0.330,0.136,running
120.459,2,1110,-0.07304,-0.01950,0.1452,-0.0732,-0.00056,-0.08971,0.07005,0,1,-0.272,0.190,running
120.503,2,1111,-0.07212,-0.02147,0.0511,-0.1082,-0.04039,-0.10821,0.06994,0,1,-0.145,0.307,running
120.547,2,1112,-0.07233,-0.02276,-0.0120,-0.0712,-0.07565,-0.08613,0.07065,0,1,0.114,0.413,running
120.591,2,1113,-0.07492,-0.02280,-0.1421,-0.0018,-0.10475,-0.02569,0.07303,0,1,0.294,0.313,running
120.635,2,1114,-0.07800,-0.02236,-0.1697,0.0242,-0.10489,0.03693,0.07571,0,1,0.659,0.124,running
120.680,2,1115,-0.08178,-0.02064,-0.2080,0.0942,-0.10166,0.09211,0.07863,0,1,0.737,0.059,running
120.723,2,1116,-0.08437,-0.01888,-0.1423,0.0968,-0.07035,0.12576,0.08051,0,1,0.800,-0.113,running
120.768,2,1117,-0.08662,-0.01630,-0.1239,0.1419,-0.02459,0.15192,0.08192,0,1,0.685,-0.118,running
120.811,2,1118,-0.08799,-0.01377,-0.0752,0.1395,0.00482,0.17750,0.08259,0,1,0.650,-0.227,running
120.856,2,1119,-0.08715,-0.01200,0.0461,0.0971,0.03473,0.18128,0.08137,0,1,0.544,-0.229,running
120.898,2,1120,-0.08545,-0.01079,0.0938,0.0665,0.06041,0.16338,0.07944,0,1,0.254,-0.145,running
120.946,2,1121,-0.08250,-0.01056,0.1620,0.0125,0.05306,0.11991,0.07652,0,1,0.120,-0.086,running
120.986,2,1122,-0.07859,-0.01138,0.2154,-0.0449,0.02316,0.06628,0.07289,0,1,-0.088,0.040,running
121.032,2,1123,-0.07506,-0.01272,0.1943,-0.0736,-0.01188,0.00677,0.06981,0,1,-0.285,0.193,running
121.076,2,1124,-0.07202,-0.01432,0.1670,-0.0883,-0.04209,-0.03301,0.06736,0,1,-0.277,0.281,running
121.164,2,1125,-0.06932,-0.01634,0.1485,-0.1108,-0.09801,-0.09026,0.06545,0,1,-0.237,0.335,running
121.208,2,1126,-0.07002,-0.01592,-0.0384,0.0228,-0.09025,-0.07920,0.06597,0,1,-0.211,0.415,running
121.251,2,1127,-0.07164,-0.01470,-0.0892,0.0669,-0.09850,-0.06040,0.06711,0,1,0.350,0.016,running
121.296,2,1128,-0.07429,-0.01232,-0.1460,0.1311,-0.09237,-0.02130,0.06897,0,1,0.506,-0.115,running
121.339,2,1129,-0.07787,-0.00876,-0.1969,0.1961,-0.06209,0.03789,0.07161,0,1,0.677,-0.300,running
121.384,2,1130,-0.08137,-0.00521,-0.1923,0.1951,-0.02031,0.09314,0.07442,0,1,0.800,-0.476,running
121.428,2,1131,-0.08439,-0.00194,-0.1660,0.1797,0.01389,0.13329,0.07700,0,1,0.800,-0.465,running
121.472,2,1132,-0.08636,0.00048,-0.1084,0.1331,0.04284,0.16896,0.07875,0,1,0.752,-0.418,running
121.514,2,1133,-0.08720,0.00193,-0.0464,0.0799,0.06513,0.18711,0.07951,0,1,0.614,-0.302,running
121.560,2,1134,-0.08583,0.00216,0.0754,0.0123,0.05673,0.17998,0.07813,0,1,0.468,-0.175,running
121.603,2,1135,-0.08347,0.00143,0.1300,-0.0401,0.03026,0.16014,0.07580,0,1,0.157,-0.013,running
121.648,2,1136,-0.07991,-0.00005,0.1959,-0.0812,-0.00656,0.11609,0.07236,0,1,-0.009,0.123,running
121.691,2,1137,-0.07590,-0.00227,0.2206,-0.1222,-0.04075,0.05128,0.06860,0,1,-0.233,0.245,running
121.735,2,1138,-0.07197,-0.00439,0.2161,-0.1165,-0.07292,-0.00438,0.06500,0,1,-0.362,0.382,running
121.781,2,1139,-0.06874,-0.00590,0.1775,-0.0832,-0.10090,-0.04401,0.06209,0,1,-0.408,0.389,running
121.824,2,1140,-0.06608,-0.00644,0.1461,-0.0294,-0.10002,-0.07501,0.05959,0,1,-0.333,0.302,running
121.867,2,1141,-0.06530,-0.00636,0.0430,0.0045,-0.09780,-0.08355,0.05881,0,1,-0.267,0.138,running
121.912,2,1142,-0.06547,-0.00485,-0.0093,0.0830,-0.08033,-0.06652,0.05868,0,1,0.058,0.028,running
121.956,2,1143,-0.06693,-0.00355,-0.0805,0.0713,-0.03824,-0.02406,0.05990,0,1,0.228,-0.233,running
122.000,2,1144,-0.06834,-0.00205,-0.0772,0.0826,-0.00106,0.04610,0.06107,0,1,0.465,-0.195,running
122.043,2,1145,-0.07056,-0.00108,-0.1221,0.0531,0.02540,0.11120,0.06315,0,1,0.459,-0.232,running
122.088,2,1146,-0.07243,-0.00096,-0.1029,0.0068,0.04365,0.15307,0.06500,0,1,0.605,-0.137,running
122.132,2,1147,-0.07277,-0.00226,-0.0187,-0.0716,0.04299,0.17122,0.06549,0,1,0.551,0.006,running
122.177,2,1148,-0.07143,-0.00439,0.0736,-0.1167,0.02093,0.16680,0.06447,0,1,0.301,0.244,running
122.220,2,1149,-0.06920,-0.00700,0.1225,-0.1438,-0.01524,0.14959,0.06276,0,1,0.014,0.391,running
122.262,2,1150,-0.06546,-0.00991,0.2057,-0.1601,-0.05149,0.11899,0.05981,0,1,-0.155,0.491,running
122.308,2,1151,-0.06086,-0.01223,0.2529,-0.1278,-0.08285,0.06919,0.05611,0,1,-0.459,0.569,running
122.350,2,1152,-0.05644,-0.01427,0.2429,-0.1120,-0.11196,0.00290,0.05270,0,1,-0.673,0.489,running
122.396,2,1153,-0.05214,-0.01482,0.2365,-0.0303,-0.10431,-0.05616,0.04899,0,1,-0.696,0.455,running
122.438,2,1154,-0.04911,-0.01427,0.1669,0.0301,-0.09628,-0.09272,0.04602,0,1,-0.730,0.172,running
122.485,2,1155,-0.04927,-0.01315,-0.0090,0.0619,-0.08288,-0.11024,0.04568,0,1,-0.512,-0.056,running
122.527,2,1156,-0.04923,-0.01178,0.0024,0.0749,-0.04578,-0.10521,0.04509,1,1,0.149,-0.180,in_circle
122.572,2,1157,-0.05179,-0.00965,-0.1409,0.1176,-0.00280,-0.07198,0.04669,0,1,0.105,-0.236,running
122.615,2,1158,-0.05585,-0.00741,-0.2232,0.1229,0.01905,-0.01694,0.04989,0,1,0.651,-0.395,running
122.659,2,1159,-0.06036,-0.00611,-0.2480,0.0715,0.05365,0.05183,0.05394,0,1,0.800,-0.403,running
122.705,2,1160,-0.06472,-0.00557,-0.2396,0.0298,0.07836,0.10976,0.05808,0,1,0.800,-0.207,running
122.749,2,1161,-0.06793,-0.00608,-0.1769,-0.0283,0.07044,0.14398,0.06134,0,1,0.800,-0.058,running
122.793,2,1162,-0.07034,-0.00878,-0.1326,-0.1483,0.03995,0.16176,0.06427,0,1,0.771,0.132,running
122.838,2,1163,-0.07183,-0.01216,-0.0818,-0.1861,0.00489,0.16299,0.06656,0,1,0.634,0.504,running
122.880,2,1164,-0.07130,-0.01613,0.0290,-0.2179,-0.02908,0.15484,0.06725,0,1,0.485,0.616,running
122.923,2,1165,-0.06991,-0.01960,0.0769,-0.1909,-0.06165,0.13411,0.06717,0,1,0.161,0.720,running
122.968,2,1166,-0.06711,-0.02251,0.1535,-0.1603,-0.09585,0.09134,0.06581,0,1,0.016,0.655,running
123.011,2,1167,-0.06398,-0.02451,0.1726,-0.1099,-0.11202,0.03316,0.06393,0,1,-0.231,0.584,running
123.056,2,1168,-0.06138,-0.02540,0.1429,-0.0490,-0.10833,-0.02145,0.06210,0,1,-0.317,0.447,running
123.098,2,1169,-0.05980,-0.02566,0.0868,-0.0144,-0.09760,-0.07508,0.06088,0,1,-0.252,0.266,running
123.188,2,1170,-0.06163,-0.02356,-0.1009,0.1154,-0.03683,-0.09459,0.06142,0,1,-0.091,0.158,running
123.231,2,1171,-0.06408,-0.02148,-0.1346,0.1148,-0.02861,-0.06390,0.06263,0,1,0.509,-0.257,running
123.276,2,1172,-0.06852,-0.01955,-0.2441,0.1060,-0.02193,-0.03298,0.06588,0,1,0.621,-0.256,running
123.320,2,1173,-0.07335,-0.01831,-0.2655,0.0680,0.03321,0.00861,0.06991,0,1,0.800,-0.217,running
123.363,2,1174,-0.07863,-0.01765,-0.2906,0.0363,0.05582,0.07058,0.07468,0,1,0.800,-0.094,running
123.408,2,1175,-0.08453,-0.01747,-0.3246,0.0097,0.04500,0.12750,0.08024,0,1,0.800,0.005,running
123.452,2,1176,-0.08860,-0.01823,-0.2235,-0.0418,0.02373,0.16604,0.08435,0,1,0.800,0.083,running
123.496,2,1177,-0.09203,-0.01939,-0.1888,-0.0637,-0.01979,0.18255,0.08797,0,1,0.800,0.207,running
123.539,2,1178,-0.09401,-0.02072,-0.1088,-0.0730,-0.05621,0.17422,0.09025,0,1,0.800,0.257,running
123.584,2,1179,-0.09435,-0.02145,-0.0188,-0.0399,-0.08095,0.15323,0.09080,0,1,0.649,0.280,running
123.627,2,1180,-0.09379,-0.02161,0.0308,-0.0088,-0.09752,0.12775,0.09031,0,1,0.470,0.217,running
123.673,2,1181,-0.09254,-0.02102,0.0685,0.0321,-0.09036,0.09679,0.08895,0,1,0.368,0.156,running
123.715,2,1182,-0.09098,-0.01996,0.0860,0.0587,-0.06600,0.05010,0.08714,0,1,0.279,0.068,running
123.760,2,1183,-0.08955,-0.01863,0.0786,0.0731,-0.03042,-0.00539,0.08538,0,1,0.222,0.002,running
123.802,2,1184,-0.08899,-0.01705,0.0305,0.0868,0.00774,-0.04957,0.08440,0,1,0.218,-0.042,running
123.848,2,1185,-0.08909,-0.01572,-0.0050,0.0731,0.04087,-0.05160,0.08414,0,1,0.315,-0.084,running
123.891,2,1186,-0.09033,-0.01548,-0.0683,0.0131,0.04306,-0.01800,0.08528,0,1,0.394,-0.061,running
123.936,2,1187,-0.09178,-0.01580,-0.0797,-0.0174,0.03568,0.03421,0.08676,0,1,0.543,0.074,running
123.979,2,1188,-0.09383,-0.01680,-0.1128,-0.0551,0.01022,0.08938,0.08900,0,1,0.576,0.143,running
124.026,2,1189,-0.09589,-0.01819,-0.1136,-0.0764,-0.03156,0.13628,0.09135,0,1,0.656,0.225,running
124.068,2,1190,-0.09685,-0.01957,-0.0527,-0.0762,-0.06637,0.16202,0.09265,0,1,0.668,0.274,running
124.112,2,1191,-0.09658,-0.02025,0.0151,-0.0372,-0.09147,0.17354,0.09258,0,1,0.551,0.280,running
124.155,2,1192,-0.09440,-0.02029,0.1199,-0.0020,-0.10345,0.16639,0.09050,0,1,0.414,0.206,running
124.200,2,1193,-0.09132,-0.01924,0.1691,0.0574,-0.08946,0.14676,0.08725,0,1,0.193,0.135,running
124.243,2,1194,-0.08683,-0.01741,0.2469,0.1010,-0.05918,0.11549,0.08243,0,1,0.049,0.002,running
124.288,2,1195,-0.08205,-0.01528,0.2630,0.1170,-0.02297,0.05561,0.07724,0,1,-0.203,-0.124,running
124.331,2,1196,-0.07779,-0.01331,0.2343,0.1082,0.01458,-0.00781,0.07261,0,1,-0.336,-0.201,running
124.376,2,1197,-0.07391,-0.01191,0.2136,0.0772,0.04494,-0.05743,0.06849,0,1,-0.342,-0.212,running
124.419,2,1198,-0.07162,-0.01149,0.1257,0.0231,0.06133,-0.07970,0.06618,0,1,-0.352,-0.151,running
124.465,2,1199,-0.07085,-0.01204,0.0424,-0.0303,0.05069,-0.07904,0.06558,0,1,-0.128,-0.002,running
124.507,2,1200,-0.07120,-0.01284,-0.0189,-0.0439,0.02229,-0.06107,0.06614,0,1,0.112,0.159,running
124.552,2,1201,-0.07287,-0.01495,-0.0918,-0.1161,-0.01706,-0.02090,0.06836,0,1,0.297,0.201,running
124.595,2,1202,-0.07502,-0.01691,-0.1184,-0.1080,-0.05071,0.02939,0.07102,0,1,0.518,0.415,running
124.639,2,1203,-0.07807,-0.01901,-0.1679,-0.1155,-0.08277,0.09129,0.07459,0,1,0.599,0.391,running
124.684,2,1204,-0.08007,-0.02003,-0.1101,-0.0562,-0.11578,0.13580,0.07682,0,1,0.736,0.408,running
124.727,2,1205,-0.08150,-0.02015,-0.0785,-0.0065,-0.10438,0.17164,0.07820,0,1,0.592,0.255,running
124.773,2,1206,-0.08154,-0.01992,-0.0019,0.0125,-0.09779,0.17037,0.07816,0,1,0.519,0.131,running
124.815,2,1207,-0.07973,-0.01812,0.0996,0.0989,-0.07251,0.16140,0.07586,0,1,0.330,0.083,running
124.859,2,1208,-0.07649,-0.01612,0.1781,0.1105,-0.02792,0.14990,0.07216,0,1,0.053,-0.150,running
124.903,2,1209,-0.07263,-0.01401,0.2124,0.1159,0.00871,0.11759,0.06784,0,1,-0.201,-0.209,running
124.948,2,1210,-0.06852,-0.01259,0.2260,0.0778,0.03378,0.05166,0.06350,0,1,-0.361,-0.257,running
124.991,2,1211,-0.06462,-0.01189,0.2146,0.0390,0.05989,-0.02028,0.05956,0,1,-0.468,-0.170,running
125.036,2,1212,-0.06152,-0.01207,0.1700,-0.0104,0.05699,-0.06515,0.05668,0,1,-0.493,-0.063,running
125.079,2,1213,-0.05971,-0.01324,0.0996,-0.0641,0.03054,-0.08372,0.05536,0,1,-0.387,0.095,running
125.125,2,1214,-0.05923,-0.01533,0.0264,-0.1149,-0.00840,-0.08433,0.05568,0,1,-0.168,0.280,running
125.212,2,1215,-0.06312,-0.01786,-0.2138,-0.1394,-0.07031,-0.01356,0.06025,0,1,0.080,0.458,running
125.255,2,1216,-0.06606,-0.01905,-0.1617,-0.0650,-0.07915,0.03557,0.06342,0,1,0.800,0.528,running
125.300,2,1217,-0.06937,-0.01863,-0.1822,0.0226,-0.08964,0.05426,0.06632,0,1,0.709,0.291,running
125.344,2,1218,-0.07193,-0.01805,-0.1404,0.0323,-0.11593,0.07071,0.06849,0,1,0.772,0.027,running
125.387,2,1219,-0.07537,-0.01661,-0.1895,0.0789,-0.08127,0.11018,0.07125,0,1,0.653,0.002,running
125.432,2,1220,-0.07762,-0.01402,-0.1236,0.1422,-0.03420,0.16389,0.07263,0,1,0.796,-0.125,running
125.475,2,1221,-0.07844,-0.01120,-0.0453,0.1551,-0.00650,0.18663,0.07271,0,1,0.621,-0.301,running
125.519,2,1222,-0.07734,-0.00934,0.0608,0.1025,0.02376,0.17459,0.07121,0,1,0.414,-0.346,running
125.562,2,1223,-0.07506,-0.00795,0.1253,0.0766,0.06382,0.16850,0.06869,0,1,0.115,-0.220,running
125.607,2,1224,-0.07144,-0.00785,0.1991,0.0056,0.07190,0.14835,0.06513,0,1,-0.093,-0.164,running
125.651,2,1225,-0.06674,-0.00856,0.2581,-0.0395,0.04379,0.10354,0.06072,0,1,-0.357,0.035,running
125.695,2,1226,-0.06200,-0.01025,0.2609,-0.0927,0.00862,0.03297,0.05658,0,1,-0.610,0.177,running
125.740,2,1227,-0.05771,-0.01283,0.2362,-0.1422,-0.02429,-0.03455,0.05334,0,1,-0.690,0.364,running
125.784,2,1228,-0.05317,-0.01586,0.2492,-0.1666,-0.05722,-0.07834,0.05037,0,1,-0.661,0.552,running
125.827,2,1229,-0.05112,-0.01653,0.1132,-0.0365,-0.09130,-0.09335,0.04882,0,1,-0.757,0.663,running
125.873,2,1230,-0.05049,-0.01745,0.0347,-0.0509,-0.09766,-0.09667,0.04870,0,1,-0.285,0.199,running
125.915,2,1231,-0.05172,-0.01739,-0.0677,0.0032,-0.10428,-0.07897,0.04976,0,1,-0.001,0.255,running
125.960,2,1232,-0.05425,-0.01617,-0.1395,0.0672,-0.10106,-0.05489,0.05147,0,1,0.376,0.058,running
126.003,2,1233,-0.05796,-0.01465,-0.2038,0.0838,-0.08737,-0.00371,0.05424,0,1,0.637,-0.170,running
126.048,2,1234,-0.06185,-0.01214,-0.2141,0.1382,-0.04813,0.06265,0.05701,0,1,0.800,-0.221,running
126.091,2,1235,-0.06572,-0.00918,-0.2127,0.1625,-0.01155,0.12492,0.05988,0,1,0.800,-0.398,running
126.137,2,1236,-0.06865,-0.00647,-0.1609,0.1494,0.01944,0.16362,0.06211,0,1,0.800,-0.468,running
126.179,2,1237,-0.07034,-0.00489,-0.0934,0.0868,0.05344,0.17769,0.06348,0,1,0.721,-0.420,running
126.224,2,1238,-0.07098,-0.00489,-0.0347,-0.0000,0.07816,0.17608,0.06411,0,1,0.516,-0.226,running
126.268,2,1239,-0.06967,-0.00601,0.0718,-0.0615,0.06351,0.16053,0.06302,0,1,0.340,0.040,running
126.312,2,1240,-0.06748,-0.00856,0.1205,-0.1403,0.03393,0.13104,0.06143,0,1,0.005,0.233,running
126.355,2,1241,-0.06465,-0.01188,0.1557,-0.1826,0.00062,0.08081,0.05959,0,1,-0.165,0.493,running
126.400,2,1242,-0.06179,-0.01551,0.1572,-0.1996,-0.03410,0.01467,0.05812,0,1,-0.303,0.650,running
126.443,2,1243,-0.05946,-0.01938,0.1280,-0.2129,-0.06770,-0.04507,0.05756,0,1,-0.331,0.727,running
126.489,2,1244,-0.05802,-0.02190,0.0792,-0.1389,-0.09759,-0.08222,0.05746,0,1,-0.247,0.788,running
126.532,2,1245,-0.05731,-0.02417,0.0392,-0.1244,-0.09799,-0.09567,0.05798,0,1,-0.092,0.553,running
126.576,2,1246,-0.05926,-0.02427,-0.1074,-0.0056,-0.10197,-0.07225,0.05971,0,1,0.040,0.511,running
126.619,2,1247,-0.06190,-0.02370,-0.1447,0.0312,-0.10237,-0.01963,0.06171,0,1,0.524,0.124,running
126.663,2,1248,-0.06546,-0.02257,-0.1960,0.0622,-0.09141,0.03865,0.06435,0,1,0.647,0.009,running
126.707,2,1249,-0.06922,-0.02002,-0.2069,0.1405,-0.05730,0.08961,0.06670,0,1,0.800,-0.082,running
126.751,2,1250,-0.07230,-0.01741,-0.1695,0.1432,-0.01856,0.13068,0.06862,0,1,0.800,-0.312,running
126.796,2,1251,-0.07422,-0.01442,-0.1057,0.1643,0.01315,0.16394,0.06949,0,1,0.738,-0.317,running
126.839,2,1252,-0.07482,-0.01190,-0.0325,0.1391,0.04526,0.18628,0.06936,0,1,0.562,-0.382,running
126.883,2,1253,-0.07414,-0.01094,0.0372,0.0528,0.05855,0.18122,0.06847,0,1,0.358,-0.322,running
126.931,2,1254,-0.07219,-0.01031,0.1073,0.0343,0.05720,0.15552,0.06642,0,1,0.154,-0.085,running
126.971,2,1255,-0.06878,-0.01129,0.1873,-0.0539,0.04110,0.11234,0.06339,0,1,-0.070,-0.039,running
127.016,2,1256,-0.06469,-0.01267,0.2250,-0.0758,0.00271,0.05641,0.05988,0,1,-0.350,0.229,running
127.059,2,1257,-0.06105,-0.01440,0.2002,-0.0953,-0.02937,0.00682,0.05703,0,1,-0.522,0.308,running
127.105,2,1258,-0.05782,-0.01645,0.1780,-0.1125,-0.06512,-0.04302,0.05482,0,1,-0.486,0.385,running
127.147,2,1259,-0.05545,-0.01740,0.1300,-0.0521,-0.09466,-0.08341,0.05309,0,1,-0.444,0.456,running
127.237,2,1260,-0.05633,-0.01715,-0.0483,0.0133,-0.09706,-0.09421,0.05377,0,1,-0.302,0.255,running
127.279,2,1261,-0.05901,-0.01529,-0.1476,0.1026,-0.09715,-0.06362,0.05546,0,1,0.321,0.028,running
127.323,2,1262,-0.06310,-0.01264,-0.2250,0.1458,-0.08927,-0.03670,0.05836,0,1,0.667,-0.277,running
127.367,2,1263,-0.06745,-0.00895,-0.2391,0.2027,-0.05311,0.00137,0.06150,0,1,0.800,-0.412,running
127.412,2,1264,-0.07301,-0.00511,-0.3056,0.2112,-0.00732,0.05509,0.06615,0,1,0.800,-0.583,running
127.456,2,1265,-0.07801,-0.00219,-0.2753,0.1606,0.01871,0.11331,0.07069,0,1,0.800,-0.582,running
127.499,2,1266,-0.08243,0.00005,-0.2430,0.1234,0.05194,0.16033,0.07487,0,1,0.800,-0.412,running
127.543,2,1267,-0.08575,0.00090,-0.1827,0.0469,0.06929,0.18896,0.07812,0,1,0.800,-0.296,running
127.589,2,1268,-0.08710,0.00118,-0.0741,0.0150,0.05195,0.18015,0.07945,0,1,0.796,-0.094,running
127.632,2,1269,-0.08720,0.00016,-0.0056,-0.0561,0.01421,0.16711,0.07962,0,1,0.534,-0.015,running
127.676,2,1270,-0.08568,-0.00151,0.0835,-0.0919,-0.01651,0.14948,0.07825,0,1,0.369,0.162,running
127.719,2,1271,-0.08324,-0.00357,0.1342,-0.1132,-0.04683,0.11654,0.07605,0,1,0.137,0.260,running
127.763,2,1272,-0.07975,-0.00558,0.1922,-0.1108,-0.08495,0.06461,0.07288,0,1,-0.019,0.331,running
127.807,2,1273,-0.07702,-0.00645,0.1501,-0.0474,-0.10481,0.00146,0.07033,0,1,-0.218,0.346,running
127.852,2,1274,-0.07484,-0.00673,0.1200,-0.0157,-0.09481,-0.05906,0.06824,0,1,-0.140,0.182,running
127.897,2,1275,-0.07360,-0.00573,0.0679,0.0550,-0.09194,-0.09518,0.06684,0,1,-0.082,0.095,running
127.943,2,1276,-0.07399,-0.00444,-0.0212,0.0708,-0.06165,-0.09244,0.06701,0,1,0.054,-0.116,running
127.984,2,1277,-0.07501,-0.00281,-0.0560,0.0902,-0.01659,-0.05300,0.06778,0,1,0.317,-0.166,running
128.027,2,1278,-0.07763,-0.00111,-0.1444,0.0933,0.01287,0.01489,0.07020,0,1,0.423,-0.226,running
128.071,2,1279,-0.08054,-0.00053,-0.1597,0.0321,0.03679,0.07671,0.07303,0,1,0.683,-0.232,running
128.115,2,1280,-0.08361,-0.00100,-0.1691,-0.0260,0.05638,0.12072,0.07614,0,1,0.730,-0.059,running
128.159,2,1281,-0.08580,-0.00189,-0.1202,-0.0489,0.04544,0.15161,0.07840,0,1,0.758,0.096,running
128.204,2,1282,-0.08588,-0.00442,-0.0044,-0.1394,0.01679,0.17123,0.07877,0,1,0.641,0.155,running
128.248,2,1283,-0.08528,-0.00743,0.0329,-0.1653,-0.02088,0.17459,0.07864,0,1,0.357,0.388,running
128.291,2,1284,-0.08273,-0.01084,0.1405,-0.1879,-0.05399,0.15907,0.07680,0,1,0.263,0.465,running
128.335,2,1285,-0.07935,-0.01370,0.1859,-0.1573,-0.08617,0.12121,0.07421,0,1,-0.030,0.548,running
128.380,2,1286,-0.07535,-0.01612,0.2197,-0.1326,-0.11225,0.06445,0.07108,0,1,-0.188,0.497,running
128.424,2,1287,-0.07121,-0.01744,0.2277,-0.0730,-0.10599,0.00397,0.06761,0,1,-0.332,0.455,running
128.469,2,1288,-0.06808,-0.01770,0.1722,-0.0140,-0.10110,-0.04917,0.06477,0,1,-0.413,0.302,running
128.512,2,1289,-0.06546,-0.01726,0.1441,0.0243,-0.08068,-0.08567,0.06218,0,1,-0.293,0.131,running
128.556,2,1290,-0.06470,-0.01528,0.0421,0.1085,-0.03510,-0.09531,0.06075,0,1,-0.241,0.008,running
128.599,2,1291,-0.06572,-0.01385,-0.0564,0.0788,-0.00018,-0.07367,0.06123,0,1,0.068,-0.269,running
128.644,2,1292,-0.06794,-0.01257,-0.1222,0.0704,0.02919,-0.01855,0.06295,0,1,0.384,-0.178,running
128.687,2,1293,-0.07070,-0.01231,-0.1515,0.0143,0.05827,0.04897,0.06551,0,1,0.596,-0.149,running
128.732,2,1294,-0.07361,-0.01259,-0.1600,-0.0156,0.04806,0.11096,0.06838,0,1,0.689,0.027,running
128.776,2,1295,-0.07608,-0.01385,-0.1359,-0.0689,0.02140,0.15085,0.07110,0,1,0.716,0.118,running
128.820,2,1296,-0.07735,-0.01562,-0.0699,-0.0974,-0.01116,0.16780,0.07283,0,1,0.651,0.270,running
128.864,2,1297,-0.07704,-0.01757,0.0171,-0.1074,-0.04235,0.16949,0.07314,0,1,0.476,0.351,running
128.907,2,1298,-0.07582,-0.01935,0.0671,-0.0978,-0.07947,0.15800,0.07259,0,1,0.242,0.385,running
128.951,2,1299,-0.07336,-0.02062,0.1354,-0.0700,-0.10416,0.13254,0.07075,0,1,0.100,0.368,running
128.995,2,1300,-0.06950,-0.02088,0.2121,-0.0141,-0.10682,0.08763,0.06730,0,1,-0.110,0.301,running
129.040,2,1301,-0.06569,-0.02062,0.2095,0.0139,-0.08946,0.02102,0.06372,0,1,-0.378,0.145,running
129.084,2,1302,-0.06263,-0.01952,0.1681,0.0606,-0.06405,-0.04177,0.06048,0,1,-0.426,0.056,running
129.128,2,1303,-0.06097,-0.01802,0.0914,0.0827,-0.02090,-0.07957,0.05835,0,1,-0.342,-0.103,running
129.172,2,1304,-0.06044,-0.01677,0.0294,0.0689,0.01546,-0.09452,0.05735,0,1,-0.117,-0.188,running
129.260,2,1305,-0.06348,-0.01472,-0.1674,0.1126,0.05931,-0.02860,0.05941,0,1,0.080,-0.151,running
129.304,2,1306,-0.06619,-0.01516,-0.1492,-0.0245,0.05448,0.01722,0.06211,0,1,0.733,-0.291,running
129.349,2,1307,-0.06989,-0.01600,-0.2034,-0.0459,0.04377,0.04197,0.06587,0,1,0.675,0.153,running
129.391,2,1308,-0.07322,-0.01833,-0.1830,-0.1283,0.02924,0.06073,0.06980,0,1,0.800,0.220,running
129.436,2,1309,-0.07666,-0.02079,-0.1889,-0.1355,-0.00702,0.10307,0.07389,0,1,0.775,0.457,running
129.480,2,1310,-0.07935,-0.02354,-0.1480,-0.1511,-0.04833,0.14980,0.07741,0,1,0.788,0.471,running
129.525,2,1311,-0.08120,-0.02591,-0.1019,-0.1302,-0.07845,0.18460,0.08004,0,1,0.683,0.507,running
129.567,2,1312,-0.08157,-0.02772,-0.0205,-0.0993,-0.10375,0.16824,0.08111,0,1,0.575,0.456,running
129.612,2,1313,-0.07986,-0.02845,0.0943,-0.0402,-0.11219,0.16123,0.07987,0,1,0.384,0.388,running
129.654,2,1314,-0.07683,-0.02828,0.1665,0.0091,-0.09580,0.15222,0.07708,0,1,0.097,0.251,running
129.700,2,1315,-0.07282,-0.02765,0.2206,0.0348,-0.06604,0.11830,0.07321,0,1,-0.118,0.126,running
129.743,2,1316,-0.06843,-0.02634,0.2418,0.0722,-0.03008,0.05202,0.06871,0,1,-0.319,0.047,running
129.788,2,1317,-0.06439,-0.02471,0.2220,0.0894,0.00783,-0.01440,0.06439,0,1,-0.451,-0.078,running
129.833,2,1318,-0.06130,-0.02348,0.1697,0.0676,0.03716,-0.05783,0.06109,0,1,-0.461,-0.156,running
129.876,2,1319,-0.05967,-0.02369,0.0900,-0.0115,0.05392,-0.07768,0.05976,0,1,-0.346,-0.109,running
129.920,2,1320,-0.05892,-0.02351,0.0413,0.0101,0.05155,-0.08171,0.05902,0,1,-0.108,0.141,running
129.963,2,1321,-0.05962,-0.02422,-0.0386,-0.0390,0.02446,-0.06364,0.05998,0,1,0.043,0.069,running
130.008,2,1322,-0.06168,-0.02563,-0.1135,-0.0777,-0.01394,-0.02090,0.06248,0,1,0.305,0.231,running
130.052,2,1323,-0.06528,-0.02725,-0.1980,-0.0891,-0.04990,0.03984,0.06641,0,1,0.547,0.355,running
130.096,2,1324,-0.06819,-0.02857,-0.1601,-0.0728,-0.07631,0.09738,0.06959,0,1,0.800,0.389,running
130.139,2,1325,-0.07120,-0.02928,-0.1655,-0.0387,-0.11060,0.14339,0.07256,0,1,0.691,0.343,running
130.184,2,1326,-0.07304,-0.02833,-0.1010,0.0523,-0.10995,0.17369,0.07372,0,1,0.708,0.250,running
130.227,2,1327,-0.07310,-0.02688,-0.0031,0.0795,-0.09028,0.16766,0.07311,0,1,0.541,0.005,running
130.272,2,1328,-0.07232,-0.02487,0.0428,0.1107,-0.06525,0.15717,0.07152,0,1,0.280,-0.076,running
130.316,2,1329,-0.06972,-0.02226,0.1427,0.1432,-0.02505,0.14435,0.06807,0,1,0.146,-0.177,running
130.359,2,1330,-0.06617,-0.01982,0.1952,0.1344,0.01344,0.11068,0.06383,0,1,-0.169,-0.302,running
130.404,2,1331,-0.06278,-0.01803,0.1868,0.0985,0.04238,0.05812,0.06000,0,1,-0.379,-0.314,running
130.448,2,1332,-0.05895,-0.01696,0.2106,0.0590,0.07118,-0.00729,0.05606,0,1,-0.405,-0.231,running
130.492,2,1333,-0.05556,-0.01713,0.1866,-0.0093,0.06743,-0.06604,0.05306,0,1,-0.538,-0.122,running
130.537,2,1334,-0.05453,-0.01823,0.0567,-0.0609,0.03711,-0.09741,0.05264,0,1,-0.498,0.105,running
130.579,2,1335,-0.05468,-0.01958,-0.0085,-0.0741,0.00311,-0.09915,0.05340,0,1,-0.052,0.289,running
130.625,2,1336,-0.05640,-0.02149,-0.0948,-0.1052,-0.02954,-0.07919,0.05584,0,1,0.178,0.338,running
130.669,2,1337,-0.05916,-0.02305,-0.1517,-0.0858,-0.06578,-0.03936,0.05901,0,1,0.479,0.445,running
130.712,2,1338,-0.06360,-0.02412,-0.2443,-0.0586,-0.09835,0.01734,0.06341,0,1,0.669,0.378,running
130.756,2,1339,-0.06844,-0.02438,-0.2659,-0.0144,-0.11184,0.06692,0.06782,0,1,0.800,0.290,running
130.799,2,1340,-0.07295,-0.02405,-0.2483,0.0184,-0.10092,0.11183,0.07175,0,1,0.800,0.160,running
130.844,2,1341,-0.07660,-0.02229,-0.2005,0.0967,-0.08203,0.14797,0.07439,0,1,0.800,0.073,running
130.891,2,1342,-0.07907,-0.01978,-0.1359,0.1381,-0.03581,0.17733,0.07579,0,1,0.800,-0.135,running
130.934,2,1343,-0.07985,-0.01789,-0.0428,0.1038,-0.00007,0.18351,0.07590,0,1,0.655,-0.244,running
130.977,2,1344,-0.07925,-0.01588,0.0328,0.1106,0.02918,0.17173,0.07472,0,1,0.419,-0.164,running
131.019,2,1345,-0.07697,-0.01486,0.1252,0.0561,0.05469,0.15241,0.07225,0,1,0.217,-0.196,running
131.064,2,1346,-0.07397,-0.01480,0.1654,0.0032,0.05037,0.11683,0.06936,0,1,-0.055,-0.066,running
131.108,2,1347,-0.07051,-0.01514,0.1899,-0.0185,0.02669,0.06561,0.06618,0,1,-0.205,0.074,running
131.152,2,1348,-0.06656,-0.01615,0.2175,-0.0556,0.00430,0.00164,0.06279,0,1,-0.322,0.135,running
131.195,2,1349,-0.06342,-0.01727,0.1726,-0.0617,-0.03521,-0.05752,0.06029,0,1,-0.458,0.252,running
131.285,2,1350,-0.06201,-0.01820,0.0774,-0.0510,-0.09757,-0.10323,0.05937,0,1,-0.355,0.279,running
131.328,2,1351,-0.06306,-0.01770,-0.0578,0.0272,-0.08965,-0.10018,0.06013,0,1,-0.062,0.248,running
131.374,2,1352,-0.06625,-0.01586,-0.1756,0.1012,-0.09664,-0.07989,0.06241,0,1,0.378,-0.004,running
131.415,2,1353,-0.07044,-0.01302,-0.2301,0.1564,-0.08019,-0.03841,0.06546,0,1,0.757,-0.235,running
131.461,2,1354,-0.07627,-0.00990,-0.3208,0.1714,-0.03461,0.02107,0.07029,0,1,0.800,-0.394,running
131.503,2,1355,-0.08203,-0.00692,-0.3169,0.1637,-0.00192,0.08248,0.07535,0,1,0.800,-0.414,running
131.548,2,1356,-0.08743,-0.00384,-0.2966,0.1695,0.02850,0.13720,0.08023,0,1,0.800,-0.368,running
131.592,2,1357,-0.09207,-0.00197,-0.2556,0.1028,0.05637,0.16542,0.08465,0,1,0.800,-0.361,running
131.636,2,1358,-0.09482,-0.00177,-0.1512,0.0112,0.05929,0.17937,0.08737,0,1,0.800,-0.190,running
131.679,2,1359,-0.09628,-0.00250,-0.0800,-0.0402,0.04519,0.17480,0.08888,0,1,0.742,0.014,running
131.724,2,1360,-0.09612,-0.00434,0.0088,-0.1011,0.01834,0.15976,0.08892,0,1,0.601,0.124,running
131.768,2,1361,-0.09490,-0.00695,0.0672,-0.1438,-0.02426,0.13741,0.08805,0,1,0.419,0.258,running
131.812,2,1362,-0.09222,-0.01007,0.1473,-0.1715,-0.05779,0.09540,0.08593,0,1,0.287,0.362,running
131.855,2,1363,-0.08956,-0.01242,0.1462,-0.1292,-0.08159,0.03039,0.08381,0,1,0.086,0.448,running
131.900,2,1364,-0.08734,-0.01404,0.1224,-0.0889,-0.10695,-0.03152,0.08202,0,1,0.055,0.377,running
131.943,2,1365,-0.08622,-0.01443,0.0613,-0.0217,-0.09900,-0.07531,0.08104,0,1,0.082,0.298,running
131.988,2,1366,-0.08649,-0.01404,-0.0147,0.0218,-0.09319,-0.08136,0.08120,0,1,0.212,0.144,running
132.031,2,1367,-0.08763,-0.01241,-0.0629,0.0892,-0.06280,-0.04806,0.08193,0,1,0.393,0.040,running
132.077,2,1368,-0.09007,-0.01064,-0.1340,0.0976,-0.01547,0.01272,0.08393,0,1,0.513,-0.122,running
132.120,2,1369,-0.09320,-0.00888,-0.1722,0.0970,0.01011,0.07039,0.08669,0,1,0.687,-0.141,running
132.163,2,1370,-0.09612,-0.00702,-0.1606,0.1024,0.04048,0.11894,0.08927,0,1,0.780,-0.135,running
132.208,2,1371,-0.09823,-0.00691,-0.1162,0.0057,0.04964,0.15462,0.09135,0,1,0.764,-0.143,running
132.251,2,1372,-0.09888,-0.00784,-0.0354,-0.0510,0.03456,0.17936,0.09212,0,1,0.685,0.053,running
132.295,2,1373,-0.09828,-0.00948,0.0328,-0.0902,0.01653,0.18489,0.09179,0,1,0.526,0.171,running
132.341,2,1374,-0.09599,-0.01192,0.1257,-0.1345,-0.02072,0.16745,0.09000,0,1,0.387,0.258,running
132.384,2,1375,-0.09275,-0.01425,0.1784,-0.1280,-0.06197,0.13241,0.08733,0,1,0.189,0.359,running
132.429,2,1376,-0.08816,-0.01583,0.2523,-0.0867,-0.09104,0.07828,0.08327,0,1,0.038,0.368,running
132.473,2,1377,-0.08361,-0.01677,0.2502,-0.0516,-0.10789,0.02466,0.07916,0,1,-0.198,0.298,running
132.517,2,1378,-0.07970,-0.01654,0.2154,0.0124,-0.09622,-0.02385,0.07535,0,1,-0.271,0.227,running
132.560,2,1379,-0.07577,-0.01552,0.2162,0.0563,-0.07924,-0.06450,0.07129,0,1,-0.250,0.064,running
132.603,2,1380,-0.07460,-0.01391,0.0640,0.0885,-0.04279,-0.09298,0.06971,0,1,-0.318,-0.067,running
132.648,2,1381,-0.07440,-0.01178,0.0110,0.1171,-0.00554,-0.08193,0.06894,0,1,0.086,-0.170,running
132.691,2,1382,-0.07569,-0.01054,-0.0710,0.0680,0.03013,-0.04313,0.06988,0,1,0.232,-0.263,running
132.736,2,1383,-0.07786,-0.00954,-0.1192,0.0551,0.05456,0.01853,0.07176,0,1,0.470,-0.125,running
132.779,2,1384,-0.08043,-0.00963,-0.1413,-0.0048,0.06578,0.07949,0.07429,0,1,0.612,-0.087,running
132.825,2,1385,-0.08263,-0.01053,-0.1209,-0.0497,0.03365,0.12568,0.07663,0,1,0.677,0.078,running
132.867,2,1386,-0.08427,-0.01257,-0.0903,-0.1121,-0.00796,0.15280,0.07869,0,1,0.631,0.198,running
132.912,2,1387,-0.08455,-0.01450,-0.0156,-0.1062,-0.03939,0.16631,0.07945,0,1,0.561,0.357,running
132.955,2,1388,-0.08358,-0.01667,0.0536,-0.1192,-0.06324,0.16649,0.07910,0,1,0.381,0.349,running
132.999,2,1389,-0.08133,-0.01834,0.1236,-0.0919,-0.10263,0.14745,0.07746,0,1,0.207,0.391,running
133.044,2,1390,-0.07850,-0.01896,0.1560,-0.0343,-0.11124,0.11178,0.07497,0,1,0.012,0.336,running
133.089,2,1391,-0.07462,-0.01904,0.2135,-0.0040,-0.09270,0.04934,0.07135,0,1,-0.105,0.195,running
133.131,2,1392,-0.07153,-0.01771,0.1697,0.0726,-0.07136,-0.01378,0.06800,0,1,-0.314,0.113,running
133.176,2,1393,-0.06867,-0.01616,0.1576,0.0854,-0.03374,-0.05879,0.06477,0,1,-0.240,-0.117,running
133.219,2,1394,-0.06703,-0.01467,0.0899,0.0819,0.00664,-0.07905,0.06274,0,1,-0.247,-0.174,running
133.308,2,1395,-0.06825,-0.01317,-0.0669,0.0827,0.05133,-0.04640,0.06341,0,1,-0.062,-0.178,running
133.352,2,1396,-0.07033,-0.01344,-0.1146,-0.0149,0.05077,-0.01431,0.06548,0,1,0.427,-0.183,running
133.396,2,1397,-0.07356,-0.01520,-0.1779,-0.0969,0.04405,0.01533,0.06910,0,1,0.578,0.118,running
133.440,2,1398,-0.07664,-0.01732,-0.1694,-0.1163,0.02371,0.04594,0.07269,0,1,0.765,0.359,running
133.485,2,1399,-0.08002,-0.02008,-0.1858,-0.1517,-0.02070,0.09661,0.07679,0,1,0.741,0.410,running
133.527,2,1400,-0.08279,-0.02332,-0.1523,-0.1786,-0.05650,0.14414,0.08052,0,1,0.783,0.497,running
133.571,2,1401,-0.08451,-0.02605,-0.0944,-0.1499,-0.08288,0.17627,0.08313,0,1,0.702,0.558,running
133.615,2,1402,-0.08478,-0.02789,-0.0148,-0.1012,-0.11429,0.16854,0.08411,0,1,0.572,0.490,running
133.661,2,1403,-0.08337,-0.02881,0.0773,-0.0508,-0.11165,0.16154,0.08321,0,1,0.395,0.386,running
133.704,2,1404,-0.08097,-0.02873,0.1320,0.0046,-0.10429,0.15365,0.08100,0,1,0.177,0.278,running
133.748,2,1405,-0.07751,-0.02722,0.1904,0.0831,-0.07845,0.12259,0.07722,0,1,0.021,0.147,running
133.792,2,1406,-0.07310,-0.02583,0.2428,0.0763,-0.03431,0.05673,0.07264,0,1,-0.174,-0.064,running
133.838,2,1407,-0.06889,-0.02383,0.2315,0.1101,0.00239,-0.01355,0.06798,0,1,-0.384,-0.074,running
133.881,2,1408,-0.06624,-0.02265,0.1459,0.0651,0.02810,-0.05912,0.06508,0,1,-0.429,-0.201,running
133.925,2,1409,-0.06465,-0.02183,0.0874,0.0449,0.04400,-0.07908,0.06329,0,1,-0.218,-0.087,running
133.967,2,1410,-0.06441,-0.02236,0.0131,-0.0289,0.04408,-0.08761,0.06331,0,1,-0.060,-0.036,running
134.011,2,1411,-0.06473,-0.02301,-0.0174,-0.0362,0.02396,-0.06963,0.06389,0,1,0.167,0.193,running
134.055,2,1412,-0.06670,-0.02422,-0.1087,-0.0663,-0.01520,-0.02655,0.06620,0,1,0.263,0.217,running
134.100,2,1413,-0.06971,-0.02569,-0.1653,-0.0808,-0.05678,0.03082,0.06955,0,1,0.545,0.311,running
134.143,2,1414,-0.07310,-0.02674,-0.1867,-0.0579,-0.08412,0.09477,0.07305,0,1,0.712,0.354,running
134.188,2,1415,-0.07600,-0.02743,-0.1592,-0.0379,-0.11154,0.13760,0.07595,0,1,0.771,0.291,running
134.232,2,1416,-0.07821,-0.02672,-0.1215,0.0394,-0.10228,0.16873,0.07764,0,1,0.701,0.241,running
134.277,2,1417,-0.07865,-0.02551,-0.0242,0.0665,-0.08034,0.17515,0.07754,0,1,0.612,0.045,running
134.324,2,1418,-0.07739,-0.02364,0.0694,0.1026,-0.04930,0.16419,0.07564,0,1,0.371,-0.028,running
134.365,2,1419,-0.07475,-0.02168,0.1449,0.1080,-0.01293,0.15170,0.07245,0,1,0.119,-0.137,running
134.408,2,1420,-0.07105,-0.02001,0.2035,0.0920,0.02233,0.11965,0.06839,0,1,-0.115,-0.178,running
134.452,2,1421,-0.06682,-0.01892,0.2328,0.0597,0.05010,0.06672,0.06406,0,1,-0.335,-0.162,running
134.497,2,1422,-0.06230,-0.01881,0.2486,0.0061,0.06119,0.00065,0.05988,0,1,-0.489,-0.089,running
134.540,2,1423,-0.05907,-0.01943,0.1773,-0.0342,0.04359,-0.05554,0.05724,0,1,-0.606,0.067,running
134.583,2,1424,-0.05665,-0.02115,0.1332,-0.0947,0.01257,-0.09302,0.05589,0,1,-0.414,0.199,running
134.631,2,1425,-0.05600,-0.02220,0.0359,-0.0574,-0.02056,-0.11031,0.05584,0,1,-0.287,0.408,running
134.671,2,1426,-0.05621,-0.02419,-0.0116,-0.1097,-0.05768,-0.09726,0.05705,0,1,0.038,0.286,running
134.717,2,1427,-0.05876,-0.02457,-0.1400,-0.0206,-0.08870,-0.04898,0.05942,0,1,0.201,0.465,running
134.760,2,1428,-0.06209,-0.02476,-0.1831,-0.0109,-0.09495,0.01416,0.06240,0,1,0.628,0.172,running
134.804,2,1429,-0.06596,-0.02414,-0.2133,0.0341,-0.09577,0.06808,0.06551,0,1,0.765,0.145,running
134.848,2,1430,-0.06977,-0.02259,-0.2092,0.0857,-0.08196,0.11075,0.06824,0,1,0.800,0.012,running
134.894,2,1431,-0.07328,-0.02021,-0.1931,0.1307,-0.03644,0.14866,0.07053,0,1,0.800,-0.134,running
134.937,2,1432,-0.07478,-0.01779,-0.0824,0.1332,0.00156,0.16950,0.07108,0,1,0.800,-0.258,running
134.981,2,1433,-0.07539,-0.01579,-0.0335,0.1101,0.02549,0.17908,0.07101,0,1,0.499,-0.271,running
135.023,2,1434,-0.07406,-0.01476,0.0730,0.0564,0.05773,0.17370,0.06944,0,1,0.366,-0.215,running
135.068,2,1435,-0.07159,-0.01482,0.1358,-0.0035,0.06319,0.15487,0.06710,0,1,0.057,-0.077,running
135.111,2,1436,-0.06767,-0.01507,0.2159,-0.0136,0.03948,0.11377,0.06347,0,1,-0.150,0.090,running
135.157,2,1437,-0.06365,-0.01665,0.2209,-0.0867,0.00959,0.05480,0.06027,0,1,-0.441,0.119,running
135.200,2,1438,-0.05958,-0.01862,0.2238,-0.1084,-0.02718,-0.00790,0.05733,0,1,-0.508,0.356,running
135.245,2,1439,-0.05597,-0.02040,0.1987,-0.0978,-0.06177,-0.06216,0.05492,0,1,-0.566,0.441,running
135.333,2,1440,-0.05313,-0.02152,0.1558,-0.0618,-0.09802,-0.10184,0.05303,0,1,-0.520,0.418,running
135.376,2,1441,-0.05429,-0.02063,-0.0634,0.0491,-0.09654,-0.09452,0.05357,0,1,-0.399,0.302,running
135.421,2,1442,-0.05704,-0.01819,-0.1516,0.1339,-0.09832,-0.08024,0.05487,0,1,0.367,-0.085,running
135.463,2,1443,-0.06123,-0.01518,-0.2302,0.1658,-0.07962,-0.04553,0.05747,0,1,0.676,-0.378,running
135.508,2,1444,-0.06628,-0.01202,-0.2780,0.1735,-0.04198,0.00810,0.06120,0,1,0.800,-0.476,running
135.551,2,1445,-0.07204,-0.00826,-0.3165,0.2071,-0.00260,0.07766,0.06580,0,1,0.800,-0.483,running
135.596,2,1446,-0.07735,-0.00494,-0.2920,0.1822,0.02686,0.13371,0.07040,0,1,0.800,-0.561,running
135.640,2,1447,-0.08174,-0.00283,-0.2416,0.1164,0.06165,0.16956,0.07446,0,1,0.800,-0.463,running
135.685,2,1448,-0.08485,-0.00202,-0.1709,0.0441,0.08570,0.18416,0.07746,0,1,0.800,-0.268,running
135.729,2,1449,-0.08589,-0.00270,-0.0576,-0.0372,0.06874,0.17780,0.07858,0,1,0.764,-0.075,running
135.772,2,1450,-0.08551,-0.00475,0.0212,-0.1127,0.03539,0.16214,0.07845,0,1,0.487,0.130,running
135.816,2,1451,-0.08359,-0.00782,0.1054,-0.1686,-0.00050,0.13202,0.07704,0,1,0.291,0.325,running
135.860,2,1452,-0.08128,-0.01154,0.1271,-0.2046,-0.03379,0.08994,0.07554,0,1,0.064,0.485,running
135.904,2,1453,-0.07839,-0.01482,0.1588,-0.1805,-0.06676,0.02957,0.07360,0,1,-0.013,0.602,running
135.948,2,1454,-0.07571,-0.01747,0.1475,-0.1461,-0.10085,-0.03207,0.07185,0,1,-0.127,0.566,running
135.992,2,1455,-0.07375,-0.01905,0.1075,-0.0869,-0.10175,-0.07247,0.07055,0,1,-0.124,0.494,running
136.035,2,1456,-0.07366,-0.01962,0.0050,-0.0309,-0.10145,-0.07670,0.07067,0,1,-0.033,0.342,running
136.082,2,1457,-0.07460,-0.01857,-0.0514,0.0576,-0.09808,-0.05816,0.07117,0,1,0.252,0.189,running
136.124,2,1458,-0.07647,-0.01684,-0.1028,0.0949,-0.07012,-0.01565,0.07237,0,1,0.413,-0.059,running
136.169,2,1459,-0.07917,-0.01491,-0.1488,0.1065,-0.02421,0.04088,0.07437,0,1,0.561,-0.163,running
136.213,2,1460,-0.08201,-0.01210,-0.1561,0.1545,0.00676,0.09343,0.07638,0,1,0.692,-0.191,running
136.255,2,1461,-0.08446,-0.01003,-0.1347,0.1135,0.03536,0.14361,0.07832,0,1,0.718,-0.315,running
136.300,2,1462,-0.08612,-0.00886,-0.0914,0.0645,0.05443,0.17835,0.07972,0,1,0.671,-0.209,running
136.344,2,1463,-0.08587,-0.00889,0.0138,-0.0014,0.05263,0.18734,0.07948,0,1,0.572,-0.089,running
136.388,2,1464,-0.08415,-0.00947,0.0945,-0.0322,0.03490,0.17620,0.07790,0,1,0.316,0.070,running
136.432,2,1465,-0.08086,-0.01122,0.1811,-0.0963,-0.00449,0.15316,0.07506,0,1,0.101,0.148,running
136.475,2,1466,-0.07656,-0.01315,0.2364,-0.1062,-0.04226,0.10614,0.07138,0,1,-0.160,0.323,running
136.520,2,1467,-0.07184,-0.01478,0.2596,-0.0892,-0.07226,0.05359,0.06733,0,1,-0.369,0.369,running
136.563,2,1468,-0.06756,-0.01567,0.2354,-0.0494,-0.10230,0.00044,0.06357,0,1,-0.507,0.340,running
136.608,2,1469,-0.06354,-0.01543,0.2212,0.0137,-0.09838,-0.05074,0.05971,0,1,-0.500,0.231,running
136.651,2,1470,-0.06075,-0.01465,0.1534,0.0429,-0.08856,-0.09052,0.05683,0,1,-0.516,0.031,running
136.696,2,1471,-0.05976,-0.01279,0.0544,0.1019,-0.06934,-0.10842,0.05526,0,1,-0.333,-0.074,running
136.740,2,1472,-0.06089,-0.01078,-0.0619,0.1109,-0.02024,-0.09047,0.05567,0,1,-0.015,-0.284,running
136.786,2,1473,-0.06263,-0.00858,-0.0961,0.1209,0.01327,-0.04215,0.05674,0,1,0.383,-0.319,running
136.827,2,1474,-0.06595,-0.00682,-0.1821,0.0965,0.03881,0.02118,0.05954,0,1,0.503,-0.354,running
136.872,2,1475,-0.06933,-0.00598,-0.1863,0.0463,0.06016,0.07599,0.06269,0,1,0.788,-0.266,running
136.915,2,1476,-0.07215,-0.00629,-0.1550,-0.0169,0.05421,0.11608,0.06551,0,1,0.800,-0.100,running
136.960,2,1477,-0.07447,-0.00758,-0.1275,-0.0711,0.03009,0.14508,0.06804,0,1,0.705,0.097,running
137.004,2,1478,-0.07571,-0.00973,-0.0680,-0.1181,-0.00026,0.17019,0.06970,0,1,0.627,0.258,running
137.049,2,1479,-0.07576,-0.01259,-0.0029,-0.1574,-0.04026,0.17454,0.07046,0,1,0.462,0.395,running
137.092,2,1480,-0.07387,-0.01509,0.1037,-0.1372,-0.06993,0.15532,0.06936,0,1,0.282,0.513,running
137.137,2,1481,-0.07082,-0.01686,0.1679,-0.0974,-0.10026,0.11336,0.06704,0,1,-0.031,0.471,running
137.179,2,1482,-0.06719,-0.01793,0.1997,-0.0590,-0.11375,0.05447,0.06403,0,1,-0.247,0.372,running
137.224,2,1483,-0.06389,-0.01742,0.1813,0.0282,-0.10267,0.00161,0.06079,0,1,-0.387,0.268,running
137.267,2,1484,-0.06080,-0.01630,0.1702,0.0615,-0.09283,-0.04068,0.05750,0,1,-0.376,-0.006,running
137.356,2,1485,-0.05961,-0.01200,0.0652,0.2365,-0.00514,-0.08505,0.05485,0,1,-0.383,-0.128,running
137.401,2,1486,-0.06143,-0.00982,-0.0998,0.1200,-0.01078,-0.07237,0.05591,0,1,-0.054,-0.747,running
137.443,2,1487,-0.06445,-0.00761,-0.1662,0.1216,0.00446,-0.05643,0.05826,0,1,0.513,-0.351,running
137.488,2,1488,-0.06833,-0.00614,-0.2134,0.0807,0.06396,-0.02431,0.06174,0,1,0.737,-0.351,running
137.532,2,1489,-0.07298,-0.00568,-0.2555,0.0251,0.04606,0.03158,0.06621,0,1,0.800,-0.209,running
137.575,2,1490,-0.07811,-0.00623,-0.2827,-0.0304,0.02520,0.08703,0.07137,0,1,0.800,-0.030,running
137.619,2,1491,-0.08300,-0.00792,-0.2686,-0.0926,0.02081,0.12963,0.07648,0,1,0.800,0.133,running
137.665,2,1492,-0.08667,-0.01020,-0.2017,-0.1255,-0.02821,0.16348,0.08051,0,1,0.800,0.295,running
137.707,2,1493,-0.08904,-0.01244,-0.1306,-0.1231,-0.07105,0.17951,0.08331,0,1,0.800,0.372,running
137.752,2,1494,-0.09022,-0.01405,-0.0649,-0.0886,-0.09504,0.16751,0.08483,0,1,0.675,0.365,running
137.801,2,1495,-0.09026,-0.01469,-0.0023,-0.0352,-0.10580,0.15357,0.08502,0,1,0.534,0.291,running
137.839,2,1496,-0.08877,-0.01471,0.0823,-0.0013,-0.09781,0.13082,0.08357,0,1,0.397,0.176,running
137.883,2,1497,-0.08691,-0.01417,0.1019,0.0301,-0.07026,0.08979,0.08164,0,1,0.193,0.100,running
137.929,2,1498,-0.08453,-0.01289,0.1314,0.0699,-0.03260,0.03398,0.07902,0,1,0.125,0.022,running
137.971,2,1499,-0.08206,-0.01184,0.1358,0.0579,0.00769,-0.01600,0.07637,0,1,0.021,-0.086,running
