t,episode,step,xb,yb,vx,vy,alpha,beta,dist,in_circle,ball_found,a0,a1,status
1.524,1,0,0.13580,0.11243,-0.0006,0.0033,-0.01843,0.04720,0.17874,0,1,-1.000,-1.000,running
1.612,1,1,0.13631,0.11136,0.0280,-0.0585,0.00333,0.03679,0.17852,0,1,-1.000,-1.000,running
1.654,1,2,0.13568,0.11189,-0.0346,0.0289,0.01810,0.01178,0.17832,0,1,-1.000,-1.000,running
1.699,1,3,0.13543,0.11110,-0.0135,-0.0433,0.03612,-0.00940,0.17766,0,1,-1.000,-1.000,running
1.743,1,4,0.13497,0.11000,-0.0256,-0.0603,0.09092,-0.04741,0.17663,0,1,-1.000,-1.000,running
1.787,1,5,0.13322,0.10919,-0.0960,-0.0450,0.10733,-0.09834,0.17474,0,1,-1.000,-1.000,running
1.831,1,6,0.13012,0.10603,-0.1705,-0.1737,0.10718,-0.13065,0.17037,0,1,-1.000,-1.000,running
1.876,1,7,0.12544,0.10251,-0.2571,-0.1933,0.10672,-0.13140,0.16453,0,1,-1.000,-1.000,running
1.919,1,8,0.11899,0.09791,-0.3551,-0.2534,0.10266,-0.10897,0.15659,0,1,-1.000,-1.000,running
1.963,1,9,0.11078,0.09244,-0.4514,-0.3008,0.07437,-0.07690,0.14674,0,1,-1.000,-1.000,running
2.007,1,10,0.10187,0.08655,-0.4903,-0.3239,0.04512,-0.02058,0.13607,0,1,-1.000,-1.000,running
2.052,1,11,0.09197,0.08022,-0.5444,-0.3478,0.02935,0.03608,0.12435,0,1,-1.000,-1.000,running
2.096,1,12,0.08215,0.07362,-0.5401,-0.3633,0.02783,0.07451,0.11253,0,1,0.590,0.324,running
2.140,1,13,0.07225,0.06729,-0.5445,-0.3480,0.03317,0.06279,0.10082,0,1,0.631,0.388,running
2.184,1,14,0.06326,0.05941,-0.4945,-0.4334,0.00983,0.03719,0.08889,0,1,0.689,0.390,running
2.226,1,15,0.05363,0.05221,-0.5294,-0.3964,-0.03874,0.05063,0.07687,0,1,0.656,0.620,running
2.271,1,16,0.04490,0.04498,-0.4804,-0.3974,-0.07210,0.10112,0.06555,0,1,0.800,0.796,running
2.314,1,17,0.03838,0.03937,-0.3587,-0.3084,-0.09541,0.15708,0.05697,0,1,0.800,0.800,running
2.359,1,18,0.03126,0.03400,-0.3915,-0.2955,-0.12169,0.17514,0.04806,0,1,0.800,0.800,running
2.403,1,19,0.02600,0.02967,-0.2892,-0.2380,-0.12030,0.17213,0.04126,1,1,0.800,0.800,in_circle
2.447,1,20,0.02333,0.02727,-0.1469,-0.1320,-0.12044,0.17176,0.03770,1,1,0.800,0.800,in_circle
2.491,1,21,0.02142,0.02668,-0.1050,-0.0326,-0.11179,0.16944,0.03580,1,1,0.495,0.464,in_circle
2.535,1,22,0.02156,0.02615,0.0080,-0.0292,-0.10014,0.15636,0.03561,1,1,0.331,0.067,in_circle
2.578,1,23,0.02359,0.02721,0.1115,0.0581,-0.07072,0.12134,0.03788,1,1,-0.123,0.054,in_circle
2.624,1,24,0.02593,0.02838,0.1287,0.0649,-0.02537,0.06793,0.04048,1,1,-0.543,-0.299,in_circle
2.667,1,25,0.02926,0.03041,0.1831,0.1113,0.00852,0.01115,0.04438,1,1,-0.617,-0.329,in_circle
2.712,1,26,0.03210,0.03224,0.1565,0.1005,0.03750,-0.03080,0.04776,0,1,-0.800,-0.508,running
2.756,1,27,0.03437,0.03280,0.1246,0.0311,0.06727,-0.07201,0.04997,0,1,-0.716,-0.463,running
2.801,1,28,0.03465,0.03212,0.0153,-0.0372,0.08330,-0.10254,0.04984,0,1,-0.600,-0.210,running
2.843,1,29,0.03272,0.03012,-0.1059,-0.1101,0.07398,-0.11812,0.04716,0,1,-0.209,0.037,running
2.887,1,30,0.02934,0.02657,-0.1858,-0.1951,0.03927,-0.09667,0.04246,1,1,0.248,0.320,in_circle
2.932,1,31,0.02446,0.02354,-0.2688,-0.1670,-0.00292,-0.03839,0.03672,1,1,0.597,0.686,in_circle
2.983,1,32,0.02446,0.02354,0.0000,0.0000,-0.03920,0.03719,0.03672,0,0,0.800,0.602,in_circle
3.020,1,33,0.01230,0.01689,-0.6687,-0.3655,-0.07004,0.09253,0.02286,1,1,-0.114,-0.066,in_circle
3.064,1,34,0.00775,0.01515,-0.2501,-0.0959,-0.09348,0.12213,0.01804,1,1,0.800,0.800,in_circle
3.107,1,35,0.00440,0.01364,-0.1845,-0.0832,-0.07668,0.11829,0.01439,1,1,0.800,0.337,in_circle
3.152,1,36,0.00153,0.01367,-0.1576,0.0017,-0.07575,0.11121,0.01208,1,1,0.672,0.290,in_circle
3.195,1,37,-0.00052,0.01439,-0.1129,0.0398,-0.07381,0.11423,0.01111,1,1,0.571,-0.050,in_circle
3.239,1,38,-0.00149,0.01519,-0.0536,0.0443,-0.03371,0.12115,0.01115,1,1,0.397,-0.205,in_circle
3.283,1,39,-0.00100,0.01673,0.0270,0.0842,0.00058,0.10934,0.01270,1,1,0.162,-0.225,in_circle
3.329,1,40,0.00013,0.01733,0.0626,0.0332,0.02878,0.08769,0.01383,1,1,-0.162,-0.389,in_circle
3.372,1,41,0.00259,0.01817,0.1350,0.0460,0.05515,0.04394,0.01600,1,1,-0.307,-0.187,in_circle
3.415,1,42,0.00403,0.01743,0.0793,-0.0404,0.06904,-0.00362,0.01645,1,1,-0.604,-0.241,in_circle
3.459,1,43,0.00532,0.01666,0.0709,-0.0426,0.04554,-0.06370,0.01690,1,1,-0.385,0.106,in_circle
3.504,1,44,0.00500,0.01537,-0.0176,-0.0709,0.01287,-0.11668,0.01586,1,1,-0.355,0.116,in_circle
3.547,1,45,0.00268,0.01362,-0.1274,-0.0960,-0.01158,-0.13078,0.01296,1,1,-0.001,0.233,in_circle
3.636,1,46,-0.00781,0.01014,-0.5774,-0.1916,-0.08697,-0.02929,0.00414,1,1,0.443,0.337,in_circle
3.680,1,47,-0.01469,0.00911,-0.3780,-0.0563,-0.09285,0.02808,0.00756,1,1,0.800,0.728,in_circle
3.723,1,48,-0.02022,0.00979,-0.3047,0.0371,-0.10098,0.03914,0.01299,1,1,0.800,0.189,in_circle
3.768,1,49,-0.02687,0.01214,-0.3654,0.1293,-0.11069,0.04378,0.02003,1,1,0.800,-0.187,in_circle
3.811,1,50,-0.03245,0.01568,-0.3069,0.1945,-0.10930,0.07765,0.02648,1,1,0.800,-0.562,in_circle
3.856,1,51,-0.03754,0.01887,-0.2800,0.1757,-0.08591,0.12894,0.03241,1,1,0.800,-0.800,in_circle
3.899,1,52,-0.04155,0.02397,-0.2205,0.2805,-0.04241,0.17763,0.03824,1,1,0.800,-0.765,in_circle
3.944,1,53,-0.04390,0.02927,-0.1292,0.2914,-0.00664,0.17857,0.04295,1,1,0.800,-0.800,in_circle
3.988,1,54,-0.04430,0.03409,-0.0223,0.2650,0.01969,0.17208,0.04606,0,1,0.564,-0.800,running
4.033,1,55,-0.04305,0.03730,0.0689,0.1770,0.05983,0.17295,0.04714,0,1,0.155,-0.800,running
4.076,1,56,-0.03962,0.03958,0.1885,0.1252,0.08894,0.15548,0.04627,0,1,-0.185,-0.781,running
4.121,1,57,-0.03457,0.04161,0.2778,0.1114,0.09889,0.10704,0.04455,1,1,-0.646,-0.600,in_circle
4.163,1,58,-0.02993,0.04065,0.2556,-0.0524,0.08979,0.04023,0.04111,1,1,-0.800,-0.560,in_circle
4.209,1,59,-0.02441,0.03793,0.3032,-0.1499,0.06301,-0.02492,0.03599,1,1,-0.800,0.080,in_circle
4.253,1,60,-0.01989,0.03430,0.2491,-0.1994,0.02390,-0.06528,0.03077,1,1,-0.800,0.479,in_circle
4.297,1,61,-0.01653,0.03012,0.1848,-0.2298,-0.01262,-0.08687,0.02565,1,1,-0.800,0.685,in_circle
4.339,1,62,-0.01499,0.02703,0.0844,-0.1703,-0.03646,-0.09237,0.02222,1,1,-0.742,0.800,in_circle
4.384,1,63,-0.01500,0.02391,-0.0002,-0.1716,-0.07323,-0.08559,0.01930,1,1,-0.344,0.585,in_circle
4.427,1,64,-0.01706,0.02143,-0.1136,-0.1363,-0.10128,-0.06286,0.01800,1,1,-0.005,0.597,in_circle
4.473,1,65,-0.01996,0.01997,-0.1592,-0.0800,-0.09568,-0.02026,0.01852,1,1,0.454,0.461,in_circle
4.516,1,66,-0.02317,0.01968,-0.1768,-0.0161,-0.10180,0.04855,0.02058,1,1,0.644,0.239,in_circle
4.562,1,67,-0.02636,0.02125,-0.1757,0.0861,-0.07790,0.11083,0.02402,1,1,0.723,-0.016,in_circle
4.606,1,68,-0.02833,0.02399,-0.1080,0.1509,-0.03329,0.15105,0.02730,1,1,0.727,-0.430,in_circle
4.656,1,69,-0.02895,0.02678,-0.0343,0.1532,0.00197,0.17066,0.02965,1,1,0.462,-0.696,in_circle
4.691,1,70,-0.02763,0.02956,0.0725,0.1534,0.02874,0.17551,0.03080,1,1,0.170,-0.714,in_circle
4.735,1,71,-0.02560,0.03195,0.1118,0.1312,0.06120,0.16191,0.03147,1,1,-0.259,-0.722,in_circle
4.779,1,72,-0.02178,0.03281,0.2099,0.0472,0.08350,0.12324,0.03024,1,1,-0.421,-0.641,in_circle
4.824,1,73,-0.01647,0.03231,0.2923,-0.0276,0.09208,0.07164,0.02770,1,1,-0.800,-0.308,in_circle
4.868,1,74,-0.01063,0.03127,0.3211,-0.0572,0.07362,0.00687,0.02542,1,1,-0.800,-0.009,in_circle
4.912,1,75,-0.00587,0.02921,0.2622,-0.1129,0.04113,-0.05134,0.02329,1,1,-0.800,0.111,in_circle
4.955,1,76,-0.00362,0.02530,0.1235,-0.2155,0.00146,-0.08109,0.01974,1,1,-0.800,0.338,in_circle
5.000,1,77,-0.00177,0.02151,0.1018,-0.2080,-0.03045,-0.10211,0.01665,1,1,-0.522,0.757,in_circle
5.043,1,78,-0.00133,0.01861,0.0240,-0.1594,-0.06255,-0.10147,0.01418,1,1,-0.440,0.736,in_circle
5.088,1,79,-0.00357,0.01665,-0.1231,-0.1082,-0.09848,-0.07640,0.01146,1,1,-0.130,0.549,in_circle
5.132,1,80,-0.00676,0.01544,-0.1752,-0.0665,-0.10288,-0.02401,0.00949,1,1,0.464,0.348,in_circle
5.176,1,81,-0.00989,0.01587,-0.1725,0.0239,-0.10481,0.03308,0.01009,1,1,0.680,0.184,in_circle
5.220,1,82,-0.01308,0.01649,-0.1754,0.0339,-0.07830,0.08961,0.01174,1,1,0.677,-0.179,in_circle
5.266,1,83,-0.01626,0.01841,-0.1749,0.1058,-0.02914,0.13874,0.01502,1,1,0.697,-0.221,in_circle
5.308,1,84,-0.01787,0.02053,-0.0885,0.1167,0.00087,0.16761,0.01768,1,1,0.703,-0.514,in_circle
5.352,1,85,-0.01763,0.02217,0.0131,0.0898,0.02974,0.17606,0.01892,1,1,0.362,-0.564,in_circle
5.395,1,86,-0.01657,0.02425,0.0581,0.1146,0.06601,0.16804,0.02025,1,1,-0.045,-0.461,in_circle
5.440,1,87,-0.01349,0.02465,0.1696,0.0220,0.08379,0.14505,0.01950,1,1,-0.227,-0.566,in_circle
5.483,1,88,-0.00931,0.02422,0.2296,-0.0239,0.06688,0.10173,0.01828,1,1,-0.680,-0.197,in_circle
5.528,1,89,-0.00416,0.02246,0.2835,-0.0964,0.05865,0.04614,0.01686,1,1,-0.800,-0.014,in_circle
5.571,1,90,0.00113,0.02047,0.2907,-0.1095,0.03506,-0.01166,0.01700,1,1,-0.800,0.280,in_circle
5.661,1,91,0.00714,0.01531,0.3308,-0.2838,-0.04481,-0.09728,0.01760,1,1,-0.800,0.336,in_circle
5.704,1,92,0.00811,0.01269,0.0533,-0.1441,-0.03913,-0.10764,0.01726,1,1,-0.800,0.800,in_circle
5.747,1,93,0.00686,0.01022,-0.0687,-0.1360,-0.05883,-0.10104,0.01525,1,1,-0.271,0.493,in_circle
5.792,1,94,0.00483,0.00955,-0.1115,-0.0369,-0.10019,-0.08705,0.01312,1,1,0.219,0.467,in_circle
5.835,1,95,0.00013,0.00949,-0.2586,-0.0029,-0.08367,-0.05427,0.00867,1,1,0.395,0.072,in_circle
5.880,1,96,-0.00490,0.01112,-0.2767,0.0893,-0.08661,-0.00241,0.00588,1,1,0.800,-0.064,in_circle
5.923,1,97,-0.01016,0.01303,-0.2893,0.1053,-0.06598,0.06739,0.00742,1,1,0.800,-0.437,in_circle
5.968,1,98,-0.01447,0.01559,-0.2372,0.1404,-0.01533,0.12439,0.01168,1,1,0.800,-0.506,in_circle
6.012,1,99,-0.01872,0.01836,-0.2337,0.1528,0.01724,0.16139,0.01650,1,1,0.800,-0.654,in_circle
6.056,1,100,-0.02091,0.02026,-0.1201,0.1044,0.04424,0.17529,0.01937,1,1,0.800,-0.711,in_circle
6.098,1,101,-0.02155,0.02225,-0.0353,0.1093,0.08604,0.17144,0.02129,1,1,0.495,-0.522,in_circle
6.143,1,102,-0.02001,0.02217,0.0845,-0.0041,0.09984,0.15752,0.02027,1,1,0.158,-0.547,in_circle
6.186,1,103,-0.01734,0.02145,0.1472,-0.0397,0.06721,0.13581,0.01816,1,1,-0.325,-0.094,in_circle
6.232,1,104,-0.01405,0.02126,0.1806,-0.0106,0.03877,0.09523,0.01649,1,1,-0.582,0.049,in_circle
6.276,1,105,-0.01028,0.01948,0.2077,-0.0977,0.00425,0.02769,0.01371,1,1,-0.723,-0.067,in_circle
6.320,1,106,-0.00693,0.01645,0.1841,-0.1666,-0.02788,-0.03776,0.01049,1,1,-0.800,0.285,in_circle
6.363,1,107,-0.00369,0.01491,0.1781,-0.0849,-0.04828,-0.07931,0.00981,1,1,-0.755,0.567,in_circle
6.408,1,108,-0.00244,0.01415,0.0689,-0.0420,-0.06893,-0.10033,0.00975,1,1,-0.739,0.244,in_circle
6.450,1,109,-0.00314,0.01388,-0.0385,-0.0145,-0.09913,-0.10279,0.00916,1,1,-0.306,0.074,in_circle
6.496,1,110,-0.00499,0.01481,-0.1016,0.0509,-0.07565,-0.08524,0.00925,1,1,0.125,-0.036,in_circle
6.539,1,111,-0.00832,0.01670,-0.1835,0.1041,-0.04192,-0.04786,0.01071,1,1,0.382,-0.300,in_circle
6.584,1,112,-0.01283,0.01919,-0.2479,0.1371,-0.00606,0.01136,0.01412,1,1,0.718,-0.518,in_circle
6.628,1,113,-0.01657,0.02065,-0.2054,0.0802,0.03139,0.07354,0.01707,1,1,0.800,-0.657,in_circle
6.672,1,114,-0.02117,0.02187,-0.2533,0.0668,0.06175,0.12740,0.02075,1,1,0.800,-0.434,in_circle
6.716,1,115,-0.02489,0.02242,-0.2043,0.0303,0.09192,0.16471,0.02370,1,1,0.800,-0.384,in_circle
6.760,1,116,-0.02656,0.02191,-0.0921,-0.0276,0.06836,0.17873,0.02460,1,1,0.800,-0.240,in_circle
6.803,1,117,-0.02589,0.02099,0.0368,-0.0507,0.02526,0.17254,0.02350,1,1,0.401,-0.007,in_circle
6.848,1,118,-0.02356,0.01930,0.1281,-0.0931,-0.00598,0.15584,0.02062,1,1,-0.116,0.086,in_circle
6.891,1,119,-0.01955,0.01808,0.2205,-0.0672,-0.03525,0.13063,0.01685,1,1,-0.486,0.260,in_circle
6.935,1,120,-0.01526,0.01778,0.2363,-0.0164,-0.07472,0.08619,0.01394,1,1,-0.800,0.159,in_circle
6.979,1,121,-0.01086,0.01768,0.2417,-0.0053,-0.10064,0.02018,0.01208,1,1,-0.800,-0.044,in_circle
7.025,1,122,-0.00584,0.01881,0.2763,0.0616,-0.09136,-0.04299,0.01295,1,1,-0.800,-0.089,in_circle
7.067,1,123,-0.00218,0.02108,0.2012,0.1252,-0.05329,-0.08046,0.01609,1,1,-0.800,-0.360,in_circle
7.113,1,124,0.00103,0.02376,0.1766,0.1473,-0.01634,-0.09635,0.01983,1,1,-0.800,-0.621,in_circle
7.155,1,125,0.00032,0.02568,-0.0388,0.1056,0.01295,-0.09553,0.02129,1,1,-0.741,-0.716,in_circle
7.201,1,126,-0.00081,0.02792,-0.0625,0.1235,0.04790,-0.07649,0.02301,1,1,0.122,-0.555,in_circle
7.243,1,127,-0.00328,0.03018,-0.1357,0.1243,0.08091,-0.03990,0.02460,1,1,0.219,-0.634,in_circle
7.289,1,128,-0.00755,0.03050,-0.2348,0.0173,0.07237,0.01239,0.02450,1,1,0.518,-0.643,in_circle
7.332,1,129,-0.01091,0.03032,-0.1848,-0.0097,0.06247,0.07402,0.02452,1,1,0.800,-0.217,in_circle
7.375,1,130,-0.01447,0.02774,-0.1960,-0.1419,0.05197,0.13338,0.02274,1,1,0.733,-0.110,in_circle
7.419,1,131,-0.01692,0.02530,-0.1348,-0.1341,0.01489,0.16394,0.02135,1,1,0.788,0.424,in_circle
7.463,1,132,-0.01738,0.02206,-0.0250,-0.1785,-0.02807,0.17637,0.01870,1,1,0.549,0.398,in_circle
7.509,1,133,-0.01626,0.01965,0.0615,-0.1327,-0.05370,0.16492,0.01606,1,1,0.112,0.583,in_circle
7.551,1,134,-0.01331,0.01799,0.1623,-0.0910,-0.08905,0.14382,0.01320,1,1,-0.237,0.405,in_circle
7.596,1,135,-0.00974,0.01798,0.1961,-0.0005,-0.11920,0.10177,0.01214,1,1,-0.647,0.242,in_circle
7.684,1,136,-0.00034,0.02043,0.5173,0.1344,-0.06961,-0.01213,0.01624,1,1,-0.791,-0.121,in_circle
7.727,1,137,0.00339,0.02326,0.2051,0.1559,-0.06602,-0.04660,0.02057,1,1,-0.800,-0.667,in_circle
7.772,1,138,0.00599,0.02697,0.1432,0.2038,-0.04398,-0.04919,0.02510,1,1,-0.800,-0.761,in_circle
7.815,1,139,0.00851,0.03078,0.1383,0.2096,0.00802,-0.04772,0.02966,1,1,-0.620,-0.800,in_circle
7.861,1,140,0.00929,0.03430,0.0429,0.1940,0.04314,-0.05115,0.03306,1,1,-0.608,-0.800,in_circle
7.904,1,141,0.00862,0.03696,-0.0368,0.1459,0.06685,-0.03713,0.03504,1,1,-0.229,-0.800,in_circle
7.948,1,142,0.00721,0.03826,-0.0773,0.0714,0.09659,-0.00995,0.03558,1,1,0.091,-0.760,in_circle
7.993,1,143,0.00499,0.03777,-0.1226,-0.0266,0.09012,0.02995,0.03425,1,1,0.256,-0.466,in_circle
8.036,1,144,0.00270,0.03582,-0.1259,-0.1074,0.07667,0.08158,0.03161,1,1,0.442,-0.075,in_circle
8.079,1,145,0.00180,0.03318,-0.0494,-0.1449,0.04761,0.13669,0.02883,1,1,0.461,0.252,in_circle
8.123,1,146,0.00166,0.02973,-0.0075,-0.1898,0.00403,0.17867,0.02555,1,1,0.156,0.408,in_circle
8.169,1,147,0.00393,0.02619,0.1248,-0.1949,-0.02973,0.18083,0.02335,1,1,-0.012,0.595,in_circle
8.211,1,148,0.00715,0.02270,0.1770,-0.1919,-0.05916,0.15285,0.02241,1,1,-0.547,0.623,in_circle
8.256,1,149,0.01256,0.02041,0.2973,-0.1260,-0.09139,0.11591,0.02494,1,1,-0.764,0.619,in_circle
8.306,1,150,0.01256,0.02041,0.0000,0.0000,-0.11413,0.06658,0.02494,0,0,-0.800,0.361,in_circle
8.388,1,151,0.02935,0.02137,0.9236,0.0529,-0.09186,-0.03028,0.04020,1,1,-0.072,-0.144,in_circle
8.433,1,152,0.03506,0.02348,0.3141,0.1162,-0.06701,-0.06067,0.04629,0,1,-0.800,-0.359,running
8.476,1,153,0.03870,0.02686,0.2001,0.1856,-0.04556,-0.04255,0.05096,0,1,-0.800,-0.595,running
8.519,1,154,0.04071,0.03027,0.1106,0.1876,-0.02998,-0.01682,0.05424,0,1,-0.800,-0.800,running
8.565,1,155,0.04194,0.03373,0.0675,0.1902,0.01695,-0.02311,0.05694,0,1,-0.565,-0.800,running
8.608,1,156,0.04190,0.03610,-0.0022,0.1307,0.05800,-0.03276,0.05810,0,1,-0.423,-0.800,running
8.653,1,157,0.04064,0.03805,-0.0690,0.1070,0.08235,-0.02751,0.05808,0,1,-0.196,-0.645,running
8.695,1,158,0.03863,0.03851,-0.1109,0.0254,0.09732,0.00485,0.05668,0,1,0.025,-0.576,running
8.741,1,159,0.03592,0.03754,-0.1491,-0.0533,0.07526,0.05554,0.05391,0,1,0.176,-0.311,running
8.783,1,160,0.03351,0.03565,-0.1321,-0.1042,0.03684,0.11280,0.05085,0,1,0.333,-0.036,running
8.828,1,161,0.03262,0.03245,-0.0491,-0.1758,-0.00468,0.15508,0.04831,0,1,0.303,0.161,running
8.871,1,162,0.03303,0.02905,0.0226,-0.1870,-0.03251,0.17729,0.04689,0,1,0.018,0.446,running
8.917,1,163,0.03496,0.02654,0.1057,-0.1380,-0.06673,0.16696,0.04743,0,1,-0.246,0.509,running
8.960,1,164,0.03791,0.02462,0.1624,-0.1056,-0.10140,0.13025,0.04936,0,1,-0.562,0.329,running
9.005,1,165,0.04257,0.02384,0.2562,-0.0431,-0.11502,0.07951,0.05343,0,1,-0.774,0.204,running
9.047,1,166,0.04713,0.02352,0.2512,-0.0175,-0.08649,0.03044,0.05766,0,1,-0.800,-0.032,running
9.093,1,167,0.04928,0.02510,0.1182,0.0871,-0.05728,-0.02343,0.06019,0,1,-0.800,-0.127,running
9.136,1,168,0.05162,0.02628,0.1288,0.0645,-0.02075,-0.06605,0.06279,0,1,-0.634,-0.472,running
9.181,1,169,0.05319,0.02811,0.0864,0.1008,0.01734,-0.09561,0.06488,0,1,-0.674,-0.400,running
9.223,1,170,0.05209,0.02849,-0.0605,0.0210,0.04931,-0.10214,0.06398,0,1,-0.550,-0.514,running
9.268,1,171,0.04952,0.02796,-0.1417,-0.0296,0.06105,-0.07153,0.06138,0,1,-0.102,-0.277,running
9.311,1,172,0.04581,0.02688,-0.2038,-0.0593,0.06309,-0.02351,0.05753,0,1,0.174,-0.116,running
9.357,1,173,0.04137,0.02404,-0.2442,-0.1560,0.04052,0.02908,0.05238,0,1,0.422,-0.006,running
9.399,1,174,0.03546,0.02064,-0.3252,-0.1869,-0.00290,0.07485,0.04567,0,1,0.631,0.358,running
9.444,1,175,0.03023,0.01807,-0.2875,-0.1416,-0.03636,0.12114,0.03990,1,1,0.800,0.532,in_circle
9.488,1,176,0.02668,0.01479,-0.1955,-0.1805,-0.06431,0.15451,0.03558,1,1,0.800,0.403,in_circle
9.533,1,177,0.02454,0.01335,-0.1174,-0.0790,-0.09846,0.17837,0.03317,1,1,0.619,0.566,in_circle
9.577,1,178,0.02468,0.01293,0.0077,-0.0234,-0.10059,0.16953,0.03321,1,1,0.310,0.164,in_circle
9.621,1,179,0.02554,0.01199,0.0471,-0.0514,-0.09953,0.16099,0.03387,1,1,-0.192,-0.058,in_circle
9.709,1,180,0.03321,0.01466,0.4216,0.1467,-0.04591,0.09399,0.04191,1,1,-0.355,0.056,in_circle
9.751,1,181,0.03815,0.01667,0.2718,0.1107,-0.03528,0.04474,0.04717,0,1,-0.800,-0.733,running
9.796,1,182,0.04363,0.01909,0.3016,0.1332,-0.02856,0.03012,0.05307,0,1,-0.800,-0.577,running
9.840,1,183,0.04786,0.02153,0.2326,0.1340,0.02359,0.01208,0.05779,0,1,-0.800,-0.640,running
9.885,1,184,0.05087,0.02258,0.1656,0.0576,0.06686,-0.02884,0.06097,0,1,-0.800,-0.630,running
9.928,1,185,0.05328,0.02332,0.1325,0.0407,0.08373,-0.07789,0.06349,0,1,-0.800,-0.379,running
9.972,1,186,0.05381,0.02191,0.0291,-0.0777,0.09281,-0.11012,0.06363,0,1,-0.726,-0.327,running
10.016,1,187,0.05315,0.01897,-0.0363,-0.1613,0.06321,-0.11939,0.06232,0,1,-0.415,0.040,running
10.061,1,188,0.05035,0.01561,-0.1542,-0.1848,0.02056,-0.09396,0.05894,0,1,-0.210,0.315,running
10.103,1,189,0.04538,0.01157,-0.2733,-0.2225,-0.01381,-0.04747,0.05347,0,1,0.195,0.426,running
10.149,1,190,0.03907,0.00706,-0.3469,-0.2478,-0.04391,0.01912,0.04688,0,1,0.671,0.612,running
10.200,1,191,0.03907,0.00706,0.0000,0.0000,-0.07950,0.07744,0.04688,0,0,0.800,0.780,running
10.240,1,192,0.02738,0.00046,-0.6428,-0.3633,-0.11730,0.11805,0.03562,1,1,-0.245,-0.143,in_circle
10.281,1,193,0.02235,-0.00134,-0.2768,-0.0991,-0.11674,0.13975,0.03103,1,1,0.800,0.800,in_circle
10.324,1,194,0.01792,-0.00304,-0.2437,-0.0931,-0.11565,0.14665,0.02726,1,1,0.800,0.275,in_circle
10.368,1,195,0.01550,-0.00264,-0.1330,0.0221,-0.11811,0.13508,0.02485,1,1,0.796,0.256,in_circle
10.413,1,196,0.01395,-0.00103,-0.0850,0.0884,-0.10505,0.13154,0.02286,1,1,0.358,-0.206,in_circle
10.456,1,197,0.01525,0.00036,0.0715,0.0764,-0.07710,0.13145,0.02373,1,1,0.169,-0.475,in_circle
10.501,1,198,0.01674,0.00194,0.0819,0.0871,-0.03783,0.11125,0.02487,1,1,-0.461,-0.430,in_circle
10.543,1,199,0.02028,0.00316,0.1946,0.0670,-0.00303,0.05993,0.02822,1,1,-0.508,-0.476,in_circle
10.588,1,200,0.02294,0.00428,0.1462,0.0616,0.03162,0.00052,0.03079,1,1,-0.800,-0.399,in_circle
10.632,1,201,0.02553,0.00478,0.1425,0.0274,0.06137,-0.05250,0.03335,1,1,-0.783,-0.380,in_circle
10.678,1,202,0.02601,0.00345,0.0261,-0.0733,0.06995,-0.09770,0.03390,1,1,-0.777,-0.245,in_circle
10.721,1,203,0.02569,0.00139,-0.0173,-0.1130,0.05111,-0.12358,0.03381,1,1,-0.314,0.162,in_circle
10.765,1,204,0.02378,-0.00192,-0.1053,-0.1824,0.02946,-0.11609,0.03255,1,1,-0.141,0.326,in_circle
10.808,1,205,0.02041,-0.00485,-0.1850,-0.1612,-0.01627,-0.08792,0.03023,1,1,0.215,0.612,in_circle
10.852,1,206,0.01400,-0.00850,-0.3526,-0.2006,-0.05263,-0.03417,0.02618,1,1,0.541,0.535,in_circle
10.895,1,207,0.00733,-0.01101,-0.3672,-0.1378,-0.08094,0.03245,0.02276,1,1,0.800,0.702,in_circle
10.941,1,208,0.00123,-0.01242,-0.3354,-0.0779,-0.10541,0.08975,0.02052,1,1,0.800,0.458,in_circle
10.983,1,209,-0.00441,-0.01240,-0.3100,0.0014,-0.11688,0.12702,0.01871,1,1,0.800,0.223,in_circle
11.030,1,210,-0.00903,-0.01195,-0.2539,0.0246,-0.09144,0.15359,0.01799,1,1,0.800,-0.093,in_circle
11.076,1,211,-0.01279,-0.01103,-0.2070,0.0508,-0.06296,0.16868,0.01774,1,1,0.800,-0.186,in_circle
11.121,1,212,-0.01413,-0.00929,-0.0738,0.0958,-0.03160,0.17001,0.01655,1,1,0.710,-0.293,in_circle
11.163,1,213,-0.01465,-0.00789,-0.0283,0.0767,0.00400,0.16112,0.01549,1,1,0.181,-0.476,in_circle
11.207,1,214,-0.01268,-0.00623,0.1082,0.0914,0.03772,0.14676,0.01317,1,1,0.000,-0.403,in_circle
11.251,1,215,-0.00987,-0.00665,0.1545,-0.0231,0.06627,0.10359,0.01282,1,1,-0.550,-0.465,in_circle
11.293,1,216,-0.00753,-0.00814,0.1288,-0.0819,0.07281,0.04014,0.01414,1,1,-0.743,-0.006,in_circle
11.337,1,217,-0.00472,-0.01074,0.1547,-0.1430,0.06126,-0.01874,0.01702,1,1,-0.646,0.233,in_circle
11.380,1,218,-0.00273,-0.01475,0.1091,-0.2204,0.04425,-0.05678,0.02136,1,1,-0.756,0.485,in_circle
11.424,1,219,-0.00063,-0.01856,0.1159,-0.2099,-0.00254,-0.08566,0.02559,1,1,-0.579,0.800,in_circle
11.469,1,220,-0.00246,-0.02293,-0.1010,-0.2403,-0.04322,-0.09529,0.02942,1,1,-0.612,0.775,in_circle
11.513,1,221,-0.00527,-0.02732,-0.1545,-0.2411,-0.06857,-0.08341,0.03341,1,1,0.260,0.800,in_circle
11.556,1,222,-0.00971,-0.03118,-0.2440,-0.2125,-0.09981,-0.03879,0.03723,1,1,0.481,0.800,in_circle
11.601,1,223,-0.01462,-0.03355,-0.2699,-0.1305,-0.10874,0.02033,0.04013,1,1,0.800,0.800,in_circle
11.643,1,224,-0.01947,-0.03506,-0.2668,-0.0831,-0.11926,0.07217,0.04269,1,1,0.800,0.500,in_circle
11.731,1,225,-0.02937,-0.03412,-0.5445,0.0520,-0.10606,0.14337,0.04555,0,1,0.800,0.315,running
11.777,1,226,-0.03162,-0.03273,-0.1239,0.0765,-0.09690,0.15846,0.04547,1,1,0.800,-0.200,in_circle
11.822,1,227,-0.03218,-0.02951,-0.0307,0.1769,-0.07455,0.16089,0.04307,1,1,0.407,-0.295,in_circle
11.865,1,228,-0.03097,-0.02600,0.0665,0.1931,-0.02406,0.16028,0.03951,1,1,0.058,-0.703,in_circle
11.908,1,229,-0.02838,-0.02267,0.1423,0.1833,0.00928,0.14853,0.03529,1,1,-0.334,-0.800,in_circle
11.952,1,230,-0.02473,-0.02057,0.2007,0.1155,0.03260,0.10881,0.03150,1,1,-0.642,-0.771,in_circle
11.996,1,231,-0.02108,-0.01857,0.2009,0.1099,0.07201,0.05244,0.02793,1,1,-0.800,-0.504,in_circle
12.041,1,232,-0.01725,-0.01789,0.2107,0.0372,0.09451,-0.00385,0.02569,1,1,-0.800,-0.485,in_circle
12.083,1,233,-0.01370,-0.01785,0.1953,0.0020,0.06010,-0.05299,0.02457,1,1,-0.800,-0.195,in_circle
12.128,1,234,-0.01078,-0.01960,0.1603,-0.0961,0.02673,-0.09500,0.02578,1,1,-0.800,-0.053,in_circle
12.172,1,235,-0.01008,-0.02213,0.0387,-0.1393,-0.00233,-0.11699,0.02823,1,1,-0.756,0.345,in_circle
12.217,1,236,-0.01258,-0.02383,-0.1374,-0.0934,-0.03772,-0.10836,0.03021,1,1,-0.271,0.525,in_circle
12.261,1,237,-0.01597,-0.02605,-0.1869,-0.1219,-0.07692,-0.07319,0.03308,1,1,0.440,0.347,in_circle
12.303,1,238,-0.02015,-0.02721,-0.2297,-0.0641,-0.10275,-0.02137,0.03544,1,1,0.646,0.468,in_circle
12.348,1,239,-0.02666,-0.02694,-0.3580,0.0151,-0.09664,0.03468,0.03796,1,1,0.800,0.241,in_circle
12.391,1,240,-0.03278,-0.02629,-0.3368,0.0358,-0.09145,0.07774,0.04083,1,1,0.800,-0.075,in_circle
12.436,1,241,-0.03822,-0.02458,-0.2992,0.0939,-0.06947,0.11760,0.04314,1,1,0.800,-0.156,in_circle
12.480,1,242,-0.04207,-0.02226,-0.2116,0.1277,-0.02689,0.15201,0.04442,1,1,0.800,-0.377,in_circle
12.523,1,243,-0.04537,-0.02037,-0.1815,0.1038,0.01356,0.17993,0.04590,0,1,0.786,-0.504,running
12.569,1,244,-0.04611,-0.01779,-0.0406,0.1420,0.03801,0.18362,0.04509,1,1,0.673,-0.409,in_circle
12.612,1,245,-0.04548,-0.01691,0.0347,0.0483,0.06995,0.17304,0.04410,1,1,0.147,-0.564,in_circle
12.657,1,246,-0.04307,-0.01700,0.1326,-0.0047,0.06522,0.14450,0.04210,1,1,-0.142,-0.213,in_circle
12.702,1,247,-0.03989,-0.01777,0.1748,-0.0423,0.05964,0.09855,0.03993,1,1,-0.537,-0.010,in_circle
12.744,1,248,-0.03619,-0.01957,0.2033,-0.0993,0.04911,0.04950,0.03821,1,1,-0.727,0.141,in_circle
12.789,1,249,-0.03248,-0.02223,0.2041,-0.1463,0.00489,-0.01111,0.03750,1,1,-0.800,0.375,in_circle
12.832,1,250,-0.02988,-0.02533,0.1430,-0.1701,-0.03345,-0.06462,0.03833,1,1,-0.800,0.571,in_circle
12.877,1,251,-0.02842,-0.02840,0.0805,-0.1692,-0.05869,-0.10046,0.04011,1,1,-0.622,0.675,in_circle
12.921,1,252,-0.02874,-0.02994,-0.0179,-0.0843,-0.09065,-0.12026,0.04159,1,1,-0.374,0.680,in_circle
12.964,1,253,-0.03093,-0.03109,-0.1205,-0.0633,-0.09753,-0.10190,0.04371,1,1,0.021,0.344,in_circle
13.007,1,254,-0.03467,-0.03115,-0.2058,-0.0035,-0.10245,-0.04900,0.04585,0,1,0.424,0.264,running
13.053,1,255,-0.03882,-0.02995,-0.2283,0.0657,-0.10197,0.01437,0.04749,0,1,0.749,0.039,running
13.095,1,256,-0.04440,-0.02759,-0.3064,0.1298,-0.07459,0.06577,0.04968,0,1,0.800,-0.216,running
13.140,1,257,-0.04974,-0.02463,-0.2941,0.1628,-0.03041,0.11225,0.05194,0,1,0.800,-0.443,running
13.184,1,258,-0.05380,-0.02180,-0.2232,0.1558,0.00246,0.14750,0.05375,0,1,0.800,-0.552,running
13.228,1,259,-0.05649,-0.01910,-0.1480,0.1488,0.03134,0.16846,0.05478,0,1,0.800,-0.521,running
13.273,1,260,-0.05739,-0.01708,-0.0493,0.1107,0.06782,0.17735,0.05470,0,1,0.570,-0.497,running
13.316,1,261,-0.05735,-0.01697,0.0022,0.0065,0.07524,0.16877,0.05461,0,1,0.239,-0.373,running
13.362,1,262,-0.05577,-0.01788,0.0868,-0.0502,0.05999,0.14671,0.05359,0,1,0.065,-0.017,running
13.405,1,263,-0.05273,-0.01993,0.1674,-0.1128,0.03689,0.10496,0.05187,0,1,-0.233,0.182,running
13.448,1,264,-0.04968,-0.02198,0.1680,-0.1130,-0.00660,0.05045,0.05037,0,1,-0.535,0.411,running
13.493,1,265,-0.04556,-0.02474,0.2264,-0.1514,-0.04145,-0.00708,0.04869,0,1,-0.558,0.424,running
13.535,1,266,-0.04323,-0.02686,0.1279,-0.1168,-0.06552,-0.05724,0.04833,0,1,-0.796,0.579,running
13.585,1,267,-0.04151,-0.02806,0.0948,-0.0659,-0.09606,-0.09385,0.04792,0,1,-0.444,0.461,running
13.624,1,268,-0.04202,-0.02878,-0.0279,-0.0398,-0.09348,-0.11255,0.04879,0,1,-0.328,0.280,running
13.669,1,269,-0.04458,-0.02778,-0.1406,0.0551,-0.09624,-0.10409,0.04994,0,1,0.127,0.188,running
13.756,1,270,-0.05354,-0.02283,-0.4932,0.2726,-0.04220,0.00044,0.05407,0,1,0.545,-0.154,running
13.801,1,271,-0.05912,-0.01945,-0.3068,0.1856,-0.03205,0.05052,0.05728,0,1,0.800,-0.800,running
13.844,1,272,-0.06463,-0.01534,-0.3031,0.2262,-0.02739,0.05956,0.06070,0,1,0.800,-0.583,running
13.889,1,273,-0.07007,-0.01223,-0.2992,0.1711,0.03345,0.07118,0.06488,0,1,0.800,-0.695,running
13.932,1,274,-0.07452,-0.01000,-0.2446,0.1225,0.06638,0.10597,0.06861,0,1,0.800,-0.498,running
13.979,1,275,-0.07855,-0.00902,-0.2217,0.0540,0.07512,0.15319,0.07232,0,1,0.800,-0.339,running
14.019,1,276,-0.08150,-0.00904,-0.1623,-0.0016,0.05981,0.18342,0.07522,0,1,0.800,-0.135,running
14.064,1,277,-0.08262,-0.01037,-0.0619,-0.0726,0.02324,0.18097,0.07659,0,1,0.681,0.018,running
14.108,1,278,-0.08260,-0.01229,0.0012,-0.1059,-0.01399,0.16835,0.07701,0,1,0.431,0.205,running
14.151,1,279,-0.08097,-0.01426,0.0900,-0.1082,-0.04172,0.14845,0.07592,0,1,0.276,0.298,running
14.196,1,280,-0.07807,-0.01604,0.1596,-0.0977,-0.07536,0.10848,0.07364,0,1,0.040,0.316,running
14.239,1,281,-0.07456,-0.01729,0.1931,-0.0691,-0.10045,0.04435,0.07070,0,1,-0.170,0.305,running
14.284,1,282,-0.07179,-0.01769,0.1522,-0.0219,-0.09890,-0.01574,0.06823,0,1,-0.304,0.240,running
14.328,1,283,-0.07019,-0.01752,0.0877,0.0096,-0.08340,-0.05594,0.06668,0,1,-0.222,0.111,running
14.372,1,284,-0.07002,-0.01587,0.0094,0.0906,-0.05284,-0.08049,0.06595,0,1,-0.050,0.018,running
14.417,1,285,-0.06991,-0.01458,0.0060,0.0710,-0.01202,-0.07599,0.06543,0,1,0.179,-0.228,running
14.461,1,286,-0.07131,-0.01381,-0.0771,0.0422,0.02518,-0.04136,0.06653,0,1,0.190,-0.176,running
14.504,1,287,-0.07404,-0.01323,-0.1502,0.0321,0.04733,0.02177,0.06898,0,1,0.446,-0.089,running
14.548,1,288,-0.07713,-0.01319,-0.1696,0.0019,0.04849,0.08122,0.07193,0,1,0.667,-0.056,running
14.592,1,289,-0.08004,-0.01392,-0.1601,-0.0402,0.02217,0.12958,0.07494,0,1,0.728,0.034,running
14.637,1,290,-0.08256,-0.01515,-0.1385,-0.0672,-0.01705,0.16437,0.07769,0,1,0.709,0.151,running
14.681,1,291,-0.08326,-0.01679,-0.0386,-0.0905,-0.04922,0.18150,0.07883,0,1,0.662,0.223,running
14.725,1,292,-0.08178,-0.01802,0.0812,-0.0677,-0.08168,0.16775,0.07778,0,1,0.422,0.286,running
14.767,1,293,-0.07948,-0.01886,0.1264,-0.0462,-0.10126,0.14839,0.07587,0,1,0.118,0.238,running
14.813,1,294,-0.07581,-0.01883,0.2020,0.0019,-0.09409,0.12170,0.07240,0,1,-0.018,0.191,running
14.856,1,295,-0.07202,-0.01767,0.2083,0.0636,-0.07368,0.07916,0.06845,0,1,-0.265,0.064,running
14.900,1,296,-0.06772,-0.01661,0.2365,0.0583,-0.04465,0.01270,0.06405,0,1,-0.340,-0.122,running
14.944,1,297,-0.06407,-0.01464,0.2011,0.1082,0.00014,-0.04196,0.05993,0,1,-0.490,-0.125,running
14.989,1,298,-0.06162,-0.01374,0.1344,0.0499,0.03566,-0.08134,0.05733,0,1,-0.438,-0.305,running
15.031,1,299,-0.06054,-0.01352,0.0596,0.0121,0.05310,-0.09517,0.05624,0,1,-0.251,-0.128,running
15.078,1,300,-0.06101,-0.01407,-0.0260,-0.0307,0.06511,-0.08145,0.05687,0,1,-0.011,-0.005,running
15.121,1,301,-0.06179,-0.01594,-0.0429,-0.1029,0.04038,-0.05041,0.05828,0,1,0.281,0.141,running
15.166,1,302,-0.06415,-0.01814,-0.1296,-0.1207,-0.00829,0.00885,0.06130,0,1,0.343,0.384,running
15.208,1,303,-0.06698,-0.02092,-0.1559,-0.1531,-0.04000,0.06100,0.06502,0,1,0.630,0.440,running
15.253,1,304,-0.06970,-0.02318,-0.1492,-0.1240,-0.06633,0.11025,0.06843,0,1,0.713,0.536,running
15.295,1,305,-0.07204,-0.02454,-0.1289,-0.0751,-0.10120,0.14715,0.07113,0,1,0.696,0.446,running
15.340,1,306,-0.07267,-0.02501,-0.0347,-0.0257,-0.11962,0.17156,0.07190,0,1,0.645,0.309,running
15.384,1,307,-0.07250,-0.02517,0.0097,-0.0087,-0.10201,0.16797,0.07181,0,1,0.392,0.177,running
15.428,1,308,-0.07045,-0.02417,0.1125,0.0549,-0.08207,0.15433,0.06954,0,1,0.273,0.132,running
15.472,1,309,-0.06778,-0.02270,0.1468,0.0806,-0.03806,0.13438,0.06650,0,1,-0.030,-0.053,running
15.517,1,310,-0.06365,-0.02117,0.2275,0.0842,-0.00470,0.09636,0.06211,0,1,-0.162,-0.144,running
15.562,1,311,-0.05935,-0.01999,0.2362,0.0651,0.02628,0.04291,0.05773,0,1,-0.465,-0.180,running
15.605,1,312,-0.05529,-0.01952,0.2235,0.0261,0.04939,-0.01917,0.05391,0,1,-0.557,-0.141,running
15.649,1,313,-0.05195,-0.02026,0.1837,-0.0409,0.05487,-0.07131,0.05137,0,1,-0.571,-0.021,running
15.692,1,314,-0.05018,-0.02094,0.0973,-0.0376,0.03759,-0.10631,0.05022,0,1,-0.467,0.214,running
15.781,1,315,-0.05187,-0.02490,-0.0931,-0.2178,-0.03494,-0.07787,0.05383,0,1,-0.169,0.207,running
15.824,1,316,-0.05503,-0.02643,-0.1739,-0.0839,-0.03915,-0.04074,0.05729,0,1,0.517,0.800,running
15.869,1,317,-0.05908,-0.02774,-0.2227,-0.0723,-0.04779,-0.00945,0.06139,0,1,0.791,0.380,running
15.912,1,318,-0.06386,-0.02890,-0.2626,-0.0638,-0.10200,0.01448,0.06603,0,1,0.800,0.342,running
15.956,1,319,-0.06942,-0.02854,-0.3062,0.0197,-0.08579,0.06210,0.07065,0,1,0.800,0.318,running
15.999,1,320,-0.07450,-0.02818,-0.2793,0.0198,-0.06036,0.11890,0.07495,0,1,0.800,0.082,running
16.044,1,321,-0.07876,-0.02670,-0.2339,0.0817,-0.04979,0.16538,0.07813,0,1,0.800,0.093,running
16.088,1,322,-0.08148,-0.02559,-0.1497,0.0607,-0.01139,0.18580,0.08017,0,1,0.800,-0.058,running
16.133,1,323,-0.08263,-0.02462,-0.0635,0.0536,0.01975,0.17677,0.08085,0,1,0.764,-0.001,running
16.177,1,324,-0.08208,-0.02388,0.0302,0.0408,0.03051,0.16906,0.08007,0,1,0.567,0.016,running
16.221,1,325,-0.08020,-0.02428,0.1036,-0.0219,0.03111,0.15692,0.07847,0,1,0.342,0.041,running
16.264,1,326,-0.07712,-0.02475,0.1691,-0.0263,0.00927,0.12282,0.07584,0,1,0.149,0.194,running
16.310,1,327,-0.07396,-0.02553,0.1743,-0.0428,-0.02285,0.05776,0.07329,0,1,-0.050,0.207,running
16.353,1,328,-0.07031,-0.02642,0.2004,-0.0487,-0.05647,-0.01389,0.07042,0,1,-0.100,0.254,running
16.396,1,329,-0.06729,-0.02715,0.1661,-0.0405,-0.08497,-0.06261,0.06811,0,1,-0.214,0.276,running
16.440,1,330,-0.06574,-0.02711,0.0854,0.0022,-0.08947,-0.07712,0.06673,0,1,-0.151,0.257,running
16.485,1,331,-0.06556,-0.02553,0.0100,0.0871,-0.08159,-0.06534,0.06580,0,1,0.069,0.134,running
16.530,1,332,-0.06664,-0.02354,-0.0598,0.1096,-0.06874,-0.03852,0.06584,0,1,0.289,-0.125,running
16.573,1,333,-0.06841,-0.02098,-0.0974,0.1405,-0.03526,0.01097,0.06635,0,1,0.503,-0.197,running
16.616,1,334,-0.07061,-0.01821,-0.1208,0.1528,0.00601,0.06782,0.06731,0,1,0.623,-0.294,running
16.661,1,335,-0.07251,-0.01587,-0.1047,0.1282,0.04021,0.11781,0.06831,0,1,0.702,-0.333,running
16.704,1,336,-0.07342,-0.01423,-0.0499,0.0902,0.06977,0.15526,0.06867,0,1,0.664,-0.263,running
16.749,1,337,-0.07345,-0.01438,-0.0018,-0.0082,0.07319,0.18439,0.06875,0,1,0.514,-0.158,running
16.821,1,338,-0.07197,-0.01538,0.0817,-0.0551,0.04392,0.18145,0.06764,0,1,0.380,0.124,running
16.881,1,339,-0.06510,-0.01960,0.3779,-0.2317,-0.02624,0.11592,0.06275,0,1,0.134,0.265,running
16.925,1,340,-0.05989,-0.02202,0.2866,-0.1335,-0.03470,0.07441,0.05915,0,1,-0.800,0.800,running
16.968,1,341,-0.05447,-0.02476,0.2980,-0.1505,-0.05256,0.04393,0.05589,0,1,-0.620,0.554,running
17.013,1,342,-0.04915,-0.02643,0.2927,-0.0920,-0.08727,0.01541,0.05255,0,1,-0.720,0.634,running
17.056,1,343,-0.04444,-0.02703,0.2591,-0.0330,-0.09472,-0.01859,0.04933,0,1,-0.764,0.451,running
17.100,1,344,-0.04073,-0.02660,0.2035,0.0235,-0.09194,-0.06545,0.04634,0,1,-0.699,0.247,running
17.145,1,345,-0.03865,-0.02525,0.1147,0.0747,-0.07822,-0.10662,0.04391,1,1,-0.536,0.035,in_circle
17.189,1,346,-0.03851,-0.02277,0.0078,0.1364,-0.03517,-0.12029,0.04208,1,1,-0.222,-0.171,in_circle
17.234,1,347,-0.04006,-0.02059,-0.0854,0.1196,0.00509,-0.08718,0.04181,1,1,0.186,-0.426,in_circle
17.277,1,348,-0.04295,-0.01908,-0.1591,0.0835,0.02794,-0.02750,0.04318,1,1,0.557,-0.366,in_circle
17.322,1,349,-0.04734,-0.01758,-0.2410,0.0824,0.06205,0.03863,0.04603,0,1,0.800,-0.221,running
17.365,1,350,-0.05116,-0.01669,-0.2104,0.0489,0.06361,0.08848,0.04894,0,1,0.800,-0.207,running
17.408,1,351,-0.05421,-0.01791,-0.1678,-0.0672,0.02973,0.12140,0.05221,0,1,0.800,-0.074,running
17.451,1,352,-0.05709,-0.01868,-0.1585,-0.0421,-0.00521,0.15088,0.05512,0,1,0.800,0.349,running
17.496,1,353,-0.05849,-0.02040,-0.0769,-0.0948,-0.03908,0.16715,0.05715,0,1,0.800,0.263,running
17.540,1,354,-0.05852,-0.02188,-0.0014,-0.0817,-0.07457,0.16762,0.05788,0,1,0.574,0.444,running
17.584,1,355,-0.05714,-0.02254,0.0755,-0.0363,-0.08842,0.15580,0.05701,0,1,0.329,0.405,running
17.628,1,356,-0.05439,-0.02270,0.1517,-0.0086,-0.09685,0.13526,0.05472,0,1,0.069,0.260,running
17.672,1,357,-0.05088,-0.02171,0.1925,0.0544,-0.09345,0.09684,0.05123,0,1,-0.211,0.167,running
17.716,1,358,-0.04722,-0.02060,0.2017,0.0609,-0.06032,0.03103,0.04755,0,1,-0.394,-0.063,running
17.804,1,359,-0.04075,-0.01646,0.3558,0.2278,0.01398,-0.07521,0.03988,1,1,-0.471,-0.100,in_circle
17.849,1,360,-0.03914,-0.01467,0.0885,0.0986,0.01265,-0.08599,0.03754,1,1,-0.800,-0.800,in_circle
17.894,1,361,-0.03981,-0.01357,-0.0370,0.0602,0.02928,-0.07600,0.03752,1,1,-0.111,-0.292,in_circle
17.937,1,362,-0.04256,-0.01351,-0.1512,0.0035,0.07855,-0.07550,0.03986,1,1,0.394,-0.141,in_circle
17.980,1,363,-0.04588,-0.01446,-0.1824,-0.0523,0.05374,-0.07188,0.04323,1,1,0.800,0.087,in_circle
18.024,1,364,-0.05036,-0.01550,-0.2463,-0.0570,-0.00960,-0.04350,0.04768,0,1,0.800,0.310,running
18.069,1,365,-0.05584,-0.01756,-0.3014,-0.1136,-0.03416,0.01367,0.05350,0,1,0.800,0.326,running
18.113,1,366,-0.06161,-0.01905,-0.3178,-0.0819,-0.05340,0.08285,0.05936,0,1,0.800,0.523,running
18.156,1,367,-0.06727,-0.02074,-0.3111,-0.0929,-0.09117,0.13925,0.06521,0,1,0.800,0.407,running
18.200,1,368,-0.07195,-0.02136,-0.2572,-0.0342,-0.11459,0.17157,0.06974,0,1,0.800,0.436,running
18.245,1,369,-0.07482,-0.02113,-0.1580,0.0129,-0.10474,0.17154,0.07230,0,1,0.800,0.263,running
18.289,1,370,-0.07649,-0.01975,-0.0916,0.0760,-0.08633,0.16392,0.07335,0,1,0.800,0.136,running
18.332,1,371,-0.07664,-0.01796,-0.0085,0.0982,-0.06060,0.15827,0.07289,0,1,0.717,-0.035,running
18.376,1,372,-0.07525,-0.01589,0.0762,0.1139,-0.02343,0.14275,0.07092,0,1,0.498,-0.103,running
18.419,1,373,-0.07291,-0.01385,0.1291,0.1119,0.01659,0.10324,0.06807,0,1,0.255,-0.164,running
18.465,1,374,-0.07028,-0.01289,0.1444,0.0528,0.04659,0.05269,0.06528,0,1,0.078,-0.181,running
18.508,1,375,-0.06800,-0.01226,0.1252,0.0347,0.05912,-0.00150,0.06291,0,1,0.002,-0.023,running
18.553,1,376,-0.06610,-0.01311,0.1047,-0.0468,0.04602,-0.04519,0.06135,0,1,0.034,0.025,running
18.596,1,377,-0.06532,-0.01435,0.0427,-0.0679,0.02134,-0.07042,0.06102,0,1,0.082,0.281,running
18.642,1,378,-0.06567,-0.01643,-0.0192,-0.1147,-0.02355,-0.06299,0.06207,0,1,0.275,0.354,running
18.684,1,379,-0.06689,-0.01814,-0.0669,-0.0937,-0.05595,-0.02363,0.06383,0,1,0.477,0.506,running
18.729,1,380,-0.06845,-0.01927,-0.0860,-0.0625,-0.08591,0.03727,0.06571,0,1,0.633,0.444,running
18.772,1,381,-0.07165,-0.01990,-0.1760,-0.0346,-0.11484,0.09201,0.06891,0,1,0.699,0.351,running
18.817,1,382,-0.07368,-0.01973,-0.1113,0.0093,-0.10339,0.13672,0.07072,0,1,0.800,0.272,running
18.861,1,383,-0.07478,-0.01860,-0.0604,0.0621,-0.08055,0.16719,0.07135,0,1,0.794,0.150,running
18.904,1,384,-0.07457,-0.01680,0.0114,0.0991,-0.05131,0.18168,0.07055,0,1,0.661,0.003,running
18.950,1,385,-0.07242,-0.01484,0.1183,0.1080,-0.01728,0.17466,0.06789,0,1,0.463,-0.109,running
18.992,1,386,-0.06891,-0.01291,0.1928,0.1064,0.02143,0.16717,0.06397,0,1,0.139,-0.155,running
19.037,1,387,-0.06434,-0.01180,0.2516,0.0606,0.04878,0.13918,0.05927,0,1,-0.130,-0.177,running
19.080,1,388,-0.05938,-0.01166,0.2724,0.0080,0.05972,0.09010,0.05452,0,1,-0.383,-0.057,running
19.124,1,389,-0.05317,-0.01207,0.3419,-0.0226,0.04454,0.02394,0.04883,0,1,-0.530,0.107,running
19.167,1,390,-0.04759,-0.01299,0.3070,-0.0508,0.01740,-0.03822,0.04409,1,1,-0.800,0.214,in_circle
19.213,1,391,-0.04360,-0.01422,0.2191,-0.0672,-0.02011,-0.07790,0.04112,1,1,-0.800,0.326,in_circle
19.256,1,392,-0.04073,-0.01641,0.1581,-0.1204,-0.05583,-0.10118,0.03983,1,1,-0.534,0.398,in_circle
19.302,1,393,-0.03948,-0.01729,0.0686,-0.0484,-0.08412,-0.11458,0.03932,1,1,-0.308,0.619,in_circle
19.344,1,394,-0.03987,-0.01701,-0.0217,0.0155,-0.09567,-0.09959,0.03947,1,1,0.049,0.334,in_circle
19.389,1,395,-0.04255,-0.01531,-0.1473,0.0935,-0.10315,-0.05425,0.04076,1,1,0.412,0.079,in_circle
19.431,1,396,-0.04603,-0.01302,-0.1915,0.1255,-0.10526,0.00873,0.04271,1,1,0.800,-0.233,in_circle
19.476,1,397,-0.04952,-0.00971,-0.1918,0.1824,-0.07753,0.07082,0.04458,1,1,0.800,-0.353,in_circle
19.520,1,398,-0.05393,-0.00573,-0.2428,0.2189,-0.03260,0.12422,0.04760,0,1,0.800,-0.568,running
19.564,1,399,-0.05694,-0.00180,-0.1654,0.2162,0.00099,0.15468,0.04976,0,1,0.800,-0.689,running
19.609,1,400,-0.05853,0.00140,-0.0872,0.1759,0.02881,0.16789,0.05093,0,1,0.800,-0.671,running
19.652,1,401,-0.05860,0.00339,-0.0042,0.1095,0.06672,0.17058,0.05087,0,1,0.722,-0.526,running
19.697,1,402,-0.05694,0.00358,0.0912,0.0103,0.08196,0.16013,0.04920,0,1,0.428,-0.296,running
19.741,1,403,-0.05399,0.00226,0.1626,-0.0724,0.06113,0.14057,0.04634,0,1,0.075,0.057,running
19.828,1,404,-0.04552,-0.00436,0.4659,-0.3645,-0.00570,0.04036,0.03911,1,1,-0.214,0.369,in_circle
19.872,1,405,-0.04123,-0.00833,0.2356,-0.2180,-0.00941,-0.00805,0.03637,1,1,-0.800,0.800,in_circle
19.917,1,406,-0.03779,-0.01254,0.1895,-0.2319,-0.01968,-0.01741,0.03526,1,1,-0.590,0.800,in_circle
19.960,1,407,-0.03472,-0.01713,0.1689,-0.2522,-0.07929,-0.02442,0.03549,1,1,-0.414,0.800,in_circle
20.006,1,408,-0.03275,-0.01975,0.1080,-0.1441,-0.10691,-0.04525,0.03586,1,1,-0.338,0.800,in_circle
20.049,1,409,-0.03198,-0.02182,0.0427,-0.1140,-0.10455,-0.04961,0.03686,1,1,-0.098,0.732,in_circle
20.093,1,410,-0.03300,-0.02238,-0.0566,-0.0305,-0.10849,-0.02204,0.03795,1,1,0.163,0.618,in_circle
20.136,1,411,-0.03423,-0.02259,-0.0672,-0.0116,-0.10839,0.02360,0.03893,1,1,0.563,0.287,in_circle
20.181,1,412,-0.03547,-0.02123,-0.0683,0.0748,-0.09749,0.07220,0.03882,1,1,0.610,0.213,in_circle
20.224,1,413,-0.03612,-0.01950,-0.0359,0.0951,-0.06092,0.12579,0.03811,1,1,0.619,-0.135,in_circle
20.268,1,414,-0.03617,-0.01592,-0.0025,0.1967,-0.02015,0.17228,0.03585,1,1,0.492,-0.219,in_circle
20.313,1,415,-0.03505,-0.01280,0.0616,0.1714,0.00896,0.18416,0.03311,1,1,0.360,-0.634,in_circle
20.356,1,416,-0.03200,-0.01056,0.1675,0.1232,0.03934,0.16967,0.02933,1,1,0.102,-0.539,in_circle
20.399,1,417,-0.02780,-0.00955,0.2312,0.0560,0.07761,0.13967,0.02533,1,1,-0.329,-0.352,in_circle
20.445,1,418,-0.02223,-0.00911,0.3061,0.0241,0.07354,0.10082,0.02089,1,1,-0.593,-0.084,in_circle
20.488,1,419,-0.01636,-0.00950,0.3231,-0.0214,0.03832,0.05008,0.01770,1,1,-0.800,0.043,in_circle
20.533,1,420,-0.01025,-0.01141,0.3362,-0.1053,0.00547,-0.01085,0.01758,1,1,-0.800,0.226,in_circle
20.576,1,421,-0.00524,-0.01353,0.2754,-0.1166,-0.02434,-0.06302,0.01970,1,1,-0.800,0.568,in_circle
20.621,1,422,-0.00133,-0.01530,0.2151,-0.0971,-0.06230,-0.09981,0.02226,1,1,-0.800,0.619,in_circle
20.665,1,423,0.00068,-0.01568,0.1104,-0.0210,-0.09263,-0.11277,0.02328,1,1,-0.594,0.546,in_circle
20.709,1,424,0.00021,-0.01623,-0.0259,-0.0304,-0.09603,-0.10238,0.02363,1,1,-0.181,0.244,in_circle
20.753,1,425,-0.00184,-0.01581,-0.1125,0.0232,-0.09936,-0.07114,0.02261,1,1,0.366,0.284,in_circle
20.797,1,426,-0.00540,-0.01396,-0.1962,0.1017,-0.09152,-0.01638,0.02010,1,1,0.717,0.069,in_circle
20.840,1,427,-0.00951,-0.01113,-0.2257,0.1556,-0.05864,0.04134,0.01722,1,1,0.800,-0.249,in_circle
20.885,1,428,-0.01384,-0.00840,-0.2381,0.1504,-0.02596,0.09709,0.01561,1,1,0.800,-0.471,in_circle
20.929,1,429,-0.01758,-0.00528,-0.2058,0.1714,0.01000,0.14309,0.01493,1,1,0.800,-0.456,in_circle
20.973,1,430,-0.01985,-0.00305,-0.1246,0.1228,0.04468,0.17050,0.01507,1,1,0.800,-0.547,in_circle
21.016,1,431,-0.02049,-0.00221,-0.0354,0.0459,0.06663,0.17979,0.01512,1,1,0.800,-0.358,in_circle
21.060,1,432,-0.02027,-0.00295,0.0121,-0.0403,0.07485,0.17251,0.01535,1,1,0.457,-0.052,in_circle
21.105,1,433,-0.01766,-0.00453,0.1435,-0.0871,0.04944,0.15539,0.01443,1,1,0.267,0.295,in_circle
21.148,1,434,-0.01455,-0.00733,0.1713,-0.1540,0.00796,0.12614,0.01494,1,1,-0.265,0.486,in_circle
21.193,1,435,-0.00972,-0.01104,0.2653,-0.2041,-0.02220,0.07856,0.01715,1,1,-0.383,0.762,in_circle
21.235,1,436,-0.00575,-0.01503,0.2187,-0.2193,-0.05305,0.01217,0.02113,1,1,-0.771,0.800,in_circle
21.281,1,437,-0.00210,-0.01799,0.2008,-0.1627,-0.08624,-0.04899,0.02466,1,1,-0.595,0.800,in_circle
21.325,1,438,0.00061,-0.01924,0.1491,-0.0691,-0.09767,-0.08640,0.02661,1,1,-0.533,0.800,in_circle
21.369,1,439,0.00166,-0.02041,0.0576,-0.0644,-0.09973,-0.09538,0.02806,1,1,-0.333,0.456,in_circle
21.412,1,440,0.00085,-0.02032,-0.0444,0.0050,-0.10083,-0.07464,0.02771,1,1,0.030,0.441,in_circle
21.456,1,441,-0.00107,-0.01872,-0.1059,0.0879,-0.10349,-0.02888,0.02562,1,1,0.439,0.164,in_circle
21.500,1,442,-0.00380,-0.01709,-0.1500,0.0898,-0.08403,0.02700,0.02344,1,1,0.690,-0.170,in_circle
21.546,1,443,-0.00662,-0.01379,-0.1555,0.1814,-0.04659,0.08084,0.01983,1,1,0.800,-0.181,in_circle
21.590,1,444,-0.00884,-0.00998,-0.1220,0.2099,-0.01095,0.12980,0.01601,1,1,0.800,-0.555,in_circle
21.633,1,445,-0.01001,-0.00638,-0.0639,0.1979,0.02137,0.16536,0.01257,1,1,0.774,-0.678,in_circle
21.676,1,446,-0.00971,-0.00419,0.0164,0.1204,0.05212,0.18726,0.01037,1,1,0.544,-0.638,in_circle
21.721,1,447,-0.00768,-0.00305,0.1116,0.0627,0.08792,0.18744,0.00905,1,1,0.222,-0.333,in_circle
21.771,1,448,-0.00768,-0.00305,0.0000,0.0000,0.08875,0.15779,0.00905,0,0,-0.163,-0.105,in_circle
21.853,1,449,0.00637,-0.01072,0.7728,-0.4222,0.02131,0.05916,0.02192,1,1,0.283,0.147,in_circle
21.896,1,450,0.01148,-0.01464,0.2811,-0.2152,0.01805,0.01908,0.02824,1,1,-0.800,0.800,in_circle
21.941,1,451,0.01768,-0.01899,0.3408,-0.2392,0.00233,0.02361,0.03569,1,1,-0.800,0.800,in_circle
21.985,1,452,0.02327,-0.02418,0.3077,-0.2854,-0.05422,0.02753,0.04331,1,1,-0.800,0.800,in_circle
22.028,1,453,0.02799,-0.02732,0.2595,-0.1732,-0.09261,-0.00551,0.04890,0,1,-0.800,0.800,running
22.077,1,454,0.03112,-0.02963,0.1723,-0.1271,-0.10406,-0.06483,0.05277,0,1,-0.773,0.800,running
22.117,1,455,0.03306,-0.03122,0.1067,-0.0874,-0.09899,-0.11824,0.05528,0,1,-0.448,0.687,running
22.162,1,456,0.03357,-0.03146,0.0277,-0.0131,-0.09597,-0.12159,0.05581,0,1,-0.221,0.551,running
22.204,1,457,0.03186,-0.03108,-0.0941,0.0212,-0.09553,-0.09676,0.05429,0,1,0.043,0.302,running
22.249,1,458,0.02890,-0.02961,-0.1624,0.0804,-0.08211,-0.05550,0.05114,0,1,0.466,0.183,running
22.292,1,459,0.02435,-0.02774,-0.2503,0.1028,-0.03630,0.00108,0.04661,0,1,0.734,-0.039,running
22.337,1,460,0.01903,-0.02554,-0.2929,0.1214,-0.00113,0.06020,0.04140,1,1,0.800,-0.149,in_circle
22.380,1,461,0.01416,-0.02254,-0.2680,0.1647,0.02796,0.11419,0.03601,1,1,0.800,-0.257,in_circle
22.424,1,462,0.01014,-0.02116,-0.2209,0.0760,0.05346,0.15151,0.03255,1,1,0.800,-0.445,in_circle
22.468,1,463,0.00768,-0.02032,-0.1354,0.0460,0.06791,0.17593,0.03054,1,1,0.800,-0.093,in_circle
22.513,1,464,0.00742,-0.02121,-0.0140,-0.0490,0.07185,0.17958,0.03118,1,1,0.767,0.026,in_circle
22.556,1,465,0.00833,-0.02341,0.0500,-0.1207,0.04730,0.16938,0.03354,1,1,0.281,0.410,in_circle
22.601,1,466,0.01015,-0.02562,0.0999,-0.1216,0.00528,0.14912,0.03636,1,1,0.022,0.703,in_circle
22.645,1,467,0.01367,-0.02879,0.1938,-0.1744,-0.02636,0.10469,0.04088,1,1,-0.183,0.714,in_circle
22.688,1,468,0.01821,-0.03157,0.2496,-0.1531,-0.05556,0.04489,0.04570,0,1,-0.562,0.800,running
22.732,1,469,0.02254,-0.03321,0.2383,-0.0900,-0.09225,-0.00919,0.04958,0,1,-0.754,0.800,running
22.777,1,470,0.02596,-0.03506,0.1876,-0.1016,-0.10383,-0.05098,0.05315,0,1,-0.694,0.595,running
22.820,1,471,0.02726,-0.03459,0.0719,0.0257,-0.10364,-0.08120,0.05364,0,1,-0.501,0.638,running
22.866,1,472,0.02769,-0.03404,0.0236,0.0300,-0.09687,-0.10347,0.05351,0,1,-0.105,0.197,running
22.908,1,473,0.02558,-0.03247,-0.1160,0.0865,-0.09613,-0.09508,0.05094,0,1,0.059,0.182,running
22.952,1,474,0.02312,-0.02983,-0.1355,0.1453,-0.07056,-0.04505,0.04733,0,1,0.564,-0.031,running
22.997,1,475,0.01780,-0.02572,-0.2927,0.2259,-0.02420,0.02071,0.04076,1,1,0.664,-0.274,in_circle
23.040,1,476,0.01340,-0.02209,-0.2420,0.2000,0.01168,0.08858,0.03519,1,1,0.800,-0.653,in_circle
23.084,1,477,0.00966,-0.01848,-0.2056,0.1983,0.03912,0.14176,0.03007,1,1,0.800,-0.565,in_circle
23.128,1,478,0.00813,-0.01664,-0.0841,0.1013,0.07100,0.17227,0.02768,1,1,0.800,-0.567,in_circle
23.173,1,479,0.00636,-0.01565,-0.0972,0.0541,0.07696,0.17953,0.02588,1,1,0.544,-0.182,in_circle
23.216,1,480,0.00695,-0.01578,0.0320,-0.0070,0.06209,0.17345,0.02630,1,1,0.600,0.005,in_circle
23.261,1,481,0.00915,-0.01676,0.1210,-0.0537,0.03989,0.15336,0.02837,1,1,0.081,0.251,in_circle
23.304,1,482,0.01124,-0.01881,0.1151,-0.1130,-0.00624,0.11518,0.03128,1,1,-0.281,0.441,in_circle
23.349,1,483,0.01491,-0.02096,0.2017,-0.1179,-0.04274,0.05326,0.03525,1,1,-0.264,0.685,in_circle
23.392,1,484,0.01879,-0.02383,0.2133,-0.1581,-0.06785,-0.00645,0.03996,1,1,-0.620,0.711,in_circle
23.437,1,485,0.02296,-0.02447,0.2294,-0.0350,-0.10191,-0.05218,0.04329,1,1,-0.677,0.800,in_circle
23.480,1,486,0.02562,-0.02455,0.1462,-0.0047,-0.09435,-0.07557,0.04528,1,1,-0.728,0.391,in_circle
23.525,1,487,0.02597,-0.02420,0.0196,0.0196,-0.10156,-0.09499,0.04530,1,1,-0.407,0.278,in_circle
23.568,1,488,0.02487,-0.02222,-0.0608,0.1085,-0.09506,-0.09962,0.04317,1,1,0.070,0.186,in_circle
23.613,1,489,0.02155,-0.01898,-0.1825,0.1786,-0.08290,-0.07874,0.03854,1,1,0.385,-0.167,in_circle
23.656,1,490,0.01738,-0.01516,-0.2292,0.2097,-0.03960,-0.02821,0.03289,1,1,0.800,-0.473,in_circle
23.701,1,491,0.01286,-0.01162,-0.2488,0.1948,-0.00160,0.04581,0.02715,1,1,0.800,-0.605,in_circle
23.744,1,492,0.00894,-0.00765,-0.2155,0.2182,0.02588,0.11331,0.02160,1,1,0.800,-0.554,in_circle
23.789,1,493,0.00499,-0.00542,-0.2171,0.1226,0.05747,0.15081,0.01715,1,1,0.800,-0.657,in_circle
23.877,1,494,0.00208,-0.00339,-0.1604,0.1121,0.07925,0.16732,0.01363,1,1,0.800,-0.279,in_circle
23.921,1,495,0.00316,-0.00448,0.0594,-0.0601,0.08133,0.16459,0.01516,1,1,0.800,-0.242,in_circle
23.967,1,496,0.00619,-0.00688,0.1670,-0.1319,0.05512,0.15960,0.01902,1,1,-0.035,0.450,in_circle
24.009,1,497,0.01035,-0.01052,0.2287,-0.2005,0.01021,0.14767,0.02454,1,1,-0.473,0.744,in_circle
24.054,1,498,0.01535,-0.01390,0.2747,-0.1858,-0.01844,0.11038,0.03052,1,1,-0.731,0.800,in_circle
24.097,1,499,0.02155,-0.01801,0.3413,-0.2260,-0.04789,0.04700,0.03792,1,1,-0.800,0.800,in_circle
24.141,1,500,0.02769,-0.02111,0.3376,-0.1705,-0.08657,-0.00961,0.04466,1,1,-0.800,0.800,in_circle
24.184,1,501,0.03313,-0.02290,0.2994,-0.0984,-0.10625,-0.05394,0.05011,0,1,-0.800,0.800,running
24.228,1,502,0.03677,-0.02361,0.2002,-0.0393,-0.10014,-0.08694,0.05351,0,1,-0.800,0.630,running
24.273,1,503,0.03900,-0.02220,0.1228,0.0775,-0.10048,-0.10317,0.05465,0,1,-0.613,0.421,running
24.316,1,504,0.03989,-0.02041,0.0486,0.0987,-0.09432,-0.09764,0.05451,0,1,-0.351,0.019,running
24.361,1,505,0.03894,-0.01763,-0.0519,0.1528,-0.07773,-0.07306,0.05238,0,1,-0.103,-0.059,running
24.404,1,506,0.03641,-0.01429,-0.1391,0.1836,-0.03540,-0.01821,0.04865,0,1,0.251,-0.268,running
24.449,1,507,0.03359,-0.01086,-0.1552,0.1889,0.00515,0.05411,0.04469,1,1,0.592,-0.416,in_circle
24.492,1,508,0.03054,-0.00703,-0.1677,0.2107,0.03050,0.11247,0.04050,1,1,0.690,-0.478,in_circle
24.536,1,509,0.02859,-0.00490,-0.1075,0.1169,0.06474,0.14530,0.03799,1,1,0.780,-0.610,in_circle
24.580,1,510,0.02859,-0.00319,0.0001,0.0944,0.08198,0.16599,0.03753,1,1,0.547,-0.244,in_circle
24.626,1,511,0.02968,-0.00220,0.0598,0.0542,0.08416,0.17516,0.03836,1,1,0.115,-0.158,in_circle
24.668,1,512,0.03370,-0.00321,0.2213,-0.0554,0.06096,0.16408,0.04251,1,1,-0.128,0.001,in_circle
24.713,1,513,0.03853,-0.00456,0.2654,-0.0742,0.01984,0.13064,0.04751,0,1,-0.769,0.438,running
24.757,1,514,0.04359,-0.00654,0.2787,-0.1090,-0.01532,0.07199,0.05290,0,1,-0.800,0.503,running
24.802,1,515,0.04930,-0.00936,0.3141,-0.1551,-0.04476,0.00821,0.05913,0,1,-0.800,0.618,running
24.845,1,516,0.05372,-0.01028,0.2428,-0.0508,-0.07846,-0.04736,0.06364,0,1,-0.800,0.754,running
24.889,1,517,0.05785,-0.01017,0.2273,0.0061,-0.10030,-0.08384,0.06761,0,1,-0.774,0.415,running
24.932,1,518,0.06040,-0.00961,0.1403,0.0306,-0.10215,-0.09987,0.06997,0,1,-0.722,0.246,running
24.977,1,519,0.06125,-0.00753,0.0468,0.1145,-0.09437,-0.09879,0.07036,0,1,-0.478,0.178,running
25.020,1,520,0.06012,-0.00495,-0.0621,0.1421,-0.08380,-0.07938,0.06880,0,1,-0.223,-0.062,running
25.065,1,521,0.05798,-0.00177,-0.1180,0.1749,-0.04064,-0.03491,0.06623,0,1,0.091,-0.159,running
25.108,1,522,0.05421,0.00134,-0.2071,0.1712,-0.00211,0.03408,0.06219,0,1,0.276,-0.283,running
25.153,1,523,0.05085,0.00341,-0.1852,0.1135,0.02826,0.09868,0.05870,0,1,0.597,-0.313,running
25.195,1,524,0.04757,0.00492,-0.1801,0.0832,0.06001,0.14583,0.05538,0,1,0.574,-0.157,running
25.241,1,525,0.04591,0.00542,-0.0914,0.0275,0.06846,0.16700,0.05371,0,1,0.599,-0.074,running
25.285,1,526,0.04578,0.00533,-0.0072,-0.0052,0.03098,0.16930,0.05358,0,1,0.313,0.110,running
25.329,1,527,0.04629,0.00488,0.0278,-0.0244,-0.00734,0.15787,0.05410,0,1,0.021,0.224,running
25.373,1,528,0.04821,0.00317,0.1059,-0.0943,-0.03471,0.13262,0.05608,0,1,-0.105,0.291,running
25.416,1,529,0.05133,0.00298,0.1717,-0.0104,-0.06644,0.08561,0.05921,0,1,-0.379,0.530,running
25.461,1,530,0.05465,0.00316,0.1826,0.0098,-0.09958,0.01667,0.06252,0,1,-0.600,0.248,running
25.504,1,531,0.05750,0.00353,0.1567,0.0206,-0.10257,-0.04476,0.06535,0,1,-0.636,0.184,running
25.549,1,532,0.05880,0.00474,0.0716,0.0663,-0.08984,-0.08242,0.06662,0,1,-0.561,0.152,running
25.593,1,533,0.05881,0.00629,0.0004,0.0853,-0.06624,-0.09979,0.06661,0,1,-0.315,0.014,running
25.637,1,534,0.05710,0.00808,-0.0943,0.0984,-0.01517,-0.08811,0.06493,0,1,-0.109,-0.047,running
25.681,1,535,0.05294,0.01043,-0.2288,0.1296,0.01539,-0.04731,0.06090,0,1,0.184,-0.099,running
25.725,1,536,0.04842,0.01164,-0.2487,0.0661,0.03798,0.00672,0.05650,0,1,0.651,-0.222,running
25.768,1,537,0.04515,0.01200,-0.1795,0.0200,0.04877,0.06524,0.05329,0,1,0.783,-0.036,running
25.813,1,538,0.03953,0.01117,-0.3094,-0.0458,0.04410,0.11666,0.04761,0,1,0.592,0.115,running
25.901,1,539,0.03179,0.00777,-0.4254,-0.1869,-0.01912,0.17282,0.03963,1,1,0.800,0.357,in_circle
25.944,1,540,0.03137,0.00573,-0.0232,-0.1124,-0.02398,0.16315,0.03917,1,1,0.800,0.800,in_circle
25.989,1,541,0.03230,0.00380,0.0509,-0.1061,-0.03437,0.14794,0.04016,1,1,0.124,0.653,in_circle
26.032,1,542,0.03490,0.00250,0.1432,-0.0710,-0.09394,0.14390,0.04284,1,1,-0.176,0.632,in_circle
26.077,1,543,0.03872,0.00182,0.2103,-0.0379,-0.11070,0.13086,0.04671,0,1,-0.544,0.488,running
26.120,1,544,0.04399,0.00234,0.2896,0.0290,-0.10491,0.08702,0.05192,0,1,-0.793,0.357,running
26.165,1,545,0.04815,0.00415,0.2289,0.0995,-0.09145,0.01473,0.05598,0,1,-0.800,0.112,running
26.209,1,546,0.05235,0.00772,0.2310,0.1961,-0.05388,-0.05167,0.06017,0,1,-0.800,-0.125,running
26.255,1,547,0.05574,0.01084,0.1863,0.1719,-0.00802,-0.09028,0.06372,0,1,-0.800,-0.429,running
26.296,1,548,0.05711,0.01347,0.0756,0.1446,0.02199,-0.10257,0.06534,0,1,-0.689,-0.339,running
26.341,1,549,0.05680,0.01486,-0.0169,0.0762,0.05201,-0.09413,0.06521,0,1,-0.359,-0.257,running
26.385,1,550,0.05404,0.01579,-0.1518,0.0513,0.05288,-0.06925,0.06261,0,1,-0.085,-0.059,running
26.429,1,551,0.05052,0.01542,-0.1940,-0.0207,0.03151,-0.01935,0.05907,0,1,0.350,0.008,running
26.472,1,552,0.04653,0.01476,-0.2195,-0.0360,-0.00166,0.03984,0.05503,0,1,0.529,0.236,running
26.517,1,553,0.04299,0.01357,-0.1943,-0.0655,-0.04023,0.09807,0.05136,0,1,0.670,0.295,running
26.567,1,554,0.04299,0.01357,0.0000,0.0000,-0.07499,0.14027,0.05136,0,0,0.631,0.410,running
26.608,1,555,0.03719,0.01241,-0.3192,-0.0637,-0.10019,0.17032,0.04544,1,1,-0.060,0.177,in_circle
26.648,1,556,0.03594,0.01280,-0.0689,0.0215,-0.11524,0.16920,0.04426,1,1,0.800,0.423,in_circle
26.694,1,557,0.03714,0.01467,0.0662,0.1025,-0.09141,0.15203,0.04577,0,1,0.237,0.099,running
26.736,1,558,0.03914,0.01715,0.1097,0.1366,-0.06990,0.13556,0.04824,0,1,-0.285,-0.211,running
26.781,1,559,0.04168,0.01983,0.1401,0.1472,-0.05641,0.12106,0.05138,0,1,-0.452,-0.335,running
26.825,1,560,0.04556,0.02339,0.2129,0.1963,-0.01466,0.08707,0.05612,0,1,-0.563,-0.366,running
26.869,1,561,0.04940,0.02668,0.2115,0.1809,0.02969,0.02413,0.06083,0,1,-0.800,-0.518,running
26.915,1,562,0.05330,0.02934,0.2145,0.1459,0.05467,-0.04291,0.06541,0,1,-0.792,-0.449,running
26.963,1,563,0.05535,0.03099,0.1129,0.0908,0.08946,-0.08495,0.06792,0,1,-0.793,-0.328,running
27.004,1,564,0.05582,0.03145,0.0256,0.0254,0.08311,-0.10606,0.06852,0,1,-0.497,-0.165,running
27.047,1,565,0.05440,0.03083,-0.0781,-0.0343,0.04086,-0.10805,0.06697,0,1,-0.251,0.021,running
27.091,1,566,0.05148,0.02943,-0.1607,-0.0771,0.00925,-0.08980,0.06374,0,1,0.058,0.197,running
27.133,1,567,0.04637,0.02854,-0.2811,-0.0486,-0.02316,-0.03991,0.05867,0,1,0.339,0.340,running
27.178,1,568,0.04085,0.02759,-0.3032,-0.0521,-0.06582,0.02647,0.05323,0,1,0.793,0.271,running
27.221,1,569,0.03631,0.02708,-0.2500,-0.0282,-0.09479,0.08527,0.04889,0,1,0.800,0.302,running
27.268,1,570,0.03015,0.02798,-0.3387,0.0495,-0.10072,0.12813,0.04386,1,1,0.800,0.229,in_circle
27.310,1,571,0.02498,0.03040,-0.2841,0.1332,-0.08637,0.15930,0.04087,1,1,0.800,-0.062,in_circle
27.355,1,572,0.02188,0.03319,-0.1709,0.1531,-0.06236,0.17353,0.04025,1,1,0.800,-0.404,in_circle
27.397,1,573,0.02122,0.03637,-0.0364,0.1750,-0.02210,0.17273,0.04200,1,1,0.663,-0.494,in_circle
27.442,1,574,0.02153,0.03938,0.0172,0.1654,0.01721,0.16049,0.04443,1,1,0.122,-0.581,in_circle
27.484,1,575,0.02304,0.04136,0.0828,0.1089,0.04298,0.13937,0.04691,0,1,-0.092,-0.540,running
27.530,1,576,0.02595,0.04341,0.1604,0.1127,0.08016,0.09722,0.05038,0,1,-0.344,-0.325,running
27.573,1,577,0.02928,0.04433,0.1828,0.0506,0.08155,0.04469,0.05332,0,1,-0.626,-0.338,running
27.619,1,578,0.03309,0.04399,0.2099,-0.0186,0.04347,-0.01575,0.05581,0,1,-0.702,-0.119,running
27.664,1,579,0.03559,0.04346,0.1372,-0.0288,0.01263,-0.06732,0.05732,0,1,-0.794,0.114,running
27.706,1,580,0.03650,0.04182,0.0505,-0.0902,-0.01750,-0.10492,0.05698,0,1,-0.555,0.143,running
27.749,1,581,0.03540,0.04029,-0.0609,-0.0844,-0.05300,-0.12303,0.05515,0,1,-0.273,0.352,running
27.793,1,582,0.03257,0.03935,-0.1554,-0.0517,-0.08068,-0.10806,0.05236,0,1,0.107,0.346,running
27.838,1,583,0.02836,0.03931,-0.2315,-0.0020,-0.09950,-0.06335,0.04917,0,1,0.458,0.247,running
27.924,1,584,0.01711,0.04290,-0.6188,0.1974,-0.08749,0.06655,0.04452,1,1,0.771,0.075,in_circle
27.971,1,585,0.01094,0.04545,-0.3395,0.1403,-0.07700,0.09837,0.04368,1,1,0.800,-0.689,in_circle
28.014,1,586,0.00608,0.04919,-0.2674,0.2053,-0.05976,0.09488,0.04536,1,1,0.800,-0.483,in_circle
28.058,1,587,0.00109,0.05168,-0.2742,0.1370,-0.01134,0.10251,0.04653,0,1,0.800,-0.735,running
28.102,1,588,-0.00247,0.05475,-0.1959,0.1688,0.02788,0.12177,0.04904,0,1,0.800,-0.482,running
28.145,1,589,-0.00431,0.05726,-0.1011,0.1384,0.05046,0.14044,0.05138,0,1,0.731,-0.601,running
28.189,1,590,-0.00478,0.05825,-0.0258,0.0540,0.05014,0.15117,0.05233,0,1,0.381,-0.493,running
28.234,1,591,-0.00336,0.05800,0.0778,-0.0134,0.05064,0.14504,0.05219,0,1,0.114,-0.199,running
28.277,1,592,-0.00083,0.05624,0.1391,-0.0969,0.04195,0.12568,0.05072,0,1,-0.254,0.036,running
28.323,1,593,0.00293,0.05352,0.2072,-0.1497,0.00017,0.07599,0.04872,0,1,-0.485,0.342,running
28.366,1,594,0.00675,0.05145,0.2100,-0.1140,-0.03585,0.01976,0.04772,0,1,-0.756,0.553,running
28.411,1,595,0.01000,0.04872,0.1785,-0.1500,-0.06591,-0.03516,0.04628,0,1,-0.786,0.434,running
28.453,1,596,0.01230,0.04654,0.1267,-0.1201,-0.09166,-0.07064,0.04525,1,1,-0.689,0.584,in_circle
28.497,1,597,0.01370,0.04525,0.0770,-0.0705,-0.08841,-0.10365,0.04476,1,1,-0.506,0.484,in_circle
28.540,1,598,0.01260,0.04513,-0.0607,-0.0066,-0.09598,-0.11033,0.04413,1,1,-0.323,0.300,in_circle
28.585,1,599,0.01032,0.04568,-0.1253,0.0299,-0.08653,-0.08514,0.04362,1,1,0.205,0.057,in_circle
28.629,1,600,0.00710,0.04714,-0.1772,0.0806,-0.05758,-0.02167,0.04376,1,1,0.461,-0.086,in_circle
28.673,1,601,0.00258,0.04912,-0.2485,0.1089,-0.01598,0.05345,0.04435,1,1,0.669,-0.287,in_circle
28.718,1,602,-0.00179,0.05056,-0.2402,0.0793,0.01972,0.11156,0.04497,1,1,0.800,-0.402,in_circle
28.761,1,603,-0.00561,0.05123,-0.2103,0.0365,0.04486,0.13784,0.04528,1,1,0.800,-0.294,in_circle
28.805,1,604,-0.00819,0.05112,-0.1420,-0.0058,0.07630,0.15695,0.04512,1,1,0.800,-0.135,in_circle
28.848,1,605,-0.00888,0.04954,-0.0377,-0.0869,0.06136,0.17224,0.04355,1,1,0.566,0.024,in_circle
28.894,1,606,-0.00747,0.04707,0.0773,-0.1360,0.02032,0.16972,0.04107,1,1,0.174,0.343,in_circle
28.936,1,607,-0.00487,0.04459,0.1432,-0.1365,-0.01656,0.15295,0.03870,1,1,-0.281,0.555,in_circle
28.981,1,608,-0.00035,0.04161,0.2487,-0.1638,-0.04515,0.10039,0.03638,1,1,-0.555,0.570,in_circle
29.026,1,609,0.00418,0.03976,0.2489,-0.1015,-0.07952,0.03737,0.03583,1,1,-0.800,0.685,in_circle
29.068,1,610,0.00887,0.03812,0.2579,-0.0902,-0.11060,-0.02192,0.03619,1,1,-0.800,0.439,in_circle
29.113,1,611,0.01221,0.03775,0.1838,-0.0208,-0.10439,-0.05517,0.03753,1,1,-0.800,0.396,in_circle
29.158,1,612,0.01463,0.03855,0.1329,0.0445,-0.09146,-0.07637,0.03953,1,1,-0.762,0.118,in_circle
29.200,1,613,0.01501,0.03952,0.0209,0.0530,-0.06836,-0.09133,0.04054,1,1,-0.566,-0.146,in_circle
29.246,1,614,0.01492,0.04132,-0.0048,0.0989,-0.02957,-0.08200,0.04199,1,1,-0.120,-0.184,in_circle
29.289,1,615,0.01222,0.04255,-0.1486,0.0680,0.00603,-0.05735,0.04168,1,1,-0.020,-0.370,in_circle
29.333,1,616,0.00871,0.04522,-0.1928,0.1466,0.03766,0.00122,0.04255,1,1,0.552,-0.254,in_circle
29.377,1,617,0.00439,0.04530,-0.2375,0.0046,0.06401,0.06943,0.04115,1,1,0.727,-0.568,in_circle
29.421,1,618,0.00016,0.04566,-0.2331,0.0193,0.05535,0.12425,0.04045,1,1,0.800,-0.014,in_circle
29.465,1,619,-0.00284,0.04444,-0.1646,-0.0671,0.06606,0.15451,0.03875,1,1,0.800,-0.074,in_circle
29.511,1,620,-0.00409,0.04240,-0.0692,-0.1119,0.05345,0.17108,0.03659,1,1,0.663,0.274,in_circle
29.553,1,621,-0.00368,0.03946,0.0227,-0.1619,0.00607,0.17323,0.03371,1,1,0.285,0.456,in_circle
29.596,1,622,-0.00131,0.03656,0.1301,-0.1596,-0.02961,0.15826,0.03124,1,1,-0.084,0.662,in_circle
29.641,1,623,0.00205,0.03375,0.1852,-0.1543,-0.05198,0.12323,0.02945,1,1,-0.520,0.659,in_circle
29.684,1,624,0.00606,0.03164,0.2203,-0.1160,-0.08978,0.06139,0.02915,1,1,-0.749,0.644,in_circle
29.729,1,625,0.01018,0.03119,0.2267,-0.0247,-0.10507,-0.00287,0.03095,1,1,-0.800,0.495,in_circle
29.774,1,626,0.01430,0.03164,0.2265,0.0242,-0.10350,-0.05194,0.03384,1,1,-0.800,0.130,in_circle
29.818,1,627,0.01753,0.03353,0.1775,0.1041,-0.08848,-0.07673,0.03741,1,1,-0.800,-0.068,in_circle
29.862,1,628,0.01883,0.03548,0.0715,0.1073,-0.06553,-0.09856,0.03972,1,1,-0.761,-0.394,in_circle
29.949,1,629,0.01688,0.04145,-0.1071,0.3286,0.01123,-0.07613,0.04320,1,1,-0.342,-0.414,in_circle
29.993,1,630,0.01327,0.04389,-0.1987,0.1338,0.01153,-0.05032,0.04335,1,1,0.359,-0.800,in_circle
30.036,1,631,0.00903,0.04629,-0.2331,0.1323,0.02485,-0.02770,0.04366,1,1,0.720,-0.533,in_circle
30.081,1,632,0.00407,0.04797,-0.2725,0.0921,0.08056,0.01329,0.04361,1,1,0.800,-0.534,in_circle
30.124,1,633,-0.00135,0.04784,-0.2984,-0.0071,0.06525,0.07307,0.04233,1,1,0.800,-0.385,in_circle
30.170,1,634,-0.00664,0.04632,-0.2907,-0.0834,0.04069,0.12872,0.04034,1,1,0.800,-0.001,in_circle
30.213,1,635,-0.00978,0.04473,-0.1727,-0.0873,0.03222,0.16978,0.03878,1,1,0.800,0.309,in_circle
30.257,1,636,-0.01157,0.04290,-0.0984,-0.1005,-0.01413,0.18511,0.03710,1,1,0.703,0.329,in_circle
30.302,1,637,-0.01137,0.04073,0.0110,-0.1197,-0.05796,0.16740,0.03491,1,1,0.410,0.385,in_circle
30.344,1,638,-0.01002,0.03824,0.0743,-0.1368,-0.08052,0.15775,0.03232,1,1,-0.028,0.466,in_circle
30.389,1,639,-0.00702,0.03714,0.1649,-0.0603,-0.10062,0.12383,0.03115,1,1,-0.284,0.539,in_circle
30.433,1,640,-0.00306,0.03689,0.2177,-0.0141,-0.11011,0.06837,0.03125,1,1,-0.654,0.234,in_circle
30.477,1,641,0.00112,0.03820,0.2301,0.0720,-0.09915,0.00905,0.03341,1,1,-0.800,0.048,in_circle
30.522,1,642,0.00506,0.04075,0.2168,0.1403,-0.07902,-0.04088,0.03705,1,1,-0.800,-0.301,in_circle
30.565,1,643,0.00732,0.04372,0.1242,0.1634,-0.04313,-0.07569,0.04064,1,1,-0.800,-0.582,in_circle
30.609,1,644,0.00845,0.04705,0.0622,0.1830,-0.00081,-0.10067,0.04415,1,1,-0.526,-0.680,in_circle
30.654,1,645,0.00867,0.04975,0.0121,0.1488,0.03055,-0.10195,0.04675,0,1,-0.278,-0.750,running
30.696,1,646,0.00678,0.05202,-0.1039,0.1245,0.06428,-0.07561,0.04827,0,1,-0.088,-0.618,running
30.742,1,647,0.00364,0.05268,-0.1731,0.0365,0.09512,-0.01406,0.04806,0,1,0.342,-0.532,running
30.784,1,648,0.00035,0.05260,-0.1811,-0.0043,0.07995,0.05197,0.04731,0,1,0.606,-0.213,running
30.830,1,649,-0.00316,0.05072,-0.1926,-0.1036,0.04790,0.10471,0.04496,1,1,0.651,-0.063,in_circle
30.873,1,650,-0.00583,0.04837,-0.1470,-0.1293,0.01961,0.13688,0.04241,1,1,0.722,0.324,in_circle
30.917,1,651,-0.00705,0.04536,-0.0674,-0.1652,-0.02219,0.15178,0.03937,1,1,0.571,0.445,in_circle
30.961,1,652,-0.00604,0.04151,0.0558,-0.2119,-0.05215,0.16025,0.03555,1,1,0.270,0.612,in_circle
31.006,1,653,-0.00386,0.03806,0.1201,-0.1897,-0.08419,0.14948,0.03230,1,1,-0.225,0.800,in_circle
31.049,1,654,-0.00056,0.03676,0.1811,-0.0713,-0.11828,0.12250,0.03160,1,1,-0.488,0.725,in_circle
31.093,1,655,0.00327,0.03576,0.2107,-0.0550,-0.11449,0.06285,0.03176,1,1,-0.741,0.253,in_circle
31.137,1,656,0.00664,0.03628,0.1853,0.0282,-0.10856,-0.00082,0.03354,1,1,-0.800,0.189,in_circle
31.182,1,657,0.01004,0.03823,0.1871,0.1071,-0.09927,-0.05049,0.03683,1,1,-0.777,-0.146,in_circle
31.224,1,658,0.01307,0.04135,0.1665,0.1721,-0.08120,-0.08400,0.04105,1,1,-0.793,-0.468,in_circle
31.270,1,659,0.01431,0.04492,0.0685,0.1960,-0.03201,-0.10263,0.04476,1,1,-0.713,-0.732,in_circle
31.314,1,660,0.01309,0.04753,-0.0671,0.1434,0.00293,-0.09764,0.04649,0,1,-0.324,-0.800,running
31.357,1,661,0.00977,0.05096,-0.1824,0.1891,0.03023,-0.07232,0.04828,0,1,0.189,-0.618,running
31.401,1,662,0.00538,0.05362,-0.2418,0.1458,0.06082,-0.02650,0.04941,0,1,0.614,-0.791,running
31.444,1,663,0.00094,0.05458,-0.2443,0.0530,0.06701,0.02820,0.04936,0,1,0.800,-0.638,running
31.489,1,664,-0.00383,0.05458,-0.2623,-0.0003,0.07333,0.08987,0.04874,0,1,0.800,-0.307,running
31.532,1,665,-0.00726,0.05297,-0.1882,-0.0885,0.06159,0.13972,0.04697,0,1,0.800,-0.114,running
31.576,1,666,-0.00943,0.04981,-0.1195,-0.1736,0.02107,0.16929,0.04384,1,1,0.694,0.221,in_circle
31.622,1,667,-0.01015,0.04640,-0.0398,-0.1876,-0.01681,0.18374,0.04047,1,1,0.459,0.573,in_circle
31.665,1,668,-0.00875,0.04235,0.0774,-0.2226,-0.04367,0.17017,0.03637,1,1,0.160,0.666,in_circle
31.710,1,669,-0.00527,0.03873,0.1913,-0.1994,-0.07770,0.13805,0.03283,1,1,-0.312,0.800,in_circle
31.753,1,670,-0.00127,0.03669,0.2201,-0.1123,-0.11273,0.09400,0.03137,1,1,-0.776,0.735,in_circle
31.798,1,671,0.00274,0.03491,0.2200,-0.0975,-0.11033,0.03477,0.03077,1,1,-0.800,0.390,in_circle
31.841,1,672,0.00678,0.03410,0.2225,-0.0445,-0.10842,-0.01932,0.03166,1,1,-0.800,0.334,in_circle
31.886,1,673,0.01067,0.03441,0.2139,0.0168,-0.09805,-0.06076,0.03389,1,1,-0.800,0.123,in_circle
31.975,1,674,0.01329,0.03841,0.1442,0.2201,-0.03300,-0.10173,0.03867,1,1,-0.800,-0.126,in_circle
32.019,1,675,0.01217,0.04142,-0.0619,0.1654,-0.02790,-0.09671,0.04066,1,1,-0.639,-0.800,in_circle
32.064,1,676,0.00966,0.04439,-0.1381,0.1634,-0.01810,-0.08825,0.04217,1,1,0.186,-0.738,in_circle
32.106,1,677,0.00547,0.04695,-0.2302,0.1409,0.03885,-0.06295,0.04305,1,1,0.484,-0.732,in_circle
32.149,1,678,-0.00081,0.04820,-0.3457,0.0689,0.07388,-0.02222,0.04278,1,1,0.800,-0.649,in_circle
32.193,1,679,-0.00727,0.04917,-0.3549,0.0534,0.09005,0.04818,0.04318,1,1,0.800,-0.375,in_circle
32.237,1,680,-0.01337,0.04805,-0.3355,-0.0619,0.08564,0.11198,0.04242,1,1,0.800,-0.320,in_circle
32.282,1,681,-0.01846,0.04515,-0.2803,-0.1593,0.05261,0.15788,0.04058,1,1,0.800,0.132,in_circle
32.329,1,682,-0.02185,0.04104,-0.1861,-0.2261,0.01462,0.17906,0.03775,1,1,0.800,0.533,in_circle
32.372,1,683,-0.02342,0.03686,-0.0868,-0.2299,-0.01957,0.17873,0.03459,1,1,0.770,0.800,in_circle
32.413,1,684,-0.02319,0.03247,0.0128,-0.2414,-0.04769,0.16308,0.03062,1,1,0.377,0.800,in_circle
32.456,1,685,-0.02136,0.02930,0.1008,-0.1744,-0.07826,0.14178,0.02696,1,1,-0.021,0.800,in_circle
32.500,1,686,-0.01796,0.02644,0.1868,-0.1574,-0.11465,0.10461,0.02283,1,1,-0.377,0.633,in_circle
32.545,1,687,-0.01469,0.02530,0.1799,-0.0624,-0.11132,0.05192,0.02050,1,1,-0.729,0.571,in_circle
32.589,1,688,-0.01070,0.02554,0.2196,0.0132,-0.10507,-0.01140,0.01976,1,1,-0.710,0.193,in_circle
32.632,1,689,-0.00741,0.02677,0.1807,0.0673,-0.08740,-0.06200,0.02077,1,1,-0.800,-0.111,in_circle
32.677,1,690,-0.00570,0.02950,0.0942,0.1504,-0.05443,-0.09789,0.02360,1,1,-0.731,-0.331,in_circle
32.721,1,691,-0.00529,0.03294,0.0227,0.1889,-0.00891,-0.11315,0.02705,1,1,-0.389,-0.671,in_circle
32.766,1,692,-0.00630,0.03552,-0.0556,0.1424,0.02263,-0.10158,0.02956,1,1,-0.105,-0.800,in_circle
32.808,1,693,-0.00983,0.03723,-0.1942,0.0939,0.05146,-0.06579,0.03130,1,1,0.211,-0.657,in_circle
32.853,1,694,-0.01442,0.03867,-0.2526,0.0790,0.08400,0.00281,0.03333,1,1,0.774,-0.469,in_circle
32.897,1,695,-0.01977,0.03852,-0.2942,-0.0080,0.07331,0.07263,0.03466,1,1,0.800,-0.414,in_circle
32.942,1,696,-0.02471,0.03783,-0.2714,-0.0382,0.03870,0.11893,0.03604,1,1,0.800,-0.067,in_circle
32.986,1,697,-0.02756,0.03573,-0.1569,-0.1155,0.00252,0.13974,0.03570,1,1,0.800,0.054,in_circle
33.030,1,698,-0.02920,0.03411,-0.0901,-0.0888,-0.02804,0.15155,0.03533,1,1,0.672,0.367,in_circle
33.072,1,699,-0.02981,0.03207,-0.0339,-0.1121,-0.06128,0.15642,0.03413,1,1,0.410,0.263,in_circle
33.119,1,700,-0.02876,0.03055,0.0577,-0.0837,-0.09418,0.14538,0.03229,1,1,0.188,0.360,in_circle
33.160,1,701,-0.02615,0.03060,0.1439,0.0028,-0.09493,0.12023,0.03069,1,1,-0.181,0.249,in_circle
33.205,1,702,-0.02307,0.03127,0.1690,0.0367,-0.08404,0.05972,0.02953,1,1,-0.531,-0.098,in_circle
33.250,1,703,-0.02040,0.03251,0.1471,0.0683,-0.06874,-0.00488,0.02935,1,1,-0.638,-0.236,in_circle
33.293,1,704,-0.01799,0.03512,0.1323,0.1436,-0.02326,-0.05573,0.03085,1,1,-0.557,-0.367,in_circle
33.337,1,705,-0.01613,0.03702,0.1025,0.1042,0.01720,-0.08462,0.03211,1,1,-0.503,-0.676,in_circle
33.382,1,706,-0.01611,0.03945,0.0010,0.1340,0.04212,-0.09189,0.03447,1,1,-0.388,-0.524,in_circle
33.425,1,707,-0.01777,0.04074,-0.0913,0.0709,0.07554,-0.07298,0.03614,1,1,0.018,-0.651,in_circle
33.469,1,708,-0.01984,0.04120,-0.1138,0.0253,0.07087,-0.03013,0.03720,1,1,0.392,-0.404,in_circle
33.513,1,709,-0.02302,0.03993,-0.1750,-0.0698,0.06158,0.02751,0.03719,1,1,0.487,-0.224,in_circle
33.558,1,710,-0.02658,0.03704,-0.1955,-0.1593,0.04848,0.09058,0.03627,1,1,0.741,0.158,in_circle
33.601,1,711,-0.02942,0.03433,-0.1565,-0.1488,0.00007,0.13868,0.03564,1,1,0.800,0.522,in_circle
33.646,1,712,-0.03098,0.03054,-0.0857,-0.2085,-0.03918,0.16967,0.03376,1,1,0.685,0.485,in_circle
33.689,1,713,-0.03083,0.02740,0.0085,-0.1727,-0.05903,0.17751,0.03144,1,1,0.406,0.733,in_circle
33.732,1,714,-0.02903,0.02556,0.0989,-0.1014,-0.09034,0.16453,0.02886,1,1,0.030,0.597,in_circle
33.778,1,715,-0.02519,0.02480,0.2108,-0.0415,-0.11883,0.13531,0.02562,1,1,-0.335,0.315,in_circle
33.821,1,716,-0.02063,0.02580,0.2513,0.0546,-0.10352,0.09736,0.02359,1,1,-0.792,0.077,in_circle
33.866,1,717,-0.01545,0.02771,0.2845,0.1051,-0.08838,0.04273,0.02302,1,1,-0.800,-0.311,in_circle
33.909,1,718,-0.01130,0.03091,0.2286,0.1762,-0.04763,-0.00655,0.02516,1,1,-0.800,-0.519,in_circle
33.997,1,719,-0.00279,0.03749,0.4680,0.3618,0.02167,-0.09281,0.03189,1,1,-0.800,-0.800,in_circle
34.041,1,720,-0.00193,0.04041,0.0473,0.1603,0.02278,-0.11114,0.03490,1,1,-0.800,-0.800,in_circle
34.086,1,721,-0.00249,0.04295,-0.0309,0.1401,0.04147,-0.10179,0.03733,1,1,-0.195,-0.776,in_circle
34.130,1,722,-0.00499,0.04439,-0.1377,0.0791,0.08184,-0.08521,0.03849,1,1,0.119,-0.704,in_circle
34.175,1,723,-0.00884,0.04459,-0.2118,0.0109,0.07938,-0.05185,0.03860,1,1,0.552,-0.465,in_circle
34.218,1,724,-0.01355,0.04380,-0.2587,-0.0432,0.06843,0.00035,0.03824,1,1,0.800,-0.194,in_circle
34.262,1,725,-0.01880,0.04186,-0.2890,-0.1071,0.04522,0.05792,0.03751,1,1,0.800,0.022,in_circle
34.305,1,726,-0.02303,0.03884,-0.2325,-0.1659,0.00097,0.10897,0.03620,1,1,0.800,0.281,in_circle
34.350,1,727,-0.02688,0.03496,-0.2119,-0.2136,-0.03480,0.14962,0.03468,1,1,0.800,0.522,in_circle
34.393,1,728,-0.02904,0.03152,-0.1185,-0.1889,-0.06096,0.17294,0.03320,1,1,0.800,0.722,in_circle
34.437,1,729,-0.02927,0.02897,-0.0128,-0.1406,-0.09996,0.17168,0.03144,1,1,0.539,0.630,in_circle
34.480,1,730,-0.02850,0.02783,0.0423,-0.0624,-0.11995,0.15573,0.03008,1,1,0.118,0.443,in_circle
34.525,1,731,-0.02648,0.02826,0.1111,0.0233,-0.11337,0.14252,0.02905,1,1,-0.104,0.132,in_circle
34.569,1,732,-0.02369,0.02994,0.1536,0.0927,-0.10391,0.10922,0.02873,1,1,-0.383,-0.213,in_circle
34.612,1,733,-0.01954,0.03299,0.2279,0.1675,-0.05977,0.04703,0.02943,1,1,-0.559,-0.496,in_circle
34.658,1,734,-0.01539,0.03648,0.2282,0.1921,-0.01598,-0.02235,0.03141,1,1,-0.800,-0.800,in_circle
34.700,1,735,-0.01273,0.03844,0.1464,0.1078,0.00855,-0.06568,0.03281,1,1,-0.800,-0.800,in_circle
34.745,1,736,-0.01087,0.04197,0.1022,0.1943,0.04544,-0.09002,0.03610,1,1,-0.557,-0.582,in_circle
34.789,1,737,-0.01043,0.04312,0.0246,0.0629,0.07671,-0.09761,0.03721,1,1,-0.385,-0.800,in_circle
34.834,1,738,-0.01134,0.04361,-0.0502,0.0270,0.07006,-0.08643,0.03777,1,1,-0.075,-0.417,in_circle
34.876,1,739,-0.01398,0.04273,-0.1452,-0.0480,0.07998,-0.04247,0.03725,1,1,0.226,-0.276,in_circle
34.922,1,740,-0.01717,0.04059,-0.1754,-0.1180,0.06444,0.02185,0.03583,1,1,0.613,0.024,in_circle
34.966,1,741,-0.02029,0.03779,-0.1716,-0.1541,0.01319,0.07755,0.03415,1,1,0.742,0.308,in_circle
35.009,1,742,-0.02338,0.03333,-0.1698,-0.2452,-0.02340,0.12007,0.03146,1,1,0.736,0.458,in_circle
35.053,1,743,-0.02584,0.02968,-0.1356,-0.2007,-0.04451,0.15407,0.02977,1,1,0.737,0.800,in_circle
35.097,1,744,-0.02524,0.02679,0.0329,-0.1590,-0.08038,0.17198,0.02714,1,1,0.607,0.663,in_circle
35.140,1,745,-0.02399,0.02444,0.0689,-0.1293,-0.11741,0.16808,0.02454,1,1,-0.068,0.502,in_circle
35.184,1,746,-0.02095,0.02367,0.1671,-0.0424,-0.10663,0.15187,0.02203,1,1,-0.214,0.388,in_circle
35.228,1,747,-0.01643,0.02418,0.2487,0.0281,-0.08955,0.11629,0.02012,1,1,-0.614,0.042,in_circle
35.273,1,748,-0.01153,0.02587,0.2693,0.0930,-0.06198,0.06155,0.02022,1,1,-0.800,-0.242,in_circle
35.320,1,749,-0.00640,0.02804,0.2826,0.1194,-0.02131,0.00158,0.02209,1,1,-0.800,-0.507,in_circle
35.361,1,750,-0.00060,0.03065,0.3186,0.1437,0.01589,-0.05131,0.02568,1,1,-0.800,-0.619,in_circle
35.406,1,751,0.00301,0.03322,0.1985,0.1413,0.04751,-0.08961,0.02929,1,1,-0.800,-0.724,in_circle
35.450,1,752,0.00457,0.03320,0.0863,-0.0015,0.07924,-0.10304,0.02988,1,1,-0.800,-0.722,in_circle
35.493,1,753,0.00499,0.03283,0.0227,-0.0204,0.10947,-0.09412,0.02972,1,1,-0.356,-0.152,in_circle
35.538,1,754,0.00376,0.03125,-0.0677,-0.0866,0.09797,-0.07491,0.02777,1,1,-0.103,-0.076,in_circle
35.581,1,755,0.00094,0.02731,-0.1547,-0.2168,0.06956,-0.03193,0.02303,1,1,0.262,0.191,in_circle
35.625,1,756,-0.00284,0.02269,-0.2081,-0.2538,0.02964,0.02286,0.01742,1,1,0.616,0.721,in_circle
35.670,1,757,-0.00597,0.01860,-0.1723,-0.2252,-0.01367,0.07136,0.01273,1,1,0.800,0.800,in_circle
35.713,1,758,-0.00833,0.01474,-0.1296,-0.2122,-0.03967,0.11840,0.00876,1,1,0.704,0.775,in_circle
35.757,1,759,-0.01127,0.01044,-0.1620,-0.2365,-0.07171,0.15514,0.00564,1,1,0.538,0.732,in_circle
35.801,1,760,-0.01178,0.00677,-0.0278,-0.2019,-0.10276,0.17374,0.00405,1,1,0.676,0.800,in_circle
35.844,1,761,-0.01039,0.00442,0.0763,-0.1293,-0.11730,0.15529,0.00304,1,1,0.140,0.711,in_circle
35.890,1,762,-0.00766,0.00387,0.1505,-0.0302,-0.11721,0.13264,0.00213,1,1,-0.279,0.427,in_circle
35.932,1,763,-0.00373,0.00407,0.2158,0.0110,-0.11075,0.11052,0.00450,1,1,-0.583,0.031,in_circle
36.021,1,764,0.00508,0.00758,0.4845,0.1932,-0.04807,0.01977,0.01297,1,1,-0.800,-0.134,in_circle
36.066,1,765,0.00890,0.00943,0.2101,0.1015,-0.03973,-0.02414,0.01704,1,1,-0.800,-0.800,in_circle
36.109,1,766,0.01308,0.01234,0.2300,0.1600,-0.03177,-0.04305,0.02182,1,1,-0.800,-0.509,in_circle
36.154,1,767,0.01594,0.01470,0.1573,0.1302,0.02769,-0.04737,0.02528,1,1,-0.800,-0.751,in_circle
36.197,1,768,0.01728,0.01619,0.0741,0.0815,0.05759,-0.06016,0.02707,1,1,-0.673,-0.638,in_circle
36.242,1,769,0.01729,0.01723,0.0003,0.0576,0.06410,-0.05749,0.02749,1,1,-0.344,-0.447,in_circle
36.285,1,770,0.01612,0.01757,-0.0644,0.0184,0.06961,-0.05022,0.02657,1,1,-0.051,-0.355,in_circle
36.330,1,771,0.01404,0.01763,-0.1145,0.0034,0.03661,-0.02290,0.02474,1,1,0.210,-0.199,in_circle
36.373,1,772,0.01217,0.01681,-0.1029,-0.0452,-0.00502,0.02901,0.02270,1,1,0.415,-0.140,in_circle
36.418,1,773,0.00943,0.01586,-0.1505,-0.0522,-0.03836,0.09745,0.01985,1,1,0.372,0.056,in_circle
36.461,1,774,0.00835,0.01567,-0.0596,-0.0106,-0.06364,0.15358,0.01882,1,1,0.569,0.086,in_circle
36.506,1,775,0.00902,0.01642,0.0371,0.0415,-0.09044,0.17761,0.01979,1,1,0.207,-0.080,in_circle
36.549,1,776,0.01048,0.01746,0.0800,0.0569,-0.08993,0.16637,0.02157,1,1,-0.182,-0.291,in_circle
36.594,1,777,0.01413,0.01907,0.2011,0.0891,-0.05511,0.14884,0.02553,1,1,-0.358,-0.356,in_circle
36.636,1,778,0.01838,0.02101,0.2338,0.1066,-0.01679,0.12453,0.03018,1,1,-0.800,-0.489,in_circle
36.682,1,779,0.02406,0.02363,0.3125,0.1439,0.01422,0.07922,0.03641,1,1,-0.800,-0.565,in_circle
36.724,1,780,0.02994,0.02558,0.3234,0.1073,0.05118,0.02366,0.04252,1,1,-0.800,-0.721,in_circle
36.771,1,781,0.03516,0.02680,0.2869,0.0668,0.08802,-0.03291,0.04773,0,1,-0.800,-0.572,running
36.813,1,782,0.04011,0.02679,0.2725,-0.0003,0.11121,-0.07969,0.05223,0,1,-0.800,-0.410,running
36.858,1,783,0.04295,0.02542,0.1557,-0.0755,0.09031,-0.11078,0.05433,0,1,-0.800,-0.168,running
36.902,1,784,0.04262,0.02190,-0.0180,-0.1933,0.05484,-0.11604,0.05287,0,1,-0.701,0.091,running
36.945,1,785,0.04157,0.01765,-0.0576,-0.2341,0.01476,-0.09572,0.05073,0,1,-0.102,0.518,running
36.990,1,786,0.03830,0.01300,-0.1801,-0.2553,-0.02111,-0.05524,0.04663,0,1,0.048,0.694,running
37.033,1,787,0.03301,0.00833,-0.2905,-0.2573,-0.05171,-0.00244,0.04088,1,1,0.532,0.800,in_circle
37.077,1,788,0.02855,0.00374,-0.2454,-0.2523,-0.08806,0.05579,0.03642,1,1,0.800,0.800,in_circle
37.121,1,789,0.02445,0.00083,-0.2256,-0.1600,-0.11660,0.10667,0.03266,1,1,0.800,0.800,in_circle
37.166,1,790,0.02001,-0.00067,-0.2443,-0.0828,-0.11588,0.14565,0.02860,1,1,0.800,0.546,in_circle
37.208,1,791,0.01903,-0.00138,-0.0536,-0.0390,-0.11679,0.16815,0.02783,1,1,0.800,0.242,in_circle
37.254,1,792,0.01783,-0.00167,-0.0664,-0.0160,-0.10200,0.17003,0.02675,1,1,0.130,0.069,in_circle
37.297,1,793,0.01910,-0.00072,0.0702,0.0527,-0.07322,0.15862,0.02773,1,1,0.183,-0.022,in_circle
37.350,1,794,0.01910,-0.00072,0.0000,0.0000,-0.02800,0.14339,0.02773,0,0,-0.368,-0.299,in_circle
37.431,1,795,0.02821,-0.00010,0.5010,0.0338,0.02890,0.04308,0.03653,1,1,-0.088,-0.088,in_circle
37.473,1,796,0.03266,-0.00040,0.2446,-0.0165,0.03171,-0.01241,0.04096,1,1,-0.800,-0.224,in_circle
37.518,1,797,0.03636,-0.00124,0.2037,-0.0460,0.02063,-0.03152,0.04475,1,1,-0.800,-0.022,in_circle
37.562,1,798,0.03971,-0.00317,0.1839,-0.1063,0.02100,-0.02431,0.04838,0,1,-0.800,0.091,running
37.607,1,799,0.04176,-0.00481,0.1129,-0.0905,-0.01091,-0.04395,0.05073,0,1,-0.800,0.313,running
37.648,1,800,0.04265,-0.00618,0.0490,-0.0751,-0.05683,-0.07469,0.05190,0,1,-0.586,0.253,running
37.694,1,801,0.04208,-0.00730,-0.0314,-0.0614,-0.08687,-0.08268,0.05162,0,1,-0.363,0.200,running
37.737,1,802,0.03950,-0.00730,-0.1419,-0.0001,-0.09097,-0.06477,0.04914,0,1,-0.079,0.156,running
37.781,1,803,0.03541,-0.00674,-0.2252,0.0306,-0.07433,-0.01504,0.04505,1,1,0.337,-0.061,in_circle
37.825,1,804,0.03128,-0.00526,-0.2271,0.0813,-0.04733,0.04934,0.04067,1,1,0.696,-0.182,in_circle
37.869,1,805,0.02802,-0.00360,-0.1794,0.0914,-0.00664,0.10662,0.03708,1,1,0.761,-0.395,in_circle
37.914,1,806,0.02520,-0.00218,-0.1548,0.0784,0.03045,0.14411,0.03400,1,1,0.584,-0.441,in_circle
37.958,1,807,0.02405,-0.00105,-0.0634,0.0620,0.05880,0.17145,0.03262,1,1,0.492,-0.392,in_circle
38.045,1,808,0.02836,-0.00245,0.2371,-0.0769,0.06179,0.15164,0.03713,1,1,0.126,-0.329,in_circle
38.090,1,809,0.03313,-0.00438,0.2626,-0.1062,0.06051,0.11743,0.04223,1,1,-0.800,0.230,in_circle
38.133,1,810,0.03866,-0.00714,0.3037,-0.1517,0.04318,0.09289,0.04828,0,1,-0.800,0.344,running
38.180,1,811,0.04370,-0.01076,0.2774,-0.1992,-0.01673,0.06103,0.05416,0,1,-0.800,0.497,running
38.224,1,812,0.04887,-0.01379,0.2846,-0.1665,-0.04861,0.00425,0.06003,0,1,-0.800,0.641,running
38.268,1,813,0.05369,-0.01622,0.2650,-0.1340,-0.06326,-0.04558,0.06539,0,1,-0.800,0.506,running
38.311,1,814,0.05798,-0.01777,0.2358,-0.0854,-0.09759,-0.09357,0.06995,0,1,-0.800,0.389,running
38.355,1,815,0.05997,-0.01856,0.1096,-0.0430,-0.08414,-0.12564,0.07209,0,1,-0.800,0.241,running
38.396,1,816,0.05962,-0.01849,-0.0193,0.0037,-0.07679,-0.12568,0.07173,0,1,-0.643,0.125,running
38.441,1,817,0.05795,-0.01794,-0.0919,0.0301,-0.06308,-0.10091,0.06998,0,1,-0.292,-0.002,running
38.485,1,818,0.05437,-0.01688,-0.1972,0.0582,-0.00992,-0.05076,0.06624,0,1,-0.078,-0.079,running
38.529,1,819,0.04973,-0.01577,-0.2549,0.0615,0.02771,0.01222,0.06151,0,1,0.270,-0.174,running
38.572,1,820,0.04558,-0.01564,-0.2282,0.0070,0.04982,0.07674,0.05760,0,1,0.517,-0.204,running
38.618,1,821,0.04164,-0.01549,-0.2170,0.0080,0.06235,0.11883,0.05391,0,1,0.492,-0.038,running
38.663,1,822,0.03826,-0.01601,-0.1856,-0.0282,0.04831,0.15045,0.05105,0,1,0.507,-0.046,running
38.706,1,823,0.03637,-0.01783,-0.1042,-0.1002,0.01670,0.16355,0.05018,0,1,0.435,0.082,running
38.749,1,824,0.03511,-0.01939,-0.0692,-0.0859,-0.02171,0.15578,0.04986,0,1,0.155,0.347,running
38.794,1,825,0.03538,-0.02093,0.0150,-0.0850,-0.05619,0.12792,0.05089,0,1,0.033,0.302,running
38.837,1,826,0.03689,-0.02092,0.0826,0.0006,-0.08415,0.08552,0.05217,0,1,-0.275,0.303,running
38.882,1,827,0.03812,-0.02126,0.0680,-0.0187,-0.09483,0.02113,0.05341,0,1,-0.521,0.001,running
38.926,1,828,0.03937,-0.02027,0.0689,0.0545,-0.07968,-0.04249,0.05400,0,1,-0.475,0.071,running
38.970,1,829,0.03856,-0.01794,-0.0449,0.1281,-0.05473,-0.08087,0.05218,0,1,-0.484,-0.182,running
39.013,1,830,0.03740,-0.01536,-0.0637,0.1423,-0.01865,-0.09534,0.04999,0,1,-0.085,-0.453,running
39.056,1,831,0.03388,-0.01288,-0.1937,0.1359,0.01767,-0.08065,0.04576,0,1,-0.006,-0.525,running
39.102,1,832,0.02975,-0.01087,-0.2271,0.1105,0.04605,-0.04490,0.04116,1,1,0.512,-0.536,in_circle
39.144,1,833,0.02416,-0.00947,-0.3073,0.0772,0.08081,0.01100,0.03551,1,1,0.698,-0.469,in_circle
39.190,1,834,0.01819,-0.00978,-0.3282,-0.0172,0.08323,0.07737,0.03041,1,1,0.800,-0.345,in_circle
39.232,1,835,0.01207,-0.01163,-0.3368,-0.1016,0.06035,0.13062,0.02656,1,1,0.800,0.034,in_circle
39.277,1,836,0.00852,-0.01427,-0.1955,-0.1454,0.02913,0.16749,0.02602,1,1,0.800,0.377,in_circle
39.322,1,837,0.00644,-0.01665,-0.1141,-0.1307,-0.01087,0.17759,0.02676,1,1,0.633,0.560,in_circle
39.366,1,838,0.00625,-0.01928,-0.0105,-0.1449,-0.04656,0.17035,0.02893,1,1,0.312,0.508,in_circle
39.409,1,839,0.00681,-0.02161,0.0309,-0.1281,-0.07182,0.14789,0.03124,1,1,-0.102,0.573,in_circle
39.454,1,840,0.00810,-0.02355,0.0707,-0.1063,-0.09621,0.10344,0.03355,1,1,-0.270,0.513,in_circle
39.498,1,841,0.01014,-0.02422,0.1125,-0.0372,-0.10859,0.05094,0.03515,1,1,-0.433,0.432,in_circle
39.541,1,842,0.01213,-0.02447,0.1091,-0.0135,-0.09577,-0.00881,0.03641,1,1,-0.606,0.158,in_circle
39.586,1,843,0.01431,-0.02392,0.1198,0.0302,-0.07393,-0.06062,0.03720,1,1,-0.598,0.065,in_circle
39.629,1,844,0.01420,-0.02172,-0.0056,0.1212,-0.03970,-0.09491,0.03539,1,1,-0.647,-0.109,in_circle
39.674,1,845,0.01319,-0.02043,-0.0559,0.0708,0.00348,-0.10862,0.03375,1,1,-0.147,-0.478,in_circle
39.718,1,846,0.01188,-0.02014,-0.0718,0.0158,0.03206,-0.09418,0.03272,1,1,0.056,-0.278,in_circle
39.761,1,847,0.00697,-0.02058,-0.2703,-0.0240,0.05984,-0.05095,0.03040,1,1,0.122,-0.058,in_circle
39.805,1,848,0.00079,-0.02057,-0.3395,0.0002,0.04688,0.00755,0.02793,1,1,0.800,0.104,in_circle
39.850,1,849,-0.00493,-0.02181,-0.3148,-0.0683,0.00380,0.06267,0.02796,1,1,0.800,0.008,in_circle
39.893,1,850,-0.01100,-0.02347,-0.3340,-0.0911,-0.03301,0.10930,0.02964,1,1,0.800,0.286,in_circle
39.937,1,851,-0.01593,-0.02544,-0.2709,-0.1083,-0.05531,0.14332,0.03247,1,1,0.800,0.383,in_circle
39.982,1,852,-0.01996,-0.02647,-0.2217,-0.0566,-0.08183,0.16568,0.03467,1,1,0.800,0.458,in_circle
40.069,1,853,-0.02247,-0.02598,-0.1379,0.0270,-0.10962,0.15569,0.03518,1,1,0.800,0.257,in_circle
40.114,1,854,-0.02085,-0.02426,0.0889,0.0945,-0.10680,0.14948,0.03295,1,1,0.474,-0.078,in_circle
40.157,1,855,-0.01827,-0.02102,0.1421,0.1781,-0.08900,0.14445,0.02898,1,1,-0.437,-0.350,in_circle
40.202,1,856,-0.01433,-0.01823,0.2165,0.1534,-0.04087,0.12903,0.02510,1,1,-0.656,-0.692,in_circle
40.245,1,857,-0.01010,-0.01417,0.2326,0.2232,-0.00682,0.08117,0.02031,1,1,-0.800,-0.599,in_circle
40.291,1,858,-0.00544,-0.01053,0.2564,0.2004,0.02090,0.01175,0.01670,1,1,-0.800,-0.800,in_circle
40.333,1,859,-0.00059,-0.00814,0.2666,0.1317,0.05739,-0.05039,0.01587,1,1,-0.800,-0.800,in_circle
40.378,1,860,0.00142,-0.00682,0.1109,0.0727,0.09341,-0.08990,0.01579,1,1,-0.800,-0.535,in_circle
40.421,1,861,0.00257,-0.00696,0.0632,-0.0078,0.10520,-0.10508,0.01660,1,1,-0.581,-0.302,in_circle
40.467,1,862,0.00150,-0.00962,-0.0589,-0.1465,0.07335,-0.10092,0.01818,1,1,-0.393,0.021,in_circle
40.511,1,863,-0.00157,-0.01329,-0.1692,-0.2021,0.03444,-0.07985,0.02027,1,1,0.097,0.583,in_circle
40.554,1,864,-0.00508,-0.01794,-0.1926,-0.2556,-0.00385,-0.03300,0.02410,1,1,0.546,0.800,in_circle
40.598,1,865,-0.01109,-0.02293,-0.3309,-0.2745,-0.03448,0.02802,0.02912,1,1,0.648,0.800,in_circle
40.642,1,866,-0.01693,-0.02676,-0.3213,-0.2108,-0.06504,0.08452,0.03401,1,1,0.800,0.800,in_circle
40.685,1,867,-0.02212,-0.02976,-0.2852,-0.1646,-0.10551,0.13053,0.03852,1,1,0.800,0.800,in_circle
40.730,1,868,-0.02601,-0.03258,-0.2141,-0.1551,-0.11890,0.15752,0.04266,1,1,0.800,0.712,in_circle
40.774,1,869,-0.02859,-0.03370,-0.1416,-0.0615,-0.11792,0.17241,0.04481,1,1,0.768,0.672,in_circle
40.818,1,870,-0.02880,-0.03406,-0.0120,-0.0199,-0.11118,0.16211,0.04523,1,1,0.484,0.311,in_circle
40.861,1,871,-0.02761,-0.03300,0.0658,0.0581,-0.09770,0.15241,0.04374,1,1,-0.008,0.155,in_circle
40.905,1,872,-0.02528,-0.03173,0.1282,0.0699,-0.06341,0.13923,0.04158,1,1,-0.311,-0.148,in_circle
40.950,1,873,-0.02155,-0.02992,0.2050,0.0997,-0.02038,0.09895,0.03846,1,1,-0.570,-0.205,in_circle
40.994,1,874,-0.01688,-0.02850,0.2566,0.0778,0.01148,0.03676,0.03568,1,1,-0.800,-0.335,in_circle
41.038,1,875,-0.01288,-0.02703,0.2203,0.0812,0.04160,-0.02876,0.03341,1,1,-0.800,-0.249,in_circle
41.082,1,876,-0.01099,-0.02616,0.1037,0.0476,0.07345,-0.07603,0.03232,1,1,-0.800,-0.265,in_circle
41.125,1,877,-0.01000,-0.02683,0.0545,-0.0368,0.05977,-0.09554,0.03290,1,1,-0.516,-0.131,in_circle
41.171,1,878,-0.00987,-0.02768,0.0069,-0.0470,0.03581,-0.10212,0.03375,1,1,-0.321,0.210,in_circle
41.213,1,879,-0.01213,-0.02952,-0.1243,-0.1008,0.00890,-0.08460,0.03578,1,1,-0.131,0.254,in_circle
41.259,1,880,-0.01578,-0.03159,-0.2006,-0.1140,-0.03326,-0.04437,0.03843,1,1,0.400,0.475,in_circle
41.300,1,881,-0.02072,-0.03338,-0.2718,-0.0986,-0.06871,0.01246,0.04145,1,1,0.715,0.535,in_circle
41.345,1,882,-0.02564,-0.03502,-0.2705,-0.0900,-0.09816,0.07917,0.04473,1,1,0.800,0.477,in_circle
41.390,1,883,-0.03016,-0.03518,-0.2486,-0.0088,-0.11224,0.12722,0.04686,0,1,0.800,0.444,running
41.434,1,884,-0.03432,-0.03401,-0.2286,0.0644,-0.10512,0.15934,0.04800,0,1,0.800,0.140,running
41.478,1,885,-0.03605,-0.03254,-0.0954,0.0809,-0.08446,0.17502,0.04779,0,1,0.800,-0.129,running
41.522,1,886,-0.03602,-0.03011,0.0016,0.1336,-0.05462,0.17002,0.04583,0,1,0.330,-0.193,running
41.566,1,887,-0.03420,-0.02764,0.1005,0.1361,-0.01102,0.15957,0.04276,1,1,-0.029,-0.407,in_circle
41.610,1,888,-0.03078,-0.02509,0.1881,0.1398,0.01745,0.14341,0.03866,1,1,-0.422,-0.444,in_circle
41.652,1,889,-0.02653,-0.02337,0.2336,0.0947,0.04913,0.10565,0.03484,1,1,-0.795,-0.483,in_circle
41.698,1,890,-0.02218,-0.02244,0.2392,0.0514,0.07251,0.03636,0.03187,1,1,-0.800,-0.306,in_circle
41.742,1,891,-0.01770,-0.02225,0.2466,0.0104,0.07135,-0.02968,0.02993,1,1,-0.800,-0.134,in_circle
41.786,1,892,-0.01395,-0.02377,0.2061,-0.0838,0.04273,-0.07350,0.03040,1,1,-0.800,0.031,in_circle
41.829,1,893,-0.01208,-0.02583,0.1031,-0.1131,0.00741,-0.09304,0.03211,1,1,-0.800,0.413,in_circle
41.874,1,894,-0.01124,-0.02833,0.0462,-0.1375,-0.02647,-0.10023,0.03450,1,1,-0.499,0.536,in_circle
41.918,1,895,-0.01265,-0.03144,-0.0776,-0.1715,-0.05957,-0.08981,0.03776,1,1,-0.273,0.642,in_circle
41.962,1,896,-0.01537,-0.03281,-0.1500,-0.0753,-0.09597,-0.06345,0.03955,1,1,0.226,0.788,in_circle
42.005,1,897,-0.01914,-0.03353,-0.2072,-0.0394,-0.10399,-0.01497,0.04112,1,1,0.522,0.408,in_circle
42.093,1,898,-0.02988,-0.03109,-0.5904,0.1341,-0.11617,0.11930,0.04316,1,1,0.753,0.270,in_circle
42.138,1,899,-0.03358,-0.02798,-0.2037,0.1709,-0.11659,0.13873,0.04266,1,1,0.800,-0.406,in_circle
42.181,1,900,-0.03594,-0.02388,-0.1299,0.2256,-0.09879,0.12325,0.04105,1,1,0.767,-0.560,in_circle
42.225,1,901,-0.03796,-0.01931,-0.1109,0.2516,-0.04763,0.12884,0.03937,1,1,0.494,-0.799,in_circle
42.269,1,902,-0.03830,-0.01442,-0.0184,0.2686,-0.01050,0.13721,0.03670,1,1,0.428,-0.800,in_circle
42.314,1,903,-0.03754,-0.00923,0.0416,0.2853,0.01328,0.12891,0.03342,1,1,0.060,-0.800,in_circle
42.358,1,904,-0.03614,-0.00613,0.0773,0.1709,0.04809,0.09232,0.03082,1,1,-0.180,-0.800,in_circle
42.401,1,905,-0.03461,-0.00332,0.0841,0.1542,0.08713,0.03678,0.02838,1,1,-0.325,-0.633,in_circle
42.446,1,906,-0.03360,-0.00221,0.0552,0.0613,0.09947,-0.02132,0.02708,1,1,-0.355,-0.572,in_circle
42.489,1,907,-0.03276,-0.00367,0.0461,-0.0804,0.07797,-0.07058,0.02677,1,1,-0.241,-0.203,in_circle
42.534,1,908,-0.03353,-0.00529,-0.0421,-0.0889,0.04577,-0.09767,0.02810,1,1,-0.206,0.368,in_circle
42.577,1,909,-0.03540,-0.00839,-0.1029,-0.1708,0.00891,-0.08503,0.03113,1,1,0.150,0.406,in_circle
42.622,1,910,-0.03853,-0.01109,-0.1721,-0.1482,-0.02851,-0.03740,0.03516,1,1,0.399,0.742,in_circle
42.666,1,911,-0.04329,-0.01511,-0.2621,-0.2215,-0.06290,0.02182,0.04130,1,1,0.685,0.659,in_circle
42.711,1,912,-0.04859,-0.01812,-0.2914,-0.1654,-0.09266,0.07846,0.04739,0,1,0.800,0.800,running
42.753,1,913,-0.05304,-0.02015,-0.2449,-0.1118,-0.11288,0.12319,0.05226,0,1,0.800,0.708,running
42.798,1,914,-0.05633,-0.02063,-0.1810,-0.0262,-0.11695,0.15326,0.05536,0,1,0.800,0.501,running
42.842,1,915,-0.05844,-0.02051,-0.1155,0.0064,-0.11274,0.17313,0.05716,0,1,0.699,0.204,running
42.886,1,916,-0.05892,-0.01921,-0.0268,0.0715,-0.09624,0.16787,0.05700,0,1,0.483,0.097,running
42.929,1,917,-0.05805,-0.01743,0.0479,0.0981,-0.05048,0.15523,0.05545,0,1,0.192,-0.123,running
42.974,1,918,-0.05638,-0.01534,0.0921,0.1152,-0.01382,0.13246,0.05306,0,1,-0.064,-0.224,running
43.016,1,919,-0.05353,-0.01355,0.1565,0.0984,0.01430,0.08803,0.04973,0,1,-0.231,-0.301,running
43.062,1,920,-0.05029,-0.01236,0.1781,0.0652,0.04910,0.02233,0.04629,0,1,-0.490,-0.264,running
43.106,1,921,-0.04770,-0.01147,0.1426,0.0492,0.06931,-0.03619,0.04356,1,1,-0.608,-0.159,in_circle
43.150,1,922,-0.04553,-0.01177,0.1191,-0.0164,0.05358,-0.07473,0.04171,1,1,-0.501,-0.108,in_circle
43.194,1,923,-0.04538,-0.01348,0.0087,-0.0945,0.02854,-0.09903,0.04233,1,1,-0.427,0.146,in_circle
43.238,1,924,-0.04684,-0.01570,-0.0803,-0.1219,-0.01162,-0.09696,0.04466,1,1,0.009,0.457,in_circle
43.282,1,925,-0.04973,-0.01820,-0.1594,-0.1374,-0.05112,-0.05970,0.04842,0,1,0.360,0.562,running
43.326,1,926,-0.05365,-0.02001,-0.2152,-0.0993,-0.07932,0.00348,0.05271,0,1,0.655,0.613,running
43.370,1,927,-0.05851,-0.02038,-0.2674,-0.0204,-0.11005,0.06356,0.05716,0,1,0.800,0.468,running
43.414,1,928,-0.06279,-0.02010,-0.2356,0.0154,-0.10938,0.10771,0.06087,0,1,0.800,0.197,running
43.458,1,929,-0.06643,-0.01926,-0.1997,0.0460,-0.10398,0.14061,0.06384,0,1,0.800,0.086,running
43.501,1,930,-0.06895,-0.01694,-0.1387,0.1273,-0.07418,0.16311,0.06531,0,1,0.783,-0.004,running
43.546,1,931,-0.06997,-0.01442,-0.0560,0.1386,-0.03194,0.17447,0.06543,0,1,0.605,-0.250,running
43.590,1,932,-0.06920,-0.01155,0.0423,0.1582,0.00182,0.16595,0.06386,0,1,0.365,-0.291,running
43.634,1,933,-0.06728,-0.00919,0.1052,0.1300,0.03124,0.14676,0.06139,0,1,0.064,-0.371,running
43.681,1,934,-0.06439,-0.00777,0.1593,0.0781,0.06001,0.10140,0.05824,0,1,-0.150,-0.308,running
43.724,1,935,-0.06079,-0.00806,0.1979,-0.0164,0.06662,0.04796,0.05482,0,1,-0.356,-0.161,running
43.767,1,936,-0.05686,-0.00929,0.2164,-0.0676,0.05089,-0.00470,0.05138,0,1,-0.529,0.149,running
43.810,1,937,-0.05442,-0.01098,0.1338,-0.0929,0.02215,-0.04403,0.04962,0,1,-0.641,0.335,running
43.856,1,938,-0.05262,-0.01290,0.0992,-0.1053,-0.01925,-0.08635,0.04864,0,1,-0.367,0.435,running
43.898,1,939,-0.05305,-0.01505,-0.0240,-0.1186,-0.05138,-0.11722,0.04991,0,1,-0.251,0.490,running
43.942,1,940,-0.05457,-0.01674,-0.0835,-0.0930,-0.08252,-0.11868,0.05201,0,1,0.204,0.541,running
43.986,1,941,-0.05750,-0.01748,-0.1608,-0.0404,-0.10061,-0.07691,0.05496,0,1,0.423,0.450,running
44.031,1,942,-0.06237,-0.01689,-0.2680,0.0325,-0.10443,-0.01458,0.05917,0,1,0.694,0.266,running
44.120,1,943,-0.07381,-0.01383,-0.6294,0.1682,-0.07806,0.08939,0.06893,0,1,0.800,0.029,running
44.163,1,944,-0.07947,-0.01106,-0.3112,0.1522,-0.06421,0.11080,0.07367,0,1,0.800,-0.344,running
44.210,1,945,-0.08411,-0.00816,-0.2551,0.1596,-0.04983,0.11359,0.07761,0,1,0.800,-0.276,running
44.251,1,946,-0.08741,-0.00493,-0.1818,0.1773,0.00283,0.12347,0.08036,0,1,0.800,-0.279,running
44.295,1,947,-0.08987,-0.00304,-0.1350,0.1041,0.03970,0.13584,0.08257,0,1,0.797,-0.316,running
44.339,1,948,-0.09156,-0.00223,-0.0932,0.0445,0.05488,0.14049,0.08417,0,1,0.697,-0.139,running
44.385,1,949,-0.09177,-0.00280,-0.0111,-0.0311,0.06039,0.13786,0.08443,0,1,0.614,-0.002,running
44.429,1,950,-0.09090,-0.00413,0.0474,-0.0729,0.03442,0.13287,0.08372,0,1,0.436,0.169,running
44.473,1,951,-0.08869,-0.00614,0.1218,-0.1108,-0.00850,0.11690,0.08179,0,1,0.301,0.271,running
44.516,1,952,-0.08596,-0.00878,0.1503,-0.1454,-0.03769,0.08674,0.07954,0,1,0.110,0.373,running
44.560,1,953,-0.08262,-0.01116,0.1836,-0.1308,-0.06709,0.02705,0.07676,0,1,0.012,0.478,running
44.604,1,954,-0.07995,-0.01251,0.1465,-0.0740,-0.10181,-0.04048,0.07449,0,1,-0.111,0.466,running
44.646,1,955,-0.07840,-0.01336,0.0852,-0.0468,-0.09670,-0.08397,0.07321,0,1,-0.047,0.334,running
44.690,1,956,-0.07789,-0.01314,0.0282,0.0117,-0.09650,-0.09761,0.07266,0,1,0.101,0.268,running
44.733,1,957,-0.07898,-0.01156,-0.0601,0.0872,-0.09098,-0.07093,0.07332,0,1,0.252,0.111,running
44.778,1,958,-0.08127,-0.00966,-0.1259,0.1042,-0.05577,-0.02063,0.07512,0,1,0.498,-0.095,running
44.821,1,959,-0.08443,-0.00702,-0.1734,0.1453,-0.00846,0.04447,0.07772,0,1,0.684,-0.139,running
44.868,1,960,-0.08769,-0.00510,-0.1794,0.1057,0.01761,0.10052,0.08066,0,1,0.800,-0.239,running
44.913,1,961,-0.09046,-0.00368,-0.1527,0.0780,0.04747,0.14777,0.08323,0,1,0.800,-0.134,running
44.954,1,962,-0.09198,-0.00385,-0.0831,-0.0093,0.06283,0.17656,0.08475,0,1,0.787,-0.065,running
44.999,1,963,-0.09199,-0.00493,-0.0009,-0.0593,0.03721,0.18834,0.08490,0,1,0.641,0.134,running
45.041,1,964,-0.09056,-0.00668,0.0788,-0.0960,-0.00127,0.17751,0.08373,0,1,0.464,0.250,running
45.086,1,965,-0.08760,-0.00899,0.1630,-0.1275,-0.03503,0.15158,0.08119,0,1,0.276,0.344,running
45.129,1,966,-0.08305,-0.01135,0.2501,-0.1298,-0.06692,0.11179,0.07722,0,1,0.050,0.437,running
45.174,1,967,-0.07806,-0.01302,0.2744,-0.0914,-0.09911,0.04741,0.07279,0,1,-0.227,0.471,running
45.220,1,968,-0.07358,-0.01336,0.2465,-0.0189,-0.10423,-0.01623,0.06857,0,1,-0.371,0.395,running
45.262,1,969,-0.07009,-0.01306,0.1919,0.0167,-0.10338,-0.05770,0.06514,0,1,-0.367,0.201,running
45.307,1,970,-0.06831,-0.01117,0.0978,0.1036,-0.08570,-0.07801,0.06290,0,1,-0.259,0.094,running
45.351,1,971,-0.06718,-0.00944,0.0619,0.0954,-0.05045,-0.07933,0.06136,0,1,0.003,-0.184,running
45.393,1,972,-0.06688,-0.00720,0.0166,0.1231,-0.01315,-0.04656,0.06054,0,1,0.104,-0.172,running
45.439,1,973,-0.06724,-0.00516,-0.0195,0.1122,0.01757,0.00800,0.06048,0,1,0.245,-0.271,running
45.481,1,974,-0.06879,-0.00357,-0.0856,0.0873,0.03896,0.06917,0.06174,0,1,0.364,-0.243,running
45.527,1,975,-0.07021,-0.00329,-0.0780,0.0156,0.05475,0.11703,0.06310,0,1,0.581,-0.164,running
45.570,1,976,-0.07064,-0.00397,-0.0238,-0.0373,0.04560,0.15199,0.06363,0,1,0.565,0.061,running
45.614,1,977,-0.07003,-0.00565,0.0339,-0.0928,0.01391,0.17747,0.06331,0,1,0.404,0.226,running
45.658,1,978,-0.06780,-0.00768,0.1223,-0.1114,-0.02247,0.18284,0.06154,0,1,0.227,0.404,running
45.702,1,979,-0.06464,-0.00981,0.1740,-0.1172,-0.05390,0.16036,0.05900,0,1,-0.064,0.475,running
45.746,1,980,-0.05996,-0.01233,0.2572,-0.1383,-0.08842,0.11436,0.05529,0,1,-0.259,0.512,running
45.791,1,981,-0.05425,-0.01335,0.3145,-0.0563,-0.11321,0.04876,0.05031,0,1,-0.591,0.607,running
45.834,1,982,-0.04849,-0.01395,0.3164,-0.0330,-0.10445,-0.00393,0.04532,1,1,-0.800,0.339,in_circle
45.879,1,983,-0.04337,-0.01270,0.2816,0.0684,-0.10175,-0.03833,0.04019,1,1,-0.800,0.260,in_circle
45.923,1,984,-0.03954,-0.01024,0.2108,0.1353,-0.08519,-0.07138,0.03566,1,1,-0.800,-0.145,in_circle
45.968,1,985,-0.03727,-0.00735,0.1246,0.1593,-0.05728,-0.09938,0.03236,1,1,-0.647,-0.419,in_circle
46.011,1,986,-0.03623,-0.00447,0.0576,0.1585,-0.01181,-0.10564,0.03029,1,1,-0.306,-0.522,in_circle
46.054,1,987,-0.03715,-0.00160,-0.0509,0.1574,0.01712,-0.08285,0.03032,1,1,-0.040,-0.525,in_circle
46.141,1,988,-0.04404,0.00120,-0.3790,0.1540,0.07162,0.04627,0.03656,1,1,0.399,-0.527,in_circle
46.186,1,989,-0.04787,-0.00010,-0.2103,-0.0716,0.06503,0.08564,0.04053,1,1,0.800,-0.521,in_circle
46.231,1,990,-0.05155,-0.00273,-0.2026,-0.1443,0.06320,0.08562,0.04461,1,1,0.800,0.384,in_circle
46.276,1,991,-0.05404,-0.00680,-0.1372,-0.2237,0.05039,0.09179,0.04798,0,1,0.800,0.659,running
46.319,1,992,-0.05565,-0.01169,-0.0884,-0.2694,0.00987,0.12953,0.05102,0,1,0.769,0.800,running
46.362,1,993,-0.05595,-0.01671,-0.0165,-0.2758,-0.02467,0.15438,0.05324,0,1,0.592,0.800,running
46.405,1,994,-0.05522,-0.02180,0.0405,-0.2799,-0.05346,0.16478,0.05496,0,1,0.343,0.800,running
46.451,1,995,-0.05369,-0.02637,0.0838,-0.2513,-0.08632,0.14836,0.05616,0,1,0.152,0.800,running
46.494,1,996,-0.05133,-0.03059,0.1297,-0.2322,-0.11893,0.11474,0.05687,0,1,0.009,0.800,running
46.539,1,997,-0.04798,-0.03347,0.1847,-0.1586,-0.11232,0.06633,0.05632,0,1,-0.146,0.800,running
46.581,1,998,-0.04472,-0.03518,0.1792,-0.0941,-0.11133,0.01656,0.05531,0,1,-0.343,0.754,running
46.626,1,999,-0.04213,-0.03519,0.1425,-0.0007,-0.10843,-0.03333,0.05362,0,1,-0.343,0.547,running
46.669,1,1000,-0.04095,-0.03386,0.0650,0.0732,-0.09028,-0.07777,0.05184,0,1,-0.238,0.230,running
46.714,1,1001,-0.04126,-0.03136,-0.0170,0.1378,-0.07444,-0.11019,0.05015,0,1,0.020,-0.037,running
46.758,1,1002,-0.04376,-0.02828,-0.1375,0.1691,-0.03398,-0.09560,0.04968,0,1,0.309,-0.284,running
46.801,1,1003,-0.04694,-0.02505,-0.1752,0.1778,0.00435,-0.03862,0.04996,0,1,0.753,-0.408,running
46.845,1,1004,-0.05188,-0.02237,-0.2717,0.1473,0.03375,0.02472,0.05242,0,1,0.800,-0.445,running
46.889,1,1005,-0.05693,-0.01981,-0.2776,0.1406,0.06521,0.08397,0.05550,0,1,0.800,-0.324,running
46.932,1,1006,-0.06121,-0.01858,-0.2353,0.0678,0.07361,0.12569,0.05879,0,1,0.800,-0.286,running
46.978,1,1007,-0.06460,-0.01887,-0.1865,-0.0161,0.04740,0.15707,0.06201,0,1,0.800,-0.030,running
47.021,1,1008,-0.06665,-0.01966,-0.1129,-0.0432,0.00930,0.17167,0.06420,0,1,0.800,0.247,running
47.066,1,1009,-0.06738,-0.02122,-0.0400,-0.0861,-0.02222,0.16834,0.06550,0,1,0.723,0.334,running
47.112,1,1010,-0.06723,-0.02304,0.0084,-0.1001,-0.05667,0.15363,0.06614,0,1,0.509,0.469,running
47.154,1,1011,-0.06514,-0.02373,0.1147,-0.0379,-0.08454,0.12598,0.06459,0,1,0.369,0.517,running
47.198,1,1012,-0.06274,-0.02418,0.1320,-0.0248,-0.11478,0.08497,0.06269,0,1,0.038,0.337,running
47.241,1,1013,-0.05978,-0.02363,0.1631,0.0303,-0.10459,0.03203,0.05983,0,1,-0.036,0.300,running
47.285,1,1014,-0.05756,-0.02207,0.1218,0.0861,-0.09440,-0.01404,0.05713,0,1,-0.167,0.121,running
47.330,1,1015,-0.05646,-0.02021,0.0607,0.1022,-0.06228,-0.05962,0.05527,0,1,-0.060,-0.076,running
47.373,1,1016,-0.05600,-0.01731,0.0252,0.1594,-0.01339,-0.08565,0.05354,0,1,0.132,-0.144,running
47.419,1,1017,-0.05749,-0.01468,-0.0818,0.1445,0.01508,-0.06642,0.05382,0,1,0.248,-0.359,running
47.462,1,1018,-0.05946,-0.01258,-0.1086,0.1157,0.04087,-0.01773,0.05490,0,1,0.624,-0.313,running
47.506,1,1019,-0.06247,-0.01135,-0.1653,0.0676,0.08158,0.05387,0.05735,0,1,0.723,-0.214,running
47.549,1,1020,-0.06552,-0.01134,-0.1680,0.0007,0.06588,0.11733,0.06027,0,1,0.800,-0.045,running
47.593,1,1021,-0.06811,-0.01238,-0.1424,-0.0571,0.02902,0.15848,0.06305,0,1,0.800,0.180,running
47.637,1,1022,-0.06937,-0.01422,-0.0691,-0.1016,0.00256,0.17547,0.06480,0,1,0.800,0.365,running
47.682,1,1023,-0.06913,-0.01638,0.0130,-0.1187,-0.03650,0.17290,0.06529,0,1,0.634,0.504,running
47.724,1,1024,-0.06728,-0.01819,0.1018,-0.0994,-0.07233,0.16069,0.06421,0,1,0.391,0.563,running
47.771,1,1025,-0.06444,-0.01909,0.1561,-0.0496,-0.10028,0.14098,0.06195,0,1,0.114,0.516,running
47.813,1,1026,-0.05991,-0.01952,0.2492,-0.0238,-0.11443,0.10338,0.05802,0,1,-0.080,0.371,running
47.858,1,1027,-0.05569,-0.01923,0.2323,0.0160,-0.10278,0.03864,0.05413,0,1,-0.434,0.292,running
47.902,1,1028,-0.05124,-0.01727,0.2445,0.1078,-0.08459,-0.02384,0.04928,0,1,-0.436,0.154,running
47.946,1,1029,-0.04780,-0.01509,0.1894,0.1198,-0.03788,-0.06903,0.04522,1,1,-0.548,-0.193,in_circle
47.989,1,1030,-0.04521,-0.01178,0.1424,0.1820,0.00103,-0.08509,0.04142,1,1,-0.395,-0.266,in_circle
48.035,1,1031,-0.04420,-0.00914,0.0552,0.1451,0.02528,-0.08246,0.03943,1,1,-0.251,-0.541,in_circle
48.078,1,1032,-0.04524,-0.00761,-0.0569,0.0843,0.05848,-0.06222,0.03984,1,1,0.086,-0.411,in_circle
48.166,1,1033,-0.05011,-0.00732,-0.2682,0.0162,0.07422,0.04415,0.04436,1,1,0.540,-0.170,in_circle
48.210,1,1034,-0.05313,-0.00973,-0.1658,-0.1325,0.06438,0.08738,0.04798,0,1,0.800,0.108,running
48.254,1,1035,-0.05591,-0.01289,-0.1530,-0.1739,0.04460,0.10525,0.05169,0,1,0.800,0.668,running
48.298,1,1036,-0.05743,-0.01571,-0.0835,-0.1552,-0.00776,0.11168,0.05417,0,1,0.800,0.800,running
48.343,1,1037,-0.05815,-0.01995,-0.0399,-0.2330,-0.04657,0.13264,0.05665,0,1,0.673,0.739,running
48.385,1,1038,-0.05782,-0.02297,0.0181,-0.1664,-0.06310,0.15398,0.05781,0,1,0.530,0.800,running
48.429,1,1039,-0.05601,-0.02574,0.1000,-0.1520,-0.10008,0.15662,0.05772,0,1,0.341,0.784,running
48.474,1,1040,-0.05315,-0.02768,0.1570,-0.1065,-0.11642,0.13431,0.05649,0,1,0.067,0.748,running
48.518,1,1041,-0.04981,-0.02861,0.1837,-0.0514,-0.11547,0.08917,0.05443,0,1,-0.138,0.609,running
48.562,1,1042,-0.04579,-0.02865,0.2212,-0.0022,-0.11145,0.02897,0.05142,0,1,-0.256,0.430,running
48.606,1,1043,-0.04225,-0.02738,0.1945,0.0697,-0.09320,-0.02585,0.04797,0,1,-0.428,0.258,running
48.649,1,1044,-0.04006,-0.02504,0.1207,0.1287,-0.05833,-0.06420,0.04477,1,1,-0.376,-0.014,in_circle
48.694,1,1045,-0.03876,-0.02221,0.0713,0.1559,-0.01936,-0.08997,0.04188,1,1,-0.130,-0.258,in_circle
48.737,1,1046,-0.03904,-0.01916,-0.0154,0.1676,0.01674,-0.08627,0.04011,1,1,0.044,-0.390,in_circle
48.782,1,1047,-0.04063,-0.01740,-0.0871,0.0969,0.04548,-0.05510,0.04031,1,1,0.384,-0.457,in_circle
48.825,1,1048,-0.04306,-0.01585,-0.1341,0.0850,0.07531,0.00402,0.04149,1,1,0.676,-0.177,in_circle
48.870,1,1049,-0.04648,-0.01568,-0.1881,0.0093,0.08053,0.07336,0.04435,1,1,0.800,-0.127,in_circle
48.914,1,1050,-0.04979,-0.01725,-0.1821,-0.0864,0.04546,0.13003,0.04800,0,1,0.800,0.176,running
48.959,1,1051,-0.05168,-0.01950,-0.1039,-0.1238,0.00713,0.16164,0.05076,0,1,0.800,0.539,running
49.002,1,1052,-0.05248,-0.02192,-0.0437,-0.1331,-0.02431,0.17300,0.05269,0,1,0.757,0.674,running
49.046,1,1053,-0.05142,-0.02461,0.0582,-0.1475,-0.05666,0.16489,0.05329,0,1,0.548,0.708,running
49.089,1,1054,-0.04849,-0.02693,0.1610,-0.1277,-0.09056,0.14574,0.05235,0,1,0.193,0.766,running
49.133,1,1055,-0.04463,-0.02803,0.2124,-0.0609,-0.11712,0.11776,0.05015,0,1,-0.179,0.709,running
49.177,1,1056,-0.04064,-0.02845,0.2197,-0.0228,-0.11746,0.07251,0.04759,0,1,-0.393,0.481,running
49.222,1,1057,-0.03629,-0.02652,0.2393,0.1063,-0.10953,0.02445,0.04323,1,1,-0.456,0.345,in_circle
49.265,1,1058,-0.03211,-0.02367,0.2299,0.1563,-0.09822,-0.02980,0.03836,1,1,-0.588,-0.162,in_circle
49.310,1,1059,-0.02919,-0.01989,0.1607,0.2081,-0.06847,-0.08331,0.03358,1,1,-0.595,-0.387,in_circle
49.354,1,1060,-0.02811,-0.01575,0.0591,0.2279,-0.02156,-0.11754,0.02976,1,1,-0.324,-0.602,in_circle
49.399,1,1061,-0.02917,-0.01122,-0.0585,0.2490,0.01310,-0.11582,0.02745,1,1,0.080,-0.691,in_circle
49.443,1,1062,-0.03197,-0.00754,-0.1535,0.2022,0.04143,-0.08139,0.02770,1,1,0.554,-0.786,in_circle
49.485,1,1063,-0.03607,-0.00483,-0.2258,0.1490,0.07476,-0.02398,0.03028,1,1,0.800,-0.607,in_circle
49.530,1,1064,-0.04100,-0.00327,-0.2712,0.0858,0.09999,0.03963,0.03447,1,1,0.800,-0.400,in_circle
49.574,1,1065,-0.04648,-0.00411,-0.3015,-0.0459,0.07649,0.08777,0.03998,1,1,0.800,-0.151,in_circle
49.618,1,1066,-0.05112,-0.00585,-0.2549,-0.0958,0.04060,0.12330,0.04491,1,1,0.800,0.378,in_circle
49.664,1,1067,-0.05538,-0.00834,-0.2347,-0.1367,0.00471,0.15104,0.04970,0,1,0.800,0.567,running
49.706,1,1068,-0.05792,-0.01135,-0.1396,-0.1656,-0.02937,0.16758,0.05304,0,1,0.800,0.707,running
49.750,1,1069,-0.05842,-0.01444,-0.0276,-0.1699,-0.05697,0.16813,0.05459,0,1,0.800,0.800,running
49.793,1,1070,-0.05807,-0.01697,0.0197,-0.1395,-0.09123,0.15243,0.05527,0,1,0.538,0.800,running
49.839,1,1071,-0.05599,-0.01876,0.1141,-0.0982,-0.11967,0.13311,0.05418,0,1,0.380,0.721,running
49.881,1,1072,-0.05301,-0.01944,0.1640,-0.0373,-0.11568,0.10852,0.05187,0,1,0.048,0.591,running
49.926,1,1073,-0.04930,-0.01841,0.2042,0.0566,-0.11336,0.05451,0.04814,0,1,-0.151,0.385,running
49.969,1,1074,-0.04606,-0.01617,0.1783,0.1231,-0.09659,-0.00524,0.04422,1,1,-0.341,0.039,in_circle
50.014,1,1075,-0.04332,-0.01323,0.1505,0.1615,-0.06478,-0.05618,0.04039,1,1,-0.289,-0.234,in_circle
50.058,1,1076,-0.04215,-0.01061,0.0645,0.1446,-0.02038,-0.09194,0.03815,1,1,-0.218,-0.417,in_circle
50.103,1,1077,-0.04204,-0.00764,0.0057,0.1629,0.01342,-0.09194,0.03686,1,1,0.122,-0.358,in_circle
50.189,1,1078,-0.04615,-0.00341,-0.2256,0.2331,0.05022,0.00340,0.03948,1,1,0.359,-0.437,in_circle
50.234,1,1079,-0.05006,-0.00300,-0.2153,0.0223,0.04589,0.05464,0.04321,1,1,0.800,-0.728,in_circle
50.278,1,1080,-0.05317,-0.00386,-0.1708,-0.0471,0.05639,0.06260,0.04642,0,1,0.800,0.118,running
50.323,1,1081,-0.05673,-0.00599,-0.1960,-0.1173,0.08494,0.07662,0.05038,0,1,0.800,0.385,running
50.366,1,1082,-0.05913,-0.00992,-0.1321,-0.2165,0.05952,0.11198,0.05374,0,1,0.800,0.638,running
50.410,1,1083,-0.06070,-0.01435,-0.0861,-0.2431,0.00491,0.15385,0.05667,0,1,0.800,0.800,running
50.454,1,1084,-0.06096,-0.01915,-0.0144,-0.2642,-0.02256,0.17939,0.05881,0,1,0.763,0.800,running
50.498,1,1085,-0.05969,-0.02432,0.0697,-0.2846,-0.04830,0.17668,0.06010,0,1,0.530,0.800,running
50.541,1,1086,-0.05759,-0.02884,0.1155,-0.2481,-0.08819,0.15855,0.06077,0,1,0.259,0.800,running
50.586,1,1087,-0.05361,-0.03238,0.2188,-0.1950,-0.11876,0.13086,0.05977,0,1,0.110,0.800,running
50.630,1,1088,-0.04875,-0.03490,0.2677,-0.1388,-0.11558,0.09925,0.05788,0,1,-0.242,0.800,running
50.673,1,1089,-0.04369,-0.03605,0.2783,-0.0633,-0.11236,0.04191,0.05528,0,1,-0.440,0.785,running
50.719,1,1090,-0.03888,-0.03616,0.2645,-0.0060,-0.10771,-0.01945,0.05238,0,1,-0.526,0.544,running
50.761,1,1091,-0.03535,-0.03430,0.1942,0.1026,-0.09900,-0.06795,0.04881,0,1,-0.530,0.347,running
50.807,1,1092,-0.03286,-0.03121,0.1365,0.1699,-0.07772,-0.09816,0.04486,1,1,-0.327,-0.060,in_circle
50.850,1,1093,-0.03120,-0.02900,0.0915,0.1213,-0.03038,-0.10185,0.04210,1,1,-0.151,-0.346,in_circle
50.895,1,1094,-0.03206,-0.02515,-0.0475,0.2117,0.00506,-0.07499,0.03949,1,1,0.002,-0.184,in_circle
50.937,1,1095,-0.03431,-0.02231,-0.1234,0.1565,0.02749,-0.01855,0.03878,1,1,0.551,-0.568,in_circle
50.982,1,1096,-0.03699,-0.01954,-0.1475,0.1521,0.02892,0.04122,0.03879,1,1,0.800,-0.353,in_circle
51.026,1,1097,-0.04031,-0.01799,-0.1827,0.0857,0.04709,0.09761,0.04040,1,1,0.800,-0.341,in_circle
51.070,1,1098,-0.04266,-0.01685,-0.1291,0.0628,0.04302,0.13801,0.04168,1,1,0.800,-0.077,in_circle
51.114,1,1099,-0.04403,-0.01656,-0.0754,0.0156,0.01352,0.16677,0.04268,1,1,0.800,0.018,in_circle
51.158,1,1100,-0.04351,-0.01677,0.0288,-0.0114,-0.00985,0.17469,0.04235,1,1,0.689,0.205,in_circle
51.201,1,1101,-0.04153,-0.01748,0.1087,-0.0393,-0.04708,0.16728,0.04110,1,1,0.281,0.311,in_circle
51.247,1,1102,-0.03778,-0.01729,0.2066,0.0106,-0.08683,0.14722,0.03796,1,1,-0.044,0.424,in_circle
51.290,1,1103,-0.03350,-0.01669,0.2354,0.0333,-0.10616,0.11059,0.03428,1,1,-0.451,0.225,in_circle
51.334,1,1104,-0.02837,-0.01457,0.2819,0.1164,-0.10872,0.04949,0.02909,1,1,-0.577,0.134,in_circle
51.378,1,1105,-0.02354,-0.01198,0.2655,0.1422,-0.09096,-0.01144,0.02390,1,1,-0.776,-0.203,in_circle
51.421,1,1106,-0.01787,-0.00792,0.3121,0.2237,-0.05926,-0.05722,0.01718,1,1,-0.723,-0.312,in_circle
51.474,1,1107,-0.01787,-0.00792,0.0000,0.0000,-0.01420,-0.08720,0.01718,0,0,-0.800,-0.647,in_circle
51.557,1,1108,-0.01524,0.00055,0.1443,0.4659,0.04615,-0.09188,0.00922,1,1,0.325,0.248,in_circle
51.598,1,1109,-0.01740,0.00260,-0.1187,0.1128,0.02946,-0.07573,0.01018,1,1,-0.259,-0.800,in_circle
51.642,1,1110,-0.02103,0.00261,-0.1997,0.0001,0.00327,-0.04611,0.01366,1,1,0.799,-0.229,in_circle
51.686,1,1111,-0.02610,0.00169,-0.2786,-0.0501,0.03635,-0.00980,0.01880,1,1,0.800,0.222,in_circle
51.730,1,1112,-0.03155,0.00029,-0.2998,-0.0772,0.02231,0.03632,0.02442,1,1,0.800,0.426,in_circle
51.773,1,1113,-0.03681,-0.00187,-0.2896,-0.1188,-0.03756,0.08809,0.03006,1,1,0.800,0.538,in_circle
51.818,1,1114,-0.04147,-0.00417,-0.2564,-0.1264,-0.06949,0.13174,0.03518,1,1,0.800,0.710,in_circle
51.862,1,1115,-0.04559,-0.00580,-0.2263,-0.0900,-0.08785,0.16512,0.03959,1,1,0.800,0.746,in_circle
51.906,1,1116,-0.04792,-0.00732,-0.1283,-0.0831,-0.12223,0.17245,0.04227,1,1,0.800,0.605,in_circle
51.949,1,1117,-0.04820,-0.00744,-0.0154,-0.0070,-0.11204,0.16391,0.04258,1,1,0.800,0.576,in_circle
51.994,1,1118,-0.04685,-0.00640,0.0746,0.0576,-0.10792,0.15450,0.04097,1,1,0.466,0.279,in_circle
52.037,1,1119,-0.04445,-0.00363,0.1318,0.1524,-0.08389,0.14035,0.03789,1,1,0.104,0.021,in_circle
52.082,1,1120,-0.04111,-0.00173,0.1837,0.1045,-0.04457,0.10474,0.03419,1,1,-0.136,-0.367,in_circle
52.126,1,1121,-0.03703,0.00042,0.2244,0.1182,-0.01132,0.04968,0.02976,1,1,-0.351,-0.180,in_circle
52.214,1,1122,-0.02896,0.00307,0.4439,0.1458,0.02773,-0.04703,0.02136,1,1,-0.525,-0.240,in_circle
52.261,1,1123,-0.02675,0.00266,0.1214,-0.0229,0.01935,-0.07111,0.01924,1,1,-0.800,-0.357,in_circle
52.302,1,1124,-0.02533,0.00054,0.0784,-0.1165,0.03371,-0.07836,0.01836,1,1,-0.138,0.319,in_circle
52.354,1,1125,-0.02533,0.00054,0.0000,0.0000,0.04034,-0.08308,0.01836,0,0,0.030,0.699,in_circle
52.436,1,1126,-0.03345,-0.00667,-0.4468,-0.3966,-0.03124,-0.05889,0.02861,1,1,0.344,0.233,in_circle
52.477,1,1127,-0.03866,-0.01053,-0.2867,-0.2123,-0.03786,-0.00780,0.03501,1,1,0.800,0.800,in_circle
52.522,1,1128,-0.04436,-0.01324,-0.3133,-0.1488,-0.02621,0.04128,0.04131,1,1,0.800,0.800,in_circle
52.566,1,1129,-0.05086,-0.01617,-0.3579,-0.1616,-0.06090,0.06859,0.04844,0,1,0.800,0.800,running
52.611,1,1130,-0.05678,-0.01865,-0.3253,-0.1362,-0.11151,0.08733,0.05483,0,1,0.800,0.800,running
52.654,1,1131,-0.06147,-0.01958,-0.2582,-0.0510,-0.11714,0.12126,0.05946,0,1,0.800,0.768,running
52.698,1,1132,-0.06477,-0.01886,-0.1815,0.0396,-0.12106,0.15579,0.06216,0,1,0.800,0.479,running
52.742,1,1133,-0.06727,-0.01763,-0.1371,0.0675,-0.11872,0.17216,0.06399,0,1,0.800,0.193,running
52.786,1,1134,-0.06857,-0.01495,-0.0717,0.1474,-0.09671,0.16326,0.06428,0,1,0.800,0.110,running
52.831,1,1135,-0.06855,-0.01150,0.0009,0.1900,-0.06185,0.15620,0.06322,0,1,0.743,-0.140,running
52.875,1,1136,-0.06680,-0.00797,0.0967,0.1941,-0.02619,0.14830,0.06063,0,1,0.520,-0.290,running
52.919,1,1137,-0.06436,-0.00441,0.1337,0.1953,0.00580,0.12845,0.05752,0,1,0.201,-0.337,running
52.961,1,1138,-0.06087,-0.00196,0.1922,0.1348,0.03425,0.08156,0.05366,0,1,0.050,-0.379,running
53.007,1,1139,-0.05705,-0.00061,0.2102,0.0746,0.06275,0.02141,0.04969,0,1,-0.195,-0.209,running
53.049,1,1140,-0.05360,-0.00082,0.1895,-0.0118,0.06413,-0.03283,0.04631,0,1,-0.312,-0.019,running
53.095,1,1141,-0.05124,-0.00209,0.1297,-0.0697,0.03759,-0.08185,0.04419,1,1,-0.281,0.295,in_circle
53.138,1,1142,-0.05049,-0.00420,0.0412,-0.1160,0.00168,-0.10752,0.04389,1,1,-0.079,0.521,in_circle
53.182,1,1143,-0.05074,-0.00638,-0.0133,-0.1200,-0.03379,-0.09616,0.04469,1,1,0.257,0.705,in_circle
53.225,1,1144,-0.05336,-0.00917,-0.1441,-0.1536,-0.06810,-0.05274,0.04802,0,1,0.468,0.724,running
53.270,1,1145,-0.05621,-0.01112,-0.1567,-0.1071,-0.10396,0.00878,0.05134,0,1,0.800,0.800,running
53.314,1,1146,-0.06017,-0.01163,-0.2179,-0.0282,-0.11626,0.07051,0.05526,0,1,0.800,0.666,running
53.359,1,1147,-0.06407,-0.01124,-0.2144,0.0215,-0.11836,0.12289,0.05885,0,1,0.800,0.388,running
53.402,1,1148,-0.06662,-0.00962,-0.1402,0.0893,-0.10984,0.15326,0.06085,0,1,0.800,0.225,running
53.446,1,1149,-0.06815,-0.00697,-0.0845,0.1458,-0.09222,0.16888,0.06173,0,1,0.800,0.009,running
53.490,1,1150,-0.06764,-0.00348,0.0280,0.1917,-0.04973,0.16785,0.06059,0,1,0.781,-0.173,running
53.534,1,1151,-0.06583,-0.00079,0.0998,0.1478,-0.00865,0.16118,0.05842,0,1,0.422,-0.338,running
53.578,1,1152,-0.06358,0.00156,0.1236,0.1293,0.01534,0.14652,0.05596,0,1,0.173,-0.222,running
53.622,1,1153,-0.05943,0.00257,0.2280,0.0556,0.04797,0.11791,0.05175,0,1,0.069,-0.182,running
53.666,1,1154,-0.05380,0.00235,0.3101,-0.0123,0.04449,0.05976,0.04614,0,1,-0.346,0.052,running
53.722,1,1155,-0.04824,0.00072,0.3059,-0.0897,0.02192,-0.00304,0.04078,1,1,-0.735,0.294,in_circle
53.754,1,1156,-0.04419,-0.00218,0.2227,-0.1592,-0.00079,-0.05441,0.03729,1,1,-0.800,0.608,in_circle
53.799,1,1157,-0.04137,-0.00441,0.1548,-0.1228,-0.03738,-0.08760,0.03515,1,1,-0.500,0.800,in_circle
53.842,1,1158,-0.04012,-0.00793,0.0689,-0.1934,-0.06938,-0.10970,0.03519,1,1,-0.235,0.756,in_circle
53.885,1,1159,-0.04032,-0.00999,-0.0109,-0.1131,-0.10065,-0.10306,0.03623,1,1,0.105,0.800,in_circle
53.931,1,1160,-0.04255,-0.01115,-0.1228,-0.0641,-0.10322,-0.06218,0.03875,1,1,0.425,0.733,in_circle
53.973,1,1161,-0.04556,-0.01113,-0.1656,0.0011,-0.10798,0.00207,0.04146,1,1,0.800,0.541,in_circle
54.018,1,1162,-0.04968,-0.00986,-0.2265,0.0697,-0.11194,0.06845,0.04478,1,1,0.800,0.281,in_circle
54.061,1,1163,-0.05344,-0.00831,-0.2071,0.0854,-0.09371,0.12129,0.04783,0,1,0.800,0.021,running
54.107,1,1164,-0.05618,-0.00577,-0.1507,0.1396,-0.05896,0.15092,0.04980,0,1,0.800,-0.030,running
54.149,1,1165,-0.05744,-0.00316,-0.0693,0.1438,-0.01701,0.16752,0.05048,0,1,0.800,-0.225,running
54.238,1,1166,-0.05575,0.00050,0.0929,0.2010,0.03799,0.15697,0.04827,0,1,0.698,-0.243,running
54.282,1,1167,-0.05307,0.00033,0.1475,-0.0094,0.04704,0.15388,0.04563,0,1,0.099,-0.477,running
54.326,1,1168,-0.04863,-0.00080,0.2440,-0.0620,0.04734,0.14588,0.04140,1,1,-0.131,0.296,in_circle
54.372,1,1169,-0.04261,-0.00286,0.3315,-0.1131,0.06385,0.11129,0.03592,1,1,-0.557,0.507,in_circle
54.415,1,1170,-0.03656,-0.00689,0.3327,-0.2217,0.04133,0.04609,0.03151,1,1,-0.800,0.720,in_circle
54.459,1,1171,-0.03075,-0.01176,0.3193,-0.2680,-0.01017,-0.02086,0.02902,1,1,-0.800,0.800,in_circle
54.503,1,1172,-0.02532,-0.01648,0.2990,-0.2595,-0.03397,-0.06559,0.02850,1,1,-0.800,0.800,in_circle
54.546,1,1173,-0.02203,-0.02105,0.1805,-0.2510,-0.06278,-0.09890,0.03056,1,1,-0.800,0.800,in_circle
54.590,1,1174,-0.01946,-0.02545,0.1414,-0.2421,-0.09601,-0.11257,0.03354,1,1,-0.387,0.800,in_circle
54.634,1,1175,-0.01978,-0.02811,-0.0172,-0.1467,-0.09784,-0.10347,0.03615,1,1,-0.236,0.800,in_circle
54.678,1,1176,-0.02113,-0.02956,-0.0744,-0.0794,-0.10311,-0.07338,0.03797,1,1,0.399,0.800,in_circle
54.722,1,1177,-0.02412,-0.03020,-0.1643,-0.0353,-0.10905,-0.00903,0.03971,1,1,0.631,0.660,in_circle
54.768,1,1178,-0.02744,-0.02920,-0.1830,0.0549,-0.11184,0.05466,0.04031,1,1,0.800,0.487,in_circle
54.810,1,1179,-0.03138,-0.02793,-0.2165,0.0700,-0.10674,0.10895,0.04132,1,1,0.800,0.126,in_circle
54.855,1,1180,-0.03425,-0.02490,-0.1579,0.1665,-0.07779,0.13592,0.04068,1,1,0.800,0.069,in_circle
54.898,1,1181,-0.03548,-0.02106,-0.0678,0.2113,-0.03374,0.15474,0.03871,1,1,0.800,-0.323,in_circle
54.943,1,1182,-0.03477,-0.01793,0.0394,0.1721,0.00065,0.16560,0.03605,1,1,0.641,-0.517,in_circle
54.985,1,1183,-0.03270,-0.01419,0.1137,0.2056,0.02923,0.16358,0.03206,1,1,0.210,-0.367,in_circle
55.030,1,1184,-0.02963,-0.01207,0.1686,0.1170,0.05990,0.14951,0.02834,1,1,-0.093,-0.509,in_circle
55.074,1,1185,-0.02560,-0.01066,0.2217,0.0772,0.05524,0.11158,0.02438,1,1,-0.320,-0.159,in_circle
55.119,1,1186,-0.02071,-0.00958,0.2693,0.0598,0.05326,0.04526,0.02023,1,1,-0.542,-0.003,in_circle
55.161,1,1187,-0.01554,-0.01003,0.2841,-0.0251,0.03762,-0.00884,0.01780,1,1,-0.745,0.065,in_circle
55.207,1,1188,-0.01132,-0.01130,0.2320,-0.0698,-0.00672,-0.05093,0.01766,1,1,-0.800,0.406,in_circle
55.249,1,1189,-0.00746,-0.01235,0.2125,-0.0579,-0.04232,-0.09194,0.01836,1,1,-0.619,0.589,in_circle
55.295,1,1190,-0.00685,-0.01337,0.0333,-0.0559,-0.06727,-0.11766,0.01939,1,1,-0.551,0.545,in_circle
55.338,1,1191,-0.00728,-0.01448,-0.0233,-0.0612,-0.09501,-0.11448,0.02049,1,1,0.164,0.540,in_circle
55.383,1,1192,-0.01104,-0.01332,-0.2067,0.0638,-0.09754,-0.06998,0.01959,1,1,0.392,0.565,in_circle
55.429,1,1193,-0.01549,-0.01189,-0.2451,0.0789,-0.10016,-0.01008,0.01947,1,1,0.800,0.063,in_circle
55.471,1,1194,-0.02020,-0.00912,-0.2589,0.1524,-0.09533,0.05089,0.01955,1,1,0.800,-0.000,in_circle
55.513,1,1195,-0.02461,-0.00585,-0.2429,0.1797,-0.07270,0.09166,0.02057,1,1,0.800,-0.300,in_circle
55.558,1,1196,-0.02945,-0.00201,-0.2660,0.2114,-0.03133,0.12178,0.02308,1,1,0.800,-0.417,in_circle
55.603,1,1197,-0.03207,0.00205,-0.1439,0.2231,0.00655,0.14798,0.02459,1,1,0.800,-0.553,in_circle
55.646,1,1198,-0.03326,0.00430,-0.0657,0.1237,0.04078,0.16635,0.02552,1,1,0.800,-0.610,in_circle
55.689,1,1199,-0.03351,0.00594,-0.0138,0.0901,0.06884,0.17336,0.02571,1,1,0.626,-0.218,in_circle
55.734,1,1200,-0.03225,0.00494,0.0694,-0.0550,0.08531,0.16245,0.02447,1,1,0.419,-0.088,in_circle
55.778,1,1201,-0.02907,0.00288,0.1752,-0.1133,0.05844,0.13672,0.02149,1,1,0.084,0.495,in_circle
55.823,1,1202,-0.02487,-0.00072,0.2305,-0.1978,0.01577,0.09099,0.01835,1,1,-0.347,0.734,in_circle
55.866,1,1203,-0.02111,-0.00504,0.2069,-0.2379,-0.01764,0.03751,0.01730,1,1,-0.579,0.800,in_circle
55.910,1,1204,-0.01656,-0.00960,0.2506,-0.2504,-0.04661,-0.01998,0.01789,1,1,-0.494,0.800,in_circle
55.955,1,1205,-0.01387,-0.01293,0.1480,-0.1834,-0.08136,-0.06596,0.01988,1,1,-0.681,0.800,in_circle
55.997,1,1206,-0.01167,-0.01602,0.1205,-0.1701,-0.09754,-0.09567,0.02236,1,1,-0.277,0.800,in_circle
56.042,1,1207,-0.01134,-0.01830,0.0184,-0.1253,-0.10033,-0.09713,0.02456,1,1,-0.172,0.800,in_circle
56.085,1,1208,-0.01338,-0.01912,-0.1123,-0.0451,-0.10112,-0.07774,0.02573,1,1,0.235,0.800,in_circle
56.131,1,1209,-0.01666,-0.01815,-0.1802,0.0536,-0.10600,-0.03020,0.02572,1,1,0.763,0.521,in_circle
56.173,1,1210,-0.02029,-0.01606,-0.1998,0.1146,-0.10800,0.03142,0.02535,1,1,0.800,0.125,in_circle
56.262,1,1211,-0.02788,-0.00961,-0.4177,0.3552,-0.06321,0.12922,0.02543,1,1,0.800,-0.122,in_circle
56.308,1,1212,-0.03033,-0.00488,-0.1345,0.2598,-0.05286,0.14226,0.02502,1,1,0.800,-0.800,in_circle
56.350,1,1213,-0.03168,-0.00024,-0.0744,0.2551,-0.04076,0.14506,0.02468,1,1,0.800,-0.730,in_circle
56.395,1,1214,-0.03161,0.00434,0.0038,0.2520,0.01049,0.14800,0.02387,1,1,0.657,-0.722,in_circle
56.437,1,1215,-0.03008,0.00691,0.0845,0.1414,0.05037,0.14903,0.02230,1,1,0.344,-0.721,in_circle
56.482,1,1216,-0.02759,0.00919,0.1368,0.1251,0.07153,0.13624,0.02005,1,1,0.018,-0.285,in_circle
56.526,1,1217,-0.02336,0.01052,0.2325,0.0732,0.09067,0.10419,0.01621,1,1,-0.198,-0.226,in_circle
56.570,1,1218,-0.01907,0.00932,0.2360,-0.0658,0.05939,0.04773,0.01175,1,1,-0.591,-0.022,in_circle
56.613,1,1219,-0.01495,0.00755,0.2268,-0.0974,0.01448,-0.00531,0.00731,1,1,-0.616,0.537,in_circle
56.657,1,1220,-0.01160,0.00562,0.1840,-0.1061,-0.01267,-0.06162,0.00382,1,1,-0.589,0.668,in_circle
56.702,1,1221,-0.00959,0.00360,0.1105,-0.1109,-0.04002,-0.10511,0.00299,1,1,-0.427,0.708,in_circle
56.746,1,1222,-0.00863,0.00200,0.0528,-0.0880,-0.08262,-0.11592,0.00408,1,1,-0.138,0.732,in_circle
56.791,1,1223,-0.00987,0.00092,-0.0682,-0.0597,-0.09744,-0.08569,0.00549,1,1,0.091,0.644,in_circle
56.833,1,1224,-0.01221,0.00078,-0.1285,-0.0076,-0.10715,-0.02421,0.00683,1,1,0.578,0.534,in_circle
56.878,1,1225,-0.01588,0.00097,-0.2020,0.0104,-0.10931,0.04413,0.00952,1,1,0.800,0.326,in_circle
56.922,1,1226,-0.01845,0.00237,-0.1411,0.0774,-0.09913,0.09834,0.01125,1,1,0.800,0.254,in_circle
56.969,1,1227,-0.02166,0.00403,-0.1766,0.0910,-0.06351,0.13529,0.01400,1,1,0.800,-0.017,in_circle
57.010,1,1228,-0.02384,0.00529,-0.1200,0.0693,-0.02380,0.16081,0.01605,1,1,0.800,-0.076,in_circle
57.057,1,1229,-0.02359,0.00702,0.0138,0.0951,0.00566,0.16726,0.01582,1,1,0.800,0.008,in_circle
57.100,1,1230,-0.02236,0.00783,0.0673,0.0447,0.03550,0.16278,0.01468,1,1,0.284,-0.100,in_circle
57.143,1,1231,-0.01913,0.00789,0.1780,0.0031,0.03366,0.15183,0.01148,1,1,0.067,0.100,in_circle
57.186,1,1232,-0.01484,0.00744,0.2358,-0.0244,0.02600,0.13482,0.00718,1,1,-0.384,0.266,in_circle
57.231,1,1233,-0.00951,0.00657,0.2933,-0.0480,0.00612,0.08282,0.00180,1,1,-0.626,0.377,in_circle
57.273,1,1234,-0.00395,0.00530,0.3054,-0.0698,-0.03938,0.01482,0.00391,1,1,-0.800,0.473,in_circle
57.317,1,1235,0.00054,0.00418,0.2469,-0.0619,-0.07711,-0.04241,0.00853,1,1,-0.800,0.564,in_circle
57.362,1,1236,0.00340,0.00322,0.1577,-0.0526,-0.09795,-0.08891,0.01154,1,1,-0.709,0.535,in_circle
57.407,1,1237,0.00551,0.00294,0.1159,-0.0155,-0.09486,-0.11275,0.01366,1,1,-0.360,0.501,in_circle
57.450,1,1238,0.00504,0.00394,-0.0257,0.0547,-0.09489,-0.10717,0.01301,1,1,-0.199,0.353,in_circle
57.493,1,1239,0.00389,0.00675,-0.0635,0.1548,-0.09207,-0.07693,0.01171,1,1,0.368,0.070,in_circle
57.539,1,1240,0.00216,0.00851,-0.0952,0.0969,-0.06677,-0.01373,0.01027,1,1,0.522,-0.338,in_circle
57.583,1,1241,-0.00125,0.01156,-0.1875,0.1677,-0.01965,0.05790,0.00859,1,1,0.653,-0.111,in_circle
57.628,1,1242,-0.00478,0.01497,-0.1944,0.1874,0.01196,0.11128,0.00946,1,1,0.800,-0.402,in_circle
57.670,1,1243,-0.00724,0.01844,-0.1352,0.1911,0.01496,0.13976,0.01246,1,1,0.800,-0.490,in_circle
57.716,1,1244,-0.00790,0.02069,-0.0363,0.1234,0.03944,0.15801,0.01469,1,1,0.800,-0.513,in_circle
57.760,1,1245,-0.00737,0.02241,0.0294,0.0947,0.07052,0.17273,0.01642,1,1,0.442,-0.249,in_circle
57.803,1,1246,-0.00547,0.02377,0.1044,0.0748,0.06724,0.16858,0.01792,1,1,0.178,-0.139,in_circle
57.847,1,1247,-0.00134,0.02348,0.2268,-0.0158,0.04148,0.15151,0.01864,1,1,-0.127,-0.064,in_circle
57.891,1,1248,0.00462,0.02353,0.3283,0.0027,0.00500,0.10442,0.02149,1,1,-0.627,0.299,in_circle
57.934,1,1249,0.00970,0.02172,0.2794,-0.0997,-0.03422,0.03676,0.02353,1,1,-0.800,0.224,in_circle
57.977,1,1250,0.01350,0.02144,0.2088,-0.0154,-0.06377,-0.01792,0.02631,1,1,-0.800,0.637,in_circle
58.023,1,1251,0.01857,0.02200,0.2787,0.0305,-0.08172,-0.05823,0.03084,1,1,-0.595,0.300,in_circle
58.066,1,1252,0.02292,0.02261,0.2396,0.0335,-0.09907,-0.08704,0.03492,1,1,-0.800,0.114,in_circle
58.111,1,1253,0.02456,0.02463,0.0901,0.1114,-0.08172,-0.09622,0.03734,1,1,-0.744,0.100,in_circle
58.154,1,1254,0.02463,0.02693,0.0039,0.1265,-0.04493,-0.08032,0.03860,1,1,-0.151,-0.217,in_circle
58.198,1,1255,0.02232,0.02997,-0.1272,0.1670,-0.00760,-0.05620,0.03849,1,1,0.192,-0.284,in_circle
58.287,1,1256,0.01640,0.03506,-0.3255,0.2799,0.05630,0.05985,0.03781,1,1,0.719,-0.456,in_circle
58.330,1,1257,0.01371,0.03581,-0.1478,0.0412,0.05580,0.09700,0.03676,1,1,0.800,-0.800,in_circle
58.375,1,1258,0.01194,0.03558,-0.0972,-0.0124,0.07358,0.10113,0.03556,1,1,0.800,0.030,in_circle
58.418,1,1259,0.01009,0.03350,-0.1018,-0.1147,0.12332,0.11093,0.03280,1,1,0.622,0.244,in_circle
58.463,1,1260,0.00864,0.03075,-0.0798,-0.1512,0.08997,0.13575,0.02971,1,1,0.645,0.657,in_circle
58.505,1,1261,0.00905,0.02602,0.0226,-0.2599,0.03366,0.15068,0.02617,1,1,0.560,0.800,in_circle
58.550,1,1262,0.00976,0.02144,0.0391,-0.2519,0.00949,0.14432,0.02338,1,1,0.148,0.800,in_circle
58.594,1,1263,0.01348,0.01666,0.2044,-0.2630,-0.01753,0.11873,0.02380,1,1,0.079,0.800,in_circle
58.637,1,1264,0.01724,0.01185,0.2068,-0.2644,-0.06040,0.07890,0.02571,1,1,-0.592,0.800,in_circle
58.682,1,1265,0.02159,0.00817,0.2391,-0.2028,-0.09225,0.02922,0.02946,1,1,-0.612,0.800,in_circle
58.726,1,1266,0.02568,0.00519,0.2253,-0.1635,-0.10927,-0.02131,0.03349,1,1,-0.754,0.800,in_circle
58.771,1,1267,0.02890,0.00352,0.1772,-0.0920,-0.10420,-0.06941,0.03679,1,1,-0.710,0.800,in_circle
58.815,1,1268,0.03072,0.00268,0.1000,-0.0461,-0.09857,-0.10710,0.03866,1,1,-0.527,0.638,in_circle
58.858,1,1269,0.03043,0.00260,-0.0161,-0.0044,-0.09519,-0.12297,0.03838,1,1,-0.224,0.456,in_circle
58.903,1,1270,0.02928,0.00389,-0.0632,0.0708,-0.08913,-0.10034,0.03714,1,1,0.239,0.290,in_circle
58.947,1,1271,0.02635,0.00538,-0.1613,0.0819,-0.06480,-0.04495,0.03415,1,1,0.428,-0.014,in_circle
58.991,1,1272,0.02261,0.00735,-0.2055,0.1085,-0.01461,0.02342,0.03044,1,1,0.800,-0.062,in_circle
59.033,1,1273,0.01806,0.00891,-0.2500,0.0860,0.01541,0.08291,0.02603,1,1,0.800,-0.173,in_circle
59.079,1,1274,0.01471,0.01097,-0.1847,0.1128,0.04044,0.11934,0.02305,1,1,0.800,-0.088,in_circle
59.123,1,1275,0.01219,0.01139,-0.1385,0.0235,0.05924,0.14271,0.02070,1,1,0.800,-0.200,in_circle
59.167,1,1276,0.01109,0.01113,-0.0607,-0.0144,0.03517,0.16241,0.01957,1,1,0.766,0.156,in_circle
59.210,1,1277,0.01190,0.01087,0.0446,-0.0141,0.01863,0.16851,0.02029,1,1,0.457,0.308,in_circle
59.255,1,1278,0.01415,0.00912,0.1239,-0.0964,-0.00511,0.15836,0.02217,1,1,0.033,0.307,in_circle
59.298,1,1279,0.01835,0.00854,0.2308,-0.0319,-0.04802,0.13154,0.02627,1,1,-0.291,0.640,in_circle
59.344,1,1280,0.02360,0.00800,0.2888,-0.0300,-0.08725,0.08103,0.03146,1,1,-0.730,0.384,in_circle
59.386,1,1281,0.02942,0.00799,0.3203,-0.0003,-0.10332,0.02745,0.03727,1,1,-0.800,0.377,in_circle
59.430,1,1282,0.03374,0.00886,0.2376,0.0478,-0.08739,-0.02615,0.04164,1,1,-0.800,0.259,in_circle
59.474,1,1283,0.03724,0.01090,0.1923,0.1124,-0.06482,-0.06871,0.04530,1,1,-0.788,0.067,in_circle
59.519,1,1284,0.04100,0.01315,0.2071,0.1233,-0.03566,-0.10261,0.04932,0,1,-0.601,-0.177,running
59.562,1,1285,0.04213,0.01552,0.0619,0.1304,0.00476,-0.10892,0.05083,0,1,-0.646,-0.207,running
59.607,1,1286,0.04127,0.01748,-0.0471,0.1080,0.03978,-0.08651,0.05040,0,1,-0.125,-0.233,running
59.649,1,1287,0.03771,0.01785,-0.1961,0.0203,0.05405,-0.02607,0.04702,0,1,0.266,-0.161,running
59.694,1,1288,0.03443,0.01815,-0.1802,0.0166,0.04811,0.03848,0.04394,1,1,0.800,0.151,in_circle
59.737,1,1289,0.03171,0.01734,-0.1493,-0.0447,0.02585,0.09513,0.04111,1,1,0.800,0.163,in_circle
59.789,1,1290,0.03171,0.01734,0.0000,0.0000,-0.01773,0.12582,0.04111,0,0,0.729,0.407,in_circle
59.829,1,1291,0.02780,0.01570,-0.2153,-0.0898,-0.05327,0.14575,0.03690,1,1,0.137,0.230,in_circle
59.878,1,1292,0.02780,0.01570,0.0000,0.0000,-0.07878,0.15835,0.03690,0,0,0.800,0.593,in_circle
59.916,1,1293,0.02969,0.01458,0.1039,-0.0616,-0.07874,0.15249,0.03846,1,1,0.146,0.234,in_circle
59.959,1,1294,0.03211,0.01533,0.1334,0.0411,-0.08584,0.12672,0.04099,1,1,-0.276,0.482,in_circle
60.001,1,1295,0.03536,0.01712,0.1786,0.0984,-0.09212,0.11696,0.04457,1,1,-0.398,0.070,in_circle
60.046,1,1296,0.04087,0.01975,0.3032,0.1448,-0.07626,0.08951,0.05058,0,1,-0.570,-0.149,running
60.089,1,1297,0.04559,0.02287,0.2595,0.1715,-0.05978,0.04099,0.05599,0,1,-0.800,-0.304,running
60.134,1,1298,0.04990,0.02621,0.2368,0.1834,-0.01832,-0.01798,0.06113,0,1,-0.800,-0.377,running
60.177,1,1299,0.05302,0.02948,0.1720,0.1802,0.02458,-0.07227,0.06520,0,1,-0.730,-0.396,running
60.224,1,1300,0.05533,0.03245,0.1271,0.1633,0.05130,-0.11608,0.06845,0,1,-0.523,-0.374,running
60.311,1,1301,0.05348,0.03552,-0.1019,0.1686,0.06105,-0.09587,0.06802,0,1,-0.397,-0.320,running
60.354,1,1302,0.04981,0.03537,-0.2020,-0.0080,0.05777,-0.04643,0.06466,0,1,0.266,-0.351,running
60.399,1,1303,0.04519,0.03464,-0.2541,-0.0404,0.03770,-0.01072,0.06023,0,1,0.603,0.163,running
60.442,1,1304,0.04078,0.03329,-0.2422,-0.0743,-0.00223,0.01942,0.05572,0,1,0.800,0.275,running
60.486,1,1305,0.03539,0.03106,-0.2966,-0.1222,-0.02951,0.05212,0.04994,0,1,0.800,0.407,running
60.530,1,1306,0.03013,0.02950,-0.2894,-0.0862,-0.06280,0.09829,0.04462,1,1,0.800,0.610,in_circle
60.579,1,1307,0.02533,0.02911,-0.2642,-0.0213,-0.10046,0.14749,0.04039,1,1,0.800,0.508,in_circle
60.623,1,1308,0.02200,0.02940,-0.1831,0.0160,-0.12039,0.17318,0.03789,1,1,0.800,0.269,in_circle
60.662,1,1309,0.02028,0.03067,-0.0942,0.0696,-0.10965,0.16221,0.03738,1,1,0.800,0.119,in_circle
60.706,1,1310,0.02043,0.03257,0.0081,0.1047,-0.09625,0.15210,0.03877,1,1,0.503,-0.100,in_circle
60.749,1,1311,0.02160,0.03487,0.0643,0.1262,-0.05466,0.14696,0.04120,1,1,0.093,-0.246,in_circle
60.794,1,1312,0.02535,0.03844,0.2063,0.1964,-0.00610,0.12382,0.04638,0,1,-0.135,-0.334,running
60.837,1,1313,0.02901,0.04149,0.2010,0.1682,0.01932,0.07229,0.05113,0,1,-0.673,-0.590,running
60.882,1,1314,0.03274,0.04347,0.2057,0.1085,0.05120,0.00525,0.05521,0,1,-0.636,-0.471,running
60.926,1,1315,0.03597,0.04391,0.1773,0.0246,0.08741,-0.05320,0.05791,0,1,-0.640,-0.257,running
60.971,1,1316,0.03856,0.04427,0.1423,0.0196,0.07654,-0.09366,0.06011,0,1,-0.543,0.023,running
61.014,1,1317,0.03893,0.04376,0.0204,-0.0280,0.03923,-0.10790,0.06008,0,1,-0.432,0.033,running
61.059,1,1318,0.03712,0.04222,-0.0995,-0.0850,0.00491,-0.09036,0.05770,0,1,-0.045,0.186,running
61.103,1,1319,0.03510,0.04175,-0.1111,-0.0254,-0.03049,-0.04657,0.05584,0,1,0.357,0.384,running
61.147,1,1320,0.03115,0.04048,-0.2170,-0.0700,-0.06546,0.01045,0.05202,0,1,0.412,0.193,running
61.190,1,1321,0.02630,0.03933,-0.2670,-0.0632,-0.09319,0.06682,0.04768,0,1,0.800,0.363,running
61.235,1,1322,0.02244,0.03927,-0.2119,-0.0036,-0.08851,0.10941,0.04496,1,1,0.800,0.360,in_circle
61.278,1,1323,0.01938,0.04000,-0.1688,0.0402,-0.07939,0.14344,0.04352,1,1,0.800,0.143,in_circle
61.323,1,1324,0.01733,0.04119,-0.1123,0.0656,-0.07376,0.16912,0.04324,1,1,0.753,-0.027,in_circle
61.367,1,1325,0.01717,0.04285,-0.0093,0.0913,-0.03480,0.17165,0.04451,1,1,0.540,-0.130,in_circle
61.411,1,1326,0.01818,0.04509,0.0557,0.1233,0.01562,0.16095,0.04694,0,1,0.139,-0.233,running
61.454,1,1327,0.02059,0.04641,0.1328,0.0722,0.03909,0.13638,0.04938,0,1,-0.111,-0.356,running
61.498,1,1328,0.02434,0.04763,0.2061,0.0671,0.06403,0.09548,0.05259,0,1,-0.396,-0.169,running
61.541,1,1329,0.02835,0.04739,0.2207,-0.0131,0.07523,0.04598,0.05495,0,1,-0.653,-0.154,running
61.587,1,1330,0.03345,0.04552,0.2805,-0.1028,0.04117,-0.01698,0.05713,0,1,-0.702,0.119,running
61.630,1,1331,0.03673,0.04385,0.1805,-0.0918,0.00532,-0.07026,0.05845,0,1,-0.800,0.415,running
61.675,1,1332,0.03831,0.04179,0.0869,-0.1132,-0.02635,-0.10339,0.05837,0,1,-0.579,0.376,running
61.718,1,1333,0.03833,0.04021,0.0011,-0.0870,-0.05758,-0.12148,0.05743,0,1,-0.281,0.451,running
61.763,1,1334,0.03727,0.03986,-0.0585,-0.0195,-0.08780,-0.10314,0.05637,0,1,-0.000,0.375,running
61.806,1,1335,0.03409,0.03970,-0.1747,-0.0083,-0.09898,-0.05515,0.05377,0,1,0.203,0.154,running
61.850,1,1336,0.02883,0.04036,-0.2894,0.0363,-0.09514,0.00428,0.05023,0,1,0.624,0.121,running
61.894,1,1337,0.02372,0.04189,-0.2813,0.0839,-0.07055,0.06181,0.04777,0,1,0.800,-0.036,running
61.939,1,1338,0.01905,0.04392,-0.2566,0.1114,-0.02601,0.10717,0.04646,0,1,0.800,-0.217,running
61.982,1,1339,0.01489,0.04570,-0.2290,0.0980,0.00590,0.14505,0.04572,0,1,0.800,-0.329,running
62.027,1,1340,0.01158,0.04774,-0.1821,0.1126,0.03401,0.16962,0.04602,0,1,0.800,-0.287,running
62.070,1,1341,0.01037,0.04945,-0.0664,0.0939,0.06570,0.17806,0.04710,0,1,0.779,-0.349,running
62.116,1,1342,0.01130,0.04945,0.0512,-0.0001,0.06125,0.16566,0.04746,0,1,0.343,-0.284,running
62.159,1,1343,0.01351,0.04864,0.1213,-0.0445,0.04934,0.14877,0.04767,0,1,-0.097,0.063,running
62.205,1,1344,0.01725,0.04711,0.2061,-0.0842,0.02665,0.11622,0.04814,0,1,-0.363,0.227,running
62.245,1,1345,0.02135,0.04580,0.2255,-0.0718,-0.02255,0.06658,0.04934,0,1,-0.685,0.374,running
62.333,1,1346,0.02978,0.04272,0.4635,-0.1695,-0.07740,-0.05563,0.05254,0,1,-0.762,0.322,running
62.379,1,1347,0.03251,0.04221,0.1499,-0.0280,-0.08271,-0.08254,0.05419,0,1,-0.800,0.657,running
62.422,1,1348,0.03413,0.04226,0.0895,0.0025,-0.08252,-0.07404,0.05544,0,1,-0.505,0.157,running
62.467,1,1349,0.03370,0.04328,-0.0237,0.0564,-0.10097,-0.07433,0.05579,0,1,-0.303,0.049,running
62.510,1,1350,0.03128,0.04542,-0.1330,0.1175,-0.08005,-0.06710,0.05551,0,1,0.079,-0.139,running
62.555,1,1351,0.02818,0.04830,-0.1704,0.1584,-0.05290,-0.03439,0.05554,0,1,0.455,-0.354,running
62.598,1,1352,0.02474,0.05100,-0.1894,0.1482,-0.01724,0.02999,0.05553,0,1,0.590,-0.504,running
62.642,1,1353,0.02150,0.05429,-0.1782,0.1814,0.02035,0.10176,0.05649,0,1,0.664,-0.480,running
62.686,1,1354,0.01823,0.05684,-0.1801,0.1397,0.04861,0.15904,0.05711,0,1,0.627,-0.600,running
62.732,1,1355,0.01700,0.05868,-0.0677,0.1013,0.07114,0.18482,0.05822,0,1,0.638,-0.470,running
62.775,1,1356,0.01735,0.05855,0.0196,-0.0070,0.07825,0.17781,0.05826,0,1,0.264,-0.349,running
62.817,1,1357,0.01942,0.05700,0.1137,-0.0854,0.05937,0.15564,0.05781,0,1,-0.024,0.003,running
62.870,1,1358,0.02293,0.05432,0.1927,-0.1472,0.02293,0.11770,0.05726,0,1,-0.341,0.265,running
62.907,1,1359,0.02709,0.05134,0.2288,-0.1639,-0.01649,0.07237,0.05721,0,1,-0.618,0.479,running
62.951,1,1360,0.03179,0.04885,0.2590,-0.1366,-0.04801,0.02548,0.05835,0,1,-0.753,0.543,running
62.994,1,1361,0.03680,0.04627,0.2753,-0.1419,-0.07072,-0.01999,0.06009,0,1,-0.800,0.451,running
63.039,1,1362,0.04052,0.04496,0.2046,-0.0724,-0.10458,-0.06546,0.06207,0,1,-0.800,0.462,running
63.083,1,1363,0.04157,0.04450,0.0578,-0.0253,-0.08665,-0.10673,0.06261,0,1,-0.696,0.233,running
63.127,1,1364,0.04142,0.04458,-0.0084,0.0046,-0.09305,-0.12769,0.06254,0,1,-0.244,0.085,running
63.170,1,1365,0.03880,0.04501,-0.1439,0.0236,-0.07440,-0.11077,0.06078,0,1,-0.041,-0.010,running
63.216,1,1366,0.03432,0.04633,-0.2465,0.0724,-0.02725,-0.05870,0.05831,0,1,0.401,-0.070,running
63.259,1,1367,0.02795,0.04760,-0.3507,0.0699,0.00529,0.00412,0.05485,0,1,0.769,-0.234,running
63.303,1,1368,0.02213,0.04946,-0.3200,0.1026,0.03312,0.05833,0.05277,0,1,0.800,-0.234,running
63.349,1,1369,0.01656,0.05047,-0.3063,0.0555,0.06571,0.10842,0.05071,0,1,0.800,-0.357,running
63.392,1,1370,0.01111,0.05020,-0.2995,-0.0152,0.06299,0.14256,0.04807,0,1,0.800,-0.198,running
63.434,1,1371,0.00707,0.04890,-0.2224,-0.0712,0.05591,0.16577,0.04541,1,1,0.800,0.060,in_circle
63.480,1,1372,0.00528,0.04658,-0.0987,-0.1280,0.03685,0.17366,0.04263,1,1,0.800,0.282,in_circle
63.522,1,1373,0.00475,0.04366,-0.0288,-0.1604,-0.00954,0.16300,0.03970,1,1,0.452,0.521,in_circle
63.566,1,1374,0.00597,0.04081,0.0670,-0.1565,-0.04928,0.14686,0.03744,1,1,0.185,0.675,in_circle
63.610,1,1375,0.00828,0.03812,0.1268,-0.1480,-0.07085,0.11550,0.03592,1,1,-0.202,0.665,in_circle
63.655,1,1376,0.01121,0.03614,0.1612,-0.1089,-0.10535,0.07364,0.03563,1,1,-0.447,0.637,in_circle
63.697,1,1377,0.01427,0.03605,0.1684,-0.0049,-0.10471,0.00983,0.03729,1,1,-0.593,0.483,in_circle
63.744,1,1378,0.01706,0.03717,0.1536,0.0616,-0.10250,-0.04930,0.03987,1,1,-0.631,0.067,in_circle
63.786,1,1379,0.01892,0.03895,0.1020,0.0979,-0.08360,-0.09334,0.04242,1,1,-0.579,-0.204,in_circle
63.831,1,1380,0.01893,0.04134,0.0008,0.1312,-0.04820,-0.11414,0.04431,1,1,-0.372,-0.349,in_circle
63.874,1,1381,0.01679,0.04409,-0.1178,0.1515,-0.00873,-0.09774,0.04534,1,1,0.019,-0.480,in_circle
63.918,1,1382,0.01332,0.04630,-0.1906,0.1216,0.02133,-0.06003,0.04550,0,1,0.472,-0.563,running
63.961,1,1383,0.00830,0.04828,-0.2763,0.1085,0.05083,0.00162,0.04524,1,1,0.755,-0.457,in_circle
64.006,1,1384,0.00306,0.04892,-0.2881,0.0354,0.07904,0.05767,0.04427,1,1,0.800,-0.416,in_circle
64.050,1,1385,-0.00176,0.04858,-0.2653,-0.0187,0.06593,0.10764,0.04300,1,1,0.800,-0.141,in_circle
64.095,1,1386,-0.00566,0.04649,-0.2145,-0.1146,0.04301,0.14693,0.04055,1,1,0.800,0.068,in_circle
64.138,1,1387,-0.00802,0.04363,-0.1298,-0.1577,0.01177,0.16944,0.03763,1,1,0.800,0.460,in_circle
64.183,1,1388,-0.00885,0.04055,-0.0455,-0.1692,-0.02781,0.17548,0.03457,1,1,0.611,0.642,in_circle
64.226,1,1389,-0.00826,0.03752,0.0325,-0.1667,-0.06310,0.16119,0.03152,1,1,0.276,0.694,in_circle
64.273,1,1390,-0.00557,0.03499,0.1480,-0.1394,-0.08844,0.13769,0.02907,1,1,-0.038,0.690,in_circle
64.362,1,1391,0.00097,0.03349,0.3596,-0.0822,-0.11003,0.04396,0.02886,1,1,-0.507,0.585,in_circle
64.403,1,1392,0.00424,0.03428,0.1795,0.0435,-0.10816,0.00290,0.03074,1,1,-0.800,0.358,in_circle
64.447,1,1393,0.00818,0.03674,0.2169,0.1354,-0.10216,-0.01711,0.03465,1,1,-0.658,-0.147,in_circle
64.491,1,1394,0.01134,0.04051,0.1739,0.2071,-0.07939,-0.03337,0.03946,1,1,-0.800,-0.523,in_circle
64.534,1,1395,0.01242,0.04431,0.0596,0.2088,-0.03882,-0.05600,0.04332,1,1,-0.655,-0.800,in_circle
64.578,1,1396,0.01285,0.04854,0.0234,0.2329,-0.00268,-0.07379,0.04729,0,1,-0.197,-0.800,running
64.624,1,1397,0.01100,0.05244,-0.1020,0.2143,0.03099,-0.06636,0.05010,0,1,-0.059,-0.800,running
64.666,1,1398,0.00854,0.05561,-0.1350,0.1745,0.06622,-0.03955,0.05223,0,1,0.396,-0.800,running
64.711,1,1399,0.00573,0.05731,-0.1545,0.0937,0.09289,0.01441,0.05307,0,1,0.508,-0.680,running
64.754,1,1400,0.00256,0.05714,-0.1744,-0.0098,0.09416,0.07994,0.05218,0,1,0.579,-0.403,running
64.798,1,1401,-0.00010,0.05541,-0.1465,-0.0949,0.07210,0.13912,0.05001,0,1,0.665,-0.043,running
64.843,1,1402,-0.00030,0.05202,-0.0106,-0.1864,0.03838,0.17569,0.04663,0,1,0.588,0.273,running
64.886,1,1403,0.00031,0.04761,0.0332,-0.2429,-0.00542,0.18074,0.04239,1,1,0.102,0.644,in_circle
64.932,1,1404,0.00285,0.04325,0.1402,-0.2398,-0.03124,0.16112,0.03874,1,1,-0.068,0.800,in_circle
64.974,1,1405,0.00629,0.03839,0.1891,-0.2668,-0.06350,0.12201,0.03533,1,1,-0.504,0.800,in_circle
65.020,1,1406,0.01146,0.03471,0.2842,-0.2025,-0.09930,0.07352,0.03457,1,1,-0.709,0.800,in_circle
65.062,1,1407,0.01637,0.03214,0.2700,-0.1416,-0.11076,0.02536,0.03560,1,1,-0.800,0.800,in_circle
65.106,1,1408,0.02162,0.03106,0.2886,-0.0591,-0.10929,-0.02084,0.03865,1,1,-0.800,0.572,in_circle
65.149,1,1409,0.02484,0.03085,0.1773,-0.0119,-0.10359,-0.06259,0.04102,1,1,-0.800,0.243,in_circle
65.195,1,1410,0.02696,0.03164,0.1164,0.0435,-0.08867,-0.10082,0.04319,1,1,-0.708,0.052,in_circle
65.238,1,1411,0.02809,0.03286,0.0626,0.0669,-0.06672,-0.11538,0.04483,1,1,-0.467,-0.170,in_circle
65.282,1,1412,0.02701,0.03506,-0.0598,0.1214,-0.02789,-0.09955,0.04535,1,1,-0.262,-0.262,in_circle
65.326,1,1413,0.02495,0.03748,-0.1133,0.1329,0.00828,-0.05354,0.04542,1,1,0.203,-0.475,in_circle
65.371,1,1414,0.02098,0.03867,-0.2182,0.0654,0.03620,0.00958,0.04354,1,1,0.409,-0.527,in_circle
65.415,1,1415,0.01702,0.03990,-0.2180,0.0675,0.07119,0.06556,0.04201,1,1,0.800,-0.278,in_circle
65.460,1,1416,0.01283,0.03956,-0.2302,-0.0187,0.08101,0.11054,0.03939,1,1,0.800,-0.292,in_circle
65.505,1,1417,0.00960,0.03840,-0.1777,-0.0636,0.04754,0.14844,0.03678,1,1,0.800,0.050,in_circle
65.546,1,1418,0.00818,0.03659,-0.0778,-0.0995,0.00694,0.16977,0.03452,1,1,0.735,0.231,in_circle
65.590,1,1419,0.00810,0.03336,-0.0045,-0.1776,-0.01932,0.17567,0.03165,1,1,0.338,0.378,in_circle
65.635,1,1420,0.00986,0.03180,0.0967,-0.0857,-0.05289,0.15835,0.03127,1,1,0.044,0.697,in_circle
65.678,1,1421,0.01267,0.02953,0.1545,-0.1252,-0.08993,0.12771,0.03119,1,1,-0.366,0.332,in_circle
65.724,1,1422,0.01666,0.02904,0.2197,-0.0267,-0.11383,0.08053,0.03361,1,1,-0.605,0.495,in_circle
65.767,1,1423,0.02099,0.02891,0.2380,-0.0072,-0.08696,0.03270,0.03680,1,1,-0.800,0.101,in_circle
65.812,1,1424,0.02498,0.03033,0.2196,0.0778,-0.07984,-0.02366,0.04082,1,1,-0.800,0.022,in_circle
65.854,1,1425,0.02847,0.03279,0.1918,0.1356,-0.06600,-0.07572,0.04509,1,1,-0.800,-0.321,in_circle
65.900,1,1426,0.03027,0.03530,0.0987,0.1377,-0.01162,-0.10860,0.04803,0,1,-0.769,-0.540,running
65.942,1,1427,0.03010,0.03735,-0.0093,0.1132,0.02663,-0.11272,0.04919,0,1,-0.416,-0.544,running
65.987,1,1428,0.02899,0.03860,-0.0607,0.0685,0.05108,-0.09178,0.04916,0,1,-0.023,-0.458,running
66.030,1,1429,0.02425,0.03893,-0.2609,0.0181,0.07137,-0.04714,0.04595,0,1,0.166,-0.301,running
66.075,1,1430,0.01989,0.03858,-0.2398,-0.0190,0.05635,0.00629,0.04276,1,1,0.800,-0.117,in_circle
66.119,1,1431,0.01445,0.03742,-0.2990,-0.0639,0.02511,0.06048,0.03850,1,1,0.800,0.029,in_circle
66.161,1,1432,0.00989,0.03524,-0.2508,-0.1200,-0.01440,0.10778,0.03418,1,1,0.800,0.217,in_circle
66.207,1,1433,0.00645,0.03341,-0.1892,-0.1010,-0.04868,0.14501,0.03089,1,1,0.800,0.446,in_circle
66.250,1,1434,0.00465,0.03146,-0.0993,-0.1071,-0.07650,0.16764,0.02834,1,1,0.770,0.373,in_circle
66.295,1,1435,0.00345,0.03155,-0.0660,0.0052,-0.11059,0.16958,0.02792,1,1,0.414,0.402,in_circle
66.383,1,1436,0.00667,0.03540,0.1771,0.2119,-0.08759,0.13405,0.03277,1,1,0.283,-0.050,in_circle
66.426,1,1437,0.00975,0.03846,0.1695,0.1680,-0.09845,0.10509,0.03690,1,1,-0.698,-0.800,in_circle
66.472,1,1438,0.01338,0.04227,0.1994,0.2099,-0.06973,0.08446,0.04200,1,1,-0.676,-0.721,in_circle
66.514,1,1439,0.01844,0.04653,0.2785,0.2339,-0.01516,0.05004,0.04828,0,1,-0.792,-0.800,running
66.559,1,1440,0.02327,0.05099,0.2657,0.2453,0.01444,-0.00173,0.05467,0,1,-0.800,-0.800,running
66.602,1,1441,0.02631,0.05398,0.1671,0.1647,0.03676,-0.05530,0.05887,0,1,-0.800,-0.800,running
66.647,1,1442,0.02875,0.05702,0.1342,0.1673,0.08266,-0.09473,0.06276,0,1,-0.619,-0.675,running
66.689,1,1443,0.02994,0.05862,0.0656,0.0881,0.10307,-0.12479,0.06476,0,1,-0.508,-0.681,running
66.735,1,1444,0.02922,0.05931,-0.0395,0.0377,0.08262,-0.11207,0.06491,0,1,-0.301,-0.442,running
66.777,1,1445,0.02710,0.05896,-0.1166,-0.0191,0.06374,-0.06583,0.06343,0,1,0.016,-0.296,running
66.823,1,1446,0.02361,0.05700,-0.1923,-0.1080,0.02816,0.00309,0.05989,0,1,0.264,-0.121,running
66.867,1,1447,0.02116,0.05494,-0.1347,-0.1135,-0.01676,0.06529,0.05686,0,1,0.540,0.181,running
66.912,1,1448,0.01736,0.05293,-0.2089,-0.1102,-0.04796,0.11915,0.05325,0,1,0.383,0.224,running
66.954,1,1449,0.01527,0.05073,-0.1149,-0.1212,-0.07287,0.14436,0.05033,0,1,0.676,0.242,running
66.998,1,1450,0.01479,0.04974,-0.0262,-0.0544,-0.09033,0.14834,0.04923,0,1,0.372,0.306,running
67.042,1,1451,0.01533,0.04888,0.0297,-0.0470,-0.08812,0.14318,0.04873,0,1,0.057,0.072,running
67.086,1,1452,0.01744,0.04937,0.1161,0.0269,-0.07635,0.13208,0.05018,0,1,-0.148,0.049,running
67.130,1,1453,0.02019,0.05026,0.1513,0.0489,-0.05149,0.09972,0.05237,0,1,-0.466,-0.226,running
67.175,1,1454,0.02395,0.05101,0.2065,0.0413,-0.00832,0.04985,0.05508,0,1,-0.592,-0.310,running
67.218,1,1455,0.02616,0.05232,0.1214,0.0717,0.03137,-0.01364,0.05743,0,1,-0.781,-0.290,running
67.263,1,1456,0.02861,0.05295,0.1350,0.0349,0.05679,-0.07071,0.05941,0,1,-0.493,-0.398,running
67.306,1,1457,0.03024,0.05295,0.0895,0.0003,0.06698,-0.10919,0.06043,0,1,-0.540,-0.283,running
67.351,1,1458,0.03046,0.05237,0.0120,-0.0322,0.05984,-0.11469,0.06011,0,1,-0.399,-0.176,running
67.394,1,1459,0.02824,0.05067,-0.1217,-0.0936,0.03792,-0.07602,0.05740,0,1,-0.155,-0.071,running
67.439,1,1460,0.02563,0.04956,-0.1436,-0.0608,-0.01032,-0.01431,0.05491,0,1,0.297,0.146,running
67.483,1,1461,0.02247,0.04768,-0.1740,-0.1037,-0.04397,0.04649,0.05151,0,1,0.395,0.050,running
67.527,1,1462,0.01852,0.04591,-0.2172,-0.0971,-0.07281,0.08933,0.04781,0,1,0.536,0.222,running
67.572,1,1463,0.01561,0.04463,-0.1601,-0.0706,-0.07396,0.12411,0.04517,1,1,0.737,0.224,in_circle
67.616,1,1464,0.01343,0.04351,-0.1200,-0.0613,-0.07443,0.15177,0.04310,1,1,0.554,0.141,in_circle
67.659,1,1465,0.01307,0.04381,-0.0198,0.0160,-0.06759,0.16616,0.04318,1,1,0.419,0.116,in_circle
67.704,1,1466,0.01439,0.04434,0.0728,0.0293,-0.03975,0.16396,0.04430,1,1,0.030,-0.186,in_circle
67.746,1,1467,0.01705,0.04508,0.1461,0.0409,0.00007,0.12880,0.04631,0,1,-0.331,-0.242,running
67.791,1,1468,0.02086,0.04542,0.2097,0.0188,0.02788,0.07126,0.04874,0,1,-0.610,-0.290,running
67.834,1,1469,0.02472,0.04560,0.2125,0.0097,0.05751,0.01590,0.05124,0,1,-0.800,-0.213,running
67.879,1,1470,0.02728,0.04413,0.1404,-0.0808,0.06012,-0.02971,0.05181,0,1,-0.800,-0.186,running
67.923,1,1471,0.02974,0.04209,0.1355,-0.1123,0.03897,-0.06597,0.05207,0,1,-0.601,0.135,running
67.967,1,1472,0.03146,0.04000,0.0945,-0.1148,0.00693,-0.09833,0.05194,0,1,-0.592,0.249,running
68.010,1,1473,0.03113,0.03690,-0.0180,-0.1708,-0.02844,-0.10132,0.04970,0,1,-0.455,0.264,running
68.055,1,1474,0.02868,0.03421,-0.1350,-0.1478,-0.06190,-0.07172,0.04611,0,1,-0.053,0.488,running
68.098,1,1475,0.02525,0.03207,-0.1886,-0.1177,-0.09279,-0.00920,0.04209,1,1,0.401,0.438,in_circle
68.143,1,1476,0.02134,0.03095,-0.2147,-0.0616,-0.11686,0.05161,0.03836,1,1,0.647,0.354,in_circle
68.186,1,1477,0.01806,0.03190,-0.1806,0.0526,-0.10430,0.10455,0.03660,1,1,0.779,0.144,in_circle
68.232,1,1478,0.01497,0.03332,-0.1698,0.0778,-0.08456,0.13430,0.03557,1,1,0.650,-0.317,in_circle
68.274,1,1479,0.01361,0.03525,-0.0748,0.1064,-0.04955,0.15655,0.03625,1,1,0.613,-0.422,in_circle
68.319,1,1480,0.01344,0.03784,-0.0097,0.1422,-0.01288,0.16985,0.03827,1,1,0.236,-0.543,in_circle
68.408,1,1481,0.01728,0.04341,0.2115,0.3067,0.05095,0.13305,0.04504,1,1,-0.026,-0.695,in_circle
68.451,1,1482,0.02144,0.04462,0.2284,0.0664,0.05421,0.09495,0.04844,0,1,-0.800,-0.800,running
68.495,1,1483,0.02578,0.04507,0.2390,0.0244,0.07061,0.06158,0.05152,0,1,-0.800,-0.406,running
68.539,1,1484,0.03047,0.04394,0.2579,-0.0620,0.10166,0.03571,0.05389,0,1,-0.800,-0.258,running
68.582,1,1485,0.03504,0.04131,0.2511,-0.1448,0.06267,-0.00553,0.05551,0,1,-0.800,0.039,running
68.627,1,1486,0.03890,0.03814,0.2123,-0.1743,0.01762,-0.06496,0.05669,0,1,-0.800,0.319,running
68.670,1,1487,0.04036,0.03491,0.0807,-0.1776,-0.00747,-0.11702,0.05617,0,1,-0.800,0.417,running
68.716,1,1488,0.04088,0.03185,0.0286,-0.1684,-0.03555,-0.14290,0.05512,0,1,-0.453,0.442,running
68.760,1,1489,0.03818,0.02883,-0.1488,-0.1661,-0.07578,-0.12750,0.05133,0,1,-0.281,0.429,running
68.802,1,1490,0.03394,0.02583,-0.2331,-0.1649,-0.09701,-0.08154,0.04621,0,1,0.359,0.459,running
68.846,1,1491,0.02724,0.02389,-0.3684,-0.1066,-0.10126,-0.02125,0.03934,1,1,0.728,0.502,in_circle
68.891,1,1492,0.01975,0.02316,-0.4123,-0.0401,-0.10099,0.03630,0.03245,1,1,0.800,0.320,in_circle
68.934,1,1493,0.01285,0.02401,-0.3793,0.0468,-0.09238,0.07802,0.02740,1,1,0.800,0.055,in_circle
68.979,1,1494,0.00689,0.02684,-0.3277,0.1556,-0.05972,0.11176,0.02550,1,1,0.800,-0.295,in_circle
69.029,1,1495,0.00689,0.02684,0.0000,0.0000,-0.01885,0.14374,0.02550,0,0,0.800,-0.739,in_circle
69.069,1,1496,-0.00228,0.03095,-0.5044,0.2257,0.01257,0.16904,0.02555,1,1,-0.071,-0.117,in_circle
69.112,1,1497,-0.00481,0.03265,-0.1390,0.0935,0.03884,0.17748,0.02681,1,1,0.800,-0.800,in_circle
69.154,1,1498,-0.00553,0.03461,-0.0396,0.1081,0.02179,0.16322,0.02870,1,1,0.514,-0.508,in_circle
69.199,1,1499,-0.00443,0.03564,0.0606,0.0567,0.01965,0.14184,0.02983,1,1,0.118,-0.572,in_circle
70.915,2,0,0.03580,0.01057,-0.0075,-0.0652,-0.01810,0.04312,0.04384,1,1,-0.162,-0.085,in_circle
71.002,2,1,0.03443,0.00886,-0.0755,-0.0942,-0.01466,0.03842,0.04233,1,1,-0.136,0.169,in_circle
71.047,2,2,0.03424,0.00771,-0.0102,-0.0632,-0.01870,0.02613,0.04208,1,1,0.136,0.291,in_circle
71.091,2,3,0.03432,0.00735,0.0045,-0.0201,-0.03500,0.02142,0.04215,1,1,-0.120,0.173,in_circle
71.133,2,4,0.03347,0.00705,-0.0469,-0.0160,-0.07467,0.02199,0.04128,1,1,-0.180,0.005,in_circle
71.179,2,5,0.03273,0.00754,-0.0410,0.0265,-0.07372,0.03401,0.04056,1,1,0.025,-0.010,in_circle
71.222,2,6,0.03184,0.00758,-0.0488,0.0022,-0.03646,0.03190,0.03967,1,1,0.004,-0.180,in_circle
71.267,2,7,0.03116,0.00845,-0.0374,0.0478,-0.01026,0.03668,0.03904,1,1,0.038,-0.083,in_circle
71.311,2,8,0.03109,0.00919,-0.0039,0.0411,0.01706,0.04769,0.03902,1,1,-0.008,-0.268,in_circle
71.356,2,9,0.03005,0.00886,-0.0570,-0.0181,0.02946,0.05767,0.03796,1,1,-0.143,-0.243,in_circle
71.399,2,10,0.03079,0.00751,0.0403,-0.0744,0.03904,0.06436,0.03862,1,1,0.070,-0.006,in_circle
71.444,2,11,0.03142,0.00591,0.0351,-0.0884,0.04222,0.06024,0.03922,1,1,-0.322,0.223,in_circle
71.486,2,12,0.03195,0.00317,0.0290,-0.1507,0.00384,0.06002,0.03985,1,1,-0.305,0.283,in_circle
71.530,2,13,0.03292,0.00059,0.0534,-0.1416,-0.03554,0.05464,0.04108,1,1,-0.284,0.539,in_circle
71.574,2,14,0.03399,-0.00185,0.0585,-0.1342,-0.06441,0.02543,0.04252,1,1,-0.385,0.504,in_circle
71.620,2,15,0.03522,-0.00313,0.0678,-0.0707,-0.09517,-0.01515,0.04398,1,1,-0.410,0.474,in_circle
71.662,2,16,0.03526,-0.00389,0.0025,-0.0414,-0.09881,-0.04720,0.04418,1,1,-0.450,0.227,in_circle
71.707,2,17,0.03373,-0.00365,-0.0844,0.0133,-0.09230,-0.06902,0.04263,1,1,-0.202,0.116,in_circle
71.751,2,18,0.03179,-0.00232,-0.1068,0.0731,-0.07713,-0.06730,0.04045,1,1,0.142,-0.095,in_circle
71.794,2,19,0.02785,-0.00027,-0.2165,0.1124,-0.02551,-0.03563,0.03620,1,1,0.246,-0.338,in_circle
71.840,2,20,0.02445,0.00191,-0.1870,0.1202,0.00798,0.02122,0.03251,1,1,0.696,-0.502,in_circle
71.882,2,21,0.02140,0.00341,-0.1676,0.0823,0.03315,0.07875,0.02932,1,1,0.585,-0.539,in_circle
71.927,2,22,0.01790,0.00422,-0.1927,0.0445,0.07287,0.12476,0.02576,1,1,0.514,-0.390,in_circle
71.972,2,23,0.01530,0.00390,-0.1432,-0.0173,0.08159,0.15844,0.02319,1,1,0.622,-0.242,in_circle
72.015,2,24,0.01485,0.00214,-0.0245,-0.0972,0.05364,0.16654,0.02298,1,1,0.429,0.007,in_circle
72.059,2,25,0.01561,-0.00028,0.0419,-0.1329,0.02542,0.15267,0.02424,1,1,-0.045,0.331,in_circle
72.102,2,26,0.01904,-0.00314,0.1884,-0.1570,-0.01335,0.13450,0.02835,1,1,-0.314,0.480,in_circle
72.147,2,27,0.02180,-0.00635,0.1516,-0.1770,-0.04946,0.08416,0.03207,1,1,-0.800,0.584,in_circle
72.190,2,28,0.02528,-0.00932,0.1913,-0.1630,-0.07929,0.01901,0.03645,1,1,-0.771,0.673,in_circle
72.235,2,29,0.02887,-0.01182,0.1975,-0.1379,-0.10687,-0.03339,0.04077,1,1,-0.800,0.625,in_circle
72.279,2,30,0.03120,-0.01339,0.1283,-0.0862,-0.10210,-0.07412,0.04355,1,1,-0.800,0.528,in_circle
72.324,2,31,0.03254,-0.01338,0.0740,0.0004,-0.10150,-0.10000,0.04476,1,1,-0.694,0.320,in_circle
72.367,2,32,0.03166,-0.01224,-0.0484,0.0629,-0.09228,-0.10549,0.04348,1,1,-0.489,-0.012,in_circle
72.411,2,33,0.02947,-0.01002,-0.1209,0.1219,-0.06408,-0.08741,0.04057,1,1,-0.017,-0.257,in_circle
72.454,2,34,0.02599,-0.00801,-0.1910,0.1108,-0.01948,-0.04305,0.03658,1,1,0.286,-0.506,in_circle
72.499,2,35,0.02118,-0.00585,-0.2647,0.1187,0.01188,0.02548,0.03131,1,1,0.578,-0.469,in_circle
72.544,2,36,0.01642,-0.00494,-0.2618,0.0502,0.04181,0.09362,0.02658,1,1,0.800,-0.506,in_circle
72.587,2,37,0.01163,-0.00436,-0.2638,0.0318,0.06063,0.13704,0.02201,1,1,0.800,-0.233,in_circle
72.632,2,38,0.00952,-0.00535,-0.1158,-0.0546,0.06313,0.15919,0.02071,1,1,0.800,-0.161,in_circle
72.676,2,39,0.00865,-0.00657,-0.0480,-0.0673,0.03610,0.16856,0.02070,1,1,0.314,0.188,in_circle
72.719,2,40,0.01021,-0.00971,0.0859,-0.1726,-0.00487,0.16416,0.02390,1,1,0.045,0.242,in_circle
72.762,2,41,0.01300,-0.01201,0.1534,-0.1265,-0.03648,0.14980,0.02751,1,1,-0.496,0.672,in_circle
72.807,2,42,0.01739,-0.01430,0.2418,-0.1258,-0.06425,0.10950,0.03235,1,1,-0.773,0.494,in_circle
72.850,2,43,0.02296,-0.01506,0.3059,-0.0420,-0.10143,0.04475,0.03728,1,1,-0.800,0.498,in_circle
72.895,2,44,0.02776,-0.01523,0.2642,-0.0094,-0.09513,-0.02575,0.04142,1,1,-0.800,0.165,in_circle
72.938,2,45,0.03251,-0.01399,0.2612,0.0685,-0.08179,-0.06811,0.04499,1,1,-0.800,0.037,in_circle
73.027,2,46,0.03857,-0.00963,0.3336,0.2395,-0.02637,-0.09773,0.04894,0,1,-0.800,-0.258,running
73.071,2,47,0.03780,-0.00838,-0.0424,0.0686,-0.01504,-0.09157,0.04782,0,1,-0.800,-0.800,running
73.114,2,48,0.03512,-0.00575,-0.1474,0.1447,-0.00882,-0.08340,0.04450,1,1,-0.095,-0.263,in_circle
73.159,2,49,0.03075,-0.00337,-0.2405,0.1311,0.04147,-0.06235,0.03967,1,1,0.325,-0.571,in_circle
73.203,2,50,0.02646,-0.00181,-0.2362,0.0856,0.02807,-0.01407,0.03514,1,1,0.742,-0.551,in_circle
73.246,2,51,0.02247,-0.00139,-0.2191,0.0233,0.01662,0.05549,0.03116,1,1,0.734,-0.373,in_circle
73.291,2,52,0.01743,-0.00094,-0.2772,0.0249,0.04116,0.11092,0.02617,1,1,0.675,-0.124,in_circle
73.335,2,53,0.01296,-0.00224,-0.2459,-0.0715,0.00520,0.14875,0.02234,1,1,0.800,-0.132,in_circle
73.381,2,54,0.01100,-0.00400,-0.1079,-0.0969,-0.04170,0.16486,0.02129,1,1,0.800,0.258,in_circle
73.424,2,55,0.01144,-0.00578,0.0242,-0.0980,-0.05621,0.16617,0.02256,1,1,0.256,0.364,in_circle
73.467,2,56,0.01399,-0.00734,0.1403,-0.0859,-0.07927,0.15757,0.02555,1,1,-0.275,0.373,in_circle
73.510,2,57,0.01811,-0.00757,0.2265,-0.0125,-0.10692,0.13939,0.02925,1,1,-0.746,0.330,in_circle
73.555,2,58,0.02310,-0.00736,0.2743,0.0114,-0.09952,0.09498,0.03366,1,1,-0.800,0.037,in_circle
73.598,2,59,0.02836,-0.00517,0.2892,0.1204,-0.07396,0.03343,0.03784,1,1,-0.800,-0.059,in_circle
73.643,2,60,0.03386,-0.00202,0.3026,0.1732,-0.04793,-0.02538,0.04243,1,1,-0.800,-0.499,in_circle
73.686,2,61,0.03888,0.00100,0.2762,0.1663,-0.00804,-0.06328,0.04695,0,1,-0.800,-0.700,running
73.731,2,62,0.04251,0.00331,0.1997,0.1272,0.03027,-0.08922,0.05038,0,1,-0.800,-0.650,running
73.774,2,63,0.04378,0.00571,0.0699,0.1318,0.06114,-0.09915,0.05158,0,1,-0.800,-0.493,running
73.819,2,64,0.04291,0.00579,-0.0478,0.0042,0.07826,-0.08864,0.05072,0,1,-0.549,-0.510,running
73.862,2,65,0.04174,0.00615,-0.0647,0.0201,0.06092,-0.06690,0.04954,0,1,-0.129,-0.059,running
73.909,2,66,0.03829,0.00493,-0.1898,-0.0674,0.03823,-0.01236,0.04610,0,1,-0.061,-0.118,running
73.950,2,67,0.03458,0.00258,-0.2037,-0.1292,0.00833,0.04515,0.04252,1,1,0.434,0.211,in_circle
73.995,2,68,0.03066,0.00053,-0.2157,-0.1127,-0.03466,0.09832,0.03885,1,1,0.532,0.468,in_circle
74.040,2,69,0.02813,-0.00208,-0.1393,-0.1432,-0.06277,0.13252,0.03683,1,1,0.613,0.420,in_circle
74.084,2,70,0.02705,-0.00334,-0.0593,-0.0697,-0.09385,0.15594,0.03608,1,1,0.313,0.549,in_circle
74.127,2,71,0.02838,-0.00453,0.0731,-0.0650,-0.10735,0.16795,0.03768,1,1,-0.006,0.258,in_circle
74.172,2,72,0.03113,-0.00387,0.1511,0.0360,-0.10438,0.15744,0.04016,1,1,-0.541,0.243,in_circle
74.215,2,73,0.03557,-0.00198,0.2443,0.1042,-0.08662,0.11752,0.04410,1,1,-0.800,-0.162,in_circle
74.259,2,74,0.04117,0.00036,0.3079,0.1283,-0.04414,0.05119,0.04929,0,1,-0.800,-0.421,running
74.303,2,75,0.04576,0.00356,0.2527,0.1763,-0.00842,-0.01185,0.05362,0,1,-0.800,-0.491,running
74.348,2,76,0.05002,0.00662,0.2341,0.1680,0.02384,-0.05205,0.05782,0,1,-0.800,-0.644,running
74.390,2,77,0.05346,0.00824,0.1893,0.0893,0.05864,-0.07585,0.06130,0,1,-0.800,-0.596,running
74.436,2,78,0.05480,0.00900,0.0739,0.0418,0.09108,-0.08787,0.06267,0,1,-0.800,-0.332,running
74.478,2,79,0.05437,0.00844,-0.0239,-0.0307,0.08961,-0.08766,0.06222,0,1,-0.630,-0.183,running
74.524,2,80,0.05208,0.00530,-0.1259,-0.1726,0.05282,-0.07098,0.05988,0,1,-0.327,0.044,running
74.568,2,81,0.04950,0.00128,-0.1417,-0.2215,0.01624,-0.04177,0.05750,0,1,0.015,0.513,running
74.610,2,82,0.04541,-0.00230,-0.2253,-0.1966,-0.01662,0.02274,0.05385,0,1,0.092,0.705,running
74.655,2,83,0.04085,-0.00577,-0.2509,-0.1911,-0.05160,0.08608,0.05005,0,1,0.422,0.662,running
74.698,2,84,0.03665,-0.00909,-0.2308,-0.1826,-0.08408,0.13253,0.04694,0,1,0.570,0.681,running
74.743,2,85,0.03362,-0.01079,-0.1669,-0.0935,-0.11254,0.15790,0.04469,1,1,0.544,0.682,in_circle
74.786,2,86,0.03204,-0.01228,-0.0865,-0.0818,-0.11479,0.17164,0.04384,1,1,0.333,0.362,in_circle
74.831,2,87,0.03307,-0.01237,0.0566,-0.0046,-0.11261,0.15889,0.04481,1,1,0.034,0.325,in_circle
74.874,2,88,0.03487,-0.01089,0.0987,0.0812,-0.09254,0.13546,0.04589,0,1,-0.521,0.029,running
74.919,2,89,0.03740,-0.00867,0.1392,0.1221,-0.05114,0.09596,0.04752,0,1,-0.686,-0.296,running
74.964,2,90,0.04114,-0.00614,0.2059,0.1391,-0.01670,0.03203,0.05042,0,1,-0.800,-0.447,running
75.052,2,91,0.04723,-0.00152,0.3350,0.2544,0.04731,-0.06890,0.05554,0,1,-0.800,-0.498,running
75.096,2,92,0.04850,-0.00027,0.0700,0.0685,0.05179,-0.08598,0.05665,0,1,-0.800,-0.800,running
75.139,2,93,0.04725,0.00046,-0.0689,0.0401,0.06332,-0.07963,0.05533,0,1,-0.628,-0.243,running
75.183,2,94,0.04491,-0.00116,-0.1290,-0.0889,0.10836,-0.07259,0.05319,0,1,-0.156,-0.153,running
75.226,2,95,0.04089,-0.00408,-0.2207,-0.1606,0.08432,-0.06270,0.04973,0,1,0.070,0.296,running
75.271,2,96,0.03560,-0.00765,-0.2912,-0.1967,0.02249,-0.02140,0.04550,1,1,0.438,0.576,in_circle
75.315,2,97,0.03020,-0.01218,-0.2971,-0.2490,-0.00884,0.05104,0.04213,1,1,0.765,0.748,in_circle
75.360,2,98,0.02529,-0.01715,-0.2698,-0.2734,-0.02863,0.11972,0.04039,1,1,0.800,0.800,in_circle
75.403,2,99,0.02081,-0.02203,-0.2469,-0.2682,-0.06984,0.15966,0.04005,1,1,0.773,0.800,in_circle
75.447,2,100,0.01806,-0.02571,-0.1509,-0.2023,-0.10361,0.17171,0.04092,1,1,0.696,0.800,in_circle
75.491,2,101,0.01715,-0.02874,-0.0502,-0.1667,-0.11984,0.16372,0.04277,1,1,0.311,0.800,in_circle
75.534,2,102,0.01737,-0.03034,0.0121,-0.0881,-0.11804,0.15072,0.04421,1,1,-0.093,0.712,in_circle
75.579,2,103,0.01892,-0.03080,0.0853,-0.0254,-0.11741,0.12459,0.04548,1,1,-0.338,0.410,in_circle
75.623,2,104,0.02079,-0.02948,0.1031,0.0730,-0.10591,0.07596,0.04557,0,1,-0.621,0.174,running
75.667,2,105,0.02391,-0.02695,0.1716,0.1391,-0.07244,0.00805,0.04573,0,1,-0.694,-0.200,running
75.711,2,106,0.02659,-0.02412,0.1474,0.1553,-0.02531,-0.05355,0.04572,0,1,-0.800,-0.454,running
75.755,2,107,0.02755,-0.02159,0.0528,0.1396,0.00442,-0.09019,0.04484,1,1,-0.800,-0.522,in_circle
75.798,2,108,0.02753,-0.01899,-0.0012,0.1428,0.03332,-0.10839,0.04328,1,1,-0.528,-0.475,in_circle
75.843,2,109,0.02475,-0.01716,-0.1532,0.1009,0.06987,-0.10476,0.03994,1,1,-0.321,-0.504,in_circle
75.887,2,110,0.02091,-0.01667,-0.2113,0.0267,0.07677,-0.08222,0.03658,1,1,0.298,-0.363,in_circle
75.931,2,111,0.01529,-0.01771,-0.3090,-0.0574,0.06072,-0.03168,0.03310,1,1,0.539,-0.066,in_circle
75.974,2,112,0.00983,-0.01958,-0.3002,-0.1023,0.03883,0.02697,0.03106,1,1,0.800,0.274,in_circle
76.026,2,113,0.00983,-0.01958,0.0000,0.0000,-0.00610,0.08484,0.03106,0,0,0.800,0.460,in_circle
76.065,2,114,-0.00197,-0.02481,-0.6491,-0.2878,-0.04321,0.13094,0.03136,1,1,-0.281,0.052,in_circle
76.108,2,115,-0.00731,-0.02747,-0.2938,-0.1463,-0.06582,0.15880,0.03347,1,1,0.800,0.800,in_circle
76.151,2,116,-0.00993,-0.03008,-0.1441,-0.1437,-0.05085,0.16104,0.03614,1,1,0.800,0.659,in_circle
76.195,2,117,-0.01183,-0.03157,-0.1043,-0.0820,-0.05606,0.13935,0.03779,1,1,0.345,0.657,in_circle
76.239,2,118,-0.01310,-0.03177,-0.0697,-0.0110,-0.09460,0.12553,0.03814,1,1,0.190,0.416,in_circle
76.282,2,119,-0.01231,-0.03187,0.0434,-0.0056,-0.10172,0.11655,0.03814,1,1,0.055,0.134,in_circle
76.327,2,120,-0.01121,-0.03157,0.0605,0.0167,-0.07581,0.08588,0.03773,1,1,-0.399,0.114,in_circle
76.370,2,121,-0.00995,-0.03008,0.0689,0.0821,-0.04201,0.02384,0.03614,1,1,-0.470,0.026,in_circle
76.415,2,122,-0.00923,-0.02814,0.0400,0.1065,-0.00969,-0.04707,0.03417,1,1,-0.507,-0.238,in_circle
76.459,2,123,-0.00973,-0.02687,-0.0279,0.0699,0.03135,-0.09729,0.03293,1,1,-0.393,-0.339,in_circle
76.503,2,124,-0.01159,-0.02687,-0.1019,-0.0001,0.06526,-0.11494,0.03309,1,1,-0.120,-0.194,in_circle
76.547,2,125,-0.01506,-0.02759,-0.1911,-0.0394,0.08077,-0.09137,0.03437,1,1,0.181,0.087,in_circle
76.592,2,126,-0.02008,-0.02898,-0.2758,-0.0762,0.04542,-0.03939,0.03707,1,1,0.547,0.248,in_circle
76.634,2,127,-0.02617,-0.03136,-0.3349,-0.1312,0.00558,0.02383,0.04163,1,1,0.800,0.400,in_circle
76.679,2,128,-0.03318,-0.03433,-0.3857,-0.1635,-0.02668,0.07513,0.04765,0,1,0.800,0.622,running
76.722,2,129,-0.03884,-0.03645,-0.3116,-0.1163,-0.05473,0.11084,0.05259,0,1,0.800,0.731,running
76.767,2,130,-0.04325,-0.03825,-0.2424,-0.0991,-0.09511,0.13824,0.05670,0,1,0.800,0.552,running
76.812,2,131,-0.04708,-0.03950,-0.2103,-0.0686,-0.11941,0.16052,0.06010,0,1,0.696,0.492,running
76.855,2,132,-0.04948,-0.03960,-0.1322,-0.0057,-0.10061,0.17043,0.06178,0,1,0.581,0.395,running
76.900,2,133,-0.05038,-0.03840,-0.0497,0.0660,-0.09221,0.15717,0.06152,0,1,0.337,0.200,running
76.942,2,134,-0.04991,-0.03617,0.0259,0.1224,-0.05982,0.12659,0.05960,0,1,0.084,-0.028,running
76.987,2,135,-0.04911,-0.03379,0.0444,0.1312,-0.01576,0.08590,0.05735,0,1,-0.160,-0.224,running
77.075,2,136,-0.04766,-0.02990,0.0795,0.2137,0.04701,-0.02161,0.05365,0,1,-0.227,-0.274,running
77.119,2,137,-0.04840,-0.02821,-0.0404,0.0930,0.05362,-0.05819,0.05309,0,1,-0.365,-0.596,running
77.164,2,138,-0.05006,-0.02800,-0.0914,0.0114,0.05757,-0.05671,0.05424,0,1,0.053,-0.186,running
77.206,2,139,-0.05334,-0.02873,-0.1807,-0.0400,0.08204,-0.05371,0.05728,0,1,0.235,0.101,running
77.251,2,140,-0.05729,-0.03021,-0.2171,-0.0815,0.06032,-0.04444,0.06133,0,1,0.539,0.281,running
77.294,2,141,-0.06228,-0.03275,-0.2744,-0.1395,0.00470,-0.00033,0.06686,0,1,0.650,0.419,running
77.339,2,142,-0.06801,-0.03582,-0.3151,-0.1686,-0.02621,0.06042,0.07331,0,1,0.800,0.593,running
77.382,2,143,-0.07330,-0.03905,-0.2910,-0.1780,-0.04917,0.11537,0.07950,0,1,0.800,0.661,running
77.427,2,144,-0.07809,-0.04170,-0.2636,-0.1453,-0.08889,0.15678,0.08495,0,1,0.795,0.672,running
77.470,2,145,-0.08127,-0.04308,-0.1749,-0.0762,-0.12087,0.17227,0.08836,0,1,0.715,0.588,running
77.515,2,146,-0.08306,-0.04326,-0.0984,-0.0095,-0.11221,0.15849,0.08995,0,1,0.527,0.442,running
77.561,2,147,-0.08353,-0.04203,-0.0258,0.0676,-0.11497,0.14418,0.08967,0,1,0.381,0.311,running
77.604,2,148,-0.08286,-0.03967,0.0367,0.1297,-0.08638,0.11853,0.08786,0,1,0.241,0.151,running
77.646,2,149,-0.08104,-0.03644,0.1005,0.1775,-0.04314,0.07184,0.08464,0,1,0.105,0.003,running
77.691,2,150,-0.07935,-0.03299,0.0929,0.1898,-0.01067,0.01857,0.08148,0,1,-0.058,-0.141,running
77.734,2,151,-0.07843,-0.03001,0.0505,0.1640,0.02204,-0.03611,0.07928,0,1,-0.070,-0.213,running
77.780,2,152,-0.07863,-0.02744,-0.0113,0.1415,0.05900,-0.07317,0.07833,0,1,0.017,-0.183,running
77.823,2,153,-0.08010,-0.02652,-0.0803,0.0505,0.06936,-0.08184,0.07927,0,1,0.168,-0.145,running
77.868,2,154,-0.08216,-0.02584,-0.1134,0.0372,0.04597,-0.05336,0.08089,0,1,0.348,0.080,running
77.910,2,155,-0.08580,-0.02606,-0.2005,-0.0121,0.01786,0.00827,0.08433,0,1,0.439,0.116,running
77.957,2,156,-0.09047,-0.02682,-0.2569,-0.0419,-0.02473,0.07558,0.08895,0,1,0.651,0.239,running
77.999,2,157,-0.09464,-0.02780,-0.2292,-0.0538,-0.05904,0.12939,0.09319,0,1,0.774,0.310,running
78.044,2,158,-0.09770,-0.02766,-0.1686,0.0077,-0.08932,0.16251,0.09600,0,1,0.737,0.340,running
78.087,2,159,-0.09968,-0.02748,-0.1089,0.0102,-0.10529,0.16926,0.09779,0,1,0.635,0.218,running
78.131,2,160,-0.09995,-0.02628,-0.0145,0.0657,-0.10014,0.15959,0.09764,0,1,0.529,0.214,running
78.175,2,161,-0.09887,-0.02441,0.0595,0.1031,-0.07202,0.13641,0.09601,0,1,0.346,0.098,running
78.219,2,162,-0.09728,-0.02141,0.0870,0.1648,-0.03321,0.10281,0.09359,0,1,0.197,0.015,running
78.264,2,163,-0.09503,-0.01882,0.1238,0.1426,0.00380,0.05145,0.09070,0,1,0.138,-0.122,running
78.307,2,164,-0.09319,-0.01651,0.1015,0.1273,0.03588,-0.00959,0.08830,0,1,0.057,-0.089,running
78.352,2,165,-0.09205,-0.01485,0.0626,0.0909,0.05881,-0.06030,0.08679,0,1,0.082,-0.080,running
78.396,2,166,-0.09233,-0.01433,-0.0157,0.0287,0.04550,-0.07301,0.08694,0,1,0.150,-0.019,running
78.439,2,167,-0.09364,-0.01446,-0.0719,-0.0072,0.01738,-0.04692,0.08825,0,1,0.322,0.112,running
78.484,2,168,-0.09567,-0.01561,-0.1118,-0.0628,-0.01586,0.00786,0.09049,0,1,0.454,0.191,running
78.528,2,169,-0.09893,-0.01639,-0.1790,-0.0432,-0.05450,0.07179,0.09384,0,1,0.550,0.310,running
78.571,2,170,-0.10202,-0.01709,-0.1703,-0.0383,-0.08947,0.11831,0.09701,0,1,0.705,0.276,running
78.615,2,171,-0.10426,-0.01703,-0.1230,0.0031,-0.10907,0.14662,0.09917,0,1,1.000,0.270,running
78.661,2,172,-0.10515,-0.01588,-0.0492,0.0631,-0.09783,0.16439,0.09978,0,1,1.000,0.188,running
78.704,2,173,-0.10492,-0.01392,0.0131,0.1082,-0.07227,0.16492,0.09914,0,1,1.000,0.063,running
78.749,2,174,-0.10323,-0.01118,0.0928,0.1506,-0.04312,0.16012,0.09696,0,1,1.000,-0.036,running
78.791,2,175,-0.10024,-0.00865,0.1646,0.1391,-0.00317,0.15442,0.09359,0,1,1.000,-0.133,running
78.835,2,176,-0.09605,-0.00690,0.2301,0.0963,0.03276,0.14101,0.08919,0,1,1.000,-0.122,running
78.878,2,177,-0.09064,-0.00648,0.2976,0.0228,0.05446,0.12784,0.08378,0,1,-0.110,-0.049,running
78.924,2,178,-0.08459,-0.00722,0.3329,-0.0406,0.04819,0.10917,0.07792,0,1,-0.357,0.091,running
78.968,2,179,-0.07760,-0.00905,0.3842,-0.1005,0.01737,0.09105,0.07141,0,1,-0.562,0.243,running
79.011,2,180,-0.07046,-0.01079,0.3929,-0.0959,-0.01785,0.04396,0.06487,0,1,-0.800,0.422,running
79.100,2,181,-0.05765,-0.01495,0.7043,-0.2289,-0.07828,-0.07763,0.05408,0,1,-0.800,0.437,running
79.143,2,182,-0.05333,-0.01592,0.2380,-0.0531,-0.08694,-0.10314,0.05053,0,1,-0.800,0.800,running
79.188,2,183,-0.05037,-0.01594,0.1628,-0.0012,-0.09292,-0.09605,0.04789,0,1,-0.774,0.345,running
79.231,2,184,-0.04954,-0.01492,0.0454,0.0562,-0.09786,-0.08699,0.04669,0,1,-0.535,0.157,running
79.275,2,185,-0.05010,-0.01341,-0.0308,0.0829,-0.09819,-0.07550,0.04654,0,1,-0.108,-0.061,running
79.319,2,186,-0.05203,-0.01099,-0.1060,0.1332,-0.08167,-0.03310,0.04738,0,1,0.180,-0.164,running
79.365,2,187,-0.05448,-0.00719,-0.1350,0.2089,-0.03298,0.04432,0.04851,0,1,0.467,-0.353,running
79.406,2,188,-0.05751,-0.00344,-0.1667,0.2064,0.00191,0.11532,0.05060,0,1,0.580,-0.633,running
79.451,2,189,-0.05945,-0.00045,-0.1068,0.1643,0.02977,0.15957,0.05206,0,1,0.698,-0.617,running
79.494,2,190,-0.06069,0.00186,-0.0678,0.1270,0.06598,0.17614,0.05305,0,1,0.490,-0.465,running
79.540,2,191,-0.05925,0.00195,0.0793,0.0051,0.08497,0.17078,0.05160,0,1,0.359,-0.336,running
79.582,2,192,-0.05705,0.00018,0.1207,-0.0973,0.05647,0.15527,0.04959,0,1,-0.163,0.088,running
79.627,2,193,-0.05297,-0.00317,0.2245,-0.1841,0.02132,0.11789,0.04609,0,1,-0.329,0.463,running
79.671,2,194,-0.04837,-0.00666,0.2527,-0.1921,-0.00761,0.06381,0.04250,1,1,-0.754,0.800,in_circle
79.716,2,195,-0.04424,-0.01032,0.2272,-0.2012,-0.04580,-0.00303,0.03993,1,1,-0.800,0.800,in_circle
79.759,2,196,-0.04062,-0.01416,0.1994,-0.2114,-0.07455,-0.05677,0.03852,1,1,-0.800,0.800,in_circle
79.803,2,197,-0.03766,-0.01701,0.1626,-0.1565,-0.09958,-0.09485,0.03770,1,1,-0.748,0.800,in_circle
79.847,2,198,-0.03677,-0.01876,0.0489,-0.0966,-0.09728,-0.10713,0.03811,1,1,-0.607,0.781,in_circle
79.891,2,199,-0.03767,-0.01915,-0.0493,-0.0213,-0.10031,-0.09832,0.03905,1,1,-0.153,0.547,in_circle
79.935,2,200,-0.04037,-0.01864,-0.1484,0.0284,-0.10037,-0.06489,0.04084,1,1,0.243,0.247,in_circle
79.979,2,201,-0.04420,-0.01666,-0.2109,0.1084,-0.09844,-0.01354,0.04288,1,1,0.644,0.050,in_circle
80.022,2,202,-0.04903,-0.01400,-0.2657,0.1466,-0.06535,0.04558,0.04583,0,1,0.800,-0.260,running
80.067,2,203,-0.05297,-0.01075,-0.2163,0.1787,-0.01862,0.09702,0.04817,0,1,0.800,-0.394,running
80.111,2,204,-0.05690,-0.00749,-0.2164,0.1792,0.00824,0.14393,0.05092,0,1,0.800,-0.504,running
80.155,2,205,-0.05903,-0.00459,-0.1172,0.1598,0.04066,0.17140,0.05231,0,1,0.800,-0.494,running
80.198,2,206,-0.06045,-0.00263,-0.0781,0.1076,0.07503,0.17689,0.05335,0,1,0.553,-0.423,running
80.244,2,207,-0.05975,-0.00293,0.0388,-0.0165,0.08058,0.16804,0.05271,0,1,0.422,-0.241,running
80.287,2,208,-0.05737,-0.00451,0.1306,-0.0867,0.05798,0.14122,0.05067,0,1,0.015,0.191,running
80.332,2,209,-0.05404,-0.00762,0.1830,-0.1711,0.02858,0.09857,0.04821,0,1,-0.327,0.447,running
80.374,2,210,-0.05037,-0.01064,0.2020,-0.1661,-0.01005,0.04259,0.04571,0,1,-0.546,0.774,running
80.419,2,211,-0.04706,-0.01426,0.1824,-0.1991,-0.04702,-0.01926,0.04418,1,1,-0.650,0.780,in_circle
80.462,2,212,-0.04432,-0.01725,0.1506,-0.1644,-0.07689,-0.06991,0.04329,1,1,-0.597,0.800,in_circle
80.507,2,213,-0.04346,-0.01954,0.0470,-0.1260,-0.09864,-0.10329,0.04386,1,1,-0.489,0.800,in_circle
80.552,2,214,-0.04412,-0.01998,-0.0364,-0.0245,-0.09646,-0.10699,0.04466,1,1,-0.087,0.663,in_circle
80.595,2,215,-0.04615,-0.02050,-0.1113,-0.0284,-0.10257,-0.07584,0.04661,0,1,0.238,0.275,running
80.638,2,216,-0.04994,-0.01909,-0.2088,0.0776,-0.10028,-0.01875,0.04905,0,1,0.526,0.293,running
80.683,2,217,-0.05453,-0.01695,-0.2522,0.1177,-0.08542,0.04062,0.05206,0,1,0.800,-0.095,running
80.727,2,218,-0.05918,-0.01390,-0.2557,0.1676,-0.04692,0.09332,0.05510,0,1,0.800,-0.229,running
80.772,2,219,-0.06304,-0.01073,-0.2126,0.1747,-0.01343,0.12813,0.05772,0,1,0.800,-0.389,running
80.815,2,220,-0.06632,-0.00759,-0.1802,0.1724,0.02002,0.15807,0.06008,0,1,0.800,-0.402,running
80.859,2,221,-0.06759,-0.00558,-0.0697,0.1104,0.05342,0.17508,0.06090,0,1,0.794,-0.387,running
80.902,2,222,-0.06756,-0.00450,0.0014,0.0599,0.06805,0.17142,0.06068,0,1,0.448,-0.191,running
80.947,2,223,-0.06631,-0.00455,0.0689,-0.0032,0.05550,0.15621,0.05945,0,1,0.225,-0.036,running
80.991,2,224,-0.06352,-0.00598,0.1533,-0.0783,0.03191,0.12623,0.05699,0,1,0.002,0.165,running
81.037,2,225,-0.05980,-0.00789,0.2047,-0.1050,-0.01214,0.08114,0.05382,0,1,-0.299,0.418,running
81.125,2,226,-0.05264,-0.01209,0.3940,-0.2313,-0.06897,-0.03405,0.04835,0,1,-0.512,0.526,running
81.167,2,227,-0.05058,-0.01337,0.1129,-0.0704,-0.07590,-0.06675,0.04696,0,1,-0.800,0.800,running
81.211,2,228,-0.04925,-0.01369,0.0735,-0.0177,-0.09253,-0.06696,0.04589,0,1,-0.267,0.438,running
81.257,2,229,-0.04942,-0.01348,-0.0093,0.0117,-0.10163,-0.07303,0.04595,0,1,-0.128,0.244,running
81.299,2,230,-0.05095,-0.01208,-0.0845,0.0768,-0.10076,-0.07155,0.04679,0,1,0.187,0.133,running
81.344,2,231,-0.05338,-0.01002,-0.1337,0.1137,-0.07898,-0.04847,0.04831,0,1,0.475,-0.111,running
81.386,2,232,-0.05704,-0.00704,-0.2009,0.1636,-0.03457,0.00798,0.05093,0,1,0.662,-0.246,running
81.432,2,233,-0.06116,-0.00362,-0.2267,0.1883,0.00391,0.07267,0.05422,0,1,0.800,-0.418,running
81.474,2,234,-0.06487,-0.00120,-0.2041,0.1331,0.02960,0.12593,0.05752,0,1,0.800,-0.490,running
81.520,2,235,-0.06746,0.00009,-0.1425,0.0710,0.06662,0.16911,0.05995,0,1,0.800,-0.289,running
81.563,2,236,-0.06841,0.00013,-0.0520,0.0023,0.08046,0.18662,0.06089,0,1,0.714,-0.081,running
81.608,2,237,-0.06803,-0.00122,0.0208,-0.0745,0.04640,0.17379,0.06066,0,1,0.431,0.140,running
81.650,2,238,-0.06684,-0.00350,0.0654,-0.1252,0.00763,0.14659,0.05980,0,1,0.201,0.388,running
81.696,2,239,-0.06428,-0.00682,0.1405,-0.1831,-0.02155,0.10466,0.05792,0,1,0.053,0.562,running
81.739,2,240,-0.06047,-0.01026,0.2100,-0.1890,-0.05404,0.05104,0.05512,0,1,-0.210,0.772,running
81.783,2,241,-0.05795,-0.01322,0.1382,-0.1629,-0.09006,0.00205,0.05371,0,1,-0.480,0.800,running
81.827,2,242,-0.05560,-0.01500,0.1294,-0.0975,-0.10513,-0.04451,0.05221,0,1,-0.254,0.753,running
81.871,2,243,-0.05467,-0.01610,0.0512,-0.0606,-0.09808,-0.08687,0.05182,0,1,-0.240,0.538,running
81.915,2,244,-0.05486,-0.01656,-0.0107,-0.0254,-0.09937,-0.10071,0.05219,0,1,0.032,0.413,running
81.960,2,245,-0.05692,-0.01508,-0.1130,0.0815,-0.09790,-0.06830,0.05345,0,1,0.254,0.291,running
82.003,2,246,-0.05985,-0.01333,-0.1614,0.0958,-0.07362,-0.00002,0.05553,0,1,0.619,-0.082,running
82.048,2,247,-0.06367,-0.01032,-0.2098,0.1659,-0.02360,0.06812,0.05820,0,1,0.790,-0.127,running
82.090,2,248,-0.06751,-0.00739,-0.2116,0.1611,0.00872,0.12176,0.06120,0,1,0.800,-0.353,running
82.136,2,249,-0.06980,-0.00503,-0.1257,0.1297,0.03168,0.15053,0.06297,0,1,0.800,-0.325,running
82.178,2,250,-0.07142,-0.00407,-0.0889,0.0529,0.07142,0.16571,0.06441,0,1,0.696,-0.224,running
82.225,2,251,-0.07164,-0.00434,-0.0125,-0.0150,0.06678,0.16779,0.06467,0,1,0.590,0.013,running
82.269,2,252,-0.07032,-0.00590,0.0725,-0.0857,0.03147,0.15406,0.06365,0,1,0.364,0.220,running
82.313,2,253,-0.06822,-0.00809,0.1157,-0.1208,0.00410,0.13003,0.06204,0,1,0.099,0.442,running
82.356,2,254,-0.06549,-0.01110,0.1502,-0.1650,-0.02678,0.08296,0.06017,0,1,-0.050,0.565,running
82.398,2,255,-0.06181,-0.01448,0.2026,-0.1864,-0.06552,0.01651,0.05776,0,1,-0.182,0.725,running
82.445,2,256,-0.05954,-0.01628,0.1244,-0.0990,-0.09719,-0.04611,0.05634,0,1,-0.386,0.800,running
82.488,2,257,-0.05805,-0.01736,0.0819,-0.0591,-0.09628,-0.08698,0.05542,0,1,-0.144,0.546,running
82.532,2,258,-0.05813,-0.01775,-0.0042,-0.0215,-0.09917,-0.10453,0.05565,0,1,-0.010,0.417,running
82.575,2,259,-0.05945,-0.01675,-0.0726,0.0550,-0.09554,-0.09204,0.05644,0,1,0.284,0.293,running
82.620,2,260,-0.06213,-0.01485,-0.1475,0.1045,-0.08594,-0.04631,0.05819,0,1,0.521,0.035,running
82.662,2,261,-0.06600,-0.01211,-0.2127,0.1508,-0.04410,0.01892,0.06095,0,1,0.777,-0.127,running
82.709,2,262,-0.06989,-0.00924,-0.2138,0.1577,-0.00503,0.08310,0.06393,0,1,0.800,-0.268,running
82.751,2,263,-0.07371,-0.00726,-0.2106,0.1089,0.02156,0.13523,0.06723,0,1,0.800,-0.278,running
82.795,2,264,-0.07679,-0.00584,-0.1694,0.0782,0.05574,0.16483,0.07000,0,1,0.800,-0.119,running
82.839,2,265,-0.07828,-0.00510,-0.0819,0.0408,0.06470,0.17682,0.07135,0,1,0.800,-0.025,running
82.884,2,266,-0.07802,-0.00576,0.0143,-0.0365,0.02747,0.16595,0.07120,0,1,0.636,0.080,running
82.928,2,267,-0.07646,-0.00692,0.0858,-0.0640,-0.01375,0.14837,0.06987,0,1,0.373,0.296,running
82.972,2,268,-0.07378,-0.00857,0.1476,-0.0904,-0.04041,0.12142,0.06757,0,1,0.163,0.380,running
83.014,2,269,-0.07057,-0.01001,0.1766,-0.0793,-0.07149,0.07393,0.06478,0,1,-0.039,0.467,running
83.060,2,270,-0.06702,-0.01111,0.1949,-0.0608,-0.10559,0.00954,0.06165,0,1,-0.161,0.448,running
83.147,2,271,-0.06267,-0.01023,0.2395,0.0486,-0.09752,-0.08528,0.05722,0,1,-0.258,0.403,running
83.192,2,272,-0.06259,-0.00792,0.0044,0.1268,-0.09657,-0.09174,0.05653,0,1,-0.465,0.046,running
83.234,2,273,-0.06393,-0.00470,-0.0737,0.1770,-0.08405,-0.07582,0.05714,0,1,0.313,-0.224,running
83.279,2,274,-0.06661,-0.00159,-0.1473,0.1716,-0.04274,-0.06285,0.05930,0,1,0.581,-0.398,running
83.325,2,275,-0.06984,0.00140,-0.1778,0.1644,-0.00027,-0.03513,0.06221,0,1,0.800,-0.374,running
83.368,2,276,-0.07450,0.00361,-0.2559,0.1214,0.02468,0.01367,0.06674,0,1,0.800,-0.341,running
83.410,2,277,-0.07979,0.00517,-0.2914,0.0857,0.05051,0.08099,0.07200,0,1,0.800,-0.193,running
83.456,2,278,-0.08459,0.00523,-0.2638,0.0033,0.05140,0.13739,0.07679,0,1,0.800,-0.076,running
83.503,2,279,-0.08806,0.00444,-0.1911,-0.0432,0.02154,0.17428,0.08028,0,1,0.800,0.149,running
83.543,2,280,-0.09040,0.00336,-0.1286,-0.0598,-0.01150,0.18434,0.08264,0,1,0.800,0.264,running
83.588,2,281,-0.09133,0.00149,-0.0511,-0.1028,-0.04591,0.16177,0.08365,0,1,0.800,0.303,running
83.632,2,282,-0.09072,-0.00017,0.0335,-0.0910,-0.07397,0.13657,0.08315,0,1,0.680,0.407,running
83.675,2,283,-0.08931,-0.00125,0.0778,-0.0596,-0.10262,0.10929,0.08183,0,1,0.487,0.390,running
83.719,2,284,-0.08688,-0.00187,0.1334,-0.0344,-0.10839,0.07514,0.07947,0,1,0.374,0.327,running
83.764,2,285,-0.08460,-0.00145,0.1254,0.0232,-0.09419,0.02387,0.07716,0,1,0.215,0.273,running
83.806,2,286,-0.08279,-0.00064,0.0996,0.0447,-0.06975,-0.02522,0.07528,0,1,0.207,0.129,running
83.852,2,287,-0.08141,0.00024,0.0760,0.0486,-0.02740,-0.04892,0.07383,0,1,0.253,0.068,running
83.895,2,288,-0.08112,0.00037,0.0159,0.0068,0.00839,-0.03572,0.07354,0,1,0.302,0.052,running
83.940,2,289,-0.08137,0.00044,-0.0140,0.0041,0.03426,0.00449,0.07378,0,1,0.461,0.162,running
83.984,2,290,-0.08250,-0.00012,-0.0622,-0.0308,0.03256,0.06594,0.07495,0,1,0.546,0.169,running
84.026,2,291,-0.08305,-0.00180,-0.0301,-0.0927,-0.00109,0.12070,0.07566,0,1,0.683,0.263,running
84.071,2,292,-0.08326,-0.00383,-0.0114,-0.1113,-0.03615,0.15741,0.07610,0,1,0.607,0.429,running
84.116,2,293,-0.08149,-0.00621,0.0976,-0.1311,-0.06834,0.17396,0.07469,0,1,0.565,0.484,running
84.160,2,294,-0.07874,-0.00831,0.1511,-0.1153,-0.10224,0.16239,0.07237,0,1,0.271,0.552,running
84.204,2,295,-0.07423,-0.00921,0.2480,-0.0494,-0.11538,0.13223,0.06815,0,1,0.100,0.530,running
84.247,2,296,-0.06934,-0.00931,0.2687,-0.0055,-0.11130,0.09924,0.06342,0,1,-0.233,0.361,running
84.291,2,297,-0.06385,-0.00853,0.3020,0.0429,-0.10205,0.03953,0.05790,0,1,-0.374,0.233,running
84.336,2,298,-0.05915,-0.00658,0.2588,0.1073,-0.07181,-0.01925,0.05287,0,1,-0.576,0.069,running
84.379,2,299,-0.05489,-0.00413,0.2343,0.1345,-0.02678,-0.06148,0.04817,0,1,-0.513,-0.173,running
84.424,2,300,-0.05176,-0.00190,0.1722,0.1225,0.00519,-0.09229,0.04466,1,1,-0.494,-0.303,in_circle
84.467,2,301,-0.05044,-0.00100,0.0724,0.0495,0.03635,-0.09708,0.04321,1,1,-0.305,-0.283,in_circle
84.511,2,302,-0.05009,-0.00076,0.0194,0.0136,0.07150,-0.07307,0.04283,1,1,0.067,-0.011,in_circle
84.555,2,303,-0.05167,-0.00198,-0.0868,-0.0674,0.06516,-0.02793,0.04459,1,1,0.272,0.128,in_circle
84.599,2,304,-0.05368,-0.00361,-0.1107,-0.0892,0.02550,0.02556,0.04688,0,1,0.688,0.442,running
84.644,2,305,-0.05648,-0.00715,-0.1542,-0.1948,-0.01332,0.08524,0.05043,0,1,0.782,0.523,running
84.688,2,306,-0.05841,-0.01067,-0.1060,-0.1938,-0.04061,0.13307,0.05329,0,1,0.800,0.800,running
84.731,2,307,-0.05942,-0.01365,-0.0552,-0.1639,-0.07309,0.16092,0.05523,0,1,0.772,0.800,running
84.775,2,308,-0.05893,-0.01619,0.0267,-0.1398,-0.10868,0.17055,0.05574,0,1,0.601,0.785,running
84.821,2,309,-0.05754,-0.01749,0.0764,-0.0715,-0.11663,0.15910,0.05501,0,1,0.326,0.710,running
84.864,2,310,-0.05433,-0.01854,0.1768,-0.0576,-0.11594,0.13597,0.05260,0,1,0.152,0.487,running
84.907,2,311,-0.05060,-0.01733,0.2053,0.0668,-0.11124,0.09925,0.04874,0,1,-0.220,0.447,running
84.950,2,312,-0.04597,-0.01549,0.2544,0.1009,-0.08718,0.04278,0.04381,1,1,-0.369,-0.006,in_circle
84.995,2,313,-0.04100,-0.01280,0.2732,0.1479,-0.04498,-0.01721,0.03816,1,1,-0.620,-0.160,in_circle
85.039,2,314,-0.03840,-0.01061,0.1429,0.1206,-0.00730,-0.06722,0.03482,1,1,-0.753,-0.373,in_circle
85.085,2,315,-0.03665,-0.00808,0.0963,0.1391,0.02479,-0.10326,0.03211,1,1,-0.237,-0.269,in_circle
85.170,2,316,-0.03852,-0.00538,-0.1025,0.1483,0.05521,-0.10643,0.03276,1,1,-0.052,-0.348,in_circle
85.215,2,317,-0.04230,-0.00580,-0.2078,-0.0228,0.04295,-0.07397,0.03646,1,1,0.749,-0.391,in_circle
85.259,2,318,-0.04752,-0.00713,-0.2874,-0.0733,0.04786,-0.04501,0.04184,1,1,0.800,0.295,in_circle
85.304,2,319,-0.05407,-0.00867,-0.3602,-0.0848,0.03485,-0.00730,0.04854,0,1,0.800,0.497,running
85.347,2,320,-0.06076,-0.01103,-0.3679,-0.1297,-0.00599,0.05070,0.05563,0,1,0.800,0.529,running
85.392,2,321,-0.06695,-0.01396,-0.3406,-0.1613,-0.04312,0.10273,0.06243,0,1,0.800,0.670,running
85.435,2,322,-0.07281,-0.01684,-0.3224,-0.1583,-0.07477,0.14354,0.06891,0,1,0.800,0.750,running
85.480,2,323,-0.07774,-0.01900,-0.2710,-0.1187,-0.10607,0.16680,0.07428,0,1,0.800,0.719,running
85.524,2,324,-0.08059,-0.02046,-0.1569,-0.0800,-0.11858,0.16968,0.07745,0,1,0.800,0.597,running
85.568,2,325,-0.08255,-0.02059,-0.1077,-0.0076,-0.11225,0.15819,0.07934,0,1,0.800,0.496,running
85.611,2,326,-0.08258,-0.01995,-0.0017,0.0355,-0.10862,0.14363,0.07916,0,1,0.800,0.319,running
85.656,2,327,-0.08187,-0.01842,0.0394,0.0840,-0.07197,0.12047,0.07799,0,1,0.626,0.212,running
85.699,2,328,-0.08024,-0.01596,0.0897,0.1355,-0.03016,0.08787,0.07569,0,1,0.520,0.083,running
85.744,2,329,-0.07800,-0.01394,0.1232,0.1112,0.00130,0.05226,0.07297,0,1,0.374,-0.070,running
85.787,2,330,-0.07582,-0.01232,0.1196,0.0888,0.03295,0.02311,0.07045,0,1,0.259,-0.030,running
85.832,2,331,-0.07412,-0.01182,0.0936,0.0277,0.05397,0.00153,0.06867,0,1,0.241,0.013,running
85.875,2,332,-0.07296,-0.01168,0.0639,0.0075,0.04083,-0.00595,0.06751,0,1,0.294,0.178,running
85.921,2,333,-0.07217,-0.01243,0.0434,-0.0412,0.00446,0.00480,0.06695,0,1,0.367,0.235,running
85.964,2,334,-0.07079,-0.01342,0.0759,-0.0543,-0.02766,0.02786,0.06591,0,1,0.421,0.380,running
86.007,2,335,-0.06995,-0.01437,0.0463,-0.0521,-0.06539,0.06927,0.06540,0,1,0.314,0.425,running
86.052,2,336,-0.06891,-0.01487,0.0568,-0.0275,-0.09551,0.12051,0.06458,0,1,0.396,0.423,running
86.094,2,337,-0.06716,-0.01468,0.0965,0.0103,-0.11302,0.16033,0.06286,0,1,0.356,0.352,running
86.139,2,338,-0.06458,-0.01373,0.1417,0.0520,-0.10179,0.17245,0.06011,0,1,0.218,0.236,running
86.184,2,339,-0.06074,-0.01184,0.2114,0.1043,-0.07959,0.15476,0.05586,0,1,0.046,0.096,running
86.227,2,340,-0.05554,-0.00947,0.2859,0.1303,-0.04009,0.12036,0.05018,0,1,-0.237,-0.098,running
86.271,2,341,-0.04937,-0.00722,0.3391,0.1235,-0.00588,0.07254,0.04363,1,1,-0.583,-0.227,in_circle
86.315,2,342,-0.04286,-0.00496,0.3582,0.1245,0.02808,0.02022,0.03673,1,1,-0.800,-0.245,in_circle
86.359,2,343,-0.03692,-0.00342,0.3266,0.0848,0.06134,-0.02483,0.03061,1,1,-0.800,-0.275,in_circle
86.405,2,344,-0.03230,-0.00355,0.2543,-0.0074,0.07114,-0.07037,0.02630,1,1,-0.800,-0.119,in_circle
86.448,2,345,-0.02874,-0.00545,0.1955,-0.1041,0.05158,-0.10470,0.02387,1,1,-0.656,0.250,in_circle
86.492,2,346,-0.02717,-0.00783,0.0869,-0.1309,0.02904,-0.11568,0.02379,1,1,-0.429,0.642,in_circle
86.536,2,347,-0.02754,-0.01001,-0.0205,-0.1201,-0.01548,-0.09214,0.02542,1,1,0.001,0.756,in_circle
86.580,2,348,-0.02931,-0.01220,-0.0973,-0.1203,-0.05232,-0.03726,0.02817,1,1,0.432,0.719,in_circle
86.623,2,349,-0.03313,-0.01490,-0.2102,-0.1484,-0.08058,0.03068,0.03284,1,1,0.743,0.726,in_circle
86.668,2,350,-0.03642,-0.01652,-0.1809,-0.0892,-0.11177,0.08762,0.03641,1,1,0.800,0.800,in_circle
86.712,2,351,-0.03964,-0.01715,-0.1771,-0.0348,-0.11598,0.12207,0.03937,1,1,0.800,0.614,in_circle
86.756,2,352,-0.04129,-0.01604,-0.0907,0.0613,-0.11700,0.14220,0.04009,1,1,0.800,0.399,in_circle
86.799,2,353,-0.04182,-0.01388,-0.0294,0.1187,-0.10480,0.15928,0.03940,1,1,0.747,0.013,in_circle
86.845,2,354,-0.04088,-0.01061,0.0516,0.1798,-0.07275,0.16285,0.03702,1,1,0.503,-0.221,in_circle
86.887,2,355,-0.03848,-0.00716,0.1321,0.1898,-0.03484,0.15666,0.03339,1,1,0.176,-0.473,in_circle
86.932,2,356,-0.03535,-0.00333,0.1725,0.2107,-0.00017,0.13110,0.02908,1,1,-0.152,-0.521,in_circle
86.974,2,357,-0.03072,-0.00016,0.2544,0.1743,0.02782,0.08431,0.02373,1,1,-0.321,-0.613,in_circle
87.020,2,358,-0.02501,0.00190,0.3143,0.1131,0.06646,0.02594,0.01769,1,1,-0.660,-0.476,in_circle
87.066,2,359,-0.02080,0.00185,0.2316,-0.0024,0.09042,-0.02308,0.01364,1,1,-0.800,-0.236,in_circle
87.108,2,360,-0.01816,0.00123,0.1452,-0.0346,0.07454,-0.06624,0.01141,1,1,-0.594,0.226,in_circle
87.195,2,361,-0.01651,-0.00585,0.0906,-0.3891,0.00913,-0.11627,0.01471,1,1,-0.255,0.357,in_circle
87.240,2,362,-0.01817,-0.01091,-0.0911,-0.2783,-0.00152,-0.09697,0.01983,1,1,-0.041,0.800,in_circle
87.284,2,363,-0.02209,-0.01542,-0.2156,-0.2481,-0.01248,-0.06915,0.02575,1,1,0.691,0.800,in_circle
87.328,2,364,-0.02673,-0.01933,-0.2552,-0.2150,-0.07045,-0.01844,0.03162,1,1,0.800,0.800,in_circle
87.371,2,365,-0.03312,-0.02276,-0.3516,-0.1889,-0.10943,0.04631,0.03832,1,1,0.800,0.800,in_circle
87.416,2,366,-0.03912,-0.02587,-0.3302,-0.1712,-0.11191,0.09872,0.04469,1,1,0.800,0.800,in_circle
87.460,2,367,-0.04435,-0.02680,-0.2872,-0.0510,-0.11884,0.14165,0.04911,0,1,0.800,0.800,running
87.503,2,368,-0.04865,-0.02625,-0.2365,0.0303,-0.11605,0.16989,0.05204,0,1,0.800,0.497,running
87.547,2,369,-0.05121,-0.02449,-0.1408,0.0968,-0.11211,0.16668,0.05305,0,1,0.800,0.209,running
87.591,2,370,-0.05240,-0.02175,-0.0657,0.1506,-0.08602,0.15542,0.05253,0,1,0.800,-0.023,running
87.636,2,371,-0.05184,-0.01919,0.0309,0.1409,-0.04370,0.14256,0.05073,0,1,0.669,-0.222,running
87.679,2,372,-0.05042,-0.01583,0.0778,0.1846,-0.00805,0.12340,0.04789,0,1,0.323,-0.207,running
87.724,2,373,-0.04834,-0.01286,0.1148,0.1636,0.02005,0.09121,0.04471,1,1,0.137,-0.397,in_circle
87.767,2,374,-0.04495,-0.01001,0.1864,0.1569,0.04813,0.05015,0.04045,1,1,-0.027,-0.351,in_circle
87.812,2,375,-0.04282,-0.00857,0.1169,0.0790,0.06889,-0.00705,0.03793,1,1,-0.348,-0.362,in_circle
87.855,2,376,-0.04048,-0.00753,0.1287,0.0574,0.06330,-0.06745,0.03537,1,1,-0.080,-0.057,in_circle
87.900,2,377,-0.04032,-0.00879,0.0093,-0.0697,0.04276,-0.10457,0.03572,1,1,-0.133,0.027,in_circle
87.944,2,378,-0.04153,-0.00985,-0.0666,-0.0583,0.01888,-0.10969,0.03727,1,1,0.344,0.539,in_circle
87.988,2,379,-0.04464,-0.01176,-0.1714,-0.1051,-0.02543,-0.07411,0.04090,1,1,0.651,0.497,in_circle
88.030,2,380,-0.04887,-0.01411,-0.2325,-0.1290,-0.06602,-0.00690,0.04573,0,1,0.800,0.687,running
88.076,2,381,-0.05380,-0.01526,-0.2711,-0.0636,-0.09309,0.05220,0.05068,0,1,0.800,0.769,running
88.119,2,382,-0.05884,-0.01522,-0.2772,0.0027,-0.11881,0.09991,0.05527,0,1,0.800,0.519,running
88.164,2,383,-0.06298,-0.01428,-0.2277,0.0517,-0.11785,0.13170,0.05879,0,1,0.800,0.288,running
88.208,2,384,-0.06623,-0.01242,-0.1791,0.1020,-0.10618,0.15294,0.06127,0,1,0.800,0.131,running
88.255,2,385,-0.06799,-0.00988,-0.0963,0.1395,-0.08083,0.15273,0.06225,0,1,0.800,-0.026,running
88.296,2,386,-0.06848,-0.00641,-0.0273,0.1912,-0.03957,0.14234,0.06194,0,1,0.800,-0.146,running
88.341,2,387,-0.06794,-0.00309,0.0300,0.1823,-0.00317,0.12806,0.06082,0,1,0.603,-0.321,running
88.384,2,388,-0.06623,-0.00055,0.0940,0.1397,0.02358,0.11271,0.05879,0,1,0.418,-0.314,running
88.427,2,389,-0.06365,0.00098,0.1419,0.0842,0.06258,0.09060,0.05607,0,1,0.195,-0.200,running
88.471,2,390,-0.06075,0.00083,0.1594,-0.0082,0.06592,0.05120,0.05320,0,1,0.008,-0.034,running
88.517,2,391,-0.05790,-0.00084,0.1568,-0.0917,0.03603,-0.00800,0.05056,0,1,-0.086,0.277,running
88.559,2,392,-0.05545,-0.00368,0.1343,-0.1563,0.00547,-0.07127,0.04863,0,1,-0.109,0.581,running
88.603,2,393,-0.05472,-0.00692,0.0403,-0.1784,-0.02677,-0.10108,0.04867,0,1,-0.051,0.800,running
88.648,2,394,-0.05590,-0.01008,-0.0647,-0.1735,-0.05990,-0.08993,0.05071,0,1,0.290,0.800,running
88.692,2,395,-0.05809,-0.01215,-0.1204,-0.1142,-0.09677,-0.04022,0.05346,0,1,0.677,0.800,running
88.736,2,396,-0.06107,-0.01359,-0.1639,-0.0792,-0.10898,0.02363,0.05676,0,1,0.800,0.688,running
88.778,2,397,-0.06492,-0.01413,-0.2119,-0.0297,-0.11428,0.07849,0.06057,0,1,0.800,0.565,running
88.824,2,398,-0.06863,-0.01406,-0.2040,0.0040,-0.11427,0.12009,0.06405,0,1,0.800,0.402,running
88.867,2,399,-0.07091,-0.01247,-0.1254,0.0875,-0.09394,0.14610,0.06576,0,1,0.800,0.300,running
88.913,2,400,-0.07166,-0.00985,-0.0414,0.1442,-0.05349,0.15432,0.06580,0,1,0.800,0.048,running
88.955,2,401,-0.07154,-0.00715,0.0064,0.1482,-0.01493,0.14690,0.06509,0,1,0.665,-0.129,running
89.000,2,402,-0.06989,-0.00509,0.0909,0.1135,0.01405,0.13687,0.06307,0,1,0.520,-0.155,running
89.042,2,403,-0.06806,-0.00350,0.1010,0.0874,0.04477,0.11668,0.06100,0,1,0.247,-0.069,running
89.088,2,404,-0.06561,-0.00323,0.1347,0.0149,0.05681,0.07806,0.05854,0,1,0.195,-0.002,running
89.132,2,405,-0.06215,-0.00406,0.1898,-0.0455,0.02657,0.02370,0.05528,0,1,0.059,0.224,running
89.219,2,406,-0.05741,-0.00735,0.2610,-0.1812,-0.03538,-0.06623,0.05137,0,1,-0.166,0.429,running
89.264,2,407,-0.05710,-0.00930,0.0170,-0.1070,-0.04284,-0.07266,0.05162,0,1,-0.473,0.800,running
89.307,2,408,-0.05784,-0.01047,-0.0407,-0.0643,-0.05587,-0.06287,0.05268,0,1,0.392,0.669,running
89.352,2,409,-0.06001,-0.01046,-0.1194,0.0002,-0.10270,-0.06131,0.05475,0,1,0.599,0.520,running
89.394,2,410,-0.06354,-0.01008,-0.1943,0.0211,-0.09667,-0.04904,0.05802,0,1,0.800,0.297,running
89.439,2,411,-0.06772,-0.00904,-0.2298,0.0573,-0.10352,-0.00773,0.06178,0,1,0.800,0.231,running
89.484,2,412,-0.07273,-0.00685,-0.2752,0.1204,-0.07528,0.05673,0.06619,0,1,0.800,0.121,running
89.529,2,413,-0.07765,-0.00451,-0.2706,0.1289,-0.02442,0.11117,0.07063,0,1,0.800,-0.060,running
89.571,2,414,-0.08149,-0.00197,-0.2112,0.1394,0.00391,0.15487,0.07412,0,1,0.800,-0.068,running
89.617,2,415,-0.08441,-0.00016,-0.1606,0.0998,0.02728,0.16773,0.07685,0,1,0.800,-0.087,running
89.660,2,416,-0.08592,0.00031,-0.0831,0.0258,0.04365,0.15587,0.07833,0,1,0.800,0.022,running
89.704,2,417,-0.08632,-0.00028,-0.0220,-0.0324,0.02806,0.13840,0.07877,0,1,0.800,0.209,running
89.747,2,418,-0.08532,-0.00161,0.0547,-0.0733,0.00114,0.11091,0.07790,0,1,0.702,0.355,running
89.792,2,419,-0.08355,-0.00353,0.0975,-0.1055,-0.04039,0.08600,0.07635,0,1,0.505,0.464,running
89.836,2,420,-0.08172,-0.00546,0.1006,-0.1062,-0.07702,0.05998,0.07481,0,1,0.379,0.559,running
89.880,2,421,-0.07927,-0.00667,0.1350,-0.0666,-0.10240,0.03684,0.07258,0,1,0.351,0.575,running
89.923,2,422,-0.07738,-0.00734,0.1039,-0.0368,-0.11030,0.01541,0.07085,0,1,0.231,0.482,running
89.969,2,423,-0.07574,-0.00712,0.0901,0.0121,-0.10578,0.00244,0.06920,0,1,0.294,0.406,running
90.011,2,424,-0.07464,-0.00543,0.0606,0.0931,-0.09483,0.00634,0.06781,0,1,0.314,0.269,running
90.056,2,425,-0.07343,-0.00356,0.0668,0.1027,-0.05747,0.02386,0.06632,0,1,0.385,0.027,running
90.100,2,426,-0.07272,-0.00145,0.0389,0.1161,-0.01638,0.06475,0.06534,0,1,0.354,-0.014,running
90.144,2,427,-0.07198,0.00034,0.0404,0.0982,0.01247,0.11908,0.06443,0,1,0.428,-0.066,running
90.188,2,428,-0.07075,0.00085,0.0677,0.0283,0.03540,0.15726,0.06316,0,1,0.417,-0.023,running
90.231,2,429,-0.06819,0.00047,0.1412,-0.0209,0.03862,0.16902,0.06064,0,1,0.322,0.185,running
90.276,2,430,-0.06461,-0.00084,0.1966,-0.0718,0.01723,0.14244,0.05722,0,1,0.065,0.339,running
90.320,2,431,-0.05990,-0.00328,0.2589,-0.1343,-0.01506,0.10490,0.05292,0,1,-0.160,0.514,running
90.362,2,432,-0.05428,-0.00571,0.3094,-0.1339,-0.05073,0.05321,0.04793,0,1,-0.438,0.751,running
90.408,2,433,-0.04915,-0.00790,0.2821,-0.1203,-0.08343,0.00339,0.04362,1,1,-0.705,0.781,in_circle
90.451,2,434,-0.04385,-0.00848,0.2917,-0.0318,-0.10659,-0.04653,0.03884,1,1,-0.677,0.756,in_circle
90.495,2,435,-0.04040,-0.00835,0.1895,0.0072,-0.09955,-0.08918,0.03562,1,1,-0.777,0.419,in_circle
90.538,2,436,-0.03827,-0.00707,0.1171,0.0703,-0.09639,-0.11379,0.03316,1,1,-0.376,0.263,in_circle
90.584,2,437,-0.03777,-0.00504,0.0277,0.1113,-0.09422,-0.10534,0.03194,1,1,-0.092,0.008,in_circle
90.627,2,438,-0.03938,-0.00230,-0.0888,0.1510,-0.07276,-0.07514,0.03265,1,1,0.264,-0.161,in_circle
90.672,2,439,-0.04221,0.00040,-0.1555,0.1484,-0.02508,-0.02458,0.03486,1,1,0.734,-0.326,in_circle
90.716,2,440,-0.04656,0.00286,-0.2391,0.1356,0.00549,0.03227,0.03888,1,1,0.800,-0.322,in_circle
90.760,2,441,-0.05023,0.00489,-0.2021,0.1112,0.03195,0.07937,0.04245,1,1,0.800,-0.277,in_circle
90.804,2,442,-0.05352,0.00581,-0.1809,0.0509,0.05076,0.12131,0.04572,0,1,0.800,-0.173,running
90.848,2,443,-0.05575,0.00557,-0.1227,-0.0133,0.04314,0.15258,0.04795,0,1,0.800,0.067,running
90.891,2,444,-0.05704,0.00449,-0.0706,-0.0594,0.01802,0.16252,0.04926,0,1,0.800,0.308,running
90.937,2,445,-0.05695,0.00318,0.0049,-0.0718,-0.01715,0.14903,0.04923,0,1,0.702,0.478,running
90.979,2,446,-0.05523,0.00159,0.0945,-0.0877,-0.05686,0.13066,0.04763,0,1,0.428,0.527,running
91.023,2,447,-0.05292,0.00030,0.1271,-0.0707,-0.08674,0.10611,0.04548,1,1,0.087,0.595,in_circle
91.068,2,448,-0.04976,-0.00006,0.1736,-0.0202,-0.11141,0.06963,0.04240,1,1,-0.055,0.542,in_circle
91.113,2,449,-0.04635,-0.00040,0.1876,-0.0187,-0.10739,0.02115,0.03908,1,1,-0.268,0.354,in_circle
91.155,2,450,-0.04325,0.00037,0.1708,0.0426,-0.10089,-0.03662,0.03589,1,1,-0.354,0.350,in_circle
91.245,2,451,-0.04146,0.00284,0.0981,0.1356,-0.04525,-0.12085,0.03381,1,1,-0.295,0.103,in_circle
91.288,2,452,-0.04346,0.00443,-0.1099,0.0876,-0.03868,-0.11326,0.03569,1,1,-0.008,-0.275,in_circle
91.332,2,453,-0.04667,0.00595,-0.1767,0.0835,-0.02412,-0.08995,0.03887,1,1,0.800,-0.087,in_circle
91.377,2,454,-0.05104,0.00531,-0.2404,-0.0352,0.02659,-0.04370,0.04325,1,1,0.800,-0.074,in_circle
91.418,2,455,-0.05691,0.00532,-0.3227,0.0008,0.03266,0.01717,0.04911,0,1,0.800,0.398,running
91.465,2,456,-0.06306,0.00335,-0.3385,-0.1081,0.00903,0.06823,0.05533,0,1,0.800,0.259,running
91.507,2,457,-0.06808,0.00209,-0.2757,-0.0694,-0.00129,0.11140,0.06040,0,1,0.800,0.635,running
91.552,2,458,-0.07294,0.00041,-0.2674,-0.0923,-0.04056,0.14386,0.06538,0,1,0.800,0.495,running
91.596,2,459,-0.07680,-0.00142,-0.2121,-0.1011,-0.07748,0.15763,0.06939,0,1,0.800,0.557,running
91.640,2,460,-0.07929,-0.00306,-0.1371,-0.0901,-0.08948,0.14886,0.07206,0,1,0.800,0.576,running
91.685,2,461,-0.07995,-0.00415,-0.0363,-0.0599,-0.10538,0.13462,0.07286,0,1,0.800,0.543,running
91.729,2,462,-0.07952,-0.00458,0.0232,-0.0237,-0.10527,0.11703,0.07250,0,1,0.696,0.465,running
91.771,2,463,-0.07810,-0.00404,0.0782,0.0296,-0.08735,0.10039,0.07102,0,1,0.533,0.370,running
91.816,2,464,-0.07625,-0.00291,0.1017,0.0621,-0.06310,0.08318,0.06903,0,1,0.369,0.222,running
91.859,2,465,-0.07392,-0.00181,0.1283,0.0606,-0.02782,0.06141,0.06658,0,1,0.282,0.122,running
91.904,2,466,-0.07168,-0.00120,0.1233,0.0338,0.01590,0.03521,0.06428,0,1,0.176,0.115,running
91.947,2,467,-0.06941,-0.00148,0.1247,-0.0154,0.03473,0.00297,0.06206,0,1,0.164,0.188,running
91.992,2,468,-0.06830,-0.00262,0.0612,-0.0627,0.03291,-0.01217,0.06111,0,1,0.133,0.339,running
92.035,2,469,-0.06731,-0.00429,0.0543,-0.0921,0.00003,-0.01047,0.06039,0,1,0.322,0.493,running
92.080,2,470,-0.06719,-0.00615,0.0066,-0.1022,-0.03878,0.00681,0.06062,0,1,0.336,0.594,running
92.123,2,471,-0.06743,-0.00845,-0.0134,-0.1265,-0.07057,0.03704,0.06136,0,1,0.489,0.633,running
92.168,2,472,-0.06784,-0.00977,-0.0225,-0.0725,-0.10486,0.08629,0.06208,0,1,0.555,0.715,running
92.212,2,473,-0.06777,-0.01006,0.0043,-0.0162,-0.11822,0.14193,0.06208,0,1,0.587,0.549,running
92.255,2,474,-0.06678,-0.00968,0.0545,0.0212,-0.11681,0.17225,0.06102,0,1,0.503,0.376,running
92.300,2,475,-0.06442,-0.00794,0.1297,0.0954,-0.10676,0.15280,0.05831,0,1,0.337,0.257,running
92.345,2,476,-0.06158,-0.00539,0.1562,0.1405,-0.06896,0.12314,0.05497,0,1,0.070,0.005,running
92.388,2,477,-0.05684,-0.00264,0.2605,0.1511,-0.02974,0.08648,0.04980,0,1,-0.057,-0.172,running
92.431,2,478,-0.05201,0.00005,0.2657,0.1481,-0.00022,0.04204,0.04461,1,1,-0.493,-0.250,in_circle
92.476,2,479,-0.04717,0.00210,0.2659,0.1126,0.03239,-0.00574,0.03957,1,1,-0.593,-0.279,in_circle
92.519,2,480,-0.04341,0.00277,0.2071,0.0371,0.06321,-0.04914,0.03575,1,1,-0.665,-0.171,in_circle
92.565,2,481,-0.04088,0.00201,0.1391,-0.0421,0.06326,-0.09067,0.03332,1,1,-0.439,0.130,in_circle
92.607,2,482,-0.04043,-0.00048,0.0247,-0.1367,0.03472,-0.11827,0.03327,1,1,-0.174,0.449,in_circle
92.651,2,483,-0.04120,-0.00233,-0.0422,-0.1021,-0.00244,-0.10562,0.03442,1,1,0.283,0.800,in_circle
92.696,2,484,-0.04337,-0.00598,-0.1196,-0.2004,-0.03878,-0.05422,0.03753,1,1,0.552,0.700,in_circle
92.739,2,485,-0.04773,-0.00978,-0.2400,-0.2094,-0.07485,0.02718,0.04294,1,1,0.800,0.800,in_circle
92.784,2,486,-0.05198,-0.01227,-0.2337,-0.1370,-0.10576,0.09189,0.04781,0,1,0.800,0.800,running
92.828,2,487,-0.05576,-0.01378,-0.2076,-0.0829,-0.11496,0.13016,0.05188,0,1,0.800,0.800,running
92.872,2,488,-0.05818,-0.01421,-0.1330,-0.0235,-0.11809,0.14224,0.05428,0,1,0.800,0.627,running
92.916,2,489,-0.05995,-0.01348,-0.0973,0.0399,-0.11690,0.14267,0.05567,0,1,0.800,0.420,running
92.959,2,490,-0.05999,-0.01160,-0.0026,0.1032,-0.09905,0.13841,0.05508,0,1,0.799,0.205,running
93.004,2,491,-0.05930,-0.00895,0.0381,0.1459,-0.06535,0.13242,0.05363,0,1,0.479,-0.017,running
93.047,2,492,-0.05738,-0.00568,0.1055,0.1797,-0.02779,0.12368,0.05094,0,1,0.332,-0.179,running
93.091,2,493,-0.05430,-0.00277,0.1696,0.1604,0.00517,0.10019,0.04732,0,1,0.075,-0.327,running
93.136,2,494,-0.05056,-0.00080,0.2053,0.1085,0.03753,0.05044,0.04330,1,1,-0.196,-0.292,in_circle
93.181,2,495,-0.04742,-0.00006,0.1727,0.0403,0.07145,-0.00424,0.04009,1,1,-0.380,-0.123,in_circle
93.268,2,496,-0.04356,-0.00278,0.2126,-0.1494,0.03190,-0.10196,0.03682,1,1,-0.291,0.133,in_circle
93.312,2,497,-0.04393,-0.00503,-0.0202,-0.1235,0.02920,-0.11994,0.03777,1,1,-0.461,0.800,in_circle
93.356,2,498,-0.04653,-0.00888,-0.1430,-0.2119,0.01605,-0.09914,0.04149,1,1,0.471,0.800,in_circle
93.400,2,499,-0.05103,-0.01295,-0.2474,-0.2242,-0.04087,-0.06507,0.04720,0,1,0.800,0.800,running
93.443,2,500,-0.05660,-0.01652,-0.3064,-0.1963,-0.08345,-0.00911,0.05374,0,1,0.800,0.800,running
93.488,2,501,-0.06211,-0.01855,-0.3029,-0.1117,-0.09723,0.05065,0.05960,0,1,0.800,0.800,running
93.532,2,502,-0.06857,-0.02071,-0.3554,-0.1186,-0.11638,0.09723,0.06638,0,1,0.800,0.728,running
93.575,2,503,-0.07392,-0.02137,-0.2947,-0.0361,-0.11180,0.12632,0.07156,0,1,0.800,0.736,running
93.620,2,504,-0.07780,-0.02127,-0.2133,0.0054,-0.11574,0.14624,0.07513,0,1,0.800,0.496,running
93.664,2,505,-0.08131,-0.01962,-0.1929,0.0908,-0.10017,0.14717,0.07785,0,1,0.800,0.389,running
93.707,2,506,-0.08343,-0.01773,-0.1165,0.1038,-0.06982,0.13873,0.07926,0,1,0.800,0.175,running
93.752,2,507,-0.08438,-0.01496,-0.0526,0.1524,-0.02666,0.13298,0.07940,0,1,0.800,0.143,running
93.795,2,508,-0.08418,-0.01190,0.0114,0.1681,0.00672,0.12004,0.07845,0,1,0.770,0.014,running
93.840,2,509,-0.08288,-0.01006,0.0711,0.1013,0.02680,0.10538,0.07678,0,1,0.610,-0.044,running
93.884,2,510,-0.08145,-0.00862,0.0790,0.0795,0.03699,0.09204,0.07508,0,1,0.446,0.105,running
93.929,2,511,-0.07888,-0.00826,0.1415,0.0195,0.03036,0.07310,0.07249,0,1,0.408,0.148,running
93.976,2,512,-0.07618,-0.00847,0.1481,-0.0114,0.00278,0.05159,0.06990,0,1,0.211,0.299,running
94.016,2,513,-0.07391,-0.00864,0.1253,-0.0096,-0.03918,0.02444,0.06771,0,1,0.158,0.383,running
94.061,2,514,-0.07185,-0.00960,0.1130,-0.0529,-0.07089,0.00289,0.06593,0,1,0.195,0.378,running
94.103,2,515,-0.07064,-0.00949,0.0665,0.0065,-0.09637,-0.00659,0.06472,0,1,0.208,0.511,running
94.149,2,516,-0.06959,-0.00851,0.0581,0.0540,-0.10481,0.00367,0.06347,0,1,0.334,0.334,running
94.191,2,517,-0.06860,-0.00674,0.0541,0.0969,-0.10436,0.02446,0.06212,0,1,0.349,0.184,running
94.236,2,518,-0.06915,-0.00483,-0.0304,0.1051,-0.08684,0.06750,0.06230,0,1,0.351,0.040,running
94.279,2,519,-0.06821,-0.00121,0.0521,0.1993,-0.04650,0.11726,0.06084,0,1,0.616,0.009,running
94.325,2,520,-0.06611,0.00185,0.1152,0.1681,-0.00640,0.15528,0.05846,0,1,0.349,-0.308,running
94.368,2,521,-0.06405,0.00449,0.1135,0.1450,0.02077,0.16685,0.05627,0,1,0.124,-0.237,running
94.411,2,522,-0.06036,0.00536,0.2028,0.0479,0.05371,0.13819,0.05257,0,1,0.106,-0.183,running
94.455,2,523,-0.05559,0.00537,0.2625,0.0010,0.04915,0.08598,0.04779,0,1,-0.245,0.132,running
94.500,2,524,-0.05051,0.00467,0.2796,-0.0385,0.02663,0.02006,0.04273,1,1,-0.530,0.296,in_circle
94.543,2,525,-0.04606,0.00325,0.2445,-0.0784,0.00123,-0.03927,0.03836,1,1,-0.675,0.451,in_circle
94.589,2,526,-0.04266,0.00075,0.1869,-0.1374,-0.04096,-0.07514,0.03526,1,1,-0.582,0.618,in_circle
94.632,2,527,-0.04140,-0.00056,0.0694,-0.0721,-0.07069,-0.09534,0.03423,1,1,-0.360,0.800,in_circle
94.676,2,528,-0.04121,-0.00146,0.0107,-0.0494,-0.09891,-0.09570,0.03423,1,1,0.106,0.603,in_circle
94.719,2,529,-0.04231,-0.00207,-0.0606,-0.0334,-0.10040,-0.06432,0.03544,1,1,0.341,0.515,in_circle
94.764,2,530,-0.04501,-0.00171,-0.1488,0.0200,-0.10244,-0.01285,0.03800,1,1,0.629,0.453,in_circle
94.807,2,531,-0.04808,-0.00114,-0.1687,0.0309,-0.09411,0.04655,0.04091,1,1,0.800,0.239,in_circle
94.852,2,532,-0.05180,0.00038,-0.2049,0.0839,-0.06115,0.10206,0.04436,1,1,0.800,0.195,in_circle
94.895,2,533,-0.05443,0.00284,-0.1447,0.1351,-0.02534,0.14327,0.04674,0,1,0.800,-0.006,running
94.940,2,534,-0.05613,0.00404,-0.0932,0.0660,0.00931,0.16297,0.04837,0,1,0.800,-0.195,running
94.983,2,535,-0.05623,0.00408,-0.0054,0.0023,0.03930,0.15717,0.04846,0,1,0.783,0.064,running
95.028,2,536,-0.05470,0.00270,0.0838,-0.0758,0.06695,0.13742,0.04702,0,1,0.461,0.297,running
95.071,2,537,-0.05193,-0.00008,0.1525,-0.1533,0.04073,0.11947,0.04455,1,1,0.122,0.591,in_circle
95.116,2,538,-0.04850,-0.00380,0.1885,-0.2044,-0.01160,0.09135,0.04187,1,1,-0.162,0.800,in_circle
95.159,2,539,-0.04472,-0.00743,0.2080,-0.1996,-0.03989,0.04747,0.03929,1,1,-0.334,0.800,in_circle
95.204,2,540,-0.04091,-0.01120,0.2096,-0.2072,-0.06059,-0.01453,0.03731,1,1,-0.440,0.800,in_circle
95.293,2,541,-0.03671,-0.01644,0.2312,-0.2883,-0.09566,-0.11146,0.03659,1,1,-0.456,0.800,in_circle
95.335,2,542,-0.03660,-0.01799,0.0059,-0.0851,-0.09665,-0.11694,0.03748,1,1,-0.553,0.800,in_circle
95.381,2,543,-0.04000,-0.01764,-0.1871,0.0190,-0.10218,-0.10004,0.03995,1,1,0.349,0.700,in_circle
95.424,2,544,-0.04447,-0.01564,-0.2456,0.1103,-0.10256,-0.07326,0.04258,1,1,0.800,0.283,in_circle
95.468,2,545,-0.05039,-0.01230,-0.3259,0.1836,-0.10392,-0.02523,0.04636,0,1,0.800,-0.073,running
95.512,2,546,-0.05659,-0.00862,-0.3410,0.2025,-0.09236,0.02804,0.05094,0,1,0.800,-0.336,running
95.557,2,547,-0.06302,-0.00416,-0.3536,0.2452,-0.05064,0.08599,0.05615,0,1,0.800,-0.377,running
95.599,2,548,-0.06919,0.00008,-0.3395,0.2333,-0.01316,0.13140,0.06168,0,1,0.800,-0.489,running
95.644,2,549,-0.07396,0.00408,-0.2619,0.2198,0.01651,0.15997,0.06618,0,1,0.800,-0.410,running
95.688,2,550,-0.07759,0.00682,-0.2001,0.1506,0.04805,0.15997,0.06980,0,1,0.800,-0.342,running
95.731,2,551,-0.07996,0.00854,-0.1303,0.0948,0.05983,0.14482,0.07221,0,1,0.800,-0.126,running
95.775,2,552,-0.08106,0.00896,-0.0601,0.0233,0.04013,0.12846,0.07332,0,1,0.800,0.032,running
95.821,2,553,-0.08082,0.00818,0.0129,-0.0433,0.01615,0.10733,0.07305,0,1,0.766,0.225,running
95.863,2,554,-0.08036,0.00671,0.0253,-0.0804,-0.02845,0.08316,0.07257,0,1,0.569,0.406,running
95.909,2,555,-0.07956,0.00545,0.0439,-0.0695,-0.05713,0.06154,0.07177,0,1,0.531,0.514,running
95.952,2,556,-0.07863,0.00400,0.0516,-0.0795,-0.08701,0.04772,0.07085,0,1,0.474,0.492,running
95.996,2,557,-0.07732,0.00336,0.0718,-0.0356,-0.11082,0.03540,0.06957,0,1,0.444,0.528,running
96.040,2,558,-0.07643,0.00340,0.0491,0.0021,-0.10605,0.03825,0.06868,0,1,0.374,0.411,running
96.084,2,559,-0.07552,0.00407,0.0497,0.0372,-0.10685,0.04728,0.06775,0,1,0.430,0.304,running
96.127,2,560,-0.07484,0.00502,0.0374,0.0522,-0.08060,0.06178,0.06705,0,1,0.420,0.200,running
96.172,2,561,-0.07408,0.00646,0.0421,0.0794,-0.03636,0.08208,0.06628,0,1,0.449,0.151,running
96.215,2,562,-0.07245,0.00790,0.0897,0.0789,-0.00113,0.10829,0.06467,0,1,0.429,0.064,running
96.260,2,563,-0.06996,0.00834,0.1365,0.0243,0.02379,0.12768,0.06221,0,1,0.271,0.055,running
96.303,2,564,-0.06723,0.00791,0.1503,-0.0236,0.03993,0.13392,0.05946,0,1,0.100,0.216,running
96.349,2,565,-0.06331,0.00713,0.2156,-0.0429,0.02517,0.12478,0.05552,0,1,0.022,0.369,running
96.392,2,566,-0.05883,0.00507,0.2464,-0.1131,-0.00610,0.09217,0.05104,0,1,-0.247,0.441,running
96.437,2,567,-0.05422,0.00270,0.2539,-0.1305,-0.04603,0.02811,0.04653,0,1,-0.421,0.705,running
96.479,2,568,-0.04912,0.00030,0.2803,-0.1321,-0.07711,-0.03894,0.04171,1,1,-0.518,0.797,in_circle
96.524,2,569,-0.04615,-0.00085,0.1631,-0.0634,-0.09865,-0.08528,0.03896,1,1,-0.695,0.800,in_circle
96.567,2,570,-0.04412,-0.00161,0.1116,-0.0420,-0.09873,-0.10701,0.03711,1,1,-0.256,0.571,in_circle
96.612,2,571,-0.04418,-0.00114,-0.0028,0.0263,-0.09880,-0.10388,0.03707,1,1,-0.056,0.487,in_circle
96.655,2,572,-0.04590,-0.00014,-0.0948,0.0549,-0.09736,-0.08357,0.03859,1,1,0.402,0.213,in_circle
96.701,2,573,-0.04920,0.00151,-0.1815,0.0907,-0.09035,-0.04695,0.04164,1,1,0.774,0.096,in_circle
96.744,2,574,-0.05422,0.00380,-0.2760,0.1258,-0.04927,0.01442,0.04647,0,1,0.800,-0.045,running
96.788,2,575,-0.05858,0.00558,-0.2398,0.0981,-0.01032,0.07738,0.05078,0,1,0.800,-0.164,running
96.832,2,576,-0.06286,0.00662,-0.2357,0.0569,0.02072,0.12930,0.05507,0,1,0.800,-0.049,running
96.876,2,577,-0.06600,0.00706,-0.1726,0.0242,0.04524,0.15850,0.05821,0,1,0.800,0.105,running
96.919,2,578,-0.06787,0.00659,-0.1026,-0.0256,0.03930,0.16004,0.06007,0,1,0.800,0.217,running
96.964,2,579,-0.06865,0.00577,-0.0432,-0.0454,-0.00301,0.14883,0.06085,0,1,0.800,0.380,running
97.008,2,580,-0.06814,0.00425,0.0282,-0.0834,-0.03802,0.12927,0.06036,0,1,0.652,0.444,running
97.052,2,581,-0.06650,0.00321,0.0902,-0.0573,-0.06713,0.10612,0.05876,0,1,0.422,0.572,running
97.096,2,582,-0.06440,0.00270,0.1154,-0.0279,-0.10030,0.07863,0.05670,0,1,0.209,0.496,running
97.139,2,583,-0.06158,0.00314,0.1553,0.0241,-0.10693,0.03233,0.05385,0,1,0.104,0.404,running
97.185,2,584,-0.05932,0.00411,0.1242,0.0534,-0.10297,-0.02017,0.05155,0,1,-0.063,0.226,running
97.228,2,585,-0.05774,0.00585,0.0866,0.0957,-0.08310,-0.06460,0.04994,0,1,0.019,0.117,running
97.315,2,586,-0.05784,0.00806,-0.0054,0.1214,-0.01115,-0.05799,0.05008,0,1,0.138,-0.044,running
97.360,2,587,-0.05973,0.00899,-0.1037,0.0513,-0.01182,-0.02327,0.05201,0,1,0.470,-0.143,running
97.404,2,588,-0.06232,0.00955,-0.1423,0.0307,0.00352,0.01337,0.05463,0,1,0.800,0.110,running
97.448,2,589,-0.06552,0.00956,-0.1761,0.0006,0.03529,0.04993,0.05783,0,1,0.800,0.183,running
97.492,2,590,-0.06827,0.00937,-0.1513,-0.0106,0.00099,0.10088,0.06056,0,1,0.800,0.285,running
97.536,2,591,-0.07019,0.00865,-0.1056,-0.0393,-0.04431,0.14977,0.06244,0,1,0.800,0.321,running
97.579,2,592,-0.07084,0.00848,-0.0362,-0.0096,-0.06284,0.17004,0.06309,0,1,0.800,0.411,running
97.625,2,593,-0.07021,0.00833,0.0348,-0.0081,-0.08886,0.15391,0.06246,0,1,0.642,0.320,running
97.668,2,594,-0.06851,0.00916,0.0935,0.0455,-0.11091,0.12897,0.06080,0,1,0.418,0.316,running
97.712,2,595,-0.06561,0.01094,0.1597,0.0979,-0.09183,0.09789,0.05802,0,1,0.219,0.143,running
97.756,2,596,-0.06189,0.01349,0.2047,0.1406,-0.06310,0.06311,0.05461,0,1,-0.027,-0.039,running
97.800,2,597,-0.05833,0.01628,0.1957,0.1533,-0.03729,0.01851,0.05157,0,1,-0.224,-0.206,running
97.845,2,598,-0.05616,0.01940,0.1192,0.1715,0.00487,-0.03449,0.05018,0,1,-0.237,-0.276,running
97.889,2,599,-0.05406,0.02219,0.1159,0.1536,0.04313,-0.08655,0.04901,0,1,0.017,-0.359,running
97.932,2,600,-0.05407,0.02398,-0.0008,0.0984,0.06604,-0.10631,0.04964,0,1,0.015,-0.310,running
97.976,2,601,-0.05502,0.02455,-0.0524,0.0316,0.07622,-0.08174,0.05074,0,1,0.441,-0.114,running
98.019,2,602,-0.05752,0.02394,-0.1370,-0.0336,0.04787,-0.01936,0.05285,0,1,0.631,0.126,running
98.064,2,603,-0.06043,0.02225,-0.1605,-0.0934,0.01374,0.05118,0.05508,0,1,0.800,0.355,running
98.107,2,604,-0.06360,0.02037,-0.1741,-0.1030,-0.02338,0.11331,0.05762,0,1,0.800,0.558,running
98.152,2,605,-0.06575,0.01770,-0.1181,-0.1470,-0.05952,0.14555,0.05912,0,1,0.800,0.584,running
98.196,2,606,-0.06658,0.01586,-0.0460,-0.1014,-0.08600,0.15762,0.05960,0,1,0.800,0.728,running
98.240,2,607,-0.06611,0.01463,0.0259,-0.0675,-0.11710,0.14875,0.05895,0,1,0.652,0.584,running
98.284,2,608,-0.06461,0.01404,0.0828,-0.0326,-0.11715,0.13397,0.05737,0,1,0.417,0.481,running
98.328,2,609,-0.06242,0.01460,0.1201,0.0311,-0.11278,0.11887,0.05530,0,1,0.218,0.372,running
98.372,2,610,-0.05950,0.01647,0.1606,0.1028,-0.08776,0.07259,0.05275,0,1,0.072,0.157,running
98.416,2,611,-0.05550,0.01836,0.2203,0.1039,-0.04364,0.00752,0.04927,0,1,-0.098,-0.101,running
98.459,2,612,-0.05256,0.02160,0.1613,0.1783,-0.00694,-0.04587,0.04741,0,1,-0.358,-0.124,running
98.504,2,613,-0.05077,0.02392,0.0987,0.1275,0.01930,-0.08346,0.04656,0,1,-0.169,-0.416,running
98.547,2,614,-0.05030,0.02498,0.0257,0.0579,0.04493,-0.09803,0.04655,0,1,0.053,-0.239,running
98.593,2,615,-0.05133,0.02538,-0.0567,0.0222,0.07268,-0.08271,0.04765,0,1,0.324,0.017,running
98.636,2,616,-0.05404,0.02528,-0.1490,-0.0056,0.05558,-0.03529,0.05010,0,1,0.635,0.149,running
98.679,2,617,-0.05738,0.02379,-0.1837,-0.0820,0.00459,0.02694,0.05268,0,1,0.800,0.248,running
98.724,2,618,-0.06083,0.02178,-0.1896,-0.1107,-0.02754,0.09041,0.05533,0,1,0.800,0.516,running
98.767,2,619,-0.06356,0.02032,-0.1504,-0.0802,-0.05222,0.13513,0.05757,0,1,0.800,0.608,running
98.813,2,620,-0.06494,0.01826,-0.0756,-0.1130,-0.09083,0.15581,0.05844,0,1,0.800,0.500,running
98.855,2,621,-0.06562,0.01748,-0.0376,-0.0432,-0.12006,0.15358,0.05895,0,1,0.742,0.610,running
98.901,2,622,-0.06499,0.01760,0.0348,0.0067,-0.10707,0.13932,0.05835,0,1,0.621,0.383,running
98.944,2,623,-0.06339,0.01901,0.0881,0.0773,-0.11303,0.12032,0.05709,0,1,0.382,0.220,running
98.989,2,624,-0.06112,0.02088,0.1247,0.1034,-0.08827,0.09500,0.05536,0,1,0.194,-0.018,running
99.032,2,625,-0.05781,0.02338,0.1819,0.1373,-0.04097,0.05155,0.05295,0,1,0.052,-0.118,running
99.077,2,626,-0.05440,0.02606,0.1878,0.1476,-0.00854,-0.00593,0.05073,0,1,-0.176,-0.253,running
99.120,2,627,-0.05161,0.02808,0.1534,0.1110,0.02210,-0.06350,0.04906,0,1,-0.229,-0.309,running
99.165,2,628,-0.05095,0.02956,0.0362,0.0814,0.05864,-0.09400,0.04917,0,1,-0.129,-0.191,running
99.207,2,629,-0.05093,0.03034,0.0013,0.0425,0.07220,-0.09382,0.04952,0,1,0.296,-0.088,running
99.253,2,630,-0.05262,0.02979,-0.0932,-0.0301,0.04230,-0.05703,0.05074,0,1,0.424,0.050,running
99.341,2,631,-0.05776,0.02626,-0.2826,-0.1940,-0.02854,0.06016,0.05391,0,1,0.769,0.309,running
99.384,2,632,-0.06046,0.02389,-0.1482,-0.1306,-0.03139,0.09465,0.05561,0,1,0.800,0.800,running
99.428,2,633,-0.06231,0.02137,-0.1020,-0.1381,-0.04109,0.09431,0.05664,0,1,0.800,0.655,running
99.473,2,634,-0.06358,0.01920,-0.0697,-0.1194,-0.10009,0.09868,0.05732,0,1,0.800,0.681,running
99.516,2,635,-0.06347,0.01815,0.0061,-0.0581,-0.10991,0.12125,0.05698,0,1,0.718,0.622,running
99.560,2,636,-0.06241,0.01793,0.0580,-0.0118,-0.11166,0.13856,0.05590,0,1,0.466,0.423,running
99.607,2,637,-0.06067,0.01859,0.0962,0.0361,-0.10860,0.14036,0.05434,0,1,0.285,0.270,running
99.649,2,638,-0.05742,0.02030,0.1787,0.0944,-0.07457,0.12885,0.05164,0,1,0.141,0.105,running
99.692,2,639,-0.05382,0.02328,0.1980,0.1635,-0.03273,0.09418,0.04915,0,1,-0.179,-0.109,running
99.736,2,640,-0.04918,0.02515,0.2548,0.1032,-0.00295,0.03957,0.04560,0,1,-0.283,-0.377,running
99.782,2,641,-0.04493,0.02701,0.2340,0.1019,0.02993,-0.02256,0.04266,1,1,-0.547,-0.176,in_circle
99.825,2,642,-0.04182,0.02872,0.1712,0.0941,0.06328,-0.07642,0.04090,1,1,-0.513,-0.186,in_circle
99.874,2,643,-0.04016,0.02983,0.0910,0.0615,0.05293,-0.11373,0.04019,1,1,-0.292,-0.165,in_circle
99.913,2,644,-0.04010,0.02987,0.0036,0.0017,0.02313,-0.12531,0.04016,1,1,0.018,-0.041,in_circle
99.957,2,645,-0.04216,0.02873,-0.1137,-0.0623,-0.00178,-0.09996,0.04120,1,1,0.367,0.197,in_circle
100.000,2,646,-0.04582,0.02893,-0.2012,0.0110,-0.03811,-0.04725,0.04440,1,1,0.800,0.450,in_circle
100.044,2,647,-0.05027,0.02906,-0.2444,0.0070,-0.08196,0.02270,0.04832,0,1,0.800,0.157,running
100.087,2,648,-0.05460,0.02877,-0.2385,-0.0160,-0.10958,0.08519,0.05205,0,1,0.800,0.167,running
100.132,2,649,-0.05835,0.02952,-0.2062,0.0413,-0.08161,0.13025,0.05576,0,1,0.800,0.245,running
100.176,2,650,-0.06123,0.03087,-0.1584,0.0744,-0.04387,0.15640,0.05894,0,1,0.800,0.042,running
100.221,2,651,-0.06235,0.03177,-0.0614,0.0493,-0.02106,0.15606,0.06033,0,1,0.800,-0.070,running
100.264,2,652,-0.06220,0.03235,0.0083,0.0320,0.00816,0.14503,0.06044,0,1,0.687,0.008,running
100.309,2,653,-0.06017,0.03207,0.1113,-0.0156,0.04040,0.12974,0.05850,0,1,0.465,0.060,running
100.353,2,654,-0.05727,0.03141,0.1596,-0.0360,0.03091,0.10499,0.05562,0,1,0.117,0.215,running
100.396,2,655,-0.05381,0.02983,0.1903,-0.0870,0.00078,0.06994,0.05182,0,1,-0.076,0.291,running
100.441,2,656,-0.05050,0.02750,0.1819,-0.1283,-0.02103,0.01503,0.04781,0,1,-0.229,0.485,running
100.485,2,657,-0.04685,0.02516,0.2007,-0.1289,-0.06043,-0.03648,0.04350,1,1,-0.248,0.661,in_circle
100.530,2,658,-0.04539,0.02422,0.0805,-0.0515,-0.09806,-0.08397,0.04177,1,1,-0.370,0.696,in_circle
100.572,2,659,-0.04516,0.02355,0.0129,-0.0368,-0.09486,-0.11056,0.04127,1,1,0.081,0.404,in_circle
100.617,2,660,-0.04583,0.02448,-0.0369,0.0509,-0.09843,-0.09508,0.04228,1,1,0.345,0.348,in_circle
100.660,2,661,-0.04826,0.02606,-0.1336,0.0868,-0.09651,-0.05961,0.04515,1,1,0.544,-0.000,in_circle
100.703,2,662,-0.05185,0.02915,-0.1975,0.1700,-0.08189,0.00124,0.04976,0,1,0.800,-0.138,running
100.749,2,663,-0.05517,0.03203,-0.1829,0.1586,-0.04050,0.06351,0.05405,0,1,0.800,-0.437,running
100.793,2,664,-0.05871,0.03517,-0.1947,0.1728,-0.00163,0.11311,0.05868,0,1,0.800,-0.385,running
100.836,2,665,-0.06162,0.03749,-0.1600,0.1274,0.02789,0.14741,0.06236,0,1,0.800,-0.419,running
100.881,2,666,-0.06295,0.03915,-0.0731,0.0912,0.05136,0.16549,0.06435,0,1,0.800,-0.268,running
100.925,2,667,-0.06301,0.04020,-0.0035,0.0581,0.05885,0.15540,0.06495,0,1,0.726,-0.159,running
100.967,2,668,-0.06136,0.04037,0.0910,0.0092,0.03617,0.14166,0.06364,0,1,0.517,-0.064,running
101.013,2,669,-0.05907,0.03962,0.1258,-0.0413,-0.00343,0.12250,0.06131,0,1,0.219,0.083,running
101.055,2,670,-0.05600,0.03876,0.1689,-0.0472,-0.03704,0.08463,0.05828,0,1,0.087,0.246,running
101.100,2,671,-0.05307,0.03813,0.1615,-0.0347,-0.06993,0.02479,0.05551,0,1,-0.088,0.277,running
101.145,2,672,-0.05053,0.03832,0.1394,0.0102,-0.09662,-0.03329,0.05357,0,1,-0.097,0.245,running
101.189,2,673,-0.04869,0.03846,0.1012,0.0080,-0.09463,-0.08477,0.05221,0,1,-0.046,0.093,running
101.232,2,674,-0.04848,0.04011,0.0113,0.0907,-0.07963,-0.10440,0.05309,0,1,0.072,0.101,running
101.277,2,675,-0.04922,0.04183,-0.0404,0.0947,-0.05955,-0.07488,0.05477,0,1,0.389,-0.194,running
101.365,2,676,-0.05428,0.04607,-0.2784,0.2332,0.02165,0.05625,0.06137,0,1,0.572,-0.214,running
101.409,2,677,-0.05778,0.04751,-0.1924,0.0791,0.01622,0.10133,0.06497,0,1,0.800,-0.653,running
101.453,2,678,-0.06068,0.04773,-0.1597,0.0122,0.03599,0.10478,0.06736,0,1,0.800,-0.171,running
101.496,2,679,-0.06307,0.04744,-0.1312,-0.0159,0.08817,0.10706,0.06908,0,1,0.800,0.023,running
101.541,2,680,-0.06408,0.04608,-0.0555,-0.0747,0.05986,0.12612,0.06909,0,1,0.800,0.099,running
101.585,2,681,-0.06412,0.04364,-0.0024,-0.1345,-0.00374,0.13914,0.06774,0,1,0.680,0.270,running
101.628,2,682,-0.06325,0.04095,0.0479,-0.1478,-0.02723,0.14034,0.06554,0,1,0.526,0.457,running
101.672,2,683,-0.06140,0.03842,0.1018,-0.1390,-0.04554,0.13080,0.06264,0,1,0.367,0.521,running
101.717,2,684,-0.05858,0.03652,0.1553,-0.1046,-0.08936,0.11120,0.05924,0,1,0.180,0.524,running
101.761,2,685,-0.05534,0.03588,0.1777,-0.0350,-0.11116,0.06801,0.05616,0,1,-0.026,0.442,running
101.805,2,686,-0.05172,0.03526,0.1996,-0.0343,-0.10594,0.00511,0.05277,0,1,-0.139,0.227,running
101.848,2,687,-0.04883,0.03599,0.1587,0.0401,-0.09165,-0.05376,0.05082,0,1,-0.259,0.235,running
101.893,2,688,-0.04672,0.03708,0.1159,0.0599,-0.06745,-0.09000,0.04981,0,1,-0.141,-0.028,running
101.936,2,689,-0.04627,0.03877,0.0251,0.0931,-0.02727,-0.09801,0.05053,0,1,-0.002,-0.104,running
101.982,2,690,-0.04715,0.04067,-0.0489,0.1046,0.00858,-0.06937,0.05245,0,1,0.327,-0.229,running
102.024,2,691,-0.04907,0.04168,-0.1052,0.0553,0.03792,-0.01398,0.05455,0,1,0.594,-0.273,running
102.069,2,692,-0.05138,0.04265,-0.1272,0.0531,0.06531,0.05210,0.05694,0,1,0.793,-0.104,running
102.111,2,693,-0.05515,0.04136,-0.2071,-0.0709,0.06113,0.11680,0.05909,0,1,0.800,-0.100,running
102.157,2,694,-0.05741,0.03886,-0.1244,-0.1373,0.02816,0.15111,0.05950,0,1,0.800,0.305,running
102.201,2,695,-0.05854,0.03629,-0.0623,-0.1411,-0.00482,0.15775,0.05910,0,1,0.800,0.524,running
102.245,2,696,-0.05869,0.03409,-0.0082,-0.1210,-0.04152,0.14500,0.05813,0,1,0.677,0.547,running
102.287,2,697,-0.05701,0.03197,0.0922,-0.1171,-0.07310,0.12353,0.05564,0,1,0.500,0.494,running
102.333,2,698,-0.05416,0.03057,0.1567,-0.0768,-0.10221,0.10208,0.05247,0,1,0.150,0.502,running
102.376,2,699,-0.05140,0.03035,0.1519,-0.0119,-0.10907,0.06887,0.04994,0,1,-0.104,0.383,running
102.420,2,700,-0.04785,0.03116,0.1954,0.0441,-0.09445,0.01073,0.04730,0,1,-0.116,0.160,running
102.465,2,701,-0.04526,0.03309,0.1424,0.1065,-0.07235,-0.05236,0.04623,0,1,-0.310,-0.047,running
102.508,2,702,-0.04395,0.03476,0.0723,0.0919,-0.03342,-0.09036,0.04619,0,1,-0.129,-0.288,running
102.553,2,703,-0.04364,0.03739,0.0171,0.1447,0.00450,-0.09370,0.04764,0,1,0.130,-0.239,running
102.595,2,704,-0.04502,0.03950,-0.0759,0.1160,0.03245,-0.07101,0.05007,0,1,0.340,-0.440,running
102.640,2,705,-0.04747,0.04030,-0.1347,0.0439,0.04666,-0.01825,0.05244,0,1,0.685,-0.334,running
102.683,2,706,-0.05101,0.04001,-0.1951,-0.0161,0.06228,0.04910,0.05499,0,1,0.800,-0.079,running
102.728,2,707,-0.05362,0.03882,-0.1436,-0.0653,0.05234,0.10621,0.05636,0,1,0.800,0.125,running
102.773,2,708,-0.05598,0.03618,-0.1296,-0.1451,0.01182,0.14583,0.05685,0,1,0.800,0.289,running
102.818,2,709,-0.05626,0.03300,-0.0153,-0.1751,-0.02614,0.16218,0.05547,0,1,0.800,0.560,running
102.860,2,710,-0.05540,0.02977,0.0472,-0.1777,-0.05690,0.14657,0.05320,0,1,0.510,0.680,running
102.905,2,711,-0.05364,0.02763,0.0969,-0.1175,-0.08438,0.12622,0.05069,0,1,0.287,0.717,running
102.947,2,712,-0.05072,0.02628,0.1607,-0.0745,-0.11699,0.10611,0.04747,0,1,0.093,0.529,running
102.993,2,713,-0.04709,0.02651,0.1994,0.0126,-0.11092,0.06771,0.04432,1,1,-0.172,0.391,in_circle
103.036,2,714,-0.04315,0.02738,0.2166,0.0478,-0.10221,0.00861,0.04131,1,1,-0.356,0.069,in_circle
103.082,2,715,-0.04012,0.03005,0.1667,0.1469,-0.07758,-0.04600,0.04029,1,1,-0.464,-0.072,in_circle
103.124,2,716,-0.03790,0.03305,0.1223,0.1653,-0.03542,-0.09013,0.04047,1,1,-0.283,-0.476,in_circle
103.170,2,717,-0.03755,0.03666,0.0193,0.1986,0.00123,-0.11871,0.04272,1,1,-0.111,-0.557,in_circle
103.213,2,718,-0.03818,0.03995,-0.0348,0.1810,0.02955,-0.10737,0.04556,0,1,0.303,-0.685,running
103.257,2,719,-0.04044,0.04196,-0.1242,0.1104,0.06494,-0.05485,0.04856,0,1,0.516,-0.611,running
103.300,2,720,-0.04364,0.04223,-0.1764,0.0147,0.09584,0.01535,0.05096,0,1,0.800,-0.344,running
103.388,2,721,-0.05149,0.03837,-0.4313,-0.2120,0.05280,0.13082,0.05437,0,1,0.800,-0.001,running
103.432,2,722,-0.05344,0.03424,-0.1072,-0.2271,0.05203,0.14394,0.05367,0,1,0.800,0.783,running
103.477,2,723,-0.05446,0.02904,-0.0564,-0.2864,0.03363,0.13151,0.05204,0,1,0.800,0.800,running
103.521,2,724,-0.05401,0.02394,0.0247,-0.2804,-0.02331,0.12340,0.04957,0,1,0.643,0.800,running
103.564,2,725,-0.05270,0.01881,0.0724,-0.2821,-0.05819,0.12040,0.04669,0,1,0.348,0.800,running
103.609,2,726,-0.05035,0.01517,0.1288,-0.2004,-0.07173,0.11477,0.04353,1,1,0.157,0.800,in_circle
103.652,2,727,-0.04728,0.01241,0.1688,-0.1516,-0.11006,0.08630,0.04000,1,1,-0.083,0.800,in_circle
103.696,2,728,-0.04469,0.01037,0.1426,-0.1122,-0.10800,0.02678,0.03715,1,1,-0.276,0.747,in_circle
103.740,2,729,-0.04197,0.00900,0.1496,-0.0752,-0.10373,-0.04310,0.03430,1,1,-0.178,0.594,in_circle
103.785,2,730,-0.04031,0.00911,0.0911,0.0060,-0.09705,-0.09408,0.03266,1,1,-0.213,0.449,in_circle
103.827,2,731,-0.04055,0.01075,-0.0128,0.0900,-0.08531,-0.10656,0.03309,1,1,0.017,0.124,in_circle
103.872,2,732,-0.04202,0.01317,-0.0813,0.1330,-0.05101,-0.07819,0.03497,1,1,0.433,-0.216,in_circle
103.917,2,733,-0.04543,0.01485,-0.1876,0.0927,-0.00796,-0.02449,0.03866,1,1,0.711,-0.395,in_circle
103.963,2,734,-0.04897,0.01651,-0.1942,0.0912,0.02096,0.03546,0.04249,1,1,0.800,-0.238,in_circle
104.004,2,735,-0.05325,0.01818,-0.2357,0.0919,0.04573,0.09305,0.04705,0,1,0.800,-0.229,running
104.050,2,736,-0.05700,0.01938,-0.2063,0.0658,0.04155,0.13650,0.05099,0,1,0.800,-0.223,running
104.091,2,737,-0.05963,0.01900,-0.1447,-0.0211,0.02301,0.15969,0.05344,0,1,0.800,-0.122,running
104.137,2,738,-0.06031,0.01812,-0.0372,-0.0484,0.00577,0.15356,0.05389,0,1,0.800,0.185,running
104.181,2,739,-0.05963,0.01703,0.0371,-0.0599,-0.03246,0.13404,0.05299,0,1,0.596,0.280,running
104.226,2,740,-0.05826,0.01588,0.0754,-0.0631,-0.07240,0.11365,0.05142,0,1,0.334,0.325,running
104.271,2,741,-0.05563,0.01545,0.1446,-0.0236,-0.10005,0.08755,0.04876,0,1,0.188,0.345,running
104.312,2,742,-0.05313,0.01590,0.1374,0.0246,-0.10844,0.04680,0.04640,0,1,-0.087,0.209,running
104.356,2,743,-0.05058,0.01681,0.1407,0.0500,-0.09563,-0.00605,0.04412,1,1,-0.087,0.031,in_circle
104.401,2,744,-0.04887,0.01887,0.0937,0.1136,-0.06990,-0.06307,0.04304,1,1,-0.124,-0.071,in_circle
104.444,2,745,-0.04826,0.02170,0.0335,0.1556,-0.02401,-0.09676,0.04340,1,1,0.045,-0.325,in_circle
104.489,2,746,-0.04911,0.02424,-0.0466,0.1395,0.01215,-0.08640,0.04516,1,1,0.279,-0.494,in_circle
104.533,2,747,-0.05152,0.02654,-0.1328,0.1265,0.04061,-0.04545,0.04831,0,1,0.591,-0.432,running
104.578,2,748,-0.05452,0.02750,-0.1646,0.0532,0.07174,0.02514,0.05143,0,1,0.800,-0.377,running
104.619,2,749,-0.05770,0.02714,-0.1751,-0.0201,0.06768,0.09349,0.05419,0,1,0.800,-0.108,running
104.665,2,750,-0.06024,0.02531,-0.1398,-0.1005,0.04232,0.13635,0.05589,0,1,0.800,0.146,running
104.708,2,751,-0.06196,0.02312,-0.0942,-0.1205,0.01651,0.15480,0.05680,0,1,0.800,0.419,running
104.753,2,752,-0.06177,0.02065,0.0103,-0.1359,-0.03094,0.14514,0.05592,0,1,0.795,0.488,running
104.797,2,753,-0.06116,0.01874,0.0335,-0.1050,-0.06223,0.13376,0.05486,0,1,0.443,0.552,running
104.841,2,754,-0.05917,0.01738,0.1094,-0.0747,-0.09127,0.12135,0.05262,0,1,0.359,0.458,running
104.883,2,755,-0.05601,0.01691,0.1736,-0.0258,-0.11235,0.09758,0.04943,0,1,0.078,0.367,running
104.928,2,756,-0.05232,0.01766,0.2035,0.0411,-0.09820,0.05249,0.04602,0,1,-0.185,0.202,running
104.972,2,757,-0.04906,0.01852,0.1791,0.0472,-0.07211,-0.00753,0.04312,1,1,-0.340,-0.047,in_circle
105.018,2,758,-0.04655,0.02065,0.1378,0.1174,-0.03415,-0.06349,0.04143,1,1,-0.284,-0.076,in_circle
105.061,2,759,-0.04611,0.02304,0.0247,0.1311,0.00337,-0.10162,0.04192,1,1,-0.144,-0.361,in_circle
105.105,2,760,-0.04609,0.02466,0.0010,0.0896,0.03465,-0.10714,0.04259,1,1,0.303,-0.420,in_circle
105.150,2,761,-0.04832,0.02636,-0.1226,0.0933,0.06564,-0.07009,0.04535,1,1,0.397,-0.260,in_circle
105.192,2,762,-0.05152,0.02659,-0.1760,0.0126,0.07485,-0.00454,0.04832,0,1,0.800,-0.273,running
105.237,2,763,-0.05522,0.02537,-0.2039,-0.0673,0.04478,0.05806,0.05123,0,1,0.800,0.030,running
105.281,2,764,-0.05873,0.02332,-0.1930,-0.1128,0.00678,0.10888,0.05380,0,1,0.800,0.315,running
105.325,2,765,-0.06142,0.02084,-0.1477,-0.1364,-0.02666,0.14458,0.05563,0,1,0.800,0.468,running
105.414,2,766,-0.06297,0.01694,-0.0854,-0.2144,-0.09314,0.14345,0.05625,0,1,0.800,0.545,running
105.456,2,767,-0.06206,0.01597,0.0501,-0.0534,-0.09895,0.12999,0.05517,0,1,0.769,0.800,running
105.501,2,768,-0.05990,0.01629,0.1190,0.0177,-0.10441,0.12456,0.05310,0,1,0.307,0.281,running
105.544,2,769,-0.05669,0.01749,0.1762,0.0660,-0.11512,0.12001,0.05023,0,1,0.051,0.038,running
105.589,2,770,-0.05313,0.01928,0.1960,0.0983,-0.10397,0.09037,0.04723,0,1,-0.185,-0.140,running
105.632,2,771,-0.04880,0.02295,0.2382,0.2021,-0.08181,0.03806,0.04436,1,1,-0.298,-0.272,in_circle
105.676,2,772,-0.04379,0.02670,0.2755,0.2063,-0.03178,-0.02087,0.04152,1,1,-0.500,-0.689,in_circle
105.720,2,773,-0.04102,0.03029,0.1523,0.1972,0.00332,-0.07443,0.04115,1,1,-0.693,-0.737,in_circle
105.765,2,774,-0.03975,0.03371,0.0696,0.1883,0.03234,-0.11054,0.04230,1,1,-0.217,-0.714,in_circle
105.808,2,775,-0.03954,0.03579,0.0119,0.1141,0.07057,-0.12939,0.04353,1,1,0.112,-0.682,in_circle
105.853,2,776,-0.04089,0.03728,-0.0745,0.0820,0.09182,-0.11526,0.04553,0,1,0.339,-0.394,running
105.896,2,777,-0.04376,0.03677,-0.1578,-0.0276,0.08074,-0.06501,0.04733,0,1,0.673,-0.272,running
105.941,2,778,-0.04833,0.03494,-0.2512,-0.1010,0.05067,0.01339,0.04980,0,1,0.800,0.137,running
105.984,2,779,-0.05252,0.03263,-0.2307,-0.1270,0.01200,0.08213,0.05205,0,1,0.800,0.399,running
106.028,2,780,-0.05647,0.02965,-0.2169,-0.1641,-0.02673,0.12242,0.05411,0,1,0.800,0.485,running
106.072,2,781,-0.06022,0.02627,-0.2067,-0.1859,-0.05438,0.13515,0.05620,0,1,0.800,0.607,running
106.118,2,782,-0.06194,0.02388,-0.0945,-0.1311,-0.08734,0.13085,0.05702,0,1,0.800,0.675,running
106.160,2,783,-0.06279,0.02235,-0.0467,-0.0844,-0.12170,0.13036,0.05737,0,1,0.795,0.493,running
106.205,2,784,-0.06288,0.02271,-0.0051,0.0198,-0.11251,0.12766,0.05756,0,1,0.639,0.341,running
106.249,2,785,-0.06168,0.02412,0.0664,0.0775,-0.11024,0.12042,0.05684,0,1,0.503,-0.005,running
106.293,2,786,-0.05961,0.02648,0.1137,0.1298,-0.07886,0.10873,0.05571,0,1,0.259,-0.203,running
106.337,2,787,-0.05666,0.02985,0.1621,0.1855,-0.03380,0.07708,0.05437,0,1,0.087,-0.390,running
106.382,2,788,-0.05321,0.03293,0.1898,0.1691,-0.00410,0.03141,0.05279,0,1,-0.098,-0.599,running
106.425,2,789,-0.05056,0.03571,0.1456,0.1533,0.02975,-0.01328,0.05207,0,1,-0.220,-0.562,running
106.468,2,790,-0.04812,0.03762,0.1344,0.1049,0.06384,-0.05726,0.05124,0,1,-0.079,-0.520,running
106.513,2,791,-0.04701,0.03816,0.0613,0.0299,0.07908,-0.09015,0.05071,0,1,-0.054,-0.360,running
106.555,2,792,-0.04729,0.03734,-0.0154,-0.0452,0.06687,-0.08620,0.05041,0,1,0.200,-0.096,running
106.601,2,793,-0.04878,0.03524,-0.0819,-0.1158,0.04184,-0.03994,0.05034,0,1,0.475,0.174,running
106.645,2,794,-0.05116,0.03262,-0.1312,-0.1439,0.00026,0.02498,0.05088,0,1,0.717,0.433,running
106.688,2,795,-0.05390,0.02985,-0.1504,-0.1523,-0.04009,0.09275,0.05190,0,1,0.800,0.536,running
106.732,2,796,-0.05617,0.02676,-0.1249,-0.1698,-0.06807,0.14009,0.05263,0,1,0.800,0.566,running
106.777,2,797,-0.05775,0.02489,-0.0874,-0.1031,-0.09982,0.16078,0.05341,0,1,0.800,0.631,running
106.820,2,798,-0.05744,0.02399,0.0175,-0.0492,-0.11634,0.14441,0.05280,0,1,0.761,0.399,running
106.866,2,799,-0.05629,0.02467,0.0630,0.0370,-0.11200,0.12830,0.05196,0,1,0.395,0.216,running
106.909,2,800,-0.05370,0.02648,0.1425,0.0998,-0.09915,0.10898,0.05026,0,1,0.228,-0.088,running
106.952,2,801,-0.05090,0.02938,0.1540,0.1593,-0.05422,0.08305,0.04903,0,1,-0.073,-0.321,running
106.996,2,802,-0.04765,0.03274,0.1788,0.1849,-0.01902,0.04468,0.04799,0,1,-0.133,-0.550,running
107.040,2,803,-0.04434,0.03644,0.1820,0.2034,0.01058,-0.01590,0.04756,0,1,-0.243,-0.661,running
107.085,2,804,-0.04194,0.03924,0.1319,0.1540,0.04852,-0.07377,0.04765,0,1,-0.268,-0.744,running
107.127,2,805,-0.04121,0.04110,0.0402,0.1024,0.08698,-0.10021,0.04846,0,1,-0.089,-0.571,running
107.173,2,806,-0.04187,0.04165,-0.0364,0.0306,0.10516,-0.08747,0.04932,0,1,0.250,-0.385,running
107.216,2,807,-0.04395,0.04013,-0.1140,-0.0837,0.08018,-0.04645,0.04971,0,1,0.533,-0.126,running
107.262,2,808,-0.04685,0.03734,-0.1596,-0.1538,0.03752,0.00915,0.05007,0,1,0.800,0.290,running
107.303,2,809,-0.05002,0.03367,-0.1744,-0.2014,0.00254,0.06477,0.05048,0,1,0.800,0.547,running
107.348,2,810,-0.05281,0.02981,-0.1534,-0.2126,-0.02979,0.11239,0.05092,0,1,0.800,0.724,running
107.437,2,811,-0.05568,0.02354,-0.1582,-0.3447,-0.09354,0.15244,0.05100,0,1,0.800,0.770,running
107.480,2,812,-0.05508,0.02152,0.0330,-0.1108,-0.09957,0.14225,0.04977,0,1,0.800,0.800,running
107.527,2,813,-0.05337,0.02175,0.0944,0.0123,-0.10670,0.12988,0.04821,0,1,0.322,0.437,running
107.569,2,814,-0.05072,0.02323,0.1457,0.0815,-0.11500,0.12374,0.04625,0,1,0.086,-0.009,running
107.612,2,815,-0.04749,0.02576,0.1777,0.1391,-0.08995,0.10853,0.04433,1,1,-0.126,-0.272,in_circle
107.656,2,816,-0.04345,0.02979,0.2220,0.2216,-0.06012,0.07231,0.04286,1,1,-0.272,-0.505,in_circle
107.701,2,817,-0.03861,0.03496,0.2660,0.2842,-0.02160,0.01308,0.04228,1,1,-0.469,-0.800,in_circle
107.744,2,818,-0.03466,0.03908,0.2176,0.2269,0.01667,-0.04994,0.04261,1,1,-0.659,-0.800,in_circle
107.789,2,819,-0.03194,0.04252,0.1492,0.1894,0.04660,-0.10345,0.04378,1,1,-0.477,-0.800,in_circle
107.832,2,820,-0.03041,0.04468,0.0842,0.1184,0.08425,-0.13305,0.04480,1,1,-0.209,-0.752,in_circle
107.877,2,821,-0.03100,0.04574,-0.0325,0.0584,0.10336,-0.12229,0.04602,0,1,0.041,-0.483,running
107.922,2,822,-0.03326,0.04497,-0.1241,-0.0425,0.08990,-0.07140,0.04655,0,1,0.487,-0.259,running
107.965,2,823,-0.03702,0.04213,-0.2069,-0.1562,0.05581,0.00195,0.04647,0,1,0.800,0.119,running
108.009,2,824,-0.04119,0.03865,-0.2291,-0.1914,0.01890,0.06340,0.04670,0,1,0.800,0.551,running
108.052,2,825,-0.04495,0.03424,-0.2070,-0.2424,-0.01753,0.10079,0.04667,0,1,0.800,0.689,running
108.096,2,826,-0.04821,0.02954,-0.1790,-0.2584,-0.05007,0.12374,0.04677,0,1,0.800,0.800,running
108.141,2,827,-0.05012,0.02547,-0.1051,-0.2241,-0.08002,0.13891,0.04658,0,1,0.800,0.800,running
108.184,2,828,-0.05031,0.02327,-0.0104,-0.1205,-0.11509,0.13423,0.04589,0,1,0.800,0.800,running
108.229,2,829,-0.05055,0.02196,-0.0131,-0.0723,-0.11273,0.13129,0.04563,0,1,0.458,0.469,running
108.272,2,830,-0.04939,0.02268,0.0634,0.0399,-0.11659,0.12667,0.04482,1,1,0.468,0.291,in_circle
108.315,2,831,-0.04747,0.02480,0.1059,0.1163,-0.10243,0.11324,0.04390,1,1,0.172,-0.135,in_circle
108.361,2,832,-0.04481,0.02785,0.1463,0.1680,-0.07247,0.07857,0.04298,1,1,-0.000,-0.437,in_circle
108.404,2,833,-0.04178,0.03156,0.1667,0.2038,-0.03275,0.02698,0.04252,1,1,-0.170,-0.650,in_circle
108.449,2,834,-0.03921,0.03588,0.1415,0.2378,0.00007,-0.03028,0.04335,1,1,-0.261,-0.800,in_circle
108.492,2,835,-0.03688,0.03939,0.1281,0.1930,0.03427,-0.07327,0.04428,1,1,-0.163,-0.800,in_circle
108.537,2,836,-0.03629,0.04200,0.0322,0.1433,0.07381,-0.09247,0.04591,0,1,-0.112,-0.773,running
108.580,2,837,-0.03722,0.04289,-0.0510,0.0489,0.09979,-0.08073,0.04718,0,1,0.259,-0.585,running
108.627,2,838,-0.03905,0.04273,-0.1005,-0.0088,0.09487,-0.02759,0.04822,0,1,0.574,-0.234,running
108.668,2,839,-0.04192,0.04053,-0.1579,-0.1208,0.06402,0.04578,0.04854,0,1,0.760,-0.023,running
108.712,2,840,-0.04441,0.03627,-0.1372,-0.2347,0.02415,0.10519,0.04750,0,1,0.800,0.391,running
108.758,2,841,-0.04607,0.03230,-0.0910,-0.2183,-0.00747,0.14425,0.04643,0,1,0.800,0.800,running
108.800,2,842,-0.04654,0.02785,-0.0262,-0.2447,-0.03929,0.15308,0.04448,1,1,0.748,0.790,in_circle
108.843,2,843,-0.04580,0.02401,0.0411,-0.2113,-0.07379,0.14246,0.04205,1,1,0.506,0.800,in_circle
108.889,2,844,-0.04366,0.02154,0.1177,-0.1356,-0.10591,0.12800,0.03908,1,1,0.238,0.800,in_circle
108.933,2,845,-0.04075,0.02020,0.1599,-0.0736,-0.11277,0.09936,0.03588,1,1,-0.081,0.549,in_circle
108.977,2,846,-0.03767,0.02111,0.1694,0.0498,-0.11267,0.04748,0.03347,1,1,-0.257,0.303,in_circle
109.022,2,847,-0.03445,0.02364,0.1770,0.1392,-0.10165,-0.00169,0.03196,1,1,-0.303,-0.193,in_circle
109.065,2,848,-0.03153,0.02644,0.1608,0.1538,-0.08064,-0.05066,0.03132,1,1,-0.341,-0.558,in_circle
109.109,2,849,-0.02996,0.03051,0.0863,0.2240,-0.03378,-0.08281,0.03304,1,1,-0.284,-0.624,in_circle
109.153,2,850,-0.02966,0.03517,0.0165,0.2562,0.00255,-0.08743,0.03645,1,1,0.010,-0.800,in_circle
109.197,2,851,-0.03099,0.03891,-0.0733,0.2058,0.03003,-0.06024,0.04026,1,1,0.288,-0.800,in_circle
109.240,2,852,-0.03368,0.04193,-0.1477,0.1662,0.06270,-0.01013,0.04428,1,1,0.651,-0.800,in_circle
109.284,2,853,-0.03618,0.04347,-0.1377,0.0850,0.09181,0.04363,0.04701,0,1,0.800,-0.697,running
109.328,2,854,-0.03940,0.04311,-0.1772,-0.0198,0.09186,0.10278,0.04875,0,1,0.800,-0.388,running
109.373,2,855,-0.04090,0.04147,-0.0821,-0.0903,0.07582,0.14489,0.04851,0,1,0.800,-0.003,running
109.461,2,856,-0.04114,0.03441,-0.0136,-0.3885,0.00438,0.15122,0.04380,1,1,0.697,0.257,in_circle
109.505,2,857,-0.03904,0.02991,0.1159,-0.2475,0.00224,0.13426,0.03934,1,1,0.442,0.800,in_circle
109.549,2,858,-0.03502,0.02521,0.2208,-0.2586,-0.00999,0.11728,0.03332,1,1,-0.086,0.800,in_circle
109.593,2,859,-0.03085,0.02099,0.2295,-0.2317,-0.06700,0.10400,0.02750,1,1,-0.515,0.800,in_circle
109.636,2,860,-0.02552,0.01823,0.2932,-0.1522,-0.10550,0.06096,0.02153,1,1,-0.560,0.800,in_circle
109.680,2,861,-0.02006,0.01635,0.3003,-0.1035,-0.10622,-0.00371,0.01604,1,1,-0.800,0.604,in_circle
109.724,2,862,-0.01586,0.01537,0.2310,-0.0537,-0.10267,-0.06773,0.01236,1,1,-0.800,0.414,in_circle
109.769,2,863,-0.01306,0.01573,0.1540,0.0197,-0.09289,-0.11378,0.01106,1,1,-0.604,0.216,in_circle
109.813,2,864,-0.01243,0.01646,0.0345,0.0401,-0.07473,-0.13541,0.01144,1,1,-0.303,-0.079,in_circle
109.857,2,865,-0.01264,0.01790,-0.0115,0.0794,-0.02899,-0.11795,0.01285,1,1,0.174,-0.162,in_circle
109.900,2,866,-0.01482,0.01937,-0.1203,0.0811,0.00662,-0.05509,0.01511,1,1,0.358,-0.324,in_circle
109.944,2,867,-0.01904,0.02021,-0.2316,0.0460,0.03473,0.01349,0.01812,1,1,0.799,-0.335,in_circle
109.988,2,868,-0.02436,0.02089,-0.2926,0.0373,0.06554,0.07073,0.02227,1,1,0.800,-0.197,in_circle
110.033,2,869,-0.02807,0.02123,-0.2043,0.0189,0.07080,0.11594,0.02536,1,1,0.800,-0.165,in_circle
110.078,2,870,-0.03068,0.02111,-0.1434,-0.0068,0.03469,0.14262,0.02742,1,1,0.800,-0.093,in_circle
110.122,2,871,-0.03216,0.01999,-0.0814,-0.0618,-0.00401,0.15021,0.02809,1,1,0.800,0.010,in_circle
110.165,2,872,-0.03175,0.01968,0.0224,-0.0168,-0.03431,0.14183,0.02758,1,1,0.687,0.232,in_circle
110.209,2,873,-0.03112,0.01887,0.0347,-0.0448,-0.06385,0.13074,0.02663,1,1,0.270,0.052,in_circle
110.252,2,874,-0.02845,0.01887,0.1466,0.0002,-0.09997,0.11253,0.02434,1,1,0.219,0.166,in_circle
110.296,2,875,-0.02573,0.01967,0.1499,0.0443,-0.08604,0.08142,0.02255,1,1,-0.235,-0.015,in_circle
110.340,2,876,-0.02182,0.02152,0.2153,0.1013,-0.05989,0.03446,0.02091,1,1,-0.255,-0.194,in_circle
110.384,2,877,-0.01834,0.02357,0.1910,0.1128,-0.04233,-0.02524,0.02049,1,1,-0.526,-0.427,in_circle
110.428,2,878,-0.01615,0.02544,0.1207,0.1032,0.00021,-0.07532,0.02116,1,1,-0.438,-0.479,in_circle
110.474,2,879,-0.01512,0.02782,0.0565,0.1311,0.04470,-0.10619,0.02302,1,1,-0.162,-0.446,in_circle
110.517,2,880,-0.01566,0.02900,-0.0299,0.0645,0.06713,-0.10443,0.02430,1,1,0.092,-0.565,in_circle
110.562,2,881,-0.01809,0.02991,-0.1333,0.0505,0.07230,-0.06951,0.02603,1,1,0.439,-0.302,in_circle
110.605,2,882,-0.02182,0.02915,-0.2055,-0.0419,0.06823,-0.00936,0.02707,1,1,0.800,-0.250,in_circle
110.648,2,883,-0.02553,0.02792,-0.2037,-0.0677,0.04411,0.05159,0.02819,1,1,0.800,0.121,in_circle
110.698,2,884,-0.02964,0.02654,-0.2260,-0.0761,0.00222,0.09771,0.02998,1,1,0.800,0.226,in_circle
110.736,2,885,-0.03234,0.02370,-0.1487,-0.1561,-0.03519,0.13000,0.03026,1,1,0.800,0.262,in_circle
110.781,2,886,-0.03409,0.02189,-0.0963,-0.0997,-0.06171,0.14691,0.03072,1,1,0.800,0.589,in_circle
110.824,2,887,-0.03503,0.02098,-0.0519,-0.0500,-0.08722,0.14553,0.03108,1,1,0.751,0.367,in_circle
110.870,2,888,-0.03493,0.02192,0.0055,0.0517,-0.11717,0.13044,0.03146,1,1,0.576,0.170,in_circle
110.912,2,889,-0.03340,0.02343,0.0843,0.0832,-0.09361,0.12152,0.03097,1,1,0.346,-0.240,in_circle
110.957,2,890,-0.03093,0.02553,0.1360,0.1154,-0.05320,0.09624,0.03027,1,1,0.027,-0.371,in_circle
111.000,2,891,-0.02829,0.02913,0.1453,0.1979,-0.02408,0.05641,0.03089,1,1,-0.186,-0.506,in_circle
111.045,2,892,-0.02570,0.03123,0.1424,0.1157,0.00758,-0.00859,0.03093,1,1,-0.230,-0.800,in_circle
111.089,2,893,-0.02322,0.03364,0.1365,0.1325,0.04693,-0.06842,0.03165,1,1,-0.225,-0.523,in_circle
111.133,2,894,-0.02224,0.03568,0.0534,0.1123,0.07952,-0.10443,0.03301,1,1,-0.207,-0.598,in_circle
111.177,2,895,-0.02313,0.03645,-0.0489,0.0422,0.06622,-0.09639,0.03409,1,1,0.123,-0.523,in_circle
111.222,2,896,-0.02552,0.03625,-0.1315,-0.0108,0.05663,-0.05812,0.03506,1,1,0.534,-0.246,in_circle
111.265,2,897,-0.02852,0.03498,-0.1646,-0.0702,0.03290,0.00904,0.03562,1,1,0.800,-0.035,in_circle
111.309,2,898,-0.03184,0.03317,-0.1827,-0.0995,-0.01864,0.07592,0.03628,1,1,0.800,0.205,in_circle
111.353,2,899,-0.03502,0.03186,-0.1749,-0.0719,-0.05559,0.12347,0.03754,1,1,0.800,0.325,in_circle
111.396,2,900,-0.03763,0.02995,-0.1434,-0.1048,-0.07311,0.14579,0.03825,1,1,0.800,0.217,in_circle
111.485,2,901,-0.03773,0.03013,-0.0056,0.0099,-0.09360,0.13346,0.03845,1,1,0.800,0.351,in_circle
111.530,2,902,-0.03531,0.03205,0.1328,0.1054,-0.08010,0.13059,0.03789,1,1,0.397,-0.109,in_circle
111.573,2,903,-0.03239,0.03463,0.1605,0.1418,-0.08516,0.12823,0.03774,1,1,-0.163,-0.497,in_circle
111.617,2,904,-0.02858,0.03706,0.2098,0.1337,-0.05537,0.10986,0.03737,1,1,-0.280,-0.650,in_circle
111.660,2,905,-0.02372,0.04091,0.2671,0.2118,-0.00588,0.06110,0.03837,1,1,-0.487,-0.626,in_circle
111.705,2,906,-0.01813,0.04353,0.3075,0.1439,0.02123,0.00140,0.03892,1,1,-0.729,-0.800,in_circle
111.748,2,907,-0.01306,0.04622,0.2788,0.1483,0.05466,-0.04975,0.04056,1,1,-0.800,-0.686,in_circle
111.793,2,908,-0.00899,0.04762,0.2243,0.0767,0.09466,-0.10007,0.04163,1,1,-0.796,-0.709,in_circle
111.836,2,909,-0.00722,0.04783,0.0968,0.0119,0.09441,-0.12582,0.04184,1,1,-0.579,-0.429,in_circle
111.882,2,910,-0.00771,0.04603,-0.0264,-0.0991,0.07954,-0.12717,0.04003,1,1,-0.082,-0.177,in_circle
111.924,2,911,-0.00985,0.04360,-0.1178,-0.1337,0.05800,-0.09835,0.03766,1,1,0.405,0.272,in_circle
111.969,2,912,-0.01365,0.03949,-0.2090,-0.2260,0.00707,-0.03872,0.03400,1,1,0.776,0.416,in_circle
112.012,2,913,-0.01838,0.03563,-0.2602,-0.2123,-0.03288,0.03210,0.03146,1,1,0.800,0.794,in_circle
112.057,2,914,-0.02308,0.03172,-0.2587,-0.2151,-0.05504,0.08386,0.02992,1,1,0.800,0.747,in_circle
112.100,2,915,-0.02755,0.02855,-0.2456,-0.1742,-0.09071,0.11872,0.02998,1,1,0.800,0.767,in_circle
112.146,2,916,-0.03073,0.02695,-0.1750,-0.0884,-0.11445,0.13154,0.03106,1,1,0.800,0.610,in_circle
112.188,2,917,-0.03328,0.02677,-0.1404,-0.0098,-0.11359,0.13647,0.03287,1,1,0.800,0.270,in_circle
112.234,2,918,-0.03352,0.02789,-0.0128,0.0618,-0.10637,0.13415,0.03377,1,1,0.800,-0.045,in_circle
112.277,2,919,-0.03307,0.03039,0.0244,0.1377,-0.07706,0.13165,0.03512,1,1,0.415,-0.335,in_circle
112.324,2,920,-0.03122,0.03395,0.1018,0.1954,-0.03287,0.12405,0.03646,1,1,0.266,-0.645,in_circle
112.364,2,921,-0.02763,0.03733,0.1977,0.1860,-0.00098,0.10698,0.03707,1,1,-0.049,-0.800,in_circle
112.409,2,922,-0.02441,0.04011,0.1771,0.1530,0.02948,0.07099,0.03794,1,1,-0.441,-0.800,in_circle
112.454,2,923,-0.02044,0.04200,0.2180,0.1040,0.06665,0.01068,0.03816,1,1,-0.367,-0.735,in_circle
112.497,2,924,-0.01655,0.04299,0.2142,0.0545,0.09848,-0.05445,0.03801,1,1,-0.540,-0.546,in_circle
112.540,2,925,-0.01424,0.04240,0.1269,-0.0324,0.09442,-0.09991,0.03697,1,1,-0.535,-0.352,in_circle
112.586,2,926,-0.01403,0.04067,0.0118,-0.0953,0.06516,-0.11494,0.03522,1,1,-0.191,-0.004,in_circle
112.629,2,927,-0.01498,0.03780,-0.0525,-0.1580,0.02279,-0.10013,0.03260,1,1,0.268,0.250,in_circle
112.674,2,928,-0.01731,0.03537,-0.1281,-0.1335,-0.01319,-0.05808,0.03087,1,1,0.528,0.507,in_circle
112.716,2,929,-0.02176,0.03211,-0.2445,-0.1790,-0.04212,-0.00059,0.02961,1,1,0.800,0.414,in_circle
112.762,2,930,-0.02683,0.02872,-0.2788,-0.1867,-0.07653,0.05742,0.02963,1,1,0.800,0.603,in_circle
112.805,2,931,-0.03130,0.02664,-0.2461,-0.1146,-0.09714,0.09656,0.03128,1,1,0.800,0.641,in_circle
112.849,2,932,-0.03463,0.02662,-0.1832,-0.0008,-0.11451,0.12690,0.03384,1,1,0.800,0.357,in_circle
112.892,2,933,-0.03697,0.02704,-0.1289,0.0229,-0.11496,0.14835,0.03597,1,1,0.800,-0.099,in_circle
112.937,2,934,-0.03834,0.02927,-0.0753,0.1227,-0.09314,0.14551,0.03840,1,1,0.800,-0.196,in_circle
112.980,2,935,-0.03819,0.03274,0.0086,0.1909,-0.05987,0.13484,0.04048,1,1,0.678,-0.602,in_circle
113.026,2,936,-0.03615,0.03656,0.1122,0.2101,-0.01833,0.12320,0.04168,1,1,0.342,-0.800,in_circle
113.069,2,937,-0.03343,0.03971,0.1492,0.1733,0.01306,0.10956,0.04235,1,1,-0.068,-0.800,in_circle
113.114,2,938,-0.03033,0.04287,0.1709,0.1736,0.04237,0.07915,0.04321,1,1,-0.216,-0.800,in_circle
113.158,2,939,-0.02588,0.04453,0.2444,0.0916,0.07990,0.02752,0.04257,1,1,-0.302,-0.800,in_circle
113.200,2,940,-0.02197,0.04457,0.2154,0.0021,0.10303,-0.03578,0.04109,1,1,-0.605,-0.518,in_circle
113.245,2,941,-0.01929,0.04327,0.1471,-0.0715,0.09695,-0.09153,0.03900,1,1,-0.516,-0.169,in_circle
113.289,2,942,-0.01841,0.04096,0.0488,-0.1270,0.07435,-0.12764,0.03654,1,1,-0.260,0.129,in_circle
113.332,2,943,-0.01954,0.03633,-0.0625,-0.2547,0.03516,-0.13751,0.03253,1,1,0.132,0.355,in_circle
113.378,2,944,-0.02270,0.03133,-0.1737,-0.2751,-0.00344,-0.09901,0.02939,1,1,0.579,0.800,in_circle
113.421,2,945,-0.02719,0.02669,-0.2472,-0.2550,-0.03504,-0.03134,0.02836,1,1,0.800,0.800,in_circle
113.508,2,946,-0.03851,0.01906,-0.6224,-0.4201,-0.09989,0.08243,0.03337,1,1,0.800,0.800,in_circle
113.553,2,947,-0.04367,0.01680,-0.2835,-0.1239,-0.10646,0.09697,0.03746,1,1,0.800,0.800,in_circle
113.596,2,948,-0.04793,0.01680,-0.2343,-0.0003,-0.11277,0.09430,0.04155,1,1,0.800,0.398,in_circle
113.641,2,949,-0.05141,0.01647,-0.1917,-0.0182,-0.11149,0.10214,0.04485,1,1,0.800,-0.098,in_circle
113.684,2,950,-0.05430,0.01751,-0.1587,0.0575,-0.09318,0.12184,0.04790,0,1,0.800,-0.031,running
113.731,2,951,-0.05524,0.01909,-0.0519,0.0865,-0.05423,0.13258,0.04921,0,1,0.800,-0.317,running
113.772,2,952,-0.05569,0.02135,-0.0249,0.1243,-0.01657,0.13218,0.05029,0,1,0.629,-0.426,running
113.817,2,953,-0.05439,0.02333,0.0717,0.1093,0.01212,0.12991,0.04971,0,1,0.534,-0.566,running
113.861,2,954,-0.05206,0.02457,0.1280,0.0679,0.04718,0.12871,0.04800,0,1,0.180,-0.520,running
113.906,2,955,-0.04882,0.02467,0.1783,0.0055,0.08202,0.10581,0.04507,1,1,-0.043,-0.378,in_circle
113.949,2,956,-0.04500,0.02368,0.2100,-0.0542,0.08037,0.05852,0.04119,1,1,-0.264,-0.148,in_circle
114.001,2,957,-0.04123,0.02177,0.2075,-0.1051,0.04792,0.00512,0.03696,1,1,-0.435,0.093,in_circle
114.081,2,958,-0.03595,0.01523,0.2906,-0.3600,-0.01631,-0.09224,0.02962,1,1,-0.446,0.304,in_circle
114.125,2,959,-0.03601,0.01228,-0.0034,-0.1621,-0.04329,-0.12185,0.02890,1,1,-0.792,0.800,in_circle
114.170,2,960,-0.03751,0.00909,-0.0828,-0.1753,-0.05290,-0.11612,0.02987,1,1,0.384,0.555,in_circle
114.214,2,961,-0.04137,0.00687,-0.2124,-0.1220,-0.06800,-0.09677,0.03359,1,1,0.706,0.615,in_circle
114.257,2,962,-0.04672,0.00515,-0.2940,-0.0946,-0.07836,-0.07636,0.03893,1,1,0.800,0.407,in_circle
114.300,2,963,-0.05309,0.00476,-0.3503,-0.0219,-0.07969,-0.03431,0.04531,1,1,0.800,0.302,in_circle
114.345,2,964,-0.06089,0.00392,-0.4292,-0.0459,-0.06905,0.02067,0.05313,0,1,0.800,0.008,running
114.389,2,965,-0.06813,0.00391,-0.3980,-0.0007,-0.03809,0.07377,0.06036,0,1,0.800,0.088,running
114.433,2,966,-0.07517,0.00444,-0.3872,0.0294,-0.00150,0.12082,0.06739,0,1,0.800,-0.069,running
114.477,2,967,-0.08148,0.00433,-0.3469,-0.0063,0.01769,0.15083,0.07370,0,1,0.800,-0.157,running
114.521,2,968,-0.08628,0.00358,-0.2641,-0.0413,0.03312,0.15628,0.07852,0,1,0.800,-0.054,running
114.565,2,969,-0.08982,0.00226,-0.1947,-0.0723,0.04677,0.14189,0.08210,0,1,0.800,0.034,running
114.610,2,970,-0.09210,0.00016,-0.1253,-0.1160,0.01961,0.12437,0.08450,0,1,0.800,0.107,running
114.663,2,971,-0.09366,-0.00280,-0.0858,-0.1623,-0.01783,0.11055,0.08631,0,1,0.800,0.208,running
114.698,2,972,-0.09407,-0.00578,-0.0227,-0.1641,-0.05071,0.08900,0.08707,0,1,0.800,0.314,running
114.743,2,973,-0.09422,-0.00843,-0.0081,-0.1456,-0.07836,0.07389,0.08761,0,1,0.767,0.328,running
114.784,2,974,-0.09339,-0.01068,0.0457,-0.1240,-0.10104,0.07106,0.08720,0,1,0.739,0.300,running
114.830,2,975,-0.09260,-0.01205,0.0431,-0.0750,-0.10088,0.07521,0.08670,0,1,0.619,0.268,running
114.873,2,976,-0.09118,-0.01242,0.0782,-0.0204,-0.08522,0.08081,0.08539,0,1,0.618,0.173,running
114.919,2,977,-0.09009,-0.01198,0.0601,0.0242,-0.05211,0.09296,0.08423,0,1,0.527,0.059,running
114.961,2,978,-0.08796,-0.01121,0.1168,0.0424,-0.01681,0.09848,0.08199,0,1,0.554,-0.042,running
115.006,2,979,-0.08567,-0.01065,0.1262,0.0307,0.02158,0.10599,0.07963,0,1,0.398,-0.091,running
115.049,2,980,-0.08222,-0.01084,0.1898,-0.0106,0.04458,0.10416,0.07630,0,1,0.344,-0.071,running
115.094,2,981,-0.07832,-0.01179,0.2147,-0.0522,0.05117,0.10235,0.07273,0,1,0.138,0.029,running
115.136,2,982,-0.07415,-0.01324,0.2291,-0.0797,0.03207,0.09240,0.06908,0,1,0.014,0.144,running
115.182,2,983,-0.06944,-0.01610,0.2590,-0.1572,-0.00289,0.06277,0.06548,0,1,-0.087,0.233,running
115.225,2,984,-0.06492,-0.01894,0.2487,-0.1567,-0.03784,0.01282,0.06233,0,1,-0.240,0.484,running
115.269,2,985,-0.06071,-0.02147,0.2315,-0.1388,-0.07304,-0.04823,0.05962,0,1,-0.266,0.510,running
115.312,2,986,-0.05839,-0.02321,0.1276,-0.0957,-0.09822,-0.09623,0.05842,0,1,-0.260,0.476,running
115.357,2,987,-0.05757,-0.02422,0.0450,-0.0557,-0.09593,-0.10557,0.05823,0,1,0.057,0.348,running
115.401,2,988,-0.05801,-0.02404,-0.0243,0.0099,-0.09868,-0.07818,0.05851,0,1,0.323,0.222,running
115.446,2,989,-0.05976,-0.02285,-0.0960,0.0658,-0.07854,-0.01551,0.05943,0,1,0.551,0.009,running
115.534,2,990,-0.06549,-0.01845,-0.3152,0.2418,-0.00321,0.10510,0.06266,0,1,0.790,-0.171,running
115.576,2,991,-0.06806,-0.01616,-0.1411,0.1259,-0.00570,0.12476,0.06420,0,1,0.800,-0.717,running
115.621,2,992,-0.06988,-0.01469,-0.1005,0.0807,0.01545,0.11173,0.06544,0,1,0.800,-0.357,running
115.664,2,993,-0.07042,-0.01422,-0.0293,0.0257,0.06521,0.11896,0.06580,0,1,0.800,-0.219,running
115.710,2,994,-0.06999,-0.01493,0.0232,-0.0391,0.04642,0.13032,0.06562,0,1,0.624,-0.055,running
115.753,2,995,-0.06883,-0.01642,0.0643,-0.0817,0.00312,0.12966,0.06501,0,1,0.466,0.141,running
115.797,2,996,-0.06654,-0.01852,0.1258,-0.1158,-0.01410,0.11807,0.06365,0,1,0.336,0.276,running
115.840,2,997,-0.06339,-0.02091,0.1734,-0.1310,-0.04503,0.09728,0.06175,0,1,0.132,0.392,running
115.884,2,998,-0.05977,-0.02307,0.1991,-0.1188,-0.09275,0.05928,0.05954,0,1,-0.043,0.455,running
115.929,2,999,-0.05671,-0.02391,0.1678,-0.0465,-0.10972,0.00420,0.05734,0,1,-0.160,0.434,running
115.974,2,1000,-0.05411,-0.02390,0.1434,0.0007,-0.10218,-0.05041,0.05512,0,1,-0.090,0.206,running
116.017,2,1001,-0.05275,-0.02232,0.0747,0.0867,-0.09385,-0.09806,0.05313,0,1,-0.036,0.048,running
116.061,2,1002,-0.05288,-0.02055,-0.0070,0.0977,-0.07607,-0.10139,0.05231,0,1,0.182,-0.258,running
116.104,2,1003,-0.05451,-0.01767,-0.0899,0.1582,-0.03367,-0.06158,0.05237,0,1,0.465,-0.305,running
116.150,2,1004,-0.05717,-0.01498,-0.1461,0.1476,0.00357,-0.00045,0.05364,0,1,0.761,-0.524,running
116.192,2,1005,-0.06074,-0.01178,-0.1968,0.1760,0.03004,0.06891,0.05585,0,1,0.800,-0.486,running
116.237,2,1006,-0.06424,-0.01021,-0.1924,0.0866,0.06312,0.12338,0.05872,0,1,0.800,-0.576,running
116.281,2,1007,-0.06673,-0.00946,-0.1370,0.0412,0.07204,0.14951,0.06093,0,1,0.800,-0.267,running
116.326,2,1008,-0.06821,-0.01047,-0.0812,-0.0555,0.06722,0.14718,0.06261,0,1,0.800,-0.116,running
116.370,2,1009,-0.06850,-0.01246,-0.0161,-0.1094,0.04759,0.12954,0.06345,0,1,0.771,0.192,running
116.414,2,1010,-0.06777,-0.01495,0.0401,-0.1368,0.00099,0.11360,0.06353,0,1,0.572,0.364,running
116.457,2,1011,-0.06645,-0.01785,0.0728,-0.1597,-0.02909,0.09777,0.06331,0,1,0.398,0.457,running
116.502,2,1012,-0.06451,-0.02071,0.1067,-0.1576,-0.05641,0.07736,0.06269,0,1,0.292,0.540,running
116.544,2,1013,-0.06195,-0.02325,0.1407,-0.1396,-0.09388,0.04102,0.06155,0,1,0.176,0.548,running
116.589,2,1014,-0.05956,-0.02487,0.1317,-0.0891,-0.10554,-0.00641,0.06027,0,1,0.052,0.508,running
116.633,2,1015,-0.05790,-0.02578,0.0914,-0.0498,-0.10447,-0.03495,0.05933,0,1,0.062,0.359,running
116.677,2,1016,-0.05780,-0.02523,0.0053,0.0301,-0.10051,-0.04369,0.05895,0,1,0.179,0.239,running
116.721,2,1017,-0.05846,-0.02335,-0.0361,0.1034,-0.07860,-0.02591,0.05854,0,1,0.455,-0.021,running
116.766,2,1018,-0.06018,-0.02114,-0.0946,0.1215,-0.03197,0.01278,0.05899,0,1,0.591,-0.265,running
116.808,2,1019,-0.06206,-0.01852,-0.1038,0.1441,0.00178,0.06687,0.05955,0,1,0.787,-0.328,running
116.854,2,1020,-0.06360,-0.01662,-0.0847,0.1046,0.03330,0.11866,0.06021,0,1,0.800,-0.406,running
116.896,2,1021,-0.06440,-0.01540,-0.0441,0.0668,0.06125,0.15375,0.06052,0,1,0.766,-0.281,running
116.942,2,1022,-0.06421,-0.01532,0.0109,0.0045,0.07169,0.14921,0.06030,0,1,0.640,-0.162,running
116.984,2,1023,-0.06319,-0.01624,0.0559,-0.0506,0.04709,0.12834,0.05969,0,1,0.464,0.036,running
117.029,2,1024,-0.06121,-0.01806,0.1089,-0.0998,0.01091,0.10018,0.05858,0,1,0.313,0.217,running
117.074,2,1025,-0.05876,-0.02028,0.1350,-0.1224,-0.02101,0.06051,0.05733,0,1,0.128,0.385,running
117.119,2,1026,-0.05647,-0.02296,0.1255,-0.1473,-0.05720,0.01261,0.05664,0,1,0.025,0.472,running
117.162,2,1027,-0.05422,-0.02460,0.1240,-0.0905,-0.09176,-0.03604,0.05560,0,1,0.044,0.568,running
117.205,2,1028,-0.05365,-0.02537,0.0311,-0.0422,-0.10042,-0.06903,0.05556,0,1,0.034,0.388,running
117.249,2,1029,-0.05387,-0.02557,-0.0120,-0.0108,-0.09957,-0.06621,0.05585,0,1,0.345,0.228,running
117.292,2,1030,-0.05527,-0.02439,-0.0767,0.0649,-0.09875,-0.03022,0.05636,0,1,0.492,0.125,running
117.337,2,1031,-0.05757,-0.02233,-0.1264,0.1131,-0.06968,0.02669,0.05727,0,1,0.714,-0.130,running
117.381,2,1032,-0.06043,-0.02007,-0.1576,0.1243,-0.02306,0.08246,0.05874,0,1,0.800,-0.292,running
117.426,2,1033,-0.06270,-0.01786,-0.1246,0.1217,0.00742,0.13231,0.05986,0,1,0.800,-0.326,running
117.468,2,1034,-0.06422,-0.01690,-0.0837,0.0526,0.03684,0.15384,0.06089,0,1,0.800,-0.318,running
117.561,2,1035,-0.06411,-0.01602,0.0059,0.0486,0.05385,0.12404,0.06046,0,1,0.765,-0.094,running
117.602,2,1036,-0.06262,-0.01654,0.0821,-0.0284,0.05180,0.11013,0.05927,0,1,0.480,-0.085,running
117.646,2,1037,-0.05992,-0.01811,0.1482,-0.0868,0.03144,0.10632,0.05743,0,1,0.225,0.163,running
117.689,2,1038,-0.05698,-0.02026,0.1621,-0.1181,-0.01506,0.09278,0.05575,0,1,-0.014,0.362,running
117.734,2,1039,-0.05325,-0.02311,0.2049,-0.1564,-0.05148,0.04637,0.05397,0,1,-0.084,0.480,running
117.778,2,1040,-0.05000,-0.02475,0.1787,-0.0905,-0.07886,-0.02558,0.05222,0,1,-0.260,0.628,running
117.822,2,1041,-0.04839,-0.02557,0.0887,-0.0451,-0.09884,-0.08881,0.05143,0,1,-0.196,0.412,running
117.866,2,1042,-0.04781,-0.02566,0.0319,-0.0047,-0.09592,-0.11854,0.05102,0,1,0.111,0.256,running
117.910,2,1043,-0.04911,-0.02449,-0.0716,0.0642,-0.09474,-0.10439,0.05135,0,1,0.309,0.114,running
117.953,2,1044,-0.05230,-0.02222,-0.1753,0.1248,-0.08032,-0.05653,0.05270,0,1,0.681,-0.132,running
117.998,2,1045,-0.05698,-0.01892,-0.2574,0.1816,-0.03319,0.01254,0.05514,0,1,0.800,-0.344,running
118.042,2,1046,-0.06190,-0.01534,-0.2707,0.1971,0.00347,0.07638,0.05816,0,1,0.800,-0.531,running
118.085,2,1047,-0.06613,-0.01271,-0.2322,0.1443,0.03277,0.11666,0.06126,0,1,0.800,-0.567,running
118.131,2,1048,-0.06998,-0.01131,-0.2119,0.0770,0.06647,0.13834,0.06454,0,1,0.800,-0.382,running
118.175,2,1049,-0.07272,-0.01037,-0.1509,0.0520,0.08369,0.13841,0.06695,0,1,0.800,-0.161,running
118.217,2,1050,-0.07469,-0.01095,-0.1084,-0.0318,0.05015,0.12985,0.06901,0,1,0.800,-0.081,running
118.262,2,1051,-0.07548,-0.01220,-0.0430,-0.0688,0.01689,0.12010,0.07008,0,1,0.800,0.166,running
118.306,2,1052,-0.07515,-0.01437,0.0177,-0.1196,-0.01760,0.11160,0.07037,0,1,0.691,0.275,running
118.349,2,1053,-0.07422,-0.01637,0.0516,-0.1099,-0.05090,0.10012,0.07008,0,1,0.521,0.425,running
118.394,2,1054,-0.07264,-0.01799,0.0869,-0.0893,-0.08398,0.09090,0.06913,0,1,0.422,0.408,running
118.438,2,1055,-0.07035,-0.01866,0.1259,-0.0365,-0.11451,0.07229,0.06723,0,1,0.310,0.360,running
118.481,2,1056,-0.06814,-0.01823,0.1214,0.0236,-0.10333,0.04710,0.06502,0,1,0.175,0.215,running
118.526,2,1057,-0.06610,-0.01690,0.1122,0.0732,-0.09191,0.01716,0.06264,0,1,0.162,0.035,running
118.569,2,1058,-0.06419,-0.01533,0.1053,0.0864,-0.06475,-0.00694,0.06028,0,1,0.164,-0.128,running
118.614,2,1059,-0.06327,-0.01293,0.0504,0.1318,-0.01650,-0.01008,0.05861,0,1,0.162,-0.184,running
118.660,2,1060,-0.06180,-0.01075,0.0806,0.1198,0.01474,0.00315,0.05654,0,1,0.326,-0.347,running
118.702,2,1061,-0.06171,-0.00878,0.0050,0.1085,0.04017,0.03332,0.05590,0,1,0.210,-0.326,running
118.745,2,1062,-0.06185,-0.00781,-0.0077,0.0532,0.07390,0.07373,0.05579,0,1,0.461,-0.298,running
118.789,2,1063,-0.06104,-0.00843,0.0448,-0.0338,0.06820,0.11544,0.05516,0,1,0.504,-0.114,running
118.834,2,1064,-0.05977,-0.01015,0.0700,-0.0948,0.04367,0.14253,0.05442,0,1,0.321,0.182,running
118.878,2,1065,-0.05754,-0.01318,0.1222,-0.1667,0.01599,0.14275,0.05332,0,1,0.228,0.397,running
118.921,2,1066,-0.05490,-0.01586,0.1456,-0.1474,-0.02665,0.11935,0.05192,0,1,0.034,0.660,running
118.965,2,1067,-0.05089,-0.01926,0.2202,-0.1866,-0.05941,0.07591,0.04995,0,1,-0.067,0.609,running
119.011,2,1068,-0.04675,-0.02144,0.2281,-0.1202,-0.08833,0.01577,0.04764,0,1,-0.364,0.771,running
119.053,2,1069,-0.04312,-0.02292,0.1992,-0.0813,-0.10447,-0.04599,0.04565,0,1,-0.430,0.548,running
119.098,2,1070,-0.04098,-0.02305,0.1179,-0.0070,-0.09910,-0.08816,0.04410,1,1,-0.353,0.413,in_circle
119.142,2,1071,-0.04059,-0.02210,0.0214,0.0520,-0.09519,-0.10705,0.04319,1,1,-0.063,0.133,in_circle
119.184,2,1072,-0.04090,-0.02000,-0.0170,0.1158,-0.07768,-0.09322,0.04209,1,1,0.304,-0.098,in_circle
119.230,2,1073,-0.04382,-0.01806,-0.1607,0.1068,-0.03468,-0.04388,0.04332,1,1,0.453,-0.356,in_circle
119.272,2,1074,-0.04753,-0.01539,-0.2041,0.1466,0.00665,0.01948,0.04513,1,1,0.800,-0.318,in_circle
119.318,2,1075,-0.05161,-0.01313,-0.2245,0.1245,0.03049,0.08394,0.04781,0,1,0.800,-0.466,running
119.363,2,1076,-0.05526,-0.01158,-0.2003,0.0851,0.05215,0.13312,0.05061,0,1,0.800,-0.371,running
119.404,2,1077,-0.05785,-0.01105,-0.1425,0.0291,0.06992,0.15040,0.05287,0,1,0.800,-0.218,running
119.450,2,1078,-0.05901,-0.01108,-0.0638,-0.0016,0.05623,0.13858,0.05398,0,1,0.800,-0.014,running
119.494,2,1079,-0.05904,-0.01206,-0.0016,-0.0538,0.01644,0.12265,0.05433,0,1,0.683,0.095,running
119.582,2,1080,-0.05757,-0.01502,0.0806,-0.1629,-0.04712,0.09122,0.05403,0,1,0.470,0.279,running
119.625,2,1081,-0.05525,-0.01687,0.1276,-0.1019,-0.05020,0.07197,0.05268,0,1,0.182,0.665,running
119.669,2,1082,-0.05298,-0.01785,0.1250,-0.0536,-0.06565,0.05880,0.05109,0,1,0.003,0.466,running
119.712,2,1083,-0.05089,-0.01841,0.1149,-0.0309,-0.11236,0.02662,0.04953,0,1,-0.006,0.303,running
119.758,2,1084,-0.04861,-0.01766,0.1255,0.0411,-0.08461,-0.02499,0.04718,0,1,0.013,0.225,running
119.800,2,1085,-0.04769,-0.01587,0.0506,0.0985,-0.07538,-0.06483,0.04549,1,1,-0.049,-0.043,in_circle
119.845,2,1086,-0.04773,-0.01382,-0.0022,0.1129,-0.04775,-0.06255,0.04458,1,1,0.219,-0.269,in_circle
119.888,2,1087,-0.04937,-0.01173,-0.0901,0.1151,0.00022,-0.02384,0.04519,1,1,0.418,-0.334,in_circle
119.933,2,1088,-0.05103,-0.00936,-0.0916,0.1300,0.03264,0.02438,0.04588,0,1,0.756,-0.343,running
119.976,2,1089,-0.05322,-0.00818,-0.1200,0.0653,0.05647,0.07029,0.04758,0,1,0.766,-0.402,running
120.022,2,1090,-0.05515,-0.00791,-0.1066,0.0146,0.06812,0.12154,0.04936,0,1,0.800,-0.155,running
120.066,2,1091,-0.05638,-0.00893,-0.0674,-0.0563,0.05142,0.15536,0.05082,0,1,0.800,0.034,running
120.110,2,1092,-0.05620,-0.01073,0.0099,-0.0986,0.03295,0.14725,0.05121,0,1,0.688,0.293,running
120.154,2,1093,-0.05514,-0.01298,0.0585,-0.1240,-0.01084,0.12672,0.05100,0,1,0.413,0.449,running
120.197,2,1094,-0.05304,-0.01568,0.1151,-0.1481,-0.04361,0.10365,0.05017,0,1,0.236,0.547,running
120.243,2,1095,-0.05050,-0.01838,0.1399,-0.1486,-0.07097,0.07155,0.04917,0,1,0.023,0.647,running
120.284,2,1096,-0.04794,-0.01962,0.1408,-0.0682,-0.10721,0.02297,0.04762,0,1,-0.082,0.662,running
120.330,2,1097,-0.04552,-0.02008,0.1330,-0.0253,-0.10444,-0.03245,0.04586,0,1,-0.105,0.377,running
120.373,2,1098,-0.04412,-0.01969,0.0771,0.0215,-0.10178,-0.07615,0.04449,1,1,-0.096,0.221,in_circle
120.417,2,1099,-0.04458,-0.01797,-0.0253,0.0942,-0.09715,-0.08748,0.04390,1,1,0.104,0.041,in_circle
120.461,2,1100,-0.04643,-0.01531,-0.1015,0.1465,-0.07524,-0.06031,0.04412,1,1,0.497,-0.243,in_circle
120.506,2,1101,-0.04893,-0.01213,-0.1378,0.1750,-0.02558,-0.01417,0.04495,1,1,0.794,-0.449,in_circle
120.550,2,1102,-0.05250,-0.00908,-0.1962,0.1676,0.00568,0.04361,0.04717,0,1,0.800,-0.559,running
120.596,2,1103,-0.05655,-0.00581,-0.2227,0.1802,0.03210,0.10161,0.05016,0,1,0.800,-0.522,running
120.636,2,1104,-0.05960,-0.00408,-0.1676,0.0948,0.06541,0.14639,0.05277,0,1,0.800,-0.555,running
120.682,2,1105,-0.06103,-0.00313,-0.0789,0.0524,0.07471,0.15314,0.05401,0,1,0.800,-0.241,running
120.726,2,1106,-0.06153,-0.00349,-0.0273,-0.0201,0.06538,0.13584,0.05456,0,1,0.742,-0.093,running
120.769,2,1107,-0.06058,-0.00503,0.0522,-0.0844,0.04674,0.11463,0.05392,0,1,0.567,0.158,running
120.812,2,1108,-0.05894,-0.00810,0.0901,-0.1689,0.00382,0.09641,0.05305,0,1,0.289,0.385,running
120.857,2,1109,-0.05685,-0.01110,0.1151,-0.1651,-0.03273,0.07473,0.05194,0,1,0.148,0.692,running
120.900,2,1110,-0.05422,-0.01405,0.1445,-0.1621,-0.06079,0.03844,0.05057,0,1,0.046,0.695,running
120.945,2,1111,-0.05190,-0.01698,0.1274,-0.1610,-0.09450,-0.01706,0.04973,0,1,-0.076,0.702,running
120.989,2,1112,-0.05076,-0.01816,0.0631,-0.0650,-0.09800,-0.06382,0.04929,0,1,-0.028,0.713,running
121.033,2,1113,-0.05089,-0.01825,-0.0072,-0.0052,-0.10009,-0.07981,0.04945,0,1,0.198,0.371,running
121.077,2,1114,-0.05175,-0.01714,-0.0473,0.0611,-0.10041,-0.06069,0.04967,0,1,0.454,0.156,running
121.122,2,1115,-0.05440,-0.01469,-0.1460,0.1347,-0.09466,-0.01042,0.05099,0,1,0.602,-0.086,running
121.164,2,1116,-0.05752,-0.01181,-0.1716,0.1587,-0.05609,0.05197,0.05282,0,1,0.800,-0.350,running
121.209,2,1117,-0.06076,-0.00804,-0.1779,0.2074,-0.01470,0.11069,0.05479,0,1,0.800,-0.430,running
121.254,2,1118,-0.06285,-0.00490,-0.1150,0.1723,0.01344,0.14316,0.05612,0,1,0.800,-0.593,running
121.298,2,1119,-0.06460,-0.00229,-0.0961,0.1435,0.04804,0.14934,0.05740,0,1,0.800,-0.474,running
121.342,2,1120,-0.06437,-0.00134,0.0127,0.0523,0.08127,0.13272,0.05704,0,1,0.800,-0.377,running
121.385,2,1121,-0.06334,-0.00219,0.0563,-0.0467,0.06978,0.12135,0.05614,0,1,0.447,-0.080,running
121.429,2,1122,-0.06141,-0.00470,0.1062,-0.1377,0.03955,0.10869,0.05467,0,1,0.295,0.253,running
121.475,2,1123,-0.05885,-0.00758,0.1409,-0.1587,0.00861,0.08638,0.05282,0,1,0.111,0.575,running
121.517,2,1124,-0.05602,-0.01135,0.1553,-0.2075,-0.02790,0.03702,0.05125,0,1,-0.031,0.667,running
121.605,2,1125,-0.05120,-0.01750,0.2653,-0.3380,-0.08343,-0.06801,0.04936,0,1,-0.104,0.800,running
121.649,2,1126,-0.05050,-0.01958,0.0385,-0.1143,-0.09258,-0.09290,0.04978,0,1,-0.533,0.800,running
121.693,2,1127,-0.05170,-0.02020,-0.0661,-0.0342,-0.09731,-0.08143,0.05113,0,1,0.289,0.563,running
121.737,2,1128,-0.05426,-0.01990,-0.1406,0.0167,-0.10111,-0.07426,0.05319,0,1,0.669,0.277,running
121.781,2,1129,-0.05821,-0.01903,-0.2172,0.0479,-0.09200,-0.06624,0.05628,0,1,0.800,0.100,running
121.826,2,1130,-0.06331,-0.01715,-0.2805,0.1030,-0.06131,-0.02898,0.06014,0,1,0.800,0.000,running
121.869,2,1131,-0.06872,-0.01429,-0.2975,0.1572,-0.02157,0.04027,0.06421,0,1,0.800,-0.169,running
121.919,2,1132,-0.07426,-0.01159,-0.3050,0.1487,0.01149,0.10243,0.06875,0,1,0.800,-0.322,running
121.958,2,1133,-0.07947,-0.00960,-0.2862,0.1093,0.04134,0.14348,0.07335,0,1,0.800,-0.274,running
122.001,2,1134,-0.08375,-0.00838,-0.2354,0.0675,0.07288,0.15001,0.07730,0,1,0.800,-0.145,running
122.045,2,1135,-0.08706,-0.00874,-0.1819,-0.0203,0.06545,0.13272,0.08062,0,1,0.800,-0.025,running
122.088,2,1136,-0.08904,-0.01006,-0.1093,-0.0725,0.02330,0.11763,0.08282,0,1,0.800,0.197,running
122.134,2,1137,-0.08987,-0.01228,-0.0455,-0.1217,-0.01059,0.10289,0.08408,0,1,0.800,0.323,running
122.177,2,1138,-0.08984,-0.01461,0.0019,-0.1283,-0.03726,0.08841,0.08459,0,1,0.788,0.442,running
122.222,2,1139,-0.08933,-0.01661,0.0281,-0.1101,-0.07413,0.08126,0.08460,0,1,0.684,0.467,running
122.265,2,1140,-0.08836,-0.01800,0.0531,-0.0762,-0.10766,0.07750,0.08406,0,1,0.623,0.437,running
122.310,2,1141,-0.08720,-0.01849,0.0638,-0.0270,-0.11076,0.07944,0.08309,0,1,0.560,0.370,running
122.353,2,1142,-0.08559,-0.01782,0.0884,0.0365,-0.10078,0.08047,0.08136,0,1,0.524,0.263,running
122.397,2,1143,-0.08330,-0.01652,0.1263,0.0714,-0.08001,0.08200,0.07879,0,1,0.448,0.112,running
122.441,2,1144,-0.08119,-0.01416,0.1159,0.1298,-0.03233,0.08216,0.07611,0,1,0.326,0.015,running
122.486,2,1145,-0.07843,-0.01207,0.1519,0.1151,0.00347,0.08011,0.07290,0,1,0.320,-0.154,running
122.532,2,1146,-0.07555,-0.01036,0.1581,0.0940,0.02907,0.08001,0.06970,0,1,0.185,-0.142,running
122.575,2,1147,-0.07231,-0.00946,0.1786,0.0496,0.05953,0.07779,0.06633,0,1,0.125,-0.107,running
122.617,2,1148,-0.06898,-0.00904,0.1832,0.0233,0.05254,0.06898,0.06300,0,1,0.020,0.006,running
122.663,2,1149,-0.06495,-0.00952,0.2214,-0.0269,0.02319,0.05297,0.05922,0,1,-0.041,0.077,running
122.704,2,1150,-0.06093,-0.01074,0.2208,-0.0666,-0.00418,0.02257,0.05571,0,1,-0.218,0.235,running
122.750,2,1151,-0.05776,-0.01243,0.1744,-0.0931,-0.04355,-0.01262,0.05325,0,1,-0.270,0.375,running
122.792,2,1152,-0.05510,-0.01301,0.1466,-0.0318,-0.07754,-0.04171,0.05097,0,1,-0.147,0.477,running
122.837,2,1153,-0.05360,-0.01358,0.0826,-0.0316,-0.10458,-0.05875,0.04981,0,1,-0.078,0.268,running
122.882,2,1154,-0.05319,-0.01251,0.0226,0.0589,-0.10207,-0.04938,0.04902,0,1,0.139,0.270,running
122.926,2,1155,-0.05381,-0.01169,-0.0344,0.0451,-0.09621,-0.00974,0.04930,0,1,0.352,-0.061,running
122.969,2,1156,-0.05500,-0.00948,-0.0654,0.1217,-0.06260,0.04869,0.04967,0,1,0.561,-0.012,running
123.014,2,1157,-0.05627,-0.00654,-0.0697,0.1619,-0.01949,0.10945,0.05006,0,1,0.677,-0.294,running
123.057,2,1158,-0.05702,-0.00423,-0.0416,0.1270,0.01060,0.14860,0.05027,0,1,0.696,-0.444,running
123.102,2,1159,-0.05687,-0.00219,0.0087,0.1118,0.04619,0.15273,0.04974,0,1,0.598,-0.324,running
123.146,2,1160,-0.05522,-0.00195,0.0904,0.0136,0.07406,0.13372,0.04808,0,1,0.415,-0.278,running
123.190,2,1161,-0.05208,-0.00321,0.1728,-0.0698,0.06406,0.11251,0.04523,1,1,0.105,0.075,in_circle
123.232,2,1162,-0.04876,-0.00518,0.1827,-0.1080,0.03310,0.07707,0.04246,1,1,-0.233,0.392,in_circle
123.278,2,1163,-0.04502,-0.00820,0.2059,-0.1663,0.00355,0.02658,0.03983,1,1,-0.305,0.553,in_circle
123.321,2,1164,-0.04178,-0.01162,0.1780,-0.1877,-0.03116,-0.02868,0.03827,1,1,-0.431,0.800,in_circle
123.366,2,1165,-0.03923,-0.01525,0.1404,-0.1997,-0.07051,-0.08299,0.03793,1,1,-0.327,0.800,in_circle
123.409,2,1166,-0.03859,-0.01749,0.0349,-0.1233,-0.09628,-0.11792,0.03873,1,1,-0.183,0.800,in_circle
123.453,2,1167,-0.03990,-0.01861,-0.0717,-0.0617,-0.09602,-0.10550,0.04044,1,1,0.237,0.658,in_circle
123.497,2,1168,-0.04287,-0.01902,-0.1634,-0.0225,-0.10154,-0.05905,0.04308,1,1,0.667,0.415,in_circle
123.542,2,1169,-0.04731,-0.01784,-0.2446,0.0650,-0.10474,0.00818,0.04615,0,1,0.800,0.262,running
123.630,2,1170,-0.05641,-0.01311,-0.5001,0.2598,-0.04691,0.12167,0.05223,0,1,0.800,-0.067,running
123.673,2,1171,-0.06015,-0.00999,-0.2058,0.1720,-0.04129,0.13799,0.05474,0,1,0.800,-0.742,running
123.718,2,1172,-0.06275,-0.00668,-0.1432,0.1821,-0.02935,0.12618,0.05640,0,1,0.800,-0.423,running
123.760,2,1173,-0.06426,-0.00375,-0.0828,0.1607,0.02306,0.11936,0.05729,0,1,0.800,-0.455,running
123.805,2,1174,-0.06443,-0.00218,-0.0092,0.0867,0.04876,0.11424,0.05721,0,1,0.764,-0.386,running
123.849,2,1175,-0.06381,-0.00150,0.0340,0.0373,0.05378,0.11429,0.05651,0,1,0.521,-0.146,running
123.893,2,1176,-0.06264,-0.00227,0.0640,-0.0424,0.05444,0.11083,0.05546,0,1,0.373,0.014,running
123.938,2,1177,-0.06055,-0.00366,0.1150,-0.0766,0.02269,0.09444,0.05363,0,1,0.263,0.284,running
123.982,2,1178,-0.05802,-0.00665,0.1395,-0.1641,-0.01887,0.06055,0.05178,0,1,0.071,0.409,running
124.025,2,1179,-0.05484,-0.00920,0.1749,-0.1402,-0.04788,0.00977,0.04943,0,1,-0.037,0.733,running
124.070,2,1180,-0.05252,-0.01129,0.1272,-0.1151,-0.07833,-0.03235,0.04795,0,1,-0.194,0.668,running
124.114,2,1181,-0.05178,-0.01263,0.0412,-0.0736,-0.10340,-0.06407,0.04776,0,1,-0.039,0.590,running
124.158,2,1182,-0.05139,-0.01258,0.0213,0.0023,-0.10097,-0.07613,0.04738,0,1,0.275,0.442,running
124.201,2,1183,-0.05281,-0.01185,-0.0781,0.0403,-0.09829,-0.05800,0.04842,0,1,0.346,0.163,running
124.246,2,1184,-0.05564,-0.01021,-0.1558,0.0901,-0.08568,-0.01207,0.05051,0,1,0.718,0.023,running
124.289,2,1185,-0.05869,-0.00811,-0.1676,0.1159,-0.03934,0.06179,0.05281,0,1,0.800,-0.154,running
124.334,2,1186,-0.06172,-0.00516,-0.1666,0.1619,0.00304,0.12650,0.05506,0,1,0.800,-0.240,running
124.378,2,1187,-0.06378,-0.00339,-0.1134,0.0977,0.02610,0.15813,0.05676,0,1,0.800,-0.393,running
124.420,2,1188,-0.06482,-0.00248,-0.0572,0.0500,0.05694,0.14739,0.05764,0,1,0.800,-0.173,running
124.466,2,1189,-0.06438,-0.00298,0.0238,-0.0275,0.07781,0.12174,0.05729,0,1,0.681,-0.015,running
124.510,2,1190,-0.06301,-0.00468,0.0756,-0.0938,0.04125,0.10311,0.05623,0,1,0.412,0.243,running
124.554,2,1191,-0.06072,-0.00753,0.1257,-0.1567,-0.00254,0.08182,0.05463,0,1,0.229,0.472,running
124.597,2,1192,-0.05837,-0.01095,0.1293,-0.1880,-0.02710,0.05800,0.05334,0,1,0.042,0.702,running
124.643,2,1193,-0.05603,-0.01412,0.1291,-0.1743,-0.05661,0.00928,0.05226,0,1,0.012,0.800,running
124.685,2,1194,-0.05372,-0.01634,0.1268,-0.1222,-0.09664,-0.04652,0.05107,0,1,-0.003,0.799,running
124.729,2,1195,-0.05325,-0.01794,0.0260,-0.0879,-0.10045,-0.07785,0.05137,0,1,-0.011,0.628,running
124.774,2,1196,-0.05380,-0.01864,-0.0302,-0.0385,-0.10283,-0.07007,0.05218,0,1,0.347,0.511,running
124.817,2,1197,-0.05588,-0.01772,-0.1147,0.0508,-0.10396,-0.02467,0.05361,0,1,0.549,0.339,running
124.861,2,1198,-0.05865,-0.01599,-0.1521,0.0950,-0.08650,0.03621,0.05540,0,1,0.800,0.028,running
124.906,2,1199,-0.06169,-0.01347,-0.1672,0.1383,-0.05025,0.09291,0.05730,0,1,0.800,-0.120,running
124.949,2,1200,-0.06396,-0.01068,-0.1250,0.1536,-0.01128,0.12852,0.05859,0,1,0.800,-0.262,running
124.995,2,1201,-0.06565,-0.00810,-0.0925,0.1419,0.01893,0.14511,0.05954,0,1,0.800,-0.312,running
125.037,2,1202,-0.06560,-0.00631,0.0025,0.0985,0.05118,0.13608,0.05910,0,1,0.799,-0.276,running
125.082,2,1203,-0.06503,-0.00600,0.0312,0.0172,0.07044,0.12252,0.05848,0,1,0.491,-0.144,running
125.126,2,1204,-0.06326,-0.00649,0.0976,-0.0269,0.04883,0.11194,0.05685,0,1,0.394,0.118,running
125.169,2,1205,-0.06090,-0.00811,0.1298,-0.0894,0.02183,0.09535,0.05494,0,1,0.161,0.264,running
125.214,2,1206,-0.05809,-0.01067,0.1544,-0.1406,-0.01461,0.05075,0.05298,0,1,0.031,0.484,running
125.257,2,1207,-0.05543,-0.01289,0.1465,-0.1222,-0.05117,0.00071,0.05124,0,1,-0.079,0.676,running
125.303,2,1208,-0.05350,-0.01455,0.1062,-0.0913,-0.08013,-0.04468,0.05010,0,1,-0.074,0.627,running
125.344,2,1209,-0.05242,-0.01549,0.0592,-0.0517,-0.09962,-0.07873,0.04953,0,1,0.056,0.526,running
125.390,2,1210,-0.05282,-0.01590,-0.0218,-0.0224,-0.09928,-0.07755,0.05006,0,1,0.219,0.388,running
125.432,2,1211,-0.05463,-0.01487,-0.0997,0.0567,-0.09885,-0.03817,0.05127,0,1,0.514,0.285,running
125.478,2,1212,-0.05661,-0.01292,-0.1087,0.1073,-0.07601,0.02943,0.05234,0,1,0.797,0.002,running
125.521,2,1213,-0.05954,-0.01012,-0.1613,0.1535,-0.02761,0.09904,0.05419,0,1,0.800,-0.177,running
125.566,2,1214,-0.06179,-0.00784,-0.1237,0.1256,0.00443,0.14775,0.05573,0,1,0.800,-0.335,running
125.654,2,1215,-0.06263,-0.00432,-0.0463,0.1939,0.06576,0.13406,0.05579,0,1,0.800,-0.236,running
125.698,2,1216,-0.06112,-0.00443,0.0828,-0.0061,0.06761,0.11912,0.05433,0,1,0.636,-0.477,running
125.740,2,1217,-0.05927,-0.00605,0.1021,-0.0895,0.05131,0.11086,0.05286,0,1,0.188,0.197,running
125.785,2,1218,-0.05628,-0.00923,0.1643,-0.1748,0.05391,0.10891,0.05082,0,1,0.106,0.493,running
125.829,2,1219,-0.05240,-0.01302,0.2136,-0.2080,0.03084,0.08268,0.04848,0,1,-0.139,0.800,running
125.875,2,1220,-0.04844,-0.01728,0.2175,-0.2344,-0.02740,0.02082,0.04684,0,1,-0.352,0.800,running
125.918,2,1221,-0.04558,-0.02201,0.1577,-0.2603,-0.05776,-0.04413,0.04703,0,1,-0.395,0.800,running
125.962,2,1222,-0.04339,-0.02528,0.1203,-0.1800,-0.07197,-0.09579,0.04738,0,1,-0.179,0.800,running
126.005,2,1223,-0.04324,-0.02768,0.0083,-0.1317,-0.09614,-0.11831,0.04889,0,1,-0.044,0.800,running
126.049,2,1224,-0.04405,-0.02822,-0.0448,-0.0298,-0.09802,-0.09544,0.04985,0,1,0.374,0.729,running
126.093,2,1225,-0.04663,-0.02838,-0.1421,-0.0088,-0.10530,-0.03875,0.05187,0,1,0.570,0.361,running
126.136,2,1226,-0.05106,-0.02697,-0.2433,0.0776,-0.10719,0.02910,0.05439,0,1,0.800,0.290,running
126.182,2,1227,-0.05545,-0.02405,-0.2414,0.1604,-0.09484,0.08292,0.05633,0,1,0.800,-0.005,running
126.225,2,1228,-0.06007,-0.02082,-0.2544,0.1778,-0.05741,0.12613,0.05875,0,1,0.800,-0.281,running
126.270,2,1229,-0.06320,-0.01700,-0.1722,0.2105,-0.01815,0.14370,0.05999,0,1,0.800,-0.329,running
126.314,2,1230,-0.06530,-0.01335,-0.1151,0.2007,0.00927,0.13714,0.06066,0,1,0.800,-0.435,running
126.358,2,1231,-0.06656,-0.01070,-0.0696,0.1453,0.04336,0.12671,0.06109,0,1,0.800,-0.410,running
126.401,2,1232,-0.06664,-0.00866,-0.0041,0.1124,0.07654,0.11554,0.06063,0,1,0.729,-0.240,running
126.446,2,1233,-0.06590,-0.00811,0.0404,0.0300,0.07136,0.10415,0.05979,0,1,0.521,-0.145,running
126.488,2,1234,-0.06423,-0.00806,0.0918,0.0028,0.04008,0.09782,0.05816,0,1,0.373,0.114,running
126.534,2,1235,-0.06224,-0.00948,0.1093,-0.0780,0.00262,0.07812,0.05660,0,1,0.192,0.200,running
126.577,2,1236,-0.06055,-0.01123,0.0932,-0.0960,-0.03221,0.04136,0.05549,0,1,0.117,0.474,running
126.622,2,1237,-0.05862,-0.01304,0.1061,-0.0996,-0.06463,-0.00384,0.05427,0,1,0.158,0.544,running
126.665,2,1238,-0.05741,-0.01360,0.0664,-0.0309,-0.09744,-0.04245,0.05335,0,1,0.100,0.566,running
126.710,2,1239,-0.05746,-0.01292,-0.0024,0.0374,-0.10098,-0.04934,0.05314,0,1,0.227,0.334,running
126.753,2,1240,-0.05806,-0.01201,-0.0333,0.0501,-0.10461,-0.02412,0.05339,0,1,0.465,0.095,running
126.797,2,1241,-0.05968,-0.00921,-0.0887,0.1538,-0.09353,0.02114,0.05406,0,1,0.575,0.050,running
126.841,2,1242,-0.06160,-0.00610,-0.1058,0.1711,-0.05740,0.07392,0.05514,0,1,0.771,-0.313,running
126.885,2,1243,-0.06286,-0.00250,-0.0695,0.1980,-0.01527,0.12029,0.05572,0,1,0.800,-0.374,running
126.931,2,1244,-0.06358,0.00014,-0.0394,0.1456,0.01265,0.14717,0.05608,0,1,0.715,-0.472,running
126.974,2,1245,-0.06332,0.00179,0.0140,0.0907,0.04562,0.14265,0.05568,0,1,0.616,-0.301,running
127.017,2,1246,-0.06180,0.00255,0.0840,0.0414,0.07505,0.12348,0.05411,0,1,0.435,-0.124,running
127.062,2,1247,-0.06014,0.00141,0.0913,-0.0625,0.05651,0.10471,0.05254,0,1,0.184,0.037,running
127.106,2,1248,-0.05726,-0.00097,0.1582,-0.1312,0.01605,0.06400,0.04995,0,1,0.144,0.401,running
127.149,2,1249,-0.05405,-0.00425,0.1767,-0.1799,-0.01680,0.01217,0.04737,0,1,-0.121,0.662,running
127.194,2,1250,-0.05174,-0.00801,0.1268,-0.2073,-0.04517,-0.04373,0.04612,0,1,-0.222,0.800,running
127.237,2,1251,-0.04991,-0.01078,0.1005,-0.1521,-0.08065,-0.07590,0.04533,1,1,-0.053,0.800,in_circle
127.284,2,1252,-0.05000,-0.01236,-0.0047,-0.0869,-0.09688,-0.08867,0.04602,0,1,0.036,0.793,running
127.326,2,1253,-0.05078,-0.01314,-0.0427,-0.0430,-0.10333,-0.07221,0.04705,0,1,0.436,0.550,running
127.369,2,1254,-0.05276,-0.01293,-0.1089,0.0115,-0.10786,-0.01982,0.04878,0,1,0.581,0.387,running
127.414,2,1255,-0.05597,-0.01113,-0.1767,0.0991,-0.10299,0.04114,0.05112,0,1,0.800,0.187,running
127.458,2,1256,-0.05898,-0.00865,-0.1659,0.1367,-0.07770,0.09709,0.05324,0,1,0.800,-0.126,running
127.502,2,1257,-0.06163,-0.00516,-0.1453,0.1918,-0.03157,0.14099,0.05497,0,1,0.800,-0.254,running
127.546,2,1258,-0.06310,-0.00239,-0.0810,0.1525,0.00210,0.15243,0.05593,0,1,0.800,-0.441,running
127.590,2,1259,-0.06335,-0.00060,-0.0137,0.0981,0.02754,0.13552,0.05594,0,1,0.755,-0.310,running
127.678,2,1260,-0.06091,0.00013,0.1343,0.0401,0.05390,0.10069,0.05343,0,1,0.529,-0.132,running
127.721,2,1261,-0.05834,-0.00223,0.1410,-0.1297,0.04418,0.08636,0.05121,0,1,0.003,0.056,running
127.766,2,1262,-0.05532,-0.00519,0.1664,-0.1629,0.03228,0.07803,0.04882,0,1,-0.046,0.662,running
127.808,2,1263,-0.05233,-0.00941,0.1645,-0.2322,-0.02438,0.04017,0.04712,0,1,-0.167,0.800,running
127.854,2,1264,-0.04941,-0.01325,0.1605,-0.2107,-0.06318,-0.02169,0.04584,0,1,-0.184,0.800,running
127.897,2,1265,-0.04769,-0.01659,0.0944,-0.1842,-0.07874,-0.07235,0.04585,0,1,-0.188,0.800,running
127.942,2,1266,-0.04706,-0.01890,0.0351,-0.1269,-0.09850,-0.09600,0.04649,0,1,0.056,0.800,running
127.986,2,1267,-0.04803,-0.02010,-0.0537,-0.0661,-0.10156,-0.07697,0.04796,0,1,0.280,0.726,running
128.030,2,1268,-0.05034,-0.02062,-0.1269,-0.0282,-0.10626,-0.02976,0.05018,0,1,0.614,0.501,running
128.074,2,1269,-0.05348,-0.01998,-0.1729,0.0350,-0.10370,0.02600,0.05255,0,1,0.800,0.364,running
128.116,2,1270,-0.05696,-0.01816,-0.1911,0.1001,-0.09181,0.07670,0.05478,0,1,0.800,0.143,running
128.162,2,1271,-0.06011,-0.01492,-0.1736,0.1781,-0.05217,0.12295,0.05634,0,1,0.800,-0.078,running
128.205,2,1272,-0.06285,-0.01184,-0.1502,0.1695,-0.01203,0.14774,0.05787,0,1,0.800,-0.340,running
128.250,2,1273,-0.06377,-0.00932,-0.0508,0.1385,0.01700,0.14049,0.05803,0,1,0.800,-0.309,running
128.293,2,1274,-0.06388,-0.00768,-0.0063,0.0902,0.04667,0.12585,0.05773,0,1,0.657,-0.214,running
128.338,2,1275,-0.06341,-0.00685,0.0260,0.0456,0.05528,0.11142,0.05708,0,1,0.511,-0.062,running
128.382,2,1276,-0.06172,-0.00688,0.0929,-0.0014,0.03467,0.09533,0.05544,0,1,0.400,0.081,running
128.425,2,1277,-0.05984,-0.00787,0.1037,-0.0544,0.00204,0.07222,0.05385,0,1,0.162,0.236,running
128.469,2,1278,-0.05763,-0.00913,0.1214,-0.0694,-0.03158,0.03354,0.05207,0,1,0.109,0.422,running
128.514,2,1279,-0.05588,-0.01049,0.0959,-0.0749,-0.06845,-0.01037,0.05083,0,1,0.028,0.482,running
128.558,2,1280,-0.05468,-0.01109,0.0661,-0.0325,-0.09774,-0.05038,0.04990,0,1,0.104,0.509,running
128.603,2,1281,-0.05488,-0.01107,-0.0110,0.0010,-0.09955,-0.05918,0.05008,0,1,0.202,0.361,running
128.645,2,1282,-0.05610,-0.00998,-0.0669,0.0598,-0.10221,-0.03533,0.05087,0,1,0.481,0.241,running
128.689,2,1283,-0.05837,-0.00745,-0.1249,0.1391,-0.09094,0.01970,0.05233,0,1,0.686,0.029,running
128.733,2,1284,-0.06013,-0.00477,-0.0968,0.1472,-0.05053,0.08280,0.05343,0,1,0.800,-0.252,running
128.777,2,1285,-0.06159,-0.00165,-0.0801,0.1721,-0.00783,0.13518,0.05433,0,1,0.800,-0.281,running
128.823,2,1286,-0.06215,0.00092,-0.0311,0.1410,0.01868,0.15420,0.05459,0,1,0.747,-0.370,running
128.867,2,1287,-0.06206,0.00167,0.0053,0.0416,0.04977,0.13869,0.05443,0,1,0.582,-0.270,running
128.909,2,1288,-0.06043,0.00161,0.0896,-0.0035,0.07234,0.11620,0.05281,0,1,0.457,0.067,running
128.953,2,1289,-0.05791,-0.00009,0.1388,-0.0937,0.04704,0.08908,0.05047,0,1,0.153,0.222,running
128.997,2,1290,-0.05543,-0.00324,0.1364,-0.1729,0.01616,0.05960,0.04851,0,1,-0.046,0.550,running
129.041,2,1291,-0.05206,-0.00693,0.1852,-0.2032,-0.01965,0.00478,0.04611,0,1,-0.060,0.800,running
129.086,2,1292,-0.05002,-0.01087,0.1120,-0.2169,-0.05300,-0.05548,0.04547,1,1,-0.272,0.800,in_circle
129.130,2,1293,-0.04915,-0.01372,0.0478,-0.1568,-0.08330,-0.09636,0.04581,0,1,-0.007,0.800,running
129.173,2,1294,-0.04985,-0.01622,-0.0387,-0.1372,-0.09708,-0.09595,0.04756,0,1,0.235,0.800,running
129.219,2,1295,-0.05279,-0.01741,-0.1616,-0.0657,-0.10112,-0.06507,0.05072,0,1,0.564,0.771,running
129.261,2,1296,-0.05620,-0.01776,-0.1873,-0.0192,-0.10831,-0.01340,0.05392,0,1,0.800,0.506,running
129.306,2,1297,-0.06051,-0.01664,-0.2371,0.0616,-0.11105,0.04132,0.05737,0,1,0.800,0.344,running
129.350,2,1298,-0.06478,-0.01449,-0.2347,0.1184,-0.09552,0.08728,0.06055,0,1,0.800,0.075,running
129.393,2,1299,-0.06884,-0.01168,-0.2238,0.1543,-0.06207,0.12294,0.06355,0,1,0.800,-0.101,running
129.438,2,1300,-0.07179,-0.00836,-0.1618,0.1827,-0.02555,0.14190,0.06558,0,1,0.800,-0.203,running
129.481,2,1301,-0.07348,-0.00564,-0.0933,0.1499,0.01162,0.13432,0.06671,0,1,0.800,-0.285,running
129.525,2,1302,-0.07461,-0.00363,-0.0618,0.1102,0.04182,0.12639,0.06750,0,1,0.800,-0.189,running
129.570,2,1303,-0.07467,-0.00273,-0.0032,0.0495,0.05994,0.11742,0.06743,0,1,0.738,-0.076,running
129.613,2,1304,-0.07341,-0.00309,0.0691,-0.0194,0.04416,0.10708,0.06624,0,1,0.568,0.096,running
129.701,2,1305,-0.07022,-0.00606,0.1755,-0.1636,-0.02193,0.08550,0.06357,0,1,0.346,0.299,running
129.744,2,1306,-0.06753,-0.00855,0.1481,-0.1370,-0.02749,0.06242,0.06147,0,1,-0.007,0.752,running
129.790,2,1307,-0.06477,-0.01036,0.1515,-0.0995,-0.03780,0.04264,0.05927,0,1,0.048,0.691,running
129.833,2,1308,-0.06183,-0.01243,0.1620,-0.1140,-0.09798,0.00641,0.05708,0,1,0.008,0.587,running
129.878,2,1309,-0.06002,-0.01331,0.0995,-0.0483,-0.09697,-0.03226,0.05567,0,1,-0.056,0.650,running
129.921,2,1310,-0.05894,-0.01353,0.0593,-0.0119,-0.10257,-0.04969,0.05474,0,1,0.136,0.437,running
129.966,2,1311,-0.05907,-0.01205,-0.0075,0.0812,-0.10215,-0.03504,0.05436,0,1,0.263,0.315,running
130.009,2,1312,-0.05981,-0.01051,-0.0403,0.0847,-0.08531,-0.01000,0.05456,0,1,0.491,-0.008,running
130.054,2,1313,-0.06118,-0.00747,-0.0755,0.1673,-0.04068,0.04172,0.05505,0,1,0.606,-0.023,running
130.097,2,1314,-0.06283,-0.00404,-0.0909,0.1885,-0.00173,0.10815,0.05594,0,1,0.730,-0.311,running
130.143,2,1315,-0.06339,-0.00187,-0.0308,0.1196,0.02445,0.15520,0.05615,0,1,0.787,-0.387,running
130.185,2,1316,-0.06356,-0.00048,-0.0091,0.0760,0.05561,0.15882,0.05613,0,1,0.587,-0.161,running
130.230,2,1317,-0.06179,-0.00062,0.0975,-0.0072,0.07342,0.12751,0.05439,0,1,0.515,-0.019,running
130.273,2,1318,-0.05915,-0.00214,0.1449,-0.0841,0.03878,0.09720,0.05199,0,1,0.140,0.261,running
130.318,2,1319,-0.05539,-0.00499,0.2067,-0.1568,-0.00431,0.05956,0.04885,0,1,-0.051,0.536,running
130.362,2,1320,-0.05217,-0.00773,0.1774,-0.1506,-0.03176,0.02090,0.04644,0,1,-0.313,0.800,running
130.406,2,1321,-0.04949,-0.01041,0.1471,-0.1475,-0.06145,-0.02763,0.04481,1,1,-0.239,0.800,in_circle
130.449,2,1322,-0.04792,-0.01177,0.0867,-0.0744,-0.09468,-0.07804,0.04387,1,1,-0.146,0.800,in_circle
130.493,2,1323,-0.04752,-0.01279,0.0217,-0.0566,-0.09521,-0.11145,0.04394,1,1,0.075,0.552,in_circle
130.538,2,1324,-0.04826,-0.01232,-0.0406,0.0261,-0.09707,-0.10011,0.04442,1,1,0.324,0.487,in_circle
130.583,2,1325,-0.05073,-0.01108,-0.1359,0.0685,-0.10172,-0.05422,0.04620,0,1,0.565,0.170,running
130.625,2,1326,-0.05446,-0.00816,-0.2051,0.1606,-0.08794,0.02244,0.04876,0,1,0.800,0.011,running
130.670,2,1327,-0.05890,-0.00485,-0.2440,0.1818,-0.04904,0.09100,0.05224,0,1,0.800,-0.324,running
130.713,2,1328,-0.06244,-0.00128,-0.1950,0.1962,-0.01220,0.13499,0.05513,0,1,0.800,-0.383,running
130.757,2,1329,-0.06527,0.00196,-0.1554,0.1782,0.01750,0.13804,0.05761,0,1,0.800,-0.421,running
130.801,2,1330,-0.06660,0.00344,-0.0733,0.0814,0.05284,0.11845,0.05886,0,1,0.800,-0.352,running
130.845,2,1331,-0.06737,0.00406,-0.0420,0.0339,0.07202,0.10177,0.05960,0,1,0.740,-0.034,running
130.891,2,1332,-0.06715,0.00316,0.0121,-0.0492,0.05566,0.09208,0.05941,0,1,0.643,0.120,running
130.933,2,1333,-0.06710,0.00138,0.0023,-0.0979,0.02884,0.09113,0.05948,0,1,0.467,0.391,running
130.978,2,1334,-0.06580,-0.00123,0.0718,-0.1437,-0.01376,0.08369,0.05845,0,1,0.499,0.554,running
131.022,2,1335,-0.06379,-0.00488,0.1105,-0.2006,-0.04525,0.07305,0.05704,0,1,0.264,0.716,running
131.065,2,1336,-0.06163,-0.00802,0.1185,-0.1725,-0.07662,0.05862,0.05563,0,1,0.121,0.800,running
131.109,2,1337,-0.05950,-0.01052,0.1176,-0.1378,-0.10996,0.04201,0.05427,0,1,0.077,0.800,running
131.154,2,1338,-0.05766,-0.01191,0.1008,-0.0763,-0.11013,0.02367,0.05298,0,1,0.063,0.750,running
131.197,2,1339,-0.05589,-0.01237,0.0976,-0.0256,-0.11063,0.00048,0.05148,0,1,0.106,0.547,running
131.243,2,1340,-0.05503,-0.01126,0.0475,0.0610,-0.10572,-0.00967,0.05028,0,1,0.102,0.373,running
131.286,2,1341,-0.05429,-0.00986,0.0404,0.0773,-0.10065,-0.00197,0.04912,0,1,0.272,0.060,running
131.331,2,1342,-0.05382,-0.00699,0.0257,0.1579,-0.06127,0.02098,0.04782,0,1,0.291,-0.007,running
131.372,2,1343,-0.05345,-0.00353,0.0205,0.1902,-0.01916,0.06158,0.04664,0,1,0.338,-0.317,running
131.417,2,1344,-0.05281,-0.00066,0.0356,0.1581,0.00774,0.10662,0.04550,1,1,0.353,-0.455,in_circle
131.462,2,1345,-0.05118,0.00145,0.0894,0.1160,0.04002,0.13527,0.04362,1,1,0.290,-0.350,in_circle
131.506,2,1346,-0.04934,0.00225,0.1012,0.0439,0.07616,0.13158,0.04171,1,1,0.072,-0.206,in_circle
131.549,2,1347,-0.04593,0.00093,0.1874,-0.0728,0.06705,0.10822,0.03847,1,1,0.009,0.066,in_circle
131.594,2,1348,-0.04181,-0.00162,0.2269,-0.1400,0.02798,0.07318,0.03485,1,1,-0.354,0.533,in_circle
131.637,2,1349,-0.03791,-0.00503,0.2141,-0.1875,-0.00038,0.03116,0.03207,1,1,-0.522,0.800,in_circle
131.725,2,1350,-0.03243,-0.01250,0.3015,-0.4113,-0.06761,-0.08665,0.03081,1,1,-0.481,0.800,in_circle
131.770,2,1351,-0.03139,-0.01433,0.0571,-0.1004,-0.07113,-0.11663,0.03114,1,1,-0.800,0.800,in_circle
131.814,2,1352,-0.03238,-0.01661,-0.0545,-0.1252,-0.08062,-0.10813,0.03340,1,1,0.130,0.685,in_circle
131.858,2,1353,-0.03459,-0.01792,-0.1216,-0.0722,-0.09742,-0.09489,0.03592,1,1,0.579,0.791,in_circle
131.902,2,1354,-0.03925,-0.01762,-0.2559,0.0163,-0.09916,-0.07702,0.03933,1,1,0.800,0.583,in_circle
131.944,2,1355,-0.04535,-0.01606,-0.3358,0.0860,-0.10032,-0.03933,0.04355,1,1,0.800,0.229,in_circle
131.989,2,1356,-0.05227,-0.01365,-0.3802,0.1325,-0.09141,0.01485,0.04861,0,1,0.800,-0.036,running
132.035,2,1357,-0.05964,-0.01054,-0.4057,0.1709,-0.05239,0.07669,0.05442,0,1,0.800,-0.189,running
132.077,2,1358,-0.06571,-0.00677,-0.3335,0.2075,-0.01238,0.12976,0.05930,0,1,0.800,-0.294,running
132.121,2,1359,-0.07132,-0.00343,-0.3087,0.1834,0.01569,0.14542,0.06422,0,1,0.800,-0.387,running
132.166,2,1360,-0.07565,-0.00100,-0.2379,0.1337,0.04876,0.12463,0.06821,0,1,0.800,-0.282,running
132.209,2,1361,-0.07942,-0.00009,-0.2076,0.0502,0.07304,0.10068,0.07188,0,1,0.800,-0.117,running
132.254,2,1362,-0.08217,-0.00017,-0.1512,-0.0043,0.05478,0.08861,0.07462,0,1,0.800,0.128,running
132.297,2,1363,-0.08416,-0.00151,-0.1096,-0.0740,0.02095,0.08446,0.07673,0,1,0.800,0.277,running
132.342,2,1364,-0.08576,-0.00345,-0.0877,-0.1064,-0.01508,0.08629,0.07853,0,1,0.800,0.460,running
132.384,2,1365,-0.08632,-0.00612,-0.0308,-0.1472,-0.05148,0.09090,0.07945,0,1,0.800,0.544,running
132.429,2,1366,-0.08697,-0.00833,-0.0359,-0.1214,-0.08283,0.09835,0.08045,0,1,0.726,0.652,running
132.472,2,1367,-0.08674,-0.01007,0.0127,-0.0957,-0.11472,0.10067,0.08056,0,1,0.743,0.596,running
132.518,2,1368,-0.08599,-0.01070,0.0413,-0.0347,-0.11186,0.09880,0.07995,0,1,0.627,0.543,running
132.561,2,1369,-0.08477,-0.00999,0.0668,0.0391,-0.11224,0.09906,0.07862,0,1,0.552,0.402,running
132.606,2,1370,-0.08241,-0.00793,0.1301,0.1132,-0.09621,0.09635,0.07590,0,1,0.477,0.219,running
132.649,2,1371,-0.08014,-0.00570,0.1246,0.1230,-0.05833,0.09650,0.07328,0,1,0.287,0.014,running
132.694,2,1372,-0.07678,-0.00298,0.1849,0.1492,-0.01966,0.08947,0.06956,0,1,0.269,-0.035,running
132.736,2,1373,-0.07310,-0.00092,0.2022,0.1136,0.01084,0.07219,0.06567,0,1,0.053,-0.139,running
132.783,2,1374,-0.06962,0.00046,0.1916,0.0758,0.03875,0.04935,0.06207,0,1,-0.054,-0.066,running
132.825,2,1375,-0.06661,0.00004,0.1654,-0.0233,0.04953,0.01502,0.05911,0,1,-0.075,0.030,running
132.870,2,1376,-0.06357,-0.00093,0.1673,-0.0533,0.03224,-0.01733,0.05620,0,1,-0.032,0.342,running
132.915,2,1377,-0.06101,-0.00317,0.1408,-0.1232,0.00327,-0.04655,0.05399,0,1,-0.076,0.448,running
132.958,2,1378,-0.05979,-0.00562,0.0671,-0.1345,-0.04025,-0.04822,0.05327,0,1,-0.014,0.700,running
133.001,2,1379,-0.05955,-0.00834,0.0131,-0.1496,-0.07524,-0.02404,0.05370,0,1,0.232,0.751,running
133.046,2,1380,-0.05985,-0.00996,-0.0163,-0.0894,-0.10106,0.01157,0.05444,0,1,0.420,0.800,running
133.088,2,1381,-0.06064,-0.01081,-0.0435,-0.0464,-0.11282,0.07182,0.05545,0,1,0.524,0.606,running
133.133,2,1382,-0.06134,-0.01018,-0.0384,0.0345,-0.11631,0.12616,0.05593,0,1,0.620,0.461,running
133.177,2,1383,-0.06093,-0.00923,0.0221,0.0520,-0.10727,0.14329,0.05528,0,1,0.606,0.187,running
133.221,2,1384,-0.05964,-0.00684,0.0712,0.1313,-0.07638,0.12014,0.05341,0,1,0.399,0.124,running
133.266,2,1385,-0.05753,-0.00370,0.1163,0.1727,-0.03556,0.09330,0.05066,0,1,0.218,-0.163,running
133.310,2,1386,-0.05478,-0.00136,0.1510,0.1287,-0.00446,0.06962,0.04755,0,1,0.035,-0.336,running
133.354,2,1387,-0.05187,0.00015,0.1601,0.0831,0.02553,0.04149,0.04446,1,1,-0.123,-0.203,in_circle
133.397,2,1388,-0.04959,0.00065,0.1256,0.0274,0.06048,0.00036,0.04213,1,1,-0.192,-0.049,in_circle
133.443,2,1389,-0.04718,0.00011,0.1325,-0.0297,0.05207,-0.05071,0.03982,1,1,-0.083,0.159,in_circle
133.486,2,1390,-0.04654,-0.00152,0.0351,-0.0897,0.01330,-0.09146,0.03946,1,1,-0.132,0.386,in_circle
133.530,2,1391,-0.04702,-0.00344,-0.0262,-0.1056,-0.02120,-0.08836,0.04034,1,1,0.256,0.631,in_circle
133.573,2,1392,-0.04899,-0.00629,-0.1086,-0.1563,-0.05087,-0.04667,0.04298,1,1,0.503,0.698,in_circle
133.618,2,1393,-0.05148,-0.00836,-0.1367,-0.1141,-0.08817,0.02404,0.04598,0,1,0.800,0.800,running
133.661,2,1394,-0.05487,-0.01001,-0.1866,-0.0910,-0.11302,0.09117,0.04972,0,1,0.800,0.724,running
133.749,2,1395,-0.05941,-0.00919,-0.2501,0.0454,-0.11864,0.13293,0.05380,0,1,0.800,0.633,running
133.793,2,1396,-0.06054,-0.00723,-0.0617,0.1080,-0.11801,0.11599,0.05437,0,1,0.800,0.149,running
133.836,2,1397,-0.06024,-0.00368,0.0162,0.1952,-0.10572,0.10019,0.05333,0,1,0.681,-0.070,running
133.882,2,1398,-0.05951,-0.00016,0.0403,0.1932,-0.07807,0.09610,0.05207,0,1,0.410,-0.388,running
133.925,2,1399,-0.05812,0.00390,0.0766,0.2235,-0.03639,0.09830,0.05036,0,1,0.319,-0.402,running
133.969,2,1400,-0.05595,0.00766,0.1192,0.2066,-0.00143,0.08510,0.04818,0,1,0.177,-0.537,running
134.015,2,1401,-0.05326,0.01094,0.1478,0.1807,0.02699,0.05300,0.04573,0,1,0.002,-0.505,running
134.058,2,1402,-0.05035,0.01307,0.1602,0.1172,0.06211,0.01737,0.04313,1,1,-0.131,-0.437,in_circle
134.101,2,1403,-0.04854,0.01392,0.0998,0.0464,0.07328,-0.01923,0.04150,1,1,-0.208,-0.215,in_circle
134.146,2,1404,-0.04718,0.01366,0.0747,-0.0139,0.05555,-0.04901,0.04012,1,1,0.012,0.054,in_circle
134.190,2,1405,-0.04691,0.01254,0.0146,-0.0620,0.03135,-0.06845,0.03965,1,1,0.100,0.293,in_circle
134.233,2,1406,-0.04773,0.01044,-0.0448,-0.1155,-0.01454,-0.05396,0.04017,1,1,0.340,0.488,in_circle
134.277,2,1407,-0.04997,0.00805,-0.1235,-0.1310,-0.04827,-0.00434,0.04222,1,1,0.579,0.707,in_circle
134.322,2,1408,-0.05294,0.00612,-0.1634,-0.1062,-0.07933,0.06646,0.04514,1,1,0.800,0.763,in_circle
134.366,2,1409,-0.05494,0.00544,-0.1101,-0.0374,-0.11162,0.12801,0.04715,0,1,0.800,0.659,running
134.411,2,1410,-0.05695,0.00539,-0.1105,-0.0027,-0.11754,0.14765,0.04916,0,1,0.800,0.397,running
134.454,2,1411,-0.05720,0.00626,-0.0135,0.0480,-0.11552,0.12362,0.04940,0,1,0.800,0.268,running
134.498,2,1412,-0.05674,0.00835,0.0251,0.1146,-0.09334,0.09668,0.04900,0,1,0.496,0.082,running
134.542,2,1413,-0.05540,0.01106,0.0736,0.1491,-0.05853,0.07894,0.04787,0,1,0.353,-0.168,running
134.586,2,1414,-0.05341,0.01405,0.1098,0.1644,-0.01678,0.07267,0.04631,0,1,0.166,-0.308,running
134.630,2,1415,-0.05182,0.01642,0.0873,0.1304,0.01470,0.05538,0.04524,1,1,0.017,-0.383,in_circle
134.674,2,1416,-0.04956,0.01836,0.1244,0.1066,0.04665,0.01289,0.04355,1,1,0.091,-0.268,in_circle
134.717,2,1417,-0.04816,0.01964,0.0771,0.0703,0.07197,-0.02795,0.04260,1,1,-0.068,-0.190,in_circle
134.762,2,1418,-0.04716,0.01969,0.0547,0.0031,0.04898,-0.04470,0.04168,1,1,0.106,-0.056,in_circle
134.805,2,1419,-0.04733,0.01915,-0.0092,-0.0301,0.01992,-0.03384,0.04166,1,1,0.187,0.206,in_circle
134.849,2,1420,-0.04827,0.01815,-0.0515,-0.0549,-0.01830,-0.00456,0.04225,1,1,0.438,0.337,in_circle
134.893,2,1421,-0.05010,0.01674,-0.1009,-0.0773,-0.05458,0.04209,0.04364,1,1,0.607,0.436,in_circle
134.937,2,1422,-0.05158,0.01657,-0.0816,-0.0096,-0.08629,0.08938,0.04504,1,1,0.800,0.521,in_circle
134.982,2,1423,-0.05225,0.01689,-0.0367,0.0179,-0.11362,0.12579,0.04577,0,1,0.731,0.259,running
135.026,2,1424,-0.05213,0.01747,0.0068,0.0315,-0.11040,0.13212,0.04579,0,1,0.562,0.153,running
135.070,2,1425,-0.05142,0.01952,0.0388,0.1128,-0.09506,0.11857,0.04567,0,1,0.398,0.100,running
135.113,2,1426,-0.04911,0.02210,0.1275,0.1418,-0.05966,0.09431,0.04433,1,1,0.275,-0.213,in_circle
135.159,2,1427,-0.04596,0.02543,0.1732,0.1832,-0.02123,0.06856,0.04282,1,1,-0.076,-0.337,in_circle
135.202,2,1428,-0.04307,0.02849,0.1589,0.1686,0.01170,0.02589,0.04183,1,1,-0.272,-0.515,in_circle
135.246,2,1429,-0.04110,0.03053,0.1081,0.1118,0.04495,-0.02615,0.04136,1,1,-0.232,-0.473,in_circle
135.288,2,1430,-0.03941,0.03204,0.0930,0.0835,0.07777,-0.07527,0.04096,1,1,-0.041,-0.258,in_circle
135.334,2,1431,-0.03898,0.03245,0.0242,0.0224,0.07802,-0.09807,0.04088,1,1,0.012,-0.152,in_circle
135.377,2,1432,-0.04012,0.03128,-0.0632,-0.0642,0.04343,-0.08026,0.04104,1,1,0.284,0.088,in_circle
135.422,2,1433,-0.04155,0.02951,-0.0782,-0.0977,0.00192,-0.02849,0.04113,1,1,0.633,0.432,in_circle
135.465,2,1434,-0.04401,0.02711,-0.1353,-0.1316,-0.02886,0.03421,0.04191,1,1,0.696,0.568,in_circle
135.510,2,1435,-0.04706,0.02529,-0.1679,-0.1003,-0.05933,0.08831,0.04374,1,1,0.800,0.703,in_circle
135.554,2,1436,-0.04962,0.02395,-0.1407,-0.0736,-0.09448,0.12104,0.04551,0,1,0.800,0.574,running
135.598,2,1437,-0.05108,0.02323,-0.0806,-0.0400,-0.11638,0.11948,0.04658,0,1,0.800,0.468,running
135.641,2,1438,-0.05100,0.02454,0.0043,0.0724,-0.10755,0.10179,0.04701,0,1,0.724,0.339,running
135.686,2,1439,-0.05101,0.02667,-0.0006,0.1171,-0.09486,0.08918,0.04790,0,1,0.407,-0.085,running
135.774,2,1440,-0.04824,0.03293,0.1526,0.3444,-0.01769,0.07657,0.04859,0,1,0.427,-0.255,running
135.819,2,1441,-0.04616,0.03668,0.1145,0.2062,-0.01891,0.05991,0.04912,0,1,-0.140,-0.800,running
135.862,2,1442,-0.04351,0.03916,0.1459,0.1362,-0.00512,0.04486,0.04873,0,1,-0.003,-0.607,running
135.906,2,1443,-0.04145,0.04102,0.1129,0.1026,0.05294,0.02825,0.04857,0,1,-0.128,-0.363,running
135.949,2,1444,-0.03884,0.04247,0.1439,0.0796,0.06925,0.00662,0.04789,0,1,-0.014,-0.247,running
135.993,2,1445,-0.03672,0.04225,0.1166,-0.0119,0.03839,-0.00816,0.04637,0,1,-0.140,-0.170,running
136.038,2,1446,-0.03501,0.04123,0.0940,-0.0564,0.01303,-0.01239,0.04451,1,1,-0.055,0.170,in_circle
136.082,2,1447,-0.03436,0.03981,0.0358,-0.0780,-0.02293,-0.00757,0.04299,1,1,0.015,0.345,in_circle
136.126,2,1448,-0.03399,0.03852,0.0203,-0.0707,-0.06195,0.00576,0.04176,1,1,0.231,0.437,in_circle
136.168,2,1449,-0.03369,0.03782,0.0165,-0.0387,-0.09056,0.03959,0.04102,1,1,0.288,0.417,in_circle
136.214,2,1450,-0.03260,0.03781,0.0598,-0.0008,-0.11218,0.07950,0.04033,1,1,0.301,0.293,in_circle
136.257,2,1451,-0.03149,0.03855,0.0611,0.0406,-0.09988,0.11547,0.04025,1,1,0.124,0.143,in_circle
136.302,2,1452,-0.02936,0.03965,0.1174,0.0608,-0.07589,0.11649,0.03996,1,1,0.116,-0.025,in_circle
136.345,2,1453,-0.02588,0.04241,0.1915,0.1515,-0.04291,0.09747,0.04065,1,1,-0.116,-0.110,in_circle
136.390,2,1454,-0.02248,0.04433,0.1867,0.1058,-0.00484,0.06277,0.04104,1,1,-0.415,-0.479,in_circle
136.433,2,1455,-0.01905,0.04646,0.1886,0.1170,0.02842,0.01861,0.04199,1,1,-0.402,-0.303,in_circle
136.478,2,1456,-0.01591,0.04737,0.1726,0.0503,0.05954,-0.03330,0.04216,1,1,-0.410,-0.352,in_circle
136.521,2,1457,-0.01308,0.04748,0.1561,0.0062,0.04994,-0.07693,0.04182,1,1,-0.354,-0.095,in_circle
136.566,2,1458,-0.01191,0.04685,0.0639,-0.0351,0.03915,-0.09560,0.04105,1,1,-0.299,0.076,in_circle
136.611,2,1459,-0.01255,0.04531,-0.0349,-0.0847,0.01879,-0.07102,0.03959,1,1,0.058,0.241,in_circle
136.653,2,1460,-0.01423,0.04343,-0.0927,-0.1031,-0.02878,-0.03139,0.03798,1,1,0.451,0.445,in_circle
136.698,2,1461,-0.01614,0.04157,-0.1047,-0.1022,-0.06770,0.02432,0.03654,1,1,0.687,0.522,in_circle
136.741,2,1462,-0.01844,0.04054,-0.1265,-0.0565,-0.09037,0.07472,0.03614,1,1,0.740,0.522,in_circle
136.786,2,1463,-0.02009,0.04056,-0.0912,0.0010,-0.11476,0.11072,0.03668,1,1,0.800,0.340,in_circle
136.829,2,1464,-0.02106,0.04121,-0.0529,0.0354,-0.10558,0.11905,0.03762,1,1,0.696,0.108,in_circle
136.874,2,1465,-0.02156,0.04252,-0.0277,0.0722,-0.08443,0.10532,0.03903,1,1,0.545,-0.033,in_circle
136.919,2,1466,-0.02107,0.04427,0.0272,0.0962,-0.04944,0.09029,0.04050,1,1,0.445,-0.185,in_circle
136.961,2,1467,-0.01895,0.04668,0.1163,0.1327,-0.01071,0.07597,0.04218,1,1,0.225,-0.286,in_circle
137.005,2,1468,-0.01729,0.04864,0.0913,0.1078,0.02284,0.06106,0.04368,1,1,-0.126,-0.433,in_circle
137.050,2,1469,-0.01439,0.04946,0.1596,0.0451,0.05422,0.03695,0.04396,1,1,-0.026,-0.340,in_circle
137.093,2,1470,-0.01218,0.04918,0.1215,-0.0151,0.08258,0.00571,0.04341,1,1,-0.295,-0.102,in_circle
137.138,2,1471,-0.01033,0.04787,0.1017,-0.0721,0.06744,-0.03460,0.04195,1,1,-0.158,0.129,in_circle
137.182,2,1472,-0.00907,0.04517,0.0692,-0.1488,0.02936,-0.06360,0.03919,1,1,-0.092,0.358,in_circle
137.226,2,1473,-0.00930,0.04283,-0.0124,-0.1288,-0.00640,-0.06771,0.03686,1,1,0.026,0.680,in_circle
137.271,2,1474,-0.01065,0.03928,-0.0742,-0.1954,-0.03714,-0.04256,0.03340,1,1,0.353,0.604,in_circle
137.318,2,1475,-0.01150,0.03675,-0.0470,-0.1389,-0.07034,0.02025,0.03097,1,1,0.604,0.800,in_circle
137.359,2,1476,-0.01395,0.03376,-0.1347,-0.1645,-0.10407,0.08904,0.02843,1,1,0.497,0.657,in_circle
137.402,2,1477,-0.01548,0.03317,-0.0844,-0.0322,-0.11562,0.13175,0.02824,1,1,0.800,0.765,in_circle
137.447,2,1478,-0.01629,0.03352,-0.0445,0.0189,-0.11671,0.12543,0.02880,1,1,0.657,0.237,in_circle
137.489,2,1479,-0.01598,0.03516,0.0173,0.0902,-0.10987,0.09703,0.03028,1,1,0.499,0.030,in_circle
137.534,2,1480,-0.01490,0.03761,0.0593,0.1350,-0.09118,0.07204,0.03240,1,1,0.251,-0.260,in_circle
137.577,2,1481,-0.01375,0.04075,0.0633,0.1724,-0.05186,0.05368,0.03525,1,1,0.081,-0.447,in_circle
137.623,2,1482,-0.01304,0.04404,0.0390,0.1808,-0.01010,0.03328,0.03839,1,1,0.062,-0.606,in_circle
137.665,2,1483,-0.01140,0.04764,0.0900,0.1983,0.01719,-0.00334,0.04180,1,1,0.157,-0.650,in_circle
137.711,2,1484,-0.01021,0.05069,0.0659,0.1677,0.05161,-0.03549,0.04475,1,1,-0.044,-0.720,in_circle
137.846,2,1485,-0.01189,0.04967,-0.0924,-0.0563,0.09720,0.01071,0.04386,1,1,0.055,-0.599,in_circle
137.886,2,1486,-0.01370,0.04568,-0.0997,-0.2194,0.08508,0.01506,0.04011,1,1,0.666,0.258,in_circle
137.931,2,1487,-0.01528,0.04127,-0.0868,-0.2427,0.08087,0.03056,0.03605,1,1,0.713,0.800,in_circle
137.974,2,1488,-0.01693,0.03461,-0.0911,-0.3662,0.05491,0.06007,0.03003,1,1,0.666,0.800,in_circle
138.019,2,1489,-0.01851,0.02715,-0.0869,-0.4104,-0.00436,0.09679,0.02371,1,1,0.687,0.800,in_circle
138.061,2,1490,-0.01906,0.02049,-0.0302,-0.3663,-0.03496,0.11985,0.01835,1,1,0.675,0.800,in_circle
138.106,2,1491,-0.01824,0.01430,0.0452,-0.3403,-0.05158,0.11582,0.01334,1,1,0.449,0.800,in_circle
138.149,2,1492,-0.01768,0.00849,0.0305,-0.3195,-0.09273,0.09841,0.01019,1,1,0.145,0.800,in_circle
138.194,2,1493,-0.01586,0.00304,0.1005,-0.2996,-0.11425,0.07998,0.00858,1,1,0.203,0.800,in_circle
138.237,2,1494,-0.01354,-0.00089,0.1275,-0.2164,-0.11366,0.04776,0.00897,1,1,-0.082,0.800,in_circle
138.282,2,1495,-0.01101,-0.00322,0.1391,-0.1282,-0.11014,0.00930,0.00976,1,1,-0.196,0.800,in_circle
138.325,2,1496,-0.00989,-0.00489,0.0615,-0.0916,-0.10598,-0.02376,0.01109,1,1,-0.249,0.689,in_circle
138.369,2,1497,-0.00883,-0.00567,0.0583,-0.0431,-0.09559,-0.05368,0.01172,1,1,0.059,0.547,in_circle
138.414,2,1498,-0.00933,-0.00514,-0.0274,0.0291,-0.08325,-0.06937,0.01125,1,1,0.069,0.356,in_circle
138.458,2,1499,-0.01218,-0.00425,-0.1567,0.0492,-0.04815,-0.05275,0.01114,1,1,0.414,0.066,in_circle
140.130,3,0,-0.09494,-0.03033,-0.0517,0.0536,-0.01686,0.04228,0.09441,0,1,0.731,0.349,running
140.218,3,1,-0.09638,-0.02761,-0.0790,0.1496,-0.04830,0.05148,0.09474,0,1,0.800,0.240,running
140.263,3,2,-0.09733,-0.02605,-0.0524,0.0856,-0.06554,0.07775,0.09510,0,1,0.800,0.036,running
140.306,3,3,-0.09770,-0.02422,-0.0203,0.1009,-0.05061,0.09366,0.09484,0,1,0.800,0.157,running
140.349,3,4,-0.09764,-0.02165,0.0031,0.1414,-0.02846,0.09766,0.09400,0,1,0.790,0.119,running
140.395,3,5,-0.09688,-0.01940,0.0419,0.1234,-0.01927,0.09391,0.09263,0,1,0.743,0.026,running
140.437,3,6,-0.09534,-0.01693,0.0849,0.1360,-0.00730,0.09343,0.09049,0,1,0.662,0.052,running
140.483,3,7,-0.09393,-0.01516,0.0777,0.0974,0.00577,0.09312,0.08869,0,1,0.568,0.016,running
140.526,3,8,-0.09133,-0.01348,0.1431,0.0927,0.00109,0.09389,0.08577,0,1,0.566,0.079,running
140.571,3,9,-0.08839,-0.01231,0.1615,0.0640,-0.00396,0.09218,0.08264,0,1,0.390,0.067,running
140.614,3,10,-0.08531,-0.01104,0.1696,0.0700,-0.01665,0.09005,0.07936,0,1,0.303,0.114,running
140.659,3,11,-0.08158,-0.01033,0.2048,0.0389,-0.03986,0.08129,0.07557,0,1,0.235,0.083,running
140.701,3,12,-0.07773,-0.00954,0.2118,0.0434,-0.05022,0.06595,0.07164,0,1,0.088,0.147,running
140.746,3,13,-0.07378,-0.00836,0.2173,0.0654,-0.05178,0.04229,0.06752,0,1,0.006,0.123,running
140.789,3,14,-0.06984,-0.00660,0.2166,0.0966,-0.04964,0.01564,0.06331,0,1,-0.074,0.045,running
140.834,3,15,-0.06662,-0.00504,0.1774,0.0856,-0.04420,-0.01245,0.05984,0,1,-0.137,-0.071,running
140.878,3,16,-0.06369,-0.00408,0.1607,0.0530,-0.02407,-0.03114,0.05680,0,1,-0.064,-0.056,running
140.923,3,17,-0.06149,-0.00233,0.1213,0.0961,0.01611,-0.03036,0.05433,0,1,-0.048,0.037,running
140.966,3,18,-0.06030,-0.00170,0.0653,0.0346,0.02760,-0.01356,0.05306,0,1,0.057,-0.122,running
141.010,3,19,-0.05990,-0.00198,0.0219,-0.0151,0.01255,0.02659,0.05271,0,1,0.238,0.084,running
141.054,3,20,-0.05923,-0.00291,0.0368,-0.0514,0.01402,0.07759,0.05220,0,1,0.387,0.259,running
141.098,3,21,-0.05883,-0.00433,0.0224,-0.0782,-0.00976,0.12130,0.05206,0,1,0.331,0.389,running
141.141,3,22,-0.05730,-0.00586,0.0839,-0.0837,-0.06123,0.12408,0.05090,0,1,0.380,0.489,running
141.185,3,23,-0.05421,-0.00684,0.1701,-0.0541,-0.09148,0.09736,0.04815,0,1,0.152,0.517,running
141.230,3,24,-0.05139,-0.00720,0.1552,-0.0200,-0.11396,0.07440,0.04554,0,1,-0.190,0.419,running
141.274,3,25,-0.04812,-0.00652,0.1800,0.0376,-0.10658,0.05095,0.04222,1,1,-0.165,0.296,in_circle
141.319,3,26,-0.04443,-0.00431,0.2027,0.1215,-0.08772,0.01986,0.03805,1,1,-0.299,0.070,in_circle
141.364,3,27,-0.04132,-0.00147,0.1709,0.1562,-0.06131,-0.02783,0.03435,1,1,-0.419,-0.276,in_circle
141.407,3,28,-0.03967,0.00081,0.0909,0.1255,-0.01837,-0.06530,0.03229,1,1,-0.300,-0.421,in_circle
141.451,3,29,-0.03855,0.00356,0.0613,0.1513,0.01655,-0.08721,0.03085,1,1,0.016,-0.304,in_circle
141.495,3,30,-0.03944,0.00448,-0.0486,0.0503,0.04284,-0.07625,0.03167,1,1,0.132,-0.414,in_circle
141.539,3,31,-0.04182,0.00448,-0.1309,0.0002,0.04900,-0.02299,0.03405,1,1,0.573,-0.012,in_circle
141.583,3,32,-0.04477,0.00310,-0.1625,-0.0760,0.04845,0.04046,0.03708,1,1,0.800,0.188,in_circle
141.627,3,33,-0.04783,0.00063,-0.1683,-0.1358,0.02581,0.09866,0.04039,1,1,0.800,0.497,in_circle
141.670,3,34,-0.05043,-0.00287,-0.1427,-0.1923,-0.01913,0.12737,0.04354,1,1,0.800,0.740,in_circle
141.714,3,35,-0.05255,-0.00593,-0.1167,-0.1684,-0.05129,0.11920,0.04631,0,1,0.800,0.800,running
141.757,3,36,-0.05368,-0.00868,-0.0621,-0.1515,-0.07809,0.09371,0.04817,0,1,0.800,0.800,running
141.803,3,37,-0.05349,-0.01057,0.0105,-0.1039,-0.11337,0.08274,0.04860,0,1,0.661,0.786,running
141.845,3,38,-0.05367,-0.01155,-0.0100,-0.0536,-0.11089,0.08185,0.04911,0,1,0.396,0.617,running
141.890,3,39,-0.05343,-0.01113,0.0133,0.0232,-0.11500,0.08163,0.04873,0,1,0.472,0.435,running
141.933,3,40,-0.05240,-0.00975,0.0562,0.0754,-0.09835,0.07881,0.04731,0,1,0.386,0.155,running
141.978,3,41,-0.05175,-0.00767,0.0358,0.1146,-0.07059,0.07240,0.04603,0,1,0.219,-0.044,running
142.023,3,42,-0.05048,-0.00535,0.0699,0.1276,-0.02928,0.06601,0.04417,1,1,0.289,-0.202,in_circle
142.066,3,43,-0.04857,-0.00222,0.1053,0.1721,0.00517,0.05592,0.04159,1,1,0.148,-0.267,in_circle
142.111,3,44,-0.04672,-0.00020,0.1017,0.1111,0.03575,0.04589,0.03941,1,1,-0.009,-0.465,in_circle
142.153,3,45,-0.04528,0.00084,0.0790,0.0573,0.06222,0.03605,0.03784,1,1,-0.009,-0.237,in_circle
142.242,3,46,-0.04240,-0.00198,0.1587,-0.1551,0.06057,0.01171,0.03551,1,1,0.078,-0.024,in_circle
142.287,3,47,-0.04153,-0.00504,0.0477,-0.1685,0.04504,0.00674,0.03549,1,1,-0.248,0.800,in_circle
142.329,3,48,-0.04160,-0.00957,-0.0036,-0.2489,0.03094,0.00646,0.03721,1,1,0.194,0.800,in_circle
142.374,3,49,-0.04185,-0.01468,-0.0138,-0.2811,-0.02355,0.00894,0.03984,1,1,0.399,0.800,in_circle
142.419,3,50,-0.04199,-0.01892,-0.0079,-0.2331,-0.06709,0.01111,0.04231,1,1,0.440,0.800,in_circle
142.465,3,51,-0.04313,-0.02306,-0.0623,-0.2279,-0.08493,0.04583,0.04574,0,1,0.420,0.800,running
142.506,3,52,-0.04362,-0.02565,-0.0272,-0.1426,-0.11585,0.09402,0.04780,0,1,0.633,0.800,running
142.551,3,53,-0.04432,-0.02776,-0.0387,-0.1161,-0.11320,0.12537,0.04974,0,1,0.504,0.800,running
142.594,3,54,-0.04371,-0.02786,0.0340,-0.0053,-0.11338,0.11529,0.04935,0,1,0.549,0.720,running
142.638,3,55,-0.04307,-0.02675,0.0350,0.0610,-0.10852,0.09278,0.04813,0,1,0.283,0.321,running
142.681,3,56,-0.04136,-0.02396,0.0943,0.1532,-0.09475,0.07156,0.04499,1,1,0.274,0.074,in_circle
142.726,3,57,-0.03978,-0.02125,0.0865,0.1494,-0.06022,0.05281,0.04201,1,1,0.034,-0.296,in_circle
142.769,3,58,-0.03823,-0.01751,0.0855,0.2058,-0.01982,0.03018,0.03845,1,1,0.044,-0.309,in_circle
142.815,3,59,-0.03682,-0.01378,0.0771,0.2051,0.01356,-0.00059,0.03512,1,1,0.034,-0.558,in_circle
142.858,3,60,-0.03557,-0.01097,0.0692,0.1542,0.04586,-0.02384,0.03254,1,1,0.064,-0.564,in_circle
142.903,3,61,-0.03539,-0.00890,0.0096,0.1137,0.08053,-0.02525,0.03136,1,1,0.093,-0.366,in_circle
142.945,3,62,-0.03566,-0.00859,-0.0148,0.0170,0.08578,-0.00647,0.03145,1,1,0.331,-0.209,in_circle
142.991,3,63,-0.03706,-0.00873,-0.0767,-0.0075,0.05169,0.03539,0.03276,1,1,0.429,0.178,in_circle
143.034,3,64,-0.03816,-0.01021,-0.0607,-0.0814,0.01128,0.08681,0.03442,1,1,0.680,0.277,in_circle
143.079,3,65,-0.03854,-0.01206,-0.0206,-0.1019,-0.02198,0.12564,0.03565,1,1,0.619,0.577,in_circle
143.122,3,66,-0.03875,-0.01386,-0.0117,-0.0991,-0.05263,0.12470,0.03677,1,1,0.459,0.664,in_circle
143.166,3,67,-0.03696,-0.01544,0.0982,-0.0867,-0.08644,0.09922,0.03620,1,1,0.424,0.658,in_circle
143.210,3,68,-0.03461,-0.01629,0.1292,-0.0466,-0.11830,0.07390,0.03487,1,1,-0.020,0.614,in_circle
143.255,3,69,-0.03245,-0.01580,0.1191,0.0268,-0.10762,0.05323,0.03291,1,1,-0.150,0.457,in_circle
143.301,3,70,-0.03039,-0.01407,0.1133,0.0950,-0.10528,0.02502,0.03022,1,1,-0.115,0.163,in_circle
143.342,3,71,-0.02958,-0.01042,0.0442,0.2010,-0.08539,-0.02021,0.02728,1,1,-0.097,-0.114,in_circle
143.386,3,72,-0.02868,-0.00638,0.0495,0.2224,-0.05112,-0.05831,0.02428,1,1,0.178,-0.546,in_circle
143.431,3,73,-0.02949,-0.00241,-0.0441,0.2183,-0.00999,-0.05802,0.02326,1,1,0.154,-0.641,in_circle
143.474,3,74,-0.03114,0.00133,-0.0908,0.2054,0.02392,-0.01924,0.02380,1,1,0.531,-0.634,in_circle
143.517,3,75,-0.03297,0.00280,-0.1009,0.0808,0.05352,0.04173,0.02537,1,1,0.722,-0.592,in_circle
143.563,3,76,-0.03512,0.00465,-0.1184,0.1019,0.07654,0.09696,0.02736,1,1,0.766,-0.097,in_circle
143.606,3,77,-0.03737,0.00356,-0.1238,-0.0600,0.07066,0.13216,0.02967,1,1,0.800,-0.186,in_circle
143.649,3,78,-0.03805,0.00176,-0.0375,-0.0990,0.04191,0.12676,0.03055,1,1,0.800,0.465,in_circle
143.695,3,79,-0.03797,-0.00176,0.0047,-0.1938,0.00531,0.09923,0.03115,1,1,0.525,0.625,in_circle
143.737,3,80,-0.03702,-0.00500,0.0519,-0.1777,-0.03386,0.08396,0.03122,1,1,0.356,0.800,in_circle
143.783,3,81,-0.03553,-0.00921,0.0822,-0.2317,-0.06650,0.07630,0.03163,1,1,0.166,0.800,in_circle
143.827,3,82,-0.03395,-0.01205,0.0871,-0.1564,-0.09310,0.04853,0.03177,1,1,0.041,0.800,in_circle
143.870,3,83,-0.03235,-0.01404,0.0877,-0.1095,-0.11024,0.00484,0.03169,1,1,0.017,0.800,in_circle
143.915,3,84,-0.03194,-0.01391,0.0226,0.0072,-0.10702,-0.03293,0.03129,1,1,0.011,0.710,in_circle
143.959,3,85,-0.03134,-0.01394,0.0330,-0.0014,-0.10287,-0.05392,0.03085,1,1,0.270,0.243,in_circle
144.002,3,86,-0.03297,-0.01247,-0.0894,0.0807,-0.10057,-0.03701,0.03122,1,1,0.227,0.279,in_circle
144.046,3,87,-0.03459,-0.01054,-0.0890,0.1063,-0.08078,-0.00383,0.03148,1,1,0.720,-0.052,in_circle
144.090,3,88,-0.03700,-0.00667,-0.1328,0.2128,-0.04139,0.05092,0.03183,1,1,0.723,-0.159,in_circle
144.134,3,89,-0.03929,-0.00280,-0.1259,0.2126,-0.00811,0.10378,0.03270,1,1,0.800,-0.594,in_circle
144.179,3,90,-0.04088,-0.00031,-0.0873,0.1374,0.02360,0.13080,0.03367,1,1,0.800,-0.602,in_circle
144.267,3,91,-0.04123,0.00288,-0.0194,0.1750,0.08084,0.09753,0.03358,1,1,0.732,-0.307,in_circle
144.311,3,92,-0.04011,0.00165,0.0618,-0.0675,0.07349,0.09253,0.03260,1,1,0.461,-0.466,in_circle
144.354,3,93,-0.03840,-0.00113,0.0936,-0.1526,0.04787,0.09315,0.03142,1,1,0.134,0.508,in_circle
144.399,3,94,-0.03588,-0.00457,0.1390,-0.1896,0.02233,0.08453,0.03000,1,1,0.002,0.800,in_circle
144.442,3,95,-0.03348,-0.00938,0.1319,-0.2645,-0.00574,0.04933,0.02993,1,1,-0.186,0.800,in_circle
144.486,3,96,-0.03119,-0.01362,0.1257,-0.2334,-0.04292,-0.00664,0.03054,1,1,-0.163,0.800,in_circle
144.529,3,97,-0.03028,-0.01798,0.0502,-0.2393,-0.07539,-0.06108,0.03287,1,1,-0.144,0.800,in_circle
144.575,3,98,-0.02982,-0.02097,0.0255,-0.1645,-0.09979,-0.09890,0.03481,1,1,0.156,0.800,in_circle
144.617,3,99,-0.03109,-0.02344,-0.0701,-0.1362,-0.09800,-0.09465,0.03754,1,1,0.253,0.800,in_circle
144.664,3,100,-0.03424,-0.02485,-0.1732,-0.0774,-0.10288,-0.05027,0.04063,1,1,0.638,0.800,in_circle
144.705,3,101,-0.03781,-0.02476,-0.1961,0.0051,-0.11032,0.02037,0.04297,1,1,0.800,0.620,in_circle
144.751,3,102,-0.04228,-0.02283,-0.2462,0.1059,-0.10960,0.08532,0.04495,1,1,0.800,0.297,in_circle
144.793,3,103,-0.04657,-0.01932,-0.2360,0.1929,-0.09692,0.12411,0.04631,0,1,0.800,-0.087,running
144.838,3,104,-0.04986,-0.01623,-0.1805,0.1699,-0.05974,0.12136,0.04757,0,1,0.800,-0.414,running
144.881,3,105,-0.05195,-0.01229,-0.1151,0.2166,-0.01984,0.10056,0.04779,0,1,0.800,-0.326,running
144.927,3,106,-0.05290,-0.00856,-0.0521,0.2056,0.00885,0.08643,0.04739,0,1,0.800,-0.507,running
144.970,3,107,-0.05351,-0.00444,-0.0338,0.2266,0.03933,0.08768,0.04689,0,1,0.622,-0.479,running
145.014,3,108,-0.05355,-0.00207,-0.0021,0.1304,0.07201,0.09386,0.04645,0,1,0.556,-0.574,running
145.059,3,109,-0.05270,-0.00187,0.0466,0.0108,0.07412,0.08964,0.04559,0,1,0.437,-0.224,running
145.102,3,110,-0.05180,-0.00227,0.0493,-0.0221,0.07031,0.08651,0.04478,1,1,0.249,0.222,in_circle
145.147,3,111,-0.04955,-0.00462,0.1239,-0.1288,0.04842,0.08531,0.04308,1,1,0.233,0.349,in_circle
145.190,3,112,-0.04718,-0.00821,0.1306,-0.1977,0.00588,0.07526,0.04186,1,1,-0.070,0.770,in_circle
145.234,3,113,-0.04527,-0.01154,0.1050,-0.1833,-0.03190,0.04654,0.04137,1,1,-0.111,0.800,in_circle
145.277,3,114,-0.04277,-0.01551,0.1372,-0.2185,-0.05744,0.00550,0.04106,1,1,-0.018,0.800,in_circle
145.323,3,115,-0.04078,-0.01808,0.1096,-0.1410,-0.09258,-0.03788,0.04083,1,1,-0.154,0.800,in_circle
145.368,3,116,-0.04023,-0.01974,0.0303,-0.0912,-0.10260,-0.05578,0.04140,1,1,-0.051,0.800,in_circle
145.410,3,117,-0.04046,-0.01988,-0.0127,-0.0082,-0.10243,-0.04315,0.04167,1,1,0.264,0.673,in_circle
145.456,3,118,-0.04151,-0.01913,-0.0579,0.0413,-0.10360,-0.01276,0.04205,1,1,0.434,0.347,in_circle
145.497,3,119,-0.04372,-0.01694,-0.1213,0.1209,-0.10471,0.03019,0.04262,1,1,0.614,0.153,in_circle
145.543,3,120,-0.04570,-0.01395,-0.1093,0.1645,-0.08446,0.08188,0.04283,1,1,0.800,-0.160,in_circle
145.585,3,121,-0.04733,-0.00987,-0.0896,0.2243,-0.03889,0.11680,0.04260,1,1,0.800,-0.336,in_circle
145.632,3,122,-0.04842,-0.00539,-0.0597,0.2465,-0.00257,0.12359,0.04219,1,1,0.753,-0.581,in_circle
145.675,3,123,-0.04828,-0.00143,0.0077,0.2177,0.02530,0.10697,0.04116,1,1,0.640,-0.683,in_circle
145.719,3,124,-0.04718,0.00119,0.0605,0.1442,0.06212,0.09167,0.03967,1,1,0.373,-0.589,in_circle
145.763,3,125,-0.04611,0.00184,0.0587,0.0356,0.09244,0.08616,0.03854,1,1,0.156,-0.312,in_circle
145.808,3,126,-0.04427,0.00041,0.1015,-0.0789,0.08490,0.06878,0.03689,1,1,0.161,0.121,in_circle
145.850,3,127,-0.04234,-0.00247,0.1062,-0.1585,0.05120,0.02925,0.03556,1,1,-0.015,0.582,in_circle
145.895,3,128,-0.04083,-0.00614,0.0828,-0.2019,0.01428,-0.02079,0.03520,1,1,-0.038,0.800,in_circle
145.938,3,129,-0.04005,-0.01040,0.0434,-0.2341,-0.01623,-0.04978,0.03618,1,1,0.052,0.800,in_circle
145.982,3,130,-0.04035,-0.01501,-0.0169,-0.2535,-0.05263,-0.05549,0.03874,1,1,0.207,0.800,in_circle
146.026,3,131,-0.04122,-0.01861,-0.0479,-0.1983,-0.08543,-0.03334,0.04151,1,1,0.449,0.800,in_circle
146.071,3,132,-0.04347,-0.02159,-0.1236,-0.1634,-0.11038,0.01392,0.04509,1,1,0.575,0.800,in_circle
146.114,3,133,-0.04589,-0.02345,-0.1333,-0.1024,-0.11688,0.07789,0.04815,0,1,0.800,0.800,running
146.159,3,134,-0.04779,-0.02376,-0.1044,-0.0171,-0.11563,0.12673,0.04985,0,1,0.800,0.721,running
146.203,3,135,-0.04879,-0.02258,-0.0551,0.0646,-0.11244,0.12915,0.04998,0,1,0.796,0.411,running
146.291,3,136,-0.04919,-0.01712,-0.0218,0.3004,-0.06972,0.07824,0.04741,0,1,0.621,0.116,running
146.336,3,137,-0.04830,-0.01301,0.0490,0.2263,-0.06024,0.08018,0.04474,1,1,0.500,-0.782,in_circle
146.379,3,138,-0.04708,-0.00931,0.0670,0.2033,-0.04721,0.08481,0.04216,1,1,0.224,-0.545,in_circle
146.423,3,139,-0.04553,-0.00427,0.0855,0.2774,0.00864,0.07512,0.03910,1,1,0.140,-0.490,in_circle
146.468,3,140,-0.04388,-0.00210,0.0906,0.1193,0.04401,0.05573,0.03698,1,1,0.052,-0.800,in_circle
146.511,3,141,-0.04197,0.00077,0.1054,0.1580,0.06639,0.02449,0.03456,1,1,0.028,-0.190,in_circle
146.554,3,142,-0.04035,0.00096,0.0890,0.0104,0.10332,-0.00911,0.03294,1,1,-0.036,-0.352,in_circle
146.599,3,143,-0.03971,-0.00048,0.0349,-0.0794,0.08047,-0.03163,0.03256,1,1,0.025,0.238,in_circle
146.642,3,144,-0.03977,-0.00314,-0.0031,-0.1459,0.03013,-0.03080,0.03325,1,1,0.240,0.601,in_circle
146.687,3,145,-0.04010,-0.00603,-0.0182,-0.1592,0.00722,-0.00882,0.03447,1,1,0.392,0.800,in_circle
146.729,3,146,-0.04148,-0.00995,-0.0761,-0.2155,-0.02352,0.02994,0.03727,1,1,0.454,0.800,in_circle
146.775,3,147,-0.04218,-0.01420,-0.0384,-0.2338,-0.06645,0.07721,0.03987,1,1,0.688,0.800,in_circle
146.819,3,148,-0.04355,-0.01772,-0.0753,-0.1938,-0.09565,0.11860,0.04290,1,1,0.539,0.800,in_circle
146.864,3,149,-0.04387,-0.01979,-0.0174,-0.1136,-0.11755,0.12386,0.04434,1,1,0.687,0.800,in_circle
146.907,3,150,-0.04331,-0.02185,0.0306,-0.1135,-0.11728,0.10067,0.04513,1,1,0.465,0.777,in_circle
146.952,3,151,-0.04211,-0.02137,0.0658,0.0266,-0.11280,0.08660,0.04389,1,1,0.282,0.780,in_circle
146.995,3,152,-0.04040,-0.01946,0.0945,0.1047,-0.11009,0.07604,0.04136,1,1,0.140,0.246,in_circle
147.040,3,153,-0.03852,-0.01713,0.1031,0.1281,-0.10149,0.05772,0.03846,1,1,0.011,-0.072,in_circle
147.083,3,154,-0.03648,-0.01335,0.1125,0.2082,-0.07038,0.01970,0.03459,1,1,-0.036,-0.178,in_circle
147.127,3,155,-0.03461,-0.00946,0.1024,0.2137,-0.02105,-0.01746,0.03095,1,1,-0.078,-0.507,in_circle
147.170,3,156,-0.03414,-0.00623,0.0260,0.1779,0.00739,-0.04462,0.02904,1,1,-0.042,-0.538,in_circle
147.214,3,157,-0.03406,-0.00401,0.0044,0.1218,0.04014,-0.04572,0.02811,1,1,0.262,-0.403,in_circle
147.259,3,158,-0.03468,-0.00121,-0.0343,0.1542,0.06863,-0.02296,0.02783,1,1,0.348,-0.183,in_circle
147.302,3,159,-0.03616,-0.00067,-0.0812,0.0294,0.05776,0.01682,0.02914,1,1,0.504,-0.319,in_circle
147.347,3,160,-0.03804,-0.00132,-0.1032,-0.0355,0.02178,0.07850,0.03111,1,1,0.696,0.179,in_circle
147.391,3,161,-0.03930,-0.00228,-0.0696,-0.0529,-0.00040,0.12881,0.03257,1,1,0.789,0.440,in_circle
147.434,3,162,-0.04004,-0.00421,-0.0403,-0.1063,-0.02783,0.13364,0.03381,1,1,0.657,0.512,in_circle
147.477,3,163,-0.04022,-0.00540,-0.0104,-0.0651,-0.06828,0.10463,0.03437,1,1,0.542,0.731,in_circle
147.523,3,164,-0.03922,-0.00713,0.0554,-0.0953,-0.10093,0.07504,0.03405,1,1,0.423,0.570,in_circle
147.566,3,165,-0.03829,-0.00710,0.0510,0.0019,-0.11323,0.04789,0.03318,1,1,0.157,0.696,in_circle
147.610,3,166,-0.03715,-0.00580,0.0625,0.0711,-0.10672,0.02838,0.03164,1,1,0.172,0.307,in_circle
147.655,3,167,-0.03638,-0.00448,0.0426,0.0729,-0.10456,0.00975,0.03044,1,1,0.123,0.028,in_circle
147.697,3,168,-0.03597,-0.00137,0.0225,0.1710,-0.08571,-0.00386,0.02912,1,1,0.201,0.018,in_circle
147.742,3,169,-0.03589,0.00215,0.0042,0.1934,-0.04752,-0.00363,0.02836,1,1,0.280,-0.382,in_circle
147.786,3,170,-0.03615,0.00531,-0.0140,0.1742,-0.00790,0.01420,0.02836,1,1,0.354,-0.480,in_circle
147.831,3,171,-0.03739,0.00767,-0.0683,0.1293,0.02206,0.04974,0.02964,1,1,0.427,-0.411,in_circle
147.874,3,172,-0.03806,0.00963,-0.0371,0.1078,0.05363,0.10420,0.03048,1,1,0.647,-0.238,in_circle
147.918,3,173,-0.03808,0.00993,-0.0006,0.0170,0.05883,0.13151,0.03053,1,1,0.524,-0.157,in_circle
147.961,3,174,-0.03751,0.00920,0.0313,-0.0404,0.02840,0.12087,0.02988,1,1,0.378,0.206,in_circle
148.006,3,175,-0.03626,0.00793,0.0687,-0.0697,-0.00628,0.09232,0.02852,1,1,0.249,0.437,in_circle
148.051,3,176,-0.03457,0.00632,0.0927,-0.0886,-0.03991,0.05984,0.02677,1,1,0.096,0.557,in_circle
148.094,3,177,-0.03256,0.00563,0.1107,-0.0383,-0.07349,0.01725,0.02476,1,1,-0.004,0.637,in_circle
148.139,3,178,-0.03129,0.00471,0.0695,-0.0503,-0.10837,-0.02138,0.02353,1,1,-0.081,0.437,in_circle
148.183,3,179,-0.03028,0.00510,0.0558,0.0215,-0.10100,-0.05239,0.02250,1,1,0.081,0.488,in_circle
148.228,3,180,-0.03127,0.00531,-0.0546,0.0112,-0.09816,-0.05855,0.02348,1,1,0.133,0.200,in_circle
148.315,3,181,-0.03582,0.00645,-0.2503,0.0631,-0.05021,0.01984,0.02803,1,1,0.577,0.240,in_circle
148.359,3,182,-0.03874,0.00778,-0.1607,0.0732,-0.03851,0.07028,0.03100,1,1,0.800,0.030,in_circle
148.403,3,183,-0.04166,0.00894,-0.1605,0.0635,-0.03227,0.09349,0.03399,1,1,0.800,-0.014,in_circle
148.446,3,184,-0.04383,0.00976,-0.1193,0.0453,0.01608,0.10059,0.03623,1,1,0.800,0.022,in_circle
148.492,3,185,-0.04554,0.01012,-0.0941,0.0198,0.03938,0.10076,0.03797,1,1,0.800,0.092,in_circle
148.535,3,186,-0.04598,0.00992,-0.0239,-0.0112,0.02420,0.09756,0.03838,1,1,0.771,0.193,in_circle
148.579,3,187,-0.04583,0.00894,0.0080,-0.0540,0.00058,0.10110,0.03814,1,1,0.491,0.317,in_circle
148.621,3,188,-0.04513,0.00745,0.0387,-0.0819,-0.03069,0.10018,0.03736,1,1,0.363,0.491,in_circle
148.667,3,189,-0.04428,0.00626,0.0468,-0.0652,-0.07438,0.08842,0.03648,1,1,0.239,0.606,in_circle
148.711,3,190,-0.04236,0.00578,0.1054,-0.0267,-0.10059,0.07189,0.03456,1,1,0.204,0.543,in_circle
148.754,3,191,-0.04061,0.00597,0.0961,0.0106,-0.10852,0.03349,0.03281,1,1,-0.035,0.390,in_circle
148.799,3,192,-0.03866,0.00691,0.1073,0.0518,-0.10414,-0.00221,0.03087,1,1,-0.003,0.240,in_circle
148.842,3,193,-0.03779,0.00894,0.0476,0.1114,-0.09007,-0.03417,0.03014,1,1,-0.052,0.073,in_circle
148.886,3,194,-0.03715,0.01136,0.0356,0.1332,-0.05240,-0.04241,0.02983,1,1,0.185,-0.171,in_circle
148.930,3,195,-0.03747,0.01421,-0.0178,0.1570,-0.01272,-0.02655,0.03079,1,1,0.231,-0.264,in_circle
148.975,3,196,-0.03809,0.01658,-0.0340,0.1299,0.01563,0.01085,0.03208,1,1,0.446,-0.367,in_circle
149.019,3,197,-0.03985,0.01856,-0.0968,0.1089,0.04756,0.06393,0.03442,1,1,0.512,-0.265,in_circle
149.063,3,198,-0.04104,0.01988,-0.0655,0.0730,0.07075,0.11044,0.03603,1,1,0.767,-0.186,in_circle
149.108,3,199,-0.04128,0.02001,-0.0131,0.0068,0.05039,0.13384,0.03629,1,1,0.645,-0.047,in_circle
149.151,3,200,-0.04015,0.01926,0.0622,-0.0414,0.01973,0.11750,0.03496,1,1,0.436,0.217,in_circle
149.193,3,201,-0.03831,0.01828,0.1014,-0.0538,-0.01807,0.09194,0.03289,1,1,0.132,0.411,in_circle
149.239,3,202,-0.03627,0.01671,0.1119,-0.0861,-0.05200,0.06976,0.03042,1,1,-0.029,0.463,in_circle
149.281,3,203,-0.03325,0.01669,0.1663,-0.0014,-0.08237,0.02395,0.02760,1,1,-0.076,0.595,in_circle
149.325,3,204,-0.03114,0.01669,0.1160,0.0000,-0.10752,-0.03293,0.02567,1,1,-0.301,0.256,in_circle
149.372,3,205,-0.03028,0.01787,0.0474,0.0651,-0.10168,-0.07705,0.02542,1,1,-0.106,0.250,in_circle
149.414,3,206,-0.03153,0.02057,-0.0688,0.1483,-0.09444,-0.09377,0.02784,1,1,0.166,-0.014,in_circle
149.459,3,207,-0.03350,0.02401,-0.1085,0.1891,-0.06772,-0.07191,0.03138,1,1,0.634,-0.354,in_circle
149.504,3,208,-0.03715,0.02835,-0.2006,0.2391,-0.02329,-0.01952,0.03689,1,1,0.798,-0.527,in_circle
149.546,3,209,-0.04040,0.03237,-0.1787,0.2208,0.01107,0.04078,0.04193,1,1,0.800,-0.738,in_circle
149.591,3,210,-0.04409,0.03545,-0.2031,0.1693,0.03799,0.09719,0.04674,0,1,0.800,-0.662,running
149.634,3,211,-0.04694,0.03750,-0.1568,0.1130,0.07282,0.12457,0.05024,0,1,0.800,-0.444,running
149.680,3,212,-0.04938,0.03851,-0.1344,0.0552,0.08053,0.12217,0.05278,0,1,0.800,-0.231,running
149.723,3,213,-0.05024,0.03805,-0.0471,-0.0253,0.04422,0.10422,0.05318,0,1,0.800,-0.026,running
149.767,3,214,-0.05013,0.03657,0.0064,-0.0813,0.00737,0.09486,0.05221,0,1,0.598,0.254,running
149.812,3,215,-0.04866,0.03481,0.0804,-0.0967,-0.02105,0.09205,0.05000,0,1,0.409,0.456,running
149.854,3,216,-0.04672,0.03323,0.1070,-0.0866,-0.05605,0.08777,0.04750,0,1,0.133,0.526,running
149.899,3,217,-0.04419,0.03215,0.1393,-0.0597,-0.09265,0.07220,0.04481,1,1,0.016,0.506,in_circle
149.941,3,218,-0.04123,0.03242,0.1625,0.0150,-0.10815,0.03507,0.04261,1,1,-0.131,0.418,in_circle
149.987,3,219,-0.03951,0.03250,0.0945,0.0044,-0.10382,-0.01773,0.04133,1,1,-0.245,0.133,in_circle
150.030,3,220,-0.03781,0.03396,0.0939,0.0800,-0.08407,-0.07113,0.04101,1,1,0.008,0.175,in_circle
150.074,3,221,-0.03741,0.03576,0.0217,0.0990,-0.05949,-0.09839,0.04198,1,1,0.005,-0.129,in_circle
150.119,3,222,-0.03768,0.03855,-0.0149,0.1534,-0.01581,-0.08040,0.04418,1,1,0.292,-0.208,in_circle
150.162,3,223,-0.03931,0.04073,-0.0897,0.1200,0.01825,-0.02482,0.04690,0,1,0.438,-0.420,running
150.206,3,224,-0.04204,0.04216,-0.1500,0.0785,0.04299,0.03821,0.04980,0,1,0.724,-0.291,running
150.251,3,225,-0.04460,0.04286,-0.1409,0.0388,0.07623,0.09403,0.05209,0,1,0.800,-0.138,running
150.339,3,226,-0.04700,0.04019,-0.1317,-0.1467,0.02134,0.10452,0.05202,0,1,0.800,-0.001,running
150.383,3,227,-0.04725,0.03729,-0.0139,-0.1596,0.01918,0.08356,0.05035,0,1,0.800,0.658,running
150.426,3,228,-0.04643,0.03427,0.0454,-0.1662,0.00633,0.07383,0.04787,0,1,0.469,0.725,running
150.471,3,229,-0.04510,0.03178,0.0732,-0.1368,-0.05356,0.07771,0.04534,1,1,0.245,0.776,in_circle
150.514,3,230,-0.04314,0.02911,0.1077,-0.1468,-0.09296,0.07535,0.04223,1,1,0.126,0.691,in_circle
150.560,3,231,-0.04078,0.02725,0.1295,-0.1027,-0.10263,0.05538,0.03924,1,1,-0.029,0.757,in_circle
150.602,3,232,-0.03862,0.02713,0.1190,-0.0063,-0.10814,0.02596,0.03737,1,1,-0.135,0.600,in_circle
150.647,3,233,-0.03668,0.02747,0.1069,0.0188,-0.10440,-0.00429,0.03599,1,1,-0.099,0.214,in_circle
150.690,3,234,-0.03547,0.03033,0.0665,0.1570,-0.08835,-0.03184,0.03684,1,1,-0.055,0.112,in_circle
150.735,3,235,-0.03472,0.03406,0.0410,0.2052,-0.05229,-0.04336,0.03889,1,1,0.103,-0.450,in_circle
150.779,3,236,-0.03531,0.03752,-0.0325,0.1902,-0.01364,-0.03014,0.04184,1,1,0.203,-0.653,in_circle
150.822,3,237,-0.03577,0.04078,-0.0248,0.1796,0.01998,0.00656,0.04463,1,1,0.499,-0.592,in_circle
150.868,3,238,-0.03685,0.04269,-0.0595,0.1048,0.04792,0.06846,0.04680,0,1,0.471,-0.545,running
150.911,3,239,-0.03729,0.04441,-0.0245,0.0945,0.06744,0.12197,0.04842,0,1,0.604,-0.261,running
150.955,3,240,-0.03720,0.04449,0.0053,0.0048,0.06047,0.12138,0.04844,0,1,0.476,-0.226,running
150.998,3,241,-0.03584,0.04375,0.0748,-0.0408,0.03564,0.08744,0.04703,0,1,0.367,0.100,running
151.043,3,242,-0.03392,0.04215,0.1056,-0.0883,-0.00455,0.05650,0.04460,1,1,0.102,0.273,in_circle
151.087,3,243,-0.03258,0.04048,0.0736,-0.0919,-0.03836,0.03045,0.04246,1,1,-0.032,0.465,in_circle
151.131,3,244,-0.03076,0.03821,0.0998,-0.1247,-0.07115,0.00564,0.03956,1,1,0.078,0.494,in_circle
151.175,3,245,-0.02932,0.03674,0.0796,-0.0810,-0.10155,-0.02359,0.03752,1,1,-0.042,0.642,in_circle
151.219,3,246,-0.02884,0.03595,0.0262,-0.0433,-0.10171,-0.03562,0.03660,1,1,0.035,0.470,in_circle
151.264,3,247,-0.02974,0.03680,-0.0493,0.0467,-0.10430,-0.02726,0.03781,1,1,0.248,0.320,in_circle
151.308,3,248,-0.03079,0.03856,-0.0581,0.0966,-0.09971,0.00313,0.03986,1,1,0.552,-0.044,in_circle
151.351,3,249,-0.03211,0.04067,-0.0723,0.1161,-0.07155,0.04825,0.04234,1,1,0.590,-0.249,in_circle
151.394,3,250,-0.03335,0.04318,-0.0682,0.1381,-0.02649,0.09822,0.04511,1,1,0.646,-0.327,in_circle
151.439,3,251,-0.03387,0.04518,-0.0289,0.1101,0.00513,0.11670,0.04706,0,1,0.629,-0.411,running
151.482,3,252,-0.03394,0.04735,-0.0039,0.1194,0.03835,0.10052,0.04892,0,1,0.482,-0.307,running
151.527,3,253,-0.03286,0.04782,0.0597,0.0259,0.06644,0.08062,0.04875,0,1,0.391,-0.345,running
151.570,3,254,-0.03117,0.04709,0.0929,-0.0400,0.05752,0.06729,0.04727,0,1,0.156,-0.007,running
151.616,3,255,-0.02935,0.04535,0.0999,-0.0959,0.04212,0.05319,0.04486,1,1,0.022,0.239,in_circle
151.659,3,256,-0.02722,0.04236,0.1173,-0.1644,0.02091,0.03576,0.04122,1,1,-0.021,0.463,in_circle
151.703,3,257,-0.02502,0.03925,0.1209,-0.1711,-0.02539,0.00743,0.03744,1,1,-0.114,0.761,in_circle
151.746,3,258,-0.02360,0.03576,0.0781,-0.1916,-0.06068,-0.02702,0.03370,1,1,-0.141,0.800,in_circle
151.791,3,259,-0.02228,0.03330,0.0727,-0.1357,-0.08501,-0.04083,0.03090,1,1,0.027,0.800,in_circle
151.834,3,260,-0.02285,0.03163,-0.0316,-0.0917,-0.10471,-0.03713,0.02973,1,1,0.046,0.675,in_circle
151.879,3,261,-0.02386,0.03158,-0.0555,-0.0026,-0.10511,-0.01921,0.03021,1,1,0.464,0.502,in_circle
151.921,3,262,-0.02482,0.03249,-0.0525,0.0498,-0.10826,0.03534,0.03148,1,1,0.562,0.145,in_circle
151.967,3,263,-0.02688,0.03482,-0.1131,0.1282,-0.09116,0.09690,0.03456,1,1,0.553,-0.068,in_circle
152.011,3,264,-0.02786,0.03741,-0.0540,0.1426,-0.04773,0.12270,0.03727,1,1,0.800,-0.389,in_circle
152.054,3,265,-0.02748,0.04118,0.0210,0.2073,-0.01289,0.10376,0.04031,1,1,0.566,-0.454,in_circle
152.100,3,266,-0.02713,0.04371,0.0189,0.1392,0.01297,0.07706,0.04238,1,1,0.266,-0.722,in_circle
152.142,3,267,-0.02618,0.04606,0.0523,0.1288,0.05174,0.05845,0.04407,1,1,0.277,-0.451,in_circle
152.187,3,268,-0.02458,0.04720,0.0881,0.0629,0.08505,0.04072,0.04449,1,1,0.149,-0.413,in_circle
152.230,3,269,-0.02285,0.04666,0.0954,-0.0298,0.06377,0.01445,0.04335,1,1,0.009,-0.165,in_circle
152.276,3,270,-0.02231,0.04565,0.0296,-0.0554,0.03039,-0.00769,0.04222,1,1,-0.029,0.193,in_circle
152.364,3,271,-0.02217,0.04028,0.0077,-0.2954,-0.03117,-0.01517,0.03717,1,1,0.222,0.296,in_circle
152.406,3,272,-0.02332,0.03787,-0.0632,-0.1326,-0.03895,-0.01116,0.03545,1,1,0.305,0.800,in_circle
152.451,3,273,-0.02489,0.03551,-0.0868,-0.1295,-0.04726,-0.00236,0.03411,1,1,0.592,0.631,in_circle
152.494,3,274,-0.02642,0.03418,-0.0840,-0.0731,-0.10016,0.03776,0.03378,1,1,0.690,0.623,in_circle
152.538,3,275,-0.02791,0.03401,-0.0820,-0.0098,-0.10982,0.08459,0.03448,1,1,0.683,0.400,in_circle
152.582,3,276,-0.02961,0.03472,-0.0935,0.0393,-0.09888,0.10242,0.03607,1,1,0.678,0.145,in_circle
152.627,3,277,-0.02990,0.03624,-0.0157,0.0834,-0.09008,0.08842,0.03745,1,1,0.729,-0.054,in_circle
152.670,3,278,-0.02993,0.03883,-0.0017,0.1427,-0.04451,0.06831,0.03959,1,1,0.418,-0.236,in_circle
152.714,3,279,-0.02912,0.04155,0.0446,0.1494,-0.00373,0.06809,0.04145,1,1,0.362,-0.481,in_circle
152.758,3,280,-0.02797,0.04370,0.0633,0.1184,0.02155,0.06766,0.04276,1,1,0.179,-0.510,in_circle
152.803,3,281,-0.02626,0.04487,0.0939,0.0639,0.05539,0.06161,0.04303,1,1,0.107,-0.391,in_circle
152.848,3,282,-0.02444,0.04530,0.0999,0.0241,0.07793,0.04773,0.04268,1,1,-0.015,-0.184,in_circle
152.891,3,283,-0.02277,0.04398,0.0919,-0.0726,0.05406,0.02765,0.04083,1,1,-0.045,-0.032,in_circle
152.935,3,284,-0.02120,0.04189,0.0866,-0.1149,0.02672,0.00682,0.03831,1,1,-0.027,0.355,in_circle
152.979,3,285,-0.01956,0.04009,0.0899,-0.0994,-0.01134,-0.00801,0.03606,1,1,-0.013,0.532,in_circle
153.022,3,286,-0.01904,0.03704,0.0286,-0.1677,-0.04876,-0.01746,0.03301,1,1,-0.030,0.473,in_circle
153.067,3,287,-0.01919,0.03438,-0.0079,-0.1460,-0.07871,-0.00775,0.03058,1,1,0.214,0.753,in_circle
153.112,3,288,-0.01917,0.03284,0.0012,-0.0846,-0.09902,0.01378,0.02915,1,1,0.360,0.671,in_circle
153.155,3,289,-0.01980,0.03289,-0.0350,0.0022,-0.11416,0.05094,0.02944,1,1,0.323,0.428,in_circle
153.200,3,290,-0.01954,0.03441,0.0142,0.0836,-0.11152,0.08840,0.03074,1,1,0.470,0.080,in_circle
153.242,3,291,-0.01917,0.03704,0.0205,0.1450,-0.09661,0.09654,0.03306,1,1,0.273,-0.251,in_circle
153.291,3,292,-0.01858,0.04068,0.0326,0.2001,-0.04871,0.08096,0.03632,1,1,0.247,-0.505,in_circle
153.331,3,293,-0.01725,0.04370,0.0728,0.1659,-0.01567,0.06441,0.03887,1,1,0.197,-0.736,in_circle
153.374,3,294,-0.01565,0.04726,0.0883,0.1959,0.01041,0.04501,0.04200,1,1,0.032,-0.608,in_circle
153.419,3,295,-0.01387,0.04996,0.0980,0.1486,0.04519,0.02883,0.04438,1,1,-0.026,-0.727,in_circle
153.463,3,296,-0.01205,0.05187,0.0997,0.1049,0.06613,0.01144,0.04607,0,1,-0.058,-0.542,running
153.508,3,297,-0.01053,0.05229,0.0840,0.0229,0.08454,-0.00213,0.04637,0,1,-0.063,-0.378,running
153.550,3,298,-0.00979,0.05046,0.0404,-0.1004,0.06907,-0.00637,0.04451,1,1,-0.007,-0.074,in_circle
153.596,3,299,-0.00900,0.04761,0.0433,-0.1568,0.02731,-0.00418,0.04163,1,1,0.151,0.402,in_circle
153.638,3,300,-0.00903,0.04463,-0.0017,-0.1640,-0.01099,0.00901,0.03865,1,1,0.133,0.648,in_circle
153.684,3,301,-0.00891,0.04145,0.0070,-0.1745,-0.04173,0.04806,0.03547,1,1,0.310,0.696,in_circle
153.726,3,302,-0.00875,0.03851,0.0085,-0.1622,-0.07637,0.08715,0.03252,1,1,0.275,0.744,in_circle
153.771,3,303,-0.00813,0.03688,0.0340,-0.0894,-0.10777,0.10181,0.03088,1,1,0.268,0.701,in_circle
153.815,3,304,-0.00647,0.03561,0.0913,-0.0696,-0.11057,0.08084,0.02964,1,1,0.165,0.413,in_circle
153.859,3,305,-0.00509,0.03566,0.0759,0.0028,-0.10960,0.06628,0.02979,1,1,-0.069,0.335,in_circle
153.903,3,306,-0.00346,0.03698,0.0896,0.0723,-0.09527,0.05063,0.03128,1,1,-0.010,0.044,in_circle
153.947,3,307,-0.00181,0.03917,0.0908,0.1204,-0.06525,0.02670,0.03370,1,1,-0.070,-0.238,in_circle
153.990,3,308,0.00040,0.04196,0.1217,0.1538,-0.02177,-0.00915,0.03689,1,1,-0.079,-0.437,in_circle
154.035,3,309,0.00191,0.04413,0.0833,0.1194,0.01112,-0.03184,0.03935,1,1,-0.208,-0.580,in_circle
154.077,3,310,0.00249,0.04645,0.0316,0.1277,0.04129,-0.03109,0.04174,1,1,-0.059,-0.449,in_circle
154.123,3,311,0.00228,0.04868,-0.0115,0.1225,0.07376,-0.01963,0.04386,1,1,0.147,-0.485,in_circle
154.167,3,312,0.00113,0.04851,-0.0635,-0.0095,0.06781,-0.00072,0.04344,1,1,0.315,-0.466,in_circle
154.211,3,313,-0.00008,0.04793,-0.0665,-0.0321,0.05126,0.04840,0.04263,1,1,0.519,0.041,in_circle
154.255,3,314,-0.00129,0.04657,-0.0666,-0.0746,0.03510,0.10084,0.04109,1,1,0.536,0.131,in_circle
154.298,3,315,-0.00112,0.04437,0.0096,-0.1211,-0.01403,0.11204,0.03894,1,1,0.543,0.306,in_circle
154.431,3,316,0.00200,0.03753,0.1716,-0.3763,-0.07526,0.06007,0.03301,1,1,0.241,0.499,in_circle
154.475,3,317,0.00391,0.03766,0.1049,0.0076,-0.08449,0.06563,0.03376,1,1,-0.416,0.800,in_circle
154.518,3,318,0.00563,0.03766,0.0949,-0.0005,-0.11190,0.04813,0.03439,1,1,-0.154,-0.003,in_circle
154.563,3,319,0.00709,0.03940,0.0802,0.0961,-0.11040,0.01092,0.03657,1,1,-0.119,0.028,in_circle
154.606,3,320,0.00812,0.04226,0.0564,0.1571,-0.10061,-0.03221,0.03960,1,1,-0.065,-0.364,in_circle
154.651,3,321,0.00867,0.04627,0.0303,0.2204,-0.07650,-0.05375,0.04350,1,1,0.027,-0.617,in_circle
154.695,3,322,0.00802,0.05017,-0.0359,0.2146,-0.03440,-0.03325,0.04692,0,1,0.131,-0.800,running
154.741,3,323,0.00662,0.05393,-0.0767,0.2071,0.00001,0.01292,0.05006,0,1,0.380,-0.800,running
154.783,3,324,0.00502,0.05725,-0.0879,0.1822,0.03063,0.07179,0.05283,0,1,0.523,-0.793,running
154.828,3,325,0.00335,0.05996,-0.0923,0.1495,0.06511,0.11276,0.05510,0,1,0.556,-0.702,running
154.870,3,326,0.00319,0.06054,-0.0086,0.0318,0.08921,0.10170,0.05564,0,1,0.567,-0.591,running
154.916,3,327,0.00392,0.05982,0.0400,-0.0400,0.08307,0.07779,0.05508,0,1,0.282,-0.197,running
154.958,3,328,0.00557,0.05674,0.0912,-0.1694,0.05701,0.06260,0.05247,0,1,0.115,0.048,running
155.004,3,329,0.00728,0.05277,0.0939,-0.2181,0.02396,0.05164,0.04914,0,1,-0.073,0.519,running
155.047,3,330,0.00899,0.04898,0.0939,-0.2086,-0.01579,0.03437,0.04614,0,1,-0.099,0.737,running
155.091,3,331,0.01054,0.04453,0.0851,-0.2447,-0.04695,-0.00980,0.04267,1,1,-0.113,0.743,in_circle
155.134,3,332,0.01219,0.03985,0.0911,-0.2574,-0.08011,-0.05192,0.03931,1,1,-0.094,0.800,in_circle
155.179,3,333,0.01208,0.03670,-0.0060,-0.1730,-0.10256,-0.06247,0.03658,1,1,-0.129,0.800,in_circle
155.222,3,334,0.01128,0.03444,-0.0442,-0.1246,-0.10489,-0.04123,0.03425,1,1,0.259,0.692,in_circle
155.267,3,335,0.00844,0.03385,-0.1564,-0.0324,-0.10895,0.00354,0.03224,1,1,0.412,0.502,in_circle
155.310,3,336,0.00599,0.03397,-0.1343,0.0064,-0.10602,0.05754,0.03118,1,1,0.800,0.134,in_circle
155.356,3,337,0.00360,0.03553,-0.1319,0.0862,-0.08860,0.09758,0.03166,1,1,0.785,-0.023,in_circle
155.398,3,338,0.00144,0.03864,-0.1184,0.1711,-0.05079,0.10025,0.03393,1,1,0.781,-0.347,in_circle
155.444,3,339,0.00066,0.04140,-0.0433,0.1518,-0.01242,0.08011,0.03640,1,1,0.731,-0.696,in_circle
155.486,3,340,0.00038,0.04395,-0.0153,0.1402,0.01613,0.06493,0.03882,1,1,0.433,-0.627,in_circle
155.532,3,341,0.00069,0.04669,0.0169,0.1505,0.04986,0.07112,0.04156,1,1,0.321,-0.589,in_circle
155.575,3,342,0.00081,0.04835,0.0069,0.0912,0.06929,0.07222,0.04321,1,1,0.191,-0.633,in_circle
155.621,3,343,0.00172,0.04826,0.0499,-0.0047,0.06746,0.06291,0.04332,1,1,0.230,-0.403,in_circle
155.663,3,344,0.00265,0.04746,0.0512,-0.0444,0.06578,0.04881,0.04275,1,1,0.061,-0.033,in_circle
155.707,3,345,0.00376,0.04593,0.0613,-0.0837,0.03900,0.03339,0.04158,1,1,0.052,0.123,in_circle
155.751,3,346,0.00451,0.04354,0.0412,-0.1320,-0.00463,0.02351,0.03950,1,1,0.007,0.284,in_circle
155.794,3,347,0.00464,0.04069,0.0070,-0.1563,-0.03906,0.01449,0.03686,1,1,0.082,0.490,in_circle
155.839,3,348,0.00453,0.03825,-0.0061,-0.1342,-0.06723,0.01086,0.03453,1,1,0.218,0.593,in_circle
155.884,3,349,0.00437,0.03669,-0.0089,-0.0857,-0.10345,0.01448,0.03302,1,1,0.270,0.509,in_circle
155.927,3,350,0.00385,0.03587,-0.0283,-0.0452,-0.10663,0.02927,0.03206,1,1,0.281,0.318,in_circle
155.970,3,351,0.00357,0.03693,-0.0154,0.0581,-0.10941,0.06423,0.03295,1,1,0.360,0.157,in_circle
156.015,3,352,0.00376,0.03830,0.0104,0.0755,-0.08665,0.08604,0.03431,1,1,0.308,-0.261,in_circle
156.058,3,353,0.00403,0.04082,0.0145,0.1387,-0.04600,0.08934,0.03678,1,1,0.204,-0.335,in_circle
156.102,3,354,0.00550,0.04393,0.0808,0.1710,-0.01111,0.07690,0.04019,1,1,0.186,-0.596,in_circle
156.146,3,355,0.00701,0.04663,0.0833,0.1486,0.02067,0.06653,0.04325,1,1,-0.083,-0.733,in_circle
156.191,3,356,0.00834,0.04801,0.0729,0.0759,0.05938,0.05529,0.04500,1,1,-0.089,-0.641,in_circle
156.235,3,357,0.01064,0.04836,0.1267,0.0194,0.08962,0.03353,0.04620,0,1,-0.049,-0.363,running
156.279,3,358,0.01249,0.04815,0.1016,-0.0118,0.08645,-0.00356,0.04678,0,1,-0.256,-0.153,running
156.322,3,359,0.01349,0.04637,0.0552,-0.0978,0.05068,-0.03730,0.04564,0,1,-0.166,-0.039,running
156.410,3,360,0.01323,0.04139,-0.0144,-0.2739,-0.01438,-0.04289,0.04117,1,1,0.001,0.290,in_circle
156.455,3,361,0.01083,0.03810,-0.1319,-0.1813,-0.02112,-0.03000,0.03711,1,1,0.271,0.800,in_circle
156.498,3,362,0.00862,0.03453,-0.1217,-0.1964,-0.03117,-0.01467,0.03291,1,1,0.748,0.675,in_circle
156.543,3,363,0.00566,0.03229,-0.1630,-0.1233,-0.09007,0.02681,0.02953,1,1,0.712,0.743,in_circle
156.586,3,364,0.00248,0.03088,-0.1748,-0.0775,-0.11182,0.08369,0.02692,1,1,0.800,0.455,in_circle
156.630,3,365,-0.00002,0.03089,-0.1372,0.0006,-0.11434,0.10919,0.02608,1,1,0.800,0.275,in_circle
156.676,3,366,-0.00203,0.03206,-0.1108,0.0646,-0.10608,0.08732,0.02669,1,1,0.794,-0.039,in_circle
156.718,3,367,-0.00355,0.03437,-0.0837,0.1268,-0.06923,0.06262,0.02868,1,1,0.693,-0.299,in_circle
156.765,3,368,-0.00443,0.03641,-0.0485,0.1123,-0.03050,0.06159,0.03059,1,1,0.588,-0.555,in_circle
156.806,3,369,-0.00425,0.03953,0.0102,0.1719,0.00271,0.07418,0.03372,1,1,0.450,-0.503,in_circle
156.850,3,370,-0.00412,0.04206,0.0070,0.1389,0.03343,0.07904,0.03625,1,1,0.214,-0.751,in_circle
156.896,3,371,-0.00345,0.04399,0.0372,0.1065,0.05915,0.07453,0.03824,1,1,0.227,-0.626,in_circle
156.938,3,372,-0.00238,0.04490,0.0587,0.0497,0.08835,0.06816,0.03927,1,1,0.104,-0.504,in_circle
156.984,3,373,-0.00118,0.04443,0.0658,-0.0260,0.07953,0.05796,0.03899,1,1,0.015,-0.280,in_circle
157.026,3,374,0.00015,0.04283,0.0736,-0.0876,0.04552,0.04305,0.03768,1,1,-0.017,0.022,in_circle
157.071,3,375,0.00116,0.04069,0.0554,-0.1178,0.01313,0.02004,0.03583,1,1,-0.052,0.271,in_circle
157.115,3,376,0.00154,0.03785,0.0210,-0.1561,-0.02014,-0.00315,0.03319,1,1,0.018,0.395,in_circle
157.158,3,377,0.00160,0.03489,0.0031,-0.1632,-0.05580,-0.01817,0.03038,1,1,0.155,0.554,in_circle
157.202,3,378,0.00141,0.03372,-0.0107,-0.0638,-0.08954,-0.01208,0.02921,1,1,0.226,0.589,in_circle
157.246,3,379,0.00041,0.03227,-0.0550,-0.0801,-0.10980,0.01700,0.02752,1,1,0.281,0.193,in_circle
157.291,3,380,-0.00060,0.03247,-0.0555,0.0109,-0.10902,0.06122,0.02743,1,1,0.460,0.261,in_circle
157.334,3,381,-0.00133,0.03362,-0.0398,0.0634,-0.09613,0.09518,0.02837,1,1,0.464,-0.105,in_circle
157.378,3,382,-0.00186,0.03576,-0.0295,0.1179,-0.06563,0.09651,0.03035,1,1,0.403,-0.319,in_circle
157.422,3,383,-0.00235,0.03831,-0.0269,0.1399,-0.02689,0.07887,0.03276,1,1,0.363,-0.544,in_circle
157.467,3,384,-0.00142,0.04137,0.0514,0.1687,0.00607,0.06551,0.03594,1,1,0.354,-0.640,in_circle
157.511,3,385,-0.00036,0.04398,0.0581,0.1432,0.03938,0.05826,0.03870,1,1,0.038,-0.764,in_circle
157.555,3,386,0.00077,0.04542,0.0622,0.0795,0.07372,0.05624,0.04034,1,1,0.008,-0.670,in_circle
157.598,3,387,0.00174,0.04563,0.0534,0.0115,0.10455,0.04672,0.04076,1,1,-0.011,-0.420,in_circle
157.642,3,388,0.00321,0.04432,0.0806,-0.0721,0.09126,0.01623,0.03987,1,1,0.022,-0.152,in_circle
157.688,3,389,0.00404,0.04134,0.0459,-0.1640,0.05988,-0.00653,0.03727,1,1,-0.092,0.185,in_circle
157.730,3,390,0.00362,0.03771,-0.0229,-0.1995,0.02486,-0.01574,0.03370,1,1,0.044,0.558,in_circle
157.775,3,391,0.00300,0.03379,-0.0343,-0.2157,-0.00997,-0.00653,0.02981,1,1,0.320,0.708,in_circle
157.818,3,392,0.00324,0.03039,0.0130,-0.1868,-0.04269,0.00503,0.02677,1,1,0.366,0.782,in_circle
157.863,3,393,0.00038,0.02773,-0.1568,-0.1465,-0.07924,0.04061,0.02322,1,1,0.176,0.673,in_circle
157.906,3,394,-0.00120,0.02502,-0.0871,-0.1489,-0.11001,0.08088,0.02013,1,1,0.800,0.518,in_circle
157.950,3,395,-0.00274,0.02391,-0.0847,-0.0609,-0.10781,0.09870,0.01861,1,1,0.587,0.533,in_circle
157.994,3,396,-0.00347,0.02442,-0.0400,0.0278,-0.09256,0.08397,0.01892,1,1,0.581,0.183,in_circle
158.040,3,397,-0.00333,0.02644,0.0075,0.1112,-0.07254,0.06629,0.02092,1,1,0.404,-0.174,in_circle
158.082,3,398,-0.00263,0.02860,0.0386,0.1190,-0.03854,0.06571,0.02319,1,1,0.213,-0.513,in_circle
158.127,3,399,-0.00177,0.03107,0.0474,0.1358,0.00088,0.06686,0.02579,1,1,0.087,-0.551,in_circle
158.171,3,400,-0.00165,0.03222,0.0061,0.0629,0.03359,0.06066,0.02693,1,1,0.049,-0.625,in_circle
158.216,3,401,0.00013,0.03384,0.0979,0.0893,0.06857,0.04718,0.02895,1,1,0.214,-0.338,in_circle
158.258,3,402,0.00153,0.03406,0.0775,0.0119,0.09020,0.01750,0.02957,1,1,-0.158,-0.448,in_circle
158.304,3,403,0.00257,0.03313,0.0571,-0.0507,0.06048,0.00333,0.02905,1,1,-0.080,-0.141,in_circle
158.347,3,404,0.00318,0.03100,0.0335,-0.1175,0.02867,0.00068,0.02730,1,1,-0.002,0.111,in_circle
158.434,3,405,0.00313,0.02614,-0.0029,-0.2672,-0.02753,0.00893,0.02291,1,1,0.090,0.381,in_circle
158.479,3,406,0.00274,0.02346,-0.0210,-0.1476,-0.03556,0.01912,0.02039,1,1,0.235,0.800,in_circle
158.522,3,407,0.00125,0.02110,-0.0820,-0.1296,-0.04448,0.03077,0.01761,1,1,0.308,0.519,in_circle
158.567,3,408,0.00058,0.02019,-0.0372,-0.0502,-0.10079,0.05626,0.01648,1,1,0.556,0.452,in_circle
158.610,3,409,0.00005,0.01988,-0.0291,-0.0170,-0.09485,0.07697,0.01594,1,1,0.378,0.136,in_circle
158.655,3,410,-0.00009,0.02085,-0.0075,0.0535,-0.06550,0.08360,0.01673,1,1,0.346,0.004,in_circle
158.698,3,411,0.00084,0.02236,0.0509,0.0831,-0.06244,0.07683,0.01850,1,1,0.260,-0.282,in_circle
158.743,3,412,0.00126,0.02500,0.0235,0.1452,-0.02248,0.06913,0.02105,1,1,0.024,-0.404,in_circle
158.786,3,413,0.00209,0.02743,0.0453,0.1334,0.02540,0.06487,0.02360,1,1,0.132,-0.660,in_circle
158.832,3,414,0.00361,0.02906,0.0838,0.0895,0.05191,0.04823,0.02572,1,1,0.042,-0.620,in_circle
158.875,3,415,0.00585,0.02976,0.1234,0.0388,0.08451,0.02289,0.02740,1,1,-0.116,-0.450,in_circle
158.919,3,416,0.00725,0.02946,0.0767,-0.0162,0.08410,0.00869,0.02787,1,1,-0.281,-0.250,in_circle
158.963,3,417,0.00793,0.02796,0.0377,-0.0827,0.04671,-0.00820,0.02701,1,1,-0.098,-0.030,in_circle
159.007,3,418,0.00832,0.02582,0.0214,-0.1177,0.01150,-0.02033,0.02555,1,1,0.055,0.239,in_circle
159.050,3,419,0.00826,0.02331,-0.0034,-0.1381,-0.01697,-0.02735,0.02361,1,1,0.119,0.383,in_circle
159.095,3,420,0.00701,0.02061,-0.0688,-0.1484,-0.05658,-0.00240,0.02080,1,1,0.218,0.470,in_circle
159.138,3,421,0.00610,0.01970,-0.0497,-0.0502,-0.08838,0.05364,0.01952,1,1,0.482,0.518,in_circle
159.183,3,422,0.00517,0.01930,-0.0512,-0.0220,-0.11509,0.10268,0.01858,1,1,0.407,0.127,in_circle
159.226,3,423,0.00498,0.01992,-0.0105,0.0339,-0.11373,0.10590,0.01889,1,1,0.415,0.014,in_circle
159.271,3,424,0.00563,0.02215,0.0360,0.1227,-0.09417,0.07441,0.02100,1,1,0.252,-0.211,in_circle
159.315,3,425,0.00607,0.02491,0.0241,0.1522,-0.05625,0.05140,0.02346,1,1,0.063,-0.573,in_circle
159.359,3,426,0.00769,0.02850,0.0889,0.1973,-0.01347,0.03879,0.02732,1,1,0.109,-0.699,in_circle
159.402,3,427,0.00877,0.03217,0.0597,0.2020,0.01206,0.02891,0.03098,1,1,-0.155,-0.800,in_circle
159.448,3,428,0.00959,0.03531,0.0450,0.1724,0.04743,0.01348,0.03408,1,1,-0.041,-0.800,in_circle
159.490,3,429,0.01014,0.03778,0.0303,0.1357,0.08479,0.00207,0.03649,1,1,0.015,-0.800,in_circle
159.536,3,430,0.01048,0.03846,0.0184,0.0378,0.10264,-0.00515,0.03725,1,1,0.071,-0.670,in_circle
159.578,3,431,0.00970,0.03732,-0.0430,-0.0628,0.09444,0.00329,0.03588,1,1,0.117,-0.281,in_circle
159.623,3,432,0.00936,0.03531,-0.0186,-0.1108,0.07107,0.02453,0.03396,1,1,0.364,0.123,in_circle
159.665,3,433,0.00878,0.03221,-0.0316,-0.1702,0.03003,0.06555,0.03102,1,1,0.267,0.318,in_circle
159.712,3,434,0.00877,0.02838,-0.0010,-0.2108,-0.00930,0.09557,0.02784,1,1,0.319,0.563,in_circle
159.755,3,435,0.00895,0.02402,0.0102,-0.2395,-0.03724,0.09826,0.02461,1,1,0.196,0.733,in_circle
159.799,3,436,0.01023,0.02069,0.0704,-0.1832,-0.07131,0.08102,0.02326,1,1,0.150,0.800,in_circle
159.842,3,437,0.01221,0.01821,0.1088,-0.1368,-0.10415,0.06189,0.02344,1,1,-0.094,0.641,in_circle
159.887,3,438,0.01485,0.01761,0.1455,-0.0329,-0.10985,0.04302,0.02546,1,1,-0.254,0.461,in_circle
159.931,3,439,0.01587,0.01782,0.0561,0.0119,-0.10657,0.01265,0.02646,1,1,-0.409,0.046,in_circle
159.974,3,440,0.01700,0.01887,0.0620,0.0573,-0.09338,-0.03560,0.02794,1,1,-0.054,-0.134,in_circle
160.020,3,441,0.01683,0.02187,-0.0093,0.1653,-0.05190,-0.08452,0.02930,1,1,-0.082,-0.319,in_circle
160.062,3,442,0.01545,0.02510,-0.0762,0.1773,-0.01105,-0.09540,0.03008,1,1,0.203,-0.759,in_circle
160.108,3,443,0.01312,0.02816,-0.1277,0.1687,0.02046,-0.06711,0.03048,1,1,0.473,-0.800,in_circle
160.150,3,444,0.00972,0.03096,-0.1872,0.1540,0.05029,-0.00783,0.03050,1,1,0.684,-0.790,in_circle
160.195,3,445,0.00524,0.03272,-0.2465,0.0969,0.08539,0.06040,0.02974,1,1,0.800,-0.739,in_circle
160.239,3,446,0.00123,0.03311,-0.2206,0.0214,0.09591,0.10216,0.02858,1,1,0.800,-0.516,in_circle
160.283,3,447,-0.00231,0.03093,-0.1947,-0.1202,0.08181,0.08493,0.02552,1,1,0.800,-0.217,in_circle
160.326,3,448,-0.00616,0.02858,-0.2118,-0.1292,0.05643,0.04603,0.02264,1,1,0.800,0.354,in_circle
160.371,3,449,-0.00859,0.02558,-0.1335,-0.1651,0.01549,0.03454,0.01959,1,1,0.800,0.395,in_circle
160.459,3,450,-0.01327,0.02010,-0.2577,-0.3010,-0.04827,0.05458,0.01513,1,1,0.759,0.544,in_circle
160.504,3,451,-0.01565,0.01664,-0.1309,-0.1903,-0.05094,0.05228,0.01323,1,1,0.800,0.800,in_circle
160.546,3,452,-0.01767,0.01431,-0.1110,-0.1281,-0.06745,0.05325,0.01291,1,1,0.767,0.666,in_circle
160.591,3,453,-0.01939,0.01364,-0.0942,-0.0372,-0.11491,0.05091,0.01388,1,1,0.693,0.423,in_circle
160.634,3,454,-0.02035,0.01341,-0.0529,-0.0125,-0.09559,0.05253,0.01457,1,1,0.630,0.061,in_circle
160.679,3,455,-0.02120,0.01437,-0.0471,0.0527,-0.09175,0.05104,0.01580,1,1,0.468,-0.038,in_circle
160.723,3,456,-0.02175,0.01619,-0.0301,0.1003,-0.06014,0.05094,0.01728,1,1,0.447,-0.302,in_circle
160.767,3,457,-0.02215,0.01853,-0.0222,0.1288,-0.01036,0.05375,0.01906,1,1,0.382,-0.497,in_circle
160.810,3,458,-0.02265,0.02059,-0.0272,0.1132,0.01905,0.05469,0.02082,1,1,0.352,-0.617,in_circle
160.855,3,459,-0.02350,0.02245,-0.0466,0.1022,0.04795,0.05520,0.02274,1,1,0.374,-0.561,in_circle
160.899,3,460,-0.02330,0.02274,0.0108,0.0158,0.08785,0.05448,0.02281,1,1,0.454,-0.522,in_circle
160.943,3,461,-0.02449,0.02161,-0.0656,-0.0622,0.08536,0.05599,0.02285,1,1,0.225,-0.178,in_circle
160.987,3,462,-0.02413,0.01934,0.0198,-0.1248,0.06146,0.05169,0.02109,1,1,0.534,0.136,in_circle
161.031,3,463,-0.02381,0.01606,0.0173,-0.1805,0.03683,0.05131,0.01891,1,1,0.192,0.392,in_circle
161.074,3,464,-0.02336,0.01322,0.0253,-0.1559,-0.00818,0.05042,0.01715,1,1,0.202,0.623,in_circle
161.119,3,465,-0.02298,0.01023,0.0205,-0.1647,-0.04086,0.04536,0.01576,1,1,0.170,0.531,in_circle
161.162,3,466,-0.02218,0.00712,0.0439,-0.1708,-0.06702,0.03757,0.01443,1,1,0.188,0.573,in_circle
161.207,3,467,-0.02123,0.00477,0.0525,-0.1292,-0.09340,0.03474,0.01349,1,1,0.094,0.605,in_circle
161.251,3,468,-0.02093,0.00361,0.0166,-0.0639,-0.10712,0.03676,0.01334,1,1,0.057,0.445,in_circle
161.295,3,469,-0.01996,0.00355,0.0533,-0.0032,-0.10362,0.03792,0.01240,1,1,0.201,0.187,in_circle
161.338,3,470,-0.01992,0.00419,0.0019,0.0347,-0.08455,0.03848,0.01226,1,1,0.052,-0.056,in_circle
161.384,3,471,-0.01989,0.00536,0.0020,0.0644,-0.04461,0.04221,0.01211,1,1,0.258,-0.209,in_circle
161.426,3,472,-0.02035,0.00617,-0.0254,0.0448,-0.00655,0.04430,0.01255,1,1,0.258,-0.331,in_circle
161.470,3,473,-0.02007,0.00655,0.0152,0.0208,0.02432,0.04425,0.01229,1,1,0.369,-0.254,in_circle
161.516,3,474,-0.02073,0.00646,-0.0362,-0.0050,0.05274,0.04338,0.01294,1,1,0.207,-0.159,in_circle
161.559,3,475,-0.02107,0.00546,-0.0183,-0.0551,0.05353,0.04474,0.01328,1,1,0.415,-0.056,in_circle
161.603,3,476,-0.02164,0.00327,-0.0316,-0.1200,0.02274,0.04318,0.01411,1,1,0.345,0.147,in_circle
161.647,3,477,-0.02255,0.00164,-0.0500,-0.0898,-0.00766,0.04453,0.01538,1,1,0.400,0.412,in_circle
161.692,3,478,-0.02266,-0.00190,-0.0059,-0.1947,-0.04185,0.04378,0.01683,1,1,0.476,0.296,in_circle
161.734,3,479,-0.02255,-0.00412,0.0058,-0.1222,-0.07882,0.04106,0.01789,1,1,0.301,0.725,in_circle
161.780,3,480,-0.02369,-0.00613,-0.0629,-0.1102,-0.08810,0.04271,0.01999,1,1,0.255,0.441,in_circle
161.822,3,481,-0.02390,-0.00678,-0.0113,-0.0361,-0.10047,0.04083,0.02056,1,1,0.533,0.398,in_circle
161.867,3,482,-0.02436,-0.00745,-0.0252,-0.0366,-0.09041,0.04294,0.02133,1,1,0.328,0.104,in_circle
161.911,3,483,-0.02499,-0.00670,-0.0346,0.0413,-0.05308,0.04401,0.02137,1,1,0.385,0.108,in_circle
161.955,3,484,-0.02516,-0.00551,-0.0093,0.0650,-0.01939,0.04260,0.02083,1,1,0.425,-0.205,in_circle
161.999,3,485,-0.02563,-0.00501,-0.0261,0.0278,0.00728,0.04431,0.02096,1,1,0.325,-0.302,in_circle
162.043,3,486,-0.02599,-0.00487,-0.0199,0.0078,0.04490,0.04401,0.02119,1,1,0.394,-0.154,in_circle
162.088,3,487,-0.02654,-0.00523,-0.0300,-0.0201,0.06508,0.04756,0.02185,1,1,0.371,-0.074,in_circle
162.130,3,488,-0.02649,-0.00714,0.0025,-0.1050,0.04314,0.04586,0.02285,1,1,0.414,0.039,in_circle
162.176,3,489,-0.02653,-0.00925,-0.0019,-0.1160,0.00823,0.04700,0.02415,1,1,0.284,0.384,in_circle
162.219,3,490,-0.02663,-0.01230,-0.0056,-0.1678,-0.02893,0.04364,0.02626,1,1,0.303,0.434,in_circle
162.264,3,491,-0.02685,-0.01467,-0.0121,-0.1304,-0.06355,0.04302,0.02811,1,1,0.319,0.650,in_circle
162.307,3,492,-0.02760,-0.01643,-0.0409,-0.0966,-0.09358,0.04458,0.02991,1,1,0.346,0.507,in_circle
162.351,3,493,-0.02847,-0.01722,-0.0480,-0.0438,-0.11041,0.04306,0.03109,1,1,0.464,0.377,in_circle
162.394,3,494,-0.02889,-0.01692,-0.0230,0.0168,-0.10294,0.04395,0.03114,1,1,0.496,0.169,in_circle
162.482,3,495,-0.02938,-0.01481,-0.0273,0.1163,-0.04085,0.04541,0.02998,1,1,0.399,-0.072,in_circle
162.527,3,496,-0.03008,-0.01300,-0.0384,0.0991,-0.03521,0.04615,0.02928,1,1,0.418,-0.475,in_circle
162.570,3,497,-0.03023,-0.01057,-0.0085,0.1340,-0.02897,0.04468,0.02789,1,1,0.465,-0.410,in_circle
162.615,3,498,-0.03057,-0.00878,-0.0186,0.0985,0.03328,0.04891,0.02715,1,1,0.347,-0.554,in_circle
162.659,3,499,-0.03036,-0.00728,0.0118,0.0826,0.05748,0.04506,0.02617,1,1,0.389,-0.416,in_circle
162.704,3,500,-0.03021,-0.00750,0.0080,-0.0124,0.06604,0.04870,0.02617,1,1,0.268,-0.356,in_circle
162.746,3,501,-0.02982,-0.00865,0.0215,-0.0633,0.06109,0.04675,0.02645,1,1,0.284,0.025,in_circle
162.791,3,502,-0.02900,-0.01109,0.0449,-0.1342,0.02439,0.04606,0.02724,1,1,0.230,0.232,in_circle
162.834,3,503,-0.02865,-0.01429,0.0193,-0.1757,-0.01491,0.04876,0.02909,1,1,0.135,0.523,in_circle
162.879,3,504,-0.02782,-0.01672,0.0460,-0.1337,-0.04298,0.04560,0.03028,1,1,0.237,0.698,in_circle
162.922,3,505,-0.02750,-0.01992,0.0176,-0.1759,-0.07825,0.04465,0.03255,1,1,0.129,0.537,in_circle
162.967,3,506,-0.02718,-0.02087,0.0172,-0.0524,-0.10992,0.04440,0.03313,1,1,0.243,0.715,in_circle
163.011,3,507,-0.02628,-0.02115,0.0495,-0.0153,-0.10120,0.04474,0.03284,1,1,0.245,0.224,in_circle
163.054,3,508,-0.02582,-0.02093,0.0256,0.0121,-0.10968,0.04400,0.03240,1,1,0.114,0.078,in_circle
163.099,3,509,-0.02581,-0.01959,0.0002,0.0738,-0.09056,0.04479,0.03129,1,1,0.209,-0.031,in_circle
163.142,3,510,-0.02515,-0.01707,0.0365,0.1383,-0.05315,0.04609,0.02887,1,1,0.312,-0.280,in_circle
163.188,3,511,-0.02556,-0.01398,-0.0226,0.1700,-0.01729,0.04722,0.02673,1,1,0.166,-0.544,in_circle
163.231,3,512,-0.02520,-0.01122,0.0197,0.1517,0.01241,0.04445,0.02448,1,1,0.404,-0.677,in_circle
163.276,3,513,-0.02515,-0.00924,0.0029,0.1090,0.04913,0.04549,0.02309,1,1,0.234,-0.610,in_circle
163.318,3,514,-0.02494,-0.00797,0.0117,0.0696,0.08307,0.04648,0.02211,1,1,0.303,-0.444,in_circle
163.363,3,515,-0.02471,-0.00841,0.0129,-0.0240,0.08376,0.04746,0.02221,1,1,0.267,-0.289,in_circle
163.407,3,516,-0.02393,-0.00979,0.0428,-0.0760,0.05006,0.04673,0.02257,1,1,0.263,0.088,in_circle
163.452,3,517,-0.02384,-0.01278,0.0049,-0.1645,0.01400,0.04540,0.02470,1,1,0.142,0.300,in_circle
163.495,3,518,-0.02231,-0.01549,0.0839,-0.1489,-0.01808,0.04569,0.02593,1,1,0.294,0.662,in_circle
163.539,3,519,-0.02249,-0.01830,-0.0095,-0.1546,-0.05176,0.04599,0.02840,1,1,-0.025,0.607,in_circle
163.583,3,520,-0.02215,-0.02102,0.0184,-0.1495,-0.08672,0.04581,0.03060,1,1,0.350,0.638,in_circle
163.627,3,521,-0.02182,-0.02163,0.0184,-0.0335,-0.10868,0.04035,0.03098,1,1,0.238,0.626,in_circle
163.670,3,522,-0.02209,-0.02216,-0.0149,-0.0293,-0.10581,0.03706,0.03158,1,1,0.237,0.165,in_circle
163.716,3,523,-0.02124,-0.02173,0.0469,0.0238,-0.10580,0.04058,0.03081,1,1,0.372,0.151,in_circle
163.758,3,524,-0.02121,-0.02097,0.0013,0.0419,-0.08429,0.04154,0.03012,1,1,0.123,-0.062,in_circle
163.803,3,525,-0.02053,-0.01898,0.0375,0.1094,-0.04076,0.04452,0.02804,1,1,0.306,-0.135,in_circle
163.846,3,526,-0.02044,-0.01756,0.0050,0.0783,-0.00623,0.04508,0.02673,1,1,0.160,-0.409,in_circle
163.891,3,527,-0.02048,-0.01581,-0.0022,0.0960,0.02367,0.04724,0.02523,1,1,0.291,-0.287,in_circle
163.934,3,528,-0.01978,-0.01426,0.0387,0.0851,0.05491,0.04421,0.02354,1,1,0.320,-0.361,in_circle
163.979,3,529,-0.01913,-0.01443,0.0358,-0.0091,0.05236,0.04500,0.02336,1,1,0.155,-0.321,in_circle
164.023,3,530,-0.01849,-0.01501,0.0348,-0.0321,0.04228,0.04740,0.02358,1,1,0.166,0.058,in_circle
164.066,3,531,-0.01675,-0.01634,0.0956,-0.0729,0.03024,0.04533,0.02406,1,1,0.168,0.152,in_circle
164.112,3,532,-0.01626,-0.01812,0.0272,-0.0982,-0.01680,0.04716,0.02556,1,1,-0.079,0.319,in_circle
164.154,3,533,-0.01601,-0.01982,0.0137,-0.0934,-0.05784,0.04691,0.02709,1,1,0.194,0.426,in_circle
164.199,3,534,-0.01480,-0.02115,0.0668,-0.0733,-0.08242,0.03936,0.02804,1,1,0.248,0.412,in_circle
164.243,3,535,-0.01362,-0.02136,0.0648,-0.0113,-0.10743,0.03613,0.02797,1,1,0.033,0.336,in_circle
164.287,3,536,-0.01324,-0.02049,0.0206,0.0477,-0.10092,0.03961,0.02705,1,1,0.038,0.090,in_circle
164.334,3,537,-0.01275,-0.01924,0.0273,0.0687,-0.08072,0.04091,0.02572,1,1,0.214,-0.147,in_circle
164.376,3,538,-0.01145,-0.01732,0.0711,0.1055,-0.05241,0.04223,0.02361,1,1,0.186,-0.233,in_circle
164.418,3,539,-0.01122,-0.01381,0.0128,0.1930,-0.01010,0.04761,0.02011,1,1,0.008,-0.384,in_circle
164.507,3,540,-0.00858,-0.01036,0.1454,0.1900,0.05319,0.04444,0.01638,1,1,0.241,-0.741,in_circle
164.551,3,541,-0.00777,-0.00986,0.0445,0.0274,0.05706,0.04163,0.01586,1,1,-0.296,-0.737,in_circle
164.594,3,542,-0.00781,-0.01030,-0.0023,-0.0239,0.07072,0.04708,0.01630,1,1,0.105,-0.087,in_circle
164.640,3,543,-0.00693,-0.01279,0.0483,-0.1370,0.08550,0.03852,0.01881,1,1,0.293,0.120,in_circle
164.682,3,544,-0.00748,-0.01637,-0.0304,-0.1972,0.04786,0.03563,0.02237,1,1,0.088,0.580,in_circle
164.727,3,545,-0.00728,-0.02015,0.0112,-0.2080,0.00216,0.04034,0.02616,1,1,0.404,0.800,in_circle
164.770,3,546,-0.00722,-0.02475,0.0035,-0.2528,-0.02026,0.04494,0.03076,1,1,0.238,0.800,in_circle
164.816,3,547,-0.00731,-0.02901,-0.0052,-0.2343,-0.05623,0.04581,0.03501,1,1,0.268,0.800,in_circle
164.859,3,548,-0.00749,-0.03261,-0.0098,-0.1983,-0.09243,0.04627,0.03862,1,1,0.303,0.800,in_circle
164.902,3,549,-0.00719,-0.03497,0.0162,-0.1296,-0.11277,0.04465,0.04097,1,1,0.322,0.800,in_circle
164.947,3,550,-0.00770,-0.03656,-0.0278,-0.0875,-0.11441,0.04369,0.04256,1,1,0.218,0.611,in_circle
164.990,3,551,-0.00760,-0.03653,0.0057,0.0017,-0.11266,0.04391,0.04253,1,1,0.391,0.448,in_circle
165.034,3,552,-0.00716,-0.03592,0.0239,0.0337,-0.09776,0.04480,0.04192,1,1,0.261,0.102,in_circle
165.079,3,553,-0.00698,-0.03404,0.0097,0.1030,-0.06934,0.04283,0.04005,1,1,0.188,-0.025,in_circle
165.122,3,554,-0.00755,-0.03167,-0.0311,0.1307,-0.02972,0.04497,0.03767,1,1,0.243,-0.311,in_circle
165.167,3,555,-0.00755,-0.02952,-0.0001,0.1182,0.00511,0.04535,0.03552,1,1,0.407,-0.426,in_circle
165.211,3,556,-0.00795,-0.02721,-0.0222,0.1272,0.03434,0.04716,0.03321,1,1,0.283,-0.380,in_circle
165.255,3,557,-0.00822,-0.02640,-0.0149,0.0446,0.06930,0.04854,0.03240,1,1,0.372,-0.420,in_circle
165.298,3,558,-0.00829,-0.02591,-0.0038,0.0267,0.06786,0.04903,0.03192,1,1,0.344,-0.091,in_circle
165.343,3,559,-0.00901,-0.02668,-0.0396,-0.0424,0.05444,0.04574,0.03271,1,1,0.300,-0.019,in_circle
165.387,3,560,-0.00871,-0.02851,0.0166,-0.1007,0.03362,0.04910,0.03453,1,1,0.445,0.261,in_circle
165.431,3,561,-0.00963,-0.03079,-0.0506,-0.1250,-0.01635,0.04710,0.03683,1,1,0.219,0.500,in_circle
165.475,3,562,-0.01009,-0.03311,-0.0250,-0.1277,-0.04976,0.04511,0.03917,1,1,0.491,0.605,in_circle
165.520,3,563,-0.01055,-0.03523,-0.0256,-0.1167,-0.07189,0.04258,0.04132,1,1,0.389,0.623,in_circle
165.563,3,564,-0.01112,-0.03568,-0.0308,-0.0246,-0.10854,0.04341,0.04181,1,1,0.392,0.583,in_circle
165.608,3,565,-0.01142,-0.03589,-0.0166,-0.0119,-0.10624,0.04312,0.04205,1,1,0.414,0.222,in_circle
165.650,3,566,-0.01203,-0.03501,-0.0335,0.0485,-0.10870,0.04415,0.04123,1,1,0.358,0.176,in_circle
165.695,3,567,-0.01240,-0.03313,-0.0204,0.1033,-0.08837,0.04343,0.03940,1,1,0.427,-0.065,in_circle
165.739,3,568,-0.01305,-0.03061,-0.0360,0.1388,-0.04275,0.04591,0.03698,1,1,0.378,-0.292,in_circle
165.782,3,569,-0.01326,-0.02792,-0.0113,0.1482,-0.00745,0.04647,0.03435,1,1,0.442,-0.439,in_circle
165.828,3,570,-0.01344,-0.02511,-0.0103,0.1544,0.01854,0.04508,0.03162,1,1,0.344,-0.482,in_circle
165.871,3,571,-0.01394,-0.02253,-0.0272,0.1421,0.05502,0.04465,0.02918,1,1,0.341,-0.512,in_circle
165.916,3,572,-0.01392,-0.02157,0.0008,0.0526,0.07770,0.04962,0.02824,1,1,0.410,-0.468,in_circle
165.958,3,573,-0.01414,-0.02193,-0.0117,-0.0198,0.07314,0.04898,0.02864,1,1,0.298,-0.111,in_circle
166.004,3,574,-0.01493,-0.02350,-0.0437,-0.0865,0.05660,0.04437,0.03035,1,1,0.349,0.181,in_circle
166.046,3,575,-0.01480,-0.02655,0.0074,-0.1676,0.02107,0.04744,0.03329,1,1,0.479,0.452,in_circle
166.092,3,576,-0.01512,-0.02855,-0.0177,-0.1102,-0.01877,0.04451,0.03532,1,1,0.274,0.786,in_circle
166.134,3,577,-0.01523,-0.03156,-0.0060,-0.1654,-0.05004,0.04530,0.03829,1,1,0.376,0.563,in_circle
166.179,3,578,-0.01515,-0.03380,0.0040,-0.1231,-0.07896,0.04314,0.04047,1,1,0.330,0.793,in_circle
166.223,3,579,-0.01542,-0.03551,-0.0145,-0.0943,-0.09008,0.04505,0.04220,1,1,0.290,0.630,in_circle
166.267,3,580,-0.01542,-0.03590,-0.0000,-0.0216,-0.10657,0.04346,0.04259,1,1,0.365,0.518,in_circle
166.311,3,581,-0.01534,-0.03603,0.0043,-0.0072,-0.09565,0.04563,0.04271,1,1,0.308,0.237,in_circle
166.354,3,582,-0.01527,-0.03540,0.0040,0.0349,-0.07153,0.04446,0.04207,1,1,0.292,0.184,in_circle
166.399,3,583,-0.01511,-0.03371,0.0086,0.0927,-0.04023,0.04544,0.04038,1,1,0.293,0.017,in_circle
166.443,3,584,-0.01426,-0.03253,0.0468,0.0649,-0.00463,0.04751,0.03907,1,1,0.273,-0.221,in_circle
