t,episode,step,xb,yb,vx,vy,alpha,beta,dist,in_circle,ball_found,a0,a1,status,i0,i1,k0,k1,kicking
1.302,1,0,0.13948,0.11331,0.0030,0.0127,-0.01756,0.04315,0.18222,0,1,-1.000,-1.000,running,0.0000,0.0000,0.0000,0.0000,0
1.397,1,1,0.13948,0.11331,0.0000,0.0000,0.00844,0.03508,0.18222,0,0,-1.000,-1.000,running,0.0000,0.0000,0.0000,0.0000,0
1.442,1,2,0.13948,0.11331,0.0000,0.0000,0.03152,-0.00213,0.18222,0,0,-1.000,-1.000,running,0.0000,0.0000,0.0000,0.0000,0
1.480,1,3,0.13827,0.11152,-0.0323,-0.0478,0.04093,-0.03834,0.18020,0,1,-1.000,-1.000,running,0.0000,0.0000,0.0000,0.0000,0
1.521,1,4,0.13712,0.10998,-0.0276,-0.0373,0.07561,-0.07285,0.17836,0,1,-1.000,-1.000,running,0.0000,0.0000,0.0000,0.0000,0
1.566,1,5,0.13483,0.10781,-0.0518,-0.0490,0.08555,-0.09150,0.17524,0,1,-1.000,-1.000,running,0.0000,0.0000,0.0000,0.0000,0
1.609,1,6,0.13044,0.10570,-0.1012,-0.0484,0.08685,-0.09220,0.17044,0,1,-1.000,-1.000,running,0.0000,0.0000,0.0000,0.0000,0
1.653,1,7,0.12527,0.10234,-0.1171,-0.0762,0.08686,-0.08436,0.16428,0,1,-1.000,-1.000,running,0.0000,0.0000,0.0000,0.0000,0
1.698,1,8,0.11905,0.09846,-0.1387,-0.0867,0.08310,-0.07287,0.15697,0,1,-1.000,-1.000,running,0.0000,0.0000,0.0000,0.0000,0
1.742,1,9,0.11160,0.09310,-0.1710,-0.1229,0.08084,-0.06277,0.14780,0,1,-1.000,-1.000,running,0.0000,0.0000,0.0000,0.0000,0
1.786,1,10,0.10311,0.08711,-0.1906,-0.1345,0.07331,-0.04899,0.13740,0,1,-1.000,-1.000,running,0.0000,0.0000,0.0000,0.0000,0
1.830,1,11,0.09296,0.08068,-0.2315,-0.1466,0.07416,-0.03407,0.12542,0,1,-1.000,-1.000,running,0.0000,0.0000,0.0000,0.0000,0
1.873,1,12,0.08199,0.07386,-0.2549,-0.1586,0.07101,-0.02948,0.11255,0,1,-0.041,-0.080,running,0.0000,0.0000,0.0000,0.0000,0
1.918,1,13,0.07029,0.06617,-0.2592,-0.1702,0.06641,-0.02646,0.09858,0,1,0.061,-0.022,running,0.0000,0.0000,0.0000,0.0000,0
1.961,1,14,0.05726,0.05779,-0.3060,-0.1969,0.03489,-0.01467,0.08316,0,1,0.125,0.037,running,-0.0035,-0.0027,0.0000,0.0000,0
2.006,1,15,0.04379,0.04860,-0.2956,-0.2017,-0.02268,0.02986,0.06690,0,1,0.386,0.201,running,-0.0063,-0.0049,0.0000,0.0000,0
2.050,1,16,0.03022,0.04065,-0.3134,-0.1837,-0.04817,0.08996,0.05144,0,1,0.657,0.419,running,-0.0086,-0.0069,0.0000,0.0000,0
2.094,1,17,0.01719,0.03252,-0.2955,-0.1845,-0.06819,0.13391,0.03644,1,1,0.800,0.536,in_circle,-0.0103,-0.0084,0.0000,0.0000,0
2.138,1,18,0.00558,0.02425,-0.2632,-0.1872,-0.10072,0.17148,0.02263,1,1,0.800,0.662,in_circle,-0.0114,-0.0095,0.0000,0.0000,0
2.182,1,19,-0.00494,0.01870,-0.2350,-0.1242,-0.12048,0.17055,0.01302,1,1,0.800,0.693,in_circle,-0.0120,-0.0103,0.0000,0.0000,0
2.226,1,20,-0.01403,0.01383,-0.2090,-0.1120,-0.11498,0.16413,0.01000,1,1,0.800,0.454,in_circle,-0.0121,-0.0109,0.0000,0.0000,0
2.269,1,21,-0.02031,0.01072,-0.1451,-0.0718,-0.11338,0.16515,0.01337,1,1,0.800,0.417,in_circle,-0.0118,-0.0112,0.0000,0.0000,0
2.312,1,22,-0.02556,0.00852,-0.1215,-0.0510,-0.09521,0.15946,0.01794,1,1,0.600,0.264,in_circle,-0.0113,-0.0115,0.0000,0.0000,0
2.357,1,23,-0.02883,0.00731,-0.0733,-0.0272,-0.06852,0.15249,0.02107,1,1,0.520,0.186,in_circle,-0.0105,-0.0116,0.0000,0.0000,0
2.403,1,24,-0.03098,0.00700,-0.0472,-0.0068,-0.03852,0.13541,0.02320,1,1,0.336,0.094,in_circle,-0.0096,-0.0116,0.0000,0.0000,0
2.446,1,25,-0.03190,0.00602,-0.0214,-0.0226,-0.01299,0.10562,0.02410,1,1,0.238,0.013,in_circle,-0.0085,-0.0117,0.0000,0.0000,0
2.490,1,26,-0.03195,0.00519,-0.0011,-0.0186,-0.00017,0.06010,0.02416,1,1,0.138,0.079,in_circle,-0.0075,-0.0117,0.0000,0.0000,0
2.535,1,27,-0.03201,0.00453,-0.0014,-0.0148,0.01195,0.01785,0.02426,1,1,0.058,0.065,in_circle,-0.0064,-0.0116,0.0000,0.0000,0
2.578,1,28,-0.03209,0.00341,-0.0019,-0.0258,0.00712,-0.00478,0.02443,1,1,0.061,0.051,in_circle,-0.0053,-0.0116,0.0000,0.0000,0
2.622,1,29,-0.03304,0.00119,-0.0216,-0.0508,-0.00031,-0.00954,0.02569,1,1,0.064,0.098,in_circle,-0.0043,-0.0115,0.0000,0.0000,0
2.667,1,30,-0.03443,-0.00187,-0.0310,-0.0681,-0.00392,-0.00262,0.02777,1,1,0.146,0.204,in_circle,-0.0032,-0.0112,0.0000,0.0000,0
2.710,1,31,-0.03543,-0.00431,-0.0234,-0.0569,-0.01596,0.00124,0.02949,1,1,0.189,0.281,in_circle,-0.0020,-0.0109,0.0000,0.0000,0
2.755,1,32,-0.03777,-0.00717,-0.0522,-0.0637,-0.03960,0.01318,0.03274,1,1,0.162,0.243,in_circle,-0.0008,-0.0104,0.0000,0.0000,0
2.797,1,33,-0.04079,-0.00962,-0.0705,-0.0575,-0.05854,0.03896,0.03650,1,1,0.284,0.278,in_circle,0.0005,-0.0099,0.0000,0.0000,0
2.841,1,34,-0.04323,-0.01230,-0.0554,-0.0608,-0.05980,0.06855,0.03988,1,1,0.367,0.260,in_circle,0.0019,-0.0092,0.0000,0.0000,0
2.886,1,35,-0.04529,-0.01479,-0.0463,-0.0559,-0.05789,0.08605,0.04286,1,1,0.314,0.281,in_circle,0.0035,-0.0084,0.0000,0.0000,0
2.930,1,36,-0.04659,-0.01609,-0.0296,-0.0296,-0.05959,0.09835,0.04464,1,1,0.284,0.265,in_circle,0.0052,-0.0075,0.0000,0.0000,0
2.974,1,37,-0.04762,-0.01690,-0.0233,-0.0185,-0.05779,0.10047,0.04593,0,1,0.226,0.167,running,0.0069,-0.0065,0.0000,0.0000,0
3.017,1,38,-0.04772,-0.01753,-0.0025,-0.0147,-0.05090,0.09802,0.04634,0,1,0.208,0.128,running,0.0086,-0.0055,0.0000,0.0000,0
3.061,1,39,-0.04695,-0.01736,0.0175,0.0038,-0.03708,0.09707,0.04559,0,1,0.132,0.117,running,0.0104,-0.0045,0.0000,0.0000,0
3.105,1,40,-0.04594,-0.01728,0.0229,0.0018,-0.02462,0.08817,0.04469,1,1,0.055,0.047,in_circle,0.0121,-0.0034,0.0000,0.0000,0
3.151,1,41,-0.04420,-0.01653,0.0383,0.0165,-0.01907,0.07462,0.04281,1,1,0.031,0.054,in_circle,0.0138,-0.0024,0.0000,0.0000,0
3.195,1,42,-0.04190,-0.01643,0.0519,0.0024,-0.01283,0.05692,0.04082,1,1,-0.037,-0.006,in_circle,0.0154,-0.0014,0.0000,0.0000,0
3.238,1,43,-0.03991,-0.01583,0.0463,0.0139,-0.00846,0.03248,0.03883,1,1,-0.102,0.047,in_circle,0.0169,-0.0004,0.0000,0.0000,0
3.283,1,44,-0.03830,-0.01574,0.0359,0.0020,-0.00669,0.01777,0.03745,1,1,-0.087,-0.001,in_circle,0.0183,0.0005,0.0000,0.0000,0
3.325,1,45,-0.03625,-0.01557,0.0486,0.0038,-0.00760,0.00675,0.03570,1,1,-0.048,0.048,in_circle,0.0197,0.0015,0.0000,0.0000,0
3.413,1,46,-0.03547,-0.01522,0.0088,0.0040,-0.01474,0.00848,0.03487,1,1,-0.101,0.042,in_circle,0.0223,0.0035,0.0000,0.0000,0
3.460,1,47,-0.03579,-0.01543,-0.0069,-0.0044,-0.01465,0.00838,0.03525,1,1,0.057,0.041,in_circle,0.0234,0.0043,0.0000,0.0000,0
3.501,1,48,-0.03630,-0.01489,-0.0123,0.0130,-0.01515,0.01078,0.03533,1,1,0.122,0.076,in_circle,0.0247,0.0053,0.0000,0.0000,0
3.547,1,49,-0.03714,-0.01539,-0.0184,-0.0110,-0.01835,0.02161,0.03631,1,1,0.146,0.006,in_circle,0.0258,0.0062,0.0000,0.0000,0
3.589,1,50,-0.03850,-0.01545,-0.0325,-0.0013,-0.01968,0.04307,0.03745,1,1,0.174,0.105,in_circle,0.0272,0.0072,0.0000,0.0000,0
3.634,1,51,-0.03958,-0.01579,-0.0239,-0.0074,-0.02251,0.06626,0.03853,1,1,0.235,0.067,in_circle,0.0285,0.0081,0.0000,0.0000,0
3.677,1,52,-0.04027,-0.01577,-0.0163,0.0004,-0.02628,0.07938,0.03909,1,1,0.205,0.093,in_circle,0.0299,0.0091,0.0000,0.0000,0
3.722,1,53,-0.04049,-0.01621,-0.0048,-0.0098,-0.02959,0.08489,0.03952,1,1,0.178,0.063,in_circle,0.0313,0.0100,0.0000,0.0000,0
3.766,1,54,-0.04027,-0.01624,0.0051,-0.0008,-0.03071,0.08366,0.03936,1,1,0.134,0.106,in_circle,0.0328,0.0110,0.0000,0.0000,0
3.810,1,55,-0.04024,-0.01585,0.0006,0.0089,-0.02830,0.08317,0.03911,1,1,0.095,0.071,in_circle,0.0342,0.0120,0.0000,0.0000,0
3.854,1,56,-0.03897,-0.01556,0.0291,0.0066,-0.03028,0.08092,0.03790,1,1,0.114,0.032,in_circle,0.0356,0.0129,0.0000,0.0000,0
3.900,1,57,-0.03776,-0.01552,0.0265,0.0009,-0.02640,0.07470,0.03689,1,1,-0.002,0.041,in_circle,0.0370,0.0139,0.0000,0.0000,0
3.942,1,58,-0.03613,-0.01490,0.0380,0.0146,-0.02771,0.06226,0.03521,1,1,0.007,0.065,in_circle,0.0384,0.0149,0.0000,0.0000,0
3.987,1,59,-0.03442,-0.01420,0.0387,0.0158,-0.02446,0.05291,0.03342,1,1,-0.042,0.010,in_circle,0.0396,0.0157,0.0000,0.0000,0
4.030,1,60,-0.03293,-0.01393,0.0344,0.0062,-0.02550,0.03730,0.03207,1,1,-0.047,0.004,in_circle,0.0408,0.0166,0.0000,0.0000,0
4.074,1,61,-0.03119,-0.01393,0.0396,-0.0001,-0.02213,0.02797,0.03073,1,1,-0.033,0.042,in_circle,0.0418,0.0175,0.0000,0.0000,0
4.118,1,62,-0.02990,-0.01366,0.0294,0.0062,-0.01946,0.01887,0.02958,1,1,-0.057,0.069,in_circle,0.0429,0.0184,0.0000,0.0000,0
4.161,1,63,-0.02901,-0.01346,0.0206,0.0048,-0.02122,0.01897,0.02878,1,1,-0.019,0.044,in_circle,0.0438,0.0192,0.0000,0.0000,0
4.206,1,64,-0.02837,-0.01301,0.0141,0.0098,-0.02024,0.01882,0.02801,1,1,0.015,0.049,in_circle,0.0448,0.0201,0.0000,0.0000,0
4.249,1,65,-0.02790,-0.01252,0.0109,0.0114,-0.02044,0.02199,0.02733,1,1,0.041,0.029,in_circle,0.0457,0.0209,0.0000,0.0000,0
4.294,1,66,-0.02775,-0.01221,0.0034,0.0068,-0.02141,0.02538,0.02702,1,1,0.053,0.022,in_circle,0.0466,0.0217,0.0000,0.0000,0
4.338,1,67,-0.02846,-0.01176,-0.0161,0.0105,-0.02080,0.03465,0.02724,1,1,0.084,0.041,in_circle,0.0474,0.0226,0.0000,0.0000,0
4.382,1,68,-0.02803,-0.01170,0.0096,0.0011,-0.01873,0.04317,0.02688,1,1,0.164,0.026,in_circle,0.0484,0.0233,0.0000,0.0000,0
4.427,1,69,-0.02805,-0.01193,-0.0003,-0.0049,-0.02064,0.05482,0.02704,1,1,0.061,0.064,in_circle,0.0493,0.0241,0.0000,0.0000,0
4.470,1,70,-0.02761,-0.01217,0.0102,-0.0057,-0.02397,0.06160,0.02688,1,1,0.102,0.089,in_circle,0.0502,0.0249,0.0000,0.0000,0
4.514,1,71,-0.02691,-0.01201,0.0158,0.0037,-0.02463,0.06732,0.02626,1,1,0.060,0.094,in_circle,0.0510,0.0257,0.0000,0.0000,0
4.558,1,72,-0.02653,-0.01188,0.0087,0.0029,-0.02765,0.06723,0.02590,1,1,0.036,0.057,in_circle,0.0519,0.0265,0.0000,0.0000,0
4.602,1,73,-0.02508,-0.01235,0.0334,-0.0107,-0.02772,0.06374,0.02520,1,1,0.065,0.060,in_circle,0.0527,0.0273,0.0000,0.0000,0
4.647,1,74,-0.02363,-0.01225,0.0322,0.0021,-0.02741,0.06304,0.02416,1,1,-0.037,0.117,in_circle,0.0534,0.0281,0.0000,0.0000,0
4.689,1,75,-0.02214,-0.01223,0.0350,0.0005,-0.02826,0.06127,0.02320,1,1,-0.035,0.066,in_circle,0.0541,0.0289,0.0000,0.0000,0
4.735,1,76,-0.02044,-0.01264,0.0370,-0.0089,-0.02872,0.05807,0.02253,1,1,-0.050,0.073,in_circle,0.0548,0.0297,0.0000,0.0000,0
4.778,1,77,-0.01907,-0.01259,0.0316,0.0012,-0.02595,0.04785,0.02174,1,1,-0.061,0.113,in_circle,0.0553,0.0305,0.0000,0.0000,0
4.822,1,78,-0.01712,-0.01254,0.0444,0.0011,-0.02671,0.03631,0.02075,1,1,-0.042,0.073,in_circle,0.0558,0.0313,0.0000,0.0000,0
4.866,1,79,-0.01534,-0.01182,0.0406,0.0165,-0.02772,0.03440,0.01934,1,1,-0.098,0.074,in_circle,0.0562,0.0322,0.0000,0.0000,0
4.911,1,80,-0.01465,-0.01122,0.0154,0.0135,-0.02783,0.03236,0.01853,1,1,-0.087,0.011,in_circle,0.0566,0.0329,0.0000,0.0000,0
4.953,1,81,-0.01294,-0.01088,0.0402,0.0079,-0.02697,0.03201,0.01765,1,1,0.012,0.023,in_circle,0.0569,0.0337,0.0000,0.0000,0
4.998,1,82,-0.01211,-0.01042,0.0186,0.0104,-0.02194,0.03151,0.01697,1,1,-0.091,0.045,in_circle,0.0571,0.0344,0.0000,0.0000,0
5.041,1,83,-0.01088,-0.00989,0.0283,0.0122,-0.01905,0.03287,0.01618,1,1,-0.006,0.035,in_circle,0.0573,0.0352,0.0000,0.0000,0
5.086,1,84,-0.01068,-0.01022,0.0044,-0.0075,-0.02248,0.03254,0.01648,1,1,-0.048,0.027,in_circle,0.0574,0.0359,0.0000,0.0000,0
5.130,1,85,-0.01001,-0.00981,0.0156,0.0096,-0.02106,0.03416,0.01596,1,1,0.047,0.107,in_circle,0.0575,0.0366,0.0000,0.0000,0
5.174,1,86,-0.01013,-0.00988,-0.0027,-0.0015,-0.02039,0.03390,0.01605,1,1,0.001,0.038,in_circle,0.0576,0.0373,0.0000,0.0000,0
5.218,1,87,-0.01003,-0.00974,0.0022,0.0032,-0.02296,0.03477,0.01590,1,1,0.075,0.084,in_circle,0.0577,0.0380,0.0000,0.0000,0
5.263,1,88,-0.01084,-0.00985,-0.0177,-0.0025,-0.02081,0.03799,0.01614,1,1,0.055,0.065,in_circle,0.0578,0.0387,0.0000,0.0000,0
5.306,1,89,-0.00976,-0.01012,0.0247,-0.0062,-0.02214,0.04367,0.01624,1,1,0.136,0.089,in_circle,0.0580,0.0394,0.0000,0.0000,0
5.350,1,90,-0.00996,-0.01084,-0.0047,-0.0164,-0.02220,0.04924,0.01698,1,1,-0.036,0.105,in_circle,0.0581,0.0401,0.0000,0.0000,0
5.439,1,91,-0.00992,-0.01092,0.0005,-0.0009,-0.02689,0.05439,0.01705,1,1,0.082,0.149,in_circle,0.0583,0.0416,0.0000,0.0000,0
5.482,1,92,-0.00968,-0.01040,0.0055,0.0120,-0.02549,0.05396,0.01650,1,1,0.062,0.088,in_circle,0.0583,0.0423,0.0000,0.0000,0
5.525,1,93,-0.00991,-0.01046,-0.0054,-0.0014,-0.02897,0.05530,0.01659,1,1,0.041,0.036,in_circle,0.0584,0.0430,0.0000,0.0000,0
5.570,1,94,-0.00982,-0.01075,0.0020,-0.0066,-0.02900,0.05529,0.01687,1,1,0.086,0.091,in_circle,0.0585,0.0437,0.0000,0.0000,0
5.614,1,95,-0.00985,-0.01121,-0.0006,-0.0103,-0.02800,0.05418,0.01733,1,1,0.056,0.113,in_circle,0.0586,0.0445,0.0000,0.0000,0
5.657,1,96,-0.00983,-0.01066,0.0003,0.0126,-0.02718,0.05344,0.01678,1,1,0.066,0.130,in_circle,0.0587,0.0452,0.0000,0.0000,0
5.702,1,97,-0.00978,-0.01096,0.0012,-0.0068,-0.02704,0.05401,0.01708,1,1,0.062,0.037,in_circle,0.0588,0.0460,0.0000,0.0000,0
5.746,1,98,-0.00949,-0.01139,0.0066,-0.0097,-0.02900,0.05426,0.01747,1,1,0.059,0.116,in_circle,0.0588,0.0460,0.0000,0.0000,1
5.791,1,99,-0.00870,-0.01146,0.0177,-0.0017,-0.02693,0.05388,0.01749,1,1,0.039,0.155,in_circle,0.0588,0.0460,0.0026,0.0263,1
5.834,1,100,-0.00840,-0.01072,0.0071,0.0173,-0.02897,0.05292,0.01673,1,1,-0.006,0.149,in_circle,0.0588,0.0460,0.0039,0.0529,1
5.878,1,101,-0.00811,-0.01063,0.0064,0.0021,-0.03110,0.05317,0.01663,1,1,0.037,0.097,in_circle,0.0588,0.0460,0.0049,0.0787,1
5.922,1,102,-0.00780,-0.01039,0.0071,0.0055,-0.03110,0.05092,0.01639,1,1,0.039,0.184,in_circle,0.0588,0.0460,0.0054,0.1055,1
5.967,1,103,-0.00858,-0.01010,-0.0175,0.0064,-0.03240,0.05126,0.01612,1,1,0.031,0.066,in_circle,0.0588,0.0467,0.0000,0.0000,0
6.010,1,104,-0.00853,-0.00969,0.0012,0.0096,-0.03433,0.05038,0.01570,1,1,0.131,0.062,in_circle,0.0588,0.0474,0.0000,0.0000,0
6.054,1,105,-0.00834,-0.00941,0.0044,0.0063,-0.02972,0.04951,0.01542,1,1,0.056,0.049,in_circle,0.0589,0.0481,0.0000,0.0000,0
6.098,1,106,-0.00829,-0.00896,0.0011,0.0103,-0.02859,0.05029,0.01497,1,1,0.043,0.062,in_circle,0.0589,0.0488,0.0000,0.0000,0
6.142,1,107,-0.00804,-0.00931,0.0056,-0.0078,-0.02654,0.04887,0.01531,1,1,0.056,0.046,in_circle,0.0589,0.0494,0.0000,0.0000,0
6.185,1,108,-0.00854,-0.00995,-0.0115,-0.0149,-0.02520,0.04775,0.01596,1,1,0.037,0.119,in_circle,0.0589,0.0501,0.0000,0.0000,0
6.231,1,109,-0.00782,-0.00997,0.0158,-0.0005,-0.02453,0.04709,0.01597,1,1,0.107,0.150,in_circle,0.0589,0.0508,0.0000,0.0000,0
6.273,1,110,-0.00855,-0.01014,-0.0174,-0.0041,-0.02698,0.04814,0.01616,1,1,-0.004,0.094,in_circle,0.0589,0.0515,0.0000,0.0000,0
6.319,1,111,-0.00848,-0.01006,0.0016,0.0019,-0.02753,0.04867,0.01607,1,1,0.131,0.109,in_circle,0.0590,0.0522,0.0000,0.0000,0
6.361,1,112,-0.00784,-0.00982,0.0151,0.0056,-0.02904,0.04624,0.01582,1,1,0.054,0.085,in_circle,0.0590,0.0529,0.0000,0.0000,0
6.407,1,113,-0.00831,-0.00980,-0.0105,0.0004,-0.02693,0.04753,0.01581,1,1,-0.001,0.071,in_circle,0.0590,0.0536,0.0000,0.0000,0
6.450,1,114,-0.00831,-0.00998,0.0001,-0.0041,-0.02753,0.04769,0.01598,1,1,0.102,0.092,in_circle,0.0590,0.0543,0.0000,0.0000,0
6.494,1,115,-0.00802,-0.00989,0.0066,0.0019,-0.02632,0.04622,0.01590,1,1,0.060,0.111,in_circle,0.0590,0.0550,0.0000,0.0000,0
6.538,1,116,-0.00808,-0.01001,-0.0014,-0.0027,-0.02696,0.04812,0.01601,1,1,0.033,0.088,in_circle,0.0591,0.0557,0.0000,0.0000,0
6.581,1,117,-0.00846,-0.00993,-0.0088,0.0019,-0.02753,0.04769,0.01595,1,1,0.065,0.107,in_circle,0.0591,0.0564,0.0000,0.0000,0
6.626,1,118,-0.00756,-0.00972,0.0202,0.0048,-0.02700,0.04718,0.01572,1,1,0.096,0.089,in_circle,0.0591,0.0564,0.0000,0.0000,0
6.671,1,119,-0.00788,-0.00992,-0.0071,-0.0044,-0.02736,0.04715,0.01592,1,1,-0.022,0.077,in_circle,0.0591,0.0564,0.0000,0.0000,0
6.714,1,120,-0.00832,-0.01002,-0.0104,-0.0025,-0.02723,0.04764,0.01603,1,1,0.088,0.114,in_circle,0.0591,0.0564,0.0000,0.0000,0
6.758,1,121,-0.00796,-0.01017,0.0082,-0.0033,-0.02694,0.04746,0.01617,1,1,0.102,0.106,in_circle,0.0591,0.0564,0.0000,0.0000,0
6.802,1,122,-0.00792,-0.01056,0.0009,-0.0091,-0.02755,0.04708,0.01656,1,1,0.027,0.110,in_circle,0.0591,0.0564,0.0000,0.0000,0
6.849,1,123,-0.00839,-0.01016,-0.0100,0.0085,-0.02710,0.04920,0.01617,1,1,0.056,0.134,in_circle,0.0591,0.0564,0.0000,0.0000,0
6.899,1,124,-0.00796,-0.01021,0.0085,-0.0010,-0.02709,0.04878,0.01621,1,1,0.100,0.063,in_circle,0.0591,0.0564,0.0000,0.0000,0
6.943,1,125,-0.00809,-0.00973,-0.0029,0.0108,-0.02733,0.04997,0.01574,1,1,0.025,0.101,in_circle,0.0591,0.0564,0.0000,0.0000,0
6.987,1,126,-0.00847,-0.00990,-0.0087,-0.0038,-0.02527,0.05025,0.01591,1,1,0.073,0.116,in_circle,0.0591,0.0564,0.0012,0.0633,1
7.030,1,127,-0.00801,-0.00997,0.0105,-0.0017,-0.02737,0.04929,0.01598,1,1,0.098,0.201,in_circle,0.0591,0.0564,0.0023,0.0895,1
7.069,1,128,-0.00802,-0.01020,-0.0002,-0.0059,-0.02701,0.04954,0.01620,1,1,0.020,0.219,in_circle,0.0591,0.0564,0.0026,0.1156,1
7.112,1,129,-0.00897,-0.00980,-0.0220,0.0092,-0.03378,0.04910,0.01585,1,1,0.063,0.259,in_circle,0.0591,0.0564,0.0029,0.1388,1
7.155,1,130,-0.00890,-0.00982,0.0017,-0.0003,-0.04399,0.04802,0.01585,1,1,0.155,0.224,in_circle,0.0591,0.0564,0.0049,0.1648,1
7.198,1,131,-0.00854,-0.00931,0.0083,0.0116,-0.04758,0.04727,0.01533,1,1,0.062,0.287,in_circle,0.0591,0.0564,0.0066,0.1901,1
7.243,1,132,-0.00801,-0.00927,0.0120,0.0009,-0.04739,0.04774,0.01527,1,1,0.036,0.265,in_circle,0.0591,0.0564,0.0079,0.2163,1
7.286,1,133,-0.00832,-0.00874,-0.0073,0.0125,-0.04979,0.04926,0.01475,1,1,0.020,0.334,in_circle,0.0591,0.0564,0.0082,0.2431,1
7.330,1,134,-0.00828,-0.00882,0.0009,-0.0019,-0.04974,0.05005,0.01483,1,1,0.099,0.312,in_circle,0.0591,0.0564,0.0091,0.2688,1
7.374,1,135,-0.00827,-0.00834,0.0003,0.0107,-0.05306,0.04890,0.01435,1,1,0.067,0.396,in_circle,0.0591,0.0564,0.0100,0.2950,1
7.462,1,136,-0.00832,-0.00779,-0.0006,0.0063,-0.06102,0.04906,0.01380,1,1,0.071,0.400,in_circle,0.0591,0.0564,0.0118,0.3508,1
7.506,1,137,-0.00840,-0.00691,-0.0017,0.0200,-0.06465,0.05037,0.01292,1,1,0.063,0.066,in_circle,0.0591,0.0570,0.0000,0.0000,0
7.551,1,138,-0.00842,-0.00659,-0.0005,0.0072,-0.06254,0.05167,0.01260,1,1,0.068,0.010,in_circle,0.0591,0.0575,0.0000,0.0000,0
7.595,1,139,-0.00785,-0.00673,0.0128,-0.0033,-0.04233,0.05143,0.01273,1,1,0.063,0.061,in_circle,0.0591,0.0581,0.0000,0.0000,0
7.638,1,140,-0.00707,-0.00641,0.0180,0.0074,-0.01449,0.05213,0.01243,1,1,0.008,0.104,in_circle,0.0591,0.0586,0.0000,0.0000,0
7.682,1,141,-0.00601,-0.00615,0.0240,0.0060,-0.01453,0.05157,0.01228,1,1,-0.015,0.061,in_circle,0.0591,0.0592,0.0000,0.0000,0
7.726,1,142,-0.00514,-0.00647,0.0202,-0.0074,-0.01655,0.05020,0.01275,1,1,-0.041,0.066,in_circle,0.0590,0.0597,0.0000,0.0000,0
7.770,1,143,-0.00404,-0.00683,0.0247,-0.0082,-0.01540,0.05032,0.01337,1,1,-0.029,0.121,in_circle,0.0589,0.0603,0.0000,0.0000,0
7.816,1,144,-0.00373,-0.00716,0.0067,-0.0071,-0.01649,0.04797,0.01377,1,1,-0.049,0.126,in_circle,0.0588,0.0608,0.0000,0.0000,0
7.858,1,145,-0.00277,-0.00807,0.0228,-0.0216,-0.01893,0.04447,0.01494,1,1,0.022,0.123,in_circle,0.0586,0.0614,0.0000,0.0000,0
7.902,1,146,-0.00198,-0.00902,0.0179,-0.0215,-0.02368,0.04153,0.01611,1,1,-0.045,0.183,in_circle,0.0584,0.0620,0.0000,0.0000,0
7.946,1,147,-0.00155,-0.01008,0.0098,-0.0241,-0.02703,0.04333,0.01725,1,1,-0.028,0.186,in_circle,0.0581,0.0627,0.0000,0.0000,0
7.991,1,148,-0.00176,-0.01082,-0.0047,-0.0163,-0.03489,0.04204,0.01787,1,1,0.003,0.200,in_circle,0.0578,0.0634,0.0000,0.0000,0
8.033,1,149,-0.00141,-0.01178,0.0082,-0.0229,-0.03961,0.04242,0.01890,1,1,0.061,0.171,in_circle,0.0576,0.0641,0.0000,0.0000,0
8.079,1,150,-0.00095,-0.01197,0.0103,-0.0043,-0.04015,0.04222,0.01924,1,1,0.008,0.201,in_circle,0.0573,0.0649,0.0000,0.0000,0
8.121,1,151,-0.00050,-0.01243,0.0103,-0.0106,-0.03992,0.04283,0.01982,1,1,-0.001,0.128,in_circle,0.0570,0.0657,0.0000,0.0000,0
8.167,1,152,-0.00047,-0.01217,0.0008,0.0058,-0.03990,0.04240,0.01959,1,1,-0.003,0.155,in_circle,0.0567,0.0665,0.0000,0.0000,0
8.210,1,153,-0.00069,-0.01226,-0.0050,-0.0020,-0.03684,0.04261,0.01959,1,1,0.035,0.090,in_circle,0.0563,0.0673,0.0000,0.0000,0
8.254,1,154,-0.00105,-0.01218,-0.0084,0.0018,-0.03649,0.04213,0.01939,1,1,0.058,0.122,in_circle,0.0560,0.0681,0.0000,0.0000,0
8.298,1,155,-0.00095,-0.01263,0.0024,-0.0103,-0.03326,0.04261,0.01985,1,1,0.072,0.107,in_circle,0.0557,0.0689,0.0000,0.0000,0
8.342,1,156,-0.00065,-0.01269,0.0068,-0.0012,-0.03199,0.04405,0.02001,1,1,0.029,0.158,in_circle,0.0554,0.0697,0.0000,0.0000,0
8.387,1,157,-0.00062,-0.01230,0.0006,0.0088,-0.03056,0.04608,0.01965,1,1,0.010,0.122,in_circle,0.0551,0.0706,0.0000,0.0000,0
8.431,1,158,-0.00092,-0.01242,-0.0067,-0.0028,-0.02954,0.04619,0.01966,1,1,0.035,0.082,in_circle,0.0548,0.0714,0.0000,0.0000,0
8.474,1,159,-0.00062,-0.01218,0.0068,0.0054,-0.02961,0.04605,0.01955,1,1,0.064,0.129,in_circle,0.0545,0.0722,0.0000,0.0000,0
8.517,1,160,-0.00086,-0.01215,-0.0055,0.0009,-0.02486,0.04631,0.01943,1,1,0.009,0.097,in_circle,0.0542,0.0730,0.0000,0.0000,0
8.562,1,161,-0.00066,-0.01272,0.0045,-0.0128,-0.02597,0.04566,0.02003,1,1,0.058,0.116,in_circle,0.0539,0.0738,0.0000,0.0000,0
8.605,1,162,-0.00104,-0.01247,-0.0089,0.0059,-0.02477,0.04766,0.01966,1,1,0.018,0.172,in_circle,0.0536,0.0746,0.0000,0.0000,0
8.651,1,163,-0.00047,-0.01253,0.0126,-0.0015,-0.02605,0.04893,0.01993,1,1,0.072,0.098,in_circle,0.0533,0.0754,0.0000,0.0000,0
8.693,1,164,-0.00082,-0.01219,-0.0081,0.0079,-0.02700,0.04718,0.01949,1,1,-0.093,0.323,in_circle,0.0533,0.0754,-0.0774,0.1958,1
8.738,1,165,-0.00064,-0.01258,0.0039,-0.0086,-0.02721,0.04690,0.01992,1,1,-0.018,0.309,in_circle,0.0533,0.0754,-0.0866,0.2196,1
8.782,1,166,-0.00051,-0.01235,0.0031,0.0055,-0.04631,0.04514,0.01974,1,1,-0.076,0.401,in_circle,0.0533,0.0754,-0.0963,0.2449,1
8.826,1,167,-0.00106,-0.01189,-0.0124,0.0102,-0.05909,0.04752,0.01912,1,1,-0.083,0.368,in_circle,0.0533,0.0754,-0.1059,0.2691,1
8.869,1,168,-0.00069,-0.01153,0.0088,0.0083,-0.06196,0.04444,0.01892,1,1,-0.029,0.373,in_circle,0.0533,0.0754,-0.1154,0.2942,1
8.915,1,169,-0.00019,-0.01144,0.0109,0.0022,-0.06461,0.04138,0.01902,1,1,-0.125,0.404,in_circle,0.0533,0.0754,-0.1250,0.3180,1
8.958,1,170,-0.00000,-0.00987,0.0043,0.0362,-0.06298,0.04095,0.01768,1,1,-0.145,0.453,in_circle,0.0533,0.0754,-0.1359,0.3430,1
9.003,1,171,0.00006,-0.00866,0.0014,0.0269,-0.06533,0.03849,0.01664,1,1,0.016,-0.029,in_circle,0.0529,0.0761,0.0000,0.0000,0
9.045,1,172,-0.00003,-0.00691,-0.0020,0.0412,-0.06116,0.03303,0.01507,1,1,0.027,0.006,in_circle,0.0526,0.0767,0.0000,0.0000,0
9.091,1,173,-0.00006,-0.00534,-0.0007,0.0345,-0.04529,0.03516,0.01373,1,1,0.041,-0.055,in_circle,0.0522,0.0773,0.0000,0.0000,0
9.133,1,174,-0.00060,-0.00347,-0.0126,0.0440,-0.02434,0.03714,0.01190,1,1,0.035,-0.032,in_circle,0.0519,0.0778,0.0000,0.0000,0
9.179,1,175,-0.00105,-0.00159,-0.0101,0.0414,-0.01272,0.04034,0.01016,1,1,0.084,-0.074,in_circle,0.0516,0.0782,0.0000,0.0000,0
9.222,1,176,-0.00138,-0.00023,-0.0075,0.0315,-0.00793,0.04387,0.00895,1,1,0.075,-0.068,in_circle,0.0513,0.0785,0.0000,0.0000,0
9.266,1,177,-0.00114,0.00017,0.0054,0.0091,-0.00558,0.04705,0.00885,1,1,0.065,-0.032,in_circle,0.0510,0.0788,0.0000,0.0000,0
9.310,1,178,-0.00136,0.00028,-0.0050,0.0024,-0.00251,0.04810,0.00862,1,1,0.012,0.057,in_circle,0.0507,0.0791,0.0000,0.0000,0
9.354,1,179,-0.00109,0.00027,0.0061,-0.0001,-0.00613,0.05086,0.00882,1,1,0.054,0.084,in_circle,0.0504,0.0793,0.0000,0.0000,0
9.397,1,180,0.00012,-0.00073,0.0281,-0.0233,-0.01575,0.04953,0.01040,1,1,0.009,0.094,in_circle,0.0501,0.0796,0.0000,0.0000,0
9.486,1,181,0.00054,-0.00307,0.0047,-0.0265,-0.02457,0.05011,0.01232,1,1,-0.083,0.190,in_circle,0.0494,0.0802,0.0000,0.0000,0
9.531,1,182,0.00070,-0.00433,0.0036,-0.0280,-0.02585,0.04972,0.01337,1,1,0.010,0.209,in_circle,0.0491,0.0806,0.0000,0.0000,0
9.573,1,183,0.00091,-0.00529,0.0051,-0.0226,-0.03898,0.04664,0.01426,1,1,0.013,0.219,in_circle,0.0487,0.0810,0.0000,0.0000,0
9.618,1,184,0.00169,-0.00586,0.0172,-0.0128,-0.05347,0.04656,0.01519,1,1,0.006,0.200,in_circle,0.0483,0.0815,0.0000,0.0000,0
9.661,1,185,0.00190,-0.00680,0.0048,-0.0218,-0.05156,0.04570,0.01606,1,1,-0.045,0.163,in_circle,0.0479,0.0820,0.0000,0.0000,0
9.706,1,186,0.00209,-0.00709,0.0042,-0.0063,-0.05025,0.04604,0.01640,1,1,0.004,0.202,in_circle,0.0475,0.0826,0.0000,0.0000,0
9.749,1,187,0.00242,-0.00691,0.0079,0.0042,-0.04707,0.04466,0.01647,1,1,0.005,0.141,in_circle,0.0470,0.0832,0.0000,0.0000,0
9.794,1,188,0.00272,-0.00678,0.0065,0.0028,-0.04561,0.04504,0.01655,1,1,-0.011,0.099,in_circle,0.0466,0.0837,0.0000,0.0000,0
9.838,1,189,0.00244,-0.00687,-0.0063,-0.0020,-0.03841,0.04610,0.01645,1,1,-0.006,0.105,in_circle,0.0461,0.0843,0.0000,0.0000,0
9.882,1,190,0.00279,-0.00707,0.0078,-0.0045,-0.02760,0.04435,0.01682,1,1,0.045,0.125,in_circle,0.0457,0.0849,0.0000,0.0000,0
9.925,1,191,0.00291,-0.00763,0.0028,-0.0129,-0.02330,0.04392,0.01733,1,1,-0.012,0.136,in_circle,0.0452,0.0854,0.0000,0.0000,0
9.970,1,192,0.00302,-0.00807,0.0024,-0.0099,-0.02465,0.04534,0.01775,1,1,0.007,0.172,in_circle,0.0447,0.0860,0.0000,0.0000,0
10.014,1,193,0.00231,-0.00867,-0.0160,-0.0136,-0.02448,0.04306,0.01782,1,1,0.008,0.161,in_circle,0.0442,0.0867,0.0000,0.0000,0
10.059,1,194,0.00238,-0.00909,0.0014,-0.0095,-0.02839,0.04480,0.01820,1,1,0.082,0.178,in_circle,0.0438,0.0873,0.0000,0.0000,0
10.101,1,195,0.00270,-0.00870,0.0078,0.0094,-0.02818,0.04538,0.01806,1,1,0.012,0.164,in_circle,0.0433,0.0880,0.0000,0.0000,0
10.147,1,196,0.00163,-0.00896,-0.0233,-0.0056,-0.03009,0.04585,0.01768,1,1,-0.014,0.088,in_circle,0.0429,0.0886,0.0000,0.0000,0
10.190,1,197,0.00185,-0.00918,0.0052,-0.0052,-0.03070,0.04540,0.01799,1,1,0.112,0.149,in_circle,0.0425,0.0893,0.0000,0.0000,0
10.235,1,198,0.00120,-0.00900,-0.0144,0.0040,-0.03100,0.04490,0.01749,1,1,-0.003,0.149,in_circle,0.0421,0.0899,0.0000,0.0000,0
10.278,1,199,0.00168,-0.00882,0.0112,0.0041,-0.02970,0.04624,0.01760,1,1,0.077,0.112,in_circle,0.0417,0.0906,0.0000,0.0000,0
10.323,1,200,0.00175,-0.00875,0.0015,0.0016,-0.02957,0.04817,0.01757,1,1,-0.027,0.112,in_circle,0.0412,0.0913,0.0000,0.0000,0
10.367,1,201,0.00189,-0.00915,0.0033,-0.0091,-0.03045,0.04732,0.01799,1,1,0.011,0.122,in_circle,0.0408,0.0919,0.0000,0.0000,0
10.411,1,202,0.00197,-0.00938,0.0017,-0.0052,-0.02976,0.04624,0.01822,1,1,0.003,0.167,in_circle,0.0404,0.0926,0.0000,0.0000,0
10.454,1,203,0.00120,-0.00879,-0.0179,0.0137,-0.03139,0.04615,0.01731,1,1,0.009,0.153,in_circle,0.0400,0.0933,0.0000,0.0000,0
10.498,1,204,0.00163,-0.00906,0.0096,-0.0061,-0.03132,0.04729,0.01777,1,1,0.089,0.076,in_circle,0.0396,0.0939,0.0000,0.0000,0
10.542,1,205,0.00127,-0.00901,-0.0080,0.0012,-0.03172,0.04666,0.01754,1,1,-0.023,0.157,in_circle,0.0392,0.0946,0.0000,0.0000,0
10.587,1,206,0.00130,-0.00898,0.0005,0.0006,-0.02996,0.04757,0.01753,1,1,0.048,0.128,in_circle,0.0388,0.0952,0.0000,0.0000,0
10.630,1,207,0.00176,-0.00883,0.0107,0.0035,-0.03173,0.04403,0.01764,1,1,0.013,0.131,in_circle,0.0383,0.0959,0.0000,0.0000,0
10.674,1,208,0.00160,-0.00896,-0.0036,-0.0030,-0.03042,0.04598,0.01767,1,1,-0.029,0.119,in_circle,0.0379,0.0965,0.0000,0.0000,0
10.718,1,209,0.00144,-0.00872,-0.0036,0.0053,-0.03114,0.04575,0.01738,1,1,0.029,0.147,in_circle,0.0375,0.0972,0.0000,0.0000,0
10.762,1,210,0.00170,-0.00883,0.0059,-0.0027,-0.03140,0.04561,0.01761,1,1,0.028,0.113,in_circle,0.0371,0.0978,0.0000,0.0000,0
10.808,1,211,0.00191,-0.00874,0.0047,0.0021,-0.03156,0.04482,0.01765,1,1,-0.130,0.332,in_circle,0.0371,0.0978,-0.1194,0.1864,1
10.850,1,212,0.00141,-0.00906,-0.0120,-0.0076,-0.03271,0.04416,0.01765,1,1,-0.140,0.336,in_circle,0.0371,0.0978,-0.1344,0.2093,1
10.895,1,213,0.00148,-0.00889,0.0017,0.0039,-0.04771,0.04430,0.01754,1,1,-0.086,0.397,in_circle,0.0371,0.0978,-0.1476,0.2309,1
10.939,1,214,0.00117,-0.00808,-0.0071,0.0183,-0.05646,0.03446,0.01669,1,1,-0.155,0.373,in_circle,0.0371,0.0978,-0.1619,0.2538,1
10.983,1,215,0.00081,-0.00885,-0.0081,-0.0172,-0.05980,0.03298,0.01716,1,1,-0.133,0.336,in_circle,0.0371,0.0978,-0.1760,0.2760,1
11.025,1,216,0.00128,-0.00697,0.0113,0.0443,-0.06357,0.02823,0.01584,1,1,-0.141,0.503,in_circle,0.0371,0.0978,-0.1894,0.2991,1
11.070,1,217,0.00107,-0.00610,-0.0047,0.0195,-0.06205,0.02868,0.01501,1,1,-0.031,-0.046,in_circle,0.0367,0.0984,0.0000,0.0000,0
11.114,1,218,0.00059,-0.00523,-0.0111,0.0200,-0.06897,0.02890,0.01402,1,1,0.033,0.051,in_circle,0.0363,0.0989,0.0000,0.0000,0
11.159,1,219,0.00042,-0.00347,-0.0038,0.0391,-0.05172,0.02624,0.01254,1,1,0.060,0.047,in_circle,0.0360,0.0994,0.0000,0.0000,0
11.204,1,220,-0.00039,-0.00140,-0.0178,0.0457,-0.03096,0.03268,0.01047,1,1,0.030,-0.033,in_circle,0.0356,0.0998,0.0000,0.0000,0
11.248,1,221,-0.00098,0.00047,-0.0134,0.0419,-0.03090,0.03646,0.00878,1,1,0.088,-0.064,in_circle,0.0353,0.1002,0.0000,0.0000,0
11.291,1,222,-0.00117,0.00128,-0.0045,0.0191,-0.01542,0.04689,0.00813,1,1,0.071,-0.053,in_circle,0.0350,0.1004,0.0000,0.0000,0
11.334,1,223,-0.00142,0.00238,-0.0058,0.0257,0.00095,0.05015,0.00734,1,1,0.036,0.036,in_circle,0.0347,0.1006,0.0000,0.0000,0
11.379,1,224,-0.00210,0.00296,-0.0151,0.0130,-0.00385,0.05597,0.00646,1,1,0.041,0.007,in_circle,0.0344,0.1008,0.0000,0.0000,0
11.422,1,225,-0.00187,0.00269,0.0052,-0.0062,-0.00644,0.05455,0.00679,1,1,0.080,0.056,in_circle,0.0341,0.1009,0.0000,0.0000,0
11.509,1,226,-0.00126,0.00256,0.0071,-0.0016,-0.01685,0.05557,0.00740,1,1,-0.002,0.134,in_circle,0.0336,0.1012,0.0000,0.0000,0
11.555,1,227,-0.00221,0.00214,-0.0209,-0.0092,-0.01688,0.05747,0.00680,1,1,-0.011,0.116,in_circle,0.0333,0.1014,0.0000,0.0000,0
11.599,1,228,-0.00177,0.00219,0.0101,0.0012,-0.02458,0.05562,0.00714,1,1,0.103,0.148,in_circle,0.0331,0.1015,0.0000,0.0000,0
11.644,1,229,-0.00082,0.00132,0.0211,-0.0194,-0.03465,0.05231,0.00840,1,1,-0.023,0.106,in_circle,0.0328,0.1017,0.0000,0.0000,0
11.686,1,230,-0.00098,0.00134,-0.0036,0.0005,-0.03955,0.05273,0.00826,1,1,-0.069,0.191,in_circle,0.0325,0.1019,0.0000,0.0000,0
11.730,1,231,0.00011,0.00076,0.0248,-0.0133,-0.03770,0.05026,0.00949,1,1,0.030,0.112,in_circle,0.0322,0.1021,0.0000,0.0000,0
11.775,1,232,0.00095,0.00068,0.0187,-0.0017,-0.03987,0.04642,0.01024,1,1,-0.087,0.169,in_circle,0.0319,0.1023,0.0000,0.0000,0
11.818,1,233,0.00174,0.00030,0.0185,-0.0090,-0.03783,0.04406,0.01111,1,1,-0.065,0.123,in_circle,0.0315,0.1026,0.0000,0.0000,0
11.862,1,234,0.00282,-0.00009,0.0241,-0.0088,-0.03810,0.04100,0.01224,1,1,-0.067,0.153,in_circle,0.0311,0.1028,0.0000,0.0000,0
11.906,1,235,0.00356,-0.00006,0.0172,0.0008,-0.03578,0.03961,0.01288,1,1,-0.093,0.153,in_circle,0.0306,0.1031,0.0000,0.0000,0
11.950,1,236,0.00521,-0.00074,0.0368,-0.0151,-0.03691,0.03850,0.01465,1,1,-0.067,0.115,in_circle,0.0301,0.1034,0.0000,0.0000,0
11.994,1,237,0.00508,0.00023,-0.0029,0.0220,-0.03726,0.03427,0.01412,1,1,-0.150,0.181,in_circle,0.0295,0.1037,0.0000,0.0000,0
12.039,1,238,0.00499,0.00125,-0.0020,0.0232,-0.03260,0.03366,0.01364,1,1,0.009,0.030,in_circle,0.0290,0.1039,0.0000,0.0000,0
12.083,1,239,0.00459,0.00226,-0.0091,0.0228,-0.03072,0.03112,0.01295,1,1,0.005,0.023,in_circle,0.0284,0.1041,0.0000,0.0000,0
12.126,1,240,0.00451,0.00326,-0.0018,0.0230,-0.02255,0.03306,0.01261,1,1,0.033,0.022,in_circle,0.0279,0.1043,0.0000,0.0000,0
12.170,1,241,0.00479,0.00383,0.0064,0.0131,-0.01381,0.03249,0.01278,1,1,0.004,0.019,in_circle,0.0273,0.1044,0.0000,0.0000,0
12.214,1,242,0.00399,0.00391,-0.0181,0.0016,-0.01498,0.03716,0.01198,1,1,-0.030,0.058,in_circle,0.0268,0.1045,0.0000,0.0000,0
12.258,1,243,0.00302,0.00318,-0.0224,-0.0168,-0.01162,0.04000,0.01118,1,1,0.069,0.103,in_circle,0.0262,0.1046,0.0000,0.0000,0
12.303,1,244,0.00341,0.00193,0.0086,-0.0276,-0.01517,0.03749,0.01193,1,1,0.088,0.179,in_circle,0.0258,0.1047,0.0000,0.0000,0
12.347,1,245,0.00402,0.00127,0.0140,-0.0151,-0.02096,0.03861,0.01274,1,1,-0.037,0.225,in_circle,0.0253,0.1049,0.0000,0.0000,0
12.391,1,246,0.00375,0.00077,-0.0063,-0.0113,-0.03530,0.04677,0.01268,1,1,-0.061,0.177,in_circle,0.0247,0.1051,0.0000,0.0000,0
12.439,1,247,0.00424,-0.00004,0.0102,-0.0167,-0.04481,0.04628,0.01347,1,1,0.021,0.164,in_circle,0.0242,0.1053,0.0000,0.0000,0
12.479,1,248,0.00497,-0.00080,0.0184,-0.0192,-0.04396,0.04665,0.01447,1,1,-0.047,0.187,in_circle,0.0237,0.1056,0.0000,0.0000,0
12.522,1,249,0.00495,-0.00073,-0.0006,0.0016,-0.04328,0.04732,0.01441,1,1,-0.082,0.200,in_circle,0.0231,0.1059,0.0000,0.0000,0
12.567,1,250,0.00479,0.00071,-0.0035,0.0320,-0.04366,0.04647,0.01365,1,1,-0.007,0.116,in_circle,0.0226,0.1062,0.0000,0.0000,0
12.610,1,251,0.00396,0.00095,-0.0190,0.0054,-0.04085,0.04567,0.01280,1,1,0.005,-0.008,in_circle,0.0220,0.1064,0.0000,0.0000,0
12.654,1,252,0.00398,0.00181,0.0005,0.0194,-0.03324,0.04647,0.01250,1,1,0.068,0.098,in_circle,0.0215,0.1066,0.0000,0.0000,0
12.699,1,253,0.00460,0.00264,0.0138,0.0188,-0.01834,0.04532,0.01284,1,1,-0.011,0.040,in_circle,0.0210,0.1068,0.0000,0.0000,0
12.743,1,254,0.00527,0.00300,0.0153,0.0080,-0.01982,0.04601,0.01341,1,1,-0.066,0.040,in_circle,0.0204,0.1070,0.0000,0.0000,0
12.795,1,255,0.00527,0.00300,0.0000,0.0000,-0.01926,0.04631,0.01341,0,0,-0.074,0.083,in_circle,0.0199,0.1071,0.0000,0.0000,0
12.840,1,256,0.00527,0.00300,0.0000,0.0000,-0.01703,0.04589,0.01341,0,0,-0.013,0.115,in_circle,0.0192,0.1073,0.0000,0.0000,0
12.953,1,257,0.00527,0.00300,0.0000,0.0000,-0.01960,0.04234,0.01341,0,0,-0.014,0.115,ball_lost,0.0186,0.1074,0.0000,0.0000,0
13.754,2,0,0.00643,0.00097,-0.0114,0.0041,-0.01783,0.04380,0.01509,1,1,-0.021,0.121,in_circle,0.0157,0.1084,0.0000,0.0000,0
13.842,2,1,0.00698,0.00054,0.0062,-0.0049,-0.02556,0.04195,0.01575,1,1,0.024,0.105,in_circle,0.0143,0.1089,0.0000,0.0000,0
13.885,2,2,0.00626,0.00071,-0.0167,0.0040,-0.02845,0.04404,0.01502,1,1,-0.048,0.142,in_circle,0.0138,0.1091,0.0000,0.0000,0
13.930,2,3,0.00660,0.00083,0.0075,0.0026,-0.02752,0.04282,0.01530,1,1,0.045,0.107,in_circle,0.0132,0.1094,0.0000,0.0000,0
13.973,2,4,0.00650,0.00084,-0.0023,0.0003,-0.03201,0.04159,0.01520,1,1,-0.053,0.112,in_circle,0.0125,0.1096,0.0000,0.0000,0
14.019,2,5,0.00642,0.00165,-0.0018,0.0179,-0.02974,0.04571,0.01487,1,1,-0.015,0.122,in_circle,0.0119,0.1098,0.0000,0.0000,0
14.061,2,6,0.00737,0.00097,0.0224,-0.0159,-0.03015,0.04316,0.01598,1,1,-0.017,0.049,in_circle,0.0112,0.1100,0.0000,0.0000,0
14.107,2,7,0.00723,0.00095,-0.0031,-0.0005,-0.03057,0.04403,0.01586,1,1,-0.117,0.186,in_circle,0.0106,0.1102,0.0000,0.0000,0
14.151,2,8,0.00715,0.00111,-0.0017,0.0038,-0.02984,0.04464,0.01573,1,1,-0.015,0.125,in_circle,0.0099,0.1105,0.0000,0.0000,0
14.201,2,9,0.00715,0.00111,0.0000,0.0000,-0.03467,0.04154,0.01573,0,0,-0.021,0.108,in_circle,0.0093,0.1107,0.0000,0.0000,0
14.240,2,10,0.00708,0.00123,-0.0019,0.0030,-0.03356,0.04082,0.01563,1,1,-0.029,0.123,in_circle,0.0085,0.1109,0.0000,0.0000,0
14.283,2,11,0.00645,0.00124,-0.0148,0.0002,-0.03388,0.04113,0.01502,1,1,-0.022,0.111,in_circle,0.0079,0.1111,0.0000,0.0000,0
14.334,2,12,0.00645,0.00124,0.0000,0.0000,-0.03257,0.04096,0.01502,0,0,0.031,0.122,in_circle,0.0073,0.1113,0.0000,0.0000,0
14.380,2,13,0.00645,0.00124,0.0000,0.0000,-0.03423,0.04145,0.01502,0,0,-0.029,0.123,in_circle,0.0066,0.1115,0.0000,0.0000,0
14.460,2,14,0.00718,0.00120,0.0091,-0.0005,-0.03285,0.04057,0.01573,1,1,-0.030,0.124,in_circle,0.0059,0.1118,0.0000,0.0000,0
14.502,2,15,0.00675,0.00073,-0.0103,-0.0112,-0.03069,0.03920,0.01548,1,1,-0.069,0.126,in_circle,0.0047,0.1122,0.0000,0.0000,0
14.547,2,16,0.00630,0.00078,-0.0099,0.0011,-0.03039,0.03999,0.01504,1,1,0.009,0.170,in_circle,0.0041,0.1124,0.0000,0.0000,0
14.590,2,17,0.00682,0.00077,0.0122,-0.0002,-0.02905,0.04046,0.01553,1,1,-0.191,0.195,in_circle,0.0041,0.1124,-0.1992,0.0737,1
14.635,2,18,0.00674,0.00087,-0.0019,0.0023,-0.03028,0.04042,0.01541,1,1,-0.305,0.209,in_circle,0.0041,0.1124,-0.2234,0.0824,1
14.679,2,19,0.00691,0.00086,0.0039,-0.0003,-0.03035,0.03634,0.01558,1,1,-0.273,0.207,in_circle,0.0041,0.1124,-0.2488,0.0913,1
14.723,2,20,0.00657,0.00143,-0.0076,0.0130,-0.03193,0.02751,0.01508,1,1,-0.322,0.226,in_circle,0.0041,0.1124,-0.2737,0.1000,1
14.767,2,21,0.00642,0.00129,-0.0036,-0.0032,-0.03594,0.01360,0.01498,1,1,-0.300,0.180,in_circle,0.0041,0.1124,-0.2990,0.1081,1
14.811,2,22,0.00607,0.00091,-0.0080,-0.0087,-0.03559,0.00249,0.01477,1,1,-0.341,0.253,in_circle,0.0041,0.1124,-0.3240,0.1163,1
14.854,2,23,0.00450,0.00167,-0.0363,0.0174,-0.03435,0.00058,0.01304,1,1,-0.347,0.285,in_circle,0.0041,0.1124,-0.3485,0.1253,1
14.899,2,24,0.00338,0.00197,-0.0248,0.0068,-0.03890,-0.00266,0.01188,1,1,0.118,0.054,in_circle,0.0036,0.1126,0.0000,0.0000,0
14.942,2,25,0.00171,0.00252,-0.0386,0.0127,-0.04791,-0.00052,0.01013,1,1,0.075,0.095,in_circle,0.0031,0.1127,0.0000,0.0000,0
14.986,2,26,-0.00010,0.00352,-0.0413,0.0227,-0.03448,0.01205,0.00809,1,1,0.133,0.071,in_circle,0.0027,0.1129,0.0000,0.0000,0
15.031,2,27,-0.00123,0.00459,-0.0255,0.0240,-0.03130,0.03744,0.00672,1,1,0.148,0.028,in_circle,0.0023,0.1130,0.0000,0.0000,0
15.074,2,28,-0.00265,0.00515,-0.0324,0.0130,-0.02995,0.06133,0.00522,1,1,0.088,0.021,in_circle,0.0020,0.1131,0.0000,0.0000,0
15.118,2,29,-0.00500,0.00610,-0.0542,0.0219,-0.02010,0.07696,0.00281,1,1,0.118,0.063,in_circle,0.0018,0.1131,0.0000,0.0000,0
15.162,2,30,-0.00613,0.00634,-0.0258,0.0055,-0.01572,0.08000,0.00170,1,1,0.211,0.025,in_circle,0.0017,0.1131,0.0000,0.0000,0
15.206,2,31,-0.00676,0.00713,-0.0140,0.0176,-0.01691,0.07496,0.00154,1,1,0.100,0.090,in_circle,0.0016,0.1131,0.0000,0.0000,0
15.251,2,32,-0.00562,0.00702,0.0256,-0.0024,-0.01680,0.07513,0.00241,1,1,0.055,0.040,in_circle,0.0016,0.1130,0.0000,0.0000,0
15.294,2,33,-0.00559,0.00757,0.0007,0.0125,-0.01886,0.07667,0.00271,1,1,-0.106,0.120,in_circle,0.0015,0.1130,0.0000,0.0000,0
15.339,2,34,-0.00432,0.00761,0.0285,0.0010,-0.01968,0.06759,0.00383,1,1,-0.007,0.059,in_circle,0.0014,0.1129,0.0000,0.0000,0
15.383,2,35,-0.00348,0.00783,0.0192,0.0050,-0.02464,0.05272,0.00469,1,1,-0.122,0.105,in_circle,0.0012,0.1128,0.0000,0.0000,0
15.426,2,36,-0.00266,0.00848,0.0191,0.0150,-0.02373,0.03581,0.00571,1,1,-0.086,0.088,in_circle,0.0010,0.1128,0.0000,0.0000,0
15.470,2,37,-0.00164,0.00776,0.0231,-0.0164,-0.02541,0.02637,0.00641,1,1,-0.088,0.046,in_circle,0.0008,0.1127,0.0000,0.0000,0
15.515,2,38,-0.00111,0.00773,0.0116,-0.0006,-0.02643,0.01821,0.00691,1,1,-0.107,0.174,in_circle,0.0005,0.1126,0.0000,0.0000,0
15.560,2,39,-0.00081,0.00691,0.0068,-0.0184,-0.02674,0.01959,0.00705,1,1,-0.063,0.111,in_circle,0.0002,0.1125,0.0000,0.0000,0
15.603,2,40,-0.00080,0.00707,0.0002,0.0038,-0.03277,0.01999,0.00708,1,1,-0.045,0.184,in_circle,-0.0001,0.1125,0.0000,0.0000,0
15.653,2,41,-0.00080,0.00707,0.0000,0.0000,-0.03030,0.02102,0.00708,0,0,-0.019,0.095,in_circle,-0.0004,0.1124,0.0000,0.0000,0
15.693,2,42,-0.00109,0.00736,-0.0074,0.0074,-0.03340,0.02153,0.00685,1,1,-0.018,0.110,in_circle,-0.0007,0.1124,0.0000,0.0000,0
15.734,2,43,-0.00132,0.00735,-0.0055,-0.0003,-0.03139,0.02722,0.00662,1,1,0.012,0.079,in_circle,-0.0010,0.1123,0.0000,0.0000,0
15.779,2,44,-0.00222,0.00750,-0.0198,0.0033,-0.03260,0.03366,0.00578,1,1,0.004,0.110,in_circle,-0.0013,0.1123,0.0000,0.0000,0
15.868,2,45,-0.00384,0.00854,-0.0184,0.0117,-0.03199,0.04646,0.00470,1,1,0.063,0.095,in_circle,-0.0018,0.1121,0.0000,0.0000,0
15.911,2,46,-0.00430,0.00857,-0.0106,0.0009,-0.03032,0.04811,0.00434,1,1,0.062,0.059,in_circle,-0.0019,0.1120,0.0000,0.0000,0
15.955,2,47,-0.00397,0.00809,0.0075,-0.0111,-0.02896,0.04966,0.00436,1,1,0.031,0.102,in_circle,-0.0021,0.1119,0.0000,0.0000,0
15.998,2,48,-0.00378,0.00855,0.0046,0.0111,-0.02510,0.05438,0.00477,1,1,-0.042,0.151,in_circle,-0.0022,0.1118,0.0000,0.0000,0
16.043,2,49,-0.00289,0.00833,0.0195,-0.0049,-0.02730,0.05526,0.00544,1,1,-0.031,0.061,in_circle,-0.0024,0.1117,0.0000,0.0000,0
16.093,2,50,-0.00289,0.00833,0.0000,0.0000,-0.02616,0.05353,0.00544,0,0,-0.093,0.125,in_circle,-0.0026,0.1116,0.0000,0.0000,0
16.133,2,51,-0.00257,0.00819,0.0080,-0.0035,-0.02489,0.05537,0.00567,1,1,-0.015,0.106,in_circle,-0.0029,0.1115,0.0000,0.0000,0
16.175,2,52,-0.00212,0.00870,0.0108,0.0122,-0.02626,0.05235,0.00629,1,1,-0.048,0.120,in_circle,-0.0031,0.1114,0.0000,0.0000,0
16.219,2,53,-0.00186,0.00846,0.0057,-0.0055,-0.02641,0.04745,0.00642,1,1,-0.061,0.056,in_circle,-0.0033,0.1113,0.0000,0.0000,0
16.262,2,54,-0.00106,0.00849,0.0189,0.0006,-0.02541,0.04630,0.00719,1,1,-0.041,0.127,in_circle,-0.0036,0.1112,0.0000,0.0000,0
16.306,2,55,-0.00040,0.00929,0.0145,0.0178,-0.02770,0.04355,0.00809,1,1,-0.096,0.102,in_circle,-0.0039,0.1111,0.0000,0.0000,0
16.350,2,56,-0.00022,0.00941,0.0041,0.0029,-0.02985,0.03967,0.00831,1,1,-0.081,0.031,in_circle,-0.0042,0.1109,0.0000,0.0000,0
16.396,2,57,0.00093,0.00829,0.0253,-0.0246,-0.02806,0.03682,0.00902,1,1,-0.040,0.091,in_circle,-0.0045,0.1108,0.0000,0.0000,0
16.446,2,58,0.00093,0.00829,0.0000,0.0000,-0.02399,0.03722,0.00902,0,0,-0.128,0.203,in_circle,-0.0049,0.1107,0.0000,0.0000,0
16.484,2,59,0.00093,0.00879,0.0002,0.0129,-0.02676,0.03674,0.00917,1,1,-0.027,0.105,in_circle,-0.0054,0.1105,0.0000,0.0000,0
16.528,2,60,0.00044,0.00931,-0.0114,0.0121,-0.03272,0.03409,0.00888,1,1,-0.028,0.052,in_circle,-0.0057,0.1104,0.0000,0.0000,0
16.578,2,61,0.00044,0.00931,0.0000,0.0000,-0.03034,0.03279,0.00888,0,0,0.019,0.054,in_circle,-0.0061,0.1103,0.0000,0.0000,0
16.617,2,62,-0.00038,0.00883,-0.0211,-0.0125,-0.02660,0.03506,0.00794,1,1,-0.027,0.102,in_circle,-0.0065,0.1101,0.0000,0.0000,0
16.659,2,63,-0.00098,0.00910,-0.0141,0.0066,-0.02779,0.03696,0.00750,1,1,0.059,0.153,in_circle,-0.0068,0.1100,0.0000,0.0000,0
16.703,2,64,-0.00086,0.00886,0.0026,-0.0055,-0.02716,0.03652,0.00750,1,1,0.032,0.076,in_circle,-0.0071,0.1099,0.0000,0.0000,0
16.748,2,65,-0.00186,0.00800,-0.0224,-0.0192,-0.02823,0.03636,0.00627,1,1,-0.035,0.125,in_circle,-0.0074,0.1098,0.0000,0.0000,0
16.791,2,66,-0.00042,0.00839,0.0330,0.0089,-0.02860,0.03854,0.00775,1,1,0.067,0.181,in_circle,-0.0076,0.1097,0.0000,0.0000,0
16.836,2,67,-0.00086,0.00909,-0.0097,0.0156,-0.03065,0.04253,0.00760,1,1,-0.158,0.068,in_circle,-0.0080,0.1096,0.0000,0.0000,0
16.879,2,68,-0.00096,0.00880,-0.0024,-0.0069,-0.03296,0.04401,0.00739,1,1,0.013,0.039,in_circle,-0.0083,0.1094,0.0000,0.0000,0
16.923,2,69,-0.00110,0.00950,-0.0031,0.0156,-0.02854,0.04290,0.00756,1,1,-0.016,0.130,in_circle,-0.0086,0.1093,0.0000,0.0000,0
16.967,2,70,-0.00089,0.00939,0.0048,-0.0024,-0.02511,0.04287,0.00770,1,1,-0.013,0.038,in_circle,-0.0089,0.1091,0.0000,0.0000,0
17.011,2,71,-0.00066,0.00882,0.0053,-0.0129,-0.02823,0.04235,0.00768,1,1,-0.045,0.110,in_circle,-0.0092,0.1090,0.0000,0.0000,0
17.055,2,72,-0.00015,0.00873,0.0116,-0.0022,-0.02323,0.04339,0.00812,1,1,-0.048,0.153,in_circle,-0.0095,0.1089,0.0000,0.0000,0
17.099,2,73,-0.00085,0.00885,-0.0156,0.0026,-0.02604,0.04162,0.00751,1,1,-0.075,0.111,in_circle,-0.0098,0.1088,0.0000,0.0000,0
17.145,2,74,-0.00081,0.00902,0.0010,0.0038,-0.02960,0.04456,0.00762,1,1,0.035,0.091,in_circle,-0.0101,0.1086,0.0000,0.0000,0
17.188,2,75,-0.00005,0.00837,0.0175,-0.0151,-0.02674,0.04451,0.00810,1,1,-0.032,0.086,in_circle,-0.0104,0.1085,0.0000,0.0000,0
17.231,2,76,-0.00059,0.00995,-0.0124,0.0367,-0.02861,0.04352,0.00822,1,1,-0.100,0.163,in_circle,-0.0108,0.1084,0.0000,0.0000,0
17.275,2,77,-0.00041,0.00954,0.0039,-0.0093,-0.02909,0.04378,0.00819,1,1,0.021,-0.048,in_circle,-0.0111,0.1082,0.0000,0.0000,0
17.319,2,78,-0.00026,0.00893,0.0035,-0.0137,-0.02968,0.03971,0.00809,1,1,-0.046,0.136,in_circle,-0.0114,0.1081,0.0000,0.0000,0
17.363,2,79,-0.00045,0.00890,-0.0045,-0.0007,-0.01634,0.04360,0.00790,1,1,-0.045,0.155,in_circle,-0.0117,0.1079,0.0000,0.0000,0
17.408,2,80,-0.00081,0.00931,-0.0080,0.0091,-0.02613,0.04298,0.00773,1,1,-0.013,0.103,in_circle,-0.0121,0.1078,0.0000,0.0000,0
17.452,2,81,-0.00037,0.00857,0.0100,-0.0167,-0.03384,0.04194,0.00786,1,1,0.002,0.063,in_circle,-0.0124,0.1077,0.0000,0.0000,0
17.497,2,82,-0.00073,0.00883,-0.0081,0.0058,-0.02874,0.04161,0.00762,1,1,-0.071,0.168,in_circle,-0.0127,0.1075,0.0000,0.0000,0
17.539,2,83,-0.00110,0.00869,-0.0088,-0.0033,-0.02987,0.04176,0.00722,1,1,0.002,0.077,in_circle,-0.0130,0.1074,0.0000,0.0000,0
17.582,2,84,-0.00119,0.00841,-0.0021,-0.0066,-0.03259,0.04149,0.00703,1,1,0.005,0.114,in_circle,-0.0133,0.1073,0.0000,0.0000,0
17.628,2,85,-0.00048,0.00846,0.0157,0.0012,-0.02895,0.04126,0.00772,1,1,-0.022,0.127,in_circle,-0.0136,0.1072,0.0000,0.0000,0
17.671,2,86,-0.00074,0.00902,-0.0059,0.0131,-0.03024,0.04145,0.00768,1,1,-0.095,0.096,in_circle,-0.0139,0.1071,0.0000,0.0000,0
17.715,2,87,-0.00066,0.00895,0.0017,-0.0017,-0.02862,0.04032,0.00772,1,1,-0.008,0.047,in_circle,-0.0142,0.1070,0.0000,0.0000,0
17.759,2,88,-0.00091,0.00870,-0.0056,-0.0057,-0.02783,0.04098,0.00740,1,1,-0.039,0.106,in_circle,-0.0145,0.1068,0.0000,0.0000,0
17.803,2,89,-0.00070,0.00911,0.0048,0.0092,-0.02487,0.04231,0.00775,1,1,-0.009,0.123,in_circle,-0.0148,0.1067,0.0000,0.0000,0
17.891,2,90,-0.00081,0.00843,-0.0013,-0.0078,-0.02560,0.04216,0.00740,1,1,-0.052,0.062,in_circle,-0.0155,0.1064,0.0000,0.0000,0
17.935,2,91,-0.00083,0.00861,-0.0004,0.0042,-0.02720,0.04334,0.00744,1,1,-0.028,0.131,in_circle,-0.0158,0.1063,0.0000,0.0000,0
17.978,2,92,-0.00085,0.00890,-0.0006,0.0067,-0.02536,0.04179,0.00753,1,1,-0.032,0.083,in_circle,-0.0158,0.1063,0.0000,0.0000,0
18.023,2,93,-0.00094,0.00914,-0.0018,0.0054,-0.02834,0.04171,0.00755,1,1,-0.031,0.072,in_circle,-0.0158,0.1063,0.0000,0.0000,0
18.067,2,94,-0.00077,0.00841,0.0038,-0.0166,-0.02711,0.04266,0.00743,1,1,-0.026,0.077,in_circle,-0.0158,0.1063,0.0000,0.0000,0
18.111,2,95,-0.00077,0.00859,0.0001,0.0040,-0.02808,0.04300,0.00749,1,1,-0.048,0.167,in_circle,-0.0158,0.1063,0.0000,0.0000,0
18.155,2,96,-0.00065,0.00826,0.0026,-0.0073,-0.02780,0.04209,0.00750,1,1,-0.034,0.084,in_circle,-0.0158,0.1063,0.0000,0.0000,0
18.199,2,97,-0.00104,0.00824,-0.0089,-0.0005,-0.03130,0.04069,0.00712,1,1,-0.044,0.130,in_circle,-0.0158,0.1063,0.0000,0.0000,0
18.244,2,98,-0.00002,0.00855,0.0231,0.0070,-0.02793,0.04249,0.00819,1,1,0.003,0.103,in_circle,-0.0158,0.1063,0.0000,0.0000,0
18.287,2,99,-0.00093,0.00883,-0.0212,0.0064,-0.02823,0.04091,0.00743,1,1,-0.339,0.003,in_circle,-0.0158,0.1063,-0.2112,-0.0692,1
18.331,2,100,-0.00088,0.00838,0.0010,-0.0101,-0.02822,0.04123,0.00731,1,1,-0.183,-0.006,in_circle,-0.0158,0.1063,-0.2349,-0.0790,1
18.375,2,101,-0.00090,0.00856,-0.0005,0.0041,-0.02011,0.03409,0.00736,1,1,-0.297,0.053,in_circle,-0.0158,0.1063,-0.2603,-0.0877,1
18.419,2,102,-0.00075,0.00779,0.0036,-0.0176,-0.01556,0.01766,0.00728,1,1,-0.316,-0.014,in_circle,-0.0158,0.1063,-0.2852,-0.0970,1
18.462,2,103,-0.00178,0.00765,-0.0241,-0.0033,-0.01676,0.01184,0.00624,1,1,-0.358,0.069,in_circle,-0.0158,0.1063,-0.3105,-0.1034,1
18.507,2,104,-0.00163,0.00785,0.0033,0.0044,-0.01605,0.00426,0.00645,1,1,-0.270,0.005,in_circle,-0.0158,0.1063,-0.3353,-0.1102,1
18.551,2,105,-0.00312,0.00732,-0.0347,-0.0123,-0.01752,0.00109,0.00486,1,1,-0.406,-0.034,in_circle,-0.0158,0.1063,-0.3614,-0.1180,1
18.596,2,106,-0.00407,0.00687,-0.0207,-0.0099,-0.01550,0.00031,0.00383,1,1,0.111,0.152,in_circle,-0.0160,0.1063,0.0000,0.0000,0
18.640,2,107,-0.00670,0.00584,-0.0604,-0.0235,-0.01665,0.00118,0.00111,1,1,0.057,0.144,in_circle,-0.0161,0.1062,0.0000,0.0000,0
18.685,2,108,-0.00911,0.00543,-0.0530,-0.0090,-0.02672,0.01045,0.00143,1,1,0.223,0.201,in_circle,-0.0162,0.1062,0.0000,0.0000,0
18.726,2,109,-0.01161,0.00451,-0.0613,-0.0227,-0.03333,0.03005,0.00409,1,1,0.199,0.144,in_circle,-0.0161,0.1063,0.0000,0.0000,0
18.771,2,110,-0.01377,0.00363,-0.0480,-0.0197,-0.03676,0.05375,0.00642,1,1,0.239,0.201,in_circle,-0.0160,0.1063,0.0000,0.0000,0
18.814,2,111,-0.01626,0.00280,-0.0573,-0.0189,-0.03915,0.07862,0.00904,1,1,0.191,0.191,in_circle,-0.0157,0.1064,0.0000,0.0000,0
18.859,2,112,-0.01756,0.00210,-0.0292,-0.0158,-0.03951,0.09292,0.01051,1,1,0.235,0.190,in_circle,-0.0153,0.1066,0.0000,0.0000,0
18.904,2,113,-0.01892,0.00172,-0.0304,-0.0083,-0.04199,0.09438,0.01191,1,1,0.126,0.180,in_circle,-0.0149,0.1067,0.0000,0.0000,0
18.947,2,114,-0.01909,0.00068,-0.0039,-0.0243,-0.03933,0.08979,0.01248,1,1,0.135,0.151,in_circle,-0.0144,0.1069,0.0000,0.0000,0
18.992,2,115,-0.01861,0.00001,0.0104,-0.0146,-0.04011,0.08609,0.01236,1,1,0.030,0.218,in_circle,-0.0139,0.1072,0.0000,0.0000,0
19.035,2,116,-0.01840,-0.00121,0.0049,-0.0283,-0.04072,0.07740,0.01282,1,1,-0.028,0.181,in_circle,-0.0134,0.1074,0.0000,0.0000,0
19.079,2,117,-0.01747,-0.00264,0.0213,-0.0326,-0.03924,0.06349,0.01297,1,1,-0.006,0.239,in_circle,-0.0130,0.1077,0.0000,0.0000,0
19.122,2,118,-0.01622,-0.00231,0.0292,0.0078,-0.03870,0.04174,0.01183,1,1,-0.073,0.260,in_circle,-0.0126,0.1081,0.0000,0.0000,0
19.167,2,119,-0.01491,-0.00288,0.0288,-0.0126,-0.03930,0.02425,0.01137,1,1,-0.108,0.098,in_circle,-0.0122,0.1085,0.0000,0.0000,0
19.211,2,120,-0.01414,-0.00377,0.0175,-0.0205,-0.04151,0.01173,0.01165,1,1,-0.109,0.182,in_circle,-0.0119,0.1089,0.0000,0.0000,0
19.256,2,121,-0.01396,-0.00381,0.0042,-0.0009,-0.03372,0.00858,0.01158,1,1,-0.066,0.216,in_circle,-0.0116,0.1093,0.0000,0.0000,0
19.299,2,122,-0.01399,-0.00315,-0.0009,0.0155,-0.03446,0.00850,0.01105,1,1,-0.013,0.138,in_circle,-0.0113,0.1098,0.0000,0.0000,0
19.343,2,123,-0.01498,-0.00328,-0.0223,-0.0028,-0.03565,0.01072,0.01173,1,1,0.008,0.071,in_circle,-0.0111,0.1101,0.0000,0.0000,0
19.386,2,124,-0.01644,-0.00285,-0.0338,0.0098,-0.03230,0.01473,0.01237,1,1,0.096,0.145,in_circle,-0.0107,0.1106,0.0000,0.0000,0
19.432,2,125,-0.01806,-0.00331,-0.0352,-0.0099,-0.02657,0.03172,0.01385,1,1,0.147,0.094,in_circle,-0.0104,0.1109,0.0000,0.0000,0
19.475,2,126,-0.01900,-0.00274,-0.0217,0.0130,-0.02778,0.04612,0.01421,1,1,0.156,0.174,in_circle,-0.0099,0.1114,0.0000,0.0000,0
19.519,2,127,-0.02031,-0.00325,-0.0300,-0.0117,-0.02736,0.06320,0.01556,1,1,0.105,0.082,in_circle,-0.0094,0.1117,0.0000,0.0000,0
19.562,2,128,-0.02181,-0.00235,-0.0351,0.0210,-0.02708,0.07789,0.01631,1,1,0.142,0.182,in_circle,-0.0089,0.1121,0.0000,0.0000,0
19.608,2,129,-0.02220,-0.00262,-0.0083,-0.0059,-0.02541,0.07946,0.01678,1,1,0.167,0.049,in_circle,-0.0083,0.1125,0.0000,0.0000,0
19.651,2,130,-0.02230,-0.00257,-0.0025,0.0013,-0.02743,0.07830,0.01685,1,1,0.062,0.158,in_circle,-0.0076,0.1129,0.0000,0.0000,0
19.694,2,131,-0.02136,-0.00234,0.0220,0.0054,-0.02362,0.07953,0.01592,1,1,0.039,0.130,in_circle,-0.0070,0.1133,0.0000,0.0000,0
19.740,2,132,-0.02077,-0.00295,0.0127,-0.0133,-0.02761,0.07659,0.01576,1,1,-0.060,0.113,in_circle,-0.0064,0.1136,0.0000,0.0000,0
19.783,2,133,-0.01942,-0.00274,0.0317,0.0049,-0.02906,0.06692,0.01454,1,1,-0.024,0.190,in_circle,-0.0058,0.1140,0.0000,0.0000,0
19.827,2,134,-0.01775,-0.00287,0.0380,-0.0029,-0.02764,0.05239,0.01333,1,1,-0.103,0.117,in_circle,-0.0053,0.1144,0.0000,0.0000,0
19.914,2,135,-0.01484,-0.00312,0.0334,-0.0029,-0.03011,0.02292,0.01152,1,1,-0.131,0.149,in_circle,-0.0043,0.1153,0.0000,0.0000,0
19.960,2,136,-0.01374,-0.00374,0.0242,-0.0136,-0.03485,0.01310,0.01141,1,1,-0.120,0.150,in_circle,-0.0041,0.1156,0.0000,0.0000,0
20.003,2,137,-0.01363,-0.00324,0.0025,0.0115,-0.03458,0.01286,0.01093,1,1,-0.086,0.195,in_circle,-0.0038,0.1160,0.0000,0.0000,0
20.047,2,138,-0.01416,-0.00297,-0.0121,0.0061,-0.03488,0.01378,0.01100,1,1,0.001,0.094,in_circle,-0.0036,0.1164,0.0000,0.0000,0
20.091,2,139,-0.01492,-0.00209,-0.0172,0.0200,-0.03498,0.01672,0.01078,1,1,0.061,0.115,in_circle,-0.0033,0.1168,0.0000,0.0000,0
20.135,2,140,-0.01636,-0.00166,-0.0329,0.0099,-0.03008,0.02139,0.01148,1,1,0.083,0.057,in_circle,-0.0030,0.1172,0.0000,0.0000,0
20.180,2,141,-0.01755,-0.00097,-0.0266,0.0154,-0.03085,0.03278,0.01198,1,1,0.150,0.097,in_circle,-0.0026,0.1175,0.0000,0.0000,0
20.223,2,142,-0.01889,-0.00104,-0.0309,-0.0017,-0.02655,0.04930,0.01314,1,1,0.129,0.074,in_circle,-0.0022,0.1178,0.0000,0.0000,0
20.267,2,143,-0.01909,-0.00069,-0.0044,0.0079,-0.02829,0.06276,0.01312,1,1,0.150,0.142,in_circle,-0.0017,0.1181,0.0000,0.0000,0
20.311,2,144,-0.02011,-0.00085,-0.0230,-0.0036,-0.02376,0.07393,0.01409,1,1,0.045,0.104,in_circle,-0.0012,0.1184,0.0000,0.0000,0
20.355,2,145,-0.02071,-0.00074,-0.0138,0.0026,-0.02670,0.07694,0.01457,1,1,0.122,0.150,in_circle,-0.0006,0.1187,0.0000,0.0000,0
20.399,2,146,-0.01983,-0.00154,0.0202,-0.0182,-0.02678,0.07348,0.01420,1,1,0.087,0.125,in_circle,-0.0001,0.1190,0.0000,0.0000,0
20.444,2,147,-0.02003,-0.00237,-0.0044,-0.0184,-0.03032,0.07294,0.01482,1,1,-0.050,0.211,in_circle,0.0004,0.1194,0.0000,0.0000,0
20.487,2,148,-0.01905,-0.00299,0.0229,-0.0143,-0.02997,0.07271,0.01439,1,1,0.049,0.214,in_circle,0.0010,0.1197,0.0000,0.0000,0
20.532,2,149,-0.01822,-0.00398,0.0183,-0.0220,-0.03716,0.06156,0.01443,1,1,-0.062,0.200,in_circle,0.0015,0.1201,0.0000,0.0000,0
20.574,2,150,-0.01713,-0.00426,0.0260,-0.0066,-0.04099,0.04960,0.01387,1,1,-0.045,0.234,in_circle,0.0020,0.1206,0.0000,0.0000,0
20.619,2,151,-0.01542,-0.00469,0.0378,-0.0096,-0.03988,0.03454,0.01313,1,1,-0.078,0.173,in_circle,0.0023,0.1210,0.0000,0.0000,0
20.663,2,152,-0.01477,-0.00445,0.0151,0.0055,-0.03880,0.02515,0.01256,1,1,-0.129,0.187,in_circle,0.0027,0.1215,0.0000,0.0000,0
20.707,2,153,-0.01392,-0.00469,0.0190,-0.0055,-0.03734,0.02374,0.01232,1,1,-0.040,0.126,in_circle,0.0030,0.1219,0.0000,0.0000,0
20.751,2,154,-0.01399,-0.00353,-0.0015,0.0269,-0.03753,0.02393,0.01136,1,1,-0.057,0.171,in_circle,0.0033,0.1224,0.0000,0.0000,0
20.795,2,155,-0.01371,-0.00276,0.0062,0.0172,-0.03368,0.02422,0.01057,1,1,0.025,0.039,in_circle,0.0035,0.1228,0.0000,0.0000,0
20.840,2,156,-0.01408,-0.00211,-0.0081,0.0144,-0.03316,0.02398,0.01026,1,1,-0.006,0.076,in_circle,0.0038,0.1232,0.0000,0.0000,0
20.884,2,157,-0.01499,-0.00218,-0.0208,-0.0016,-0.02336,0.02862,0.01089,1,1,0.052,0.086,in_circle,0.0041,0.1236,0.0000,0.0000,0
20.927,2,158,-0.01624,-0.00175,-0.0289,0.0101,-0.02115,0.03386,0.01146,1,1,0.106,0.151,in_circle,0.0044,0.1239,0.0000,0.0000,0
20.972,2,159,-0.01710,-0.00197,-0.0193,-0.0051,-0.02359,0.03835,0.01225,1,1,0.141,0.103,in_circle,0.0048,0.1243,0.0000,0.0000,0
21.015,2,160,-0.01814,-0.00177,-0.0240,0.0047,-0.02222,0.04750,0.01293,1,1,0.106,0.165,in_circle,0.0052,0.1246,0.0000,0.0000,0
21.059,2,161,-0.01907,-0.00203,-0.0212,-0.0061,-0.02595,0.05916,0.01384,1,1,0.127,0.126,in_circle,0.0056,0.1250,0.0000,0.0000,0
21.103,2,162,-0.01914,-0.00231,-0.0014,-0.0063,-0.03035,0.06335,0.01406,1,1,0.119,0.170,in_circle,0.0061,0.1253,0.0000,0.0000,0
21.147,2,163,-0.01962,-0.00234,-0.0112,-0.0007,-0.03100,0.06496,0.01447,1,1,0.041,0.172,in_circle,0.0066,0.1257,0.0000,0.0000,0
21.191,2,164,-0.02020,-0.00253,-0.0133,-0.0043,-0.03335,0.06679,0.01506,1,1,0.082,0.150,in_circle,0.0071,0.1261,0.0000,0.0000,0
21.236,2,165,-0.01965,-0.00246,0.0122,0.0015,-0.03612,0.06573,0.01456,1,1,0.092,0.165,in_circle,0.0077,0.1264,0.0000,0.0000,0
21.279,2,166,-0.01965,-0.00257,0.0001,-0.0025,-0.03549,0.06487,0.01462,1,1,-0.011,0.142,in_circle,0.0082,0.1268,0.0000,0.0000,0
21.324,2,167,-0.01941,-0.00309,0.0052,-0.0116,-0.03587,0.06406,0.01475,1,1,0.038,0.158,in_circle,0.0087,0.1272,0.0000,0.0000,0
21.368,2,168,-0.01977,-0.00185,-0.0081,0.0280,-0.03350,0.05941,0.01432,1,1,0.018,0.197,in_circle,0.0092,0.1276,0.0000,0.0000,0
21.411,2,169,-0.02001,-0.00185,-0.0055,0.0000,-0.03327,0.05361,0.01451,1,1,0.072,0.035,in_circle,0.0098,0.1279,0.0000,0.0000,0
21.454,2,170,-0.02026,-0.00217,-0.0060,-0.0074,-0.03351,0.04878,0.01490,1,1,0.063,0.148,in_circle,0.0103,0.1283,0.0000,0.0000,0
21.500,2,171,-0.02030,-0.00214,-0.0007,0.0007,-0.02706,0.04642,0.01492,1,1,0.066,0.179,in_circle,0.0108,0.1286,0.0000,0.0000,0
21.543,2,172,-0.02017,-0.00224,0.0030,-0.0023,-0.03007,0.04645,0.01486,1,1,0.046,0.146,in_circle,0.0114,0.1290,0.0000,0.0000,0
21.588,2,173,-0.02033,-0.00206,-0.0034,0.0041,-0.03279,0.04841,0.01489,1,1,0.031,0.159,in_circle,0.0119,0.1294,0.0000,0.0000,0
21.631,2,174,-0.01983,-0.00229,0.0114,-0.0054,-0.03123,0.04682,0.01461,1,1,0.058,0.134,in_circle,0.0125,0.1297,0.0000,0.0000,0
21.674,2,175,-0.01984,-0.00247,-0.0002,-0.0043,-0.03268,0.04595,0.01472,1,1,-0.003,0.172,in_circle,0.0130,0.1301,0.0000,0.0000,0
21.719,2,176,-0.02026,-0.00247,-0.0093,-0.0001,-0.03225,0.04692,0.01507,1,1,0.231,0.300,in_circle,0.0130,0.1301,0.1866,0.1313,1
21.762,2,177,-0.02021,-0.00241,0.0011,0.0015,-0.03346,0.04534,0.01499,1,1,0.290,0.298,in_circle,0.0130,0.1301,0.2089,0.1465,1
21.807,2,178,-0.02022,-0.00218,-0.0000,0.0052,-0.04670,0.04564,0.01487,1,1,0.270,0.306,in_circle,0.0130,0.1301,0.2303,0.1609,1
21.851,2,179,-0.02004,-0.00195,0.0040,0.0053,-0.05443,0.04918,0.01460,1,1,0.297,0.305,in_circle,0.0130,0.1301,0.2528,0.1757,1
21.938,2,180,-0.01893,-0.00160,0.0127,0.0039,-0.05297,0.06824,0.01348,1,1,0.326,0.334,in_circle,0.0130,0.1301,0.2986,0.2055,1
21.983,2,181,-0.01925,-0.00110,-0.0072,0.0113,-0.05501,0.07171,0.01347,1,1,0.308,0.352,in_circle,0.0130,0.1301,0.3184,0.2190,1
22.029,2,182,-0.01804,-0.00070,0.0267,0.0087,-0.05465,0.07364,0.01223,1,1,0.412,0.336,in_circle,0.0130,0.1301,0.3412,0.2331,1
22.072,2,183,-0.01651,0.00022,0.0355,0.0213,-0.05394,0.07530,0.01045,1,1,-0.068,0.112,in_circle,0.0135,0.1304,0.0000,0.0000,0
22.114,2,184,-0.01513,0.00048,0.0326,0.0063,-0.05237,0.07876,0.00917,1,1,-0.106,0.060,in_circle,0.0139,0.1306,0.0000,0.0000,0
22.161,2,185,-0.01326,0.00166,0.0394,0.0248,-0.03914,0.08065,0.00698,1,1,-0.098,0.119,in_circle,0.0142,0.1309,0.0000,0.0000,0
22.207,2,186,-0.01113,0.00187,0.0468,0.0046,-0.01594,0.06342,0.00530,1,1,-0.130,0.043,in_circle,0.0144,0.1311,0.0000,0.0000,0
22.253,2,187,-0.00867,0.00279,0.0538,0.0201,-0.01673,0.03887,0.00333,1,1,-0.164,0.123,in_circle,0.0146,0.1313,0.0000,0.0000,0
22.294,2,188,-0.00617,0.00216,0.0604,-0.0151,-0.01584,0.02091,0.00417,1,1,-0.198,0.059,in_circle,0.0146,0.1314,0.0000,0.0000,0
22.335,2,189,-0.00457,0.00214,0.0390,-0.0004,-0.01523,0.01252,0.00503,1,1,-0.231,0.202,in_circle,0.0146,0.1316,0.0000,0.0000,0
22.380,2,190,-0.00307,0.00169,0.0335,-0.0101,-0.01616,0.01220,0.00639,1,1,-0.150,0.143,in_circle,0.0144,0.1317,0.0000,0.0000,0
22.423,2,191,-0.00190,0.00092,0.0270,-0.0179,-0.02379,0.01040,0.00778,1,1,-0.132,0.183,in_circle,0.0142,0.1319,0.0000,0.0000,0
22.468,2,192,-0.00217,0.00087,-0.0061,-0.0011,-0.02881,0.00871,0.00761,1,1,-0.109,0.216,in_circle,0.0140,0.1321,0.0000,0.0000,0
22.510,2,193,-0.00169,0.00031,0.0114,-0.0132,-0.03184,0.01071,0.00835,1,1,0.024,0.150,in_circle,0.0137,0.1324,0.0000,0.0000,0
22.556,2,194,-0.00220,-0.00007,-0.0112,-0.0082,-0.03969,0.01732,0.00826,1,1,-0.047,0.200,in_circle,0.0135,0.1326,0.0000,0.0000,0
22.599,2,195,-0.00260,-0.00077,-0.0092,-0.0163,-0.03722,0.02679,0.00853,1,1,0.044,0.181,in_circle,0.0132,0.1329,0.0000,0.0000,0
22.643,2,196,-0.00348,-0.00091,-0.0201,-0.0032,-0.03854,0.04363,0.00814,1,1,0.037,0.215,in_circle,0.0130,0.1332,0.0000,0.0000,0
22.687,2,197,-0.00447,-0.00134,-0.0224,-0.0099,-0.03977,0.05259,0.00806,1,1,0.082,0.164,in_circle,0.0128,0.1335,0.0000,0.0000,0
22.730,2,198,-0.00574,-0.00121,-0.0292,0.0031,-0.03973,0.05971,0.00749,1,1,0.094,0.192,in_circle,0.0126,0.1338,0.0000,0.0000,0
22.775,2,199,-0.00590,-0.00158,-0.0035,-0.0083,-0.03902,0.06379,0.00781,1,1,0.124,0.140,in_circle,0.0125,0.1341,0.0000,0.0000,0
22.819,2,200,-0.00613,-0.00201,-0.0053,-0.0097,-0.03890,0.06528,0.00818,1,1,0.022,0.187,in_circle,0.0125,0.1345,0.0000,0.0000,0
22.863,2,201,-0.00600,-0.00197,0.0030,0.0010,-0.03627,0.06590,0.00817,1,1,0.029,0.194,in_circle,0.0124,0.1348,0.0000,0.0000,0
22.907,2,202,-0.00557,-0.00154,0.0099,0.0099,-0.03730,0.06316,0.00786,1,1,-0.004,0.151,in_circle,0.0123,0.1352,0.0000,0.0000,0
22.951,2,203,-0.00569,-0.00090,-0.0027,0.0144,-0.03825,0.06169,0.00722,1,1,-0.033,0.115,in_circle,0.0122,0.1355,0.0000,0.0000,0
22.995,2,204,-0.00466,-0.00117,0.0236,-0.0062,-0.03423,0.05904,0.00783,1,1,0.018,0.096,in_circle,0.0121,0.1358,0.0000,0.0000,0
23.039,2,205,-0.00416,-0.00097,0.0112,0.0046,-0.02773,0.05505,0.00786,1,1,-0.090,0.179,in_circle,0.0120,0.1361,0.0000,0.0000,0
23.082,2,206,-0.00426,-0.00185,-0.0022,-0.0204,-0.02521,0.04793,0.00861,1,1,-0.042,0.135,in_circle,0.0118,0.1364,0.0000,0.0000,0
23.128,2,207,-0.00391,-0.00229,0.0076,-0.0097,-0.02943,0.04140,0.00916,1,1,0.012,0.238,in_circle,0.0117,0.1368,0.0000,0.0000,0
23.170,2,208,-0.00316,-0.00268,0.0175,-0.0090,-0.02880,0.03685,0.00984,1,1,-0.029,0.197,in_circle,0.0115,0.1371,0.0000,0.0000,0
23.215,2,209,-0.00365,-0.00341,-0.0110,-0.0163,-0.03526,0.03450,0.01028,1,1,-0.070,0.195,in_circle,0.0113,0.1375,0.0000,0.0000,0
23.258,2,210,-0.00364,-0.00409,0.0003,-0.0159,-0.03454,0.03502,0.01091,1,1,0.045,0.227,in_circle,0.0111,0.1379,0.0000,0.0000,0
23.303,2,211,-0.00345,-0.00476,0.0042,-0.0150,-0.03678,0.03452,0.01161,1,1,-0.001,0.227,in_circle,0.0109,0.1384,0.0000,0.0000,0
23.346,2,212,-0.00478,-0.00500,-0.0309,-0.0056,-0.03647,0.03672,0.01141,1,1,-0.017,0.226,in_circle,0.0107,0.1388,0.0000,0.0000,0
23.391,2,213,-0.00436,-0.00478,0.0093,0.0049,-0.03928,0.03778,0.01132,1,1,0.127,0.189,in_circle,0.0106,0.1393,0.0000,0.0000,0
23.435,2,214,-0.00606,-0.00475,-0.0386,0.0007,-0.04061,0.03838,0.01089,1,1,-0.035,0.147,in_circle,0.0104,0.1398,0.0000,0.0000,0
23.479,2,215,-0.00611,-0.00468,-0.0013,0.0015,-0.03788,0.03856,0.01082,1,1,0.160,0.164,in_circle,0.0104,0.1403,0.0000,0.0000,0
23.523,2,216,-0.00746,-0.00370,-0.0309,0.0225,-0.03562,0.04335,0.00971,1,1,0.011,0.161,in_circle,0.0103,0.1407,0.0000,0.0000,0
23.567,2,217,-0.00780,-0.00318,-0.0078,0.0118,-0.03515,0.04641,0.00918,1,1,0.133,0.076,in_circle,0.0103,0.1412,0.0000,0.0000,0
23.611,2,218,-0.00838,-0.00267,-0.0133,0.0118,-0.03244,0.05092,0.00869,1,1,0.041,0.117,in_circle,0.0103,0.1416,0.0000,0.0000,0
23.656,2,219,-0.00870,-0.00157,-0.0072,0.0244,-0.02541,0.05208,0.00762,1,1,0.065,0.116,in_circle,0.0103,0.1419,0.0000,0.0000,0
23.699,2,220,-0.00898,-0.00179,-0.0063,-0.0051,-0.02485,0.05412,0.00788,1,1,0.041,0.064,in_circle,0.0103,0.1423,0.0000,0.0000,0
23.744,2,221,-0.00923,-0.00130,-0.0056,0.0111,-0.02521,0.05449,0.00744,1,1,0.039,0.183,in_circle,0.0104,0.1426,0.0000,0.0000,0
23.787,2,222,-0.00916,-0.00150,0.0014,-0.0047,-0.02355,0.05572,0.00763,1,1,0.036,0.117,in_circle,0.0105,0.1430,0.0000,0.0000,0
23.832,2,223,-0.00893,-0.00186,0.0054,-0.0080,-0.02569,0.05373,0.00794,1,1,0.008,0.181,in_circle,0.0105,0.1433,0.0000,0.0000,0
23.874,2,224,-0.00863,-0.00200,0.0070,-0.0033,-0.02546,0.05419,0.00804,1,1,-0.008,0.195,in_circle,0.0106,0.1436,0.0000,0.0000,0
23.962,2,225,-0.00754,-0.00301,0.0123,-0.0114,-0.03650,0.05083,0.00901,1,1,-0.015,0.177,in_circle,0.0106,0.1444,0.0000,0.0000,0
24.008,2,226,-0.00682,-0.00369,0.0160,-0.0149,-0.03491,0.04859,0.00974,1,1,-0.039,0.213,in_circle,0.0106,0.1447,0.0000,0.0000,0
24.051,2,227,-0.00692,-0.00337,-0.0024,0.0074,-0.03616,0.04590,0.00941,1,1,-0.056,0.229,in_circle,0.0106,0.1452,0.0000,0.0000,0
24.096,2,228,-0.00686,-0.00324,0.0014,0.0029,-0.03836,0.04391,0.00929,1,1,0.018,0.139,in_circle,0.0106,0.1456,0.0000,0.0000,0
24.138,2,229,-0.00729,-0.00325,-0.0102,-0.0003,-0.03822,0.04048,0.00927,1,1,0.003,0.157,in_circle,0.0105,0.1460,0.0000,0.0000,0
24.184,2,230,-0.00761,-0.00280,-0.0070,0.0100,-0.03763,0.03863,0.00880,1,1,0.050,0.171,in_circle,0.0105,0.1464,0.0000,0.0000,0
24.226,2,231,-0.00788,-0.00297,-0.0063,-0.0041,-0.03808,0.03959,0.00897,1,1,0.038,0.129,in_circle,0.0105,0.1468,0.0000,0.0000,0
24.271,2,232,-0.00828,-0.00293,-0.0090,0.0009,-0.03697,0.03920,0.00895,1,1,0.036,0.186,in_circle,0.0105,0.1471,0.0000,0.0000,0
24.314,2,233,-0.00917,-0.00278,-0.0207,0.0035,-0.03495,0.04126,0.00889,1,1,0.048,0.166,in_circle,0.0105,0.1475,0.0000,0.0000,0
24.359,2,234,-0.00970,-0.00188,-0.0116,0.0200,-0.03543,0.04074,0.00810,1,1,0.097,0.156,in_circle,0.0106,0.1479,0.0000,0.0000,0
24.403,2,235,-0.01014,-0.00274,-0.0101,-0.0197,-0.03533,0.04242,0.00905,1,1,0.062,0.088,in_circle,0.0107,0.1483,0.0000,0.0000,0
24.448,2,236,-0.01074,-0.00271,-0.0134,0.0007,-0.03364,0.04611,0.00919,1,1,0.057,0.249,in_circle,0.0108,0.1487,0.0000,0.0000,0
24.491,2,237,-0.01124,-0.00324,-0.0117,-0.0124,-0.02683,0.04849,0.00986,1,1,0.072,0.168,in_circle,0.0109,0.1491,0.0000,0.0000,0
24.535,2,238,-0.01154,-0.00351,-0.0068,-0.0061,-0.03253,0.04963,0.01022,1,1,0.067,0.222,in_circle,0.0110,0.1494,0.0000,0.0000,0
24.580,2,239,-0.01182,-0.00377,-0.0063,-0.0059,-0.03233,0.05015,0.01057,1,1,0.048,0.198,in_circle,0.0112,0.1499,0.0000,0.0000,0
24.623,2,240,-0.01273,-0.00513,-0.0209,-0.0313,-0.03498,0.05245,0.01217,1,1,0.047,0.198,in_circle,0.0114,0.1503,0.0000,0.0000,0
24.667,2,241,-0.01284,-0.00456,-0.0025,0.0128,-0.03443,0.05193,0.01170,1,1,0.107,0.304,in_circle,0.0116,0.1508,0.0000,0.0000,0
24.711,2,242,-0.01259,-0.00501,0.0056,-0.0101,-0.03633,0.05127,0.01201,1,1,0.035,0.127,in_circle,0.0118,0.1513,0.0000,0.0000,0
24.756,2,243,-0.01268,-0.00526,-0.0021,-0.0057,-0.04326,0.04942,0.01228,1,1,0.002,0.220,in_circle,0.0120,0.1517,0.0000,0.0000,0
24.798,2,244,-0.01235,-0.00518,0.0078,0.0020,-0.03930,0.05204,0.01207,1,1,0.033,0.203,in_circle,0.0122,0.1522,0.0000,0.0000,0
24.843,2,245,-0.01237,-0.00488,-0.0003,0.0067,-0.04179,0.04989,0.01180,1,1,-0.007,0.173,in_circle,0.0124,0.1527,0.0000,0.0000,0
24.886,2,246,-0.01171,-0.00495,0.0151,-0.0017,-0.04101,0.05253,0.01163,1,1,0.025,0.154,in_circle,0.0126,0.1532,0.0000,0.0000,0
24.932,2,247,-0.01168,-0.00528,0.0008,-0.0071,-0.03612,0.05239,0.01192,1,1,-0.038,0.188,in_circle,0.0128,0.1537,0.0000,0.0000,0
24.975,2,248,-0.01200,-0.00505,-0.0076,0.0052,-0.03487,0.05096,0.01182,1,1,0.020,0.211,in_circle,0.0130,0.1542,0.0000,0.0000,0
25.019,2,249,-0.01230,-0.00532,-0.0066,-0.0059,-0.03462,0.05095,0.01218,1,1,0.054,0.161,in_circle,0.0132,0.1547,0.0000,0.0000,0
25.062,2,250,-0.01197,-0.00496,0.0077,0.0083,-0.03375,0.04825,0.01172,1,1,0.051,0.207,in_circle,0.0134,0.1552,0.0000,0.0000,0
25.108,2,251,-0.01204,-0.00510,-0.0017,-0.0031,-0.03357,0.04828,0.01188,1,1,-0.007,0.150,in_circle,0.0135,0.1556,0.0000,0.0000,0
25.151,2,252,-0.01205,-0.00459,-0.0002,0.0119,-0.03233,0.04787,0.01141,1,1,0.031,0.196,in_circle,0.0137,0.1562,0.0000,0.0000,0
25.196,2,253,-0.01235,-0.00479,-0.0067,-0.0044,-0.03296,0.04758,0.01171,1,1,0.025,0.136,in_circle,0.0139,0.1566,0.0000,0.0000,0
25.241,2,254,-0.01194,-0.00565,0.0093,-0.0194,-0.03325,0.04593,0.01236,1,1,0.052,0.202,in_circle,0.0141,0.1571,0.0000,0.0000,0
25.284,2,255,-0.01191,-0.00506,0.0006,0.0135,-0.03212,0.04582,0.01180,1,1,0.070,0.497,in_circle,0.0141,0.1571,0.0830,0.2336,1
25.327,2,256,-0.01202,-0.00520,-0.0025,-0.0034,-0.03549,0.04657,0.01197,1,1,0.114,0.389,in_circle,0.0141,0.1571,0.0922,0.2583,1
25.371,2,257,-0.01208,-0.00478,-0.0014,0.0096,-0.06103,0.04571,0.01160,1,1,0.136,0.481,in_circle,0.0141,0.1571,0.1011,0.2821,1
25.414,2,258,-0.01189,-0.00469,0.0045,0.0020,-0.07233,0.04334,0.01144,1,1,0.142,0.452,in_circle,0.0141,0.1571,0.1110,0.3069,1
25.460,2,259,-0.01193,-0.00400,-0.0008,0.0149,-0.07140,0.04752,0.01082,1,1,0.127,0.506,in_circle,0.0141,0.1571,0.1202,0.3308,1
25.502,2,260,-0.01277,-0.00267,-0.0200,0.0315,-0.07225,0.04887,0.01000,1,1,0.158,0.479,in_circle,0.0141,0.1571,0.1306,0.3562,1
25.547,2,261,-0.01284,-0.00085,-0.0014,0.0408,-0.07234,0.05132,0.00850,1,1,0.107,0.053,in_circle,0.0143,0.1575,0.0000,0.0000,0
25.590,2,262,-0.01279,0.00055,0.0011,0.0323,-0.07110,0.05589,0.00739,1,1,0.033,0.012,in_circle,0.0146,0.1578,0.0000,0.0000,0
25.635,2,263,-0.01330,0.00250,-0.0113,0.0429,-0.04725,0.05609,0.00652,1,1,0.023,0.042,in_circle,0.0148,0.1580,0.0000,0.0000,0
25.678,2,264,-0.01356,0.00388,-0.0061,0.0324,-0.01753,0.05541,0.00614,1,1,0.074,-0.005,in_circle,0.0150,0.1582,0.0000,0.0000,0
25.723,2,265,-0.01364,0.00530,-0.0017,0.0315,-0.01352,0.05427,0.00588,1,1,0.054,0.034,in_circle,0.0153,0.1583,0.0000,0.0000,0
25.767,2,266,-0.01311,0.00598,0.0119,0.0153,-0.00834,0.05459,0.00531,1,1,0.037,0.034,in_circle,0.0155,0.1583,0.0000,0.0000,0
25.812,2,267,-0.01250,0.00632,0.0138,0.0077,-0.00707,0.05307,0.00471,1,1,-0.019,0.097,in_circle,0.0158,0.1583,0.0000,0.0000,0
25.855,2,268,-0.01115,0.00676,0.0314,0.0103,-0.00982,0.05332,0.00343,1,1,-0.027,0.127,in_circle,0.0160,0.1583,0.0000,0.0000,0
25.900,2,269,-0.01060,0.00584,0.0122,-0.0206,-0.01679,0.05135,0.00280,1,1,-0.101,0.115,in_circle,0.0161,0.1582,0.0000,0.0000,0
25.988,2,270,-0.00826,0.00484,0.0265,-0.0113,-0.02502,0.03818,0.00124,1,1,-0.026,0.241,in_circle,0.0164,0.1583,0.0000,0.0000,0
26.031,2,271,-0.00787,0.00446,0.0093,-0.0090,-0.02745,0.03498,0.00154,1,1,-0.089,0.206,in_circle,0.0164,0.1583,0.0000,0.0000,0
26.075,2,272,-0.00725,0.00393,0.0138,-0.0120,-0.04151,0.03418,0.00214,1,1,-0.020,0.198,in_circle,0.0164,0.1584,0.0000,0.0000,0
26.119,2,273,-0.00711,0.00361,0.0031,-0.0071,-0.05101,0.03337,0.00248,1,1,-0.040,0.212,in_circle,0.0164,0.1585,0.0000,0.0000,0
26.165,2,274,-0.00658,0.00421,0.0117,0.0129,-0.04785,0.03162,0.00217,1,1,0.002,0.193,in_circle,0.0163,0.1586,0.0000,0.0000,0
26.208,2,275,-0.00704,0.00404,-0.0109,-0.0038,-0.04812,0.03206,0.00210,1,1,-0.034,0.112,in_circle,0.0163,0.1586,0.0000,0.0000,0
26.252,2,276,-0.00663,0.00489,0.0091,0.0190,-0.04637,0.03490,0.00161,1,1,0.058,0.179,in_circle,0.0163,0.1587,0.0000,0.0000,0
26.294,2,277,-0.00697,0.00650,-0.0080,0.0384,-0.03898,0.03523,0.00097,1,1,-0.023,0.086,in_circle,0.0162,0.1588,0.0000,0.0000,0
26.340,2,278,-0.00651,0.00698,0.0101,0.0105,-0.03697,0.03792,0.00162,1,1,0.046,0.004,in_circle,0.0162,0.1588,0.0000,0.0000,0
26.382,2,279,-0.00657,0.00773,-0.0014,0.0177,-0.03016,0.04078,0.00212,1,1,-0.027,0.114,in_circle,0.0161,0.1587,0.0000,0.0000,0
26.428,2,280,-0.00727,0.00876,-0.0153,0.0226,-0.01217,0.04832,0.00281,1,1,0.019,0.084,in_circle,0.0161,0.1586,0.0000,0.0000,0
26.471,2,281,-0.00698,0.00923,0.0067,0.0109,-0.01783,0.04685,0.00333,1,1,0.076,0.061,in_circle,0.0160,0.1585,0.0000,0.0000,0
26.516,2,282,-0.00645,0.00941,0.0116,0.0040,-0.01717,0.04652,0.00367,1,1,-0.013,0.107,in_circle,0.0160,0.1584,0.0000,0.0000,0
26.559,2,283,-0.00789,0.00946,-0.0338,0.0012,-0.01651,0.04747,0.00346,1,1,-0.034,0.134,in_circle,0.0159,0.1582,0.0000,0.0000,0
26.603,2,284,-0.00720,0.00975,0.0153,0.0063,-0.02001,0.04697,0.00379,1,1,0.152,0.145,in_circle,0.0159,0.1581,0.0000,0.0000,0
26.646,2,285,-0.00716,0.00901,0.0011,-0.0172,-0.02411,0.04788,0.00307,1,1,-0.047,0.123,in_circle,0.0159,0.1579,0.0000,0.0000,0
26.692,2,286,-0.00656,0.00889,0.0130,-0.0026,-0.02648,0.05271,0.00314,1,1,0.010,0.219,in_circle,0.0159,0.1578,0.0000,0.0000,0
26.735,2,287,-0.00757,0.00875,-0.0239,-0.0032,-0.02880,0.05321,0.00276,1,1,-0.039,0.161,in_circle,0.0158,0.1576,0.0000,0.0000,0
26.780,2,288,-0.00577,0.00783,0.0398,-0.0205,-0.03975,0.04974,0.00273,1,1,0.111,0.163,in_circle,0.0158,0.1575,0.0000,0.0000,0
26.824,2,289,-0.00668,0.00778,-0.0209,-0.0011,-0.04087,0.04973,0.00210,1,1,-0.149,0.235,in_circle,0.0157,0.1574,0.0000,0.0000,0
26.867,2,290,-0.00655,0.00798,0.0031,0.0047,-0.04092,0.05095,0.00234,1,1,0.096,0.157,in_circle,0.0157,0.1574,0.0000,0.0000,0
26.912,2,291,-0.00624,0.00911,0.0069,0.0252,-0.04372,0.04835,0.00348,1,1,0.000,0.134,in_circle,0.0156,0.1573,0.0000,0.0000,0
26.956,2,292,-0.00723,0.00851,-0.0226,-0.0137,-0.03893,0.04453,0.00257,1,1,-0.016,0.049,in_circle,0.0156,0.1571,0.0000,0.0000,0
27.000,2,293,-0.00629,0.00866,0.0214,0.0035,-0.03629,0.04552,0.00306,1,1,0.104,0.206,in_circle,0.0155,0.1570,0.0000,0.0000,0
27.043,2,294,-0.00639,0.00883,-0.0023,0.0038,-0.02986,0.04366,0.00316,1,1,-0.074,0.136,in_circle,0.0155,0.1569,0.0000,0.0000,0
27.087,2,295,-0.00653,0.00859,-0.0032,-0.0056,-0.03315,0.04437,0.00288,1,1,0.021,0.135,in_circle,0.0154,0.1568,0.0000,0.0000,0
27.131,2,296,-0.00642,0.00858,0.0025,-0.0002,-0.03287,0.04567,0.00293,1,1,0.025,0.173,in_circle,0.0154,0.1567,0.0000,0.0000,0
27.176,2,297,-0.00650,0.00872,-0.0017,0.0032,-0.03213,0.04353,0.00302,1,1,0.002,0.151,in_circle,0.0153,0.1566,0.0000,0.0000,0
27.218,2,298,-0.00661,0.00843,-0.0027,-0.0069,-0.03203,0.04391,0.00271,1,1,0.019,0.137,in_circle,0.0152,0.1564,0.0000,0.0000,0
27.265,2,299,-0.00656,0.00806,0.0011,-0.0079,-0.03338,0.04299,0.00241,1,1,0.023,0.178,in_circle,0.0152,0.1563,0.0000,0.0000,0
27.307,2,300,-0.00659,0.00815,-0.0006,0.0021,-0.03135,0.04393,0.00247,1,1,0.008,0.183,in_circle,0.0151,0.1562,0.0000,0.0000,0
27.351,2,301,-0.00655,0.00805,0.0009,-0.0023,-0.03247,0.04512,0.00240,1,1,0.014,0.142,in_circle,0.0151,0.1562,0.0000,0.0000,0
27.396,2,302,-0.00650,0.00838,0.0011,0.0075,-0.03254,0.04300,0.00272,1,1,0.008,0.160,in_circle,0.0150,0.1561,0.0000,0.0000,0
27.439,2,303,-0.00583,0.00808,0.0153,-0.0069,-0.03247,0.04389,0.00287,1,1,0.008,0.120,in_circle,0.0150,0.1561,0.0000,0.0000,0
27.484,2,304,-0.00643,0.00819,-0.0134,0.0024,-0.03124,0.04373,0.00258,1,1,-0.051,0.179,in_circle,0.0150,0.1561,0.0000,0.0000,0
27.528,2,305,-0.00679,0.00821,-0.0082,0.0004,-0.03119,0.04466,0.00243,1,1,0.065,0.141,in_circle,0.0150,0.1561,0.0000,0.0000,0
27.572,2,306,-0.00677,0.00809,0.0006,-0.0026,-0.03245,0.04402,0.00233,1,1,0.045,0.149,in_circle,0.0150,0.1561,0.0000,0.0000,0
27.616,2,307,-0.00639,0.00820,0.0086,0.0025,-0.03122,0.04474,0.00261,1,1,0.010,0.161,in_circle,0.0150,0.1561,0.0000,0.0000,0
27.660,2,308,-0.00659,0.00862,-0.0045,0.0095,-0.03072,0.04673,0.00289,1,1,-0.023,0.141,in_circle,0.0150,0.1561,0.0000,0.0000,0
27.704,2,309,-0.00653,0.00833,0.0014,-0.0065,-0.03095,0.04559,0.00266,1,1,0.030,0.111,in_circle,0.0150,0.1561,0.0000,0.0000,0
27.748,2,310,-0.00635,0.00836,0.0041,0.0006,-0.03106,0.04637,0.00277,1,1,0.006,0.176,in_circle,0.0150,0.1561,0.0000,0.0000,0
27.792,2,311,-0.00662,0.00834,-0.0061,-0.0004,-0.03048,0.04532,0.00262,1,1,-0.005,0.148,in_circle,0.0150,0.1561,0.0000,0.0000,0
27.836,2,312,-0.00630,0.00871,0.0070,0.0082,-0.03108,0.04577,0.00310,1,1,0.037,0.152,in_circle,0.0150,0.1561,0.0000,0.0000,0
27.880,2,313,-0.00631,0.00788,-0.0002,-0.0191,-0.03133,0.04556,0.00240,1,1,-0.017,0.116,in_circle,0.0150,0.1561,0.0000,0.0000,0
27.923,2,314,-0.00580,0.00845,0.0120,0.0133,-0.03012,0.04675,0.00317,1,1,0.012,0.228,in_circle,0.0150,0.1561,0.0000,0.0000,0
28.011,2,315,-0.00587,0.00838,-0.0008,-0.0009,-0.03768,0.04757,0.00306,1,1,-0.038,0.097,in_circle,0.0150,0.1561,0.0000,0.0000,0
28.056,2,316,-0.00638,0.00802,-0.0113,-0.0078,-0.03752,0.04695,0.00247,1,1,0.013,0.154,in_circle,0.0150,0.1561,0.0000,0.0000,0
28.099,2,317,-0.00607,0.00812,0.0071,0.0023,-0.03119,0.04483,0.00273,1,1,0.057,0.182,in_circle,0.0150,0.1561,0.0000,0.0000,0
28.143,2,318,-0.00652,0.00822,-0.0100,0.0022,-0.03299,0.04533,0.00256,1,1,-0.018,0.142,in_circle,0.0150,0.1561,0.0000,0.0000,0
28.187,2,319,-0.00646,0.00841,0.0014,0.0045,-0.03112,0.04595,0.00276,1,1,0.052,0.142,in_circle,0.0150,0.1561,0.0000,0.0000,0
28.232,2,320,-0.00661,0.00818,-0.0033,-0.0051,-0.03168,0.04555,0.00248,1,1,0.006,0.132,in_circle,0.0150,0.1561,0.0000,0.0000,0
28.276,2,321,-0.00626,0.00845,0.0080,0.0062,-0.03129,0.04504,0.00290,1,1,0.025,0.171,in_circle,0.0150,0.1561,0.0000,0.0000,0
28.320,2,322,-0.00623,0.00811,0.0007,-0.0078,-0.03148,0.04493,0.00263,1,1,-0.021,0.125,in_circle,0.0150,0.1561,0.0000,0.0000,0
28.362,2,323,-0.00646,0.00858,-0.0054,0.0110,-0.03156,0.04482,0.00290,1,1,0.008,0.182,in_circle,0.0150,0.1561,0.0000,0.0000,0
28.408,2,324,-0.00657,0.00784,-0.0026,-0.0163,-0.03131,0.04444,0.00221,1,1,0.033,0.106,in_circle,0.0150,0.1561,0.0000,0.0000,0
28.450,2,325,-0.00697,0.00829,-0.0093,0.0105,-0.03219,0.04467,0.00244,1,1,0.022,0.217,in_circle,0.0150,0.1561,0.0000,0.0000,0
28.495,2,326,-0.00654,0.00819,0.0097,-0.0022,-0.03122,0.04546,0.00253,1,1,0.050,0.108,in_circle,0.0150,0.1561,0.0000,0.0000,0
28.539,2,327,-0.00690,0.00861,-0.0084,0.0094,-0.03443,0.04578,0.00276,1,1,-0.027,0.159,in_circle,0.0150,0.1561,0.0000,0.0000,0
28.583,2,328,-0.00564,0.00862,0.0292,0.0003,-0.03013,0.04538,0.00339,1,1,0.046,0.112,in_circle,0.0150,0.1561,0.0000,0.0000,0
28.628,2,329,-0.00659,0.00827,-0.0210,-0.0076,-0.03160,0.04502,0.00257,1,1,-0.107,0.148,in_circle,0.0150,0.1561,0.0000,0.0000,0
28.670,2,330,-0.00650,0.00812,0.0022,-0.0035,-0.02973,0.04545,0.00249,1,1,0.096,0.181,in_circle,0.0150,0.1561,0.0000,0.0000,0
28.715,2,331,-0.00650,0.00800,-0.0000,-0.0028,-0.03285,0.04252,0.00238,1,1,0.003,0.165,in_circle,0.0150,0.1561,0.0000,0.0000,0
28.759,2,332,-0.00703,0.00850,-0.0122,0.0115,-0.03172,0.04423,0.00261,1,1,0.012,0.162,in_circle,0.0150,0.1561,0.0000,0.0000,0
28.806,2,333,-0.00649,0.00807,0.0115,-0.0090,-0.03136,0.04700,0.00245,1,1,0.062,0.104,in_circle,0.0150,0.1561,0.0000,0.0000,0
28.847,2,334,-0.00633,0.00838,0.0037,0.0073,-0.03136,0.04483,0.00280,1,1,-0.034,0.187,in_circle,0.0150,0.1561,0.0000,0.0000,0
28.892,2,335,-0.00674,0.00856,-0.0091,0.0039,-0.02988,0.04586,0.00277,1,1,-0.004,0.121,in_circle,0.0150,0.1561,0.0000,0.0000,0
28.935,2,336,-0.00612,0.00830,0.0145,-0.0059,-0.03353,0.04382,0.00285,1,1,0.049,0.134,in_circle,0.0150,0.1561,0.0000,0.0000,0
28.980,2,337,-0.00625,0.00795,-0.0029,-0.0077,-0.03136,0.04483,0.00249,1,1,-0.047,0.174,in_circle,0.0150,0.1561,0.0000,0.0000,0
29.023,2,338,-0.00665,0.00850,-0.0092,0.0126,-0.03179,0.04478,0.00275,1,1,0.023,0.182,in_circle,0.0150,0.1561,0.0000,0.0000,0
29.068,2,339,-0.00624,0.00792,0.0090,-0.0128,-0.03333,0.04256,0.00247,1,1,0.049,0.099,in_circle,0.0150,0.1561,0.0000,0.0000,0
29.111,2,340,-0.00629,0.00779,-0.0011,-0.0031,-0.03353,0.04457,0.00234,1,1,-0.025,0.203,in_circle,0.0150,0.1561,0.0000,0.0000,0
29.155,2,341,-0.00642,0.00818,-0.0029,0.0090,-0.03279,0.04514,0.00258,1,1,0.016,0.164,in_circle,0.0150,0.1561,0.0000,0.0000,0
29.199,2,342,-0.00625,0.00844,0.0038,0.0059,-0.03516,0.04421,0.00289,1,1,0.023,0.114,in_circle,0.0150,0.1561,0.0000,0.0000,0
29.243,2,343,-0.00641,0.00874,-0.0035,0.0069,-0.03220,0.04518,0.00308,1,1,-0.004,0.127,in_circle,0.0150,0.1561,0.0000,0.0000,0
29.287,2,344,-0.00666,0.00782,-0.0059,-0.0213,-0.03160,0.04483,0.00215,1,1,0.025,0.122,in_circle,0.0150,0.1561,0.0000,0.0000,0
29.332,2,345,-0.00638,0.00816,0.0063,0.0075,-0.03086,0.04418,0.00259,1,1,0.036,0.237,in_circle,0.0150,0.1561,0.0000,0.0000,0
29.376,2,346,-0.00561,0.00822,0.0177,0.0014,-0.03179,0.04478,0.00312,1,1,-0.014,0.121,in_circle,0.0150,0.1561,0.0000,0.0000,0
29.420,2,347,-0.00692,0.00842,-0.0297,0.0045,-0.03620,0.04671,0.00258,1,1,-0.061,0.145,in_circle,0.0150,0.1561,0.0000,0.0000,0
29.463,2,348,-0.00687,0.00847,0.0011,0.0010,-0.03173,0.04403,0.00264,1,1,0.131,0.132,in_circle,0.0150,0.1561,0.0000,0.0000,0
29.508,2,349,-0.00676,0.00849,0.0025,0.0006,-0.03215,0.04293,0.00270,1,1,0.008,0.146,in_circle,0.0150,0.1561,0.0000,0.0000,0
29.551,2,350,-0.00691,0.00861,-0.0036,0.0026,-0.03098,0.04723,0.00275,1,1,0.002,0.147,in_circle,0.0150,0.1561,0.0000,0.0000,0
29.596,2,351,-0.00586,0.00847,0.0231,-0.0030,-0.02905,0.04928,0.00314,1,1,0.027,0.139,in_circle,0.0150,0.1561,0.0000,0.0000,0
29.639,2,352,-0.00620,0.00810,-0.0079,-0.0087,-0.02979,0.04903,0.00264,1,1,-0.082,0.162,in_circle,0.0150,0.1561,0.0000,0.0000,0
29.684,2,353,-0.00626,0.00793,-0.0011,-0.0038,-0.03028,0.04974,0.00247,1,1,0.043,0.186,in_circle,0.0150,0.1561,0.0000,0.0000,0
29.729,2,354,-0.00657,0.00798,-0.0071,0.0011,-0.03235,0.04649,0.00233,1,1,0.016,0.166,in_circle,0.0150,0.1561,0.0000,0.0000,0
29.771,2,355,-0.00663,0.00830,-0.0014,0.0076,-0.03467,0.04474,0.00258,1,1,0.040,0.147,in_circle,0.0150,0.1561,0.0000,0.0000,0
29.815,2,356,-0.00578,0.00821,0.0198,-0.0022,-0.03188,0.04565,0.00299,1,1,0.018,0.120,in_circle,0.0150,0.1561,0.0000,0.0000,0
29.860,2,357,-0.00634,0.00840,-0.0125,0.0043,-0.03212,0.04582,0.00281,1,1,-0.069,0.159,in_circle,0.0150,0.1561,0.0000,0.0000,0
29.904,2,358,-0.00602,0.00822,0.0074,-0.0043,-0.03171,0.04463,0.00284,1,1,0.061,0.133,in_circle,0.0150,0.1561,0.0000,0.0000,0
29.947,2,359,-0.00678,0.00832,-0.0174,0.0025,-0.03445,0.04369,0.00254,1,1,-0.019,0.168,in_circle,0.0150,0.1561,0.0000,0.0000,0
30.036,2,360,-0.00649,0.00822,0.0032,-0.0012,-0.03203,0.04391,0.00257,1,1,0.082,0.140,in_circle,0.0150,0.1561,0.0000,0.0000,0
30.080,2,361,-0.00639,0.00811,0.0024,-0.0023,-0.03263,0.04329,0.00254,1,1,-0.001,0.155,in_circle,0.0150,0.1561,0.0000,0.0000,0
30.123,2,362,-0.00683,0.00833,-0.0103,0.0049,-0.03193,0.04445,0.00252,1,1,0.002,0.160,in_circle,0.0150,0.1561,0.0000,0.0000,0
30.168,2,363,-0.00561,0.00830,0.0274,-0.0007,-0.03173,0.04403,0.00317,1,1,0.054,0.130,in_circle,0.0150,0.1561,0.0000,0.0000,0
30.212,2,364,-0.00658,0.00827,-0.0222,-0.0006,-0.03173,0.04403,0.00258,1,1,-0.100,0.153,in_circle,0.0150,0.1561,0.0000,0.0000,0
30.256,2,365,-0.00646,0.00830,0.0029,0.0006,-0.03166,0.04524,0.00266,1,1,0.101,0.153,in_circle,0.0150,0.1561,0.0000,0.0000,0
30.299,2,366,-0.00688,0.00840,-0.0099,0.0023,-0.03324,0.04327,0.00257,1,1,0.000,0.148,in_circle,0.0150,0.1561,0.0000,0.0000,0
30.344,2,367,-0.00638,0.00821,0.0112,-0.0041,-0.03118,0.04627,0.00263,1,1,0.052,0.141,in_circle,0.0150,0.1561,0.0000,0.0000,0
30.387,2,368,-0.00639,0.00848,-0.0004,0.0063,-0.03102,0.04845,0.00285,1,1,-0.033,0.167,in_circle,0.0150,0.1561,0.0000,0.0000,0
30.432,2,369,-0.00630,0.00828,0.0021,-0.0045,-0.03088,0.04656,0.00273,1,1,0.013,0.125,in_circle,0.0150,0.1561,0.0000,0.0000,0
30.475,2,370,-0.00635,0.00823,-0.0011,-0.0012,-0.03149,0.04653,0.00266,1,1,0.003,0.168,in_circle,0.0150,0.1561,0.0000,0.0000,0
30.520,2,371,-0.00698,0.00828,-0.0141,0.0011,-0.03162,0.04609,0.00242,1,1,0.016,0.155,in_circle,0.0150,0.1561,0.0000,0.0000,0
30.563,2,372,-0.00655,0.00804,0.0102,-0.0055,-0.03210,0.04587,0.00240,1,1,0.069,0.146,in_circle,0.0150,0.1561,0.0000,0.0000,0
30.609,2,373,-0.00676,0.00846,-0.0045,0.0092,-0.03159,0.04523,0.00268,1,1,-0.029,0.173,in_circle,0.0150,0.1561,0.0000,0.0000,0
30.651,2,374,-0.00607,0.00891,0.0160,0.0104,-0.03106,0.04637,0.00338,1,1,0.031,0.113,in_circle,0.0150,0.1561,0.0000,0.0000,0
30.696,2,375,-0.00640,0.00814,-0.0072,-0.0170,-0.03153,0.04462,0.00256,1,1,-0.053,0.107,in_circle,0.0150,0.1561,0.0000,0.0000,0
30.739,2,376,-0.00671,0.00833,-0.0072,0.0044,-0.03106,0.04637,0.00257,1,1,0.040,0.219,in_circle,0.0150,0.1561,0.0000,0.0000,0
30.784,2,377,-0.00603,0.00804,0.0150,-0.0064,-0.03084,0.04557,0.00270,1,1,0.041,0.133,in_circle,0.0150,0.1561,0.0000,0.0000,0
30.827,2,378,-0.00628,0.00837,-0.0059,0.0078,-0.03537,0.04527,0.00282,1,1,-0.049,0.177,in_circle,0.0150,0.1561,0.0000,0.0000,0
30.873,2,379,-0.00670,0.00828,-0.0093,-0.0021,-0.03322,0.04566,0.00253,1,1,0.035,0.119,in_circle,0.0150,0.1561,0.0000,0.0000,0
30.915,2,380,-0.00654,0.00839,0.0038,0.0026,-0.03503,0.04268,0.00270,1,1,0.050,0.159,in_circle,0.0150,0.1561,0.0000,0.0000,0
30.960,2,381,-0.00660,0.00807,-0.0013,-0.0073,-0.03106,0.04278,0.00239,1,1,-0.003,0.140,in_circle,0.0150,0.1561,0.0000,0.0000,0
31.003,2,382,-0.00562,0.00821,0.0227,0.0032,-0.03298,0.04342,0.00310,1,1,0.017,0.180,in_circle,0.0150,0.1561,0.0000,0.0000,0
31.048,2,383,-0.00700,0.00821,-0.0307,0.0002,-0.03349,0.04428,0.00235,1,1,-0.081,0.138,in_circle,0.0150,0.1561,0.0000,0.0000,0
31.091,2,384,-0.00678,0.00822,0.0050,0.0001,-0.03348,0.04310,0.00244,1,1,0.136,0.150,in_circle,0.0150,0.1561,0.0000,0.0000,0
31.136,2,385,-0.00664,0.00830,0.0031,0.0019,-0.03402,0.04426,0.00257,1,1,-0.008,0.150,in_circle,0.0150,0.1561,0.0000,0.0000,0
31.179,2,386,-0.00670,0.00824,-0.0014,-0.0014,-0.03244,0.04366,0.00249,1,1,-0.000,0.143,in_circle,0.0150,0.1561,0.0000,0.0000,0
31.223,2,387,-0.00616,0.00851,0.0122,0.0061,-0.03206,0.04432,0.00300,1,1,0.018,0.156,in_circle,0.0150,0.1561,0.0000,0.0000,0
31.268,2,388,-0.00688,0.00842,-0.0163,-0.0021,-0.03176,0.04491,0.00259,1,1,-0.038,0.125,in_circle,0.0150,0.1561,0.0000,0.0000,0
31.311,2,389,-0.00660,0.00796,0.0065,-0.0106,-0.03044,0.04574,0.00229,1,1,0.078,0.159,in_circle,0.0150,0.1561,0.0000,0.0000,0
31.356,2,390,-0.00648,0.00842,0.0027,0.0105,-0.03160,0.04502,0.00276,1,1,-0.014,0.194,in_circle,0.0150,0.1561,0.0000,0.0000,0
31.399,2,391,-0.00644,0.00785,0.0011,-0.0131,-0.03153,0.04675,0.00230,1,1,0.001,0.108,in_circle,0.0150,0.1561,0.0000,0.0000,0
31.444,2,392,-0.00686,0.00838,-0.0093,0.0117,-0.03104,0.04684,0.00256,1,1,0.007,0.204,in_circle,0.0150,0.1561,0.0000,0.0000,0
31.487,2,393,-0.00655,0.00771,0.0071,-0.0156,-0.03131,0.04483,0.00212,1,1,0.050,0.103,in_circle,0.0150,0.1561,0.0000,0.0000,0
31.532,2,394,-0.00640,0.00862,0.0034,0.0202,-0.03242,0.04590,0.00297,1,1,-0.016,0.214,in_circle,0.0150,0.1561,0.0000,0.0000,0
31.575,2,395,-0.00677,0.00846,-0.0086,-0.0036,-0.02945,0.04488,0.00267,1,1,-0.002,0.069,in_circle,0.0150,0.1561,0.0000,0.0000,0
31.620,2,396,-0.00688,0.00834,-0.0025,-0.0028,-0.03310,0.04628,0.00251,1,1,0.047,0.164,in_circle,0.0150,0.1561,0.0000,0.0000,0
31.663,2,397,-0.00624,0.00862,0.0150,0.0067,-0.02659,0.04445,0.00305,1,1,0.023,0.161,in_circle,0.0150,0.1561,0.0000,0.0000,0
31.708,2,398,-0.00645,0.00846,-0.0046,-0.0036,-0.02948,0.04492,0.00281,1,1,-0.049,0.123,in_circle,0.0150,0.1561,0.0000,0.0000,0
31.751,2,399,-0.00654,0.00783,-0.0023,-0.0145,-0.03003,0.04547,0.00222,1,1,0.030,0.164,in_circle,0.0150,0.1561,0.0000,0.0000,0
31.797,2,400,-0.00590,0.00844,0.0140,0.0131,-0.03061,0.04415,0.00309,1,1,0.021,0.210,in_circle,0.0150,0.1561,0.0000,0.0000,0
31.840,2,401,-0.00640,0.00816,-0.0115,-0.0063,-0.03265,0.04467,0.00257,1,1,-0.046,0.097,in_circle,0.0150,0.1561,0.0000,0.0000,0
31.884,2,402,-0.00679,0.00877,-0.0089,0.0138,-0.03641,0.04600,0.00295,1,1,0.058,0.176,in_circle,0.0150,0.1561,0.0000,0.0000,0
31.928,2,403,-0.00672,0.00832,0.0016,-0.0104,-0.03399,0.04434,0.00255,1,1,0.048,0.094,in_circle,0.0150,0.1561,0.0000,0.0000,0
31.972,2,404,-0.00658,0.00860,0.0033,0.0065,-0.03288,0.04641,0.00287,1,1,0.006,0.192,in_circle,0.0150,0.1561,0.0000,0.0000,0
32.060,2,405,-0.00644,0.00814,0.0015,-0.0053,-0.03431,0.04632,0.00253,1,1,-0.001,0.124,in_circle,0.0150,0.1561,0.0000,0.0000,0
32.104,2,406,-0.00641,0.00792,0.0007,-0.0050,-0.03374,0.04771,0.00237,1,1,0.005,0.172,in_circle,0.0150,0.1561,0.0000,0.0000,0
32.148,2,407,-0.00583,0.00825,0.0133,0.0076,-0.03203,0.04493,0.00299,1,1,0.009,0.171,in_circle,0.0150,0.1561,0.0000,0.0000,0
32.191,2,408,-0.00654,0.00855,-0.0164,0.0068,-0.03335,0.04612,0.00284,1,1,-0.043,0.120,in_circle,0.0150,0.1561,0.0000,0.0000,0
32.236,2,409,-0.00677,0.00836,-0.0052,-0.0041,-0.03170,0.04508,0.00258,1,1,0.078,0.122,in_circle,0.0150,0.1561,0.0000,0.0000,0
32.279,2,410,-0.00649,0.00813,0.0064,-0.0053,-0.03192,0.04363,0.00250,1,1,0.033,0.167,in_circle,0.0150,0.1561,0.0000,0.0000,0
32.324,2,411,-0.00641,0.00841,0.0018,0.0062,-0.03032,0.04696,0.00278,1,1,-0.014,0.172,in_circle,0.0150,0.1561,0.0000,0.0000,0
32.368,2,412,-0.00654,0.00848,-0.0029,0.0017,-0.03023,0.04552,0.00278,1,1,0.004,0.125,in_circle,0.0150,0.1561,0.0000,0.0000,0
32.413,2,413,-0.00660,0.00804,-0.0013,-0.0100,-0.03143,0.04334,0.00237,1,1,0.023,0.143,in_circle,0.0150,0.1561,0.0000,0.0000,0
32.456,2,414,-0.00583,0.00840,0.0177,0.0082,-0.03076,0.04440,0.00310,1,1,0.017,0.191,in_circle,0.0150,0.1561,0.0000,0.0000,0
32.500,2,415,-0.00651,0.00797,-0.0153,-0.0097,-0.03126,0.04401,0.00235,1,1,-0.061,0.117,in_circle,0.0150,0.1561,0.0000,0.0000,0
32.544,2,416,-0.00632,0.00783,0.0042,-0.0031,-0.03289,0.04629,0.00235,1,1,0.073,0.190,in_circle,0.0150,0.1561,0.0000,0.0000,0
32.588,2,417,-0.00617,0.00846,0.0035,0.0143,-0.03191,0.04419,0.00295,1,1,-0.006,0.164,in_circle,0.0150,0.1561,0.0000,0.0000,0
32.632,2,418,-0.00631,0.00843,-0.0032,-0.0008,-0.03445,0.04661,0.00285,1,1,-0.003,0.093,in_circle,0.0150,0.1561,0.0000,0.0000,0
32.676,2,419,-0.00655,0.00846,-0.0054,0.0008,-0.03306,0.04467,0.00276,1,1,0.024,0.153,in_circle,0.0150,0.1561,0.0000,0.0000,0
32.720,2,420,-0.00640,0.00843,0.0034,-0.0007,-0.03024,0.04474,0.00281,1,1,0.034,0.147,in_circle,0.0150,0.1561,0.0000,0.0000,0
32.764,2,421,-0.00708,0.00829,-0.0154,-0.0034,-0.03179,0.04478,0.00240,1,1,-0.002,0.153,in_circle,0.0150,0.1561,0.0000,0.0000,0
32.807,2,422,-0.00673,0.00801,0.0082,-0.0064,-0.03123,0.04506,0.00228,1,1,0.075,0.164,in_circle,0.0150,0.1561,0.0000,0.0000,0
32.852,2,423,-0.00602,0.00825,0.0158,0.0053,-0.03054,0.04459,0.00287,1,1,-0.021,0.177,in_circle,0.0150,0.1561,0.0000,0.0000,0
32.897,2,424,-0.00689,0.00854,-0.0196,0.0064,-0.03080,0.04577,0.00269,1,1,-0.052,0.129,in_circle,0.0150,0.1561,0.0000,0.0000,0
32.939,2,425,-0.00620,0.00850,0.0165,-0.0009,-0.03322,0.04325,0.00297,1,1,0.091,0.124,in_circle,0.0150,0.1561,0.0000,0.0000,0
32.984,2,426,-0.00652,0.00845,-0.0073,-0.0011,-0.03376,0.04442,0.00276,1,1,-0.055,0.153,in_circle,0.0150,0.1561,0.0000,0.0000,0
33.029,2,427,-0.00664,0.00824,-0.0026,-0.0047,-0.03156,0.04836,0.00252,1,1,0.041,0.154,in_circle,0.0150,0.1561,0.0000,0.0000,0
33.072,2,428,-0.00601,0.00830,0.0147,0.0013,-0.03182,0.04691,0.00291,1,1,0.023,0.169,in_circle,0.0150,0.1561,0.0000,0.0000,0
33.115,2,429,-0.00644,0.00810,-0.0099,-0.0045,-0.03187,0.04376,0.00251,1,1,-0.048,0.145,in_circle,0.0150,0.1561,0.0000,0.0000,0
33.160,2,430,-0.00647,0.00808,-0.0007,-0.0005,-0.03123,0.04461,0.00247,1,1,0.051,0.169,in_circle,0.0150,0.1561,0.0000,0.0000,0
33.204,2,431,-0.00656,0.00832,-0.0021,0.0054,-0.03289,0.04314,0.00263,1,1,0.014,0.153,in_circle,0.0150,0.1561,0.0000,0.0000,0
33.248,2,432,-0.00651,0.00863,0.0010,0.0072,-0.03289,0.04592,0.00293,1,1,0.020,0.129,in_circle,0.0150,0.1561,0.0000,0.0000,0
33.291,2,433,-0.00550,0.00807,0.0236,-0.0132,-0.03138,0.04534,0.00309,1,1,0.008,0.121,in_circle,0.0150,0.1561,0.0000,0.0000,0
33.335,2,434,-0.00667,0.00843,-0.0260,0.0082,-0.03230,0.04413,0.00269,1,1,-0.085,0.204,in_circle,0.0149,0.1560,0.0000,0.0000,0
33.380,2,435,-0.00664,0.00808,0.0005,-0.0081,-0.03156,0.04534,0.00238,1,1,0.116,0.117,in_circle,0.0149,0.1559,0.0000,0.0000,0
33.423,2,436,-0.00661,0.00799,0.0006,-0.0020,-0.03445,0.04347,0.00232,1,1,0.010,0.183,in_circle,0.0148,0.1558,0.0000,0.0000,0
33.468,2,437,-0.00678,0.00857,-0.0037,0.0129,-0.03145,0.04523,0.00276,1,1,0.009,0.159,in_circle,0.0148,0.1558,0.0000,0.0000,0
33.511,2,438,-0.00696,0.00804,-0.0042,-0.0122,-0.03517,0.04767,0.00221,1,1,0.027,0.098,in_circle,0.0148,0.1558,0.0000,0.0000,0
33.557,2,439,-0.00608,0.00831,0.0189,0.0059,-0.03112,0.04612,0.00288,1,1,0.030,0.199,in_circle,0.0148,0.1558,0.0000,0.0000,0
33.599,2,440,-0.00679,0.00835,-0.0169,0.0009,-0.02933,0.04501,0.00256,1,1,-0.065,0.126,in_circle,0.0148,0.1558,0.0000,0.0000,0
33.645,2,441,-0.00681,0.00827,-0.0005,-0.0019,-0.03468,0.04434,0.00247,1,1,0.080,0.146,in_circle,0.0148,0.1558,0.0000,0.0000,0
33.694,2,442,-0.00674,0.00814,0.0014,-0.0027,-0.03210,0.04347,0.00238,1,1,0.014,0.158,in_circle,0.0148,0.1558,0.0000,0.0000,0
33.731,2,443,-0.00670,0.00816,0.0010,0.0007,-0.03162,0.04609,0.00242,1,1,0.007,0.161,in_circle,0.0148,0.1558,0.0000,0.0000,0
33.776,2,444,-0.00703,0.00825,-0.0072,0.0020,-0.03139,0.04722,0.00238,1,1,0.008,0.148,in_circle,0.0148,0.1558,0.0000,0.0000,0
33.819,2,445,-0.00631,0.00878,0.0168,0.0124,-0.03084,0.04608,0.00316,1,1,0.041,0.142,in_circle,0.0148,0.1557,0.0000,0.0000,0
33.865,2,446,-0.00656,0.00827,-0.0055,-0.0112,-0.03158,0.04640,0.00258,1,1,-0.056,0.099,in_circle,0.0147,0.1556,0.0000,0.0000,0
33.907,2,447,-0.00656,0.00841,0.0001,0.0034,-0.03127,0.04680,0.00271,1,1,0.033,0.195,in_circle,0.0147,0.1554,0.0000,0.0000,0
33.952,2,448,-0.00615,0.00824,0.0089,-0.0039,-0.03146,0.04439,0.00278,1,1,0.011,0.136,in_circle,0.0146,0.1553,0.0000,0.0000,0
33.995,2,449,-0.00650,0.00797,-0.0082,-0.0061,-0.03288,0.04499,0.00236,1,1,-0.025,0.165,in_circle,0.0146,0.1553,0.0000,0.0000,0
34.084,2,450,-0.00667,0.00845,-0.0018,0.0054,-0.03442,0.04377,0.00270,1,1,0.044,0.175,in_circle,0.0146,0.1553,0.0000,0.0000,0
34.128,2,451,-0.00691,0.00858,-0.0057,0.0031,-0.03284,0.04318,0.00273,1,1,0.019,0.128,in_circle,0.0146,0.1553,0.0000,0.0000,0
34.171,2,452,-0.00647,0.00845,0.0102,-0.0030,-0.03332,0.04424,0.00279,1,1,0.035,0.136,in_circle,0.0146,0.1553,0.0000,0.0000,0
34.217,2,453,-0.00657,0.00837,-0.0020,-0.0019,-0.03258,0.04422,0.00267,1,1,-0.030,0.161,in_circle,0.0146,0.1553,0.0000,0.0000,0
34.260,2,454,-0.00645,0.00851,0.0028,0.0034,-0.03172,0.04448,0.00285,1,1,0.020,0.157,in_circle,0.0146,0.1553,0.0000,0.0000,0
34.304,2,455,-0.00700,0.00811,-0.0124,-0.0093,-0.03309,0.04532,0.00225,1,1,0.000,0.136,in_circle,0.0146,0.1553,0.0000,0.0000,0
34.347,2,456,-0.00683,0.00804,0.0039,-0.0016,-0.03264,0.04430,0.00226,1,1,0.062,0.187,in_circle,0.0146,0.1553,0.0000,0.0000,0
34.392,2,457,-0.00635,0.00813,0.0108,0.0022,-0.03112,0.04612,0.00258,1,1,-0.003,0.157,in_circle,0.0146,0.1553,0.0000,0.0000,0
34.435,2,458,-0.00661,0.00820,-0.0059,0.0016,-0.03168,0.04624,0.00250,1,1,-0.032,0.141,in_circle,0.0146,0.1553,0.0000,0.0000,0
34.480,2,459,-0.00622,0.00840,0.0086,0.0045,-0.03171,0.04463,0.00288,1,1,0.035,0.144,in_circle,0.0146,0.1553,0.0000,0.0000,0
34.524,2,460,-0.00671,0.00838,-0.0112,-0.0006,-0.03153,0.04462,0.00262,1,1,-0.024,0.131,in_circle,0.0146,0.1553,0.0000,0.0000,0
34.567,2,461,-0.00652,0.00831,0.0043,-0.0017,-0.03134,0.04492,0.00264,1,1,0.057,0.152,in_circle,0.0146,0.1553,0.0000,0.0000,0
34.612,2,462,-0.00689,0.00834,-0.0081,0.0008,-0.03304,0.04533,0.00251,1,1,-0.006,0.156,in_circle,0.0146,0.1553,0.0000,0.0000,0
34.655,2,463,-0.00583,0.00838,0.0247,0.0009,-0.03085,0.04545,0.00309,1,1,0.045,0.146,in_circle,0.0146,0.1553,0.0000,0.0000,0
34.700,2,464,-0.00681,0.00843,-0.0219,0.0011,-0.03229,0.04656,0.00262,1,1,-0.089,0.146,in_circle,0.0146,0.1553,0.0000,0.0000,0
34.743,2,465,-0.00724,0.00834,-0.0098,-0.0020,-0.03146,0.04646,0.00240,1,1,0.100,0.145,in_circle,0.0146,0.1553,0.0000,0.0000,0
34.788,2,466,-0.00676,0.00825,0.0107,-0.0019,-0.03423,0.04427,0.00248,1,1,0.052,0.158,in_circle,0.0146,0.1553,0.0000,0.0000,0
34.831,2,467,-0.00641,0.00791,0.0083,-0.0078,-0.03174,0.04386,0.00237,1,1,-0.031,0.158,in_circle,0.0146,0.1553,0.0000,0.0000,0
34.877,2,468,-0.00699,0.00843,-0.0128,0.0115,-0.02989,0.04989,0.00257,1,1,-0.022,0.182,in_circle,0.0146,0.1553,0.0000,0.0000,0
34.919,2,469,-0.00663,0.00828,0.0085,-0.0037,-0.03094,0.04458,0.00256,1,1,0.064,0.103,in_circle,0.0146,0.1553,0.0000,0.0000,0
34.964,2,470,-0.00633,0.00795,0.0066,-0.0072,-0.03085,0.04666,0.00244,1,1,-0.022,0.164,in_circle,0.0146,0.1553,0.0000,0.0000,0
35.008,2,471,-0.00662,0.00787,-0.0067,-0.0018,-0.02989,0.04639,0.00221,1,1,-0.015,0.179,in_circle,0.0146,0.1553,0.0000,0.0000,0
35.052,2,472,-0.00683,0.00799,-0.0046,0.0025,-0.03158,0.04474,0.00221,1,1,0.039,0.158,in_circle,0.0146,0.1553,0.0000,0.0000,0
35.096,2,473,-0.00632,0.00809,0.0116,0.0024,-0.03262,0.04431,0.00256,1,1,0.031,0.140,in_circle,0.0146,0.1553,0.0000,0.0000,0
35.140,2,474,-0.00670,0.00819,-0.0085,0.0022,-0.03166,0.04741,0.00245,1,1,-0.036,0.141,in_circle,0.0146,0.1553,0.0000,0.0000,0
35.183,2,475,-0.00669,0.00829,0.0002,0.0025,-0.03135,0.04458,0.00255,1,1,0.046,0.141,in_circle,0.0146,0.1553,0.0000,0.0000,0
35.229,2,476,-0.00667,0.00843,0.0003,0.0029,-0.03170,0.04508,0.00268,1,1,0.011,0.140,in_circle,0.0146,0.1553,0.0000,0.0000,0
35.271,2,477,-0.00703,0.00849,-0.0083,0.0015,-0.03197,0.04642,0.00261,1,1,0.011,0.138,in_circle,0.0146,0.1553,0.0000,0.0000,0
35.316,2,478,-0.00666,0.00844,0.0083,-0.0012,-0.03241,0.04652,0.00269,1,1,0.046,0.143,in_circle,0.0146,0.1553,0.0000,0.0000,0
35.360,2,479,-0.00628,0.00814,0.0086,-0.0066,-0.03151,0.04523,0.00263,1,1,-0.021,0.154,in_circle,0.0146,0.1553,0.0000,0.0000,0
35.403,2,480,-0.00663,0.00793,-0.0081,-0.0049,-0.03120,0.04622,0.00226,1,1,-0.023,0.176,in_circle,0.0146,0.1553,0.0000,0.0000,0
35.449,2,481,-0.00566,0.00827,0.0210,0.0074,-0.03320,0.04556,0.00312,1,1,0.044,0.170,in_circle,0.0146,0.1553,0.0000,0.0000,0
35.491,2,482,-0.00662,0.00853,-0.0228,0.0061,-0.03201,0.04559,0.00280,1,1,-0.075,0.120,in_circle,0.0146,0.1553,0.0000,0.0000,0
35.536,2,483,-0.00669,0.00849,-0.0017,-0.0010,-0.03256,0.04627,0.00272,1,1,0.103,0.125,in_circle,0.0146,0.1553,0.0000,0.0000,0
35.580,2,484,-0.00689,0.00856,-0.0046,0.0016,-0.03393,0.04295,0.00271,1,1,0.019,0.153,in_circle,0.0146,0.1553,0.0000,0.0000,0
35.625,2,485,-0.00652,0.00827,0.0081,-0.0062,-0.03253,0.04422,0.00261,1,1,0.031,0.143,in_circle,0.0146,0.1553,0.0000,0.0000,0
35.667,2,486,-0.00634,0.00839,0.0043,0.0028,-0.03104,0.04522,0.00280,1,1,-0.021,0.174,in_circle,0.0146,0.1553,0.0000,0.0000,0
35.712,2,487,-0.00644,0.00830,-0.0021,-0.0019,-0.03227,0.04403,0.00268,1,1,-0.006,0.138,in_circle,0.0146,0.1553,0.0000,0.0000,0
35.757,2,488,-0.00658,0.00810,-0.0033,-0.0046,-0.03284,0.04370,0.00242,1,1,0.020,0.157,in_circle,0.0146,0.1553,0.0000,0.0000,0
35.799,2,489,-0.00683,0.00810,-0.0058,0.0002,-0.03211,0.04358,0.00232,1,1,0.025,0.169,in_circle,0.0146,0.1553,0.0000,0.0000,0
35.844,2,490,-0.00649,0.00814,0.0075,0.0008,-0.03274,0.04483,0.00251,1,1,0.035,0.149,in_circle,0.0146,0.1553,0.0000,0.0000,0
35.887,2,491,-0.00691,0.00829,-0.0098,0.0035,-0.03322,0.04325,0.00246,1,1,-0.019,0.147,in_circle,0.0146,0.1553,0.0000,0.0000,0
35.932,2,492,-0.00651,0.00843,0.0090,0.0031,-0.03172,0.04409,0.00275,1,1,0.052,0.136,in_circle,0.0146,0.1553,0.0000,0.0000,0
35.976,2,493,-0.00659,0.00812,-0.0019,-0.0070,-0.03211,0.04358,0.00245,1,1,-0.025,0.137,in_circle,0.0146,0.1553,0.0000,0.0000,0
36.020,2,494,-0.00664,0.00834,-0.0011,0.0050,-0.03162,0.04609,0.00262,1,1,0.019,0.178,in_circle,0.0146,0.1553,0.0000,0.0000,0
36.108,2,495,-0.00653,0.00852,0.0013,0.0020,-0.03252,0.04547,0.00282,1,1,0.016,0.130,in_circle,0.0146,0.1553,0.0000,0.0000,0
36.152,2,496,-0.00611,0.00833,0.0097,-0.0043,-0.03254,0.04300,0.00288,1,1,0.006,0.141,in_circle,0.0146,0.1553,0.0000,0.0000,0
36.196,2,497,-0.00652,0.00812,-0.0091,-0.0048,-0.03153,0.04449,0.00247,1,1,-0.028,0.167,in_circle,0.0146,0.1553,0.0000,0.0000,0
36.240,2,498,-0.00624,0.00775,0.0062,-0.0084,-0.03143,0.04573,0.00234,1,1,0.048,0.169,in_circle,0.0146,0.1553,0.0000,0.0000,0
36.284,2,499,-0.00683,0.00840,-0.0130,0.0146,-0.03256,0.04362,0.00259,1,1,-0.014,0.184,in_circle,0.0146,0.1553,0.0000,0.0000,0
36.327,2,500,-0.00646,0.00812,0.0086,-0.0065,-0.03177,0.04556,0.00251,1,1,0.064,0.091,in_circle,0.0146,0.1553,0.0000,0.0000,0
36.372,2,501,-0.00711,0.00831,-0.0145,0.0041,-0.03304,0.04503,0.00241,1,1,-0.023,0.176,in_circle,0.0146,0.1553,0.0000,0.0000,0
36.416,2,502,-0.00647,0.00848,0.0148,0.0040,-0.02787,0.04606,0.00282,1,1,0.071,0.133,in_circle,0.0146,0.1553,0.0000,0.0000,0
36.461,2,503,-0.00677,0.00832,-0.0066,-0.0036,-0.03280,0.04701,0.00254,1,1,-0.048,0.133,in_circle,0.0146,0.1553,0.0000,0.0000,0
36.504,2,504,-0.00671,0.00795,0.0014,-0.0085,-0.02871,0.04828,0.00224,1,1,0.038,0.164,in_circle,0.0146,0.1553,0.0000,0.0000,0
36.549,2,505,-0.00650,0.00820,0.0047,0.0058,-0.03145,0.04592,0.00256,1,1,0.006,0.185,in_circle,0.0146,0.1553,0.0000,0.0000,0
36.591,2,506,-0.00669,0.00818,-0.0044,-0.0005,-0.03132,0.04514,0.00245,1,1,-0.007,0.127,in_circle,0.0146,0.1553,0.0000,0.0000,0
36.636,2,507,-0.00685,0.00849,-0.0035,0.0067,-0.03454,0.04683,0.00266,1,1,0.030,0.152,in_circle,0.0146,0.1553,0.0000,0.0000,0
36.680,2,508,-0.00652,0.00816,0.0075,-0.0075,-0.03108,0.04533,0.00251,1,1,0.026,0.122,in_circle,0.0146,0.1553,0.0000,0.0000,0
36.724,2,509,-0.00687,0.00831,-0.0079,0.0034,-0.03327,0.04598,0.00249,1,1,-0.019,0.180,in_circle,0.0146,0.1553,0.0000,0.0000,0
36.768,2,510,-0.00606,0.00843,0.0184,0.0027,-0.03246,0.04563,0.00299,1,1,0.044,0.136,in_circle,0.0146,0.1553,0.0000,0.0000,0
36.812,2,511,-0.00670,0.00811,-0.0145,-0.0072,-0.03326,0.04596,0.00238,1,1,-0.063,0.139,in_circle,0.0146,0.1553,0.0000,0.0000,0
36.855,2,512,-0.00685,0.00829,-0.0036,0.0040,-0.03299,0.04703,0.00247,1,1,0.070,0.179,in_circle,0.0146,0.1553,0.0000,0.0000,0
36.900,2,513,-0.00689,0.00854,-0.0009,0.0058,-0.03404,0.04409,0.00270,1,1,0.027,0.134,in_circle,0.0146,0.1553,0.0000,0.0000,0
36.944,2,514,-0.00684,0.00855,0.0011,0.0002,-0.03292,0.04675,0.00273,1,1,0.016,0.126,in_circle,0.0146,0.1553,0.0000,0.0000,0
36.990,2,515,-0.00652,0.00825,0.0071,-0.0067,-0.03074,0.04603,0.00259,1,1,0.008,0.148,in_circle,0.0146,0.1553,0.0000,0.0000,0
37.031,2,516,-0.00643,0.00833,0.0020,0.0021,-0.03070,0.04507,0.00270,1,1,-0.017,0.177,in_circle,0.0146,0.1553,0.0000,0.0000,0
37.076,2,517,-0.00650,0.00811,-0.0016,-0.0049,-0.03194,0.04425,0.00248,1,1,0.003,0.141,in_circle,0.0146,0.1553,0.0000,0.0000,0
37.120,2,518,-0.00673,0.00806,-0.0051,-0.0013,-0.03134,0.04492,0.00232,1,1,0.018,0.170,in_circle,0.0146,0.1553,0.0000,0.0000,0
37.164,2,519,-0.00631,0.00793,0.0096,-0.0028,-0.03164,0.04512,0.00244,1,1,0.032,0.156,in_circle,0.0146,0.1553,0.0000,0.0000,0
37.208,2,520,-0.00678,0.00825,-0.0108,0.0072,-0.03283,0.04414,0.00247,1,1,-0.027,0.162,in_circle,0.0146,0.1553,0.0000,0.0000,0
37.252,2,521,-0.00661,0.00824,0.0037,-0.0000,-0.03211,0.04358,0.00254,1,1,0.055,0.121,in_circle,0.0146,0.1553,0.0000,0.0000,0
37.295,2,522,-0.00680,0.00836,-0.0043,0.0028,-0.03264,0.04430,0.00257,1,1,-0.003,0.150,in_circle,0.0146,0.1553,0.0000,0.0000,0
37.341,2,523,-0.00691,0.00822,-0.0025,-0.0032,-0.03111,0.04473,0.00239,1,1,0.029,0.138,in_circle,0.0146,0.1553,0.0000,0.0000,0
37.383,2,524,-0.00655,0.00808,0.0085,-0.0031,-0.03111,0.04473,0.00243,1,1,0.023,0.163,in_circle,0.0146,0.1553,0.0000,0.0000,0
37.428,2,525,-0.00634,0.00828,0.0047,0.0043,-0.03079,0.04516,0.00270,1,1,-0.022,0.163,in_circle,0.0146,0.1553,0.0000,0.0000,0
37.471,2,526,-0.00667,0.00794,-0.0076,-0.0077,-0.03157,0.04458,0.00225,1,1,-0.008,0.132,in_circle,0.0146,0.1553,0.0000,0.0000,0
37.516,2,527,-0.00619,0.00809,0.0106,0.0033,-0.03067,0.04395,0.00264,1,1,0.042,0.181,in_circle,0.0146,0.1553,0.0000,0.0000,0
37.560,2,528,-0.00673,0.00806,-0.0123,-0.0006,-0.03143,0.04573,0.00232,1,1,-0.032,0.137,in_circle,0.0146,0.1553,0.0000,0.0000,0
37.605,2,529,-0.00582,0.00841,0.0205,0.0079,-0.03351,0.04581,0.00312,1,1,0.061,0.153,in_circle,0.0146,0.1553,0.0000,0.0000,0
37.650,2,530,-0.00658,0.00838,-0.0170,-0.0009,-0.03329,0.04429,0.00267,1,1,-0.072,0.118,in_circle,0.0146,0.1553,0.0000,0.0000,0
37.691,2,531,-0.00664,0.00797,-0.0014,-0.0097,-0.03299,0.04588,0.00229,1,1,0.079,0.153,in_circle,0.0146,0.1553,0.0000,0.0000,0
37.736,2,532,-0.00632,0.00824,0.0071,0.0061,-0.03278,0.04255,0.00269,1,1,0.017,0.189,in_circle,0.0146,0.1553,0.0000,0.0000,0
37.779,2,533,-0.00636,0.00785,-0.0009,-0.0091,-0.03241,0.04471,0.00234,1,1,-0.018,0.125,in_circle,0.0146,0.1553,0.0000,0.0000,0
37.824,2,534,-0.00646,0.00833,-0.0023,0.0107,-0.03171,0.04780,0.00268,1,1,0.015,0.187,in_circle,0.0146,0.1553,0.0000,0.0000,0
37.867,2,535,-0.00667,0.00822,-0.0048,-0.0024,-0.03198,0.04424,0.00249,1,1,0.020,0.107,in_circle,0.0146,0.1553,0.0000,0.0000,0
37.912,2,536,-0.00701,0.00832,-0.0074,0.0023,-0.03477,0.04663,0.00246,1,1,0.031,0.160,in_circle,0.0146,0.1553,0.0000,0.0000,0
37.955,2,537,-0.00665,0.00823,0.0083,-0.0021,-0.03141,0.04397,0.00251,1,1,0.042,0.140,in_circle,0.0146,0.1553,0.0000,0.0000,0
38.000,2,538,-0.00600,0.00783,0.0145,-0.0089,-0.03220,0.04495,0.00257,1,1,-0.022,0.158,in_circle,0.0146,0.1553,0.0000,0.0000,0
38.043,2,539,-0.00677,0.00830,-0.0179,0.0108,-0.03134,0.04492,0.00252,1,1,-0.048,0.186,in_circle,0.0146,0.1553,0.0000,0.0000,0
38.132,2,540,-0.00690,0.00812,-0.0014,-0.0020,-0.03363,0.04477,0.00230,1,1,0.083,0.106,in_circle,0.0146,0.1553,0.0000,0.0000,0
38.176,2,541,-0.00690,0.00823,-0.0001,0.0026,-0.03262,0.04514,0.00241,1,1,0.018,0.158,in_circle,0.0146,0.1553,0.0000,0.0000,0
38.220,2,542,-0.00650,0.00838,0.0091,0.0035,-0.03122,0.04474,0.00271,1,1,0.013,0.139,in_circle,0.0146,0.1553,0.0000,0.0000,0
38.264,2,543,-0.00678,0.00808,-0.0061,-0.0068,-0.03185,0.04591,0.00232,1,1,-0.025,0.135,in_circle,0.0146,0.1553,0.0000,0.0000,0
38.308,2,544,-0.00664,0.00847,0.0031,0.0091,-0.03156,0.04558,0.00273,1,1,0.036,0.177,in_circle,0.0146,0.1553,0.0000,0.0000,0
38.353,2,545,-0.00665,0.00821,-0.0001,-0.0058,-0.03243,0.04182,0.00249,1,1,-0.001,0.113,in_circle,0.0146,0.1553,0.0000,0.0000,0
38.396,2,546,-0.00659,0.00845,0.0013,0.0057,-0.03160,0.04485,0.00273,1,1,0.012,0.173,in_circle,0.0146,0.1553,0.0000,0.0000,0
38.439,2,547,-0.00635,0.00822,0.0056,-0.0051,-0.03122,0.04420,0.00265,1,1,0.007,0.126,in_circle,0.0146,0.1553,0.0000,0.0000,0
38.484,2,548,-0.00607,0.00834,0.0062,0.0027,-0.03128,0.04581,0.00291,1,1,-0.011,0.170,in_circle,0.0146,0.1553,0.0000,0.0000,0
38.528,2,549,-0.00669,0.00839,-0.0143,0.0012,-0.03080,0.04494,0.00264,1,1,-0.014,0.139,in_circle,0.0146,0.1553,0.0000,0.0000,0
38.572,2,550,-0.00644,0.00778,0.0057,-0.0138,-0.03200,0.04478,0.00224,1,1,0.069,0.145,in_circle,0.0146,0.1553,0.0000,0.0000,0
38.615,2,551,-0.00666,0.00786,-0.0049,0.0016,-0.03100,0.04594,0.00218,1,1,-0.011,0.206,in_circle,0.0146,0.1553,0.0000,0.0000,0
38.660,2,552,-0.00674,0.00836,-0.0019,0.0111,-0.03172,0.04615,0.00258,1,1,0.031,0.144,in_circle,0.0146,0.1553,0.0000,0.0000,0
38.704,2,553,-0.00678,0.00845,-0.0009,0.0021,-0.03421,0.04625,0.00265,1,1,0.020,0.105,in_circle,0.0146,0.1553,0.0000,0.0000,0
38.749,2,554,-0.00678,0.00842,0.0000,-0.0006,-0.03189,0.04547,0.00263,1,1,0.016,0.141,in_circle,0.0146,0.1553,0.0000,0.0000,0
38.793,2,555,-0.00694,0.00859,-0.0036,0.0038,-0.03083,0.04526,0.00273,1,1,0.012,0.152,in_circle,0.0146,0.1553,0.0000,0.0000,0
38.836,2,556,-0.00630,0.00838,0.0148,-0.0049,-0.03063,0.04479,0.00281,1,1,0.027,0.134,in_circle,0.0146,0.1553,0.0000,0.0000,0
38.879,2,557,-0.00660,0.00793,-0.0069,-0.0104,-0.03156,0.04456,0.00227,1,1,-0.048,0.169,in_circle,0.0146,0.1553,0.0000,0.0000,0
38.925,2,558,-0.00663,0.00844,-0.0007,0.0113,-0.03121,0.04535,0.00271,1,1,0.039,0.192,in_circle,0.0146,0.1553,0.0000,0.0000,0
38.968,2,559,-0.00684,0.00842,-0.0049,-0.0007,-0.03308,0.04416,0.00260,1,1,0.015,0.104,in_circle,0.0146,0.1553,0.0000,0.0000,0
39.012,2,560,-0.00661,0.00819,0.0052,-0.0051,-0.03497,0.04630,0.00249,1,1,0.032,0.152,in_circle,0.0146,0.1553,0.0000,0.0000,0
39.056,2,561,-0.00640,0.00844,0.0047,0.0057,-0.03046,0.04316,0.00281,1,1,-0.009,0.170,in_circle,0.0146,0.1553,0.0000,0.0000,0
39.100,2,562,-0.00657,0.00843,-0.0038,-0.0002,-0.03230,0.04596,0.00272,1,1,-0.008,0.127,in_circle,0.0146,0.1553,0.0000,0.0000,0
39.144,2,563,-0.00607,0.00841,0.0116,-0.0003,-0.03102,0.04533,0.00297,1,1,0.027,0.150,in_circle,0.0146,0.1553,0.0000,0.0000,0
39.188,2,564,-0.00611,0.00831,-0.0010,-0.0023,-0.03125,0.04468,0.00286,1,1,-0.036,0.151,in_circle,0.0146,0.1553,0.0000,0.0000,0
39.232,2,565,-0.00684,0.00824,-0.0168,-0.0016,-0.03080,0.04429,0.00243,1,1,0.014,0.159,in_circle,0.0146,0.1553,0.0000,0.0000,0
39.276,2,566,-0.00654,0.00818,0.0067,-0.0013,-0.03177,0.04397,0.00252,1,1,0.079,0.156,in_circle,0.0146,0.1553,0.0000,0.0000,0
39.319,2,567,-0.00697,0.00833,-0.0099,0.0035,-0.03088,0.04568,0.00248,1,1,-0.015,0.155,in_circle,0.0146,0.1553,0.0000,0.0000,0
39.364,2,568,-0.00697,0.00853,-0.0000,0.0044,-0.02997,0.04513,0.00266,1,1,0.052,0.136,in_circle,0.0146,0.1553,0.0000,0.0000,0
39.408,2,569,-0.00635,0.00801,0.0140,-0.0117,-0.03064,0.04549,0.00248,1,1,0.013,0.132,in_circle,0.0146,0.1553,0.0000,0.0000,0
39.453,2,570,-0.00675,0.00829,-0.0088,0.0060,-0.02952,0.04583,0.00251,1,1,-0.045,0.197,in_circle,0.0146,0.1553,0.0000,0.0000,0
39.495,2,571,-0.00656,0.00854,0.0046,0.0060,-0.03070,0.04707,0.00283,1,1,0.047,0.126,in_circle,0.0146,0.1553,0.0000,0.0000,0
39.540,2,572,-0.00715,0.00831,-0.0131,-0.0052,-0.03649,0.04660,0.00240,1,1,-0.007,0.125,in_circle,0.0146,0.1553,0.0000,0.0000,0
39.583,2,573,-0.00661,0.00804,0.0126,-0.0063,-0.03416,0.04622,0.00236,1,1,0.066,0.170,in_circle,0.0146,0.1553,0.0000,0.0000,0
39.628,2,574,-0.00685,0.00837,-0.0054,0.0074,-0.03428,0.04667,0.00255,1,1,-0.039,0.176,in_circle,0.0146,0.1553,0.0000,0.0000,0
39.672,2,575,-0.00682,0.00834,0.0006,-0.0007,-0.03260,0.04692,0.00253,1,1,0.034,0.120,in_circle,0.0146,0.1553,0.0000,0.0000,0
39.716,2,576,-0.00695,0.00828,-0.0029,-0.0014,-0.03434,0.04372,0.00243,1,1,0.010,0.152,in_circle,0.0146,0.1553,0.0000,0.0000,0
39.760,2,577,-0.00654,0.00853,0.0093,0.0057,-0.03157,0.04494,0.00282,1,1,0.024,0.155,in_circle,0.0146,0.1553,0.0000,0.0000,0
39.805,2,578,-0.00681,0.00810,-0.0061,-0.0096,-0.03264,0.04621,0.00232,1,1,-0.026,0.126,in_circle,0.0146,0.1553,0.0000,0.0000,0
39.847,2,579,-0.00679,0.00820,0.0004,0.0022,-0.03239,0.04570,0.00242,1,1,0.037,0.189,in_circle,0.0146,0.1553,0.0000,0.0000,0
39.893,2,580,-0.00689,0.00832,-0.0021,0.0028,-0.03279,0.04530,0.00250,1,1,0.010,0.141,in_circle,0.0146,0.1553,0.0000,0.0000,0
39.937,2,581,-0.00672,0.00805,0.0037,-0.0063,-0.03372,0.04619,0.00231,1,1,0.021,0.138,in_circle,0.0146,0.1553,0.0000,0.0000,0
39.979,2,582,-0.00576,0.00791,0.0227,-0.0031,-0.03294,0.04646,0.00280,1,1,-0.003,0.176,in_circle,0.0146,0.1553,0.0000,0.0000,0
40.024,2,583,-0.00670,0.00808,-0.0209,0.0037,-0.03179,0.04753,0.00235,1,1,-0.081,0.163,in_circle,0.0146,0.1553,0.0000,0.0000,0
40.067,2,584,-0.00677,0.00838,-0.0017,0.0069,-0.03184,0.04506,0.00259,1,1,0.096,0.135,in_circle,0.0146,0.1553,0.0000,0.0000,0
40.202,2,585,-0.00681,0.00850,-0.0003,0.0009,-0.03083,0.04778,0.00269,1,1,0.019,0.122,in_circle,0.0146,0.1553,0.0000,0.0000,0
40.243,2,586,-0.00634,0.00840,0.0115,-0.0026,-0.03100,0.04677,0.00281,1,1,0.013,0.145,in_circle,0.0146,0.1553,0.0000,0.0000,0
40.289,2,587,-0.00654,0.00816,-0.0043,-0.0052,-0.03031,0.04583,0.00250,1,1,-0.035,0.160,in_circle,0.0146,0.1553,0.0000,0.0000,0
40.332,2,588,-0.00650,0.00791,0.0008,-0.0057,-0.03147,0.04614,0.00231,1,1,0.029,0.171,in_circle,0.0146,0.1553,0.0000,0.0000,0
40.377,2,589,-0.00668,0.00827,-0.0041,0.0079,-0.03273,0.04398,0.00253,1,1,0.008,0.173,in_circle,0.0146,0.1553,0.0000,0.0000,0
40.420,2,590,-0.00681,0.00812,-0.0029,-0.0033,-0.03247,0.04298,0.00235,1,1,0.028,0.118,in_circle,0.0146,0.1553,0.0000,0.0000,0
40.465,2,591,-0.00657,0.00828,0.0052,0.0036,-0.03315,0.04471,0.00259,1,1,0.024,0.163,in_circle,0.0146,0.1553,0.0000,0.0000,0
40.507,2,592,-0.00632,0.00835,0.0061,0.0015,-0.03192,0.04300,0.00278,1,1,-0.009,0.135,in_circle,0.0146,0.1553,0.0000,0.0000,0
40.552,2,593,-0.00660,0.00821,-0.0063,-0.0031,-0.03249,0.04430,0.00252,1,1,-0.013,0.143,in_circle,0.0146,0.1553,0.0000,0.0000,0
40.596,2,594,-0.00679,0.00840,-0.0044,0.0044,-0.03260,0.04350,0.00261,1,1,0.037,0.162,in_circle,0.0146,0.1553,0.0000,0.0000,0
40.640,2,595,-0.00679,0.00798,0.0001,-0.0095,-0.03182,0.04345,0.00223,1,1,0.030,0.132,in_circle,0.0146,0.1553,0.0000,0.0000,0
40.684,2,596,-0.00683,0.00841,-0.0009,0.0097,-0.03179,0.04496,0.00260,1,1,0.012,0.188,in_circle,0.0146,0.1553,0.0000,0.0000,0
40.728,2,597,-0.00666,0.00832,0.0038,-0.0020,-0.03156,0.04514,0.00258,1,1,0.016,0.111,in_circle,0.0146,0.1553,0.0000,0.0000,0
40.771,2,598,-0.00658,0.00804,0.0018,-0.0065,-0.03352,0.04350,0.00238,1,1,-0.003,0.158,in_circle,0.0146,0.1553,0.0000,0.0000,0
40.817,2,599,-0.00645,0.00829,0.0030,0.0054,-0.02953,0.04400,0.00266,1,1,0.004,0.176,in_circle,0.0146,0.1553,0.0000,0.0000,0
40.859,2,600,-0.00656,0.00812,-0.0026,-0.0039,-0.03169,0.04603,0.00246,1,1,-0.001,0.128,in_circle,0.0146,0.1553,0.0000,0.0000,0
40.904,2,601,-0.00649,0.00806,0.0014,-0.0014,-0.03113,0.04341,0.00244,1,1,0.022,0.166,in_circle,0.0146,0.1553,0.0000,0.0000,0
40.948,2,602,-0.00633,0.00827,0.0038,0.0047,-0.03137,0.04486,0.00271,1,1,0.006,0.156,in_circle,0.0146,0.1553,0.0000,0.0000,0
40.993,2,603,-0.00619,0.00789,0.0030,-0.0084,-0.03221,0.04382,0.00248,1,1,-0.004,0.131,in_circle,0.0146,0.1553,0.0000,0.0000,0
41.036,2,604,-0.00686,0.00833,-0.0157,0.0103,-0.03083,0.04396,0.00251,1,1,-0.002,0.184,in_circle,0.0146,0.1553,0.0000,0.0000,0
41.081,2,605,-0.00702,0.00819,-0.0035,-0.0032,-0.03081,0.04470,0.00232,1,1,0.075,0.108,in_circle,0.0146,0.1553,0.0000,0.0000,0
41.124,2,606,-0.00676,0.00826,0.0059,0.0017,-0.03309,0.04360,0.00249,1,1,0.027,0.163,in_circle,0.0146,0.1553,0.0000,0.0000,0
41.167,2,607,-0.00642,0.00822,0.0078,-0.0009,-0.03045,0.04610,0.00261,1,1,-0.011,0.143,in_circle,0.0146,0.1553,0.0000,0.0000,0
41.213,2,608,-0.00625,0.00813,0.0040,-0.0021,-0.03061,0.04709,0.00263,1,1,-0.020,0.153,in_circle,0.0146,0.1553,0.0000,0.0000,0
41.257,2,609,-0.00649,0.00826,-0.0055,0.0030,-0.03177,0.04435,0.00261,1,1,-0.005,0.159,in_circle,0.0146,0.1553,0.0000,0.0000,0
41.301,2,610,-0.00571,0.00845,0.0178,0.0043,-0.03042,0.04414,0.00322,1,1,0.033,0.138,in_circle,0.0146,0.1553,0.0000,0.0000,0
41.344,2,611,-0.00657,0.00833,-0.0196,-0.0026,-0.03209,0.04569,0.00264,1,1,-0.062,0.132,in_circle,0.0146,0.1553,0.0000,0.0000,0
41.388,2,612,-0.00628,0.00857,0.0065,0.0053,-0.03177,0.04538,0.00298,1,1,0.090,0.160,in_circle,0.0146,0.1553,0.0000,0.0000,0
41.431,2,613,-0.00682,0.00770,-0.0125,-0.0203,-0.03315,0.04386,0.00196,1,1,-0.015,0.128,in_circle,0.0146,0.1553,0.0000,0.0000,0
41.477,2,614,-0.00670,0.00821,0.0026,0.0112,-0.03162,0.04662,0.00247,1,1,0.062,0.232,in_circle,0.0146,0.1553,0.0000,0.0000,0
41.521,2,615,-0.00700,0.00821,-0.0069,0.0000,-0.03140,0.04853,0.00235,1,1,0.002,0.105,in_circle,0.0146,0.1553,0.0000,0.0000,0
41.564,2,616,-0.00657,0.00816,0.0101,-0.0011,-0.03781,0.04616,0.00249,1,1,0.040,0.150,in_circle,0.0146,0.1553,0.0000,0.0000,0
41.608,2,617,-0.00594,0.00843,0.0145,0.0062,-0.03101,0.04857,0.00306,1,1,-0.029,0.154,in_circle,0.0146,0.1553,0.0000,0.0000,0
41.653,2,618,-0.00670,0.00818,-0.0168,-0.0055,-0.03425,0.04697,0.00244,1,1,-0.048,0.124,in_circle,0.0146,0.1553,0.0000,0.0000,0
41.696,2,619,-0.00706,0.00845,-0.0086,0.0062,-0.03271,0.04547,0.00256,1,1,0.079,0.172,in_circle,0.0146,0.1553,0.0000,0.0000,0
41.740,2,620,-0.00615,0.00810,0.0203,-0.0078,-0.03236,0.04649,0.00267,1,1,0.047,0.124,in_circle,0.0146,0.1553,0.0000,0.0000,0
41.784,2,621,-0.00638,0.00801,-0.0051,-0.0019,-0.03288,0.04641,0.00247,1,1,-0.071,0.181,in_circle,0.0146,0.1553,0.0000,0.0000,0
41.829,2,622,-0.00656,0.00842,-0.0041,0.0090,-0.03113,0.04576,0.00272,1,1,0.031,0.158,in_circle,0.0146,0.1553,0.0000,0.0000,0
41.873,2,623,-0.00675,0.00844,-0.0044,0.0004,-0.03407,0.04310,0.00265,1,1,0.028,0.113,in_circle,0.0146,0.1553,0.0000,0.0000,0
41.917,2,624,-0.00679,0.00838,-0.0007,-0.0012,-0.03418,0.04355,0.00259,1,1,0.029,0.148,in_circle,0.0146,0.1553,0.0000,0.0000,0
41.960,2,625,-0.00651,0.00828,0.0063,-0.0024,-0.03298,0.04304,0.00262,1,1,0.015,0.154,in_circle,0.0146,0.1553,0.0000,0.0000,0
42.005,2,626,-0.00662,0.00788,-0.0023,-0.0089,-0.03233,0.04213,0.00222,1,1,-0.014,0.159,in_circle,0.0146,0.1553,0.0000,0.0000,0
42.049,2,627,-0.00693,0.00823,-0.0071,0.0080,-0.03322,0.04325,0.00240,1,1,0.021,0.186,in_circle,0.0146,0.1553,0.0000,0.0000,0
42.092,2,628,-0.00613,0.00815,0.0185,-0.0018,-0.03253,0.04232,0.00272,1,1,0.041,0.118,in_circle,0.0146,0.1553,0.0000,0.0000,0
42.181,2,629,-0.00665,0.00845,-0.0059,0.0033,-0.03022,0.04358,0.00270,1,1,-0.063,0.157,in_circle,0.0146,0.1553,0.0000,0.0000,0
42.224,2,630,-0.00651,0.00839,0.0033,-0.0014,-0.02995,0.04421,0.00271,1,1,0.035,0.136,in_circle,0.0146,0.1553,0.0000,0.0000,0
42.268,2,631,-0.00669,0.00805,-0.0041,-0.0076,-0.02955,0.04378,0.00233,1,1,-0.002,0.155,in_circle,0.0146,0.1553,0.0000,0.0000,0
42.312,2,632,-0.00662,0.00792,0.0016,-0.0029,-0.03051,0.04527,0.00225,1,1,0.028,0.181,in_circle,0.0146,0.1553,0.0000,0.0000,0
42.356,2,633,-0.00655,0.00836,0.0017,0.0099,-0.03093,0.04363,0.00267,1,1,0.005,0.162,in_circle,0.0146,0.1553,0.0000,0.0000,0
42.400,2,634,-0.00692,0.00813,-0.0086,-0.0052,-0.03164,0.04527,0.00230,1,1,0.005,0.110,in_circle,0.0146,0.1553,0.0000,0.0000,0
42.445,2,635,-0.00679,0.00823,0.0030,0.0021,-0.03159,0.04503,0.00244,1,1,0.047,0.171,in_circle,0.0146,0.1553,0.0000,0.0000,0
42.487,2,636,-0.00660,0.00822,0.0046,-0.0001,-0.03001,0.04449,0.00253,1,1,0.000,0.141,in_circle,0.0146,0.1553,0.0000,0.0000,0
42.533,2,637,-0.00656,0.00798,0.0008,-0.0053,-0.03196,0.04612,0.00234,1,1,-0.007,0.150,in_circle,0.0146,0.1553,0.0000,0.0000,0
42.577,2,638,-0.00694,0.00811,-0.0087,0.0029,-0.03161,0.04696,0.00228,1,1,0.008,0.172,in_circle,0.0146,0.1553,0.0000,0.0000,0
42.620,2,639,-0.00664,0.00856,0.0068,0.0104,-0.03022,0.04677,0.00281,1,1,0.047,0.139,in_circle,0.0146,0.1553,0.0000,0.0000,0
42.664,2,640,-0.00680,0.00827,-0.0036,-0.0065,-0.03268,0.04638,0.00248,1,1,-0.015,0.107,in_circle,0.0146,0.1553,0.0000,0.0000,0
42.708,2,641,-0.00689,0.00828,-0.0020,0.0001,-0.03156,0.04514,0.00245,1,1,0.027,0.176,in_circle,0.0146,0.1553,0.0000,0.0000,0
42.752,2,642,-0.00699,0.00812,-0.0023,-0.0034,-0.03225,0.04518,0.00227,1,1,0.020,0.149,in_circle,0.0146,0.1553,0.0000,0.0000,0
42.797,2,643,-0.00680,0.00820,0.0043,0.0018,-0.03312,0.04682,0.00242,1,1,0.022,0.164,in_circle,0.0146,0.1553,0.0000,0.0000,0
42.841,2,644,-0.00690,0.00840,-0.0024,0.0044,-0.03328,0.04497,0.00256,1,1,-0.005,0.143,in_circle,0.0146,0.1553,0.0000,0.0000,0
42.885,2,645,-0.00620,0.00820,0.0159,-0.0046,-0.03349,0.04628,0.00272,1,1,0.022,0.132,in_circle,0.0146,0.1553,0.0000,0.0000,0
42.929,2,646,-0.00672,0.00835,-0.0115,0.0034,-0.03395,0.04571,0.00258,1,1,-0.053,0.168,in_circle,0.0146,0.1553,0.0000,0.0000,0
42.971,2,647,-0.00666,0.00835,0.0014,-0.0001,-0.03234,0.04472,0.00261,1,1,0.058,0.136,in_circle,0.0146,0.1553,0.0000,0.0000,0
43.016,2,648,-0.00649,0.00833,0.0038,-0.0004,-0.03355,0.04391,0.00267,1,1,0.006,0.150,in_circle,0.0146,0.1553,0.0000,0.0000,0
43.060,2,649,-0.00671,0.00848,-0.0049,0.0034,-0.03240,0.04647,0.00271,1,1,-0.004,0.151,in_circle,0.0146,0.1553,0.0000,0.0000,0
43.105,2,650,-0.00629,0.00806,0.0094,-0.0093,-0.03178,0.04617,0.00256,1,1,0.032,0.136,in_circle,0.0146,0.1553,0.0000,0.0000,0
43.148,2,651,-0.00652,0.00847,-0.0056,0.0096,-0.03200,0.04576,0.00278,1,1,-0.027,0.187,in_circle,0.0146,0.1553,0.0000,0.0000,0
43.192,2,652,-0.00691,0.00811,-0.0089,-0.0080,-0.03330,0.04546,0.00229,1,1,0.034,0.111,in_circle,0.0146,0.1553,0.0000,0.0000,0
43.235,2,653,-0.00654,0.00797,0.0086,-0.0033,-0.03276,0.04410,0.00234,1,1,0.048,0.182,in_circle,0.0146,0.1553,0.0000,0.0000,0
43.281,2,654,-0.00639,0.00843,0.0032,0.0099,-0.03003,0.04524,0.00281,1,1,-0.023,0.164,in_circle,0.0146,0.1553,0.0000,0.0000,0
43.323,2,655,-0.00657,0.00810,-0.0041,-0.0079,-0.03201,0.04539,0.00243,1,1,-0.002,0.110,in_circle,0.0146,0.1553,0.0000,0.0000,0
43.368,2,656,-0.00612,0.00843,0.0099,0.0073,-0.03107,0.04428,0.00295,1,1,0.028,0.182,in_circle,0.0146,0.1553,0.0000,0.0000,0
43.412,2,657,-0.00690,0.00811,-0.0180,-0.0074,-0.03172,0.04386,0.00229,1,1,-0.029,0.120,in_circle,0.0146,0.1553,0.0000,0.0000,0
43.457,2,658,-0.00699,0.00785,-0.0019,-0.0057,-0.03130,0.04608,0.00202,1,1,0.084,0.180,in_circle,0.0146,0.1553,0.0000,0.0000,0
43.500,2,659,-0.00669,0.00821,0.0069,0.0086,-0.03038,0.04430,0.00247,1,1,0.020,0.173,in_circle,0.0146,0.1553,0.0000,0.0000,0
43.544,2,660,-0.00665,0.00869,0.0011,0.0108,-0.03234,0.04707,0.00293,1,1,-0.016,0.115,in_circle,0.0146,0.1553,0.0000,0.0000,0
43.588,2,661,-0.00624,0.00796,0.0093,-0.0168,-0.03110,0.04733,0.00250,1,1,0.007,0.106,in_circle,0.0146,0.1553,0.0000,0.0000,0
43.632,2,662,-0.00675,0.00820,-0.0114,0.0054,-0.03143,0.04673,0.00244,1,1,-0.026,0.218,in_circle,0.0146,0.1553,0.0000,0.0000,0
43.675,2,663,-0.00648,0.00816,0.0063,-0.0010,-0.02833,0.04540,0.00253,1,1,0.058,0.128,in_circle,0.0146,0.1553,0.0000,0.0000,0
43.720,2,664,-0.00687,0.00807,-0.0084,-0.0019,-0.03535,0.04706,0.00227,1,1,-0.014,0.154,in_circle,0.0146,0.1553,0.0000,0.0000,0
43.764,2,665,-0.00667,0.00827,0.0046,0.0048,-0.03221,0.04699,0.00254,1,1,0.046,0.158,in_circle,0.0146,0.1553,0.0000,0.0000,0
43.809,2,666,-0.00701,0.00836,-0.0074,0.0018,-0.03388,0.04674,0.00249,1,1,-0.006,0.131,in_circle,0.0146,0.1553,0.0000,0.0000,0
43.852,2,667,-0.00657,0.00831,0.0101,-0.0012,-0.03322,0.04598,0.00261,1,1,0.042,0.142,in_circle,0.0146,0.1553,0.0000,0.0000,0
43.896,2,668,-0.00704,0.00815,-0.0104,-0.0035,-0.03270,0.04565,0.00228,1,1,-0.029,0.154,in_circle,0.0146,0.1553,0.0000,0.0000,0
43.940,2,669,-0.00678,0.00841,0.0059,0.0059,-0.03338,0.04514,0.00262,1,1,0.054,0.164,in_circle,0.0146,0.1553,0.0000,0.0000,0
43.985,2,670,-0.00569,0.00759,0.0244,-0.0185,-0.03272,0.04524,0.00264,1,1,-0.012,0.126,in_circle,0.0146,0.1553,0.0000,0.0000,0
44.029,2,671,-0.00654,0.00846,-0.0191,0.0197,-0.03282,0.04560,0.00277,1,1,-0.088,0.225,in_circle,0.0146,0.1553,0.0000,0.0000,0
44.072,2,672,-0.00636,0.00817,0.0040,-0.0066,-0.03249,0.04446,0.00261,1,1,0.088,0.070,in_circle,0.0146,0.1553,0.0000,0.0000,0
44.116,2,673,-0.00679,0.00833,-0.0098,0.0037,-0.03579,0.04206,0.00254,1,1,-0.005,0.176,in_circle,0.0146,0.1553,0.0000,0.0000,0
44.204,2,674,-0.00614,0.00790,0.0073,-0.0050,-0.03241,0.04308,0.00252,1,1,0.051,0.135,in_circle,0.0146,0.1553,0.0000,0.0000,0
44.248,2,675,-0.00644,0.00818,-0.0068,0.0063,-0.03252,0.04137,0.00256,1,1,-0.019,0.170,in_circle,0.0146,0.1553,0.0000,0.0000,0
44.292,2,676,-0.00657,0.00832,-0.0030,0.0033,-0.03059,0.04288,0.00263,1,1,0.038,0.125,in_circle,0.0146,0.1553,0.0000,0.0000,0
44.337,2,677,-0.00646,0.00804,0.0024,-0.0062,-0.03096,0.04223,0.00244,1,1,0.023,0.136,in_circle,0.0146,0.1553,0.0000,0.0000,0
44.379,2,678,-0.00647,0.00844,-0.0003,0.0094,-0.03049,0.04244,0.00277,1,1,0.002,0.175,in_circle,0.0146,0.1553,0.0000,0.0000,0
44.424,2,679,-0.00667,0.00811,-0.0043,-0.0073,-0.03067,0.04300,0.00239,1,1,0.012,0.111,in_circle,0.0146,0.1553,0.0000,0.0000,0
44.468,2,680,-0.00663,0.00823,0.0008,0.0028,-0.03106,0.04247,0.00252,1,1,0.029,0.179,in_circle,0.0146,0.1553,0.0000,0.0000,0
44.512,2,681,-0.00571,0.00782,0.0211,-0.0094,-0.02821,0.04269,0.00277,1,1,0.009,0.139,in_circle,0.0146,0.1553,0.0000,0.0000,0
44.555,2,682,-0.00660,0.00804,-0.0209,0.0052,-0.03241,0.04342,0.00237,1,1,-0.075,0.188,in_circle,0.0146,0.1553,0.0000,0.0000,0
44.600,2,683,-0.00675,0.00795,-0.0032,-0.0020,-0.03324,0.04269,0.00222,1,1,0.095,0.129,in_circle,0.0146,0.1553,0.0000,0.0000,0
44.643,2,684,-0.00646,0.00827,0.0067,0.0073,-0.03338,0.04315,0.00263,1,1,0.025,0.159,in_circle,0.0146,0.1553,0.0000,0.0000,0
44.689,2,685,-0.00656,0.00824,-0.0023,-0.0006,-0.03007,0.04578,0.00256,1,1,-0.015,0.121,in_circle,0.0146,0.1553,0.0000,0.0000,0
44.731,2,686,-0.00621,0.00832,0.0083,0.0018,-0.02927,0.04982,0.00281,1,1,0.021,0.152,in_circle,0.0146,0.1553,0.0000,0.0000,0
44.777,2,687,-0.00664,0.00864,-0.0094,0.0071,-0.02797,0.04854,0.00289,1,1,-0.023,0.142,in_circle,0.0146,0.1553,0.0000,0.0000,0
44.819,2,688,-0.00666,0.00852,-0.0004,-0.0030,-0.02816,0.04917,0.00276,1,1,0.049,0.120,in_circle,0.0146,0.1553,0.0000,0.0000,0
44.864,2,689,-0.00617,0.00869,0.0107,0.0038,-0.02918,0.04881,0.00314,1,1,0.013,0.161,in_circle,0.0146,0.1553,0.0000,0.0000,0
44.907,2,690,-0.00650,0.00843,-0.0076,-0.0060,-0.02918,0.04897,0.00276,1,1,-0.032,0.134,in_circle,0.0146,0.1553,0.0000,0.0000,0
44.952,2,691,-0.00678,0.00838,-0.0062,-0.0010,-0.02984,0.04920,0.00260,1,1,0.042,0.173,in_circle,0.0146,0.1553,0.0000,0.0000,0
44.996,2,692,-0.00637,0.00851,0.0091,0.0029,-0.03110,0.04815,0.00289,1,1,0.037,0.153,in_circle,0.0146,0.1553,0.0000,0.0000,0
45.041,2,693,-0.00645,0.00802,-0.0017,-0.0111,-0.03328,0.04785,0.00243,1,1,-0.025,0.137,in_circle,0.0146,0.1553,0.0000,0.0000,0
45.085,2,694,-0.00692,0.00828,-0.0107,0.0059,-0.03318,0.04716,0.00244,1,1,0.018,0.195,in_circle,0.0146,0.1553,0.0000,0.0000,0
45.129,2,695,-0.00665,0.00818,0.0060,-0.0023,-0.03293,0.04661,0.00246,1,1,0.055,0.126,in_circle,0.0146,0.1553,0.0000,0.0000,0
45.172,2,696,-0.00695,0.00798,-0.0068,-0.0044,-0.03675,0.04755,0.00216,1,1,-0.012,0.159,in_circle,0.0146,0.1553,0.0000,0.0000,0
45.216,2,697,-0.00690,0.00830,0.0012,0.0071,-0.03472,0.04699,0.00247,1,1,0.040,0.168,in_circle,0.0146,0.1553,0.0000,0.0000,0
45.259,2,698,-0.00678,0.00817,0.0026,-0.0030,-0.03536,0.04714,0.00240,1,1,0.008,0.121,in_circle,0.0146,0.1553,0.0000,0.0000,0
45.305,2,699,-0.00663,0.00823,0.0033,0.0014,-0.03410,0.04810,0.00252,1,1,0.002,0.162,in_circle,0.0146,0.1553,0.0000,0.0000,0
45.347,2,700,-0.00658,0.00830,0.0012,0.0015,-0.03255,0.04741,0.00260,1,1,-0.002,0.144,in_circle,0.0146,0.1553,0.0000,0.0000,0
45.393,2,701,-0.00675,0.00820,-0.0036,-0.0022,-0.03340,0.04628,0.00244,1,1,0.007,0.144,in_circle,0.0146,0.1553,0.0000,0.0000,0
45.437,2,702,-0.00694,0.00796,-0.0044,-0.0054,-0.03301,0.04641,0.00214,1,1,0.026,0.159,in_circle,0.0146,0.1553,0.0000,0.0000,0
45.481,2,703,-0.00688,0.00838,0.0014,0.0094,-0.03424,0.04705,0.00255,1,1,0.030,0.172,in_circle,0.0146,0.1553,0.0000,0.0000,0
45.523,2,704,-0.00658,0.00843,0.0069,0.0013,-0.03319,0.04402,0.00272,1,1,0.007,0.112,in_circle,0.0146,0.1553,0.0000,0.0000,0
45.568,2,705,-0.00686,0.00809,-0.0062,-0.0077,-0.03339,0.04520,0.00229,1,1,-0.016,0.144,in_circle,0.0146,0.1553,0.0000,0.0000,0
45.612,2,706,-0.00707,0.00836,-0.0048,0.0063,-0.02998,0.04484,0.00247,1,1,0.037,0.181,in_circle,0.0146,0.1553,0.0000,0.0000,0
45.656,2,707,-0.00632,0.00813,0.0173,-0.0052,-0.03283,0.04376,0.00260,1,1,0.032,0.124,in_circle,0.0146,0.1553,0.0000,0.0000,0
45.701,2,708,-0.00629,0.00835,0.0005,0.0048,-0.03238,0.04293,0.00279,1,1,-0.058,0.171,in_circle,0.0146,0.1553,0.0000,0.0000,0
45.744,2,709,-0.00608,0.00810,0.0048,-0.0057,-0.03273,0.04319,0.00271,1,1,0.009,0.130,in_circle,0.0146,0.1553,0.0000,0.0000,0
45.787,2,710,-0.00675,0.00798,-0.0153,-0.0027,-0.03328,0.04066,0.00225,1,1,-0.009,0.173,in_circle,0.0146,0.1553,0.0000,0.0000,0
45.833,2,711,-0.00664,0.00854,0.0024,0.0123,-0.03140,0.04026,0.00280,1,1,0.073,0.161,in_circle,0.0146,0.1553,0.0000,0.0000,0
45.876,2,712,-0.00706,0.00783,-0.0097,-0.0164,-0.03364,0.04248,0.00198,1,1,0.002,0.100,in_circle,0.0146,0.1553,0.0000,0.0000,0
45.921,2,713,-0.00588,0.00817,0.0265,0.0075,-0.03189,0.04228,0.00290,1,1,0.052,0.216,in_circle,0.0146,0.1553,0.0000,0.0000,0
45.964,2,714,-0.00659,0.00810,-0.0167,-0.0015,-0.03094,0.04099,0.00243,1,1,-0.096,0.120,in_circle,0.0146,0.1553,0.0000,0.0000,0
46.009,2,715,-0.00655,0.00836,0.0010,0.0057,-0.03454,0.04307,0.00267,1,1,0.079,0.156,in_circle,0.0146,0.1553,0.0000,0.0000,0
46.053,2,716,-0.00654,0.00789,0.0001,-0.0107,-0.03308,0.04000,0.00227,1,1,0.007,0.127,in_circle,0.0146,0.1553,0.0000,0.0000,0
46.096,2,717,-0.00656,0.00805,-0.0004,0.0038,-0.03259,0.04294,0.00240,1,1,0.011,0.194,in_circle,0.0146,0.1553,0.0000,0.0000,0
46.141,2,718,-0.00676,0.00772,-0.0045,-0.0076,-0.03102,0.04535,0.00201,1,1,0.013,0.135,in_circle,0.0146,0.1553,0.0000,0.0000,0
46.228,2,719,-0.00619,0.00817,0.0065,0.0052,-0.02955,0.04351,0.00270,1,1,0.030,0.181,in_circle,0.0146,0.1553,0.0000,0.0000,0
46.273,2,720,-0.00674,0.00826,-0.0121,0.0018,-0.03113,0.04341,0.00249,1,1,-0.015,0.129,in_circle,0.0146,0.1553,0.0000,0.0000,0
46.315,2,721,-0.00651,0.00802,0.0054,-0.0056,-0.03116,0.04296,0.00240,1,1,0.060,0.142,in_circle,0.0146,0.1553,0.0000,0.0000,0
46.360,2,722,-0.00656,0.00809,-0.0011,0.0015,-0.03192,0.04325,0.00243,1,1,-0.010,0.173,in_circle,0.0146,0.1553,0.0000,0.0000,0
46.405,2,723,-0.00654,0.00824,0.0004,0.0034,-0.03033,0.04590,0.00257,1,1,0.016,0.144,in_circle,0.0146,0.1553,0.0000,0.0000,0
46.448,2,724,-0.00636,0.00833,0.0042,0.0021,-0.02962,0.04522,0.00274,1,1,0.010,0.136,in_circle,0.0146,0.1553,0.0000,0.0000,0
46.492,2,725,-0.00627,0.00822,0.0021,-0.0026,-0.02974,0.04597,0.00270,1,1,-0.006,0.141,in_circle,0.0146,0.1553,0.0000,0.0000,0
46.537,2,726,-0.00673,0.00820,-0.0103,-0.0003,-0.02926,0.04690,0.00245,1,1,0.002,0.160,in_circle,0.0146,0.1553,0.0000,0.0000,0
46.582,2,727,-0.00618,0.00820,0.0121,-0.0000,-0.03010,0.04525,0.00273,1,1,0.053,0.151,in_circle,0.0146,0.1553,0.0000,0.0000,0
46.624,2,728,-0.00689,0.00821,-0.0165,0.0003,-0.03146,0.04529,0.00239,1,1,-0.038,0.150,in_circle,0.0146,0.1553,0.0000,0.0000,0
46.669,2,729,-0.00696,0.00848,-0.0016,0.0059,-0.03100,0.04544,0.00262,1,1,0.078,0.149,in_circle,0.0146,0.1553,0.0000,0.0000,0
46.713,2,730,-0.00648,0.00823,0.0110,-0.0057,-0.03051,0.04461,0.00259,1,1,0.019,0.126,in_circle,0.0146,0.1553,0.0000,0.0000,0
46.756,2,731,-0.00662,0.00838,-0.0032,0.0035,-0.03053,0.04746,0.00265,1,1,-0.033,0.173,in_circle,0.0146,0.1553,0.0000,0.0000,0
46.801,2,732,-0.00638,0.00820,0.0053,-0.0039,-0.02924,0.04917,0.00262,1,1,0.024,0.136,in_circle,0.0146,0.1553,0.0000,0.0000,0
46.843,2,733,-0.00668,0.00846,-0.0071,0.0062,-0.03248,0.04779,0.00271,1,1,-0.010,0.165,in_circle,0.0146,0.1553,0.0000,0.0000,0
46.890,2,734,-0.00653,0.00820,0.0031,-0.0056,-0.03185,0.04785,0.00254,1,1,0.040,0.124,in_circle,0.0146,0.1553,0.0000,0.0000,0
46.933,2,735,-0.00671,0.00812,-0.0041,-0.0019,-0.03280,0.04789,0.00238,1,1,-0.001,0.172,in_circle,0.0146,0.1553,0.0000,0.0000,0
46.977,2,736,-0.00704,0.00853,-0.0074,0.0092,-0.03359,0.04968,0.00264,1,1,0.028,0.158,in_circle,0.0146,0.1553,0.0000,0.0000,0
47.021,2,737,-0.00610,0.00882,0.0214,0.0068,-0.03494,0.04690,0.00330,1,1,0.042,0.112,in_circle,0.0146,0.1553,0.0000,0.0000,0
47.063,2,738,-0.00691,0.00856,-0.0191,-0.0062,-0.03424,0.04646,0.00271,1,1,-0.075,0.121,in_circle,0.0146,0.1553,0.0000,0.0000,0
47.108,2,739,-0.00660,0.00810,0.0069,-0.0102,-0.03212,0.04764,0.00242,1,1,0.089,0.174,in_circle,0.0146,0.1553,0.0000,0.0000,0
47.152,2,740,-0.00657,0.00832,0.0006,0.0051,-0.03161,0.04623,0.00263,1,1,-0.016,0.191,in_circle,0.0146,0.1553,0.0000,0.0000,0
47.197,2,741,-0.00675,0.00827,-0.0038,-0.0012,-0.03338,0.04179,0.00250,1,1,0.009,0.129,in_circle,0.0146,0.1553,0.0000,0.0000,0
47.240,2,742,-0.00718,0.00839,-0.0099,0.0029,-0.03504,0.04576,0.00247,1,1,0.027,0.154,in_circle,0.0146,0.1553,0.0000,0.0000,0
47.285,2,743,-0.00648,0.00810,0.0153,-0.0063,-0.03262,0.04514,0.00249,1,1,0.053,0.138,in_circle,0.0146,0.1553,0.0000,0.0000,0
47.328,2,744,-0.00692,0.00787,-0.0104,-0.0055,-0.03240,0.04537,0.00207,1,1,-0.050,0.175,in_circle,0.0146,0.1553,0.0000,0.0000,0
47.372,2,745,-0.00706,0.00822,-0.0033,0.0079,-0.03305,0.04524,0.00234,1,1,0.054,0.173,in_circle,0.0146,0.1553,0.0000,0.0000,0
47.416,2,746,-0.00702,0.00819,0.0011,-0.0007,-0.03333,0.04381,0.00233,1,1,0.026,0.118,in_circle,0.0146,0.1553,0.0000,0.0000,0
47.461,2,747,-0.00670,0.00839,0.0069,0.0045,-0.03339,0.04597,0.00263,1,1,0.008,0.153,in_circle,0.0146,0.1553,0.0000,0.0000,0
47.505,2,748,-0.00700,0.00822,-0.0068,-0.0040,-0.03184,0.04626,0.00236,1,1,-0.016,0.132,in_circle,0.0146,0.1553,0.0000,0.0000,0
47.548,2,749,-0.00671,0.00808,0.0067,-0.0031,-0.03266,0.04417,0.00235,1,1,0.040,0.166,in_circle,0.0146,0.1553,0.0000,0.0000,0
47.592,2,750,-0.00625,0.00844,0.0103,0.0080,-0.03299,0.04430,0.00289,1,1,-0.015,0.162,in_circle,0.0146,0.1553,0.0000,0.0000,0
47.637,2,751,-0.00677,0.00825,-0.0115,-0.0042,-0.03190,0.04425,0.00247,1,1,-0.030,0.117,in_circle,0.0146,0.1553,0.0000,0.0000,0
47.681,2,752,-0.00679,0.00801,-0.0005,-0.0053,-0.03224,0.04335,0.00225,1,1,0.058,0.167,in_circle,0.0146,0.1553,0.0000,0.0000,0
47.725,2,753,-0.00666,0.00841,0.0030,0.0089,-0.03116,0.04464,0.00266,1,1,0.014,0.172,in_circle,0.0146,0.1553,0.0000,0.0000,0
47.770,2,754,-0.00685,0.00808,-0.0042,-0.0072,-0.03097,0.04520,0.00229,1,1,-0.000,0.114,in_circle,0.0146,0.1553,0.0000,0.0000,0
47.812,2,755,-0.00625,0.00808,0.0144,-0.0002,-0.03059,0.04320,0.00259,1,1,0.029,0.179,in_circle,0.0146,0.1553,0.0000,0.0000,0
47.856,2,756,-0.00664,0.00828,-0.0089,0.0045,-0.02989,0.04431,0.00256,1,1,-0.047,0.151,in_circle,0.0146,0.1553,0.0000,0.0000,0
47.900,2,757,-0.00665,0.00816,-0.0003,-0.0026,-0.03158,0.04449,0.00245,1,1,0.047,0.132,in_circle,0.0146,0.1553,0.0000,0.0000,0
47.944,2,758,-0.00644,0.00806,0.0050,-0.0023,-0.03283,0.04376,0.00247,1,1,0.013,0.160,in_circle,0.0146,0.1553,0.0000,0.0000,0
47.989,2,759,-0.00675,0.00837,-0.0069,0.0068,-0.03182,0.04531,0.00259,1,1,-0.009,0.159,in_circle,0.0146,0.1553,0.0000,0.0000,0
48.032,2,760,-0.00675,0.00827,-0.0000,-0.0023,-0.03235,0.04479,0.00250,1,1,0.040,0.122,in_circle,0.0146,0.1553,0.0000,0.0000,0
48.077,2,761,-0.00655,0.00848,0.0046,0.0046,-0.03172,0.04392,0.00278,1,1,0.012,0.159,in_circle,0.0146,0.1553,0.0000,0.0000,0
48.120,2,762,-0.00704,0.00815,-0.0113,-0.0077,-0.03106,0.04526,0.00228,1,1,-0.007,0.131,in_circle,0.0146,0.1553,0.0000,0.0000,0
48.164,2,763,-0.00669,0.00839,0.0078,0.0055,-0.03190,0.04419,0.00264,1,1,0.058,0.181,in_circle,0.0146,0.1553,0.0000,0.0000,0
48.302,2,764,-0.00662,0.00831,0.0005,-0.0006,-0.03172,0.04699,0.00260,1,1,-0.019,0.127,in_circle,0.0146,0.1553,0.0000,0.0000,0
48.341,2,765,-0.00669,0.00820,-0.0019,-0.0030,-0.03212,0.04580,0.00246,1,1,0.010,0.152,in_circle,0.0146,0.1553,0.0000,0.0000,0
48.384,2,766,-0.00693,0.00829,-0.0056,0.0021,-0.03178,0.04595,0.00245,1,1,0.019,0.162,in_circle,0.0146,0.1553,0.0000,0.0000,0
48.429,2,767,-0.00663,0.00810,0.0066,-0.0040,-0.03221,0.04689,0.00241,1,1,0.035,0.141,in_circle,0.0146,0.1553,0.0000,0.0000,0
48.471,2,768,-0.00658,0.00820,0.0011,0.0023,-0.03220,0.04593,0.00252,1,1,-0.015,0.166,in_circle,0.0146,0.1553,0.0000,0.0000,0
48.516,2,769,-0.00647,0.00821,0.0026,0.0003,-0.03269,0.04695,0.00259,1,1,0.007,0.141,in_circle,0.0146,0.1553,0.0000,0.0000,0
48.560,2,770,-0.00687,0.00837,-0.0093,0.0035,-0.03162,0.04439,0.00254,1,1,0.001,0.149,in_circle,0.0146,0.1553,0.0000,0.0000,0
48.604,2,771,-0.00666,0.00858,0.0047,0.0048,-0.03318,0.04629,0.00282,1,1,0.050,0.135,in_circle,0.0146,0.1553,0.0000,0.0000,0
48.648,2,772,-0.00669,0.00777,-0.0007,-0.0185,-0.03228,0.04632,0.00209,1,1,-0.007,0.130,in_circle,0.0146,0.1553,0.0000,0.0000,0
48.692,2,773,-0.00671,0.00811,-0.0005,0.0076,-0.03041,0.04579,0.00237,1,1,0.015,0.225,in_circle,0.0146,0.1553,0.0000,0.0000,0
48.737,2,774,-0.00654,0.00822,0.0038,0.0025,-0.03298,0.04439,0.00255,1,1,0.014,0.120,in_circle,0.0146,0.1553,0.0000,0.0000,0
48.781,2,775,-0.00679,0.00804,-0.0057,-0.0042,-0.03585,0.04797,0.00228,1,1,-0.004,0.140,in_circle,0.0146,0.1553,0.0000,0.0000,0
48.823,2,776,-0.00684,0.00801,-0.0012,-0.0006,-0.03121,0.04535,0.00223,1,1,0.035,0.167,in_circle,0.0146,0.1553,0.0000,0.0000,0
48.869,2,777,-0.00625,0.00817,0.0130,0.0035,-0.03194,0.04445,0.00267,1,1,0.017,0.153,in_circle,0.0146,0.1553,0.0000,0.0000,0
48.912,2,778,-0.00677,0.00791,-0.0120,-0.0060,-0.03079,0.04489,0.00217,1,1,-0.041,0.136,in_circle,0.0146,0.1553,0.0000,0.0000,0
48.957,2,779,-0.00606,0.00817,0.0157,0.0057,-0.03181,0.04600,0.00278,1,1,0.060,0.174,in_circle,0.0146,0.1553,0.0000,0.0000,0
48.999,2,780,-0.00664,0.00824,-0.0137,0.0016,-0.03283,0.04376,0.00252,1,1,-0.053,0.127,in_circle,0.0146,0.1553,0.0000,0.0000,0
49.045,2,781,-0.00663,0.00817,0.0002,-0.0015,-0.03053,0.04659,0.00246,1,1,0.066,0.143,in_circle,0.0146,0.1553,0.0000,0.0000,0
49.088,2,782,-0.00602,0.00819,0.0141,0.0005,-0.03233,0.04467,0.00282,1,1,0.011,0.156,in_circle,0.0146,0.1553,0.0000,0.0000,0
49.133,2,783,-0.00645,0.00814,-0.0094,-0.0012,-0.03151,0.04327,0.00253,1,1,-0.046,0.148,in_circle,0.0146,0.1553,0.0000,0.0000,0
49.176,2,784,-0.00646,0.00841,-0.0003,0.0063,-0.03105,0.04394,0.00276,1,1,0.049,0.155,in_circle,0.0146,0.1553,0.0000,0.0000,0
49.221,2,785,-0.00651,0.00833,-0.0012,-0.0019,-0.03298,0.04304,0.00266,1,1,0.012,0.124,in_circle,0.0146,0.1553,0.0000,0.0000,0
49.264,2,786,-0.00586,0.00797,0.0153,-0.0083,-0.03011,0.04310,0.00277,1,1,0.016,0.157,in_circle,0.0146,0.1553,0.0000,0.0000,0
49.309,2,787,-0.00671,0.00801,-0.0191,0.0009,-0.03067,0.04373,0.00229,1,1,-0.051,0.184,in_circle,0.0146,0.1553,0.0000,0.0000,0
49.351,2,788,-0.00651,0.00815,0.0047,0.0032,-0.03165,0.04544,0.00251,1,1,0.088,0.147,in_circle,0.0146,0.1553,0.0000,0.0000,0
49.396,2,789,-0.00691,0.00800,-0.0091,-0.0034,-0.03334,0.04391,0.00219,1,1,-0.007,0.137,in_circle,0.0146,0.1553,0.0000,0.0000,0
49.440,2,790,-0.00648,0.00867,0.0098,0.0155,-0.03132,0.04753,0.00298,1,1,0.049,0.164,in_circle,0.0146,0.1553,0.0000,0.0000,0
49.484,2,791,-0.00655,0.00824,-0.0014,-0.0097,-0.02999,0.04649,0.00257,1,1,-0.028,0.087,in_circle,0.0146,0.1553,0.0000,0.0000,0
49.529,2,792,-0.00634,0.00832,0.0047,0.0018,-0.03012,0.04618,0.00274,1,1,0.017,0.189,in_circle,0.0146,0.1553,0.0000,0.0000,0
49.573,2,793,-0.00686,0.00834,-0.0119,0.0004,-0.03069,0.04474,0.00252,1,1,-0.008,0.142,in_circle,0.0146,0.1553,0.0000,0.0000,0
49.617,2,794,-0.00663,0.00842,0.0055,0.0018,-0.03226,0.04585,0.00269,1,1,0.060,0.148,in_circle,0.0146,0.1553,0.0000,0.0000,0
49.661,2,795,-0.00658,0.00809,0.0010,-0.0076,-0.03134,0.04492,0.00242,1,1,-0.010,0.142,in_circle,0.0146,0.1553,0.0000,0.0000,0
49.704,2,796,-0.00689,0.00822,-0.0072,0.0030,-0.03195,0.04717,0.00240,1,1,0.007,0.180,in_circle,0.0146,0.1553,0.0000,0.0000,0
49.749,2,797,-0.00701,0.00810,-0.0025,-0.0026,-0.03162,0.04439,0.00224,1,1,0.041,0.138,in_circle,0.0146,0.1553,0.0000,0.0000,0
49.792,2,798,-0.00710,0.00793,-0.0021,-0.0040,-0.03321,0.04636,0.00205,1,1,0.023,0.161,in_circle,0.0146,0.1553,0.0000,0.0000,0
49.836,2,799,-0.00665,0.00846,0.0100,0.0118,-0.03168,0.04668,0.00271,1,1,0.021,0.166,in_circle,0.0146,0.1553,0.0000,0.0000,0
49.880,2,800,-0.00674,0.00796,-0.0019,-0.0114,-0.03269,0.04640,0.00223,1,1,-0.028,0.102,in_circle,0.0146,0.1553,0.0000,0.0000,0
49.925,2,801,-0.00700,0.00792,-0.0059,-0.0007,-0.03224,0.04637,0.00208,1,1,0.020,0.196,in_circle,0.0146,0.1553,0.0000,0.0000,0
49.968,2,802,-0.00637,0.00824,0.0147,0.0074,-0.03163,0.04386,0.00266,1,1,0.036,0.154,in_circle,0.0146,0.1553,0.0000,0.0000,0
50.012,2,803,-0.00643,0.00787,-0.0014,-0.0083,-0.03617,0.04595,0.00232,1,1,-0.048,0.120,in_circle,0.0146,0.1553,0.0000,0.0000,0
50.056,2,804,-0.00683,0.00816,-0.0094,0.0065,-0.03424,0.04705,0.00236,1,1,0.017,0.184,in_circle,0.0146,0.1553,0.0000,0.0000,0
50.100,2,805,-0.00659,0.00813,0.0055,-0.0007,-0.03377,0.04561,0.00245,1,1,0.050,0.124,in_circle,0.0146,0.1553,0.0000,0.0000,0
50.144,2,806,-0.00686,0.00798,-0.0064,-0.0035,-0.03313,0.04542,0.00219,1,1,-0.010,0.153,in_circle,0.0146,0.1553,0.0000,0.0000,0
50.188,2,807,-0.00570,0.00783,0.0260,-0.0032,-0.03076,0.04347,0.00279,1,1,0.038,0.164,in_circle,0.0146,0.1553,0.0000,0.0000,0
50.276,2,808,-0.00647,0.00829,-0.0088,0.0052,-0.03138,0.04427,0.00265,1,1,-0.095,0.164,in_circle,0.0146,0.1553,0.0000,0.0000,0
50.320,2,809,-0.00682,0.00815,-0.0079,-0.0032,-0.03226,0.04483,0.00237,1,1,0.046,0.129,in_circle,0.0146,0.1553,0.0000,0.0000,0
50.365,2,810,-0.00634,0.00812,0.0107,-0.0007,-0.03290,0.04439,0.00258,1,1,0.044,0.163,in_circle,0.0146,0.1553,0.0000,0.0000,0
50.407,2,811,-0.00663,0.00790,-0.0067,-0.0052,-0.03230,0.04318,0.00223,1,1,-0.032,0.153,in_circle,0.0146,0.1553,0.0000,0.0000,0
50.455,2,812,-0.00664,0.00826,-0.0003,0.0077,-0.03134,0.04455,0.00254,1,1,0.039,0.172,in_circle,0.0146,0.1553,0.0000,0.0000,0
50.497,2,813,-0.00664,0.00819,-0.0001,-0.0017,-0.03377,0.04334,0.00248,1,1,0.013,0.119,in_circle,0.0146,0.1553,0.0000,0.0000,0
50.541,2,814,-0.00654,0.00819,0.0023,0.0000,-0.03232,0.04379,0.00253,1,1,0.012,0.157,in_circle,0.0146,0.1553,0.0000,0.0000,0
50.584,2,815,-0.00668,0.00826,-0.0033,0.0015,-0.03159,0.04277,0.00252,1,1,0.002,0.150,in_circle,0.0146,0.1553,0.0000,0.0000,0
50.629,2,816,-0.00646,0.00828,0.0049,0.0006,-0.03241,0.04433,0.00265,1,1,0.025,0.144,in_circle,0.0146,0.1553,0.0000,0.0000,0
50.672,2,817,-0.00712,0.00801,-0.0154,-0.0064,-0.03241,0.04471,0.00212,1,1,-0.009,0.147,in_circle,0.0146,0.1553,0.0000,0.0000,0
50.718,2,818,-0.00659,0.00824,0.0115,0.0051,-0.03179,0.04496,0.00255,1,1,0.074,0.176,in_circle,0.0146,0.1553,0.0000,0.0000,0
50.760,2,819,-0.00694,0.00812,-0.0084,-0.0029,-0.03181,0.04448,0.00229,1,1,-0.034,0.129,in_circle,0.0146,0.1553,0.0000,0.0000,0
50.804,2,820,-0.00668,0.00808,0.0059,-0.0010,-0.03141,0.04546,0.00236,1,1,0.046,0.161,in_circle,0.0146,0.1553,0.0000,0.0000,0
50.847,2,821,-0.00692,0.00807,-0.0056,-0.0003,-0.03089,0.04555,0.00224,1,1,-0.012,0.154,in_circle,0.0146,0.1553,0.0000,0.0000,0
50.893,2,822,-0.00649,0.00864,0.0095,0.0126,-0.02986,0.04506,0.00295,1,1,0.035,0.151,in_circle,0.0146,0.1553,0.0000,0.0000,0
50.936,2,823,-0.00713,0.00846,-0.0146,-0.0042,-0.03138,0.04616,0.00255,1,1,-0.027,0.098,in_circle,0.0146,0.1553,0.0000,0.0000,0
50.980,2,824,-0.00657,0.00802,0.0126,-0.0098,-0.02982,0.04613,0.00237,1,1,0.071,0.166,in_circle,0.0146,0.1553,0.0000,0.0000,0
51.024,2,825,-0.00672,0.00833,-0.0032,0.0069,-0.02998,0.04521,0.00257,1,1,-0.039,0.190,in_circle,0.0146,0.1553,0.0000,0.0000,0
51.070,2,826,-0.00661,0.00786,0.0023,-0.0101,-0.03210,0.04569,0.00221,1,1,0.025,0.122,in_circle,0.0146,0.1553,0.0000,0.0000,0
51.112,2,827,-0.00681,0.00834,-0.0047,0.0114,-0.03393,0.04506,0.00254,1,1,0.002,0.191,in_circle,0.0146,0.1553,0.0000,0.0000,0
51.156,2,828,-0.00714,0.00826,-0.0074,-0.0017,-0.03221,0.04477,0.00236,1,1,0.031,0.104,in_circle,0.0146,0.1553,0.0000,0.0000,0
51.200,2,829,-0.00693,0.00819,0.0047,-0.0017,-0.03531,0.04638,0.00235,1,1,0.042,0.156,in_circle,0.0146,0.1553,0.0000,0.0000,0
51.245,2,830,-0.00703,0.00869,-0.0022,0.0111,-0.03001,0.04449,0.00279,1,1,-0.006,0.157,in_circle,0.0146,0.1553,0.0000,0.0000,0
51.288,2,831,-0.00674,0.00821,0.0069,-0.0112,-0.03160,0.04728,0.00245,1,1,0.022,0.104,in_circle,0.0146,0.1553,0.0000,0.0000,0
51.334,2,832,-0.00697,0.00783,-0.0050,-0.0082,-0.03106,0.04463,0.00201,1,1,-0.016,0.195,in_circle,0.0146,0.1553,0.0000,0.0000,0
51.376,2,833,-0.00640,0.00850,0.0135,0.0159,-0.02984,0.04472,0.00286,1,1,0.033,0.184,in_circle,0.0146,0.1553,0.0000,0.0000,0
51.421,2,834,-0.00712,0.00814,-0.0159,-0.0079,-0.03556,0.04602,0.00225,1,1,-0.043,0.085,in_circle,0.0146,0.1553,0.0000,0.0000,0
51.464,2,835,-0.00738,0.00819,-0.0060,0.0010,-0.03328,0.04599,0.00223,1,1,0.077,0.182,in_circle,0.0146,0.1553,0.0000,0.0000,0
51.510,2,836,-0.00668,0.00815,0.0155,-0.0008,-0.03012,0.04394,0.00242,1,1,0.037,0.146,in_circle,0.0146,0.1553,0.0000,0.0000,0
51.552,2,837,-0.00679,0.00819,-0.0028,0.0010,-0.03219,0.04699,0.00241,1,1,-0.050,0.153,in_circle,0.0146,0.1553,0.0000,0.0000,0
51.597,2,838,-0.00677,0.00812,0.0004,-0.0015,-0.02945,0.04738,0.00236,1,1,0.023,0.146,in_circle,0.0146,0.1553,0.0000,0.0000,0
51.640,2,839,-0.00669,0.00808,0.0019,-0.0009,-0.03237,0.04423,0.00236,1,1,0.010,0.156,in_circle,0.0146,0.1553,0.0000,0.0000,0
51.684,2,840,-0.00698,0.00830,-0.0065,0.0048,-0.03195,0.04676,0.00244,1,1,0.004,0.154,in_circle,0.0146,0.1553,0.0000,0.0000,0
51.729,2,841,-0.00686,0.00829,0.0027,-0.0002,-0.03093,0.04696,0.00247,1,1,0.039,0.130,in_circle,0.0146,0.1553,0.0000,0.0000,0
51.773,2,842,-0.00668,0.00842,0.0040,0.0029,-0.02993,0.04576,0.00266,1,1,0.002,0.150,in_circle,0.0146,0.1553,0.0000,0.0000,0
51.816,2,843,-0.00658,0.00822,0.0024,-0.0046,-0.02992,0.04636,0.00253,1,1,-0.004,0.138,in_circle,0.0146,0.1553,0.0000,0.0000,0
51.861,2,844,-0.00615,0.00816,0.0095,-0.0014,-0.03150,0.04536,0.00271,1,1,0.002,0.168,in_circle,0.0146,0.1553,0.0000,0.0000,0
51.904,2,845,-0.00658,0.00819,-0.0098,0.0008,-0.03233,0.04551,0.00251,1,1,-0.027,0.156,in_circle,0.0146,0.1553,0.0000,0.0000,0
51.949,2,846,-0.00667,0.00819,-0.0022,0.0000,-0.03326,0.04563,0.00246,1,1,0.051,0.147,in_circle,0.0146,0.1553,0.0000,0.0000,0
51.992,2,847,-0.00705,0.00825,-0.0087,0.0015,-0.03245,0.04601,0.00238,1,1,0.021,0.150,in_circle,0.0146,0.1553,0.0000,0.0000,0
52.037,2,848,-0.00691,0.00851,0.0032,0.0058,-0.03237,0.04606,0.00267,1,1,0.048,0.144,in_circle,0.0146,0.1553,0.0000,0.0000,0
52.081,2,849,-0.00667,0.00823,0.0054,-0.0064,-0.03325,0.04723,0.00250,1,1,-0.001,0.126,in_circle,0.0146,0.1553,0.0000,0.0000,0
52.125,2,850,-0.00681,0.00817,-0.0032,-0.0013,-0.03210,0.04507,0.00239,1,1,-0.010,0.176,in_circle,0.0146,0.1553,0.0000,0.0000,0
52.168,2,851,-0.00663,0.00830,0.0041,0.0030,-0.03196,0.04563,0.00258,1,1,0.025,0.155,in_circle,0.0146,0.1553,0.0000,0.0000,0
52.213,2,852,-0.00660,0.00788,0.0006,-0.0094,-0.03284,0.04596,0.00223,1,1,-0.005,0.138,in_circle,0.0146,0.1553,0.0000,0.0000,0
52.300,2,853,-0.00713,0.00833,-0.0060,0.0051,-0.03319,0.04756,0.00243,1,1,0.009,0.188,in_circle,0.0146,0.1553,0.0000,0.0000,0
52.344,2,854,-0.00687,0.00826,0.0061,-0.0017,-0.03487,0.04558,0.00244,1,1,0.037,0.129,in_circle,0.0146,0.1553,0.0000,0.0000,0
52.388,2,855,-0.00696,0.00819,-0.0021,-0.0016,-0.03253,0.04575,0.00235,1,1,-0.012,0.156,in_circle,0.0146,0.1553,0.0000,0.0000,0
52.434,2,856,-0.00635,0.00798,0.0135,-0.0046,-0.03233,0.04372,0.00246,1,1,0.021,0.156,in_circle,0.0146,0.1553,0.0000,0.0000,0
52.478,2,857,-0.00652,0.00783,-0.0040,-0.0036,-0.03379,0.04404,0.00223,1,1,-0.043,0.169,in_circle,0.0146,0.1553,0.0000,0.0000,0
52.521,2,858,-0.00603,0.00836,0.0112,0.0123,-0.03356,0.04514,0.00295,1,1,0.027,0.165,in_circle,0.0146,0.1553,0.0000,0.0000,0
52.565,2,859,-0.00668,0.00805,-0.0150,-0.0071,-0.03408,0.04360,0.00234,1,1,-0.035,0.100,in_circle,0.0146,0.1553,0.0000,0.0000,0
52.608,2,860,-0.00642,0.00799,0.0061,-0.0013,-0.03470,0.04398,0.00242,1,1,0.072,0.179,in_circle,0.0146,0.1553,0.0000,0.0000,0
52.653,2,861,-0.00667,0.00787,-0.0057,-0.0029,-0.03264,0.04260,0.00218,1,1,-0.013,0.156,in_circle,0.0146,0.1553,0.0000,0.0000,0
52.697,2,862,-0.00621,0.00815,0.0103,0.0063,-0.03355,0.04440,0.00267,1,1,0.034,0.162,in_circle,0.0146,0.1553,0.0000,0.0000,0
52.740,2,863,-0.00697,0.00806,-0.0175,-0.0020,-0.03374,0.04226,0.00222,1,1,-0.031,0.125,in_circle,0.0146,0.1553,0.0000,0.0000,0
52.784,2,864,-0.00612,0.00797,0.0193,-0.0021,-0.03277,0.04360,0.00259,1,1,0.082,0.158,in_circle,0.0146,0.1553,0.0000,0.0000,0
52.828,2,865,-0.00659,0.00804,-0.0106,0.0017,-0.03236,0.04213,0.00237,1,1,-0.067,0.159,in_circle,0.0146,0.1553,0.0000,0.0000,0
52.871,2,866,-0.00659,0.00830,-0.0001,0.0061,-0.03179,0.04476,0.00260,1,1,0.054,0.144,in_circle,0.0146,0.1553,0.0000,0.0000,0
52.917,2,867,-0.00658,0.00834,0.0003,0.0009,-0.03232,0.04243,0.00264,1,1,0.012,0.125,in_circle,0.0146,0.1553,0.0000,0.0000,0
52.960,2,868,-0.00662,0.00801,-0.0009,-0.0079,-0.03179,0.04351,0.00233,1,1,0.010,0.146,in_circle,0.0146,0.1553,0.0000,0.0000,0
53.004,2,869,-0.00662,0.00797,-0.0001,-0.0008,-0.03134,0.04438,0.00229,1,1,0.015,0.182,in_circle,0.0146,0.1553,0.0000,0.0000,0
53.048,2,870,-0.00683,0.00812,-0.0048,0.0035,-0.03098,0.04454,0.00233,1,1,0.012,0.154,in_circle,0.0146,0.1553,0.0000,0.0000,0
53.093,2,871,-0.00718,0.00796,-0.0076,-0.0037,-0.03149,0.04421,0.00206,1,1,0.031,0.136,in_circle,0.0146,0.1553,0.0000,0.0000,0
53.136,2,872,-0.00684,0.00795,0.0078,-0.0003,-0.03110,0.04354,0.00217,1,1,0.044,0.165,in_circle,0.0146,0.1553,0.0000,0.0000,0
53.180,2,873,-0.00663,0.00821,0.0048,0.0060,-0.03095,0.04400,0.00250,1,1,-0.019,0.152,in_circle,0.0146,0.1553,0.0000,0.0000,0
53.224,2,874,-0.00627,0.00801,0.0082,-0.0045,-0.03112,0.04415,0.00253,1,1,-0.008,0.126,in_circle,0.0146,0.1553,0.0000,0.0000,0
53.269,2,875,-0.00658,0.00805,-0.0070,0.0008,-0.02985,0.04544,0.00238,1,1,-0.022,0.168,in_circle,0.0146,0.1553,0.0000,0.0000,0
53.312,2,876,-0.00671,0.00790,-0.0029,-0.0033,-0.03044,0.04391,0.00219,1,1,0.039,0.147,in_circle,0.0146,0.1553,0.0000,0.0000,0
53.357,2,877,-0.00636,0.00814,0.0078,0.0054,-0.03059,0.04320,0.00258,1,1,0.023,0.164,in_circle,0.0146,0.1553,0.0000,0.0000,0
53.399,2,878,-0.00664,0.00833,-0.0068,0.0045,-0.03010,0.04524,0.00260,1,1,-0.020,0.128,in_circle,0.0146,0.1553,0.0000,0.0000,0
53.445,2,879,-0.00653,0.00825,0.0024,-0.0018,-0.03118,0.04383,0.00258,1,1,0.039,0.132,in_circle,0.0146,0.1553,0.0000,0.0000,0
53.488,2,880,-0.00633,0.00798,0.0047,-0.0062,-0.03080,0.04471,0.00247,1,1,0.002,0.157,in_circle,0.0146,0.1553,0.0000,0.0000,0
53.532,2,881,-0.00712,0.00788,-0.0180,-0.0023,-0.03076,0.04501,0.00200,1,1,-0.008,0.175,in_circle,0.0146,0.1553,0.0000,0.0000,0
53.577,2,882,-0.00670,0.00843,0.0093,0.0122,-0.03001,0.04449,0.00266,1,1,0.085,0.160,in_circle,0.0146,0.1553,0.0000,0.0000,0
53.619,2,883,-0.00690,0.00792,-0.0046,-0.0120,-0.03372,0.04619,0.00212,1,1,-0.025,0.100,in_circle,0.0146,0.1553,0.0000,0.0000,0
53.665,2,884,-0.00676,0.00827,0.0031,0.0077,-0.03093,0.04883,0.00250,1,1,0.031,0.199,in_circle,0.0146,0.1553,0.0000,0.0000,0
53.708,2,885,-0.00665,0.00807,0.0024,-0.0044,-0.03207,0.04932,0.00237,1,1,-0.000,0.119,in_circle,0.0146,0.1553,0.0000,0.0000,0
53.759,2,886,-0.00674,0.00796,-0.0016,-0.0023,-0.03416,0.04727,0.00223,1,1,0.002,0.168,in_circle,0.0146,0.1553,0.0000,0.0000,0
53.798,2,887,-0.00651,0.00822,0.0057,0.0068,-0.03159,0.04754,0.00257,1,1,0.018,0.160,in_circle,0.0146,0.1553,0.0000,0.0000,0
53.844,2,888,-0.00714,0.00790,-0.0138,-0.0071,-0.03497,0.04912,0.00201,1,1,-0.012,0.123,in_circle,0.0146,0.1553,0.0000,0.0000,0
53.888,2,889,-0.00664,0.00825,0.0113,0.0078,-0.03167,0.04865,0.00253,1,1,0.068,0.179,in_circle,0.0146,0.1553,0.0000,0.0000,0
53.930,2,890,-0.00623,0.00811,0.0098,-0.0033,-0.03344,0.04740,0.00263,1,1,-0.033,0.119,in_circle,0.0146,0.1553,0.0000,0.0000,0
53.974,2,891,-0.00672,0.00852,-0.0112,0.0093,-0.03217,0.04681,0.00274,1,1,-0.028,0.163,in_circle,0.0146,0.1553,0.0000,0.0000,0
54.017,2,892,-0.00696,0.00838,-0.0055,-0.0033,-0.03041,0.04579,0.00252,1,1,0.057,0.112,in_circle,0.0146,0.1553,0.0000,0.0000,0
54.060,2,893,-0.00697,0.00793,-0.0002,-0.0104,-0.03338,0.04561,0.00210,1,1,0.035,0.163,in_circle,0.0146,0.1553,0.0000,0.0000,0
54.104,2,894,-0.00671,0.00816,0.0059,0.0053,-0.03107,0.04546,0.00242,1,1,0.014,0.192,in_circle,0.0146,0.1553,0.0000,0.0000,0
54.148,2,895,-0.00657,0.00818,0.0031,0.0003,-0.03352,0.04570,0.00250,1,1,-0.012,0.129,in_circle,0.0146,0.1553,0.0000,0.0000,0
54.192,2,896,-0.00692,0.00833,-0.0079,0.0035,-0.03408,0.04711,0.00249,1,1,-0.001,0.149,in_circle,0.0146,0.1553,0.0000,0.0000,0
54.237,2,897,-0.00654,0.00827,0.0085,-0.0014,-0.03248,0.04503,0.00259,1,1,0.044,0.136,in_circle,0.0146,0.1553,0.0000,0.0000,0
54.325,2,898,-0.00693,0.00812,-0.0044,-0.0017,-0.03262,0.04527,0.00229,1,1,-0.022,0.155,in_circle,0.0146,0.1553,0.0000,0.0000,0
54.370,2,899,-0.00699,0.00796,-0.0015,-0.0034,-0.03267,0.04463,0.00212,1,1,0.030,0.157,in_circle,0.0146,0.1553,0.0000,0.0000,0
54.413,2,900,-0.00685,0.00768,0.0033,-0.0066,-0.03287,0.04310,0.00193,1,1,0.018,0.164,in_circle,0.0146,0.1553,0.0000,0.0000,0
54.455,2,901,-0.00639,0.00776,0.0109,0.0019,-0.03241,0.04433,0.00225,1,1,-0.001,0.177,in_circle,0.0146,0.1553,0.0000,0.0000,0
54.501,2,902,-0.00670,0.00832,-0.0068,0.0124,-0.03265,0.04454,0.00257,1,1,-0.033,0.143,in_circle,0.0146,0.1553,0.0000,0.0000,0
54.544,2,903,-0.00686,0.00813,-0.0037,-0.0045,-0.03266,0.04417,0.00233,1,1,0.039,0.100,in_circle,0.0146,0.1553,0.0000,0.0000,0
54.588,2,904,-0.00627,0.00820,0.0134,0.0016,-0.03278,0.04255,0.00268,1,1,0.027,0.168,in_circle,0.0146,0.1553,0.0000,0.0000,0
54.633,2,905,-0.00655,0.00803,-0.0064,-0.0039,-0.03003,0.04524,0.00238,1,1,-0.043,0.143,in_circle,0.0146,0.1553,0.0000,0.0000,0
54.676,2,906,-0.00667,0.00803,-0.0028,0.0001,-0.03191,0.04369,0.00233,1,1,0.037,0.166,in_circle,0.0146,0.1553,0.0000,0.0000,0
54.721,2,907,-0.00670,0.00820,-0.0007,0.0036,-0.03133,0.04476,0.00245,1,1,0.023,0.150,in_circle,0.0146,0.1553,0.0000,0.0000,0
54.764,2,908,-0.00644,0.00812,0.0060,-0.0018,-0.03023,0.04476,0.00252,1,1,0.014,0.135,in_circle,0.0146,0.1553,0.0000,0.0000,0
54.810,2,909,-0.00666,0.00781,-0.0046,-0.0067,-0.03143,0.04573,0.00214,1,1,-0.013,0.157,in_circle,0.0146,0.1553,0.0000,0.0000,0
54.853,2,910,-0.00676,0.00806,-0.0023,0.0057,-0.03047,0.04417,0.00231,1,1,0.030,0.177,in_circle,0.0146,0.1553,0.0000,0.0000,0
54.897,2,911,-0.00645,0.00810,0.0070,0.0010,-0.03070,0.04472,0.00250,1,1,0.021,0.127,in_circle,0.0146,0.1553,0.0000,0.0000,0
54.940,2,912,-0.00615,0.00852,0.0071,0.0096,-0.03247,0.04612,0.00301,1,1,-0.017,0.146,in_circle,0.0146,0.1553,0.0000,0.0000,0
54.985,2,913,-0.00666,0.00814,-0.0114,-0.0084,-0.03158,0.04474,0.00242,1,1,-0.018,0.111,in_circle,0.0146,0.1553,0.0000,0.0000,0
55.029,2,914,-0.00668,0.00808,-0.0003,-0.0012,-0.03248,0.04396,0.00237,1,1,0.057,0.184,in_circle,0.0146,0.1553,0.0000,0.0000,0
55.073,2,915,-0.00667,0.00793,0.0002,-0.0034,-0.03277,0.04443,0.00224,1,1,0.013,0.155,in_circle,0.0146,0.1553,0.0000,0.0000,0
55.116,2,916,-0.00647,0.00832,0.0045,0.0090,-0.03342,0.04449,0.00268,1,1,0.011,0.164,in_circle,0.0146,0.1553,0.0000,0.0000,0
55.161,2,917,-0.00644,0.00775,0.0007,-0.0128,-0.03216,0.04562,0.00221,1,1,-0.007,0.113,in_circle,0.0146,0.1553,0.0000,0.0000,0
55.204,2,918,-0.00676,0.00816,-0.0074,0.0095,-0.03256,0.04390,0.00239,1,1,0.008,0.202,in_circle,0.0146,0.1553,0.0000,0.0000,0
55.249,2,919,-0.00678,0.00823,-0.0004,0.0017,-0.03058,0.04387,0.00246,1,1,0.042,0.112,in_circle,0.0146,0.1553,0.0000,0.0000,0
55.292,2,920,-0.00678,0.00813,0.0001,-0.0025,-0.03484,0.04504,0.00236,1,1,0.014,0.143,in_circle,0.0146,0.1553,0.0000,0.0000,0
55.338,2,921,-0.00664,0.00808,0.0030,-0.0010,-0.02974,0.04502,0.00238,1,1,0.012,0.160,in_circle,0.0146,0.1553,0.0000,0.0000,0
55.382,2,922,-0.00673,0.00809,-0.0021,0.0003,-0.03179,0.04496,0.00235,1,1,-0.000,0.154,in_circle,0.0146,0.1553,0.0000,0.0000,0
55.426,2,923,-0.00672,0.00804,0.0003,-0.0011,-0.03117,0.04528,0.00231,1,1,0.020,0.149,in_circle,0.0146,0.1553,0.0000,0.0000,0
55.468,2,924,-0.00610,0.00761,0.0147,-0.0103,-0.03128,0.04356,0.00234,1,1,0.011,0.155,in_circle,0.0146,0.1553,0.0000,0.0000,0
55.514,2,925,-0.00677,0.00825,-0.0143,0.0139,-0.03159,0.04557,0.00248,1,1,-0.048,0.193,in_circle,0.0146,0.1553,0.0000,0.0000,0
55.556,2,926,-0.00670,0.00833,0.0016,0.0018,-0.03298,0.04304,0.00258,1,1,0.069,0.094,in_circle,0.0146,0.1553,0.0000,0.0000,0
55.602,2,927,-0.00700,0.00806,-0.0066,-0.0059,-0.03431,0.04583,0.00221,1,1,0.005,0.142,in_circle,0.0146,0.1553,0.0000,0.0000,0
55.646,2,928,-0.00662,0.00824,0.0087,0.0040,-0.03036,0.04492,0.00253,1,1,0.039,0.174,in_circle,0.0146,0.1553,0.0000,0.0000,0
55.689,2,929,-0.00630,0.00822,0.0073,-0.0003,-0.03165,0.04466,0.00268,1,1,-0.023,0.134,in_circle,0.0146,0.1553,0.0000,0.0000,0
55.732,2,930,-0.00683,0.00793,-0.0121,-0.0067,-0.03196,0.04545,0.00217,1,1,-0.018,0.151,in_circle,0.0146,0.1553,0.0000,0.0000,0
55.778,2,931,-0.00678,0.00804,0.0010,0.0024,-0.03238,0.04531,0.00228,1,1,0.060,0.177,in_circle,0.0146,0.1553,0.0000,0.0000,0
55.821,2,932,-0.00661,0.00815,0.0039,0.0026,-0.03174,0.04402,0.00246,1,1,0.008,0.141,in_circle,0.0146,0.1553,0.0000,0.0000,0
55.864,2,933,-0.00684,0.00808,-0.0053,-0.0017,-0.03210,0.04569,0.00229,1,1,-0.004,0.140,in_circle,0.0146,0.1553,0.0000,0.0000,0
55.909,2,934,-0.00704,0.00848,-0.0044,0.0091,-0.03269,0.04640,0.00260,1,1,0.033,0.157,in_circle,0.0146,0.1553,0.0000,0.0000,0
55.952,2,935,-0.00616,0.00804,0.0204,-0.0103,-0.03202,0.04548,0.00262,1,1,0.030,0.113,in_circle,0.0146,0.1553,0.0000,0.0000,0
55.998,2,936,-0.00658,0.00820,-0.0093,0.0036,-0.03187,0.04764,0.00252,1,1,-0.071,0.191,in_circle,0.0146,0.1553,0.0000,0.0000,0
56.042,2,937,-0.00683,0.00851,-0.0058,0.0070,-0.03031,0.04597,0.00269,1,1,0.049,0.135,in_circle,0.0146,0.1553,0.0000,0.0000,0
56.086,2,938,-0.00717,0.00822,-0.0076,-0.0066,-0.03428,0.04553,0.00231,1,1,0.035,0.121,in_circle,0.0146,0.1553,0.0000,0.0000,0
56.130,2,939,-0.00656,0.00836,0.0136,0.0030,-0.03195,0.04412,0.00266,1,1,0.043,0.176,in_circle,0.0146,0.1553,0.0000,0.0000,0
56.173,2,940,-0.00681,0.00787,-0.0059,-0.0114,-0.03210,0.04507,0.00212,1,1,-0.043,0.137,in_circle,0.0146,0.1553,0.0000,0.0000,0
56.218,2,941,-0.00693,0.00790,-0.0026,0.0006,-0.03348,0.04635,0.00209,1,1,0.036,0.196,in_circle,0.0146,0.1553,0.0000,0.0000,0
56.262,2,942,-0.00662,0.00822,0.0070,0.0074,-0.03242,0.04426,0.00252,1,1,0.023,0.148,in_circle,0.0146,0.1553,0.0000,0.0000,0
56.350,2,943,-0.00627,0.00822,0.0040,-0.0001,-0.03306,0.04447,0.00270,1,1,-0.017,0.120,in_circle,0.0146,0.1553,0.0000,0.0000,0
56.394,2,944,-0.00656,0.00850,-0.0067,0.0062,-0.03262,0.04564,0.00278,1,1,-0.005,0.150,in_circle,0.0146,0.1553,0.0000,0.0000,0
56.437,2,945,-0.00681,0.00817,-0.0058,-0.0076,-0.03078,0.04548,0.00238,1,1,0.038,0.124,in_circle,0.0146,0.1553,0.0000,0.0000,0
56.480,2,946,-0.00653,0.00806,0.0065,-0.0025,-0.03041,0.04474,0.00242,1,1,0.035,0.180,in_circle,0.0146,0.1553,0.0000,0.0000,0
56.527,2,947,-0.00671,0.00838,-0.0039,0.0069,-0.02957,0.04561,0.00262,1,1,-0.015,0.160,in_circle,0.0146,0.1553,0.0000,0.0000,0
56.568,2,948,-0.00671,0.00810,-0.0001,-0.0068,-0.03269,0.04389,0.00236,1,1,0.027,0.122,in_circle,0.0146,0.1553,0.0000,0.0000,0
56.613,2,949,-0.00616,0.00810,0.0124,-0.0000,-0.03184,0.04461,0.00267,1,1,0.012,0.177,in_circle,0.0146,0.1553,0.0000,0.0000,0
56.656,2,950,-0.00643,0.00798,-0.0062,-0.0027,-0.03235,0.04545,0.00241,1,1,-0.039,0.150,in_circle,0.0146,0.1553,0.0000,0.0000,0
56.701,2,951,-0.00704,0.00820,-0.0140,0.0050,-0.03307,0.04397,0.00233,1,1,0.036,0.161,in_circle,0.0146,0.1553,0.0000,0.0000,0
56.744,2,952,-0.00645,0.00815,0.0136,-0.0012,-0.03318,0.04548,0.00254,1,1,0.069,0.130,in_circle,0.0146,0.1553,0.0000,0.0000,0
56.789,2,953,-0.00658,0.00822,-0.0029,0.0016,-0.03015,0.04460,0.00254,1,1,-0.043,0.155,in_circle,0.0146,0.1553,0.0000,0.0000,0
56.833,2,954,-0.00688,0.00786,-0.0068,-0.0083,-0.03153,0.04557,0.00208,1,1,0.023,0.143,in_circle,0.0146,0.1553,0.0000,0.0000,0
56.876,2,955,-0.00683,0.00820,0.0012,0.0077,-0.03220,0.04543,0.00240,1,1,0.039,0.184,in_circle,0.0146,0.1553,0.0000,0.0000,0
56.921,2,956,-0.00653,0.00791,0.0066,-0.0064,-0.03241,0.04679,0.00229,1,1,0.008,0.119,in_circle,0.0146,0.1553,0.0000,0.0000,0
56.965,2,957,-0.00710,0.00817,-0.0131,0.0061,-0.03340,0.04595,0.00228,1,1,-0.015,0.176,in_circle,0.0146,0.1553,0.0000,0.0000,0
57.011,2,958,-0.00641,0.00834,0.0149,0.0036,-0.03008,0.04518,0.00272,1,1,0.065,0.126,in_circle,0.0146,0.1553,0.0000,0.0000,0
57.053,2,959,-0.00696,0.00823,-0.0130,-0.0026,-0.03383,0.04581,0.00238,1,1,-0.049,0.135,in_circle,0.0146,0.1553,0.0000,0.0000,0
57.097,2,960,-0.00630,0.00801,0.0150,-0.0050,-0.02959,0.04652,0.00251,1,1,0.065,0.160,in_circle,0.0146,0.1553,0.0000,0.0000,0
57.142,2,961,-0.00666,0.00830,-0.0081,0.0066,-0.03169,0.04354,0.00257,1,1,-0.049,0.170,in_circle,0.0146,0.1553,0.0000,0.0000,0
57.186,2,962,-0.00663,0.00811,0.0005,-0.0043,-0.03052,0.04431,0.00241,1,1,0.044,0.123,in_circle,0.0146,0.1553,0.0000,0.0000,0
57.230,2,963,-0.00681,0.00842,-0.0042,0.0072,-0.03126,0.04577,0.00261,1,1,0.010,0.167,in_circle,0.0146,0.1553,0.0000,0.0000,0
57.273,2,964,-0.00653,0.00792,0.0066,-0.0114,-0.03111,0.04473,0.00231,1,1,0.029,0.120,in_circle,0.0146,0.1553,0.0000,0.0000,0
57.316,2,965,-0.00680,0.00813,-0.0064,0.0048,-0.03108,0.04666,0.00235,1,1,-0.015,0.196,in_circle,0.0146,0.1553,0.0000,0.0000,0
57.362,2,966,-0.00638,0.00780,0.0092,-0.0072,-0.03253,0.04585,0.00229,1,1,0.038,0.131,in_circle,0.0146,0.1553,0.0000,0.0000,0
57.404,2,967,-0.00656,0.00837,-0.0043,0.0136,-0.03437,0.04658,0.00267,1,1,-0.026,0.180,in_circle,0.0146,0.1553,0.0000,0.0000,0
57.450,2,968,-0.00660,0.00824,-0.0007,-0.0028,-0.03228,0.04682,0.00254,1,1,0.029,0.095,in_circle,0.0146,0.1553,0.0000,0.0000,0
57.492,2,969,-0.00680,0.00833,-0.0049,0.0023,-0.03387,0.04389,0.00254,1,1,0.014,0.161,in_circle,0.0146,0.1553,0.0000,0.0000,0
57.540,2,970,-0.00678,0.00809,0.0005,-0.0050,-0.03002,0.04511,0.00233,1,1,0.032,0.140,in_circle,0.0146,0.1553,0.0000,0.0000,0
57.580,2,971,-0.00677,0.00839,0.0004,0.0076,-0.03311,0.04497,0.00261,1,1,0.010,0.170,in_circle,0.0146,0.1553,0.0000,0.0000,0
57.625,2,972,-0.00660,0.00803,0.0037,-0.0080,-0.03102,0.04428,0.00236,1,1,0.011,0.119,in_circle,0.0146,0.1553,0.0000,0.0000,0
57.668,2,973,-0.00670,0.00831,-0.0024,0.0065,-0.03232,0.04505,0.00256,1,1,-0.003,0.182,in_circle,0.0146,0.1553,0.0000,0.0000,0
57.713,2,974,-0.00655,0.00853,0.0034,0.0049,-0.03071,0.04657,0.00282,1,1,0.022,0.124,in_circle,0.0146,0.1553,0.0000,0.0000,0
57.757,2,975,-0.00672,0.00813,-0.0038,-0.0091,-0.03269,0.04640,0.00238,1,1,-0.002,0.129,in_circle,0.0146,0.1553,0.0000,0.0000,0
57.801,2,976,-0.00662,0.00830,0.0023,0.0040,-0.03311,0.04318,0.00259,1,1,0.027,0.186,in_circle,0.0146,0.1553,0.0000,0.0000,0
57.844,2,977,-0.00687,0.00795,-0.0057,-0.0080,-0.03272,0.04491,0.00217,1,1,0.002,0.133,in_circle,0.0146,0.1553,0.0000,0.0000,0
57.889,2,978,-0.00652,0.00798,0.0077,0.0006,-0.03380,0.04604,0.00236,1,1,0.035,0.182,in_circle,0.0146,0.1553,0.0000,0.0000,0
57.932,2,979,-0.00663,0.00810,-0.0024,0.0028,-0.03169,0.04504,0.00241,1,1,-0.019,0.148,in_circle,0.0146,0.1553,0.0000,0.0000,0
57.977,2,980,-0.00664,0.00802,-0.0003,-0.0019,-0.03362,0.04565,0.00233,1,1,0.021,0.139,in_circle,0.0146,0.1553,0.0000,0.0000,0
58.020,2,981,-0.00676,0.00814,-0.0029,0.0029,-0.03256,0.04362,0.00238,1,1,0.013,0.158,in_circle,0.0146,0.1553,0.0000,0.0000,0
58.066,2,982,-0.00619,0.00808,0.0124,-0.0014,-0.03295,0.04505,0.00263,1,1,0.023,0.139,in_circle,0.0146,0.1553,0.0000,0.0000,0
58.108,2,983,-0.00675,0.00826,-0.0132,0.0043,-0.03240,0.04537,0.00249,1,1,-0.039,0.156,in_circle,0.0146,0.1553,0.0000,0.0000,0
58.152,2,984,-0.00626,0.00809,0.0111,-0.0040,-0.03352,0.04691,0.00259,1,1,0.065,0.133,in_circle,0.0146,0.1553,0.0000,0.0000,0
58.197,2,985,-0.00684,0.00803,-0.0131,-0.0012,-0.03274,0.04487,0.00224,1,1,-0.034,0.166,in_circle,0.0146,0.1553,0.0000,0.0000,0
58.241,2,986,-0.00683,0.00842,0.0004,0.0089,-0.03048,0.04648,0.00261,1,1,0.064,0.155,in_circle,0.0146,0.1553,0.0000,0.0000,0
58.287,2,987,-0.00640,0.00794,0.0095,-0.0106,-0.03275,0.04466,0.00239,1,1,0.011,0.114,in_circle,0.0146,0.1553,0.0000,0.0000,0
58.373,2,988,-0.00693,0.00825,-0.0062,0.0036,-0.03013,0.04459,0.00241,1,1,-0.027,0.193,in_circle,0.0146,0.1553,0.0000,0.0000,0
58.417,2,989,-0.00647,0.00811,0.0105,-0.0032,-0.02998,0.04641,0.00249,1,1,0.037,0.135,in_circle,0.0146,0.1553,0.0000,0.0000,0
58.462,2,990,-0.00664,0.00770,-0.0040,-0.0091,-0.03206,0.04491,0.00206,1,1,-0.031,0.163,in_circle,0.0146,0.1553,0.0000,0.0000,0
58.504,2,991,-0.00674,0.00824,-0.0024,0.0127,-0.03155,0.04525,0.00247,1,1,0.028,0.188,in_circle,0.0146,0.1553,0.0000,0.0000,0
58.550,2,992,-0.00580,0.00777,0.0205,-0.0101,-0.03123,0.04412,0.00267,1,1,0.021,0.099,in_circle,0.0146,0.1553,0.0000,0.0000,0
58.592,2,993,-0.00676,0.00810,-0.0228,0.0080,-0.03221,0.04439,0.00235,1,1,-0.072,0.191,in_circle,0.0146,0.1553,0.0000,0.0000,0
58.637,2,994,-0.00663,0.00822,0.0027,0.0026,-0.03078,0.04371,0.00251,1,1,0.103,0.118,in_circle,0.0146,0.1553,0.0000,0.0000,0
58.680,2,995,-0.00661,0.00789,0.0006,-0.0077,-0.03438,0.04441,0.00224,1,1,0.001,0.139,in_circle,0.0146,0.1553,0.0000,0.0000,0
58.725,2,996,-0.00698,0.00826,-0.0083,0.0081,-0.03034,0.04577,0.00240,1,1,0.009,0.182,in_circle,0.0146,0.1553,0.0000,0.0000,0
58.769,2,997,-0.00701,0.00826,-0.0006,0.0001,-0.03159,0.04686,0.00240,1,1,0.046,0.117,in_circle,0.0146,0.1553,0.0000,0.0000,0
58.813,2,998,-0.00643,0.00860,0.0133,0.0078,-0.03134,0.04455,0.00294,1,1,0.015,0.149,in_circle,0.0146,0.1553,0.0000,0.0000,0
58.858,2,999,-0.00587,0.00821,0.0125,-0.0087,-0.03031,0.04481,0.00293,1,1,-0.042,0.118,in_circle,0.0146,0.1553,0.0000,0.0000,0
58.901,2,1000,-0.00664,0.00787,-0.0176,-0.0077,-0.02996,0.04465,0.00221,1,1,-0.040,0.185,in_circle,0.0146,0.1553,0.0000,0.0000,0
58.944,2,1001,-0.00679,0.00806,-0.0035,0.0044,-0.03097,0.04412,0.00230,1,1,0.082,0.181,in_circle,0.0146,0.1553,0.0000,0.0000,0
58.989,2,1002,-0.00674,0.00838,0.0011,0.0071,-0.03428,0.04553,0.00261,1,1,0.026,0.133,in_circle,0.0146,0.1553,0.0000,0.0000,0
59.034,2,1003,-0.00665,0.00785,0.0020,-0.0119,-0.03357,0.04654,0.00218,1,1,0.008,0.121,in_circle,0.0146,0.1553,0.0000,0.0000,0
59.077,2,1004,-0.00665,0.00816,-0.0002,0.0071,-0.03181,0.04483,0.00245,1,1,0.004,0.198,in_circle,0.0146,0.1553,0.0000,0.0000,0
59.120,2,1005,-0.00680,0.00815,-0.0034,-0.0003,-0.03257,0.04511,0.00237,1,1,0.013,0.122,in_circle,0.0146,0.1553,0.0000,0.0000,0
59.165,2,1006,-0.00712,0.00785,-0.0072,-0.0069,-0.03346,0.04619,0.00197,1,1,0.026,0.151,in_circle,0.0146,0.1553,0.0000,0.0000,0
59.208,2,1007,-0.00682,0.00826,0.0066,0.0095,-0.03045,0.04599,0.00246,1,1,0.042,0.178,in_circle,0.0146,0.1553,0.0000,0.0000,0
59.252,2,1008,-0.00716,0.00775,-0.0075,-0.0117,-0.03289,0.04623,0.00186,1,1,-0.014,0.112,in_circle,0.0146,0.1553,0.0000,0.0000,0
59.296,2,1009,-0.00661,0.00806,0.0124,0.0070,-0.03199,0.04619,0.00238,1,1,0.043,0.198,in_circle,0.0146,0.1553,0.0000,0.0000,0
59.341,2,1010,-0.00664,0.00778,-0.0008,-0.0063,-0.03108,0.04590,0.00212,1,1,-0.038,0.122,in_circle,0.0146,0.1553,0.0000,0.0000,0
59.384,2,1011,-0.00679,0.00801,-0.0033,0.0054,-0.03477,0.04663,0.00225,1,1,0.015,0.176,in_circle,0.0146,0.1553,0.0000,0.0000,0
59.429,2,1012,-0.00653,0.00845,0.0057,0.0097,-0.03207,0.04452,0.00276,1,1,0.025,0.129,in_circle,0.0146,0.1553,0.0000,0.0000,0
59.472,2,1013,-0.00601,0.00821,0.0120,-0.0056,-0.03541,0.04638,0.00284,1,1,-0.011,0.110,in_circle,0.0146,0.1553,0.0000,0.0000,0
59.517,2,1014,-0.00650,0.00791,-0.0108,-0.0066,-0.03192,0.04325,0.00232,1,1,-0.038,0.172,in_circle,0.0146,0.1553,0.0000,0.0000,0
59.560,2,1015,-0.00640,0.00813,0.0023,0.0051,-0.03264,0.04323,0.00255,1,1,0.055,0.177,in_circle,0.0146,0.1553,0.0000,0.0000,0
59.606,2,1016,-0.00648,0.00809,-0.0017,-0.0009,-0.03191,0.04369,0.00247,1,1,0.002,0.129,in_circle,0.0146,0.1553,0.0000,0.0000,0
59.649,2,1017,-0.00699,0.00788,-0.0116,-0.0048,-0.03106,0.04539,0.00205,1,1,0.018,0.154,in_circle,0.0146,0.1553,0.0000,0.0000,0
59.693,2,1018,-0.00658,0.00804,0.0093,0.0036,-0.03153,0.04415,0.00237,1,1,0.059,0.170,in_circle,0.0146,0.1553,0.0000,0.0000,0
59.736,2,1019,-0.00631,0.00839,0.0061,0.0083,-0.03094,0.04442,0.00282,1,1,-0.026,0.136,in_circle,0.0146,0.1553,0.0000,0.0000,0
59.780,2,1020,-0.00680,0.00813,-0.0110,-0.0060,-0.03000,0.04558,0.00235,1,1,-0.014,0.116,in_circle,0.0146,0.1553,0.0000,0.0000,0
59.825,2,1021,-0.00695,0.00789,-0.0033,-0.0053,-0.03214,0.04438,0.00207,1,1,0.056,0.174,in_circle,0.0146,0.1553,0.0000,0.0000,0
59.868,2,1022,-0.00674,0.00826,0.0049,0.0087,-0.03080,0.04471,0.00250,1,1,0.026,0.172,in_circle,0.0146,0.1553,0.0000,0.0000,0
59.913,2,1023,-0.00697,0.00817,-0.0051,-0.0022,-0.03283,0.04649,0.00232,1,1,-0.008,0.115,in_circle,0.0146,0.1553,0.0000,0.0000,0
59.956,2,1024,-0.00610,0.00824,0.0200,0.0017,-0.03157,0.04458,0.00281,1,1,0.033,0.159,in_circle,0.0146,0.1553,0.0000,0.0000,0
60.001,2,1025,-0.00655,0.00807,-0.0100,-0.0038,-0.03082,0.04525,0.00241,1,1,-0.070,0.143,in_circle,0.0146,0.1553,0.0000,0.0000,0
60.044,2,1026,-0.00682,0.00821,-0.0061,0.0033,-0.03183,0.04403,0.00242,1,1,0.052,0.165,in_circle,0.0146,0.1553,0.0000,0.0000,0
60.090,2,1027,-0.00672,0.00785,0.0022,-0.0079,-0.03287,0.04310,0.00214,1,1,0.037,0.137,in_circle,0.0146,0.1553,0.0000,0.0000,0
60.132,2,1028,-0.00654,0.00809,0.0043,0.0058,-0.03102,0.04428,0.00244,1,1,0.003,0.182,in_circle,0.0146,0.1553,0.0000,0.0000,0
60.178,2,1029,-0.00689,0.00800,-0.0078,-0.0020,-0.03271,0.04509,0.00219,1,1,-0.006,0.127,in_circle,0.0146,0.1553,0.0000,0.0000,0
60.220,2,1030,-0.00721,0.00789,-0.0075,-0.0027,-0.03392,0.04536,0.00198,1,1,0.044,0.158,in_circle,0.0146,0.1553,0.0000,0.0000,0
60.265,2,1031,-0.00651,0.00789,0.0158,0.0001,-0.03233,0.04467,0.00229,1,1,0.043,0.161,in_circle,0.0146,0.1553,0.0000,0.0000,0
60.308,2,1032,-0.00668,0.00822,-0.0040,0.0076,-0.03209,0.04389,0.00249,1,1,-0.052,0.150,in_circle,0.0146,0.1553,0.0000,0.0000,0
60.396,2,1033,-0.00684,0.00787,-0.0018,-0.0039,-0.03334,0.04391,0.00211,1,1,0.028,0.119,in_circle,0.0146,0.1553,0.0000,0.0000,0
60.440,2,1034,-0.00576,0.00809,0.0245,0.0049,-0.03353,0.04243,0.00292,1,1,0.019,0.166,in_circle,0.0146,0.1553,0.0000,0.0000,0
60.486,2,1035,-0.00674,0.00856,-0.0215,0.0104,-0.03248,0.04503,0.00277,1,1,-0.088,0.131,in_circle,0.0146,0.1553,0.0000,0.0000,0
60.530,2,1036,-0.00652,0.00796,0.0050,-0.0136,-0.03307,0.04397,0.00234,1,1,0.098,0.107,in_circle,0.0146,0.1553,0.0000,0.0000,0
60.573,2,1037,-0.00654,0.00803,-0.0005,0.0016,-0.03100,0.04398,0.00239,1,1,-0.009,0.205,in_circle,0.0146,0.1553,0.0000,0.0000,0
60.616,2,1038,-0.00653,0.00848,0.0002,0.0105,-0.02934,0.04575,0.00279,1,1,0.013,0.144,in_circle,0.0146,0.1553,0.0000,0.0000,0
60.662,2,1039,-0.00685,0.00826,-0.0071,-0.0049,-0.03138,0.04680,0.00245,1,1,0.010,0.107,in_circle,0.0146,0.1553,0.0000,0.0000,0
60.704,2,1040,-0.00648,0.00855,0.0088,0.0068,-0.03003,0.04590,0.00287,1,1,0.041,0.169,in_circle,0.0146,0.1553,0.0000,0.0000,0
60.749,2,1041,-0.00653,0.00829,-0.0011,-0.0058,-0.02888,0.04688,0.00262,1,1,-0.024,0.122,in_circle,0.0146,0.1553,0.0000,0.0000,0
60.792,2,1042,-0.00699,0.00838,-0.0109,0.0022,-0.03090,0.04804,0.00251,1,1,0.016,0.173,in_circle,0.0146,0.1553,0.0000,0.0000,0
60.837,2,1043,-0.00683,0.00821,0.0034,-0.0037,-0.02941,0.04767,0.00241,1,1,0.056,0.141,in_circle,0.0146,0.1553,0.0000,0.0000,0
60.882,2,1044,-0.00660,0.00832,0.0051,0.0025,-0.03069,0.04521,0.00261,1,1,-0.001,0.165,in_circle,0.0146,0.1553,0.0000,0.0000,0
60.926,2,1045,-0.00654,0.00824,0.0015,-0.0019,-0.02994,0.04687,0.00257,1,1,-0.009,0.139,in_circle,0.0146,0.1553,0.0000,0.0000,0
60.968,2,1046,-0.00690,0.00799,-0.0086,-0.0059,-0.03173,0.04725,0.00219,1,1,0.006,0.157,in_circle,0.0146,0.1553,0.0000,0.0000,0
61.014,2,1047,-0.00671,0.00841,0.0043,0.0092,-0.03145,0.04749,0.00264,1,1,0.047,0.174,in_circle,0.0146,0.1553,0.0000,0.0000,0
61.058,2,1048,-0.00689,0.00815,-0.0041,-0.0059,-0.03141,0.04513,0.00233,1,1,-0.005,0.113,in_circle,0.0146,0.1553,0.0000,0.0000,0
61.101,2,1049,-0.00642,0.00828,0.0109,0.0031,-0.03152,0.04676,0.00267,1,1,0.029,0.174,in_circle,0.0146,0.1553,0.0000,0.0000,0
61.145,2,1050,-0.00675,0.00818,-0.0075,-0.0024,-0.03245,0.04595,0.00242,1,1,-0.033,0.137,in_circle,0.0146,0.1553,0.0000,0.0000,0
61.190,2,1051,-0.00667,0.00815,0.0018,-0.0005,-0.03288,0.04661,0.00243,1,1,0.042,0.159,in_circle,0.0146,0.1553,0.0000,0.0000,0
61.234,2,1052,-0.00681,0.00818,-0.0032,0.0007,-0.03396,0.04640,0.00240,1,1,0.005,0.152,in_circle,0.0146,0.1553,0.0000,0.0000,0
61.278,2,1053,-0.00608,0.00831,0.0165,0.0029,-0.03349,0.04674,0.00288,1,1,0.025,0.147,in_circle,0.0146,0.1553,0.0000,0.0000,0
61.320,2,1054,-0.00634,0.00857,-0.0061,0.0061,-0.03414,0.04533,0.00295,1,1,-0.055,0.138,in_circle,0.0146,0.1553,0.0000,0.0000,0
61.365,2,1055,-0.00638,0.00816,-0.0008,-0.0092,-0.03358,0.04663,0.00259,1,1,0.035,0.125,in_circle,0.0146,0.1553,0.0000,0.0000,0
61.408,2,1056,-0.00648,0.00826,-0.0023,0.0023,-0.03355,0.04440,0.00262,1,1,0.014,0.187,in_circle,0.0146,0.1553,0.0000,0.0000,0
61.453,2,1057,-0.00619,0.00820,0.0063,-0.0012,-0.03517,0.04345,0.00273,1,1,0.021,0.141,in_circle,0.0146,0.1553,0.0000,0.0000,0
61.496,2,1058,-0.00679,0.00835,-0.0140,0.0035,-0.03454,0.04307,0.00256,1,1,-0.014,0.155,in_circle,0.0146,0.1553,0.0000,0.0000,0
61.541,2,1059,-0.00665,0.00802,0.0032,-0.0072,-0.03484,0.04327,0.00233,1,1,0.068,0.135,in_circle,0.0146,0.1553,0.0000,0.0000,0
61.585,2,1060,-0.00626,0.00824,0.0088,0.0050,-0.03483,0.04288,0.00272,1,1,-0.001,0.179,in_circle,0.0146,0.1553,0.0000,0.0000,0
61.629,2,1061,-0.00584,0.00793,0.0096,-0.0071,-0.03359,0.04294,0.00275,1,1,-0.024,0.130,in_circle,0.0146,0.1553,0.0000,0.0000,0
61.672,2,1062,-0.00718,0.00801,-0.0311,0.0018,-0.03324,0.04290,0.00210,1,1,-0.029,0.179,in_circle,0.0146,0.1553,0.0000,0.0000,0
61.717,2,1063,-0.00637,0.00779,0.0180,-0.0048,-0.03192,0.04278,0.00229,1,1,0.138,0.143,in_circle,0.0146,0.1553,0.0000,0.0000,0
61.760,2,1064,-0.00685,0.00811,-0.0110,0.0072,-0.03298,0.04304,0.00231,1,1,-0.061,0.170,in_circle,0.0146,0.1553,0.0000,0.0000,0
61.805,2,1065,-0.00660,0.00782,0.0056,-0.0064,-0.03106,0.04491,0.00218,1,1,0.056,0.121,in_circle,0.0146,0.1553,0.0000,0.0000,0
61.848,2,1066,-0.00581,0.00783,0.0184,0.0001,-0.03031,0.04373,0.00270,1,1,-0.011,0.176,in_circle,0.0146,0.1553,0.0000,0.0000,0
61.894,2,1067,-0.00649,0.00815,-0.0151,0.0071,-0.03036,0.04448,0.00252,1,1,-0.064,0.150,in_circle,0.0146,0.1553,0.0000,0.0000,0
61.937,2,1068,-0.00663,0.00805,-0.0031,-0.0024,-0.02990,0.04483,0.00236,1,1,0.072,0.122,in_circle,0.0146,0.1553,0.0000,0.0000,0
61.982,2,1069,-0.00661,0.00823,0.0004,0.0041,-0.03121,0.04292,0.00253,1,1,0.024,0.160,in_circle,0.0146,0.1553,0.0000,0.0000,0
62.024,2,1070,-0.00654,0.00840,0.0016,0.0040,-0.02934,0.04426,0.00271,1,1,0.010,0.133,in_circle,0.0146,0.1553,0.0000,0.0000,0
62.069,2,1071,-0.00643,0.00778,0.0024,-0.0136,-0.02981,0.04534,0.00224,1,1,0.005,0.134,in_circle,0.0146,0.1553,0.0000,0.0000,0
62.112,2,1072,-0.00636,0.00798,0.0016,0.0049,-0.02929,0.04493,0.00245,1,1,0.002,0.205,in_circle,0.0146,0.1553,0.0000,0.0000,0
62.157,2,1073,-0.00669,0.00846,-0.0073,0.0107,-0.02967,0.04586,0.00270,1,1,0.005,0.131,in_circle,0.0146,0.1553,0.0000,0.0000,0
62.200,2,1074,-0.00665,0.00842,0.0009,-0.0009,-0.03396,0.04640,0.00268,1,1,0.041,0.106,in_circle,0.0146,0.1553,0.0000,0.0000,0
62.245,2,1075,-0.00692,0.00823,-0.0060,-0.0043,-0.03055,0.04470,0.00240,1,1,0.008,0.153,in_circle,0.0146,0.1553,0.0000,0.0000,0
62.288,2,1076,-0.00675,0.00794,0.0037,-0.0066,-0.03100,0.04501,0.00221,1,1,0.036,0.167,in_circle,0.0146,0.1553,0.0000,0.0000,0
62.334,2,1077,-0.00679,0.00809,-0.0007,0.0033,-0.03033,0.04662,0.00232,1,1,-0.003,0.177,in_circle,0.0146,0.1553,0.0000,0.0000,0
62.421,2,1078,-0.00665,0.00820,0.0015,0.0012,-0.03293,0.04661,0.00248,1,1,0.015,0.137,in_circle,0.0146,0.1553,0.0000,0.0000,0
62.464,2,1079,-0.00678,0.00808,-0.0030,-0.0028,-0.03176,0.04634,0.00231,1,1,0.006,0.145,in_circle,0.0146,0.1553,0.0000,0.0000,0
62.509,2,1080,-0.00621,0.00806,0.0128,-0.0003,-0.03303,0.04513,0.00261,1,1,0.024,0.162,in_circle,0.0146,0.1553,0.0000,0.0000,0
62.552,2,1081,-0.00663,0.00834,-0.0097,0.0063,-0.03328,0.04559,0.00261,1,1,-0.041,0.151,in_circle,0.0146,0.1553,0.0000,0.0000,0
62.598,2,1082,-0.00685,0.00829,-0.0049,-0.0009,-0.03245,0.04608,0.00248,1,1,0.051,0.124,in_circle,0.0146,0.1553,0.0000,0.0000,0
62.641,2,1083,-0.00676,0.00761,0.0021,-0.0160,-0.03244,0.04367,0.00192,1,1,0.032,0.153,in_circle,0.0146,0.1553,0.0000,0.0000,0
62.685,2,1084,-0.00675,0.00839,0.0003,0.0177,-0.03244,0.04573,0.00261,1,1,0.003,0.215,in_circle,0.0146,0.1553,0.0000,0.0000,0
62.728,2,1085,-0.00673,0.00851,0.0004,0.0029,-0.03294,0.04624,0.00273,1,1,0.011,0.079,in_circle,0.0146,0.1553,0.0000,0.0000,0
62.773,2,1086,-0.00630,0.00813,0.0095,-0.0085,-0.03457,0.04640,0.00260,1,1,0.010,0.138,in_circle,0.0146,0.1553,0.0000,0.0000,0
62.817,2,1087,-0.00660,0.00802,-0.0069,-0.0024,-0.02985,0.04377,0.00235,1,1,-0.027,0.184,in_circle,0.0146,0.1553,0.0000,0.0000,0
62.861,2,1088,-0.00647,0.00831,0.0029,0.0064,-0.03089,0.04705,0.00266,1,1,0.039,0.160,in_circle,0.0146,0.1553,0.0000,0.0000,0
62.904,2,1089,-0.00701,0.00830,-0.0125,-0.0002,-0.03339,0.04454,0.00243,1,1,-0.000,0.124,in_circle,0.0146,0.1553,0.0000,0.0000,0
62.950,2,1090,-0.00640,0.00809,0.0133,-0.0045,-0.03161,0.04510,0.00252,1,1,0.062,0.150,in_circle,0.0146,0.1553,0.0000,0.0000,0
62.993,2,1091,-0.00653,0.00830,-0.0029,0.0048,-0.03119,0.04503,0.00263,1,1,-0.042,0.168,in_circle,0.0146,0.1553,0.0000,0.0000,0
63.038,2,1092,-0.00676,0.00829,-0.0052,-0.0002,-0.03196,0.04612,0.00251,1,1,0.023,0.130,in_circle,0.0146,0.1553,0.0000,0.0000,0
63.081,2,1093,-0.00623,0.00832,0.0122,0.0007,-0.03190,0.04432,0.00280,1,1,0.033,0.151,in_circle,0.0146,0.1553,0.0000,0.0000,0
63.126,2,1094,-0.00676,0.00843,-0.0118,0.0024,-0.03188,0.04542,0.00264,1,1,-0.038,0.147,in_circle,0.0146,0.1553,0.0000,0.0000,0
63.169,2,1095,-0.00657,0.00820,0.0045,-0.0054,-0.03164,0.04687,0.00252,1,1,0.059,0.140,in_circle,0.0146,0.1553,0.0000,0.0000,0
63.213,2,1096,-0.00608,0.00829,0.0109,0.0022,-0.03302,0.04238,0.00286,1,1,-0.007,0.171,in_circle,0.0146,0.1553,0.0000,0.0000,0
63.258,2,1097,-0.00662,0.00838,-0.0120,0.0020,-0.03317,0.04698,0.00266,1,1,-0.033,0.141,in_circle,0.0146,0.1553,0.0000,0.0000,0
63.301,2,1098,-0.00673,0.00808,-0.0026,-0.0070,-0.03188,0.04499,0.00234,1,1,0.060,0.141,in_circle,0.0146,0.1553,0.0000,0.0000,0
63.345,2,1099,-0.00685,0.00829,-0.0028,0.0049,-0.03239,0.04493,0.00248,1,1,0.022,0.178,in_circle,0.0146,0.1553,0.0000,0.0000,0
63.390,2,1100,-0.00646,0.00849,0.0087,0.0044,-0.03206,0.04449,0.00282,1,1,0.024,0.130,in_circle,0.0146,0.1553,0.0000,0.0000,0
63.432,2,1101,-0.00656,0.00845,-0.0023,-0.0009,-0.03164,0.04640,0.00274,1,1,-0.024,0.131,in_circle,0.0146,0.1553,0.0000,0.0000,0
63.478,2,1102,-0.00706,0.00809,-0.0108,-0.0077,-0.03180,0.04484,0.00222,1,1,0.021,0.153,in_circle,0.0146,0.1553,0.0000,0.0000,0
63.521,2,1103,-0.00683,0.00810,0.0053,0.0002,-0.03191,0.04369,0.00232,1,1,0.056,0.181,in_circle,0.0146,0.1553,0.0000,0.0000,0
63.565,2,1104,-0.00687,0.00829,-0.0009,0.0042,-0.03138,0.04590,0.00247,1,1,-0.009,0.149,in_circle,0.0146,0.1553,0.0000,0.0000,0
63.610,2,1105,-0.00633,0.00842,0.0120,0.0029,-0.03026,0.04497,0.00283,1,1,0.016,0.133,in_circle,0.0146,0.1553,0.0000,0.0000,0
63.653,2,1106,-0.00670,0.00806,-0.0085,-0.0082,-0.03161,0.04721,0.00234,1,1,-0.037,0.138,in_circle,0.0146,0.1553,0.0000,0.0000,0
63.699,2,1107,-0.00654,0.00847,0.0035,0.0090,-0.03172,0.04569,0.00277,1,1,0.046,0.183,in_circle,0.0146,0.1553,0.0000,0.0000,0
63.742,2,1108,-0.00630,0.00757,0.0054,-0.0207,-0.03222,0.04421,0.00217,1,1,-0.002,0.113,in_circle,0.0146,0.1553,0.0000,0.0000,0
63.784,2,1109,-0.00669,0.00787,-0.0092,0.0071,-0.03169,0.04642,0.00217,1,1,-0.011,0.234,in_circle,0.0146,0.1553,0.0000,0.0000,0
63.828,2,1110,-0.00673,0.00797,-0.0009,0.0024,-0.03063,0.04492,0.00224,1,1,0.049,0.122,in_circle,0.0146,0.1553,0.0000,0.0000,0
63.873,2,1111,-0.00678,0.00802,-0.0012,0.0011,-0.03580,0.04697,0.00226,1,1,0.016,0.141,in_circle,0.0146,0.1553,0.0000,0.0000,0
63.917,2,1112,-0.00630,0.00850,0.0110,0.0109,-0.03310,0.04560,0.00292,1,1,0.017,0.146,in_circle,0.0146,0.1553,0.0000,0.0000,0
63.962,2,1113,-0.00720,0.00843,-0.0198,-0.0015,-0.03346,0.04511,0.00251,1,1,-0.033,0.106,in_circle,0.0146,0.1553,0.0000,0.0000,0
64.004,2,1114,-0.00640,0.00813,0.0191,-0.0073,-0.03149,0.04481,0.00255,1,1,0.092,0.155,in_circle,0.0146,0.1553,0.0000,0.0000,0
64.050,2,1115,-0.00646,0.00820,-0.0013,0.0016,-0.03031,0.04373,0.00258,1,1,-0.065,0.179,in_circle,0.0146,0.1553,0.0000,0.0000,0
64.092,2,1116,-0.00663,0.00827,-0.0040,0.0018,-0.03056,0.04558,0.00256,1,1,0.017,0.143,in_circle,0.0146,0.1553,0.0000,0.0000,0
64.138,2,1117,-0.00648,0.00778,0.0032,-0.0109,-0.03136,0.04398,0.00221,1,1,0.028,0.143,in_circle,0.0146,0.1553,0.0000,0.0000,0
64.181,2,1118,-0.00658,0.00802,-0.0024,0.0057,-0.03259,0.04393,0.00236,1,1,-0.002,0.194,in_circle,0.0146,0.1553,0.0000,0.0000,0
64.225,2,1119,-0.00666,0.00799,-0.0017,-0.0007,-0.03091,0.04534,0.00229,1,1,0.021,0.128,in_circle,0.0146,0.1553,0.0000,0.0000,0
64.271,2,1120,-0.00663,0.00803,0.0006,0.0009,-0.03445,0.04512,0.00234,1,1,0.019,0.153,in_circle,0.0146,0.1553,0.0000,0.0000,0
64.314,2,1121,-0.00716,0.00813,-0.0122,0.0024,-0.03166,0.04436,0.00223,1,1,0.009,0.147,in_circle,0.0146,0.1553,0.0000,0.0000,0
64.357,2,1122,-0.00628,0.00818,0.0206,0.0010,-0.03257,0.04488,0.00266,1,1,0.062,0.140,in_circle,0.0146,0.1553,0.0000,0.0000,0
64.445,2,1123,-0.00645,0.00855,-0.0020,0.0043,-0.03138,0.04590,0.00289,1,1,-0.072,0.146,in_circle,0.0146,0.1553,0.0000,0.0000,0
64.488,2,1124,-0.00637,0.00814,0.0019,-0.0095,-0.03176,0.04634,0.00258,1,1,0.019,0.132,in_circle,0.0146,0.1553,0.0000,0.0000,0
64.533,2,1125,-0.00643,0.00815,-0.0014,0.0002,-0.03338,0.04315,0.00255,1,1,0.004,0.188,in_circle,0.0146,0.1553,0.0000,0.0000,0
64.578,2,1126,-0.00649,0.00853,-0.0013,0.0086,-0.03170,0.04468,0.00285,1,1,0.017,0.149,in_circle,0.0146,0.1553,0.0000,0.0000,0
64.622,2,1127,-0.00652,0.00822,-0.0007,-0.0072,-0.03262,0.04514,0.00256,1,1,0.016,0.115,in_circle,0.0146,0.1553,0.0000,0.0000,0
64.665,2,1128,-0.00680,0.00839,-0.0065,0.0039,-0.03227,0.04302,0.00259,1,1,0.014,0.178,in_circle,0.0146,0.1553,0.0000,0.0000,0
64.709,2,1129,-0.00652,0.00801,0.0064,-0.0087,-0.03091,0.04534,0.00238,1,1,0.038,0.134,in_circle,0.0146,0.1553,0.0000,0.0000,0
64.753,2,1130,-0.00643,0.00810,0.0020,0.0020,-0.03283,0.04376,0.00250,1,1,-0.014,0.185,in_circle,0.0146,0.1553,0.0000,0.0000,0
64.797,2,1131,-0.00623,0.00818,0.0044,0.0019,-0.03040,0.04516,0.00269,1,1,0.003,0.142,in_circle,0.0146,0.1553,0.0000,0.0000,0
64.840,2,1132,-0.00587,0.00768,0.0084,-0.0117,-0.03376,0.04553,0.00256,1,1,-0.007,0.142,in_circle,0.0146,0.1553,0.0000,0.0000,0
64.885,2,1133,-0.00665,0.00815,-0.0173,0.0105,-0.03209,0.04484,0.00244,1,1,-0.024,0.198,in_circle,0.0146,0.1553,0.0000,0.0000,0
64.929,2,1134,-0.00581,0.00801,0.0193,-0.0032,-0.03289,0.04522,0.00283,1,1,0.081,0.108,in_circle,0.0146,0.1553,0.0000,0.0000,0
64.973,2,1135,-0.00677,0.00837,-0.0217,0.0082,-0.03414,0.04555,0.00258,1,1,-0.068,0.163,in_circle,0.0146,0.1553,0.0000,0.0000,0
65.016,2,1136,-0.00684,0.00830,-0.0014,-0.0017,-0.02954,0.04523,0.00249,1,1,0.099,0.117,in_circle,0.0146,0.1553,0.0000,0.0000,0
65.062,2,1137,-0.00616,0.00772,0.0149,-0.0126,-0.03108,0.04517,0.00238,1,1,0.018,0.157,in_circle,0.0146,0.1553,0.0000,0.0000,0
65.105,2,1138,-0.00652,0.00810,-0.0085,0.0087,-0.03031,0.04551,0.00245,1,1,-0.049,0.202,in_circle,0.0146,0.1553,0.0000,0.0000,0
65.150,2,1139,-0.00657,0.00823,-0.0010,0.0031,-0.03068,0.04920,0.00255,1,1,0.045,0.115,in_circle,0.0146,0.1553,0.0000,0.0000,0
65.192,2,1140,-0.00666,0.00824,-0.0021,0.0001,-0.03376,0.04553,0.00251,1,1,0.016,0.138,in_circle,0.0146,0.1553,0.0000,0.0000,0
65.238,2,1141,-0.00647,0.00823,0.0040,-0.0002,-0.03102,0.04606,0.00259,1,1,0.020,0.149,in_circle,0.0146,0.1553,0.0000,0.0000,0
65.281,2,1142,-0.00657,0.00835,-0.0023,0.0027,-0.03088,0.04624,0.00265,1,1,-0.005,0.151,in_circle,0.0146,0.1553,0.0000,0.0000,0
65.326,2,1143,-0.00698,0.00810,-0.0090,-0.0055,-0.03293,0.04678,0.00225,1,1,0.021,0.139,in_circle,0.0146,0.1553,0.0000,0.0000,0
65.369,2,1144,-0.00687,0.00811,0.0025,0.0003,-0.02989,0.04642,0.00230,1,1,0.049,0.172,in_circle,0.0146,0.1553,0.0000,0.0000,0
65.413,2,1145,-0.00676,0.00824,0.0024,0.0030,-0.03278,0.04672,0.00247,1,1,0.002,0.149,in_circle,0.0146,0.1553,0.0000,0.0000,0
65.456,2,1146,-0.00698,0.00818,-0.0050,-0.0014,-0.03270,0.04626,0.00233,1,1,0.002,0.138,in_circle,0.0146,0.1553,0.0000,0.0000,0
65.501,2,1147,-0.00659,0.00844,0.0086,0.0057,-0.03077,0.04656,0.00272,1,1,0.033,0.156,in_circle,0.0146,0.1553,0.0000,0.0000,0
65.545,2,1148,-0.00590,0.00812,0.0159,-0.0072,-0.03090,0.04730,0.00285,1,1,-0.023,0.126,in_circle,0.0146,0.1553,0.0000,0.0000,0
65.590,2,1149,-0.00635,0.00825,-0.0099,0.0028,-0.03112,0.04683,0.00268,1,1,-0.054,0.179,in_circle,0.0146,0.1553,0.0000,0.0000,0
65.633,2,1150,-0.00657,0.00849,-0.0050,0.0054,-0.03295,0.04505,0.00278,1,1,0.051,0.138,in_circle,0.0146,0.1553,0.0000,0.0000,0
65.677,2,1151,-0.00649,0.00780,0.0017,-0.0156,-0.03295,0.04569,0.00222,1,1,0.031,0.127,in_circle,0.0146,0.1553,0.0000,0.0000,0
65.721,2,1152,-0.00649,0.00838,0.0001,0.0133,-0.03239,0.04589,0.00272,1,1,0.004,0.213,in_circle,0.0146,0.1553,0.0000,0.0000,0
65.764,2,1153,-0.00645,0.00803,0.0009,-0.0082,-0.03526,0.04503,0.00244,1,1,0.011,0.096,in_circle,0.0146,0.1553,0.0000,0.0000,0
65.811,2,1154,-0.00665,0.00830,-0.0043,0.0059,-0.03557,0.04588,0.00257,1,1,0.008,0.183,in_circle,0.0146,0.1553,0.0000,0.0000,0
65.854,2,1155,-0.00672,0.00814,-0.0017,-0.0037,-0.03111,0.04473,0.00240,1,1,0.029,0.126,in_circle,0.0146,0.1553,0.0000,0.0000,0
65.898,2,1156,-0.00629,0.00796,0.0100,-0.0042,-0.03283,0.04513,0.00247,1,1,0.019,0.165,in_circle,0.0146,0.1553,0.0000,0.0000,0
65.941,2,1157,-0.00605,0.00811,0.0055,0.0035,-0.03142,0.04363,0.00274,1,1,-0.029,0.167,in_circle,0.0146,0.1553,0.0000,0.0000,0
65.984,2,1158,-0.00682,0.00800,-0.0178,-0.0025,-0.03236,0.04370,0.00223,1,1,-0.012,0.136,in_circle,0.0146,0.1553,0.0000,0.0000,0
66.029,2,1159,-0.00658,0.00802,0.0053,0.0004,-0.03322,0.04325,0.00236,1,1,0.084,0.160,in_circle,0.0146,0.1553,0.0000,0.0000,0
66.072,2,1160,-0.00691,0.00795,-0.0077,-0.0017,-0.03277,0.04311,0.00214,1,1,-0.010,0.149,in_circle,0.0146,0.1553,0.0000,0.0000,0
66.118,2,1161,-0.00644,0.00804,0.0104,0.0019,-0.03274,0.04535,0.00245,1,1,0.043,0.157,in_circle,0.0146,0.1553,0.0000,0.0000,0
66.160,2,1162,-0.00653,0.00800,-0.0021,-0.0008,-0.03259,0.04393,0.00237,1,1,-0.030,0.142,in_circle,0.0146,0.1553,0.0000,0.0000,0
66.206,2,1163,-0.00659,0.00810,-0.0012,0.0022,-0.03167,0.04341,0.00242,1,1,0.020,0.154,in_circle,0.0146,0.1553,0.0000,0.0000,0
66.250,2,1164,-0.00585,0.00831,0.0172,0.0047,-0.03404,0.04327,0.00302,1,1,0.016,0.141,in_circle,0.0146,0.1553,0.0000,0.0000,0
66.293,2,1165,-0.00652,0.00807,-0.0153,-0.0053,-0.03241,0.04433,0.00243,1,1,-0.059,0.131,in_circle,0.0146,0.1553,0.0000,0.0000,0
66.337,2,1166,-0.00639,0.00795,0.0030,-0.0028,-0.03222,0.04352,0.00241,1,1,0.073,0.172,in_circle,0.0146,0.1553,0.0000,0.0000,0
66.381,2,1167,-0.00643,0.00806,-0.0010,0.0025,-0.03215,0.04410,0.00247,1,1,-0.001,0.161,in_circle,0.0146,0.1553,0.0000,0.0000,0
66.470,2,1168,-0.00647,0.00812,-0.0005,0.0006,-0.03157,0.04617,0.00250,1,1,0.015,0.140,in_circle,0.0146,0.1553,0.0000,0.0000,0
66.514,2,1169,-0.00669,0.00821,-0.0048,0.0021,-0.03034,0.04541,0.00247,1,1,0.013,0.148,in_circle,0.0146,0.1553,0.0000,0.0000,0
66.558,2,1170,-0.00630,0.00801,0.0087,-0.0043,-0.03124,0.04485,0.00251,1,1,0.031,0.141,in_circle,0.0146,0.1553,0.0000,0.0000,0
66.601,2,1171,-0.00649,0.00805,-0.0044,0.0009,-0.03145,0.04475,0.00244,1,1,-0.024,0.168,in_circle,0.0146,0.1553,0.0000,0.0000,0
66.646,2,1172,-0.00666,0.00812,-0.0037,0.0016,-0.03287,0.04472,0.00241,1,1,0.029,0.147,in_circle,0.0146,0.1553,0.0000,0.0000,0
66.690,2,1173,-0.00576,0.00784,0.0205,-0.0064,-0.03200,0.04454,0.00275,1,1,0.027,0.144,in_circle,0.0146,0.1553,0.0000,0.0000,0
66.734,2,1174,-0.00696,0.00818,-0.0273,0.0076,-0.03161,0.04547,0.00233,1,1,-0.073,0.176,in_circle,0.0146,0.1553,0.0000,0.0000,0
66.776,2,1175,-0.00672,0.00821,0.0056,0.0007,-0.03133,0.04476,0.00246,1,1,0.122,0.120,in_circle,0.0146,0.1553,0.0000,0.0000,0
66.821,2,1176,-0.00654,0.00773,0.0041,-0.0107,-0.03322,0.04325,0.00214,1,1,-0.010,0.147,in_circle,0.0146,0.1553,0.0000,0.0000,0
66.864,2,1177,-0.00607,0.00853,0.0108,0.0186,-0.02966,0.04711,0.00306,1,1,-0.005,0.194,in_circle,0.0146,0.1553,0.0000,0.0000,0
66.909,2,1178,-0.00677,0.00847,-0.0155,-0.0013,-0.03044,0.04866,0.00268,1,1,-0.033,0.075,in_circle,0.0146,0.1553,0.0000,0.0000,0
66.952,2,1179,-0.00671,0.00820,0.0014,-0.0062,-0.03063,0.04590,0.00246,1,1,0.074,0.154,in_circle,0.0146,0.1553,0.0000,0.0000,0
66.997,2,1180,-0.00657,0.00828,0.0031,0.0018,-0.02910,0.04399,0.00259,1,1,0.006,0.174,in_circle,0.0146,0.1553,0.0000,0.0000,0
67.042,2,1181,-0.00674,0.00806,-0.0039,-0.0049,-0.03040,0.04719,0.00232,1,1,-0.001,0.143,in_circle,0.0146,0.1553,0.0000,0.0000,0
67.085,2,1182,-0.00655,0.00836,0.0044,0.0068,-0.03053,0.04674,0.00267,1,1,0.028,0.170,in_circle,0.0146,0.1553,0.0000,0.0000,0
67.130,2,1183,-0.00653,0.00759,0.0004,-0.0173,-0.03266,0.04784,0.00204,1,1,-0.006,0.122,in_circle,0.0146,0.1553,0.0000,0.0000,0
67.173,2,1184,-0.00662,0.00843,-0.0021,0.0192,-0.03264,0.04621,0.00270,1,1,0.010,0.221,in_circle,0.0146,0.1553,0.0000,0.0000,0
67.219,2,1185,-0.00664,0.00817,-0.0005,-0.0055,-0.03276,0.04741,0.00246,1,1,0.020,0.072,in_circle,0.0146,0.1553,0.0000,0.0000,0
67.261,2,1186,-0.00668,0.00840,-0.0009,0.0054,-0.03514,0.04565,0.00265,1,1,0.014,0.172,in_circle,0.0146,0.1553,0.0000,0.0000,0
67.305,2,1187,-0.00666,0.00839,0.0005,-0.0003,-0.02909,0.04534,0.00264,1,1,0.015,0.128,in_circle,0.0146,0.1553,0.0000,0.0000,0
67.349,2,1188,-0.00697,0.00837,-0.0071,-0.0003,-0.03245,0.04655,0.00251,1,1,0.010,0.150,in_circle,0.0146,0.1553,0.0000,0.0000,0
67.394,2,1189,-0.00681,0.00801,0.0036,-0.0081,-0.03059,0.04571,0.00224,1,1,0.041,0.151,in_circle,0.0146,0.1553,0.0000,0.0000,0
67.438,2,1190,-0.00685,0.00822,-0.0008,0.0046,-0.03259,0.04622,0.00241,1,1,-0.002,0.183,in_circle,0.0146,0.1553,0.0000,0.0000,0
67.482,2,1191,-0.00682,0.00818,0.0005,-0.0008,-0.03183,0.04654,0.00239,1,1,0.015,0.131,in_circle,0.0146,0.1553,0.0000,0.0000,0
67.524,2,1192,-0.00675,0.00779,0.0018,-0.0092,-0.03371,0.04549,0.00208,1,1,0.010,0.153,in_circle,0.0146,0.1553,0.0000,0.0000,0
67.570,2,1193,-0.00688,0.00853,-0.0030,0.0163,-0.03122,0.04534,0.00269,1,1,0.005,0.188,in_circle,0.0146,0.1553,0.0000,0.0000,0
67.613,2,1194,-0.00611,0.00833,0.0180,-0.0047,-0.03275,0.04529,0.00288,1,1,0.024,0.084,in_circle,0.0146,0.1553,0.0000,0.0000,0
67.658,2,1195,-0.00650,0.00829,-0.0086,-0.0009,-0.03326,0.04596,0.00264,1,1,-0.062,0.168,in_circle,0.0146,0.1553,0.0000,0.0000,0
67.701,2,1196,-0.00645,0.00814,0.0010,-0.0034,-0.03111,0.04473,0.00253,1,1,0.046,0.153,in_circle,0.0146,0.1553,0.0000,0.0000,0
67.745,2,1197,-0.00642,0.00809,0.0007,-0.0013,-0.03401,0.04394,0.00250,1,1,0.007,0.164,in_circle,0.0146,0.1553,0.0000,0.0000,0
67.790,2,1198,-0.00568,0.00793,0.0165,-0.0036,-0.03418,0.04241,0.00286,1,1,0.008,0.155,in_circle,0.0146,0.1553,0.0000,0.0000,0
67.834,2,1199,-0.00670,0.00820,-0.0229,0.0062,-0.03478,0.04355,0.00246,1,1,-0.057,0.165,in_circle,0.0146,0.1553,0.0000,0.0000,0
67.878,2,1200,-0.00702,0.00807,-0.0074,-0.0031,-0.03541,0.04203,0.00221,1,1,0.104,0.125,in_circle,0.0146,0.1553,0.0000,0.0000,0
67.923,2,1201,-0.00635,0.00851,0.0152,0.0098,-0.03476,0.04097,0.00290,1,1,0.042,0.162,in_circle,0.0146,0.1553,0.0000,0.0000,0
67.966,2,1202,-0.00636,0.00824,-0.0003,-0.0062,-0.03312,0.04332,0.00266,1,1,-0.050,0.110,in_circle,0.0146,0.1553,0.0000,0.0000,0
68.009,2,1203,-0.00642,0.00828,-0.0014,0.0010,-0.03239,0.04372,0.00267,1,1,0.012,0.175,in_circle,0.0146,0.1553,0.0000,0.0000,0
68.053,2,1204,-0.00666,0.00823,-0.0056,-0.0013,-0.03213,0.04093,0.00250,1,1,0.017,0.146,in_circle,0.0146,0.1553,0.0000,0.0000,0
68.097,2,1205,-0.00673,0.00838,-0.0016,0.0034,-0.03284,0.04251,0.00261,1,1,0.034,0.155,in_circle,0.0146,0.1553,0.0000,0.0000,0
68.141,2,1206,-0.00609,0.00828,0.0147,-0.0023,-0.03161,0.04270,0.00285,1,1,0.018,0.136,in_circle,0.0146,0.1553,0.0000,0.0000,0
68.186,2,1207,-0.00665,0.00846,-0.0125,0.0041,-0.03074,0.04421,0.00272,1,1,-0.049,0.159,in_circle,0.0146,0.1553,0.0000,0.0000,0
68.229,2,1208,-0.00656,0.00826,0.0020,-0.0047,-0.02984,0.04257,0.00258,1,1,0.062,0.133,in_circle,0.0146,0.1553,0.0000,0.0000,0
68.273,2,1209,-0.00671,0.00829,-0.0035,0.0008,-0.03171,0.04317,0.00254,1,1,0.003,0.169,in_circle,0.0146,0.1553,0.0000,0.0000,0
68.318,2,1210,-0.00624,0.00779,0.0105,-0.0111,-0.03130,0.04539,0.00238,1,1,0.026,0.146,in_circle,0.0146,0.1553,0.0000,0.0000,0
68.360,2,1211,-0.00654,0.00829,-0.0070,0.0117,-0.03000,0.04451,0.00261,1,1,-0.031,0.195,in_circle,0.0146,0.1553,0.0000,0.0000,0
68.406,2,1212,-0.00653,0.00833,0.0002,0.0008,-0.03025,0.04583,0.00265,1,1,0.040,0.103,in_circle,0.0146,0.1553,0.0000,0.0000,0
68.494,2,1213,-0.00641,0.00843,0.0013,0.0012,-0.02875,0.04537,0.00280,1,1,0.010,0.146,in_circle,0.0146,0.1553,0.0000,0.0000,0
68.536,2,1214,-0.00651,0.00792,-0.0022,-0.0122,-0.02854,0.04660,0.00231,1,1,0.006,0.145,in_circle,0.0146,0.1553,0.0000,0.0000,0
68.581,2,1215,-0.00650,0.00800,0.0002,0.0019,-0.02897,0.04621,0.00238,1,1,0.020,0.199,in_circle,0.0146,0.1553,0.0000,0.0000,0
68.625,2,1216,-0.00631,0.00830,0.0043,0.0070,-0.02981,0.04579,0.00274,1,1,0.011,0.143,in_circle,0.0146,0.1553,0.0000,0.0000,0
68.670,2,1217,-0.00677,0.00818,-0.0100,-0.0027,-0.03642,0.04650,0.00241,1,1,-0.006,0.121,in_circle,0.0146,0.1553,0.0000,0.0000,0
68.714,2,1218,-0.00706,0.00808,-0.0067,-0.0022,-0.03365,0.04668,0.00221,1,1,0.052,0.161,in_circle,0.0146,0.1553,0.0000,0.0000,0
68.759,2,1219,-0.00633,0.00836,0.0162,0.0061,-0.03246,0.04778,0.00278,1,1,0.040,0.159,in_circle,0.0146,0.1553,0.0000,0.0000,0
68.801,2,1220,-0.00591,0.00814,0.0102,-0.0051,-0.03168,0.04737,0.00286,1,1,-0.054,0.125,in_circle,0.0146,0.1553,0.0000,0.0000,0
68.847,2,1221,-0.00689,0.00785,-0.0215,-0.0062,-0.03355,0.04726,0.00206,1,1,-0.031,0.171,in_circle,0.0146,0.1553,0.0000,0.0000,0
68.889,2,1222,-0.00669,0.00838,0.0049,0.0125,-0.03269,0.04521,0.00263,1,1,0.098,0.176,in_circle,0.0146,0.1553,0.0000,0.0000,0
68.934,2,1223,-0.00661,0.00814,0.0017,-0.0053,-0.03305,0.04423,0.00245,1,1,-0.008,0.099,in_circle,0.0146,0.1553,0.0000,0.0000,0
68.977,2,1224,-0.00703,0.00841,-0.0097,0.0062,-0.03175,0.04648,0.00253,1,1,0.005,0.171,in_circle,0.0146,0.1553,0.0000,0.0000,0
69.022,2,1225,-0.00648,0.00842,0.0121,0.0002,-0.03137,0.04806,0.00275,1,1,0.052,0.124,in_circle,0.0146,0.1553,0.0000,0.0000,0
69.064,2,1226,-0.00624,0.00800,0.0058,-0.0098,-0.03259,0.04707,0.00254,1,1,-0.037,0.149,in_circle,0.0146,0.1553,0.0000,0.0000,0
69.110,2,1227,-0.00675,0.00807,-0.0111,0.0014,-0.02941,0.04889,0.00232,1,1,-0.012,0.189,in_circle,0.0146,0.1553,0.0000,0.0000,0
69.154,2,1228,-0.00589,0.00814,0.0198,0.0016,-0.03227,0.04484,0.00287,1,1,0.056,0.144,in_circle,0.0146,0.1553,0.0000,0.0000,0
69.197,2,1229,-0.00642,0.00801,-0.0122,-0.0030,-0.03398,0.04603,0.00244,1,1,-0.069,0.144,in_circle,0.0146,0.1553,0.0000,0.0000,0
69.242,2,1230,-0.00657,0.00832,-0.0035,0.0070,-0.03284,0.04763,0.00263,1,1,0.060,0.162,in_circle,0.0146,0.1553,0.0000,0.0000,0
69.285,2,1231,-0.00712,0.00842,-0.0126,0.0023,-0.03353,0.04500,0.00252,1,1,0.025,0.122,in_circle,0.0146,0.1553,0.0000,0.0000,0
69.330,2,1232,-0.00665,0.00814,0.0105,-0.0063,-0.03365,0.04417,0.00243,1,1,0.063,0.140,in_circle,0.0146,0.1553,0.0000,0.0000,0
69.374,2,1233,-0.00662,0.00794,0.0006,-0.0045,-0.03285,0.04485,0.00227,1,1,-0.030,0.175,in_circle,0.0146,0.1553,0.0000,0.0000,0
69.417,2,1234,-0.00654,0.00839,0.0018,0.0102,-0.03225,0.04369,0.00270,1,1,0.009,0.168,in_circle,0.0146,0.1553,0.0000,0.0000,0
69.461,2,1235,-0.00651,0.00837,0.0007,-0.0004,-0.03326,0.04261,0.00270,1,1,0.004,0.109,in_circle,0.0146,0.1553,0.0000,0.0000,0
69.505,2,1236,-0.00666,0.00806,-0.0033,-0.0069,-0.03295,0.04438,0.00236,1,1,0.009,0.151,in_circle,0.0146,0.1553,0.0000,0.0000,0
69.549,2,1237,-0.00680,0.00803,-0.0032,-0.0008,-0.03120,0.04331,0.00226,1,1,0.025,0.178,in_circle,0.0146,0.1553,0.0000,0.0000,0
69.594,2,1238,-0.00664,0.00811,0.0036,0.0017,-0.03106,0.04462,0.00241,1,1,0.025,0.153,in_circle,0.0146,0.1553,0.0000,0.0000,0
69.637,2,1239,-0.00685,0.00814,-0.0049,0.0007,-0.03147,0.04523,0.00234,1,1,-0.003,0.143,in_circle,0.0146,0.1553,0.0000,0.0000,0
69.682,2,1240,-0.00665,0.00797,0.0042,-0.0037,-0.03116,0.04450,0.00228,1,1,0.032,0.147,in_circle,0.0146,0.1553,0.0000,0.0000,0
69.726,2,1241,-0.00668,0.00837,-0.0007,0.0091,-0.03215,0.04307,0.00262,1,1,-0.005,0.165,in_circle,0.0146,0.1553,0.0000,0.0000,0
69.770,2,1242,-0.00658,0.00802,0.0023,-0.0078,-0.03076,0.04501,0.00236,1,1,0.015,0.113,in_circle,0.0146,0.1553,0.0000,0.0000,0
69.813,2,1243,-0.00680,0.00826,-0.0051,0.0054,-0.03134,0.04455,0.00247,1,1,0.002,0.182,in_circle,0.0146,0.1553,0.0000,0.0000,0
69.856,2,1244,-0.00659,0.00806,0.0048,-0.0045,-0.03113,0.04341,0.00239,1,1,0.033,0.128,in_circle,0.0146,0.1553,0.0000,0.0000,0
69.902,2,1245,-0.00653,0.00806,0.0014,-0.0001,-0.03248,0.04396,0.00242,1,1,-0.007,0.168,in_circle,0.0146,0.1553,0.0000,0.0000,0
69.946,2,1246,-0.00638,0.00797,0.0034,-0.0019,-0.03121,0.04480,0.00243,1,1,0.006,0.151,in_circle,0.0146,0.1553,0.0000,0.0000,0
69.989,2,1247,-0.00669,0.00852,-0.0072,0.0125,-0.03239,0.04493,0.00275,1,1,-0.003,0.158,in_circle,0.0146,0.1553,0.0000,0.0000,0
70.033,2,1248,-0.00691,0.00825,-0.0050,-0.0061,-0.03209,0.04484,0.00242,1,1,0.041,0.099,in_circle,0.0146,0.1553,0.0000,0.0000,0
70.077,2,1249,-0.00671,0.00825,0.0046,-0.0001,-0.03192,0.04333,0.00250,1,1,0.032,0.174,in_circle,0.0146,0.1553,0.0000,0.0000,0
70.121,2,1250,-0.00670,0.00812,0.0002,-0.0030,-0.02922,0.04607,0.00239,1,1,-0.007,0.150,in_circle,0.0146,0.1553,0.0000,0.0000,0
70.166,2,1251,-0.00688,0.00817,-0.0040,0.0012,-0.03212,0.04760,0.00236,1,1,0.011,0.162,in_circle,0.0146,0.1553,0.0000,0.0000,0
70.211,2,1252,-0.00593,0.00788,0.0211,-0.0065,-0.03112,0.04583,0.00265,1,1,0.028,0.145,in_circle,0.0146,0.1553,0.0000,0.0000,0
70.253,2,1253,-0.00654,0.00802,-0.0144,0.0033,-0.03176,0.04453,0.00238,1,1,-0.074,0.177,in_circle,0.0146,0.1553,0.0000,0.0000,0
70.298,2,1254,-0.00688,0.00813,-0.0075,0.0025,-0.03144,0.04643,0.00232,1,1,0.069,0.137,in_circle,0.0146,0.1553,0.0000,0.0000,0
70.341,2,1255,-0.00635,0.00873,0.0123,0.0139,-0.03422,0.04355,0.00309,1,1,0.042,0.140,in_circle,0.0146,0.1553,0.0000,0.0000,0
70.388,2,1256,-0.00650,0.00830,-0.0032,-0.0091,-0.03135,0.04652,0.00264,1,1,-0.038,0.093,in_circle,0.0146,0.1553,0.0000,0.0000,0
70.430,2,1257,-0.00690,0.00823,-0.0097,-0.0016,-0.03032,0.04865,0.00240,1,1,0.024,0.186,in_circle,0.0146,0.1553,0.0000,0.0000,0
70.519,2,1258,-0.00668,0.00812,0.0025,-0.0013,-0.03311,0.04753,0.00240,1,1,0.051,0.156,in_circle,0.0146,0.1553,0.0000,0.0000,0
70.563,2,1259,-0.00632,0.00844,0.0080,0.0072,-0.03370,0.04619,0.00285,1,1,0.002,0.155,in_circle,0.0146,0.1553,0.0000,0.0000,0
70.606,2,1260,-0.00655,0.00825,-0.0053,-0.0044,-0.03485,0.04632,0.00257,1,1,-0.021,0.120,in_circle,0.0146,0.1553,0.0000,0.0000,0
70.650,2,1261,-0.00673,0.00824,-0.0041,-0.0002,-0.03269,0.04640,0.00248,1,1,0.033,0.167,in_circle,0.0146,0.1553,0.0000,0.0000,0
70.692,2,1262,-0.00644,0.00803,0.0070,-0.0050,-0.03209,0.04635,0.00244,1,1,0.028,0.150,in_circle,0.0146,0.1553,0.0000,0.0000,0
70.738,2,1263,-0.00691,0.00820,-0.0102,0.0036,-0.03313,0.04642,0.00237,1,1,-0.017,0.170,in_circle,0.0146,0.1553,0.0000,0.0000,0
70.782,2,1264,-0.00642,0.00850,0.0112,0.0070,-0.03176,0.04658,0.00286,1,1,0.053,0.135,in_circle,0.0146,0.1553,0.0000,0.0000,0
70.826,2,1265,-0.00656,0.00832,-0.0032,-0.0041,-0.03214,0.04562,0.00263,1,1,-0.034,0.121,in_circle,0.0146,0.1553,0.0000,0.0000,0
70.869,2,1266,-0.00647,0.00798,0.0022,-0.0079,-0.03204,0.04808,0.00239,1,1,0.024,0.166,in_circle,0.0146,0.1553,0.0000,0.0000,0
70.914,2,1267,-0.00609,0.00826,0.0082,0.0061,-0.03026,0.04501,0.00283,1,1,0.003,0.182,in_circle,0.0146,0.1553,0.0000,0.0000,0
70.958,2,1268,-0.00675,0.00830,-0.0150,0.0011,-0.03138,0.04605,0.00253,1,1,-0.023,0.125,in_circle,0.0146,0.1553,0.0000,0.0000,0
71.002,2,1269,-0.00696,0.00833,-0.0046,0.0005,-0.03233,0.04467,0.00247,1,1,0.072,0.145,in_circle,0.0146,0.1553,0.0000,0.0000,0
71.046,2,1270,-0.00675,0.00815,0.0048,-0.0041,-0.03152,0.04360,0.00239,1,1,0.031,0.148,in_circle,0.0146,0.1553,0.0000,0.0000,0
71.090,2,1271,-0.00674,0.00803,0.0002,-0.0027,-0.03145,0.04660,0.00229,1,1,-0.007,0.166,in_circle,0.0146,0.1553,0.0000,0.0000,0
71.134,2,1272,-0.00581,0.00834,0.0213,0.0073,-0.03247,0.04568,0.00307,1,1,0.011,0.161,in_circle,0.0146,0.1553,0.0000,0.0000,0
71.178,2,1273,-0.00680,0.00827,-0.0223,-0.0016,-0.03199,0.04524,0.00248,1,1,-0.076,0.120,in_circle,0.0146,0.1553,0.0000,0.0000,0
71.222,2,1274,-0.00683,0.00816,-0.0006,-0.0025,-0.03225,0.04513,0.00237,1,1,0.101,0.156,in_circle,0.0146,0.1553,0.0000,0.0000,0
71.266,2,1275,-0.00669,0.00824,0.0033,0.0018,-0.03298,0.04304,0.00250,1,1,0.015,0.160,in_circle,0.0146,0.1553,0.0000,0.0000,0
71.310,2,1276,-0.00660,0.00804,0.0021,-0.0045,-0.03346,0.04444,0.00237,1,1,-0.001,0.143,in_circle,0.0146,0.1553,0.0000,0.0000,0
71.354,2,1277,-0.00675,0.00789,-0.0034,-0.0035,-0.03259,0.04393,0.00216,1,1,0.003,0.168,in_circle,0.0146,0.1553,0.0000,0.0000,0
71.399,2,1278,-0.00619,0.00796,0.0125,0.0017,-0.03331,0.04221,0.00254,1,1,0.026,0.165,in_circle,0.0146,0.1553,0.0000,0.0000,0
71.442,2,1279,-0.00664,0.00817,-0.0104,0.0048,-0.03271,0.04465,0.00246,1,1,-0.039,0.144,in_circle,0.0146,0.1553,0.0000,0.0000,0
71.486,2,1280,-0.00662,0.00841,0.0005,0.0055,-0.03322,0.04325,0.00269,1,1,0.053,0.131,in_circle,0.0146,0.1553,0.0000,0.0000,0
71.530,2,1281,-0.00655,0.00830,0.0015,-0.0024,-0.03382,0.04199,0.00262,1,1,0.010,0.127,in_circle,0.0146,0.1553,0.0000,0.0000,0
71.574,2,1282,-0.00685,0.00825,-0.0069,-0.0013,-0.03141,0.04522,0.00244,1,1,0.006,0.159,in_circle,0.0146,0.1553,0.0000,0.0000,0
71.617,2,1283,-0.00643,0.00821,0.0100,-0.0008,-0.03206,0.04298,0.00260,1,1,0.040,0.155,in_circle,0.0146,0.1553,0.0000,0.0000,0
71.662,2,1284,-0.00656,0.00811,-0.0030,-0.0022,-0.03109,0.04384,0.00245,1,1,-0.029,0.153,in_circle,0.0146,0.1553,0.0000,0.0000,0
71.706,2,1285,-0.00684,0.00852,-0.0062,0.0091,-0.03211,0.04302,0.00270,1,1,0.024,0.159,in_circle,0.0146,0.1553,0.0000,0.0000,0
71.749,2,1286,-0.00645,0.00819,0.0090,-0.0076,-0.03237,0.04342,0.00257,1,1,0.037,0.112,in_circle,0.0146,0.1553,0.0000,0.0000,0
71.794,2,1287,-0.00669,0.00787,-0.0053,-0.0072,-0.03127,0.04512,0.00217,1,1,-0.025,0.180,in_circle,0.0146,0.1553,0.0000,0.0000,0
71.838,2,1288,-0.00674,0.00828,-0.0012,0.0096,-0.02982,0.04358,0.00252,1,1,0.033,0.179,in_circle,0.0146,0.1553,0.0000,0.0000,0
71.882,2,1289,-0.00657,0.00814,0.0038,-0.0032,-0.03259,0.04393,0.00247,1,1,0.017,0.111,in_circle,0.0146,0.1553,0.0000,0.0000,0
71.925,2,1290,-0.00653,0.00840,0.0009,0.0061,-0.03119,0.04522,0.00272,1,1,-0.004,0.163,in_circle,0.0146,0.1553,0.0000,0.0000,0
71.971,2,1291,-0.00634,0.00806,0.0043,-0.0074,-0.03022,0.04352,0.00253,1,1,0.008,0.125,in_circle,0.0146,0.1553,0.0000,0.0000,0
72.013,2,1292,-0.00668,0.00789,-0.0080,-0.0040,-0.03064,0.04528,0.00220,1,1,-0.006,0.180,in_circle,0.0146,0.1553,0.0000,0.0000,0
72.058,2,1293,-0.00659,0.00818,0.0019,0.0062,-0.03055,0.04470,0.00249,1,1,0.044,0.167,in_circle,0.0146,0.1553,0.0000,0.0000,0
72.102,2,1294,-0.00663,0.00811,-0.0008,-0.0015,-0.03194,0.04489,0.00241,1,1,0.004,0.125,in_circle,0.0146,0.1553,0.0000,0.0000,0
72.146,2,1295,-0.00639,0.00809,0.0053,-0.0005,-0.03214,0.04510,0.00252,1,1,0.015,0.156,in_circle,0.0146,0.1553,0.0000,0.0000,0
72.189,2,1296,-0.00655,0.00820,-0.0036,0.0026,-0.03091,0.04512,0.00253,1,1,-0.010,0.152,in_circle,0.0146,0.1553,0.0000,0.0000,0
72.234,2,1297,-0.00670,0.00839,-0.0034,0.0043,-0.03067,0.04650,0.00263,1,1,0.026,0.140,in_circle,0.0146,0.1553,0.0000,0.0000,0
72.277,2,1298,-0.00646,0.00839,0.0058,-0.0000,-0.03083,0.04461,0.00274,1,1,0.025,0.132,in_circle,0.0146,0.1553,0.0000,0.0000,0
72.322,2,1299,-0.00652,0.00803,-0.0013,-0.0080,-0.03181,0.04671,0.00241,1,1,-0.012,0.149,in_circle,0.0146,0.1553,0.0000,0.0000,0
72.365,2,1300,-0.00676,0.00843,-0.0057,0.0090,-0.03230,0.04584,0.00264,1,1,0.016,0.182,in_circle,0.0146,0.1553,0.0000,0.0000,0
72.409,2,1301,-0.00674,0.00801,0.0005,-0.0095,-0.03080,0.04688,0.00227,1,1,0.035,0.113,in_circle,0.0146,0.1553,0.0000,0.0000,0
72.455,2,1302,-0.00678,0.00854,-0.0008,0.0116,-0.03236,0.04586,0.00274,1,1,0.010,0.188,in_circle,0.0146,0.1553,0.0000,0.0000,0
72.542,2,1303,-0.00613,0.00817,0.0074,-0.0042,-0.03631,0.04655,0.00274,1,1,0.015,0.102,in_circle,0.0146,0.1553,0.0000,0.0000,0
72.586,2,1304,-0.00669,0.00757,-0.0127,-0.0136,-0.03435,0.04710,0.00192,1,1,-0.019,0.167,in_circle,0.0146,0.1553,0.0000,0.0000,0
72.631,2,1305,-0.00619,0.00840,0.0112,0.0184,-0.03162,0.04534,0.00289,1,1,0.063,0.206,in_circle,0.0146,0.1553,0.0000,0.0000,0
72.674,2,1306,-0.00645,0.00834,-0.0060,-0.0014,-0.03281,0.04530,0.00270,1,1,-0.034,0.076,in_circle,0.0146,0.1553,0.0000,0.0000,0
72.718,2,1307,-0.00672,0.00861,-0.0062,0.0062,-0.03293,0.04661,0.00282,1,1,0.035,0.155,in_circle,0.0146,0.1553,0.0000,0.0000,0
72.762,2,1308,-0.00649,0.00822,0.0052,-0.0086,-0.03121,0.04606,0.00258,1,1,0.037,0.124,in_circle,0.0146,0.1553,0.0000,0.0000,0
72.807,2,1309,-0.00669,0.00825,-0.0046,0.0005,-0.03093,0.04698,0.00250,1,1,-0.010,0.184,in_circle,0.0146,0.1553,0.0000,0.0000,0
72.849,2,1310,-0.00631,0.00778,0.0089,-0.0108,-0.02961,0.04695,0.00232,1,1,0.030,0.148,in_circle,0.0146,0.1553,0.0000,0.0000,0
72.894,2,1311,-0.00650,0.00804,-0.0043,0.0057,-0.03162,0.04738,0.00241,1,1,-0.025,0.194,in_circle,0.0146,0.1553,0.0000,0.0000,0
72.938,2,1312,-0.00696,0.00824,-0.0102,0.0045,-0.03266,0.04701,0.00239,1,1,0.029,0.128,in_circle,0.0146,0.1553,0.0000,0.0000,0
72.981,2,1313,-0.00706,0.00836,-0.0024,0.0030,-0.03351,0.04730,0.00248,1,1,0.053,0.132,in_circle,0.0146,0.1553,0.0000,0.0000,0
73.026,2,1314,-0.00659,0.00830,0.0104,-0.0014,-0.03163,0.04675,0.00260,1,1,0.022,0.137,in_circle,0.0146,0.1553,0.0000,0.0000,0
73.069,2,1315,-0.00661,0.00845,-0.0003,0.0035,-0.03223,0.04581,0.00273,1,1,-0.030,0.155,in_circle,0.0146,0.1553,0.0000,0.0000,0
73.115,2,1316,-0.00661,0.00810,-0.0002,-0.0076,-0.03135,0.04658,0.00241,1,1,0.013,0.135,in_circle,0.0146,0.1553,0.0000,0.0000,0
73.157,2,1317,-0.00669,0.00833,-0.0018,0.0053,-0.03227,0.04419,0.00258,1,1,0.012,0.180,in_circle,0.0146,0.1553,0.0000,0.0000,0
73.202,2,1318,-0.00671,0.00833,-0.0005,-0.0000,-0.03200,0.04616,0.00257,1,1,0.019,0.128,in_circle,0.0146,0.1553,0.0000,0.0000,0
73.247,2,1319,-0.00634,0.00847,0.0084,0.0031,-0.03326,0.04596,0.00287,1,1,0.014,0.150,in_circle,0.0146,0.1553,0.0000,0.0000,0
73.291,2,1320,-0.00692,0.00812,-0.0134,-0.0079,-0.03245,0.04655,0.00229,1,1,-0.023,0.137,in_circle,0.0146,0.1553,0.0000,0.0000,0
73.333,2,1321,-0.00660,0.00814,0.0076,0.0006,-0.03106,0.04650,0.00246,1,1,0.066,0.182,in_circle,0.0146,0.1553,0.0000,0.0000,0
73.378,2,1322,-0.00647,0.00812,0.0028,-0.0005,-0.03139,0.04584,0.00250,1,1,-0.019,0.148,in_circle,0.0146,0.1553,0.0000,0.0000,0
73.422,2,1323,-0.00713,0.00833,-0.0150,0.0047,-0.03143,0.04723,0.00242,1,1,0.000,0.152,in_circle,0.0146,0.1553,0.0000,0.0000,0
73.467,2,1324,-0.00681,0.00817,0.0072,-0.0034,-0.03183,0.04583,0.00239,1,1,0.073,0.131,in_circle,0.0146,0.1553,0.0000,0.0000,0
73.509,2,1325,-0.00688,0.00831,-0.0018,0.0033,-0.03271,0.04586,0.00249,1,1,-0.017,0.163,in_circle,0.0146,0.1553,0.0000,0.0000,0
73.555,2,1326,-0.00693,0.00811,-0.0010,-0.0045,-0.03153,0.04557,0.00228,1,1,0.019,0.136,in_circle,0.0146,0.1553,0.0000,0.0000,0
73.598,2,1327,-0.00666,0.00799,0.0062,-0.0028,-0.03172,0.04409,0.00229,1,1,0.016,0.168,in_circle,0.0146,0.1553,0.0000,0.0000,0
73.643,2,1328,-0.00705,0.00849,-0.0088,0.0111,-0.03291,0.04397,0.00260,1,1,-0.013,0.161,in_circle,0.0146,0.1553,0.0000,0.0000,0
73.685,2,1329,-0.00707,0.00827,-0.0004,-0.0051,-0.03278,0.04592,0.00238,1,1,0.048,0.105,in_circle,0.0146,0.1553,0.0000,0.0000,0
73.731,2,1330,-0.00666,0.00808,0.0088,-0.0041,-0.03179,0.04479,0.00237,1,1,0.014,0.170,in_circle,0.0146,0.1553,0.0000,0.0000,0
73.774,2,1331,-0.00674,0.00804,-0.0017,-0.0008,-0.03120,0.04419,0.00230,1,1,-0.024,0.167,in_circle,0.0146,0.1553,0.0000,0.0000,0
73.818,2,1332,-0.00678,0.00829,-0.0009,0.0057,-0.03093,0.04498,0.00251,1,1,0.019,0.154,in_circle,0.0146,0.1553,0.0000,0.0000,0
73.862,2,1333,-0.00673,0.00798,0.0012,-0.0070,-0.03165,0.04311,0.00226,1,1,0.016,0.127,in_circle,0.0146,0.1553,0.0000,0.0000,0
73.906,2,1334,-0.00641,0.00844,0.0071,0.0104,-0.03203,0.04429,0.00281,1,1,0.007,0.178,in_circle,0.0146,0.1553,0.0000,0.0000,0
73.949,2,1335,-0.00688,0.00806,-0.0111,-0.0091,-0.03233,0.04494,0.00225,1,1,-0.017,0.108,in_circle,0.0146,0.1553,0.0000,0.0000,0
73.994,2,1336,-0.00707,0.00798,-0.0040,-0.0018,-0.03268,0.04707,0.00211,1,1,0.057,0.186,in_circle,0.0146,0.1553,0.0000,0.0000,0
74.037,2,1337,-0.00653,0.00791,0.0126,-0.0017,-0.03034,0.04304,0.00229,1,1,0.029,0.157,in_circle,0.0146,0.1553,0.0000,0.0000,0
74.083,2,1338,-0.00673,0.00822,-0.0043,0.0067,-0.03312,0.04682,0.00247,1,1,-0.039,0.157,in_circle,0.0146,0.1553,0.0000,0.0000,0
74.125,2,1339,-0.00631,0.00845,0.0101,0.0054,-0.03205,0.04494,0.00287,1,1,0.029,0.123,in_circle,0.0146,0.1553,0.0000,0.0000,0
74.170,2,1340,-0.00651,0.00818,-0.0045,-0.0061,-0.03391,0.04472,0.00253,1,1,-0.029,0.128,in_circle,0.0146,0.1553,0.0000,0.0000,0
74.213,2,1341,-0.00622,0.00808,0.0068,-0.0023,-0.03145,0.04501,0.00261,1,1,0.029,0.174,in_circle,0.0146,0.1553,0.0000,0.0000,0
74.259,2,1342,-0.00672,0.00798,-0.0110,-0.0020,-0.03272,0.04524,0.00226,1,1,-0.017,0.159,in_circle,0.0146,0.1553,0.0000,0.0000,0
74.302,2,1343,-0.00677,0.00806,-0.0010,0.0018,-0.03241,0.04433,0.00231,1,1,0.056,0.158,in_circle,0.0146,0.1553,0.0000,0.0000,0
74.346,2,1344,-0.00659,0.00833,0.0039,0.0061,-0.03296,0.04269,0.00262,1,1,0.016,0.143,in_circle,0.0146,0.1553,0.0000,0.0000,0
74.389,2,1345,-0.00606,0.00851,0.0123,0.0041,-0.03278,0.04677,0.00305,1,1,-0.004,0.125,in_circle,0.0146,0.1553,0.0000,0.0000,0
74.435,2,1346,-0.00662,0.00819,-0.0121,-0.0070,-0.03272,0.04491,0.00249,1,1,-0.039,0.133,in_circle,0.0146,0.1553,0.0000,0.0000,0
74.478,2,1347,-0.00662,0.00830,-0.0000,0.0026,-0.03246,0.04408,0.00259,1,1,0.060,0.178,in_circle,0.0146,0.1553,0.0000,0.0000,0
74.565,2,1348,-0.00667,0.00843,-0.0006,0.0015,-0.03233,0.04551,0.00268,1,1,0.012,0.139,in_circle,0.0146,0.1553,0.0000,0.0000,0
74.610,2,1349,-0.00679,0.00831,-0.0027,-0.0027,-0.03119,0.04595,0.00252,1,1,0.014,0.143,in_circle,0.0146,0.1553,0.0000,0.0000,0
74.653,2,1350,-0.00675,0.00823,0.0011,-0.0019,-0.03134,0.04455,0.00246,1,1,0.023,0.161,in_circle,0.0146,0.1553,0.0000,0.0000,0
74.698,2,1351,-0.00689,0.00809,-0.0031,-0.0030,-0.03081,0.04586,0.00228,1,1,0.008,0.158,in_circle,0.0146,0.1553,0.0000,0.0000,0
74.742,2,1352,-0.00721,0.00828,-0.0073,0.0043,-0.03196,0.04637,0.00236,1,1,0.025,0.162,in_circle,0.0146,0.1553,0.0000,0.0000,0
74.787,2,1353,-0.00659,0.00816,0.0137,-0.0027,-0.03176,0.04453,0.00248,1,1,0.042,0.132,in_circle,0.0146,0.1553,0.0000,0.0000,0
74.830,2,1354,-0.00685,0.00802,-0.0060,-0.0033,-0.03162,0.04503,0.00223,1,1,-0.043,0.161,in_circle,0.0146,0.1553,0.0000,0.0000,0
74.875,2,1355,-0.00673,0.00818,0.0028,0.0036,-0.03156,0.04497,0.00242,1,1,0.036,0.164,in_circle,0.0146,0.1553,0.0000,0.0000,0
74.918,2,1356,-0.00654,0.00831,0.0044,0.0032,-0.03243,0.04442,0.00263,1,1,0.001,0.136,in_circle,0.0146,0.1553,0.0000,0.0000,0
74.962,2,1357,-0.00604,0.00844,0.0113,0.0029,-0.03006,0.04566,0.00301,1,1,-0.006,0.137,in_circle,0.0146,0.1553,0.0000,0.0000,0
75.007,2,1358,-0.00652,0.00813,-0.0109,-0.0068,-0.03226,0.04413,0.00249,1,1,-0.035,0.138,in_circle,0.0146,0.1553,0.0000,0.0000,0
75.049,2,1359,-0.00657,0.00805,-0.0010,-0.0019,-0.03164,0.04512,0.00239,1,1,0.055,0.177,in_circle,0.0146,0.1553,0.0000,0.0000,0
75.094,2,1360,-0.00664,0.00810,-0.0016,0.0012,-0.03205,0.04439,0.00240,1,1,0.016,0.158,in_circle,0.0146,0.1553,0.0000,0.0000,0
75.137,2,1361,-0.00685,0.00809,-0.0050,-0.0003,-0.03191,0.04485,0.00230,1,1,0.018,0.145,in_circle,0.0146,0.1553,0.0000,0.0000,0
75.182,2,1362,-0.00671,0.00813,0.0032,0.0008,-0.03196,0.04534,0.00239,1,1,0.032,0.151,in_circle,0.0146,0.1553,0.0000,0.0000,0
75.226,2,1363,-0.00650,0.00854,0.0048,0.0092,-0.03084,0.04581,0.00285,1,1,-0.001,0.147,in_circle,0.0146,0.1553,0.0000,0.0000,0
75.269,2,1364,-0.00657,0.00837,-0.0016,-0.0038,-0.03136,0.04385,0.00267,1,1,-0.008,0.112,in_circle,0.0146,0.1553,0.0000,0.0000,0
75.315,2,1365,-0.00642,0.00807,0.0032,-0.0066,-0.03191,0.04469,0.00249,1,1,0.018,0.165,in_circle,0.0146,0.1553,0.0000,0.0000,0
75.357,2,1366,-0.00655,0.00852,-0.0030,0.0106,-0.03197,0.04619,0.00281,1,1,-0.002,0.177,in_circle,0.0146,0.1553,0.0000,0.0000,0
75.402,2,1367,-0.00663,0.00847,-0.0017,-0.0010,-0.03228,0.04624,0.00274,1,1,0.023,0.107,in_circle,0.0146,0.1553,0.0000,0.0000,0
75.445,2,1368,-0.00648,0.00833,0.0034,-0.0033,-0.03288,0.04477,0.00268,1,1,0.018,0.153,in_circle,0.0146,0.1553,0.0000,0.0000,0
75.491,2,1369,-0.00648,0.00820,-0.0001,-0.0030,-0.03026,0.04414,0.00256,1,1,-0.002,0.163,in_circle,0.0146,0.1553,0.0000,0.0000,0
75.533,2,1370,-0.00663,0.00800,-0.0036,-0.0046,-0.03104,0.04452,0.00232,1,1,0.012,0.162,in_circle,0.0146,0.1553,0.0000,0.0000,0
75.578,2,1371,-0.00656,0.00859,0.0016,0.0130,-0.03239,0.04493,0.00287,1,1,0.026,0.169,in_circle,0.0146,0.1553,0.0000,0.0000,0
75.621,2,1372,-0.00665,0.00812,-0.0020,-0.0109,-0.03147,0.04617,0.00241,1,1,0.005,0.097,in_circle,0.0146,0.1553,0.0000,0.0000,0
75.665,2,1373,-0.00673,0.00810,-0.0018,-0.0006,-0.03240,0.04537,0.00235,1,1,0.020,0.194,in_circle,0.0146,0.1553,0.0000,0.0000,0
75.711,2,1374,-0.00682,0.00833,-0.0021,0.0052,-0.02881,0.04706,0.00253,1,1,0.019,0.152,in_circle,0.0146,0.1553,0.0000,0.0000,0
75.753,2,1375,-0.00701,0.00846,-0.0044,0.0030,-0.03583,0.04726,0.00258,1,1,0.020,0.129,in_circle,0.0146,0.1553,0.0000,0.0000,0
75.798,2,1376,-0.00677,0.00845,0.0053,-0.0003,-0.03314,0.04536,0.00265,1,1,0.030,0.137,in_circle,0.0146,0.1553,0.0000,0.0000,0
75.842,2,1377,-0.00620,0.00843,0.0128,-0.0005,-0.03318,0.04571,0.00291,1,1,-0.009,0.150,in_circle,0.0146,0.1553,0.0000,0.0000,0
75.886,2,1378,-0.00677,0.00795,-0.0129,-0.0108,-0.03261,0.04575,0.00221,1,1,-0.041,0.151,in_circle,0.0146,0.1553,0.0000,0.0000,0
75.929,2,1379,-0.00613,0.00859,0.0149,0.0148,-0.03265,0.04454,0.00308,1,1,0.064,0.194,in_circle,0.0146,0.1553,0.0000,0.0000,0
75.975,2,1380,-0.00674,0.00836,-0.0133,-0.0049,-0.03343,0.04414,0.00259,1,1,-0.049,0.090,in_circle,0.0146,0.1553,0.0000,0.0000,0
76.017,2,1381,-0.00666,0.00800,0.0019,-0.0084,-0.03225,0.04591,0.00231,1,1,0.065,0.169,in_circle,0.0146,0.1553,0.0000,0.0000,0
76.062,2,1382,-0.00670,0.00794,-0.0010,-0.0014,-0.03032,0.04487,0.00223,1,1,0.004,0.184,in_circle,0.0146,0.1553,0.0000,0.0000,0
76.106,2,1383,-0.00646,0.00826,0.0056,0.0074,-0.03141,0.04633,0.00263,1,1,0.016,0.156,in_circle,0.0146,0.1553,0.0000,0.0000,0
76.150,2,1384,-0.00680,0.00812,-0.0079,-0.0032,-0.03396,0.04640,0.00234,1,1,-0.011,0.120,in_circle,0.0146,0.1553,0.0000,0.0000,0
76.194,2,1385,-0.00566,0.00860,0.0262,0.0109,-0.03238,0.04597,0.00337,1,1,0.044,0.163,in_circle,0.0146,0.1553,0.0000,0.0000,0
76.239,2,1386,-0.00621,0.00802,-0.0123,-0.0129,-0.03173,0.04402,0.00257,1,1,-0.096,0.105,in_circle,0.0146,0.1553,0.0000,0.0000,0
76.281,2,1387,-0.00668,0.00840,-0.0113,0.0090,-0.03243,0.04469,0.00265,1,1,0.060,0.202,in_circle,0.0146,0.1553,0.0000,0.0000,0
76.327,2,1388,-0.00685,0.00829,-0.0036,-0.0023,-0.03208,0.04220,0.00248,1,1,0.057,0.113,in_circle,0.0146,0.1553,0.0000,0.0000,0
76.369,2,1389,-0.00661,0.00810,0.0054,-0.0045,-0.03555,0.04285,0.00241,1,1,0.026,0.159,in_circle,0.0146,0.1553,0.0000,0.0000,0
76.415,2,1390,-0.00672,0.00825,-0.0023,0.0033,-0.03126,0.04401,0.00250,1,1,-0.010,0.168,in_circle,0.0146,0.1553,0.0000,0.0000,0
76.458,2,1391,-0.00647,0.00787,0.0056,-0.0088,-0.03429,0.04362,0.00229,1,1,0.021,0.136,in_circle,0.0146,0.1553,0.0000,0.0000,0
76.502,2,1392,-0.00650,0.00806,-0.0007,0.0044,-0.03300,0.04305,0.00244,1,1,-0.011,0.186,in_circle,0.0146,0.1553,0.0000,0.0000,0
76.591,2,1393,-0.00686,0.00822,-0.0040,0.0017,-0.03295,0.04372,0.00241,1,1,0.014,0.133,in_circle,0.0146,0.1553,0.0000,0.0000,0
76.634,2,1394,-0.00664,0.00806,0.0052,-0.0036,-0.03238,0.04300,0.00237,1,1,0.028,0.143,in_circle,0.0146,0.1553,0.0000,0.0000,0
76.678,2,1395,-0.00659,0.00824,0.0010,0.0038,-0.03309,0.04360,0.00254,1,1,-0.009,0.165,in_circle,0.0146,0.1553,0.0000,0.0000,0
76.721,2,1396,-0.00677,0.00813,-0.0042,-0.0024,-0.03207,0.04385,0.00237,1,1,0.007,0.134,in_circle,0.0146,0.1553,0.0000,0.0000,0
76.766,2,1397,-0.00696,0.00801,-0.0043,-0.0027,-0.03183,0.04540,0.00218,1,1,0.029,0.160,in_circle,0.0146,0.1553,0.0000,0.0000,0
76.810,2,1398,-0.00673,0.00793,0.0051,-0.0018,-0.03231,0.04437,0.00221,1,1,0.030,0.161,in_circle,0.0146,0.1553,0.0000,0.0000,0
76.854,2,1399,-0.00648,0.00822,0.0058,0.0065,-0.03157,0.04458,0.00258,1,1,-0.009,0.158,in_circle,0.0146,0.1553,0.0000,0.0000,0
76.898,2,1400,-0.00692,0.00824,-0.0101,0.0005,-0.03215,0.04351,0.00241,1,1,-0.012,0.124,in_circle,0.0146,0.1553,0.0000,0.0000,0
76.942,2,1401,-0.00675,0.00831,0.0038,0.0015,-0.03219,0.04394,0.00253,1,1,0.053,0.148,in_circle,0.0146,0.1553,0.0000,0.0000,0
76.987,2,1402,-0.00612,0.00817,0.0139,-0.0031,-0.03101,0.04405,0.00274,1,1,-0.003,0.144,in_circle,0.0146,0.1553,0.0000,0.0000,0
77.031,2,1403,-0.00633,0.00827,-0.0049,0.0023,-0.03106,0.04472,0.00270,1,1,-0.045,0.162,in_circle,0.0146,0.1553,0.0000,0.0000,0
77.073,2,1404,-0.00640,0.00790,-0.0016,-0.0089,-0.03016,0.04720,0.00236,1,1,0.030,0.140,in_circle,0.0146,0.1553,0.0000,0.0000,0
77.118,2,1405,-0.00668,0.00833,-0.0062,0.0098,-0.03012,0.04394,0.00259,1,1,0.018,0.186,in_circle,0.0146,0.1553,0.0000,0.0000,0
77.162,2,1406,-0.00673,0.00833,-0.0011,0.0001,-0.03136,0.04463,0.00257,1,1,0.037,0.110,in_circle,0.0146,0.1553,0.0000,0.0000,0
77.207,2,1407,-0.00629,0.00839,0.0098,0.0012,-0.03043,0.04670,0.00283,1,1,0.016,0.149,in_circle,0.0146,0.1553,0.0000,0.0000,0
77.251,2,1408,-0.00647,0.00835,-0.0042,-0.0009,-0.02920,0.04541,0.00270,1,1,-0.029,0.145,in_circle,0.0146,0.1553,0.0000,0.0000,0
77.294,2,1409,-0.00642,0.00795,0.0011,-0.0092,-0.02936,0.04460,0.00239,1,1,0.028,0.153,in_circle,0.0146,0.1553,0.0000,0.0000,0
77.338,2,1410,-0.00638,0.00862,0.0008,0.0154,-0.02922,0.04600,0.00298,1,1,0.007,0.187,in_circle,0.0146,0.1553,0.0000,0.0000,0
77.382,2,1411,-0.00648,0.00808,-0.0022,-0.0123,-0.03065,0.04676,0.00246,1,1,0.008,0.087,in_circle,0.0146,0.1553,0.0000,0.0000,0
77.427,2,1412,-0.00666,0.00851,-0.0040,0.0097,-0.03255,0.04694,0.00276,1,1,0.020,0.199,in_circle,0.0146,0.1553,0.0000,0.0000,0
77.471,2,1413,-0.00665,0.00816,0.0002,-0.0081,-0.03124,0.04646,0.00245,1,1,0.028,0.110,in_circle,0.0146,0.1553,0.0000,0.0000,0
77.514,2,1414,-0.00662,0.00839,0.0007,0.0054,-0.03534,0.04473,0.00267,1,1,0.011,0.182,in_circle,0.0146,0.1553,0.0000,0.0000,0
77.557,2,1415,-0.00630,0.00830,0.0075,-0.0021,-0.03139,0.04584,0.00275,1,1,0.009,0.128,in_circle,0.0146,0.1553,0.0000,0.0000,0
77.603,2,1416,-0.00662,0.00850,-0.0070,0.0042,-0.03350,0.04654,0.00276,1,1,-0.019,0.158,in_circle,0.0146,0.1553,0.0000,0.0000,0
77.647,2,1417,-0.00652,0.00826,0.0025,-0.0055,-0.03096,0.04664,0.00260,1,1,0.040,0.133,in_circle,0.0146,0.1553,0.0000,0.0000,0
77.691,2,1418,-0.00591,0.00837,0.0137,0.0025,-0.03295,0.04505,0.00303,1,1,0.002,0.172,in_circle,0.0146,0.1553,0.0000,0.0000,0
77.733,2,1419,-0.00655,0.00748,-0.0152,-0.0209,-0.03254,0.04690,0.00194,1,1,-0.045,0.139,in_circle,0.0146,0.1553,0.0000,0.0000,0
77.779,2,1420,-0.00685,0.00841,-0.0065,0.0203,-0.03245,0.04682,0.00259,1,1,0.072,0.235,in_circle,0.0146,0.1553,0.0000,0.0000,0
77.822,2,1421,-0.00632,0.00801,0.0123,-0.0094,-0.03342,0.04618,0.00249,1,1,0.038,0.068,in_circle,0.0146,0.1553,0.0000,0.0000,0
77.865,2,1422,-0.00689,0.00840,-0.0132,0.0092,-0.03683,0.04767,0.00257,1,1,-0.038,0.188,in_circle,0.0146,0.1553,0.0000,0.0000,0
77.910,2,1423,-0.00581,0.00806,0.0238,-0.0075,-0.03093,0.04607,0.00286,1,1,0.065,0.113,in_circle,0.0146,0.1553,0.0000,0.0000,0
77.954,2,1424,-0.00664,0.00798,-0.0188,-0.0020,-0.03266,0.04417,0.00229,1,1,-0.085,0.180,in_circle,0.0146,0.1553,0.0000,0.0000,0
77.998,2,1425,-0.00647,0.00845,0.0037,0.0108,-0.03064,0.04542,0.00278,1,1,0.087,0.158,in_circle,0.0146,0.1553,0.0000,0.0000,0
78.042,2,1426,-0.00669,0.00835,-0.0048,-0.0021,-0.03379,0.04385,0.00260,1,1,-0.004,0.106,in_circle,0.0146,0.1553,0.0000,0.0000,0
78.086,2,1427,-0.00660,0.00847,0.0019,0.0027,-0.03172,0.04409,0.00274,1,1,0.031,0.158,in_circle,0.0146,0.1553,0.0000,0.0000,0
78.130,2,1428,-0.00642,0.00807,0.0043,-0.0091,-0.02995,0.04598,0.00249,1,1,0.004,0.139,in_circle,0.0146,0.1553,0.0000,0.0000,0
78.174,2,1429,-0.00617,0.00815,0.0056,0.0018,-0.03187,0.04337,0.00270,1,1,-0.006,0.187,in_circle,0.0146,0.1553,0.0000,0.0000,0
78.218,2,1430,-0.00665,0.00837,-0.0110,0.0051,-0.03141,0.04461,0.00264,1,1,-0.012,0.143,in_circle,0.0146,0.1553,0.0000,0.0000,0
78.263,2,1431,-0.00645,0.00823,0.0046,-0.0031,-0.03350,0.04382,0.00261,1,1,0.056,0.129,in_circle,0.0146,0.1553,0.0000,0.0000,0
78.306,2,1432,-0.00651,0.00809,-0.0014,-0.0033,-0.03272,0.04491,0.00246,1,1,-0.007,0.162,in_circle,0.0146,0.1553,0.0000,0.0000,0
78.350,2,1433,-0.00664,0.00825,-0.0030,0.0036,-0.03287,0.04539,0.00253,1,1,0.017,0.164,in_circle,0.0146,0.1553,0.0000,0.0000,0
78.395,2,1434,-0.00582,0.00825,0.0181,-0.0000,-0.03241,0.04433,0.00299,1,1,0.024,0.136,in_circle,0.0146,0.1553,0.0000,0.0000,0
78.438,2,1435,-0.00677,0.00821,-0.0223,-0.0008,-0.03216,0.04502,0.00244,1,1,-0.063,0.150,in_circle,0.0146,0.1553,0.0000,0.0000,0
78.482,2,1436,-0.00651,0.00815,0.0058,-0.0013,-0.03283,0.04376,0.00251,1,1,0.101,0.153,in_circle,0.0146,0.1553,0.0000,0.0000,0
78.525,2,1437,-0.00647,0.00819,0.0009,0.0008,-0.03269,0.04389,0.00256,1,1,-0.012,0.155,in_circle,0.0146,0.1553,0.0000,0.0000,0
78.614,2,1438,-0.00618,0.00836,0.0033,0.0019,-0.03177,0.04538,0.00286,1,1,0.008,0.147,in_circle,0.0146,0.1553,0.0000,0.0000,0
78.657,2,1439,-0.00647,0.00851,-0.0069,0.0034,-0.03331,0.04629,0.00284,1,1,-0.003,0.142,in_circle,0.0146,0.1553,0.0000,0.0000,0
78.708,2,1440,-0.00677,0.00811,-0.0060,-0.0078,-0.03180,0.04705,0.00235,1,1,0.039,0.135,in_circle,0.0146,0.1553,0.0000,0.0000,0
78.748,2,1441,-0.00674,0.00839,0.0009,0.0069,-0.03112,0.04612,0.00262,1,1,0.036,0.181,in_circle,0.0146,0.1553,0.0000,0.0000,0
78.792,2,1442,-0.00693,0.00829,-0.0043,-0.0022,-0.03145,0.04660,0.00245,1,1,0.008,0.122,in_circle,0.0146,0.1553,0.0000,0.0000,0
78.836,2,1443,-0.00657,0.00846,0.0081,0.0038,-0.03124,0.04721,0.00275,1,1,0.030,0.159,in_circle,0.0146,0.1553,0.0000,0.0000,0
78.879,2,1444,-0.00662,0.00824,-0.0010,-0.0052,-0.03133,0.04556,0.00253,1,1,-0.021,0.134,in_circle,0.0146,0.1553,0.0000,0.0000,0
78.923,2,1445,-0.00687,0.00806,-0.0056,-0.0040,-0.03184,0.04449,0.00226,1,1,0.016,0.170,in_circle,0.0146,0.1553,0.0000,0.0000,0
78.967,2,1446,-0.00603,0.00828,0.0188,0.0050,-0.03121,0.04401,0.00289,1,1,0.035,0.166,in_circle,0.0146,0.1553,0.0000,0.0000,0
79.010,2,1447,-0.00602,0.00817,0.0002,-0.0025,-0.03032,0.04660,0.00281,1,1,-0.065,0.130,in_circle,0.0146,0.1553,0.0000,0.0000,0
79.054,2,1448,-0.00666,0.00808,-0.0142,-0.0022,-0.03126,0.04515,0.00237,1,1,0.009,0.160,in_circle,0.0146,0.1553,0.0000,0.0000,0
79.098,2,1449,-0.00665,0.00827,0.0002,0.0045,-0.03185,0.04515,0.00255,1,1,0.069,0.159,in_circle,0.0146,0.1553,0.0000,0.0000,0
79.141,2,1450,-0.00677,0.00848,-0.0029,0.0049,-0.03083,0.04302,0.00269,1,1,0.011,0.132,in_circle,0.0146,0.1553,0.0000,0.0000,0
79.186,2,1451,-0.00632,0.00814,0.0102,-0.0078,-0.03168,0.04344,0.00260,1,1,0.024,0.130,in_circle,0.0146,0.1553,0.0000,0.0000,0
79.231,2,1452,-0.00654,0.00813,-0.0048,-0.0002,-0.03107,0.04424,0.00247,1,1,-0.030,0.181,in_circle,0.0146,0.1553,0.0000,0.0000,0
79.274,2,1453,-0.00661,0.00811,-0.0017,-0.0005,-0.03032,0.04500,0.00242,1,1,0.031,0.151,in_circle,0.0146,0.1553,0.0000,0.0000,0
79.318,2,1454,-0.00689,0.00827,-0.0062,0.0036,-0.03300,0.04502,0.00244,1,1,0.018,0.152,in_circle,0.0146,0.1553,0.0000,0.0000,0
79.363,2,1455,-0.00653,0.00822,0.0080,-0.0011,-0.03252,0.04465,0.00256,1,1,0.037,0.135,in_circle,0.0146,0.1553,0.0000,0.0000,0
79.406,2,1456,-0.00678,0.00804,-0.0057,-0.0040,-0.03294,0.04609,0.00229,1,1,-0.021,0.154,in_circle,0.0146,0.1553,0.0000,0.0000,0
79.449,2,1457,-0.00635,0.00756,0.0098,-0.0110,-0.03302,0.04575,0.00213,1,1,0.035,0.166,in_circle,0.0146,0.1553,0.0000,0.0000,0
79.495,2,1458,-0.00663,0.00841,-0.0061,0.0186,-0.03286,0.04603,0.00268,1,1,-0.028,0.196,in_circle,0.0146,0.1553,0.0000,0.0000,0
79.539,2,1459,-0.00646,0.00803,0.0039,-0.0084,-0.03314,0.04638,0.00243,1,1,0.036,0.075,in_circle,0.0146,0.1553,0.0000,0.0000,0
79.583,2,1460,-0.00668,0.00831,-0.0050,0.0063,-0.03344,0.04612,0.00256,1,1,-0.004,0.184,in_circle,0.0146,0.1553,0.0000,0.0000,0
79.626,2,1461,-0.00702,0.00824,-0.0079,-0.0016,-0.02979,0.04578,0.00237,1,1,0.032,0.124,in_circle,0.0146,0.1553,0.0000,0.0000,0
79.671,2,1462,-0.00677,0.00821,0.0055,-0.0007,-0.03415,0.04493,0.00243,1,1,0.044,0.156,in_circle,0.0146,0.1553,0.0000,0.0000,0
79.713,2,1463,-0.00668,0.00808,0.0022,-0.0031,-0.03111,0.04473,0.00236,1,1,-0.010,0.153,in_circle,0.0146,0.1553,0.0000,0.0000,0
79.758,2,1464,-0.00631,0.00823,0.0081,0.0033,-0.03185,0.04397,0.00268,1,1,0.003,0.162,in_circle,0.0146,0.1553,0.0000,0.0000,0
79.802,2,1465,-0.00653,0.00833,-0.0049,0.0022,-0.03006,0.04458,0.00265,1,1,-0.021,0.136,in_circle,0.0146,0.1553,0.0000,0.0000,0
79.846,2,1466,-0.00666,0.00855,-0.0030,0.0051,-0.03254,0.04616,0.00279,1,1,0.031,0.141,in_circle,0.0146,0.1553,0.0000,0.0000,0
79.890,2,1467,-0.00625,0.00849,0.0094,-0.0014,-0.03203,0.04479,0.00293,1,1,0.024,0.129,in_circle,0.0146,0.1553,0.0000,0.0000,0
79.934,2,1468,-0.00681,0.00826,-0.0127,-0.0052,-0.03074,0.04498,0.00247,1,1,-0.027,0.155,in_circle,0.0146,0.1553,0.0000,0.0000,0
79.977,2,1469,-0.00652,0.00833,0.0070,0.0017,-0.03132,0.04514,0.00266,1,1,0.063,0.170,in_circle,0.0146,0.1553,0.0000,0.0000,0
80.021,2,1470,-0.00645,0.00839,0.0016,0.0013,-0.03172,0.04409,0.00275,1,1,-0.016,0.143,in_circle,0.0146,0.1553,0.0000,0.0000,0
80.068,2,1471,-0.00707,0.00797,-0.0134,-0.0090,-0.03124,0.04723,0.00210,1,1,0.005,0.144,in_circle,0.0146,0.1553,0.0000,0.0000,0
80.111,2,1472,-0.00629,0.00825,0.0181,0.0066,-0.03168,0.04546,0.00271,1,1,0.066,0.187,in_circle,0.0146,0.1553,0.0000,0.0000,0
80.153,2,1473,-0.00671,0.00822,-0.0098,-0.0009,-0.03142,0.04524,0.00247,1,1,-0.061,0.123,in_circle,0.0146,0.1553,0.0000,0.0000,0
80.198,2,1474,-0.00674,0.00805,-0.0008,-0.0037,-0.03344,0.04690,0.00230,1,1,0.051,0.153,in_circle,0.0146,0.1553,0.0000,0.0000,0
80.243,2,1475,-0.00663,0.00815,0.0026,0.0023,-0.03291,0.04201,0.00245,1,1,0.015,0.165,in_circle,0.0146,0.1553,0.0000,0.0000,0
80.286,2,1476,-0.00669,0.00849,-0.0015,0.0079,-0.03310,0.04581,0.00273,1,1,0.001,0.141,in_circle,0.0146,0.1553,0.0000,0.0000,0
80.330,2,1477,-0.00708,0.00791,-0.0087,-0.0131,-0.03247,0.04564,0.00204,1,1,0.018,0.117,in_circle,0.0146,0.1553,0.0000,0.0000,0
80.374,2,1478,-0.00663,0.00797,0.0102,0.0014,-0.03318,0.04476,0.00229,1,1,0.048,0.203,in_circle,0.0146,0.1553,0.0000,0.0000,0
80.419,2,1479,-0.00690,0.00855,-0.0060,0.0130,-0.03327,0.04492,0.00271,1,1,-0.029,0.145,in_circle,0.0146,0.1553,0.0000,0.0000,0
80.463,2,1480,-0.00658,0.00845,0.0073,-0.0023,-0.03563,0.04732,0.00274,1,1,0.036,0.097,in_circle,0.0146,0.1553,0.0000,0.0000,0
80.505,2,1481,-0.00716,0.00849,-0.0137,0.0009,-0.03246,0.04563,0.00257,1,1,-0.018,0.159,in_circle,0.0146,0.1553,0.0000,0.0000,0
80.550,2,1482,-0.00660,0.00846,0.0126,-0.0006,-0.02984,0.04450,0.00274,1,1,0.068,0.146,in_circle,0.0146,0.1553,0.0000,0.0000,0
80.638,2,1483,-0.00645,0.00812,0.0017,-0.0038,-0.03019,0.04642,0.00251,1,1,-0.039,0.152,in_circle,0.0146,0.1553,0.0000,0.0000,0
80.682,2,1484,-0.00645,0.00830,-0.0001,0.0042,-0.02940,0.04581,0.00267,1,1,0.005,0.165,in_circle,0.0146,0.1553,0.0000,0.0000,0
80.727,2,1485,-0.00679,0.00846,-0.0075,0.0035,-0.03155,0.04352,0.00266,1,1,0.012,0.133,in_circle,0.0146,0.1553,0.0000,0.0000,0
80.770,2,1486,-0.00659,0.00819,0.0046,-0.0062,-0.03164,0.04549,0.00250,1,1,0.042,0.135,in_circle,0.0146,0.1553,0.0000,0.0000,0
80.814,2,1487,-0.00673,0.00825,-0.0031,0.0014,-0.03034,0.04559,0.00250,1,1,-0.007,0.175,in_circle,0.0146,0.1553,0.0000,0.0000,0
80.857,2,1488,-0.00663,0.00842,0.0022,0.0038,-0.03047,0.04508,0.00268,1,1,0.024,0.144,in_circle,0.0146,0.1553,0.0000,0.0000,0
80.902,2,1489,-0.00647,0.00806,0.0037,-0.0079,-0.03162,0.04503,0.00245,1,1,0.003,0.134,in_circle,0.0146,0.1553,0.0000,0.0000,0
80.947,2,1490,-0.00599,0.00856,0.0108,0.0114,-0.03108,0.04533,0.00314,1,1,-0.004,0.182,in_circle,0.0146,0.1553,0.0000,0.0000,0
80.990,2,1491,-0.00647,0.00876,-0.0111,0.0046,-0.03170,0.04468,0.00307,1,1,-0.033,0.103,in_circle,0.0146,0.1553,0.0000,0.0000,0
81.034,2,1492,-0.00597,0.00821,0.0116,-0.0128,-0.03268,0.04409,0.00287,1,1,0.056,0.130,in_circle,0.0146,0.1553,0.0000,0.0000,0
81.079,2,1493,-0.00621,0.00820,-0.0053,-0.0001,-0.03130,0.04444,0.00272,1,1,-0.037,0.201,in_circle,0.0146,0.1553,0.0000,0.0000,0
81.122,2,1494,-0.00683,0.00858,-0.0144,0.0089,-0.03245,0.04559,0.00276,1,1,0.032,0.150,in_circle,0.0146,0.1553,0.0000,0.0000,0
81.166,2,1495,-0.00618,0.00852,0.0145,-0.0015,-0.03624,0.04554,0.00299,1,1,0.070,0.113,in_circle,0.0146,0.1553,0.0000,0.0000,0
81.209,2,1496,-0.00651,0.00852,-0.0075,0.0001,-0.03306,0.04593,0.00284,1,1,-0.048,0.155,in_circle,0.0146,0.1553,0.0000,0.0000,0
81.254,2,1497,-0.00695,0.00826,-0.0098,-0.0057,-0.03234,0.04635,0.00242,1,1,0.041,0.149,in_circle,0.0146,0.1553,0.0000,0.0000,0
81.298,2,1498,-0.00662,0.00809,0.0076,-0.0039,-0.03332,0.04281,0.00240,1,1,0.052,0.173,in_circle,0.0146,0.1553,0.0000,0.0000,0
81.342,2,1499,-0.00648,0.00821,0.0031,0.0028,-0.03193,0.04593,0.00258,1,1,-0.019,0.166,in_circle,0.0146,0.1553,0.0000,0.0000,0
81.386,2,1500,-0.00607,0.00833,0.0094,0.0026,-0.03169,0.04572,0.00290,1,1,-0.001,0.139,in_circle,0.0146,0.1553,0.0000,0.0000,0
81.431,2,1501,-0.00677,0.00808,-0.0154,-0.0056,-0.03227,0.04302,0.00232,1,1,-0.027,0.139,in_circle,0.0146,0.1553,0.0000,0.0000,0
81.474,2,1502,-0.00657,0.00857,0.0046,0.0118,-0.03215,0.04666,0.00285,1,1,0.073,0.173,in_circle,0.0146,0.1553,0.0000,0.0000,0
81.518,2,1503,-0.00638,0.00817,0.0044,-0.0091,-0.03269,0.04389,0.00260,1,1,-0.007,0.102,in_circle,0.0146,0.1553,0.0000,0.0000,0
81.562,2,1504,-0.00606,0.00844,0.0072,0.0061,-0.03061,0.04596,0.00300,1,1,-0.007,0.186,in_circle,0.0146,0.1553,0.0000,0.0000,0
81.606,2,1505,-0.00654,0.00801,-0.0109,-0.0099,-0.03134,0.04438,0.00237,1,1,-0.018,0.125,in_circle,0.0146,0.1553,0.0000,0.0000,0
81.650,2,1506,-0.00639,0.00863,0.0034,0.0144,-0.03274,0.04350,0.00299,1,1,0.055,0.190,in_circle,0.0146,0.1553,0.0000,0.0000,0
81.694,2,1507,-0.00637,0.00844,0.0004,-0.0043,-0.03112,0.04410,0.00283,1,1,-0.002,0.091,in_circle,0.0146,0.1553,0.0000,0.0000,0
81.738,2,1508,-0.00676,0.00829,-0.0090,-0.0035,-0.03330,0.04531,0.00251,1,1,0.009,0.166,in_circle,0.0146,0.1553,0.0000,0.0000,0
81.783,2,1509,-0.00669,0.00851,0.0018,0.0050,-0.02918,0.04539,0.00275,1,1,0.048,0.163,in_circle,0.0146,0.1553,0.0000,0.0000,0
81.826,2,1510,-0.00681,0.00820,-0.0029,-0.0071,-0.03207,0.04571,0.00241,1,1,0.005,0.129,in_circle,0.0146,0.1553,0.0000,0.0000,0
81.870,2,1511,-0.00638,0.00836,0.0099,0.0035,-0.02818,0.04466,0.00275,1,1,0.024,0.178,in_circle,0.0146,0.1553,0.0000,0.0000,0
81.914,2,1512,-0.00665,0.00823,-0.0062,-0.0028,-0.03140,0.04530,0.00251,1,1,-0.028,0.136,in_circle,0.0146,0.1553,0.0000,0.0000,0
81.958,2,1513,-0.00650,0.00849,0.0034,0.0058,-0.03225,0.04538,0.00281,1,1,0.036,0.161,in_circle,0.0146,0.1553,0.0000,0.0000,0
82.003,2,1514,-0.00672,0.00837,-0.0048,-0.0028,-0.03271,0.04475,0.00260,1,1,-0.002,0.126,in_circle,0.0146,0.1553,0.0000,0.0000,0
82.045,2,1515,-0.00611,0.00819,0.0144,-0.0041,-0.03231,0.04527,0.00277,1,1,0.031,0.161,in_circle,0.0146,0.1553,0.0000,0.0000,0
82.091,2,1516,-0.00638,0.00852,-0.0060,0.0071,-0.03159,0.04430,0.00289,1,1,-0.047,0.166,in_circle,0.0146,0.1553,0.0000,0.0000,0
82.134,2,1517,-0.00685,0.00826,-0.0108,-0.0059,-0.03161,0.04706,0.00245,1,1,0.035,0.121,in_circle,0.0146,0.1553,0.0000,0.0000,0
82.179,2,1518,-0.00650,0.00839,0.0079,0.0030,-0.03311,0.04388,0.00272,1,1,0.056,0.173,in_circle,0.0146,0.1553,0.0000,0.0000,0
82.222,2,1519,-0.00638,0.00865,0.0027,0.0059,-0.03326,0.04596,0.00300,1,1,-0.020,0.137,in_circle,0.0146,0.1553,0.0000,0.0000,0
82.267,2,1520,-0.00653,0.00856,-0.0032,-0.0020,-0.03222,0.04555,0.00286,1,1,0.000,0.125,in_circle,0.0146,0.1553,0.0000,0.0000,0
82.310,2,1521,-0.00593,0.00830,0.0136,-0.0059,-0.03262,0.04514,0.00297,1,1,0.024,0.157,in_circle,0.0146,0.1553,0.0000,0.0000,0
82.355,2,1522,-0.00677,0.00837,-0.0186,0.0014,-0.03242,0.04553,0.00258,1,1,-0.045,0.173,in_circle,0.0146,0.1553,0.0000,0.0000,0
82.398,2,1523,-0.00677,0.00818,0.0000,-0.0043,-0.03270,0.04584,0.00242,1,1,0.087,0.144,in_circle,0.0146,0.1553,0.0000,0.0000,0
82.444,2,1524,-0.00667,0.00842,0.0022,0.0051,-0.03308,0.04360,0.00267,1,1,0.012,0.167,in_circle,0.0146,0.1553,0.0000,0.0000,0
82.487,2,1525,-0.00625,0.00800,0.0096,-0.0095,-0.03191,0.04638,0.00253,1,1,0.003,0.129,in_circle,0.0146,0.1553,0.0000,0.0000,0
82.531,2,1526,-0.00674,0.00846,-0.0112,0.0106,-0.03270,0.04572,0.00268,1,1,-0.028,0.188,in_circle,0.0146,0.1553,0.0000,0.0000,0
82.574,2,1527,-0.00666,0.00822,0.0018,-0.0057,-0.03131,0.04645,0.00249,1,1,0.057,0.107,in_circle,0.0146,0.1553,0.0000,0.0000,0
82.662,2,1528,-0.00623,0.00841,0.0049,0.0021,-0.02991,0.04649,0.00287,1,1,0.005,0.173,in_circle,0.0146,0.1553,0.0000,0.0000,0
82.707,2,1529,-0.00671,0.00794,-0.0107,-0.0104,-0.03079,0.04523,0.00222,1,1,-0.009,0.141,in_circle,0.0146,0.1553,0.0000,0.0000,0
82.750,2,1530,-0.00666,0.00840,0.0012,0.0107,-0.03164,0.04569,0.00266,1,1,0.055,0.192,in_circle,0.0146,0.1553,0.0000,0.0000,0
82.796,2,1531,-0.00646,0.00823,0.0045,-0.0038,-0.03026,0.04647,0.00261,1,1,0.007,0.106,in_circle,0.0146,0.1553,0.0000,0.0000,0
82.839,2,1532,-0.00667,0.00858,-0.0048,0.0081,-0.03293,0.04661,0.00282,1,1,-0.007,0.165,in_circle,0.0146,0.1553,0.0000,0.0000,0
82.884,2,1533,-0.00648,0.00811,0.0041,-0.0105,-0.03149,0.04383,0.00249,1,1,0.031,0.117,in_circle,0.0146,0.1553,0.0000,0.0000,0
82.925,2,1534,-0.00671,0.00805,-0.0054,-0.0015,-0.03295,0.04505,0.00232,1,1,-0.005,0.192,in_circle,0.0146,0.1553,0.0000,0.0000,0
82.972,2,1535,-0.00694,0.00845,-0.0051,0.0087,-0.03025,0.04641,0.00260,1,1,0.033,0.156,in_circle,0.0146,0.1553,0.0000,0.0000,0
83.014,2,1536,-0.00660,0.00852,0.0080,0.0017,-0.03455,0.04579,0.00279,1,1,0.033,0.114,in_circle,0.0146,0.1553,0.0000,0.0000,0
83.058,2,1537,-0.00636,0.00843,0.0055,-0.0021,-0.03294,0.04567,0.00283,1,1,-0.020,0.142,in_circle,0.0146,0.1553,0.0000,0.0000,0
83.102,2,1538,-0.00675,0.00840,-0.0089,-0.0008,-0.03199,0.04676,0.00262,1,1,-0.011,0.158,in_circle,0.0146,0.1553,0.0000,0.0000,0
83.147,2,1539,-0.00655,0.00834,0.0045,-0.0012,-0.03246,0.04483,0.00266,1,1,0.048,0.152,in_circle,0.0146,0.1553,0.0000,0.0000,0
83.190,2,1540,-0.00656,0.00828,-0.0001,-0.0014,-0.03194,0.04489,0.00260,1,1,-0.006,0.154,in_circle,0.0146,0.1553,0.0000,0.0000,0
83.235,2,1541,-0.00686,0.00852,-0.0068,0.0053,-0.03263,0.04556,0.00269,1,1,0.012,0.155,in_circle,0.0146,0.1553,0.0000,0.0000,0
83.278,2,1542,-0.00651,0.00843,0.0081,-0.0020,-0.03285,0.04554,0.00275,1,1,0.039,0.128,in_circle,0.0146,0.1553,0.0000,0.0000,0
83.323,2,1543,-0.00665,0.00835,-0.0031,-0.0018,-0.03136,0.04487,0.00262,1,1,-0.021,0.157,in_circle,0.0146,0.1553,0.0000,0.0000,0
83.367,2,1544,-0.00647,0.00806,0.0042,-0.0066,-0.03225,0.04567,0.00246,1,1,0.024,0.156,in_circle,0.0146,0.1553,0.0000,0.0000,0
83.411,2,1545,-0.00680,0.00825,-0.0076,0.0043,-0.03283,0.04614,0.00246,1,1,-0.005,0.177,in_circle,0.0146,0.1553,0.0000,0.0000,0
83.454,2,1546,-0.00593,0.00829,0.0205,0.0009,-0.03240,0.04494,0.00296,1,1,0.042,0.133,in_circle,0.0146,0.1553,0.0000,0.0000,0
83.499,2,1547,-0.00666,0.00825,-0.0164,-0.0011,-0.03267,0.04425,0.00252,1,1,-0.072,0.146,in_circle,0.0146,0.1553,0.0000,0.0000,0
83.541,2,1548,-0.00674,0.00804,-0.0019,-0.0049,-0.03241,0.04433,0.00229,1,1,0.077,0.154,in_circle,0.0146,0.1553,0.0000,0.0000,0
83.588,2,1549,-0.00649,0.00792,0.0056,-0.0026,-0.03333,0.04256,0.00232,1,1,0.020,0.170,in_circle,0.0146,0.1553,0.0000,0.0000,0
83.630,2,1550,-0.00667,0.00820,-0.0043,0.0067,-0.03429,0.04249,0.00247,1,1,-0.011,0.161,in_circle,0.0146,0.1553,0.0000,0.0000,0
83.675,2,1551,-0.00682,0.00821,-0.0034,0.0002,-0.03438,0.04236,0.00241,1,1,0.029,0.123,in_circle,0.0146,0.1553,0.0000,0.0000,0
83.717,2,1552,-0.00658,0.00836,0.0057,0.0036,-0.03265,0.04283,0.00265,1,1,0.026,0.149,in_circle,0.0146,0.1553,0.0000,0.0000,0
83.763,2,1553,-0.00654,0.00804,0.0010,-0.0069,-0.03215,0.04226,0.00240,1,1,-0.011,0.135,in_circle,0.0146,0.1553,0.0000,0.0000,0
83.806,2,1554,-0.00595,0.00766,0.0136,-0.0088,-0.03260,0.04195,0.00249,1,1,0.007,0.178,in_circle,0.0146,0.1553,0.0000,0.0000,0
83.851,2,1555,-0.00617,0.00820,-0.0050,0.0122,-0.03176,0.04202,0.00274,1,1,-0.044,0.186,in_circle,0.0146,0.1553,0.0000,0.0000,0
83.894,2,1556,-0.00684,0.00867,-0.0154,0.0108,-0.03322,0.04325,0.00284,1,1,0.031,0.101,in_circle,0.0146,0.1553,0.0000,0.0000,0
83.939,2,1557,-0.00676,0.00860,0.0017,-0.0016,-0.03236,0.04133,0.00280,1,1,0.074,0.106,in_circle,0.0146,0.1553,0.0000,0.0000,0
83.982,2,1558,-0.00643,0.00811,0.0078,-0.0115,-0.02860,0.04444,0.00252,1,1,0.005,0.155,in_circle,0.0146,0.1553,0.0000,0.0000,0
84.027,2,1559,-0.00652,0.00803,-0.0021,-0.0016,-0.02778,0.04593,0.00240,1,1,-0.020,0.196,in_circle,0.0146,0.1553,0.0000,0.0000,0
84.069,2,1560,-0.00659,0.00830,-0.0016,0.0064,-0.02852,0.04558,0.00260,1,1,0.020,0.157,in_circle,0.0146,0.1553,0.0000,0.0000,0
84.116,2,1561,-0.00665,0.00849,-0.0014,0.0040,-0.03202,0.04719,0.00274,1,1,0.018,0.124,in_circle,0.0146,0.1553,0.0000,0.0000,0
84.158,2,1562,-0.00593,0.00837,0.0171,-0.0027,-0.03110,0.04802,0.00302,1,1,0.017,0.133,in_circle,0.0146,0.1553,0.0000,0.0000,0
84.203,2,1563,-0.00690,0.00838,-0.0217,0.0001,-0.03165,0.04815,0.00254,1,1,-0.059,0.160,in_circle,0.0146,0.1553,0.0000,0.0000,0
84.245,2,1564,-0.00606,0.00837,0.0197,-0.0001,-0.03169,0.04894,0.00294,1,1,0.099,0.149,in_circle,0.0146,0.1553,0.0000,0.0000,0
84.291,2,1565,-0.00622,0.00850,-0.0034,0.0028,-0.03059,0.04540,0.00296,1,1,-0.069,0.150,in_circle,0.0146,0.1553,0.0000,0.0000,0
84.333,2,1566,-0.00648,0.00835,-0.0063,-0.0037,-0.03118,0.04699,0.00269,1,1,0.024,0.138,in_circle,0.0146,0.1553,0.0000,0.0000,0
84.379,2,1567,-0.00607,0.00821,0.0092,-0.0030,-0.03134,0.04663,0.00281,1,1,0.036,0.164,in_circle,0.0146,0.1553,0.0000,0.0000,0
84.421,2,1568,-0.00652,0.00840,-0.0106,0.0045,-0.03149,0.04421,0.00272,1,1,-0.027,0.162,in_circle,0.0146,0.1553,0.0000,0.0000,0
84.466,2,1569,-0.00588,0.00841,0.0143,0.0002,-0.03150,0.04588,0.00308,1,1,0.054,0.131,in_circle,0.0146,0.1553,0.0000,0.0000,0
84.509,2,1570,-0.00668,0.00838,-0.0186,-0.0007,-0.03172,0.04409,0.00263,1,1,-0.047,0.148,in_circle,0.0146,0.1553,0.0000,0.0000,0
84.555,2,1571,-0.00646,0.00869,0.0048,0.0068,-0.03197,0.04763,0.00300,1,1,0.086,0.152,in_circle,0.0146,0.1553,0.0000,0.0000,0
84.598,2,1572,-0.00646,0.00837,-0.0001,-0.0073,-0.03159,0.04277,0.00272,1,1,-0.008,0.121,in_circle,0.0146,0.1553,0.0000,0.0000,0
84.732,2,1573,-0.00680,0.00844,-0.0025,0.0005,-0.03264,0.04477,0.00264,1,1,0.012,0.179,in_circle,0.0146,0.1553,0.0000,0.0000,0
84.775,2,1574,-0.00651,0.00851,0.0067,0.0016,-0.03288,0.04661,0.00282,1,1,0.022,0.147,in_circle,0.0146,0.1553,0.0000,0.0000,0
84.819,2,1575,-0.00675,0.00847,-0.0055,-0.0009,-0.03344,0.04511,0.00268,1,1,-0.016,0.143,in_circle,0.0146,0.1553,0.0000,0.0000,0
84.862,2,1576,-0.00646,0.00838,0.0067,-0.0021,-0.03361,0.04703,0.00273,1,1,0.034,0.153,in_circle,0.0146,0.1553,0.0000,0.0000,0
84.907,2,1577,-0.00665,0.00848,-0.0042,0.0022,-0.03288,0.04661,0.00273,1,1,-0.015,0.158,in_circle,0.0146,0.1553,0.0000,0.0000,0
84.951,2,1578,-0.00607,0.00812,0.0133,-0.0081,-0.03303,0.04576,0.00274,1,1,0.029,0.140,in_circle,0.0146,0.1553,0.0000,0.0000,0
84.995,2,1579,-0.00672,0.00859,-0.0147,0.0105,-0.03360,0.04655,0.00280,1,1,-0.043,0.183,in_circle,0.0146,0.1553,0.0000,0.0000,0
85.038,2,1580,-0.00585,0.00839,0.0202,-0.0046,-0.03322,0.04598,0.00308,1,1,0.071,0.107,in_circle,0.0146,0.1553,0.0000,0.0000,0
85.083,2,1581,-0.00588,0.00843,-0.0007,0.0009,-0.03370,0.04532,0.00309,1,1,-0.071,0.168,in_circle,0.0146,0.1553,0.0000,0.0000,0
85.125,2,1582,-0.00653,0.00842,-0.0153,-0.0001,-0.03033,0.04662,0.00274,1,1,0.013,0.146,in_circle,0.0146,0.1553,0.0000,0.0000,0
85.171,2,1583,-0.00659,0.00823,-0.0014,-0.0042,-0.03210,0.04381,0.00253,1,1,0.073,0.150,in_circle,0.0146,0.1553,0.0000,0.0000,0
85.214,2,1584,-0.00663,0.00817,-0.0008,-0.0014,-0.03208,0.04141,0.00247,1,1,0.017,0.167,in_circle,0.0146,0.1553,0.0000,0.0000,0
85.260,2,1585,-0.00647,0.00821,0.0033,0.0008,-0.03159,0.04445,0.00258,1,1,0.015,0.155,in_circle,0.0146,0.1553,0.0000,0.0000,0
85.302,2,1586,-0.00664,0.00830,-0.0038,0.0021,-0.03274,0.04321,0.00258,1,1,-0.002,0.147,in_circle,0.0146,0.1553,0.0000,0.0000,0
85.347,2,1587,-0.00649,0.00830,0.0033,0.0001,-0.03200,0.04595,0.00265,1,1,0.027,0.141,in_circle,0.0146,0.1553,0.0000,0.0000,0
85.390,2,1588,-0.00650,0.00817,-0.0003,-0.0031,-0.03200,0.04298,0.00253,1,1,-0.002,0.149,in_circle,0.0146,0.1553,0.0000,0.0000,0
85.435,2,1589,-0.00618,0.00816,0.0071,-0.0002,-0.03215,0.04351,0.00270,1,1,0.013,0.163,in_circle,0.0146,0.1553,0.0000,0.0000,0
85.478,2,1590,-0.00666,0.00824,-0.0111,0.0020,-0.03307,0.04397,0.00252,1,1,-0.018,0.151,in_circle,0.0146,0.1553,0.0000,0.0000,0
85.523,2,1591,-0.00577,0.00843,0.0197,0.0042,-0.03241,0.04428,0.00317,1,1,0.056,0.142,in_circle,0.0146,0.1553,0.0000,0.0000,0
85.566,2,1592,-0.00646,0.00842,-0.0165,-0.0004,-0.03219,0.04367,0.00276,1,1,-0.069,0.133,in_circle,0.0146,0.1553,0.0000,0.0000,0
85.611,2,1593,-0.00574,0.00823,0.0158,-0.0041,-0.03102,0.04533,0.00304,1,1,0.077,0.151,in_circle,0.0146,0.1553,0.0000,0.0000,0
85.655,2,1594,-0.00663,0.00845,-0.0204,0.0050,-0.03210,0.04154,0.00271,1,1,-0.054,0.166,in_circle,0.0146,0.1553,0.0000,0.0000,0
85.699,2,1595,-0.00697,0.00847,-0.0077,0.0005,-0.03159,0.04460,0.00261,1,1,0.093,0.129,in_circle,0.0146,0.1553,0.0000,0.0000,0
85.742,2,1596,-0.00652,0.00856,0.0102,0.0021,-0.03138,0.04590,0.00286,1,1,0.043,0.147,in_circle,0.0146,0.1553,0.0000,0.0000,0
85.788,2,1597,-0.00650,0.00793,0.0005,-0.0135,-0.03071,0.04610,0.00233,1,1,-0.029,0.140,in_circle,0.0146,0.1553,0.0000,0.0000,0
85.830,2,1598,-0.00586,0.00841,0.0153,0.0114,-0.02992,0.04927,0.00310,1,1,0.009,0.205,in_circle,0.0146,0.1553,0.0000,0.0000,0
85.875,2,1599,-0.00663,0.00842,-0.0174,0.0003,-0.03118,0.04602,0.00269,1,1,-0.052,0.104,in_circle,0.0146,0.1553,0.0000,0.0000,0
85.918,2,1600,-0.00667,0.00834,-0.0009,-0.0019,-0.03319,0.04647,0.00260,1,1,0.081,0.148,in_circle,0.0146,0.1553,0.0000,0.0000,0
85.962,2,1601,-0.00628,0.00836,0.0090,0.0004,-0.03100,0.04616,0.00280,1,1,0.016,0.157,in_circle,0.0146,0.1553,0.0000,0.0000,0
86.006,2,1602,-0.00683,0.00804,-0.0121,-0.0071,-0.03163,0.04891,0.00226,1,1,-0.025,0.148,in_circle,0.0146,0.1553,0.0000,0.0000,0
86.051,2,1603,-0.00670,0.00810,0.0028,0.0013,-0.03139,0.04695,0.00237,1,1,0.061,0.179,in_circle,0.0146,0.1553,0.0000,0.0000,0
86.094,2,1604,-0.00659,0.00854,0.0027,0.0103,-0.03123,0.04461,0.00282,1,1,0.001,0.145,in_circle,0.0146,0.1553,0.0000,0.0000,0
86.139,2,1605,-0.00634,0.00854,0.0056,-0.0001,-0.03215,0.04862,0.00293,1,1,0.001,0.108,in_circle,0.0146,0.1553,0.0000,0.0000,0
86.184,2,1606,-0.00659,0.00845,-0.0057,-0.0021,-0.03144,0.04668,0.00273,1,1,-0.011,0.149,in_circle,0.0146,0.1553,0.0000,0.0000,0
86.228,2,1607,-0.00665,0.00844,-0.0014,-0.0002,-0.03136,0.04676,0.00269,1,1,0.034,0.158,in_circle,0.0146,0.1553,0.0000,0.0000,0
86.271,2,1608,-0.00665,0.00835,0.0000,-0.0021,-0.03049,0.04639,0.00261,1,1,0.017,0.150,in_circle,0.0146,0.1553,0.0000,0.0000,0
86.316,2,1609,-0.00658,0.00838,0.0015,0.0007,-0.03205,0.04744,0.00267,1,1,0.012,0.158,in_circle,0.0146,0.1553,0.0000,0.0000,0
86.359,2,1610,-0.00621,0.00795,0.0088,-0.0103,-0.03217,0.04646,0.00251,1,1,0.006,0.147,in_circle,0.0146,0.1553,0.0000,0.0000,0
86.403,2,1611,-0.00684,0.00834,-0.0142,0.0088,-0.03194,0.04602,0.00253,1,1,-0.025,0.192,in_circle,0.0146,0.1553,0.0000,0.0000,0
86.446,2,1612,-0.00687,0.00815,-0.0005,-0.0043,-0.03196,0.04597,0.00235,1,1,0.069,0.114,in_circle,0.0146,0.1553,0.0000,0.0000,0
86.491,2,1613,-0.00706,0.00787,-0.0042,-0.0063,-0.03514,0.04545,0.00201,1,1,0.014,0.167,in_circle,0.0146,0.1553,0.0000,0.0000,0
86.534,2,1614,-0.00649,0.00823,0.0134,0.0086,-0.03294,0.04653,0.00259,1,1,0.030,0.176,in_circle,0.0146,0.1553,0.0000,0.0000,0
86.579,2,1615,-0.00739,0.00835,-0.0200,0.0027,-0.03457,0.04640,0.00239,1,1,-0.042,0.115,in_circle,0.0146,0.1553,0.0000,0.0000,0
86.623,2,1616,-0.00638,0.00859,0.0228,0.0055,-0.03483,0.04464,0.00296,1,1,0.094,0.139,in_circle,0.0146,0.1553,0.0000,0.0000,0
86.710,2,1617,-0.00664,0.00815,-0.0030,-0.0051,-0.03261,0.04405,0.00244,1,1,-0.080,0.127,in_circle,0.0146,0.1553,0.0000,0.0000,0
86.755,2,1618,-0.00603,0.00846,0.0136,0.0069,-0.03124,0.04575,0.00303,1,1,0.024,0.171,in_circle,0.0146,0.1553,0.0000,0.0000,0
86.799,2,1619,-0.00590,0.00819,0.0030,-0.0061,-0.03338,0.04246,0.00290,1,1,-0.044,0.122,in_circle,0.0146,0.1553,0.0000,0.0000,0
86.843,2,1620,-0.00576,0.00775,0.0030,-0.0099,-0.03298,0.04170,0.00269,1,1,-0.002,0.174,in_circle,0.0146,0.1553,0.0000,0.0000,0
86.887,2,1621,-0.00648,0.00834,-0.0165,0.0134,-0.03359,0.04110,0.00268,1,1,-0.003,0.190,in_circle,0.0145,0.1553,0.0000,0.0000,0
86.930,2,1622,-0.00629,0.00826,0.0046,-0.0019,-0.03453,0.04144,0.00272,1,1,0.077,0.096,in_circle,0.0145,0.1552,0.0000,0.0000,0
86.975,2,1623,-0.00628,0.00835,0.0002,0.0021,-0.03352,0.04147,0.00280,1,1,-0.008,0.157,in_circle,0.0144,0.1551,0.0000,0.0000,0
87.019,2,1624,-0.00557,0.00839,0.0160,0.0008,-0.02949,0.04189,0.00327,1,1,0.010,0.141,in_circle,0.0143,0.1550,0.0000,0.0000,0
87.063,2,1625,-0.00651,0.00798,-0.0216,-0.0093,-0.03133,0.04256,0.00236,1,1,-0.055,0.146,in_circle,0.0142,0.1549,0.0000,0.0000,0
87.106,2,1626,-0.00683,0.00817,-0.0073,0.0045,-0.03074,0.04249,0.00238,1,1,0.097,0.187,in_circle,0.0142,0.1548,0.0000,0.0000,0
87.151,2,1627,-0.00646,0.00800,0.0082,-0.0040,-0.03103,0.04147,0.00240,1,1,0.041,0.131,in_circle,0.0141,0.1547,0.0000,0.0000,0
87.194,2,1628,-0.00590,0.00835,0.0132,0.0081,-0.03043,0.04553,0.00302,1,1,-0.022,0.165,in_circle,0.0141,0.1546,0.0000,0.0000,0
87.239,2,1629,-0.00694,0.00845,-0.0233,0.0022,-0.02950,0.04756,0.00259,1,1,-0.044,0.116,in_circle,0.0140,0.1545,0.0000,0.0000,0
87.284,2,1630,-0.00633,0.00812,0.0135,-0.0071,-0.03032,0.04468,0.00258,1,1,0.105,0.139,in_circle,0.0140,0.1544,0.0000,0.0000,0
87.328,2,1631,-0.00646,0.00837,-0.0032,0.0057,-0.03028,0.04580,0.00272,1,1,-0.044,0.177,in_circle,0.0140,0.1544,0.0000,0.0000,0
87.371,2,1632,-0.00610,0.00796,0.0084,-0.0094,-0.02982,0.04789,0.00260,1,1,0.023,0.126,in_circle,0.0140,0.1544,0.0000,0.0000,0
87.415,2,1633,-0.00704,0.00827,-0.0218,0.0073,-0.03145,0.04660,0.00240,1,1,-0.024,0.187,in_circle,0.0140,0.1544,0.0000,0.0000,0
87.459,2,1634,-0.00666,0.00816,0.0085,-0.0026,-0.03151,0.04754,0.00244,1,1,0.099,0.120,in_circle,0.0140,0.1544,0.0000,0.0000,0
87.503,2,1635,-0.00681,0.00837,-0.0034,0.0048,-0.03383,0.04534,0.00256,1,1,-0.023,0.159,in_circle,0.0140,0.1544,0.0000,0.0000,0
87.546,2,1636,-0.00644,0.00843,0.0087,0.0014,-0.03177,0.04734,0.00278,1,1,0.025,0.129,in_circle,0.0140,0.1544,0.0000,0.0000,0
87.591,2,1637,-0.00671,0.00808,-0.0061,-0.0077,-0.03207,0.04690,0.00235,1,1,-0.024,0.143,in_circle,0.0140,0.1544,0.0000,0.0000,0
87.634,2,1638,-0.00653,0.00844,0.0043,0.0082,-0.03046,0.04541,0.00275,1,1,0.036,0.180,in_circle,0.0140,0.1544,0.0000,0.0000,0
87.680,2,1639,-0.00581,0.00842,0.0158,-0.0004,-0.03210,0.04569,0.00314,1,1,-0.006,0.116,in_circle,0.0140,0.1544,0.0000,0.0000,0
87.723,2,1640,-0.00668,0.00856,-0.0203,0.0032,-0.03195,0.04635,0.00279,1,1,-0.054,0.150,in_circle,0.0140,0.1544,0.0000,0.0000,0
87.768,2,1641,-0.00662,0.00797,0.0012,-0.0131,-0.03077,0.04549,0.00229,1,1,0.092,0.135,in_circle,0.0140,0.1544,0.0000,0.0000,0
87.810,2,1642,-0.00643,0.00849,0.0046,0.0124,-0.03189,0.04339,0.00285,1,1,0.006,0.202,in_circle,0.0140,0.1544,0.0000,0.0000,0
87.856,2,1643,-0.00641,0.00839,0.0003,-0.0022,-0.03205,0.04455,0.00277,1,1,-0.008,0.098,in_circle,0.0140,0.1544,0.0000,0.0000,0
87.899,2,1644,-0.00675,0.00797,-0.0077,-0.0097,-0.03449,0.04640,0.00223,1,1,0.009,0.157,in_circle,0.0140,0.1544,0.0000,0.0000,0
87.943,2,1645,-0.00647,0.00860,0.0064,0.0143,-0.02974,0.04472,0.00292,1,1,0.042,0.188,in_circle,0.0140,0.1544,0.0000,0.0000,0
87.987,2,1646,-0.00673,0.00817,-0.0060,-0.0097,-0.03262,0.04514,0.00242,1,1,-0.015,0.091,in_circle,0.0140,0.1544,0.0000,0.0000,0
88.031,2,1647,-0.00696,0.00862,-0.0052,0.0101,-0.03219,0.04474,0.00275,1,1,0.035,0.188,in_circle,0.0140,0.1544,0.0000,0.0000,0
88.074,2,1648,-0.00647,0.00878,0.0113,0.0036,-0.03110,0.04269,0.00308,1,1,0.033,0.107,in_circle,0.0140,0.1544,0.0000,0.0000,0
88.120,2,1649,-0.00636,0.00826,0.0026,-0.0113,-0.03387,0.04555,0.00268,1,1,-0.034,0.133,in_circle,0.0140,0.1544,0.0000,0.0000,0
88.162,2,1650,-0.00685,0.00810,-0.0117,-0.0038,-0.03113,0.04374,0.00231,1,1,0.000,0.194,in_circle,0.0140,0.1544,0.0000,0.0000,0
88.208,2,1651,-0.00700,0.00807,-0.0032,-0.0008,-0.03338,0.04425,0.00222,1,1,0.058,0.164,in_circle,0.0140,0.1544,0.0000,0.0000,0
88.252,2,1652,-0.00663,0.00849,0.0085,0.0097,-0.03394,0.04404,0.00275,1,1,0.025,0.152,in_circle,0.0140,0.1544,0.0000,0.0000,0
88.295,2,1653,-0.00674,0.00820,-0.0027,-0.0068,-0.03302,0.04613,0.00244,1,1,-0.023,0.109,in_circle,0.0140,0.1544,0.0000,0.0000,0
88.338,2,1654,-0.00609,0.00820,0.0149,0.0001,-0.03282,0.04622,0.00278,1,1,0.022,0.176,in_circle,0.0140,0.1544,0.0000,0.0000,0
88.384,2,1655,-0.00627,0.00811,-0.0038,-0.0020,-0.03134,0.04570,0.00261,1,1,-0.050,0.149,in_circle,0.0140,0.1544,0.0000,0.0000,0
88.427,2,1656,-0.00658,0.00865,-0.0071,0.0124,-0.03065,0.04390,0.00292,1,1,0.025,0.157,in_circle,0.0140,0.1544,0.0000,0.0000,0
88.471,2,1657,-0.00677,0.00885,-0.0044,0.0045,-0.03155,0.04244,0.00303,1,1,0.039,0.098,in_circle,0.0140,0.1544,0.0000,0.0000,0
88.514,2,1658,-0.00639,0.00805,0.0088,-0.0184,-0.03134,0.04290,0.00249,1,1,0.029,0.129,in_circle,0.0140,0.1544,0.0000,0.0000,0
88.559,2,1659,-0.00653,0.00835,-0.0032,0.0066,-0.02947,0.04403,0.00267,1,1,-0.025,0.223,in_circle,0.0140,0.1544,0.0000,0.0000,0
88.603,2,1660,-0.00628,0.00820,0.0058,-0.0033,-0.03057,0.04450,0.00268,1,1,0.024,0.122,in_circle,0.0140,0.1544,0.0000,0.0000,0
88.648,2,1661,-0.00696,0.00848,-0.0150,0.0060,-0.03461,0.04541,0.00262,1,1,-0.013,0.162,in_circle,0.0140,0.1544,0.0000,0.0000,0
88.735,2,1662,-0.00674,0.00834,0.0025,-0.0015,-0.03376,0.04372,0.00257,1,1,0.072,0.124,in_circle,0.0140,0.1544,0.0000,0.0000,0
88.779,2,1663,-0.00629,0.00818,0.0102,-0.0036,-0.03170,0.04508,0.00266,1,1,0.001,0.155,in_circle,0.0140,0.1544,0.0000,0.0000,0
88.823,2,1664,-0.00638,0.00836,-0.0022,0.0041,-0.03230,0.04618,0.00276,1,1,-0.031,0.163,in_circle,0.0140,0.1544,0.0000,0.0000,0
88.867,2,1665,-0.00632,0.00851,0.0014,0.0034,-0.03213,0.04566,0.00292,1,1,0.019,0.132,in_circle,0.0140,0.1544,0.0000,0.0000,0
88.912,2,1666,-0.00596,0.00848,0.0081,-0.0008,-0.03165,0.04526,0.00309,1,1,0.005,0.134,in_circle,0.0140,0.1544,0.0000,0.0000,0
88.955,2,1667,-0.00676,0.00856,-0.0188,0.0018,-0.03236,0.04592,0.00276,1,1,-0.023,0.151,in_circle,0.0140,0.1544,0.0000,0.0000,0
88.999,2,1668,-0.00683,0.00851,-0.0015,-0.0010,-0.03225,0.04559,0.00269,1,1,0.086,0.141,in_circle,0.0140,0.1544,0.0000,0.0000,0
89.043,2,1669,-0.00665,0.00840,0.0042,-0.0025,-0.03249,0.04478,0.00267,1,1,0.018,0.152,in_circle,0.0140,0.1544,0.0000,0.0000,0
89.087,2,1670,-0.00640,0.00840,0.0056,-0.0000,-0.03101,0.04609,0.00278,1,1,-0.006,0.158,in_circle,0.0140,0.1544,0.0000,0.0000,0
89.130,2,1671,-0.00632,0.00812,0.0018,-0.0067,-0.03132,0.04499,0.00258,1,1,-0.012,0.148,in_circle,0.0140,0.1544,0.0000,0.0000,0
89.176,2,1672,-0.00675,0.00829,-0.0093,0.0038,-0.03172,0.04714,0.00252,1,1,0.003,0.176,in_circle,0.0140,0.1544,0.0000,0.0000,0
89.220,2,1673,-0.00660,0.00830,0.0034,0.0003,-0.03044,0.04334,0.00260,1,1,0.049,0.134,in_circle,0.0140,0.1544,0.0000,0.0000,0
89.262,2,1674,-0.00681,0.00858,-0.0050,0.0065,-0.03147,0.04481,0.00276,1,1,-0.003,0.147,in_circle,0.0140,0.1544,0.0000,0.0000,0
89.306,2,1675,-0.00678,0.00842,0.0008,-0.0037,-0.03108,0.04533,0.00262,1,1,0.031,0.122,in_circle,0.0140,0.1544,0.0000,0.0000,0
89.352,2,1676,-0.00630,0.00839,0.0105,-0.0006,-0.03136,0.04594,0.00282,1,1,0.008,0.163,in_circle,0.0140,0.1544,0.0000,0.0000,0
89.395,2,1677,-0.00632,0.00852,-0.0005,0.0031,-0.03135,0.04491,0.00293,1,1,-0.032,0.151,in_circle,0.0140,0.1544,0.0000,0.0000,0
89.439,2,1678,-0.00672,0.00854,-0.0090,0.0003,-0.03197,0.04654,0.00276,1,1,0.012,0.136,in_circle,0.0140,0.1544,0.0000,0.0000,0
89.482,2,1679,-0.00660,0.00812,0.0028,-0.0097,-0.03176,0.04612,0.00244,1,1,0.047,0.147,in_circle,0.0140,0.1544,0.0000,0.0000,0
89.526,2,1680,-0.00633,0.00873,0.0061,0.0136,-0.03147,0.04481,0.00310,1,1,-0.000,0.188,in_circle,0.0140,0.1544,0.0000,0.0000,0
89.570,2,1681,-0.00667,0.00851,-0.0077,-0.0049,-0.03222,0.04428,0.00276,1,1,-0.014,0.093,in_circle,0.0140,0.1544,0.0000,0.0000,0
89.615,2,1682,-0.00650,0.00880,0.0037,0.0065,-0.03258,0.04465,0.00309,1,1,0.042,0.168,in_circle,0.0140,0.1544,0.0000,0.0000,0
89.660,2,1683,-0.00635,0.00820,0.0035,-0.0135,-0.02957,0.04567,0.00264,1,1,-0.004,0.121,in_circle,0.0140,0.1544,0.0000,0.0000,0
89.704,2,1684,-0.00657,0.00798,-0.0051,-0.0050,-0.03188,0.04601,0.00233,1,1,-0.004,0.203,in_circle,0.0140,0.1544,0.0000,0.0000,0
89.746,2,1685,-0.00672,0.00833,-0.0036,0.0083,-0.03044,0.04672,0.00257,1,1,0.031,0.169,in_circle,0.0140,0.1544,0.0000,0.0000,0
89.791,2,1686,-0.00657,0.00839,0.0034,0.0014,-0.03442,0.04725,0.00269,1,1,0.026,0.115,in_circle,0.0140,0.1544,0.0000,0.0000,0
89.834,2,1687,-0.00636,0.00832,0.0048,-0.0018,-0.03319,0.04392,0.00273,1,1,-0.003,0.143,in_circle,0.0140,0.1544,0.0000,0.0000,0
89.879,2,1688,-0.00607,0.00835,0.0064,0.0007,-0.03147,0.04481,0.00292,1,1,-0.009,0.156,in_circle,0.0140,0.1544,0.0000,0.0000,0
89.923,2,1689,-0.00671,0.00858,-0.0143,0.0051,-0.03185,0.04591,0.00280,1,1,-0.016,0.146,in_circle,0.0140,0.1544,0.0000,0.0000,0
89.966,2,1690,-0.00681,0.00860,-0.0024,0.0004,-0.03157,0.04554,0.00278,1,1,0.068,0.127,in_circle,0.0140,0.1544,0.0000,0.0000,0
90.012,2,1691,-0.00649,0.00803,0.0071,-0.0124,-0.03159,0.04372,0.00242,1,1,0.021,0.146,in_circle,0.0140,0.1544,0.0000,0.0000,0
90.054,2,1692,-0.00607,0.00860,0.0099,0.0135,-0.03060,0.04551,0.00313,1,1,-0.018,0.199,in_circle,0.0140,0.1544,0.0000,0.0000,0
90.100,2,1693,-0.00636,0.00814,-0.0065,-0.0101,-0.03160,0.04535,0.00258,1,1,-0.030,0.094,in_circle,0.0140,0.1544,0.0000,0.0000,0
90.143,2,1694,-0.00660,0.00860,-0.0055,0.0106,-0.03398,0.04565,0.00286,1,1,0.036,0.189,in_circle,0.0140,0.1544,0.0000,0.0000,0
90.187,2,1695,-0.00624,0.00839,0.0081,-0.0046,-0.03065,0.04390,0.00286,1,1,0.033,0.106,in_circle,0.0140,0.1544,0.0000,0.0000,0
90.231,2,1696,-0.00577,0.00835,0.0108,-0.0009,-0.03288,0.04641,0.00311,1,1,-0.022,0.167,in_circle,0.0140,0.1544,0.0000,0.0000,0
90.276,2,1697,-0.00672,0.00848,-0.0207,0.0028,-0.03102,0.04366,0.00271,1,1,-0.034,0.152,in_circle,0.0140,0.1544,0.0000,0.0000,0
90.318,2,1698,-0.00648,0.00848,0.0057,0.0001,-0.03323,0.04321,0.00281,1,1,0.094,0.137,in_circle,0.0140,0.1544,0.0000,0.0000,0
90.364,2,1699,-0.00645,0.00852,0.0006,0.0008,-0.03215,0.04293,0.00286,1,1,-0.012,0.148,in_circle,0.0140,0.1544,0.0000,0.0000,0
90.406,2,1700,-0.00664,0.00833,-0.0044,-0.0044,-0.03198,0.04608,0.00260,1,1,0.008,0.145,in_circle,0.0140,0.1544,0.0000,0.0000,0
90.452,2,1701,-0.00607,0.00865,0.0123,0.0069,-0.03081,0.04618,0.00316,1,1,0.029,0.166,in_circle,0.0140,0.1544,0.0000,0.0000,0
90.495,2,1702,-0.00656,0.00848,-0.0112,-0.0039,-0.03183,0.04416,0.00277,1,1,-0.040,0.120,in_circle,0.0140,0.1544,0.0000,0.0000,0
90.539,2,1703,-0.00631,0.00855,0.0057,0.0016,-0.03176,0.04538,0.00295,1,1,0.056,0.164,in_circle,0.0140,0.1544,0.0000,0.0000,0
90.582,2,1704,-0.00638,0.00855,-0.0017,0.0000,-0.03131,0.04259,0.00292,1,1,-0.013,0.142,in_circle,0.0140,0.1544,0.0000,0.0000,0
90.627,2,1705,-0.00689,0.00812,-0.0113,-0.0096,-0.03121,0.04566,0.00231,1,1,0.017,0.148,in_circle,0.0140,0.1544,0.0000,0.0000,0
90.670,2,1706,-0.00652,0.00820,0.0085,0.0017,-0.03194,0.04489,0.00254,1,1,0.057,0.188,in_circle,0.0140,0.1544,0.0000,0.0000,0
90.758,2,1707,-0.00654,0.00850,-0.0002,0.0034,-0.03374,0.04617,0.00280,1,1,-0.023,0.142,in_circle,0.0140,0.1544,0.0000,0.0000,0
90.804,2,1708,-0.00641,0.00867,0.0027,0.0038,-0.03261,0.04507,0.00301,1,1,0.011,0.135,in_circle,0.0140,0.1544,0.0000,0.0000,0
90.846,2,1709,-0.00652,0.00838,-0.0027,-0.0069,-0.03295,0.04498,0.00270,1,1,-0.000,0.132,in_circle,0.0140,0.1544,0.0000,0.0000,0
90.891,2,1710,-0.00670,0.00835,-0.0038,-0.0006,-0.03275,0.04542,0.00260,1,1,0.021,0.176,in_circle,0.0140,0.1544,0.0000,0.0000,0
90.935,2,1711,-0.00650,0.00853,0.0045,0.0040,-0.03254,0.04437,0.00284,1,1,0.026,0.151,in_circle,0.0140,0.1544,0.0000,0.0000,0
90.979,2,1712,-0.00642,0.00838,0.0019,-0.0033,-0.03226,0.04520,0.00275,1,1,-0.007,0.132,in_circle,0.0140,0.1544,0.0000,0.0000,0
91.023,2,1713,-0.00669,0.00840,-0.0063,0.0005,-0.03267,0.04499,0.00265,1,1,0.003,0.162,in_circle,0.0140,0.1544,0.0000,0.0000,0
91.068,2,1714,-0.00641,0.00835,0.0063,-0.0012,-0.03224,0.04710,0.00273,1,1,0.036,0.146,in_circle,0.0140,0.1544,0.0000,0.0000,0
91.112,2,1715,-0.00676,0.00851,-0.0081,0.0037,-0.03243,0.04517,0.00272,1,1,-0.015,0.153,in_circle,0.0140,0.1544,0.0000,0.0000,0
91.155,2,1716,-0.00629,0.00883,0.0109,0.0073,-0.03299,0.04523,0.00321,1,1,0.044,0.133,in_circle,0.0140,0.1544,0.0000,0.0000,0
91.198,2,1717,-0.00642,0.00868,-0.0031,-0.0034,-0.03247,0.04497,0.00302,1,1,-0.033,0.118,in_circle,0.0140,0.1544,0.0000,0.0000,0
91.243,2,1718,-0.00624,0.00833,0.0040,-0.0077,-0.03226,0.04566,0.00281,1,1,0.023,0.161,in_circle,0.0140,0.1544,0.0000,0.0000,0
91.287,2,1719,-0.00693,0.00861,-0.0156,0.0062,-0.03048,0.04539,0.00275,1,1,-0.006,0.179,in_circle,0.0140,0.1544,0.0000,0.0000,0
91.331,2,1720,-0.00651,0.00827,0.0096,-0.0077,-0.03106,0.04611,0.00261,1,1,0.074,0.123,in_circle,0.0140,0.1544,0.0000,0.0000,0
91.374,2,1721,-0.00681,0.00811,-0.0069,-0.0036,-0.03165,0.04634,0.00233,1,1,-0.028,0.179,in_circle,0.0140,0.1544,0.0000,0.0000,0
91.419,2,1722,-0.00659,0.00844,0.0048,0.0071,-0.03057,0.04649,0.00272,1,1,0.039,0.164,in_circle,0.0140,0.1544,0.0000,0.0000,0
91.462,2,1723,-0.00639,0.00787,0.0048,-0.0133,-0.03091,0.04519,0.00234,1,1,-0.008,0.120,in_circle,0.0140,0.1544,0.0000,0.0000,0
91.507,2,1724,-0.00672,0.00800,-0.0074,0.0029,-0.03208,0.04587,0.00227,1,1,-0.009,0.203,in_circle,0.0140,0.1544,0.0000,0.0000,0
91.550,2,1725,-0.00644,0.00866,0.0066,0.0155,-0.03149,0.04421,0.00299,1,1,0.041,0.138,in_circle,0.0140,0.1544,0.0000,0.0000,0
91.595,2,1726,-0.00645,0.00836,-0.0003,-0.0068,-0.03383,0.04501,0.00272,1,1,-0.016,0.086,in_circle,0.0140,0.1544,0.0000,0.0000,0
91.638,2,1727,-0.00580,0.00839,0.0149,0.0006,-0.03192,0.04490,0.00311,1,1,0.012,0.176,in_circle,0.0140,0.1544,0.0000,0.0000,0
91.684,2,1728,-0.00653,0.00820,-0.0158,-0.0041,-0.03024,0.04612,0.00254,1,1,-0.051,0.146,in_circle,0.0140,0.1544,0.0000,0.0000,0
91.726,2,1729,-0.00635,0.00760,0.0044,-0.0144,-0.03136,0.04512,0.00216,1,1,0.074,0.165,in_circle,0.0140,0.1544,0.0000,0.0000,0
91.771,2,1730,-0.00588,0.00819,0.0105,0.0131,-0.03147,0.04386,0.00291,1,1,-0.007,0.208,in_circle,0.0140,0.1544,0.0000,0.0000,0
91.815,2,1731,-0.00625,0.00877,-0.0086,0.0134,-0.03180,0.04476,0.00318,1,1,-0.033,0.097,in_circle,0.0140,0.1544,0.0000,0.0000,0
91.859,2,1732,-0.00603,0.00886,0.0049,0.0021,-0.03350,0.04382,0.00337,1,1,0.044,0.094,in_circle,0.0140,0.1544,0.0000,0.0000,0
91.903,2,1733,-0.00667,0.00851,-0.0147,-0.0081,-0.03088,0.04414,0.00275,1,1,-0.010,0.139,in_circle,0.0140,0.1544,0.0000,0.0000,0
91.947,2,1734,-0.00594,0.00841,0.0165,-0.0023,-0.02853,0.04426,0.00304,1,1,0.070,0.180,in_circle,0.0140,0.1544,0.0000,0.0000,0
91.991,2,1735,-0.00587,0.00804,0.0016,-0.0083,-0.03078,0.04407,0.00281,1,1,-0.057,0.158,in_circle,0.0140,0.1544,0.0000,0.0000,0
92.035,2,1736,-0.00603,0.00860,-0.0036,0.0129,-0.03114,0.04561,0.00315,1,1,0.003,0.182,in_circle,0.0140,0.1544,0.0000,0.0000,0
92.079,2,1737,-0.00635,0.00869,-0.0071,0.0019,-0.03224,0.04368,0.00306,1,1,0.024,0.096,in_circle,0.0140,0.1544,0.0000,0.0000,0
92.123,2,1738,-0.00691,0.00848,-0.0129,-0.0048,-0.03242,0.04415,0.00263,1,1,0.039,0.140,in_circle,0.0140,0.1544,0.0000,0.0000,0
92.167,2,1739,-0.00651,0.00842,0.0092,-0.0014,-0.03149,0.04421,0.00274,1,1,0.063,0.167,in_circle,0.0140,0.1544,0.0000,0.0000,0
92.211,2,1740,-0.00639,0.00833,0.0028,-0.0020,-0.03200,0.04439,0.00272,1,1,-0.026,0.154,in_circle,0.0140,0.1544,0.0000,0.0000,0
92.254,2,1741,-0.00636,0.00848,0.0007,0.0035,-0.03162,0.04597,0.00287,1,1,-0.001,0.157,in_circle,0.0140,0.1544,0.0000,0.0000,0
92.299,2,1742,-0.00567,0.00833,0.0152,-0.0034,-0.03302,0.04380,0.00315,1,1,0.008,0.134,in_circle,0.0140,0.1544,0.0000,0.0000,0
92.342,2,1743,-0.00692,0.00810,-0.0289,-0.0052,-0.03259,0.04455,0.00228,1,1,-0.052,0.162,in_circle,0.0140,0.1544,0.0000,0.0000,0
92.388,2,1744,-0.00691,0.00861,0.0001,0.0111,-0.03213,0.04361,0.00276,1,1,0.127,0.170,in_circle,0.0140,0.1544,0.0000,0.0000,0
92.431,2,1745,-0.00637,0.00863,0.0125,0.0004,-0.03240,0.04475,0.00300,1,1,0.011,0.103,in_circle,0.0140,0.1544,0.0000,0.0000,0
92.475,2,1746,-0.00645,0.00846,-0.0018,-0.0040,-0.03232,0.04772,0.00280,1,1,-0.040,0.146,in_circle,0.0140,0.1544,0.0000,0.0000,0
92.518,2,1747,-0.00675,0.00850,-0.0070,0.0011,-0.02959,0.04826,0.00271,1,1,0.018,0.164,in_circle,0.0140,0.1544,0.0000,0.0000,0
92.564,2,1748,-0.00647,0.00859,0.0062,0.0019,-0.03229,0.04471,0.00291,1,1,0.040,0.144,in_circle,0.0140,0.1544,0.0000,0.0000,0
92.606,2,1749,-0.00606,0.00885,0.0096,0.0061,-0.03116,0.04485,0.00333,1,1,-0.014,0.141,in_circle,0.0140,0.1544,0.0000,0.0000,0
92.652,2,1750,-0.00643,0.00828,-0.0080,-0.0122,-0.03238,0.04576,0.00266,1,1,-0.029,0.123,in_circle,0.0140,0.1544,0.0000,0.0000,0
92.694,2,1751,-0.00618,0.00881,0.0062,0.0126,-0.03155,0.04469,0.00324,1,1,0.043,0.198,in_circle,0.0140,0.1544,0.0000,0.0000,0
92.782,2,1752,-0.00582,0.00825,0.0040,-0.0063,-0.03501,0.04676,0.00300,1,1,-0.015,0.097,in_circle,0.0140,0.1544,0.0000,0.0000,0
92.827,2,1753,-0.00663,0.00832,-0.0180,0.0015,-0.03493,0.04804,0.00260,1,1,-0.007,0.174,in_circle,0.0140,0.1544,0.0000,0.0000,0
92.870,2,1754,-0.00680,0.00857,-0.0040,0.0058,-0.03059,0.04545,0.00276,1,1,0.083,0.142,in_circle,0.0140,0.1544,0.0000,0.0000,0
92.917,2,1755,-0.00581,0.00880,0.0213,0.0048,-0.03308,0.04652,0.00343,1,1,0.027,0.125,in_circle,0.0140,0.1544,0.0000,0.0000,0
92.959,2,1756,-0.00655,0.00813,-0.0177,-0.0159,-0.03205,0.04604,0.00247,1,1,-0.076,0.128,in_circle,0.0140,0.1544,0.0000,0.0000,0
93.003,2,1757,-0.00654,0.00797,0.0002,-0.0036,-0.03192,0.04688,0.00234,1,1,0.082,0.213,in_circle,0.0140,0.1544,0.0000,0.0000,0
93.047,2,1758,-0.00648,0.00787,0.0014,-0.0024,-0.03269,0.04468,0.00228,1,1,0.010,0.164,in_circle,0.0140,0.1544,0.0000,0.0000,0
93.091,2,1759,-0.00617,0.00814,0.0069,0.0062,-0.03458,0.04245,0.00269,1,1,0.005,0.159,in_circle,0.0140,0.1544,0.0000,0.0000,0
93.135,2,1760,-0.00629,0.00836,-0.0026,0.0051,-0.03258,0.04488,0.00281,1,1,-0.018,0.124,in_circle,0.0140,0.1544,0.0000,0.0000,0
93.179,2,1761,-0.00647,0.00834,-0.0042,-0.0006,-0.03305,0.04367,0.00269,1,1,0.021,0.128,in_circle,0.0140,0.1544,0.0000,0.0000,0
93.222,2,1762,-0.00668,0.00807,-0.0048,-0.0064,-0.03095,0.04414,0.00235,1,1,0.028,0.151,in_circle,0.0140,0.1544,0.0000,0.0000,0
93.268,2,1763,-0.00676,0.00830,-0.0017,0.0051,-0.03177,0.04468,0.00253,1,1,0.030,0.175,in_circle,0.0140,0.1544,0.0000,0.0000,0
93.310,2,1764,-0.00650,0.00834,0.0061,0.0009,-0.03136,0.04508,0.00268,1,1,0.018,0.128,in_circle,0.0140,0.1544,0.0000,0.0000,0
93.356,2,1765,-0.00651,0.00875,-0.0001,0.0089,-0.03089,0.04409,0.00303,1,1,-0.014,0.145,in_circle,0.0140,0.1544,0.0000,0.0000,0
93.399,2,1766,-0.00685,0.00856,-0.0079,-0.0042,-0.03119,0.04413,0.00274,1,1,0.011,0.112,in_circle,0.0140,0.1544,0.0000,0.0000,0
93.444,2,1767,-0.00632,0.00824,0.0117,-0.0072,-0.03113,0.04374,0.00268,1,1,0.043,0.165,in_circle,0.0140,0.1544,0.0000,0.0000,0
93.486,2,1768,-0.00660,0.00842,-0.0066,0.0043,-0.03143,0.04432,0.00270,1,1,-0.037,0.178,in_circle,0.0140,0.1544,0.0000,0.0000,0
93.532,2,1769,-0.00667,0.00814,-0.0015,-0.0061,-0.03113,0.04374,0.00242,1,1,0.038,0.131,in_circle,0.0140,0.1544,0.0000,0.0000,0
93.576,2,1770,-0.00686,0.00838,-0.0042,0.0053,-0.03201,0.04163,0.00256,1,1,0.017,0.173,in_circle,0.0140,0.1544,0.0000,0.0000,0
93.619,2,1771,-0.00642,0.00882,0.0100,0.0102,-0.03153,0.04568,0.00314,1,1,0.028,0.127,in_circle,0.0140,0.1544,0.0000,0.0000,0
93.663,2,1772,-0.00656,0.00826,-0.0031,-0.0126,-0.03109,0.04387,0.00258,1,1,-0.029,0.107,in_circle,0.0140,0.1544,0.0000,0.0000,0
93.707,2,1773,-0.00609,0.00850,0.0106,0.0055,-0.03058,0.04599,0.00303,1,1,0.023,0.199,in_circle,0.0140,0.1544,0.0000,0.0000,0
93.751,2,1774,-0.00659,0.00834,-0.0116,-0.0038,-0.03155,0.04333,0.00263,1,1,-0.033,0.126,in_circle,0.0140,0.1544,0.0000,0.0000,0
93.795,2,1775,-0.00641,0.00907,0.0041,0.0166,-0.03282,0.04448,0.00337,1,1,0.057,0.164,in_circle,0.0140,0.1544,0.0000,0.0000,0
93.839,2,1776,-0.00618,0.00839,0.0051,-0.0156,-0.03074,0.04558,0.00288,1,1,-0.006,0.080,in_circle,0.0140,0.1544,0.0000,0.0000,0
93.884,2,1777,-0.00660,0.00852,-0.0093,0.0030,-0.03114,0.04559,0.00279,1,1,-0.011,0.211,in_circle,0.0140,0.1544,0.0000,0.0000,0
93.928,2,1778,-0.00694,0.00812,-0.0078,-0.0091,-0.02845,0.04590,0.00229,1,1,0.048,0.136,in_circle,0.0140,0.1544,0.0000,0.0000,0
93.971,2,1779,-0.00663,0.00866,0.0071,0.0123,-0.03252,0.04504,0.00291,1,1,0.043,0.185,in_circle,0.0140,0.1544,0.0000,0.0000,0
94.014,2,1780,-0.00656,0.00850,0.0016,-0.0037,-0.03174,0.04686,0.00279,1,1,-0.017,0.099,in_circle,0.0140,0.1544,0.0000,0.0000,0
94.059,2,1781,-0.00633,0.00836,0.0052,-0.0032,-0.03326,0.04600,0.00278,1,1,0.004,0.163,in_circle,0.0140,0.1544,0.0000,0.0000,0
94.102,2,1782,-0.00654,0.00823,-0.0049,-0.0029,-0.03120,0.04576,0.00256,1,1,-0.010,0.161,in_circle,0.0140,0.1544,0.0000,0.0000,0
94.147,2,1783,-0.00675,0.00882,-0.0046,0.0129,-0.03190,0.04642,0.00301,1,1,0.030,0.160,in_circle,0.0140,0.1544,0.0000,0.0000,0
94.190,2,1784,-0.00631,0.00868,0.0103,-0.0032,-0.03149,0.04421,0.00307,1,1,0.030,0.096,in_circle,0.0140,0.1544,0.0000,0.0000,0
94.236,2,1785,-0.00672,0.00839,-0.0090,-0.0065,-0.03211,0.04562,0.00262,1,1,-0.031,0.161,in_circle,0.0140,0.1544,0.0000,0.0000,0
94.278,2,1786,-0.00655,0.00846,0.0039,0.0017,-0.03108,0.04551,0.00276,1,1,0.047,0.174,in_circle,0.0140,0.1544,0.0000,0.0000,0
94.323,2,1787,-0.00652,0.00817,0.0006,-0.0064,-0.03173,0.04403,0.00252,1,1,-0.005,0.141,in_circle,0.0140,0.1544,0.0000,0.0000,0
94.367,2,1788,-0.00665,0.00870,-0.0030,0.0120,-0.03230,0.04644,0.00293,1,1,0.008,0.175,in_circle,0.0140,0.1544,0.0000,0.0000,0
94.411,2,1789,-0.00633,0.00841,0.0072,-0.0065,-0.03233,0.04286,0.00282,1,1,0.023,0.100,in_circle,0.0140,0.1544,0.0000,0.0000,0
94.454,2,1790,-0.00660,0.00839,-0.0063,-0.0004,-0.03297,0.04407,0.00267,1,1,-0.019,0.174,in_circle,0.0140,0.1544,0.0000,0.0000,0
94.499,2,1791,-0.00642,0.00830,0.0040,-0.0020,-0.03106,0.04624,0.00268,1,1,0.036,0.150,in_circle,0.0140,0.1544,0.0000,0.0000,0
94.543,2,1792,-0.00600,0.00869,0.0097,0.0089,-0.03200,0.04365,0.00324,1,1,-0.006,0.157,in_circle,0.0140,0.1544,0.0000,0.0000,0
94.588,2,1793,-0.00600,0.00879,-0.0000,0.0023,-0.03200,0.04520,0.00332,1,1,-0.029,0.112,in_circle,0.0140,0.1544,0.0000,0.0000,0
94.631,2,1794,-0.00670,0.00878,-0.0163,-0.0002,-0.03159,0.04473,0.00299,1,1,0.010,0.138,in_circle,0.0140,0.1544,0.0000,0.0000,0
94.675,2,1795,-0.00601,0.00889,0.0157,0.0023,-0.03165,0.04463,0.00340,1,1,0.076,0.148,in_circle,0.0140,0.1544,0.0000,0.0000,0
94.719,2,1796,-0.00639,0.00848,-0.0086,-0.0093,-0.03183,0.04416,0.00285,1,1,-0.053,0.138,in_circle,0.0140,0.1544,0.0000,0.0000,0
94.807,2,1797,-0.00672,0.00879,-0.0038,0.0036,-0.03101,0.04466,0.00299,1,1,0.045,0.185,in_circle,0.0140,0.1544,0.0000,0.0000,0
94.851,2,1798,-0.00644,0.00866,0.0063,-0.0029,-0.03139,0.04218,0.00299,1,1,0.026,0.133,in_circle,0.0140,0.1544,0.0000,0.0000,0
94.895,2,1799,-0.00682,0.00843,-0.0084,-0.0052,-0.03241,0.04603,0.00262,1,1,-0.015,0.159,in_circle,0.0140,0.1544,0.0000,0.0000,0
94.946,2,1800,-0.00682,0.00843,0.0000,0.0000,-0.03147,0.04481,0.00262,0,0,0.045,0.169,in_circle,0.0140,0.1544,0.0000,0.0000,0
94.985,2,1801,-0.00649,0.00865,0.0084,0.0057,-0.03140,0.04541,0.00296,1,1,0.011,0.148,in_circle,0.0139,0.1543,0.0000,0.0000,0
95.028,2,1802,-0.00645,0.00866,0.0009,0.0001,-0.03282,0.04643,0.00298,1,1,-0.023,0.125,in_circle,0.0139,0.1543,0.0000,0.0000,0
95.071,2,1803,-0.00652,0.00863,-0.0016,-0.0006,-0.03163,0.04694,0.00292,1,1,0.007,0.147,in_circle,0.0139,0.1543,0.0000,0.0000,0
95.114,2,1804,-0.00589,0.00852,0.0146,-0.0025,-0.03172,0.04714,0.00316,1,1,0.017,0.150,in_circle,0.0139,0.1543,0.0000,0.0000,0
95.160,2,1805,-0.00636,0.00882,-0.0102,0.0065,-0.03155,0.04573,0.00316,1,1,-0.049,0.158,in_circle,0.0139,0.1543,0.0000,0.0000,0
95.202,2,1806,-0.00568,0.00787,0.0162,-0.0225,-0.03186,0.04492,0.00283,1,1,0.051,0.121,in_circle,0.0139,0.1543,0.0000,0.0000,0
95.246,2,1807,-0.00607,0.00850,-0.0089,0.0144,-0.03218,0.04506,0.00304,1,1,-0.056,0.240,in_circle,0.0139,0.1543,0.0000,0.0000,0
95.292,2,1808,-0.00655,0.00816,-0.0104,-0.0074,-0.03231,0.04345,0.00250,1,1,0.045,0.090,in_circle,0.0139,0.1543,0.0000,0.0000,0
95.334,2,1809,-0.00632,0.00880,0.0053,0.0152,-0.03653,0.04539,0.00317,1,1,0.052,0.178,in_circle,0.0139,0.1543,0.0000,0.0000,0
95.380,2,1810,-0.00550,0.00811,0.0180,-0.0152,-0.03176,0.04526,0.00312,1,1,-0.011,0.086,in_circle,0.0139,0.1543,0.0000,0.0000,0
95.423,2,1811,-0.00570,0.00869,-0.0046,0.0132,-0.03296,0.04438,0.00341,1,1,-0.064,0.210,in_circle,0.0139,0.1543,0.0000,0.0000,0
95.467,2,1812,-0.00604,0.00851,-0.0076,-0.0041,-0.03073,0.04370,0.00306,1,1,0.027,0.095,in_circle,0.0139,0.1543,0.0000,0.0000,0
95.511,2,1813,-0.00595,0.00903,0.0020,0.0120,-0.03350,0.04246,0.00355,1,1,0.040,0.165,in_circle,0.0139,0.1543,0.0000,0.0000,0
95.555,2,1814,-0.00626,0.00868,-0.0071,-0.0080,-0.03111,0.04656,0.00309,1,1,0.001,0.099,in_circle,0.0139,0.1543,0.0000,0.0000,0
95.598,2,1815,-0.00672,0.00846,-0.0108,-0.0049,-0.03142,0.04448,0.00269,1,1,0.038,0.180,in_circle,0.0139,0.1543,0.0000,0.0000,0
95.643,2,1816,-0.00642,0.00785,0.0066,-0.0135,-0.03065,0.04432,0.00231,1,1,0.055,0.168,in_circle,0.0139,0.1543,0.0000,0.0000,0
95.687,2,1817,-0.00573,0.00847,0.0158,0.0140,-0.03242,0.04415,0.00323,1,1,-0.016,0.204,in_circle,0.0139,0.1543,0.0000,0.0000,0
95.732,2,1818,-0.00685,0.00869,-0.0252,0.0050,-0.03195,0.04657,0.00286,1,1,-0.054,0.092,in_circle,0.0139,0.1543,0.0000,0.0000,0
95.774,2,1819,-0.00683,0.00873,0.0004,0.0009,-0.03338,0.04390,0.00290,1,1,0.112,0.128,in_circle,0.0139,0.1543,0.0000,0.0000,0
95.820,2,1820,-0.00667,0.00803,0.0035,-0.0153,-0.03136,0.04508,0.00232,1,1,0.010,0.144,in_circle,0.0139,0.1543,0.0000,0.0000,0
95.863,2,1821,-0.00686,0.00828,-0.0043,0.0058,-0.03136,0.04944,0.00247,1,1,-0.003,0.210,in_circle,0.0139,0.1543,0.0000,0.0000,0
95.908,2,1822,-0.00677,0.00829,0.0020,0.0003,-0.03024,0.04924,0.00252,1,1,0.029,0.125,in_circle,0.0139,0.1543,0.0000,0.0000,0
95.952,2,1823,-0.00562,0.00838,0.0266,0.0019,-0.03220,0.04663,0.00323,1,1,0.003,0.147,in_circle,0.0139,0.1543,0.0000,0.0000,0
95.995,2,1824,-0.00574,0.00885,-0.0028,0.0108,-0.03171,0.04836,0.00352,1,1,-0.098,0.141,in_circle,0.0139,0.1543,0.0000,0.0000,0
96.039,2,1825,-0.00689,0.00836,-0.0261,-0.0112,-0.03240,0.04737,0.00253,1,1,0.020,0.104,in_circle,0.0139,0.1543,0.0000,0.0000,0
96.083,2,1826,-0.00577,0.00796,0.0255,-0.0089,-0.03279,0.04383,0.00283,1,1,0.116,0.193,in_circle,0.0139,0.1543,0.0000,0.0000,0
96.126,2,1827,-0.00596,0.00844,-0.0046,0.0113,-0.03271,0.04129,0.00306,1,1,-0.093,0.185,in_circle,0.0139,0.1543,0.0000,0.0000,0
96.171,2,1828,-0.00598,0.00864,-0.0004,0.0044,-0.03456,0.04390,0.00321,1,1,0.028,0.103,in_circle,0.0139,0.1543,0.0000,0.0000,0
96.214,2,1829,-0.00683,0.00846,-0.0198,-0.0041,-0.03348,0.04206,0.00265,1,1,0.011,0.130,in_circle,0.0139,0.1543,0.0000,0.0000,0
96.260,2,1830,-0.00676,0.00861,0.0016,0.0032,-0.02907,0.04178,0.00281,1,1,0.091,0.165,in_circle,0.0139,0.1543,0.0000,0.0000,0
96.303,2,1831,-0.00619,0.00853,0.0131,-0.0019,-0.03155,0.04282,0.00300,1,1,0.005,0.135,in_circle,0.0139,0.1543,0.0000,0.0000,0
96.347,2,1832,-0.00642,0.00818,-0.0052,-0.0079,-0.03196,0.04452,0.00258,1,1,-0.043,0.156,in_circle,0.0139,0.1543,0.0000,0.0000,0
96.391,2,1833,-0.00635,0.00838,0.0015,0.0044,-0.03141,0.04625,0.00279,1,1,0.031,0.180,in_circle,0.0139,0.1543,0.0000,0.0000,0
96.435,2,1834,-0.00643,0.00829,-0.0018,-0.0020,-0.03046,0.04440,0.00267,1,1,0.004,0.131,in_circle,0.0139,0.1543,0.0000,0.0000,0
96.480,2,1835,-0.00646,0.00857,-0.0007,0.0064,-0.03169,0.04495,0.00290,1,1,0.018,0.157,in_circle,0.0139,0.1543,0.0000,0.0000,0
96.524,2,1836,-0.00592,0.00788,0.0123,-0.0156,-0.03143,0.04468,0.00266,1,1,0.013,0.122,in_circle,0.0139,0.1543,0.0000,0.0000,0
96.574,2,1837,-0.00592,0.00788,0.0000,0.0000,-0.03196,0.04548,0.00266,0,0,-0.040,0.212,in_circle,0.0139,0.1543,0.0000,0.0000,0
96.613,2,1838,-0.00676,0.00871,-0.0218,0.0213,-0.03215,0.04293,0.00290,1,1,0.009,0.149,in_circle,0.0138,0.1542,0.0000,0.0000,0
96.655,2,1839,-0.00694,0.00876,-0.0042,0.0012,-0.03525,0.04463,0.00289,1,1,0.098,0.062,in_circle,0.0138,0.1542,0.0000,0.0000,0
96.700,2,1840,-0.00648,0.00873,0.0101,-0.0005,-0.03310,0.04253,0.00304,1,1,0.028,0.142,in_circle,0.0138,0.1542,0.0000,0.0000,0
96.742,2,1841,-0.00568,0.00883,0.0188,0.0023,-0.02647,0.04623,0.00354,1,1,-0.030,0.149,in_circle,0.0138,0.1542,0.0000,0.0000,0
96.879,2,1842,-0.00600,0.00843,-0.0024,-0.0030,-0.02961,0.04605,0.00302,1,1,-0.067,0.138,in_circle,0.0138,0.1542,0.0000,0.0000,0
96.919,2,1843,-0.00618,0.00852,-0.0043,0.0023,-0.02748,0.04568,0.00300,1,1,0.019,0.160,in_circle,0.0138,0.1542,0.0000,0.0000,0
96.963,2,1844,-0.00650,0.00811,-0.0075,-0.0094,-0.02991,0.04624,0.00248,1,1,0.027,0.138,in_circle,0.0138,0.1542,0.0000,0.0000,0
97.008,2,1845,-0.00697,0.00808,-0.0101,-0.0006,-0.03116,0.04610,0.00224,1,1,0.041,0.187,in_circle,0.0138,0.1542,0.0000,0.0000,0
97.051,2,1846,-0.00680,0.00866,0.0040,0.0135,-0.03133,0.04556,0.00284,1,1,0.052,0.151,in_circle,0.0138,0.1542,0.0000,0.0000,0
97.095,2,1847,-0.00628,0.00814,0.0116,-0.0117,-0.03355,0.04516,0.00262,1,1,-0.005,0.093,in_circle,0.0138,0.1542,0.0000,0.0000,0
97.138,2,1848,-0.00681,0.00877,-0.0122,0.0146,-0.03187,0.04779,0.00294,1,1,-0.036,0.196,in_circle,0.0138,0.1542,0.0000,0.0000,0
97.183,2,1849,-0.00657,0.00826,0.0054,-0.0115,-0.03163,0.04694,0.00257,1,1,0.060,0.089,in_circle,0.0138,0.1542,0.0000,0.0000,0
97.226,2,1850,-0.00708,0.00864,-0.0119,0.0088,-0.03350,0.04464,0.00273,1,1,-0.011,0.194,in_circle,0.0138,0.1542,0.0000,0.0000,0
97.272,2,1851,-0.00667,0.00848,0.0090,-0.0034,-0.03135,0.04748,0.00273,1,1,0.060,0.112,in_circle,0.0138,0.1542,0.0000,0.0000,0
97.314,2,1852,-0.00635,0.00853,0.0075,0.0011,-0.03356,0.04565,0.00291,1,1,-0.025,0.162,in_circle,0.0138,0.1542,0.0000,0.0000,0
97.359,2,1853,-0.00647,0.00810,-0.0026,-0.0094,-0.03119,0.04641,0.00249,1,1,-0.020,0.143,in_circle,0.0138,0.1542,0.0000,0.0000,0
97.403,2,1854,-0.00638,0.00805,0.0019,-0.0012,-0.03284,0.04442,0.00249,1,1,0.021,0.187,in_circle,0.0138,0.1542,0.0000,0.0000,0
97.447,2,1855,-0.00677,0.00842,-0.0089,0.0084,-0.03262,0.04412,0.00263,1,1,0.003,0.154,in_circle,0.0138,0.1542,0.0000,0.0000,0
97.491,2,1856,-0.00645,0.00826,0.0073,-0.0037,-0.03334,0.04379,0.00263,1,1,0.047,0.115,in_circle,0.0138,0.1542,0.0000,0.0000,0
97.535,2,1857,-0.00637,0.00863,0.0019,0.0084,-0.03350,0.04583,0.00300,1,1,-0.019,0.163,in_circle,0.0138,0.1542,0.0000,0.0000,0
97.578,2,1858,-0.00636,0.00799,0.0002,-0.0149,-0.03180,0.04476,0.00245,1,1,0.003,0.114,in_circle,0.0138,0.1542,0.0000,0.0000,0
97.623,2,1859,-0.00655,0.00861,-0.0043,0.0140,-0.03242,0.04415,0.00290,1,1,0.009,0.209,in_circle,0.0138,0.1542,0.0000,0.0000,0
97.667,2,1860,-0.00675,0.00830,-0.0046,-0.0071,-0.03184,0.04605,0.00253,1,1,0.028,0.092,in_circle,0.0138,0.1542,0.0000,0.0000,0
97.711,2,1861,-0.00642,0.00880,0.0075,0.0111,-0.03365,0.04411,0.00312,1,1,0.030,0.177,in_circle,0.0138,0.1542,0.0000,0.0000,0
97.755,2,1862,-0.00649,0.00861,-0.0017,-0.0042,-0.03076,0.04471,0.00292,1,1,-0.020,0.103,in_circle,0.0138,0.1542,0.0000,0.0000,0
97.799,2,1863,-0.00661,0.00848,-0.0026,-0.0031,-0.03225,0.04623,0.00275,1,1,0.017,0.164,in_circle,0.0138,0.1542,0.0000,0.0000,0
97.843,2,1864,-0.00677,0.00845,-0.0037,-0.0006,-0.03116,0.04610,0.00266,1,1,0.021,0.160,in_circle,0.0138,0.1542,0.0000,0.0000,0
97.893,2,1865,-0.00657,0.00840,0.0039,-0.0010,-0.03208,0.04587,0.00270,1,1,0.026,0.151,in_circle,0.0138,0.1542,0.0000,0.0000,0
97.930,2,1866,-0.00636,0.00821,0.0057,-0.0051,-0.03160,0.04502,0.00264,1,1,-0.005,0.152,in_circle,0.0138,0.1542,0.0000,0.0000,0
97.977,2,1867,-0.00693,0.00825,-0.0125,0.0010,-0.03095,0.04559,0.00242,1,1,-0.013,0.169,in_circle,0.0138,0.1542,0.0000,0.0000,0
98.020,2,1868,-0.00641,0.00816,0.0122,-0.0021,-0.03156,0.04513,0.00257,1,1,0.061,0.145,in_circle,0.0138,0.1542,0.0000,0.0000,0
98.063,2,1869,-0.00587,0.00828,0.0123,0.0027,-0.03136,0.04536,0.00299,1,1,-0.038,0.157,in_circle,0.0138,0.1542,0.0000,0.0000,0
98.107,2,1870,-0.00653,0.00813,-0.0153,-0.0035,-0.03137,0.04557,0.00248,1,1,-0.040,0.138,in_circle,0.0138,0.1542,0.0000,0.0000,0
98.151,2,1871,-0.00617,0.00826,0.0082,0.0028,-0.03279,0.04422,0.00278,1,1,0.072,0.163,in_circle,0.0138,0.1542,0.0000,0.0000,0
98.195,2,1872,-0.00644,0.00889,-0.0062,0.0142,-0.03243,0.04391,0.00319,1,1,-0.023,0.137,in_circle,0.0138,0.1542,0.0000,0.0000,0
98.240,2,1873,-0.00652,0.00835,-0.0017,-0.0120,-0.03178,0.04705,0.00268,1,1,0.035,0.090,in_circle,0.0138,0.1542,0.0000,0.0000,0
98.283,2,1874,-0.00680,0.00861,-0.0067,0.0062,-0.03023,0.04453,0.00280,1,1,0.017,0.196,in_circle,0.0138,0.1542,0.0000,0.0000,0
98.328,2,1875,-0.00670,0.00860,0.0022,-0.0004,-0.03073,0.04544,0.00282,1,1,0.038,0.123,in_circle,0.0138,0.1542,0.0000,0.0000,0
98.370,2,1876,-0.00689,0.00813,-0.0044,-0.0110,-0.03325,0.04495,0.00231,1,1,0.002,0.149,in_circle,0.0138,0.1542,0.0000,0.0000,0
98.416,2,1877,-0.00620,0.00882,0.0152,0.0152,-0.03129,0.04603,0.00324,1,1,0.029,0.193,in_circle,0.0138,0.1542,0.0000,0.0000,0
98.459,2,1878,-0.00679,0.00808,-0.0138,-0.0173,-0.03322,0.04563,0.00231,1,1,-0.051,0.087,in_circle,0.0138,0.1542,0.0000,0.0000,0
98.504,2,1879,-0.00644,0.00849,0.0077,0.0090,-0.03224,0.04368,0.00284,1,1,0.067,0.218,in_circle,0.0138,0.1542,0.0000,0.0000,0
98.546,2,1880,-0.00591,0.00859,0.0125,0.0025,-0.03092,0.04314,0.00321,1,1,-0.020,0.112,in_circle,0.0138,0.1542,0.0000,0.0000,0
98.592,2,1881,-0.00666,0.00878,-0.0165,0.0043,-0.03539,0.04639,0.00301,1,1,-0.041,0.138,in_circle,0.0138,0.1542,0.0000,0.0000,0
98.635,2,1882,-0.00633,0.00867,0.0077,-0.0026,-0.03245,0.04410,0.00305,1,1,0.077,0.130,in_circle,0.0138,0.1542,0.0000,0.0000,0
98.680,2,1883,-0.00696,0.00849,-0.0139,-0.0039,-0.03353,0.04243,0.00263,1,1,-0.021,0.158,in_circle,0.0138,0.1542,0.0000,0.0000,0
98.723,2,1884,-0.00643,0.00822,0.0126,-0.0065,-0.03177,0.04550,0.00261,1,1,0.067,0.164,in_circle,0.0138,0.1542,0.0000,0.0000,0
98.767,2,1885,-0.00637,0.00840,0.0013,0.0040,-0.03199,0.04462,0.00279,1,1,-0.040,0.174,in_circle,0.0138,0.1542,0.0000,0.0000,0
98.855,2,1886,-0.00601,0.00841,0.0040,0.0002,-0.03207,0.04461,0.00300,1,1,0.005,0.132,in_circle,0.0138,0.1542,0.0000,0.0000,0
98.899,2,1887,-0.00625,0.00877,-0.0055,0.0082,-0.03242,0.04415,0.00317,1,1,-0.007,0.147,in_circle,0.0138,0.1542,0.0000,0.0000,0
98.944,2,1888,-0.00659,0.00844,-0.0074,-0.0073,-0.03223,0.04420,0.00273,1,1,0.032,0.115,in_circle,0.0138,0.1542,0.0000,0.0000,0
98.986,2,1889,-0.00652,0.00794,0.0016,-0.0119,-0.03179,0.04411,0.00232,1,1,0.040,0.177,in_circle,0.0138,0.1542,0.0000,0.0000,0
99.031,2,1890,-0.00664,0.00853,-0.0026,0.0132,-0.03172,0.04567,0.00279,1,1,0.004,0.197,in_circle,0.0138,0.1542,0.0000,0.0000,0
99.076,2,1891,-0.00584,0.00783,0.0180,-0.0159,-0.03157,0.04552,0.00268,1,1,0.021,0.095,in_circle,0.0138,0.1542,0.0000,0.0000,0
99.120,2,1892,-0.00598,0.00892,-0.0033,0.0246,-0.03240,0.04475,0.00344,1,1,-0.063,0.213,in_circle,0.0138,0.1542,0.0000,0.0000,0
99.162,2,1893,-0.00631,0.00838,-0.0076,-0.0128,-0.03045,0.04500,0.00281,1,1,0.022,0.048,in_circle,0.0138,0.1542,0.0000,0.0000,0
99.207,2,1894,-0.00636,0.00818,-0.0011,-0.0045,-0.03236,0.04337,0.00261,1,1,0.041,0.199,in_circle,0.0138,0.1542,0.0000,0.0000,0
99.252,2,1895,-0.00657,0.00774,-0.0047,-0.0099,-0.02584,0.04434,0.00213,1,1,0.014,0.167,in_circle,0.0138,0.1542,0.0000,0.0000,0
99.295,2,1896,-0.00671,0.00806,-0.0032,0.0073,-0.03138,0.04687,0.00233,1,1,0.030,0.189,in_circle,0.0138,0.1542,0.0000,0.0000,0
99.339,2,1897,-0.00673,0.00842,-0.0006,0.0084,-0.03176,0.04512,0.00265,1,1,0.024,0.120,in_circle,0.0138,0.1542,0.0000,0.0000,0
99.383,2,1898,-0.00641,0.00834,0.0072,-0.0019,-0.03244,0.04496,0.00272,1,1,0.014,0.114,in_circle,0.0138,0.1542,0.0000,0.0000,0
99.426,2,1899,-0.00580,0.00813,0.0142,-0.0048,-0.03189,0.04615,0.00292,1,1,-0.019,0.156,in_circle,0.0138,0.1542,0.0000,0.0000,0
99.472,2,1900,-0.00676,0.00839,-0.0211,0.0057,-0.03183,0.04466,0.00261,1,1,-0.048,0.168,in_circle,0.0138,0.1542,0.0000,0.0000,0
99.516,2,1901,-0.00658,0.00840,0.0041,0.0002,-0.03212,0.04582,0.00269,1,1,0.096,0.126,in_circle,0.0138,0.1542,0.0000,0.0000,0
99.560,2,1902,-0.00651,0.00858,0.0016,0.0041,-0.03163,0.04503,0.00289,1,1,-0.006,0.147,in_circle,0.0138,0.1542,0.0000,0.0000,0
99.604,2,1903,-0.00647,0.00846,0.0008,-0.0028,-0.03204,0.04778,0.00279,1,1,0.004,0.131,in_circle,0.0138,0.1542,0.0000,0.0000,0
99.647,2,1904,-0.00665,0.00817,-0.0041,-0.0066,-0.02986,0.04777,0.00246,1,1,0.007,0.159,in_circle,0.0138,0.1542,0.0000,0.0000,0
99.690,2,1905,-0.00654,0.00856,0.0025,0.0091,-0.03160,0.04502,0.00285,1,1,0.027,0.175,in_circle,0.0138,0.1542,0.0000,0.0000,0
99.735,2,1906,-0.00633,0.00864,0.0045,0.0018,-0.03093,0.04863,0.00302,1,1,0.001,0.112,in_circle,0.0138,0.1542,0.0000,0.0000,0
99.778,2,1907,-0.00671,0.00854,-0.0086,-0.0022,-0.03037,0.04721,0.00277,1,1,-0.008,0.141,in_circle,0.0138,0.1542,0.0000,0.0000,0
99.828,2,1908,-0.00659,0.00820,0.0024,-0.0069,-0.03135,0.04748,0.00251,1,1,0.046,0.157,in_circle,0.0138,0.1542,0.0000,0.0000,0
99.868,2,1909,-0.00623,0.00832,0.0092,0.0031,-0.03174,0.04565,0.00280,1,1,0.001,0.176,in_circle,0.0138,0.1542,0.0000,0.0000,0
99.911,2,1910,-0.00668,0.00806,-0.0105,-0.0059,-0.03175,0.04568,0.00235,1,1,-0.027,0.136,in_circle,0.0138,0.1542,0.0000,0.0000,0
99.955,2,1911,-0.00661,0.00820,0.0017,0.0032,-0.03302,0.04359,0.00250,1,1,0.053,0.173,in_circle,0.0138,0.1542,0.0000,0.0000,0
99.999,2,1912,-0.00695,0.00835,-0.0077,0.0033,-0.03254,0.04538,0.00250,1,1,0.004,0.136,in_circle,0.0138,0.1542,0.0000,0.0000,0
100.042,2,1913,-0.00577,0.00817,0.0273,-0.0041,-0.03267,0.04495,0.00297,1,1,0.042,0.135,in_circle,0.0138,0.1542,0.0000,0.0000,0
100.087,2,1914,-0.00664,0.00843,-0.0192,0.0057,-0.03247,0.04451,0.00269,1,1,-0.100,0.165,in_circle,0.0138,0.1542,0.0000,0.0000,0
100.131,2,1915,-0.00634,0.00832,0.0068,-0.0025,-0.03281,0.04651,0.00274,1,1,0.088,0.125,in_circle,0.0138,0.1542,0.0000,0.0000,0
100.175,2,1916,-0.00686,0.00838,-0.0115,0.0015,-0.03427,0.04421,0.00256,1,1,-0.017,0.158,in_circle,0.0138,0.1542,0.0000,0.0000,0
100.220,2,1917,-0.00704,0.00855,-0.0041,0.0037,-0.03402,0.04186,0.00266,1,1,0.058,0.142,in_circle,0.0138,0.1542,0.0000,0.0000,0
100.263,2,1918,-0.00660,0.00827,0.0102,-0.0063,-0.03348,0.04212,0.00257,1,1,0.028,0.133,in_circle,0.0138,0.1542,0.0000,0.0000,0
100.307,2,1919,-0.00613,0.00859,0.0107,0.0072,-0.03468,0.04214,0.00308,1,1,-0.030,0.174,in_circle,0.0138,0.1542,0.0000,0.0000,0
100.351,2,1920,-0.00555,0.00830,0.0132,-0.0064,-0.03228,0.04119,0.00322,1,1,-0.033,0.119,in_circle,0.0138,0.1542,0.0000,0.0000,0
100.395,2,1921,-0.00644,0.00856,-0.0202,0.0058,-0.03263,0.04114,0.00290,1,1,-0.044,0.174,in_circle,0.0138,0.1542,0.0000,0.0000,0
100.439,2,1922,-0.00664,0.00834,-0.0047,-0.0052,-0.03133,0.04059,0.00261,1,1,0.091,0.124,in_circle,0.0138,0.1542,0.0000,0.0000,0
100.484,2,1923,-0.00638,0.00833,0.0058,-0.0002,-0.03168,0.04268,0.00273,1,1,0.030,0.169,in_circle,0.0138,0.1542,0.0000,0.0000,0
100.527,2,1924,-0.00686,0.00818,-0.0110,-0.0033,-0.03073,0.04544,0.00238,1,1,-0.013,0.149,in_circle,0.0138,0.1542,0.0000,0.0000,0
100.572,2,1925,-0.00665,0.00843,0.0047,0.0055,-0.03138,0.04687,0.00269,1,1,0.055,0.162,in_circle,0.0138,0.1542,0.0000,0.0000,0
100.617,2,1926,-0.00622,0.00824,0.0094,-0.0041,-0.03065,0.04509,0.00274,1,1,-0.008,0.126,in_circle,0.0138,0.1542,0.0000,0.0000,0
100.658,2,1927,-0.00669,0.00825,-0.0115,0.0003,-0.02936,0.04620,0.00251,1,1,-0.028,0.165,in_circle,0.0138,0.1542,0.0000,0.0000,0
100.703,2,1928,-0.00664,0.00818,0.0012,-0.0018,-0.03134,0.04575,0.00247,1,1,0.057,0.147,in_circle,0.0138,0.1542,0.0000,0.0000,0
100.747,2,1929,-0.00648,0.00834,0.0035,0.0038,-0.03094,0.04419,0.00269,1,1,0.006,0.156,in_circle,0.0138,0.1542,0.0000,0.0000,0
100.790,2,1930,-0.00640,0.00793,0.0020,-0.0094,-0.03104,0.04682,0.00239,1,1,-0.004,0.133,in_circle,0.0138,0.1542,0.0000,0.0000,0
100.924,2,1931,-0.00665,0.00851,-0.0019,0.0043,-0.03087,0.04591,0.00276,1,1,0.002,0.187,in_circle,0.0138,0.1542,0.0000,0.0000,0
100.968,2,1932,-0.00605,0.00898,0.0137,0.0108,-0.03251,0.04633,0.00346,1,1,0.019,0.131,in_circle,0.0138,0.1542,0.0000,0.0000,0
101.012,2,1933,-0.00668,0.00892,-0.0142,-0.0013,-0.03379,0.04615,0.00313,1,1,-0.045,0.104,in_circle,0.0138,0.1542,0.0000,0.0000,0
101.054,2,1934,-0.00639,0.00831,0.0067,-0.0146,-0.03295,0.04622,0.00270,1,1,0.068,0.152,in_circle,0.0138,0.1542,0.0000,0.0000,0
101.100,2,1935,-0.00660,0.00819,-0.0044,-0.0026,-0.03119,0.04503,0.00250,1,1,-0.016,0.207,in_circle,0.0138,0.1542,0.0000,0.0000,0
101.143,2,1936,-0.00660,0.00867,-0.0002,0.0110,-0.03204,0.04458,0.00293,1,1,0.029,0.159,in_circle,0.0138,0.1542,0.0000,0.0000,0
101.188,2,1937,-0.00679,0.00888,-0.0043,0.0048,-0.03334,0.04379,0.00305,1,1,0.012,0.103,in_circle,0.0138,0.1542,0.0000,0.0000,0
101.240,2,1938,-0.00630,0.00814,0.0095,-0.0142,-0.03343,0.04309,0.00261,1,1,0.028,0.128,in_circle,0.0138,0.1542,0.0000,0.0000,0
101.320,2,1939,-0.00691,0.00839,-0.0077,0.0031,-0.03191,0.04581,0.00255,1,1,-0.028,0.206,in_circle,0.0138,0.1542,0.0000,0.0000,0
101.364,2,1940,-0.00639,0.00865,0.0120,0.0060,-0.03265,0.04494,0.00300,1,1,0.042,0.136,in_circle,0.0138,0.1542,0.0000,0.0000,0
101.406,2,1941,-0.00640,0.00869,-0.0003,0.0010,-0.03380,0.04476,0.00303,1,1,-0.038,0.124,in_circle,0.0138,0.1542,0.0000,0.0000,0
101.452,2,1942,-0.00657,0.00810,-0.0038,-0.0131,-0.03208,0.04587,0.00243,1,1,0.012,0.143,in_circle,0.0138,0.1542,0.0000,0.0000,0
101.494,2,1943,-0.00660,0.00795,-0.0006,-0.0036,-0.03157,0.04552,0.00229,1,1,0.026,0.201,in_circle,0.0138,0.1542,0.0000,0.0000,0
101.540,2,1944,-0.00657,0.00864,0.0006,0.0153,-0.03144,0.04548,0.00292,1,1,0.013,0.164,in_circle,0.0138,0.1542,0.0000,0.0000,0
101.582,2,1945,-0.00645,0.00849,0.0029,-0.0036,-0.03365,0.04668,0.00283,1,1,0.009,0.086,in_circle,0.0138,0.1542,0.0000,0.0000,0
101.628,2,1946,-0.00655,0.00856,-0.0023,0.0015,-0.03148,0.04426,0.00285,1,1,-0.001,0.162,in_circle,0.0138,0.1542,0.0000,0.0000,0
101.671,2,1947,-0.00647,0.00839,0.0018,-0.0040,-0.02932,0.04558,0.00273,1,1,0.020,0.142,in_circle,0.0138,0.1542,0.0000,0.0000,0
101.716,2,1948,-0.00595,0.00885,0.0116,0.0104,-0.03138,0.04687,0.00340,1,1,0.003,0.164,in_circle,0.0138,0.1542,0.0000,0.0000,0
101.759,2,1949,-0.00638,0.00882,-0.0101,-0.0008,-0.03196,0.04548,0.00316,1,1,-0.037,0.106,in_circle,0.0138,0.1542,0.0000,0.0000,0
101.805,2,1950,-0.00601,0.00849,0.0080,-0.0072,-0.03160,0.04502,0.00306,1,1,0.050,0.150,in_circle,0.0138,0.1542,0.0000,0.0000,0
101.847,2,1951,-0.00663,0.00827,-0.0147,-0.0051,-0.03042,0.04473,0.00256,1,1,-0.023,0.177,in_circle,0.0138,0.1542,0.0000,0.0000,0
101.892,2,1952,-0.00674,0.00837,-0.0024,0.0021,-0.03134,0.04570,0.00260,1,1,0.070,0.169,in_circle,0.0138,0.1542,0.0000,0.0000,0
101.935,2,1953,-0.00688,0.00823,-0.0033,-0.0030,-0.03223,0.04533,0.00242,1,1,0.021,0.140,in_circle,0.0138,0.1542,0.0000,0.0000,0
101.978,2,1954,-0.00663,0.00764,0.0059,-0.0138,-0.03163,0.04694,0.00202,1,1,0.025,0.161,in_circle,0.0138,0.1542,0.0000,0.0000,0
102.023,2,1955,-0.00626,0.00864,0.0081,0.0222,-0.03147,0.04487,0.00305,1,1,-0.013,0.205,in_circle,0.0138,0.1542,0.0000,0.0000,0
102.066,2,1956,-0.00689,0.00844,-0.0147,-0.0045,-0.03146,0.04486,0.00261,1,1,-0.022,0.059,in_circle,0.0138,0.1542,0.0000,0.0000,0
102.111,2,1957,-0.00676,0.00859,0.0030,0.0032,-0.03410,0.04498,0.00279,1,1,0.070,0.166,in_circle,0.0138,0.1542,0.0000,0.0000,0
102.155,2,1958,-0.00677,0.00814,-0.0004,-0.0103,-0.02893,0.04537,0.00238,1,1,-0.001,0.135,in_circle,0.0138,0.1542,0.0000,0.0000,0
102.199,2,1959,-0.00625,0.00813,0.0116,-0.0002,-0.03135,0.04748,0.00264,1,1,0.013,0.190,in_circle,0.0138,0.1542,0.0000,0.0000,0
102.243,2,1960,-0.00584,0.00858,0.0093,0.0102,-0.03086,0.04683,0.00324,1,1,-0.037,0.150,in_circle,0.0138,0.1542,0.0000,0.0000,0
102.294,2,1961,-0.00584,0.00858,0.0000,0.0000,-0.03274,0.04569,0.00324,0,0,-0.028,0.107,in_circle,0.0138,0.1542,0.0000,0.0000,0
102.332,2,1962,-0.00629,0.00887,-0.0117,0.0076,-0.03231,0.04345,0.00325,1,1,0.009,0.148,in_circle,0.0137,0.1540,0.0000,0.0000,0
102.374,2,1963,-0.00672,0.00847,-0.0102,-0.0097,-0.03252,0.04246,0.00269,1,1,0.057,0.116,in_circle,0.0137,0.1540,0.0000,0.0000,0
102.420,2,1964,-0.00684,0.00768,-0.0026,-0.0170,-0.03169,0.04459,0.00194,1,1,0.052,0.187,in_circle,0.0137,0.1540,0.0000,0.0000,0
102.462,2,1965,-0.00654,0.00843,0.0071,0.0179,-0.03153,0.04568,0.00274,1,1,0.022,0.218,in_circle,0.0137,0.1540,0.0000,0.0000,0
102.508,2,1966,-0.00651,0.00872,0.0006,0.0062,-0.03326,0.04596,0.00301,1,1,-0.018,0.076,in_circle,0.0137,0.1540,0.0000,0.0000,0
102.551,2,1967,-0.00661,0.00871,-0.0022,-0.0002,-0.03526,0.04512,0.00296,1,1,0.008,0.122,in_circle,0.0137,0.1540,0.0000,0.0000,0
102.595,2,1968,-0.00643,0.00850,0.0040,-0.0047,-0.03048,0.04524,0.00285,1,1,0.019,0.148,in_circle,0.0137,0.1540,0.0000,0.0000,0
102.638,2,1969,-0.00633,0.00859,0.0023,0.0020,-0.03184,0.04605,0.00298,1,1,-0.006,0.167,in_circle,0.0137,0.1540,0.0000,0.0000,0
102.684,2,1970,-0.00606,0.00854,0.0061,-0.0011,-0.03102,0.04450,0.00308,1,1,0.001,0.140,in_circle,0.0137,0.1540,0.0000,0.0000,0
102.727,2,1971,-0.00601,0.00861,0.0010,0.0016,-0.03140,0.04356,0.00316,1,1,-0.015,0.152,in_circle,0.0137,0.1540,0.0000,0.0000,0
102.772,2,1972,-0.00662,0.00835,-0.0134,-0.0058,-0.03125,0.04404,0.00263,1,1,0.005,0.141,in_circle,0.0137,0.1540,0.0000,0.0000,0
102.816,2,1973,-0.00656,0.00822,0.0015,-0.0029,-0.03116,0.04513,0.00255,1,1,0.064,0.171,in_circle,0.0137,0.1540,0.0000,0.0000,0
102.903,2,1974,-0.00565,0.00877,0.0104,0.0063,-0.03132,0.04604,0.00350,1,1,0.004,0.160,in_circle,0.0137,0.1540,0.0000,0.0000,0
102.948,2,1975,-0.00690,0.00847,-0.0279,-0.0066,-0.03206,0.04398,0.00263,1,1,-0.033,0.122,in_circle,0.0137,0.1540,0.0000,0.0000,0
102.991,2,1976,-0.00670,0.00860,0.0046,0.0031,-0.03168,0.04401,0.00283,1,1,0.123,0.174,in_circle,0.0137,0.1540,0.0000,0.0000,0
103.036,2,1977,-0.00635,0.00830,0.0080,-0.0069,-0.03166,0.04368,0.00272,1,1,-0.007,0.135,in_circle,0.0137,0.1540,0.0000,0.0000,0
103.079,2,1978,-0.00646,0.00815,-0.0027,-0.0034,-0.03179,0.04794,0.00253,1,1,-0.022,0.176,in_circle,0.0137,0.1540,0.0000,0.0000,0
103.126,2,1979,-0.00592,0.00866,0.0117,0.0110,-0.03107,0.04623,0.00326,1,1,0.021,0.162,in_circle,0.0137,0.1540,0.0000,0.0000,0
103.169,2,1980,-0.00691,0.00860,-0.0231,-0.0014,-0.03294,0.04436,0.00275,1,1,-0.038,0.103,in_circle,0.0137,0.1540,0.0000,0.0000,0
103.212,2,1981,-0.00549,0.00845,0.0335,-0.0037,-0.03172,0.04675,0.00337,1,1,0.104,0.153,in_circle,0.0137,0.1540,0.0000,0.0000,0
103.255,2,1982,-0.00602,0.00839,-0.0125,-0.0015,-0.03176,0.04538,0.00297,1,1,-0.126,0.163,in_circle,0.0137,0.1540,0.0000,0.0000,0
103.300,2,1983,-0.00667,0.00883,-0.0144,0.0099,-0.03186,0.04719,0.00305,1,1,0.059,0.154,in_circle,0.0137,0.1540,0.0000,0.0000,0
103.343,2,1984,-0.00626,0.00766,0.0095,-0.0270,-0.03212,0.04457,0.00227,1,1,0.069,0.107,in_circle,0.0137,0.1540,0.0000,0.0000,0
103.388,2,1985,-0.00682,0.00833,-0.0124,0.0148,-0.03209,0.04304,0.00253,1,1,-0.028,0.258,in_circle,0.0137,0.1540,0.0000,0.0000,0
103.431,2,1986,-0.00664,0.00847,0.0040,0.0033,-0.03215,0.04401,0.00273,1,1,0.061,0.089,in_circle,0.0137,0.1540,0.0000,0.0000,0
103.474,2,1987,-0.00595,0.00839,0.0160,-0.0019,-0.03816,0.04309,0.00302,1,1,-0.005,0.134,in_circle,0.0137,0.1540,0.0000,0.0000,0
103.519,2,1988,-0.00619,0.00877,-0.0053,0.0085,-0.03190,0.04337,0.00321,1,1,-0.055,0.156,in_circle,0.0137,0.1540,0.0000,0.0000,0
103.563,2,1989,-0.00632,0.00822,-0.0030,-0.0128,-0.03183,0.04416,0.00267,1,1,0.031,0.113,in_circle,0.0137,0.1540,0.0000,0.0000,0
103.607,2,1990,-0.00630,0.00874,0.0006,0.0117,-0.03191,0.04190,0.00313,1,1,0.022,0.200,in_circle,0.0137,0.1540,0.0000,0.0000,0
103.651,2,1991,-0.00661,0.00812,-0.0073,-0.0144,-0.03267,0.04382,0.00243,1,1,0.008,0.100,in_circle,0.0137,0.1540,0.0000,0.0000,0
103.696,2,1992,-0.00573,0.00876,0.0197,0.0143,-0.03308,0.04500,0.00345,1,1,0.040,0.206,in_circle,0.0137,0.1540,0.0000,0.0000,0
103.739,2,1993,-0.00654,0.00853,-0.0188,-0.0054,-0.03192,0.04553,0.00282,1,1,-0.070,0.090,in_circle,0.0137,0.1540,0.0000,0.0000,0
103.784,2,1994,-0.00613,0.00815,0.0092,-0.0084,-0.03333,0.04443,0.00272,1,1,0.086,0.169,in_circle,0.0137,0.1540,0.0000,0.0000,0
103.827,2,1995,-0.00661,0.00806,-0.0111,-0.0022,-0.03103,0.04489,0.00238,1,1,-0.027,0.182,in_circle,0.0137,0.1540,0.0000,0.0000,0
103.872,2,1996,-0.00630,0.00857,0.0071,0.0116,-0.03157,0.04552,0.00298,1,1,0.055,0.158,in_circle,0.0137,0.1540,0.0000,0.0000,0
103.916,2,1997,-0.00578,0.00853,0.0117,-0.0011,-0.03139,0.04757,0.00323,1,1,-0.018,0.101,in_circle,0.0137,0.1540,0.0000,0.0000,0
103.959,2,1998,-0.00669,0.00840,-0.0211,-0.0029,-0.03023,0.04643,0.00264,1,1,-0.038,0.152,in_circle,0.0137,0.1540,0.0000,0.0000,0
104.005,2,1999,-0.00669,0.00840,0.0001,-0.0001,-0.02954,0.04556,0.00264,1,1,0.096,0.160,in_circle,0.0137,0.1540,0.0000,0.0000,0
104.047,2,2000,-0.00647,0.00847,0.0051,0.0018,-0.03156,0.04506,0.00281,1,1,0.010,0.148,in_circle,0.0137,0.1540,0.0000,0.0000,0
104.093,2,2001,-0.00617,0.00802,0.0066,-0.0097,-0.02881,0.04694,0.00260,1,1,-0.010,0.141,in_circle,0.0137,0.1540,0.0000,0.0000,0
104.135,2,2002,-0.00574,0.00819,0.0101,0.0039,-0.03035,0.04640,0.00301,1,1,-0.017,0.188,in_circle,0.0137,0.1540,0.0000,0.0000,0
104.180,2,2003,-0.00660,0.00774,-0.0191,-0.0099,-0.03138,0.04687,0.00212,1,1,-0.032,0.133,in_circle,0.0137,0.1540,0.0000,0.0000,0
104.223,2,2004,-0.00653,0.00862,0.0015,0.0206,-0.03297,0.04581,0.00291,1,1,0.087,0.189,in_circle,0.0137,0.1540,0.0000,0.0000,0
104.268,2,2005,-0.00556,0.00859,0.0217,-0.0007,-0.03330,0.04343,0.00343,1,1,0.005,0.065,in_circle,0.0137,0.1540,0.0000,0.0000,0
104.312,2,2006,-0.00689,0.00820,-0.0303,-0.0088,-0.03340,0.04763,0.00238,1,1,-0.079,0.150,in_circle,0.0137,0.1540,0.0000,0.0000,0
104.362,2,2007,-0.00689,0.00820,0.0000,0.0000,-0.02985,0.04578,0.00238,0,0,0.133,0.184,in_circle,0.0137,0.1540,0.0000,0.0000,0
104.445,2,2008,-0.00658,0.00855,0.0037,0.0042,-0.03281,0.04378,0.00283,1,1,0.011,0.148,in_circle,0.0137,0.1539,0.0000,0.0000,0
104.487,2,2009,-0.00691,0.00851,-0.0077,-0.0010,-0.03173,0.04726,0.00267,1,1,-0.004,0.131,in_circle,0.0137,0.1539,0.0000,0.0000,0
104.532,2,2010,-0.00636,0.00863,0.0123,0.0026,-0.03242,0.04363,0.00300,1,1,0.042,0.151,in_circle,0.0137,0.1539,0.0000,0.0000,0
104.577,2,2011,-0.00668,0.00819,-0.0071,-0.0098,-0.03201,0.04451,0.00246,1,1,-0.039,0.137,in_circle,0.0137,0.1539,0.0000,0.0000,0
104.620,2,2012,-0.00577,0.00856,0.0213,0.0088,-0.03213,0.04353,0.00327,1,1,0.039,0.187,in_circle,0.0137,0.1539,0.0000,0.0000,0
104.664,2,2013,-0.00565,0.00878,0.0026,0.0049,-0.03266,0.04314,0.00351,1,1,-0.077,0.112,in_circle,0.0137,0.1539,0.0000,0.0000,0
104.707,2,2014,-0.00602,0.00853,-0.0084,-0.0060,-0.03339,0.04678,0.00309,1,1,-0.002,0.127,in_circle,0.0137,0.1539,0.0000,0.0000,0
104.752,2,2015,-0.00671,0.00820,-0.0155,-0.0074,-0.03261,0.04175,0.00245,1,1,0.043,0.172,in_circle,0.0137,0.1539,0.0000,0.0000,0
104.796,2,2016,-0.00658,0.00856,0.0030,0.0082,-0.03191,0.04190,0.00284,1,1,0.073,0.178,in_circle,0.0137,0.1539,0.0000,0.0000,0
104.840,2,2017,-0.00688,0.00857,-0.0070,0.0003,-0.03181,0.04370,0.00273,1,1,-0.001,0.115,in_circle,0.0137,0.1539,0.0000,0.0000,0
104.927,2,2018,-0.00653,0.00839,0.0041,-0.0020,-0.03096,0.04494,0.00271,1,1,0.040,0.146,in_circle,0.0137,0.1539,0.0000,0.0000,0
104.971,2,2019,-0.00687,0.00821,-0.0078,-0.0043,-0.03109,0.04729,0.00239,1,1,-0.006,0.156,in_circle,0.0137,0.1539,0.0000,0.0000,0
105.016,2,2020,-0.00593,0.00873,0.0210,0.0118,-0.03114,0.04537,0.00331,1,1,0.042,0.165,in_circle,0.0137,0.1539,0.0000,0.0000,0
105.059,2,2021,-0.00602,0.00859,-0.0020,-0.0033,-0.03160,0.04502,0.00315,1,1,-0.075,0.100,in_circle,0.0137,0.1539,0.0000,0.0000,0
105.103,2,2022,-0.00672,0.00836,-0.0159,-0.0053,-0.03056,0.04659,0.00259,1,1,0.017,0.161,in_circle,0.0137,0.1539,0.0000,0.0000,0
105.147,2,2023,-0.00623,0.00844,0.0114,0.0020,-0.03149,0.04421,0.00291,1,1,0.075,0.169,in_circle,0.0137,0.1539,0.0000,0.0000,0
105.198,2,2024,-0.00623,0.00844,0.0000,0.0000,-0.03144,0.04448,0.00291,0,0,-0.036,0.140,in_circle,0.0137,0.1539,0.0000,0.0000,0
105.237,2,2025,-0.00612,0.00858,0.0028,0.0034,-0.03161,0.04500,0.00308,1,1,0.010,0.148,in_circle,0.0136,0.1538,0.0000,0.0000,0
105.280,2,2026,-0.00556,0.00854,0.0128,-0.0007,-0.03227,0.04443,0.00339,1,1,-0.002,0.134,in_circle,0.0136,0.1538,0.0000,0.0000,0
105.323,2,2027,-0.00661,0.00872,-0.0242,0.0041,-0.03129,0.04531,0.00297,1,1,-0.043,0.150,in_circle,0.0136,0.1538,0.0000,0.0000,0
105.367,2,2028,-0.00587,0.00839,0.0168,-0.0075,-0.03202,0.04460,0.00307,1,1,0.108,0.131,in_circle,0.0136,0.1538,0.0000,0.0000,0
105.411,2,2029,-0.00644,0.00836,-0.0133,-0.0007,-0.03152,0.04271,0.00272,1,1,-0.058,0.178,in_circle,0.0136,0.1538,0.0000,0.0000,0
105.456,2,2030,-0.00630,0.00854,0.0032,0.0040,-0.03123,0.04757,0.00295,1,1,0.063,0.151,in_circle,0.0136,0.1538,0.0000,0.0000,0
105.499,2,2031,-0.00656,0.00843,-0.0060,-0.0026,-0.03228,0.04760,0.00273,1,1,-0.003,0.131,in_circle,0.0136,0.1538,0.0000,0.0000,0
105.543,2,2032,-0.00690,0.00824,-0.0077,-0.0044,-0.03247,0.04731,0.00241,1,1,0.035,0.158,in_circle,0.0136,0.1538,0.0000,0.0000,0
105.587,2,2033,-0.00610,0.00871,0.0185,0.0110,-0.03229,0.04577,0.00320,1,1,0.042,0.166,in_circle,0.0136,0.1538,0.0000,0.0000,0
105.631,2,2034,-0.00629,0.00844,-0.0041,-0.0060,-0.03206,0.04641,0.00287,1,1,-0.065,0.103,in_circle,0.0136,0.1538,0.0000,0.0000,0
105.675,2,2035,-0.00640,0.00837,-0.0026,-0.0017,-0.03159,0.04657,0.00275,1,1,0.026,0.172,in_circle,0.0136,0.1538,0.0000,0.0000,0
105.720,2,2036,-0.00594,0.00788,0.0102,-0.0109,-0.03179,0.04478,0.00264,1,1,0.021,0.155,in_circle,0.0136,0.1538,0.0000,0.0000,0
105.763,2,2037,-0.00693,0.00823,-0.0229,0.0082,-0.03151,0.04534,0.00240,1,1,-0.032,0.193,in_circle,0.0136,0.1538,0.0000,0.0000,0
105.809,2,2038,-0.00653,0.00875,0.0086,0.0112,-0.03266,0.04621,0.00303,1,1,0.103,0.115,in_circle,0.0136,0.1538,0.0000,0.0000,0
105.852,2,2039,-0.00650,0.00854,0.0008,-0.0048,-0.03348,0.04462,0.00286,1,1,-0.024,0.102,in_circle,0.0136,0.1538,0.0000,0.0000,0
105.896,2,2040,-0.00666,0.00821,-0.0038,-0.0076,-0.03020,0.04613,0.00248,1,1,0.007,0.167,in_circle,0.0136,0.1538,0.0000,0.0000,0
105.938,2,2041,-0.00664,0.00806,0.0005,-0.0035,-0.03133,0.04556,0.00236,1,1,0.026,0.179,in_circle,0.0136,0.1538,0.0000,0.0000,0
105.983,2,2042,-0.00678,0.00852,-0.0031,0.0101,-0.03136,0.04493,0.00271,1,1,0.009,0.162,in_circle,0.0136,0.1538,0.0000,0.0000,0
106.027,2,2043,-0.00686,0.00839,-0.0017,-0.0029,-0.03136,0.04700,0.00257,1,1,0.024,0.107,in_circle,0.0136,0.1538,0.0000,0.0000,0
106.072,2,2044,-0.00625,0.00808,0.0136,-0.0069,-0.03156,0.04488,0.00260,1,1,0.018,0.159,in_circle,0.0136,0.1538,0.0000,0.0000,0
106.116,2,2045,-0.00640,0.00772,-0.0034,-0.0083,-0.03160,0.04502,0.00222,1,1,-0.045,0.176,in_circle,0.0136,0.1538,0.0000,0.0000,0
106.159,2,2046,-0.00675,0.00881,-0.0081,0.0250,-0.03205,0.04572,0.00300,1,1,0.024,0.183,in_circle,0.0136,0.1538,0.0000,0.0000,0
106.202,2,2047,-0.00582,0.00843,0.0214,-0.0087,-0.03277,0.04378,0.00313,1,1,0.043,0.047,in_circle,0.0136,0.1538,0.0000,0.0000,0
106.249,2,2048,-0.00646,0.00848,-0.0136,0.0009,-0.03281,0.04413,0.00282,1,1,-0.077,0.183,in_circle,0.0136,0.1538,0.0000,0.0000,0
106.291,2,2049,-0.00560,0.00845,0.0203,-0.0006,-0.02669,0.04527,0.00330,1,1,0.065,0.144,in_circle,0.0136,0.1538,0.0000,0.0000,0
106.336,2,2050,-0.00653,0.00820,-0.0209,-0.0056,-0.03234,0.04236,0.00254,1,1,-0.073,0.150,in_circle,0.0136,0.1538,0.0000,0.0000,0
106.379,2,2051,-0.00647,0.00854,0.0014,0.0076,-0.03167,0.04200,0.00286,1,1,0.094,0.171,in_circle,0.0136,0.1538,0.0000,0.0000,0
106.424,2,2052,-0.00633,0.00837,0.0032,-0.0037,-0.03234,0.04236,0.00279,1,1,0.005,0.117,in_circle,0.0136,0.1538,0.0000,0.0000,0
106.467,2,2053,-0.00639,0.00810,-0.0015,-0.0062,-0.03202,0.04224,0.00253,1,1,-0.003,0.163,in_circle,0.0136,0.1538,0.0000,0.0000,0
106.512,2,2054,-0.00663,0.00839,-0.0054,0.0064,-0.03216,0.04667,0.00266,1,1,0.016,0.173,in_circle,0.0136,0.1538,0.0000,0.0000,0
106.556,2,2055,-0.00603,0.00857,0.0138,0.0041,-0.03316,0.04373,0.00312,1,1,0.032,0.122,in_circle,0.0136,0.1538,0.0000,0.0000,0
106.599,2,2056,-0.00660,0.00820,-0.0130,-0.0086,-0.03235,0.04596,0.00250,1,1,-0.046,0.131,in_circle,0.0136,0.1538,0.0000,0.0000,0
106.643,2,2057,-0.00659,0.00901,0.0002,0.0188,-0.03239,0.04373,0.00324,1,1,0.063,0.183,in_circle,0.0136,0.1538,0.0000,0.0000,0
106.688,2,2058,-0.00645,0.00801,0.0031,-0.0220,-0.03347,0.04423,0.00242,1,1,0.010,0.071,in_circle,0.0136,0.1538,0.0000,0.0000,0
106.731,2,2059,-0.00629,0.00854,0.0037,0.0127,-0.03246,0.04437,0.00296,1,1,-0.002,0.237,in_circle,0.0136,0.1538,0.0000,0.0000,0
106.776,2,2060,-0.00567,0.00814,0.0136,-0.0087,-0.02894,0.04535,0.00302,1,1,-0.005,0.097,in_circle,0.0136,0.1538,0.0000,0.0000,0
106.820,2,2061,-0.00651,0.00840,-0.0193,0.0059,-0.03480,0.04577,0.00272,1,1,-0.046,0.183,in_circle,0.0136,0.1538,0.0000,0.0000,0
106.864,2,2062,-0.00645,0.00853,0.0014,0.0030,-0.03148,0.04384,0.00287,1,1,0.088,0.124,in_circle,0.0136,0.1538,0.0000,0.0000,0
106.952,2,2063,-0.00580,0.00829,0.0074,-0.0028,-0.03091,0.04668,0.00304,1,1,0.004,0.135,in_circle,0.0136,0.1538,0.0000,0.0000,0
106.997,2,2064,-0.00585,0.00863,-0.0013,0.0078,-0.03091,0.04758,0.00327,1,1,-0.021,0.159,in_circle,0.0136,0.1538,0.0000,0.0000,0
107.041,2,2065,-0.00668,0.00856,-0.0186,-0.0016,-0.03131,0.04616,0.00280,1,1,0.014,0.116,in_circle,0.0136,0.1538,0.0000,0.0000,0
107.084,2,2066,-0.00627,0.00847,0.0094,-0.0022,-0.03050,0.04570,0.00290,1,1,0.085,0.154,in_circle,0.0136,0.1538,0.0000,0.0000,0
107.128,2,2067,-0.00591,0.00801,0.0082,-0.0105,-0.03109,0.04729,0.00276,1,1,-0.028,0.156,in_circle,0.0136,0.1538,0.0000,0.0000,0
107.171,2,2068,-0.00583,0.00869,0.0019,0.0159,-0.02988,0.04787,0.00334,1,1,-0.024,0.191,in_circle,0.0136,0.1538,0.0000,0.0000,0
107.216,2,2069,-0.00671,0.00823,-0.0195,-0.0101,-0.03171,0.04574,0.00248,1,1,0.001,0.084,in_circle,0.0136,0.1538,0.0000,0.0000,0
107.259,2,2070,-0.00620,0.00891,0.0121,0.0158,-0.03274,0.04666,0.00332,1,1,0.089,0.188,in_circle,0.0136,0.1538,0.0000,0.0000,0
107.304,2,2071,-0.00693,0.00902,-0.0161,0.0025,-0.03139,0.04562,0.00314,1,1,-0.039,0.083,in_circle,0.0136,0.1538,0.0000,0.0000,0
107.348,2,2072,-0.00668,0.00794,0.0057,-0.0249,-0.03199,0.04634,0.00224,1,1,0.076,0.136,in_circle,0.0136,0.1538,0.0000,0.0000,0
107.392,2,2073,-0.00555,0.00839,0.0256,0.0101,-0.03040,0.04591,0.00328,1,1,-0.012,0.249,in_circle,0.0136,0.1538,0.0000,0.0000,0
107.436,2,2074,-0.00606,0.00880,-0.0115,0.0093,-0.03108,0.04577,0.00329,1,1,-0.095,0.107,in_circle,0.0136,0.1538,0.0000,0.0000,0
107.480,2,2075,-0.00622,0.00860,-0.0037,-0.0045,-0.03785,0.04567,0.00304,1,1,0.055,0.110,in_circle,0.0136,0.1538,0.0000,0.0000,0
107.524,2,2076,-0.00563,0.00875,0.0135,0.0034,-0.03217,0.04104,0.00350,1,1,0.024,0.165,in_circle,0.0136,0.1538,0.0000,0.0000,0
107.567,2,2077,-0.00655,0.00856,-0.0209,-0.0044,-0.03227,0.04059,0.00285,1,1,-0.046,0.133,in_circle,0.0136,0.1538,0.0000,0.0000,0
107.612,2,2078,-0.00654,0.00761,0.0002,-0.0212,-0.03263,0.04114,0.00205,1,1,0.094,0.165,in_circle,0.0136,0.1538,0.0000,0.0000,0
107.656,2,2079,-0.00628,0.00776,0.0061,0.0033,-0.03175,0.04104,0.00233,1,1,0.010,0.235,in_circle,0.0136,0.1538,0.0000,0.0000,0
107.698,2,2080,-0.00608,0.00902,0.0047,0.0295,-0.03284,0.04318,0.00348,1,1,-0.015,0.136,in_circle,0.0136,0.1538,0.0000,0.0000,0
107.742,2,2081,-0.00665,0.00865,-0.0130,-0.0084,-0.03715,0.04653,0.00289,1,1,-0.009,0.028,in_circle,0.0136,0.1538,0.0000,0.0000,0
107.789,2,2082,-0.00604,0.00894,0.0133,0.0062,-0.03166,0.04632,0.00343,1,1,0.063,0.181,in_circle,0.0136,0.1538,0.0000,0.0000,0
107.832,2,2083,-0.00632,0.00812,-0.0065,-0.0192,-0.02309,0.04444,0.00259,1,1,-0.044,0.121,in_circle,0.0136,0.1538,0.0000,0.0000,0
107.876,2,2084,-0.00597,0.00855,0.0078,0.0098,-0.03051,0.04656,0.00314,1,1,0.036,0.225,in_circle,0.0136,0.1538,0.0000,0.0000,0
107.919,2,2085,-0.00611,0.00858,-0.0031,0.0006,-0.02991,0.04526,0.00309,1,1,-0.022,0.108,in_circle,0.0136,0.1538,0.0000,0.0000,0
107.964,2,2086,-0.00673,0.00875,-0.0138,0.0039,-0.03349,0.04307,0.00295,1,1,0.022,0.145,in_circle,0.0136,0.1538,0.0000,0.0000,0
108.014,2,2087,-0.00673,0.00875,0.0000,0.0000,-0.03150,0.04419,0.00295,0,0,0.066,0.131,in_circle,0.0136,0.1538,0.0000,0.0000,0
108.053,2,2088,-0.00672,0.00829,0.0001,-0.0121,-0.03173,0.04403,0.00253,1,1,0.011,0.147,in_circle,0.0135,0.1537,0.0000,0.0000,0
108.096,2,2089,-0.00615,0.00813,0.0132,-0.0037,-0.03078,0.04469,0.00269,1,1,0.010,0.197,in_circle,0.0135,0.1537,0.0000,0.0000,0
108.139,2,2090,-0.00593,0.00791,0.0052,-0.0051,-0.03256,0.04532,0.00267,1,1,-0.043,0.163,in_circle,0.0135,0.1537,0.0000,0.0000,0
108.183,2,2091,-0.00598,0.00893,-0.0012,0.0230,-0.03296,0.04503,0.00345,1,1,-0.012,0.169,in_circle,0.0135,0.1537,0.0000,0.0000,0
108.227,2,2092,-0.00628,0.00875,-0.0069,-0.0043,-0.03397,0.04396,0.00314,1,1,0.014,0.054,in_circle,0.0135,0.1537,0.0000,0.0000,0
108.272,2,2093,-0.00592,0.00823,0.0080,-0.0116,-0.03173,0.04334,0.00291,1,1,0.037,0.164,in_circle,0.0135,0.1537,0.0000,0.0000,0
108.315,2,2094,-0.00698,0.00841,-0.0242,0.0042,-0.02804,0.04627,0.00254,1,1,-0.023,0.194,in_circle,0.0135,0.1537,0.0000,0.0000,0
108.360,2,2095,-0.00677,0.00836,0.0048,-0.0011,-0.03139,0.04562,0.00258,1,1,0.108,0.131,in_circle,0.0135,0.1537,0.0000,0.0000,0
108.403,2,2096,-0.00547,0.00856,0.0303,0.0047,-0.03293,0.04295,0.00346,1,1,-0.008,0.152,in_circle,0.0135,0.1537,0.0000,0.0000,0
108.447,2,2097,-0.00646,0.00825,-0.0222,-0.0068,-0.03203,0.04916,0.00262,1,1,-0.113,0.128,in_circle,0.0134,0.1535,0.0000,0.0000,0
108.491,2,2098,-0.00655,0.00811,-0.0021,-0.0034,-0.03173,0.04942,0.00245,1,1,0.099,0.175,in_circle,0.0134,0.1534,0.0000,0.0000,0
108.535,2,2099,-0.00649,0.00853,0.0014,0.0094,-0.03242,0.04276,0.00285,1,1,0.018,0.161,in_circle,0.0133,0.1534,0.0000,0.0000,0
108.580,2,2100,-0.00642,0.00870,0.0017,0.0039,-0.03301,0.04311,0.00304,1,1,0.005,0.109,in_circle,0.0133,0.1532,0.0000,0.0000,0
108.623,2,2101,-0.00610,0.00816,0.0073,-0.0126,-0.03225,0.04676,0.00275,1,1,0.003,0.131,in_circle,0.0132,0.1531,0.0000,0.0000,0
108.669,2,2102,-0.00589,0.00835,0.0046,0.0042,-0.03105,0.04727,0.00303,1,1,-0.020,0.198,in_circle,0.0131,0.1530,0.0000,0.0000,0
108.711,2,2103,-0.00669,0.00842,-0.0190,0.0017,-0.03106,0.04637,0.00266,1,1,-0.010,0.130,in_circle,0.0130,0.1529,0.0000,0.0000,0
108.758,2,2104,-0.00670,0.00848,-0.0001,0.0012,-0.03258,0.04531,0.00271,1,1,0.086,0.140,in_circle,0.0130,0.1528,0.0000,0.0000,0
108.798,2,2105,-0.00633,0.00862,0.0092,0.0034,-0.03129,0.04504,0.00300,1,1,0.011,0.142,in_circle,0.0129,0.1527,0.0000,0.0000,0
108.844,2,2106,-0.00689,0.00809,-0.0123,-0.0114,-0.03272,0.04807,0.00228,1,1,-0.028,0.132,in_circle,0.0129,0.1526,0.0000,0.0000,0
108.887,2,2107,-0.00690,0.00870,-0.0002,0.0145,-0.03202,0.04498,0.00285,1,1,0.060,0.193,in_circle,0.0128,0.1525,0.0000,0.0000,0
108.976,2,2108,-0.00687,0.00836,0.0004,-0.0038,-0.03223,0.04686,0.00254,1,1,0.011,0.088,in_circle,0.0128,0.1522,0.0000,0.0000,0
109.020,2,2109,-0.00656,0.00790,0.0069,-0.0104,-0.03263,0.04577,0.00227,1,1,0.009,0.162,in_circle,0.0127,0.1522,0.0000,0.0000,0
109.063,2,2110,-0.00650,0.00885,0.0014,0.0224,-0.02887,0.04576,0.00313,1,1,-0.018,0.189,in_circle,0.0127,0.1522,0.0000,0.0000,0
109.109,2,2111,-0.00661,0.00772,-0.0023,-0.0246,-0.03151,0.04705,0.00209,1,1,0.004,0.055,in_circle,0.0127,0.1522,0.0000,0.0000,0
109.152,2,2112,-0.00685,0.00849,-0.0056,0.0179,-0.03151,0.04705,0.00266,1,1,0.019,0.246,in_circle,0.0127,0.1522,0.0000,0.0000,0
109.196,2,2113,-0.00580,0.00776,0.0235,-0.0163,-0.02665,0.04484,0.00266,1,1,0.033,0.074,in_circle,0.0127,0.1522,0.0000,0.0000,0
109.240,2,2114,-0.00665,0.00823,-0.0194,0.0106,-0.03556,0.04526,0.00251,1,1,-0.086,0.213,in_circle,0.0127,0.1522,0.0000,0.0000,0
109.284,2,2115,-0.00609,0.00835,0.0129,0.0028,-0.03022,0.04491,0.00290,1,1,0.087,0.104,in_circle,0.0127,0.1522,0.0000,0.0000,0
109.327,2,2116,-0.00635,0.00858,-0.0058,0.0054,-0.03418,0.04245,0.00297,1,1,-0.043,0.135,in_circle,0.0127,0.1522,0.0000,0.0000,0
109.373,2,2117,-0.00672,0.00835,-0.0083,-0.0051,-0.03304,0.04097,0.00259,1,1,0.032,0.124,in_circle,0.0127,0.1522,0.0000,0.0000,0
109.416,2,2118,-0.00572,0.00876,0.0232,0.0093,-0.03318,0.04239,0.00346,1,1,0.043,0.167,in_circle,0.0127,0.1522,0.0000,0.0000,0
109.459,2,2119,-0.00571,0.00849,0.0002,-0.0061,-0.03141,0.04245,0.00326,1,1,-0.085,0.108,in_circle,0.0127,0.1522,0.0000,0.0000,0
109.504,2,2120,-0.00626,0.00851,-0.0125,0.0003,-0.03201,0.04390,0.00294,1,1,0.007,0.170,in_circle,0.0127,0.1522,0.0000,0.0000,0
109.548,2,2121,-0.00572,0.00894,0.0120,0.0096,-0.02958,0.04247,0.00360,1,1,0.059,0.145,in_circle,0.0127,0.1522,0.0000,0.0000,0
109.592,2,2122,-0.00632,0.00870,-0.0138,-0.0054,-0.03238,0.04350,0.00308,1,1,-0.041,0.106,in_circle,0.0127,0.1522,0.0000,0.0000,0
109.636,2,2123,-0.00669,0.00838,-0.0085,-0.0072,-0.03122,0.04519,0.00263,1,1,0.064,0.167,in_circle,0.0127,0.1522,0.0000,0.0000,0
109.680,2,2124,-0.00623,0.00870,0.0106,0.0072,-0.03068,0.04128,0.00312,1,1,0.044,0.175,in_circle,0.0127,0.1522,0.0000,0.0000,0
109.724,2,2125,-0.00601,0.00801,0.0051,-0.0157,-0.03058,0.04682,0.00269,1,1,-0.034,0.117,in_circle,0.0127,0.1522,0.0000,0.0000,0
109.768,2,2126,-0.00639,0.00871,-0.0085,0.0159,-0.03163,0.04694,0.00306,1,1,-0.012,0.210,in_circle,0.0127,0.1522,0.0000,0.0000,0
109.812,2,2127,-0.00706,0.00827,-0.0150,-0.0100,-0.03152,0.04518,0.00239,1,1,0.043,0.082,in_circle,0.0127,0.1522,0.0000,0.0000,0
109.857,2,2128,-0.00654,0.00866,0.0118,0.0088,-0.03386,0.04562,0.00294,1,1,0.071,0.186,in_circle,0.0127,0.1522,0.0000,0.0000,0
109.899,2,2129,-0.00639,0.00846,0.0034,-0.0047,-0.03115,0.04747,0.00283,1,1,-0.038,0.110,in_circle,0.0127,0.1522,0.0000,0.0000,0
109.944,2,2130,-0.00690,0.00826,-0.0114,-0.0045,-0.03146,0.04640,0.00243,1,1,-0.004,0.165,in_circle,0.0127,0.1522,0.0000,0.0000,0
109.987,2,2131,-0.00600,0.00842,0.0208,0.0039,-0.03079,0.04582,0.00302,1,1,0.056,0.165,in_circle,0.0127,0.1522,0.0000,0.0000,0
110.032,2,2132,-0.00683,0.00829,-0.0185,-0.0030,-0.03141,0.04625,0.00249,1,1,-0.075,0.130,in_circle,0.0127,0.1522,0.0000,0.0000,0
110.075,2,2133,-0.00649,0.00864,0.0079,0.0082,-0.03135,0.04748,0.00295,1,1,0.084,0.158,in_circle,0.0127,0.1522,0.0000,0.0000,0
110.120,2,2134,-0.00669,0.00825,-0.0045,-0.0088,-0.03174,0.04242,0.00251,1,1,-0.022,0.113,in_circle,0.0127,0.1522,0.0000,0.0000,0
110.163,2,2135,-0.00659,0.00867,0.0025,0.0098,-0.03093,0.04619,0.00294,1,1,0.028,0.182,in_circle,0.0127,0.1522,0.0000,0.0000,0
110.208,2,2136,-0.00688,0.00814,-0.0065,-0.0119,-0.03079,0.04664,0.00233,1,1,-0.000,0.106,in_circle,0.0127,0.1522,0.0000,0.0000,0
110.251,2,2137,-0.00668,0.00844,0.0046,0.0069,-0.03189,0.04543,0.00268,1,1,0.036,0.195,in_circle,0.0127,0.1522,0.0000,0.0000,0
110.296,2,2138,-0.00653,0.00819,0.0034,-0.0054,-0.03133,0.04556,0.00254,1,1,-0.008,0.119,in_circle,0.0127,0.1522,0.0000,0.0000,0
110.339,2,2139,-0.00659,0.00883,-0.0016,0.0149,-0.03356,0.04596,0.00308,1,1,-0.004,0.168,in_circle,0.0127,0.1522,0.0000,0.0000,0
110.384,2,2140,-0.00584,0.00867,0.0168,-0.0036,-0.03177,0.04478,0.00331,1,1,0.016,0.085,in_circle,0.0127,0.1522,0.0000,0.0000,0
110.428,2,2141,-0.00591,0.00833,-0.0017,-0.0075,-0.03149,0.04421,0.00300,1,1,-0.059,0.160,in_circle,0.0127,0.1522,0.0000,0.0000,0
110.472,2,2142,-0.00688,0.00829,-0.0223,-0.0011,-0.03029,0.04495,0.00246,1,1,0.015,0.176,in_circle,0.0127,0.1522,0.0000,0.0000,0
110.515,2,2143,-0.00653,0.00825,0.0083,-0.0008,-0.03239,0.04247,0.00259,1,1,0.100,0.151,in_circle,0.0127,0.1522,0.0000,0.0000,0
110.560,2,2144,-0.00633,0.00863,0.0044,0.0085,-0.03165,0.04371,0.00301,1,1,-0.024,0.150,in_circle,0.0127,0.1522,0.0000,0.0000,0
110.603,2,2145,-0.00663,0.00867,-0.0070,0.0010,-0.03151,0.04705,0.00292,1,1,-0.009,0.112,in_circle,0.0127,0.1522,0.0000,0.0000,0
110.649,2,2146,-0.00663,0.00832,0.0001,-0.0078,-0.03183,0.04404,0.00260,1,1,0.038,0.142,in_circle,0.0127,0.1522,0.0000,0.0000,0
110.691,2,2147,-0.00668,0.00824,-0.0011,-0.0018,-0.03129,0.04650,0.00251,1,1,0.010,0.178,in_circle,0.0127,0.1522,0.0000,0.0000,0
110.737,2,2148,-0.00675,0.00883,-0.0017,0.0125,-0.03112,0.04450,0.00301,1,1,0.014,0.154,in_circle,0.0127,0.1522,0.0000,0.0000,0
110.779,2,2149,-0.00583,0.00842,0.0221,-0.0097,-0.03185,0.04531,0.00312,1,1,0.017,0.095,in_circle,0.0127,0.1522,0.0000,0.0000,0
110.825,2,2150,-0.00648,0.00845,-0.0142,0.0007,-0.03213,0.04525,0.00278,1,1,-0.080,0.185,in_circle,0.0127,0.1522,0.0000,0.0000,0
110.868,2,2151,-0.00659,0.00874,-0.0024,0.0066,-0.03160,0.04502,0.00300,1,1,0.066,0.143,in_circle,0.0127,0.1522,0.0000,0.0000,0
110.912,2,2152,-0.00661,0.00826,-0.0007,-0.0111,-0.03296,0.04380,0.00255,1,1,0.019,0.119,in_circle,0.0127,0.1522,0.0000,0.0000,0
111.043,2,2153,-0.00606,0.00841,0.0042,0.0012,-0.03257,0.04359,0.00298,1,1,0.012,0.191,in_circle,0.0127,0.1522,0.0000,0.0000,0
111.088,2,2154,-0.00578,0.00855,0.0062,0.0032,-0.03310,0.04301,0.00326,1,1,-0.009,0.141,in_circle,0.0127,0.1522,0.0000,0.0000,0
111.131,2,2155,-0.00593,0.00861,-0.0034,0.0012,-0.03311,0.04440,0.00321,1,1,-0.017,0.133,in_circle,0.0127,0.1522,0.0000,0.0000,0
111.176,2,2156,-0.00610,0.00886,-0.0038,0.0056,-0.03268,0.04255,0.00333,1,1,0.022,0.141,in_circle,0.0127,0.1522,0.0000,0.0000,0
111.219,2,2157,-0.00644,0.00838,-0.0080,-0.0110,-0.03233,0.04286,0.00274,1,1,0.024,0.123,in_circle,0.0127,0.1522,0.0000,0.0000,0
111.264,2,2158,-0.00630,0.00817,0.0033,-0.0048,-0.03152,0.04513,0.00264,1,1,0.041,0.190,in_circle,0.0127,0.1522,0.0000,0.0000,0
111.308,2,2159,-0.00626,0.00829,0.0009,0.0029,-0.03074,0.04558,0.00277,1,1,-0.004,0.166,in_circle,0.0127,0.1522,0.0000,0.0000,0
111.352,2,2160,-0.00682,0.00861,-0.0127,0.0072,-0.03155,0.04458,0.00279,1,1,0.005,0.135,in_circle,0.0127,0.1522,0.0000,0.0000,0
111.396,2,2161,-0.00598,0.00853,0.0192,-0.0018,-0.03194,0.04609,0.00312,1,1,0.061,0.117,in_circle,0.0127,0.1522,0.0000,0.0000,0
111.440,2,2162,-0.00631,0.00851,-0.0076,-0.0005,-0.03156,0.04506,0.00292,1,1,-0.069,0.153,in_circle,0.0127,0.1522,0.0000,0.0000,0
111.484,2,2163,-0.00635,0.00875,-0.0010,0.0054,-0.03134,0.04543,0.00310,1,1,0.039,0.148,in_circle,0.0127,0.1522,0.0000,0.0000,0
111.528,2,2164,-0.00592,0.00857,0.0099,-0.0039,-0.03142,0.04395,0.00319,1,1,0.013,0.124,in_circle,0.0127,0.1522,0.0000,0.0000,0
111.571,2,2165,-0.00627,0.00841,-0.0080,-0.0039,-0.03047,0.04511,0.00285,1,1,-0.031,0.161,in_circle,0.0127,0.1522,0.0000,0.0000,0
111.616,2,2166,-0.00616,0.00841,0.0024,0.0002,-0.03120,0.04601,0.00292,1,1,0.041,0.162,in_circle,0.0127,0.1522,0.0000,0.0000,0
111.660,2,2167,-0.00661,0.00798,-0.0105,-0.0098,-0.03106,0.04452,0.00231,1,1,-0.001,0.145,in_circle,0.0127,0.1522,0.0000,0.0000,0
111.704,2,2168,-0.00595,0.00857,0.0153,0.0136,-0.03042,0.04683,0.00317,1,1,0.052,0.187,in_circle,0.0127,0.1522,0.0000,0.0000,0
111.748,2,2169,-0.00670,0.00839,-0.0168,-0.0040,-0.03172,0.04567,0.00263,1,1,-0.053,0.091,in_circle,0.0127,0.1522,0.0000,0.0000,0
111.791,2,2170,-0.00641,0.00835,0.0067,-0.0009,-0.03115,0.04823,0.00273,1,1,0.077,0.162,in_circle,0.0127,0.1522,0.0000,0.0000,0
111.836,2,2171,-0.00658,0.00816,-0.0038,-0.0041,-0.03044,0.04464,0.00248,1,1,-0.017,0.150,in_circle,0.0127,0.1522,0.0000,0.0000,0
111.879,2,2172,-0.00649,0.00849,0.0021,0.0076,-0.03193,0.04635,0.00281,1,1,0.025,0.163,in_circle,0.0127,0.1522,0.0000,0.0000,0
111.923,2,2173,-0.00653,0.00847,-0.0009,-0.0004,-0.03070,0.04612,0.00278,1,1,0.001,0.115,in_circle,0.0127,0.1522,0.0000,0.0000,0
111.969,2,2174,-0.00642,0.00819,0.0025,-0.0061,-0.03114,0.04575,0.00259,1,1,0.013,0.148,in_circle,0.0127,0.1522,0.0000,0.0000,0
112.011,2,2175,-0.00611,0.00832,0.0074,0.0030,-0.03137,0.04533,0.00287,1,1,-0.001,0.171,in_circle,0.0127,0.1522,0.0000,0.0000,0
112.057,2,2176,-0.00632,0.00871,-0.0046,0.0086,-0.03154,0.04712,0.00309,1,1,-0.021,0.134,in_circle,0.0127,0.1522,0.0000,0.0000,0
112.100,2,2177,-0.00611,0.00846,0.0050,-0.0059,-0.03177,0.04625,0.00299,1,1,0.027,0.111,in_circle,0.0127,0.1522,0.0000,0.0000,0
112.146,2,2178,-0.00659,0.00824,-0.0106,-0.0049,-0.03241,0.04583,0.00255,1,1,-0.012,0.170,in_circle,0.0127,0.1522,0.0000,0.0000,0
112.188,2,2179,-0.00633,0.00817,0.0062,-0.0017,-0.03199,0.04511,0.00262,1,1,0.052,0.166,in_circle,0.0127,0.1522,0.0000,0.0000,0
112.234,2,2180,-0.00688,0.00864,-0.0120,0.0103,-0.03173,0.04296,0.00280,1,1,-0.016,0.153,in_circle,0.0127,0.1522,0.0000,0.0000,0
112.276,2,2181,-0.00658,0.00825,0.0071,-0.0091,-0.03167,0.04737,0.00256,1,1,0.058,0.104,in_circle,0.0127,0.1522,0.0000,0.0000,0
112.321,2,2182,-0.00673,0.00858,-0.0034,0.0073,-0.03219,0.04460,0.00279,1,1,-0.019,0.183,in_circle,0.0127,0.1522,0.0000,0.0000,0
112.364,2,2183,-0.00692,0.00844,-0.0043,-0.0033,-0.03121,0.04579,0.00259,1,1,0.024,0.117,in_circle,0.0127,0.1522,0.0000,0.0000,0
112.410,2,2184,-0.00689,0.00834,0.0007,-0.0021,-0.03463,0.04563,0.00251,1,1,0.028,0.159,in_circle,0.0127,0.1522,0.0000,0.0000,0
112.451,2,2185,-0.00620,0.00875,0.0168,0.0099,-0.03191,0.04540,0.00318,1,1,0.008,0.155,in_circle,0.0127,0.1522,0.0000,0.0000,0
112.497,2,2186,-0.00675,0.00823,-0.0118,-0.0112,-0.03245,0.04410,0.00246,1,1,-0.059,0.105,in_circle,0.0127,0.1522,0.0000,0.0000,0
112.540,2,2187,-0.00661,0.00829,0.0032,0.0015,-0.03168,0.04531,0.00259,1,1,0.057,0.191,in_circle,0.0127,0.1522,0.0000,0.0000,0
112.585,2,2188,-0.00577,0.00855,0.0188,0.0059,-0.03151,0.04348,0.00326,1,1,-0.003,0.140,in_circle,0.0127,0.1522,0.0000,0.0000,0
112.629,2,2189,-0.00682,0.00845,-0.0237,-0.0024,-0.03311,0.04518,0.00264,1,1,-0.067,0.122,in_circle,0.0127,0.1522,0.0000,0.0000,0
112.671,2,2190,-0.00558,0.00811,0.0293,-0.0079,-0.03164,0.04337,0.00307,1,1,0.105,0.156,in_circle,0.0127,0.1522,0.0000,0.0000,0
112.717,2,2191,-0.00573,0.00875,-0.0034,0.0138,-0.03276,0.04333,0.00344,1,1,-0.110,0.179,in_circle,0.0127,0.1522,0.0000,0.0000,0
112.760,2,2192,-0.00734,0.00851,-0.0371,-0.0053,-0.03197,0.04546,0.00256,1,1,0.021,0.090,in_circle,0.0127,0.1522,0.0000,0.0000,0
112.804,2,2193,-0.00676,0.00872,0.0132,0.0047,-0.03305,0.04269,0.00291,1,1,0.160,0.167,in_circle,0.0127,0.1520,0.0000,0.0000,0
112.847,2,2194,-0.00646,0.00862,0.0070,-0.0022,-0.03122,0.03911,0.00295,1,1,-0.043,0.126,in_circle,0.0126,0.1519,0.0000,0.0000,0
112.892,2,2195,-0.00681,0.00821,-0.0079,-0.0092,-0.03239,0.04417,0.00242,1,1,-0.019,0.154,in_circle,0.0126,0.1518,0.0000,0.0000,0
112.935,2,2196,-0.00657,0.00844,0.0057,0.0052,-0.03108,0.04536,0.00273,1,1,0.042,0.183,in_circle,0.0125,0.1517,0.0000,0.0000,0
113.024,2,2197,-0.00557,0.00866,0.0112,0.0025,-0.03206,0.04398,0.00347,1,1,-0.014,0.124,in_circle,0.0124,0.1515,0.0000,0.0000,0
113.068,2,2198,-0.00646,0.00832,-0.0204,-0.0080,-0.03196,0.04428,0.00268,1,1,-0.038,0.135,in_circle,0.0123,0.1514,0.0000,0.0000,0
113.111,2,2199,-0.00627,0.00839,0.0045,0.0016,-0.03224,0.04440,0.00284,1,1,0.091,0.177,in_circle,0.0123,0.1513,0.0000,0.0000,0
113.157,2,2200,-0.00616,0.00839,0.0023,0.0001,-0.03189,0.04328,0.00290,1,1,-0.010,0.139,in_circle,0.0122,0.1512,0.0000,0.0000,0
113.200,2,2201,-0.00700,0.00832,-0.0190,-0.0015,-0.03125,0.04815,0.00246,1,1,-0.001,0.145,in_circle,0.0121,0.1511,0.0000,0.0000,0
113.244,2,2202,-0.00623,0.00869,0.0174,0.0083,-0.03129,0.04602,0.00311,1,1,0.086,0.151,in_circle,0.0121,0.1510,0.0000,0.0000,0
113.287,2,2203,-0.00675,0.00858,-0.0120,-0.0025,-0.03131,0.04898,0.00279,1,1,-0.062,0.111,in_circle,0.0120,0.1508,0.0000,0.0000,0
113.332,2,2204,-0.00605,0.00863,0.0155,0.0012,-0.03044,0.04798,0.00316,1,1,0.057,0.154,in_circle,0.0120,0.1507,0.0000,0.0000,0
113.376,2,2205,-0.00630,0.00832,-0.0056,-0.0071,-0.03138,0.04687,0.00276,1,1,-0.054,0.139,in_circle,0.0119,0.1506,0.0000,0.0000,0
113.420,2,2206,-0.00651,0.00832,-0.0048,-0.0001,-0.02991,0.04498,0.00265,1,1,0.030,0.173,in_circle,0.0118,0.1505,0.0000,0.0000,0
113.463,2,2207,-0.00618,0.00876,0.0078,0.0102,-0.03167,0.04450,0.00320,1,1,0.028,0.145,in_circle,0.0118,0.1504,0.0000,0.0000,0
113.508,2,2208,-0.00635,0.00853,-0.0040,-0.0051,-0.03123,0.04504,0.00291,1,1,-0.023,0.103,in_circle,0.0118,0.1504,0.0000,0.0000,0
113.551,2,2209,-0.00692,0.00850,-0.0132,-0.0007,-0.03223,0.04535,0.00265,1,1,0.024,0.165,in_circle,0.0118,0.1504,0.0000,0.0000,0
113.597,2,2210,-0.00603,0.00845,0.0198,-0.0010,-0.03105,0.04621,0.00302,1,1,0.063,0.147,in_circle,0.0118,0.1504,0.0000,0.0000,0
113.639,2,2211,-0.00652,0.00867,-0.0116,0.0052,-0.03169,0.04571,0.00296,1,1,-0.072,0.148,in_circle,0.0118,0.1504,0.0000,0.0000,0
113.685,2,2212,-0.00552,0.00874,0.0222,0.0014,-0.03111,0.04656,0.00356,1,1,0.055,0.123,in_circle,0.0118,0.1504,0.0000,0.0000,0
113.727,2,2213,-0.00674,0.00820,-0.0284,-0.0126,-0.03104,0.04428,0.00244,1,1,-0.083,0.138,in_circle,0.0118,0.1504,0.0000,0.0000,0
113.772,2,2214,-0.00668,0.00819,0.0012,-0.0002,-0.03157,0.04552,0.00245,1,1,0.123,0.195,in_circle,0.0118,0.1504,0.0000,0.0000,0
113.815,2,2215,-0.00657,0.00808,0.0026,-0.0025,-0.03156,0.04197,0.00241,1,1,0.004,0.146,in_circle,0.0118,0.1504,0.0000,0.0000,0
113.860,2,2216,-0.00621,0.00848,0.0079,0.0089,-0.03275,0.04324,0.00295,1,1,-0.002,0.155,in_circle,0.0118,0.1504,0.0000,0.0000,0
113.904,2,2217,-0.00677,0.00844,-0.0129,-0.0010,-0.03284,0.04634,0.00265,1,1,-0.024,0.109,in_circle,0.0118,0.1504,0.0000,0.0000,0
113.949,2,2218,-0.00644,0.00846,0.0073,0.0004,-0.03268,0.04255,0.00281,1,1,0.061,0.148,in_circle,0.0118,0.1504,0.0000,0.0000,0
114.001,2,2219,-0.00649,0.00823,-0.0010,-0.0044,-0.03097,0.04497,0.00258,1,1,-0.021,0.143,in_circle,0.0118,0.1504,0.0000,0.0000,0
114.036,2,2220,-0.00606,0.00826,0.0122,0.0011,-0.03123,0.04506,0.00286,1,1,0.012,0.163,in_circle,0.0118,0.1504,0.0000,0.0000,0
114.079,2,2221,-0.00671,0.00852,-0.0151,0.0060,-0.03204,0.04419,0.00275,1,1,-0.041,0.140,in_circle,0.0118,0.1504,0.0000,0.0000,0
114.124,2,2222,-0.00661,0.00853,0.0021,0.0001,-0.03222,0.04441,0.00279,1,1,0.070,0.120,in_circle,0.0118,0.1504,0.0000,0.0000,0
114.169,2,2223,-0.00663,0.00843,-0.0004,-0.0021,-0.03206,0.04398,0.00270,1,1,0.000,0.144,in_circle,0.0118,0.1504,0.0000,0.0000,0
114.211,2,2224,-0.00649,0.00800,0.0034,-0.0101,-0.03108,0.04561,0.00240,1,1,0.010,0.153,in_circle,0.0118,0.1504,0.0000,0.0000,0
114.256,2,2225,-0.00638,0.00821,0.0024,0.0045,-0.03170,0.04627,0.00262,1,1,-0.005,0.186,in_circle,0.0118,0.1504,0.0000,0.0000,0
114.300,2,2226,-0.00634,0.00803,0.0009,-0.0040,-0.03195,0.04478,0.00250,1,1,-0.001,0.127,in_circle,0.0118,0.1504,0.0000,0.0000,0
114.345,2,2227,-0.00644,0.00876,-0.0022,0.0161,-0.03224,0.04440,0.00307,1,1,0.004,0.161,in_circle,0.0118,0.1504,0.0000,0.0000,0
114.389,2,2228,-0.00666,0.00834,-0.0050,-0.0093,-0.03182,0.04405,0.00261,1,1,0.017,0.079,in_circle,0.0118,0.1504,0.0000,0.0000,0
114.432,2,2229,-0.00666,0.00849,-0.0000,0.0034,-0.03141,0.04502,0.00274,1,1,0.029,0.182,in_circle,0.0118,0.1504,0.0000,0.0000,0
114.476,2,2230,-0.00587,0.00802,0.0181,-0.0107,-0.02894,0.04616,0.00280,1,1,0.009,0.131,in_circle,0.0118,0.1504,0.0000,0.0000,0
114.521,2,2231,-0.00654,0.00808,-0.0152,0.0014,-0.03267,0.04382,0.00243,1,1,-0.065,0.188,in_circle,0.0118,0.1504,0.0000,0.0000,0
114.564,2,2232,-0.00626,0.00821,0.0066,0.0030,-0.03018,0.04595,0.00270,1,1,0.069,0.140,in_circle,0.0118,0.1504,0.0000,0.0000,0
114.608,2,2233,-0.00689,0.00834,-0.0146,0.0030,-0.03316,0.04375,0.00251,1,1,-0.018,0.133,in_circle,0.0118,0.1504,0.0000,0.0000,0
114.652,2,2234,-0.00628,0.00825,0.0138,-0.0020,-0.03093,0.04532,0.00272,1,1,0.068,0.133,in_circle,0.0118,0.1504,0.0000,0.0000,0
114.696,2,2235,-0.00636,0.00841,-0.0018,0.0035,-0.03209,0.04239,0.00281,1,1,-0.047,0.153,in_circle,0.0118,0.1504,0.0000,0.0000,0
114.739,2,2236,-0.00703,0.00829,-0.0153,-0.0026,-0.03132,0.04628,0.00242,1,1,0.015,0.130,in_circle,0.0118,0.1504,0.0000,0.0000,0
114.784,2,2237,-0.00694,0.00836,0.0020,0.0014,-0.03195,0.04304,0.00251,1,1,0.071,0.155,in_circle,0.0118,0.1504,0.0000,0.0000,0
114.827,2,2238,-0.00644,0.00827,0.0116,-0.0021,-0.03153,0.04416,0.00265,1,1,0.002,0.139,in_circle,0.0118,0.1504,0.0000,0.0000,0
114.872,2,2239,-0.00615,0.00838,0.0066,0.0025,-0.03172,0.04567,0.00290,1,1,-0.038,0.153,in_circle,0.0118,0.1504,0.0000,0.0000,0
114.915,2,2240,-0.00651,0.00825,-0.0083,-0.0030,-0.03165,0.04634,0.00259,1,1,-0.019,0.135,in_circle,0.0118,0.1504,0.0000,0.0000,0
114.960,2,2241,-0.00589,0.00887,0.0136,0.0140,-0.03184,0.04484,0.00345,1,1,0.042,0.157,in_circle,0.0118,0.1504,0.0000,0.0000,0
115.049,2,2242,-0.00651,0.00870,-0.0069,-0.0019,-0.03182,0.04666,0.00300,1,1,-0.048,0.087,in_circle,0.0118,0.1504,0.0000,0.0000,0
115.092,2,2243,-0.00663,0.00873,-0.0029,0.0005,-0.03157,0.04583,0.00296,1,1,0.036,0.151,in_circle,0.0118,0.1504,0.0000,0.0000,0
115.137,2,2244,-0.00643,0.00839,0.0046,-0.0074,-0.02953,0.04408,0.00276,1,1,0.020,0.142,in_circle,0.0118,0.1504,0.0000,0.0000,0
115.179,2,2245,-0.00589,0.00779,0.0128,-0.0144,-0.03102,0.04509,0.00262,1,1,-0.010,0.174,in_circle,0.0118,0.1504,0.0000,0.0000,0
115.224,2,2246,-0.00597,0.00837,-0.0018,0.0132,-0.03020,0.04481,0.00300,1,1,-0.044,0.204,in_circle,0.0118,0.1504,0.0000,0.0000,0
115.268,2,2247,-0.00702,0.00856,-0.0236,0.0042,-0.03347,0.04428,0.00268,1,1,0.014,0.092,in_circle,0.0118,0.1504,0.0000,0.0000,0
115.312,2,2248,-0.00563,0.00815,0.0318,-0.0094,-0.03316,0.04281,0.00306,1,1,0.104,0.127,in_circle,0.0118,0.1504,0.0000,0.0000,0
115.356,2,2249,-0.00650,0.00845,-0.0200,0.0069,-0.03100,0.04490,0.00277,1,1,-0.121,0.183,in_circle,0.0118,0.1504,0.0000,0.0000,0
115.400,2,2250,-0.00644,0.00888,0.0014,0.0097,-0.03165,0.04634,0.00319,1,1,0.088,0.117,in_circle,0.0118,0.1504,0.0000,0.0000,0
115.443,2,2251,-0.00639,0.00843,0.0013,-0.0105,-0.03263,0.04114,0.00281,1,1,0.003,0.105,in_circle,0.0118,0.1504,0.0000,0.0000,0
115.489,2,2252,-0.00641,0.00878,-0.0006,0.0078,-0.02979,0.04214,0.00311,1,1,0.003,0.187,in_circle,0.0118,0.1504,0.0000,0.0000,0
115.532,2,2253,-0.00584,0.00842,0.0133,-0.0086,-0.03164,0.04440,0.00311,1,1,0.011,0.112,in_circle,0.0118,0.1504,0.0000,0.0000,0
115.577,2,2254,-0.00588,0.00819,-0.0008,-0.0051,-0.03128,0.04353,0.00291,1,1,-0.046,0.179,in_circle,0.0118,0.1504,0.0000,0.0000,0
115.621,2,2255,-0.00668,0.00824,-0.0183,0.0013,-0.03052,0.04445,0.00251,1,1,0.010,0.165,in_circle,0.0118,0.1504,0.0000,0.0000,0
115.664,2,2256,-0.00625,0.00871,0.0098,0.0107,-0.03276,0.04228,0.00312,1,1,0.082,0.140,in_circle,0.0118,0.1504,0.0000,0.0000,0
115.708,2,2257,-0.00633,0.00870,-0.0019,-0.0003,-0.03173,0.04274,0.00307,1,1,-0.031,0.101,in_circle,0.0118,0.1504,0.0000,0.0000,0
115.753,2,2258,-0.00692,0.00850,-0.0131,-0.0043,-0.03166,0.04632,0.00265,1,1,0.016,0.145,in_circle,0.0118,0.1504,0.0000,0.0000,0
115.795,2,2259,-0.00599,0.00858,0.0222,0.0017,-0.03024,0.04466,0.00315,1,1,0.062,0.161,in_circle,0.0118,0.1504,0.0000,0.0000,0
115.840,2,2260,-0.00658,0.00863,-0.0130,0.0011,-0.03134,0.04554,0.00290,1,1,-0.081,0.137,in_circle,0.0118,0.1504,0.0000,0.0000,0
115.883,2,2261,-0.00578,0.00850,0.0186,-0.0030,-0.03138,0.04687,0.00321,1,1,0.061,0.139,in_circle,0.0118,0.1504,0.0000,0.0000,0
115.928,2,2262,-0.00582,0.00831,-0.0011,-0.0042,-0.03044,0.04443,0.00304,1,1,-0.068,0.156,in_circle,0.0118,0.1504,0.0000,0.0000,0
115.971,2,2263,-0.00629,0.00811,-0.0108,-0.0046,-0.03070,0.04540,0.00259,1,1,0.011,0.162,in_circle,0.0118,0.1504,0.0000,0.0000,0
116.015,2,2264,-0.00672,0.00826,-0.0099,0.0035,-0.03104,0.04497,0.00250,1,1,0.051,0.163,in_circle,0.0118,0.1504,0.0000,0.0000,0
116.060,2,2265,-0.00623,0.00865,0.0108,0.0086,-0.03229,0.04345,0.00308,1,1,0.049,0.131,in_circle,0.0118,0.1504,0.0000,0.0000,0
116.103,2,2266,-0.00644,0.00850,-0.0047,-0.0035,-0.03035,0.04578,0.00285,1,1,-0.035,0.109,in_circle,0.0118,0.1504,0.0000,0.0000,0
116.148,2,2267,-0.00655,0.00852,-0.0024,0.0004,-0.03151,0.04587,0.00281,1,1,0.027,0.158,in_circle,0.0118,0.1504,0.0000,0.0000,0
116.193,2,2268,-0.00643,0.00819,0.0026,-0.0074,-0.03165,0.04634,0.00258,1,1,0.018,0.143,in_circle,0.0118,0.1504,0.0000,0.0000,0
116.236,2,2269,-0.00639,0.00865,0.0010,0.0105,-0.03173,0.04589,0.00300,1,1,-0.002,0.174,in_circle,0.0118,0.1504,0.0000,0.0000,0
116.280,2,2270,-0.00670,0.00850,-0.0072,-0.0033,-0.03168,0.04401,0.00273,1,1,0.004,0.102,in_circle,0.0118,0.1504,0.0000,0.0000,0
116.325,2,2271,-0.00671,0.00839,-0.0001,-0.0026,-0.03124,0.04757,0.00263,1,1,0.038,0.157,in_circle,0.0118,0.1504,0.0000,0.0000,0
116.369,2,2272,-0.00654,0.00850,0.0037,0.0025,-0.03112,0.04668,0.00280,1,1,0.010,0.155,in_circle,0.0118,0.1504,0.0000,0.0000,0
116.412,2,2273,-0.00588,0.00805,0.0155,-0.0104,-0.03156,0.04482,0.00281,1,1,-0.006,0.134,in_circle,0.0118,0.1504,0.0000,0.0000,0
116.455,2,2274,-0.00687,0.00836,-0.0231,0.0072,-0.03120,0.04650,0.00254,1,1,-0.055,0.187,in_circle,0.0118,0.1504,0.0000,0.0000,0
116.500,2,2275,-0.00583,0.00837,0.0231,0.0002,-0.03138,0.04422,0.00308,1,1,0.102,0.116,in_circle,0.0118,0.1504,0.0000,0.0000,0
116.544,2,2276,-0.00628,0.00872,-0.0103,0.0080,-0.03274,0.04431,0.00311,1,1,-0.085,0.144,in_circle,0.0118,0.1504,0.0000,0.0000,0
116.589,2,2277,-0.00642,0.00862,-0.0031,-0.0020,-0.03127,0.04553,0.00296,1,1,0.049,0.112,in_circle,0.0118,0.1504,0.0000,0.0000,0
116.633,2,2278,-0.00710,0.00788,-0.0153,-0.0169,-0.03338,0.04425,0.00200,1,1,0.021,0.152,in_circle,0.0118,0.1504,0.0000,0.0000,0
116.676,2,2279,-0.00671,0.00804,0.0089,0.0037,-0.03212,0.04525,0.00231,1,1,0.071,0.213,in_circle,0.0118,0.1504,0.0000,0.0000,0
116.721,2,2280,-0.00700,0.00848,-0.0065,0.0101,-0.03219,0.04433,0.00261,1,1,-0.026,0.131,in_circle,0.0118,0.1504,0.0000,0.0000,0
116.763,2,2281,-0.00660,0.00883,0.0094,0.0082,-0.03518,0.04532,0.00308,1,1,0.036,0.104,in_circle,0.0118,0.1504,0.0000,0.0000,0
116.808,2,2282,-0.00632,0.00870,0.0064,-0.0030,-0.03206,0.04648,0.00308,1,1,-0.029,0.111,in_circle,0.0118,0.1504,0.0000,0.0000,0
116.851,2,2283,-0.00633,0.00821,-0.0002,-0.0113,-0.03125,0.04622,0.00266,1,1,-0.017,0.156,in_circle,0.0118,0.1504,0.0000,0.0000,0
116.897,2,2284,-0.00617,0.00797,0.0034,-0.0053,-0.03256,0.04465,0.00256,1,1,0.009,0.190,in_circle,0.0118,0.1504,0.0000,0.0000,0
116.940,2,2285,-0.00640,0.00820,-0.0054,0.0054,-0.03133,0.04382,0.00261,1,1,-0.006,0.167,in_circle,0.0118,0.1504,0.0000,0.0000,0
116.984,2,2286,-0.00650,0.00843,-0.0022,0.0052,-0.03277,0.04330,0.00276,1,1,0.030,0.123,in_circle,0.0118,0.1504,0.0000,0.0000,0
117.073,2,2287,-0.00670,0.00818,-0.0023,-0.0029,-0.03159,0.04418,0.00244,1,1,0.018,0.124,in_circle,0.0118,0.1504,0.0000,0.0000,0
117.116,2,2288,-0.00666,0.00813,0.0010,-0.0012,-0.03149,0.04456,0.00241,1,1,0.018,0.157,in_circle,0.0118,0.1504,0.0000,0.0000,0
117.160,2,2289,-0.00666,0.00802,0.0000,-0.0023,-0.03003,0.04603,0.00232,1,1,0.005,0.150,in_circle,0.0118,0.1504,0.0000,0.0000,0
117.204,2,2290,-0.00636,0.00823,0.0068,0.0048,-0.03160,0.04502,0.00266,1,1,0.009,0.155,in_circle,0.0118,0.1504,0.0000,0.0000,0
117.249,2,2291,-0.00675,0.00793,-0.0089,-0.0066,-0.03166,0.04362,0.00220,1,1,-0.019,0.126,in_circle,0.0118,0.1504,0.0000,0.0000,0
117.291,2,2292,-0.00584,0.00846,0.0215,0.0123,-0.03131,0.04444,0.00315,1,1,0.045,0.172,in_circle,0.0118,0.1504,0.0000,0.0000,0
117.337,2,2293,-0.00660,0.00875,-0.0167,0.0065,-0.03048,0.04349,0.00300,1,1,-0.079,0.095,in_circle,0.0118,0.1504,0.0000,0.0000,0
117.380,2,2294,-0.00668,0.00869,-0.0019,-0.0016,-0.03063,0.04494,0.00291,1,1,0.076,0.118,in_circle,0.0118,0.1504,0.0000,0.0000,0
117.425,2,2295,-0.00668,0.00785,-0.0000,-0.0189,-0.02877,0.04346,0.00216,1,1,0.017,0.150,in_circle,0.0118,0.1504,0.0000,0.0000,0
117.467,2,2296,-0.00672,0.00807,-0.0008,0.0051,-0.03082,0.04441,0.00233,1,1,0.009,0.221,in_circle,0.0118,0.1504,0.0000,0.0000,0
117.513,2,2297,-0.00654,0.00805,0.0040,-0.0005,-0.02954,0.04694,0.00240,1,1,0.012,0.125,in_circle,0.0118,0.1504,0.0000,0.0000,0
117.556,2,2298,-0.00672,0.00810,-0.0042,0.0012,-0.03399,0.04474,0.00236,1,1,-0.008,0.147,in_circle,0.0118,0.1504,0.0000,0.0000,0
117.600,2,2299,-0.00694,0.00833,-0.0051,0.0052,-0.03190,0.04337,0.00248,1,1,0.026,0.140,in_circle,0.0118,0.1504,0.0000,0.0000,0
117.644,2,2300,-0.00691,0.00836,0.0009,0.0006,-0.03200,0.04230,0.00252,1,1,0.030,0.124,in_circle,0.0118,0.1504,0.0000,0.0000,0
117.687,2,2301,-0.00686,0.00818,0.0011,-0.0040,-0.03190,0.04490,0.00238,1,1,0.006,0.142,in_circle,0.0118,0.1504,0.0000,0.0000,0
117.733,2,2302,-0.00570,0.00822,0.0255,0.0007,-0.03265,0.04488,0.00306,1,1,0.005,0.161,in_circle,0.0118,0.1504,0.0000,0.0000,0
117.776,2,2303,-0.00663,0.00846,-0.0219,0.0056,-0.03238,0.04466,0.00272,1,1,-0.095,0.142,in_circle,0.0118,0.1504,0.0000,0.0000,0
117.821,2,2304,-0.00576,0.00822,0.0192,-0.0053,-0.03262,0.04412,0.00301,1,1,0.096,0.122,in_circle,0.0118,0.1504,0.0000,0.0000,0
117.863,2,2305,-0.00659,0.00850,-0.0195,0.0068,-0.03224,0.04306,0.00278,1,1,-0.070,0.166,in_circle,0.0118,0.1504,0.0000,0.0000,0
117.909,2,2306,-0.00603,0.00843,0.0122,-0.0016,-0.03088,0.04375,0.00300,1,1,0.087,0.117,in_circle,0.0118,0.1504,0.0000,0.0000,0
117.953,2,2307,-0.00638,0.00817,-0.0079,-0.0059,-0.03109,0.04559,0.00259,1,1,-0.041,0.151,in_circle,0.0118,0.1504,0.0000,0.0000,0
117.996,2,2308,-0.00648,0.00816,-0.0023,-0.0001,-0.03155,0.04496,0.00253,1,1,0.040,0.169,in_circle,0.0118,0.1504,0.0000,0.0000,0
118.046,2,2309,-0.00648,0.00816,0.0000,0.0000,-0.03079,0.04603,0.00253,0,0,0.018,0.146,in_circle,0.0118,0.1504,0.0000,0.0000,0
118.087,2,2310,-0.00637,0.00853,0.0026,0.0088,-0.02978,0.04464,0.00290,1,1,0.008,0.145,in_circle,0.0117,0.1503,0.0000,0.0000,0
118.128,2,2311,-0.00625,0.00820,0.0029,-0.0079,-0.03020,0.04530,0.00269,1,1,-0.002,0.109,in_circle,0.0117,0.1503,0.0000,0.0000,0
118.172,2,2312,-0.00675,0.00848,-0.0113,0.0065,-0.03076,0.04471,0.00270,1,1,-0.004,0.176,in_circle,0.0117,0.1503,0.0000,0.0000,0
118.217,2,2313,-0.00591,0.00812,0.0189,-0.0082,-0.03133,0.04458,0.00284,1,1,0.054,0.118,in_circle,0.0117,0.1503,0.0000,0.0000,0
118.260,2,2314,-0.00627,0.00905,-0.0084,0.0217,-0.03074,0.04503,0.00342,1,1,-0.068,0.178,in_circle,0.0117,0.1503,0.0000,0.0000,0
118.304,2,2315,-0.00588,0.00768,0.0088,-0.0312,-0.03133,0.04556,0.00255,1,1,0.041,0.056,in_circle,0.0117,0.1503,0.0000,0.0000,0
118.349,2,2316,-0.00605,0.00865,-0.0038,0.0215,-0.03183,0.04416,0.00317,1,1,-0.028,0.271,in_circle,0.0117,0.1503,0.0000,0.0000,0
118.394,2,2317,-0.00651,0.00855,-0.0102,-0.0021,-0.02668,0.04561,0.00286,1,1,0.023,0.058,in_circle,0.0117,0.1503,0.0000,0.0000,0
118.437,2,2318,-0.00566,0.00778,0.0198,-0.0182,-0.03786,0.04428,0.00278,1,1,0.049,0.152,in_circle,0.0117,0.1503,0.0000,0.0000,0
118.479,2,2319,-0.00644,0.00860,-0.0182,0.0193,-0.03081,0.04495,0.00294,1,1,-0.073,0.219,in_circle,0.0117,0.1503,0.0000,0.0000,0
118.523,2,2320,-0.00615,0.00887,0.0068,0.0060,-0.02853,0.04520,0.00331,1,1,0.081,0.067,in_circle,0.0117,0.1503,0.0000,0.0000,0
118.569,2,2321,-0.00658,0.00821,-0.0095,-0.0145,-0.03625,0.04476,0.00252,1,1,-0.019,0.119,in_circle,0.0117,0.1503,0.0000,0.0000,0
118.612,2,2322,-0.00637,0.00847,0.0049,0.0061,-0.02730,0.04491,0.00285,1,1,0.047,0.203,in_circle,0.0117,0.1503,0.0000,0.0000,0
118.657,2,2323,-0.00635,0.00792,0.0004,-0.0123,-0.02790,0.04478,0.00241,1,1,-0.011,0.120,in_circle,0.0117,0.1503,0.0000,0.0000,0
118.699,2,2324,-0.00618,0.00834,0.0038,0.0098,-0.03369,0.04435,0.00284,1,1,0.006,0.195,in_circle,0.0117,0.1503,0.0000,0.0000,0
118.745,2,2325,-0.00655,0.00803,-0.0080,-0.0068,-0.03188,0.04601,0.00238,1,1,-0.008,0.105,in_circle,0.0117,0.1503,0.0000,0.0000,0
118.788,2,2326,-0.00705,0.00859,-0.0116,0.0129,-0.03384,0.04638,0.00270,1,1,0.041,0.172,in_circle,0.0117,0.1503,0.0000,0.0000,0
118.833,2,2327,-0.00657,0.00870,0.0108,0.0023,-0.03203,0.04452,0.00296,1,1,0.056,0.092,in_circle,0.0117,0.1503,0.0000,0.0000,0
118.876,2,2328,-0.00668,0.00809,-0.0025,-0.0142,-0.03250,0.04490,0.00237,1,1,-0.035,0.134,in_circle,0.0117,0.1503,0.0000,0.0000,0
118.927,2,2329,-0.00668,0.00809,0.0000,0.0000,-0.03012,0.04553,0.00237,0,0,0.019,0.202,in_circle,0.0117,0.1503,0.0000,0.0000,0
118.966,2,2330,-0.00594,0.00806,0.0190,-0.0006,-0.03092,0.04348,0.00278,1,1,0.009,0.145,in_circle,0.0117,0.1502,0.0000,0.0000,0
119.009,2,2331,-0.00659,0.00860,-0.0153,0.0125,-0.03333,0.04553,0.00287,1,1,-0.069,0.147,in_circle,0.0117,0.1502,0.0000,0.0000,0
119.096,2,2332,-0.00598,0.00827,0.0071,-0.0038,-0.03353,0.04243,0.00291,1,1,0.070,0.094,in_circle,0.0117,0.1502,0.0000,0.0000,0
119.139,2,2333,-0.00631,0.00847,-0.0079,0.0046,-0.03305,0.04367,0.00288,1,1,-0.021,0.160,in_circle,0.0117,0.1502,0.0000,0.0000,0
119.184,2,2334,-0.00687,0.00847,-0.0123,0.0000,-0.03125,0.04622,0.00264,1,1,0.039,0.125,in_circle,0.0117,0.1502,0.0000,0.0000,0
119.235,2,2335,-0.00687,0.00847,0.0000,0.0000,-0.03176,0.04538,0.00264,0,0,0.058,0.144,in_circle,0.0117,0.1502,0.0000,0.0000,0
119.274,2,2336,-0.00632,0.00833,0.0143,-0.0037,-0.03102,0.04742,0.00276,1,1,0.009,0.144,in_circle,0.0116,0.1501,0.0000,0.0000,0
119.317,2,2337,-0.00689,0.00856,-0.0135,0.0054,-0.03050,0.04570,0.00272,1,1,-0.049,0.159,in_circle,0.0116,0.1501,0.0000,0.0000,0
119.369,2,2338,-0.00689,0.00856,0.0000,0.0000,-0.03062,0.04555,0.00272,0,0,0.063,0.122,in_circle,0.0116,0.1501,0.0000,0.0000,0
119.451,2,2339,-0.00684,0.00859,0.0007,0.0003,-0.03085,0.04629,0.00276,1,1,0.009,0.144,in_circle,0.0116,0.1499,0.0000,0.0000,0
119.492,2,2340,-0.00661,0.00859,0.0056,0.0000,-0.02986,0.04495,0.00285,1,1,0.007,0.142,in_circle,0.0116,0.1499,0.0000,0.0000,0
119.537,2,2341,-0.00698,0.00837,-0.0081,-0.0050,-0.03029,0.04512,0.00251,1,1,-0.014,0.143,in_circle,0.0116,0.1499,0.0000,0.0000,0
119.580,2,2342,-0.00635,0.00876,0.0147,0.0092,-0.03109,0.04568,0.00312,1,1,0.042,0.164,in_circle,0.0116,0.1499,0.0000,0.0000,0
119.624,2,2343,-0.00652,0.00823,-0.0039,-0.0118,-0.03108,0.04545,0.00257,1,1,-0.051,0.106,in_circle,0.0116,0.1499,0.0000,0.0000,0
119.669,2,2344,-0.00638,0.00809,0.0033,-0.0032,-0.02996,0.04670,0.00253,1,1,0.024,0.192,in_circle,0.0116,0.1499,0.0000,0.0000,0
119.712,2,2345,-0.00615,0.00842,0.0053,0.0075,-0.03165,0.04634,0.00293,1,1,-0.005,0.158,in_circle,0.0116,0.1499,0.0000,0.0000,0
119.755,2,2346,-0.00596,0.00851,0.0045,0.0023,-0.03294,0.04440,0.00312,1,1,-0.014,0.114,in_circle,0.0116,0.1499,0.0000,0.0000,0
119.800,2,2347,-0.00609,0.00883,-0.0031,0.0071,-0.03202,0.04460,0.00331,1,1,-0.011,0.135,in_circle,0.0116,0.1499,0.0000,0.0000,0
119.844,2,2348,-0.00622,0.00874,-0.0028,-0.0021,-0.03150,0.04419,0.00316,1,1,0.020,0.115,in_circle,0.0116,0.1499,0.0000,0.0000,0
119.889,2,2349,-0.00683,0.00795,-0.0138,-0.0177,-0.03155,0.04519,0.00218,1,1,0.019,0.151,in_circle,0.0116,0.1499,0.0000,0.0000,0
119.932,2,2350,-0.00683,0.00859,-0.0000,0.0147,-0.03136,0.04508,0.00277,1,1,0.064,0.216,in_circle,0.0116,0.1499,0.0000,0.0000,0
119.977,2,2351,-0.00695,0.00806,-0.0028,-0.0119,-0.03236,0.04480,0.00222,1,1,0.009,0.085,in_circle,0.0116,0.1499,0.0000,0.0000,0
120.021,2,2352,-0.00641,0.00872,0.0124,0.0152,-0.03323,0.04461,0.00305,1,1,0.020,0.193,in_circle,0.0116,0.1499,0.0000,0.0000,0
120.065,2,2353,-0.00658,0.00889,-0.0038,0.0039,-0.02987,0.04569,0.00314,1,1,-0.042,0.083,in_circle,0.0116,0.1499,0.0000,0.0000,0
120.108,2,2354,-0.00648,0.00885,0.0023,-0.0009,-0.03184,0.04484,0.00314,1,1,0.024,0.127,in_circle,0.0116,0.1499,0.0000,0.0000,0
120.153,2,2355,-0.00639,0.00843,0.0021,-0.0095,-0.02988,0.04562,0.00281,1,1,-0.001,0.146,in_circle,0.0116,0.1499,0.0000,0.0000,0
120.197,2,2356,-0.00668,0.00800,-0.0067,-0.0096,-0.03081,0.04492,0.00229,1,1,-0.001,0.182,in_circle,0.0116,0.1499,0.0000,0.0000,0
120.240,2,2357,-0.00690,0.00822,-0.0051,0.0051,-0.03015,0.04462,0.00240,1,1,0.035,0.183,in_circle,0.0116,0.1499,0.0000,0.0000,0
120.284,2,2358,-0.00581,0.00868,0.0246,0.0103,-0.03138,0.04557,0.00334,1,1,0.030,0.124,in_circle,0.0116,0.1499,0.0000,0.0000,0
120.330,2,2359,-0.00574,0.00860,0.0014,-0.0017,-0.03171,0.04487,0.00332,1,1,-0.092,0.102,in_circle,0.0116,0.1499,0.0000,0.0000,0
120.372,2,2360,-0.00648,0.00807,-0.0174,-0.0124,-0.03262,0.04412,0.00245,1,1,0.001,0.150,in_circle,0.0116,0.1499,0.0000,0.0000,0
120.416,2,2361,-0.00635,0.00828,0.0031,0.0049,-0.03190,0.04173,0.00271,1,1,0.078,0.194,in_circle,0.0116,0.1499,0.0000,0.0000,0
120.460,2,2362,-0.00644,0.00833,-0.0022,0.0012,-0.03259,0.04149,0.00270,1,1,-0.005,0.125,in_circle,0.0116,0.1499,0.0000,0.0000,0
120.503,2,2363,-0.00663,0.00819,-0.0044,-0.0034,-0.03302,0.04405,0.00248,1,1,0.017,0.139,in_circle,0.0116,0.1499,0.0000,0.0000,0
120.548,2,2364,-0.00606,0.00827,0.0126,0.0017,-0.03153,0.04441,0.00286,1,1,0.026,0.158,in_circle,0.0116,0.1499,0.0000,0.0000,0
120.592,2,2365,-0.00661,0.00814,-0.0126,-0.0029,-0.03277,0.04330,0.00245,1,1,-0.043,0.138,in_circle,0.0116,0.1499,0.0000,0.0000,0
120.643,2,2366,-0.00661,0.00814,0.0000,0.0000,-0.03233,0.04280,0.00245,0,0,0.059,0.156,in_circle,0.0116,0.1499,0.0000,0.0000,0
120.682,2,2367,-0.00625,0.00832,0.0094,0.0048,-0.03239,0.04237,0.00279,1,1,0.009,0.144,in_circle,0.0115,0.1498,0.0000,0.0000,0
120.724,2,2368,-0.00679,0.00885,-0.0129,0.0124,-0.03222,0.04644,0.00302,1,1,-0.030,0.125,in_circle,0.0115,0.1498,0.0000,0.0000,0
120.769,2,2369,-0.00689,0.00857,-0.0020,-0.0062,-0.03151,0.04629,0.00273,1,1,0.061,0.093,in_circle,0.0115,0.1498,0.0000,0.0000,0
120.813,2,2370,-0.00576,0.00843,0.0252,-0.0031,-0.03108,0.04536,0.00317,1,1,0.017,0.168,in_circle,0.0115,0.1498,0.0000,0.0000,0
120.856,2,2371,-0.00619,0.00831,-0.0100,-0.0028,-0.02779,0.04649,0.00282,1,1,-0.094,0.156,in_circle,0.0115,0.1498,0.0000,0.0000,0
120.900,2,2372,-0.00663,0.00844,-0.0100,0.0029,-0.03049,0.04696,0.00271,1,1,0.047,0.155,in_circle,0.0115,0.1498,0.0000,0.0000,0
120.944,2,2373,-0.00662,0.00773,0.0004,-0.0162,-0.03053,0.04479,0.00210,1,1,0.049,0.132,in_circle,0.0115,0.1498,0.0000,0.0000,0
120.988,2,2374,-0.00640,0.00835,0.0048,0.0141,-0.03077,0.04675,0.00274,1,1,0.007,0.210,in_circle,0.0115,0.1498,0.0000,0.0000,0
121.032,2,2375,-0.00637,0.00818,0.0009,-0.0039,-0.03037,0.04651,0.00261,1,1,-0.011,0.088,in_circle,0.0115,0.1498,0.0000,0.0000,0
121.120,2,2376,-0.00668,0.00854,-0.0035,0.0041,-0.02983,0.04495,0.00278,1,1,0.004,0.160,in_circle,0.0115,0.1498,0.0000,0.0000,0
121.165,2,2377,-0.00596,0.00786,0.0161,-0.0153,-0.03138,0.04687,0.00262,1,1,0.023,0.127,in_circle,0.0115,0.1498,0.0000,0.0000,0
121.208,2,2378,-0.00696,0.00778,-0.0227,-0.0018,-0.03208,0.04591,0.00197,1,1,-0.057,0.206,in_circle,0.0115,0.1498,0.0000,0.0000,0
121.253,2,2379,-0.00684,0.00878,0.0027,0.0225,-0.03099,0.04478,0.00295,1,1,0.100,0.153,in_circle,0.0115,0.1498,0.0000,0.0000,0
121.296,2,2380,-0.00613,0.00890,0.0164,0.0028,-0.03394,0.04419,0.00335,1,1,-0.002,0.053,in_circle,0.0115,0.1498,0.0000,0.0000,0
121.340,2,2381,-0.00607,0.00882,0.0013,-0.0020,-0.03296,0.04487,0.00330,1,1,-0.058,0.132,in_circle,0.0115,0.1498,0.0000,0.0000,0
121.385,2,2382,-0.00661,0.00804,-0.0122,-0.0176,-0.02726,0.04459,0.00236,1,1,0.002,0.151,in_circle,0.0115,0.1498,0.0000,0.0000,0
121.428,2,2383,-0.00613,0.00855,0.0109,0.0117,-0.03058,0.04371,0.00304,1,1,0.057,0.215,in_circle,0.0115,0.1498,0.0000,0.0000,0
121.472,2,2384,-0.00593,0.00874,0.0047,0.0045,-0.03143,0.04219,0.00332,1,1,-0.036,0.097,in_circle,0.0115,0.1498,0.0000,0.0000,0
121.516,2,2385,-0.00635,0.00881,-0.0096,0.0016,-0.03469,0.04434,0.00317,1,1,-0.012,0.125,in_circle,0.0115,0.1498,0.0000,0.0000,0
121.559,2,2386,-0.00604,0.00854,0.0071,-0.0064,-0.03278,0.04207,0.00309,1,1,0.046,0.136,in_circle,0.0115,0.1498,0.0000,0.0000,0
121.605,2,2387,-0.00625,0.00825,-0.0045,-0.0062,-0.03242,0.04172,0.00274,1,1,-0.021,0.169,in_circle,0.0115,0.1498,0.0000,0.0000,0
121.649,2,2388,-0.00647,0.00881,-0.0050,0.0126,-0.03227,0.04374,0.00311,1,1,0.026,0.169,in_circle,0.0115,0.1498,0.0000,0.0000,0
121.692,2,2389,-0.00683,0.00840,-0.0083,-0.0094,-0.03209,0.04304,0.00259,1,1,0.028,0.093,in_circle,0.0115,0.1498,0.0000,0.0000,0
121.735,2,2390,-0.00648,0.00854,0.0082,0.0033,-0.03208,0.04587,0.00286,1,1,0.042,0.181,in_circle,0.0115,0.1498,0.0000,0.0000,0
121.780,2,2391,-0.00598,0.00817,0.0111,-0.0082,-0.03061,0.04621,0.00283,1,1,-0.025,0.130,in_circle,0.0115,0.1498,0.0000,0.0000,0
121.824,2,2392,-0.00565,0.00798,0.0074,-0.0042,-0.03200,0.04230,0.00292,1,1,-0.037,0.177,in_circle,0.0115,0.1498,0.0000,0.0000,0
121.868,2,2393,-0.00569,0.00870,-0.0008,0.0164,-0.03140,0.04452,0.00343,1,1,-0.024,0.162,in_circle,0.0115,0.1498,0.0000,0.0000,0
121.912,2,2394,-0.00630,0.00838,-0.0141,-0.0074,-0.03316,0.04373,0.00281,1,1,0.010,0.078,in_circle,0.0115,0.1498,0.0000,0.0000,0
121.957,2,2395,-0.00601,0.00847,0.0065,0.0018,-0.03169,0.04571,0.00305,1,1,0.064,0.173,in_circle,0.0115,0.1498,0.0000,0.0000,0
122.000,2,2396,-0.00678,0.00836,-0.0179,-0.0025,-0.03001,0.04463,0.00257,1,1,-0.019,0.136,in_circle,0.0115,0.1498,0.0000,0.0000,0
122.044,2,2397,-0.00676,0.00819,0.0006,-0.0037,-0.03123,0.04506,0.00243,1,1,0.080,0.154,in_circle,0.0115,0.1498,0.0000,0.0000,0
122.088,2,2398,-0.00631,0.00827,0.0102,0.0017,-0.03182,0.04459,0.00271,1,1,0.006,0.159,in_circle,0.0115,0.1498,0.0000,0.0000,0
122.134,2,2399,-0.00561,0.00833,0.0153,0.0015,-0.03136,0.04700,0.00320,1,1,-0.033,0.137,in_circle,0.0115,0.1498,0.0000,0.0000,0
122.175,2,2400,-0.00712,0.00830,-0.0360,-0.0008,-0.03066,0.04751,0.00240,1,1,-0.055,0.138,in_circle,0.0115,0.1498,0.0000,0.0000,0
122.220,2,2401,-0.00710,0.00817,0.0004,-0.0028,-0.03160,0.04502,0.00228,1,1,0.154,0.147,in_circle,0.0115,0.1497,0.0000,0.0000,0
122.264,2,2402,-0.00675,0.00804,0.0079,-0.0031,-0.03213,0.04525,0.00229,1,1,0.008,0.156,in_circle,0.0115,0.1496,0.0000,0.0000,0
122.309,2,2403,-0.00660,0.00843,0.0034,0.0088,-0.03014,0.04776,0.00271,1,1,-0.023,0.157,in_circle,0.0114,0.1496,0.0000,0.0000,0
122.352,2,2404,-0.00629,0.00856,0.0072,0.0030,-0.02865,0.05126,0.00297,1,1,-0.005,0.108,in_circle,0.0114,0.1494,0.0000,0.0000,0
122.397,2,2405,-0.00647,0.00856,-0.0041,0.0001,-0.03000,0.04776,0.00289,1,1,-0.021,0.131,in_circle,0.0113,0.1493,0.0000,0.0000,0
122.440,2,2406,-0.00599,0.00860,0.0109,0.0010,-0.03085,0.04792,0.00317,1,1,0.024,0.142,in_circle,0.0112,0.1492,0.0000,0.0000,0
122.484,2,2407,-0.00635,0.00849,-0.0083,-0.0027,-0.02959,0.04666,0.00288,1,1,-0.037,0.139,in_circle,0.0112,0.1491,0.0000,0.0000,0
122.529,2,2408,-0.00675,0.00806,-0.0088,-0.0093,-0.03123,0.04682,0.00231,1,1,0.041,0.154,in_circle,0.0111,0.1490,0.0000,0.0000,0
122.572,2,2409,-0.00629,0.00847,0.0107,0.0095,-0.03138,0.04696,0.00289,1,1,0.043,0.181,in_circle,0.0110,0.1489,0.0000,0.0000,0
122.624,2,2410,-0.00629,0.00847,0.0000,0.0000,-0.03248,0.04350,0.00289,0,0,-0.036,0.105,in_circle,0.0110,0.1488,0.0000,0.0000,0
122.661,2,2411,-0.00651,0.00814,-0.0058,-0.0089,-0.03349,0.04444,0.00250,1,1,0.007,0.143,in_circle,0.0109,0.1487,0.0000,0.0000,0
122.706,2,2412,-0.00653,0.00822,-0.0005,0.0018,-0.03301,0.04311,0.00256,1,1,0.031,0.179,in_circle,0.0109,0.1486,0.0000,0.0000,0
122.748,2,2413,-0.00663,0.00829,-0.0024,0.0018,-0.03331,0.04272,0.00258,1,1,0.010,0.136,in_circle,0.0108,0.1485,0.0000,0.0000,0
122.793,2,2414,-0.00640,0.00856,0.0050,0.0059,-0.03354,0.04413,0.00292,1,1,0.017,0.135,in_circle,0.0107,0.1484,0.0000,0.0000,0
122.836,2,2415,-0.00629,0.00850,0.0024,-0.0015,-0.03360,0.04238,0.00292,1,1,-0.013,0.118,in_circle,0.0107,0.1483,0.0000,0.0000,0
122.881,2,2416,-0.00632,0.00883,-0.0005,0.0075,-0.03344,0.04358,0.00319,1,1,-0.003,0.148,in_circle,0.0107,0.1483,0.0000,0.0000,0
122.924,2,2417,-0.00646,0.00820,-0.0035,-0.0147,-0.03253,0.04363,0.00257,1,1,0.009,0.111,in_circle,0.0107,0.1483,0.0000,0.0000,0
122.968,2,2418,-0.00546,0.00848,0.0227,0.0062,-0.03217,0.04367,0.00340,1,1,0.021,0.202,in_circle,0.0107,0.1483,0.0000,0.0000,0
123.013,2,2419,-0.00657,0.00874,-0.0244,0.0057,-0.03144,0.04325,0.00300,1,1,-0.086,0.117,in_circle,0.0107,0.1483,0.0000,0.0000,0
123.056,2,2420,-0.00638,0.00796,0.0046,-0.0182,-0.03327,0.04352,0.00242,1,1,0.105,0.118,in_circle,0.0107,0.1483,0.0000,0.0000,0
123.144,2,2421,-0.00660,0.00827,-0.0026,0.0035,-0.03145,0.04620,0.00256,1,1,-0.011,0.216,in_circle,0.0107,0.1483,0.0000,0.0000,0
123.189,2,2422,-0.00666,0.00851,-0.0012,0.0053,-0.02852,0.04746,0.00275,1,1,0.018,0.128,in_circle,0.0107,0.1483,0.0000,0.0000,0
123.232,2,2423,-0.00641,0.00805,0.0058,-0.0105,-0.03213,0.04719,0.00248,1,1,0.013,0.121,in_circle,0.0107,0.1483,0.0000,0.0000,0
123.278,2,2424,-0.00569,0.00873,0.0156,0.0147,-0.03051,0.04622,0.00345,1,1,-0.016,0.185,in_circle,0.0107,0.1483,0.0000,0.0000,0
123.321,2,2425,-0.00664,0.00839,-0.0224,-0.0080,-0.03142,0.04681,0.00266,1,1,-0.057,0.082,in_circle,0.0107,0.1483,0.0000,0.0000,0
123.365,2,2426,-0.00673,0.00827,-0.0019,-0.0026,-0.03150,0.04419,0.00251,1,1,0.097,0.174,in_circle,0.0107,0.1483,0.0000,0.0000,0
123.409,2,2427,-0.00647,0.00858,0.0058,0.0069,-0.02891,0.04384,0.00290,1,1,0.016,0.153,in_circle,0.0107,0.1483,0.0000,0.0000,0
123.452,2,2428,-0.00681,0.00848,-0.0078,-0.0022,-0.03269,0.04236,0.00267,1,1,-0.016,0.114,in_circle,0.0107,0.1483,0.0000,0.0000,0
123.497,2,2429,-0.00629,0.00873,0.0118,0.0056,-0.03143,0.04432,0.00312,1,1,0.039,0.151,in_circle,0.0107,0.1483,0.0000,0.0000,0
123.539,2,2430,-0.00609,0.00876,0.0045,0.0006,-0.03150,0.04092,0.00324,1,1,-0.040,0.119,in_circle,0.0107,0.1483,0.0000,0.0000,0
123.585,2,2431,-0.00581,0.00830,0.0062,-0.0100,-0.03147,0.04338,0.00304,1,1,-0.012,0.139,in_circle,0.0107,0.1483,0.0000,0.0000,0
123.628,2,2432,-0.00613,0.00823,-0.0076,-0.0017,-0.03202,0.04146,0.00278,1,1,-0.019,0.183,in_circle,0.0107,0.1483,0.0000,0.0000,0
123.673,2,2433,-0.00658,0.00845,-0.0099,0.0049,-0.03042,0.04351,0.00274,1,1,0.037,0.150,in_circle,0.0107,0.1483,0.0000,0.0000,0
123.723,2,2434,-0.00658,0.00845,0.0000,0.0000,-0.03299,0.04139,0.00274,0,0,0.047,0.123,in_circle,0.0107,0.1483,0.0000,0.0000,0
123.763,2,2435,-0.00669,0.00821,-0.0028,-0.0060,-0.03162,0.04476,0.00247,1,1,0.008,0.142,in_circle,0.0106,0.1482,0.0000,0.0000,0
123.804,2,2436,-0.00606,0.00799,0.0154,-0.0053,-0.03117,0.04298,0.00264,1,1,0.019,0.166,in_circle,0.0106,0.1482,0.0000,0.0000,0
123.848,2,2437,-0.00632,0.00901,-0.0057,0.0228,-0.03188,0.04338,0.00336,1,1,-0.055,0.165,in_circle,0.0106,0.1482,0.0000,0.0000,0
123.893,2,2438,-0.00609,0.00837,0.0051,-0.0146,-0.03262,0.04412,0.00292,1,1,0.030,0.049,in_circle,0.0106,0.1482,0.0000,0.0000,0
123.936,2,2439,-0.00698,0.00815,-0.0203,-0.0051,-0.03061,0.04382,0.00230,1,1,-0.014,0.200,in_circle,0.0106,0.1482,0.0000,0.0000,0
123.981,2,2440,-0.00659,0.00784,0.0085,-0.0068,-0.02700,0.04506,0.00220,1,1,0.090,0.163,in_circle,0.0106,0.1482,0.0000,0.0000,0
124.025,2,2441,-0.00650,0.00843,0.0022,0.0135,-0.03217,0.04445,0.00276,1,1,-0.026,0.171,in_circle,0.0106,0.1482,0.0000,0.0000,0
124.068,2,2442,-0.00635,0.00839,0.0033,-0.0010,-0.02974,0.04623,0.00279,1,1,-0.001,0.088,in_circle,0.0106,0.1482,0.0000,0.0000,0
124.113,2,2443,-0.00585,0.00822,0.0112,-0.0039,-0.03097,0.04497,0.00295,1,1,-0.006,0.146,in_circle,0.0106,0.1482,0.0000,0.0000,0
124.157,2,2444,-0.00654,0.00867,-0.0157,0.0103,-0.03077,0.04611,0.00295,1,1,-0.039,0.158,in_circle,0.0106,0.1482,0.0000,0.0000,0
124.202,2,2445,-0.00673,0.00824,-0.0041,-0.0097,-0.03172,0.04665,0.00249,1,1,0.070,0.100,in_circle,0.0106,0.1482,0.0000,0.0000,0
124.244,2,2446,-0.00603,0.00874,0.0163,0.0118,-0.03065,0.04368,0.00326,1,1,0.024,0.181,in_circle,0.0106,0.1482,0.0000,0.0000,0
124.296,2,2447,-0.00603,0.00874,0.0000,0.0000,-0.03123,0.04689,0.00326,0,0,-0.059,0.094,in_circle,0.0106,0.1482,0.0000,0.0000,0
124.379,2,2448,-0.00644,0.00794,-0.0049,-0.0097,-0.02985,0.04412,0.00237,1,1,0.006,0.141,in_circle,0.0105,0.1480,0.0000,0.0000,0
124.420,2,2449,-0.00670,0.00816,-0.0065,0.0054,-0.03207,0.04333,0.00242,1,1,0.027,0.182,in_circle,0.0105,0.1480,0.0000,0.0000,0
124.465,2,2450,-0.00655,0.00811,0.0033,-0.0012,-0.03089,0.04397,0.00245,1,1,0.034,0.121,in_circle,0.0105,0.1480,0.0000,0.0000,0
124.509,2,2451,-0.00651,0.00870,0.0009,0.0134,-0.03242,0.04415,0.00299,1,1,-0.006,0.148,in_circle,0.0105,0.1480,0.0000,0.0000,0
124.552,2,2452,-0.00686,0.00798,-0.0080,-0.0167,-0.03179,0.04478,0.00219,1,1,0.004,0.088,in_circle,0.0105,0.1480,0.0000,0.0000,0
124.596,2,2453,-0.00688,0.00824,-0.0005,0.0060,-0.03089,0.04567,0.00242,1,1,0.040,0.210,in_circle,0.0105,0.1480,0.0000,0.0000,0
124.641,2,2454,-0.00657,0.00872,0.0071,0.0106,-0.03059,0.04589,0.00298,1,1,0.010,0.118,in_circle,0.0105,0.1480,0.0000,0.0000,0
124.685,2,2455,-0.00679,0.00854,-0.0051,-0.0040,-0.03340,0.04454,0.00273,1,1,-0.021,0.099,in_circle,0.0105,0.1480,0.0000,0.0000,0
124.728,2,2456,-0.00649,0.00821,0.0069,-0.0076,-0.03184,0.04605,0.00257,1,1,0.028,0.158,in_circle,0.0105,0.1480,0.0000,0.0000,0
124.772,2,2457,-0.00595,0.00808,0.0126,-0.0030,-0.03081,0.04573,0.00279,1,1,-0.020,0.173,in_circle,0.0105,0.1480,0.0000,0.0000,0
124.817,2,2458,-0.00662,0.00853,-0.0147,0.0098,-0.03141,0.04625,0.00279,1,1,-0.045,0.155,in_circle,0.0105,0.1480,0.0000,0.0000,0
124.861,2,2459,-0.00633,0.00828,0.0065,-0.0056,-0.03195,0.04455,0.00271,1,1,0.066,0.103,in_circle,0.0105,0.1480,0.0000,0.0000,0
124.905,2,2460,-0.00678,0.00775,-0.0101,-0.0121,-0.03124,0.04593,0.00203,1,1,-0.019,0.165,in_circle,0.0105,0.1480,0.0000,0.0000,0
124.948,2,2461,-0.00665,0.00794,0.0030,0.0043,-0.02991,0.04624,0.00225,1,1,0.048,0.192,in_circle,0.0105,0.1480,0.0000,0.0000,0
125.000,2,2462,-0.00665,0.00794,0.0000,0.0000,-0.03152,0.04359,0.00225,0,0,-0.004,0.126,in_circle,0.0105,0.1480,0.0000,0.0000,0
125.082,2,2463,-0.00629,0.00845,0.0043,0.0063,-0.03164,0.04416,0.00288,1,1,0.008,0.143,in_circle,0.0105,0.1479,0.0000,0.0000,0
125.170,2,2464,-0.00652,0.00821,-0.0027,-0.0028,-0.03223,0.04420,0.00255,1,1,-0.011,0.117,in_circle,0.0105,0.1479,0.0000,0.0000,0
125.213,2,2465,-0.00664,0.00826,-0.0028,0.0011,-0.03228,0.04355,0.00254,1,1,0.018,0.153,in_circle,0.0105,0.1479,0.0000,0.0000,0
125.257,2,2466,-0.00643,0.00893,0.0049,0.0152,-0.03242,0.04296,0.00324,1,1,0.019,0.138,in_circle,0.0105,0.1479,0.0000,0.0000,0
125.300,2,2467,-0.00581,0.00855,0.0144,-0.0089,-0.03232,0.04357,0.00323,1,1,-0.012,0.080,in_circle,0.0105,0.1479,0.0000,0.0000,0
125.344,2,2468,-0.00657,0.00866,-0.0172,0.0025,-0.03193,0.04538,0.00293,1,1,-0.052,0.177,in_circle,0.0105,0.1479,0.0000,0.0000,0
125.388,2,2469,-0.00660,0.00864,-0.0005,-0.0004,-0.02898,0.04391,0.00290,1,1,0.076,0.131,in_circle,0.0105,0.1479,0.0000,0.0000,0
125.433,2,2470,-0.00655,0.00875,0.0011,0.0024,-0.03195,0.04524,0.00302,1,1,0.009,0.143,in_circle,0.0105,0.1479,0.0000,0.0000,0
125.477,2,2471,-0.00656,0.00810,-0.0004,-0.0148,-0.03123,0.04682,0.00243,1,1,0.003,0.131,in_circle,0.0105,0.1479,0.0000,0.0000,0
125.522,2,2472,-0.00627,0.00838,0.0064,0.0063,-0.03134,0.04570,0.00283,1,1,0.009,0.202,in_circle,0.0105,0.1479,0.0000,0.0000,0
125.564,2,2473,-0.00656,0.00830,-0.0067,-0.0020,-0.03109,0.04519,0.00261,1,1,-0.019,0.117,in_circle,0.0105,0.1479,0.0000,0.0000,0
125.610,2,2474,-0.00662,0.00846,-0.0015,0.0036,-0.03291,0.04601,0.00273,1,1,0.034,0.150,in_circle,0.0105,0.1479,0.0000,0.0000,0
125.652,2,2475,-0.00656,0.00837,0.0015,-0.0021,-0.03164,0.04440,0.00268,1,1,0.014,0.128,in_circle,0.0105,0.1479,0.0000,0.0000,0
125.697,2,2476,-0.00665,0.00825,-0.0020,-0.0027,-0.03189,0.04615,0.00253,1,1,0.001,0.150,in_circle,0.0105,0.1479,0.0000,0.0000,0
125.741,2,2477,-0.00683,0.00847,-0.0042,0.0051,-0.02958,0.04545,0.00265,1,1,0.015,0.153,in_circle,0.0105,0.1479,0.0000,0.0000,0
125.785,2,2478,-0.00676,0.00838,0.0016,-0.0022,-0.03152,0.04359,0.00259,1,1,0.025,0.121,in_circle,0.0105,0.1479,0.0000,0.0000,0
125.828,2,2479,-0.00672,0.00818,0.0010,-0.0044,-0.03160,0.04398,0.00244,1,1,0.002,0.151,in_circle,0.0105,0.1479,0.0000,0.0000,0
125.873,2,2480,-0.00714,0.00817,-0.0095,-0.0003,-0.03103,0.04496,0.00227,1,1,0.004,0.160,in_circle,0.0105,0.1479,0.0000,0.0000,0
125.916,2,2481,-0.00631,0.00853,0.0194,0.0085,-0.03141,0.04625,0.00294,1,1,0.047,0.144,in_circle,0.0105,0.1479,0.0000,0.0000,0
125.961,2,2482,-0.00704,0.00815,-0.0160,-0.0085,-0.03079,0.04673,0.00228,1,1,-0.071,0.108,in_circle,0.0105,0.1479,0.0000,0.0000,0
126.004,2,2483,-0.00659,0.00817,0.0103,0.0006,-0.03165,0.04634,0.00249,1,1,0.073,0.177,in_circle,0.0105,0.1479,0.0000,0.0000,0
126.049,2,2484,-0.00626,0.00801,0.0073,-0.0036,-0.03147,0.04563,0.00253,1,1,-0.034,0.140,in_circle,0.0105,0.1479,0.0000,0.0000,0
126.093,2,2485,-0.00644,0.00835,-0.0041,0.0078,-0.03069,0.04471,0.00271,1,1,-0.023,0.157,in_circle,0.0105,0.1479,0.0000,0.0000,0
126.136,2,2486,-0.00654,0.00850,-0.0024,0.0034,-0.03119,0.04452,0.00280,1,1,0.023,0.111,in_circle,0.0105,0.1479,0.0000,0.0000,0
126.180,2,2487,-0.00634,0.00861,0.0045,0.0026,-0.03127,0.04459,0.00299,1,1,0.017,0.128,in_circle,0.0105,0.1479,0.0000,0.0000,0
126.225,2,2488,-0.00677,0.00852,-0.0098,-0.0020,-0.03132,0.04510,0.00272,1,1,-0.011,0.131,in_circle,0.0105,0.1479,0.0000,0.0000,0
126.269,2,2489,-0.00664,0.00835,0.0030,-0.0040,-0.03108,0.04272,0.00262,1,1,0.047,0.150,in_circle,0.0105,0.1479,0.0000,0.0000,0
126.313,2,2490,-0.00638,0.00850,0.0059,0.0036,-0.03257,0.04344,0.00288,1,1,-0.004,0.158,in_circle,0.0105,0.1479,0.0000,0.0000,0
126.356,2,2491,-0.00642,0.00800,-0.0008,-0.0116,-0.03179,0.04435,0.00243,1,1,-0.017,0.127,in_circle,0.0105,0.1479,0.0000,0.0000,0
126.401,2,2492,-0.00656,0.00828,-0.0032,0.0063,-0.03206,0.04465,0.00259,1,1,0.010,0.189,in_circle,0.0105,0.1479,0.0000,0.0000,0
126.445,2,2493,-0.00582,0.00813,0.0169,-0.0034,-0.03153,0.04544,0.00291,1,1,0.020,0.117,in_circle,0.0105,0.1479,0.0000,0.0000,0
126.489,2,2494,-0.00629,0.00848,-0.0108,0.0081,-0.03181,0.04437,0.00291,1,1,-0.062,0.156,in_circle,0.0105,0.1479,0.0000,0.0000,0
126.533,2,2495,-0.00675,0.00878,-0.0104,0.0067,-0.03066,0.04338,0.00297,1,1,0.050,0.109,in_circle,0.0105,0.1479,0.0000,0.0000,0
126.577,2,2496,-0.00625,0.00807,0.0113,-0.0160,-0.03138,0.04203,0.00259,1,1,0.049,0.114,in_circle,0.0105,0.1479,0.0000,0.0000,0
126.621,2,2497,-0.00638,0.00823,-0.0031,0.0036,-0.03070,0.04362,0.00264,1,1,-0.039,0.207,in_circle,0.0105,0.1479,0.0000,0.0000,0
126.666,2,2498,-0.00586,0.00848,0.0116,0.0055,-0.03125,0.04622,0.00315,1,1,0.019,0.128,in_circle,0.0105,0.1479,0.0000,0.0000,0
126.708,2,2499,-0.00684,0.00844,-0.0231,-0.0008,-0.03311,0.04440,0.00263,1,1,-0.041,0.120,in_circle,0.0105,0.1479,0.0000,0.0000,0
126.753,2,2500,-0.00559,0.00816,0.0282,-0.0065,-0.03166,0.04308,0.00308,1,1,0.101,0.145,in_circle,0.0105,0.1479,0.0000,0.0000,0
126.796,2,2501,-0.00626,0.00853,-0.0153,0.0086,-0.03197,0.04452,0.00296,1,1,-0.108,0.169,in_circle,0.0105,0.1479,0.0000,0.0000,0
126.842,2,2502,-0.00606,0.00849,0.0045,-0.0010,-0.03112,0.04668,0.00304,1,1,0.068,0.107,in_circle,0.0105,0.1479,0.0000,0.0000,0
126.884,2,2503,-0.00648,0.00852,-0.0100,0.0009,-0.03110,0.04423,0.00285,1,1,-0.012,0.146,in_circle,0.0105,0.1479,0.0000,0.0000,0
126.929,2,2504,-0.00615,0.00842,0.0074,-0.0024,-0.03091,0.04270,0.00293,1,1,0.047,0.138,in_circle,0.0105,0.1479,0.0000,0.0000,0
126.973,2,2505,-0.00653,0.00797,-0.0089,-0.0102,-0.03023,0.04537,0.00234,1,1,-0.023,0.152,in_circle,0.0105,0.1479,0.0000,0.0000,0
127.018,2,2506,-0.00626,0.00817,0.0062,0.0043,-0.03018,0.04387,0.00266,1,1,0.043,0.184,in_circle,0.0105,0.1479,0.0000,0.0000,0
127.060,2,2507,-0.00652,0.00821,-0.0062,0.0011,-0.03080,0.04481,0.00256,1,1,-0.018,0.125,in_circle,0.0105,0.1479,0.0000,0.0000,0
127.104,2,2508,-0.00568,0.00874,0.0190,0.0118,-0.03186,0.04604,0.00346,1,1,0.032,0.138,in_circle,0.0105,0.1479,0.0000,0.0000,0
127.193,2,2509,-0.00672,0.00862,-0.0117,-0.0013,-0.03165,0.04634,0.00284,1,1,-0.071,0.094,in_circle,0.0105,0.1479,0.0000,0.0000,0
127.236,2,2510,-0.00588,0.00857,0.0199,-0.0012,-0.03124,0.04323,0.00321,1,1,0.054,0.147,in_circle,0.0105,0.1479,0.0000,0.0000,0
127.281,2,2511,-0.00606,0.00810,-0.0041,-0.0103,-0.03020,0.04613,0.00273,1,1,-0.074,0.146,in_circle,0.0105,0.1479,0.0000,0.0000,0
127.332,2,2512,-0.00606,0.00810,0.0000,0.0000,-0.03012,0.04544,0.00273,0,0,0.023,0.184,in_circle,0.0105,0.1479,0.0000,0.0000,0
127.371,2,2513,-0.00670,0.00804,-0.0163,-0.0017,-0.03022,0.04340,0.00232,1,1,0.006,0.143,in_circle,0.0104,0.1478,0.0000,0.0000,0
127.412,2,2514,-0.00625,0.00843,0.0109,0.0096,-0.03344,0.04253,0.00288,1,1,0.073,0.149,in_circle,0.0104,0.1478,0.0000,0.0000,0
127.457,2,2515,-0.00617,0.00867,0.0018,0.0055,-0.03235,0.04232,0.00313,1,1,-0.037,0.103,in_circle,0.0104,0.1478,0.0000,0.0000,0
127.500,2,2516,-0.00661,0.00830,-0.0104,-0.0088,-0.03189,0.04615,0.00259,1,1,-0.001,0.119,in_circle,0.0104,0.1478,0.0000,0.0000,0
127.545,2,2517,-0.00617,0.00852,0.0096,0.0047,-0.02994,0.04341,0.00300,1,1,0.049,0.177,in_circle,0.0104,0.1478,0.0000,0.0000,0
127.588,2,2518,-0.00694,0.00871,-0.0180,0.0047,-0.03153,0.04513,0.00285,1,1,-0.032,0.123,in_circle,0.0104,0.1478,0.0000,0.0000,0
127.634,2,2519,-0.00675,0.00796,0.0041,-0.0162,-0.03184,0.04484,0.00223,1,1,0.080,0.122,in_circle,0.0104,0.1478,0.0000,0.0000,0
127.676,2,2520,-0.00596,0.00894,0.0189,0.0233,-0.03070,0.04422,0.00347,1,1,-0.009,0.208,in_circle,0.0104,0.1478,0.0000,0.0000,0
127.721,2,2521,-0.00661,0.00823,-0.0144,-0.0156,-0.03137,0.04675,0.00253,1,1,-0.070,0.047,in_circle,0.0104,0.1478,0.0000,0.0000,0
127.764,2,2522,-0.00683,0.00856,-0.0052,0.0078,-0.03161,0.04413,0.00274,1,1,0.065,0.205,in_circle,0.0104,0.1478,0.0000,0.0000,0
127.809,2,2523,-0.00586,0.00889,0.0216,0.0073,-0.02580,0.04233,0.00348,1,1,0.029,0.110,in_circle,0.0104,0.1478,0.0000,0.0000,0
127.852,2,2524,-0.00653,0.00857,-0.0153,-0.0072,-0.03164,0.04440,0.00287,1,1,-0.081,0.112,in_circle,0.0104,0.1478,0.0000,0.0000,0
127.897,2,2525,-0.00613,0.00853,0.0087,-0.0009,-0.02993,0.04570,0.00303,1,1,0.069,0.170,in_circle,0.0104,0.1478,0.0000,0.0000,0
127.940,2,2526,-0.00591,0.00852,0.0054,-0.0003,-0.03174,0.04366,0.00315,1,1,-0.029,0.145,in_circle,0.0104,0.1478,0.0000,0.0000,0
127.985,2,2527,-0.00668,0.00847,-0.0170,-0.0011,-0.03133,0.04556,0.00271,1,1,-0.016,0.143,in_circle,0.0104,0.1478,0.0000,0.0000,0
128.028,2,2528,-0.00680,0.00863,-0.0029,0.0038,-0.03138,0.04687,0.00281,1,1,0.076,0.146,in_circle,0.0104,0.1478,0.0000,0.0000,0
128.073,2,2529,-0.00640,0.00872,0.0091,0.0019,-0.03182,0.04405,0.00306,1,1,0.019,0.126,in_circle,0.0104,0.1478,0.0000,0.0000,0
128.117,2,2530,-0.00602,0.00875,0.0085,0.0008,-0.03102,0.04742,0.00328,1,1,-0.029,0.133,in_circle,0.0104,0.1478,0.0000,0.0000,0
128.162,2,2531,-0.00620,0.00841,-0.0040,-0.0077,-0.03102,0.04870,0.00290,1,1,-0.028,0.138,in_circle,0.0104,0.1478,0.0000,0.0000,0
128.205,2,2532,-0.00641,0.00829,-0.0049,-0.0027,-0.03144,0.04595,0.00268,1,1,0.022,0.172,in_circle,0.0104,0.1478,0.0000,0.0000,0
128.249,2,2533,-0.00591,0.00847,0.0113,0.0039,-0.03191,0.04540,0.00311,1,1,0.027,0.153,in_circle,0.0104,0.1478,0.0000,0.0000,0
128.293,2,2534,-0.00669,0.00867,-0.0177,0.0048,-0.03165,0.04634,0.00290,1,1,-0.040,0.126,in_circle,0.0104,0.1478,0.0000,0.0000,0
128.338,2,2535,-0.00636,0.00817,0.0072,-0.0113,-0.03221,0.04424,0.00260,1,1,0.078,0.122,in_circle,0.0104,0.1478,0.0000,0.0000,0
128.381,2,2536,-0.00663,0.00825,-0.0064,0.0020,-0.03086,0.04475,0.00253,1,1,-0.022,0.187,in_circle,0.0104,0.1478,0.0000,0.0000,0
128.425,2,2537,-0.00645,0.00851,0.0040,0.0057,-0.03076,0.04715,0.00285,1,1,0.033,0.134,in_circle,0.0104,0.1478,0.0000,0.0000,0
128.468,2,2538,-0.00642,0.00849,0.0007,-0.0003,-0.03224,0.04368,0.00285,1,1,-0.009,0.119,in_circle,0.0104,0.1478,0.0000,0.0000,0
128.512,2,2539,-0.00658,0.00833,-0.0035,-0.0036,-0.03097,0.04497,0.00263,1,1,0.004,0.143,in_circle,0.0104,0.1478,0.0000,0.0000,0
128.557,2,2540,-0.00684,0.00858,-0.0059,0.0056,-0.03179,0.04374,0.00275,1,1,0.021,0.156,in_circle,0.0104,0.1478,0.0000,0.0000,0
128.601,2,2541,-0.00589,0.00841,0.0215,-0.0038,-0.03125,0.04444,0.00308,1,1,0.032,0.119,in_circle,0.0104,0.1478,0.0000,0.0000,0
128.645,2,2542,-0.00627,0.00827,-0.0086,-0.0033,-0.03098,0.04585,0.00274,1,1,-0.080,0.157,in_circle,0.0104,0.1478,0.0000,0.0000,0
128.689,2,2543,-0.00557,0.00888,0.0156,0.0137,-0.03125,0.04444,0.00364,1,1,0.041,0.155,in_circle,0.0104,0.1478,0.0000,0.0000,0
128.733,2,2544,-0.00681,0.00816,-0.0284,-0.0165,-0.03161,0.04486,0.00238,1,1,-0.058,0.086,in_circle,0.0104,0.1478,0.0000,0.0000,0
128.777,2,2545,-0.00643,0.00846,0.0084,0.0066,-0.03160,0.04502,0.00281,1,1,0.122,0.208,in_circle,0.0104,0.1478,0.0000,0.0000,0
128.821,2,2546,-0.00652,0.00828,-0.0019,-0.0042,-0.03128,0.04265,0.00261,1,1,-0.026,0.115,in_circle,0.0104,0.1478,0.0000,0.0000,0
128.865,2,2547,-0.00636,0.00854,0.0035,0.0061,-0.03370,0.04446,0.00292,1,1,0.015,0.159,in_circle,0.0104,0.1478,0.0000,0.0000,0
128.916,2,2548,-0.00636,0.00854,0.0000,0.0000,-0.03151,0.04629,0.00292,0,0,-0.007,0.117,in_circle,0.0104,0.1478,0.0000,0.0000,0
128.953,2,2549,-0.00672,0.00851,-0.0097,-0.0009,-0.03251,0.04202,0.00273,1,1,0.007,0.141,in_circle,0.0103,0.1477,0.0000,0.0000,0
128.997,2,2550,-0.00661,0.00849,0.0027,-0.0003,-0.03079,0.04603,0.00277,1,1,0.046,0.145,in_circle,0.0103,0.1477,0.0000,0.0000,0
129.040,2,2551,-0.00624,0.00855,0.0085,0.0013,-0.03124,0.04593,0.00299,1,1,-0.004,0.143,in_circle,0.0103,0.1477,0.0000,0.0000,0
129.085,2,2552,-0.00671,0.00848,-0.0106,-0.0015,-0.03123,0.04506,0.00271,1,1,-0.028,0.136,in_circle,0.0103,0.1477,0.0000,0.0000,0
129.128,2,2553,-0.00707,0.00815,-0.0085,-0.0078,-0.03175,0.04486,0.00227,1,1,0.050,0.147,in_circle,0.0103,0.1477,0.0000,0.0000,0
129.217,2,2554,-0.00631,0.00820,0.0085,0.0006,-0.03112,0.04668,0.00265,1,1,0.042,0.174,in_circle,0.0103,0.1477,0.0000,0.0000,0
129.262,2,2555,-0.00613,0.00852,0.0042,0.0072,-0.03043,0.04576,0.00302,1,1,-0.027,0.140,in_circle,0.0103,0.1477,0.0000,0.0000,0
129.305,2,2556,-0.00647,0.00838,-0.0079,-0.0033,-0.03125,0.04444,0.00272,1,1,-0.011,0.113,in_circle,0.0103,0.1477,0.0000,0.0000,0
129.349,2,2557,-0.00606,0.00866,0.0093,0.0065,-0.03105,0.04384,0.00318,1,1,0.039,0.155,in_circle,0.0103,0.1477,0.0000,0.0000,0
129.393,2,2558,-0.00652,0.00873,-0.0106,0.0015,-0.02996,0.04548,0.00301,1,1,-0.031,0.115,in_circle,0.0103,0.1477,0.0000,0.0000,0
129.437,2,2559,-0.00647,0.00842,0.0012,-0.0070,-0.03173,0.04560,0.00276,1,1,0.050,0.135,in_circle,0.0103,0.1477,0.0000,0.0000,0
129.480,2,2560,-0.00649,0.00811,-0.0005,-0.0072,-0.03178,0.04450,0.00248,1,1,0.002,0.169,in_circle,0.0103,0.1477,0.0000,0.0000,0
129.525,2,2561,-0.00647,0.00839,0.0005,0.0062,-0.03045,0.04571,0.00273,1,1,0.009,0.171,in_circle,0.0103,0.1477,0.0000,0.0000,0
129.569,2,2562,-0.00678,0.00862,-0.0069,0.0051,-0.03131,0.04528,0.00281,1,1,0.005,0.117,in_circle,0.0103,0.1477,0.0000,0.0000,0
129.613,2,2563,-0.00689,0.00816,-0.0024,-0.0107,-0.03011,0.04588,0.00234,1,1,0.035,0.121,in_circle,0.0103,0.1477,0.0000,0.0000,0
129.656,2,2564,-0.00654,0.00863,0.0080,0.0110,-0.03144,0.04420,0.00292,1,1,0.018,0.185,in_circle,0.0103,0.1477,0.0000,0.0000,0
129.701,2,2565,-0.00655,0.00834,-0.0003,-0.0066,-0.03162,0.04461,0.00265,1,1,-0.025,0.097,in_circle,0.0103,0.1477,0.0000,0.0000,0
129.745,2,2566,-0.00712,0.00843,-0.0128,0.0020,-0.03233,0.04496,0.00252,1,1,0.008,0.168,in_circle,0.0103,0.1477,0.0000,0.0000,0
129.789,2,2567,-0.00619,0.00858,0.0208,0.0033,-0.03131,0.04317,0.00304,1,1,0.060,0.134,in_circle,0.0103,0.1477,0.0000,0.0000,0
129.832,2,2568,-0.00676,0.00829,-0.0134,-0.0068,-0.03214,0.04522,0.00251,1,1,-0.077,0.128,in_circle,0.0103,0.1477,0.0000,0.0000,0
129.877,2,2569,-0.00657,0.00844,0.0043,0.0035,-0.03165,0.04634,0.00274,1,1,0.061,0.169,in_circle,0.0103,0.1477,0.0000,0.0000,0
129.927,2,2570,-0.00657,0.00844,0.0000,0.0000,-0.03167,0.04108,0.00274,0,0,-0.010,0.128,in_circle,0.0103,0.1477,0.0000,0.0000,0
130.011,2,2571,-0.00613,0.00829,0.0051,-0.0018,-0.03136,0.04490,0.00283,1,1,0.007,0.141,in_circle,0.0102,0.1476,0.0000,0.0000,0
130.052,2,2572,-0.00650,0.00808,-0.0089,-0.0053,-0.03309,0.04254,0.00245,1,1,-0.015,0.149,in_circle,0.0102,0.1476,0.0000,0.0000,0
130.098,2,2573,-0.00668,0.00870,-0.0040,0.0136,-0.03095,0.04266,0.00292,1,1,0.043,0.164,in_circle,0.0102,0.1476,0.0000,0.0000,0
130.142,2,2574,-0.00657,0.00834,0.0025,-0.0082,-0.03199,0.04400,0.00264,1,1,0.024,0.086,in_circle,0.0102,0.1476,0.0000,0.0000,0
130.185,2,2575,-0.00658,0.00867,-0.0002,0.0076,-0.03104,0.04428,0.00293,1,1,-0.003,0.174,in_circle,0.0102,0.1476,0.0000,0.0000,0
130.230,2,2576,-0.00641,0.00809,0.0038,-0.0130,-0.02958,0.04546,0.00251,1,1,0.008,0.111,in_circle,0.0102,0.1476,0.0000,0.0000,0
130.273,2,2577,-0.00608,0.00822,0.0077,0.0031,-0.03152,0.04359,0.00281,1,1,-0.009,0.194,in_circle,0.0102,0.1476,0.0000,0.0000,0
130.319,2,2578,-0.00586,0.00830,0.0047,0.0018,-0.03041,0.04363,0.00301,1,1,-0.025,0.130,in_circle,0.0102,0.1476,0.0000,0.0000,0
130.362,2,2579,-0.00641,0.00848,-0.0128,0.0040,-0.03240,0.04424,0.00284,1,1,-0.013,0.135,in_circle,0.0102,0.1476,0.0000,0.0000,0
130.406,2,2580,-0.00668,0.00858,-0.0061,0.0024,-0.03039,0.04206,0.00282,1,1,0.058,0.125,in_circle,0.0102,0.1476,0.0000,0.0000,0
130.449,2,2581,-0.00610,0.00821,0.0135,-0.0087,-0.03142,0.04448,0.00279,1,1,0.032,0.131,in_circle,0.0102,0.1476,0.0000,0.0000,0
130.493,2,2582,-0.00623,0.00791,-0.0030,-0.0069,-0.03163,0.04594,0.00247,1,1,-0.048,0.177,in_circle,0.0102,0.1476,0.0000,0.0000,0
130.537,2,2583,-0.00613,0.00855,0.0024,0.0143,-0.03158,0.04562,0.00305,1,1,0.018,0.170,in_circle,0.0102,0.1476,0.0000,0.0000,0
130.581,2,2584,-0.00638,0.00848,-0.0060,-0.0015,-0.03172,0.04484,0.00286,1,1,-0.004,0.084,in_circle,0.0102,0.1476,0.0000,0.0000,0
130.632,2,2585,-0.00638,0.00848,0.0000,0.0000,-0.03077,0.04599,0.00286,0,0,0.031,0.148,in_circle,0.0102,0.1476,0.0000,0.0000,0
130.715,2,2586,-0.00617,0.00783,0.0026,-0.0079,-0.03010,0.04528,0.00245,1,1,0.007,0.141,in_circle,0.0102,0.1474,0.0000,0.0000,0
130.757,2,2587,-0.00626,0.00797,-0.0021,0.0033,-0.02942,0.04557,0.00250,1,1,-0.004,0.174,in_circle,0.0102,0.1474,0.0000,0.0000,0
130.807,2,2588,-0.00626,0.00797,0.0000,0.0000,-0.03080,0.04505,0.00250,0,0,0.015,0.129,in_circle,0.0102,0.1474,0.0000,0.0000,0
130.889,2,2589,-0.00646,0.00820,-0.0024,0.0029,-0.03180,0.04644,0.00258,1,1,0.006,0.142,in_circle,0.0101,0.1473,0.0000,0.0000,0
130.933,2,2590,-0.00551,0.00887,0.0218,0.0153,-0.03131,0.04444,0.00367,1,1,0.016,0.130,in_circle,0.0101,0.1473,0.0000,0.0000,0
130.978,2,2591,-0.00596,0.00880,-0.0100,-0.0015,-0.03114,0.04514,0.00335,1,1,-0.083,0.079,in_circle,0.0101,0.1473,0.0000,0.0000,0
131.021,2,2592,-0.00657,0.00841,-0.0142,-0.0090,-0.03160,0.04502,0.00271,1,1,0.045,0.147,in_circle,0.0101,0.1473,0.0000,0.0000,0
131.064,2,2593,-0.00679,0.00848,-0.0052,0.0015,-0.03012,0.04252,0.00268,1,1,0.064,0.177,in_circle,0.0101,0.1473,0.0000,0.0000,0
131.110,2,2594,-0.00667,0.00837,0.0028,-0.0025,-0.03117,0.04538,0.00262,1,1,0.028,0.135,in_circle,0.0101,0.1473,0.0000,0.0000,0
131.154,2,2595,-0.00644,0.00808,0.0051,-0.0065,-0.03135,0.04748,0.00249,1,1,-0.004,0.151,in_circle,0.0101,0.1473,0.0000,0.0000,0
131.240,2,2596,-0.00638,0.00852,0.0007,0.0051,-0.03166,0.04656,0.00289,1,1,-0.014,0.168,in_circle,0.0101,0.1473,0.0000,0.0000,0
131.285,2,2597,-0.00656,0.00806,-0.0040,-0.0102,-0.03183,0.04638,0.00241,1,1,0.004,0.121,in_circle,0.0101,0.1473,0.0000,0.0000,0
131.328,2,2598,-0.00604,0.00789,0.0117,-0.0038,-0.03058,0.04426,0.00258,1,1,0.023,0.183,in_circle,0.0101,0.1473,0.0000,0.0000,0
131.374,2,2599,-0.00659,0.00834,-0.0120,0.0098,-0.03169,0.04571,0.00264,1,1,-0.041,0.158,in_circle,0.0101,0.1473,0.0000,0.0000,0
131.416,2,2600,-0.00653,0.00850,0.0015,0.0039,-0.03189,0.04371,0.00281,1,1,0.055,0.102,in_circle,0.0101,0.1473,0.0000,0.0000,0
131.462,2,2601,-0.00667,0.00833,-0.0031,-0.0038,-0.03208,0.04354,0.00259,1,1,0.001,0.126,in_circle,0.0101,0.1473,0.0000,0.0000,0
131.504,2,2602,-0.00618,0.00835,0.0114,0.0004,-0.03189,0.04550,0.00286,1,1,0.019,0.157,in_circle,0.0101,0.1473,0.0000,0.0000,0
131.549,2,2603,-0.00663,0.00872,-0.0101,0.0083,-0.03184,0.04605,0.00296,1,1,-0.040,0.140,in_circle,0.0101,0.1473,0.0000,0.0000,0
131.593,2,2604,-0.00677,0.00836,-0.0031,-0.0083,-0.03262,0.04412,0.00257,1,1,0.048,0.107,in_circle,0.0101,0.1473,0.0000,0.0000,0
131.637,2,2605,-0.00629,0.00862,0.0108,0.0060,-0.03148,0.04335,0.00302,1,1,0.020,0.175,in_circle,0.0101,0.1473,0.0000,0.0000,0
131.680,2,2606,-0.00687,0.00864,-0.0133,0.0006,-0.03180,0.04488,0.00280,1,1,-0.037,0.117,in_circle,0.0101,0.1473,0.0000,0.0000,0
131.725,2,2607,-0.00676,0.00824,0.0024,-0.0090,-0.03125,0.04444,0.00247,1,1,0.061,0.138,in_circle,0.0101,0.1473,0.0000,0.0000,0
131.770,2,2608,-0.00685,0.00866,-0.0020,0.0094,-0.03190,0.04520,0.00283,1,1,-0.002,0.178,in_circle,0.0101,0.1473,0.0000,0.0000,0
131.814,2,2609,-0.00675,0.00820,0.0022,-0.0104,-0.03047,0.04632,0.00243,1,1,0.016,0.103,in_circle,0.0101,0.1473,0.0000,0.0000,0
131.858,2,2610,-0.00675,0.00862,0.0001,0.0098,-0.03100,0.04490,0.00283,1,1,-0.001,0.183,in_circle,0.0101,0.1473,0.0000,0.0000,0
131.901,2,2611,-0.00610,0.00836,0.0151,-0.0062,-0.03154,0.04610,0.00291,1,1,0.007,0.102,in_circle,0.0101,0.1473,0.0000,0.0000,0
131.945,2,2612,-0.00602,0.00838,0.0019,0.0005,-0.03153,0.04544,0.00297,1,1,-0.054,0.166,in_circle,0.0101,0.1473,0.0000,0.0000,0
131.989,2,2613,-0.00591,0.00856,0.0024,0.0042,-0.03128,0.04560,0.00319,1,1,-0.002,0.139,in_circle,0.0101,0.1473,0.0000,0.0000,0
132.033,2,2614,-0.00643,0.00812,-0.0119,-0.0101,-0.03224,0.04368,0.00253,1,1,-0.004,0.124,in_circle,0.0101,0.1473,0.0000,0.0000,0
132.077,2,2615,-0.00664,0.00858,-0.0047,0.0101,-0.03133,0.04402,0.00283,1,1,0.054,0.183,in_circle,0.0101,0.1473,0.0000,0.0000,0
132.120,2,2616,-0.00623,0.00841,0.0094,-0.0040,-0.03233,0.04496,0.00287,1,1,0.026,0.100,in_circle,0.0101,0.1473,0.0000,0.0000,0
132.165,2,2617,-0.00650,0.00854,-0.0059,0.0030,-0.03109,0.04559,0.00286,1,1,-0.032,0.157,in_circle,0.0101,0.1473,0.0000,0.0000,0
132.209,2,2618,-0.00676,0.00813,-0.0060,-0.0095,-0.02910,0.04611,0.00237,1,1,0.030,0.129,in_circle,0.0101,0.1473,0.0000,0.0000,0
132.254,2,2619,-0.00645,0.00855,0.0069,0.0093,-0.03066,0.04512,0.00289,1,1,0.031,0.180,in_circle,0.0101,0.1473,0.0000,0.0000,0
132.298,2,2620,-0.00644,0.00831,0.0002,-0.0054,-0.03075,0.04466,0.00268,1,1,-0.021,0.104,in_circle,0.0101,0.1473,0.0000,0.0000,0
132.341,2,2621,-0.00683,0.00848,-0.0089,0.0037,-0.03101,0.04581,0.00266,1,1,0.006,0.163,in_circle,0.0101,0.1473,0.0000,0.0000,0
132.385,2,2622,-0.00605,0.00875,0.0180,0.0062,-0.03030,0.04467,0.00325,1,1,0.043,0.126,in_circle,0.0101,0.1473,0.0000,0.0000,0
132.430,2,2623,-0.00575,0.00844,0.0066,-0.0067,-0.03125,0.04413,0.00319,1,1,-0.066,0.116,in_circle,0.0101,0.1473,0.0000,0.0000,0
132.473,2,2624,-0.00675,0.00855,-0.0233,0.0026,-0.03105,0.04621,0.00276,1,1,-0.022,0.168,in_circle,0.0101,0.1473,0.0000,0.0000,0
132.518,2,2625,-0.00647,0.00874,0.0060,0.0042,-0.03087,0.04116,0.00305,1,1,0.101,0.131,in_circle,0.0101,0.1473,0.0000,0.0000,0
132.562,2,2626,-0.00661,0.00839,-0.0030,-0.0078,-0.03226,0.04083,0.00268,1,1,-0.017,0.124,in_circle,0.0101,0.1473,0.0000,0.0000,0
132.606,2,2627,-0.00654,0.00798,0.0015,-0.0096,-0.03105,0.04621,0.00234,1,1,0.019,0.172,in_circle,0.0101,0.1473,0.0000,0.0000,0
132.648,2,2628,-0.00631,0.00807,0.0054,0.0021,-0.03052,0.04385,0.00255,1,1,0.001,0.181,in_circle,0.0101,0.1473,0.0000,0.0000,0
132.694,2,2629,-0.00624,0.00825,0.0015,0.0039,-0.03133,0.04272,0.00273,1,1,-0.015,0.134,in_circle,0.0101,0.1473,0.0000,0.0000,0
132.736,2,2630,-0.00578,0.00868,0.0108,0.0102,-0.03183,0.04176,0.00336,1,1,0.000,0.126,in_circle,0.0101,0.1473,0.0000,0.0000,0
132.781,2,2631,-0.00631,0.00794,-0.0117,-0.0165,-0.03168,0.04340,0.00244,1,1,-0.038,0.100,in_circle,0.0101,0.1473,0.0000,0.0000,0
132.824,2,2632,-0.00643,0.00853,-0.0028,0.0137,-0.03200,0.04301,0.00287,1,1,0.053,0.209,in_circle,0.0101,0.1473,0.0000,0.0000,0
132.869,2,2633,-0.00650,0.00837,-0.0017,-0.0035,-0.03115,0.04263,0.00270,1,1,0.018,0.086,in_circle,0.0101,0.1473,0.0000,0.0000,0
132.913,2,2634,-0.00637,0.00808,0.0030,-0.0065,-0.03367,0.04300,0.00252,1,1,0.014,0.155,in_circle,0.0101,0.1473,0.0000,0.0000,0
132.957,2,2635,-0.00653,0.00779,-0.0036,-0.0066,-0.02985,0.04555,0.00220,1,1,-0.006,0.168,in_circle,0.0101,0.1473,0.0000,0.0000,0
133.001,2,2636,-0.00612,0.00831,0.0093,0.0118,-0.03197,0.04471,0.00286,1,1,0.021,0.169,in_circle,0.0101,0.1473,0.0000,0.0000,0
133.048,2,2637,-0.00618,0.00803,-0.0014,-0.0059,-0.03152,0.04518,0.00260,1,1,-0.031,0.094,in_circle,0.0101,0.1473,0.0000,0.0000,0
133.090,2,2638,-0.00564,0.00840,0.0130,0.0087,-0.03168,0.04551,0.00323,1,1,0.011,0.166,in_circle,0.0101,0.1473,0.0000,0.0000,0
133.134,2,2639,-0.00711,0.00861,-0.0330,0.0046,-0.03011,0.04404,0.00270,1,1,-0.047,0.106,in_circle,0.0101,0.1473,0.0000,0.0000,0
133.176,2,2640,-0.00640,0.00808,0.0171,-0.0126,-0.03211,0.04250,0.00251,1,1,0.141,0.122,in_circle,0.0101,0.1473,0.0000,0.0000,0
133.264,2,2641,-0.00600,0.00827,0.0045,0.0021,-0.02959,0.04666,0.00289,1,1,-0.062,0.192,in_circle,0.0101,0.1473,0.0000,0.0000,0
133.311,2,2642,-0.00592,0.00893,0.0016,0.0142,-0.02825,0.05264,0.00348,1,1,-0.012,0.133,in_circle,0.0101,0.1473,0.0000,0.0000,0
133.352,2,2643,-0.00613,0.00849,-0.0051,-0.0106,-0.03008,0.05125,0.00300,1,1,-0.001,0.083,in_circle,0.0101,0.1473,0.0000,0.0000,0
133.398,2,2644,-0.00576,0.00834,0.0081,-0.0032,-0.02988,0.04687,0.00311,1,1,0.026,0.183,in_circle,0.0101,0.1473,0.0000,0.0000,0
133.442,2,2645,-0.00643,0.00818,-0.0153,-0.0037,-0.02931,0.04706,0.00258,1,1,-0.028,0.154,in_circle,0.0101,0.1473,0.0000,0.0000,0
133.486,2,2646,-0.00587,0.00812,0.0126,-0.0013,-0.03155,0.04834,0.00287,1,1,0.068,0.157,in_circle,0.0101,0.1473,0.0000,0.0000,0
133.528,2,2647,-0.00580,0.00847,0.0017,0.0082,-0.03163,0.04694,0.00318,1,1,-0.045,0.147,in_circle,0.0101,0.1473,0.0000,0.0000,0
133.574,2,2648,-0.00585,0.00806,-0.0013,-0.0089,-0.03213,0.04525,0.00284,1,1,-0.002,0.108,in_circle,0.0101,0.1473,0.0000,0.0000,0
133.617,2,2649,-0.00588,0.00845,-0.0005,0.0090,-0.03211,0.04358,0.00312,1,1,0.010,0.178,in_circle,0.0101,0.1473,0.0000,0.0000,0
133.661,2,2650,-0.00588,0.00813,-0.0001,-0.0073,-0.03259,0.04149,0.00287,1,1,0.007,0.105,in_circle,0.0101,0.1473,0.0000,0.0000,0
133.706,2,2651,-0.00681,0.00851,-0.0209,0.0086,-0.03348,0.04206,0.00270,1,1,0.006,0.171,in_circle,0.0101,0.1473,0.0000,0.0000,0
133.750,2,2652,-0.00672,0.00784,0.0019,-0.0151,-0.03286,0.04192,0.00213,1,1,0.091,0.107,in_circle,0.0101,0.1473,0.0000,0.0000,0
133.793,2,2653,-0.00690,0.00849,-0.0043,0.0153,-0.03378,0.04342,0.00265,1,1,-0.000,0.203,in_circle,0.0101,0.1473,0.0000,0.0000,0
133.838,2,2654,-0.00617,0.00809,0.0165,-0.0090,-0.03025,0.04413,0.00265,1,1,0.025,0.080,in_circle,0.0101,0.1473,0.0000,0.0000,0
133.880,2,2655,-0.00632,0.00880,-0.0036,0.0167,-0.03353,0.04243,0.00317,1,1,-0.060,0.178,in_circle,0.0101,0.1473,0.0000,0.0000,0
133.925,2,2656,-0.00582,0.00904,0.0111,0.0052,-0.02946,0.04499,0.00362,1,1,0.021,0.073,in_circle,0.0101,0.1473,0.0000,0.0000,0
133.969,2,2657,-0.00662,0.00818,-0.0182,-0.0193,-0.03128,0.04069,0.00248,1,1,-0.039,0.119,in_circle,0.0101,0.1473,0.0000,0.0000,0
134.013,2,2658,-0.00675,0.00837,-0.0030,0.0043,-0.02789,0.04317,0.00259,1,1,0.080,0.219,in_circle,0.0101,0.1473,0.0000,0.0000,0
134.057,2,2659,-0.00656,0.00824,0.0044,-0.0031,-0.03028,0.04242,0.00256,1,1,0.020,0.124,in_circle,0.0101,0.1473,0.0000,0.0000,0
134.101,2,2660,-0.00588,0.00834,0.0154,0.0023,-0.03335,0.04448,0.00303,1,1,-0.011,0.154,in_circle,0.0101,0.1473,0.0000,0.0000,0
134.147,2,2661,-0.00681,0.00865,-0.0201,0.0068,-0.03119,0.04625,0.00283,1,1,-0.056,0.132,in_circle,0.0101,0.1473,0.0000,0.0000,0
134.188,2,2662,-0.00655,0.00823,0.0064,-0.0102,-0.03220,0.04476,0.00256,1,1,0.088,0.114,in_circle,0.0101,0.1473,0.0000,0.0000,0
134.233,2,2663,-0.00625,0.00850,0.0065,0.0058,-0.03137,0.04409,0.00294,1,1,-0.019,0.183,in_circle,0.0101,0.1473,0.0000,0.0000,0
134.276,2,2664,-0.00654,0.00819,-0.0067,-0.0070,-0.03123,0.04617,0.00253,1,1,-0.020,0.118,in_circle,0.0101,0.1473,0.0000,0.0000,0
134.322,2,2665,-0.00653,0.00834,0.0003,0.0031,-0.03147,0.04481,0.00266,1,1,0.034,0.170,in_circle,0.0101,0.1473,0.0000,0.0000,0
134.364,2,2666,-0.00651,0.00821,0.0003,-0.0030,-0.03184,0.04605,0.00256,1,1,0.006,0.129,in_circle,0.0101,0.1473,0.0000,0.0000,0
134.410,2,2667,-0.00642,0.00848,0.0020,0.0059,-0.03149,0.04595,0.00283,1,1,0.005,0.154,in_circle,0.0101,0.1473,0.0000,0.0000,0
134.453,2,2668,-0.00651,0.00845,-0.0021,-0.0006,-0.03107,0.04424,0.00277,1,1,-0.001,0.117,in_circle,0.0101,0.1473,0.0000,0.0000,0
134.498,2,2669,-0.00647,0.00801,0.0010,-0.0098,-0.03160,0.04502,0.00241,1,1,0.015,0.144,in_circle,0.0101,0.1473,0.0000,0.0000,0
134.542,2,2670,-0.00629,0.00835,0.0042,0.0078,-0.03076,0.04506,0.00280,1,1,0.003,0.181,in_circle,0.0101,0.1473,0.0000,0.0000,0
134.584,2,2671,-0.00580,0.00796,0.0113,-0.0091,-0.03119,0.04452,0.00280,1,1,-0.010,0.110,in_circle,0.0101,0.1473,0.0000,0.0000,0
134.630,2,2672,-0.00592,0.00836,-0.0025,0.0088,-0.03179,0.04464,0.00302,1,1,-0.040,0.179,in_circle,0.0101,0.1473,0.0000,0.0000,0
134.673,2,2673,-0.00595,0.00834,-0.0007,-0.0007,-0.03105,0.04621,0.00298,1,1,0.015,0.106,in_circle,0.0101,0.1473,0.0000,0.0000,0
134.717,2,2674,-0.00637,0.00826,-0.0096,-0.0016,-0.03159,0.04281,0.00267,1,1,0.008,0.144,in_circle,0.0101,0.1473,0.0000,0.0000,0
134.762,2,2675,-0.00656,0.00818,-0.0043,-0.0019,-0.03080,0.04481,0.00250,1,1,0.045,0.148,in_circle,0.0101,0.1473,0.0000,0.0000,0
134.804,2,2676,-0.00604,0.00871,0.0123,0.0126,-0.03086,0.04475,0.00323,1,1,0.024,0.150,in_circle,0.0101,0.1473,0.0000,0.0000,0
134.850,2,2677,-0.00658,0.00872,-0.0119,0.0003,-0.03049,0.04594,0.00298,1,1,-0.044,0.090,in_circle,0.0101,0.1473,0.0000,0.0000,0
134.893,2,2678,-0.00601,0.00860,0.0133,-0.0028,-0.03015,0.04547,0.00316,1,1,0.055,0.139,in_circle,0.0101,0.1473,0.0000,0.0000,0
134.937,2,2679,-0.00700,0.00815,-0.0222,-0.0100,-0.03054,0.04494,0.00230,1,1,-0.047,0.152,in_circle,0.0101,0.1473,0.0000,0.0000,0
134.981,2,2680,-0.00629,0.00861,0.0162,0.0104,-0.02934,0.04644,0.00302,1,1,0.097,0.182,in_circle,0.0101,0.1473,0.0000,0.0000,0
135.026,2,2681,-0.00592,0.00839,0.0081,-0.0049,-0.03106,0.04393,0.00304,1,1,-0.059,0.099,in_circle,0.0101,0.1473,0.0000,0.0000,0
135.068,2,2682,-0.00596,0.00836,-0.0010,-0.0005,-0.03188,0.04516,0.00299,1,1,-0.027,0.161,in_circle,0.0101,0.1473,0.0000,0.0000,0
135.113,2,2683,-0.00618,0.00872,-0.0048,0.0079,-0.03139,0.04381,0.00317,1,1,0.010,0.144,in_circle,0.0101,0.1473,0.0000,0.0000,0
135.156,2,2684,-0.00663,0.00849,-0.0105,-0.0053,-0.03251,0.04299,0.00275,1,1,0.025,0.109,in_circle,0.0101,0.1473,0.0000,0.0000,0
135.202,2,2685,-0.00689,0.00832,-0.0057,-0.0037,-0.03142,0.04413,0.00249,1,1,0.049,0.163,in_circle,0.0101,0.1473,0.0000,0.0000,0
135.289,2,2686,-0.00609,0.00839,0.0092,0.0008,-0.03165,0.04634,0.00294,1,1,0.030,0.156,in_circle,0.0101,0.1473,0.0000,0.0000,0
135.334,2,2687,-0.00670,0.00836,-0.0135,-0.0007,-0.03191,0.04540,0.00260,1,1,-0.031,0.138,in_circle,0.0101,0.1473,0.0000,0.0000,0
135.377,2,2688,-0.00557,0.00804,0.0260,-0.0073,-0.03212,0.04525,0.00302,1,1,0.061,0.144,in_circle,0.0101,0.1473,0.0000,0.0000,0
135.420,2,2689,-0.00670,0.00863,-0.0265,0.0138,-0.03172,0.04418,0.00285,1,1,-0.100,0.172,in_circle,0.0101,0.1473,0.0000,0.0000,0
135.465,2,2690,-0.00641,0.00844,0.0064,-0.0042,-0.03135,0.04477,0.00281,1,1,0.113,0.086,in_circle,0.0101,0.1473,0.0000,0.0000,0
135.509,2,2691,-0.00550,0.00815,0.0206,-0.0065,-0.03189,0.04122,0.00315,1,1,-0.019,0.158,in_circle,0.0101,0.1473,0.0000,0.0000,0
135.554,2,2692,-0.00579,0.00839,-0.0065,0.0053,-0.02878,0.04438,0.00312,1,1,-0.078,0.168,in_circle,0.0100,0.1472,0.0000,0.0000,0
135.597,2,2693,-0.00634,0.00817,-0.0127,-0.0050,-0.03126,0.04620,0.00262,1,1,0.031,0.120,in_circle,0.0099,0.1471,0.0000,0.0000,0
135.641,2,2694,-0.00696,0.00839,-0.0140,0.0048,-0.03150,0.04146,0.00253,1,1,0.057,0.162,in_circle,0.0098,0.1470,0.0000,0.0000,0
135.685,2,2695,-0.00571,0.00856,0.0286,0.0041,-0.03155,0.04282,0.00331,1,1,0.064,0.122,in_circle,0.0098,0.1470,0.0000,0.0000,0
135.729,2,2696,-0.00608,0.00864,-0.0083,0.0018,-0.03144,0.04440,0.00315,1,1,-0.110,0.124,in_circle,0.0098,0.1470,0.0000,0.0000,0
135.774,2,2697,-0.00644,0.00857,-0.0081,-0.0017,-0.03125,0.04444,0.00291,1,1,0.039,0.133,in_circle,0.0098,0.1470,0.0000,0.0000,0
135.818,2,2698,-0.00616,0.00829,0.0061,-0.0063,-0.03233,0.04286,0.00281,1,1,0.039,0.147,in_circle,0.0098,0.1470,0.0000,0.0000,0
135.861,2,2699,-0.00577,0.00795,0.0092,-0.0079,-0.03153,0.04544,0.00281,1,1,-0.019,0.167,in_circle,0.0098,0.1470,0.0000,0.0000,0
135.912,2,2700,-0.00577,0.00795,0.0000,0.0000,-0.03163,0.04769,0.00281,0,0,-0.032,0.174,in_circle,0.0098,0.1470,0.0000,0.0000,0
135.996,2,2701,-0.00596,0.00859,-0.0023,0.0077,-0.03133,0.04382,0.00318,1,1,0.005,0.142,in_circle,0.0097,0.1469,0.0000,0.0000,0
136.037,2,2702,-0.00652,0.00799,-0.0138,-0.0148,-0.03184,0.04605,0.00236,1,1,0.014,0.110,in_circle,0.0097,0.1469,0.0000,0.0000,0
136.082,2,2703,-0.00634,0.00858,0.0041,0.0130,-0.03187,0.04422,0.00296,1,1,0.062,0.201,in_circle,0.0097,0.1469,0.0000,0.0000,0
136.125,2,2704,-0.00634,0.00865,0.0001,0.0017,-0.03179,0.04478,0.00303,1,1,-0.010,0.089,in_circle,0.0097,0.1469,0.0000,0.0000,0
136.169,2,2705,-0.00646,0.00851,-0.0028,-0.0032,-0.03241,0.04586,0.00284,1,1,0.006,0.134,in_circle,0.0097,0.1469,0.0000,0.0000,0
136.212,2,2706,-0.00647,0.00860,-0.0003,0.0021,-0.03112,0.04668,0.00292,1,1,0.018,0.153,in_circle,0.0097,0.1469,0.0000,0.0000,0
136.258,2,2707,-0.00593,0.00844,0.0118,-0.0033,-0.03180,0.04661,0.00308,1,1,0.008,0.132,in_circle,0.0097,0.1469,0.0000,0.0000,0
136.301,2,2708,-0.00616,0.00837,-0.0053,-0.0018,-0.03105,0.04621,0.00288,1,1,-0.042,0.154,in_circle,0.0097,0.1469,0.0000,0.0000,0
136.346,2,2709,-0.00645,0.00846,-0.0066,0.0021,-0.03138,0.04687,0.00281,1,1,0.027,0.148,in_circle,0.0097,0.1469,0.0000,0.0000,0
136.389,2,2710,-0.00682,0.00859,-0.0086,0.0031,-0.03171,0.04473,0.00277,1,1,0.033,0.132,in_circle,0.0097,0.1469,0.0000,0.0000,0
136.433,2,2711,-0.00648,0.00831,0.0077,-0.0064,-0.03165,0.04634,0.00266,1,1,0.042,0.128,in_circle,0.0097,0.1469,0.0000,0.0000,0
136.477,2,2712,-0.00636,0.00788,0.0028,-0.0099,-0.03175,0.04497,0.00237,1,1,-0.024,0.167,in_circle,0.0097,0.1469,0.0000,0.0000,0
136.521,2,2713,-0.00699,0.00803,-0.0143,0.0035,-0.03166,0.04632,0.00219,1,1,-0.005,0.182,in_circle,0.0097,0.1469,0.0000,0.0000,0
136.566,2,2714,-0.00590,0.00839,0.0247,0.0081,-0.03160,0.04502,0.00306,1,1,0.065,0.128,in_circle,0.0097,0.1469,0.0000,0.0000,0
136.610,2,2715,-0.00673,0.00795,-0.0188,-0.0100,-0.03198,0.04434,0.00222,1,1,-0.094,0.108,in_circle,0.0097,0.1469,0.0000,0.0000,0
136.653,2,2716,-0.00656,0.00892,0.0042,0.0226,-0.03092,0.04469,0.00317,1,1,0.082,0.182,in_circle,0.0097,0.1469,0.0000,0.0000,0
136.698,2,2717,-0.00599,0.00852,0.0126,-0.0089,-0.03123,0.04126,0.00310,1,1,-0.010,0.049,in_circle,0.0097,0.1469,0.0000,0.0000,0
136.741,2,2718,-0.00663,0.00821,-0.0151,-0.0071,-0.03155,0.04510,0.00251,1,1,-0.045,0.176,in_circle,0.0097,0.1469,0.0000,0.0000,0
136.785,2,2719,-0.00642,0.00856,0.0047,0.0076,-0.02398,0.04458,0.00291,1,1,0.067,0.170,in_circle,0.0097,0.1469,0.0000,0.0000,0
136.830,2,2720,-0.00647,0.00846,-0.0013,-0.0022,-0.03168,0.04233,0.00279,1,1,-0.013,0.110,in_circle,0.0097,0.1469,0.0000,0.0000,0
136.874,2,2721,-0.00649,0.00857,-0.0004,0.0026,-0.03158,0.04395,0.00289,1,1,0.012,0.149,in_circle,0.0097,0.1469,0.0000,0.0000,0
136.918,2,2722,-0.00621,0.00873,0.0065,0.0037,-0.03167,0.04386,0.00316,1,1,0.008,0.130,in_circle,0.0097,0.1469,0.0000,0.0000,0
136.962,2,2723,-0.00648,0.00778,-0.0062,-0.0215,-0.03073,0.04356,0.00221,1,1,-0.020,0.125,in_circle,0.0097,0.1469,0.0000,0.0000,0
137.005,2,2724,-0.00631,0.00840,0.0039,0.0144,-0.03227,0.04335,0.00283,1,1,0.031,0.229,in_circle,0.0097,0.1469,0.0000,0.0000,0
137.050,2,2725,-0.00641,0.00862,-0.0022,0.0048,-0.03117,0.04584,0.00296,1,1,-0.010,0.083,in_circle,0.0097,0.1469,0.0000,0.0000,0
137.093,2,2726,-0.00600,0.00835,0.0095,-0.0061,-0.03446,0.04450,0.00297,1,1,0.015,0.121,in_circle,0.0097,0.1469,0.0000,0.0000,0
137.139,2,2727,-0.00654,0.00849,-0.0119,0.0031,-0.03036,0.04491,0.00279,1,1,-0.033,0.165,in_circle,0.0097,0.1469,0.0000,0.0000,0
137.182,2,2728,-0.00588,0.00827,0.0152,-0.0052,-0.03183,0.04403,0.00297,1,1,0.054,0.128,in_circle,0.0097,0.1469,0.0000,0.0000,0
137.226,2,2729,-0.00633,0.00836,-0.0102,0.0020,-0.03164,0.04301,0.00278,1,1,-0.056,0.162,in_circle,0.0097,0.1469,0.0000,0.0000,0
137.315,2,2730,-0.00626,0.00861,0.0007,0.0028,-0.03056,0.04259,0.00303,1,1,0.047,0.133,in_circle,0.0097,0.1469,0.0000,0.0000,0
137.362,2,2731,-0.00615,0.00837,0.0023,-0.0052,-0.03149,0.04311,0.00288,1,1,0.003,0.129,in_circle,0.0097,0.1469,0.0000,0.0000,0
137.401,2,2732,-0.00676,0.00837,-0.0153,0.0001,-0.03170,0.04454,0.00259,1,1,-0.004,0.162,in_circle,0.0097,0.1469,0.0000,0.0000,0
137.445,2,2733,-0.00613,0.00802,0.0144,-0.0081,-0.03236,0.04478,0.00262,1,1,0.068,0.141,in_circle,0.0097,0.1469,0.0000,0.0000,0
137.490,2,2734,-0.00668,0.00808,-0.0122,0.0015,-0.03129,0.04603,0.00237,1,1,-0.052,0.174,in_circle,0.0097,0.1469,0.0000,0.0000,0
137.532,2,2735,-0.00686,0.00851,-0.0044,0.0101,-0.03147,0.04582,0.00268,1,1,0.056,0.136,in_circle,0.0097,0.1469,0.0000,0.0000,0
137.577,2,2736,-0.00636,0.00840,0.0114,-0.0025,-0.03190,0.04337,0.00280,1,1,0.025,0.100,in_circle,0.0097,0.1469,0.0000,0.0000,0
137.621,2,2737,-0.00680,0.00824,-0.0101,-0.0036,-0.03176,0.04485,0.00245,1,1,-0.039,0.151,in_circle,0.0097,0.1469,0.0000,0.0000,0
137.666,2,2738,-0.00686,0.00836,-0.0013,0.0026,-0.02896,0.04640,0.00254,1,1,0.047,0.156,in_circle,0.0097,0.1469,0.0000,0.0000,0
137.710,2,2739,-0.00648,0.00809,0.0088,-0.0062,-0.03078,0.04548,0.00247,1,1,0.013,0.131,in_circle,0.0097,0.1469,0.0000,0.0000,0
137.753,2,2740,-0.00675,0.00815,-0.0062,0.0014,-0.03020,0.04653,0.00239,1,1,-0.029,0.166,in_circle,0.0097,0.1469,0.0000,0.0000,0
137.797,2,2741,-0.00672,0.00853,0.0009,0.0087,-0.03040,0.04591,0.00276,1,1,0.032,0.136,in_circle,0.0097,0.1469,0.0000,0.0000,0
137.841,2,2742,-0.00647,0.00813,0.0055,-0.0092,-0.03169,0.04571,0.00251,1,1,0.004,0.106,in_circle,0.0097,0.1469,0.0000,0.0000,0
137.885,2,2743,-0.00636,0.00830,0.0027,0.0039,-0.03024,0.04725,0.00272,1,1,-0.016,0.178,in_circle,0.0097,0.1469,0.0000,0.0000,0
137.931,2,2744,-0.00643,0.00826,-0.0017,-0.0010,-0.03107,0.04424,0.00264,1,1,-0.005,0.125,in_circle,0.0097,0.1469,0.0000,0.0000,0
137.973,2,2745,-0.00586,0.00849,0.0136,0.0054,-0.03106,0.04637,0.00315,1,1,0.013,0.145,in_circle,0.0097,0.1469,0.0000,0.0000,0
138.017,2,2746,-0.00644,0.00840,-0.0129,-0.0019,-0.03164,0.04440,0.00276,1,1,-0.049,0.119,in_circle,0.0097,0.1469,0.0000,0.0000,0
138.061,2,2747,-0.00646,0.00835,-0.0006,-0.0013,-0.03162,0.04401,0.00270,1,1,0.058,0.148,in_circle,0.0097,0.1469,0.0000,0.0000,0
138.104,2,2748,-0.00655,0.00818,-0.0020,-0.0039,-0.03163,0.04421,0.00252,1,1,0.009,0.146,in_circle,0.0097,0.1469,0.0000,0.0000,0
138.156,2,2749,-0.00655,0.00818,0.0000,0.0000,-0.03131,0.04616,0.00252,0,0,0.014,0.157,in_circle,0.0097,0.1469,0.0000,0.0000,0
138.195,2,2750,-0.00656,0.00840,-0.0004,0.0056,-0.03179,0.04478,0.00270,1,1,0.007,0.141,in_circle,0.0097,0.1468,0.0000,0.0000,0
138.237,2,2751,-0.00646,0.00843,0.0025,0.0006,-0.03123,0.04570,0.00277,1,1,0.008,0.118,in_circle,0.0097,0.1468,0.0000,0.0000,0
138.282,2,2752,-0.00632,0.00810,0.0030,-0.0072,-0.03208,0.04405,0.00257,1,1,-0.004,0.138,in_circle,0.0097,0.1468,0.0000,0.0000,0
138.326,2,2753,-0.00603,0.00812,0.0066,0.0005,-0.03160,0.04502,0.00276,1,1,-0.006,0.170,in_circle,0.0097,0.1468,0.0000,0.0000,0
138.369,2,2754,-0.00606,0.00851,-0.0005,0.0090,-0.03071,0.04618,0.00306,1,1,-0.021,0.140,in_circle,0.0097,0.1468,0.0000,0.0000,0
138.413,2,2755,-0.00693,0.00832,-0.0199,-0.0043,-0.03111,0.04656,0.00248,1,1,0.007,0.104,in_circle,0.0097,0.1468,0.0000,0.0000,0
138.457,2,2756,-0.00641,0.00835,0.0117,0.0006,-0.03149,0.04580,0.00273,1,1,0.087,0.158,in_circle,0.0097,0.1468,0.0000,0.0000,0
138.501,2,2757,-0.00673,0.00808,-0.0074,-0.0061,-0.03003,0.04524,0.00234,1,1,-0.041,0.139,in_circle,0.0097,0.1468,0.0000,0.0000,0
138.545,2,2758,-0.00580,0.00816,0.0212,0.0017,-0.03110,0.04586,0.00294,1,1,0.037,0.166,in_circle,0.0097,0.1468,0.0000,0.0000,0
138.589,2,2759,-0.00647,0.00825,-0.0151,0.0021,-0.03136,0.04493,0.00261,1,1,-0.080,0.135,in_circle,0.0097,0.1468,0.0000,0.0000,0
138.635,2,2760,-0.00684,0.00841,-0.0081,0.0036,-0.03123,0.04506,0.00260,1,1,0.067,0.133,in_circle,0.0097,0.1468,0.0000,0.0000,0
138.679,2,2761,-0.00633,0.00852,0.0117,0.0023,-0.03228,0.04284,0.00292,1,1,0.040,0.126,in_circle,0.0097,0.1468,0.0000,0.0000,0
138.722,2,2762,-0.00675,0.00850,-0.0100,-0.0003,-0.03186,0.04160,0.00271,1,1,-0.041,0.131,in_circle,0.0097,0.1468,0.0000,0.0000,0
138.765,2,2763,-0.00582,0.00873,0.0216,0.0051,-0.03130,0.04326,0.00337,1,1,0.047,0.142,in_circle,0.0097,0.1468,0.0000,0.0000,0
138.810,2,2764,-0.00660,0.00865,-0.0175,-0.0018,-0.03161,0.04108,0.00291,1,1,-0.082,0.119,in_circle,0.0097,0.1468,0.0000,0.0000,0
138.854,2,2765,-0.00647,0.00827,0.0029,-0.0085,-0.03108,0.04390,0.00263,1,1,0.077,0.147,in_circle,0.0097,0.1468,0.0000,0.0000,0
138.897,2,2766,-0.00667,0.00828,-0.0047,0.0003,-0.03040,0.04180,0.00255,1,1,-0.005,0.175,in_circle,0.0097,0.1468,0.0000,0.0000,0
138.942,2,2767,-0.00642,0.00884,0.0057,0.0126,-0.03153,0.04288,0.00316,1,1,0.026,0.140,in_circle,0.0097,0.1468,0.0000,0.0000,0
138.985,2,2768,-0.00710,0.00839,-0.0160,-0.0107,-0.03107,0.04500,0.00249,1,1,-0.017,0.089,in_circle,0.0097,0.1468,0.0000,0.0000,0
139.030,2,2769,-0.00643,0.00832,0.0147,-0.0014,-0.03149,0.04502,0.00270,1,1,0.072,0.184,in_circle,0.0097,0.1468,0.0000,0.0000,0
139.072,2,2770,-0.00647,0.00831,-0.0009,-0.0003,-0.02915,0.04376,0.00266,1,1,-0.053,0.147,in_circle,0.0097,0.1468,0.0000,0.0000,0
139.118,2,2771,-0.00594,0.00784,0.0115,-0.0103,-0.03183,0.04416,0.00261,1,1,0.010,0.142,in_circle,0.0097,0.1468,0.0000,0.0000,0
139.161,2,2772,-0.00627,0.00841,-0.0079,0.0136,-0.03120,0.04292,0.00285,1,1,-0.041,0.184,in_circle,0.0097,0.1468,0.0000,0.0000,0
139.205,2,2773,-0.00661,0.00822,-0.0076,-0.0042,-0.03100,0.04490,0.00252,1,1,0.037,0.086,in_circle,0.0097,0.1468,0.0000,0.0000,0
139.250,2,2774,-0.00562,0.00821,0.0223,-0.0002,-0.03250,0.04529,0.00311,1,1,0.037,0.158,in_circle,0.0097,0.1468,0.0000,0.0000,0
139.337,2,2775,-0.00689,0.00837,-0.0146,0.0018,-0.03179,0.04478,0.00254,1,1,-0.085,0.142,in_circle,0.0097,0.1468,0.0000,0.0000,0
139.381,2,2776,-0.00621,0.00844,0.0153,0.0016,-0.03123,0.04506,0.00291,1,1,0.066,0.134,in_circle,0.0097,0.1468,0.0000,0.0000,0
139.425,2,2777,-0.00664,0.00820,-0.0100,-0.0055,-0.03215,0.04345,0.00249,1,1,-0.055,0.134,in_circle,0.0097,0.1468,0.0000,0.0000,0
139.470,2,2778,-0.00675,0.00824,-0.0024,0.0008,-0.03104,0.04428,0.00247,1,1,0.047,0.163,in_circle,0.0097,0.1468,0.0000,0.0000,0
139.513,2,2779,-0.00570,0.00861,0.0249,0.0089,-0.03176,0.04341,0.00335,1,1,0.017,0.138,in_circle,0.0097,0.1468,0.0000,0.0000,0
139.558,2,2780,-0.00665,0.00838,-0.0211,-0.0052,-0.03147,0.04386,0.00264,1,1,-0.095,0.105,in_circle,0.0097,0.1468,0.0000,0.0000,0
139.601,2,2781,-0.00648,0.00812,0.0040,-0.0059,-0.03139,0.04615,0.00250,1,1,0.091,0.162,in_circle,0.0097,0.1468,0.0000,0.0000,0
139.645,2,2782,-0.00674,0.00807,-0.0059,-0.0011,-0.03119,0.04407,0.00233,1,1,-0.010,0.165,in_circle,0.0097,0.1468,0.0000,0.0000,0
139.689,2,2783,-0.00682,0.00824,-0.0020,0.0040,-0.02973,0.04606,0.00245,1,1,0.030,0.146,in_circle,0.0097,0.1468,0.0000,0.0000,0
139.734,2,2784,-0.00580,0.00825,0.0227,0.0001,-0.02968,0.04638,0.00301,1,1,0.015,0.125,in_circle,0.0097,0.1468,0.0000,0.0000,0
139.777,2,2785,-0.00652,0.00819,-0.0169,-0.0014,-0.02995,0.04499,0.00254,1,1,-0.086,0.141,in_circle,0.0097,0.1468,0.0000,0.0000,0
139.822,2,2786,-0.00614,0.00861,0.0084,0.0092,-0.03112,0.04668,0.00309,1,1,0.074,0.147,in_circle,0.0097,0.1468,0.0000,0.0000,0
139.865,2,2787,-0.00675,0.00833,-0.0144,-0.0065,-0.03155,0.04372,0.00255,1,1,-0.028,0.104,in_circle,0.0097,0.1468,0.0000,0.0000,0
139.909,2,2788,-0.00650,0.00869,0.0058,0.0082,-0.03022,0.04463,0.00299,1,1,0.065,0.167,in_circle,0.0097,0.1468,0.0000,0.0000,0
139.953,2,2789,-0.00637,0.00853,0.0029,-0.0038,-0.03003,0.04534,0.00290,1,1,-0.017,0.107,in_circle,0.0097,0.1468,0.0000,0.0000,0
139.997,2,2790,-0.00654,0.00813,-0.0037,-0.0090,-0.03170,0.04627,0.00247,1,1,-0.006,0.156,in_circle,0.0097,0.1468,0.0000,0.0000,0
140.041,2,2791,-0.00588,0.00835,0.0151,0.0051,-0.02981,0.04599,0.00303,1,1,0.021,0.178,in_circle,0.0097,0.1468,0.0000,0.0000,0
140.086,2,2792,-0.00653,0.00803,-0.0145,-0.0071,-0.03175,0.04497,0.00239,1,1,-0.055,0.120,in_circle,0.0097,0.1468,0.0000,0.0000,0
140.130,2,2793,-0.00647,0.00829,0.0015,0.0058,-0.03172,0.04567,0.00265,1,1,0.065,0.170,in_circle,0.0097,0.1468,0.0000,0.0000,0
140.173,2,2794,-0.00655,0.00851,-0.0020,0.0052,-0.03166,0.04461,0.00281,1,1,0.000,0.118,in_circle,0.0097,0.1468,0.0000,0.0000,0
140.218,2,2795,-0.00635,0.00828,0.0045,-0.0051,-0.03160,0.04502,0.00270,1,1,0.014,0.120,in_circle,0.0097,0.1468,0.0000,0.0000,0
140.261,2,2796,-0.00686,0.00852,-0.0117,0.0053,-0.03105,0.04560,0.00269,1,1,-0.012,0.162,in_circle,0.0097,0.1468,0.0000,0.0000,0
140.305,2,2797,-0.00644,0.00859,0.0097,0.0017,-0.03131,0.04444,0.00293,1,1,0.054,0.119,in_circle,0.0097,0.1468,0.0000,0.0000,0
140.349,2,2798,-0.00598,0.00843,0.0103,-0.0037,-0.03181,0.04437,0.00303,1,1,-0.033,0.133,in_circle,0.0097,0.1468,0.0000,0.0000,0
140.393,2,2799,-0.00613,0.00817,-0.0034,-0.0059,-0.03165,0.04634,0.00274,1,1,-0.036,0.156,in_circle,0.0097,0.1468,0.0000,0.0000,0
140.438,2,2800,-0.00592,0.00841,0.0046,0.0053,-0.03173,0.04403,0.00305,1,1,0.019,0.165,in_circle,0.0097,0.1468,0.0000,0.0000,0
140.481,2,2801,-0.00676,0.00845,-0.0196,0.0010,-0.03242,0.04415,0.00266,1,1,-0.013,0.120,in_circle,0.0097,0.1468,0.0000,0.0000,0
140.527,2,2802,-0.00663,0.00850,0.0028,0.0011,-0.03284,0.04366,0.00276,1,1,0.085,0.137,in_circle,0.0097,0.1468,0.0000,0.0000,0
140.569,2,2803,-0.00624,0.00873,0.0092,0.0056,-0.03168,0.04427,0.00314,1,1,-0.004,0.136,in_circle,0.0097,0.1468,0.0000,0.0000,0
140.614,2,2804,-0.00611,0.00846,0.0031,-0.0061,-0.03121,0.04566,0.00299,1,1,-0.031,0.118,in_circle,0.0097,0.1468,0.0000,0.0000,0
140.658,2,2805,-0.00683,0.00856,-0.0165,0.0023,-0.03176,0.04633,0.00274,1,1,-0.007,0.165,in_circle,0.0097,0.1468,0.0000,0.0000,0
140.701,2,2806,-0.00666,0.00828,0.0039,-0.0063,-0.03079,0.04325,0.00255,1,1,0.073,0.131,in_circle,0.0097,0.1468,0.0000,0.0000,0
140.745,2,2807,-0.00693,0.00826,-0.0060,-0.0005,-0.03063,0.04494,0.00242,1,1,-0.009,0.166,in_circle,0.0097,0.1468,0.0000,0.0000,0
140.789,2,2808,-0.00651,0.00812,0.0095,-0.0033,-0.03116,0.04476,0.00248,1,1,0.032,0.143,in_circle,0.0097,0.1468,0.0000,0.0000,0
140.840,2,2809,-0.00651,0.00812,0.0000,0.0000,-0.03160,0.04502,0.00248,0,0,-0.031,0.155,in_circle,0.0097,0.1468,0.0000,0.0000,0
140.924,2,2810,-0.00594,0.00856,0.0068,0.0053,-0.03109,0.04387,0.00317,1,1,0.006,0.141,in_circle,0.0096,0.1467,0.0000,0.0000,0
140.966,2,2811,-0.00641,0.00843,-0.0114,-0.0031,-0.03183,0.04416,0.00280,1,1,-0.022,0.119,in_circle,0.0096,0.1467,0.0000,0.0000,0
141.009,2,2812,-0.00641,0.00827,-0.0000,-0.0038,-0.03174,0.04386,0.00266,1,1,0.052,0.153,in_circle,0.0096,0.1467,0.0000,0.0000,0
141.054,2,2813,-0.00636,0.00864,0.0011,0.0083,-0.03170,0.04336,0.00301,1,1,0.006,0.156,in_circle,0.0096,0.1467,0.0000,0.0000,0
141.097,2,2814,-0.00665,0.00838,-0.0068,-0.0061,-0.03109,0.04676,0.00264,1,1,0.002,0.107,in_circle,0.0096,0.1467,0.0000,0.0000,0
141.141,2,2815,-0.00652,0.00840,0.0029,0.0004,-0.02940,0.04724,0.00272,1,1,0.034,0.165,in_circle,0.0096,0.1467,0.0000,0.0000,0
141.186,2,2816,-0.00693,0.00828,-0.0092,-0.0026,-0.03085,0.04608,0.00244,1,1,-0.005,0.139,in_circle,0.0096,0.1467,0.0000,0.0000,0
141.230,2,2817,-0.00634,0.00819,0.0134,-0.0020,-0.03125,0.04444,0.00263,1,1,0.044,0.152,in_circle,0.0096,0.1467,0.0000,0.0000,0
141.273,2,2818,-0.00666,0.00767,-0.0073,-0.0120,-0.03097,0.04497,0.00203,1,1,-0.048,0.149,in_circle,0.0096,0.1467,0.0000,0.0000,0
141.363,2,2819,-0.00629,0.00813,0.0040,0.0050,-0.03085,0.04415,0.00261,1,1,0.036,0.190,in_circle,0.0096,0.1467,0.0000,0.0000,0
141.406,2,2820,-0.00657,0.00845,-0.0064,0.0074,-0.03097,0.04331,0.00274,1,1,-0.010,0.121,in_circle,0.0096,0.1467,0.0000,0.0000,0
141.450,2,2821,-0.00658,0.00875,-0.0002,0.0068,-0.03242,0.04415,0.00301,1,1,0.032,0.111,in_circle,0.0096,0.1467,0.0000,0.0000,0
141.494,2,2822,-0.00582,0.00849,0.0171,-0.0058,-0.03172,0.04489,0.00318,1,1,0.007,0.113,in_circle,0.0096,0.1467,0.0000,0.0000,0
141.537,2,2823,-0.00640,0.00885,-0.0136,0.0083,-0.03119,0.04466,0.00317,1,1,-0.064,0.164,in_circle,0.0096,0.1467,0.0000,0.0000,0
141.581,2,2824,-0.00655,0.00860,-0.0033,-0.0055,-0.03162,0.04424,0.00289,1,1,0.060,0.106,in_circle,0.0096,0.1467,0.0000,0.0000,0
141.625,2,2825,-0.00586,0.00835,0.0159,-0.0059,-0.03203,0.04400,0.00304,1,1,0.020,0.162,in_circle,0.0096,0.1467,0.0000,0.0000,0
141.670,2,2826,-0.00689,0.00840,-0.0224,0.0012,-0.02948,0.04624,0.00257,1,1,-0.059,0.164,in_circle,0.0096,0.1467,0.0000,0.0000,0
141.714,2,2827,-0.00655,0.00845,0.0077,0.0010,-0.03046,0.04440,0.00275,1,1,0.097,0.136,in_circle,0.0096,0.1467,0.0000,0.0000,0
141.758,2,2828,-0.00602,0.00842,0.0119,-0.0007,-0.03148,0.04298,0.00300,1,1,-0.024,0.137,in_circle,0.0096,0.1467,0.0000,0.0000,0
141.801,2,2829,-0.00585,0.00769,0.0041,-0.0169,-0.03138,0.04687,0.00258,1,1,-0.042,0.144,in_circle,0.0096,0.1467,0.0000,0.0000,0
141.845,2,2830,-0.00684,0.00845,-0.0225,0.0173,-0.03174,0.04514,0.00263,1,1,-0.012,0.210,in_circle,0.0096,0.1467,0.0000,0.0000,0
141.890,2,2831,-0.00684,0.00787,0.0001,-0.0130,-0.03194,0.04289,0.00210,1,1,0.097,0.071,in_circle,0.0096,0.1467,0.0000,0.0000,0
141.933,2,2832,-0.00561,0.00870,0.0284,0.0192,-0.03438,0.04269,0.00348,1,1,0.007,0.194,in_circle,0.0096,0.1467,0.0000,0.0000,0
141.977,2,2833,-0.00636,0.00865,-0.0173,-0.0011,-0.02961,0.04605,0.00302,1,1,-0.110,0.063,in_circle,0.0096,0.1467,0.0000,0.0000,0
142.022,2,2834,-0.00653,0.00831,-0.0039,-0.0077,-0.03172,0.04448,0.00263,1,1,0.075,0.144,in_circle,0.0096,0.1467,0.0000,0.0000,0
142.065,2,2835,-0.00641,0.00857,0.0028,0.0061,-0.02903,0.04118,0.00292,1,1,0.022,0.172,in_circle,0.0096,0.1467,0.0000,0.0000,0
142.110,2,2836,-0.00637,0.00845,0.0011,-0.0027,-0.03138,0.04368,0.00284,1,1,-0.005,0.116,in_circle,0.0096,0.1467,0.0000,0.0000,0
142.154,2,2837,-0.00659,0.00805,-0.0051,-0.0090,-0.03105,0.04545,0.00238,1,1,0.002,0.151,in_circle,0.0096,0.1467,0.0000,0.0000,0
142.198,2,2838,-0.00672,0.00863,-0.0029,0.0132,-0.03150,0.04304,0.00284,1,1,0.027,0.178,in_circle,0.0096,0.1467,0.0000,0.0000,0
142.241,2,2839,-0.00653,0.00820,0.0044,-0.0100,-0.03176,0.04341,0.00254,1,1,0.019,0.087,in_circle,0.0096,0.1467,0.0000,0.0000,0
142.286,2,2840,-0.00631,0.00867,0.0048,0.0106,-0.03230,0.04318,0.00306,1,1,-0.011,0.181,in_circle,0.0096,0.1467,0.0000,0.0000,0
142.328,2,2841,-0.00669,0.00837,-0.0088,-0.0071,-0.03065,0.04296,0.00262,1,1,-0.013,0.098,in_circle,0.0096,0.1467,0.0000,0.0000,0
142.374,2,2842,-0.00646,0.00824,0.0050,-0.0029,-0.03323,0.04259,0.00261,1,1,0.042,0.169,in_circle,0.0096,0.1467,0.0000,0.0000,0
142.417,2,2843,-0.00648,0.00811,-0.0003,-0.0031,-0.03137,0.04388,0.00249,1,1,-0.014,0.153,in_circle,0.0096,0.1467,0.0000,0.0000,0
142.463,2,2844,-0.00669,0.00854,-0.0047,0.0096,-0.03208,0.04354,0.00277,1,1,0.008,0.154,in_circle,0.0096,0.1467,0.0000,0.0000,0
142.506,2,2845,-0.00631,0.00810,0.0088,-0.0102,-0.03148,0.04332,0.00257,1,1,0.026,0.102,in_circle,0.0096,0.1467,0.0000,0.0000,0
142.549,2,2846,-0.00673,0.00873,-0.0097,0.0145,-0.03248,0.04350,0.00293,1,1,-0.029,0.182,in_circle,0.0096,0.1467,0.0000,0.0000,0
142.593,2,2847,-0.00664,0.00854,0.0020,-0.0044,-0.03105,0.04621,0.00279,1,1,0.046,0.082,in_circle,0.0096,0.1467,0.0000,0.0000,0
142.638,2,2848,-0.00670,0.00812,-0.0012,-0.0095,-0.03201,0.04458,0.00239,1,1,-0.001,0.158,in_circle,0.0096,0.1467,0.0000,0.0000,0
142.681,2,2849,-0.00660,0.00831,0.0023,0.0044,-0.02718,0.04586,0.00260,1,1,0.011,0.179,in_circle,0.0096,0.1467,0.0000,0.0000,0
142.726,2,2850,-0.00632,0.00830,0.0062,-0.0002,-0.03142,0.04516,0.00274,1,1,-0.002,0.123,in_circle,0.0096,0.1467,0.0000,0.0000,0
142.770,2,2851,-0.00646,0.00832,-0.0033,0.0004,-0.03139,0.04615,0.00268,1,1,-0.019,0.142,in_circle,0.0096,0.1467,0.0000,0.0000,0
142.814,2,2852,-0.00574,0.00853,0.0163,0.0047,-0.03164,0.04440,0.00326,1,1,0.019,0.139,in_circle,0.0096,0.1467,0.0000,0.0000,0
142.857,2,2853,-0.00681,0.00795,-0.0249,-0.0134,-0.03141,0.04509,0.00219,1,1,-0.061,0.121,in_circle,0.0096,0.1467,0.0000,0.0000,0
142.902,2,2854,-0.00675,0.00811,0.0012,0.0035,-0.03135,0.04748,0.00235,1,1,0.107,0.196,in_circle,0.0096,0.1467,0.0000,0.0000,0
142.946,2,2855,-0.00656,0.00869,0.0044,0.0133,-0.03233,0.04496,0.00296,1,1,0.002,0.127,in_circle,0.0096,0.1467,0.0000,0.0000,0
142.990,2,2856,-0.00652,0.00859,0.0011,-0.0023,-0.03180,0.04784,0.00289,1,1,-0.011,0.087,in_circle,0.0096,0.1467,0.0000,0.0000,0
143.033,2,2857,-0.00648,0.00874,0.0009,0.0036,-0.03074,0.04824,0.00304,1,1,0.002,0.149,in_circle,0.0096,0.1467,0.0000,0.0000,0
143.079,2,2858,-0.00624,0.00832,0.0051,-0.0093,-0.02958,0.04669,0.00279,1,1,0.003,0.125,in_circle,0.0096,0.1467,0.0000,0.0000,0
143.121,2,2859,-0.00631,0.00806,-0.0015,-0.0060,-0.02961,0.04605,0.00255,1,1,-0.015,0.178,in_circle,0.0096,0.1467,0.0000,0.0000,0
143.166,2,2860,-0.00615,0.00829,0.0035,0.0051,-0.03015,0.04514,0.00283,1,1,0.012,0.165,in_circle,0.0096,0.1467,0.0000,0.0000,0
143.210,2,2861,-0.00598,0.00810,0.0037,-0.0045,-0.03193,0.04647,0.00277,1,1,-0.009,0.121,in_circle,0.0096,0.1467,0.0000,0.0000,0
143.253,2,2862,-0.00617,0.00846,-0.0044,0.0084,-0.03151,0.04629,0.00295,1,1,-0.010,0.159,in_circle,0.0096,0.1467,0.0000,0.0000,0
143.297,2,2863,-0.00590,0.00827,0.0062,-0.0043,-0.03174,0.04615,0.00296,1,1,0.023,0.107,in_circle,0.0096,0.1467,0.0000,0.0000,0
143.385,2,2864,-0.00639,0.00845,-0.0056,0.0020,-0.03076,0.04568,0.00283,1,1,-0.020,0.158,in_circle,0.0096,0.1467,0.0000,0.0000,0
143.436,2,2865,-0.00639,0.00845,0.0000,0.0000,-0.03100,0.04490,0.00283,0,0,0.028,0.133,in_circle,0.0096,0.1467,0.0000,0.0000,0
143.476,2,2866,-0.00697,0.00830,-0.0144,-0.0039,-0.03165,0.04634,0.00244,1,1,0.006,0.140,in_circle,0.0095,0.1466,0.0000,0.0000,0
143.518,2,2867,-0.00647,0.00827,0.0119,-0.0005,-0.03189,0.04615,0.00264,1,1,0.065,0.157,in_circle,0.0095,0.1466,0.0000,0.0000,0
143.561,2,2868,-0.00651,0.00883,-0.0009,0.0129,-0.03163,0.04421,0.00311,1,1,-0.042,0.143,in_circle,0.0095,0.1466,0.0000,0.0000,0
143.607,2,2869,-0.00620,0.00802,0.0067,-0.0177,-0.03160,0.04502,0.00258,1,1,0.010,0.088,in_circle,0.0095,0.1466,0.0000,0.0000,0
143.649,2,2870,-0.00653,0.00816,-0.0077,0.0033,-0.03162,0.04424,0.00251,1,1,-0.021,0.212,in_circle,0.0095,0.1466,0.0000,0.0000,0
143.694,2,2871,-0.00656,0.00817,-0.0007,0.0001,-0.03041,0.04361,0.00250,1,1,0.037,0.128,in_circle,0.0095,0.1466,0.0000,0.0000,0
143.738,2,2872,-0.00655,0.00865,0.0002,0.0108,-0.03411,0.04329,0.00293,1,1,0.009,0.141,in_circle,0.0095,0.1466,0.0000,0.0000,0
143.782,2,2873,-0.00703,0.00791,-0.0110,-0.0169,-0.03242,0.04415,0.00206,1,1,0.005,0.097,in_circle,0.0095,0.1466,0.0000,0.0000,0
143.826,2,2874,-0.00686,0.00828,0.0037,0.0083,-0.03269,0.04515,0.00247,1,1,0.051,0.210,in_circle,0.0095,0.1466,0.0000,0.0000,0
143.871,2,2875,-0.00639,0.00774,0.0104,-0.0120,-0.02990,0.04538,0.00224,1,1,-0.008,0.108,in_circle,0.0095,0.1466,0.0000,0.0000,0
143.914,2,2876,-0.00653,0.00796,-0.0032,0.0050,-0.03338,0.04179,0.00233,1,1,-0.036,0.190,in_circle,0.0095,0.1466,0.0000,0.0000,0
143.957,2,2877,-0.00548,0.00825,0.0247,0.0068,-0.03139,0.04447,0.00324,1,1,0.019,0.122,in_circle,0.0095,0.1466,0.0000,0.0000,0
144.002,2,2878,-0.00659,0.00820,-0.0246,-0.0012,-0.03371,0.04355,0.00251,1,1,-0.095,0.113,in_circle,0.0094,0.1465,0.0000,0.0000,0
144.045,2,2879,-0.00640,0.00851,0.0044,0.0071,-0.03021,0.04449,0.00287,1,1,0.105,0.146,in_circle,0.0094,0.1464,0.0000,0.0000,0
144.091,2,2880,-0.00617,0.00868,0.0051,0.0038,-0.03158,0.04090,0.00314,1,1,-0.012,0.112,in_circle,0.0093,0.1463,0.0000,0.0000,0
144.133,2,2881,-0.00648,0.00843,-0.0076,-0.0059,-0.03058,0.04548,0.00277,1,1,-0.015,0.124,in_circle,0.0092,0.1462,0.0000,0.0000,0
144.179,2,2882,-0.00648,0.00808,0.0000,-0.0078,-0.03003,0.04471,0.00246,1,1,0.036,0.163,in_circle,0.0092,0.1461,0.0000,0.0000,0
144.221,2,2883,-0.00669,0.00828,-0.0048,0.0049,-0.03085,0.04357,0.00254,1,1,0.006,0.172,in_circle,0.0091,0.1460,0.0000,0.0000,0
144.266,2,2884,-0.00647,0.00828,0.0049,-0.0000,-0.03123,0.04521,0.00264,1,1,0.026,0.120,in_circle,0.0091,0.1459,0.0000,0.0000,0
144.309,2,2885,-0.00657,0.00832,-0.0023,0.0009,-0.03098,0.04535,0.00263,1,1,-0.014,0.140,in_circle,0.0090,0.1458,0.0000,0.0000,0
144.355,2,2886,-0.00664,0.00839,-0.0016,0.0015,-0.03073,0.04547,0.00266,1,1,0.015,0.136,in_circle,0.0090,0.1457,0.0000,0.0000,0
144.397,2,2887,-0.00601,0.00811,0.0151,-0.0067,-0.03012,0.04419,0.00277,1,1,0.012,0.133,in_circle,0.0089,0.1456,0.0000,0.0000,0
144.442,2,2888,-0.00643,0.00897,-0.0094,0.0191,-0.02998,0.04392,0.00327,1,1,-0.056,0.167,in_circle,0.0088,0.1455,0.0000,0.0000,0
144.486,2,2889,-0.00664,0.00853,-0.0047,-0.0101,-0.03033,0.04652,0.00279,1,1,0.043,0.062,in_circle,0.0088,0.1455,0.0000,0.0000,0
144.529,2,2890,-0.00674,0.00838,-0.0023,-0.0036,-0.03108,0.04491,0.00260,1,1,0.025,0.179,in_circle,0.0088,0.1455,0.0000,0.0000,0
144.574,2,2891,-0.00630,0.00804,0.0098,-0.0076,-0.02717,0.04378,0.00253,1,1,0.016,0.154,in_circle,0.0088,0.1455,0.0000,0.0000,0
144.617,2,2892,-0.00623,0.00832,0.0016,0.0065,-0.03260,0.04554,0.00280,1,1,-0.034,0.171,in_circle,0.0088,0.1455,0.0000,0.0000,0
144.662,2,2893,-0.00566,0.00824,0.0124,-0.0017,-0.03072,0.04553,0.00310,1,1,-0.001,0.113,in_circle,0.0088,0.1455,0.0000,0.0000,0
144.706,2,2894,-0.00712,0.00849,-0.0334,0.0058,-0.03155,0.04282,0.00259,1,1,-0.046,0.147,in_circle,0.0088,0.1455,0.0000,0.0000,0
144.749,2,2895,-0.00675,0.00801,0.0085,-0.0114,-0.03086,0.04392,0.00226,1,1,0.141,0.116,in_circle,0.0088,0.1455,0.0000,0.0000,0
144.800,2,2896,-0.00675,0.00801,0.0000,0.0000,-0.03154,0.04245,0.00226,0,0,-0.028,0.186,in_circle,0.0088,0.1455,0.0000,0.0000,0
144.838,2,2897,-0.00669,0.00817,0.0016,0.0044,-0.03059,0.04632,0.00244,1,1,0.006,0.140,in_circle,0.0088,0.1454,0.0000,0.0000,0
144.882,2,2898,-0.00605,0.00888,0.0146,0.0161,-0.03293,0.04729,0.00337,1,1,-0.000,0.122,in_circle,0.0088,0.1454,0.0000,0.0000,0
144.926,2,2899,-0.00579,0.00873,0.0060,-0.0035,-0.03159,0.04288,0.00339,1,1,-0.054,0.074,in_circle,0.0088,0.1454,0.0000,0.0000,0
144.971,2,2900,-0.00594,0.00886,-0.0035,0.0027,-0.03153,0.04549,0.00341,1,1,-0.020,0.152,in_circle,0.0088,0.1454,0.0000,0.0000,0
145.014,2,2901,-0.00682,0.00825,-0.0202,-0.0140,-0.02924,0.04531,0.00246,1,1,0.018,0.127,in_circle,0.0088,0.1454,0.0000,0.0000,0
145.059,2,2902,-0.00671,0.00801,0.0023,-0.0055,-0.02974,0.04439,0.00228,1,1,0.087,0.196,in_circle,0.0088,0.1454,0.0000,0.0000,0
145.101,2,2903,-0.00667,0.00804,0.0010,0.0008,-0.02980,0.04504,0.00233,1,1,-0.003,0.162,in_circle,0.0088,0.1454,0.0000,0.0000,0
145.147,2,2904,-0.00591,0.00820,0.0167,0.0035,-0.03260,0.04472,0.00290,1,1,0.002,0.137,in_circle,0.0088,0.1454,0.0000,0.0000,0
145.189,2,2905,-0.00676,0.00847,-0.0201,0.0063,-0.03151,0.04523,0.00268,1,1,-0.063,0.126,in_circle,0.0088,0.1454,0.0000,0.0000,0
145.235,2,2906,-0.00654,0.00862,0.0047,0.0032,-0.03203,0.04391,0.00291,1,1,0.086,0.114,in_circle,0.0088,0.1454,0.0000,0.0000,0
145.278,2,2907,-0.00583,0.00862,0.0164,0.0001,-0.03270,0.04297,0.00328,1,1,-0.013,0.126,in_circle,0.0088,0.1454,0.0000,0.0000,0
145.323,2,2908,-0.00673,0.00853,-0.0202,-0.0019,-0.03170,0.04627,0.00275,1,1,-0.062,0.139,in_circle,0.0088,0.1454,0.0000,0.0000,0
145.411,2,2909,-0.00656,0.00841,0.0019,-0.0014,-0.03104,0.04185,0.00271,1,1,0.087,0.147,in_circle,0.0088,0.1454,0.0000,0.0000,0
145.453,2,2910,-0.00629,0.00866,0.0065,0.0061,-0.03134,0.04153,0.00306,1,1,-0.002,0.145,in_circle,0.0088,0.1454,0.0000,0.0000,0
145.498,2,2911,-0.00642,0.00859,-0.0029,-0.0017,-0.03095,0.04414,0.00293,1,1,-0.021,0.114,in_circle,0.0088,0.1454,0.0000,0.0000,0
145.541,2,2912,-0.00645,0.00815,-0.0007,-0.0100,-0.03151,0.04531,0.00254,1,1,0.017,0.146,in_circle,0.0088,0.1454,0.0000,0.0000,0
145.586,2,2913,-0.00656,0.00824,-0.0024,0.0019,-0.03113,0.04287,0.00256,1,1,0.008,0.180,in_circle,0.0088,0.1454,0.0000,0.0000,0
145.631,2,2914,-0.00666,0.00842,-0.0022,0.0041,-0.03207,0.04370,0.00268,1,1,0.015,0.132,in_circle,0.0088,0.1454,0.0000,0.0000,0
145.673,2,2915,-0.00643,0.00805,0.0055,-0.0088,-0.03220,0.04441,0.00246,1,1,0.015,0.123,in_circle,0.0088,0.1454,0.0000,0.0000,0
145.718,2,2916,-0.00650,0.00821,-0.0016,0.0036,-0.03121,0.04339,0.00256,1,1,-0.016,0.176,in_circle,0.0088,0.1454,0.0000,0.0000,0
145.761,2,2917,-0.00601,0.00829,0.0112,0.0018,-0.03205,0.04361,0.00290,1,1,0.012,0.125,in_circle,0.0088,0.1454,0.0000,0.0000,0
145.806,2,2918,-0.00652,0.00844,-0.0113,0.0034,-0.03173,0.04484,0.00275,1,1,-0.040,0.132,in_circle,0.0088,0.1454,0.0000,0.0000,0
145.851,2,2919,-0.00610,0.00827,0.0095,-0.0038,-0.03061,0.04449,0.00283,1,1,0.051,0.126,in_circle,0.0088,0.1454,0.0000,0.0000,0
145.894,2,2920,-0.00652,0.00825,-0.0099,-0.0003,-0.03087,0.04278,0.00259,1,1,-0.034,0.155,in_circle,0.0088,0.1454,0.0000,0.0000,0
145.938,2,2921,-0.00670,0.00838,-0.0040,0.0029,-0.03003,0.04520,0.00262,1,1,0.045,0.141,in_circle,0.0088,0.1454,0.0000,0.0000,0
145.982,2,2922,-0.00632,0.00829,0.0086,-0.0020,-0.03127,0.04410,0.00273,1,1,0.022,0.128,in_circle,0.0088,0.1454,0.0000,0.0000,0
146.026,2,2923,-0.00697,0.00853,-0.0147,0.0055,-0.03055,0.04735,0.00267,1,1,-0.029,0.148,in_circle,0.0088,0.1454,0.0000,0.0000,0
146.070,2,2924,-0.00602,0.00836,0.0213,-0.0040,-0.02996,0.04558,0.00295,1,1,0.066,0.117,in_circle,0.0088,0.1454,0.0000,0.0000,0
146.114,2,2925,-0.00656,0.00832,-0.0125,-0.0008,-0.03073,0.04544,0.00263,1,1,-0.081,0.155,in_circle,0.0088,0.1454,0.0000,0.0000,0
146.158,2,2926,-0.00653,0.00798,0.0009,-0.0079,-0.03115,0.04747,0.00235,1,1,0.056,0.143,in_circle,0.0088,0.1454,0.0000,0.0000,0
146.201,2,2927,-0.00566,0.00842,0.0199,0.0101,-0.03175,0.04193,0.00323,1,1,0.002,0.172,in_circle,0.0088,0.1454,0.0000,0.0000,0
146.247,2,2928,-0.00667,0.00810,-0.0222,-0.0069,-0.03079,0.04603,0.00239,1,1,-0.076,0.099,in_circle,0.0088,0.1454,0.0000,0.0000,0
146.290,2,2929,-0.00592,0.00804,0.0172,-0.0015,-0.03095,0.04559,0.00277,1,1,0.095,0.168,in_circle,0.0088,0.1454,0.0000,0.0000,0
146.334,2,2930,-0.00690,0.00816,-0.0222,0.0026,-0.02993,0.04450,0.00234,1,1,-0.065,0.146,in_circle,0.0088,0.1454,0.0000,0.0000,0
146.377,2,2931,-0.00620,0.00860,0.0162,0.0104,-0.03201,0.04386,0.00306,1,1,0.096,0.129,in_circle,0.0088,0.1454,0.0000,0.0000,0
146.423,2,2932,-0.00650,0.00824,-0.0066,-0.0081,-0.03083,0.04465,0.00259,1,1,-0.060,0.097,in_circle,0.0088,0.1454,0.0000,0.0000,0
146.467,2,2933,-0.00668,0.00826,-0.0042,0.0006,-0.03005,0.04605,0.00252,1,1,0.032,0.172,in_circle,0.0088,0.1454,0.0000,0.0000,0
146.510,2,2934,-0.00578,0.00780,0.0206,-0.0107,-0.03042,0.04573,0.00270,1,1,0.023,0.137,in_circle,0.0088,0.1454,0.0000,0.0000,0
146.553,2,2935,-0.00692,0.00820,-0.0267,0.0093,-0.03144,0.04595,0.00236,1,1,-0.079,0.184,in_circle,0.0088,0.1454,0.0000,0.0000,0
146.598,2,2936,-0.00637,0.00808,0.0123,-0.0026,-0.03150,0.04627,0.00252,1,1,0.113,0.103,in_circle,0.0088,0.1454,0.0000,0.0000,0
146.641,2,2937,-0.00630,0.00808,0.0017,0.0000,-0.03256,0.04478,0.00257,1,1,-0.044,0.151,in_circle,0.0088,0.1454,0.0000,0.0000,0
146.687,2,2938,-0.00692,0.00836,-0.0138,0.0063,-0.03139,0.04615,0.00252,1,1,-0.002,0.140,in_circle,0.0088,0.1454,0.0000,0.0000,0
146.730,2,2939,-0.00584,0.00832,0.0251,-0.0010,-0.03145,0.04620,0.00304,1,1,0.062,0.114,in_circle,0.0088,0.1454,0.0000,0.0000,0
146.775,2,2940,-0.00593,0.00795,-0.0021,-0.0082,-0.02983,0.04570,0.00270,1,1,-0.097,0.143,in_circle,0.0088,0.1454,0.0000,0.0000,0
146.818,2,2941,-0.00664,0.00849,-0.0165,0.0125,-0.03136,0.04483,0.00275,1,1,0.013,0.173,in_circle,0.0088,0.1454,0.0000,0.0000,0
146.863,2,2942,-0.00672,0.00842,-0.0018,-0.0016,-0.03071,0.04388,0.00265,1,1,0.072,0.089,in_circle,0.0088,0.1454,0.0000,0.0000,0
146.905,2,2943,-0.00624,0.00838,0.0115,-0.0008,-0.03150,0.04332,0.00285,1,1,0.013,0.146,in_circle,0.0088,0.1454,0.0000,0.0000,0
146.950,2,2944,-0.00701,0.00825,-0.0174,-0.0030,-0.02786,0.04458,0.00238,1,1,-0.041,0.143,in_circle,0.0088,0.1454,0.0000,0.0000,0
146.994,2,2945,-0.00668,0.00817,0.0076,-0.0018,-0.02991,0.04526,0.00244,1,1,0.076,0.152,in_circle,0.0088,0.1454,0.0000,0.0000,0
147.038,2,2946,-0.00652,0.00800,0.0036,-0.0038,-0.03071,0.04448,0.00238,1,1,-0.024,0.147,in_circle,0.0088,0.1454,0.0000,0.0000,0
147.081,2,2947,-0.00671,0.00837,-0.0046,0.0087,-0.03077,0.04683,0.00261,1,1,-0.009,0.156,in_circle,0.0088,0.1454,0.0000,0.0000,0
147.126,2,2948,-0.00657,0.00843,0.0031,0.0014,-0.03057,0.04450,0.00273,1,1,0.024,0.105,in_circle,0.0088,0.1454,0.0000,0.0000,0
147.171,2,2949,-0.00684,0.00827,-0.0059,-0.0036,-0.03064,0.04638,0.00247,1,1,-0.007,0.134,in_circle,0.0088,0.1454,0.0000,0.0000,0
147.214,2,2950,-0.00697,0.00785,-0.0029,-0.0097,-0.03151,0.04501,0.00203,1,1,0.030,0.154,in_circle,0.0088,0.1454,0.0000,0.0000,0
147.258,2,2951,-0.00675,0.00834,0.0050,0.0113,-0.03049,0.04534,0.00257,1,1,0.018,0.180,in_circle,0.0088,0.1454,0.0000,0.0000,0
147.303,2,2952,-0.00623,0.00868,0.0114,0.0075,-0.03101,0.04449,0.00310,1,1,-0.014,0.094,in_circle,0.0088,0.1454,0.0000,0.0000,0
147.345,2,2953,-0.00649,0.00877,-0.0059,0.0021,-0.03256,0.04333,0.00306,1,1,-0.041,0.109,in_circle,0.0088,0.1454,0.0000,0.0000,0
147.433,2,2954,-0.00675,0.00869,-0.0030,-0.0008,-0.03250,0.04250,0.00289,1,1,0.029,0.130,in_circle,0.0088,0.1454,0.0000,0.0000,0
147.479,2,2955,-0.00599,0.00857,0.0169,-0.0028,-0.03146,0.04440,0.00314,1,1,0.018,0.142,in_circle,0.0088,0.1454,0.0000,0.0000,0
147.523,2,2956,-0.00660,0.00848,-0.0138,-0.0020,-0.03139,0.04437,0.00276,1,1,-0.063,0.150,in_circle,0.0088,0.1454,0.0000,0.0000,0
147.566,2,2957,-0.00608,0.00798,0.0118,-0.0115,-0.03176,0.04341,0.00262,1,1,0.061,0.147,in_circle,0.0088,0.1454,0.0000,0.0000,0
147.610,2,2958,-0.00545,0.00897,0.0144,0.0226,-0.03137,0.04192,0.00379,1,1,-0.043,0.187,in_circle,0.0088,0.1454,0.0000,0.0000,0
147.655,2,2959,-0.00573,0.00824,-0.0063,-0.0165,-0.03172,0.04567,0.00305,1,1,-0.055,0.048,in_circle,0.0087,0.1452,0.0000,0.0000,0
147.698,2,2960,-0.00640,0.00830,-0.0154,0.0015,-0.03305,0.04367,0.00269,1,1,0.029,0.206,in_circle,0.0086,0.1451,0.0000,0.0000,0
147.742,2,2961,-0.00675,0.00845,-0.0081,0.0034,-0.02969,0.04095,0.00266,1,1,0.067,0.133,in_circle,0.0085,0.1450,0.0000,0.0000,0
147.786,2,2962,-0.00636,0.00827,0.0088,-0.0041,-0.03288,0.04296,0.00269,1,1,0.038,0.125,in_circle,0.0085,0.1449,0.0000,0.0000,0
147.831,2,2963,-0.00677,0.00841,-0.0090,0.0031,-0.03214,0.04522,0.00262,1,1,-0.031,0.155,in_circle,0.0084,0.1448,0.0000,0.0000,0
147.874,2,2964,-0.00593,0.00839,0.0192,-0.0005,-0.03162,0.04404,0.00303,1,1,0.042,0.126,in_circle,0.0084,0.1447,0.0000,0.0000,0
147.918,2,2965,-0.00602,0.00838,-0.0020,-0.0002,-0.03095,0.04573,0.00297,1,1,-0.073,0.141,in_circle,0.0083,0.1446,0.0000,0.0000,0
147.962,2,2966,-0.00650,0.00815,-0.0107,-0.0051,-0.03129,0.04603,0.00251,1,1,0.012,0.139,in_circle,0.0083,0.1446,0.0000,0.0000,0
148.006,2,2967,-0.00681,0.00813,-0.0072,-0.0005,-0.03116,0.04308,0.00235,1,1,0.048,0.160,in_circle,0.0083,0.1446,0.0000,0.0000,0
148.050,2,2968,-0.00616,0.00875,0.0145,0.0141,-0.03196,0.04466,0.00320,1,1,0.034,0.141,in_circle,0.0083,0.1446,0.0000,0.0000,0
148.094,2,2969,-0.00670,0.00811,-0.0123,-0.0148,-0.03176,0.04341,0.00238,1,1,-0.054,0.081,in_circle,0.0083,0.1446,0.0000,0.0000,0
148.138,2,2970,-0.00587,0.00847,0.0190,0.0084,-0.03227,0.04547,0.00314,1,1,0.055,0.198,in_circle,0.0083,0.1446,0.0000,0.0000,0
148.181,2,2971,-0.00631,0.00846,-0.0101,-0.0003,-0.02983,0.04356,0.00288,1,1,-0.073,0.105,in_circle,0.0083,0.1446,0.0000,0.0000,0
148.228,2,2972,-0.00699,0.00795,-0.0147,-0.0110,-0.03235,0.04495,0.00211,1,1,0.045,0.140,in_circle,0.0083,0.1446,0.0000,0.0000,0
148.271,2,2973,-0.00657,0.00850,0.0096,0.0126,-0.02958,0.04436,0.00278,1,1,0.065,0.184,in_circle,0.0083,0.1445,0.0000,0.0000,0
148.315,2,2974,-0.00594,0.00801,0.0142,-0.0111,-0.03107,0.04424,0.00274,1,1,-0.033,0.088,in_circle,0.0083,0.1445,0.0000,0.0000,0
148.359,2,2975,-0.00673,0.00823,-0.0179,0.0050,-0.03008,0.04491,0.00247,1,1,-0.053,0.184,in_circle,0.0083,0.1445,0.0000,0.0000,0
148.401,2,2976,-0.00644,0.00837,0.0067,0.0033,-0.02887,0.04452,0.00273,1,1,0.077,0.119,in_circle,0.0083,0.1445,0.0000,0.0000,0
148.447,2,2977,-0.00647,0.00791,-0.0006,-0.0100,-0.03179,0.04411,0.00233,1,1,-0.022,0.125,in_circle,0.0083,0.1445,0.0000,0.0000,0
148.490,2,2978,-0.00684,0.00829,-0.0087,0.0088,-0.02988,0.04687,0.00248,1,1,0.007,0.180,in_circle,0.0083,0.1445,0.0000,0.0000,0
148.534,2,2979,-0.00683,0.00861,0.0003,0.0072,-0.03098,0.04486,0.00278,1,1,0.041,0.104,in_circle,0.0083,0.1445,0.0000,0.0000,0
148.579,2,2980,-0.00677,0.00831,0.0014,-0.0067,-0.03094,0.04529,0.00253,1,1,0.005,0.109,in_circle,0.0083,0.1445,0.0000,0.0000,0
148.622,2,2981,-0.00638,0.00872,0.0091,0.0097,-0.03050,0.04438,0.00307,1,1,0.000,0.166,in_circle,0.0083,0.1445,0.0000,0.0000,0
148.665,2,2982,-0.00711,0.00827,-0.0170,-0.0104,-0.03117,0.04576,0.00237,1,1,-0.032,0.099,in_circle,0.0083,0.1445,0.0000,0.0000,0
148.710,2,2983,-0.00694,0.00819,0.0038,-0.0018,-0.03133,0.04556,0.00235,1,1,0.074,0.181,in_circle,0.0083,0.1445,0.0000,0.0000,0
148.754,2,2984,-0.00656,0.00845,0.0086,0.0059,-0.02971,0.04466,0.00275,1,1,-0.009,0.146,in_circle,0.0083,0.1445,0.0000,0.0000,0
148.798,2,2985,-0.00645,0.00781,0.0027,-0.0147,-0.03165,0.04634,0.00226,1,1,-0.029,0.115,in_circle,0.0083,0.1445,0.0000,0.0000,0
148.841,2,2986,-0.00572,0.00831,0.0168,0.0114,-0.03136,0.04483,0.00311,1,1,-0.006,0.199,in_circle,0.0083,0.1445,0.0000,0.0000,0
148.886,2,2987,-0.00650,0.00831,-0.0175,0.0001,-0.03214,0.04523,0.00265,1,1,-0.064,0.093,in_circle,0.0083,0.1445,0.0000,0.0000,0
148.930,2,2988,-0.00660,0.00806,-0.0022,-0.0057,-0.03281,0.04429,0.00239,1,1,0.075,0.138,in_circle,0.0083,0.1445,0.0000,0.0000,0
148.974,2,2989,-0.00598,0.00838,0.0141,0.0072,-0.02980,0.04380,0.00300,1,1,0.014,0.162,in_circle,0.0083,0.1445,0.0000,0.0000,0
149.018,2,2990,-0.00663,0.00817,-0.0147,-0.0047,-0.03123,0.04680,0.00246,1,1,-0.053,0.110,in_circle,0.0083,0.1445,0.0000,0.0000,0
149.063,2,2991,-0.00677,0.00862,-0.0031,0.0100,-0.02987,0.04569,0.00281,1,1,0.064,0.158,in_circle,0.0083,0.1445,0.0000,0.0000,0
149.107,2,2992,-0.00659,0.00872,0.0041,0.0023,-0.03046,0.04470,0.00298,1,1,0.018,0.098,in_circle,0.0083,0.1445,0.0000,0.0000,0
149.151,2,2993,-0.00678,0.00799,-0.0043,-0.0166,-0.03079,0.04603,0.00224,1,1,-0.011,0.129,in_circle,0.0083,0.1445,0.0000,0.0000,0
149.194,2,2994,-0.00677,0.00858,0.0003,0.0135,-0.03004,0.04531,0.00278,1,1,0.023,0.206,in_circle,0.0083,0.1445,0.0000,0.0000,0
149.239,2,2995,-0.00659,0.00812,0.0042,-0.0104,-0.03093,0.04483,0.00244,1,1,0.005,0.084,in_circle,0.0083,0.1445,0.0000,0.0000,0
149.282,2,2996,-0.00630,0.00858,0.0066,0.0105,-0.03248,0.04350,0.00298,1,1,-0.011,0.181,in_circle,0.0083,0.1445,0.0000,0.0000,0
149.326,2,2997,-0.00587,0.00827,0.0098,-0.0069,-0.02984,0.04358,0.00298,1,1,-0.022,0.096,in_circle,0.0083,0.1445,0.0000,0.0000,0
149.370,2,2998,-0.00588,0.00842,-0.0003,0.0034,-0.03239,0.04420,0.00309,1,1,-0.036,0.166,in_circle,0.0083,0.1445,0.0000,0.0000,0
149.458,2,2999,-0.00655,0.00866,-0.0076,0.0027,-0.03232,0.04296,0.00294,1,1,0.005,0.125,in_circle,0.0083,0.1445,0.0000,0.0000,0
149.502,2,3000,-0.00593,0.00816,0.0140,-0.0113,-0.02959,0.04434,0.00285,1,1,0.036,0.127,in_circle,0.0083,0.1445,0.0000,0.0000,0
149.546,2,3001,-0.00651,0.00828,-0.0131,0.0028,-0.03048,0.04276,0.00262,1,1,-0.053,0.184,in_circle,0.0083,0.1445,0.0000,0.0000,0
149.589,2,3002,-0.00596,0.00834,0.0127,0.0015,-0.03165,0.04463,0.00298,1,1,0.057,0.128,in_circle,0.0083,0.1445,0.0000,0.0000,0
149.635,2,3003,-0.00633,0.00877,-0.0081,0.0093,-0.03139,0.04156,0.00314,1,1,-0.047,0.133,in_circle,0.0083,0.1445,0.0000,0.0000,0
149.677,2,3004,-0.00576,0.00840,0.0134,-0.0087,-0.03183,0.04171,0.00315,1,1,0.037,0.100,in_circle,0.0083,0.1445,0.0000,0.0000,0
149.723,2,3005,-0.00616,0.00836,-0.0088,-0.0009,-0.03192,0.04253,0.00287,1,1,-0.050,0.174,in_circle,0.0083,0.1445,0.0000,0.0000,0
149.766,2,3006,-0.00666,0.00782,-0.0115,-0.0124,-0.03073,0.04350,0.00215,1,1,0.039,0.142,in_circle,0.0083,0.1445,0.0000,0.0000,0
149.810,2,3007,-0.00579,0.00810,0.0198,0.0063,-0.03300,0.04110,0.00291,1,1,0.052,0.190,in_circle,0.0083,0.1445,0.0000,0.0000,0
149.855,2,3008,-0.00644,0.00827,-0.0146,0.0038,-0.03151,0.04346,0.00265,1,1,-0.076,0.114,in_circle,0.0083,0.1445,0.0000,0.0000,0
149.898,2,3009,-0.00642,0.00828,0.0005,0.0002,-0.03242,0.04415,0.00267,1,1,0.063,0.124,in_circle,0.0083,0.1445,0.0000,0.0000,0
149.944,2,3010,-0.00647,0.00821,-0.0010,-0.0016,-0.02993,0.04307,0.00258,1,1,0.003,0.138,in_circle,0.0083,0.1445,0.0000,0.0000,0
149.986,2,3011,-0.00560,0.00865,0.0206,0.0107,-0.03100,0.04490,0.00345,1,1,0.009,0.146,in_circle,0.0083,0.1445,0.0000,0.0000,0
150.031,2,3012,-0.00680,0.00822,-0.0266,-0.0095,-0.03020,0.04592,0.00244,1,1,-0.080,0.095,in_circle,0.0083,0.1445,0.0000,0.0000,0
150.074,2,3013,-0.00553,0.00828,0.0291,0.0013,-0.03029,0.04409,0.00322,1,1,0.112,0.177,in_circle,0.0083,0.1445,0.0000,0.0000,0
150.118,2,3014,-0.00587,0.00812,-0.0077,-0.0036,-0.03074,0.04334,0.00287,1,1,-0.114,0.134,in_circle,0.0083,0.1445,0.0000,0.0000,0
150.162,2,3015,-0.00569,0.00809,0.0040,-0.0007,-0.03153,0.04568,0.00297,1,1,0.034,0.154,in_circle,0.0083,0.1445,0.0000,0.0000,0
150.206,2,3016,-0.00581,0.00823,-0.0026,0.0030,-0.03120,0.04616,0.00299,1,1,-0.013,0.142,in_circle,0.0083,0.1445,0.0000,0.0000,0
150.249,2,3017,-0.00591,0.00809,-0.0024,-0.0031,-0.03125,0.04279,0.00282,1,1,0.014,0.127,in_circle,0.0083,0.1445,0.0000,0.0000,0
150.294,2,3018,-0.00570,0.00866,0.0048,0.0128,-0.02941,0.04539,0.00339,1,1,0.013,0.152,in_circle,0.0083,0.1445,0.0000,0.0000,0
150.337,2,3019,-0.00582,0.00846,-0.0029,-0.0046,-0.03097,0.04400,0.00316,1,1,-0.016,0.087,in_circle,0.0083,0.1445,0.0000,0.0000,0
150.382,2,3020,-0.00603,0.00822,-0.0047,-0.0053,-0.03140,0.04572,0.00284,1,1,0.015,0.157,in_circle,0.0083,0.1445,0.0000,0.0000,0
150.426,2,3021,-0.00669,0.00826,-0.0150,0.0009,-0.02957,0.04382,0.00252,1,1,0.022,0.160,in_circle,0.0083,0.1445,0.0000,0.0000,0
150.470,2,3022,-0.00667,0.00822,0.0005,-0.0009,-0.03113,0.04527,0.00249,1,1,0.065,0.135,in_circle,0.0083,0.1445,0.0000,0.0000,0
150.513,2,3023,-0.00681,0.00839,-0.0032,0.0039,-0.02928,0.04578,0.00259,1,1,0.003,0.143,in_circle,0.0083,0.1445,0.0000,0.0000,0
150.559,2,3024,-0.00572,0.00825,0.0241,-0.0030,-0.02964,0.04568,0.00307,1,1,0.019,0.123,in_circle,0.0083,0.1445,0.0000,0.0000,0
150.602,2,3025,-0.00589,0.00870,-0.0041,0.0104,-0.03106,0.04624,0.00331,1,1,-0.093,0.151,in_circle,0.0083,0.1445,0.0000,0.0000,0
150.647,2,3026,-0.00683,0.00788,-0.0208,-0.0184,-0.02958,0.04637,0.00212,1,1,0.020,0.096,in_circle,0.0083,0.1445,0.0000,0.0000,0
150.690,2,3027,-0.00702,0.00872,-0.0044,0.0195,-0.02945,0.04406,0.00283,1,1,0.089,0.213,in_circle,0.0083,0.1445,0.0000,0.0000,0
150.734,2,3028,-0.00650,0.00797,0.0119,-0.0172,-0.03171,0.04144,0.00236,1,1,0.024,0.060,in_circle,0.0083,0.1445,0.0000,0.0000,0
150.778,2,3029,-0.00684,0.00850,-0.0076,0.0121,-0.03268,0.04492,0.00268,1,1,-0.042,0.208,in_circle,0.0083,0.1445,0.0000,0.0000,0
150.823,2,3030,-0.00631,0.00839,0.0119,-0.0025,-0.02968,0.04521,0.00282,1,1,0.036,0.090,in_circle,0.0083,0.1445,0.0000,0.0000,0
150.866,2,3031,-0.00629,0.00818,0.0004,-0.0049,-0.03348,0.04310,0.00265,1,1,-0.043,0.148,in_circle,0.0083,0.1445,0.0000,0.0000,0
150.911,2,3032,-0.00649,0.00825,-0.0044,0.0015,-0.03112,0.04668,0.00261,1,1,0.003,0.159,in_circle,0.0083,0.1445,0.0000,0.0000,0
150.953,2,3033,-0.00665,0.00856,-0.0038,0.0072,-0.03183,0.04403,0.00280,1,1,0.022,0.133,in_circle,0.0083,0.1445,0.0000,0.0000,0
150.998,2,3034,-0.00590,0.00901,0.0169,0.0101,-0.03142,0.04481,0.00356,1,1,0.021,0.109,in_circle,0.0083,0.1445,0.0000,0.0000,0
151.044,2,3035,-0.00674,0.00800,-0.0185,-0.0220,-0.03134,0.04570,0.00227,1,1,-0.064,0.097,in_circle,0.0083,0.1445,0.0000,0.0000,0
151.086,2,3036,-0.00649,0.00784,0.0060,-0.0039,-0.03115,0.04485,0.00226,1,1,0.079,0.228,in_circle,0.0083,0.1445,0.0000,0.0000,0
151.130,2,3037,-0.00670,0.00834,-0.0050,0.0115,-0.03183,0.04416,0.00259,1,1,-0.019,0.156,in_circle,0.0083,0.1445,0.0000,0.0000,0
151.174,2,3038,-0.00663,0.00857,0.0016,0.0051,-0.03349,0.04444,0.00282,1,1,0.025,0.093,in_circle,0.0083,0.1445,0.0000,0.0000,0
151.218,2,3039,-0.00612,0.00827,0.0119,-0.0069,-0.03170,0.04361,0.00282,1,1,-0.001,0.118,in_circle,0.0083,0.1445,0.0000,0.0000,0
151.263,2,3040,-0.00662,0.00848,-0.0112,0.0046,-0.02702,0.04362,0.00274,1,1,-0.043,0.166,in_circle,0.0083,0.1445,0.0000,0.0000,0
151.305,2,3041,-0.00618,0.00778,0.0103,-0.0164,-0.03068,0.04554,0.00241,1,1,0.050,0.120,in_circle,0.0083,0.1445,0.0000,0.0000,0
151.350,2,3042,-0.00683,0.00842,-0.0144,0.0143,-0.03098,0.04359,0.00261,1,1,-0.037,0.206,in_circle,0.0083,0.1445,0.0000,0.0000,0
151.394,2,3043,-0.00557,0.00873,0.0285,0.0071,-0.03182,0.04521,0.00353,1,1,0.063,0.081,in_circle,0.0083,0.1445,0.0000,0.0000,0
151.482,2,3044,-0.00587,0.00879,-0.0034,0.0006,-0.02957,0.04475,0.00339,1,1,-0.111,0.109,in_circle,0.0083,0.1445,0.0000,0.0000,0
151.526,2,3045,-0.00648,0.00816,-0.0136,-0.0142,-0.02850,0.04518,0.00253,1,1,0.017,0.135,in_circle,0.0083,0.1445,0.0000,0.0000,0
151.570,2,3046,-0.00584,0.00767,0.0146,-0.0111,-0.02905,0.04057,0.00258,1,1,0.059,0.196,in_circle,0.0083,0.1445,0.0000,0.0000,0
151.615,2,3047,-0.00580,0.00855,0.0009,0.0194,-0.03059,0.03994,0.00324,1,1,-0.055,0.185,in_circle,0.0083,0.1445,0.0000,0.0000,0
151.657,2,3048,-0.00661,0.00847,-0.0194,-0.0019,-0.03400,0.04405,0.00274,1,1,-0.000,0.060,in_circle,0.0083,0.1445,0.0000,0.0000,0
151.702,2,3049,-0.00651,0.00847,0.0023,0.0001,-0.03386,0.04419,0.00279,1,1,0.083,0.146,in_circle,0.0083,0.1445,0.0000,0.0000,0
151.746,2,3050,-0.00629,0.00789,0.0052,-0.0135,-0.02826,0.04356,0.00242,1,1,-0.004,0.138,in_circle,0.0083,0.1445,0.0000,0.0000,0
151.790,2,3051,-0.00686,0.00769,-0.0128,-0.0044,-0.03125,0.04622,0.00194,1,1,-0.016,0.194,in_circle,0.0083,0.1445,0.0000,0.0000,0
151.835,2,3052,-0.00592,0.00811,0.0207,0.0092,-0.03136,0.04483,0.00282,1,1,0.057,0.158,in_circle,0.0083,0.1445,0.0000,0.0000,0
151.879,2,3053,-0.00601,0.00878,-0.0019,0.0155,-0.03307,0.04398,0.00331,1,1,-0.079,0.102,in_circle,0.0083,0.1445,0.0000,0.0000,0
151.923,2,3054,-0.00624,0.00846,-0.0055,-0.0073,-0.03203,0.04630,0.00291,1,1,0.012,0.076,in_circle,0.0083,0.1445,0.0000,0.0000,0
151.967,2,3055,-0.00615,0.00833,0.0021,-0.0029,-0.03124,0.04472,0.00286,1,1,0.026,0.168,in_circle,0.0083,0.1445,0.0000,0.0000,0
152.011,2,3056,-0.00662,0.00806,-0.0106,-0.0063,-0.03024,0.04345,0.00237,1,1,-0.004,0.150,in_circle,0.0083,0.1445,0.0000,0.0000,0
152.056,2,3057,-0.00586,0.00814,0.0170,0.0020,-0.03165,0.04634,0.00289,1,1,0.048,0.165,in_circle,0.0083,0.1445,0.0000,0.0000,0
152.098,2,3058,-0.00638,0.00818,-0.0123,0.0008,-0.03032,0.04471,0.00260,1,1,-0.064,0.131,in_circle,0.0083,0.1445,0.0000,0.0000,0
152.143,2,3059,-0.00662,0.00784,-0.0054,-0.0075,-0.03133,0.04556,0.00219,1,1,0.054,0.136,in_circle,0.0083,0.1445,0.0000,0.0000,0
152.187,2,3060,-0.00648,0.00777,0.0031,-0.0017,-0.03140,0.04562,0.00220,1,1,0.027,0.170,in_circle,0.0083,0.1445,0.0000,0.0000,0
152.231,2,3061,-0.00681,0.00831,-0.0076,0.0125,-0.03100,0.04490,0.00251,1,1,-0.007,0.147,in_circle,0.0083,0.1445,0.0000,0.0000,0
152.274,2,3062,-0.00632,0.00835,0.0113,0.0009,-0.03125,0.04622,0.00277,1,1,0.036,0.089,in_circle,0.0083,0.1445,0.0000,0.0000,0
152.319,2,3063,-0.00638,0.00801,-0.0013,-0.0076,-0.03155,0.04698,0.00246,1,1,-0.041,0.135,in_circle,0.0083,0.1445,0.0000,0.0000,0
152.362,2,3064,-0.00599,0.00819,0.0091,0.0043,-0.03133,0.04556,0.00285,1,1,0.010,0.170,in_circle,0.0083,0.1445,0.0000,0.0000,0
152.407,2,3065,-0.00657,0.00855,-0.0127,0.0078,-0.03146,0.04386,0.00283,1,1,-0.033,0.122,in_circle,0.0083,0.1445,0.0000,0.0000,0
152.450,2,3066,-0.00686,0.00798,-0.0069,-0.0134,-0.03182,0.04544,0.00219,1,1,0.056,0.107,in_circle,0.0083,0.1445,0.0000,0.0000,0
152.494,2,3067,-0.00663,0.00828,0.0053,0.0068,-0.03173,0.04403,0.00256,1,1,0.033,0.193,in_circle,0.0083,0.1445,0.0000,0.0000,0
152.538,2,3068,-0.00651,0.00808,0.0027,-0.0045,-0.03160,0.04502,0.00244,1,1,-0.016,0.112,in_circle,0.0083,0.1445,0.0000,0.0000,0
152.582,2,3069,-0.00699,0.00836,-0.0109,0.0064,-0.03179,0.04453,0.00249,1,1,-0.006,0.157,in_circle,0.0083,0.1445,0.0000,0.0000,0
152.626,2,3070,-0.00657,0.00815,0.0097,-0.0046,-0.03102,0.04480,0.00248,1,1,0.050,0.113,in_circle,0.0083,0.1445,0.0000,0.0000,0
152.671,2,3071,-0.00688,0.00780,-0.0072,-0.0079,-0.03191,0.04540,0.00202,1,1,-0.034,0.158,in_circle,0.0083,0.1445,0.0000,0.0000,0
152.714,2,3072,-0.00653,0.00849,0.0081,0.0157,-0.03083,0.04420,0.00279,1,1,0.035,0.172,in_circle,0.0083,0.1445,0.0000,0.0000,0
152.758,2,3073,-0.00571,0.00835,0.0185,-0.0031,-0.03159,0.04421,0.00314,1,1,-0.027,0.075,in_circle,0.0083,0.1445,0.0000,0.0000,0
152.802,2,3074,-0.00628,0.00805,-0.0129,-0.0069,-0.03133,0.04556,0.00255,1,1,-0.071,0.151,in_circle,0.0083,0.1445,0.0000,0.0000,0
152.846,2,3075,-0.00679,0.00804,-0.0117,-0.0001,-0.02803,0.04586,0.00227,1,1,0.056,0.167,in_circle,0.0083,0.1445,0.0000,0.0000,0
152.890,2,3076,-0.00690,0.00848,-0.0024,0.0100,-0.03206,0.04316,0.00264,1,1,0.053,0.140,in_circle,0.0083,0.1445,0.0000,0.0000,0
152.935,2,3077,-0.00671,0.00824,0.0041,-0.0052,-0.03187,0.04422,0.00249,1,1,0.016,0.098,in_circle,0.0083,0.1445,0.0000,0.0000,0
152.978,2,3078,-0.00559,0.00794,0.0262,-0.0071,-0.03134,0.04570,0.00294,1,1,-0.011,0.160,in_circle,0.0083,0.1445,0.0000,0.0000,0
153.022,2,3079,-0.00657,0.00814,-0.0222,0.0046,-0.03096,0.04283,0.00247,1,1,-0.102,0.168,in_circle,0.0083,0.1445,0.0000,0.0000,0
153.066,2,3080,-0.00669,0.00825,-0.0026,0.0026,-0.03196,0.04466,0.00251,1,1,0.094,0.121,in_circle,0.0083,0.1445,0.0000,0.0000,0
153.110,2,3081,-0.00644,0.00826,0.0055,0.0001,-0.03092,0.04195,0.00264,1,1,0.016,0.128,in_circle,0.0083,0.1445,0.0000,0.0000,0
153.155,2,3082,-0.00622,0.00862,0.0049,0.0079,-0.03083,0.04462,0.00306,1,1,-0.017,0.139,in_circle,0.0083,0.1445,0.0000,0.0000,0
153.198,2,3083,-0.00659,0.00829,-0.0087,-0.0078,-0.03134,0.04554,0.00259,1,1,-0.015,0.106,in_circle,0.0083,0.1445,0.0000,0.0000,0
153.242,2,3084,-0.00657,0.00838,0.0006,0.0021,-0.03045,0.04606,0.00268,1,1,0.040,0.170,in_circle,0.0083,0.1445,0.0000,0.0000,0
153.286,2,3085,-0.00689,0.00831,-0.0074,-0.0017,-0.03065,0.04407,0.00248,1,1,0.003,0.130,in_circle,0.0083,0.1445,0.0000,0.0000,0
153.330,2,3086,-0.00673,0.00812,0.0038,-0.0044,-0.03143,0.04526,0.00237,1,1,0.036,0.145,in_circle,0.0083,0.1445,0.0000,0.0000,0
153.375,2,3087,-0.00681,0.00822,-0.0017,0.0022,-0.03112,0.04530,0.00243,1,1,-0.010,0.157,in_circle,0.0083,0.1445,0.0000,0.0000,0
153.417,2,3088,-0.00683,0.00867,-0.0005,0.0106,-0.03144,0.04448,0.00284,1,1,0.013,0.130,in_circle,0.0083,0.1445,0.0000,0.0000,0
153.507,2,3089,-0.00586,0.00809,0.0109,-0.0064,-0.03105,0.04621,0.00286,1,1,0.008,0.096,in_circle,0.0083,0.1445,0.0000,0.0000,0
153.552,2,3090,-0.00712,0.00823,-0.0283,0.0031,-0.03112,0.04499,0.00233,1,1,-0.040,0.165,in_circle,0.0083,0.1445,0.0000,0.0000,0
153.593,2,3091,-0.00663,0.00837,0.0117,0.0034,-0.03143,0.04432,0.00265,1,1,0.120,0.127,in_circle,0.0082,0.1444,0.0000,0.0000,0
153.639,2,3092,-0.00688,0.00873,-0.0054,0.0078,-0.03166,0.04395,0.00288,1,1,-0.042,0.125,in_circle,0.0082,0.1443,0.0000,0.0000,0
153.682,2,3093,-0.00579,0.00855,0.0252,-0.0042,-0.03135,0.04748,0.00324,1,1,0.027,0.106,in_circle,0.0081,0.1442,0.0000,0.0000,0
153.726,2,3094,-0.00625,0.00793,-0.0102,-0.0138,-0.02928,0.04675,0.00248,1,1,-0.098,0.155,in_circle,0.0081,0.1442,0.0000,0.0000,0
153.769,2,3095,-0.00664,0.00839,-0.0090,0.0106,-0.03096,0.04456,0.00266,1,1,0.045,0.195,in_circle,0.0081,0.1442,0.0000,0.0000,0
153.815,2,3096,-0.00662,0.00846,0.0004,0.0015,-0.03080,0.04301,0.00273,1,1,0.041,0.096,in_circle,0.0081,0.1442,0.0000,0.0000,0
153.857,2,3097,-0.00593,0.00835,0.0164,-0.0026,-0.03217,0.04104,0.00300,1,1,0.004,0.132,in_circle,0.0081,0.1442,0.0000,0.0000,0
153.902,2,3098,-0.00635,0.00797,-0.0092,-0.0084,-0.02922,0.04453,0.00245,1,1,-0.062,0.149,in_circle,0.0081,0.1442,0.0000,0.0000,0
153.947,2,3099,-0.00684,0.00801,-0.0112,0.0008,-0.02992,0.04436,0.00222,1,1,0.041,0.173,in_circle,0.0081,0.1442,0.0000,0.0000,0
153.990,2,3100,-0.00596,0.00839,0.0202,0.0089,-0.02977,0.04329,0.00302,1,1,0.050,0.136,in_circle,0.0081,0.1442,0.0000,0.0000,0
154.034,2,3101,-0.00592,0.00825,0.0010,-0.0032,-0.03075,0.04553,0.00293,1,1,-0.077,0.103,in_circle,0.0081,0.1442,0.0000,0.0000,0
154.079,2,3102,-0.00555,0.00842,0.0081,0.0038,-0.03176,0.04314,0.00330,1,1,-0.001,0.152,in_circle,0.0081,0.1442,0.0000,0.0000,0
154.121,2,3103,-0.00607,0.00844,-0.0123,0.0005,-0.03159,0.04224,0.00299,1,1,-0.030,0.123,in_circle,0.0080,0.1441,0.0000,0.0000,0
154.167,2,3104,-0.00655,0.00830,-0.0104,-0.0032,-0.03023,0.04246,0.00262,1,1,0.053,0.136,in_circle,0.0080,0.1440,0.0000,0.0000,0
154.212,2,3105,-0.00657,0.00783,-0.0006,-0.0104,-0.03062,0.04300,0.00220,1,1,0.046,0.151,in_circle,0.0079,0.1439,0.0000,0.0000,0
154.253,2,3106,-0.00670,0.00817,-0.0030,0.0083,-0.03178,0.04408,0.00244,1,1,0.007,0.181,in_circle,0.0079,0.1439,0.0000,0.0000,0
154.297,2,3107,-0.00646,0.00795,0.0053,-0.0050,-0.03055,0.04463,0.00237,1,1,0.017,0.105,in_circle,0.0079,0.1439,0.0000,0.0000,0
154.342,2,3108,-0.00647,0.00761,-0.0002,-0.0078,-0.03187,0.04362,0.00208,1,1,-0.017,0.159,in_circle,0.0079,0.1439,0.0000,0.0000,0
154.386,2,3109,-0.00644,0.00826,0.0007,0.0149,-0.02938,0.04479,0.00264,1,1,0.005,0.171,in_circle,0.0079,0.1439,0.0000,0.0000,0
154.431,2,3110,-0.00669,0.00831,-0.0056,0.0010,-0.03157,0.04538,0.00256,1,1,0.002,0.079,in_circle,0.0079,0.1439,0.0000,0.0000,0
154.476,2,3111,-0.00699,0.00859,-0.0067,0.0064,-0.02990,0.04514,0.00272,1,1,0.028,0.134,in_circle,0.0079,0.1439,0.0000,0.0000,0
154.519,2,3112,-0.00586,0.00826,0.0259,-0.0075,-0.02946,0.04528,0.00298,1,1,0.033,0.112,in_circle,0.0079,0.1439,0.0000,0.0000,0
154.564,2,3113,-0.00616,0.00820,-0.0067,-0.0016,-0.02934,0.04453,0.00274,1,1,-0.101,0.168,in_circle,0.0079,0.1439,0.0000,0.0000,0
154.606,2,3114,-0.00642,0.00821,-0.0063,0.0003,-0.03024,0.04555,0.00260,1,1,0.031,0.145,in_circle,0.0079,0.1439,0.0000,0.0000,0
154.650,2,3115,-0.00622,0.00851,0.0047,0.0068,-0.03215,0.04293,0.00297,1,1,0.029,0.137,in_circle,0.0079,0.1439,0.0000,0.0000,0
154.694,2,3116,-0.00604,0.00796,0.0040,-0.0124,-0.03272,0.04316,0.00264,1,1,-0.015,0.110,in_circle,0.0079,0.1439,0.0000,0.0000,0
154.738,2,3117,-0.00637,0.00806,-0.0077,0.0023,-0.03164,0.04428,0.00251,1,1,-0.013,0.189,in_circle,0.0079,0.1439,0.0000,0.0000,0
154.783,2,3118,-0.00661,0.00822,-0.0053,0.0036,-0.03181,0.04416,0.00252,1,1,0.035,0.130,in_circle,0.0079,0.1439,0.0000,0.0000,0
154.826,2,3119,-0.00611,0.00795,0.0115,-0.0063,-0.03316,0.04375,0.00258,1,1,0.026,0.124,in_circle,0.0079,0.1439,0.0000,0.0000,0
154.870,2,3120,-0.00665,0.00870,-0.0123,0.0171,-0.03219,0.04433,0.00294,1,1,-0.042,0.164,in_circle,0.0079,0.1439,0.0000,0.0000,0
154.914,2,3121,-0.00635,0.00819,0.0069,-0.0117,-0.03247,0.04348,0.00263,1,1,0.054,0.069,in_circle,0.0079,0.1439,0.0000,0.0000,0
154.958,2,3122,-0.00672,0.00835,-0.0085,0.0036,-0.03073,0.04370,0.00258,1,1,-0.023,0.185,in_circle,0.0079,0.1439,0.0000,0.0000,0
155.002,2,3123,-0.00647,0.00869,0.0060,0.0080,-0.02823,0.04582,0.00301,1,1,0.039,0.124,in_circle,0.0079,0.1439,0.0000,0.0000,0
155.047,2,3124,-0.00676,0.00827,-0.0065,-0.0094,-0.03176,0.04341,0.00250,1,1,-0.019,0.105,in_circle,0.0079,0.1439,0.0000,0.0000,0
155.091,2,3125,-0.00623,0.00836,0.0117,0.0020,-0.02831,0.04558,0.00284,1,1,0.032,0.176,in_circle,0.0079,0.1439,0.0000,0.0000,0
155.135,2,3126,-0.00637,0.00822,-0.0031,-0.0034,-0.03139,0.04615,0.00264,1,1,-0.043,0.130,in_circle,0.0079,0.1439,0.0000,0.0000,0
155.179,2,3127,-0.00636,0.00868,0.0002,0.0107,-0.03104,0.04497,0.00304,1,1,0.017,0.152,in_circle,0.0079,0.1439,0.0000,0.0000,0
155.222,2,3128,-0.00670,0.00833,-0.0077,-0.0081,-0.03105,0.04621,0.00258,1,1,0.004,0.095,in_circle,0.0079,0.1439,0.0000,0.0000,0
155.266,2,3129,-0.00658,0.00855,0.0025,0.0049,-0.03133,0.04556,0.00282,1,1,0.036,0.170,in_circle,0.0079,0.1439,0.0000,0.0000,0
155.310,2,3130,-0.00592,0.00837,0.0151,-0.0040,-0.03023,0.04368,0.00303,1,1,-0.005,0.118,in_circle,0.0079,0.1439,0.0000,0.0000,0
155.353,2,3131,-0.00669,0.00817,-0.0180,-0.0047,-0.03078,0.04469,0.00244,1,1,-0.057,0.154,in_circle,0.0079,0.1439,0.0000,0.0000,0
155.398,2,3132,-0.00647,0.00835,0.0050,0.0041,-0.03076,0.04471,0.00270,1,1,0.077,0.157,in_circle,0.0079,0.1439,0.0000,0.0000,0
155.442,2,3133,-0.00693,0.00813,-0.0107,-0.0051,-0.03085,0.04495,0.00230,1,1,-0.015,0.122,in_circle,0.0079,0.1439,0.0000,0.0000,0
155.530,2,3134,-0.00643,0.00798,0.0057,-0.0016,-0.03026,0.04466,0.00241,1,1,0.049,0.159,in_circle,0.0079,0.1439,0.0000,0.0000,0
155.575,2,3135,-0.00635,0.00822,0.0018,0.0053,-0.03141,0.04507,0.00266,1,1,-0.019,0.146,in_circle,0.0079,0.1439,0.0000,0.0000,0
155.618,2,3136,-0.00698,0.00819,-0.0149,-0.0008,-0.03123,0.04561,0.00234,1,1,-0.003,0.117,in_circle,0.0079,0.1439,0.0000,0.0000,0
155.662,2,3137,-0.00656,0.00800,0.0093,-0.0042,-0.03165,0.04634,0.00235,1,1,0.066,0.141,in_circle,0.0079,0.1439,0.0000,0.0000,0
155.705,2,3138,-0.00652,0.00874,0.0010,0.0174,-0.03049,0.04507,0.00303,1,1,-0.033,0.156,in_circle,0.0079,0.1439,0.0000,0.0000,0
155.751,2,3139,-0.00618,0.00854,0.0074,-0.0045,-0.03134,0.04628,0.00301,1,1,0.001,0.068,in_circle,0.0079,0.1439,0.0000,0.0000,0
155.795,2,3140,-0.00663,0.00803,-0.0102,-0.0116,-0.03076,0.04471,0.00234,1,1,-0.026,0.155,in_circle,0.0079,0.1439,0.0000,0.0000,0
155.838,2,3141,-0.00662,0.00838,0.0002,0.0081,-0.02839,0.04467,0.00266,1,1,0.046,0.185,in_circle,0.0079,0.1439,0.0000,0.0000,0
155.883,2,3142,-0.00661,0.00813,0.0003,-0.0058,-0.03164,0.04440,0.00244,1,1,0.004,0.105,in_circle,0.0079,0.1439,0.0000,0.0000,0
155.926,2,3143,-0.00571,0.00821,0.0208,0.0018,-0.03194,0.04609,0.00304,1,1,0.004,0.162,in_circle,0.0079,0.1439,0.0000,0.0000,0
155.970,2,3144,-0.00653,0.00863,-0.0186,0.0096,-0.03149,0.04580,0.00292,1,1,-0.081,0.131,in_circle,0.0079,0.1439,0.0000,0.0000,0
156.015,2,3145,-0.00657,0.00799,-0.0008,-0.0145,-0.03182,0.04666,0.00234,1,1,0.079,0.099,in_circle,0.0079,0.1439,0.0000,0.0000,0
156.058,2,3146,-0.00682,0.00825,-0.0059,0.0060,-0.03165,0.04360,0.00245,1,1,0.008,0.197,in_circle,0.0079,0.1439,0.0000,0.0000,0
156.102,2,3147,-0.00587,0.00811,0.0215,-0.0031,-0.03080,0.04604,0.00286,1,1,0.029,0.114,in_circle,0.0079,0.1439,0.0000,0.0000,0
156.147,2,3148,-0.00639,0.00814,-0.0116,0.0007,-0.03236,0.04599,0.00256,1,1,-0.083,0.151,in_circle,0.0079,0.1439,0.0000,0.0000,0
156.191,2,3149,-0.00635,0.00857,0.0009,0.0098,-0.03145,0.04620,0.00295,1,1,0.051,0.136,in_circle,0.0079,0.1439,0.0000,0.0000,0
156.234,2,3150,-0.00666,0.00838,-0.0071,-0.0046,-0.03268,0.04230,0.00263,1,1,0.001,0.098,in_circle,0.0079,0.1439,0.0000,0.0000,0
156.279,2,3151,-0.00588,0.00810,0.0175,-0.0061,-0.03083,0.04388,0.00285,1,1,0.034,0.156,in_circle,0.0079,0.1439,0.0000,0.0000,0
156.322,2,3152,-0.00647,0.00859,-0.0137,0.0114,-0.03031,0.04367,0.00291,1,1,-0.067,0.163,in_circle,0.0079,0.1439,0.0000,0.0000,0
156.366,2,3153,-0.00646,0.00775,0.0002,-0.0192,-0.03080,0.04438,0.00220,1,1,0.059,0.092,in_circle,0.0079,0.1439,0.0000,0.0000,0
156.410,2,3154,-0.00654,0.00847,-0.0017,0.0166,-0.03109,0.04374,0.00278,1,1,0.004,0.216,in_circle,0.0079,0.1439,0.0000,0.0000,0
156.455,2,3155,-0.00596,0.00817,0.0128,-0.0066,-0.02989,0.04509,0.00285,1,1,0.011,0.071,in_circle,0.0079,0.1439,0.0000,0.0000,0
156.499,2,3156,-0.00646,0.00826,-0.0116,0.0020,-0.03266,0.04314,0.00263,1,1,-0.048,0.165,in_circle,0.0079,0.1439,0.0000,0.0000,0
156.543,2,3157,-0.00642,0.00812,0.0010,-0.0033,-0.02725,0.04432,0.00253,1,1,0.051,0.130,in_circle,0.0079,0.1439,0.0000,0.0000,0
156.587,2,3158,-0.00606,0.00810,0.0081,-0.0004,-0.03026,0.04485,0.00273,1,1,0.000,0.152,in_circle,0.0079,0.1439,0.0000,0.0000,0
156.632,2,3159,-0.00668,0.00826,-0.0137,0.0036,-0.02993,0.04366,0.00253,1,1,-0.029,0.140,in_circle,0.0079,0.1439,0.0000,0.0000,0
156.675,2,3160,-0.00665,0.00781,0.0007,-0.0106,-0.03113,0.04358,0.00215,1,1,0.060,0.124,in_circle,0.0079,0.1439,0.0000,0.0000,0
156.719,2,3161,-0.00609,0.00809,0.0126,0.0063,-0.02862,0.04537,0.00270,1,1,0.002,0.182,in_circle,0.0079,0.1439,0.0000,0.0000,0
156.763,2,3162,-0.00577,0.00797,0.0071,-0.0027,-0.03048,0.04508,0.00282,1,1,-0.047,0.114,in_circle,0.0079,0.1439,0.0000,0.0000,0
156.808,2,3163,-0.00699,0.00843,-0.0273,0.0103,-0.03302,0.04427,0.00256,1,1,-0.025,0.150,in_circle,0.0079,0.1439,0.0000,0.0000,0
156.851,2,3164,-0.00633,0.00830,0.0154,-0.0030,-0.03219,0.04273,0.00273,1,1,0.115,0.096,in_circle,0.0079,0.1439,0.0000,0.0000,0
156.894,2,3165,-0.00646,0.00819,-0.0032,-0.0025,-0.03325,0.04419,0.00257,1,1,-0.057,0.150,in_circle,0.0079,0.1439,0.0000,0.0000,0
156.939,2,3166,-0.00659,0.00832,-0.0029,0.0028,-0.03026,0.04579,0.00261,1,1,0.017,0.148,in_circle,0.0079,0.1439,0.0000,0.0000,0
156.983,2,3167,-0.00679,0.00824,-0.0044,-0.0019,-0.03201,0.04363,0.00246,1,1,0.017,0.127,in_circle,0.0079,0.1439,0.0000,0.0000,0
157.026,2,3168,-0.00630,0.00797,0.0110,-0.0062,-0.03154,0.04441,0.00247,1,1,0.023,0.146,in_circle,0.0079,0.1439,0.0000,0.0000,0
157.071,2,3169,-0.00667,0.00826,-0.0082,0.0066,-0.03104,0.04497,0.00253,1,1,-0.040,0.164,in_circle,0.0079,0.1439,0.0000,0.0000,0
157.115,2,3170,-0.00624,0.00832,0.0100,0.0013,-0.03127,0.04359,0.00280,1,1,0.038,0.112,in_circle,0.0079,0.1439,0.0000,0.0000,0
157.159,2,3171,-0.00580,0.00850,0.0098,0.0039,-0.03130,0.04426,0.00320,1,1,-0.036,0.133,in_circle,0.0079,0.1439,0.0000,0.0000,0
157.202,2,3172,-0.00654,0.00899,-0.0176,0.0118,-0.03076,0.04471,0.00325,1,1,-0.036,0.122,in_circle,0.0079,0.1439,0.0000,0.0000,0
157.248,2,3173,-0.00581,0.00771,0.0159,-0.0277,-0.03014,0.04538,0.00263,1,1,0.075,0.089,in_circle,0.0079,0.1439,0.0000,0.0000,0
157.291,2,3174,-0.00619,0.00822,-0.0088,0.0117,-0.03101,0.04297,0.00275,1,1,-0.061,0.250,in_circle,0.0079,0.1439,0.0000,0.0000,0
157.335,2,3175,-0.00660,0.00831,-0.0095,0.0021,-0.02898,0.04579,0.00260,1,1,0.039,0.091,in_circle,0.0079,0.1439,0.0000,0.0000,0
157.379,2,3176,-0.00610,0.00831,0.0116,-0.0000,-0.03529,0.04306,0.00287,1,1,0.043,0.130,in_circle,0.0079,0.1439,0.0000,0.0000,0
157.424,2,3177,-0.00588,0.00850,0.0047,0.0042,-0.03109,0.04349,0.00315,1,1,-0.043,0.138,in_circle,0.0079,0.1439,0.0000,0.0000,0
157.466,2,3178,-0.00653,0.00832,-0.0154,-0.0042,-0.03045,0.04619,0.00265,1,1,-0.016,0.121,in_circle,0.0079,0.1439,0.0000,0.0000,0
157.555,2,3179,-0.00667,0.00824,-0.0016,-0.0009,-0.03044,0.04485,0.00251,1,1,0.066,0.155,in_circle,0.0079,0.1439,0.0000,0.0000,0
157.600,2,3180,-0.00576,0.00813,0.0201,-0.0024,-0.03088,0.04330,0.00295,1,1,0.011,0.142,in_circle,0.0079,0.1439,0.0000,0.0000,0
157.642,2,3181,-0.00672,0.00824,-0.0229,0.0026,-0.03136,0.04483,0.00249,1,1,-0.078,0.148,in_circle,0.0079,0.1439,0.0000,0.0000,0
157.686,2,3182,-0.00590,0.00795,0.0186,-0.0067,-0.03095,0.04559,0.00272,1,1,0.097,0.128,in_circle,0.0079,0.1439,0.0000,0.0000,0
157.731,2,3183,-0.00612,0.00849,-0.0050,0.0122,-0.03036,0.04161,0.00300,1,1,-0.071,0.166,in_circle,0.0079,0.1439,0.0000,0.0000,0
157.775,2,3184,-0.00668,0.00842,-0.0127,-0.0015,-0.03113,0.04502,0.00267,1,1,0.024,0.089,in_circle,0.0079,0.1439,0.0000,0.0000,0
157.818,2,3185,-0.00678,0.00793,-0.0024,-0.0113,-0.03155,0.04245,0.00219,1,1,0.056,0.144,in_circle,0.0079,0.1439,0.0000,0.0000,0
157.862,2,3186,-0.00614,0.00785,0.0145,-0.0019,-0.02871,0.04570,0.00249,1,1,0.015,0.184,in_circle,0.0079,0.1439,0.0000,0.0000,0
157.906,2,3187,-0.00644,0.00772,-0.0067,-0.0029,-0.03047,0.04632,0.00220,1,1,-0.054,0.147,in_circle,0.0079,0.1439,0.0000,0.0000,0
157.952,2,3188,-0.00638,0.00789,0.0013,0.0036,-0.03100,0.04490,0.00236,1,1,0.031,0.151,in_circle,0.0079,0.1439,0.0000,0.0000,0
157.994,2,3189,-0.00642,0.00816,-0.0009,0.0065,-0.03163,0.04284,0.00256,1,1,-0.001,0.125,in_circle,0.0079,0.1439,0.0000,0.0000,0
158.038,2,3190,-0.00611,0.00772,0.0069,-0.0098,-0.03099,0.04421,0.00241,1,1,0.008,0.113,in_circle,0.0079,0.1439,0.0000,0.0000,0
158.083,2,3191,-0.00628,0.00840,-0.0040,0.0153,-0.03260,0.04543,0.00284,1,1,-0.024,0.179,in_circle,0.0079,0.1439,0.0000,0.0000,0
158.127,2,3192,-0.00641,0.00818,-0.0029,-0.0049,-0.03131,0.04528,0.00258,1,1,0.020,0.077,in_circle,0.0079,0.1439,0.0000,0.0000,0
158.171,2,3193,-0.00679,0.00847,-0.0085,0.0066,-0.03174,0.04386,0.00267,1,1,0.016,0.158,in_circle,0.0079,0.1439,0.0000,0.0000,0
158.215,2,3194,-0.00702,0.00809,-0.0054,-0.0087,-0.02825,0.04541,0.00223,1,1,0.039,0.111,in_circle,0.0079,0.1439,0.0000,0.0000,0
158.259,2,3195,-0.00582,0.00836,0.0275,0.0061,-0.03027,0.04443,0.00308,1,1,0.028,0.174,in_circle,0.0079,0.1439,0.0000,0.0000,0
158.303,2,3196,-0.00598,0.00792,-0.0036,-0.0098,-0.03096,0.04500,0.00265,1,1,-0.107,0.114,in_circle,0.0079,0.1439,0.0000,0.0000,0
158.347,2,3197,-0.00628,0.00806,-0.0070,0.0032,-0.03152,0.04359,0.00256,1,1,0.018,0.178,in_circle,0.0079,0.1439,0.0000,0.0000,0
158.390,2,3198,-0.00612,0.00843,0.0038,0.0084,-0.03031,0.04164,0.00295,1,1,0.032,0.126,in_circle,0.0079,0.1439,0.0000,0.0000,0
158.435,2,3199,-0.00668,0.00818,-0.0125,-0.0054,-0.03245,0.04343,0.00245,1,1,-0.011,0.104,in_circle,0.0079,0.1439,0.0000,0.0000,0
158.480,2,3200,-0.00655,0.00797,0.0029,-0.0048,-0.03084,0.04383,0.00233,1,1,0.055,0.160,in_circle,0.0079,0.1439,0.0000,0.0000,0
158.522,2,3201,-0.00670,0.00833,-0.0035,0.0085,-0.03100,0.04490,0.00258,1,1,-0.007,0.158,in_circle,0.0079,0.1439,0.0000,0.0000,0
158.568,2,3202,-0.00643,0.00843,0.0060,0.0021,-0.03162,0.04543,0.00279,1,1,0.019,0.104,in_circle,0.0079,0.1439,0.0000,0.0000,0
158.610,2,3203,-0.00672,0.00853,-0.0070,0.0026,-0.02985,0.04483,0.00275,1,1,-0.020,0.130,in_circle,0.0079,0.1439,0.0000,0.0000,0
158.655,2,3204,-0.00571,0.00810,0.0227,-0.0096,-0.02959,0.04562,0.00297,1,1,0.033,0.127,in_circle,0.0079,0.1439,0.0000,0.0000,0
158.698,2,3205,-0.00623,0.00801,-0.0122,-0.0022,-0.03019,0.04453,0.00255,1,1,-0.088,0.177,in_circle,0.0079,0.1439,0.0000,0.0000,0
158.742,2,3206,-0.00651,0.00800,-0.0063,-0.0003,-0.03069,0.04665,0.00238,1,1,0.053,0.147,in_circle,0.0079,0.1439,0.0000,0.0000,0
158.786,2,3207,-0.00632,0.00829,0.0045,0.0066,-0.03182,0.04161,0.00273,1,1,0.030,0.140,in_circle,0.0079,0.1439,0.0000,0.0000,0
158.832,2,3208,-0.00642,0.00842,-0.0023,0.0030,-0.03219,0.04433,0.00279,1,1,-0.014,0.112,in_circle,0.0079,0.1439,0.0000,0.0000,0
158.874,2,3209,-0.00661,0.00794,-0.0045,-0.0114,-0.03172,0.04567,0.00228,1,1,0.014,0.126,in_circle,0.0079,0.1439,0.0000,0.0000,0
158.919,2,3210,-0.00598,0.00832,0.0142,0.0086,-0.03000,0.04551,0.00295,1,1,0.023,0.185,in_circle,0.0079,0.1439,0.0000,0.0000,0
158.963,2,3211,-0.00667,0.00852,-0.0154,0.0044,-0.03129,0.04504,0.00276,1,1,-0.053,0.104,in_circle,0.0079,0.1439,0.0000,0.0000,0
159.006,2,3212,-0.00644,0.00807,0.0052,-0.0105,-0.03149,0.04421,0.00248,1,1,0.067,0.120,in_circle,0.0079,0.1439,0.0000,0.0000,0
159.051,2,3213,-0.00606,0.00871,0.0088,0.0144,-0.03077,0.04326,0.00322,1,1,-0.016,0.181,in_circle,0.0079,0.1439,0.0000,0.0000,0
159.095,2,3214,-0.00702,0.00836,-0.0215,-0.0078,-0.03060,0.04666,0.00249,1,1,-0.031,0.080,in_circle,0.0079,0.1439,0.0000,0.0000,0
159.139,2,3215,-0.00657,0.00789,0.0103,-0.0109,-0.03215,0.04508,0.00225,1,1,0.092,0.169,in_circle,0.0079,0.1439,0.0000,0.0000,0
159.183,2,3216,-0.00626,0.00835,0.0070,0.0105,-0.02797,0.04526,0.00280,1,1,-0.037,0.183,in_circle,0.0079,0.1439,0.0000,0.0000,0
159.226,2,3217,-0.00685,0.00849,-0.0133,0.0032,-0.03129,0.04513,0.00266,1,1,-0.024,0.096,in_circle,0.0079,0.1439,0.0000,0.0000,0
159.272,2,3218,-0.00619,0.00841,0.0146,-0.0016,-0.03184,0.04605,0.00290,1,1,0.059,0.125,in_circle,0.0079,0.1439,0.0000,0.0000,0
159.314,2,3219,-0.00692,0.00852,-0.0174,0.0026,-0.03040,0.04620,0.00267,1,1,-0.054,0.144,in_circle,0.0079,0.1439,0.0000,0.0000,0
159.359,2,3220,-0.00641,0.00823,0.0114,-0.0065,-0.03027,0.04583,0.00263,1,1,0.075,0.127,in_circle,0.0079,0.1439,0.0000,0.0000,0
159.402,2,3221,-0.00646,0.00784,-0.0012,-0.0089,-0.03068,0.04411,0.00228,1,1,-0.041,0.164,in_circle,0.0079,0.1439,0.0000,0.0000,0
159.447,2,3222,-0.00661,0.00840,-0.0032,0.0125,-0.02943,0.04549,0.00268,1,1,0.009,0.175,in_circle,0.0079,0.1439,0.0000,0.0000,0
159.490,2,3223,-0.00678,0.00811,-0.0040,-0.0066,-0.03023,0.04481,0.00235,1,1,0.018,0.088,in_circle,0.0079,0.1439,0.0000,0.0000,0
159.579,2,3224,-0.00686,0.00834,-0.0009,0.0026,-0.02944,0.04550,0.00252,1,1,0.021,0.165,in_circle,0.0079,0.1439,0.0000,0.0000,0
159.623,2,3225,-0.00679,0.00835,0.0017,0.0003,-0.03115,0.04485,0.00256,1,1,0.009,0.128,in_circle,0.0079,0.1439,0.0000,0.0000,0
159.667,2,3226,-0.00643,0.00798,0.0081,-0.0085,-0.03191,0.04540,0.00241,1,1,-0.001,0.137,in_circle,0.0079,0.1439,0.0000,0.0000,0
159.711,2,3227,-0.00607,0.00871,0.0081,0.0168,-0.03001,0.04401,0.00322,1,1,-0.028,0.173,in_circle,0.0079,0.1439,0.0000,0.0000,0
159.755,2,3228,-0.00634,0.00817,-0.0061,-0.0123,-0.03183,0.04416,0.00261,1,1,-0.029,0.070,in_circle,0.0079,0.1439,0.0000,0.0000,0
159.799,2,3229,-0.00649,0.00809,-0.0034,-0.0018,-0.03227,0.04443,0.00247,1,1,0.029,0.188,in_circle,0.0079,0.1439,0.0000,0.0000,0
159.843,2,3230,-0.00582,0.00816,0.0151,0.0014,-0.03128,0.04533,0.00293,1,1,0.018,0.146,in_circle,0.0079,0.1439,0.0000,0.0000,0
159.887,2,3231,-0.00682,0.00823,-0.0229,0.0016,-0.03261,0.04300,0.00243,1,1,-0.057,0.133,in_circle,0.0079,0.1439,0.0000,0.0000,0
159.931,2,3232,-0.00650,0.00864,0.0072,0.0095,-0.03146,0.04386,0.00294,1,1,0.097,0.132,in_circle,0.0079,0.1439,0.0000,0.0000,0
159.975,2,3233,-0.00650,0.00876,0.0001,0.0025,-0.03171,0.04392,0.00305,1,1,-0.024,0.099,in_circle,0.0079,0.1439,0.0000,0.0000,0
160.019,2,3234,-0.00709,0.00848,-0.0138,-0.0064,-0.03158,0.04562,0.00258,1,1,0.004,0.127,in_circle,0.0079,0.1439,0.0000,0.0000,0
160.062,2,3235,-0.00658,0.00827,0.0118,-0.0049,-0.03138,0.04687,0.00258,1,1,0.061,0.163,in_circle,0.0079,0.1439,0.0000,0.0000,0
160.107,2,3236,-0.00683,0.00868,-0.0056,0.0091,-0.03071,0.04432,0.00285,1,1,-0.042,0.158,in_circle,0.0079,0.1439,0.0000,0.0000,0
160.150,2,3237,-0.00683,0.00813,-0.0000,-0.0129,-0.02962,0.04508,0.00234,1,1,0.028,0.101,in_circle,0.0079,0.1439,0.0000,0.0000,0
160.196,2,3238,-0.00679,0.00840,0.0010,0.0061,-0.03037,0.04365,0.00261,1,1,0.006,0.190,in_circle,0.0079,0.1439,0.0000,0.0000,0
160.238,2,3239,-0.00678,0.00828,0.0000,-0.0030,-0.03227,0.04547,0.00250,1,1,0.001,0.114,in_circle,0.0079,0.1439,0.0000,0.0000,0
160.284,2,3240,-0.00636,0.00836,0.0092,0.0018,-0.03258,0.04236,0.00277,1,1,0.005,0.150,in_circle,0.0079,0.1439,0.0000,0.0000,0
160.327,2,3241,-0.00623,0.00830,0.0031,-0.0014,-0.03078,0.04360,0.00279,1,1,-0.033,0.131,in_circle,0.0079,0.1439,0.0000,0.0000,0
160.372,2,3242,-0.00668,0.00840,-0.0100,0.0023,-0.03133,0.04479,0.00265,1,1,-0.008,0.144,in_circle,0.0079,0.1439,0.0000,0.0000,0
160.414,2,3243,-0.00692,0.00845,-0.0057,0.0010,-0.03094,0.04327,0.00260,1,1,0.045,0.129,in_circle,0.0079,0.1439,0.0000,0.0000,0
160.460,2,3244,-0.00662,0.00820,0.0068,-0.0055,-0.03135,0.04474,0.00250,1,1,0.029,0.134,in_circle,0.0079,0.1439,0.0000,0.0000,0
160.502,2,3245,-0.00653,0.00844,0.0021,0.0057,-0.03156,0.04513,0.00275,1,1,-0.022,0.160,in_circle,0.0079,0.1439,0.0000,0.0000,0
160.548,2,3246,-0.00627,0.00824,0.0055,-0.0043,-0.03129,0.04494,0.00271,1,1,-0.004,0.115,in_circle,0.0079,0.1439,0.0000,0.0000,0
160.590,2,3247,-0.00706,0.00827,-0.0185,0.0008,-0.03120,0.04616,0.00239,1,1,-0.018,0.156,in_circle,0.0079,0.1439,0.0000,0.0000,0
160.635,2,3248,-0.00604,0.00834,0.0224,0.0015,-0.03112,0.04554,0.00293,1,1,0.080,0.135,in_circle,0.0079,0.1439,0.0000,0.0000,0
160.678,2,3249,-0.00686,0.00786,-0.0193,-0.0113,-0.03131,0.04444,0.00208,1,1,-0.086,0.132,in_circle,0.0079,0.1439,0.0000,0.0000,0
160.724,2,3250,-0.00674,0.00866,0.0025,0.0173,-0.03112,0.04616,0.00287,1,1,0.083,0.185,in_circle,0.0079,0.1439,0.0000,0.0000,0
160.766,2,3251,-0.00662,0.00796,0.0028,-0.0170,-0.03221,0.04420,0.00228,1,1,-0.005,0.068,in_circle,0.0079,0.1439,0.0000,0.0000,0
160.811,2,3252,-0.00650,0.00823,0.0027,0.0060,-0.03148,0.04558,0.00258,1,1,-0.006,0.207,in_circle,0.0079,0.1439,0.0000,0.0000,0
160.853,2,3253,-0.00562,0.00813,0.0208,-0.0023,-0.02777,0.04519,0.00305,1,1,-0.006,0.115,in_circle,0.0079,0.1439,0.0000,0.0000,0
160.899,2,3254,-0.00646,0.00844,-0.0186,0.0068,-0.03228,0.04352,0.00278,1,1,-0.081,0.148,in_circle,0.0079,0.1439,0.0000,0.0000,0
160.942,2,3255,-0.00634,0.00861,0.0027,0.0039,-0.03146,0.04370,0.00299,1,1,0.079,0.111,in_circle,0.0079,0.1439,0.0000,0.0000,0
160.987,2,3256,-0.00646,0.00807,-0.0027,-0.0122,-0.03165,0.04153,0.00246,1,1,-0.007,0.122,in_circle,0.0079,0.1439,0.0000,0.0000,0
161.030,2,3257,-0.00651,0.00827,-0.0011,0.0046,-0.03051,0.04347,0.00261,1,1,0.015,0.188,in_circle,0.0079,0.1439,0.0000,0.0000,0
161.075,2,3258,-0.00613,0.00833,0.0085,0.0014,-0.03105,0.04382,0.00287,1,1,0.009,0.120,in_circle,0.0079,0.1439,0.0000,0.0000,0
161.118,2,3259,-0.00605,0.00876,0.0018,0.0099,-0.03230,0.04279,0.00327,1,1,-0.030,0.132,in_circle,0.0079,0.1439,0.0000,0.0000,0
161.164,2,3260,-0.00659,0.00827,-0.0119,-0.0107,-0.03044,0.04360,0.00257,1,1,-0.004,0.098,in_circle,0.0079,0.1439,0.0000,0.0000,0
161.208,2,3261,-0.00646,0.00832,0.0029,0.0011,-0.03109,0.04181,0.00268,1,1,0.053,0.181,in_circle,0.0079,0.1439,0.0000,0.0000,0
161.251,2,3262,-0.00657,0.00795,-0.0024,-0.0085,-0.03027,0.04214,0.00231,1,1,-0.007,0.134,in_circle,0.0079,0.1439,0.0000,0.0000,0
161.294,2,3263,-0.00569,0.00819,0.0202,0.0054,-0.03242,0.04410,0.00304,1,1,0.015,0.173,in_circle,0.0079,0.1439,0.0000,0.0000,0
161.339,2,3264,-0.00657,0.00879,-0.0194,0.0135,-0.03099,0.04436,0.00305,1,1,-0.078,0.117,in_circle,0.0079,0.1439,0.0000,0.0000,0
161.383,2,3265,-0.00662,0.00815,-0.0013,-0.0148,-0.03147,0.04354,0.00245,1,1,0.083,0.083,in_circle,0.0079,0.1439,0.0000,0.0000,0
161.428,2,3266,-0.00643,0.00841,0.0043,0.0060,-0.02984,0.04341,0.00278,1,1,0.010,0.198,in_circle,0.0079,0.1439,0.0000,0.0000,0
161.470,2,3267,-0.00601,0.00847,0.0098,0.0013,-0.02720,0.04600,0.00305,1,1,-0.013,0.114,in_circle,0.0079,0.1439,0.0000,0.0000,0
161.515,2,3268,-0.00693,0.00812,-0.0203,-0.0077,-0.03108,0.04611,0.00230,1,1,-0.036,0.132,in_circle,0.0079,0.1439,0.0000,0.0000,0
161.603,2,3269,-0.00594,0.00848,0.0113,0.0041,-0.03076,0.04471,0.00310,1,1,0.087,0.169,in_circle,0.0079,0.1439,0.0000,0.0000,0
161.647,2,3270,-0.00644,0.00777,-0.0113,-0.0161,-0.03083,0.04710,0.00223,1,1,-0.042,0.121,in_circle,0.0079,0.1439,0.0000,0.0000,0
161.691,2,3271,-0.00637,0.00816,0.0017,0.0089,-0.03020,0.04613,0.00259,1,1,0.050,0.204,in_circle,0.0079,0.1439,0.0000,0.0000,0
161.735,2,3272,-0.00624,0.00813,0.0028,-0.0007,-0.03199,0.04449,0.00264,1,1,-0.003,0.103,in_circle,0.0079,0.1439,0.0000,0.0000,0
161.779,2,3273,-0.00668,0.00815,-0.0099,0.0006,-0.03279,0.04695,0.00243,1,1,-0.007,0.142,in_circle,0.0079,0.1439,0.0000,0.0000,0
161.822,2,3274,-0.00599,0.00844,0.0160,0.0066,-0.03095,0.04559,0.00304,1,1,0.045,0.136,in_circle,0.0079,0.1439,0.0000,0.0000,0
161.867,2,3275,-0.00650,0.00843,-0.0113,-0.0002,-0.03131,0.04444,0.00275,1,1,-0.061,0.111,in_circle,0.0079,0.1439,0.0000,0.0000,0
161.910,2,3276,-0.00602,0.00806,0.0114,-0.0087,-0.03080,0.04457,0.00272,1,1,0.050,0.138,in_circle,0.0079,0.1439,0.0000,0.0000,0
161.955,2,3277,-0.00675,0.00824,-0.0161,0.0039,-0.03038,0.04405,0.00247,1,1,-0.042,0.174,in_circle,0.0079,0.1439,0.0000,0.0000,0
162.000,2,3278,-0.00548,0.00822,0.0286,-0.0004,-0.03131,0.04444,0.00321,1,1,0.070,0.123,in_circle,0.0079,0.1439,0.0000,0.0000,0
162.042,2,3279,-0.00648,0.00820,-0.0239,-0.0005,-0.03192,0.04325,0.00256,1,1,-0.112,0.140,in_circle,0.0079,0.1439,0.0000,0.0000,0
162.087,2,3280,-0.00643,0.00823,0.0012,0.0007,-0.03158,0.04638,0.00262,1,1,0.100,0.140,in_circle,0.0079,0.1439,0.0000,0.0000,0
162.131,2,3281,-0.00564,0.00792,0.0181,-0.0070,-0.03140,0.04408,0.00289,1,1,-0.000,0.135,in_circle,0.0079,0.1439,0.0000,0.0000,0
162.175,2,3282,-0.00659,0.00787,-0.0217,-0.0012,-0.03166,0.04323,0.00222,1,1,-0.070,0.167,in_circle,0.0079,0.1439,0.0000,0.0000,0
162.218,2,3283,-0.00622,0.00827,0.0087,0.0092,-0.03106,0.04624,0.00277,1,1,0.092,0.144,in_circle,0.0079,0.1439,0.0000,0.0000,0
162.263,2,3284,-0.00652,0.00831,-0.0068,0.0009,-0.03124,0.04430,0.00264,1,1,-0.031,0.101,in_circle,0.0079,0.1439,0.0000,0.0000,0
162.306,2,3285,-0.00623,0.00877,0.0064,0.0104,-0.03240,0.04559,0.00318,1,1,0.032,0.134,in_circle,0.0079,0.1439,0.0000,0.0000,0
162.351,2,3286,-0.00607,0.00818,0.0037,-0.0131,-0.03017,0.04650,0.00278,1,1,-0.022,0.095,in_circle,0.0079,0.1439,0.0000,0.0000,0
162.394,2,3287,-0.00595,0.00816,0.0028,-0.0005,-0.03060,0.04383,0.00284,1,1,-0.011,0.191,in_circle,0.0079,0.1439,0.0000,0.0000,0
162.440,2,3288,-0.00668,0.00817,-0.0160,0.0003,-0.02940,0.04605,0.00244,1,1,-0.008,0.140,in_circle,0.0079,0.1439,0.0000,0.0000,0
162.482,2,3289,-0.00654,0.00811,0.0034,-0.0015,-0.03291,0.04292,0.00246,1,1,0.069,0.137,in_circle,0.0079,0.1439,0.0000,0.0000,0
162.528,2,3290,-0.00626,0.00832,0.0060,0.0046,-0.03100,0.04490,0.00278,1,1,-0.009,0.145,in_circle,0.0079,0.1439,0.0000,0.0000,0
162.571,2,3291,-0.00643,0.00816,-0.0038,-0.0037,-0.03179,0.04478,0.00256,1,1,-0.020,0.120,in_circle,0.0079,0.1439,0.0000,0.0000,0
162.616,2,3292,-0.00599,0.00831,0.0099,0.0034,-0.03106,0.04452,0.00294,1,1,0.020,0.153,in_circle,0.0079,0.1439,0.0000,0.0000,0
162.659,2,3293,-0.00681,0.00830,-0.0188,-0.0003,-0.03153,0.04568,0.00250,1,1,-0.036,0.125,in_circle,0.0079,0.1439,0.0000,0.0000,0
162.704,2,3294,-0.00616,0.00779,0.0147,-0.0115,-0.03055,0.04410,0.00243,1,1,0.081,0.139,in_circle,0.0079,0.1439,0.0000,0.0000,0
162.746,2,3295,-0.00605,0.00826,0.0025,0.0111,-0.03105,0.04621,0.00286,1,1,-0.055,0.185,in_circle,0.0079,0.1439,0.0000,0.0000,0
162.792,2,3296,-0.00572,0.00855,0.0072,0.0064,-0.03070,0.04540,0.00329,1,1,-0.007,0.094,in_circle,0.0079,0.1439,0.0000,0.0000,0
162.834,2,3297,-0.00666,0.00825,-0.0225,-0.0071,-0.03220,0.04434,0.00252,1,1,-0.026,0.112,in_circle,0.0079,0.1439,0.0000,0.0000,0
162.879,2,3298,-0.00576,0.00818,0.0201,-0.0017,-0.02966,0.04430,0.00298,1,1,0.095,0.167,in_circle,0.0079,0.1439,0.0000,0.0000,0
162.922,2,3299,-0.00639,0.00828,-0.0144,0.0024,-0.03061,0.04382,0.00268,1,1,-0.078,0.145,in_circle,0.0079,0.1439,0.0000,0.0000,0
162.968,2,3300,-0.00673,0.00798,-0.0075,-0.0065,-0.03051,0.04656,0.00225,1,1,0.062,0.129,in_circle,0.0079,0.1439,0.0000,0.0000,0
163.010,2,3301,-0.00658,0.00829,0.0036,0.0072,-0.03039,0.04407,0.00259,1,1,0.035,0.165,in_circle,0.0079,0.1439,0.0000,0.0000,0
163.055,2,3302,-0.00637,0.00840,0.0048,0.0025,-0.03009,0.04369,0.00280,1,1,-0.010,0.109,in_circle,0.0079,0.1439,0.0000,0.0000,0
163.098,2,3303,-0.00684,0.00806,-0.0110,-0.0079,-0.03108,0.04536,0.00228,1,1,-0.015,0.128,in_circle,0.0079,0.1439,0.0000,0.0000,0
163.143,2,3304,-0.00628,0.00810,0.0124,0.0008,-0.02969,0.04353,0.00259,1,1,0.050,0.170,in_circle,0.0079,0.1439,0.0000,0.0000,0
163.186,2,3305,-0.00676,0.00852,-0.0111,0.0097,-0.03037,0.04485,0.00273,1,1,-0.046,0.135,in_circle,0.0079,0.1439,0.0000,0.0000,0
163.231,2,3306,-0.00659,0.00814,0.0039,-0.0085,-0.03184,0.04605,0.00246,1,1,0.050,0.099,in_circle,0.0079,0.1439,0.0000,0.0000,0
163.274,2,3307,-0.00655,0.00813,0.0009,-0.0002,-0.03165,0.04350,0.00247,1,1,-0.011,0.173,in_circle,0.0079,0.1439,0.0000,0.0000,0
163.319,2,3308,-0.00659,0.00824,-0.0009,0.0024,-0.03100,0.04490,0.00255,1,1,0.001,0.139,in_circle,0.0079,0.1439,0.0000,0.0000,0
163.362,2,3309,-0.00649,0.00834,0.0023,0.0023,-0.03221,0.04270,0.00268,1,1,0.009,0.129,in_circle,0.0079,0.1439,0.0000,0.0000,0
163.408,2,3310,-0.00638,0.00820,0.0024,-0.0030,-0.03185,0.04390,0.00262,1,1,-0.004,0.129,in_circle,0.0079,0.1439,0.0000,0.0000,0
163.451,2,3311,-0.00671,0.00838,-0.0078,0.0041,-0.03119,0.04466,0.00261,1,1,-0.005,0.150,in_circle,0.0079,0.1439,0.0000,0.0000,0
163.496,2,3312,-0.00681,0.00833,-0.0022,-0.0011,-0.03206,0.04398,0.00253,1,1,0.036,0.122,in_circle,0.0079,0.1439,0.0000,0.0000,0
163.538,2,3313,-0.00650,0.00834,0.0072,0.0003,-0.03173,0.04470,0.00268,1,1,0.014,0.142,in_circle,0.0079,0.1439,0.0000,0.0000,0
163.627,2,3314,-0.00667,0.00800,-0.0019,-0.0039,-0.03208,0.04587,0.00230,1,1,-0.024,0.137,in_circle,0.0079,0.1439,0.0000,0.0000,0
163.672,2,3315,-0.00664,0.00827,0.0007,0.0061,-0.03183,0.04416,0.00255,1,1,0.013,0.154,in_circle,0.0079,0.1439,0.0000,0.0000,0
163.714,2,3316,-0.00642,0.00847,0.0053,0.0046,-0.03174,0.04275,0.00283,1,1,0.002,0.114,in_circle,0.0079,0.1439,0.0000,0.0000,0
163.759,2,3317,-0.00646,0.00864,-0.0009,0.0038,-0.03183,0.04537,0.00296,1,1,-0.017,0.119,in_circle,0.0079,0.1439,0.0000,0.0000,0
163.803,2,3318,-0.00639,0.00839,0.0016,-0.0058,-0.03044,0.04480,0.00277,1,1,0.008,0.122,in_circle,0.0079,0.1439,0.0000,0.0000,0
163.847,2,3319,-0.00665,0.00807,-0.0058,-0.0072,-0.03063,0.04445,0.00236,1,1,-0.002,0.161,in_circle,0.0079,0.1439,0.0000,0.0000,0
163.890,2,3320,-0.00636,0.00826,0.0067,0.0047,-0.02994,0.04415,0.00268,1,1,0.028,0.168,in_circle,0.0079,0.1439,0.0000,0.0000,0
163.935,2,3321,-0.00659,0.00790,-0.0052,-0.0081,-0.03027,0.04524,0.00225,1,1,-0.023,0.120,in_circle,0.0079,0.1439,0.0000,0.0000,0
163.979,2,3322,-0.00662,0.00850,-0.0006,0.0133,-0.03015,0.04287,0.00276,1,1,0.026,0.172,in_circle,0.0079,0.1439,0.0000,0.0000,0
164.024,2,3323,-0.00641,0.00787,0.0048,-0.0141,-0.03121,0.04350,0.00233,1,1,0.008,0.084,in_circle,0.0079,0.1439,0.0000,0.0000,0
164.067,2,3324,-0.00657,0.00823,-0.0038,0.0082,-0.03053,0.04514,0.00254,1,1,-0.015,0.196,in_circle,0.0079,0.1439,0.0000,0.0000,0
164.112,2,3325,-0.00594,0.00799,0.0141,-0.0054,-0.02800,0.04540,0.00272,1,1,0.020,0.105,in_circle,0.0079,0.1439,0.0000,0.0000,0
164.155,2,3326,-0.00703,0.00845,-0.0252,0.0106,-0.03202,0.04460,0.00256,1,1,-0.053,0.160,in_circle,0.0079,0.1439,0.0000,0.0000,0
164.200,2,3327,-0.00649,0.00820,0.0121,-0.0054,-0.03018,0.04429,0.00256,1,1,0.107,0.095,in_circle,0.0079,0.1439,0.0000,0.0000,0
164.242,2,3328,-0.00662,0.00860,-0.0031,0.0095,-0.03151,0.04277,0.00286,1,1,-0.044,0.160,in_circle,0.0079,0.1439,0.0000,0.0000,0
164.287,2,3329,-0.00628,0.00826,0.0075,-0.0076,-0.02928,0.04601,0.00272,1,1,0.018,0.100,in_circle,0.0079,0.1439,0.0000,0.0000,0
164.330,2,3330,-0.00656,0.00819,-0.0064,-0.0016,-0.03054,0.04712,0.00252,1,1,-0.026,0.169,in_circle,0.0079,0.1439,0.0000,0.0000,0
164.376,2,3331,-0.00587,0.00832,0.0152,0.0029,-0.02963,0.04497,0.00302,1,1,0.030,0.145,in_circle,0.0079,0.1439,0.0000,0.0000,0
164.418,2,3332,-0.00671,0.00830,-0.0201,-0.0005,-0.03172,0.04567,0.00254,1,1,-0.058,0.127,in_circle,0.0079,0.1439,0.0000,0.0000,0
164.463,2,3333,-0.00642,0.00788,0.0066,-0.0092,-0.03125,0.04622,0.00233,1,1,0.085,0.140,in_circle,0.0079,0.1439,0.0000,0.0000,0
164.506,2,3334,-0.00692,0.00836,-0.0116,0.0110,-0.03100,0.04490,0.00252,1,1,-0.022,0.176,in_circle,0.0079,0.1439,0.0000,0.0000,0
164.552,2,3335,-0.00626,0.00763,0.0145,-0.0160,-0.03108,0.04536,0.00224,1,1,0.052,0.094,in_circle,0.0079,0.1439,0.0000,0.0000,0
164.594,2,3336,-0.00582,0.00862,0.0103,0.0232,-0.03136,0.04483,0.00328,1,1,-0.054,0.204,in_circle,0.0079,0.1439,0.0000,0.0000,0
164.639,2,3337,-0.00697,0.00869,-0.0255,0.0015,-0.03158,0.04562,0.00282,1,1,-0.038,0.044,in_circle,0.0079,0.1439,0.0000,0.0000,0
164.682,2,3338,-0.00653,0.00820,0.0102,-0.0113,-0.03260,0.04315,0.00254,1,1,0.108,0.131,in_circle,0.0079,0.1439,0.0000,0.0000,0
164.727,2,3339,-0.00561,0.00860,0.0207,0.0091,-0.02496,0.04254,0.00340,1,1,-0.036,0.184,in_circle,0.0079,0.1439,0.0000,0.0000,0
164.770,2,3340,-0.00670,0.00774,-0.0251,-0.0198,-0.02641,0.04573,0.00205,1,1,-0.080,0.101,in_circle,0.0079,0.1439,0.0000,0.0000,0
164.816,2,3341,-0.00587,0.00817,0.0185,0.0096,-0.03249,0.04340,0.00291,1,1,0.105,0.219,in_circle,0.0079,0.1439,0.0000,0.0000,0
164.858,2,3342,-0.00627,0.00819,-0.0095,0.0004,-0.03055,0.04084,0.00267,1,1,-0.071,0.100,in_circle,0.0079,0.1439,0.0000,0.0000,0
164.903,2,3343,-0.00657,0.00833,-0.0066,0.0031,-0.03588,0.04379,0.00264,1,1,0.042,0.137,in_circle,0.0079,0.1439,0.0000,0.0000,0
164.948,2,3344,-0.00618,0.00847,0.0087,0.0032,-0.03196,0.04295,0.00296,1,1,0.031,0.126,in_circle,0.0079,0.1439,0.0000,0.0000,0
164.992,2,3345,-0.00662,0.00835,-0.0099,-0.0027,-0.03268,0.04255,0.00263,1,1,-0.031,0.125,in_circle,0.0079,0.1439,0.0000,0.0000,0
165.035,2,3346,-0.00656,0.00807,0.0015,-0.0066,-0.03185,0.04436,0.00242,1,1,0.045,0.149,in_circle,0.0079,0.1439,0.0000,0.0000,0
165.080,2,3347,-0.00581,0.00818,0.0166,0.0023,-0.03222,0.04278,0.00295,1,1,-0.001,0.165,in_circle,0.0079,0.1439,0.0000,0.0000,0
165.123,2,3348,-0.00626,0.00838,-0.0107,0.0047,-0.03153,0.04544,0.00283,1,1,-0.063,0.129,in_circle,0.0079,0.1439,0.0000,0.0000,0
165.168,2,3349,-0.00664,0.00809,-0.0083,-0.0063,-0.03176,0.04480,0.00239,1,1,0.047,0.119,in_circle,0.0079,0.1439,0.0000,0.0000,0
165.211,2,3350,-0.00597,0.00812,0.0154,0.0007,-0.03277,0.04322,0.00281,1,1,0.038,0.164,in_circle,0.0079,0.1439,0.0000,0.0000,0
165.255,2,3351,-0.00700,0.00856,-0.0237,0.0100,-0.03148,0.04558,0.00268,1,1,-0.058,0.136,in_circle,0.0079,0.1439,0.0000,0.0000,0
165.298,2,3352,-0.00568,0.00834,0.0305,-0.0052,-0.03179,0.04478,0.00315,1,1,0.101,0.098,in_circle,0.0079,0.1439,0.0000,0.0000,0
165.344,2,3353,-0.00678,0.00786,-0.0239,-0.0105,-0.03124,0.04472,0.00212,1,1,-0.119,0.159,in_circle,0.0079,0.1439,0.0000,0.0000,0
165.387,2,3354,-0.00696,0.00848,-0.0042,0.0146,-0.02897,0.04497,0.00262,1,1,0.101,0.181,in_circle,0.0079,0.1439,0.0000,0.0000,0
165.431,2,3355,-0.00669,0.00840,0.0061,-0.0019,-0.02908,0.04532,0.00265,1,1,0.023,0.079,in_circle,0.0079,0.1439,0.0000,0.0000,0
165.475,2,3356,-0.00635,0.00875,0.0077,0.0080,-0.03084,0.04469,0.00311,1,1,-0.019,0.145,in_circle,0.0079,0.1439,0.0000,0.0000,0
165.519,2,3357,-0.00644,0.00829,-0.0021,-0.0103,-0.02753,0.04769,0.00266,1,1,-0.026,0.105,in_circle,0.0079,0.1439,0.0000,0.0000,0
165.562,2,3358,-0.00603,0.00830,0.0096,0.0003,-0.02898,0.04579,0.00291,1,1,0.013,0.179,in_circle,0.0079,0.1439,0.0000,0.0000,0
165.650,2,3359,-0.00649,0.00849,-0.0052,0.0022,-0.03126,0.04620,0.00282,1,1,-0.035,0.137,in_circle,0.0079,0.1439,0.0000,0.0000,0
165.696,2,3360,-0.00547,0.00842,0.0224,-0.0017,-0.03066,0.04613,0.00336,1,1,0.026,0.129,in_circle,0.0079,0.1439,0.0000,0.0000,0
165.738,2,3361,-0.00622,0.00829,-0.0177,-0.0031,-0.03106,0.04596,0.00278,1,1,-0.088,0.144,in_circle,0.0078,0.1438,0.0000,0.0000,0
165.784,2,3362,-0.00684,0.00844,-0.0134,0.0033,-0.03101,0.04710,0.00262,1,1,0.075,0.150,in_circle,0.0077,0.1437,0.0000,0.0000,0
165.827,2,3363,-0.00638,0.00831,0.0108,-0.0030,-0.03118,0.04231,0.00271,1,1,0.059,0.124,in_circle,0.0077,0.1436,0.0000,0.0000,0
165.871,2,3364,-0.00646,0.00885,-0.0019,0.0122,-0.03172,0.04259,0.00315,1,1,-0.039,0.150,in_circle,0.0076,0.1435,0.0000,0.0000,0
165.915,2,3365,-0.00635,0.00835,0.0024,-0.0113,-0.03160,0.04502,0.00276,1,1,0.012,0.087,in_circle,0.0076,0.1433,0.0000,0.0000,0
165.960,2,3366,-0.00653,0.00833,-0.0039,-0.0003,-0.03197,0.04197,0.00266,1,1,-0.006,0.182,in_circle,0.0075,0.1432,0.0000,0.0000,0
166.003,2,3367,-0.00667,0.00794,-0.0033,-0.0091,-0.02857,0.04438,0.00224,1,1,0.020,0.139,in_circle,0.0075,0.1432,0.0000,0.0000,0
166.048,2,3368,-0.00640,0.00784,0.0060,-0.0022,-0.03338,0.04425,0.00231,1,1,0.018,0.175,in_circle,0.0075,0.1432,0.0000,0.0000,0
166.091,2,3369,-0.00656,0.00799,-0.0037,0.0035,-0.03102,0.04404,0.00234,1,1,-0.020,0.147,in_circle,0.0075,0.1432,0.0000,0.0000,0
166.136,2,3370,-0.00640,0.00785,0.0035,-0.0031,-0.03245,0.04410,0.00232,1,1,0.019,0.124,in_circle,0.0075,0.1432,0.0000,0.0000,0
166.178,2,3371,-0.00650,0.00825,-0.0023,0.0097,-0.03183,0.04416,0.00260,1,1,-0.010,0.151,in_circle,0.0075,0.1432,0.0000,0.0000,0
166.223,2,3372,-0.00594,0.00861,0.0126,0.0080,-0.03155,0.04510,0.00321,1,1,0.013,0.099,in_circle,0.0075,0.1432,0.0000,0.0000,0
166.266,2,3373,-0.00630,0.00833,-0.0083,-0.0064,-0.03167,0.04355,0.00277,1,1,-0.047,0.105,in_circle,0.0075,0.1432,0.0000,0.0000,0
166.311,2,3374,-0.00621,0.00829,0.0020,-0.0009,-0.02957,0.04535,0.00279,1,1,0.037,0.163,in_circle,0.0075,0.1432,0.0000,0.0000,0
166.356,2,3375,-0.00646,0.00802,-0.0056,-0.0061,-0.02970,0.04393,0.00242,1,1,-0.005,0.141,in_circle,0.0075,0.1432,0.0000,0.0000,0
166.399,2,3376,-0.00656,0.00829,-0.0025,0.0064,-0.02980,0.04512,0.00260,1,1,0.026,0.162,in_circle,0.0075,0.1432,0.0000,0.0000,0
166.442,2,3377,-0.00632,0.00820,0.0058,-0.0021,-0.03073,0.04339,0.00266,1,1,0.014,0.112,in_circle,0.0075,0.1432,0.0000,0.0000,0
166.487,2,3378,-0.00638,0.00825,-0.0015,0.0011,-0.03066,0.04594,0.00266,1,1,-0.019,0.146,in_circle,0.0075,0.1432,0.0000,0.0000,0
166.530,2,3379,-0.00688,0.00808,-0.0116,-0.0039,-0.03014,0.04585,0.00228,1,1,0.010,0.133,in_circle,0.0075,0.1432,0.0000,0.0000,0
166.575,2,3380,-0.00659,0.00834,0.0065,0.0058,-0.02887,0.04521,0.00264,1,1,0.051,0.154,in_circle,0.0075,0.1432,0.0000,0.0000,0
166.620,2,3381,-0.00665,0.00855,-0.0013,0.0046,-0.03081,0.04340,0.00280,1,1,-0.021,0.114,in_circle,0.0075,0.1432,0.0000,0.0000,0
166.663,2,3382,-0.00672,0.00799,-0.0016,-0.0128,-0.02969,0.04369,0.00226,1,1,0.010,0.118,in_circle,0.0075,0.1432,0.0000,0.0000,0
166.707,2,3383,-0.00636,0.00846,0.0082,0.0108,-0.03031,0.04334,0.00285,1,1,0.011,0.190,in_circle,0.0075,0.1432,0.0000,0.0000,0
166.751,2,3384,-0.00675,0.00818,-0.0089,-0.0064,-0.03048,0.04539,0.00242,1,1,-0.029,0.094,in_circle,0.0075,0.1432,0.0000,0.0000,0
166.795,2,3385,-0.00657,0.00839,0.0042,0.0047,-0.03336,0.04373,0.00269,1,1,0.041,0.163,in_circle,0.0075,0.1432,0.0000,0.0000,0
166.840,2,3386,-0.00644,0.00867,0.0028,0.0062,-0.03056,0.04467,0.00299,1,1,-0.012,0.118,in_circle,0.0075,0.1432,0.0000,0.0000,0
166.882,2,3387,-0.00649,0.00800,-0.0012,-0.0158,-0.03304,0.04333,0.00239,1,1,-0.007,0.112,in_circle,0.0075,0.1432,0.0000,0.0000,0
166.928,2,3388,-0.00647,0.00807,0.0004,0.0015,-0.03194,0.04449,0.00246,1,1,0.009,0.202,in_circle,0.0075,0.1432,0.0000,0.0000,0
166.971,2,3389,-0.00662,0.00824,-0.0034,0.0038,-0.03191,0.04472,0.00253,1,1,0.002,0.132,in_circle,0.0075,0.1432,0.0000,0.0000,0
167.015,2,3390,-0.00672,0.00851,-0.0024,0.0063,-0.03402,0.04277,0.00273,1,1,0.018,0.122,in_circle,0.0075,0.1432,0.0000,0.0000,0
167.058,2,3391,-0.00697,0.00841,-0.0058,-0.0024,-0.03176,0.04538,0.00255,1,1,0.014,0.112,in_circle,0.0075,0.1432,0.0000,0.0000,0
167.103,2,3392,-0.00648,0.00847,0.0111,0.0014,-0.03248,0.04334,0.00280,1,1,0.029,0.147,in_circle,0.0075,0.1432,0.0000,0.0000,0
167.147,2,3393,-0.00657,0.00827,-0.0022,-0.0047,-0.03124,0.04472,0.00258,1,1,-0.040,0.131,in_circle,0.0075,0.1432,0.0000,0.0000,0
167.192,2,3394,-0.00643,0.00816,0.0031,-0.0022,-0.03036,0.04543,0.00256,1,1,0.013,0.156,in_circle,0.0075,0.1432,0.0000,0.0000,0
167.234,2,3395,-0.00654,0.00810,-0.0024,-0.0016,-0.03117,0.04298,0.00245,1,1,-0.008,0.147,in_circle,0.0075,0.1432,0.0000,0.0000,0
167.279,2,3396,-0.00647,0.00823,0.0015,0.0029,-0.03117,0.04440,0.00259,1,1,0.014,0.144,in_circle,0.0075,0.1432,0.0000,0.0000,0
167.323,2,3397,-0.00590,0.00811,0.0131,-0.0027,-0.03085,0.04545,0.00284,1,1,-0.002,0.126,in_circle,0.0075,0.1432,0.0000,0.0000,0
167.368,2,3398,-0.00640,0.00800,-0.0110,-0.0024,-0.03063,0.04435,0.00244,1,1,-0.050,0.149,in_circle,0.0075,0.1432,0.0000,0.0000,0
167.411,2,3399,-0.00665,0.00846,-0.0057,0.0107,-0.03118,0.04424,0.00272,1,1,0.048,0.148,in_circle,0.0075,0.1432,0.0000,0.0000,0
167.455,2,3400,-0.00641,0.00827,0.0055,-0.0044,-0.03068,0.04255,0.00266,1,1,0.027,0.094,in_circle,0.0075,0.1432,0.0000,0.0000,0
167.498,2,3401,-0.00670,0.00870,-0.0069,0.0099,-0.03139,0.04482,0.00291,1,1,-0.018,0.155,in_circle,0.0075,0.1432,0.0000,0.0000,0
167.544,2,3402,-0.00669,0.00827,0.0002,-0.0093,-0.02872,0.04530,0.00253,1,1,0.032,0.097,in_circle,0.0075,0.1432,0.0000,0.0000,0
167.587,2,3403,-0.00645,0.00742,0.0056,-0.0199,-0.03133,0.04509,0.00196,1,1,0.004,0.175,in_circle,0.0075,0.1432,0.0000,0.0000,0
167.675,2,3404,-0.00601,0.00876,0.0050,0.0152,-0.03240,0.04475,0.00329,1,1,-0.018,0.219,in_circle,0.0075,0.1432,0.0000,0.0000,0
167.719,2,3405,-0.00634,0.00832,-0.0074,-0.0099,-0.03072,0.04322,0.00274,1,1,-0.017,0.075,in_circle,0.0075,0.1432,0.0000,0.0000,0
167.763,2,3406,-0.00680,0.00839,-0.0103,0.0017,-0.03311,0.04440,0.00259,1,1,0.034,0.177,in_circle,0.0075,0.1432,0.0000,0.0000,0
167.809,2,3407,-0.00706,0.00845,-0.0059,0.0012,-0.02832,0.04548,0.00256,1,1,0.046,0.130,in_circle,0.0075,0.1432,0.0000,0.0000,0
167.851,2,3408,-0.00653,0.00800,0.0126,-0.0106,-0.03149,0.04435,0.00237,1,1,0.029,0.132,in_circle,0.0075,0.1432,0.0000,0.0000,0
167.895,2,3409,-0.00675,0.00833,-0.0048,0.0073,-0.02987,0.04489,0.00255,1,1,-0.046,0.181,in_circle,0.0075,0.1432,0.0000,0.0000,0
167.940,2,3410,-0.00650,0.00841,0.0055,0.0018,-0.03158,0.04562,0.00274,1,1,0.024,0.108,in_circle,0.0075,0.1432,0.0000,0.0000,0
167.983,2,3411,-0.00664,0.00798,-0.0031,-0.0099,-0.03180,0.04629,0.00230,1,1,-0.018,0.130,in_circle,0.0075,0.1432,0.0000,0.0000,0
168.026,2,3412,-0.00677,0.00810,-0.0031,0.0029,-0.03065,0.04610,0.00234,1,1,0.017,0.178,in_circle,0.0075,0.1432,0.0000,0.0000,0
168.071,2,3413,-0.00617,0.00819,0.0135,0.0018,-0.03176,0.04538,0.00273,1,1,0.017,0.126,in_circle,0.0075,0.1432,0.0000,0.0000,0
168.114,2,3414,-0.00698,0.00841,-0.0191,0.0051,-0.03164,0.04440,0.00254,1,1,-0.050,0.130,in_circle,0.0075,0.1432,0.0000,0.0000,0
168.159,2,3415,-0.00595,0.00847,0.0232,0.0015,-0.03099,0.04421,0.00309,1,1,0.082,0.117,in_circle,0.0075,0.1432,0.0000,0.0000,0
168.203,2,3416,-0.00645,0.00812,-0.0112,-0.0079,-0.03118,0.04438,0.00252,1,1,-0.090,0.131,in_circle,0.0075,0.1432,0.0000,0.0000,0
168.246,2,3417,-0.00661,0.00861,-0.0036,0.0112,-0.03068,0.04600,0.00287,1,1,0.049,0.169,in_circle,0.0075,0.1432,0.0000,0.0000,0
168.291,2,3418,-0.00659,0.00810,0.0003,-0.0112,-0.03134,0.04345,0.00242,1,1,0.019,0.092,in_circle,0.0075,0.1432,0.0000,0.0000,0
168.335,2,3419,-0.00657,0.00817,0.0005,0.0016,-0.03050,0.04374,0.00249,1,1,0.003,0.183,in_circle,0.0075,0.1432,0.0000,0.0000,0
168.379,2,3420,-0.00654,0.00817,0.0008,-0.0001,-0.02931,0.04619,0.00251,1,1,0.002,0.131,in_circle,0.0075,0.1432,0.0000,0.0000,0
168.422,2,3421,-0.00655,0.00748,-0.0002,-0.0159,-0.03203,0.04391,0.00194,1,1,0.001,0.138,in_circle,0.0075,0.1432,0.0000,0.0000,0
168.467,2,3422,-0.00647,0.00837,0.0017,0.0199,-0.03084,0.04478,0.00272,1,1,0.005,0.203,in_circle,0.0075,0.1432,0.0000,0.0000,0
168.512,2,3423,-0.00630,0.00864,0.0038,0.0061,-0.03254,0.04300,0.00304,1,1,-0.003,0.058,in_circle,0.0075,0.1432,0.0000,0.0000,0
168.556,2,3424,-0.00658,0.00852,-0.0063,-0.0028,-0.03178,0.04654,0.00280,1,1,-0.011,0.112,in_circle,0.0075,0.1432,0.0000,0.0000,0
168.598,2,3425,-0.00645,0.00822,0.0032,-0.0070,-0.02681,0.04377,0.00260,1,1,0.030,0.148,in_circle,0.0075,0.1432,0.0000,0.0000,0
168.643,2,3426,-0.00577,0.00758,0.0151,-0.0143,-0.03035,0.04478,0.00258,1,1,-0.009,0.166,in_circle,0.0075,0.1432,0.0000,0.0000,0
168.686,2,3427,-0.00636,0.00786,-0.0138,0.0065,-0.02843,0.04502,0.00235,1,1,-0.058,0.196,in_circle,0.0075,0.1432,0.0000,0.0000,0
168.731,2,3428,-0.00581,0.00830,0.0123,0.0098,-0.03152,0.04359,0.00304,1,1,0.059,0.113,in_circle,0.0075,0.1432,0.0000,0.0000,0
168.774,2,3429,-0.00640,0.00835,-0.0137,0.0012,-0.03429,0.04169,0.00274,1,1,-0.047,0.098,in_circle,0.0075,0.1432,0.0000,0.0000,0
168.819,2,3430,-0.00664,0.00824,-0.0055,-0.0025,-0.03134,0.04570,0.00252,1,1,0.059,0.133,in_circle,0.0075,0.1432,0.0000,0.0000,0
168.863,2,3431,-0.00648,0.00833,0.0038,0.0021,-0.03089,0.04409,0.00268,1,1,0.026,0.148,in_circle,0.0075,0.1432,0.0000,0.0000,0
168.908,2,3432,-0.00639,0.00779,0.0020,-0.0122,-0.03100,0.04490,0.00228,1,1,-0.011,0.129,in_circle,0.0075,0.1432,0.0000,0.0000,0
168.952,2,3433,-0.00634,0.00802,0.0011,0.0053,-0.03114,0.04562,0.00249,1,1,-0.004,0.188,in_circle,0.0075,0.1432,0.0000,0.0000,0
168.995,2,3434,-0.00644,0.00838,-0.0022,0.0084,-0.03189,0.04543,0.00274,1,1,-0.001,0.117,in_circle,0.0075,0.1432,0.0000,0.0000,0
169.040,2,3435,-0.00670,0.00880,-0.0059,0.0093,-0.03176,0.04341,0.00301,1,1,0.013,0.104,in_circle,0.0075,0.1432,0.0000,0.0000,0
169.083,2,3436,-0.00686,0.00842,-0.0038,-0.0091,-0.03085,0.04608,0.00259,1,1,0.028,0.099,in_circle,0.0075,0.1432,0.0000,0.0000,0
169.127,2,3437,-0.00659,0.00850,0.0060,0.0019,-0.03078,0.04446,0.00277,1,1,0.020,0.174,in_circle,0.0075,0.1432,0.0000,0.0000,0
169.170,2,3438,-0.00691,0.00846,-0.0074,-0.0008,-0.03090,0.04665,0.00262,1,1,-0.020,0.129,in_circle,0.0075,0.1432,0.0000,0.0000,0
169.215,2,3439,-0.00637,0.00781,0.0121,-0.0146,-0.03177,0.04550,0.00231,1,1,0.035,0.140,in_circle,0.0075,0.1432,0.0000,0.0000,0
169.259,2,3440,-0.00590,0.00802,0.0109,0.0049,-0.03150,0.04568,0.00278,1,1,-0.045,0.197,in_circle,0.0075,0.1432,0.0000,0.0000,0
169.303,2,3441,-0.00607,0.00796,-0.0040,-0.0013,-0.03096,0.04673,0.00262,1,1,-0.041,0.119,in_circle,0.0075,0.1432,0.0000,0.0000,0
169.346,2,3442,-0.00702,0.00854,-0.0218,0.0132,-0.03211,0.04358,0.00265,1,1,0.019,0.143,in_circle,0.0075,0.1432,0.0000,0.0000,0
169.392,2,3443,-0.00685,0.00830,0.0038,-0.0052,-0.03182,0.04334,0.00249,1,1,0.093,0.084,in_circle,0.0075,0.1432,0.0000,0.0000,0
169.434,2,3444,-0.00609,0.00860,0.0177,0.0070,-0.03147,0.04563,0.00311,1,1,-0.010,0.158,in_circle,0.0075,0.1432,0.0000,0.0000,0
169.479,2,3445,-0.00654,0.00797,-0.0101,-0.0142,-0.02883,0.04592,0.00234,1,1,-0.068,0.109,in_circle,0.0075,0.1432,0.0000,0.0000,0
169.522,2,3446,-0.00700,0.00809,-0.0106,0.0029,-0.02951,0.04591,0.00224,1,1,0.045,0.195,in_circle,0.0075,0.1432,0.0000,0.0000,0
169.567,2,3447,-0.00686,0.00843,0.0033,0.0076,-0.02893,0.04505,0.00261,1,1,0.048,0.127,in_circle,0.0075,0.1432,0.0000,0.0000,0
169.611,2,3448,-0.00690,0.00842,-0.0011,-0.0002,-0.03305,0.04367,0.00259,1,1,-0.008,0.107,in_circle,0.0075,0.1432,0.0000,0.0000,0
169.700,2,3449,-0.00663,0.00841,0.0031,-0.0002,-0.03054,0.04404,0.00268,1,1,0.010,0.138,in_circle,0.0075,0.1432,0.0000,0.0000,0
169.744,2,3450,-0.00679,0.00801,-0.0035,-0.0091,-0.03016,0.04513,0.00225,1,1,-0.008,0.138,in_circle,0.0075,0.1432,0.0000,0.0000,0
169.787,2,3451,-0.00676,0.00806,0.0007,0.0012,-0.03005,0.04410,0.00231,1,1,0.019,0.174,in_circle,0.0075,0.1432,0.0000,0.0000,0
169.832,2,3452,-0.00618,0.00793,0.0128,-0.0028,-0.02981,0.04404,0.00252,1,1,0.002,0.133,in_circle,0.0075,0.1432,0.0000,0.0000,0
169.875,2,3453,-0.00634,0.00816,-0.0038,0.0053,-0.03085,0.04431,0.00261,1,1,-0.048,0.150,in_circle,0.0075,0.1432,0.0000,0.0000,0
169.920,2,3454,-0.00610,0.00813,0.0052,-0.0007,-0.03207,0.04307,0.00272,1,1,0.019,0.117,in_circle,0.0075,0.1432,0.0000,0.0000,0
169.963,2,3455,-0.00675,0.00804,-0.0152,-0.0020,-0.03014,0.04343,0.00229,1,1,-0.018,0.141,in_circle,0.0075,0.1432,0.0000,0.0000,0
170.008,2,3456,-0.00688,0.00850,-0.0028,0.0102,-0.03097,0.04504,0.00266,1,1,0.066,0.146,in_circle,0.0075,0.1432,0.0000,0.0000,0
170.052,2,3457,-0.00640,0.00820,0.0108,-0.0068,-0.03208,0.04294,0.00261,1,1,0.016,0.096,in_circle,0.0075,0.1432,0.0000,0.0000,0
170.096,2,3458,-0.00545,0.00861,0.0216,0.0095,-0.03016,0.04518,0.00351,1,1,-0.039,0.165,in_circle,0.0075,0.1432,0.0000,0.0000,0
170.140,2,3459,-0.00664,0.00819,-0.0266,-0.0095,-0.03082,0.04504,0.00248,1,1,-0.085,0.098,in_circle,0.0074,0.1431,0.0000,0.0000,0
170.183,2,3460,-0.00669,0.00820,-0.0011,0.0002,-0.03171,0.04168,0.00246,1,1,0.111,0.175,in_circle,0.0073,0.1430,0.0000,0.0000,0
170.227,2,3461,-0.00687,0.00826,-0.0042,0.0015,-0.02865,0.04140,0.00245,1,1,0.009,0.137,in_circle,0.0073,0.1429,0.0000,0.0000,0
170.270,2,3462,-0.00665,0.00805,0.0050,-0.0050,-0.03236,0.04264,0.00235,1,1,0.022,0.131,in_circle,0.0073,0.1429,0.0000,0.0000,0
170.315,2,3463,-0.00662,0.00798,0.0007,-0.0014,-0.03061,0.04786,0.00231,1,1,-0.016,0.158,in_circle,0.0073,0.1429,0.0000,0.0000,0
170.359,2,3464,-0.00669,0.00828,-0.0017,0.0069,-0.03160,0.04502,0.00253,1,1,0.002,0.144,in_circle,0.0073,0.1429,0.0000,0.0000,0
170.404,2,3465,-0.00658,0.00809,0.0024,-0.0041,-0.03178,0.04408,0.00242,1,1,0.011,0.110,in_circle,0.0073,0.1429,0.0000,0.0000,0
170.446,2,3466,-0.00639,0.00784,0.0044,-0.0059,-0.03165,0.04634,0.00232,1,1,-0.006,0.154,in_circle,0.0073,0.1429,0.0000,0.0000,0
170.490,2,3467,-0.00608,0.00882,0.0071,0.0220,-0.03106,0.04622,0.00330,1,1,-0.014,0.162,in_circle,0.0073,0.1429,0.0000,0.0000,0
170.535,2,3468,-0.00554,0.00842,0.0122,-0.0090,-0.03189,0.04615,0.00331,1,1,-0.025,0.048,in_circle,0.0073,0.1429,0.0000,0.0000,0
170.578,2,3469,-0.00640,0.00782,-0.0199,-0.0138,-0.03118,0.04611,0.00229,1,1,-0.047,0.173,in_circle,0.0073,0.1429,0.0000,0.0000,0
170.623,2,3470,-0.00657,0.00807,-0.0038,0.0056,-0.02567,0.04431,0.00240,1,1,0.084,0.194,in_circle,0.0073,0.1429,0.0000,0.0000,0
170.667,2,3471,-0.00615,0.00789,0.0097,-0.0040,-0.03141,0.04445,0.00251,1,1,0.019,0.115,in_circle,0.0073,0.1429,0.0000,0.0000,0
170.711,2,3472,-0.00671,0.00843,-0.0126,0.0120,-0.03194,0.04564,0.00266,1,1,-0.036,0.154,in_circle,0.0073,0.1429,0.0000,0.0000,0
170.755,2,3473,-0.00575,0.00851,0.0219,0.0020,-0.03179,0.04478,0.00324,1,1,0.055,0.089,in_circle,0.0073,0.1429,0.0000,0.0000,0
170.799,2,3474,-0.00694,0.00832,-0.0267,-0.0044,-0.03336,0.04294,0.00247,1,1,-0.086,0.129,in_circle,0.0073,0.1429,0.0000,0.0000,0
170.843,2,3475,-0.00657,0.00811,0.0085,-0.0048,-0.03027,0.04564,0.00244,1,1,0.112,0.155,in_circle,0.0073,0.1429,0.0000,0.0000,0
170.888,2,3476,-0.00642,0.00819,0.0034,0.0017,-0.03174,0.04095,0.00259,1,1,-0.030,0.157,in_circle,0.0073,0.1429,0.0000,0.0000,0
170.931,2,3477,-0.00665,0.00851,-0.0056,0.0076,-0.02982,0.04336,0.00276,1,1,-0.010,0.131,in_circle,0.0073,0.1429,0.0000,0.0000,0
170.976,2,3478,-0.00570,0.00787,0.0211,-0.0142,-0.03073,0.04446,0.00281,1,1,0.027,0.106,in_circle,0.0073,0.1429,0.0000,0.0000,0
171.019,2,3479,-0.00692,0.00827,-0.0284,0.0094,-0.03024,0.04230,0.00244,1,1,-0.082,0.195,in_circle,0.0073,0.1429,0.0000,0.0000,0
171.065,2,3480,-0.00664,0.00808,0.0062,-0.0042,-0.03058,0.04645,0.00238,1,1,0.119,0.100,in_circle,0.0073,0.1429,0.0000,0.0000,0
171.107,2,3481,-0.00661,0.00851,0.0007,0.0101,-0.03433,0.04210,0.00277,1,1,-0.020,0.155,in_circle,0.0073,0.1429,0.0000,0.0000,0
171.151,2,3482,-0.00664,0.00843,-0.0006,-0.0017,-0.03059,0.04371,0.00269,1,1,0.002,0.096,in_circle,0.0073,0.1429,0.0000,0.0000,0
171.195,2,3483,-0.00606,0.00813,0.0135,-0.0070,-0.03061,0.04523,0.00275,1,1,0.007,0.144,in_circle,0.0073,0.1429,0.0000,0.0000,0
171.239,2,3484,-0.00683,0.00861,-0.0173,0.0108,-0.02831,0.04435,0.00278,1,1,-0.051,0.166,in_circle,0.0073,0.1429,0.0000,0.0000,0
171.284,2,3485,-0.00587,0.00826,0.0217,-0.0078,-0.03026,0.04579,0.00297,1,1,0.074,0.093,in_circle,0.0073,0.1429,0.0000,0.0000,0
171.328,2,3486,-0.00610,0.00877,-0.0053,0.0115,-0.03082,0.04477,0.00325,1,1,-0.084,0.169,in_circle,0.0073,0.1429,0.0000,0.0000,0
171.370,2,3487,-0.00651,0.00832,-0.0094,-0.0104,-0.03096,0.04491,0.00266,1,1,0.024,0.090,in_circle,0.0073,0.1429,0.0000,0.0000,0
171.415,2,3488,-0.00638,0.00816,0.0028,-0.0036,-0.03184,0.04345,0.00258,1,1,0.042,0.179,in_circle,0.0073,0.1429,0.0000,0.0000,0
171.460,2,3489,-0.00596,0.00872,0.0095,0.0127,-0.03103,0.04231,0.00328,1,1,-0.007,0.152,in_circle,0.0073,0.1429,0.0000,0.0000,0
171.504,2,3490,-0.00665,0.00796,-0.0154,-0.0171,-0.03222,0.04435,0.00227,1,1,-0.035,0.086,in_circle,0.0073,0.1429,0.0000,0.0000,0
171.546,2,3491,-0.00619,0.00801,0.0108,0.0012,-0.03137,0.04321,0.00257,1,1,0.066,0.206,in_circle,0.0073,0.1429,0.0000,0.0000,0
171.591,2,3492,-0.00654,0.00844,-0.0078,0.0095,-0.03016,0.04353,0.00274,1,1,-0.040,0.133,in_circle,0.0073,0.1429,0.0000,0.0000,0
171.635,2,3493,-0.00585,0.00752,0.0156,-0.0207,-0.03241,0.04578,0.00248,1,1,0.035,0.099,in_circle,0.0073,0.1429,0.0000,0.0000,0
171.723,2,3494,-0.00670,0.00821,-0.0097,0.0078,-0.02973,0.04519,0.00247,1,1,-0.060,0.222,in_circle,0.0073,0.1429,0.0000,0.0000,0
171.768,2,3495,-0.00581,0.00853,0.0199,0.0071,-0.03024,0.04456,0.00322,1,1,0.043,0.106,in_circle,0.0073,0.1429,0.0000,0.0000,0
171.810,2,3496,-0.00649,0.00842,-0.0163,-0.0027,-0.03441,0.04242,0.00275,1,1,-0.077,0.108,in_circle,0.0073,0.1429,0.0000,0.0000,0
171.855,2,3497,-0.00625,0.00810,0.0055,-0.0070,-0.03020,0.04592,0.00261,1,1,0.069,0.148,in_circle,0.0073,0.1429,0.0000,0.0000,0
171.898,2,3498,-0.00675,0.00837,-0.0115,0.0062,-0.03139,0.04387,0.00260,1,1,-0.018,0.165,in_circle,0.0073,0.1429,0.0000,0.0000,0
171.943,2,3499,-0.00655,0.00872,0.0045,0.0077,-0.03046,0.04419,0.00300,1,1,0.051,0.112,in_circle,0.0073,0.1429,0.0000,0.0000,0
171.987,2,3500,-0.00564,0.00810,0.0208,-0.0143,-0.03183,0.04385,0.00301,1,1,-0.014,0.105,in_circle,0.0073,0.1429,0.0000,0.0000,0
172.031,2,3501,-0.00540,0.00825,0.0053,0.0034,-0.03143,0.04432,0.00329,1,1,-0.081,0.195,in_circle,0.0073,0.1429,0.0000,0.0000,0
172.075,2,3502,-0.00622,0.00802,-0.0187,-0.0051,-0.03081,0.04461,0.00256,1,1,-0.020,0.124,in_circle,0.0073,0.1429,0.0000,0.0000,0
172.120,2,3503,-0.00577,0.00792,0.0101,-0.0023,-0.03266,0.04249,0.00279,1,1,0.078,0.158,in_circle,0.0073,0.1429,0.0000,0.0000,0
172.164,2,3504,-0.00599,0.00840,-0.0050,0.0109,-0.03163,0.04157,0.00300,1,1,-0.038,0.147,in_circle,0.0073,0.1429,0.0000,0.0000,0
172.209,2,3505,-0.00667,0.00843,-0.0149,0.0006,-0.03219,0.04460,0.00268,1,1,0.023,0.093,in_circle,0.0073,0.1429,0.0000,0.0000,0
172.251,2,3506,-0.00711,0.00864,-0.0105,0.0049,-0.03106,0.04344,0.00272,1,1,0.064,0.134,in_circle,0.0073,0.1429,0.0000,0.0000,0
172.297,2,3507,-0.00615,0.00830,0.0211,-0.0073,-0.02756,0.04415,0.00283,1,1,0.047,0.116,in_circle,0.0073,0.1428,0.0000,0.0000,0
172.338,2,3508,-0.00671,0.00848,-0.0136,0.0044,-0.02926,0.04579,0.00271,1,1,-0.081,0.166,in_circle,0.0072,0.1427,0.0000,0.0000,0
172.384,2,3509,-0.00657,0.00811,0.0031,-0.0082,-0.02839,0.04637,0.00244,1,1,0.059,0.119,in_circle,0.0072,0.1426,0.0000,0.0000,0
172.426,2,3510,-0.00683,0.00839,-0.0060,0.0064,-0.03015,0.04442,0.00258,1,1,-0.008,0.170,in_circle,0.0071,0.1425,0.0000,0.0000,0
172.471,2,3511,-0.00603,0.00832,0.0179,-0.0016,-0.03012,0.04553,0.00292,1,1,0.029,0.111,in_circle,0.0071,0.1424,0.0000,0.0000,0
172.514,2,3512,-0.00600,0.00840,0.0006,0.0018,-0.03012,0.04539,0.00300,1,1,-0.069,0.143,in_circle,0.0070,0.1423,0.0000,0.0000,0
172.560,2,3513,-0.00667,0.00823,-0.0146,-0.0037,-0.03017,0.04484,0.00250,1,1,-0.000,0.129,in_circle,0.0069,0.1422,0.0000,0.0000,0
172.602,2,3514,-0.00652,0.00830,0.0035,0.0016,-0.03077,0.04675,0.00263,1,1,0.063,0.151,in_circle,0.0068,0.1421,0.0000,0.0000,0
172.647,2,3515,-0.00673,0.00798,-0.0046,-0.0070,-0.03143,0.04432,0.00225,1,1,-0.010,0.130,in_circle,0.0068,0.1420,0.0000,0.0000,0
172.691,2,3516,-0.00588,0.00840,0.0194,0.0097,-0.03131,0.04616,0.00307,1,1,0.023,0.165,in_circle,0.0067,0.1419,0.0000,0.0000,0
172.736,2,3517,-0.00594,0.00878,-0.0013,0.0083,-0.03172,0.04567,0.00334,1,1,-0.076,0.097,in_circle,0.0067,0.1419,0.0000,0.0000,0
172.780,2,3518,-0.00558,0.00828,0.0084,-0.0115,-0.03098,0.04486,0.00318,1,1,0.007,0.102,in_circle,0.0067,0.1419,0.0000,0.0000,0
172.824,2,3519,-0.00624,0.00897,-0.0149,0.0155,-0.03133,0.04293,0.00335,1,1,-0.033,0.182,in_circle,0.0066,0.1418,0.0000,0.0000,0
172.868,2,3520,-0.00592,0.00837,0.0074,-0.0136,-0.03174,0.04273,0.00303,1,1,0.062,0.072,in_circle,0.0066,0.1417,0.0000,0.0000,0
172.912,2,3521,-0.00605,0.00813,-0.0030,-0.0056,-0.03215,0.04293,0.00276,1,1,-0.028,0.190,in_circle,0.0065,0.1416,0.0000,0.0000,0
172.955,2,3522,-0.00656,0.00837,-0.0118,0.0056,-0.02845,0.04680,0.00268,1,1,0.014,0.158,in_circle,0.0065,0.1416,0.0000,0.0000,0
172.999,2,3523,-0.00641,0.00850,0.0036,0.0028,-0.03183,0.04176,0.00286,1,1,0.051,0.113,in_circle,0.0065,0.1416,0.0000,0.0000,0
173.044,2,3524,-0.00581,0.00847,0.0132,-0.0006,-0.03100,0.04490,0.00317,1,1,-0.011,0.124,in_circle,0.0065,0.1416,0.0000,0.0000,0
173.087,2,3525,-0.00659,0.00831,-0.0183,-0.0037,-0.03104,0.04511,0.00261,1,1,-0.051,0.138,in_circle,0.0065,0.1416,0.0000,0.0000,0
173.132,2,3526,-0.00680,0.00798,-0.0046,-0.0076,-0.03118,0.04424,0.00222,1,1,0.077,0.151,in_circle,0.0065,0.1416,0.0000,0.0000,0
173.175,2,3527,-0.00661,0.00825,0.0044,0.0064,-0.03140,0.04419,0.00255,1,1,0.022,0.167,in_circle,0.0065,0.1416,0.0000,0.0000,0
173.220,2,3528,-0.00626,0.00852,0.0077,0.0057,-0.03165,0.04634,0.00295,1,1,-0.014,0.110,in_circle,0.0065,0.1416,0.0000,0.0000,0
173.263,2,3529,-0.00666,0.00824,-0.0094,-0.0065,-0.02968,0.04678,0.00251,1,1,-0.028,0.112,in_circle,0.0065,0.1416,0.0000,0.0000,0
173.309,2,3530,-0.00670,0.00834,-0.0010,0.0023,-0.03111,0.04679,0.00259,1,1,0.041,0.162,in_circle,0.0065,0.1416,0.0000,0.0000,0
173.350,2,3531,-0.00623,0.00868,0.0113,0.0081,-0.03164,0.04440,0.00311,1,1,0.008,0.127,in_circle,0.0065,0.1416,0.0000,0.0000,0
173.397,2,3532,-0.00609,0.00826,0.0032,-0.0091,-0.03133,0.04556,0.00284,1,1,-0.043,0.102,in_circle,0.0065,0.1416,0.0000,0.0000,0
173.440,2,3533,-0.00647,0.00813,-0.0090,-0.0030,-0.03138,0.04687,0.00251,1,1,-0.011,0.172,in_circle,0.0065,0.1416,0.0000,0.0000,0
173.483,2,3534,-0.00645,0.00795,0.0005,-0.0042,-0.03071,0.04447,0.00237,1,1,0.039,0.148,in_circle,0.0065,0.1416,0.0000,0.0000,0
173.527,2,3535,-0.00628,0.00813,0.0040,0.0042,-0.03192,0.04363,0.00262,1,1,0.001,0.154,in_circle,0.0065,0.1416,0.0000,0.0000,0
173.572,2,3536,-0.00682,0.00815,-0.0118,0.0003,-0.03196,0.04452,0.00236,1,1,-0.013,0.119,in_circle,0.0065,0.1416,0.0000,0.0000,0
173.615,2,3537,-0.00600,0.00817,0.0192,0.0006,-0.03051,0.04666,0.00282,1,1,0.051,0.135,in_circle,0.0065,0.1416,0.0000,0.0000,0
173.659,2,3538,-0.00595,0.00806,0.0011,-0.0025,-0.03011,0.04588,0.00277,1,1,-0.075,0.134,in_circle,0.0065,0.1416,0.0000,0.0000,0
173.748,2,3539,-0.00639,0.00864,-0.0049,0.0066,-0.03051,0.04161,0.00300,1,1,-0.003,0.146,in_circle,0.0065,0.1416,0.0000,0.0000,0
173.799,2,3540,-0.00664,0.00831,-0.0050,-0.0067,-0.03087,0.03825,0.00258,1,1,0.023,0.109,in_circle,0.0065,0.1416,0.0000,0.0000,0
173.885,2,3541,-0.00629,0.00829,0.0041,-0.0002,-0.03060,0.03877,0.00274,1,1,0.023,0.162,in_circle,0.0065,0.1416,0.0000,0.0000,0
173.932,2,3542,-0.00635,0.00828,-0.0012,-0.0000,-0.02972,0.04188,0.00271,1,1,-0.014,0.137,in_circle,0.0065,0.1416,0.0000,0.0000,0
173.967,2,3543,-0.00680,0.00822,-0.0127,-0.0019,-0.03021,0.04033,0.00243,1,1,0.008,0.136,in_circle,0.0065,0.1416,0.0000,0.0000,0
174.012,2,3544,-0.00700,0.00846,-0.0045,0.0054,-0.02979,0.04108,0.00259,1,1,0.055,0.144,in_circle,0.0065,0.1416,0.0000,0.0000,0
174.055,2,3545,-0.00660,0.00808,0.0094,-0.0089,-0.03100,0.03898,0.00240,1,1,0.023,0.114,in_circle,0.0065,0.1416,0.0000,0.0000,0
174.101,2,3546,-0.00668,0.00832,-0.0017,0.0053,-0.03054,0.04304,0.00258,1,1,-0.034,0.172,in_circle,0.0065,0.1416,0.0000,0.0000,0
174.143,2,3547,-0.00585,0.00814,0.0196,-0.0044,-0.03080,0.04604,0.00289,1,1,0.011,0.114,in_circle,0.0065,0.1416,0.0000,0.0000,0
174.188,2,3548,-0.00660,0.00811,-0.0169,-0.0006,-0.03172,0.04567,0.00243,1,1,-0.077,0.154,in_circle,0.0065,0.1416,0.0000,0.0000,0
174.233,2,3549,-0.00607,0.00841,0.0117,0.0066,-0.03112,0.04668,0.00297,1,1,0.071,0.139,in_circle,0.0065,0.1416,0.0000,0.0000,0
174.277,2,3550,-0.00570,0.00865,0.0084,0.0054,-0.03153,0.04568,0.00338,1,1,-0.045,0.109,in_circle,0.0065,0.1416,0.0000,0.0000,0
174.321,2,3551,-0.00628,0.00888,-0.0132,0.0051,-0.03112,0.04668,0.00325,1,1,-0.032,0.113,in_circle,0.0065,0.1416,0.0000,0.0000,0
174.364,2,3552,-0.00567,0.00803,0.0139,-0.0192,-0.02990,0.04627,0.00294,1,1,0.056,0.114,in_circle,0.0065,0.1416,0.0000,0.0000,0
174.408,2,3553,-0.00683,0.00854,-0.0266,0.0117,-0.03079,0.04505,0.00272,1,1,-0.054,0.213,in_circle,0.0065,0.1416,0.0000,0.0000,0
174.453,2,3554,-0.00632,0.00822,0.0115,-0.0072,-0.03115,0.04672,0.00267,1,1,0.110,0.088,in_circle,0.0065,0.1416,0.0000,0.0000,0
174.494,2,3555,-0.00582,0.00881,0.0118,0.0139,-0.03257,0.04388,0.00343,1,1,-0.043,0.165,in_circle,0.0065,0.1416,0.0000,0.0000,0
174.540,2,3556,-0.00683,0.00831,-0.0223,-0.0111,-0.02900,0.04601,0.00250,1,1,-0.046,0.079,in_circle,0.0065,0.1416,0.0000,0.0000,0
174.587,2,3557,-0.00696,0.00757,-0.0027,-0.0155,-0.03079,0.04664,0.00179,1,1,0.093,0.180,in_circle,0.0065,0.1416,0.0000,0.0000,0
174.629,2,3558,-0.00652,0.00808,0.0103,0.0122,-0.02857,0.04563,0.00244,1,1,0.015,0.200,in_circle,0.0065,0.1416,0.0000,0.0000,0
174.674,2,3559,-0.00687,0.00802,-0.0077,-0.0014,-0.03010,0.04715,0.00222,1,1,-0.038,0.088,in_circle,0.0065,0.1416,0.0000,0.0000,0
174.717,2,3560,-0.00636,0.00891,0.0118,0.0205,-0.03106,0.04989,0.00324,1,1,0.035,0.142,in_circle,0.0065,0.1416,0.0000,0.0000,0
174.762,2,3561,-0.00634,0.00878,0.0004,-0.0029,-0.02743,0.04531,0.00314,1,1,-0.044,0.052,in_circle,0.0065,0.1416,0.0000,0.0000,0
174.806,2,3562,-0.00587,0.00784,0.0108,-0.0212,-0.02902,0.04571,0.00267,1,1,0.001,0.146,in_circle,0.0065,0.1416,0.0000,0.0000,0
174.849,2,3563,-0.00616,0.00847,-0.0068,0.0147,-0.02703,0.04576,0.00297,1,1,-0.042,0.222,in_circle,0.0065,0.1416,0.0000,0.0000,0
174.893,2,3564,-0.00692,0.00807,-0.0174,-0.0090,-0.03136,0.04536,0.00225,1,1,0.030,0.076,in_circle,0.0065,0.1416,0.0000,0.0000,0
174.935,2,3565,-0.00633,0.00832,0.0142,0.0059,-0.03530,0.04457,0.00275,1,1,0.074,0.173,in_circle,0.0065,0.1416,0.0000,0.0000,0
174.980,2,3566,-0.00655,0.00859,-0.0048,0.0060,-0.03025,0.04311,0.00288,1,1,-0.054,0.112,in_circle,0.0065,0.1416,0.0000,0.0000,0
175.024,2,3567,-0.00668,0.00817,-0.0031,-0.0095,-0.03264,0.04320,0.00245,1,1,0.023,0.111,in_circle,0.0065,0.1416,0.0000,0.0000,0
175.069,2,3568,-0.00657,0.00829,0.0025,0.0025,-0.03133,0.04059,0.00260,1,1,0.016,0.174,in_circle,0.0065,0.1416,0.0000,0.0000,0
175.111,2,3569,-0.00643,0.00824,0.0032,-0.0012,-0.03211,0.04282,0.00262,1,1,-0.007,0.126,in_circle,0.0065,0.1416,0.0000,0.0000,0
175.157,2,3570,-0.00700,0.00863,-0.0123,0.0085,-0.03287,0.04406,0.00275,1,1,-0.010,0.141,in_circle,0.0065,0.1416,0.0000,0.0000,0
175.200,2,3571,-0.00677,0.00841,0.0054,-0.0050,-0.03261,0.04375,0.00263,1,1,0.054,0.101,in_circle,0.0065,0.1416,0.0000,0.0000,0
175.244,2,3572,-0.00670,0.00811,0.0016,-0.0069,-0.03224,0.04368,0.00238,1,1,-0.018,0.156,in_circle,0.0065,0.1416,0.0000,0.0000,0
175.287,2,3573,-0.00645,0.00834,0.0057,0.0055,-0.03021,0.04482,0.00270,1,1,-0.003,0.164,in_circle,0.0065,0.1416,0.0000,0.0000,0
175.333,2,3574,-0.00670,0.00819,-0.0054,-0.0033,-0.03165,0.04360,0.00246,1,1,-0.020,0.114,in_circle,0.0065,0.1416,0.0000,0.0000,0
175.376,2,3575,-0.00660,0.00863,0.0023,0.0099,-0.03123,0.04403,0.00289,1,1,0.025,0.149,in_circle,0.0065,0.1416,0.0000,0.0000,0
175.420,2,3576,-0.00627,0.00807,0.0076,-0.0129,-0.03016,0.04421,0.00257,1,1,-0.006,0.095,in_circle,0.0065,0.1416,0.0000,0.0000,0
175.463,2,3577,-0.00698,0.00853,-0.0164,0.0106,-0.03063,0.04445,0.00266,1,1,-0.028,0.188,in_circle,0.0065,0.1416,0.0000,0.0000,0
175.508,2,3578,-0.00658,0.00817,0.0088,-0.0079,-0.03080,0.04374,0.00249,1,1,0.070,0.093,in_circle,0.0065,0.1416,0.0000,0.0000,0
175.551,2,3579,-0.00658,0.00814,-0.0001,-0.0006,-0.03132,0.04351,0.00247,1,1,-0.032,0.168,in_circle,0.0065,0.1416,0.0000,0.0000,0
175.596,2,3580,-0.00660,0.00810,-0.0003,-0.0010,-0.02888,0.04336,0.00242,1,1,0.004,0.139,in_circle,0.0065,0.1416,0.0000,0.0000,0
175.640,2,3581,-0.00640,0.00860,0.0044,0.0116,-0.03138,0.04456,0.00296,1,1,0.005,0.140,in_circle,0.0065,0.1416,0.0000,0.0000,0
175.684,2,3582,-0.00678,0.00837,-0.0085,-0.0053,-0.02949,0.04465,0.00258,1,1,-0.015,0.089,in_circle,0.0065,0.1416,0.0000,0.0000,0
175.771,2,3583,-0.00637,0.00812,0.0047,-0.0028,-0.02780,0.04320,0.00256,1,1,0.038,0.157,in_circle,0.0065,0.1416,0.0000,0.0000,0
175.816,2,3584,-0.00660,0.00806,-0.0051,-0.0014,-0.02741,0.04509,0.00238,1,1,-0.016,0.148,in_circle,0.0065,0.1416,0.0000,0.0000,0
175.859,2,3585,-0.00606,0.00798,0.0124,-0.0019,-0.03026,0.04571,0.00263,1,1,0.024,0.142,in_circle,0.0065,0.1416,0.0000,0.0000,0
175.905,2,3586,-0.00628,0.00890,-0.0047,0.0200,-0.03051,0.04293,0.00328,1,1,-0.047,0.144,in_circle,0.0065,0.1416,0.0000,0.0000,0
175.947,2,3587,-0.00664,0.00835,-0.0086,-0.0131,-0.03003,0.04367,0.00263,1,1,0.021,0.054,in_circle,0.0065,0.1416,0.0000,0.0000,0
175.992,2,3588,-0.00617,0.00828,0.0105,-0.0015,-0.02996,0.04253,0.00281,1,1,0.038,0.188,in_circle,0.0065,0.1416,0.0000,0.0000,0
176.036,2,3589,-0.00658,0.00810,-0.0095,-0.0043,-0.02700,0.04561,0.00243,1,1,-0.040,0.142,in_circle,0.0065,0.1416,0.0000,0.0000,0
176.080,2,3590,-0.00645,0.00876,0.0031,0.0151,-0.03213,0.04353,0.00307,1,1,0.042,0.154,in_circle,0.0065,0.1416,0.0000,0.0000,0
176.123,2,3591,-0.00682,0.00833,-0.0087,-0.0099,-0.03129,0.04648,0.00253,1,1,-0.009,0.074,in_circle,0.0065,0.1416,0.0000,0.0000,0
176.168,2,3592,-0.00657,0.00784,0.0057,-0.0108,-0.03182,0.04666,0.00222,1,1,0.039,0.175,in_circle,0.0065,0.1416,0.0000,0.0000,0
176.211,2,3593,-0.00601,0.00845,0.0129,0.0139,-0.03045,0.04488,0.00303,1,1,-0.019,0.180,in_circle,0.0065,0.1416,0.0000,0.0000,0
176.256,2,3594,-0.00588,0.00826,0.0027,-0.0042,-0.03348,0.04524,0.00296,1,1,-0.050,0.080,in_circle,0.0065,0.1416,0.0000,0.0000,0
176.302,2,3595,-0.00637,0.00808,-0.0106,-0.0038,-0.03227,0.04211,0.00253,1,1,-0.009,0.153,in_circle,0.0065,0.1416,0.0000,0.0000,0
176.345,2,3596,-0.00696,0.00868,-0.0138,0.0139,-0.02894,0.04417,0.00281,1,1,0.045,0.152,in_circle,0.0065,0.1416,0.0000,0.0000,0
176.387,2,3597,-0.00640,0.00803,0.0132,-0.0153,-0.03183,0.04403,0.00247,1,1,0.060,0.079,in_circle,0.0065,0.1416,0.0000,0.0000,0
176.432,2,3598,-0.00569,0.00821,0.0157,0.0040,-0.03079,0.04423,0.00306,1,1,-0.050,0.198,in_circle,0.0065,0.1416,0.0000,0.0000,0
176.475,2,3599,-0.00649,0.00807,-0.0189,-0.0034,-0.03123,0.04506,0.00244,1,1,-0.061,0.120,in_circle,0.0065,0.1416,0.0000,0.0000,0
176.521,2,3600,-0.00585,0.00826,0.0141,0.0042,-0.03377,0.04343,0.00299,1,1,0.079,0.150,in_circle,0.0065,0.1416,0.0000,0.0000,0
176.564,2,3601,-0.00618,0.00854,-0.0075,0.0066,-0.03200,0.04230,0.00302,1,1,-0.055,0.119,in_circle,0.0065,0.1416,0.0000,0.0000,0
176.607,2,3602,-0.00715,0.00836,-0.0226,-0.0043,-0.03200,0.04564,0.00245,1,1,0.033,0.109,in_circle,0.0065,0.1416,0.0000,0.0000,0
176.653,2,3603,-0.00646,0.00847,0.0153,0.0026,-0.03203,0.04444,0.00281,1,1,0.095,0.153,in_circle,0.0065,0.1416,0.0000,0.0000,0
176.696,2,3604,-0.00678,0.00835,-0.0072,-0.0027,-0.03154,0.04610,0.00257,1,1,-0.058,0.125,in_circle,0.0065,0.1416,0.0000,0.0000,0
176.739,2,3605,-0.00641,0.00845,0.0087,0.0024,-0.02969,0.04574,0.00282,1,1,0.033,0.147,in_circle,0.0065,0.1416,0.0000,0.0000,0
176.784,2,3606,-0.00558,0.00837,0.0185,-0.0018,-0.03133,0.04556,0.00325,1,1,-0.032,0.126,in_circle,0.0065,0.1416,0.0000,0.0000,0
176.828,2,3607,-0.00645,0.00820,-0.0195,-0.0038,-0.02994,0.04506,0.00259,1,1,-0.073,0.143,in_circle,0.0064,0.1415,0.0000,0.0000,0
176.872,2,3608,-0.00707,0.00836,-0.0145,0.0036,-0.03088,0.04598,0.00247,1,1,0.081,0.151,in_circle,0.0063,0.1414,0.0000,0.0000,0
176.917,2,3609,-0.00641,0.00870,0.0145,0.0075,-0.03105,0.04525,0.00303,1,1,0.062,0.121,in_circle,0.0063,0.1413,0.0000,0.0000,0
176.960,2,3610,-0.00664,0.00846,-0.0052,-0.0055,-0.02988,0.04687,0.00272,1,1,-0.055,0.104,in_circle,0.0062,0.1412,0.0000,0.0000,0
177.004,2,3611,-0.00653,0.00845,0.0026,-0.0002,-0.03038,0.04655,0.00276,1,1,0.024,0.157,in_circle,0.0062,0.1410,0.0000,0.0000,0
177.049,2,3612,-0.00639,0.00864,0.0031,0.0041,-0.03002,0.04328,0.00299,1,1,-0.008,0.136,in_circle,0.0061,0.1409,0.0000,0.0000,0
177.093,2,3613,-0.00580,0.00770,0.0131,-0.0211,-0.02969,0.04553,0.00262,1,1,-0.010,0.118,in_circle,0.0061,0.1408,0.0000,0.0000,0
177.136,2,3614,-0.00611,0.00863,-0.0072,0.0219,-0.03040,0.04591,0.00313,1,1,-0.052,0.221,in_circle,0.0060,0.1407,0.0000,0.0000,0
177.180,2,3615,-0.00589,0.00887,0.0050,0.0054,-0.03063,0.04494,0.00345,1,1,0.031,0.046,in_circle,0.0059,0.1406,0.0000,0.0000,0
177.224,2,3616,-0.00658,0.00828,-0.0160,-0.0138,-0.03301,0.04311,0.00258,1,1,-0.019,0.112,in_circle,0.0058,0.1405,0.0000,0.0000,0
177.268,2,3617,-0.00563,0.00822,0.0214,-0.0012,-0.02365,0.04337,0.00311,1,1,0.067,0.190,in_circle,0.0058,0.1404,0.0000,0.0000,0
177.311,2,3618,-0.00600,0.00831,-0.0088,0.0021,-0.02771,0.04434,0.00293,1,1,-0.085,0.140,in_circle,0.0058,0.1404,0.0000,0.0000,0
177.356,2,3619,-0.00631,0.00863,-0.0068,0.0071,-0.03172,0.04448,0.00302,1,1,0.036,0.126,in_circle,0.0058,0.1404,0.0000,0.0000,0
177.400,2,3620,-0.00650,0.00802,-0.0043,-0.0140,-0.03122,0.04183,0.00240,1,1,0.029,0.106,in_circle,0.0058,0.1404,0.0000,0.0000,0
177.444,2,3621,-0.00677,0.00847,-0.0062,0.0103,-0.03182,0.04161,0.00268,1,1,0.020,0.191,in_circle,0.0058,0.1404,0.0000,0.0000,0
177.495,2,3622,-0.00677,0.00847,0.0000,0.0000,-0.03254,0.04300,0.00268,0,0,0.028,0.093,in_circle,0.0058,0.1404,0.0000,0.0000,0
177.578,2,3623,-0.00567,0.00882,0.0133,0.0042,-0.03036,0.04443,0.00354,1,1,0.003,0.134,in_circle,0.0057,0.1403,0.0000,0.0000,0
177.620,2,3624,-0.00642,0.00816,-0.0181,-0.0159,-0.03162,0.04404,0.00256,1,1,-0.053,0.116,in_circle,0.0057,0.1403,0.0000,0.0000,0
177.665,2,3625,-0.00663,0.00819,-0.0046,0.0008,-0.03127,0.04410,0.00249,1,1,0.075,0.198,in_circle,0.0057,0.1403,0.0000,0.0000,0
177.708,2,3626,-0.00655,0.00802,0.0019,-0.0040,-0.03173,0.04403,0.00238,1,1,0.021,0.131,in_circle,0.0057,0.1403,0.0000,0.0000,0
177.795,2,3627,-0.00581,0.00819,0.0084,0.0020,-0.03116,0.04687,0.00296,1,1,-0.005,0.151,in_circle,0.0057,0.1403,0.0000,0.0000,0
177.840,2,3628,-0.00652,0.00847,-0.0160,0.0062,-0.03199,0.04646,0.00278,1,1,-0.033,0.127,in_circle,0.0057,0.1403,0.0000,0.0000,0
177.884,2,3629,-0.00571,0.00837,0.0186,-0.0021,-0.03176,0.04780,0.00317,1,1,0.066,0.109,in_circle,0.0057,0.1403,0.0000,0.0000,0
177.929,2,3630,-0.00604,0.00845,-0.0076,0.0018,-0.03192,0.04311,0.00302,1,1,-0.074,0.143,in_circle,0.0057,0.1403,0.0000,0.0000,0
177.971,2,3631,-0.00592,0.00822,0.0030,-0.0057,-0.03058,0.04713,0.00291,1,1,0.032,0.127,in_circle,0.0057,0.1403,0.0000,0.0000,0
178.016,2,3632,-0.00575,0.00819,0.0037,-0.0005,-0.03150,0.04502,0.00300,1,1,-0.011,0.157,in_circle,0.0057,0.1403,0.0000,0.0000,0
178.059,2,3633,-0.00681,0.00825,-0.0244,0.0013,-0.03075,0.04294,0.00246,1,1,-0.014,0.137,in_circle,0.0057,0.1403,0.0000,0.0000,0
178.104,2,3634,-0.00621,0.00829,0.0132,0.0010,-0.03206,0.04382,0.00279,1,1,0.101,0.130,in_circle,0.0057,0.1403,0.0000,0.0000,0
178.147,2,3635,-0.00678,0.00857,-0.0132,0.0064,-0.03238,0.04466,0.00276,1,1,-0.051,0.131,in_circle,0.0057,0.1403,0.0000,0.0000,0
178.192,2,3636,-0.00650,0.00827,0.0064,-0.0068,-0.03049,0.04696,0.00261,1,1,0.056,0.108,in_circle,0.0057,0.1403,0.0000,0.0000,0
178.237,2,3637,-0.00579,0.00815,0.0159,-0.0026,-0.03012,0.04553,0.00294,1,1,-0.023,0.162,in_circle,0.0057,0.1403,0.0000,0.0000,0
178.279,2,3638,-0.00660,0.00816,-0.0191,0.0002,-0.03003,0.04547,0.00247,1,1,-0.063,0.145,in_circle,0.0057,0.1403,0.0000,0.0000,0
178.325,2,3639,-0.00664,0.00820,-0.0009,0.0009,-0.03122,0.04546,0.00248,1,1,0.079,0.134,in_circle,0.0057,0.1403,0.0000,0.0000,0
178.367,2,3640,-0.00648,0.00785,0.0038,-0.0084,-0.03060,0.04584,0.00227,1,1,0.006,0.131,in_circle,0.0057,0.1403,0.0000,0.0000,0
178.412,2,3641,-0.00657,0.00829,-0.0020,0.0098,-0.03073,0.04544,0.00260,1,1,-0.013,0.169,in_circle,0.0057,0.1403,0.0000,0.0000,0
178.455,2,3642,-0.00666,0.00814,-0.0019,-0.0036,-0.03048,0.04524,0.00242,1,1,0.011,0.095,in_circle,0.0057,0.1403,0.0000,0.0000,0
178.499,2,3643,-0.00659,0.00805,0.0016,-0.0020,-0.03133,0.04509,0.00238,1,1,0.011,0.149,in_circle,0.0057,0.1403,0.0000,0.0000,0
178.543,2,3644,-0.00597,0.00810,0.0142,0.0012,-0.02896,0.04531,0.00278,1,1,-0.004,0.143,in_circle,0.0057,0.1403,0.0000,0.0000,0
178.588,2,3645,-0.00688,0.00840,-0.0202,0.0067,-0.02853,0.04571,0.00257,1,1,-0.056,0.130,in_circle,0.0057,0.1403,0.0000,0.0000,0
178.632,2,3646,-0.00677,0.00802,0.0025,-0.0086,-0.02944,0.04425,0.00227,1,1,0.084,0.108,in_circle,0.0057,0.1403,0.0000,0.0000,0
178.676,2,3647,-0.00591,0.00848,0.0197,0.0104,-0.03053,0.04515,0.00312,1,1,-0.007,0.169,in_circle,0.0057,0.1403,0.0000,0.0000,0
178.719,2,3648,-0.00658,0.00819,-0.0155,-0.0065,-0.03052,0.04445,0.00251,1,1,-0.078,0.093,in_circle,0.0057,0.1403,0.0000,0.0000,0
178.765,2,3649,-0.00563,0.00863,0.0210,0.0096,-0.03160,0.04502,0.00341,1,1,0.065,0.161,in_circle,0.0057,0.1403,0.0000,0.0000,0
178.808,2,3650,-0.00576,0.00867,-0.0031,0.0010,-0.02889,0.03983,0.00336,1,1,-0.084,0.095,in_circle,0.0057,0.1403,0.0000,0.0000,0
178.853,2,3651,-0.00678,0.00810,-0.0225,-0.0126,-0.03278,0.04186,0.00234,1,1,0.013,0.130,in_circle,0.0057,0.1403,0.0000,0.0000,0
178.895,2,3652,-0.00612,0.00813,0.0154,0.0006,-0.03026,0.03930,0.00271,1,1,0.093,0.185,in_circle,0.0057,0.1403,0.0000,0.0000,0
178.941,2,3653,-0.00575,0.00828,0.0084,0.0034,-0.03115,0.04075,0.00307,1,1,-0.060,0.132,in_circle,0.0057,0.1403,0.0000,0.0000,0
178.984,2,3654,-0.00662,0.00827,-0.0199,-0.0002,-0.03184,0.04484,0.00256,1,1,-0.033,0.121,in_circle,0.0057,0.1403,0.0000,0.0000,0
179.027,2,3655,-0.00666,0.00830,-0.0009,0.0006,-0.03102,0.04412,0.00257,1,1,0.083,0.135,in_circle,0.0057,0.1403,0.0000,0.0000,0
179.071,2,3656,-0.00656,0.00879,0.0022,0.0112,-0.03271,0.04129,0.00305,1,1,0.007,0.132,in_circle,0.0057,0.1403,0.0000,0.0000,0
179.116,2,3657,-0.00573,0.00825,0.0184,-0.0119,-0.03099,0.04320,0.00306,1,1,-0.006,0.089,in_circle,0.0057,0.1403,0.0000,0.0000,0
179.159,2,3658,-0.00594,0.00807,-0.0048,-0.0042,-0.03091,0.04443,0.00278,1,1,-0.073,0.182,in_circle,0.0057,0.1403,0.0000,0.0000,0
179.204,2,3659,-0.00632,0.00863,-0.0083,0.0123,-0.02858,0.04618,0.00302,1,1,0.020,0.152,in_circle,0.0057,0.1403,0.0000,0.0000,0
179.247,2,3660,-0.00672,0.00796,-0.0094,-0.0157,-0.03271,0.04304,0.00224,1,1,0.035,0.085,in_circle,0.0057,0.1403,0.0000,0.0000,0
179.292,2,3661,-0.00684,0.00828,-0.0027,0.0071,-0.02994,0.04310,0.00248,1,1,0.041,0.198,in_circle,0.0057,0.1403,0.0000,0.0000,0
179.338,2,3662,-0.00618,0.00876,0.0143,0.0104,-0.02701,0.04631,0.00320,1,1,0.014,0.106,in_circle,0.0057,0.1403,0.0000,0.0000,0
179.379,2,3663,-0.00696,0.00818,-0.0187,-0.0140,-0.03166,0.04350,0.00234,1,1,-0.056,0.092,in_circle,0.0057,0.1403,0.0000,0.0000,0
179.425,2,3664,-0.00665,0.00809,0.0069,-0.0020,-0.02889,0.04673,0.00238,1,1,0.078,0.191,in_circle,0.0057,0.1403,0.0000,0.0000,0
179.467,2,3665,-0.00642,0.00820,0.0053,0.0026,-0.02945,0.04586,0.00259,1,1,-0.025,0.143,in_circle,0.0057,0.1403,0.0000,0.0000,0
179.513,2,3666,-0.00676,0.00805,-0.0074,-0.0032,-0.03119,0.04640,0.00230,1,1,-0.019,0.125,in_circle,0.0057,0.1403,0.0000,0.0000,0
179.556,2,3667,-0.00640,0.00810,0.0083,0.0011,-0.03106,0.04435,0.00253,1,1,0.033,0.148,in_circle,0.0057,0.1403,0.0000,0.0000,0
179.600,2,3668,-0.00592,0.00784,0.0107,-0.0058,-0.03165,0.04463,0.00263,1,1,-0.031,0.131,in_circle,0.0057,0.1403,0.0000,0.0000,0
179.644,2,3669,-0.00657,0.00857,-0.0148,0.0166,-0.03147,0.04582,0.00285,1,1,-0.042,0.159,in_circle,0.0057,0.1403,0.0000,0.0000,0
179.690,2,3670,-0.00695,0.00823,-0.0082,-0.0073,-0.03156,0.04482,0.00239,1,1,0.062,0.067,in_circle,0.0057,0.1403,0.0000,0.0000,0
179.731,2,3671,-0.00644,0.00831,0.0123,0.0020,-0.03179,0.04464,0.00268,1,1,0.036,0.164,in_circle,0.0057,0.1403,0.0000,0.0000,0
179.819,2,3672,-0.00627,0.00835,0.0020,0.0005,-0.03141,0.04509,0.00281,1,1,-0.047,0.127,in_circle,0.0057,0.1403,0.0000,0.0000,0
179.864,2,3673,-0.00660,0.00824,-0.0074,-0.0026,-0.03118,0.04455,0.00254,1,1,-0.006,0.133,in_circle,0.0057,0.1403,0.0000,0.0000,0
179.909,2,3674,-0.00638,0.00830,0.0049,0.0015,-0.03073,0.04356,0.00270,1,1,0.032,0.145,in_circle,0.0057,0.1403,0.0000,0.0000,0
179.952,2,3675,-0.00678,0.00800,-0.0092,-0.0070,-0.03105,0.04621,0.00225,1,1,-0.017,0.129,in_circle,0.0057,0.1403,0.0000,0.0000,0
179.995,2,3676,-0.00636,0.00796,0.0096,-0.0011,-0.03149,0.04580,0.00243,1,1,0.040,0.163,in_circle,0.0057,0.1403,0.0000,0.0000,0
180.040,2,3677,-0.00676,0.00825,-0.0089,0.0066,-0.03160,0.04502,0.00248,1,1,-0.036,0.140,in_circle,0.0057,0.1403,0.0000,0.0000,0
180.091,2,3678,-0.00676,0.00825,0.0000,0.0000,-0.03138,0.04687,0.00248,0,0,0.039,0.108,in_circle,0.0057,0.1403,0.0000,0.0000,0
180.129,2,3679,-0.00670,0.00827,0.0015,0.0006,-0.03211,0.04250,0.00252,1,1,0.003,0.135,in_circle,0.0057,0.1402,0.0000,0.0000,0
180.173,2,3680,-0.00601,0.00830,0.0159,0.0008,-0.02966,0.04498,0.00291,1,1,-0.003,0.132,in_circle,0.0057,0.1402,0.0000,0.0000,0
180.216,2,3681,-0.00594,0.00816,0.0018,-0.0033,-0.03133,0.04556,0.00285,1,1,-0.062,0.131,in_circle,0.0057,0.1402,0.0000,0.0000,0
180.260,2,3682,-0.00667,0.00851,-0.0169,0.0080,-0.03129,0.04603,0.00275,1,1,-0.006,0.148,in_circle,0.0057,0.1402,0.0000,0.0000,0
180.305,2,3683,-0.00619,0.00816,0.0105,-0.0076,-0.03119,0.04466,0.00269,1,1,0.070,0.102,in_circle,0.0057,0.1402,0.0000,0.0000,0
180.348,2,3684,-0.00673,0.00828,-0.0121,0.0028,-0.03103,0.04320,0.00252,1,1,-0.040,0.165,in_circle,0.0057,0.1402,0.0000,0.0000,0
180.392,2,3685,-0.00617,0.00840,0.0128,0.0027,-0.02964,0.04497,0.00290,1,1,0.052,0.123,in_circle,0.0057,0.1402,0.0000,0.0000,0
180.437,2,3686,-0.00662,0.00799,-0.0101,-0.0093,-0.03077,0.04428,0.00231,1,1,-0.049,0.123,in_circle,0.0057,0.1402,0.0000,0.0000,0
180.479,2,3687,-0.00652,0.00805,0.0023,0.0015,-0.03065,0.04481,0.00242,1,1,0.043,0.172,in_circle,0.0057,0.1402,0.0000,0.0000,0
180.524,2,3688,-0.00653,0.00785,-0.0002,-0.0046,-0.02989,0.04484,0.00225,1,1,-0.007,0.129,in_circle,0.0057,0.1402,0.0000,0.0000,0
180.567,2,3689,-0.00698,0.00814,-0.0106,0.0066,-0.03063,0.04609,0.00229,1,1,0.003,0.154,in_circle,0.0057,0.1402,0.0000,0.0000,0
180.612,2,3690,-0.00571,0.00823,0.0284,0.0022,-0.02959,0.04539,0.00306,1,1,0.046,0.108,in_circle,0.0057,0.1402,0.0000,0.0000,0
180.655,2,3691,-0.00659,0.00829,-0.0203,0.0012,-0.03035,0.04326,0.00259,1,1,-0.113,0.126,in_circle,0.0057,0.1402,0.0000,0.0000,0
180.701,2,3692,-0.00670,0.00815,-0.0025,-0.0029,-0.03000,0.04466,0.00242,1,1,0.084,0.129,in_circle,0.0057,0.1402,0.0000,0.0000,0
180.744,2,3693,-0.00645,0.00848,0.0058,0.0074,-0.02807,0.03900,0.00282,1,1,0.013,0.146,in_circle,0.0057,0.1402,0.0000,0.0000,0
180.788,2,3694,-0.00579,0.00786,0.0151,-0.0142,-0.02975,0.03972,0.00274,1,1,-0.021,0.104,in_circle,0.0057,0.1402,0.0000,0.0000,0
180.832,2,3695,-0.00666,0.00818,-0.0195,0.0072,-0.03025,0.04508,0.00246,1,1,-0.060,0.192,in_circle,0.0057,0.1402,0.0000,0.0000,0
180.877,2,3696,-0.00591,0.00865,0.0167,0.0104,-0.03026,0.04368,0.00325,1,1,0.081,0.106,in_circle,0.0057,0.1402,0.0000,0.0000,0
180.919,2,3697,-0.00628,0.00829,-0.0088,-0.0086,-0.03244,0.04085,0.00274,1,1,-0.066,0.092,in_circle,0.0057,0.1402,0.0000,0.0000,0
180.964,2,3698,-0.00609,0.00840,0.0042,0.0025,-0.02964,0.04357,0.00294,1,1,0.037,0.169,in_circle,0.0057,0.1402,0.0000,0.0000,0
181.008,2,3699,-0.00646,0.00829,-0.0082,-0.0025,-0.03095,0.04286,0.00265,1,1,-0.015,0.124,in_circle,0.0057,0.1402,0.0000,0.0000,0
181.052,2,3700,-0.00671,0.00862,-0.0057,0.0075,-0.03059,0.04270,0.00283,1,1,0.035,0.144,in_circle,0.0057,0.1402,0.0000,0.0000,0
181.096,2,3701,-0.00572,0.00870,0.0223,0.0018,-0.03110,0.04376,0.00341,1,1,0.026,0.103,in_circle,0.0057,0.1402,0.0000,0.0000,0
181.141,2,3702,-0.00566,0.00835,0.0013,-0.0078,-0.03139,0.04399,0.00318,1,1,-0.089,0.126,in_circle,0.0057,0.1402,0.0000,0.0000,0
181.183,2,3703,-0.00596,0.00811,-0.0072,-0.0057,-0.03098,0.04359,0.00280,1,1,-0.005,0.165,in_circle,0.0057,0.1402,0.0000,0.0000,0
181.228,2,3704,-0.00705,0.00823,-0.0244,0.0027,-0.02937,0.04355,0.00235,1,1,0.030,0.158,in_circle,0.0057,0.1402,0.0000,0.0000,0
181.272,2,3705,-0.00651,0.00815,0.0122,-0.0017,-0.03019,0.04378,0.00251,1,1,0.101,0.124,in_circle,0.0057,0.1402,0.0000,0.0000,0
181.317,2,3706,-0.00603,0.00817,0.0106,0.0005,-0.03038,0.04502,0.00280,1,1,-0.047,0.142,in_circle,0.0057,0.1402,0.0000,0.0000,0
181.361,2,3707,-0.00672,0.00795,-0.0161,-0.0050,-0.03052,0.04636,0.00223,1,1,-0.041,0.133,in_circle,0.0057,0.1402,0.0000,0.0000,0
181.406,2,3708,-0.00638,0.00862,0.0077,0.0148,-0.02956,0.04570,0.00298,1,1,0.067,0.155,in_circle,0.0057,0.1402,0.0000,0.0000,0
181.447,2,3709,-0.00710,0.00818,-0.0174,-0.0105,-0.03051,0.04559,0.00229,1,1,-0.029,0.074,in_circle,0.0057,0.1402,0.0000,0.0000,0
181.492,2,3710,-0.00644,0.00841,0.0146,0.0052,-0.02904,0.04624,0.00277,1,1,0.073,0.177,in_circle,0.0057,0.1402,0.0000,0.0000,0
181.535,2,3711,-0.00603,0.00827,0.0095,-0.0033,-0.02897,0.04576,0.00288,1,1,-0.056,0.113,in_circle,0.0057,0.1402,0.0000,0.0000,0
181.581,2,3712,-0.00661,0.00825,-0.0127,-0.0003,-0.03184,0.04621,0.00255,1,1,-0.037,0.148,in_circle,0.0057,0.1402,0.0000,0.0000,0
181.624,2,3713,-0.00690,0.00804,-0.0068,-0.0049,-0.03133,0.04658,0.00223,1,1,0.053,0.136,in_circle,0.0057,0.1402,0.0000,0.0000,0
181.669,2,3714,-0.00641,0.00785,0.0111,-0.0042,-0.03191,0.04540,0.00232,1,1,0.030,0.155,in_circle,0.0057,0.1402,0.0000,0.0000,0
181.712,2,3715,-0.00660,0.00867,-0.0046,0.0188,-0.03065,0.04617,0.00292,1,1,-0.042,0.152,in_circle,0.0057,0.1402,0.0000,0.0000,0
181.755,2,3716,-0.00651,0.00828,0.0021,-0.0089,-0.03161,0.04500,0.00262,1,1,0.021,0.058,in_circle,0.0057,0.1402,0.0000,0.0000,0
181.843,2,3717,-0.00684,0.00868,-0.0037,0.0046,-0.02644,0.04443,0.00285,1,1,-0.006,0.170,in_circle,0.0057,0.1402,0.0000,0.0000,0
181.889,2,3718,-0.00649,0.00834,0.0075,-0.0075,-0.02758,0.04487,0.00268,1,1,0.018,0.115,in_circle,0.0057,0.1402,0.0000,0.0000,0
181.932,2,3719,-0.00690,0.00837,-0.0093,0.0006,-0.03200,0.04486,0.00254,1,1,-0.028,0.164,in_circle,0.0057,0.1402,0.0000,0.0000,0
181.977,2,3720,-0.00621,0.00838,0.0155,0.0002,-0.03067,0.04423,0.00286,1,1,0.040,0.132,in_circle,0.0057,0.1402,0.0000,0.0000,0
182.019,2,3721,-0.00700,0.00852,-0.0187,0.0033,-0.03250,0.04405,0.00265,1,1,-0.060,0.133,in_circle,0.0057,0.1402,0.0000,0.0000,0
182.064,2,3722,-0.00671,0.00835,0.0064,-0.0039,-0.03161,0.04576,0.00259,1,1,0.079,0.121,in_circle,0.0057,0.1402,0.0000,0.0000,0
182.109,2,3723,-0.00565,0.00832,0.0239,-0.0006,-0.03276,0.04228,0.00316,1,1,-0.023,0.150,in_circle,0.0057,0.1402,0.0000,0.0000,0
182.151,2,3724,-0.00611,0.00787,-0.0107,-0.0106,-0.03156,0.04482,0.00252,1,1,-0.095,0.137,in_circle,0.0057,0.1402,0.0000,0.0000,0
182.196,2,3725,-0.00672,0.00855,-0.0138,0.0153,-0.03191,0.04441,0.00277,1,1,0.044,0.178,in_circle,0.0057,0.1402,0.0000,0.0000,0
182.240,2,3726,-0.00576,0.00873,0.0216,0.0040,-0.03314,0.04173,0.00341,1,1,0.058,0.073,in_circle,0.0057,0.1402,0.0000,0.0000,0
182.285,2,3727,-0.00643,0.00801,-0.0151,-0.0162,-0.03368,0.04119,0.00243,1,1,-0.086,0.117,in_circle,0.0057,0.1402,0.0000,0.0000,0
182.329,2,3728,-0.00695,0.00836,-0.0116,0.0077,-0.02798,0.04494,0.00250,1,1,0.063,0.200,in_circle,0.0057,0.1402,0.0000,0.0000,0
182.373,2,3729,-0.00659,0.00837,0.0083,0.0003,-0.03043,0.04195,0.00266,1,1,0.050,0.103,in_circle,0.0057,0.1402,0.0000,0.0000,0
182.416,2,3730,-0.00633,0.00809,0.0060,-0.0066,-0.03403,0.04180,0.00255,1,1,-0.031,0.133,in_circle,0.0057,0.1402,0.0000,0.0000,0
182.470,2,3731,-0.00628,0.00841,0.0009,0.0059,-0.03112,0.04668,0.00285,1,1,-0.022,0.161,in_circle,0.0057,0.1402,0.0000,0.0000,0
182.505,2,3732,-0.00610,0.00828,0.0053,-0.0037,-0.03245,0.04402,0.00285,1,1,-0.002,0.111,in_circle,0.0057,0.1402,0.0000,0.0000,0
182.548,2,3733,-0.00634,0.00822,-0.0056,-0.0015,-0.03133,0.04461,0.00265,1,1,-0.020,0.149,in_circle,0.0057,0.1402,0.0000,0.0000,0
182.592,2,3734,-0.00628,0.00788,0.0014,-0.0076,-0.03085,0.04327,0.00242,1,1,0.025,0.141,in_circle,0.0057,0.1402,0.0000,0.0000,0
182.636,2,3735,-0.00631,0.00864,-0.0008,0.0172,-0.03109,0.04374,0.00303,1,1,-0.004,0.166,in_circle,0.0057,0.1402,0.0000,0.0000,0
182.681,2,3736,-0.00620,0.00809,0.0025,-0.0124,-0.03147,0.04563,0.00263,1,1,0.005,0.065,in_circle,0.0057,0.1402,0.0000,0.0000,0
182.724,2,3737,-0.00632,0.00811,-0.0028,0.0005,-0.03046,0.04440,0.00258,1,1,-0.008,0.185,in_circle,0.0057,0.1402,0.0000,0.0000,0
182.768,2,3738,-0.00654,0.00784,-0.0049,-0.0061,-0.02678,0.04427,0.00223,1,1,0.013,0.133,in_circle,0.0057,0.1402,0.0000,0.0000,0
182.811,2,3739,-0.00636,0.00856,0.0041,0.0166,-0.03142,0.04481,0.00294,1,1,0.022,0.160,in_circle,0.0057,0.1402,0.0000,0.0000,0
182.856,2,3740,-0.00590,0.00844,0.0102,-0.0026,-0.03037,0.04564,0.00309,1,1,-0.014,0.067,in_circle,0.0057,0.1402,0.0000,0.0000,0
182.899,2,3741,-0.00638,0.00843,-0.0111,-0.0002,-0.03109,0.04559,0.00282,1,1,-0.040,0.145,in_circle,0.0057,0.1402,0.0000,0.0000,0
182.945,2,3742,-0.00660,0.00844,-0.0049,0.0001,-0.02659,0.04503,0.00272,1,1,0.046,0.135,in_circle,0.0057,0.1402,0.0000,0.0000,0
182.989,2,3743,-0.00641,0.00827,0.0044,-0.0039,-0.03098,0.04359,0.00266,1,1,0.022,0.134,in_circle,0.0057,0.1402,0.0000,0.0000,0
183.032,2,3744,-0.00631,0.00820,0.0022,-0.0015,-0.03045,0.04393,0.00266,1,1,-0.016,0.150,in_circle,0.0057,0.1402,0.0000,0.0000,0
183.077,2,3745,-0.00656,0.00807,-0.0055,-0.0031,-0.03096,0.04456,0.00241,1,1,-0.007,0.141,in_circle,0.0057,0.1402,0.0000,0.0000,0
183.119,2,3746,-0.00690,0.00807,-0.0081,0.0000,-0.03045,0.04437,0.00225,1,1,0.025,0.147,in_circle,0.0057,0.1402,0.0000,0.0000,0
183.165,2,3747,-0.00652,0.00815,0.0083,0.0017,-0.03029,0.04330,0.00250,1,1,0.036,0.135,in_circle,0.0057,0.1402,0.0000,0.0000,0
183.207,2,3748,-0.00671,0.00841,-0.0044,0.0061,-0.02963,0.04586,0.00264,1,1,-0.031,0.128,in_circle,0.0057,0.1402,0.0000,0.0000,0
183.253,2,3749,-0.00552,0.00826,0.0262,-0.0033,-0.02993,0.04460,0.00321,1,1,0.021,0.110,in_circle,0.0057,0.1402,0.0000,0.0000,0
183.295,2,3750,-0.00651,0.00799,-0.0233,-0.0063,-0.03023,0.04321,0.00237,1,1,-0.105,0.148,in_circle,0.0057,0.1402,0.0000,0.0000,0
183.340,2,3751,-0.00594,0.00809,0.0127,0.0022,-0.03088,0.04449,0.00280,1,1,0.096,0.161,in_circle,0.0057,0.1402,0.0000,0.0000,0
183.384,2,3752,-0.00640,0.00817,-0.0106,0.0020,-0.03032,0.03872,0.00259,1,1,-0.050,0.126,in_circle,0.0057,0.1402,0.0000,0.0000,0
183.429,2,3753,-0.00580,0.00788,0.0132,-0.0064,-0.03218,0.04167,0.00275,1,1,0.045,0.127,in_circle,0.0057,0.1402,0.0000,0.0000,0
183.472,2,3754,-0.00683,0.00820,-0.0241,0.0075,-0.03182,0.04666,0.00241,1,1,-0.052,0.161,in_circle,0.0057,0.1402,0.0000,0.0000,0
183.517,2,3755,-0.00656,0.00825,0.0059,0.0010,-0.03122,0.04216,0.00257,1,1,0.100,0.105,in_circle,0.0057,0.1402,0.0000,0.0000,0
183.560,2,3756,-0.00667,0.00844,-0.0026,0.0044,-0.03183,0.04403,0.00269,1,1,-0.021,0.130,in_circle,0.0057,0.1402,0.0000,0.0000,0
183.604,2,3757,-0.00681,0.00822,-0.0033,-0.0049,-0.03108,0.04551,0.00243,1,1,0.013,0.116,in_circle,0.0057,0.1402,0.0000,0.0000,0
183.648,2,3758,-0.00619,0.00840,0.0142,0.0041,-0.03047,0.04511,0.00289,1,1,0.016,0.154,in_circle,0.0057,0.1402,0.0000,0.0000,0
183.691,2,3759,-0.00688,0.00838,-0.0161,-0.0006,-0.03148,0.04558,0.00255,1,1,-0.055,0.118,in_circle,0.0057,0.1402,0.0000,0.0000,0
183.737,2,3760,-0.00652,0.00804,0.0077,-0.0073,-0.03133,0.04556,0.00241,1,1,0.068,0.137,in_circle,0.0057,0.1402,0.0000,0.0000,0
183.779,2,3761,-0.00627,0.00831,0.0060,0.0065,-0.03120,0.04237,0.00277,1,1,-0.028,0.164,in_circle,0.0057,0.1402,0.0000,0.0000,0
183.867,2,3762,-0.00578,0.00819,0.0056,-0.0014,-0.03070,0.04540,0.00298,1,1,-0.022,0.108,in_circle,0.0057,0.1402,0.0000,0.0000,0
183.912,2,3763,-0.00608,0.00847,-0.0067,0.0062,-0.03184,0.04484,0.00301,1,1,-0.022,0.140,in_circle,0.0057,0.1402,0.0000,0.0000,0
183.956,2,3764,-0.00631,0.00826,-0.0053,-0.0047,-0.03039,0.04598,0.00271,1,1,0.028,0.109,in_circle,0.0057,0.1402,0.0000,0.0000,0
184.000,2,3765,-0.00683,0.00810,-0.0115,-0.0035,-0.03082,0.04469,0.00232,1,1,0.023,0.153,in_circle,0.0057,0.1402,0.0000,0.0000,0
184.043,2,3766,-0.00668,0.00835,0.0035,0.0058,-0.03180,0.04629,0.00261,1,1,0.049,0.149,in_circle,0.0057,0.1402,0.0000,0.0000,0
184.089,2,3767,-0.00671,0.00829,-0.0007,-0.0013,-0.03093,0.04556,0.00254,1,1,-0.011,0.111,in_circle,0.0057,0.1402,0.0000,0.0000,0
184.131,2,3768,-0.00621,0.00841,0.0118,0.0027,-0.03103,0.04514,0.00288,1,1,0.006,0.140,in_circle,0.0057,0.1402,0.0000,0.0000,0
184.176,2,3769,-0.00696,0.00806,-0.0165,-0.0076,-0.02940,0.04632,0.00223,1,1,-0.045,0.123,in_circle,0.0057,0.1402,0.0000,0.0000,0
184.221,2,3770,-0.00645,0.00826,0.0114,0.0043,-0.03145,0.04620,0.00263,1,1,0.069,0.166,in_circle,0.0057,0.1402,0.0000,0.0000,0
184.265,2,3771,-0.00694,0.00797,-0.0113,-0.0065,-0.03058,0.04645,0.00215,1,1,-0.043,0.117,in_circle,0.0057,0.1402,0.0000,0.0000,0
184.308,2,3772,-0.00613,0.00866,0.0187,0.0161,-0.02964,0.04568,0.00314,1,1,0.049,0.161,in_circle,0.0057,0.1402,0.0000,0.0000,0
184.353,2,3773,-0.00563,0.00825,0.0112,-0.0091,-0.03105,0.04436,0.00313,1,1,-0.073,0.069,in_circle,0.0057,0.1402,0.0000,0.0000,0
184.396,2,3774,-0.00665,0.00834,-0.0236,0.0019,-0.03098,0.04359,0.00261,1,1,-0.045,0.171,in_circle,0.0057,0.1402,0.0000,0.0000,0
184.440,2,3775,-0.00601,0.00819,0.0145,-0.0033,-0.02741,0.04386,0.00283,1,1,0.097,0.127,in_circle,0.0057,0.1402,0.0000,0.0000,0
184.484,2,3776,-0.00674,0.00825,-0.0166,0.0013,-0.03071,0.04252,0.00249,1,1,-0.057,0.148,in_circle,0.0057,0.1402,0.0000,0.0000,0
184.529,2,3777,-0.00592,0.00819,0.0181,-0.0014,-0.03012,0.04441,0.00288,1,1,0.069,0.129,in_circle,0.0057,0.1402,0.0000,0.0000,0
184.572,2,3778,-0.00652,0.00809,-0.0141,-0.0024,-0.03106,0.04624,0.00245,1,1,-0.071,0.140,in_circle,0.0057,0.1402,0.0000,0.0000,0
184.617,2,3779,-0.00665,0.00786,-0.0028,-0.0050,-0.03080,0.04481,0.00219,1,1,0.059,0.144,in_circle,0.0057,0.1402,0.0000,0.0000,0
184.660,2,3780,-0.00644,0.00796,0.0048,0.0023,-0.02979,0.04288,0.00239,1,1,0.014,0.155,in_circle,0.0057,0.1402,0.0000,0.0000,0
184.706,2,3781,-0.00650,0.00820,-0.0014,0.0052,-0.02996,0.04491,0.00256,1,1,-0.017,0.126,in_circle,0.0057,0.1402,0.0000,0.0000,0
184.750,2,3782,-0.00662,0.00785,-0.0027,-0.0081,-0.03077,0.04675,0.00219,1,1,0.008,0.114,in_circle,0.0057,0.1402,0.0000,0.0000,0
184.793,2,3783,-0.00648,0.00824,0.0033,0.0090,-0.03023,0.04273,0.00260,1,1,0.014,0.168,in_circle,0.0057,0.1402,0.0000,0.0000,0
184.838,2,3784,-0.00669,0.00837,-0.0047,0.0029,-0.03073,0.04420,0.00262,1,1,-0.011,0.098,in_circle,0.0057,0.1402,0.0000,0.0000,0
184.880,2,3785,-0.00595,0.00841,0.0178,0.0009,-0.03201,0.04320,0.00304,1,1,0.022,0.123,in_circle,0.0057,0.1402,0.0000,0.0000,0
184.925,2,3786,-0.00688,0.00787,-0.0207,-0.0120,-0.02980,0.04397,0.00208,1,1,-0.070,0.130,in_circle,0.0057,0.1402,0.0000,0.0000,0
184.970,2,3787,-0.00673,0.00846,0.0033,0.0132,-0.03118,0.04327,0.00268,1,1,0.086,0.184,in_circle,0.0057,0.1402,0.0000,0.0000,0
185.013,2,3788,-0.00689,0.00854,-0.0036,0.0018,-0.03069,0.04188,0.00270,1,1,-0.010,0.081,in_circle,0.0057,0.1402,0.0000,0.0000,0
185.056,2,3789,-0.00648,0.00891,0.0094,0.0085,-0.03218,0.04304,0.00319,1,1,0.018,0.126,in_circle,0.0057,0.1402,0.0000,0.0000,0
185.102,2,3790,-0.00589,0.00806,0.0129,-0.0184,-0.02866,0.04478,0.00281,1,1,-0.035,0.099,in_circle,0.0057,0.1402,0.0000,0.0000,0
185.144,2,3791,-0.00676,0.00828,-0.0206,0.0052,-0.03100,0.04490,0.00251,1,1,-0.051,0.209,in_circle,0.0057,0.1402,0.0000,0.0000,0
185.188,2,3792,-0.00644,0.00824,0.0073,-0.0009,-0.03015,0.04460,0.00262,1,1,0.085,0.114,in_circle,0.0057,0.1402,0.0000,0.0000,0
185.233,2,3793,-0.00614,0.00820,0.0066,-0.0010,-0.03378,0.04317,0.00275,1,1,-0.027,0.138,in_circle,0.0057,0.1402,0.0000,0.0000,0
185.277,2,3794,-0.00641,0.00810,-0.0060,-0.0021,-0.03174,0.04565,0.00252,1,1,-0.025,0.139,in_circle,0.0057,0.1402,0.0000,0.0000,0
185.321,2,3795,-0.00624,0.00777,0.0038,-0.0076,-0.03112,0.04458,0.00236,1,1,0.026,0.143,in_circle,0.0057,0.1402,0.0000,0.0000,0
185.372,2,3796,-0.00666,0.00827,-0.0083,0.0099,-0.03195,0.04405,0.00254,1,1,-0.013,0.166,in_circle,0.0057,0.1402,0.0000,0.0000,0
185.420,2,3797,-0.00666,0.00832,-0.0000,0.0010,-0.03212,0.04525,0.00258,1,1,0.036,0.095,in_circle,0.0057,0.1402,0.0000,0.0000,0
185.461,2,3798,-0.00651,0.00879,0.0038,0.0119,-0.03165,0.04346,0.00308,1,1,0.003,0.130,in_circle,0.0057,0.1402,0.0000,0.0000,0
185.506,2,3799,-0.00669,0.00818,-0.0041,-0.0137,-0.02952,0.04549,0.00245,1,1,-0.013,0.086,in_circle,0.0057,0.1402,0.0000,0.0000,0
185.551,2,3800,-0.00639,0.00752,0.0066,-0.0144,-0.02890,0.04395,0.00207,1,1,0.019,0.189,in_circle,0.0057,0.1402,0.0000,0.0000,0
185.679,2,3801,-0.00671,0.00812,-0.0025,0.0047,-0.03242,0.04276,0.00239,1,1,-0.024,0.194,in_circle,0.0057,0.1402,0.0000,0.0000,0
185.724,2,3802,-0.00573,0.00824,0.0215,0.0025,-0.03233,0.04286,0.00305,1,1,0.013,0.116,in_circle,0.0057,0.1402,0.0000,0.0000,0
185.812,2,3803,-0.00640,0.00813,-0.0076,-0.0012,-0.03097,0.04549,0.00255,1,1,-0.086,0.125,in_circle,0.0057,0.1402,0.0000,0.0000,0
185.908,2,3804,-0.00654,0.00804,-0.0015,-0.0010,-0.03104,0.04408,0.00240,1,1,0.033,0.140,in_circle,0.0057,0.1402,0.0000,0.0000,0
185.938,2,3805,-0.00636,0.00852,0.0060,0.0158,-0.03014,0.04201,0.00290,1,1,0.008,0.139,in_circle,0.0057,0.1402,0.0000,0.0000,0
185.981,2,3806,-0.00660,0.00832,-0.0055,-0.0047,-0.03238,0.04047,0.00261,1,1,-0.022,0.071,in_circle,0.0057,0.1402,0.0000,0.0000,0
186.023,2,3807,-0.00619,0.00831,0.0097,-0.0001,-0.03085,0.04199,0.00282,1,1,0.025,0.153,in_circle,0.0057,0.1402,0.0000,0.0000,0
186.069,2,3808,-0.00668,0.00812,-0.0109,-0.0042,-0.02817,0.04131,0.00240,1,1,-0.037,0.135,in_circle,0.0057,0.1402,0.0000,0.0000,0
186.112,2,3809,-0.00683,0.00835,-0.0035,0.0054,-0.02964,0.04348,0.00254,1,1,0.047,0.152,in_circle,0.0057,0.1402,0.0000,0.0000,0
186.157,2,3810,-0.00635,0.00795,0.0107,-0.0090,-0.02893,0.04109,0.00243,1,1,0.017,0.113,in_circle,0.0057,0.1402,0.0000,0.0000,0
186.201,2,3811,-0.00675,0.00857,-0.0092,0.0143,-0.02874,0.04524,0.00278,1,1,-0.041,0.171,in_circle,0.0057,0.1402,0.0000,0.0000,0
186.244,2,3812,-0.00668,0.00806,0.0015,-0.0117,-0.02934,0.04488,0.00234,1,1,0.040,0.076,in_circle,0.0057,0.1402,0.0000,0.0000,0
186.288,2,3813,-0.00640,0.00797,0.0065,-0.0020,-0.02990,0.04577,0.00242,1,1,-0.003,0.182,in_circle,0.0057,0.1402,0.0000,0.0000,0
186.333,2,3814,-0.00623,0.00857,0.0037,0.0132,-0.02700,0.04493,0.00301,1,1,-0.024,0.143,in_circle,0.0057,0.1402,0.0000,0.0000,0
186.377,2,3815,-0.00668,0.00816,-0.0103,-0.0094,-0.03166,0.04362,0.00244,1,1,-0.013,0.081,in_circle,0.0057,0.1402,0.0000,0.0000,0
186.432,2,3816,-0.00679,0.00838,-0.0021,0.0038,-0.03123,0.04403,0.00258,1,1,0.044,0.172,in_circle,0.0057,0.1402,0.0000,0.0000,0
186.474,2,3817,-0.00591,0.00804,0.0208,-0.0079,-0.02958,0.04637,0.00278,1,1,0.011,0.119,in_circle,0.0057,0.1402,0.0000,0.0000,0
186.562,2,3818,-0.00580,0.00843,0.0012,0.0044,-0.03010,0.04528,0.00314,1,1,-0.082,0.167,in_circle,0.0057,0.1402,0.0000,0.0000,0
186.610,2,3819,-0.00620,0.00831,-0.0081,-0.0025,-0.03249,0.04461,0.00281,1,1,-0.004,0.117,in_circle,0.0057,0.1402,0.0000,0.0000,0
186.692,2,3820,-0.00662,0.00840,-0.0052,0.0012,-0.03176,0.04248,0.00268,1,1,0.034,0.144,in_circle,0.0057,0.1402,0.0000,0.0000,0
186.737,2,3821,-0.00585,0.00867,0.0171,0.0060,-0.03187,0.04376,0.00331,1,1,0.023,0.129,in_circle,0.0057,0.1402,0.0000,0.0000,0
186.822,2,3822,-0.00643,0.00822,-0.0068,-0.0053,-0.03233,0.04286,0.00261,1,1,-0.067,0.110,in_circle,0.0057,0.1402,0.0000,0.0000,0
186.862,2,3823,-0.00579,0.00864,0.0161,0.0105,-0.03145,0.04278,0.00332,1,1,0.030,0.156,in_circle,0.0057,0.1402,0.0000,0.0000,0
186.904,2,3824,-0.00698,0.00822,-0.0282,-0.0100,-0.03094,0.04373,0.00237,1,1,-0.064,0.092,in_circle,0.0057,0.1402,0.0000,0.0000,0
186.950,2,3825,-0.00637,0.00874,0.0135,0.0114,-0.03086,0.04427,0.00309,1,1,0.117,0.174,in_circle,0.0057,0.1402,0.0000,0.0000,0
186.992,2,3826,-0.00666,0.00870,-0.0070,-0.0010,-0.02966,0.04335,0.00293,1,1,-0.052,0.088,in_circle,0.0057,0.1402,0.0000,0.0000,0
187.037,2,3827,-0.00682,0.00846,-0.0035,-0.0052,-0.03136,0.04483,0.00265,1,1,0.031,0.137,in_circle,0.0057,0.1402,0.0000,0.0000,0
187.085,2,3828,-0.00562,0.00818,0.0254,-0.0060,-0.02642,0.04437,0.00308,1,1,0.017,0.155,in_circle,0.0057,0.1402,0.0000,0.0000,0
187.133,2,3829,-0.00593,0.00793,-0.0064,-0.0051,-0.02834,0.04584,0.00269,1,1,-0.101,0.159,in_circle,0.0057,0.1402,0.0000,0.0000,0
187.173,2,3830,-0.00627,0.00806,-0.0084,0.0033,-0.02722,0.04640,0.00257,1,1,0.027,0.156,in_circle,0.0057,0.1402,0.0000,0.0000,0
187.212,2,3831,-0.00654,0.00838,-0.0068,0.0079,-0.03142,0.04448,0.00269,1,1,0.035,0.122,in_circle,0.0057,0.1402,0.0000,0.0000,0
187.257,2,3832,-0.00645,0.00862,0.0019,0.0054,-0.03127,0.04364,0.00295,1,1,0.030,0.102,in_circle,0.0057,0.1402,0.0000,0.0000,0
187.300,2,3833,-0.00646,0.00795,-0.0002,-0.0158,-0.03131,0.04444,0.00237,1,1,-0.005,0.112,in_circle,0.0057,0.1402,0.0000,0.0000,0
187.344,2,3834,-0.00683,0.00810,-0.0083,0.0033,-0.03073,0.04544,0.00231,1,1,0.003,0.198,in_circle,0.0057,0.1402,0.0000,0.0000,0
187.388,2,3835,-0.00662,0.00814,0.0049,0.0011,-0.03160,0.04502,0.00245,1,1,0.037,0.122,in_circle,0.0057,0.1402,0.0000,0.0000,0
187.433,2,3836,-0.00639,0.00869,0.0051,0.0121,-0.03272,0.04599,0.00304,1,1,-0.017,0.130,in_circle,0.0057,0.1402,0.0000,0.0000,0
187.476,2,3837,-0.00662,0.00842,-0.0055,-0.0063,-0.03167,0.04595,0.00269,1,1,-0.018,0.085,in_circle,0.0057,0.1402,0.0000,0.0000,0
187.521,2,3838,-0.00642,0.00869,0.0045,0.0062,-0.03219,0.04367,0.00303,1,1,0.025,0.159,in_circle,0.0057,0.1402,0.0000,0.0000,0
187.564,2,3839,-0.00655,0.00798,-0.0029,-0.0164,-0.02998,0.04613,0.00235,1,1,-0.016,0.109,in_circle,0.0057,0.1402,0.0000,0.0000,0
187.609,2,3840,-0.00649,0.00817,0.0013,0.0042,-0.03139,0.04562,0.00254,1,1,0.014,0.201,in_circle,0.0057,0.1402,0.0000,0.0000,0
187.654,2,3841,-0.00659,0.00844,-0.0022,0.0058,-0.03048,0.04524,0.00272,1,1,-0.003,0.118,in_circle,0.0057,0.1402,0.0000,0.0000,0
187.701,2,3842,-0.00677,0.00866,-0.0038,0.0047,-0.03240,0.04475,0.00285,1,1,0.011,0.111,in_circle,0.0057,0.1402,0.0000,0.0000,0
187.746,2,3843,-0.00669,0.00818,0.0018,-0.0108,-0.03060,0.04584,0.00244,1,1,0.018,0.115,in_circle,0.0057,0.1402,0.0000,0.0000,0
187.787,2,3844,-0.00661,0.00779,0.0021,-0.0095,-0.03026,0.04579,0.00215,1,1,-0.004,0.178,in_circle,0.0057,0.1402,0.0000,0.0000,0
187.829,2,3845,-0.00629,0.00810,0.0075,0.0075,-0.03054,0.04372,0.00259,1,1,-0.006,0.174,in_circle,0.0057,0.1402,0.0000,0.0000,0
187.926,2,3846,-0.00681,0.00850,-0.0054,0.0040,-0.03199,0.04449,0.00269,1,1,-0.028,0.105,in_circle,0.0057,0.1402,0.0000,0.0000,0
187.969,2,3847,-0.00647,0.00798,0.0078,-0.0120,-0.03160,0.04502,0.00238,1,1,0.025,0.118,in_circle,0.0057,0.1402,0.0000,0.0000,0
188.013,2,3848,-0.00663,0.00826,-0.0037,0.0066,-0.03073,0.04544,0.00255,1,1,-0.029,0.183,in_circle,0.0057,0.1402,0.0000,0.0000,0
188.057,2,3849,-0.00668,0.00797,-0.0010,-0.0066,-0.03100,0.04490,0.00227,1,1,0.017,0.108,in_circle,0.0057,0.1402,0.0000,0.0000,0
188.181,2,3850,-0.00654,0.00812,0.0011,0.0011,-0.02971,0.04278,0.00247,1,1,0.007,0.161,in_circle,0.0057,0.1402,0.0000,0.0000,0
188.232,2,3851,-0.00641,0.00766,0.0026,-0.0090,-0.03128,0.04378,0.00217,1,1,-0.002,0.130,in_circle,0.0057,0.1402,0.0000,0.0000,0
188.364,2,3852,-0.00551,0.00852,0.0067,0.0065,-0.03159,0.04353,0.00340,1,1,-0.008,0.172,in_circle,0.0057,0.1402,0.0000,0.0000,0
188.453,2,3853,-0.00647,0.00819,-0.0108,-0.0038,-0.03248,0.04350,0.00256,1,1,-0.027,0.108,in_circle,0.0057,0.1402,0.0000,0.0000,0
188.556,2,3854,-0.00666,0.00863,-0.0017,0.0043,-0.03012,0.04602,0.00287,1,1,0.046,0.150,in_circle,0.0057,0.1402,0.0000,0.0000,0
188.680,2,3855,-0.00658,0.00879,0.0006,0.0013,-0.03115,0.04390,0.00305,1,1,0.010,0.117,in_circle,0.0057,0.1402,0.0000,0.0000,0
188.817,2,3856,-0.00643,0.00814,0.0011,-0.0047,-0.03160,0.04483,0.00255,1,1,0.000,0.128,in_circle,0.0057,0.1402,0.0000,0.0000,0
188.892,2,3857,-0.00644,0.00818,-0.0002,0.0005,-0.03136,0.04508,0.00257,1,1,-0.002,0.154,in_circle,0.0057,0.1402,0.0000,0.0000,0
188.933,2,3858,-0.00659,0.00850,-0.0036,0.0077,-0.03117,0.04328,0.00278,1,1,0.003,0.133,in_circle,0.0057,0.1402,0.0000,0.0000,0
188.977,2,3859,-0.00668,0.00806,-0.0023,-0.0102,-0.03149,0.04421,0.00234,1,1,0.017,0.103,in_circle,0.0057,0.1402,0.0000,0.0000,0
189.023,2,3860,-0.00636,0.00825,0.0070,0.0042,-0.03135,0.04474,0.00267,1,1,0.012,0.176,in_circle,0.0057,0.1402,0.0000,0.0000,0
189.068,2,3861,-0.00695,0.00833,-0.0130,0.0018,-0.03112,0.04451,0.00248,1,1,-0.026,0.118,in_circle,0.0057,0.1402,0.0000,0.0000,0
189.113,2,3862,-0.00640,0.00787,0.0122,-0.0104,-0.03197,0.04368,0.00233,1,1,0.056,0.127,in_circle,0.0057,0.1402,0.0000,0.0000,0
189.156,2,3863,-0.00673,0.00871,-0.0077,0.0197,-0.03049,0.04319,0.00291,1,1,-0.047,0.177,in_circle,0.0057,0.1402,0.0000,0.0000,0
189.199,2,3864,-0.00651,0.00847,0.0049,-0.0054,-0.03025,0.04494,0.00278,1,1,0.034,0.054,in_circle,0.0057,0.1402,0.0000,0.0000,0
189.242,2,3865,-0.00629,0.00812,0.0053,-0.0082,-0.03096,0.04456,0.00260,1,1,-0.017,0.156,in_circle,0.0057,0.1402,0.0000,0.0000,0
189.287,2,3866,-0.00631,0.00831,-0.0006,0.0044,-0.02456,0.04221,0.00275,1,1,-0.019,0.168,in_circle,0.0057,0.1402,0.0000,0.0000,0
189.328,2,3867,-0.00675,0.00797,-0.0106,-0.0083,-0.02960,0.04435,0.00223,1,1,0.004,0.117,in_circle,0.0057,0.1402,0.0000,0.0000,0
189.374,2,3868,-0.00655,0.00796,0.0044,-0.0002,-0.03057,0.04482,0.00232,1,1,0.046,0.168,in_circle,0.0057,0.1402,0.0000,0.0000,0
189.419,2,3869,-0.00639,0.00825,0.0037,0.0064,-0.03056,0.04441,0.00266,1,1,-0.015,0.136,in_circle,0.0057,0.1402,0.0000,0.0000,0
189.459,2,3870,-0.00592,0.00802,0.0116,-0.0058,-0.03208,0.04405,0.00276,1,1,-0.012,0.109,in_circle,0.0057,0.1402,0.0000,0.0000,0
189.502,2,3871,-0.00659,0.00823,-0.0156,0.0050,-0.03092,0.04348,0.00254,1,1,-0.045,0.158,in_circle,0.0057,0.1402,0.0000,0.0000,0
189.545,2,3872,-0.00640,0.00830,0.0044,0.0016,-0.03119,0.04466,0.00269,1,1,0.065,0.114,in_circle,0.0057,0.1402,0.0000,0.0000,0
189.590,2,3873,-0.00631,0.00824,0.0020,-0.0013,-0.03182,0.04161,0.00269,1,1,-0.016,0.128,in_circle,0.0057,0.1402,0.0000,0.0000,0
189.634,2,3874,-0.00675,0.00829,-0.0101,0.0011,-0.03105,0.04621,0.00252,1,1,-0.006,0.140,in_circle,0.0057,0.1402,0.0000,0.0000,0
189.680,2,3875,-0.00665,0.00829,0.0023,0.0001,-0.03071,0.04432,0.00257,1,1,0.044,0.130,in_circle,0.0057,0.1402,0.0000,0.0000,0
189.722,2,3876,-0.00642,0.00845,0.0054,0.0037,-0.03010,0.04555,0.00281,1,1,-0.007,0.134,in_circle,0.0057,0.1402,0.0000,0.0000,0
189.766,2,3877,-0.00649,0.00849,-0.0015,0.0008,-0.03074,0.04558,0.00281,1,1,-0.019,0.119,in_circle,0.0057,0.1402,0.0000,0.0000,0
189.811,2,3878,-0.00643,0.00817,0.0013,-0.0071,-0.03089,0.04409,0.00256,1,1,0.008,0.131,in_circle,0.0057,0.1402,0.0000,0.0000,0
189.854,2,3879,-0.00669,0.00869,-0.0060,0.0121,-0.03077,0.04489,0.00291,1,1,-0.003,0.163,in_circle,0.0057,0.1402,0.0000,0.0000,0
189.942,2,3880,-0.00645,0.00835,0.0027,-0.0039,-0.03091,0.04403,0.00271,1,1,0.027,0.085,in_circle,0.0057,0.1402,0.0000,0.0000,0
189.985,2,3881,-0.00635,0.00828,0.0023,-0.0016,-0.03142,0.04481,0.00270,1,1,-0.008,0.150,in_circle,0.0057,0.1402,0.0000,0.0000,0
190.031,2,3882,-0.00642,0.00800,-0.0015,-0.0060,-0.02683,0.04452,0.00244,1,1,-0.007,0.141,in_circle,0.0057,0.1402,0.0000,0.0000,0
190.073,2,3883,-0.00654,0.00821,-0.0029,0.0048,-0.03038,0.04508,0.00254,1,1,0.008,0.159,in_circle,0.0057,0.1402,0.0000,0.0000,0
190.117,2,3884,-0.00692,0.00824,-0.0086,0.0008,-0.03077,0.04489,0.00241,1,1,0.014,0.116,in_circle,0.0057,0.1402,0.0000,0.0000,0
190.162,2,3885,-0.00672,0.00821,0.0044,-0.0007,-0.03105,0.04436,0.00246,1,1,0.038,0.131,in_circle,0.0057,0.1402,0.0000,0.0000,0
190.205,2,3886,-0.00632,0.00795,0.0093,-0.0060,-0.02989,0.04615,0.00245,1,1,-0.015,0.138,in_circle,0.0057,0.1402,0.0000,0.0000,0
190.249,2,3887,-0.00682,0.00848,-0.0115,0.0120,-0.03074,0.04558,0.00266,1,1,-0.035,0.159,in_circle,0.0057,0.1402,0.0000,0.0000,0
190.292,2,3888,-0.00651,0.00844,0.0073,-0.0009,-0.03065,0.04432,0.00276,1,1,0.049,0.086,in_circle,0.0057,0.1402,0.0000,0.0000,0
190.337,2,3889,-0.00681,0.00831,-0.0067,-0.0028,-0.03083,0.04416,0.00252,1,1,-0.027,0.138,in_circle,0.0057,0.1402,0.0000,0.0000,0
190.380,2,3890,-0.00688,0.00839,-0.0016,0.0017,-0.02923,0.04567,0.00256,1,1,0.030,0.145,in_circle,0.0057,0.1402,0.0000,0.0000,0
190.426,2,3891,-0.00628,0.00817,0.0130,-0.0048,-0.03014,0.04386,0.00265,1,1,0.010,0.127,in_circle,0.0057,0.1402,0.0000,0.0000,0
190.469,2,3892,-0.00686,0.00824,-0.0134,0.0016,-0.02946,0.04442,0.00243,1,1,-0.050,0.154,in_circle,0.0057,0.1402,0.0000,0.0000,0
190.512,2,3893,-0.00636,0.00877,0.0114,0.0123,-0.03071,0.04426,0.00312,1,1,0.057,0.128,in_circle,0.0057,0.1402,0.0000,0.0000,0
190.555,2,3894,-0.00672,0.00835,-0.0082,-0.0098,-0.03084,0.04455,0.00259,1,1,-0.043,0.084,in_circle,0.0057,0.1402,0.0000,0.0000,0
190.601,2,3895,-0.00634,0.00866,0.0084,0.0068,-0.03100,0.04490,0.00303,1,1,0.036,0.173,in_circle,0.0057,0.1402,0.0000,0.0000,0
190.644,2,3896,-0.00662,0.00806,-0.0066,-0.0139,-0.03000,0.04244,0.00237,1,1,-0.032,0.106,in_circle,0.0057,0.1402,0.0000,0.0000,0
190.689,2,3897,-0.00642,0.00844,0.0044,0.0084,-0.03151,0.04346,0.00280,1,1,0.029,0.191,in_circle,0.0057,0.1402,0.0000,0.0000,0
190.732,2,3898,-0.00625,0.00785,0.0042,-0.0141,-0.03090,0.04328,0.00241,1,1,-0.016,0.100,in_circle,0.0057,0.1402,0.0000,0.0000,0
190.777,2,3899,-0.00657,0.00830,-0.0071,0.0100,-0.03394,0.04409,0.00261,1,1,-0.015,0.192,in_circle,0.0057,0.1402,0.0000,0.0000,0
190.820,2,3900,-0.00667,0.00856,-0.0024,0.0060,-0.03132,0.04351,0.00280,1,1,0.031,0.094,in_circle,0.0057,0.1402,0.0000,0.0000,0
190.866,2,3901,-0.00577,0.00855,0.0195,-0.0001,-0.03311,0.04197,0.00326,1,1,0.012,0.110,in_circle,0.0057,0.1402,0.0000,0.0000,0
190.908,2,3902,-0.00560,0.00828,0.0042,-0.0065,-0.02981,0.04410,0.00317,1,1,-0.077,0.134,in_circle,0.0057,0.1402,0.0000,0.0000,0
190.953,2,3903,-0.00673,0.00858,-0.0253,0.0068,-0.03069,0.04388,0.00279,1,1,-0.017,0.161,in_circle,0.0057,0.1402,0.0000,0.0000,0
190.996,2,3904,-0.00669,0.00834,0.0009,-0.0055,-0.03047,0.04164,0.00259,1,1,0.104,0.107,in_circle,0.0057,0.1402,0.0000,0.0000,0
191.041,2,3905,-0.00637,0.00788,0.0071,-0.0101,-0.03063,0.04093,0.00237,1,1,-0.001,0.156,in_circle,0.0057,0.1402,0.0000,0.0000,0
191.084,2,3906,-0.00655,0.00775,-0.0042,-0.0031,-0.02949,0.04354,0.00215,1,1,-0.026,0.176,in_circle,0.0057,0.1402,0.0000,0.0000,0
191.129,2,3907,-0.00674,0.00823,-0.0042,0.0106,-0.03052,0.04497,0.00247,1,1,0.019,0.148,in_circle,0.0057,0.1402,0.0000,0.0000,0
191.172,2,3908,-0.00681,0.00834,-0.0016,0.0026,-0.03208,0.04587,0.00254,1,1,0.020,0.092,in_circle,0.0057,0.1402,0.0000,0.0000,0
191.217,2,3909,-0.00630,0.00839,0.0111,0.0013,-0.03188,0.04390,0.00282,1,1,0.010,0.124,in_circle,0.0057,0.1402,0.0000,0.0000,0
191.260,2,3910,-0.00674,0.00832,-0.0103,-0.0017,-0.03007,0.04339,0.00255,1,1,-0.043,0.129,in_circle,0.0057,0.1402,0.0000,0.0000,0
191.305,2,3911,-0.00646,0.00788,0.0063,-0.0098,-0.02968,0.04331,0.00231,1,1,0.044,0.141,in_circle,0.0057,0.1402,0.0000,0.0000,0
191.349,2,3912,-0.00626,0.00878,0.0045,0.0205,-0.02981,0.04310,0.00318,1,1,-0.023,0.175,in_circle,0.0057,0.1402,0.0000,0.0000,0
191.393,2,3913,-0.00673,0.00788,-0.0107,-0.0203,-0.02900,0.04593,0.00216,1,1,-0.016,0.051,in_circle,0.0057,0.1402,0.0000,0.0000,0
191.436,2,3914,-0.00660,0.00843,0.0032,0.0127,-0.03109,0.04559,0.00271,1,1,0.046,0.217,in_circle,0.0057,0.1402,0.0000,0.0000,0
191.481,2,3915,-0.00661,0.00832,-0.0003,-0.0024,-0.02751,0.04287,0.00261,1,1,-0.010,0.083,in_circle,0.0057,0.1402,0.0000,0.0000,0
191.524,2,3916,-0.00650,0.00830,0.0026,-0.0005,-0.03213,0.04484,0.00264,1,1,0.004,0.144,in_circle,0.0057,0.1402,0.0000,0.0000,0
191.569,2,3917,-0.00664,0.00823,-0.0031,-0.0015,-0.02966,0.04630,0.00252,1,1,-0.008,0.136,in_circle,0.0057,0.1402,0.0000,0.0000,0
191.613,2,3918,-0.00676,0.00856,-0.0026,0.0074,-0.03071,0.04432,0.00277,1,1,0.015,0.140,in_circle,0.0057,0.1402,0.0000,0.0000,0
191.657,2,3919,-0.00627,0.00812,0.0112,-0.0101,-0.03063,0.04424,0.00262,1,1,0.014,0.104,in_circle,0.0057,0.1402,0.0000,0.0000,0
191.700,2,3920,-0.00698,0.00842,-0.0163,0.0067,-0.03044,0.04413,0.00255,1,1,-0.043,0.175,in_circle,0.0057,0.1402,0.0000,0.0000,0
191.745,2,3921,-0.00659,0.00809,0.0086,-0.0073,-0.03100,0.04490,0.00241,1,1,0.069,0.107,in_circle,0.0057,0.1402,0.0000,0.0000,0
191.788,2,3922,-0.00662,0.00801,-0.0006,-0.0019,-0.03162,0.04424,0.00233,1,1,-0.032,0.164,in_circle,0.0057,0.1402,0.0000,0.0000,0
191.833,2,3923,-0.00650,0.00825,0.0026,0.0054,-0.02983,0.04567,0.00259,1,1,0.005,0.143,in_circle,0.0057,0.1402,0.0000,0.0000,0
191.878,2,3924,-0.00663,0.00844,-0.0029,0.0044,-0.03164,0.04549,0.00271,1,1,-0.008,0.113,in_circle,0.0057,0.1402,0.0000,0.0000,0
191.964,2,3925,-0.00678,0.00828,-0.0017,-0.0019,-0.03105,0.04453,0.00250,1,1,0.014,0.117,in_circle,0.0057,0.1402,0.0000,0.0000,0
192.009,2,3926,-0.00649,0.00829,0.0066,0.0003,-0.03197,0.04368,0.00264,1,1,0.010,0.142,in_circle,0.0057,0.1402,0.0000,0.0000,0
192.053,2,3927,-0.00655,0.00821,-0.0014,-0.0020,-0.03155,0.04458,0.00254,1,1,-0.024,0.133,in_circle,0.0057,0.1402,0.0000,0.0000,0
192.097,2,3928,-0.00632,0.00797,0.0052,-0.0054,-0.03131,0.04444,0.00247,1,1,0.008,0.142,in_circle,0.0057,0.1402,0.0000,0.0000,0
192.141,2,3929,-0.00627,0.00813,0.0009,0.0037,-0.03084,0.04436,0.00262,1,1,-0.019,0.157,in_circle,0.0057,0.1402,0.0000,0.0000,0
192.185,2,3930,-0.00674,0.00847,-0.0105,0.0078,-0.03155,0.04458,0.00269,1,1,-0.002,0.120,in_circle,0.0057,0.1402,0.0000,0.0000,0
192.229,2,3931,-0.00686,0.00816,-0.0028,-0.0072,-0.03160,0.04483,0.00235,1,1,0.045,0.103,in_circle,0.0057,0.1402,0.0000,0.0000,0
192.273,2,3932,-0.00665,0.00834,0.0046,0.0040,-0.03076,0.04676,0.00260,1,1,0.014,0.164,in_circle,0.0057,0.1402,0.0000,0.0000,0
192.316,2,3933,-0.00624,0.00825,0.0098,-0.0021,-0.03023,0.04533,0.00274,1,1,-0.015,0.118,in_circle,0.0057,0.1402,0.0000,0.0000,0
192.361,2,3934,-0.00584,0.00868,0.0088,0.0096,-0.02955,0.04563,0.00332,1,1,-0.037,0.143,in_circle,0.0057,0.1402,0.0000,0.0000,0
192.405,2,3935,-0.00636,0.00821,-0.0119,-0.0108,-0.03043,0.04388,0.00264,1,1,-0.034,0.095,in_circle,0.0057,0.1402,0.0000,0.0000,0
192.449,2,3936,-0.00664,0.00798,-0.0065,-0.0053,-0.03043,0.04431,0.00229,1,1,0.050,0.178,in_circle,0.0057,0.1402,0.0000,0.0000,0
192.493,2,3937,-0.00664,0.00834,0.0001,0.0081,-0.02909,0.04481,0.00261,1,1,0.029,0.156,in_circle,0.0057,0.1402,0.0000,0.0000,0
192.537,2,3938,-0.00672,0.00831,-0.0020,-0.0007,-0.03202,0.04460,0.00255,1,1,0.002,0.102,in_circle,0.0057,0.1402,0.0000,0.0000,0
192.582,2,3939,-0.00667,0.00827,0.0013,-0.0008,-0.03163,0.04403,0.00254,1,1,0.011,0.137,in_circle,0.0057,0.1402,0.0000,0.0000,0
192.625,2,3940,-0.00651,0.00818,0.0036,-0.0020,-0.03010,0.04431,0.00254,1,1,-0.002,0.138,in_circle,0.0057,0.1402,0.0000,0.0000,0
192.668,2,3941,-0.00690,0.00851,-0.0092,0.0076,-0.02992,0.04557,0.00266,1,1,-0.012,0.143,in_circle,0.0057,0.1402,0.0000,0.0000,0
192.714,2,3942,-0.00714,0.00808,-0.0050,-0.0093,-0.03073,0.04446,0.00218,1,1,0.040,0.104,in_circle,0.0057,0.1402,0.0000,0.0000,0
192.755,2,3943,-0.00697,0.00829,0.0040,0.0052,-0.02991,0.04526,0.00243,1,1,0.024,0.172,in_circle,0.0057,0.1402,0.0000,0.0000,0
192.801,2,3944,-0.00654,0.00783,0.0094,-0.0099,-0.02923,0.04654,0.00222,1,1,-0.012,0.114,in_circle,0.0057,0.1402,0.0000,0.0000,0
192.844,2,3945,-0.00642,0.00832,0.0029,0.0115,-0.03221,0.04420,0.00270,1,1,-0.035,0.175,in_circle,0.0057,0.1402,0.0000,0.0000,0
192.889,2,3946,-0.00659,0.00838,-0.0037,0.0014,-0.03134,0.04570,0.00268,1,1,-0.009,0.089,in_circle,0.0057,0.1402,0.0000,0.0000,0
192.932,2,3947,-0.00674,0.00752,-0.0035,-0.0199,-0.03187,0.04244,0.00186,1,1,0.017,0.129,in_circle,0.0057,0.1402,0.0000,0.0000,0
192.977,2,3948,-0.00650,0.00829,0.0053,0.0172,-0.02817,0.04397,0.00263,1,1,0.017,0.216,in_circle,0.0057,0.1402,0.0000,0.0000,0
193.020,2,3949,-0.00655,0.00780,-0.0012,-0.0115,-0.03067,0.04446,0.00219,1,1,-0.019,0.066,in_circle,0.0057,0.1402,0.0000,0.0000,0
193.065,2,3950,-0.00646,0.00865,0.0021,0.0191,-0.03269,0.04389,0.00297,1,1,0.007,0.182,in_circle,0.0057,0.1402,0.0000,0.0000,0
193.108,2,3951,-0.00564,0.00806,0.0191,-0.0135,-0.02854,0.04422,0.00299,1,1,-0.006,0.057,in_circle,0.0057,0.1402,0.0000,0.0000,0
193.154,2,3952,-0.00627,0.00833,-0.0135,0.0058,-0.03163,0.04393,0.00279,1,1,-0.076,0.189,in_circle,0.0057,0.1402,0.0000,0.0000,0
193.196,2,3953,-0.00660,0.00828,-0.0080,-0.0013,-0.02639,0.04320,0.00258,1,1,0.056,0.111,in_circle,0.0057,0.1402,0.0000,0.0000,0
193.241,2,3954,-0.00670,0.00869,-0.0022,0.0092,-0.03276,0.04187,0.00291,1,1,0.035,0.140,in_circle,0.0057,0.1402,0.0000,0.0000,0
193.285,2,3955,-0.00646,0.00847,0.0054,-0.0050,-0.02965,0.04355,0.00282,1,1,0.012,0.097,in_circle,0.0057,0.1402,0.0000,0.0000,0
193.331,2,3956,-0.00628,0.00785,0.0039,-0.0136,-0.02984,0.04319,0.00239,1,1,-0.019,0.154,in_circle,0.0057,0.1402,0.0000,0.0000,0
193.373,2,3957,-0.00658,0.00838,-0.0072,0.0126,-0.02994,0.04215,0.00267,1,1,-0.014,0.190,in_circle,0.0057,0.1402,0.0000,0.0000,0
193.418,2,3958,-0.00668,0.00839,-0.0022,0.0003,-0.03132,0.04351,0.00264,1,1,0.032,0.084,in_circle,0.0057,0.1402,0.0000,0.0000,0
193.461,2,3959,-0.00646,0.00839,0.0051,-0.0001,-0.03234,0.04449,0.00274,1,1,0.012,0.133,in_circle,0.0057,0.1402,0.0000,0.0000,0
193.506,2,3960,-0.00668,0.00825,-0.0049,-0.0031,-0.02764,0.04441,0.00251,1,1,-0.018,0.134,in_circle,0.0057,0.1402,0.0000,0.0000,0
193.549,2,3961,-0.00630,0.00817,0.0088,-0.0018,-0.03082,0.04249,0.00264,1,1,0.022,0.147,in_circle,0.0057,0.1402,0.0000,0.0000,0
193.593,2,3962,-0.00638,0.00838,-0.0016,0.0048,-0.03016,0.04518,0.00278,1,1,-0.033,0.142,in_circle,0.0057,0.1402,0.0000,0.0000,0
193.636,2,3963,-0.00658,0.00817,-0.0048,-0.0049,-0.02988,0.04359,0.00249,1,1,0.009,0.115,in_circle,0.0057,0.1402,0.0000,0.0000,0
193.682,2,3964,-0.00658,0.00818,-0.0000,0.0003,-0.03070,0.04259,0.00250,1,1,0.022,0.155,in_circle,0.0057,0.1402,0.0000,0.0000,0
193.724,2,3965,-0.00666,0.00821,-0.0018,0.0008,-0.03057,0.04316,0.00249,1,1,0.003,0.134,in_circle,0.0057,0.1402,0.0000,0.0000,0
193.769,2,3966,-0.00658,0.00842,0.0018,0.0047,-0.03068,0.04348,0.00271,1,1,0.010,0.131,in_circle,0.0057,0.1402,0.0000,0.0000,0
193.813,2,3967,-0.00623,0.00818,0.0080,-0.0056,-0.03167,0.04535,0.00268,1,1,-0.005,0.115,in_circle,0.0057,0.1402,0.0000,0.0000,0
193.857,2,3968,-0.00648,0.00793,-0.0057,-0.0055,-0.03155,0.04333,0.00234,1,1,-0.030,0.157,in_circle,0.0057,0.1402,0.0000,0.0000,0
193.902,2,3969,-0.00640,0.00850,0.0019,0.0129,-0.03089,0.04409,0.00287,1,1,0.025,0.157,in_circle,0.0057,0.1402,0.0000,0.0000,0
193.991,2,3970,-0.00693,0.00821,-0.0059,-0.0033,-0.03105,0.04338,0.00238,1,1,-0.005,0.082,in_circle,0.0057,0.1402,0.0000,0.0000,0
194.034,2,3971,-0.00663,0.00840,0.0068,0.0043,-0.03212,0.04341,0.00267,1,1,0.027,0.148,in_circle,0.0057,0.1402,0.0000,0.0000,0
194.078,2,3972,-0.00646,0.00806,0.0041,-0.0079,-0.02932,0.04366,0.00246,1,1,-0.024,0.117,in_circle,0.0057,0.1402,0.0000,0.0000,0
194.120,2,3973,-0.00649,0.00818,-0.0008,0.0029,-0.03054,0.04378,0.00254,1,1,-0.014,0.167,in_circle,0.0057,0.1402,0.0000,0.0000,0
194.166,2,3974,-0.00635,0.00818,0.0031,-0.0000,-0.03171,0.04487,0.00262,1,1,0.005,0.123,in_circle,0.0057,0.1402,0.0000,0.0000,0
194.209,2,3975,-0.00641,0.00845,-0.0014,0.0064,-0.03179,0.04409,0.00282,1,1,-0.010,0.135,in_circle,0.0057,0.1402,0.0000,0.0000,0
194.254,2,3976,-0.00658,0.00808,-0.0038,-0.0082,-0.03122,0.04474,0.00241,1,1,0.008,0.108,in_circle,0.0057,0.1402,0.0000,0.0000,0
194.296,2,3977,-0.00638,0.00778,0.0047,-0.0071,-0.03107,0.04343,0.00228,1,1,0.018,0.168,in_circle,0.0057,0.1402,0.0000,0.0000,0
194.341,2,3978,-0.00636,0.00819,0.0004,0.0092,-0.03071,0.04432,0.00262,1,1,-0.017,0.164,in_circle,0.0057,0.1402,0.0000,0.0000,0
194.385,2,3979,-0.00590,0.00822,0.0105,0.0007,-0.03049,0.04401,0.00292,1,1,0.001,0.098,in_circle,0.0057,0.1402,0.0000,0.0000,0
194.429,2,3980,-0.00675,0.00854,-0.0192,0.0072,-0.03119,0.04466,0.00275,1,1,-0.041,0.132,in_circle,0.0057,0.1402,0.0000,0.0000,0
194.473,2,3981,-0.00654,0.00847,0.0048,-0.0016,-0.02988,0.04474,0.00277,1,1,0.080,0.105,in_circle,0.0057,0.1402,0.0000,0.0000,0
194.517,2,3982,-0.00659,0.00846,-0.0010,-0.0001,-0.03070,0.04380,0.00274,1,1,-0.016,0.141,in_circle,0.0057,0.1402,0.0000,0.0000,0
194.560,2,3983,-0.00676,0.00808,-0.0039,-0.0087,-0.02846,0.04635,0.00233,1,1,0.007,0.135,in_circle,0.0057,0.1402,0.0000,0.0000,0
194.605,2,3984,-0.00666,0.00832,0.0021,0.0054,-0.02937,0.04678,0.00259,1,1,0.019,0.170,in_circle,0.0057,0.1402,0.0000,0.0000,0
194.648,2,3985,-0.00665,0.00876,0.0002,0.0103,-0.02871,0.04634,0.00299,1,1,-0.006,0.113,in_circle,0.0057,0.1402,0.0000,0.0000,0
194.693,2,3986,-0.00601,0.00847,0.0143,-0.0064,-0.02787,0.04686,0.00305,1,1,0.002,0.092,in_circle,0.0057,0.1402,0.0000,0.0000,0
194.737,2,3987,-0.00653,0.00830,-0.0119,-0.0038,-0.02925,0.04442,0.00263,1,1,-0.056,0.160,in_circle,0.0057,0.1402,0.0000,0.0000,0
194.782,2,3988,-0.00595,0.00842,0.0127,0.0024,-0.02936,0.04549,0.00304,1,1,0.050,0.150,in_circle,0.0057,0.1402,0.0000,0.0000,0
194.825,2,3989,-0.00645,0.00826,-0.0115,-0.0037,-0.03087,0.04602,0.00263,1,1,-0.050,0.124,in_circle,0.0057,0.1402,0.0000,0.0000,0
194.870,2,3990,-0.00665,0.00839,-0.0045,0.0029,-0.03101,0.04626,0.00265,1,1,0.048,0.149,in_circle,0.0057,0.1402,0.0000,0.0000,0
194.913,2,3991,-0.00622,0.00827,0.0098,-0.0026,-0.03134,0.04570,0.00277,1,1,0.021,0.123,in_circle,0.0057,0.1402,0.0000,0.0000,0
194.958,2,3992,-0.00641,0.00789,-0.0042,-0.0085,-0.03136,0.04483,0.00235,1,1,-0.038,0.145,in_circle,0.0057,0.1402,0.0000,0.0000,0
195.000,2,3993,-0.00656,0.00847,-0.0036,0.0135,-0.03125,0.04444,0.00276,1,1,0.019,0.170,in_circle,0.0057,0.1402,0.0000,0.0000,0
195.045,2,3994,-0.00676,0.00829,-0.0045,-0.0040,-0.03081,0.04442,0.00251,1,1,0.017,0.080,in_circle,0.0057,0.1402,0.0000,0.0000,0
195.088,2,3995,-0.00687,0.00842,-0.0025,0.0031,-0.03262,0.04309,0.00259,1,1,0.021,0.150,in_circle,0.0057,0.1402,0.0000,0.0000,0
195.133,2,3996,-0.00611,0.00846,0.0168,0.0010,-0.02862,0.04550,0.00299,1,1,0.013,0.122,in_circle,0.0057,0.1402,0.0000,0.0000,0
195.177,2,3997,-0.00594,0.00854,0.0040,0.0018,-0.03126,0.04401,0.00315,1,1,-0.066,0.130,in_circle,0.0057,0.1402,0.0000,0.0000,0
195.222,2,3998,-0.00663,0.00782,-0.0154,-0.0161,-0.03163,0.04509,0.00217,1,1,-0.015,0.127,in_circle,0.0057,0.1402,0.0000,0.0000,0
195.265,2,3999,-0.00662,0.00855,0.0000,0.0166,-0.03009,0.04353,0.00280,1,1,0.064,0.200,in_circle,0.0057,0.1402,0.0000,0.0000,0
195.309,2,4000,-0.00638,0.00856,0.0055,0.0003,-0.03218,0.04284,0.00292,1,1,0.003,0.067,in_circle,0.0057,0.1402,0.0000,0.0000,0
195.354,2,4001,-0.00652,0.00813,-0.0031,-0.0096,-0.03411,0.04609,0.00248,1,1,-0.020,0.133,in_circle,0.0057,0.1402,0.0000,0.0000,0
195.396,2,4002,-0.00607,0.00819,0.0108,0.0014,-0.02833,0.04344,0.00279,1,1,0.015,0.173,in_circle,0.0057,0.1402,0.0000,0.0000,0
195.441,2,4003,-0.00671,0.00809,-0.0140,-0.0020,-0.03149,0.04421,0.00236,1,1,-0.042,0.129,in_circle,0.0057,0.1402,0.0000,0.0000,0
195.485,2,4004,-0.00653,0.00828,0.0040,0.0043,-0.03230,0.04318,0.00261,1,1,0.059,0.143,in_circle,0.0057,0.1402,0.0000,0.0000,0
195.529,2,4005,-0.00676,0.00875,-0.0051,0.0108,-0.03211,0.04358,0.00294,1,1,-0.014,0.117,in_circle,0.0057,0.1402,0.0000,0.0000,0
195.573,2,4006,-0.00651,0.00842,0.0054,-0.0075,-0.03244,0.04332,0.00274,1,1,0.024,0.090,in_circle,0.0057,0.1402,0.0000,0.0000,0
195.617,2,4007,-0.00664,0.00838,-0.0029,-0.0008,-0.03191,0.04540,0.00265,1,1,-0.019,0.164,in_circle,0.0057,0.1402,0.0000,0.0000,0
195.660,2,4008,-0.00659,0.00802,0.0012,-0.0084,-0.02988,0.04356,0.00235,1,1,0.014,0.138,in_circle,0.0057,0.1402,0.0000,0.0000,0
195.705,2,4009,-0.00675,0.00816,-0.0035,0.0032,-0.03149,0.04421,0.00240,1,1,-0.002,0.169,in_circle,0.0057,0.1402,0.0000,0.0000,0
195.748,2,4010,-0.00656,0.00793,0.0044,-0.0053,-0.03063,0.04494,0.00230,1,1,0.017,0.122,in_circle,0.0057,0.1402,0.0000,0.0000,0
195.793,2,4011,-0.00651,0.00794,0.0011,0.0002,-0.03099,0.04422,0.00233,1,1,-0.015,0.157,in_circle,0.0057,0.1402,0.0000,0.0000,0
195.837,2,4012,-0.00580,0.00797,0.0161,0.0006,-0.03123,0.04453,0.00281,1,1,-0.002,0.134,in_circle,0.0057,0.1402,0.0000,0.0000,0
195.882,2,4013,-0.00626,0.00827,-0.0103,0.0068,-0.03207,0.04366,0.00274,1,1,-0.064,0.133,in_circle,0.0057,0.1402,0.0000,0.0000,0
195.925,2,4014,-0.00595,0.00847,0.0072,0.0045,-0.03132,0.04351,0.00309,1,1,0.043,0.107,in_circle,0.0057,0.1402,0.0000,0.0000,0
196.013,2,4015,-0.00638,0.00823,-0.0049,-0.0027,-0.02921,0.04417,0.00265,1,1,-0.028,0.116,in_circle,0.0057,0.1402,0.0000,0.0000,0
196.057,2,4016,-0.00618,0.00774,0.0046,-0.0111,-0.02863,0.04470,0.00238,1,1,0.022,0.145,in_circle,0.0057,0.1402,0.0000,0.0000,0
196.101,2,4017,-0.00674,0.00819,-0.0130,0.0104,-0.03027,0.04263,0.00243,1,1,-0.017,0.180,in_circle,0.0057,0.1402,0.0000,0.0000,0
196.146,2,4018,-0.00673,0.00866,0.0002,0.0104,-0.03066,0.04398,0.00287,1,1,0.055,0.093,in_circle,0.0057,0.1402,0.0000,0.0000,0
196.188,2,4019,-0.00663,0.00837,0.0024,-0.0068,-0.03166,0.04395,0.00265,1,1,0.002,0.092,in_circle,0.0057,0.1402,0.0000,0.0000,0
196.233,2,4020,-0.00640,0.00784,0.0050,-0.0117,-0.02759,0.04379,0.00231,1,1,-0.007,0.161,in_circle,0.0057,0.1402,0.0000,0.0000,0
196.277,2,4021,-0.00650,0.00830,-0.0022,0.0103,-0.02926,0.04552,0.00264,1,1,-0.018,0.183,in_circle,0.0057,0.1402,0.0000,0.0000,0
196.321,2,4022,-0.00654,0.00831,-0.0009,0.0003,-0.02902,0.04210,0.00263,1,1,0.011,0.093,in_circle,0.0057,0.1402,0.0000,0.0000,0
196.365,2,4023,-0.00650,0.00837,0.0010,0.0015,-0.03221,0.04420,0.00271,1,1,0.006,0.133,in_circle,0.0057,0.1402,0.0000,0.0000,0
196.410,2,4024,-0.00630,0.00823,0.0044,-0.0032,-0.02888,0.04318,0.00269,1,1,-0.001,0.128,in_circle,0.0057,0.1402,0.0000,0.0000,0
196.452,2,4025,-0.00651,0.00815,-0.0048,-0.0019,-0.03087,0.04386,0.00251,1,1,-0.016,0.147,in_circle,0.0057,0.1402,0.0000,0.0000,0
196.497,2,4026,-0.00657,0.00824,-0.0015,0.0019,-0.03066,0.04398,0.00255,1,1,0.022,0.142,in_circle,0.0057,0.1402,0.0000,0.0000,0
196.541,2,4027,-0.00671,0.00820,-0.0032,-0.0009,-0.02993,0.04510,0.00245,1,1,0.008,0.127,in_circle,0.0057,0.1402,0.0000,0.0000,0
196.586,2,4028,-0.00648,0.00821,0.0052,0.0002,-0.03063,0.04311,0.00257,1,1,0.016,0.138,in_circle,0.0057,0.1402,0.0000,0.0000,0
196.629,2,4029,-0.00649,0.00834,-0.0002,0.0031,-0.03121,0.04544,0.00268,1,1,-0.019,0.134,in_circle,0.0057,0.1402,0.0000,0.0000,0
196.673,2,4030,-0.00628,0.00793,0.0047,-0.0094,-0.03031,0.04540,0.00246,1,1,0.003,0.122,in_circle,0.0057,0.1402,0.0000,0.0000,0
196.717,2,4031,-0.00625,0.00817,0.0007,0.0055,-0.03006,0.04413,0.00267,1,1,-0.017,0.173,in_circle,0.0057,0.1402,0.0000,0.0000,0
196.762,2,4032,-0.00650,0.00790,-0.0056,-0.0061,-0.02959,0.04513,0.00231,1,1,-0.001,0.113,in_circle,0.0057,0.1402,0.0000,0.0000,0
196.805,2,4033,-0.00667,0.00838,-0.0038,0.0109,-0.03073,0.04370,0.00263,1,1,0.025,0.160,in_circle,0.0057,0.1402,0.0000,0.0000,0
196.850,2,4034,-0.00717,0.00828,-0.0111,-0.0021,-0.03071,0.04432,0.00237,1,1,0.018,0.091,in_circle,0.0057,0.1402,0.0000,0.0000,0
196.893,2,4035,-0.00663,0.00804,0.0126,-0.0057,-0.03200,0.04253,0.00235,1,1,0.048,0.143,in_circle,0.0057,0.1402,0.0000,0.0000,0
196.938,2,4036,-0.00611,0.00824,0.0115,0.0045,-0.03007,0.04429,0.00280,1,1,-0.048,0.158,in_circle,0.0057,0.1402,0.0000,0.0000,0
196.983,2,4037,-0.00648,0.00855,-0.0081,0.0071,-0.03131,0.04444,0.00288,1,1,-0.044,0.117,in_circle,0.0057,0.1402,0.0000,0.0000,0
197.026,2,4038,-0.00651,0.00802,-0.0007,-0.0124,-0.03221,0.04420,0.00240,1,1,0.035,0.105,in_circle,0.0057,0.1402,0.0000,0.0000,0
197.070,2,4039,-0.00618,0.00840,0.0074,0.0086,-0.03070,0.04398,0.00289,1,1,0.005,0.185,in_circle,0.0057,0.1402,0.0000,0.0000,0
197.112,2,4040,-0.00686,0.00837,-0.0161,-0.0007,-0.03083,0.04475,0.00255,1,1,-0.028,0.100,in_circle,0.0057,0.1402,0.0000,0.0000,0
197.158,2,4041,-0.00661,0.00831,0.0055,-0.0011,-0.03335,0.04334,0.00260,1,1,0.068,0.137,in_circle,0.0057,0.1402,0.0000,0.0000,0
197.202,2,4042,-0.00592,0.00785,0.0155,-0.0104,-0.02913,0.04554,0.00264,1,1,-0.019,0.139,in_circle,0.0057,0.1402,0.0000,0.0000,0
197.246,2,4043,-0.00679,0.00838,-0.0199,0.0120,-0.03131,0.04444,0.00258,1,1,-0.061,0.177,in_circle,0.0057,0.1402,0.0000,0.0000,0
197.289,2,4044,-0.00606,0.00803,0.0168,-0.0080,-0.03174,0.04386,0.00267,1,1,0.083,0.086,in_circle,0.0057,0.1402,0.0000,0.0000,0
197.334,2,4045,-0.00642,0.00831,-0.0079,0.0063,-0.03242,0.04172,0.00269,1,1,-0.066,0.167,in_circle,0.0057,0.1402,0.0000,0.0000,0
197.377,2,4046,-0.00681,0.00821,-0.0092,-0.0024,-0.02933,0.04646,0.00242,1,1,0.034,0.109,in_circle,0.0057,0.1402,0.0000,0.0000,0
197.421,2,4047,-0.00637,0.00802,0.0099,-0.0042,-0.03106,0.04596,0.00248,1,1,0.040,0.144,in_circle,0.0057,0.1402,0.0000,0.0000,0
197.466,2,4048,-0.00685,0.00817,-0.0107,0.0033,-0.02933,0.04501,0.00237,1,1,-0.037,0.152,in_circle,0.0057,0.1402,0.0000,0.0000,0
197.509,2,4049,-0.00567,0.00810,0.0272,-0.0016,-0.03066,0.04653,0.00299,1,1,0.046,0.122,in_circle,0.0057,0.1402,0.0000,0.0000,0
197.553,2,4050,-0.00659,0.00801,-0.0209,-0.0020,-0.03100,0.04490,0.00235,1,1,-0.108,0.141,in_circle,0.0057,0.1402,0.0000,0.0000,0
197.597,2,4051,-0.00643,0.00837,0.0035,0.0081,-0.03079,0.04477,0.00274,1,1,0.086,0.143,in_circle,0.0057,0.1402,0.0000,0.0000,0
197.642,2,4052,-0.00580,0.00798,0.0140,-0.0087,-0.03112,0.04322,0.00281,1,1,-0.012,0.102,in_circle,0.0057,0.1402,0.0000,0.0000,0
197.686,2,4053,-0.00692,0.00821,-0.0257,0.0053,-0.03043,0.04388,0.00238,1,1,-0.055,0.170,in_circle,0.0057,0.1402,0.0000,0.0000,0
197.731,2,4054,-0.00603,0.00815,0.0199,-0.0014,-0.03127,0.04549,0.00279,1,1,0.106,0.113,in_circle,0.0057,0.1402,0.0000,0.0000,0
197.773,2,4055,-0.00683,0.00811,-0.0190,-0.0009,-0.03073,0.04386,0.00232,1,1,-0.078,0.140,in_circle,0.0057,0.1402,0.0000,0.0000,0
197.819,2,4056,-0.00653,0.00815,0.0067,0.0008,-0.03013,0.04534,0.00250,1,1,0.079,0.138,in_circle,0.0057,0.1402,0.0000,0.0000,0
197.862,2,4057,-0.00649,0.00840,0.0009,0.0058,-0.03104,0.04511,0.00273,1,1,-0.024,0.132,in_circle,0.0057,0.1402,0.0000,0.0000,0
197.906,2,4058,-0.00656,0.00848,-0.0017,0.0020,-0.03179,0.04478,0.00278,1,1,-0.001,0.111,in_circle,0.0057,0.1402,0.0000,0.0000,0
197.949,2,4059,-0.00604,0.00805,0.0120,-0.0100,-0.02917,0.04549,0.00270,1,1,0.009,0.126,in_circle,0.0057,0.1402,0.0000,0.0000,0
198.037,2,4060,-0.00632,0.00787,-0.0033,-0.0020,-0.03060,0.04666,0.00239,1,1,-0.047,0.175,in_circle,0.0057,0.1402,0.0000,0.0000,0
198.083,2,4061,-0.00643,0.00811,-0.0024,0.0052,-0.03164,0.04440,0.00252,1,1,0.015,0.143,in_circle,0.0057,0.1402,0.0000,0.0000,0
198.125,2,4062,-0.00657,0.00838,-0.0033,0.0063,-0.03111,0.04459,0.00268,1,1,0.012,0.114,in_circle,0.0057,0.1402,0.0000,0.0000,0
198.169,2,4063,-0.00650,0.00835,0.0016,-0.0005,-0.03149,0.04421,0.00269,1,1,0.016,0.109,in_circle,0.0057,0.1402,0.0000,0.0000,0
198.212,2,4064,-0.00636,0.00814,0.0031,-0.0051,-0.03049,0.04397,0.00257,1,1,-0.004,0.136,in_circle,0.0057,0.1402,0.0000,0.0000,0
198.258,2,4065,-0.00589,0.00828,0.0101,0.0032,-0.03090,0.04473,0.00297,1,1,-0.010,0.155,in_circle,0.0057,0.1402,0.0000,0.0000,0
198.301,2,4066,-0.00660,0.00832,-0.0164,0.0009,-0.03106,0.04398,0.00261,1,1,-0.039,0.122,in_circle,0.0057,0.1402,0.0000,0.0000,0
198.345,2,4067,-0.00646,0.00802,0.0030,-0.0067,-0.03131,0.04444,0.00243,1,1,0.068,0.131,in_circle,0.0057,0.1402,0.0000,0.0000,0
198.390,2,4068,-0.00641,0.00796,0.0013,-0.0015,-0.03042,0.04379,0.00240,1,1,-0.010,0.162,in_circle,0.0057,0.1402,0.0000,0.0000,0
198.434,2,4069,-0.00680,0.00830,-0.0089,0.0078,-0.03025,0.04454,0.00251,1,1,-0.003,0.141,in_circle,0.0057,0.1402,0.0000,0.0000,0
198.478,2,4070,-0.00641,0.00831,0.0090,0.0001,-0.03107,0.04424,0.00269,1,1,0.039,0.103,in_circle,0.0057,0.1402,0.0000,0.0000,0
198.521,2,4071,-0.00641,0.00840,-0.0000,0.0021,-0.03150,0.04493,0.00277,1,1,-0.034,0.134,in_circle,0.0057,0.1402,0.0000,0.0000,0
198.566,2,4072,-0.00660,0.00761,-0.0043,-0.0174,-0.03038,0.04470,0.00201,1,1,0.002,0.126,in_circle,0.0057,0.1402,0.0000,0.0000,0
198.610,2,4073,-0.00615,0.00809,0.0104,0.0110,-0.02974,0.04505,0.00266,1,1,0.020,0.206,in_circle,0.0057,0.1402,0.0000,0.0000,0
198.653,2,4074,-0.00656,0.00808,-0.0093,-0.0002,-0.03022,0.04452,0.00242,1,1,-0.040,0.091,in_circle,0.0057,0.1402,0.0000,0.0000,0
198.698,2,4075,-0.00581,0.00821,0.0167,0.0029,-0.03173,0.04403,0.00298,1,1,0.040,0.136,in_circle,0.0057,0.1402,0.0000,0.0000,0
198.741,2,4076,-0.00653,0.00837,-0.0168,0.0036,-0.02787,0.04329,0.00269,1,1,-0.066,0.123,in_circle,0.0057,0.1402,0.0000,0.0000,0
198.786,2,4077,-0.00673,0.00818,-0.0044,-0.0043,-0.03067,0.04541,0.00243,1,1,0.070,0.120,in_circle,0.0057,0.1402,0.0000,0.0000,0
198.830,2,4078,-0.00674,0.00797,-0.0002,-0.0047,-0.02964,0.04271,0.00224,1,1,0.021,0.152,in_circle,0.0057,0.1402,0.0000,0.0000,0
198.873,2,4079,-0.00640,0.00803,0.0078,0.0014,-0.03080,0.04604,0.00247,1,1,0.004,0.154,in_circle,0.0057,0.1402,0.0000,0.0000,0
198.917,2,4080,-0.00621,0.00800,0.0043,-0.0007,-0.03112,0.04668,0.00256,1,1,-0.029,0.129,in_circle,0.0057,0.1402,0.0000,0.0000,0
198.962,2,4081,-0.00683,0.00826,-0.0138,0.0057,-0.03060,0.04576,0.00246,1,1,-0.015,0.138,in_circle,0.0057,0.1402,0.0000,0.0000,0
199.006,2,4082,-0.00663,0.00836,0.0046,0.0022,-0.03087,0.04443,0.00263,1,1,0.058,0.112,in_circle,0.0057,0.1402,0.0000,0.0000,0
199.049,2,4083,-0.00620,0.00793,0.0100,-0.0098,-0.03071,0.04418,0.00251,1,1,-0.016,0.125,in_circle,0.0057,0.1402,0.0000,0.0000,0
199.093,2,4084,-0.00668,0.00839,-0.0109,0.0105,-0.02962,0.04428,0.00264,1,1,-0.038,0.175,in_circle,0.0057,0.1402,0.0000,0.0000,0
199.137,2,4085,-0.00620,0.00788,0.0110,-0.0117,-0.03019,0.04342,0.00247,1,1,0.046,0.092,in_circle,0.0057,0.1402,0.0000,0.0000,0
199.182,2,4086,-0.00601,0.00793,0.0041,0.0010,-0.03105,0.04382,0.00263,1,1,-0.042,0.182,in_circle,0.0057,0.1402,0.0000,0.0000,0
199.225,2,4087,-0.00630,0.00812,-0.0065,0.0044,-0.02859,0.04455,0.00260,1,1,-0.015,0.131,in_circle,0.0057,0.1402,0.0000,0.0000,0
199.270,2,4088,-0.00633,0.00817,-0.0007,0.0012,-0.03457,0.04306,0.00262,1,1,0.028,0.117,in_circle,0.0057,0.1402,0.0000,0.0000,0
199.313,2,4089,-0.00579,0.00807,0.0127,-0.0024,-0.03172,0.04423,0.00289,1,1,0.005,0.130,in_circle,0.0057,0.1402,0.0000,0.0000,0
199.358,2,4090,-0.00671,0.00831,-0.0205,0.0052,-0.03149,0.04421,0.00255,1,1,-0.050,0.145,in_circle,0.0057,0.1402,0.0000,0.0000,0
199.400,2,4091,-0.00667,0.00814,0.0010,-0.0039,-0.03179,0.04409,0.00242,1,1,0.085,0.114,in_circle,0.0057,0.1402,0.0000,0.0000,0
199.445,2,4092,-0.00649,0.00814,0.0040,0.0001,-0.03198,0.04213,0.00251,1,1,-0.001,0.150,in_circle,0.0057,0.1402,0.0000,0.0000,0
199.489,2,4093,-0.00638,0.00802,0.0026,-0.0027,-0.03079,0.04664,0.00247,1,1,-0.014,0.135,in_circle,0.0057,0.1402,0.0000,0.0000,0
199.533,2,4094,-0.00665,0.00759,-0.0063,-0.0098,-0.03050,0.04478,0.00196,1,1,-0.008,0.146,in_circle,0.0057,0.1402,0.0000,0.0000,0
199.578,2,4095,-0.00655,0.00844,0.0023,0.0188,-0.03145,0.04388,0.00274,1,1,0.028,0.175,in_circle,0.0057,0.1402,0.0000,0.0000,0
199.622,2,4096,-0.00693,0.00855,-0.0085,0.0027,-0.03120,0.04419,0.00270,1,1,-0.007,0.059,in_circle,0.0057,0.1402,0.0000,0.0000,0
199.666,2,4097,-0.00694,0.00812,-0.0002,-0.0100,-0.03115,0.04475,0.00229,1,1,0.037,0.123,in_circle,0.0057,0.1402,0.0000,0.0000,0
199.709,2,4098,-0.00664,0.00807,0.0068,-0.0011,-0.02572,0.04168,0.00238,1,1,0.004,0.175,in_circle,0.0057,0.1402,0.0000,0.0000,0
199.752,2,4099,-0.00669,0.00855,-0.0014,0.0112,-0.02705,0.04299,0.00278,1,1,-0.025,0.139,in_circle,0.0057,0.1402,0.0000,0.0000,0
199.797,2,4100,-0.00654,0.00838,0.0035,-0.0037,-0.03096,0.04456,0.00270,1,1,0.008,0.089,in_circle,0.0057,0.1402,0.0000,0.0000,0
199.841,2,4101,-0.00619,0.00805,0.0079,-0.0078,-0.02826,0.04406,0.00260,1,1,-0.011,0.149,in_circle,0.0057,0.1402,0.0000,0.0000,0
199.884,2,4102,-0.00660,0.00816,-0.0093,0.0026,-0.02660,0.04447,0.00247,1,1,-0.030,0.166,in_circle,0.0057,0.1402,0.0000,0.0000,0
199.930,2,4103,-0.00643,0.00813,0.0037,-0.0007,-0.02958,0.04461,0.00253,1,1,0.040,0.124,in_circle,0.0057,0.1402,0.0000,0.0000,0
199.974,2,4104,-0.00664,0.00811,-0.0047,-0.0004,-0.03119,0.04337,0.00241,1,1,-0.012,0.138,in_circle,0.0057,0.1402,0.0000,0.0000,0
200.107,2,4105,-0.00633,0.00806,0.0024,-0.0004,-0.03141,0.04397,0.00253,1,1,0.021,0.137,in_circle,0.0057,0.1402,0.0000,0.0000,0
200.149,2,4106,-0.00634,0.00769,-0.0004,-0.0087,-0.02997,0.04374,0.00223,1,1,-0.008,0.137,in_circle,0.0057,0.1402,0.0000,0.0000,0
200.194,2,4107,-0.00690,0.00814,-0.0123,0.0100,-0.03030,0.04524,0.00232,1,1,0.003,0.171,in_circle,0.0057,0.1402,0.0000,0.0000,0
200.238,2,4108,-0.00589,0.00823,0.0232,0.0020,-0.03056,0.04323,0.00293,1,1,0.053,0.095,in_circle,0.0057,0.1402,0.0000,0.0000,0
200.281,2,4109,-0.00678,0.00827,-0.0208,0.0010,-0.03319,0.04464,0.00249,1,1,-0.092,0.127,in_circle,0.0057,0.1402,0.0000,0.0000,0
200.325,2,4110,-0.00568,0.00831,0.0250,0.0010,-0.03130,0.04406,0.00314,1,1,0.086,0.130,in_circle,0.0057,0.1402,0.0000,0.0000,0
200.369,2,4111,-0.00656,0.00794,-0.0202,-0.0085,-0.03239,0.04247,0.00230,1,1,-0.100,0.131,in_circle,0.0057,0.1402,0.0000,0.0000,0
200.414,2,4112,-0.00631,0.00839,0.0056,0.0101,-0.03111,0.04473,0.00282,1,1,0.083,0.169,in_circle,0.0057,0.1402,0.0000,0.0000,0
200.456,2,4113,-0.00620,0.00837,0.0027,-0.0004,-0.03207,0.04257,0.00286,1,1,-0.020,0.094,in_circle,0.0057,0.1402,0.0000,0.0000,0
200.501,2,4114,-0.00631,0.00870,-0.0024,0.0074,-0.03173,0.04403,0.00309,1,1,-0.009,0.136,in_circle,0.0057,0.1402,0.0000,0.0000,0
200.546,2,4115,-0.00624,0.00832,0.0015,-0.0085,-0.02802,0.04547,0.00280,1,1,0.011,0.104,in_circle,0.0057,0.1402,0.0000,0.0000,0
200.589,2,4116,-0.00635,0.00842,-0.0026,0.0022,-0.03104,0.04341,0.00282,1,1,-0.004,0.168,in_circle,0.0057,0.1402,0.0000,0.0000,0
200.633,2,4117,-0.00569,0.00799,0.0150,-0.0098,-0.02958,0.04509,0.00290,1,1,0.012,0.125,in_circle,0.0057,0.1402,0.0000,0.0000,0
200.677,2,4118,-0.00632,0.00850,-0.0142,0.0116,-0.03080,0.04471,0.00291,1,1,-0.059,0.174,in_circle,0.0057,0.1402,0.0000,0.0000,0
200.722,2,4119,-0.00677,0.00805,-0.0102,-0.0101,-0.03014,0.04486,0.00229,1,1,0.059,0.087,in_circle,0.0057,0.1402,0.0000,0.0000,0
200.766,2,4120,-0.00568,0.00813,0.0249,0.0018,-0.03319,0.04459,0.00301,1,1,0.044,0.176,in_circle,0.0057,0.1402,0.0000,0.0000,0
200.809,2,4121,-0.00680,0.00825,-0.0261,0.0027,-0.02886,0.04643,0.00246,1,1,-0.099,0.128,in_circle,0.0057,0.1402,0.0000,0.0000,0
200.853,2,4122,-0.00617,0.00846,0.0142,0.0048,-0.03192,0.04606,0.00295,1,1,0.108,0.124,in_circle,0.0057,0.1402,0.0000,0.0000,0
200.897,2,4123,-0.00631,0.00781,-0.0031,-0.0147,-0.03174,0.04297,0.00235,1,1,-0.055,0.115,in_circle,0.0057,0.1402,0.0000,0.0000,0
200.942,2,4124,-0.00635,0.00814,-0.0010,0.0072,-0.03130,0.04444,0.00258,1,1,0.014,0.194,in_circle,0.0057,0.1402,0.0000,0.0000,0
200.984,2,4125,-0.00672,0.00845,-0.0087,0.0074,-0.03011,0.04469,0.00268,1,1,0.006,0.106,in_circle,0.0057,0.1402,0.0000,0.0000,0
201.029,2,4126,-0.00657,0.00804,0.0032,-0.0091,-0.03268,0.04497,0.00238,1,1,0.038,0.105,in_circle,0.0057,0.1402,0.0000,0.0000,0
201.074,2,4127,-0.00642,0.00848,0.0034,0.0100,-0.02939,0.04345,0.00284,1,1,-0.010,0.172,in_circle,0.0057,0.1402,0.0000,0.0000,0
201.117,2,4128,-0.00596,0.00815,0.0107,-0.0078,-0.02909,0.04464,0.00283,1,1,-0.011,0.094,in_circle,0.0057,0.1402,0.0000,0.0000,0
201.161,2,4129,-0.00653,0.00807,-0.0127,-0.0018,-0.03155,0.04458,0.00243,1,1,-0.042,0.166,in_circle,0.0057,0.1402,0.0000,0.0000,0
201.205,2,4130,-0.00688,0.00823,-0.0081,0.0036,-0.02875,0.04438,0.00241,1,1,0.053,0.142,in_circle,0.0057,0.1402,0.0000,0.0000,0
201.248,2,4131,-0.00639,0.00826,0.0114,0.0008,-0.03138,0.04361,0.00266,1,1,0.036,0.120,in_circle,0.0057,0.1402,0.0000,0.0000,0
201.293,2,4132,-0.00612,0.00814,0.0062,-0.0027,-0.02910,0.04314,0.00273,1,1,-0.043,0.131,in_circle,0.0057,0.1402,0.0000,0.0000,0
201.338,2,4133,-0.00683,0.00846,-0.0158,0.0070,-0.03052,0.04582,0.00264,1,1,-0.023,0.145,in_circle,0.0057,0.1402,0.0000,0.0000,0
201.381,2,4134,-0.00659,0.00818,0.0054,-0.0064,-0.03260,0.04387,0.00249,1,1,0.067,0.106,in_circle,0.0057,0.1402,0.0000,0.0000,0
201.426,2,4135,-0.00624,0.00830,0.0079,0.0026,-0.03033,0.04451,0.00278,1,1,-0.019,0.160,in_circle,0.0057,0.1402,0.0000,0.0000,0
201.470,2,4136,-0.00654,0.00839,-0.0070,0.0020,-0.03096,0.04529,0.00270,1,1,-0.030,0.124,in_circle,0.0057,0.1402,0.0000,0.0000,0
201.513,2,4137,-0.00666,0.00813,-0.0028,-0.0060,-0.03105,0.04470,0.00241,1,1,0.031,0.126,in_circle,0.0057,0.1402,0.0000,0.0000,0
201.557,2,4138,-0.00651,0.00809,0.0034,-0.0009,-0.03134,0.04438,0.00246,1,1,0.014,0.159,in_circle,0.0057,0.1402,0.0000,0.0000,0
201.602,2,4139,-0.00593,0.00861,0.0131,0.0117,-0.03106,0.04375,0.00321,1,1,-0.011,0.138,in_circle,0.0057,0.1402,0.0000,0.0000,0
201.645,2,4140,-0.00682,0.00840,-0.0203,-0.0048,-0.03050,0.04461,0.00260,1,1,-0.051,0.087,in_circle,0.0057,0.1402,0.0000,0.0000,0
201.688,2,4141,-0.00596,0.00799,0.0198,-0.0096,-0.02968,0.04347,0.00271,1,1,0.084,0.153,in_circle,0.0057,0.1402,0.0000,0.0000,0
201.734,2,4142,-0.00656,0.00834,-0.0132,0.0077,-0.02898,0.04262,0.00265,1,1,-0.078,0.173,in_circle,0.0057,0.1402,0.0000,0.0000,0
201.777,2,4143,-0.00664,0.00838,-0.0017,0.0009,-0.03058,0.04538,0.00265,1,1,0.055,0.103,in_circle,0.0057,0.1402,0.0000,0.0000,0
201.821,2,4144,-0.00585,0.00807,0.0177,-0.0070,-0.03062,0.04547,0.00284,1,1,0.010,0.131,in_circle,0.0057,0.1402,0.0000,0.0000,0
201.866,2,4145,-0.00654,0.00843,-0.0154,0.0081,-0.02975,0.04506,0.00274,1,1,-0.070,0.163,in_circle,0.0057,0.1402,0.0000,0.0000,0
201.909,2,4146,-0.00666,0.00790,-0.0029,-0.0121,-0.03130,0.04539,0.00221,1,1,0.064,0.102,in_circle,0.0057,0.1402,0.0000,0.0000,0
201.954,2,4147,-0.00659,0.00813,0.0016,0.0051,-0.03183,0.04386,0.00245,1,1,0.015,0.184,in_circle,0.0057,0.1402,0.0000,0.0000,0
201.998,2,4148,-0.00697,0.00848,-0.0086,0.0080,-0.02963,0.04462,0.00262,1,1,-0.004,0.114,in_circle,0.0057,0.1402,0.0000,0.0000,0
202.085,2,4149,-0.00667,0.00812,0.0034,-0.0042,-0.03062,0.04398,0.00240,1,1,0.038,0.102,in_circle,0.0057,0.1402,0.0000,0.0000,0
202.129,2,4150,-0.00704,0.00823,-0.0084,0.0026,-0.03102,0.04318,0.00235,1,1,-0.011,0.152,in_circle,0.0057,0.1402,0.0000,0.0000,0
202.174,2,4151,-0.00645,0.00790,0.0132,-0.0074,-0.03012,0.04394,0.00233,1,1,0.037,0.124,in_circle,0.0057,0.1402,0.0000,0.0000,0
202.216,2,4152,-0.00625,0.00819,0.0047,0.0067,-0.03059,0.04320,0.00268,1,1,-0.050,0.165,in_circle,0.0057,0.1402,0.0000,0.0000,0
202.262,2,4153,-0.00665,0.00838,-0.0088,0.0043,-0.03084,0.04515,0.00264,1,1,-0.017,0.108,in_circle,0.0057,0.1402,0.0000,0.0000,0
202.305,2,4154,-0.00656,0.00813,0.0021,-0.0057,-0.03140,0.04465,0.00247,1,1,0.038,0.117,in_circle,0.0057,0.1402,0.0000,0.0000,0
202.350,2,4155,-0.00670,0.00837,-0.0031,0.0053,-0.03130,0.04406,0.00261,1,1,-0.006,0.158,in_circle,0.0057,0.1402,0.0000,0.0000,0
202.392,2,4156,-0.00652,0.00797,0.0041,-0.0094,-0.03019,0.04493,0.00235,1,1,0.015,0.113,in_circle,0.0057,0.1402,0.0000,0.0000,0
202.437,2,4157,-0.00624,0.00844,0.0063,0.0104,-0.02985,0.04294,0.00289,1,1,-0.014,0.173,in_circle,0.0057,0.1402,0.0000,0.0000,0
202.482,2,4158,-0.00688,0.00850,-0.0144,0.0013,-0.02974,0.04469,0.00266,1,1,-0.023,0.092,in_circle,0.0057,0.1402,0.0000,0.0000,0
202.525,2,4159,-0.00662,0.00825,0.0059,-0.0057,-0.03167,0.04355,0.00254,1,1,0.061,0.129,in_circle,0.0057,0.1402,0.0000,0.0000,0
202.568,2,4160,-0.00635,0.00803,0.0062,-0.0051,-0.02928,0.04555,0.00249,1,1,-0.021,0.157,in_circle,0.0057,0.1402,0.0000,0.0000,0
202.614,2,4161,-0.00639,0.00833,-0.0008,0.0065,-0.03010,0.04580,0.00272,1,1,-0.023,0.155,in_circle,0.0057,0.1402,0.0000,0.0000,0
202.658,2,4162,-0.00637,0.00801,0.0005,-0.0072,-0.03146,0.04439,0.00247,1,1,0.005,0.108,in_circle,0.0057,0.1402,0.0000,0.0000,0
202.701,2,4163,-0.00668,0.00808,-0.0071,0.0016,-0.03133,0.04397,0.00237,1,1,0.000,0.164,in_circle,0.0057,0.1402,0.0000,0.0000,0
202.744,2,4164,-0.00641,0.00787,0.0063,-0.0049,-0.02953,0.04418,0.00233,1,1,0.031,0.129,in_circle,0.0057,0.1402,0.0000,0.0000,0
202.789,2,4165,-0.00666,0.00785,-0.0057,-0.0005,-0.03125,0.04468,0.00217,1,1,-0.023,0.155,in_circle,0.0057,0.1402,0.0000,0.0000,0
202.834,2,4166,-0.00578,0.00832,0.0197,0.0105,-0.03083,0.04526,0.00307,1,1,0.025,0.138,in_circle,0.0057,0.1402,0.0000,0.0000,0
202.878,2,4167,-0.00653,0.00847,-0.0171,0.0034,-0.03132,0.04552,0.00277,1,1,-0.078,0.092,in_circle,0.0057,0.1402,0.0000,0.0000,0
202.920,2,4168,-0.00665,0.00841,-0.0029,-0.0014,-0.03061,0.04647,0.00267,1,1,0.071,0.121,in_circle,0.0057,0.1402,0.0000,0.0000,0
202.966,2,4169,-0.00599,0.00842,0.0146,0.0002,-0.03188,0.04315,0.00302,1,1,0.014,0.140,in_circle,0.0057,0.1402,0.0000,0.0000,0
203.009,2,4170,-0.00664,0.00787,-0.0149,-0.0125,-0.03034,0.04546,0.00221,1,1,-0.057,0.133,in_circle,0.0057,0.1402,0.0000,0.0000,0
203.054,2,4171,-0.00659,0.00801,0.0010,0.0031,-0.03077,0.04725,0.00235,1,1,0.062,0.186,in_circle,0.0057,0.1402,0.0000,0.0000,0
203.097,2,4172,-0.00584,0.00837,0.0175,0.0082,-0.03157,0.04291,0.00307,1,1,-0.001,0.123,in_circle,0.0057,0.1402,0.0000,0.0000,0
203.141,2,4173,-0.00650,0.00858,-0.0149,0.0048,-0.03247,0.04629,0.00289,1,1,-0.069,0.102,in_circle,0.0057,0.1402,0.0000,0.0000,0
203.186,2,4174,-0.00644,0.00836,0.0011,-0.0050,-0.03045,0.04530,0.00272,1,1,0.062,0.114,in_circle,0.0057,0.1402,0.0000,0.0000,0
203.229,2,4175,-0.00665,0.00783,-0.0048,-0.0121,-0.03108,0.04364,0.00216,1,1,-0.002,0.154,in_circle,0.0057,0.1402,0.0000,0.0000,0
203.272,2,4176,-0.00649,0.00846,0.0038,0.0145,-0.02958,0.04387,0.00279,1,1,0.022,0.184,in_circle,0.0057,0.1402,0.0000,0.0000,0
203.318,2,4177,-0.00606,0.00831,0.0095,-0.0032,-0.03097,0.04412,0.00290,1,1,-0.013,0.076,in_circle,0.0057,0.1402,0.0000,0.0000,0
203.361,2,4178,-0.00625,0.00818,-0.0045,-0.0030,-0.03189,0.04540,0.00268,1,1,-0.037,0.147,in_circle,0.0057,0.1402,0.0000,0.0000,0
203.405,2,4179,-0.00606,0.00827,0.0044,0.0019,-0.02809,0.04324,0.00286,1,1,0.020,0.147,in_circle,0.0057,0.1402,0.0000,0.0000,0
203.449,2,4180,-0.00645,0.00767,-0.0090,-0.0136,-0.03137,0.04360,0.00215,1,1,-0.016,0.127,in_circle,0.0057,0.1402,0.0000,0.0000,0
203.493,2,4181,-0.00692,0.00830,-0.0106,0.0142,-0.03058,0.04358,0.00246,1,1,0.038,0.190,in_circle,0.0057,0.1402,0.0000,0.0000,0
203.538,2,4182,-0.00643,0.00817,0.0109,-0.0029,-0.03246,0.04364,0.00256,1,1,0.046,0.078,in_circle,0.0057,0.1402,0.0000,0.0000,0
203.581,2,4183,-0.00692,0.00835,-0.0114,0.0042,-0.03172,0.04409,0.00251,1,1,-0.041,0.146,in_circle,0.0057,0.1402,0.0000,0.0000,0
203.625,2,4184,-0.00588,0.00806,0.0239,-0.0066,-0.02860,0.04537,0.00282,1,1,0.049,0.117,in_circle,0.0057,0.1402,0.0000,0.0000,0
203.669,2,4185,-0.00632,0.00829,-0.0098,0.0052,-0.03063,0.04217,0.00273,1,1,-0.095,0.161,in_circle,0.0057,0.1402,0.0000,0.0000,0
203.715,2,4186,-0.00718,0.00821,-0.0188,-0.0019,-0.03003,0.04524,0.00230,1,1,0.041,0.114,in_circle,0.0057,0.1402,0.0000,0.0000,0
203.758,2,4187,-0.00668,0.00844,0.0114,0.0053,-0.03149,0.04427,0.00268,1,1,0.079,0.142,in_circle,0.0057,0.1402,0.0000,0.0000,0
203.801,2,4188,-0.00651,0.00831,0.0039,-0.0029,-0.02996,0.04468,0.00265,1,1,-0.043,0.113,in_circle,0.0057,0.1402,0.0000,0.0000,0
203.846,2,4189,-0.00614,0.00845,0.0083,0.0030,-0.02966,0.04754,0.00296,1,1,-0.013,0.146,in_circle,0.0057,0.1402,0.0000,0.0000,0
203.890,2,4190,-0.00631,0.00810,-0.0040,-0.0080,-0.02954,0.04395,0.00257,1,1,-0.032,0.122,in_circle,0.0057,0.1402,0.0000,0.0000,0
203.933,2,4191,-0.00678,0.00826,-0.0108,0.0038,-0.02996,0.04465,0.00248,1,1,0.018,0.167,in_circle,0.0057,0.1402,0.0000,0.0000,0
203.978,2,4192,-0.00646,0.00841,0.0071,0.0033,-0.03088,0.04568,0.00276,1,1,0.046,0.119,in_circle,0.0057,0.1402,0.0000,0.0000,0
204.021,2,4193,-0.00644,0.00807,0.0005,-0.0079,-0.03089,0.04594,0.00247,1,1,-0.026,0.121,in_circle,0.0057,0.1402,0.0000,0.0000,0
204.109,2,4194,-0.00594,0.00806,0.0057,-0.0001,-0.03157,0.04458,0.00277,1,1,0.000,0.167,in_circle,0.0057,0.1402,0.0000,0.0000,0
204.153,2,4195,-0.00633,0.00812,-0.0088,0.0015,-0.03187,0.04337,0.00258,1,1,-0.022,0.135,in_circle,0.0057,0.1402,0.0000,0.0000,0
204.197,2,4196,-0.00681,0.00818,-0.0110,0.0012,-0.03130,0.04444,0.00239,1,1,0.037,0.129,in_circle,0.0057,0.1402,0.0000,0.0000,0
204.242,2,4197,-0.00648,0.00832,0.0075,0.0032,-0.03247,0.04381,0.00267,1,1,0.047,0.130,in_circle,0.0057,0.1402,0.0000,0.0000,0
204.286,2,4198,-0.00652,0.00848,-0.0009,0.0035,-0.03138,0.04590,0.00279,1,1,-0.028,0.122,in_circle,0.0057,0.1402,0.0000,0.0000,0
204.331,2,4199,-0.00656,0.00818,-0.0009,-0.0065,-0.03000,0.04508,0.00251,1,1,0.006,0.120,in_circle,0.0057,0.1402,0.0000,0.0000,0
204.373,2,4200,-0.00607,0.00828,0.0117,0.0023,-0.03038,0.04465,0.00286,1,1,0.006,0.161,in_circle,0.0057,0.1402,0.0000,0.0000,0
204.417,2,4201,-0.00624,0.00820,-0.0038,-0.0020,-0.03069,0.04434,0.00270,1,1,-0.046,0.125,in_circle,0.0057,0.1402,0.0000,0.0000,0
204.463,2,4202,-0.00628,0.00833,-0.0009,0.0030,-0.03112,0.04583,0.00279,1,1,0.017,0.143,in_circle,0.0057,0.1402,0.0000,0.0000,0
204.504,2,4203,-0.00657,0.00817,-0.0069,-0.0038,-0.03042,0.04370,0.00250,1,1,0.006,0.122,in_circle,0.0057,0.1402,0.0000,0.0000,0
204.549,2,4204,-0.00633,0.00825,0.0053,0.0017,-0.03016,0.04444,0.00269,1,1,0.030,0.150,in_circle,0.0057,0.1402,0.0000,0.0000,0
204.594,2,4205,-0.00611,0.00837,0.0048,0.0027,-0.03068,0.04410,0.00291,1,1,-0.019,0.128,in_circle,0.0057,0.1402,0.0000,0.0000,0
204.637,2,4206,-0.00653,0.00836,-0.0095,-0.0003,-0.03205,0.04375,0.00268,1,1,-0.018,0.123,in_circle,0.0057,0.1402,0.0000,0.0000,0
204.680,2,4207,-0.00686,0.00845,-0.0077,0.0022,-0.03170,0.04281,0.00263,1,1,0.040,0.135,in_circle,0.0057,0.1402,0.0000,0.0000,0
204.727,2,4208,-0.00649,0.00810,0.0078,-0.0077,-0.03206,0.04298,0.00247,1,1,0.034,0.125,in_circle,0.0057,0.1402,0.0000,0.0000,0
204.768,2,4209,-0.00647,0.00819,0.0006,0.0022,-0.03122,0.04546,0.00256,1,1,-0.029,0.166,in_circle,0.0057,0.1402,0.0000,0.0000,0
204.813,2,4210,-0.00639,0.00841,0.0018,0.0049,-0.03106,0.04390,0.00279,1,1,-0.000,0.126,in_circle,0.0057,0.1402,0.0000,0.0000,0
204.857,2,4211,-0.00599,0.00836,0.0090,-0.0010,-0.03141,0.04397,0.00297,1,1,-0.005,0.114,in_circle,0.0057,0.1402,0.0000,0.0000,0
204.902,2,4212,-0.00694,0.00845,-0.0212,0.0019,-0.03064,0.04549,0.00259,1,1,-0.035,0.138,in_circle,0.0057,0.1402,0.0000,0.0000,0
204.946,2,4213,-0.00628,0.00832,0.0149,-0.0029,-0.02999,0.04390,0.00277,1,1,0.088,0.127,in_circle,0.0057,0.1402,0.0000,0.0000,0
204.990,2,4214,-0.00615,0.00789,0.0030,-0.0098,-0.02821,0.04385,0.00251,1,1,-0.058,0.146,in_circle,0.0057,0.1402,0.0000,0.0000,0
205.033,2,4215,-0.00620,0.00801,-0.0011,0.0027,-0.02845,0.04608,0.00257,1,1,-0.010,0.175,in_circle,0.0057,0.1402,0.0000,0.0000,0
205.079,2,4216,-0.00628,0.00816,-0.0018,0.0033,-0.03050,0.04250,0.00264,1,1,0.006,0.124,in_circle,0.0057,0.1402,0.0000,0.0000,0
205.121,2,4217,-0.00624,0.00802,0.0010,-0.0031,-0.03260,0.04350,0.00256,1,1,0.009,0.121,in_circle,0.0057,0.1402,0.0000,0.0000,0
205.166,2,4218,-0.00658,0.00833,-0.0076,0.0070,-0.03101,0.04335,0.00264,1,1,-0.002,0.148,in_circle,0.0057,0.1402,0.0000,0.0000,0
205.210,2,4219,-0.00683,0.00813,-0.0056,-0.0046,-0.03139,0.04396,0.00234,1,1,0.033,0.106,in_circle,0.0057,0.1402,0.0000,0.0000,0
205.254,2,4220,-0.00643,0.00824,0.0090,0.0024,-0.03142,0.04481,0.00262,1,1,0.026,0.153,in_circle,0.0057,0.1402,0.0000,0.0000,0
205.297,2,4221,-0.00662,0.00837,-0.0043,0.0031,-0.02965,0.04416,0.00265,1,1,-0.034,0.125,in_circle,0.0057,0.1402,0.0000,0.0000,0
205.341,2,4222,-0.00685,0.00838,-0.0052,0.0001,-0.03112,0.04596,0.00256,1,1,0.020,0.122,in_circle,0.0057,0.1402,0.0000,0.0000,0
205.385,2,4223,-0.00639,0.00806,0.0106,-0.0072,-0.03065,0.04339,0.00250,1,1,0.024,0.134,in_circle,0.0057,0.1402,0.0000,0.0000,0
205.429,2,4224,-0.00632,0.00823,0.0016,0.0037,-0.02973,0.04316,0.00268,1,1,-0.040,0.164,in_circle,0.0057,0.1402,0.0000,0.0000,0
205.473,2,4225,-0.00665,0.00819,-0.0078,-0.0009,-0.03121,0.04458,0.00248,1,1,-0.005,0.120,in_circle,0.0057,0.1402,0.0000,0.0000,0
205.518,2,4226,-0.00669,0.00839,-0.0007,0.0044,-0.03039,0.04292,0.00264,1,1,0.034,0.138,in_circle,0.0057,0.1402,0.0000,0.0000,0
205.561,2,4227,-0.00686,0.00842,-0.0040,0.0005,-0.03030,0.04360,0.00259,1,1,0.006,0.116,in_circle,0.0057,0.1402,0.0000,0.0000,0
205.605,2,4228,-0.00641,0.00764,0.0101,-0.0172,-0.02964,0.04540,0.00215,1,1,0.019,0.132,in_circle,0.0057,0.1402,0.0000,0.0000,0
205.650,2,4229,-0.00628,0.00835,0.0028,0.0158,-0.03093,0.04363,0.00280,1,1,-0.038,0.205,in_circle,0.0057,0.1402,0.0000,0.0000,0
205.694,2,4230,-0.00641,0.00800,-0.0029,-0.0082,-0.03102,0.04318,0.00243,1,1,-0.009,0.071,in_circle,0.0057,0.1402,0.0000,0.0000,0
205.737,2,4231,-0.00651,0.00854,-0.0023,0.0125,-0.03241,0.04433,0.00285,1,1,0.014,0.168,in_circle,0.0057,0.1402,0.0000,0.0000,0
205.782,2,4232,-0.00598,0.00804,0.0118,-0.0114,-0.02752,0.04323,0.00273,1,1,0.012,0.084,in_circle,0.0057,0.1402,0.0000,0.0000,0
205.826,2,4233,-0.00634,0.00799,-0.0081,-0.0012,-0.03104,0.04341,0.00246,1,1,-0.046,0.180,in_circle,0.0057,0.1402,0.0000,0.0000,0
205.868,2,4234,-0.00667,0.00797,-0.0077,-0.0004,-0.02800,0.04399,0.00227,1,1,0.035,0.140,in_circle,0.0057,0.1402,0.0000,0.0000,0
205.915,2,4235,-0.00657,0.00819,0.0022,0.0049,-0.03187,0.04443,0.00251,1,1,0.034,0.137,in_circle,0.0057,0.1402,0.0000,0.0000,0
205.961,2,4236,-0.00618,0.00842,0.0084,0.0048,-0.02996,0.04465,0.00291,1,1,-0.006,0.115,in_circle,0.0057,0.1402,0.0000,0.0000,0
206.002,2,4237,-0.00650,0.00770,-0.0078,-0.0176,-0.02972,0.04562,0.00214,1,1,-0.032,0.115,in_circle,0.0057,0.1402,0.0000,0.0000,0
206.046,2,4238,-0.00675,0.00815,-0.0058,0.0103,-0.02920,0.04518,0.00239,1,1,0.034,0.206,in_circle,0.0057,0.1402,0.0000,0.0000,0
206.134,2,4239,-0.00652,0.00831,0.0027,0.0017,-0.03461,0.04514,0.00264,1,1,0.026,0.093,in_circle,0.0057,0.1402,0.0000,0.0000,0
206.178,2,4240,-0.00683,0.00857,-0.0070,0.0060,-0.03518,0.04594,0.00275,1,1,-0.008,0.127,in_circle,0.0057,0.1402,0.0000,0.0000,0
206.221,2,4241,-0.00632,0.00845,0.0119,-0.0027,-0.03032,0.04304,0.00287,1,1,0.031,0.110,in_circle,0.0057,0.1402,0.0000,0.0000,0
206.265,2,4242,-0.00585,0.00799,0.0108,-0.0106,-0.03122,0.04474,0.00279,1,1,-0.046,0.145,in_circle,0.0057,0.1402,0.0000,0.0000,0
206.310,2,4243,-0.00661,0.00840,-0.0170,0.0091,-0.02895,0.04423,0.00268,1,1,-0.042,0.178,in_circle,0.0057,0.1402,0.0000,0.0000,0
206.353,2,4244,-0.00595,0.00856,0.0151,0.0038,-0.03236,0.04367,0.00316,1,1,0.071,0.098,in_circle,0.0057,0.1402,0.0000,0.0000,0
206.397,2,4245,-0.00691,0.00844,-0.0216,-0.0027,-0.03141,0.04444,0.00260,1,1,-0.059,0.119,in_circle,0.0057,0.1402,0.0000,0.0000,0
206.442,2,4246,-0.00680,0.00800,0.0023,-0.0098,-0.02753,0.04507,0.00224,1,1,0.090,0.145,in_circle,0.0057,0.1402,0.0000,0.0000,0
206.487,2,4247,-0.00672,0.00800,0.0017,-0.0001,-0.03022,0.04290,0.00227,1,1,-0.006,0.174,in_circle,0.0057,0.1402,0.0000,0.0000,0
206.529,2,4248,-0.00657,0.00798,0.0037,-0.0003,-0.03047,0.04577,0.00234,1,1,-0.004,0.136,in_circle,0.0057,0.1402,0.0000,0.0000,0
206.573,2,4249,-0.00619,0.00810,0.0085,0.0026,-0.02945,0.04954,0.00265,1,1,-0.012,0.136,in_circle,0.0057,0.1402,0.0000,0.0000,0
206.617,2,4250,-0.00672,0.00861,-0.0122,0.0118,-0.02938,0.04641,0.00282,1,1,-0.032,0.125,in_circle,0.0057,0.1402,0.0000,0.0000,0
206.661,2,4251,-0.00674,0.00846,-0.0004,-0.0034,-0.02930,0.04641,0.00268,1,1,0.052,0.087,in_circle,0.0057,0.1402,0.0000,0.0000,0
206.705,2,4252,-0.00632,0.00795,0.0095,-0.0115,-0.03085,0.04394,0.00245,1,1,0.004,0.148,in_circle,0.0057,0.1402,0.0000,0.0000,0
206.750,2,4253,-0.00665,0.00816,-0.0073,0.0047,-0.02937,0.04425,0.00245,1,1,-0.036,0.181,in_circle,0.0057,0.1402,0.0000,0.0000,0
206.793,2,4254,-0.00669,0.00831,-0.0009,0.0035,-0.03094,0.04484,0.00256,1,1,0.032,0.116,in_circle,0.0057,0.1402,0.0000,0.0000,0
206.838,2,4255,-0.00648,0.00850,0.0045,0.0042,-0.03170,0.04508,0.00282,1,1,0.007,0.120,in_circle,0.0057,0.1402,0.0000,0.0000,0
206.881,2,4256,-0.00631,0.00809,0.0041,-0.0093,-0.03159,0.04557,0.00257,1,1,-0.016,0.117,in_circle,0.0057,0.1402,0.0000,0.0000,0
206.926,2,4257,-0.00654,0.00809,-0.0052,0.0000,-0.03252,0.04584,0.00244,1,1,-0.014,0.172,in_circle,0.0057,0.1402,0.0000,0.0000,0
206.969,2,4258,-0.00664,0.00832,-0.0023,0.0054,-0.03121,0.04394,0.00259,1,1,0.023,0.135,in_circle,0.0057,0.1402,0.0000,0.0000,0
207.013,2,4259,-0.00670,0.00844,-0.0012,0.0028,-0.03289,0.04543,0.00268,1,1,0.012,0.113,in_circle,0.0057,0.1402,0.0000,0.0000,0
207.057,2,4260,-0.00622,0.00845,0.0110,0.0002,-0.03139,0.04584,0.00292,1,1,0.008,0.123,in_circle,0.0057,0.1402,0.0000,0.0000,0
207.102,2,4261,-0.00624,0.00818,-0.0005,-0.0061,-0.03099,0.04393,0.00268,1,1,-0.042,0.133,in_circle,0.0057,0.1402,0.0000,0.0000,0
207.146,2,4262,-0.00647,0.00818,-0.0055,-0.0000,-0.03130,0.04427,0.00255,1,1,0.004,0.159,in_circle,0.0057,0.1402,0.0000,0.0000,0
207.189,2,4263,-0.00594,0.00844,0.0122,0.0060,-0.03186,0.04269,0.00306,1,1,0.024,0.135,in_circle,0.0057,0.1402,0.0000,0.0000,0
207.234,2,4264,-0.00644,0.00820,-0.0112,-0.0053,-0.03217,0.04428,0.00259,1,1,-0.048,0.110,in_circle,0.0057,0.1402,0.0000,0.0000,0
207.277,2,4265,-0.00673,0.00837,-0.0066,0.0038,-0.03131,0.04375,0.00260,1,1,0.047,0.156,in_circle,0.0057,0.1402,0.0000,0.0000,0
207.320,2,4266,-0.00618,0.00808,0.0129,-0.0067,-0.03112,0.04284,0.00264,1,1,0.029,0.119,in_circle,0.0057,0.1402,0.0000,0.0000,0
207.366,2,4267,-0.00623,0.00832,-0.0011,0.0051,-0.03031,0.04373,0.00280,1,1,-0.050,0.162,in_circle,0.0057,0.1402,0.0000,0.0000,0
207.409,2,4268,-0.00579,0.00746,0.0101,-0.0197,-0.03132,0.04351,0.00248,1,1,0.006,0.114,in_circle,0.0057,0.1402,0.0000,0.0000,0
207.454,2,4269,-0.00691,0.00823,-0.0247,0.0169,-0.03040,0.04300,0.00240,1,1,-0.040,0.215,in_circle,0.0057,0.1402,0.0000,0.0000,0
207.497,2,4270,-0.00630,0.00843,0.0143,0.0047,-0.03207,0.04257,0.00285,1,1,0.102,0.067,in_circle,0.0057,0.1402,0.0000,0.0000,0
207.542,2,4271,-0.00712,0.00833,-0.0183,-0.0022,-0.03590,0.04316,0.00243,1,1,-0.055,0.115,in_circle,0.0057,0.1402,0.0000,0.0000,0
207.586,2,4272,-0.00645,0.00808,0.0152,-0.0057,-0.02721,0.04414,0.00248,1,1,0.077,0.143,in_circle,0.0057,0.1402,0.0000,0.0000,0
207.630,2,4273,-0.00605,0.00814,0.0088,0.0013,-0.02744,0.04517,0.00276,1,1,-0.058,0.158,in_circle,0.0057,0.1402,0.0000,0.0000,0
207.673,2,4274,-0.00612,0.00778,-0.0015,-0.0084,-0.02767,0.04444,0.00245,1,1,-0.034,0.130,in_circle,0.0057,0.1402,0.0000,0.0000,0
207.717,2,4275,-0.00657,0.00825,-0.0103,0.0107,-0.02824,0.04404,0.00257,1,1,0.007,0.169,in_circle,0.0057,0.1402,0.0000,0.0000,0
207.761,2,4276,-0.00664,0.00822,-0.0016,-0.0008,-0.03050,0.04250,0.00250,1,1,0.044,0.092,in_circle,0.0057,0.1402,0.0000,0.0000,0
207.806,2,4277,-0.00604,0.00792,0.0134,-0.0065,-0.03153,0.04408,0.00261,1,1,0.009,0.138,in_circle,0.0057,0.1402,0.0000,0.0000,0
207.849,2,4278,-0.00654,0.00786,-0.0117,-0.0014,-0.02811,0.04446,0.00225,1,1,-0.052,0.161,in_circle,0.0057,0.1402,0.0000,0.0000,0
207.894,2,4279,-0.00665,0.00846,-0.0026,0.0133,-0.03201,0.04292,0.00271,1,1,0.049,0.141,in_circle,0.0057,0.1402,0.0000,0.0000,0
207.937,2,4280,-0.00596,0.00834,0.0163,-0.0029,-0.03059,0.04320,0.00298,1,1,0.013,0.081,in_circle,0.0057,0.1402,0.0000,0.0000,0
207.981,2,4281,-0.00648,0.00833,-0.0118,-0.0001,-0.03050,0.04334,0.00268,1,1,-0.064,0.146,in_circle,0.0057,0.1402,0.0000,0.0000,0
208.026,2,4282,-0.00661,0.00829,-0.0029,-0.0010,-0.02800,0.04303,0.00258,1,1,0.050,0.135,in_circle,0.0057,0.1402,0.0000,0.0000,0
208.069,2,4283,-0.00642,0.00811,0.0046,-0.0042,-0.03245,0.04195,0.00252,1,1,0.014,0.138,in_circle,0.0057,0.1402,0.0000,0.0000,0
208.206,2,4284,-0.00621,0.00812,0.0015,0.0001,-0.03022,0.04368,0.00265,1,1,-0.016,0.152,in_circle,0.0057,0.1402,0.0000,0.0000,0
208.245,2,4285,-0.00667,0.00831,-0.0118,0.0048,-0.03046,0.04400,0.00257,1,1,-0.004,0.134,in_circle,0.0057,0.1402,0.0000,0.0000,0
208.290,2,4286,-0.00709,0.00829,-0.0092,-0.0002,-0.03079,0.04459,0.00240,1,1,0.050,0.115,in_circle,0.0057,0.1402,0.0000,0.0000,0
208.332,2,4287,-0.00663,0.00840,0.0107,0.0025,-0.03085,0.04394,0.00267,1,1,0.041,0.135,in_circle,0.0057,0.1402,0.0000,0.0000,0
208.378,2,4288,-0.00649,0.00837,0.0031,-0.0008,-0.02898,0.04454,0.00271,1,1,-0.040,0.124,in_circle,0.0057,0.1402,0.0000,0.0000,0
208.421,2,4289,-0.00676,0.00791,-0.0062,-0.0107,-0.02953,0.04418,0.00217,1,1,-0.010,0.137,in_circle,0.0057,0.1402,0.0000,0.0000,0
208.466,2,4290,-0.00687,0.00805,-0.0025,0.0032,-0.03098,0.04414,0.00225,1,1,0.028,0.178,in_circle,0.0057,0.1402,0.0000,0.0000,0
208.508,2,4291,-0.00625,0.00840,0.0149,0.0083,-0.03042,0.04332,0.00286,1,1,0.013,0.122,in_circle,0.0057,0.1402,0.0000,0.0000,0
208.553,2,4292,-0.00605,0.00822,0.0044,-0.0041,-0.03331,0.04585,0.00282,1,1,-0.058,0.101,in_circle,0.0057,0.1402,0.0000,0.0000,0
208.597,2,4293,-0.00669,0.00843,-0.0148,0.0050,-0.03206,0.04544,0.00267,1,1,-0.016,0.151,in_circle,0.0057,0.1402,0.0000,0.0000,0
208.643,2,4294,-0.00653,0.00845,0.0033,0.0005,-0.03245,0.04422,0.00276,1,1,0.062,0.114,in_circle,0.0057,0.1402,0.0000,0.0000,0
208.685,2,4295,-0.00646,0.00791,0.0017,-0.0130,-0.03241,0.04433,0.00233,1,1,-0.011,0.132,in_circle,0.0057,0.1402,0.0000,0.0000,0
208.730,2,4296,-0.00651,0.00821,-0.0011,0.0068,-0.03025,0.04591,0.00256,1,1,-0.004,0.187,in_circle,0.0057,0.1402,0.0000,0.0000,0
208.774,2,4297,-0.00615,0.00808,0.0083,-0.0030,-0.03111,0.04473,0.00266,1,1,0.007,0.107,in_circle,0.0057,0.1402,0.0000,0.0000,0
208.819,2,4298,-0.00643,0.00844,-0.0062,0.0081,-0.03132,0.04514,0.00280,1,1,-0.031,0.147,in_circle,0.0057,0.1402,0.0000,0.0000,0
208.861,2,4299,-0.00616,0.00815,0.0064,-0.0070,-0.03028,0.04578,0.00270,1,1,0.027,0.102,in_circle,0.0057,0.1402,0.0000,0.0000,0
208.905,2,4300,-0.00617,0.00818,-0.0002,0.0007,-0.03149,0.04383,0.00272,1,1,-0.024,0.163,in_circle,0.0057,0.1402,0.0000,0.0000,0
208.950,2,4301,-0.00658,0.00838,-0.0094,0.0046,-0.02837,0.04513,0.00267,1,1,0.002,0.132,in_circle,0.0057,0.1402,0.0000,0.0000,0
208.994,2,4302,-0.00616,0.00804,0.0097,-0.0078,-0.03194,0.04414,0.00262,1,1,0.040,0.116,in_circle,0.0057,0.1402,0.0000,0.0000,0
209.038,2,4303,-0.00648,0.00824,-0.0074,0.0046,-0.03024,0.04412,0.00260,1,1,-0.037,0.166,in_circle,0.0057,0.1402,0.0000,0.0000,0
209.081,2,4304,-0.00650,0.00805,-0.0003,-0.0044,-0.03192,0.04363,0.00243,1,1,0.032,0.116,in_circle,0.0057,0.1402,0.0000,0.0000,0
209.126,2,4305,-0.00620,0.00836,0.0068,0.0068,-0.03264,0.04339,0.00285,1,1,0.004,0.153,in_circle,0.0057,0.1402,0.0000,0.0000,0
209.170,2,4306,-0.00679,0.00849,-0.0135,0.0031,-0.03146,0.04439,0.00269,1,1,-0.025,0.107,in_circle,0.0057,0.1402,0.0000,0.0000,0
209.214,2,4307,-0.00663,0.00815,0.0036,-0.0076,-0.03113,0.04341,0.00245,1,1,0.057,0.122,in_circle,0.0057,0.1402,0.0000,0.0000,0
209.259,2,4308,-0.00651,0.00828,0.0026,0.0030,-0.02988,0.04336,0.00262,1,1,-0.012,0.165,in_circle,0.0057,0.1402,0.0000,0.0000,0
209.302,2,4309,-0.00657,0.00814,-0.0012,-0.0034,-0.02985,0.04583,0.00247,1,1,-0.008,0.122,in_circle,0.0057,0.1402,0.0000,0.0000,0
209.345,2,4310,-0.00678,0.00823,-0.0050,0.0022,-0.02966,0.04482,0.00246,1,1,0.007,0.148,in_circle,0.0057,0.1402,0.0000,0.0000,0
209.390,2,4311,-0.00650,0.00825,0.0062,0.0004,-0.03007,0.04518,0.00260,1,1,0.023,0.126,in_circle,0.0057,0.1402,0.0000,0.0000,0
209.434,2,4312,-0.00671,0.00798,-0.0047,-0.0063,-0.03005,0.04552,0.00226,1,1,-0.022,0.133,in_circle,0.0057,0.1402,0.0000,0.0000,0
209.477,2,4313,-0.00667,0.00821,0.0009,0.0053,-0.03012,0.04394,0.00248,1,1,0.022,0.160,in_circle,0.0057,0.1402,0.0000,0.0000,0
209.521,2,4314,-0.00632,0.00759,0.0082,-0.0141,-0.03053,0.04417,0.00217,1,1,-0.001,0.113,in_circle,0.0057,0.1402,0.0000,0.0000,0
209.565,2,4315,-0.00653,0.00826,-0.0050,0.0152,-0.02916,0.04372,0.00259,1,1,-0.031,0.193,in_circle,0.0057,0.1402,0.0000,0.0000,0
209.610,2,4316,-0.00656,0.00813,-0.0006,-0.0027,-0.03126,0.04401,0.00247,1,1,0.022,0.074,in_circle,0.0057,0.1402,0.0000,0.0000,0
209.654,2,4317,-0.00692,0.00809,-0.0082,-0.0009,-0.03347,0.04359,0.00227,1,1,0.005,0.146,in_circle,0.0057,0.1402,0.0000,0.0000,0
209.698,2,4318,-0.00639,0.00827,0.0123,0.0040,-0.02921,0.04477,0.00267,1,1,0.036,0.139,in_circle,0.0057,0.1402,0.0000,0.0000,0
209.742,2,4319,-0.00647,0.00831,-0.0018,0.0009,-0.03141,0.04397,0.00266,1,1,-0.047,0.118,in_circle,0.0057,0.1402,0.0000,0.0000,0
209.785,2,4320,-0.00660,0.00843,-0.0031,0.0029,-0.02910,0.04407,0.00271,1,1,0.009,0.131,in_circle,0.0057,0.1402,0.0000,0.0000,0
209.830,2,4321,-0.00680,0.00830,-0.0044,-0.0030,-0.03104,0.04364,0.00251,1,1,0.015,0.123,in_circle,0.0057,0.1402,0.0000,0.0000,0
209.874,2,4322,-0.00606,0.00802,0.0167,-0.0063,-0.03044,0.04391,0.00267,1,1,0.021,0.146,in_circle,0.0057,0.1402,0.0000,0.0000,0
209.918,2,4323,-0.00636,0.00815,-0.0066,0.0029,-0.03141,0.04397,0.00259,1,1,-0.065,0.160,in_circle,0.0057,0.1402,0.0000,0.0000,0
209.961,2,4324,-0.00677,0.00842,-0.0095,0.0062,-0.03097,0.04412,0.00263,1,1,0.029,0.123,in_circle,0.0057,0.1402,0.0000,0.0000,0
210.005,2,4325,-0.00656,0.00824,0.0048,-0.0042,-0.03140,0.04313,0.00256,1,1,0.041,0.109,in_circle,0.0057,0.1402,0.0000,0.0000,0
210.050,2,4326,-0.00644,0.00831,0.0026,0.0014,-0.02952,0.04497,0.00268,1,1,-0.017,0.152,in_circle,0.0057,0.1402,0.0000,0.0000,0
210.093,2,4327,-0.00669,0.00804,-0.0058,-0.0063,-0.02988,0.04515,0.00232,1,1,-0.008,0.129,in_circle,0.0057,0.1402,0.0000,0.0000,0
210.181,2,4328,-0.00644,0.00820,0.0028,0.0018,-0.03028,0.04398,0.00258,1,1,0.026,0.160,in_circle,0.0057,0.1402,0.0000,0.0000,0
210.226,2,4329,-0.00591,0.00820,0.0119,0.0001,-0.02983,0.04391,0.00290,1,1,-0.009,0.127,in_circle,0.0057,0.1402,0.0000,0.0000,0
210.269,2,4330,-0.00660,0.00806,-0.0161,-0.0032,-0.03066,0.04416,0.00239,1,1,-0.047,0.134,in_circle,0.0057,0.1402,0.0000,0.0000,0
210.315,2,4331,-0.00698,0.00809,-0.0084,0.0006,-0.03102,0.04318,0.00224,1,1,0.067,0.148,in_circle,0.0057,0.1402,0.0000,0.0000,0
210.357,2,4332,-0.00680,0.00828,0.0044,0.0044,-0.03017,0.04377,0.00249,1,1,0.037,0.133,in_circle,0.0057,0.1402,0.0000,0.0000,0
210.402,2,4333,-0.00638,0.00828,0.0093,0.0001,-0.02879,0.04601,0.00268,1,1,-0.014,0.117,in_circle,0.0057,0.1402,0.0000,0.0000,0
210.445,2,4334,-0.00686,0.00845,-0.0112,0.0040,-0.02813,0.04835,0.00262,1,1,-0.035,0.134,in_circle,0.0057,0.1402,0.0000,0.0000,0
210.490,2,4335,-0.00642,0.00820,0.0098,-0.0054,-0.03045,0.04610,0.00260,1,1,0.048,0.118,in_circle,0.0057,0.1402,0.0000,0.0000,0
210.533,2,4336,-0.00673,0.00795,-0.0073,-0.0058,-0.03020,0.04629,0.00222,1,1,-0.037,0.156,in_circle,0.0057,0.1402,0.0000,0.0000,0
210.577,2,4337,-0.00591,0.00791,0.0186,-0.0008,-0.02952,0.04583,0.00269,1,1,0.032,0.159,in_circle,0.0057,0.1402,0.0000,0.0000,0
210.622,2,4338,-0.00624,0.00858,-0.0074,0.0149,-0.03078,0.04646,0.00302,1,1,-0.074,0.139,in_circle,0.0057,0.1402,0.0000,0.0000,0
210.665,2,4339,-0.00658,0.00838,-0.0080,-0.0046,-0.03244,0.04718,0.00268,1,1,0.031,0.074,in_circle,0.0057,0.1402,0.0000,0.0000,0
210.710,2,4340,-0.00627,0.00865,0.0067,0.0057,-0.03140,0.04408,0.00305,1,1,0.034,0.153,in_circle,0.0057,0.1402,0.0000,0.0000,0
210.753,2,4341,-0.00638,0.00835,-0.0024,-0.0068,-0.03168,0.04344,0.00275,1,1,-0.025,0.111,in_circle,0.0057,0.1402,0.0000,0.0000,0
210.798,2,4342,-0.00636,0.00794,0.0005,-0.0093,-0.03215,0.04390,0.00242,1,1,0.012,0.162,in_circle,0.0057,0.1402,0.0000,0.0000,0
210.842,2,4343,-0.00662,0.00806,-0.0059,0.0027,-0.03215,0.04351,0.00238,1,1,0.000,0.172,in_circle,0.0057,0.1402,0.0000,0.0000,0
210.886,2,4344,-0.00592,0.00783,0.0160,-0.0053,-0.03302,0.04575,0.00262,1,1,0.026,0.124,in_circle,0.0057,0.1402,0.0000,0.0000,0
210.930,2,4345,-0.00579,0.00875,0.0029,0.0208,-0.03318,0.04328,0.00340,1,1,-0.063,0.157,in_circle,0.0057,0.1402,0.0000,0.0000,0
210.974,2,4346,-0.00665,0.00851,-0.0193,-0.0054,-0.03246,0.04563,0.00276,1,1,-0.011,0.050,in_circle,0.0057,0.1402,0.0000,0.0000,0
211.018,2,4347,-0.00588,0.00826,0.0175,-0.0058,-0.03324,0.04288,0.00296,1,1,0.080,0.156,in_circle,0.0057,0.1402,0.0000,0.0000,0
211.062,2,4348,-0.00638,0.00822,-0.0113,-0.0008,-0.02578,0.04188,0.00264,1,1,-0.069,0.158,in_circle,0.0057,0.1402,0.0000,0.0000,0
211.106,2,4349,-0.00649,0.00790,-0.0027,-0.0074,-0.03036,0.04448,0.00230,1,1,0.047,0.138,in_circle,0.0057,0.1402,0.0000,0.0000,0
211.149,2,4350,-0.00631,0.00824,0.0042,0.0082,-0.03033,0.04300,0.00269,1,1,0.013,0.165,in_circle,0.0057,0.1402,0.0000,0.0000,0
211.195,2,4351,-0.00657,0.00805,-0.0056,-0.0042,-0.03080,0.04337,0.00239,1,1,-0.015,0.102,in_circle,0.0057,0.1402,0.0000,0.0000,0
211.238,2,4352,-0.00635,0.00825,0.0050,0.0046,-0.03139,0.04413,0.00267,1,1,0.025,0.152,in_circle,0.0057,0.1402,0.0000,0.0000,0
211.283,2,4353,-0.00680,0.00826,-0.0100,0.0003,-0.03083,0.04339,0.00247,1,1,-0.018,0.116,in_circle,0.0057,0.1402,0.0000,0.0000,0
211.325,2,4354,-0.00674,0.00836,0.0014,0.0023,-0.03085,0.04363,0.00259,1,1,0.043,0.133,in_circle,0.0057,0.1402,0.0000,0.0000,0
211.370,2,4355,-0.00647,0.00830,0.0061,-0.0014,-0.03074,0.04481,0.00265,1,1,-0.002,0.125,in_circle,0.0057,0.1402,0.0000,0.0000,0
211.413,2,4356,-0.00710,0.00831,-0.0146,0.0002,-0.02943,0.04521,0.00241,1,1,-0.022,0.140,in_circle,0.0057,0.1402,0.0000,0.0000,0
211.458,2,4357,-0.00651,0.00812,0.0128,-0.0040,-0.03012,0.04394,0.00248,1,1,0.062,0.134,in_circle,0.0057,0.1402,0.0000,0.0000,0
211.501,2,4358,-0.00620,0.00825,0.0075,0.0031,-0.03054,0.04506,0.00277,1,1,-0.049,0.151,in_circle,0.0057,0.1402,0.0000,0.0000,0
211.546,2,4359,-0.00598,0.00836,0.0048,0.0023,-0.02855,0.04529,0.00298,1,1,-0.028,0.122,in_circle,0.0057,0.1402,0.0000,0.0000,0
211.589,2,4360,-0.00679,0.00821,-0.0192,-0.0034,-0.03083,0.04302,0.00243,1,1,-0.018,0.125,in_circle,0.0057,0.1402,0.0000,0.0000,0
211.635,2,4361,-0.00655,0.00790,0.0053,-0.0069,-0.03019,0.04336,0.00227,1,1,0.080,0.148,in_circle,0.0057,0.1402,0.0000,0.0000,0
211.677,2,4362,-0.00679,0.00832,-0.0057,0.0100,-0.03043,0.04452,0.00253,1,1,-0.019,0.163,in_circle,0.0057,0.1402,0.0000,0.0000,0
211.723,2,4363,-0.00643,0.00860,0.0079,0.0060,-0.02980,0.04529,0.00294,1,1,0.026,0.094,in_circle,0.0057,0.1402,0.0000,0.0000,0
211.765,2,4364,-0.00671,0.00815,-0.0065,-0.0105,-0.03106,0.04547,0.00241,1,1,-0.029,0.110,in_circle,0.0057,0.1402,0.0000,0.0000,0
211.810,2,4365,-0.00664,0.00838,0.0014,0.0052,-0.03032,0.04568,0.00265,1,1,0.029,0.177,in_circle,0.0057,0.1402,0.0000,0.0000,0
211.854,2,4366,-0.00615,0.00826,0.0111,-0.0027,-0.02998,0.04521,0.00280,1,1,-0.003,0.113,in_circle,0.0057,0.1402,0.0000,0.0000,0
211.897,2,4367,-0.00669,0.00841,-0.0126,0.0035,-0.03189,0.04598,0.00266,1,1,-0.043,0.145,in_circle,0.0057,0.1402,0.0000,0.0000,0
211.942,2,4368,-0.00607,0.00827,0.0136,-0.0031,-0.03192,0.04325,0.00286,1,1,0.053,0.120,in_circle,0.0057,0.1402,0.0000,0.0000,0
211.985,2,4369,-0.00632,0.00790,-0.0058,-0.0086,-0.03134,0.04455,0.00240,1,1,-0.053,0.147,in_circle,0.0057,0.1402,0.0000,0.0000,0
212.031,2,4370,-0.00679,0.00825,-0.0104,0.0078,-0.03092,0.04495,0.00247,1,1,0.025,0.170,in_circle,0.0057,0.1402,0.0000,0.0000,0
212.073,2,4371,-0.00589,0.00824,0.0213,-0.0002,-0.03154,0.04332,0.00294,1,1,0.045,0.103,in_circle,0.0057,0.1402,0.0000,0.0000,0
212.118,2,4372,-0.00690,0.00781,-0.0226,-0.0096,-0.03004,0.04482,0.00202,1,1,-0.084,0.135,in_circle,0.0057,0.1402,0.0000,0.0000,0
212.205,2,4373,-0.00645,0.00787,0.0052,0.0007,-0.03207,0.04260,0.00231,1,1,0.094,0.174,in_circle,0.0057,0.1402,0.0000,0.0000,0
212.251,2,4374,-0.00635,0.00827,0.0020,0.0086,-0.03304,0.04097,0.00269,1,1,-0.019,0.133,in_circle,0.0057,0.1402,0.0000,0.0000,0
212.293,2,4375,-0.00665,0.00820,-0.0072,-0.0017,-0.03165,0.04483,0.00248,1,1,-0.006,0.100,in_circle,0.0057,0.1402,0.0000,0.0000,0
212.338,2,4376,-0.00670,0.00791,-0.0010,-0.0063,-0.03040,0.04731,0.00221,1,1,0.032,0.142,in_circle,0.0057,0.1402,0.0000,0.0000,0
212.381,2,4377,-0.00610,0.00792,0.0140,0.0001,-0.02970,0.04452,0.00256,1,1,0.007,0.161,in_circle,0.0057,0.1402,0.0000,0.0000,0
212.426,2,4378,-0.00647,0.00839,-0.0082,0.0104,-0.02956,0.04657,0.00274,1,1,-0.055,0.135,in_circle,0.0057,0.1402,0.0000,0.0000,0
212.469,2,4379,-0.00683,0.00809,-0.0084,-0.0068,-0.03130,0.04539,0.00231,1,1,0.035,0.092,in_circle,0.0057,0.1402,0.0000,0.0000,0
212.515,2,4380,-0.00676,0.00833,0.0016,0.0053,-0.02828,0.04343,0.00256,1,1,0.037,0.162,in_circle,0.0057,0.1402,0.0000,0.0000,0
212.557,2,4381,-0.00649,0.00794,0.0063,-0.0093,-0.02951,0.04389,0.00234,1,1,-0.003,0.113,in_circle,0.0057,0.1402,0.0000,0.0000,0
212.601,2,4382,-0.00632,0.00822,0.0038,0.0062,-0.03070,0.04507,0.00267,1,1,-0.023,0.173,in_circle,0.0057,0.1402,0.0000,0.0000,0
212.645,2,4383,-0.00610,0.00815,0.0050,-0.0015,-0.03035,0.04642,0.00274,1,1,-0.013,0.110,in_circle,0.0057,0.1402,0.0000,0.0000,0
212.690,2,4384,-0.00652,0.00821,-0.0092,0.0013,-0.03201,0.04526,0.00255,1,1,-0.019,0.141,in_circle,0.0057,0.1402,0.0000,0.0000,0
212.734,2,4385,-0.00662,0.00819,-0.0022,-0.0004,-0.03124,0.04467,0.00249,1,1,0.039,0.129,in_circle,0.0057,0.1402,0.0000,0.0000,0
212.778,2,4386,-0.00691,0.00812,-0.0067,-0.0015,-0.03062,0.04547,0.00230,1,1,0.012,0.136,in_circle,0.0057,0.1402,0.0000,0.0000,0
212.821,2,4387,-0.00682,0.00816,0.0021,0.0008,-0.03046,0.04385,0.00237,1,1,0.030,0.141,in_circle,0.0057,0.1402,0.0000,0.0000,0
212.867,2,4388,-0.00677,0.00835,0.0011,0.0042,-0.03053,0.04530,0.00257,1,1,-0.005,0.131,in_circle,0.0057,0.1402,0.0000,0.0000,0
212.909,2,4389,-0.00662,0.00852,0.0035,0.0041,-0.03061,0.04647,0.00279,1,1,-0.001,0.118,in_circle,0.0057,0.1402,0.0000,0.0000,0
212.953,2,4390,-0.00655,0.00853,0.0016,0.0001,-0.03152,0.04593,0.00282,1,1,-0.011,0.118,in_circle,0.0057,0.1402,0.0000,0.0000,0
212.999,2,4391,-0.00680,0.00839,-0.0055,-0.0031,-0.03077,0.04628,0.00259,1,1,-0.004,0.133,in_circle,0.0057,0.1402,0.0000,0.0000,0
213.041,2,4392,-0.00661,0.00812,0.0046,-0.0063,-0.03073,0.04383,0.00244,1,1,0.025,0.146,in_circle,0.0057,0.1402,0.0000,0.0000,0
213.086,2,4393,-0.00664,0.00834,-0.0008,0.0048,-0.03153,0.04415,0.00261,1,1,-0.016,0.160,in_circle,0.0057,0.1402,0.0000,0.0000,0
213.129,2,4394,-0.00651,0.00837,0.0031,0.0007,-0.03118,0.04382,0.00270,1,1,0.006,0.115,in_circle,0.0057,0.1402,0.0000,0.0000,0
213.174,2,4395,-0.00678,0.00809,-0.0062,-0.0062,-0.03139,0.04413,0.00233,1,1,-0.010,0.132,in_circle,0.0057,0.1402,0.0000,0.0000,0
213.217,2,4396,-0.00682,0.00804,-0.0008,-0.0012,-0.03090,0.04466,0.00226,1,1,0.028,0.160,in_circle,0.0057,0.1402,0.0000,0.0000,0
213.263,2,4397,-0.00645,0.00804,0.0081,0.0000,-0.03059,0.04509,0.00245,1,1,0.006,0.140,in_circle,0.0057,0.1402,0.0000,0.0000,0
213.305,2,4398,-0.00672,0.00824,-0.0065,0.0049,-0.03136,0.04603,0.00249,1,1,-0.030,0.135,in_circle,0.0057,0.1402,0.0000,0.0000,0
213.350,2,4399,-0.00696,0.00851,-0.0053,0.0058,-0.03064,0.04432,0.00265,1,1,0.029,0.115,in_circle,0.0057,0.1402,0.0000,0.0000,0
213.393,2,4400,-0.00645,0.00823,0.0120,-0.0065,-0.03059,0.04320,0.00261,1,1,0.025,0.111,in_circle,0.0057,0.1402,0.0000,0.0000,0
213.438,2,4401,-0.00664,0.00840,-0.0041,0.0036,-0.03126,0.04401,0.00266,1,1,-0.046,0.161,in_circle,0.0057,0.1402,0.0000,0.0000,0
213.481,2,4402,-0.00689,0.00799,-0.0058,-0.0095,-0.03145,0.04507,0.00218,1,1,0.019,0.120,in_circle,0.0057,0.1402,0.0000,0.0000,0
213.526,2,4403,-0.00671,0.00803,0.0042,0.0011,-0.03132,0.04314,0.00231,1,1,0.027,0.173,in_circle,0.0057,0.1402,0.0000,0.0000,0
213.569,2,4404,-0.00683,0.00841,-0.0029,0.0086,-0.02998,0.04308,0.00260,1,1,-0.014,0.131,in_circle,0.0057,0.1402,0.0000,0.0000,0
213.614,2,4405,-0.00660,0.00812,0.0052,-0.0066,-0.03144,0.04383,0.00243,1,1,0.015,0.100,in_circle,0.0057,0.1402,0.0000,0.0000,0
213.657,2,4406,-0.00644,0.00814,0.0038,0.0004,-0.03140,0.04428,0.00253,1,1,-0.018,0.161,in_circle,0.0057,0.1402,0.0000,0.0000,0
213.701,2,4407,-0.00698,0.00841,-0.0120,0.0062,-0.02865,0.04425,0.00255,1,1,-0.013,0.133,in_circle,0.0057,0.1402,0.0000,0.0000,0
213.745,2,4408,-0.00654,0.00807,0.0100,-0.0078,-0.03085,0.04394,0.00243,1,1,0.052,0.109,in_circle,0.0057,0.1402,0.0000,0.0000,0
213.790,2,4409,-0.00656,0.00832,-0.0006,0.0055,-0.03040,0.04484,0.00263,1,1,-0.038,0.166,in_circle,0.0057,0.1402,0.0000,0.0000,0
213.833,2,4410,-0.00651,0.00833,0.0011,0.0004,-0.02897,0.04477,0.00266,1,1,0.005,0.112,in_circle,0.0057,0.1402,0.0000,0.0000,0
213.878,2,4411,-0.00662,0.00833,-0.0025,-0.0001,-0.03110,0.04423,0.00261,1,1,-0.002,0.133,in_circle,0.0057,0.1402,0.0000,0.0000,0
213.922,2,4412,-0.00595,0.00856,0.0153,0.0051,-0.02997,0.04398,0.00315,1,1,0.013,0.135,in_circle,0.0057,0.1402,0.0000,0.0000,0
213.966,2,4413,-0.00596,0.00845,-0.0002,-0.0023,-0.03068,0.04345,0.00307,1,1,-0.060,0.113,in_circle,0.0057,0.1402,0.0000,0.0000,0
214.009,2,4414,-0.00687,0.00852,-0.0212,0.0016,-0.03080,0.04385,0.00269,1,1,0.002,0.143,in_circle,0.0057,0.1402,0.0000,0.0000,0
214.055,2,4415,-0.00697,0.00804,-0.0021,-0.0105,-0.02997,0.04283,0.00220,1,1,0.088,0.127,in_circle,0.0057,0.1402,0.0000,0.0000,0
214.098,2,4416,-0.00663,0.00793,0.0079,-0.0026,-0.02936,0.04279,0.00225,1,1,0.012,0.177,in_circle,0.0057,0.1402,0.0000,0.0000,0
214.143,2,4417,-0.00619,0.00766,0.0097,-0.0059,-0.03061,0.04462,0.00231,1,1,-0.029,0.146,in_circle,0.0057,0.1402,0.0000,0.0000,0
214.230,2,4418,-0.00653,0.00794,-0.0039,0.0032,-0.03149,0.04421,0.00232,1,1,-0.037,0.160,in_circle,0.0057,0.1402,0.0000,0.0000,0
214.273,2,4419,-0.00659,0.00802,-0.0014,0.0019,-0.03176,0.04453,0.00235,1,1,0.018,0.123,in_circle,0.0057,0.1402,0.0000,0.0000,0
214.319,2,4420,-0.00697,0.00830,-0.0083,0.0062,-0.03099,0.04491,0.00245,1,1,0.008,0.127,in_circle,0.0057,0.1402,0.0000,0.0000,0
214.361,2,4421,-0.00646,0.00789,0.0121,-0.0097,-0.03079,0.04516,0.00232,1,1,0.037,0.110,in_circle,0.0057,0.1402,0.0000,0.0000,0
214.405,2,4422,-0.00607,0.00850,0.0088,0.0137,-0.03097,0.04407,0.00305,1,1,-0.046,0.174,in_circle,0.0057,0.1402,0.0000,0.0000,0
214.450,2,4423,-0.00679,0.00831,-0.0164,-0.0043,-0.03140,0.04530,0.00252,1,1,-0.034,0.079,in_circle,0.0057,0.1402,0.0000,0.0000,0
214.494,2,4424,-0.00581,0.00843,0.0222,0.0026,-0.03198,0.04518,0.00314,1,1,0.069,0.152,in_circle,0.0057,0.1402,0.0000,0.0000,0
214.538,2,4425,-0.00692,0.00799,-0.0251,-0.0098,-0.02728,0.04440,0.00218,1,1,-0.088,0.124,in_circle,0.0057,0.1402,0.0000,0.0000,0
214.582,2,4426,-0.00638,0.00793,0.0126,-0.0014,-0.03052,0.04477,0.00240,1,1,0.104,0.175,in_circle,0.0057,0.1402,0.0000,0.0000,0
214.625,2,4427,-0.00684,0.00838,-0.0106,0.0102,-0.03010,0.04246,0.00256,1,1,-0.048,0.141,in_circle,0.0057,0.1402,0.0000,0.0000,0
214.670,2,4428,-0.00652,0.00828,0.0071,-0.0021,-0.03254,0.04300,0.00262,1,1,0.046,0.093,in_circle,0.0057,0.1402,0.0000,0.0000,0
214.713,2,4429,-0.00672,0.00840,-0.0046,0.0026,-0.03086,0.04308,0.00263,1,1,-0.026,0.143,in_circle,0.0057,0.1402,0.0000,0.0000,0
214.758,2,4430,-0.00646,0.00829,0.0058,-0.0023,-0.03033,0.04351,0.00266,1,1,0.021,0.124,in_circle,0.0057,0.1402,0.0000,0.0000,0
214.803,2,4431,-0.00680,0.00816,-0.0076,-0.0029,-0.03168,0.04344,0.00238,1,1,-0.021,0.143,in_circle,0.0057,0.1402,0.0000,0.0000,0
214.846,2,4432,-0.00630,0.00830,0.0116,0.0032,-0.03149,0.04366,0.00274,1,1,0.034,0.147,in_circle,0.0057,0.1402,0.0000,0.0000,0
214.890,2,4433,-0.00659,0.00819,-0.0064,-0.0025,-0.03080,0.04385,0.00250,1,1,-0.044,0.122,in_circle,0.0057,0.1402,0.0000,0.0000,0
214.934,2,4434,-0.00650,0.00790,0.0019,-0.0065,-0.03189,0.04328,0.00230,1,1,0.028,0.145,in_circle,0.0057,0.1402,0.0000,0.0000,0
214.978,2,4435,-0.00686,0.00812,-0.0080,0.0048,-0.03089,0.04303,0.00232,1,1,-0.005,0.161,in_circle,0.0057,0.1402,0.0000,0.0000,0
215.022,2,4436,-0.00672,0.00809,0.0030,-0.0007,-0.03049,0.04401,0.00235,1,1,0.035,0.115,in_circle,0.0057,0.1402,0.0000,0.0000,0
215.065,2,4437,-0.00623,0.00835,0.0115,0.0063,-0.03164,0.04416,0.00283,1,1,-0.009,0.138,in_circle,0.0057,0.1402,0.0000,0.0000,0
215.110,2,4438,-0.00573,0.00831,0.0113,-0.0011,-0.03168,0.04344,0.00310,1,1,-0.044,0.109,in_circle,0.0057,0.1402,0.0000,0.0000,0
215.154,2,4439,-0.00648,0.00817,-0.0169,-0.0030,-0.03117,0.04298,0.00254,1,1,-0.045,0.139,in_circle,0.0057,0.1402,0.0000,0.0000,0
215.198,2,4440,-0.00673,0.00830,-0.0059,0.0030,-0.03006,0.04433,0.00254,1,1,0.070,0.147,in_circle,0.0057,0.1402,0.0000,0.0000,0
215.241,2,4441,-0.00660,0.00789,0.0032,-0.0095,-0.03093,0.04278,0.00224,1,1,0.027,0.122,in_circle,0.0057,0.1402,0.0000,0.0000,0
215.286,2,4442,-0.00666,0.00799,-0.0014,0.0023,-0.02973,0.04580,0.00230,1,1,-0.010,0.173,in_circle,0.0057,0.1402,0.0000,0.0000,0
215.329,2,4443,-0.00607,0.00811,0.0135,0.0026,-0.02871,0.04583,0.00273,1,1,0.009,0.126,in_circle,0.0057,0.1402,0.0000,0.0000,0
215.375,2,4444,-0.00672,0.00844,-0.0143,0.0074,-0.03034,0.04546,0.00267,1,1,-0.053,0.125,in_circle,0.0057,0.1402,0.0000,0.0000,0
215.417,2,4445,-0.00659,0.00820,0.0032,-0.0059,-0.03035,0.04767,0.00251,1,1,0.060,0.104,in_circle,0.0057,0.1402,0.0000,0.0000,0
215.462,2,4446,-0.00639,0.00840,0.0042,0.0045,-0.03074,0.04481,0.00278,1,1,-0.010,0.158,in_circle,0.0057,0.1402,0.0000,0.0000,0
215.506,2,4447,-0.00709,0.00819,-0.0159,-0.0047,-0.03014,0.04660,0.00231,1,1,-0.015,0.116,in_circle,0.0057,0.1402,0.0000,0.0000,0
215.549,2,4448,-0.00590,0.00830,0.0276,0.0025,-0.03071,0.04602,0.00298,1,1,0.068,0.153,in_circle,0.0057,0.1402,0.0000,0.0000,0
215.595,2,4449,-0.00646,0.00818,-0.0122,-0.0026,-0.02975,0.04588,0.00256,1,1,-0.110,0.125,in_circle,0.0057,0.1402,0.0000,0.0000,0
215.638,2,4450,-0.00632,0.00809,0.0032,-0.0022,-0.02946,0.04676,0.00256,1,1,0.051,0.145,in_circle,0.0057,0.1402,0.0000,0.0000,0
215.682,2,4451,-0.00650,0.00808,-0.0040,-0.0001,-0.03062,0.04270,0.00246,1,1,-0.011,0.144,in_circle,0.0057,0.1402,0.0000,0.0000,0
215.725,2,4452,-0.00678,0.00833,-0.0066,0.0058,-0.03213,0.04211,0.00255,1,1,0.018,0.135,in_circle,0.0057,0.1402,0.0000,0.0000,0
215.770,2,4453,-0.00683,0.00855,-0.0011,0.0049,-0.02968,0.04235,0.00273,1,1,0.029,0.111,in_circle,0.0057,0.1402,0.0000,0.0000,0
215.813,2,4454,-0.00667,0.00826,0.0037,-0.0068,-0.03033,0.04300,0.00252,1,1,0.008,0.114,in_circle,0.0057,0.1402,0.0000,0.0000,0
215.858,2,4455,-0.00654,0.00834,0.0028,0.0017,-0.03163,0.04352,0.00265,1,1,-0.012,0.162,in_circle,0.0057,0.1402,0.0000,0.0000,0
215.902,2,4456,-0.00690,0.00824,-0.0082,-0.0023,-0.03152,0.04328,0.00241,1,1,-0.009,0.127,in_circle,0.0057,0.1402,0.0000,0.0000,0
215.947,2,4457,-0.00660,0.00837,0.0068,0.0029,-0.03132,0.04314,0.00265,1,1,0.036,0.144,in_circle,0.0057,0.1402,0.0000,0.0000,0
215.990,2,4458,-0.00658,0.00829,0.0005,-0.0017,-0.03076,0.04311,0.00260,1,1,-0.025,0.123,in_circle,0.0057,0.1402,0.0000,0.0000,0
216.034,2,4459,-0.00657,0.00802,0.0001,-0.0062,-0.03128,0.04535,0.00236,1,1,0.001,0.141,in_circle,0.0057,0.1402,0.0000,0.0000,0
216.077,2,4460,-0.00652,0.00833,0.0013,0.0073,-0.03170,0.04281,0.00266,1,1,0.002,0.160,in_circle,0.0057,0.1402,0.0000,0.0000,0
216.122,2,4461,-0.00669,0.00780,-0.0037,-0.0115,-0.03048,0.04524,0.00212,1,1,-0.003,0.105,in_circle,0.0057,0.1402,0.0000,0.0000,0
216.165,2,4462,-0.00675,0.00846,-0.0015,0.0155,-0.03038,0.04411,0.00268,1,1,0.018,0.182,in_circle,0.0057,0.1402,0.0000,0.0000,0
216.254,2,4463,-0.00618,0.00830,0.0064,-0.0019,-0.03392,0.04370,0.00281,1,1,0.009,0.072,in_circle,0.0057,0.1402,0.0000,0.0000,0
216.298,2,4464,-0.00612,0.00793,0.0013,-0.0083,-0.03146,0.04286,0.00255,1,1,-0.024,0.142,in_circle,0.0057,0.1402,0.0000,0.0000,0
216.342,2,4465,-0.00649,0.00813,-0.0085,0.0047,-0.02794,0.04455,0.00250,1,1,-0.004,0.169,in_circle,0.0057,0.1402,0.0000,0.0000,0
216.386,2,4466,-0.00634,0.00820,0.0035,0.0015,-0.02956,0.04407,0.00264,1,1,0.036,0.116,in_circle,0.0057,0.1402,0.0000,0.0000,0
216.429,2,4467,-0.00628,0.00815,0.0014,-0.0011,-0.03052,0.04329,0.00263,1,1,-0.012,0.129,in_circle,0.0057,0.1402,0.0000,0.0000,0
216.475,2,4468,-0.00627,0.00826,0.0002,0.0025,-0.02919,0.04363,0.00273,1,1,-0.004,0.139,in_circle,0.0057,0.1402,0.0000,0.0000,0
216.517,2,4469,-0.00616,0.00824,0.0026,-0.0005,-0.03080,0.04385,0.00278,1,1,0.001,0.125,in_circle,0.0057,0.1402,0.0000,0.0000,0
216.563,2,4470,-0.00639,0.00794,-0.0049,-0.0066,-0.03024,0.04340,0.00240,1,1,-0.009,0.136,in_circle,0.0057,0.1402,0.0000,0.0000,0
216.605,2,4471,-0.00671,0.00837,-0.0076,0.0101,-0.02882,0.04259,0.00261,1,1,0.022,0.162,in_circle,0.0057,0.1402,0.0000,0.0000,0
216.651,2,4472,-0.00657,0.00802,0.0029,-0.0077,-0.03006,0.04495,0.00236,1,1,0.033,0.094,in_circle,0.0057,0.1402,0.0000,0.0000,0
216.693,2,4473,-0.00671,0.00841,-0.0032,0.0095,-0.03080,0.04385,0.00265,1,1,-0.009,0.166,in_circle,0.0057,0.1402,0.0000,0.0000,0
216.738,2,4474,-0.00660,0.00803,0.0025,-0.0086,-0.03013,0.04466,0.00236,1,1,0.016,0.096,in_circle,0.0057,0.1402,0.0000,0.0000,0
216.782,2,4475,-0.00641,0.00822,0.0043,0.0045,-0.03159,0.04445,0.00262,1,1,-0.007,0.170,in_circle,0.0057,0.1402,0.0000,0.0000,0
216.826,2,4476,-0.00671,0.00830,-0.0070,0.0018,-0.02997,0.04452,0.00254,1,1,-0.015,0.117,in_circle,0.0057,0.1402,0.0000,0.0000,0
216.869,2,4477,-0.00658,0.00853,0.0032,0.0054,-0.03220,0.04511,0.00281,1,1,0.031,0.127,in_circle,0.0057,0.1402,0.0000,0.0000,0
216.914,2,4478,-0.00659,0.00863,-0.0003,0.0023,-0.03044,0.04472,0.00290,1,1,-0.010,0.112,in_circle,0.0057,0.1402,0.0000,0.0000,0
216.957,2,4479,-0.00589,0.00844,0.0165,-0.0045,-0.02997,0.04398,0.00310,1,1,0.004,0.125,in_circle,0.0057,0.1402,0.0000,0.0000,0
217.002,2,4480,-0.00670,0.00805,-0.0181,-0.0088,-0.03123,0.04464,0.00232,1,1,-0.065,0.152,in_circle,0.0057,0.1402,0.0000,0.0000,0
217.045,2,4481,-0.00653,0.00817,0.0040,0.0029,-0.02943,0.04569,0.00252,1,1,0.075,0.170,in_circle,0.0057,0.1402,0.0000,0.0000,0
217.090,2,4482,-0.00583,0.00881,0.0154,0.0140,-0.02992,0.04487,0.00343,1,1,-0.014,0.123,in_circle,0.0057,0.1402,0.0000,0.0000,0
217.135,2,4483,-0.00702,0.00791,-0.0270,-0.0203,-0.02961,0.04695,0.00206,1,1,-0.061,0.077,in_circle,0.0057,0.1402,0.0000,0.0000,0
217.178,2,4484,-0.00662,0.00810,0.0092,0.0045,-0.03006,0.04510,0.00241,1,1,0.112,0.217,in_circle,0.0057,0.1402,0.0000,0.0000,0
217.223,2,4485,-0.00624,0.00812,0.0085,0.0004,-0.03080,0.04416,0.00263,1,1,-0.034,0.117,in_circle,0.0057,0.1402,0.0000,0.0000,0
217.266,2,4486,-0.00656,0.00839,-0.0074,0.0063,-0.03358,0.04756,0.00269,1,1,-0.032,0.133,in_circle,0.0057,0.1402,0.0000,0.0000,0
217.309,2,4487,-0.00647,0.00832,0.0022,-0.0017,-0.03035,0.04866,0.00267,1,1,0.032,0.109,in_circle,0.0057,0.1402,0.0000,0.0000,0
217.358,2,4488,-0.00588,0.00842,0.0120,0.0021,-0.03035,0.04643,0.00309,1,1,-0.006,0.141,in_circle,0.0057,0.1402,0.0000,0.0000,0
217.397,2,4489,-0.00689,0.00807,-0.0257,-0.0091,-0.03003,0.04643,0.00226,1,1,-0.047,0.126,in_circle,0.0057,0.1402,0.0000,0.0000,0
217.441,2,4490,-0.00654,0.00826,0.0079,0.0044,-0.02964,0.04568,0.00259,1,1,0.106,0.171,in_circle,0.0057,0.1402,0.0000,0.0000,0
217.486,2,4491,-0.00643,0.00804,0.0023,-0.0049,-0.03080,0.04604,0.00246,1,1,-0.029,0.117,in_circle,0.0057,0.1402,0.0000,0.0000,0
217.529,2,4492,-0.00664,0.00819,-0.0048,0.0035,-0.03102,0.05008,0.00248,1,1,-0.007,0.155,in_circle,0.0057,0.1402,0.0000,0.0000,0
217.574,2,4493,-0.00687,0.00813,-0.0052,-0.0015,-0.03091,0.04668,0.00232,1,1,0.022,0.121,in_circle,0.0057,0.1402,0.0000,0.0000,0
217.618,2,4494,-0.00683,0.00833,0.0010,0.0046,-0.03126,0.04401,0.00252,1,1,0.024,0.141,in_circle,0.0057,0.1402,0.0000,0.0000,0
217.662,2,4495,-0.00599,0.00823,0.0188,-0.0021,-0.03137,0.04749,0.00287,1,1,-0.001,0.116,in_circle,0.0057,0.1402,0.0000,0.0000,0
217.705,2,4496,-0.00652,0.00837,-0.0122,0.0032,-0.02955,0.04510,0.00270,1,1,-0.074,0.143,in_circle,0.0057,0.1402,0.0000,0.0000,0
217.750,2,4497,-0.00661,0.00829,-0.0021,-0.0018,-0.03120,0.04601,0.00258,1,1,0.051,0.121,in_circle,0.0057,0.1402,0.0000,0.0000,0
217.794,2,4498,-0.00634,0.00813,0.0063,-0.0036,-0.03215,0.04265,0.00259,1,1,0.011,0.142,in_circle,0.0057,0.1402,0.0000,0.0000,0
217.838,2,4499,-0.00658,0.00806,-0.0056,-0.0016,-0.03291,0.04192,0.00240,1,1,-0.023,0.149,in_circle,0.0057,0.1402,0.0000,0.0000,0
217.881,2,4500,-0.00627,0.00831,0.0071,0.0056,-0.03166,0.04102,0.00277,1,1,0.025,0.141,in_circle,0.0057,0.1402,0.0000,0.0000,0
217.926,2,4501,-0.00651,0.00828,-0.0053,-0.0005,-0.03080,0.04119,0.00263,1,1,-0.027,0.112,in_circle,0.0057,0.1402,0.0000,0.0000,0
217.970,2,4502,-0.00615,0.00804,0.0079,-0.0056,-0.03105,0.04218,0.00262,1,1,0.023,0.136,in_circle,0.0057,0.1402,0.0000,0.0000,0
218.015,2,4503,-0.00623,0.00831,-0.0017,0.0062,-0.03097,0.04183,0.00279,1,1,-0.030,0.157,in_circle,0.0057,0.1402,0.0000,0.0000,0
218.058,2,4504,-0.00662,0.00812,-0.0091,-0.0045,-0.03157,0.04155,0.00243,1,1,0.008,0.110,in_circle,0.0057,0.1402,0.0000,0.0000,0
218.102,2,4505,-0.00657,0.00813,0.0011,0.0002,-0.03141,0.04134,0.00246,1,1,0.039,0.153,in_circle,0.0057,0.1402,0.0000,0.0000,0
218.146,2,4506,-0.00588,0.00834,0.0155,0.0047,-0.03022,0.04109,0.00302,1,1,-0.002,0.134,in_circle,0.0057,0.1402,0.0000,0.0000,0
218.191,2,4507,-0.00640,0.00802,-0.0117,-0.0073,-0.02971,0.04227,0.00246,1,1,-0.061,0.116,in_circle,0.0057,0.1402,0.0000,0.0000,0
218.277,2,4508,-0.00681,0.00826,-0.0048,0.0028,-0.02962,0.04076,0.00246,1,1,0.049,0.164,in_circle,0.0057,0.1402,0.0000,0.0000,0
218.323,2,4509,-0.00643,0.00826,0.0082,0.0002,-0.03154,0.04028,0.00264,1,1,0.022,0.123,in_circle,0.0057,0.1402,0.0000,0.0000,0
218.365,2,4510,-0.00660,0.00823,-0.0038,-0.0009,-0.02983,0.04255,0.00253,1,1,-0.030,0.134,in_circle,0.0057,0.1402,0.0000,0.0000,0
218.410,2,4511,-0.00671,0.00807,-0.0025,-0.0036,-0.03116,0.04488,0.00234,1,1,0.018,0.138,in_circle,0.0057,0.1402,0.0000,0.0000,0
218.454,2,4512,-0.00650,0.00797,0.0048,-0.0023,-0.03109,0.04442,0.00236,1,1,0.013,0.149,in_circle,0.0057,0.1402,0.0000,0.0000,0
218.499,2,4513,-0.00631,0.00771,0.0042,-0.0058,-0.02865,0.04568,0.00226,1,1,-0.017,0.144,in_circle,0.0057,0.1402,0.0000,0.0000,0
218.541,2,4514,-0.00630,0.00830,0.0003,0.0141,-0.03097,0.04474,0.00275,1,1,-0.015,0.159,in_circle,0.0057,0.1402,0.0000,0.0000,0
218.586,2,4515,-0.00612,0.00798,0.0039,-0.0070,-0.02958,0.04510,0.00259,1,1,0.001,0.078,in_circle,0.0057,0.1402,0.0000,0.0000,0
218.629,2,4516,-0.00573,0.00796,0.0093,-0.0004,-0.03108,0.04551,0.00285,1,1,-0.014,0.163,in_circle,0.0057,0.1402,0.0000,0.0000,0
218.675,2,4517,-0.00651,0.00788,-0.0170,-0.0017,-0.02812,0.04628,0.00228,1,1,-0.037,0.137,in_circle,0.0057,0.1402,0.0000,0.0000,0
218.718,2,4518,-0.00593,0.00829,0.0133,0.0094,-0.03136,0.04603,0.00296,1,1,0.070,0.142,in_circle,0.0057,0.1402,0.0000,0.0000,0
218.762,2,4519,-0.00644,0.00843,-0.0115,0.0031,-0.03137,0.04388,0.00278,1,1,-0.052,0.097,in_circle,0.0057,0.1402,0.0000,0.0000,0
218.805,2,4520,-0.00687,0.00822,-0.0103,-0.0049,-0.02892,0.04578,0.00240,1,1,0.048,0.122,in_circle,0.0057,0.1402,0.0000,0.0000,0
218.850,2,4521,-0.00664,0.00830,0.0052,0.0018,-0.03012,0.04540,0.00258,1,1,0.044,0.154,in_circle,0.0057,0.1402,0.0000,0.0000,0
218.893,2,4522,-0.00678,0.00822,-0.0034,-0.0018,-0.02998,0.04537,0.00245,1,1,-0.018,0.127,in_circle,0.0057,0.1402,0.0000,0.0000,0
218.938,2,4523,-0.00697,0.00855,-0.0042,0.0072,-0.02947,0.04804,0.00268,1,1,0.017,0.142,in_circle,0.0057,0.1402,0.0000,0.0000,0
218.981,2,4524,-0.00633,0.00842,0.0148,-0.0030,-0.02964,0.04563,0.00283,1,1,0.021,0.105,in_circle,0.0057,0.1402,0.0000,0.0000,0
219.027,2,4525,-0.00669,0.00780,-0.0077,-0.0134,-0.03054,0.04674,0.00211,1,1,-0.057,0.146,in_circle,0.0057,0.1402,0.0000,0.0000,0
219.070,2,4526,-0.00652,0.00810,0.0039,0.0070,-0.03000,0.04646,0.00246,1,1,0.034,0.189,in_circle,0.0057,0.1402,0.0000,0.0000,0
219.114,2,4527,-0.00613,0.00830,0.0089,0.0045,-0.03087,0.04469,0.00285,1,1,-0.013,0.107,in_circle,0.0057,0.1402,0.0000,0.0000,0
219.158,2,4528,-0.00678,0.00789,-0.0150,-0.0095,-0.03372,0.04619,0.00215,1,1,-0.034,0.116,in_circle,0.0057,0.1402,0.0000,0.0000,0
219.202,2,4529,-0.00657,0.00877,0.0046,0.0198,-0.03096,0.04361,0.00303,1,1,0.063,0.174,in_circle,0.0057,0.1402,0.0000,0.0000,0
219.245,2,4530,-0.00671,0.00843,-0.0032,-0.0080,-0.03189,0.04441,0.00266,1,1,-0.016,0.054,in_circle,0.0057,0.1402,0.0000,0.0000,0
219.290,2,4531,-0.00704,0.00817,-0.0074,-0.0058,-0.03167,0.04635,0.00230,1,1,0.016,0.166,in_circle,0.0057,0.1402,0.0000,0.0000,0
219.333,2,4532,-0.00557,0.00792,0.0341,-0.0057,-0.02815,0.04442,0.00295,1,1,0.033,0.158,in_circle,0.0057,0.1402,0.0000,0.0000,0
219.378,2,4533,-0.00646,0.00811,-0.0198,0.0041,-0.03164,0.04414,0.00250,1,1,-0.136,0.158,in_circle,0.0057,0.1402,0.0000,0.0000,0
219.421,2,4534,-0.00647,0.00828,-0.0001,0.0038,-0.03089,0.04409,0.00264,1,1,0.082,0.118,in_circle,0.0057,0.1402,0.0000,0.0000,0
219.466,2,4535,-0.00677,0.00808,-0.0068,-0.0045,-0.03372,0.04191,0.00232,1,1,0.003,0.119,in_circle,0.0057,0.1402,0.0000,0.0000,0
219.509,2,4536,-0.00591,0.00865,0.0201,0.0134,-0.03102,0.04174,0.00325,1,1,0.030,0.153,in_circle,0.0057,0.1402,0.0000,0.0000,0
219.554,2,4537,-0.00665,0.00831,-0.0162,-0.0075,-0.03054,0.04523,0.00258,1,1,-0.079,0.080,in_circle,0.0057,0.1402,0.0000,0.0000,0
219.597,2,4538,-0.00670,0.00826,-0.0011,-0.0012,-0.03167,0.04213,0.00251,1,1,0.068,0.164,in_circle,0.0057,0.1402,0.0000,0.0000,0
219.643,2,4539,-0.00662,0.00798,0.0016,-0.0062,-0.02981,0.04283,0.00230,1,1,0.007,0.139,in_circle,0.0057,0.1402,0.0000,0.0000,0
219.685,2,4540,-0.00684,0.00811,-0.0051,0.0032,-0.03245,0.04366,0.00232,1,1,-0.004,0.160,in_circle,0.0057,0.1402,0.0000,0.0000,0
219.731,2,4541,-0.00594,0.00796,0.0199,-0.0033,-0.02989,0.04455,0.00270,1,1,0.024,0.122,in_circle,0.0057,0.1402,0.0000,0.0000,0
219.775,2,4542,-0.00623,0.00840,-0.0067,0.0099,-0.03274,0.04407,0.00286,1,1,-0.079,0.149,in_circle,0.0057,0.1402,0.0000,0.0000,0
219.820,2,4543,-0.00687,0.00829,-0.0144,-0.0024,-0.03070,0.04398,0.00247,1,1,0.029,0.095,in_circle,0.0057,0.1402,0.0000,0.0000,0
219.863,2,4544,-0.00687,0.00836,0.0001,0.0015,-0.03210,0.04154,0.00254,1,1,0.061,0.144,in_circle,0.0057,0.1402,0.0000,0.0000,0
219.906,2,4545,-0.00688,0.00867,-0.0002,0.0073,-0.03055,0.04272,0.00283,1,1,0.003,0.128,in_circle,0.0057,0.1402,0.0000,0.0000,0
219.951,2,4546,-0.00649,0.00805,0.0087,-0.0140,-0.03033,0.04593,0.00243,1,1,0.004,0.104,in_circle,0.0057,0.1402,0.0000,0.0000,0
219.994,2,4547,-0.00653,0.00834,-0.0010,0.0067,-0.02951,0.04600,0.00266,1,1,-0.033,0.191,in_circle,0.0057,0.1402,0.0000,0.0000,0
220.037,2,4548,-0.00651,0.00828,0.0006,-0.0014,-0.02932,0.04503,0.00262,1,1,0.007,0.108,in_circle,0.0057,0.1402,0.0000,0.0000,0
220.082,2,4549,-0.00678,0.00817,-0.0060,-0.0026,-0.03087,0.04439,0.00239,1,1,0.000,0.140,in_circle,0.0057,0.1402,0.0000,0.0000,0
220.126,2,4550,-0.00672,0.00842,0.0014,0.0057,-0.02913,0.04509,0.00265,1,1,0.027,0.145,in_circle,0.0057,0.1402,0.0000,0.0000,0
220.171,2,4551,-0.00619,0.00843,0.0116,0.0002,-0.03075,0.04467,0.00291,1,1,-0.003,0.111,in_circle,0.0057,0.1402,0.0000,0.0000,0
220.213,2,4552,-0.00662,0.00797,-0.0102,-0.0109,-0.03011,0.04442,0.00229,1,1,-0.045,0.133,in_circle,0.0057,0.1402,0.0000,0.0000,0
220.301,2,4553,-0.00675,0.00794,-0.0015,-0.0003,-0.03146,0.04523,0.00221,1,1,0.043,0.179,in_circle,0.0057,0.1402,0.0000,0.0000,0
220.346,2,4554,-0.00649,0.00819,0.0058,0.0054,-0.03089,0.04355,0.00255,1,1,0.009,0.136,in_circle,0.0057,0.1402,0.0000,0.0000,0
220.389,2,4555,-0.00663,0.00846,-0.0035,0.0063,-0.03123,0.04461,0.00272,1,1,-0.021,0.113,in_circle,0.0057,0.1402,0.0000,0.0000,0
220.435,2,4556,-0.00653,0.00878,0.0024,0.0071,-0.03034,0.04472,0.00306,1,1,0.017,0.109,in_circle,0.0057,0.1402,0.0000,0.0000,0
220.478,2,4557,-0.00662,0.00778,-0.0021,-0.0230,-0.03112,0.04668,0.00214,1,1,-0.007,0.105,in_circle,0.0057,0.1402,0.0000,0.0000,0
220.522,2,4558,-0.00573,0.00819,0.0201,0.0092,-0.02937,0.04387,0.00301,1,1,0.011,0.228,in_circle,0.0057,0.1402,0.0000,0.0000,0
220.565,2,4559,-0.00563,0.00832,0.0025,0.0032,-0.03076,0.04440,0.00318,1,1,-0.080,0.098,in_circle,0.0057,0.1402,0.0000,0.0000,0
220.611,2,4560,-0.00711,0.00809,-0.0324,-0.0051,-0.03348,0.04524,0.00220,1,1,-0.010,0.122,in_circle,0.0057,0.1402,0.0000,0.0000,0
220.653,2,4561,-0.00657,0.00837,0.0126,0.0065,-0.03034,0.04406,0.00266,1,1,0.134,0.155,in_circle,0.0057,0.1402,0.0000,0.0000,0
220.699,2,4562,-0.00664,0.00795,-0.0014,-0.0090,-0.03182,0.04398,0.00227,1,1,-0.048,0.108,in_circle,0.0057,0.1402,0.0000,0.0000,0
220.743,2,4563,-0.00667,0.00772,-0.0007,-0.0054,-0.02964,0.04886,0.00206,1,1,0.009,0.171,in_circle,0.0057,0.1402,0.0000,0.0000,0
220.786,2,4564,-0.00619,0.00853,0.0110,0.0185,-0.02912,0.04672,0.00300,1,1,0.006,0.157,in_circle,0.0057,0.1402,0.0000,0.0000,0
220.831,2,4565,-0.00647,0.00807,-0.0062,-0.0102,-0.03034,0.04380,0.00246,1,1,-0.042,0.060,in_circle,0.0057,0.1402,0.0000,0.0000,0
220.873,2,4566,-0.00628,0.00845,0.0044,0.0091,-0.02787,0.04513,0.00288,1,1,0.027,0.176,in_circle,0.0057,0.1402,0.0000,0.0000,0
220.918,2,4567,-0.00673,0.00808,-0.0099,-0.0082,-0.02873,0.04520,0.00234,1,1,-0.016,0.098,in_circle,0.0057,0.1402,0.0000,0.0000,0
220.961,2,4568,-0.00650,0.00823,0.0053,0.0035,-0.03012,0.04242,0.00258,1,1,0.042,0.168,in_circle,0.0057,0.1402,0.0000,0.0000,0
221.006,2,4569,-0.00685,0.00826,-0.0078,0.0006,-0.03026,0.04363,0.00245,1,1,-0.019,0.120,in_circle,0.0057,0.1402,0.0000,0.0000,0
221.051,2,4570,-0.00650,0.00858,0.0078,0.0072,-0.03210,0.04492,0.00288,1,1,0.035,0.132,in_circle,0.0057,0.1402,0.0000,0.0000,0
221.094,2,4571,-0.00641,0.00828,0.0021,-0.0069,-0.03112,0.04411,0.00267,1,1,-0.029,0.105,in_circle,0.0057,0.1402,0.0000,0.0000,0
221.138,2,4572,-0.00622,0.00813,0.0043,-0.0033,-0.03065,0.04390,0.00265,1,1,-0.006,0.162,in_circle,0.0057,0.1402,0.0000,0.0000,0
221.183,2,4573,-0.00646,0.00816,-0.0053,0.0006,-0.03061,0.04354,0.00254,1,1,-0.015,0.148,in_circle,0.0057,0.1402,0.0000,0.0000,0
221.226,2,4574,-0.00621,0.00858,0.0058,0.0097,-0.03166,0.04420,0.00303,1,1,0.024,0.132,in_circle,0.0057,0.1402,0.0000,0.0000,0
221.271,2,4575,-0.00608,0.00837,0.0028,-0.0048,-0.03136,0.04463,0.00292,1,1,-0.022,0.095,in_circle,0.0057,0.1402,0.0000,0.0000,0
221.314,2,4576,-0.00593,0.00834,0.0035,-0.0006,-0.03151,0.04540,0.00300,1,1,-0.010,0.153,in_circle,0.0057,0.1402,0.0000,0.0000,0
221.358,2,4577,-0.00643,0.00807,-0.0113,-0.0062,-0.03047,0.04502,0.00248,1,1,-0.013,0.137,in_circle,0.0057,0.1402,0.0000,0.0000,0
221.402,2,4578,-0.00635,0.00832,0.0020,0.0057,-0.03031,0.04436,0.00274,1,1,0.047,0.160,in_circle,0.0057,0.1402,0.0000,0.0000,0
221.446,2,4579,-0.00657,0.00827,-0.0050,-0.0011,-0.03072,0.04375,0.00258,1,1,-0.006,0.112,in_circle,0.0057,0.1402,0.0000,0.0000,0
221.491,2,4580,-0.00679,0.00821,-0.0051,-0.0014,-0.03095,0.04446,0.00243,1,1,0.023,0.139,in_circle,0.0057,0.1402,0.0000,0.0000,0
221.535,2,4581,-0.00679,0.00845,0.0001,0.0054,-0.03018,0.04504,0.00265,1,1,0.023,0.140,in_circle,0.0057,0.1402,0.0000,0.0000,0
221.577,2,4582,-0.00655,0.00818,0.0057,-0.0064,-0.03001,0.04411,0.00251,1,1,0.003,0.113,in_circle,0.0057,0.1402,0.0000,0.0000,0
221.622,2,4583,-0.00658,0.00825,-0.0007,0.0018,-0.02915,0.04326,0.00257,1,1,-0.020,0.160,in_circle,0.0057,0.1402,0.0000,0.0000,0
221.665,2,4584,-0.00672,0.00836,-0.0033,0.0023,-0.03089,0.04355,0.00259,1,1,0.005,0.127,in_circle,0.0057,0.1402,0.0000,0.0000,0
221.710,2,4585,-0.00612,0.00848,0.0135,0.0028,-0.03065,0.04390,0.00300,1,1,0.016,0.125,in_circle,0.0057,0.1402,0.0000,0.0000,0
221.753,2,4586,-0.00666,0.00819,-0.0125,-0.0068,-0.03065,0.04390,0.00247,1,1,-0.052,0.123,in_circle,0.0057,0.1402,0.0000,0.0000,0
221.798,2,4587,-0.00636,0.00808,0.0066,-0.0025,-0.03010,0.04387,0.00253,1,1,0.053,0.162,in_circle,0.0057,0.1402,0.0000,0.0000,0
221.842,2,4588,-0.00671,0.00819,-0.0078,0.0026,-0.03176,0.04184,0.00245,1,1,-0.024,0.145,in_circle,0.0057,0.1402,0.0000,0.0000,0
221.886,2,4589,-0.00642,0.00841,0.0065,0.0050,-0.03107,0.04424,0.00277,1,1,0.034,0.124,in_circle,0.0057,0.1402,0.0000,0.0000,0
221.929,2,4590,-0.00653,0.00813,-0.0025,-0.0065,-0.03059,0.04320,0.00248,1,1,-0.024,0.114,in_circle,0.0057,0.1402,0.0000,0.0000,0
221.974,2,4591,-0.00667,0.00837,-0.0031,0.0054,-0.03134,0.04438,0.00263,1,1,0.012,0.161,in_circle,0.0057,0.1402,0.0000,0.0000,0
222.018,2,4592,-0.00649,0.00820,0.0041,-0.0040,-0.03117,0.04462,0.00256,1,1,0.015,0.113,in_circle,0.0057,0.1402,0.0000,0.0000,0
222.062,2,4593,-0.00640,0.00843,0.0019,0.0052,-0.03197,0.04400,0.00280,1,1,-0.014,0.150,in_circle,0.0057,0.1402,0.0000,0.0000,0
222.105,2,4594,-0.00625,0.00835,0.0035,-0.0019,-0.03149,0.04366,0.00281,1,1,-0.005,0.113,in_circle,0.0057,0.1402,0.0000,0.0000,0
222.150,2,4595,-0.00664,0.00836,-0.0085,0.0002,-0.03168,0.04344,0.00263,1,1,-0.012,0.142,in_circle,0.0057,0.1402,0.0000,0.0000,0
222.194,2,4596,-0.00597,0.00833,0.0153,-0.0007,-0.03037,0.04474,0.00296,1,1,0.037,0.133,in_circle,0.0057,0.1402,0.0000,0.0000,0
222.238,2,4597,-0.00664,0.00832,-0.0150,-0.0003,-0.03108,0.04332,0.00259,1,1,-0.060,0.137,in_circle,0.0057,0.1402,0.0000,0.0000,0
222.326,2,4598,-0.00663,0.00858,0.0001,0.0030,-0.03151,0.04346,0.00283,1,1,0.063,0.135,in_circle,0.0057,0.1402,0.0000,0.0000,0
222.370,2,4599,-0.00691,0.00825,-0.0062,-0.0073,-0.03215,0.04307,0.00242,1,1,0.002,0.122,in_circle,0.0057,0.1402,0.0000,0.0000,0
222.414,2,4600,-0.00665,0.00827,0.0059,0.0004,-0.03107,0.04424,0.00255,1,1,0.028,0.164,in_circle,0.0057,0.1402,0.0000,0.0000,0
222.459,2,4601,-0.00636,0.00893,0.0065,0.0147,-0.03054,0.04438,0.00327,1,1,-0.021,0.133,in_circle,0.0057,0.1402,0.0000,0.0000,0
222.502,2,4602,-0.00631,0.00787,0.0011,-0.0249,-0.03127,0.04512,0.00239,1,1,-0.024,0.074,in_circle,0.0057,0.1402,0.0000,0.0000,0
222.546,2,4603,-0.00658,0.00809,-0.0063,0.0051,-0.02977,0.04419,0.00242,1,1,-0.003,0.235,in_circle,0.0057,0.1402,0.0000,0.0000,0
222.590,2,4604,-0.00657,0.00831,0.0003,0.0051,-0.02996,0.04570,0.00262,1,1,0.028,0.115,in_circle,0.0057,0.1402,0.0000,0.0000,0
222.634,2,4605,-0.00615,0.00831,0.0094,-0.0001,-0.03359,0.04439,0.00284,1,1,0.001,0.114,in_circle,0.0057,0.1402,0.0000,0.0000,0
222.678,2,4606,-0.00645,0.00867,-0.0068,0.0083,-0.03068,0.04513,0.00299,1,1,-0.036,0.135,in_circle,0.0057,0.1402,0.0000,0.0000,0
222.722,2,4607,-0.00692,0.00820,-0.0107,-0.0107,-0.03032,0.04587,0.00237,1,1,0.030,0.100,in_circle,0.0057,0.1402,0.0000,0.0000,0
222.766,2,4608,-0.00664,0.00838,0.0063,0.0041,-0.02913,0.04399,0.00265,1,1,0.046,0.177,in_circle,0.0057,0.1402,0.0000,0.0000,0
222.809,2,4609,-0.00666,0.00840,-0.0006,0.0005,-0.02839,0.04529,0.00266,1,1,-0.023,0.118,in_circle,0.0057,0.1402,0.0000,0.0000,0
222.854,2,4610,-0.00677,0.00854,-0.0024,0.0030,-0.03044,0.04472,0.00274,1,1,0.005,0.132,in_circle,0.0057,0.1402,0.0000,0.0000,0
222.899,2,4611,-0.00643,0.00810,0.0076,-0.0098,-0.03093,0.04543,0.00250,1,1,0.013,0.122,in_circle,0.0057,0.1402,0.0000,0.0000,0
222.941,2,4612,-0.00684,0.00861,-0.0095,0.0120,-0.02915,0.04499,0.00278,1,1,-0.028,0.174,in_circle,0.0057,0.1402,0.0000,0.0000,0
222.986,2,4613,-0.00701,0.00798,-0.0038,-0.0138,-0.02961,0.04363,0.00214,1,1,0.041,0.086,in_circle,0.0057,0.1402,0.0000,0.0000,0
223.030,2,4614,-0.00662,0.00855,0.0089,0.0129,-0.03108,0.04332,0.00282,1,1,0.019,0.190,in_circle,0.0057,0.1402,0.0000,0.0000,0
223.075,2,4615,-0.00677,0.00815,-0.0034,-0.0091,-0.02930,0.04615,0.00238,1,1,-0.033,0.082,in_circle,0.0057,0.1402,0.0000,0.0000,0
223.118,2,4616,-0.00590,0.00867,0.0205,0.0124,-0.03123,0.04461,0.00328,1,1,0.017,0.171,in_circle,0.0057,0.1402,0.0000,0.0000,0
223.162,2,4617,-0.00660,0.00834,-0.0157,-0.0074,-0.02883,0.04420,0.00263,1,1,-0.081,0.084,in_circle,0.0057,0.1402,0.0000,0.0000,0
223.205,2,4618,-0.00618,0.00841,0.0097,0.0016,-0.03132,0.04314,0.00291,1,1,0.065,0.164,in_circle,0.0057,0.1402,0.0000,0.0000,0
223.250,2,4619,-0.00672,0.00794,-0.0118,-0.0105,-0.03075,0.04436,0.00222,1,1,-0.037,0.128,in_circle,0.0057,0.1402,0.0000,0.0000,0
223.294,2,4620,-0.00625,0.00810,0.0105,0.0036,-0.03242,0.04550,0.00261,1,1,0.050,0.177,in_circle,0.0057,0.1402,0.0000,0.0000,0
223.339,2,4621,-0.00640,0.00829,-0.0034,0.0043,-0.03071,0.04432,0.00268,1,1,-0.040,0.120,in_circle,0.0057,0.1402,0.0000,0.0000,0
223.382,2,4622,-0.00654,0.00863,-0.0033,0.0078,-0.03209,0.04418,0.00292,1,1,0.016,0.117,in_circle,0.0057,0.1402,0.0000,0.0000,0
223.426,2,4623,-0.00678,0.00856,-0.0055,-0.0016,-0.03176,0.04286,0.00276,1,1,0.016,0.102,in_circle,0.0057,0.1402,0.0000,0.0000,0
223.471,2,4624,-0.00648,0.00843,0.0067,-0.0028,-0.03056,0.04476,0.00277,1,1,0.025,0.140,in_circle,0.0057,0.1402,0.0000,0.0000,0
223.513,2,4625,-0.00584,0.00830,0.0150,-0.0031,-0.02873,0.04403,0.00302,1,1,-0.025,0.145,in_circle,0.0057,0.1402,0.0000,0.0000,0
223.558,2,4626,-0.00603,0.00839,-0.0041,0.0020,-0.03014,0.04528,0.00298,1,1,-0.059,0.147,in_circle,0.0057,0.1402,0.0000,0.0000,0
223.602,2,4627,-0.00700,0.00829,-0.0223,-0.0023,-0.03095,0.04401,0.00243,1,1,0.018,0.126,in_circle,0.0057,0.1402,0.0000,0.0000,0
223.647,2,4628,-0.00660,0.00821,0.0089,-0.0017,-0.03038,0.04341,0.00252,1,1,0.093,0.143,in_circle,0.0057,0.1402,0.0000,0.0000,0
223.691,2,4629,-0.00649,0.00856,0.0026,0.0079,-0.03072,0.04445,0.00288,1,1,-0.033,0.142,in_circle,0.0057,0.1402,0.0000,0.0000,0
223.736,2,4630,-0.00670,0.00822,-0.0048,-0.0076,-0.03023,0.04575,0.00247,1,1,-0.008,0.102,in_circle,0.0057,0.1402,0.0000,0.0000,0
223.777,2,4631,-0.00645,0.00845,0.0060,0.0056,-0.02925,0.04444,0.00279,1,1,0.022,0.165,in_circle,0.0057,0.1402,0.0000,0.0000,0
223.823,2,4632,-0.00627,0.00781,0.0041,-0.0138,-0.03046,0.04354,0.00237,1,1,-0.022,0.112,in_circle,0.0057,0.1402,0.0000,0.0000,0
223.866,2,4633,-0.00584,0.00846,0.0099,0.0151,-0.03133,0.04509,0.00314,1,1,-0.014,0.191,in_circle,0.0057,0.1402,0.0000,0.0000,0
223.912,2,4634,-0.00666,0.00832,-0.0181,-0.0031,-0.03131,0.04528,0.00259,1,1,-0.039,0.074,in_circle,0.0057,0.1402,0.0000,0.0000,0
223.954,2,4635,-0.00616,0.00893,0.0120,0.0145,-0.03371,0.04482,0.00336,1,1,0.075,0.147,in_circle,0.0057,0.1402,0.0000,0.0000,0
223.998,2,4636,-0.00525,0.00864,0.0203,-0.0065,-0.02991,0.04624,0.00367,1,1,-0.046,0.075,in_circle,0.0057,0.1402,0.0000,0.0000,0
224.043,2,4637,-0.00619,0.00841,-0.0209,-0.0052,-0.03077,0.04675,0.00290,1,1,-0.082,0.160,in_circle,0.0056,0.1400,0.0000,0.0000,0
224.087,2,4638,-0.00644,0.00815,-0.0058,-0.0058,-0.02733,0.04385,0.00254,1,1,0.085,0.155,in_circle,0.0055,0.1399,0.0000,0.0000,0
224.132,2,4639,-0.00661,0.00847,-0.0038,0.0071,-0.03154,0.04263,0.00274,1,1,0.025,0.158,in_circle,0.0054,0.1398,0.0000,0.0000,0
224.173,2,4640,-0.00638,0.00784,0.0056,-0.0151,-0.02990,0.04101,0.00232,1,1,0.018,0.105,in_circle,0.0054,0.1397,0.0000,0.0000,0
224.218,2,4641,-0.00705,0.00793,-0.0149,0.0020,-0.03159,0.04520,0.00207,1,1,-0.021,0.196,in_circle,0.0053,0.1397,0.0000,0.0000,0
224.263,2,4642,-0.00680,0.00841,0.0055,0.0107,-0.03055,0.04513,0.00261,1,1,0.063,0.127,in_circle,0.0053,0.1396,0.0000,0.0000,0
224.349,2,4643,-0.00702,0.00839,-0.0025,-0.0002,-0.03174,0.04672,0.00252,1,1,-0.019,0.090,in_circle,0.0052,0.1393,0.0000,0.0000,0
224.394,2,4644,-0.00686,0.00820,0.0035,-0.0043,-0.03219,0.04489,0.00240,1,1,0.013,0.134,in_circle,0.0052,0.1393,0.0000,0.0000,0
224.437,2,4645,-0.00670,0.00842,0.0037,0.0050,-0.03087,0.04339,0.00266,1,1,-0.011,0.151,in_circle,0.0051,0.1392,0.0000,0.0000,0
224.483,2,4646,-0.00586,0.00864,0.0183,0.0049,-0.03011,0.04557,0.00328,1,1,-0.013,0.113,in_circle,0.0051,0.1391,0.0000,0.0000,0
224.526,2,4647,-0.00649,0.00823,-0.0146,-0.0097,-0.03049,0.04486,0.00258,1,1,-0.073,0.113,in_circle,0.0050,0.1389,0.0000,0.0000,0
224.570,2,4648,-0.00642,0.00847,0.0016,0.0054,-0.03098,0.04455,0.00283,1,1,0.060,0.172,in_circle,0.0049,0.1388,0.0000,0.0000,0
224.615,2,4649,-0.00645,0.00801,-0.0007,-0.0102,-0.03132,0.04300,0.00243,1,1,-0.005,0.111,in_circle,0.0049,0.1387,0.0000,0.0000,0
224.659,2,4650,-0.00571,0.00829,0.0169,0.0062,-0.03132,0.04314,0.00310,1,1,0.004,0.174,in_circle,0.0048,0.1386,0.0000,0.0000,0
224.701,2,4651,-0.00662,0.00850,-0.0215,0.0050,-0.03137,0.04449,0.00276,1,1,-0.068,0.108,in_circle,0.0047,0.1385,0.0000,0.0000,0
224.746,2,4652,-0.00610,0.00832,0.0118,-0.0041,-0.03231,0.04313,0.00287,1,1,0.088,0.112,in_circle,0.0047,0.1385,0.0000,0.0000,0
224.791,2,4653,-0.00670,0.00828,-0.0134,-0.0007,-0.03014,0.04307,0.00253,1,1,-0.047,0.149,in_circle,0.0047,0.1385,0.0000,0.0000,0
224.834,2,4654,-0.00668,0.00786,0.0006,-0.0098,-0.03062,0.04425,0.00217,1,1,0.055,0.136,in_circle,0.0047,0.1385,0.0000,0.0000,0
224.879,2,4655,-0.00685,0.00834,-0.0039,0.0109,-0.03055,0.04487,0.00253,1,1,-0.001,0.173,in_circle,0.0047,0.1385,0.0000,0.0000,0
224.923,2,4656,-0.00643,0.00836,0.0094,0.0006,-0.03043,0.04148,0.00273,1,1,0.018,0.089,in_circle,0.0047,0.1385,0.0000,0.0000,0
224.967,2,4657,-0.00687,0.00802,-0.0099,-0.0078,-0.03023,0.04628,0.00223,1,1,-0.036,0.130,in_circle,0.0047,0.1385,0.0000,0.0000,0
225.010,2,4658,-0.00663,0.00842,0.0056,0.0092,-0.02765,0.04472,0.00269,1,1,0.042,0.165,in_circle,0.0047,0.1385,0.0000,0.0000,0
225.054,2,4659,-0.00657,0.00830,0.0012,-0.0027,-0.02909,0.04315,0.00261,1,1,-0.020,0.096,in_circle,0.0047,0.1385,0.0000,0.0000,0
225.097,2,4660,-0.00660,0.00816,-0.0007,-0.0032,-0.03049,0.04499,0.00247,1,1,-0.003,0.144,in_circle,0.0047,0.1385,0.0000,0.0000,0
225.142,2,4661,-0.00653,0.00844,0.0016,0.0061,-0.02963,0.04448,0.00275,1,1,0.004,0.146,in_circle,0.0047,0.1385,0.0000,0.0000,0
225.186,2,4662,-0.00616,0.00806,0.0083,-0.0088,-0.03033,0.04424,0.00263,1,1,-0.005,0.108,in_circle,0.0047,0.1385,0.0000,0.0000,0
225.230,2,4663,-0.00703,0.00811,-0.0195,0.0011,-0.03054,0.04319,0.00224,1,1,-0.033,0.169,in_circle,0.0047,0.1385,0.0000,0.0000,0
225.274,2,4664,-0.00698,0.00834,0.0013,0.0053,-0.03027,0.04383,0.00248,1,1,0.081,0.129,in_circle,0.0047,0.1385,0.0000,0.0000,0
225.319,2,4665,-0.00640,0.00839,0.0128,0.0011,-0.03128,0.04298,0.00277,1,1,-0.003,0.112,in_circle,0.0047,0.1385,0.0000,0.0000,0
225.363,2,4666,-0.00683,0.00835,-0.0099,-0.0009,-0.03071,0.04618,0.00254,1,1,-0.050,0.128,in_circle,0.0047,0.1385,0.0000,0.0000,0
225.407,2,4667,-0.00656,0.00837,0.0062,0.0004,-0.02981,0.04470,0.00267,1,1,0.042,0.136,in_circle,0.0047,0.1385,0.0000,0.0000,0
225.449,2,4668,-0.00666,0.00800,-0.0023,-0.0086,-0.03130,0.04242,0.00231,1,1,-0.023,0.131,in_circle,0.0047,0.1385,0.0000,0.0000,0
225.494,2,4669,-0.00656,0.00798,0.0021,-0.0006,-0.03090,0.04466,0.00233,1,1,0.011,0.168,in_circle,0.0047,0.1385,0.0000,0.0000,0
225.539,2,4670,-0.00683,0.00821,-0.0059,0.0052,-0.03087,0.04356,0.00242,1,1,-0.007,0.136,in_circle,0.0047,0.1385,0.0000,0.0000,0
225.582,2,4671,-0.00715,0.00846,-0.0075,0.0058,-0.03076,0.04471,0.00254,1,1,0.026,0.112,in_circle,0.0047,0.1385,0.0000,0.0000,0
225.625,2,4672,-0.00706,0.00849,0.0021,0.0006,-0.03108,0.04348,0.00260,1,1,0.033,0.109,in_circle,0.0047,0.1385,0.0000,0.0000,0
225.670,2,4673,-0.00655,0.00854,0.0113,0.0011,-0.02991,0.04599,0.00283,1,1,-0.006,0.130,in_circle,0.0047,0.1385,0.0000,0.0000,0
225.714,2,4674,-0.00669,0.00820,-0.0032,-0.0078,-0.03083,0.04303,0.00246,1,1,-0.044,0.128,in_circle,0.0047,0.1385,0.0000,0.0000,0
225.759,2,4675,-0.00688,0.00854,-0.0043,0.0076,-0.03038,0.04443,0.00270,1,1,0.015,0.164,in_circle,0.0047,0.1385,0.0000,0.0000,0
225.801,2,4676,-0.00667,0.00806,0.0051,-0.0114,-0.03094,0.04396,0.00235,1,1,0.020,0.102,in_circle,0.0047,0.1385,0.0000,0.0000,0
225.847,2,4677,-0.00615,0.00809,0.0114,0.0006,-0.02991,0.04652,0.00266,1,1,-0.019,0.179,in_circle,0.0047,0.1385,0.0000,0.0000,0
225.890,2,4678,-0.00650,0.00824,-0.0081,0.0035,-0.03081,0.04353,0.00259,1,1,-0.045,0.131,in_circle,0.0047,0.1385,0.0000,0.0000,0
225.935,2,4679,-0.00667,0.00837,-0.0038,0.0029,-0.03231,0.04549,0.00262,1,1,0.034,0.119,in_circle,0.0047,0.1385,0.0000,0.0000,0
225.977,2,4680,-0.00668,0.00839,-0.0001,0.0005,-0.03151,0.04346,0.00264,1,1,0.017,0.121,in_circle,0.0047,0.1385,0.0000,0.0000,0
226.023,2,4681,-0.00655,0.00826,0.0028,-0.0029,-0.03065,0.04390,0.00258,1,1,0.002,0.130,in_circle,0.0047,0.1385,0.0000,0.0000,0
226.066,2,4682,-0.00652,0.00858,0.0006,0.0074,-0.03187,0.04376,0.00288,1,1,-0.010,0.145,in_circle,0.0047,0.1385,0.0000,0.0000,0
226.111,2,4683,-0.00698,0.00805,-0.0102,-0.0117,-0.03122,0.04404,0.00221,1,1,-0.001,0.102,in_circle,0.0047,0.1385,0.0000,0.0000,0
226.154,2,4684,-0.00667,0.00801,0.0073,-0.0010,-0.03131,0.04520,0.00231,1,1,0.043,0.180,in_circle,0.0047,0.1385,0.0000,0.0000,0
226.199,2,4685,-0.00655,0.00811,0.0025,0.0022,-0.02815,0.04568,0.00245,1,1,-0.027,0.137,in_circle,0.0047,0.1385,0.0000,0.0000,0
226.243,2,4686,-0.00606,0.00867,0.0112,0.0128,-0.02981,0.04470,0.00319,1,1,-0.009,0.125,in_circle,0.0047,0.1385,0.0000,0.0000,0
226.287,2,4687,-0.00631,0.00839,-0.0057,-0.0064,-0.03079,0.04402,0.00281,1,1,-0.044,0.081,in_circle,0.0047,0.1385,0.0000,0.0000,0
226.374,2,4688,-0.00619,0.00843,0.0014,0.0005,-0.02543,0.04491,0.00292,1,1,0.024,0.158,in_circle,0.0047,0.1385,0.0000,0.0000,0
226.419,2,4689,-0.00632,0.00850,-0.0028,0.0015,-0.02783,0.04198,0.00291,1,1,-0.005,0.130,in_circle,0.0047,0.1385,0.0000,0.0000,0
226.463,2,4690,-0.00658,0.00795,-0.0058,-0.0125,-0.02799,0.04533,0.00230,1,1,0.012,0.126,in_circle,0.0047,0.1385,0.0000,0.0000,0
226.505,2,4691,-0.00668,0.00820,-0.0025,0.0060,-0.02915,0.04497,0.00247,1,1,0.025,0.184,in_circle,0.0047,0.1385,0.0000,0.0000,0
226.550,2,4692,-0.00666,0.00794,0.0005,-0.0058,-0.02854,0.04547,0.00225,1,1,0.012,0.109,in_circle,0.0047,0.1385,0.0000,0.0000,0
226.594,2,4693,-0.00679,0.00838,-0.0029,0.0101,-0.03195,0.04304,0.00258,1,1,0.000,0.157,in_circle,0.0047,0.1385,0.0000,0.0000,0
226.638,2,4694,-0.00723,0.00834,-0.0099,-0.0008,-0.03110,0.04338,0.00241,1,1,0.014,0.092,in_circle,0.0047,0.1385,0.0000,0.0000,0
226.681,2,4695,-0.00656,0.00824,0.0158,-0.0025,-0.03353,0.04243,0.00256,1,1,0.043,0.136,in_circle,0.0047,0.1385,0.0000,0.0000,0
226.727,2,4696,-0.00672,0.00821,-0.0036,-0.0005,-0.03104,0.04428,0.00246,1,1,-0.062,0.143,in_circle,0.0047,0.1385,0.0000,0.0000,0
226.770,2,4697,-0.00604,0.00836,0.0155,0.0034,-0.03150,0.04419,0.00294,1,1,0.016,0.135,in_circle,0.0047,0.1385,0.0000,0.0000,0
226.814,2,4698,-0.00614,0.00857,-0.0023,0.0048,-0.03151,0.04290,0.00306,1,1,-0.062,0.119,in_circle,0.0047,0.1385,0.0000,0.0000,0
226.858,2,4699,-0.00624,0.00860,-0.0022,0.0007,-0.03131,0.04528,0.00304,1,1,0.010,0.113,in_circle,0.0047,0.1385,0.0000,0.0000,0
226.902,2,4700,-0.00726,0.00836,-0.0230,-0.0053,-0.03145,0.04380,0.00243,1,1,0.010,0.129,in_circle,0.0047,0.1385,0.0000,0.0000,0
226.946,2,4701,-0.00646,0.00777,0.0183,-0.0137,-0.03117,0.04298,0.00222,1,1,0.095,0.154,in_circle,0.0047,0.1385,0.0000,0.0000,0
226.991,2,4702,-0.00653,0.00824,-0.0016,0.0107,-0.03071,0.04432,0.00258,1,1,-0.072,0.189,in_circle,0.0047,0.1385,0.0000,0.0000,0
227.034,2,4703,-0.00650,0.00827,0.0008,0.0006,-0.03108,0.04551,0.00262,1,1,0.008,0.090,in_circle,0.0047,0.1385,0.0000,0.0000,0
227.079,2,4704,-0.00656,0.00860,-0.0014,0.0074,-0.03248,0.04604,0.00288,1,1,-0.002,0.130,in_circle,0.0047,0.1385,0.0000,0.0000,0
227.122,2,4705,-0.00650,0.00817,0.0014,-0.0102,-0.02960,0.04628,0.00253,1,1,0.007,0.102,in_circle,0.0047,0.1385,0.0000,0.0000,0
227.173,2,4706,-0.00650,0.00817,0.0000,0.0000,-0.03008,0.04584,0.00253,0,0,-0.004,0.174,in_circle,0.0047,0.1385,0.0000,0.0000,0
227.212,2,4707,-0.00645,0.00837,0.0015,0.0054,-0.03010,0.04528,0.00273,1,1,0.001,0.133,in_circle,0.0046,0.1384,0.0000,0.0000,0
227.254,2,4708,-0.00649,0.00812,-0.0012,-0.0060,-0.03203,0.04444,0.00249,1,1,-0.005,0.111,in_circle,0.0046,0.1384,0.0000,0.0000,0
227.298,2,4709,-0.00659,0.00847,-0.0021,0.0081,-0.02959,0.04464,0.00275,1,1,0.006,0.157,in_circle,0.0046,0.1384,0.0000,0.0000,0
227.343,2,4710,-0.00655,0.00797,0.0009,-0.0110,-0.03048,0.04505,0.00234,1,1,0.010,0.100,in_circle,0.0046,0.1384,0.0000,0.0000,0
227.386,2,4711,-0.00676,0.00851,-0.0050,0.0125,-0.03042,0.04619,0.00271,1,1,-0.002,0.177,in_circle,0.0046,0.1384,0.0000,0.0000,0
227.431,2,4712,-0.00654,0.00841,0.0048,-0.0021,-0.02943,0.04445,0.00272,1,1,0.022,0.082,in_circle,0.0046,0.1384,0.0000,0.0000,0
227.475,2,4713,-0.00650,0.00842,0.0010,0.0001,-0.03153,0.04544,0.00275,1,1,-0.018,0.141,in_circle,0.0046,0.1384,0.0000,0.0000,0
227.519,2,4714,-0.00613,0.00825,0.0083,-0.0037,-0.02991,0.04624,0.00280,1,1,-0.003,0.132,in_circle,0.0046,0.1384,0.0000,0.0000,0
227.563,2,4715,-0.00689,0.00808,-0.0174,-0.0038,-0.03123,0.04506,0.00227,1,1,-0.033,0.148,in_circle,0.0046,0.1384,0.0000,0.0000,0
227.606,2,4716,-0.00658,0.00803,0.0072,-0.0013,-0.03029,0.04557,0.00236,1,1,0.072,0.148,in_circle,0.0046,0.1384,0.0000,0.0000,0
227.649,2,4717,-0.00654,0.00838,0.0010,0.0081,-0.03155,0.04496,0.00269,1,1,-0.027,0.139,in_circle,0.0046,0.1384,0.0000,0.0000,0
227.693,2,4718,-0.00666,0.00820,-0.0029,-0.0039,-0.03112,0.04668,0.00248,1,1,-0.003,0.100,in_circle,0.0046,0.1384,0.0000,0.0000,0
227.738,2,4719,-0.00686,0.00802,-0.0043,-0.0040,-0.03019,0.04453,0.00223,1,1,0.014,0.149,in_circle,0.0046,0.1384,0.0000,0.0000,0
227.782,2,4720,-0.00593,0.00814,0.0211,0.0026,-0.03056,0.04476,0.00284,1,1,0.019,0.150,in_circle,0.0046,0.1384,0.0000,0.0000,0
227.827,2,4721,-0.00662,0.00829,-0.0155,0.0035,-0.03071,0.04432,0.00258,1,1,-0.084,0.123,in_circle,0.0046,0.1384,0.0000,0.0000,0
227.870,2,4722,-0.00684,0.00830,-0.0050,0.0003,-0.03108,0.04492,0.00250,1,1,0.064,0.119,in_circle,0.0046,0.1384,0.0000,0.0000,0
227.916,2,4723,-0.00691,0.00842,-0.0015,0.0027,-0.03131,0.04103,0.00258,1,1,0.022,0.132,in_circle,0.0046,0.1384,0.0000,0.0000,0
227.958,2,4724,-0.00686,0.00814,0.0012,-0.0068,-0.03074,0.04439,0.00234,1,1,0.008,0.122,in_circle,0.0046,0.1384,0.0000,0.0000,0
228.003,2,4725,-0.00692,0.00833,-0.0015,0.0043,-0.03073,0.04335,0.00249,1,1,-0.003,0.160,in_circle,0.0046,0.1384,0.0000,0.0000,0
228.047,2,4726,-0.00642,0.00848,0.0114,0.0034,-0.03160,0.04206,0.00284,1,1,0.009,0.116,in_circle,0.0046,0.1384,0.0000,0.0000,0
228.091,2,4727,-0.00669,0.00841,-0.0061,-0.0017,-0.03058,0.04243,0.00265,1,1,-0.045,0.119,in_circle,0.0046,0.1384,0.0000,0.0000,0
228.133,2,4728,-0.00675,0.00807,-0.0015,-0.0080,-0.03008,0.04314,0.00232,1,1,0.026,0.139,in_circle,0.0046,0.1384,0.0000,0.0000,0
228.178,2,4729,-0.00638,0.00850,0.0084,0.0096,-0.03073,0.04192,0.00288,1,1,0.008,0.165,in_circle,0.0046,0.1384,0.0000,0.0000,0
228.222,2,4730,-0.00653,0.00774,-0.0034,-0.0174,-0.02929,0.04399,0.00215,1,1,-0.032,0.094,in_circle,0.0046,0.1384,0.0000,0.0000,0
228.267,2,4731,-0.00647,0.00842,0.0014,0.0153,-0.03074,0.04255,0.00276,1,1,0.015,0.204,in_circle,0.0046,0.1384,0.0000,0.0000,0
228.311,2,4732,-0.00695,0.00850,-0.0110,0.0018,-0.03031,0.04528,0.00264,1,1,-0.004,0.071,in_circle,0.0046,0.1384,0.0000,0.0000,0
228.443,2,4733,-0.00669,0.00783,0.0020,-0.0050,-0.02744,0.04441,0.00214,1,1,0.046,0.125,in_circle,0.0046,0.1384,0.0000,0.0000,0
228.487,2,4734,-0.00624,0.00798,0.0104,0.0036,-0.02856,0.04386,0.00252,1,1,-0.006,0.154,in_circle,0.0046,0.1384,0.0000,0.0000,0
228.530,2,4735,-0.00677,0.00803,-0.0123,0.0011,-0.02672,0.04546,0.00228,1,1,-0.041,0.119,in_circle,0.0046,0.1384,0.0000,0.0000,0
228.575,2,4736,-0.00620,0.00873,0.0124,0.0154,-0.03024,0.04359,0.00316,1,1,0.051,0.129,in_circle,0.0046,0.1384,0.0000,0.0000,0
228.619,2,4737,-0.00624,0.00807,-0.0009,-0.0151,-0.03062,0.04296,0.00259,1,1,-0.049,0.070,in_circle,0.0046,0.1384,0.0000,0.0000,0
228.663,2,4738,-0.00672,0.00822,-0.0108,0.0035,-0.03031,0.04334,0.00247,1,1,0.005,0.194,in_circle,0.0046,0.1384,0.0000,0.0000,0
228.705,2,4739,-0.00678,0.00854,-0.0013,0.0076,-0.02962,0.04402,0.00274,1,1,0.045,0.119,in_circle,0.0046,0.1384,0.0000,0.0000,0
228.750,2,4740,-0.00684,0.00836,-0.0014,-0.0040,-0.03419,0.04593,0.00255,1,1,0.007,0.102,in_circle,0.0046,0.1384,0.0000,0.0000,0
228.794,2,4741,-0.00639,0.00798,0.0105,-0.0089,-0.03184,0.04423,0.00243,1,1,0.008,0.148,in_circle,0.0046,0.1384,0.0000,0.0000,0
228.838,2,4742,-0.00630,0.00836,0.0021,0.0087,-0.03103,0.04398,0.00280,1,1,-0.041,0.169,in_circle,0.0046,0.1384,0.0000,0.0000,0
228.882,2,4743,-0.00677,0.00823,-0.0108,-0.0030,-0.03133,0.04367,0.00246,1,1,-0.007,0.098,in_circle,0.0046,0.1384,0.0000,0.0000,0
228.927,2,4744,-0.00569,0.00876,0.0243,0.0118,-0.03245,0.04402,0.00347,1,1,0.045,0.145,in_circle,0.0046,0.1384,0.0000,0.0000,0
228.970,2,4745,-0.00626,0.00838,-0.0134,-0.0089,-0.03171,0.04545,0.00283,1,1,-0.098,0.084,in_circle,0.0046,0.1384,0.0000,0.0000,0
229.014,2,4746,-0.00659,0.00849,-0.0073,0.0025,-0.03062,0.04483,0.00277,1,1,0.054,0.168,in_circle,0.0046,0.1384,0.0000,0.0000,0
229.057,2,4747,-0.00687,0.00851,-0.0066,0.0005,-0.02948,0.04329,0.00268,1,1,0.031,0.122,in_circle,0.0046,0.1384,0.0000,0.0000,0
229.102,2,4748,-0.00671,0.00847,0.0035,-0.0010,-0.03116,0.04313,0.00270,1,1,0.029,0.130,in_circle,0.0046,0.1384,0.0000,0.0000,0
229.146,2,4749,-0.00546,0.00808,0.0291,-0.0091,-0.03010,0.04528,0.00313,1,1,-0.012,0.136,in_circle,0.0046,0.1384,0.0000,0.0000,0
229.191,2,4750,-0.00680,0.00824,-0.0293,0.0035,-0.03037,0.04443,0.00245,1,1,-0.118,0.170,in_circle,0.0046,0.1384,0.0000,0.0000,0
229.235,2,4751,-0.00578,0.00911,0.0237,0.0203,-0.03085,0.04608,0.00371,1,1,0.119,0.119,in_circle,0.0046,0.1384,0.0000,0.0000,0
229.279,2,4752,-0.00704,0.00867,-0.0285,-0.0099,-0.03117,0.04159,0.00278,1,1,-0.095,0.049,in_circle,0.0046,0.1384,0.0000,0.0000,0
229.322,2,4753,-0.00651,0.00800,0.0125,-0.0157,-0.03099,0.04316,0.00238,1,1,0.117,0.171,in_circle,0.0046,0.1383,0.0000,0.0000,0
229.368,2,4754,-0.00643,0.00884,0.0017,0.0182,-0.02507,0.04269,0.00315,1,1,-0.049,0.196,in_circle,0.0045,0.1382,0.0000,0.0000,0
229.410,2,4755,-0.00643,0.00781,0.0000,-0.0246,-0.03018,0.04445,0.00227,1,1,-0.006,0.058,in_circle,0.0045,0.1381,0.0000,0.0000,0
229.455,2,4756,-0.00626,0.00819,0.0038,0.0084,-0.03109,0.04649,0.00268,1,1,0.001,0.232,in_circle,0.0044,0.1380,0.0000,0.0000,0
229.499,2,4757,-0.00664,0.00853,-0.0087,0.0078,-0.02689,0.04415,0.00278,1,1,-0.015,0.099,in_circle,0.0044,0.1379,0.0000,0.0000,0
229.543,2,4758,-0.00683,0.00817,-0.0044,-0.0081,-0.03404,0.04461,0.00238,1,1,0.036,0.100,in_circle,0.0043,0.1378,0.0000,0.0000,0
229.585,2,4759,-0.00596,0.00853,0.0203,0.0085,-0.03076,0.04496,0.00313,1,1,0.019,0.165,in_circle,0.0043,0.1377,0.0000,0.0000,0
229.630,2,4760,-0.00642,0.00808,-0.0102,-0.0101,-0.02861,0.04620,0.00249,1,1,-0.082,0.097,in_circle,0.0042,0.1376,0.0000,0.0000,0
229.674,2,4761,-0.00620,0.00777,0.0051,-0.0071,-0.03092,0.04608,0.00238,1,1,0.042,0.173,in_circle,0.0041,0.1375,0.0000,0.0000,0
229.719,2,4762,-0.00637,0.00786,-0.0037,0.0019,-0.03024,0.04335,0.00234,1,1,-0.020,0.162,in_circle,0.0041,0.1374,0.0000,0.0000,0
229.762,2,4763,-0.00716,0.00859,-0.0185,0.0171,-0.03142,0.04467,0.00267,1,1,0.015,0.125,in_circle,0.0040,0.1373,0.0000,0.0000,0
229.807,2,4764,-0.00680,0.00860,0.0079,0.0002,-0.03245,0.04402,0.00278,1,1,0.076,0.062,in_circle,0.0040,0.1372,0.0000,0.0000,0
229.850,2,4765,-0.00662,0.00856,0.0043,-0.0009,-0.03067,0.04461,0.00282,1,1,-0.030,0.130,in_circle,0.0040,0.1372,0.0000,0.0000,0
229.895,2,4766,-0.00645,0.00849,0.0037,-0.0016,-0.02658,0.04504,0.00283,1,1,-0.016,0.134,in_circle,0.0040,0.1372,0.0000,0.0000,0
229.938,2,4767,-0.00620,0.00862,0.0059,0.0031,-0.02827,0.04451,0.00307,1,1,-0.014,0.137,in_circle,0.0040,0.1372,0.0000,0.0000,0
229.983,2,4768,-0.00622,0.00862,-0.0006,-0.0000,-0.02920,0.04330,0.00306,1,1,-0.024,0.118,in_circle,0.0040,0.1372,0.0000,0.0000,0
230.027,2,4769,-0.00638,0.00806,-0.0036,-0.0126,-0.02989,0.04484,0.00251,1,1,0.002,0.131,in_circle,0.0040,0.1372,0.0000,0.0000,0
230.071,2,4770,-0.00723,0.00833,-0.0192,0.0060,-0.03051,0.04486,0.00240,1,1,0.015,0.183,in_circle,0.0040,0.1372,0.0000,0.0000,0
230.113,2,4771,-0.00596,0.00764,0.0301,-0.0163,-0.03107,0.04490,0.00247,1,1,0.079,0.107,in_circle,0.0040,0.1372,0.0000,0.0000,0
230.159,2,4772,-0.00592,0.00843,0.0009,0.0171,-0.03204,0.04419,0.00307,1,1,-0.121,0.198,in_circle,0.0040,0.1372,0.0000,0.0000,0
230.202,2,4773,-0.00664,0.00838,-0.0168,-0.0013,-0.03188,0.04338,0.00264,1,1,-0.004,0.063,in_circle,0.0040,0.1372,0.0000,0.0000,0
230.246,2,4774,-0.00670,0.00831,-0.0015,-0.0014,-0.03359,0.04249,0.00256,1,1,0.068,0.136,in_circle,0.0040,0.1372,0.0000,0.0000,0
230.290,2,4775,-0.00552,0.00834,0.0268,0.0007,-0.02961,0.03957,0.00327,1,1,0.007,0.137,in_circle,0.0040,0.1372,0.0000,0.0000,0
230.335,2,4776,-0.00637,0.00810,-0.0188,-0.0054,-0.03196,0.04466,0.00254,1,1,-0.109,0.129,in_circle,0.0039,0.1371,0.0000,0.0000,0
230.423,2,4777,-0.00649,0.00828,-0.0014,0.0020,-0.03148,0.04195,0.00263,1,1,0.075,0.153,in_circle,0.0037,0.1369,0.0000,0.0000,0
230.466,2,4778,-0.00651,0.00796,-0.0004,-0.0076,-0.03062,0.03797,0.00235,1,1,0.006,0.123,in_circle,0.0037,0.1368,0.0000,0.0000,0
230.511,2,4779,-0.00670,0.00797,-0.0042,0.0004,-0.03114,0.04210,0.00226,1,1,0.002,0.162,in_circle,0.0036,0.1368,0.0000,0.0000,0
230.555,2,4780,-0.00671,0.00812,-0.0003,0.0034,-0.03078,0.04665,0.00238,1,1,0.018,0.130,in_circle,0.0036,0.1367,0.0000,0.0000,0
230.599,2,4781,-0.00666,0.00836,0.0011,0.0054,-0.03017,0.04638,0.00261,1,1,0.002,0.118,in_circle,0.0035,0.1366,0.0000,0.0000,0
230.643,2,4782,-0.00603,0.00796,0.0144,-0.0090,-0.03172,0.04567,0.00264,1,1,-0.004,0.109,in_circle,0.0035,0.1365,0.0000,0.0000,0
230.687,2,4783,-0.00630,0.00817,-0.0062,0.0047,-0.03165,0.04634,0.00263,1,1,-0.059,0.168,in_circle,0.0034,0.1364,0.0000,0.0000,0
230.730,2,4784,-0.00624,0.00830,0.0015,0.0031,-0.03105,0.04621,0.00278,1,1,0.024,0.112,in_circle,0.0033,0.1363,0.0000,0.0000,0
230.775,2,4785,-0.00635,0.00794,-0.0025,-0.0078,-0.03113,0.04412,0.00242,1,1,-0.007,0.118,in_circle,0.0033,0.1362,0.0000,0.0000,0
230.817,2,4786,-0.00635,0.00817,0.0002,0.0053,-0.03043,0.04485,0.00261,1,1,0.010,0.162,in_circle,0.0033,0.1362,0.0000,0.0000,0
230.863,2,4787,-0.00552,0.00850,0.0181,0.0074,-0.03057,0.04457,0.00339,1,1,-0.001,0.110,in_circle,0.0033,0.1362,0.0000,0.0000,0
230.906,2,4788,-0.00649,0.00836,-0.0228,-0.0035,-0.03071,0.04432,0.00270,1,1,-0.075,0.100,in_circle,0.0033,0.1362,0.0000,0.0000,0
230.950,2,4789,-0.00664,0.00849,-0.0035,0.0028,-0.03128,0.04378,0.00274,1,1,0.091,0.144,in_circle,0.0033,0.1362,0.0000,0.0000,0
230.994,2,4790,-0.00652,0.00759,0.0027,-0.0203,-0.03052,0.04316,0.00204,1,1,0.014,0.119,in_circle,0.0033,0.1362,0.0000,0.0000,0
231.039,2,4791,-0.00629,0.00818,0.0053,0.0133,-0.02944,0.04349,0.00265,1,1,-0.011,0.214,in_circle,0.0033,0.1362,0.0000,0.0000,0
231.082,2,4792,-0.00670,0.00870,-0.0096,0.0120,-0.03099,0.04543,0.00291,1,1,-0.022,0.077,in_circle,0.0033,0.1362,0.0000,0.0000,0
231.126,2,4793,-0.00577,0.00829,0.0208,-0.0091,-0.03285,0.04357,0.00306,1,1,0.039,0.082,in_circle,0.0033,0.1362,0.0000,0.0000,0
231.171,2,4794,-0.00657,0.00856,-0.0178,0.0060,-0.02588,0.04362,0.00284,1,1,-0.085,0.167,in_circle,0.0033,0.1362,0.0000,0.0000,0
231.216,2,4795,-0.00648,0.00801,0.0020,-0.0123,-0.02349,0.04254,0.00240,1,1,0.071,0.106,in_circle,0.0033,0.1362,0.0000,0.0000,0
231.259,2,4796,-0.00684,0.00818,-0.0084,0.0039,-0.03091,0.04143,0.00238,1,1,-0.008,0.180,in_circle,0.0033,0.1362,0.0000,0.0000,0
231.304,2,4797,-0.00638,0.00823,0.0104,0.0012,-0.02685,0.04569,0.00264,1,1,0.035,0.115,in_circle,0.0033,0.1362,0.0000,0.0000,0
231.346,2,4798,-0.00639,0.00816,-0.0002,-0.0017,-0.03203,0.04444,0.00258,1,1,-0.042,0.126,in_circle,0.0033,0.1362,0.0000,0.0000,0
231.391,2,4799,-0.00659,0.00831,-0.0044,0.0034,-0.03069,0.04474,0.00261,1,1,0.000,0.138,in_circle,0.0033,0.1362,0.0000,0.0000,0
231.441,2,4800,-0.00659,0.00831,0.0000,0.0000,-0.03127,0.04410,0.00261,0,0,0.018,0.117,in_circle,0.0033,0.1362,0.0000,0.0000,0
231.480,2,4801,-0.00664,0.00832,-0.0013,0.0001,-0.03089,0.04567,0.00259,1,1,0.000,0.130,in_circle,0.0032,0.1361,0.0000,0.0000,0
231.522,2,4802,-0.00664,0.00839,0.0001,0.0018,-0.03040,0.04493,0.00266,1,1,0.005,0.130,in_circle,0.0032,0.1361,0.0000,0.0000,0
231.567,2,4803,-0.00642,0.00810,0.0049,-0.0066,-0.03103,0.04384,0.00251,1,1,0.000,0.123,in_circle,0.0032,0.1361,0.0000,0.0000,0
231.611,2,4804,-0.00654,0.00851,-0.0029,0.0095,-0.03105,0.04621,0.00281,1,1,-0.020,0.157,in_circle,0.0032,0.1361,0.0000,0.0000,0
231.655,2,4805,-0.00580,0.00817,0.0169,-0.0077,-0.03046,0.04514,0.00295,1,1,0.012,0.092,in_circle,0.0032,0.1361,0.0000,0.0000,0
231.698,2,4806,-0.00585,0.00823,-0.0011,0.0013,-0.03099,0.04432,0.00296,1,1,-0.069,0.162,in_circle,0.0032,0.1361,0.0000,0.0000,0
231.742,2,4807,-0.00642,0.00823,-0.0128,-0.0001,-0.03018,0.04432,0.00262,1,1,0.003,0.125,in_circle,0.0032,0.1361,0.0000,0.0000,0
231.786,2,4808,-0.00628,0.00823,0.0033,0.0001,-0.03148,0.04108,0.00270,1,1,0.051,0.131,in_circle,0.0032,0.1361,0.0000,0.0000,0
231.831,2,4809,-0.00629,0.00813,-0.0002,-0.0023,-0.02993,0.04347,0.00261,1,1,-0.014,0.130,in_circle,0.0032,0.1361,0.0000,0.0000,0
231.874,2,4810,-0.00634,0.00841,-0.0012,0.0066,-0.03010,0.04555,0.00282,1,1,0.000,0.140,in_circle,0.0032,0.1361,0.0000,0.0000,0
231.919,2,4811,-0.00660,0.00844,-0.0057,0.0007,-0.03010,0.04383,0.00272,1,1,0.004,0.104,in_circle,0.0032,0.1361,0.0000,0.0000,0
231.970,2,4812,-0.00660,0.00844,0.0000,0.0000,-0.02986,0.04513,0.00272,0,0,0.023,0.127,in_circle,0.0032,0.1361,0.0000,0.0000,0
232.009,2,4813,-0.00693,0.00861,-0.0085,0.0044,-0.03003,0.04415,0.00275,1,1,0.000,0.130,in_circle,0.0031,0.1360,0.0000,0.0000,0
232.050,2,4814,-0.00646,0.00849,0.0114,-0.0031,-0.03064,0.04490,0.00282,1,1,0.035,0.112,in_circle,0.0031,0.1360,0.0000,0.0000,0
232.095,2,4815,-0.00637,0.00792,0.0020,-0.0124,-0.03026,0.04583,0.00240,1,1,-0.046,0.142,in_circle,0.0031,0.1360,0.0000,0.0000,0
232.138,2,4816,-0.00698,0.00855,-0.0142,0.0145,-0.02905,0.04385,0.00267,1,1,-0.008,0.181,in_circle,0.0031,0.1360,0.0000,0.0000,0
232.183,2,4817,-0.00672,0.00828,0.0058,-0.0059,-0.03076,0.04343,0.00252,1,1,0.058,0.072,in_circle,0.0031,0.1360,0.0000,0.0000,0
232.226,2,4818,-0.00670,0.00875,0.0007,0.0108,-0.03135,0.04474,0.00296,1,1,-0.023,0.154,in_circle,0.0031,0.1360,0.0000,0.0000,0
232.271,2,4819,-0.00679,0.00856,-0.0021,-0.0041,-0.02756,0.04640,0.00275,1,1,-0.002,0.086,in_circle,0.0031,0.1360,0.0000,0.0000,0
232.314,2,4820,-0.00722,0.00821,-0.0100,-0.0083,-0.03105,0.04562,0.00228,1,1,0.009,0.146,in_circle,0.0031,0.1360,0.0000,0.0000,0
232.359,2,4821,-0.00660,0.00809,0.0136,-0.0026,-0.02808,0.04502,0.00241,1,1,0.042,0.164,in_circle,0.0031,0.1360,0.0000,0.0000,0
232.446,2,4822,-0.00711,0.00833,-0.0058,0.0027,-0.02996,0.04593,0.00242,1,1,-0.054,0.141,in_circle,0.0031,0.1360,0.0000,0.0000,0
232.490,2,4823,-0.00594,0.00787,0.0267,-0.0103,-0.03066,0.04627,0.00264,1,1,0.025,0.119,in_circle,0.0031,0.1360,0.0000,0.0000,0
232.534,2,4824,-0.00640,0.00866,-0.0102,0.0179,-0.02951,0.04372,0.00301,1,1,-0.108,0.172,in_circle,0.0031,0.1360,0.0000,0.0000,0
232.579,2,4825,-0.00634,0.00865,0.0012,-0.0003,-0.03142,0.04448,0.00302,1,1,0.041,0.058,in_circle,0.0031,0.1360,0.0000,0.0000,0
232.623,2,4826,-0.00684,0.00860,-0.0115,-0.0011,-0.03195,0.04089,0.00277,1,1,-0.005,0.131,in_circle,0.0031,0.1360,0.0000,0.0000,0
232.666,2,4827,-0.00668,0.00812,0.0038,-0.0111,-0.02748,0.04349,0.00240,1,1,0.047,0.134,in_circle,0.0031,0.1360,0.0000,0.0000,0
232.711,2,4828,-0.00662,0.00852,0.0013,0.0089,-0.03095,0.04280,0.00279,1,1,-0.015,0.175,in_circle,0.0031,0.1360,0.0000,0.0000,0
232.754,2,4829,-0.00666,0.00809,-0.0009,-0.0100,-0.03062,0.04408,0.00239,1,1,-0.005,0.094,in_circle,0.0031,0.1360,0.0000,0.0000,0
232.799,2,4830,-0.00678,0.00854,-0.0027,0.0099,-0.03260,0.04259,0.00273,1,1,0.004,0.171,in_circle,0.0031,0.1360,0.0000,0.0000,0
232.842,2,4831,-0.00653,0.00866,0.0059,0.0030,-0.03033,0.04264,0.00295,1,1,0.012,0.090,in_circle,0.0031,0.1360,0.0000,0.0000,0
232.887,2,4832,-0.00617,0.00816,0.0079,-0.0112,-0.03212,0.04150,0.00270,1,1,-0.024,0.117,in_circle,0.0031,0.1360,0.0000,0.0000,0
232.930,2,4833,-0.00656,0.00840,-0.0090,0.0056,-0.03084,0.04246,0.00270,1,1,-0.033,0.175,in_circle,0.0031,0.1360,0.0000,0.0000,0
232.974,2,4834,-0.00687,0.00841,-0.0069,0.0002,-0.03179,0.04235,0.00258,1,1,0.036,0.108,in_circle,0.0031,0.1360,0.0000,0.0000,0
233.019,2,4835,-0.00698,0.00859,-0.0025,0.0041,-0.03112,0.04254,0.00272,1,1,0.028,0.129,in_circle,0.0031,0.1360,0.0000,0.0000,0
233.062,2,4836,-0.00702,0.00873,-0.0010,0.0032,-0.03046,0.04611,0.00283,1,1,0.011,0.113,in_circle,0.0031,0.1360,0.0000,0.0000,0
233.106,2,4837,-0.00656,0.00844,0.0106,-0.0066,-0.03058,0.04443,0.00274,1,1,0.005,0.116,in_circle,0.0031,0.1360,0.0000,0.0000,0
233.152,2,4838,-0.00687,0.00780,-0.0070,-0.0142,-0.03156,0.04391,0.00202,1,1,-0.042,0.156,in_circle,0.0031,0.1360,0.0000,0.0000,0
233.195,2,4839,-0.00626,0.00865,0.0143,0.0197,-0.03061,0.04427,0.00306,1,1,0.029,0.188,in_circle,0.0031,0.1360,0.0000,0.0000,0
233.239,2,4840,-0.00638,0.00817,-0.0027,-0.0107,-0.03193,0.04356,0.00259,1,1,-0.058,0.050,in_circle,0.0031,0.1360,0.0000,0.0000,0
233.282,2,4841,-0.00625,0.00822,0.0031,0.0013,-0.03166,0.04459,0.00271,1,1,0.010,0.173,in_circle,0.0031,0.1360,0.0000,0.0000,0
233.327,2,4842,-0.00559,0.00832,0.0145,0.0021,-0.02693,0.04434,0.00320,1,1,-0.013,0.125,in_circle,0.0031,0.1360,0.0000,0.0000,0
233.370,2,4843,-0.00663,0.00840,-0.0241,0.0020,-0.02991,0.04394,0.00267,1,1,-0.060,0.122,in_circle,0.0031,0.1360,0.0000,0.0000,0
233.416,2,4844,-0.00680,0.00815,-0.0037,-0.0055,-0.02963,0.04387,0.00238,1,1,0.097,0.122,in_circle,0.0031,0.1360,0.0000,0.0000,0
233.459,2,4845,-0.00651,0.00851,0.0066,0.0084,-0.02951,0.04086,0.00282,1,1,0.015,0.153,in_circle,0.0031,0.1360,0.0000,0.0000,0
233.509,2,4846,-0.00651,0.00851,0.0000,0.0000,-0.02780,0.04610,0.00282,0,0,-0.027,0.096,in_circle,0.0031,0.1360,0.0000,0.0000,0
233.547,2,4847,-0.00592,0.00818,0.0156,-0.0086,-0.02650,0.04649,0.00288,1,1,-0.000,0.130,in_circle,0.0031,0.1358,0.0000,0.0000,0
233.591,2,4848,-0.00700,0.00807,-0.0250,-0.0026,-0.02611,0.04542,0.00222,1,1,-0.064,0.165,in_circle,0.0031,0.1358,0.0000,0.0000,0
233.636,2,4849,-0.00639,0.00819,0.0136,0.0027,-0.02831,0.04649,0.00261,1,1,0.101,0.141,in_circle,0.0031,0.1358,0.0000,0.0000,0
233.678,2,4850,-0.00646,0.00849,-0.0016,0.0071,-0.03219,0.04460,0.00283,1,1,-0.055,0.119,in_circle,0.0031,0.1358,0.0000,0.0000,0
233.723,2,4851,-0.00611,0.00792,0.0079,-0.0130,-0.03134,0.04570,0.00256,1,1,0.006,0.101,in_circle,0.0031,0.1358,0.0000,0.0000,0
233.767,2,4852,-0.00672,0.00845,-0.0141,0.0121,-0.03191,0.04390,0.00268,1,1,-0.033,0.183,in_circle,0.0031,0.1358,0.0000,0.0000,0
233.810,2,4853,-0.00559,0.00835,0.0260,-0.0024,-0.03198,0.04468,0.00322,1,1,0.057,0.081,in_circle,0.0031,0.1358,0.0000,0.0000,0
233.855,2,4854,-0.00608,0.00784,-0.0109,-0.0112,-0.03311,0.04197,0.00252,1,1,-0.106,0.140,in_circle,0.0031,0.1358,0.0000,0.0000,0
233.899,2,4855,-0.00630,0.00821,-0.0051,0.0084,-0.03015,0.04465,0.00267,1,1,0.042,0.176,in_circle,0.0031,0.1358,0.0000,0.0000,0
233.944,2,4856,-0.00635,0.00801,-0.0010,-0.0043,-0.03237,0.04145,0.00248,1,1,0.020,0.097,in_circle,0.0031,0.1358,0.0000,0.0000,0
233.986,2,4857,-0.00659,0.00851,-0.0057,0.0116,-0.03226,0.04315,0.00278,1,1,0.004,0.148,in_circle,0.0031,0.1358,0.0000,0.0000,0
234.032,2,4858,-0.00633,0.00823,0.0058,-0.0061,-0.03122,0.04341,0.00267,1,1,0.023,0.083,in_circle,0.0031,0.1358,0.0000,0.0000,0
234.082,2,4859,-0.00633,0.00823,0.0000,0.0000,-0.03174,0.04095,0.00267,0,0,-0.024,0.155,in_circle,0.0031,0.1358,0.0000,0.0000,0
234.120,2,4860,-0.00646,0.00810,-0.0034,-0.0035,-0.02852,0.04510,0.00249,1,1,-0.001,0.130,in_circle,0.0030,0.1357,0.0000,0.0000,0
234.162,2,4861,-0.00639,0.00858,0.0016,0.0114,-0.03007,0.04119,0.00294,1,1,0.013,0.144,in_circle,0.0030,0.1357,0.0000,0.0000,0
234.207,2,4862,-0.00574,0.00826,0.0144,-0.0069,-0.03138,0.04279,0.00306,1,1,-0.007,0.083,in_circle,0.0030,0.1357,0.0000,0.0000,0
234.251,2,4863,-0.00572,0.00851,0.0005,0.0056,-0.03011,0.04357,0.00326,1,1,-0.060,0.158,in_circle,0.0030,0.1357,0.0000,0.0000,0
234.296,2,4864,-0.00710,0.00842,-0.0312,-0.0019,-0.02977,0.04372,0.00252,1,1,-0.004,0.107,in_circle,0.0030,0.1357,0.0000,0.0000,0
234.338,2,4865,-0.00637,0.00833,0.0172,-0.0022,-0.03119,0.04335,0.00273,1,1,0.126,0.137,in_circle,0.0030,0.1356,0.0000,0.0000,0
234.383,2,4866,-0.00688,0.00850,-0.0113,0.0038,-0.03024,0.04421,0.00266,1,1,-0.069,0.138,in_circle,0.0029,0.1355,0.0000,0.0000,0
234.471,2,4867,-0.00634,0.00840,0.0061,-0.0011,-0.02985,0.04475,0.00281,1,1,0.046,0.114,in_circle,0.0028,0.1353,0.0000,0.0000,0
234.514,2,4868,-0.00591,0.00817,0.0099,-0.0054,-0.02947,0.04226,0.00288,1,1,-0.025,0.133,in_circle,0.0028,0.1352,0.0000,0.0000,0
234.560,2,4869,-0.00642,0.00833,-0.0110,0.0034,-0.02957,0.04553,0.00271,1,1,-0.042,0.151,in_circle,0.0027,0.1351,0.0000,0.0000,0
234.603,2,4870,-0.00678,0.00855,-0.0084,0.0052,-0.03051,0.04656,0.00275,1,1,0.043,0.116,in_circle,0.0027,0.1351,0.0000,0.0000,0
234.647,2,4871,-0.00623,0.00826,0.0128,-0.0067,-0.02997,0.04545,0.00275,1,1,0.034,0.108,in_circle,0.0027,0.1351,0.0000,0.0000,0
234.691,2,4872,-0.00667,0.00816,-0.0100,-0.0023,-0.02922,0.04555,0.00244,1,1,-0.052,0.156,in_circle,0.0027,0.1351,0.0000,0.0000,0
234.735,2,4873,-0.00670,0.00832,-0.0006,0.0037,-0.02955,0.04523,0.00257,1,1,0.040,0.139,in_circle,0.0027,0.1351,0.0000,0.0000,0
234.778,2,4874,-0.00651,0.00869,0.0043,0.0084,-0.03016,0.04327,0.00298,1,1,0.002,0.114,in_circle,0.0027,0.1351,0.0000,0.0000,0
234.824,2,4875,-0.00584,0.00818,0.0148,-0.0112,-0.02957,0.04451,0.00293,1,1,-0.018,0.095,in_circle,0.0027,0.1351,0.0000,0.0000,0
234.866,2,4876,-0.00644,0.00845,-0.0142,0.0063,-0.03026,0.04571,0.00280,1,1,-0.061,0.174,in_circle,0.0027,0.1351,0.0000,0.0000,0
234.911,2,4877,-0.00696,0.00808,-0.0113,-0.0081,-0.03020,0.04592,0.00225,1,1,0.056,0.104,in_circle,0.0027,0.1351,0.0000,0.0000,0
234.954,2,4878,-0.00642,0.00805,0.0123,-0.0008,-0.03167,0.04484,0.00247,1,1,0.046,0.162,in_circle,0.0027,0.1351,0.0000,0.0000,0
234.999,2,4879,-0.00672,0.00821,-0.0066,0.0036,-0.02937,0.04697,0.00246,1,1,-0.050,0.133,in_circle,0.0027,0.1351,0.0000,0.0000,0
235.042,2,4880,-0.00686,0.00806,-0.0032,-0.0036,-0.03115,0.04747,0.00226,1,1,0.027,0.115,in_circle,0.0027,0.1351,0.0000,0.0000,0
235.087,2,4881,-0.00616,0.00817,0.0155,0.0025,-0.03045,0.04364,0.00272,1,1,0.013,0.144,in_circle,0.0027,0.1351,0.0000,0.0000,0
235.137,2,4882,-0.00616,0.00817,0.0000,0.0000,-0.03130,0.04436,0.00272,0,0,-0.063,0.120,in_circle,0.0027,0.1351,0.0000,0.0000,0
235.177,2,4883,-0.00600,0.00856,0.0038,0.0098,-0.03123,0.04459,0.00313,1,1,-0.002,0.130,in_circle,0.0026,0.1350,0.0000,0.0000,0
235.219,2,4884,-0.00659,0.00808,-0.0140,-0.0115,-0.03095,0.04370,0.00241,1,1,-0.017,0.089,in_circle,0.0026,0.1350,0.0000,0.0000,0
235.263,2,4885,-0.00661,0.00832,-0.0004,0.0055,-0.02979,0.04342,0.00261,1,1,0.056,0.176,in_circle,0.0026,0.1350,0.0000,0.0000,0
235.306,2,4886,-0.00638,0.00814,0.0053,-0.0041,-0.03008,0.04276,0.00257,1,1,0.001,0.107,in_circle,0.0026,0.1350,0.0000,0.0000,0
235.352,2,4887,-0.00704,0.00837,-0.0145,0.0050,-0.03094,0.04541,0.00249,1,1,-0.022,0.146,in_circle,0.0026,0.1350,0.0000,0.0000,0
235.394,2,4888,-0.00614,0.00829,0.0213,-0.0018,-0.02970,0.04570,0.00283,1,1,0.059,0.109,in_circle,0.0026,0.1350,0.0000,0.0000,0
235.439,2,4889,-0.00628,0.00785,-0.0031,-0.0099,-0.03025,0.04290,0.00239,1,1,-0.087,0.137,in_circle,0.0026,0.1350,0.0000,0.0000,0
235.483,2,4890,-0.00646,0.00796,-0.0042,0.0026,-0.03045,0.04494,0.00237,1,1,0.011,0.170,in_circle,0.0026,0.1350,0.0000,0.0000,0
235.527,2,4891,-0.00647,0.00775,-0.0002,-0.0048,-0.02999,0.04166,0.00219,1,1,0.016,0.120,in_circle,0.0026,0.1350,0.0000,0.0000,0
235.570,2,4892,-0.00664,0.00799,-0.0040,0.0057,-0.03284,0.04026,0.00230,1,1,0.000,0.150,in_circle,0.0026,0.1350,0.0000,0.0000,0
235.615,2,4893,-0.00575,0.00821,0.0198,0.0048,-0.03055,0.04349,0.00301,1,1,0.016,0.107,in_circle,0.0026,0.1350,0.0000,0.0000,0
235.658,2,4894,-0.00635,0.00836,-0.0141,0.0036,-0.03056,0.04003,0.00277,1,1,-0.082,0.110,in_circle,0.0026,0.1350,0.0000,0.0000,0
235.703,2,4895,-0.00698,0.00823,-0.0139,-0.0028,-0.02975,0.04364,0.00238,1,1,0.055,0.115,in_circle,0.0026,0.1350,0.0000,0.0000,0
235.746,2,4896,-0.00658,0.00818,0.0092,-0.0013,-0.02891,0.04020,0.00249,1,1,0.056,0.141,in_circle,0.0026,0.1350,0.0000,0.0000,0
235.791,2,4897,-0.00688,0.00792,-0.0068,-0.0057,-0.03080,0.04243,0.00213,1,1,-0.037,0.135,in_circle,0.0026,0.1350,0.0000,0.0000,0
235.834,2,4898,-0.00694,0.00805,-0.0013,0.0029,-0.02979,0.04522,0.00222,1,1,0.027,0.153,in_circle,0.0026,0.1350,0.0000,0.0000,0
235.879,2,4899,-0.00642,0.00824,0.0115,0.0044,-0.02913,0.04336,0.00263,1,1,0.006,0.118,in_circle,0.0026,0.1350,0.0000,0.0000,0
235.922,2,4900,-0.00591,0.00890,0.0120,0.0154,-0.02951,0.04541,0.00347,1,1,-0.047,0.112,in_circle,0.0026,0.1350,0.0000,0.0000,0
235.968,2,4901,-0.00566,0.00814,0.0053,-0.0167,-0.02863,0.04397,0.00303,1,1,-0.050,0.066,in_circle,0.0026,0.1350,0.0000,0.0000,0
236.011,2,4902,-0.00654,0.00845,-0.0201,0.0071,-0.02974,0.04475,0.00276,1,1,-0.024,0.196,in_circle,0.0026,0.1350,0.0000,0.0000,0
236.055,2,4903,-0.00669,0.00833,-0.0033,-0.0027,-0.02826,0.04186,0.00259,1,1,0.080,0.100,in_circle,0.0026,0.1350,0.0000,0.0000,0
236.098,2,4904,-0.00654,0.00842,0.0034,0.0020,-0.03208,0.04314,0.00273,1,1,0.013,0.140,in_circle,0.0026,0.1350,0.0000,0.0000,0
236.143,2,4905,-0.00605,0.00874,0.0111,0.0072,-0.02855,0.04535,0.00325,1,1,-0.014,0.121,in_circle,0.0026,0.1350,0.0000,0.0000,0
236.193,2,4906,-0.00605,0.00874,0.0000,0.0000,-0.02991,0.04624,0.00325,0,0,-0.046,0.100,in_circle,0.0026,0.1350,0.0000,0.0000,0
236.232,2,4907,-0.00632,0.00842,-0.0070,-0.0082,-0.02900,0.04593,0.00284,1,1,-0.002,0.128,in_circle,0.0025,0.1348,0.0000,0.0000,0
236.274,2,4908,-0.00665,0.00836,-0.0078,-0.0014,-0.02895,0.04565,0.00263,1,1,0.027,0.162,in_circle,0.0025,0.1348,0.0000,0.0000,0
236.319,2,4909,-0.00665,0.00868,-0.0000,0.0072,-0.02884,0.04546,0.00292,1,1,0.031,0.135,in_circle,0.0025,0.1348,0.0000,0.0000,0
236.362,2,4910,-0.00645,0.00822,0.0045,-0.0108,-0.03083,0.04637,0.00259,1,1,-0.000,0.099,in_circle,0.0025,0.1348,0.0000,0.0000,0
236.407,2,4911,-0.00688,0.00856,-0.0094,0.0076,-0.03051,0.04656,0.00272,1,1,-0.019,0.172,in_circle,0.0025,0.1348,0.0000,0.0000,0
236.495,2,4912,-0.00687,0.00873,0.0001,0.0020,-0.03169,0.04571,0.00289,1,1,0.038,0.098,in_circle,0.0025,0.1348,0.0000,0.0000,0
236.538,2,4913,-0.00659,0.00863,0.0064,-0.0023,-0.03166,0.04580,0.00290,1,1,-0.000,0.120,in_circle,0.0025,0.1348,0.0000,0.0000,0
236.582,2,4914,-0.00681,0.00827,-0.0048,-0.0083,-0.03052,0.04636,0.00248,1,1,-0.026,0.137,in_circle,0.0025,0.1348,0.0000,0.0000,0
236.627,2,4915,-0.00650,0.00843,0.0068,0.0036,-0.03095,0.04559,0.00275,1,1,0.019,0.162,in_circle,0.0025,0.1348,0.0000,0.0000,0
236.672,2,4916,-0.00619,0.00850,0.0070,0.0016,-0.03105,0.04621,0.00297,1,1,-0.028,0.115,in_circle,0.0025,0.1348,0.0000,0.0000,0
236.714,2,4917,-0.00625,0.00885,-0.0013,0.0082,-0.03123,0.04506,0.00324,1,1,-0.029,0.122,in_circle,0.0025,0.1348,0.0000,0.0000,0
236.760,2,4918,-0.00661,0.00782,-0.0079,-0.0224,-0.03081,0.04515,0.00217,1,1,0.004,0.095,in_circle,0.0025,0.1348,0.0000,0.0000,0
236.802,2,4919,-0.00626,0.00802,0.0084,0.0050,-0.03051,0.04347,0.00254,1,1,0.031,0.220,in_circle,0.0025,0.1348,0.0000,0.0000,0
236.847,2,4920,-0.00663,0.00851,-0.0082,0.0108,-0.03044,0.04212,0.00277,1,1,-0.035,0.110,in_circle,0.0025,0.1348,0.0000,0.0000,0
236.890,2,4921,-0.00667,0.00839,-0.0007,-0.0028,-0.03344,0.04358,0.00265,1,1,0.032,0.085,in_circle,0.0025,0.1348,0.0000,0.0000,0
236.935,2,4922,-0.00671,0.00842,-0.0010,0.0005,-0.02897,0.04419,0.00265,1,1,0.003,0.140,in_circle,0.0025,0.1348,0.0000,0.0000,0
236.985,2,4923,-0.00671,0.00842,0.0000,0.0000,-0.02794,0.04157,0.00265,0,0,0.004,0.127,in_circle,0.0025,0.1348,0.0000,0.0000,0
237.024,2,4924,-0.00593,0.00749,0.0198,-0.0236,-0.02868,0.04305,0.00239,1,1,-0.000,0.129,in_circle,0.0025,0.1347,0.0000,0.0000,0
237.066,2,4925,-0.00589,0.00855,0.0009,0.0257,-0.02761,0.04300,0.00319,1,1,-0.081,0.225,in_circle,0.0025,0.1347,0.0000,0.0000,0
237.111,2,4926,-0.00700,0.00851,-0.0246,-0.0010,-0.02931,0.04173,0.00263,1,1,-0.006,0.026,in_circle,0.0025,0.1347,0.0000,0.0000,0
237.154,2,4927,-0.00642,0.00858,0.0134,0.0017,-0.03411,0.04131,0.00293,1,1,0.099,0.132,in_circle,0.0025,0.1347,0.0000,0.0000,0
237.200,2,4928,-0.00629,0.00848,0.0028,-0.0023,-0.02613,0.04128,0.00290,1,1,-0.055,0.122,in_circle,0.0025,0.1347,0.0000,0.0000,0
237.243,2,4929,-0.00699,0.00811,-0.0161,-0.0085,-0.02871,0.04311,0.00226,1,1,-0.013,0.138,in_circle,0.0025,0.1347,0.0000,0.0000,0
237.288,2,4930,-0.00657,0.00750,0.0095,-0.0135,-0.02954,0.04124,0.00194,1,1,0.065,0.163,in_circle,0.0025,0.1347,0.0000,0.0000,0
237.330,2,4931,-0.00648,0.00852,0.0022,0.0242,-0.03038,0.04081,0.00285,1,1,-0.038,0.185,in_circle,0.0025,0.1347,0.0000,0.0000,0
237.381,2,4932,-0.00648,0.00852,0.0000,0.0000,-0.03200,0.04230,0.00285,0,0,-0.009,0.032,in_circle,0.0025,0.1347,0.0000,0.0000,0
237.419,2,4933,-0.00698,0.00825,-0.0130,-0.0070,-0.03256,0.04363,0.00240,1,1,-0.001,0.128,in_circle,0.0024,0.1346,0.0000,0.0000,0
237.464,2,4934,-0.00632,0.00832,0.0150,0.0015,-0.02634,0.04180,0.00275,1,1,0.052,0.157,in_circle,0.0024,0.1346,0.0000,0.0000,0
237.507,2,4935,-0.00650,0.00857,-0.0041,0.0057,-0.02956,0.04601,0.00288,1,1,-0.061,0.123,in_circle,0.0024,0.1346,0.0000,0.0000,0
237.551,2,4936,-0.00696,0.00833,-0.0105,-0.0055,-0.03143,0.04505,0.00247,1,1,0.016,0.105,in_circle,0.0024,0.1346,0.0000,0.0000,0
237.600,2,4937,-0.00696,0.00833,0.0000,0.0000,-0.03113,0.04391,0.00247,0,0,0.042,0.151,in_circle,0.0024,0.1346,0.0000,0.0000,0
237.640,2,4938,-0.00661,0.00827,0.0087,-0.0014,-0.03170,0.04352,0.00256,1,1,0.000,0.129,in_circle,0.0024,0.1345,0.0000,0.0000,0
237.682,2,4939,-0.00689,0.00831,-0.0066,0.0008,-0.03125,0.04444,0.00248,1,1,-0.035,0.134,in_circle,0.0024,0.1345,0.0000,0.0000,0
237.728,2,4940,-0.00660,0.00858,0.0064,0.0060,-0.03125,0.04497,0.00285,1,1,0.026,0.125,in_circle,0.0024,0.1345,0.0000,0.0000,0
237.772,2,4941,-0.00669,0.00890,-0.0021,0.0073,-0.03188,0.04390,0.00311,1,1,-0.026,0.104,in_circle,0.0024,0.1345,0.0000,0.0000,0
237.816,2,4942,-0.00621,0.00865,0.0109,-0.0058,-0.03073,0.04544,0.00309,1,1,0.008,0.098,in_circle,0.0024,0.1345,0.0000,0.0000,0
237.858,2,4943,-0.00656,0.00810,-0.0085,-0.0129,-0.03061,0.04417,0.00244,1,1,-0.045,0.151,in_circle,0.0024,0.1345,0.0000,0.0000,0
237.903,2,4944,-0.00674,0.00818,-0.0039,0.0017,-0.03094,0.04598,0.00243,1,1,0.033,0.181,in_circle,0.0024,0.1345,0.0000,0.0000,0
237.946,2,4945,-0.00597,0.00852,0.0177,0.0079,-0.03030,0.04515,0.00312,1,1,0.015,0.122,in_circle,0.0024,0.1345,0.0000,0.0000,0
237.992,2,4946,-0.00645,0.00821,-0.0105,-0.0069,-0.03123,0.04506,0.00259,1,1,-0.073,0.097,in_circle,0.0024,0.1345,0.0000,0.0000,0
238.034,2,4947,-0.00590,0.00797,0.0130,-0.0056,-0.03079,0.04427,0.00274,1,1,0.041,0.157,in_circle,0.0024,0.1345,0.0000,0.0000,0
238.079,2,4948,-0.00677,0.00846,-0.0194,0.0109,-0.02974,0.04348,0.00267,1,1,-0.054,0.152,in_circle,0.0024,0.1345,0.0000,0.0000,0
238.122,2,4949,-0.00619,0.00815,0.0134,-0.0072,-0.03098,0.04359,0.00269,1,1,0.078,0.085,in_circle,0.0024,0.1345,0.0000,0.0000,0
238.168,2,4950,-0.00633,0.00802,-0.0030,-0.0029,-0.03067,0.04265,0.00250,1,1,-0.055,0.158,in_circle,0.0024,0.1345,0.0000,0.0000,0
238.210,2,4951,-0.00657,0.00863,-0.0058,0.0145,-0.02922,0.04547,0.00290,1,1,0.011,0.141,in_circle,0.0024,0.1345,0.0000,0.0000,0
238.256,2,4952,-0.00588,0.00845,0.0151,-0.0041,-0.03077,0.04675,0.00311,1,1,0.022,0.070,in_circle,0.0024,0.1345,0.0000,0.0000,0
238.300,2,4953,-0.00677,0.00845,-0.0201,0.0001,-0.02936,0.04487,0.00266,1,1,-0.063,0.145,in_circle,0.0024,0.1345,0.0000,0.0000,0
238.343,2,4954,-0.00686,0.00835,-0.0020,-0.0023,-0.02690,0.04340,0.00253,1,1,0.080,0.128,in_circle,0.0024,0.1345,0.0000,0.0000,0
238.387,2,4955,-0.00635,0.00803,0.0116,-0.0073,-0.02950,0.04383,0.00250,1,1,0.008,0.138,in_circle,0.0024,0.1345,0.0000,0.0000,0
238.431,2,4956,-0.00694,0.00787,-0.0136,-0.0037,-0.02891,0.04475,0.00206,1,1,-0.048,0.159,in_circle,0.0024,0.1345,0.0000,0.0000,0
238.520,2,4957,-0.00639,0.00819,0.0061,0.0036,-0.03011,0.04275,0.00260,1,1,0.054,0.145,in_circle,0.0024,0.1345,0.0000,0.0000,0
238.564,2,4958,-0.00601,0.00875,0.0086,0.0129,-0.02965,0.04344,0.00328,1,1,-0.026,0.115,in_circle,0.0024,0.1345,0.0000,0.0000,0
238.607,2,4959,-0.00659,0.00815,-0.0133,-0.0139,-0.03113,0.04630,0.00246,1,1,-0.037,0.076,in_circle,0.0024,0.1345,0.0000,0.0000,0
238.651,2,4960,-0.00680,0.00834,-0.0047,0.0045,-0.02992,0.04389,0.00255,1,1,0.053,0.185,in_circle,0.0024,0.1345,0.0000,0.0000,0
238.695,2,4961,-0.00632,0.00837,0.0109,0.0006,-0.03022,0.04431,0.00279,1,1,0.019,0.111,in_circle,0.0024,0.1345,0.0000,0.0000,0
238.739,2,4962,-0.00643,0.00814,-0.0025,-0.0053,-0.03164,0.04549,0.00254,1,1,-0.045,0.126,in_circle,0.0024,0.1345,0.0000,0.0000,0
238.783,2,4963,-0.00599,0.00888,0.0102,0.0170,-0.03096,0.04448,0.00340,1,1,0.009,0.150,in_circle,0.0024,0.1345,0.0000,0.0000,0
238.827,2,4964,-0.00608,0.00846,-0.0021,-0.0093,-0.03257,0.04478,0.00301,1,1,-0.043,0.059,in_circle,0.0024,0.1345,0.0000,0.0000,0
238.870,2,4965,-0.00653,0.00857,-0.0103,0.0024,-0.03077,0.04675,0.00287,1,1,0.006,0.166,in_circle,0.0024,0.1345,0.0000,0.0000,0
238.915,2,4966,-0.00668,0.00794,-0.0035,-0.0139,-0.02747,0.04429,0.00224,1,1,0.040,0.118,in_circle,0.0024,0.1345,0.0000,0.0000,0
238.958,2,4967,-0.00629,0.00854,0.0093,0.0139,-0.03076,0.04496,0.00295,1,1,0.014,0.185,in_circle,0.0024,0.1345,0.0000,0.0000,0
239.003,2,4968,-0.00654,0.00838,-0.0056,-0.0034,-0.02977,0.04454,0.00270,1,1,-0.039,0.073,in_circle,0.0024,0.1345,0.0000,0.0000,0
239.046,2,4969,-0.00620,0.00825,0.0077,-0.0032,-0.03218,0.04284,0.00276,1,1,0.022,0.142,in_circle,0.0024,0.1345,0.0000,0.0000,0
239.091,2,4970,-0.00664,0.00813,-0.0096,-0.0025,-0.02809,0.04484,0.00243,1,1,-0.033,0.142,in_circle,0.0024,0.1345,0.0000,0.0000,0
239.134,2,4971,-0.00670,0.00858,-0.0014,0.0105,-0.03099,0.04453,0.00281,1,1,0.038,0.139,in_circle,0.0024,0.1345,0.0000,0.0000,0
239.179,2,4972,-0.00667,0.00836,0.0006,-0.0050,-0.03094,0.04329,0.00261,1,1,0.005,0.086,in_circle,0.0024,0.1345,0.0000,0.0000,0
239.222,2,4973,-0.00620,0.00902,0.0111,0.0155,-0.02992,0.04566,0.00342,1,1,-0.003,0.149,in_circle,0.0024,0.1345,0.0000,0.0000,0
239.268,2,4974,-0.00658,0.00854,-0.0083,-0.0104,-0.02898,0.04375,0.00282,1,1,-0.046,0.065,in_circle,0.0024,0.1345,0.0000,0.0000,0
239.311,2,4975,-0.00665,0.00789,-0.0016,-0.0153,-0.03027,0.04503,0.00221,1,1,0.033,0.170,in_circle,0.0024,0.1345,0.0000,0.0000,0
239.355,2,4976,-0.00661,0.00818,0.0009,0.0067,-0.02625,0.04239,0.00248,1,1,0.006,0.191,in_circle,0.0024,0.1345,0.0000,0.0000,0
239.398,2,4977,-0.00655,0.00814,0.0013,-0.0008,-0.03184,0.04267,0.00248,1,1,-0.004,0.102,in_circle,0.0024,0.1345,0.0000,0.0000,0
239.443,2,4978,-0.00640,0.00859,0.0034,0.0099,-0.03268,0.04255,0.00294,1,1,-0.006,0.133,in_circle,0.0024,0.1345,0.0000,0.0000,0
239.486,2,4979,-0.00685,0.00817,-0.0105,-0.0098,-0.03077,0.04458,0.00237,1,1,-0.015,0.088,in_circle,0.0024,0.1345,0.0000,0.0000,0
239.531,2,4980,-0.00592,0.00804,0.0208,-0.0028,-0.03119,0.04466,0.00278,1,1,0.042,0.168,in_circle,0.0024,0.1345,0.0000,0.0000,0
239.575,2,4981,-0.00645,0.00811,-0.0121,0.0015,-0.03037,0.04459,0.00250,1,1,-0.086,0.141,in_circle,0.0024,0.1345,0.0000,0.0000,0
239.619,2,4982,-0.00588,0.00871,0.0133,0.0138,-0.03146,0.04386,0.00332,1,1,0.047,0.123,in_circle,0.0024,0.1345,0.0000,0.0000,0
239.663,2,4983,-0.00560,0.00888,0.0062,0.0038,-0.03058,0.04271,0.00362,1,1,-0.056,0.072,in_circle,0.0024,0.1345,0.0000,0.0000,0
239.708,2,4984,-0.00708,0.00857,-0.0326,-0.0068,-0.03062,0.04250,0.00267,1,1,-0.028,0.112,in_circle,0.0024,0.1345,0.0000,0.0000,0
239.750,2,4985,-0.00627,0.00860,0.0190,0.0007,-0.02551,0.04059,0.00301,1,1,0.131,0.155,in_circle,0.0024,0.1345,0.0000,0.0000,0
239.797,2,4986,-0.00643,0.00776,-0.0034,-0.0181,-0.02750,0.04190,0.00223,1,1,-0.077,0.125,in_circle,0.0024,0.1345,0.0000,0.0000,0
239.838,2,4987,-0.00612,0.00847,0.0076,0.0174,-0.02756,0.04509,0.00299,1,1,0.012,0.202,in_circle,0.0024,0.1345,0.0000,0.0000,0
239.884,2,4988,-0.00622,0.00859,-0.0022,0.0027,-0.02855,0.04495,0.00304,1,1,-0.032,0.059,in_circle,0.0024,0.1345,0.0000,0.0000,0
239.926,2,4989,-0.00660,0.00820,-0.0090,-0.0093,-0.03319,0.04140,0.00250,1,1,0.007,0.117,in_circle,0.0024,0.1345,0.0000,0.0000,0
239.971,2,4990,-0.00595,0.00793,0.0145,-0.0059,-0.02981,0.04472,0.00268,1,1,0.035,0.166,in_circle,0.0024,0.1345,0.0000,0.0000,0
240.014,2,4991,-0.00656,0.00812,-0.0142,0.0044,-0.03037,0.04277,0.00246,1,1,-0.060,0.153,in_circle,0.0024,0.1345,0.0000,0.0000,0
240.059,2,4992,-0.00626,0.00827,0.0067,0.0033,-0.03228,0.04200,0.00274,1,1,0.056,0.112,in_circle,0.0024,0.1345,0.0000,0.0000,0
240.102,2,4993,-0.00718,0.00875,-0.0210,0.0111,-0.03164,0.04390,0.00282,1,1,-0.028,0.116,in_circle,0.0024,0.1345,0.0000,0.0000,0
240.147,2,4994,-0.00637,0.00819,0.0180,-0.0126,-0.03160,0.04502,0.00262,1,1,0.085,0.083,in_circle,0.0023,0.1344,0.0000,0.0000,0
240.190,2,4995,-0.00678,0.00827,-0.0097,0.0020,-0.03115,0.04485,0.00249,1,1,-0.073,0.179,in_circle,0.0023,0.1343,0.0000,0.0000,0
240.235,2,4996,-0.00668,0.00848,0.0021,0.0047,-0.02870,0.04535,0.00272,1,1,0.038,0.121,in_circle,0.0022,0.1342,0.0000,0.0000,0
240.278,2,4997,-0.00584,0.00821,0.0197,-0.0064,-0.03185,0.04546,0.00295,1,1,-0.009,0.109,in_circle,0.0022,0.1341,0.0000,0.0000,0
240.324,2,4998,-0.00679,0.00863,-0.0210,0.0094,-0.03028,0.04667,0.00282,1,1,-0.081,0.154,in_circle,0.0021,0.1340,0.0000,0.0000,0
240.366,2,4999,-0.00571,0.00789,0.0255,-0.0174,-0.03085,0.04507,0.00282,1,1,0.084,0.090,in_circle,0.0021,0.1340,0.0000,0.0000,0
240.411,2,5000,-0.00637,0.00784,-0.0148,-0.0012,-0.03036,0.04270,0.00233,1,1,-0.105,0.199,in_circle,0.0021,0.1340,0.0000,0.0000,0
240.454,2,5001,-0.00646,0.00819,-0.0020,0.0081,-0.02841,0.04531,0.00257,1,1,0.058,0.134,in_circle,0.0021,0.1340,0.0000,0.0000,0
240.588,2,5002,-0.00634,0.00837,0.0009,0.0014,-0.03046,0.04611,0.00278,1,1,0.007,0.096,in_circle,0.0021,0.1340,0.0000,0.0000,0
240.637,2,5003,-0.00634,0.00837,0.0000,0.0000,-0.02994,0.04462,0.00278,0,0,-0.005,0.123,in_circle,0.0021,0.1340,0.0000,0.0000,0
240.676,2,5004,-0.00673,0.00817,-0.0100,-0.0053,-0.02854,0.04492,0.00242,1,1,-0.002,0.128,in_circle,0.0020,0.1338,0.0000,0.0000,0
240.719,2,5005,-0.00656,0.00820,0.0040,0.0009,-0.02822,0.04462,0.00253,1,1,0.039,0.150,in_circle,0.0020,0.1338,0.0000,0.0000,0
240.765,2,5006,-0.00641,0.00895,0.0032,0.0165,-0.02835,0.04361,0.00326,1,1,-0.017,0.125,in_circle,0.0020,0.1338,0.0000,0.0000,0
240.807,2,5007,-0.00699,0.00850,-0.0136,-0.0105,-0.02965,0.04567,0.00263,1,1,-0.014,0.061,in_circle,0.0020,0.1338,0.0000,0.0000,0
240.851,2,5008,-0.00603,0.00876,0.0219,0.0059,-0.02973,0.04384,0.00328,1,1,0.054,0.170,in_circle,0.0020,0.1338,0.0000,0.0000,0
240.894,2,5009,-0.00666,0.00821,-0.0146,-0.0128,-0.02655,0.04340,0.00249,1,1,-0.090,0.103,in_circle,0.0020,0.1338,0.0000,0.0000,0
240.938,2,5010,-0.00590,0.00801,0.0173,-0.0046,-0.03196,0.04475,0.00277,1,1,0.058,0.180,in_circle,0.0020,0.1338,0.0000,0.0000,0
240.983,2,5011,-0.00692,0.00853,-0.0229,0.0118,-0.02965,0.03978,0.00268,1,1,-0.072,0.147,in_circle,0.0020,0.1338,0.0000,0.0000,0
241.026,2,5012,-0.00610,0.00863,0.0188,0.0022,-0.03323,0.04126,0.00313,1,1,0.091,0.080,in_circle,0.0020,0.1338,0.0000,0.0000,0
241.071,2,5013,-0.00669,0.00848,-0.0132,-0.0034,-0.03140,0.04248,0.00272,1,1,-0.077,0.118,in_circle,0.0020,0.1338,0.0000,0.0000,0
241.114,2,5014,-0.00644,0.00786,0.0059,-0.0143,-0.02861,0.04200,0.00231,1,1,0.052,0.141,in_circle,0.0020,0.1338,0.0000,0.0000,0
241.159,2,5015,-0.00679,0.00848,-0.0080,0.0139,-0.03095,0.04342,0.00268,1,1,-0.025,0.187,in_circle,0.0020,0.1338,0.0000,0.0000,0
241.202,2,5016,-0.00676,0.00828,0.0007,-0.0046,-0.03094,0.04565,0.00250,1,1,0.031,0.072,in_circle,0.0020,0.1338,0.0000,0.0000,0
241.247,2,5017,-0.00596,0.00870,0.0178,0.0094,-0.03215,0.04293,0.00327,1,1,-0.004,0.147,in_circle,0.0020,0.1338,0.0000,0.0000,0
241.290,2,5018,-0.00629,0.00828,-0.0077,-0.0099,-0.02997,0.04517,0.00273,1,1,-0.074,0.089,in_circle,0.0020,0.1338,0.0000,0.0000,0
241.336,2,5019,-0.00695,0.00861,-0.0142,0.0072,-0.03138,0.04202,0.00275,1,1,0.029,0.168,in_circle,0.0020,0.1338,0.0000,0.0000,0
241.379,2,5020,-0.00659,0.00788,0.0082,-0.0171,-0.02959,0.04343,0.00223,1,1,0.057,0.098,in_circle,0.0020,0.1338,0.0000,0.0000,0
241.423,2,5021,-0.00629,0.00868,0.0069,0.0181,-0.03015,0.04460,0.00308,1,1,-0.034,0.197,in_circle,0.0020,0.1338,0.0000,0.0000,0
241.467,2,5022,-0.00579,0.00853,0.0115,-0.0034,-0.02965,0.04673,0.00323,1,1,-0.029,0.055,in_circle,0.0020,0.1338,0.0000,0.0000,0
241.512,2,5023,-0.00650,0.00839,-0.0156,-0.0032,-0.03316,0.04375,0.00272,1,1,-0.049,0.141,in_circle,0.0020,0.1338,0.0000,0.0000,0
241.555,2,5024,-0.00667,0.00794,-0.0041,-0.0105,-0.02676,0.04307,0.00224,1,1,0.061,0.141,in_circle,0.0020,0.1338,0.0000,0.0000,0
241.599,2,5025,-0.00664,0.00848,0.0008,0.0122,-0.03036,0.04473,0.00274,1,1,0.015,0.171,in_circle,0.0020,0.1338,0.0000,0.0000,0
241.643,2,5026,-0.00658,0.00830,0.0013,-0.0041,-0.02852,0.04547,0.00260,1,1,-0.004,0.079,in_circle,0.0020,0.1338,0.0000,0.0000,0
241.687,2,5027,-0.00644,0.00863,0.0032,0.0075,-0.03127,0.04512,0.00296,1,1,-0.006,0.145,in_circle,0.0020,0.1338,0.0000,0.0000,0
241.731,2,5028,-0.00714,0.00864,-0.0157,0.0001,-0.02908,0.04368,0.00272,1,1,-0.014,0.097,in_circle,0.0020,0.1338,0.0000,0.0000,0
241.776,2,5029,-0.00609,0.00838,0.0238,-0.0057,-0.03120,0.04414,0.00293,1,1,0.063,0.127,in_circle,0.0020,0.1338,0.0000,0.0000,0
241.819,2,5030,-0.00696,0.00779,-0.0201,-0.0137,-0.03037,0.04498,0.00197,1,1,-0.098,0.151,in_circle,0.0020,0.1338,0.0000,0.0000,0
241.862,2,5031,-0.00654,0.00802,0.0098,0.0054,-0.02959,0.04562,0.00238,1,1,0.080,0.184,in_circle,0.0020,0.1338,0.0000,0.0000,0
241.907,2,5032,-0.00674,0.00819,-0.0046,0.0038,-0.03141,0.04196,0.00243,1,1,-0.040,0.107,in_circle,0.0020,0.1338,0.0000,0.0000,0
241.950,2,5033,-0.00640,0.00831,0.0081,0.0028,-0.03220,0.04271,0.00270,1,1,0.018,0.113,in_circle,0.0020,0.1338,0.0000,0.0000,0
241.995,2,5034,-0.00696,0.00851,-0.0126,0.0044,-0.03162,0.04465,0.00265,1,1,-0.034,0.117,in_circle,0.0020,0.1338,0.0000,0.0000,0
242.038,2,5035,-0.00679,0.00836,0.0041,-0.0035,-0.03040,0.04245,0.00257,1,1,0.050,0.110,in_circle,0.0020,0.1338,0.0000,0.0000,0
242.083,2,5036,-0.00692,0.00814,-0.0030,-0.0050,-0.03075,0.04362,0.00231,1,1,-0.017,0.142,in_circle,0.0020,0.1338,0.0000,0.0000,0
242.127,2,5037,-0.00694,0.00844,-0.0004,0.0069,-0.03077,0.04502,0.00258,1,1,0.012,0.148,in_circle,0.0020,0.1338,0.0000,0.0000,0
242.172,2,5038,-0.00686,0.00878,0.0018,0.0076,-0.03093,0.04525,0.00293,1,1,0.002,0.100,in_circle,0.0020,0.1338,0.0000,0.0000,0
242.216,2,5039,-0.00653,0.00772,0.0075,-0.0239,-0.03059,0.04589,0.00214,1,1,-0.008,0.097,in_circle,0.0020,0.1338,0.0000,0.0000,0
242.261,2,5040,-0.00655,0.00847,-0.0004,0.0167,-0.02927,0.04483,0.00277,1,1,-0.031,0.225,in_circle,0.0020,0.1338,0.0000,0.0000,0
242.302,2,5041,-0.00665,0.00855,-0.0026,0.0020,-0.02939,0.04396,0.00280,1,1,0.000,0.061,in_circle,0.0020,0.1338,0.0000,0.0000,0
242.347,2,5042,-0.00643,0.00837,0.0051,-0.0042,-0.03364,0.04307,0.00273,1,1,0.009,0.119,in_circle,0.0020,0.1338,0.0000,0.0000,0
242.391,2,5043,-0.00634,0.00876,0.0020,0.0088,-0.02609,0.04260,0.00312,1,1,-0.022,0.145,in_circle,0.0020,0.1338,0.0000,0.0000,0
242.435,2,5044,-0.00668,0.00885,-0.0077,0.0022,-0.02680,0.04337,0.00306,1,1,-0.010,0.092,in_circle,0.0020,0.1338,0.0000,0.0000,0
242.479,2,5045,-0.00629,0.00819,0.0089,-0.0151,-0.02862,0.04322,0.00266,1,1,0.030,0.118,in_circle,0.0020,0.1338,0.0000,0.0000,0
242.567,2,5046,-0.00650,0.00867,-0.0024,0.0055,-0.02606,0.04207,0.00297,1,1,-0.037,0.189,in_circle,0.0020,0.1338,0.0000,0.0000,0
242.612,2,5047,-0.00573,0.00858,0.0173,-0.0020,-0.02767,0.04495,0.00331,1,1,0.008,0.105,in_circle,0.0020,0.1338,0.0000,0.0000,0
242.654,2,5048,-0.00716,0.00858,-0.0337,-0.0000,-0.03228,0.04227,0.00266,1,1,-0.072,0.135,in_circle,0.0020,0.1338,0.0000,0.0000,0
242.699,2,5049,-0.00713,0.00863,0.0008,0.0012,-0.03040,0.04340,0.00271,1,1,0.135,0.127,in_circle,0.0020,0.1338,0.0000,0.0000,0
242.743,2,5050,-0.00681,0.00825,0.0072,-0.0087,-0.02985,0.04223,0.00246,1,1,-0.003,0.123,in_circle,0.0020,0.1338,0.0000,0.0000,0
242.787,2,5051,-0.00671,0.00818,0.0023,-0.0016,-0.03019,0.04540,0.00243,1,1,-0.029,0.163,in_circle,0.0020,0.1338,0.0000,0.0000,0
242.830,2,5052,-0.00619,0.00825,0.0121,0.0018,-0.03017,0.04804,0.00277,1,1,-0.010,0.135,in_circle,0.0020,0.1338,0.0000,0.0000,0
242.875,2,5053,-0.00607,0.00887,0.0026,0.0138,-0.02891,0.04702,0.00335,1,1,-0.050,0.121,in_circle,0.0020,0.1338,0.0000,0.0000,0
242.920,2,5054,-0.00661,0.00792,-0.0123,-0.0216,-0.03077,0.04675,0.00226,1,1,-0.013,0.072,in_circle,0.0020,0.1338,0.0000,0.0000,0
242.964,2,5055,-0.00631,0.00856,0.0067,0.0146,-0.02990,0.04627,0.00296,1,1,0.048,0.215,in_circle,0.0020,0.1338,0.0000,0.0000,0
243.006,2,5056,-0.00702,0.00843,-0.0164,-0.0030,-0.02930,0.04615,0.00256,1,1,-0.029,0.069,in_circle,0.0020,0.1338,0.0000,0.0000,0
243.051,2,5057,-0.00652,0.00842,0.0110,-0.0002,-0.03454,0.04652,0.00274,1,1,0.066,0.140,in_circle,0.0020,0.1338,0.0000,0.0000,0
243.096,2,5058,-0.00673,0.00858,-0.0046,0.0036,-0.02988,0.04548,0.00280,1,1,-0.045,0.129,in_circle,0.0020,0.1338,0.0000,0.0000,0
243.140,2,5059,-0.00676,0.00875,-0.0006,0.0038,-0.03117,0.04502,0.00294,1,1,0.018,0.113,in_circle,0.0020,0.1338,0.0000,0.0000,0
243.182,2,5060,-0.00648,0.00841,0.0064,-0.0080,-0.03206,0.04382,0.00275,1,1,0.002,0.112,in_circle,0.0020,0.1338,0.0000,0.0000,0
243.228,2,5061,-0.00652,0.00827,-0.0007,-0.0030,-0.03180,0.04360,0.00261,1,1,-0.027,0.160,in_circle,0.0020,0.1338,0.0000,0.0000,0
243.271,2,5062,-0.00666,0.00854,-0.0033,0.0061,-0.03112,0.04554,0.00278,1,1,0.002,0.140,in_circle,0.0020,0.1338,0.0000,0.0000,0
243.317,2,5063,-0.00640,0.00839,0.0056,-0.0033,-0.03132,0.04351,0.00277,1,1,0.012,0.103,in_circle,0.0020,0.1338,0.0000,0.0000,0
243.358,2,5064,-0.00657,0.00794,-0.0041,-0.0108,-0.03204,0.04392,0.00229,1,1,-0.024,0.141,in_circle,0.0020,0.1338,0.0000,0.0000,0
243.402,2,5065,-0.00674,0.00858,-0.0039,0.0146,-0.03102,0.04398,0.00279,1,1,0.015,0.172,in_circle,0.0020,0.1338,0.0000,0.0000,0
243.447,2,5066,-0.00683,0.00825,-0.0018,-0.0075,-0.02992,0.04404,0.00245,1,1,0.015,0.069,in_circle,0.0020,0.1338,0.0000,0.0000,0
243.490,2,5067,-0.00606,0.00793,0.0178,-0.0072,-0.03046,0.04344,0.00260,1,1,0.007,0.158,in_circle,0.0020,0.1338,0.0000,0.0000,0
243.535,2,5068,-0.00628,0.00835,-0.0051,0.0094,-0.02539,0.04400,0.00280,1,1,-0.073,0.158,in_circle,0.0020,0.1338,0.0000,0.0000,0
243.578,2,5069,-0.00681,0.00811,-0.0121,-0.0056,-0.03146,0.04429,0.00233,1,1,0.018,0.091,in_circle,0.0020,0.1338,0.0000,0.0000,0
243.624,2,5070,-0.00692,0.00796,-0.0025,-0.0034,-0.03092,0.03979,0.00215,1,1,0.048,0.151,in_circle,0.0020,0.1338,0.0000,0.0000,0
243.667,2,5071,-0.00639,0.00865,0.0123,0.0160,-0.03110,0.03971,0.00300,1,1,0.010,0.142,in_circle,0.0020,0.1338,0.0000,0.0000,0
243.711,2,5072,-0.00695,0.00838,-0.0128,-0.0061,-0.02928,0.04344,0.00253,1,1,-0.051,0.063,in_circle,0.0020,0.1338,0.0000,0.0000,0
243.755,2,5073,-0.00671,0.00846,0.0054,0.0018,-0.03028,0.04259,0.00269,1,1,0.051,0.152,in_circle,0.0020,0.1338,0.0000,0.0000,0
243.800,2,5074,-0.00680,0.00786,-0.0021,-0.0135,-0.02767,0.04234,0.00211,1,1,-0.022,0.120,in_circle,0.0020,0.1338,0.0000,0.0000,0
243.842,2,5075,-0.00697,0.00815,-0.0038,0.0069,-0.02985,0.04427,0.00230,1,1,0.008,0.183,in_circle,0.0020,0.1338,0.0000,0.0000,0
243.887,2,5076,-0.00646,0.00792,0.0113,-0.0051,-0.03076,0.04290,0.00234,1,1,0.015,0.101,in_circle,0.0020,0.1338,0.0000,0.0000,0
243.931,2,5077,-0.00575,0.00879,0.0163,0.0201,-0.03136,0.04290,0.00346,1,1,-0.047,0.150,in_circle,0.0020,0.1338,0.0000,0.0000,0
243.975,2,5078,-0.00675,0.00865,-0.0226,-0.0032,-0.02934,0.04548,0.00285,1,1,-0.068,0.046,in_circle,0.0020,0.1338,0.0000,0.0000,0
244.025,2,5079,-0.00675,0.00865,0.0000,0.0000,-0.03166,0.04310,0.00285,0,0,0.090,0.140,in_circle,0.0020,0.1338,0.0000,0.0000,0
244.065,2,5080,-0.00632,0.00814,0.0110,-0.0129,-0.02493,0.04270,0.00260,1,1,-0.001,0.127,in_circle,0.0020,0.1337,0.0000,0.0000,0
244.107,2,5081,-0.00703,0.00794,-0.0169,-0.0047,-0.02713,0.04573,0.00208,1,1,-0.046,0.180,in_circle,0.0020,0.1337,0.0000,0.0000,0
244.150,2,5082,-0.00581,0.00828,0.0280,0.0079,-0.02840,0.04603,0.00303,1,1,0.068,0.148,in_circle,0.0020,0.1337,0.0000,0.0000,0
244.195,2,5083,-0.00669,0.00878,-0.0194,0.0110,-0.03226,0.04369,0.00300,1,1,-0.115,0.096,in_circle,0.0020,0.1337,0.0000,0.0000,0
244.239,2,5084,-0.00625,0.00797,0.0100,-0.0189,-0.03145,0.04620,0.00250,1,1,0.077,0.083,in_circle,0.0020,0.1337,0.0000,0.0000,0
244.284,2,5085,-0.00660,0.00861,-0.0077,0.0142,-0.03002,0.04177,0.00287,1,1,-0.042,0.204,in_circle,0.0020,0.1337,0.0000,0.0000,0
244.328,2,5086,-0.00668,0.00838,-0.0017,-0.0052,-0.03095,0.04344,0.00263,1,1,0.030,0.070,in_circle,0.0020,0.1337,0.0000,0.0000,0
244.373,2,5087,-0.00594,0.00844,0.0164,0.0013,-0.03403,0.04180,0.00307,1,1,0.006,0.148,in_circle,0.0020,0.1337,0.0000,0.0000,0
244.416,2,5088,-0.00644,0.00843,-0.0119,-0.0002,-0.02871,0.04277,0.00278,1,1,-0.068,0.122,in_circle,0.0020,0.1337,0.0000,0.0000,0
244.460,2,5089,-0.00599,0.00819,0.0103,-0.0055,-0.03127,0.04410,0.00284,1,1,0.046,0.128,in_circle,0.0020,0.1337,0.0000,0.0000,0
244.503,2,5090,-0.00584,0.00846,0.0033,0.0062,-0.03029,0.04289,0.00314,1,1,-0.044,0.150,in_circle,0.0020,0.1337,0.0000,0.0000,0
244.592,2,5091,-0.00655,0.00847,-0.0080,0.0001,-0.03058,0.04510,0.00277,1,1,-0.016,0.103,in_circle,0.0020,0.1337,0.0000,0.0000,0
244.635,2,5092,-0.00661,0.00842,-0.0014,-0.0012,-0.03141,0.04242,0.00269,1,1,0.031,0.127,in_circle,0.0020,0.1337,0.0000,0.0000,0
244.679,2,5093,-0.00682,0.00861,-0.0048,0.0045,-0.03122,0.04406,0.00279,1,1,0.005,0.132,in_circle,0.0020,0.1337,0.0000,0.0000,0
244.722,2,5094,-0.00595,0.00835,0.0202,-0.0060,-0.03041,0.04236,0.00299,1,1,0.019,0.109,in_circle,0.0020,0.1337,0.0000,0.0000,0
244.768,2,5095,-0.00647,0.00852,-0.0112,0.0036,-0.03127,0.04341,0.00285,1,1,-0.084,0.152,in_circle,0.0020,0.1337,0.0000,0.0000,0
244.810,2,5096,-0.00612,0.00818,0.0083,-0.0081,-0.03086,0.04406,0.00275,1,1,0.044,0.113,in_circle,0.0020,0.1337,0.0000,0.0000,0
244.855,2,5097,-0.00646,0.00819,-0.0078,0.0003,-0.03069,0.04210,0.00257,1,1,-0.036,0.161,in_circle,0.0020,0.1337,0.0000,0.0000,0
244.898,2,5098,-0.00661,0.00833,-0.0033,0.0032,-0.03090,0.04292,0.00262,1,1,0.030,0.127,in_circle,0.0020,0.1337,0.0000,0.0000,0
244.943,2,5099,-0.00631,0.00862,0.0066,0.0064,-0.03069,0.04471,0.00301,1,1,0.012,0.115,in_circle,0.0020,0.1337,0.0000,0.0000,0
244.993,2,5100,-0.00631,0.00862,0.0000,0.0000,-0.03063,0.04365,0.00301,0,0,-0.028,0.102,in_circle,0.0020,0.1337,0.0000,0.0000,0
245.040,2,5101,-0.00631,0.00862,0.0000,0.0000,-0.03085,0.04584,0.00301,0,0,-0.002,0.127,in_circle,0.0019,0.1336,0.0000,0.0000,0
245.075,2,5102,-0.00568,0.00815,0.0179,-0.0131,-0.02967,0.04508,0.00302,1,1,-0.002,0.127,in_circle,0.0018,0.1335,0.0000,0.0000,0
245.120,2,5103,-0.00654,0.00785,-0.0194,-0.0069,-0.02911,0.04499,0.00224,1,1,-0.075,0.181,in_circle,0.0018,0.1335,0.0000,0.0000,0
245.162,2,5104,-0.00678,0.00836,-0.0056,0.0119,-0.03010,0.04479,0.00257,1,1,0.076,0.156,in_circle,0.0018,0.1335,0.0000,0.0000,0
245.207,2,5105,-0.00685,0.00794,-0.0016,-0.0094,-0.03119,0.04213,0.00216,1,1,0.022,0.080,in_circle,0.0018,0.1335,0.0000,0.0000,0
245.250,2,5106,-0.00657,0.00819,0.0064,0.0057,-0.02930,0.04499,0.00251,1,1,0.006,0.166,in_circle,0.0018,0.1335,0.0000,0.0000,0
245.296,2,5107,-0.00688,0.00791,-0.0069,-0.0062,-0.02659,0.04568,0.00212,1,1,-0.027,0.105,in_circle,0.0018,0.1335,0.0000,0.0000,0
245.339,2,5108,-0.00642,0.00816,0.0109,0.0058,-0.03108,0.04663,0.00256,1,1,0.027,0.153,in_circle,0.0018,0.1335,0.0000,0.0000,0
245.383,2,5109,-0.00622,0.00797,0.0044,-0.0042,-0.02886,0.04384,0.00253,1,1,-0.045,0.105,in_circle,0.0018,0.1335,0.0000,0.0000,0
245.427,2,5110,-0.00682,0.00845,-0.0139,0.0111,-0.03068,0.04596,0.00264,1,1,-0.020,0.145,in_circle,0.0018,0.1335,0.0000,0.0000,0
245.470,2,5111,-0.00655,0.00842,0.0063,-0.0008,-0.02941,0.04507,0.00272,1,1,0.055,0.083,in_circle,0.0018,0.1335,0.0000,0.0000,0
245.515,2,5112,-0.00664,0.00824,-0.0020,-0.0039,-0.03040,0.04470,0.00252,1,1,-0.026,0.131,in_circle,0.0018,0.1335,0.0000,0.0000,0
245.560,2,5113,-0.00646,0.00840,0.0042,0.0036,-0.02662,0.04498,0.00275,1,1,0.007,0.143,in_circle,0.0018,0.1335,0.0000,0.0000,0
245.603,2,5114,-0.00653,0.00836,-0.0016,-0.0009,-0.02884,0.04367,0.00268,1,1,-0.018,0.113,in_circle,0.0018,0.1335,0.0000,0.0000,0
245.647,2,5115,-0.00671,0.00812,-0.0042,-0.0057,-0.02873,0.04410,0.00238,1,1,0.005,0.131,in_circle,0.0018,0.1335,0.0000,0.0000,0
245.691,2,5116,-0.00607,0.00820,0.0145,0.0018,-0.02878,0.04484,0.00280,1,1,0.016,0.151,in_circle,0.0018,0.1335,0.0000,0.0000,0
245.735,2,5117,-0.00676,0.00826,-0.0156,0.0014,-0.02853,0.04432,0.00249,1,1,-0.061,0.121,in_circle,0.0018,0.1335,0.0000,0.0000,0
245.779,2,5118,-0.00682,0.00847,-0.0014,0.0048,-0.03081,0.04613,0.00266,1,1,0.062,0.122,in_circle,0.0018,0.1335,0.0000,0.0000,0
245.823,2,5119,-0.00651,0.00843,0.0071,-0.0009,-0.03080,0.04453,0.00275,1,1,0.005,0.108,in_circle,0.0018,0.1335,0.0000,0.0000,0
245.869,2,5120,-0.00661,0.00835,-0.0023,-0.0017,-0.03121,0.04544,0.00263,1,1,-0.030,0.131,in_circle,0.0018,0.1335,0.0000,0.0000,0
245.912,2,5121,-0.00588,0.00753,0.0169,-0.0190,-0.03045,0.04601,0.00245,1,1,0.008,0.135,in_circle,0.0018,0.1335,0.0000,0.0000,0
245.956,2,5122,-0.00688,0.00819,-0.0223,0.0150,-0.03006,0.04456,0.00238,1,1,-0.071,0.206,in_circle,0.0018,0.1335,0.0000,0.0000,0
245.999,2,5123,-0.00652,0.00903,0.0084,0.0198,-0.03047,0.04511,0.00329,1,1,0.089,0.068,in_circle,0.0018,0.1335,0.0000,0.0000,0
246.043,2,5124,-0.00656,0.00837,-0.0008,-0.0148,-0.03449,0.04415,0.00267,1,1,-0.035,0.046,in_circle,0.0018,0.1333,0.0000,0.0000,0
246.086,2,5125,-0.00690,0.00848,-0.0081,0.0027,-0.02997,0.04508,0.00264,1,1,0.002,0.187,in_circle,0.0017,0.1332,0.0000,0.0000,0
246.132,2,5126,-0.00681,0.00805,0.0021,-0.0095,-0.02324,0.04310,0.00228,1,1,0.032,0.116,in_circle,0.0017,0.1331,0.0000,0.0000,0
246.176,2,5127,-0.00685,0.00809,-0.0009,0.0009,-0.03279,0.04141,0.00230,1,1,-0.009,0.166,in_circle,0.0016,0.1330,0.0000,0.0000,0
246.219,2,5128,-0.00642,0.00780,0.0100,-0.0068,-0.03176,0.04379,0.00226,1,1,0.003,0.124,in_circle,0.0016,0.1329,0.0000,0.0000,0
246.270,2,5129,-0.00642,0.00780,0.0000,0.0000,-0.03228,0.04214,0.00226,0,0,-0.042,0.156,in_circle,0.0015,0.1329,0.0000,0.0000,0
246.316,2,5130,-0.00642,0.00780,0.0000,0.0000,-0.03217,0.04277,0.00226,0,0,-0.002,0.128,in_circle,0.0014,0.1328,0.0000,0.0000,0
246.353,2,5131,-0.00633,0.00831,0.0023,0.0136,-0.03353,0.04243,0.00273,1,1,-0.002,0.128,in_circle,0.0014,0.1327,0.0000,0.0000,0
246.394,2,5132,-0.00631,0.00870,0.0006,0.0095,-0.03276,0.04238,0.00308,1,1,-0.012,0.072,in_circle,0.0013,0.1326,0.0000,0.0000,0
246.439,2,5133,-0.00620,0.00831,0.0024,-0.0087,-0.03136,0.04186,0.00281,1,1,-0.005,0.088,in_circle,0.0013,0.1325,0.0000,0.0000,0
246.483,2,5134,-0.00652,0.00821,-0.0074,-0.0021,-0.02496,0.04181,0.00256,1,1,-0.013,0.162,in_circle,0.0012,0.1324,0.0000,0.0000,0
246.528,2,5135,-0.00677,0.00769,-0.0055,-0.0116,-0.02736,0.04331,0.00197,1,1,0.028,0.135,in_circle,0.0011,0.1323,0.0000,0.0000,0
246.615,2,5136,-0.00625,0.00857,0.0060,0.0102,-0.02912,0.04500,0.00300,1,1,0.021,0.174,in_circle,0.0010,0.1321,0.0000,0.0000,0
246.658,2,5137,-0.00673,0.00858,-0.0113,0.0002,-0.02856,0.04441,0.00279,1,1,-0.027,0.085,in_circle,0.0010,0.1320,0.0000,0.0000,0
246.703,2,5138,-0.00695,0.00798,-0.0049,-0.0133,-0.02989,0.04489,0.00215,1,1,0.043,0.125,in_circle,0.0009,0.1319,0.0000,0.0000,0
246.746,2,5139,-0.00604,0.00845,0.0213,0.0108,-0.02835,0.04260,0.00302,1,1,0.018,0.180,in_circle,0.0009,0.1319,0.0000,0.0000,0
246.792,2,5140,-0.00658,0.00835,-0.0118,-0.0021,-0.02959,0.04346,0.00265,1,1,-0.089,0.083,in_circle,0.0009,0.1319,0.0000,0.0000,0
246.835,2,5141,-0.00647,0.00852,0.0025,0.0040,-0.03149,0.04451,0.00285,1,1,0.045,0.135,in_circle,0.0009,0.1319,0.0000,0.0000,0
246.880,2,5142,-0.00693,0.00804,-0.0102,-0.0107,-0.02939,0.04586,0.00222,1,1,-0.012,0.110,in_circle,0.0009,0.1319,0.0000,0.0000,0
246.923,2,5143,-0.00658,0.00867,0.0078,0.0143,-0.02972,0.04393,0.00294,1,1,0.039,0.170,in_circle,0.0009,0.1319,0.0000,0.0000,0
246.967,2,5144,-0.00651,0.00781,0.0016,-0.0197,-0.02963,0.04636,0.00222,1,1,-0.033,0.068,in_circle,0.0009,0.1319,0.0000,0.0000,0
247.010,2,5145,-0.00591,0.00845,0.0139,0.0149,-0.03160,0.04451,0.00310,1,1,-0.009,0.206,in_circle,0.0009,0.1319,0.0000,0.0000,0
247.055,2,5146,-0.00647,0.00860,-0.0124,0.0034,-0.02617,0.04553,0.00293,1,1,-0.059,0.066,in_circle,0.0009,0.1319,0.0000,0.0000,0
247.098,2,5147,-0.00621,0.00848,0.0060,-0.0029,-0.03312,0.04207,0.00295,1,1,0.047,0.112,in_circle,0.0009,0.1319,0.0000,0.0000,0
247.144,2,5148,-0.00593,0.00823,0.0060,-0.0053,-0.02896,0.04453,0.00291,1,1,-0.027,0.138,in_circle,0.0009,0.1319,0.0000,0.0000,0
247.187,2,5149,-0.00679,0.00820,-0.0199,-0.0008,-0.02956,0.04588,0.00242,1,1,-0.028,0.148,in_circle,0.0009,0.1319,0.0000,0.0000,0
247.231,2,5150,-0.00664,0.00841,0.0035,0.0050,-0.03091,0.04215,0.00268,1,1,0.078,0.130,in_circle,0.0009,0.1319,0.0000,0.0000,0
247.276,2,5151,-0.00628,0.00823,0.0078,-0.0039,-0.03124,0.04200,0.00270,1,1,-0.016,0.106,in_circle,0.0009,0.1319,0.0000,0.0000,0
247.320,2,5152,-0.00612,0.00887,0.0038,0.0147,-0.03005,0.04466,0.00333,1,1,-0.034,0.142,in_circle,0.0009,0.1319,0.0000,0.0000,0
247.363,2,5153,-0.00685,0.00798,-0.0167,-0.0204,-0.03054,0.04470,0.00220,1,1,-0.018,0.066,in_circle,0.0009,0.1319,0.0000,0.0000,0
247.407,2,5154,-0.00622,0.00833,0.0143,0.0080,-0.03014,0.04264,0.00282,1,1,0.065,0.209,in_circle,0.0009,0.1319,0.0000,0.0000,0
247.450,2,5155,-0.00669,0.00819,-0.0110,-0.0033,-0.02765,0.04259,0.00245,1,1,-0.060,0.094,in_circle,0.0009,0.1319,0.0000,0.0000,0
247.496,2,5156,-0.00594,0.00833,0.0165,0.0032,-0.03271,0.04392,0.00298,1,1,0.042,0.140,in_circle,0.0009,0.1319,0.0000,0.0000,0
247.538,2,5157,-0.00646,0.00847,-0.0121,0.0032,-0.03039,0.04358,0.00281,1,1,-0.070,0.113,in_circle,0.0009,0.1319,0.0000,0.0000,0
247.585,2,5158,-0.00599,0.00827,0.0102,-0.0043,-0.03137,0.04356,0.00291,1,1,0.046,0.113,in_circle,0.0009,0.1319,0.0000,0.0000,0
247.626,2,5159,-0.00594,0.00825,0.0013,-0.0005,-0.03072,0.04373,0.00292,1,1,-0.044,0.143,in_circle,0.0009,0.1319,0.0000,0.0000,0
247.673,2,5160,-0.00687,0.00837,-0.0202,0.0024,-0.03168,0.04430,0.00254,1,1,-0.009,0.128,in_circle,0.0009,0.1319,0.0000,0.0000,0
247.715,2,5161,-0.00685,0.00798,0.0004,-0.0090,-0.03071,0.04299,0.00219,1,1,0.079,0.116,in_circle,0.0009,0.1319,0.0000,0.0000,0
247.759,2,5162,-0.00668,0.00769,0.0040,-0.0065,-0.03116,0.04501,0.00203,1,1,-0.003,0.163,in_circle,0.0009,0.1319,0.0000,0.0000,0
247.804,2,5163,-0.00587,0.00866,0.0181,0.0218,-0.03086,0.04427,0.00329,1,1,-0.018,0.154,in_circle,0.0009,0.1319,0.0000,0.0000,0
247.848,2,5164,-0.00588,0.00857,-0.0002,-0.0022,-0.03179,0.04478,0.00320,1,1,-0.076,0.038,in_circle,0.0009,0.1319,0.0000,0.0000,0
247.892,2,5165,-0.00583,0.00802,0.0012,-0.0122,-0.03088,0.04522,0.00282,1,1,-0.003,0.134,in_circle,0.0009,0.1319,0.0000,0.0000,0
247.936,2,5166,-0.00588,0.00792,-0.0011,-0.0022,-0.02308,0.04183,0.00272,1,1,-0.009,0.176,in_circle,0.0009,0.1319,0.0000,0.0000,0
247.979,2,5167,-0.00608,0.00839,-0.0046,0.0108,-0.02751,0.04334,0.00295,1,1,0.001,0.136,in_circle,0.0009,0.1319,0.0000,0.0000,0
248.025,2,5168,-0.00657,0.00829,-0.0108,-0.0022,-0.03071,0.04379,0.00260,1,1,0.015,0.083,in_circle,0.0009,0.1319,0.0000,0.0000,0
248.068,2,5169,-0.00566,0.00818,0.0211,-0.0025,-0.02943,0.04382,0.00306,1,1,0.041,0.135,in_circle,0.0009,0.1319,0.0000,0.0000,0
248.112,2,5170,-0.00595,0.00829,-0.0066,0.0024,-0.02961,0.04474,0.00294,1,1,-0.089,0.136,in_circle,0.0009,0.1319,0.0000,0.0000,0
248.155,2,5171,-0.00676,0.00777,-0.0189,-0.0121,-0.02925,0.04403,0.00206,1,1,0.023,0.117,in_circle,0.0009,0.1319,0.0000,0.0000,0
248.200,2,5172,-0.00649,0.00802,0.0059,0.0055,-0.03098,0.04103,0.00241,1,1,0.074,0.176,in_circle,0.0009,0.1319,0.0000,0.0000,0
248.243,2,5173,-0.00681,0.00840,-0.0076,0.0089,-0.03045,0.04394,0.00260,1,1,-0.026,0.105,in_circle,0.0009,0.1319,0.0000,0.0000,0
248.289,2,5174,-0.00650,0.00841,0.0069,0.0003,-0.03119,0.04694,0.00274,1,1,0.029,0.090,in_circle,0.0009,0.1319,0.0000,0.0000,0
248.339,2,5175,-0.00650,0.00841,0.0000,0.0000,-0.02948,0.04416,0.00274,0,0,-0.030,0.125,in_circle,0.0009,0.1319,0.0000,0.0000,0
248.377,2,5176,-0.00686,0.00820,-0.0097,-0.0057,-0.02903,0.04513,0.00239,1,1,-0.002,0.126,in_circle,0.0009,0.1318,0.0000,0.0000,0
248.418,2,5177,-0.00682,0.00850,0.0012,0.0072,-0.02999,0.04553,0.00269,1,1,0.037,0.149,in_circle,0.0009,0.1318,0.0000,0.0000,0
248.464,2,5178,-0.00678,0.00833,0.0007,-0.0038,-0.02824,0.04551,0.00254,1,1,-0.006,0.097,in_circle,0.0009,0.1318,0.0000,0.0000,0
248.507,2,5179,-0.00696,0.00828,-0.0040,-0.0010,-0.03048,0.04572,0.00243,1,1,-0.005,0.141,in_circle,0.0009,0.1318,0.0000,0.0000,0
248.552,2,5180,-0.00645,0.00838,0.0111,0.0020,-0.03070,0.04412,0.00273,1,1,0.015,0.130,in_circle,0.0009,0.1318,0.0000,0.0000,0
248.641,2,5181,-0.00669,0.00829,-0.0027,-0.0010,-0.03004,0.04583,0.00255,1,1,-0.047,0.118,in_circle,0.0009,0.1318,0.0000,0.0000,0
248.684,2,5182,-0.00650,0.00835,0.0044,0.0013,-0.02877,0.04468,0.00268,1,1,0.009,0.130,in_circle,0.0009,0.1318,0.0000,0.0000,0
248.727,2,5183,-0.00630,0.00823,0.0047,-0.0027,-0.02957,0.04633,0.00269,1,1,-0.020,0.121,in_circle,0.0009,0.1318,0.0000,0.0000,0
248.770,2,5184,-0.00680,0.00861,-0.0115,0.0087,-0.02894,0.04294,0.00279,1,1,-0.022,0.137,in_circle,0.0009,0.1318,0.0000,0.0000,0
248.815,2,5185,-0.00669,0.00811,0.0024,-0.0110,-0.03081,0.04340,0.00238,1,1,0.044,0.091,in_circle,0.0009,0.1318,0.0000,0.0000,0
248.860,2,5186,-0.00690,0.00875,-0.0048,0.0145,-0.02977,0.04380,0.00289,1,1,-0.011,0.170,in_circle,0.0009,0.1318,0.0000,0.0000,0
248.904,2,5187,-0.00685,0.00860,0.0011,-0.0033,-0.03057,0.04504,0.00277,1,1,0.018,0.067,in_circle,0.0009,0.1318,0.0000,0.0000,0
248.947,2,5188,-0.00649,0.00853,0.0085,-0.0015,-0.03144,0.04352,0.00285,1,1,-0.006,0.139,in_circle,0.0009,0.1318,0.0000,0.0000,0
248.992,2,5189,-0.00679,0.00828,-0.0066,-0.0055,-0.02694,0.04366,0.00250,1,1,-0.036,0.132,in_circle,0.0009,0.1318,0.0000,0.0000,0
249.036,2,5190,-0.00648,0.00820,0.0071,-0.0019,-0.02917,0.04299,0.00257,1,1,0.025,0.148,in_circle,0.0009,0.1318,0.0000,0.0000,0
249.079,2,5191,-0.00620,0.00842,0.0065,0.0050,-0.03011,0.04474,0.00290,1,1,-0.031,0.134,in_circle,0.0009,0.1318,0.0000,0.0000,0
249.123,2,5192,-0.00644,0.00863,-0.0055,0.0049,-0.03029,0.04495,0.00296,1,1,-0.029,0.106,in_circle,0.0009,0.1318,0.0000,0.0000,0
249.167,2,5193,-0.00560,0.00793,0.0188,-0.0155,-0.03060,0.04452,0.00293,1,1,0.019,0.106,in_circle,0.0009,0.1318,0.0000,0.0000,0
249.211,2,5194,-0.00676,0.00802,-0.0269,0.0021,-0.02906,0.04503,0.00227,1,1,-0.080,0.189,in_circle,0.0009,0.1318,0.0000,0.0000,0
249.256,2,5195,-0.00677,0.00810,-0.0002,0.0017,-0.03127,0.04357,0.00234,1,1,0.106,0.119,in_circle,0.0009,0.1318,0.0000,0.0000,0
249.300,2,5196,-0.00553,0.00831,0.0283,0.0048,-0.03161,0.04096,0.00324,1,1,-0.001,0.120,in_circle,0.0009,0.1318,0.0000,0.0000,0
249.345,2,5197,-0.00613,0.00835,-0.0132,0.0008,-0.03134,0.04032,0.00288,1,1,-0.118,0.107,in_circle,0.0009,0.1318,0.0000,0.0000,0
249.388,2,5198,-0.00592,0.00783,0.0048,-0.0120,-0.03136,0.04278,0.00263,1,1,0.050,0.123,in_circle,0.0009,0.1318,0.0000,0.0000,0
249.431,2,5199,-0.00652,0.00819,-0.0139,0.0082,-0.02926,0.03732,0.00253,1,1,-0.023,0.175,in_circle,0.0009,0.1318,0.0000,0.0000,0
249.475,2,5200,-0.00695,0.00835,-0.0097,0.0037,-0.02890,0.03782,0.00250,1,1,0.053,0.093,in_circle,0.0009,0.1318,0.0000,0.0000,0
249.519,2,5201,-0.00667,0.00834,0.0065,-0.0002,-0.02861,0.04059,0.00260,1,1,0.038,0.111,in_circle,0.0009,0.1318,0.0000,0.0000,0
249.563,2,5202,-0.00574,0.00864,0.0213,0.0067,-0.02845,0.03947,0.00335,1,1,-0.028,0.127,in_circle,0.0009,0.1318,0.0000,0.0000,0
249.608,2,5203,-0.00651,0.00802,-0.0171,-0.0136,-0.02869,0.04420,0.00240,1,1,-0.090,0.098,in_circle,0.0009,0.1318,0.0000,0.0000,0
249.651,2,5204,-0.00695,0.00821,-0.0104,0.0044,-0.02939,0.04483,0.00237,1,1,0.066,0.181,in_circle,0.0009,0.1318,0.0000,0.0000,0
249.696,2,5205,-0.00692,0.00877,0.0006,0.0123,-0.03008,0.04296,0.00291,1,1,0.040,0.109,in_circle,0.0009,0.1318,0.0000,0.0000,0
249.739,2,5206,-0.00648,0.00820,0.0101,-0.0132,-0.03164,0.04291,0.00257,1,1,-0.004,0.076,in_circle,0.0009,0.1318,0.0000,0.0000,0
249.784,2,5207,-0.00587,0.00853,0.0136,0.0073,-0.02789,0.04621,0.00319,1,1,-0.043,0.179,in_circle,0.0009,0.1318,0.0000,0.0000,0
249.828,2,5208,-0.00634,0.00873,-0.0107,0.0045,-0.02780,0.04586,0.00310,1,1,-0.058,0.096,in_circle,0.0009,0.1318,0.0000,0.0000,0
249.873,2,5209,-0.00649,0.00800,-0.0034,-0.0164,-0.03118,0.04627,0.00239,1,1,0.040,0.107,in_circle,0.0009,0.1318,0.0000,0.0000,0
249.916,2,5210,-0.00612,0.00834,0.0085,0.0079,-0.02958,0.04637,0.00288,1,1,0.011,0.192,in_circle,0.0009,0.1318,0.0000,0.0000,0
249.959,2,5211,-0.00629,0.00822,-0.0037,-0.0026,-0.02813,0.04593,0.00269,1,1,-0.037,0.094,in_circle,0.0009,0.1318,0.0000,0.0000,0
250.003,2,5212,-0.00651,0.00794,-0.0051,-0.0064,-0.03135,0.04748,0.00233,1,1,0.012,0.137,in_circle,0.0009,0.1318,0.0000,0.0000,0
250.048,2,5213,-0.00656,0.00826,-0.0011,0.0071,-0.03012,0.04547,0.00258,1,1,0.018,0.153,in_circle,0.0009,0.1318,0.0000,0.0000,0
250.091,2,5214,-0.00636,0.00817,0.0047,-0.0022,-0.03170,0.04491,0.00260,1,1,0.002,0.098,in_circle,0.0009,0.1318,0.0000,0.0000,0
250.136,2,5215,-0.00640,0.00843,-0.0010,0.0057,-0.03138,0.04687,0.00280,1,1,-0.022,0.135,in_circle,0.0009,0.1318,0.0000,0.0000,0
250.179,2,5216,-0.00739,0.00872,-0.0234,0.0068,-0.03077,0.04675,0.00275,1,1,0.001,0.103,in_circle,0.0009,0.1318,0.0000,0.0000,0
250.224,2,5217,-0.00628,0.00828,0.0245,-0.0095,-0.02933,0.04561,0.00274,1,1,0.093,0.097,in_circle,0.0009,0.1317,0.0000,0.0000,0
250.268,2,5218,-0.00582,0.00818,0.0103,-0.0024,-0.02954,0.04547,0.00294,1,1,-0.101,0.164,in_circle,0.0008,0.1316,0.0000,0.0000,0
250.311,2,5219,-0.00564,0.00821,0.0043,0.0009,-0.02930,0.04615,0.00309,1,1,-0.045,0.136,in_circle,0.0007,0.1315,0.0000,0.0000,0
250.356,2,5220,-0.00619,0.00831,-0.0120,0.0021,-0.03121,0.04220,0.00282,1,1,-0.022,0.122,in_circle,0.0006,0.1314,0.0000,0.0000,0
250.400,2,5221,-0.00682,0.00824,-0.0145,-0.0016,-0.03031,0.03854,0.00245,1,1,0.044,0.117,in_circle,0.0005,0.1313,0.0000,0.0000,0
250.444,2,5222,-0.00655,0.00864,0.0060,0.0089,-0.03068,0.03929,0.00292,1,1,0.056,0.132,in_circle,0.0005,0.1312,0.0000,0.0000,0
250.488,2,5223,-0.00633,0.00831,0.0051,-0.0074,-0.03017,0.04277,0.00274,1,1,-0.027,0.089,in_circle,0.0004,0.1311,0.0000,0.0000,0
250.532,2,5224,-0.00679,0.00809,-0.0103,-0.0050,-0.03159,0.04224,0.00232,1,1,-0.024,0.155,in_circle,0.0004,0.1310,0.0000,0.0000,0
250.576,2,5225,-0.00662,0.00819,0.0038,0.0022,-0.03049,0.04170,0.00249,1,1,0.039,0.146,in_circle,0.0003,0.1309,0.0000,0.0000,0
250.664,2,5226,-0.00606,0.00806,0.0064,-0.0015,-0.03013,0.04384,0.00270,1,1,-0.018,0.116,in_circle,0.0002,0.1307,0.0000,0.0000,0
250.709,2,5227,-0.00672,0.00832,-0.0147,0.0059,-0.02991,0.04367,0.00256,1,1,-0.030,0.131,in_circle,0.0001,0.1306,0.0000,0.0000,0
250.751,2,5228,-0.00637,0.00807,0.0084,-0.0060,-0.03033,0.04372,0.00252,1,1,0.056,0.101,in_circle,0.0001,0.1305,0.0000,0.0000,0
250.796,2,5229,-0.00664,0.00819,-0.0061,0.0025,-0.02892,0.04327,0.00247,1,1,-0.037,0.149,in_circle,0.0000,0.1304,0.0000,0.0000,0
250.840,2,5230,-0.00657,0.00821,0.0015,0.0005,-0.03030,0.04313,0.00252,1,1,0.022,0.115,in_circle,-0.0000,0.1303,0.0000,0.0000,0
250.883,2,5231,-0.00651,0.00782,0.0016,-0.0089,-0.02849,0.04487,0.00224,1,1,-0.009,0.123,in_circle,-0.0001,0.1302,0.0000,0.0000,0
250.928,2,5232,-0.00672,0.00833,-0.0048,0.0113,-0.03013,0.04610,0.00256,1,1,-0.010,0.161,in_circle,-0.0001,0.1302,0.0000,0.0000,0
250.972,2,5233,-0.00695,0.00793,-0.0050,-0.0089,-0.03047,0.04574,0.00211,1,1,0.017,0.079,in_circle,-0.0001,0.1302,0.0000,0.0000,0
251.016,2,5234,-0.00670,0.00854,0.0057,0.0140,-0.03024,0.04359,0.00277,1,1,0.018,0.161,in_circle,-0.0001,0.1302,0.0000,0.0000,0
251.059,2,5235,-0.00627,0.00822,0.0100,-0.0076,-0.02810,0.04490,0.00269,1,1,-0.025,0.068,in_circle,-0.0001,0.1302,0.0000,0.0000,0
251.104,2,5236,-0.00666,0.00839,-0.0087,0.0039,-0.03050,0.04423,0.00265,1,1,-0.044,0.155,in_circle,-0.0001,0.1302,0.0000,0.0000,0
251.147,2,5237,-0.00649,0.00796,0.0039,-0.0099,-0.02729,0.04365,0.00236,1,1,0.032,0.109,in_circle,-0.0001,0.1302,0.0000,0.0000,0
251.193,2,5238,-0.00641,0.00873,0.0019,0.0168,-0.03091,0.04288,0.00307,1,1,-0.019,0.165,in_circle,-0.0001,0.1302,0.0000,0.0000,0
251.236,2,5239,-0.00702,0.00808,-0.0140,-0.0150,-0.02847,0.04545,0.00223,1,1,-0.011,0.056,in_circle,-0.0001,0.1302,0.0000,0.0000,0
251.280,2,5240,-0.00603,0.00775,0.0224,-0.0077,-0.02984,0.04524,0.00249,1,1,0.054,0.185,in_circle,-0.0001,0.1302,0.0000,0.0000,0
251.323,2,5241,-0.00581,0.00776,0.0051,0.0002,-0.02526,0.04344,0.00266,1,1,-0.094,0.156,in_circle,-0.0001,0.1302,0.0000,0.0000,0
251.367,2,5242,-0.00688,0.00823,-0.0243,0.0108,-0.03224,0.04436,0.00242,1,1,-0.026,0.125,in_circle,-0.0001,0.1302,0.0000,0.0000,0
251.411,2,5243,-0.00637,0.00861,0.0118,0.0086,-0.03067,0.04308,0.00297,1,1,0.095,0.081,in_circle,-0.0001,0.1302,0.0000,0.0000,0
251.457,2,5244,-0.00686,0.00866,-0.0107,0.0013,-0.03077,0.04107,0.00283,1,1,-0.051,0.089,in_circle,-0.0001,0.1302,0.0000,0.0000,0
251.500,2,5245,-0.00692,0.00834,-0.0016,-0.0076,-0.02872,0.04461,0.00250,1,1,0.040,0.118,in_circle,-0.0001,0.1302,0.0000,0.0000,0
251.545,2,5246,-0.00637,0.00829,0.0124,-0.0010,-0.02999,0.04553,0.00270,1,1,0.004,0.155,in_circle,-0.0001,0.1302,0.0000,0.0000,0
251.588,2,5247,-0.00680,0.00854,-0.0098,0.0057,-0.02946,0.04475,0.00273,1,1,-0.053,0.128,in_circle,-0.0001,0.1302,0.0000,0.0000,0
251.633,2,5248,-0.00648,0.00841,0.0070,-0.0028,-0.02951,0.04628,0.00275,1,1,0.037,0.101,in_circle,-0.0001,0.1302,0.0000,0.0000,0
251.676,2,5249,-0.00670,0.00829,-0.0050,-0.0028,-0.02872,0.04467,0.00255,1,1,-0.031,0.135,in_circle,-0.0001,0.1302,0.0000,0.0000,0
251.719,2,5250,-0.00702,0.00843,-0.0075,0.0031,-0.03063,0.04503,0.00255,1,1,0.017,0.136,in_circle,-0.0001,0.1302,0.0000,0.0000,0
251.763,2,5251,-0.00652,0.00858,0.0116,0.0035,-0.03033,0.04372,0.00288,1,1,0.028,0.112,in_circle,-0.0001,0.1302,0.0000,0.0000,0
251.808,2,5252,-0.00657,0.00788,-0.0012,-0.0156,-0.02903,0.04429,0.00225,1,1,-0.050,0.110,in_circle,-0.0001,0.1302,0.0000,0.0000,0
251.851,2,5253,-0.00651,0.00778,0.0014,-0.0023,-0.02915,0.04407,0.00220,1,1,0.002,0.188,in_circle,-0.0001,0.1302,0.0000,0.0000,0
251.896,2,5254,-0.00663,0.00822,-0.0025,0.0099,-0.03026,0.04238,0.00252,1,1,-0.009,0.135,in_circle,-0.0001,0.1302,0.0000,0.0000,0
251.940,2,5255,-0.00695,0.00829,-0.0072,0.0014,-0.03171,0.04346,0.00244,1,1,0.007,0.085,in_circle,-0.0001,0.1302,0.0000,0.0000,0
251.984,2,5256,-0.00621,0.00825,0.0169,-0.0009,-0.03164,0.04308,0.00276,1,1,0.027,0.119,in_circle,-0.0001,0.1302,0.0000,0.0000,0
252.028,2,5257,-0.00673,0.00813,-0.0118,-0.0026,-0.02919,0.04382,0.00239,1,1,-0.072,0.128,in_circle,-0.0001,0.1302,0.0000,0.0000,0
252.073,2,5258,-0.00658,0.00768,0.0034,-0.0101,-0.02957,0.04626,0.00208,1,1,0.044,0.135,in_circle,-0.0001,0.1302,0.0000,0.0000,0
252.116,2,5259,-0.00637,0.00774,0.0047,0.0014,-0.03097,0.04476,0.00225,1,1,-0.017,0.166,in_circle,-0.0001,0.1302,0.0000,0.0000,0
252.160,2,5260,-0.00625,0.00849,0.0028,0.0169,-0.02994,0.04572,0.00294,1,1,-0.022,0.120,in_circle,-0.0001,0.1302,0.0000,0.0000,0
252.203,2,5261,-0.00620,0.00827,0.0013,-0.0051,-0.03080,0.04526,0.00278,1,1,-0.015,0.056,in_circle,-0.0001,0.1302,0.0000,0.0000,0
252.248,2,5262,-0.00592,0.00874,0.0062,0.0105,-0.02948,0.04563,0.00333,1,1,-0.009,0.145,in_circle,-0.0001,0.1302,0.0000,0.0000,0
252.292,2,5263,-0.00638,0.00813,-0.0105,-0.0138,-0.02671,0.04318,0.00256,1,1,-0.030,0.081,in_circle,-0.0001,0.1302,0.0000,0.0000,0
252.336,2,5264,-0.00605,0.00837,0.0075,0.0055,-0.02990,0.04461,0.00295,1,1,0.038,0.180,in_circle,-0.0001,0.1302,0.0000,0.0000,0
252.379,2,5265,-0.00631,0.00835,-0.0061,-0.0004,-0.02739,0.04329,0.00278,1,1,-0.034,0.102,in_circle,-0.0001,0.1302,0.0000,0.0000,0
252.424,2,5266,-0.00606,0.00822,0.0054,-0.0030,-0.03241,0.04424,0.00282,1,1,0.020,0.126,in_circle,-0.0001,0.1302,0.0000,0.0000,0
252.467,2,5267,-0.00574,0.00806,0.0076,-0.0037,-0.02979,0.04457,0.00291,1,1,-0.026,0.137,in_circle,-0.0001,0.1302,0.0000,0.0000,0
252.513,2,5268,-0.00662,0.00848,-0.0192,0.0091,-0.03041,0.04440,0.00275,1,1,-0.036,0.140,in_circle,-0.0001,0.1302,0.0000,0.0000,0
252.555,2,5269,-0.00657,0.00841,0.0011,-0.0015,-0.03088,0.04405,0.00271,1,1,0.074,0.088,in_circle,-0.0001,0.1302,0.0000,0.0000,0
252.600,2,5270,-0.00630,0.00870,0.0059,0.0063,-0.03079,0.04424,0.00309,1,1,-0.008,0.130,in_circle,-0.0001,0.1302,0.0000,0.0000,0
252.688,2,5271,-0.00657,0.00854,-0.0031,-0.0018,-0.03097,0.04267,0.00282,1,1,-0.028,0.098,in_circle,-0.0001,0.1302,0.0000,0.0000,0
252.731,2,5272,-0.00617,0.00826,0.0093,-0.0064,-0.02939,0.04424,0.00279,1,1,0.009,0.131,in_circle,-0.0001,0.1302,0.0000,0.0000,0
252.777,2,5273,-0.00658,0.00854,-0.0090,0.0061,-0.03028,0.04476,0.00282,1,1,-0.041,0.150,in_circle,-0.0001,0.1302,0.0000,0.0000,0
252.819,2,5274,-0.00643,0.00810,0.0036,-0.0104,-0.02885,0.04488,0.00251,1,1,0.033,0.099,in_circle,-0.0001,0.1302,0.0000,0.0000,0
252.864,2,5275,-0.00667,0.00881,-0.0055,0.0158,-0.02886,0.04373,0.00303,1,1,-0.018,0.166,in_circle,-0.0001,0.1302,0.0000,0.0000,0
252.908,2,5276,-0.00667,0.00828,0.0001,-0.0121,-0.02931,0.04458,0.00255,1,1,0.019,0.060,in_circle,-0.0001,0.1302,0.0000,0.0000,0
252.952,2,5277,-0.00688,0.00828,-0.0048,0.0001,-0.03058,0.04271,0.00246,1,1,-0.003,0.173,in_circle,-0.0001,0.1302,0.0000,0.0000,0
252.996,2,5278,-0.00648,0.00788,0.0091,-0.0093,-0.02723,0.04221,0.00230,1,1,0.017,0.124,in_circle,-0.0001,0.1302,0.0000,0.0000,0
253.040,2,5279,-0.00703,0.00819,-0.0126,0.0072,-0.03161,0.04270,0.00232,1,1,-0.040,0.163,in_circle,-0.0001,0.1302,0.0000,0.0000,0
253.083,2,5280,-0.00629,0.00798,0.0173,-0.0050,-0.02995,0.04309,0.00249,1,1,0.048,0.096,in_circle,-0.0001,0.1302,0.0000,0.0000,0
253.129,2,5281,-0.00574,0.00804,0.0120,0.0013,-0.03092,0.04421,0.00290,1,1,-0.073,0.145,in_circle,-0.0001,0.1302,0.0000,0.0000,0
253.172,2,5282,-0.00571,0.00853,0.0006,0.0113,-0.02865,0.04376,0.00328,1,1,-0.053,0.120,in_circle,-0.0001,0.1302,0.0000,0.0000,0
253.216,2,5283,-0.00641,0.00849,-0.0159,-0.0007,-0.03079,0.04008,0.00286,1,1,-0.008,0.079,in_circle,-0.0001,0.1302,0.0000,0.0000,0
253.259,2,5284,-0.00684,0.00832,-0.0097,-0.0040,-0.02903,0.03899,0.00251,1,1,0.060,0.127,in_circle,-0.0001,0.1302,0.0000,0.0000,0
253.304,2,5285,-0.00681,0.00840,0.0007,0.0017,-0.02874,0.04014,0.00260,1,1,0.036,0.140,in_circle,-0.0001,0.1302,0.0000,0.0000,0
253.347,2,5286,-0.00724,0.00831,-0.0101,-0.0020,-0.02808,0.04331,0.00238,1,1,-0.005,0.117,in_circle,-0.0001,0.1302,0.0000,0.0000,0
253.393,2,5287,-0.00697,0.00878,0.0057,0.0101,-0.02864,0.04450,0.00290,1,1,0.039,0.132,in_circle,-0.0001,0.1301,0.0000,0.0000,0
253.435,2,5288,-0.00568,0.00841,0.0306,-0.0087,-0.02986,0.04554,0.00321,1,1,-0.025,0.083,in_circle,-0.0001,0.1300,0.0000,0.0000,0
253.479,2,5289,-0.00659,0.00852,-0.0205,0.0026,-0.02796,0.04459,0.00280,1,1,-0.128,0.159,in_circle,-0.0002,0.1299,0.0000,0.0000,0
253.524,2,5290,-0.00627,0.00778,0.0073,-0.0167,-0.02984,0.04267,0.00235,1,1,0.079,0.113,in_circle,-0.0003,0.1298,0.0000,0.0000,0
253.574,2,5291,-0.00627,0.00778,0.0000,0.0000,-0.02989,0.04093,0.00235,0,0,-0.033,0.192,in_circle,-0.0003,0.1297,0.0000,0.0000,0
253.659,2,5292,-0.00624,0.00849,0.0003,0.0083,-0.03323,0.04126,0.00294,1,1,-0.004,0.125,in_circle,-0.0004,0.1296,0.0000,0.0000,0
253.699,2,5293,-0.00692,0.00858,-0.0169,0.0022,-0.03324,0.04151,0.00272,1,1,-0.006,0.090,in_circle,-0.0005,0.1294,0.0000,0.0000,0
253.751,2,5294,-0.00692,0.00858,0.0000,0.0000,-0.03229,0.04362,0.00272,0,0,0.065,0.114,in_circle,-0.0006,0.1293,0.0000,0.0000,0
253.835,2,5295,-0.00669,0.00868,0.0027,0.0012,-0.02943,0.04555,0.00290,1,1,-0.003,0.123,in_circle,-0.0006,0.1291,0.0000,0.0000,0
253.877,2,5296,-0.00592,0.00859,0.0185,-0.0021,-0.02866,0.04710,0.00320,1,1,-0.014,0.117,in_circle,-0.0007,0.1289,0.0000,0.0000,0
253.919,2,5297,-0.00671,0.00830,-0.0189,-0.0069,-0.02991,0.04624,0.00254,1,1,-0.080,0.131,in_circle,-0.0008,0.1288,0.0000,0.0000,0
253.964,2,5298,-0.00646,0.00811,0.0055,-0.0041,-0.02959,0.04666,0.00250,1,1,0.072,0.151,in_circle,-0.0008,0.1287,0.0000,0.0000,0
254.007,2,5299,-0.00672,0.00868,-0.0060,0.0134,-0.03007,0.04543,0.00289,1,1,-0.026,0.140,in_circle,-0.0009,0.1286,0.0000,0.0000,0
254.053,2,5300,-0.00652,0.00864,0.0043,-0.0009,-0.03052,0.04636,0.00293,1,1,0.020,0.068,in_circle,-0.0010,0.1285,0.0000,0.0000,0
254.095,2,5301,-0.00660,0.00806,-0.0020,-0.0134,-0.03033,0.04565,0.00239,1,1,-0.021,0.125,in_circle,-0.0010,0.1284,0.0000,0.0000,0
254.141,2,5302,-0.00662,0.00830,-0.0003,0.0051,-0.02520,0.04538,0.00258,1,1,0.004,0.177,in_circle,-0.0011,0.1283,0.0000,0.0000,0
254.184,2,5303,-0.00586,0.00811,0.0174,-0.0043,-0.02878,0.04441,0.00287,1,1,-0.003,0.102,in_circle,-0.0011,0.1282,0.0000,0.0000,0
254.228,2,5304,-0.00685,0.00821,-0.0227,0.0023,-0.02959,0.04509,0.00241,1,1,-0.076,0.140,in_circle,-0.0011,0.1282,0.0000,0.0000,0
254.272,2,5305,-0.00620,0.00866,0.0149,0.0101,-0.02928,0.04530,0.00310,1,1,0.087,0.113,in_circle,-0.0011,0.1282,0.0000,0.0000,0
254.317,2,5306,-0.00640,0.00828,-0.0043,-0.0084,-0.03028,0.04486,0.00268,1,1,-0.065,0.081,in_circle,-0.0011,0.1282,0.0000,0.0000,0
254.359,2,5307,-0.00662,0.00854,-0.0054,0.0062,-0.02912,0.04534,0.00280,1,1,0.013,0.156,in_circle,-0.0011,0.1282,0.0000,0.0000,0
254.404,2,5308,-0.00673,0.00812,-0.0023,-0.0094,-0.03035,0.04472,0.00237,1,1,0.017,0.097,in_circle,-0.0011,0.1282,0.0000,0.0000,0
254.447,2,5309,-0.00624,0.00837,0.0112,0.0058,-0.03024,0.04224,0.00284,1,1,0.006,0.160,in_circle,-0.0011,0.1282,0.0000,0.0000,0
254.492,2,5310,-0.00651,0.00839,-0.0061,0.0005,-0.02995,0.04309,0.00272,1,1,-0.050,0.099,in_circle,-0.0011,0.1282,0.0000,0.0000,0
254.535,2,5311,-0.00689,0.00824,-0.0089,-0.0035,-0.03157,0.04248,0.00242,1,1,0.020,0.120,in_circle,-0.0011,0.1282,0.0000,0.0000,0
254.581,2,5312,-0.00606,0.00813,0.0183,-0.0024,-0.02954,0.04071,0.00275,1,1,0.032,0.137,in_circle,-0.0011,0.1282,0.0000,0.0000,0
254.623,2,5313,-0.00673,0.00822,-0.0156,0.0019,-0.03009,0.04346,0.00246,1,1,-0.079,0.132,in_circle,-0.0011,0.1282,0.0000,0.0000,0
254.711,2,5314,-0.00628,0.00807,0.0051,-0.0017,-0.03055,0.03809,0.00257,1,1,0.058,0.115,in_circle,-0.0011,0.1282,0.0000,0.0000,0
254.756,2,5315,-0.00690,0.00806,-0.0137,-0.0002,-0.02880,0.03902,0.00224,1,1,-0.025,0.130,in_circle,-0.0011,0.1282,0.0000,0.0000,0
254.799,2,5316,-0.00667,0.00826,0.0055,0.0048,-0.02923,0.04251,0.00253,1,1,0.052,0.124,in_circle,-0.0011,0.1282,0.0000,0.0000,0
254.844,2,5317,-0.00658,0.00843,0.0020,0.0037,-0.03065,0.04379,0.00272,1,1,-0.026,0.103,in_circle,-0.0011,0.1282,0.0000,0.0000,0
254.887,2,5318,-0.00649,0.00772,0.0022,-0.0166,-0.03076,0.04519,0.00216,1,1,-0.012,0.107,in_circle,-0.0011,0.1282,0.0000,0.0000,0
254.933,2,5319,-0.00629,0.00836,0.0042,0.0141,-0.02957,0.04416,0.00280,1,1,-0.013,0.190,in_circle,-0.0011,0.1282,0.0000,0.0000,0
254.976,2,5320,-0.00672,0.00821,-0.0098,-0.0034,-0.02959,0.04437,0.00246,1,1,-0.022,0.066,in_circle,-0.0011,0.1282,0.0000,0.0000,0
255.026,2,5321,-0.00672,0.00821,0.0000,0.0000,-0.03085,0.04347,0.00246,0,0,0.035,0.136,in_circle,-0.0011,0.1282,0.0000,0.0000,0
255.066,2,5322,-0.00634,0.00818,0.0098,-0.0008,-0.02628,0.04228,0.00263,1,1,-0.004,0.123,in_circle,-0.0012,0.1281,0.0000,0.0000,0
255.109,2,5323,-0.00605,0.00864,0.0067,0.0106,-0.02894,0.04549,0.00316,1,1,-0.044,0.126,in_circle,-0.0012,0.1281,0.0000,0.0000,0
255.151,2,5324,-0.00635,0.00806,-0.0070,-0.0135,-0.02988,0.04246,0.00252,1,1,-0.032,0.079,in_circle,-0.0012,0.1281,0.0000,0.0000,0
255.196,2,5325,-0.00658,0.00792,-0.0052,-0.0031,-0.02902,0.04317,0.00228,1,1,0.023,0.177,in_circle,-0.0012,0.1281,0.0000,0.0000,0
255.239,2,5326,-0.00597,0.00815,0.0140,0.0052,-0.02627,0.04430,0.00282,1,1,0.017,0.136,in_circle,-0.0012,0.1281,0.0000,0.0000,0
255.285,2,5327,-0.00673,0.00824,-0.0167,0.0021,-0.03132,0.04351,0.00249,1,1,-0.062,0.102,in_circle,-0.0012,0.1281,0.0000,0.0000,0
255.329,2,5328,-0.00660,0.00840,0.0030,0.0034,-0.03084,0.04436,0.00268,1,1,0.063,0.114,in_circle,-0.0012,0.1281,0.0000,0.0000,0
255.372,2,5329,-0.00670,0.00844,-0.0023,0.0011,-0.03161,0.04336,0.00268,1,1,-0.016,0.108,in_circle,-0.0012,0.1281,0.0000,0.0000,0
255.415,2,5330,-0.00687,0.00813,-0.0039,-0.0074,-0.03144,0.04448,0.00232,1,1,0.005,0.118,in_circle,-0.0012,0.1281,0.0000,0.0000,0
255.460,2,5331,-0.00677,0.00819,0.0022,0.0014,-0.03175,0.04497,0.00242,1,1,0.012,0.152,in_circle,-0.0012,0.1281,0.0000,0.0000,0
255.504,2,5332,-0.00672,0.00827,0.0013,0.0019,-0.03109,0.04677,0.00252,1,1,-0.012,0.117,in_circle,-0.0012,0.1281,0.0000,0.0000,0
255.548,2,5333,-0.00616,0.00825,0.0126,-0.0005,-0.03095,0.04614,0.00278,1,1,-0.009,0.115,in_circle,-0.0012,0.1281,0.0000,0.0000,0
255.591,2,5334,-0.00669,0.00806,-0.0124,-0.0044,-0.03016,0.04501,0.00234,1,1,-0.056,0.125,in_circle,-0.0012,0.1281,0.0000,0.0000,0
255.636,2,5335,-0.00692,0.00808,-0.0052,0.0006,-0.02998,0.04473,0.00226,1,1,0.045,0.141,in_circle,-0.0012,0.1281,0.0000,0.0000,0
255.679,2,5336,-0.00656,0.00821,0.0082,0.0029,-0.03103,0.04489,0.00253,1,1,0.017,0.120,in_circle,-0.0012,0.1281,0.0000,0.0000,0
255.724,2,5337,-0.00610,0.00853,0.0103,0.0071,-0.03010,0.04371,0.00305,1,1,-0.037,0.111,in_circle,-0.0012,0.1281,0.0000,0.0000,0
255.767,2,5338,-0.00676,0.00829,-0.0154,-0.0055,-0.03038,0.04426,0.00251,1,1,-0.047,0.093,in_circle,-0.0012,0.1281,0.0000,0.0000,0
255.812,2,5339,-0.00638,0.00838,0.0086,0.0020,-0.02968,0.04442,0.00277,1,1,0.058,0.144,in_circle,-0.0012,0.1281,0.0000,0.0000,0
255.856,2,5340,-0.00654,0.00798,-0.0038,-0.0088,-0.02557,0.04265,0.00235,1,1,-0.039,0.114,in_circle,-0.0012,0.1281,0.0000,0.0000,0
255.900,2,5341,-0.00637,0.00816,0.0039,0.0040,-0.02601,0.04293,0.00259,1,1,0.011,0.158,in_circle,-0.0012,0.1281,0.0000,0.0000,0
255.944,2,5342,-0.00606,0.00800,0.0071,-0.0037,-0.02758,0.04297,0.00265,1,1,-0.020,0.107,in_circle,-0.0012,0.1281,0.0000,0.0000,0
255.988,2,5343,-0.00694,0.00847,-0.0199,0.0107,-0.02975,0.04451,0.00262,1,1,-0.034,0.138,in_circle,-0.0012,0.1281,0.0000,0.0000,0
256.032,2,5344,-0.00683,0.00843,0.0023,-0.0009,-0.02967,0.04518,0.00262,1,1,0.076,0.079,in_circle,-0.0012,0.1281,0.0000,0.0000,0
256.077,2,5345,-0.00675,0.00846,0.0020,0.0007,-0.02843,0.04351,0.00268,1,1,-0.013,0.126,in_circle,-0.0012,0.1281,0.0000,0.0000,0
256.121,2,5346,-0.00728,0.00837,-0.0121,-0.0021,-0.02701,0.04463,0.00242,1,1,-0.012,0.119,in_circle,-0.0012,0.1281,0.0000,0.0000,0
256.164,2,5347,-0.00614,0.00827,0.0259,-0.0023,-0.02922,0.04285,0.00281,1,1,0.046,0.131,in_circle,-0.0012,0.1281,0.0000,0.0000,0
256.209,2,5348,-0.00640,0.00762,-0.0059,-0.0147,-0.02842,0.04473,0.00214,1,1,-0.109,0.131,in_circle,-0.0012,0.1281,0.0000,0.0000,0
256.252,2,5349,-0.00645,0.00804,-0.0012,0.0097,-0.02737,0.04407,0.00245,1,1,0.019,0.183,in_circle,-0.0012,0.1281,0.0000,0.0000,0
256.295,2,5350,-0.00588,0.00805,0.0134,0.0001,-0.02946,0.04074,0.00281,1,1,0.000,0.084,in_circle,-0.0012,0.1281,0.0000,0.0000,0
256.340,2,5351,-0.00624,0.00845,-0.0080,0.0089,-0.03312,0.04039,0.00291,1,1,-0.060,0.122,in_circle,-0.0012,0.1281,0.0000,0.0000,0
256.384,2,5352,-0.00653,0.00846,-0.0065,0.0002,-0.03055,0.04084,0.00277,1,1,0.027,0.086,in_circle,-0.0012,0.1281,0.0000,0.0000,0
256.428,2,5353,-0.00570,0.00779,0.0188,-0.0154,-0.03182,0.04091,0.00276,1,1,0.022,0.121,in_circle,-0.0012,0.1281,0.0000,0.0000,0
256.472,2,5354,-0.00687,0.00817,-0.0262,0.0085,-0.03085,0.04277,0.00236,1,1,-0.082,0.185,in_circle,-0.0013,0.1280,0.0000,0.0000,0
256.516,2,5355,-0.00694,0.00807,-0.0015,-0.0022,-0.03088,0.04369,0.00225,1,1,0.101,0.089,in_circle,-0.0013,0.1279,0.0000,0.0000,0
256.559,2,5356,-0.00654,0.00826,0.0092,0.0044,-0.03220,0.04055,0.00259,1,1,0.003,0.131,in_circle,-0.0013,0.1278,0.0000,0.0000,0
256.604,2,5357,-0.00657,0.00822,-0.0005,-0.0011,-0.02944,0.04467,0.00254,1,1,-0.041,0.104,in_circle,-0.0014,0.1277,0.0000,0.0000,0
256.647,2,5358,-0.00635,0.00818,0.0050,-0.0009,-0.02931,0.04706,0.00262,1,1,-0.002,0.126,in_circle,-0.0015,0.1276,0.0000,0.0000,0
256.735,2,5359,-0.00628,0.00834,0.0008,0.0018,-0.03022,0.04537,0.00279,1,1,-0.025,0.125,in_circle,-0.0016,0.1274,0.0000,0.0000,0
256.781,2,5360,-0.00639,0.00808,-0.0025,-0.0057,-0.02982,0.04506,0.00251,1,1,-0.009,0.114,in_circle,-0.0016,0.1273,0.0000,0.0000,0
256.825,2,5361,-0.00623,0.00871,0.0037,0.0144,-0.02985,0.04420,0.00313,1,1,0.005,0.145,in_circle,-0.0017,0.1272,0.0000,0.0000,0
256.868,2,5362,-0.00671,0.00841,-0.0111,-0.0070,-0.02872,0.04467,0.00264,1,1,-0.020,0.063,in_circle,-0.0017,0.1272,0.0000,0.0000,0
256.914,2,5363,-0.00656,0.00811,0.0034,-0.0065,-0.02835,0.04438,0.00245,1,1,0.040,0.149,in_circle,-0.0017,0.1272,0.0000,0.0000,0
256.955,2,5364,-0.00636,0.00834,0.0049,0.0055,-0.02507,0.04415,0.00275,1,1,-0.018,0.148,in_circle,-0.0017,0.1272,0.0000,0.0000,0
257.001,2,5365,-0.00685,0.00831,-0.0109,-0.0006,-0.02741,0.04510,0.00250,1,1,-0.025,0.100,in_circle,-0.0017,0.1272,0.0000,0.0000,0
257.044,2,5366,-0.00651,0.00801,0.0080,-0.0070,-0.02807,0.04398,0.00239,1,1,0.040,0.124,in_circle,-0.0017,0.1272,0.0000,0.0000,0
257.088,2,5367,-0.00638,0.00857,0.0029,0.0126,-0.02923,0.04506,0.00294,1,1,-0.037,0.150,in_circle,-0.0017,0.1272,0.0000,0.0000,0
257.133,2,5368,-0.00643,0.00827,-0.0012,-0.0065,-0.02921,0.04404,0.00265,1,1,-0.017,0.070,in_circle,-0.0017,0.1272,0.0000,0.0000,0
257.176,2,5369,-0.00705,0.00854,-0.0144,0.0062,-0.03028,0.04530,0.00265,1,1,-0.001,0.148,in_circle,-0.0017,0.1272,0.0000,0.0000,0
257.220,2,5370,-0.00640,0.00833,0.0148,-0.0048,-0.02959,0.04482,0.00272,1,1,0.054,0.096,in_circle,-0.0017,0.1272,0.0000,0.0000,0
257.264,2,5371,-0.00694,0.00826,-0.0124,-0.0016,-0.03024,0.04524,0.00241,1,1,-0.064,0.141,in_circle,-0.0017,0.1272,0.0000,0.0000,0
257.308,2,5372,-0.00592,0.00861,0.0234,0.0082,-0.02962,0.04585,0.00322,1,1,0.046,0.128,in_circle,-0.0017,0.1272,0.0000,0.0000,0
257.352,2,5373,-0.00621,0.00862,-0.0065,0.0001,-0.03056,0.04333,0.00306,1,1,-0.100,0.088,in_circle,-0.0017,0.1272,0.0000,0.0000,0
257.397,2,5374,-0.00611,0.00796,0.0024,-0.0149,-0.02932,0.04664,0.00259,1,1,0.020,0.120,in_circle,-0.0017,0.1272,0.0000,0.0000,0
257.441,2,5375,-0.00649,0.00803,-0.0085,0.0016,-0.03112,0.04332,0.00242,1,1,-0.015,0.182,in_circle,-0.0017,0.1272,0.0000,0.0000,0
257.485,2,5376,-0.00623,0.00847,0.0056,0.0097,-0.03082,0.03947,0.00292,1,1,0.029,0.116,in_circle,-0.0017,0.1272,0.0000,0.0000,0
257.528,2,5377,-0.00538,0.00860,0.0202,0.0032,-0.03227,0.04111,0.00355,1,1,-0.028,0.082,in_circle,-0.0017,0.1272,0.0000,0.0000,0
257.571,2,5378,-0.00632,0.00868,-0.0216,0.0018,-0.03032,0.04205,0.00306,1,1,-0.089,0.108,in_circle,-0.0018,0.1271,0.0000,0.0000,0
257.616,2,5379,-0.00619,0.00828,0.0030,-0.0089,-0.02919,0.04051,0.00279,1,1,0.081,0.113,in_circle,-0.0019,0.1270,0.0000,0.0000,0
257.660,2,5380,-0.00658,0.00831,-0.0089,0.0007,-0.02807,0.04049,0.00261,1,1,-0.018,0.157,in_circle,-0.0019,0.1269,0.0000,0.0000,0
257.704,2,5381,-0.00663,0.00879,-0.0011,0.0110,-0.03016,0.04397,0.00303,1,1,0.031,0.118,in_circle,-0.0020,0.1268,0.0000,0.0000,0
257.751,2,5382,-0.00641,0.00824,0.0047,-0.0118,-0.02919,0.04401,0.00263,1,1,-0.001,0.076,in_circle,-0.0021,0.1267,0.0000,0.0000,0
257.792,2,5383,-0.00609,0.00876,0.0076,0.0126,-0.02981,0.04458,0.00324,1,1,-0.025,0.168,in_circle,-0.0021,0.1266,0.0000,0.0000,0
257.836,2,5384,-0.00674,0.00817,-0.0145,-0.0132,-0.02671,0.04268,0.00242,1,1,-0.037,0.069,in_circle,-0.0022,0.1265,0.0000,0.0000,0
257.880,2,5385,-0.00644,0.00813,0.0067,-0.0010,-0.03089,0.04216,0.00252,1,1,0.053,0.174,in_circle,-0.0022,0.1264,0.0000,0.0000,0
257.924,2,5386,-0.00576,0.00814,0.0156,0.0004,-0.02675,0.04099,0.00296,1,1,-0.032,0.125,in_circle,-0.0023,0.1263,0.0000,0.0000,0
257.968,2,5387,-0.00664,0.00789,-0.0200,-0.0059,-0.03100,0.04490,0.00222,1,1,-0.070,0.119,in_circle,-0.0023,0.1263,0.0000,0.0000,0
258.012,2,5388,-0.00679,0.00859,-0.0035,0.0159,-0.02888,0.04354,0.00278,1,1,0.075,0.145,in_circle,-0.0023,0.1263,0.0000,0.0000,0
258.056,2,5389,-0.00610,0.00837,0.0159,-0.0051,-0.03058,0.04115,0.00292,1,1,0.009,0.056,in_circle,-0.0023,0.1263,0.0000,0.0000,0
258.100,2,5390,-0.00672,0.00857,-0.0140,0.0044,-0.02944,0.04380,0.00278,1,1,-0.070,0.141,in_circle,-0.0023,0.1263,0.0000,0.0000,0
258.144,2,5391,-0.00681,0.00813,-0.0021,-0.0100,-0.02486,0.04712,0.00235,1,1,0.051,0.102,in_circle,-0.0023,0.1263,0.0000,0.0000,0
258.188,2,5392,-0.00596,0.00811,0.0192,-0.0005,-0.02896,0.04512,0.00280,1,1,0.004,0.161,in_circle,-0.0023,0.1263,0.0000,0.0000,0
258.232,2,5393,-0.00677,0.00824,-0.0184,0.0031,-0.02738,0.04569,0.00247,1,1,-0.084,0.123,in_circle,-0.0023,0.1263,0.0000,0.0000,0
258.276,2,5394,-0.00653,0.00815,0.0057,-0.0023,-0.03109,0.04729,0.00250,1,1,0.069,0.108,in_circle,-0.0023,0.1263,0.0000,0.0000,0
258.321,2,5395,-0.00692,0.00834,-0.0088,0.0043,-0.02961,0.04481,0.00250,1,1,-0.028,0.130,in_circle,-0.0023,0.1263,0.0000,0.0000,0
258.364,2,5396,-0.00659,0.00859,0.0075,0.0058,-0.03113,0.04430,0.00286,1,1,0.031,0.103,in_circle,-0.0023,0.1263,0.0000,0.0000,0
258.407,2,5397,-0.00697,0.00806,-0.0087,-0.0122,-0.03024,0.04456,0.00222,1,1,-0.035,0.097,in_circle,-0.0023,0.1263,0.0000,0.0000,0
258.452,2,5398,-0.00688,0.00825,0.0020,0.0042,-0.03084,0.04579,0.00243,1,1,0.031,0.170,in_circle,-0.0023,0.1263,0.0000,0.0000,0
258.496,2,5399,-0.00692,0.00822,-0.0010,-0.0007,-0.03044,0.04355,0.00239,1,1,-0.013,0.104,in_circle,-0.0023,0.1263,0.0000,0.0000,0
258.540,2,5400,-0.00656,0.00818,0.0083,-0.0009,-0.03045,0.04500,0.00251,1,1,-0.000,0.123,in_circle,-0.0023,0.1263,0.0000,0.0000,0
258.584,2,5401,-0.00637,0.00846,0.0042,0.0063,-0.02948,0.04460,0.00285,1,1,-0.039,0.124,in_circle,-0.0023,0.1263,0.0000,0.0000,0
258.628,2,5402,-0.00652,0.00875,-0.0033,0.0063,-0.03080,0.04265,0.00303,1,1,-0.023,0.095,in_circle,-0.0023,0.1263,0.0000,0.0000,0
258.673,2,5403,-0.00690,0.00874,-0.0085,-0.0001,-0.03087,0.04351,0.00289,1,1,0.008,0.094,in_circle,-0.0023,0.1263,0.0000,0.0000,0
258.760,2,5404,-0.00670,0.00779,0.0022,-0.0110,-0.02880,0.04300,0.00210,1,1,0.029,0.120,in_circle,-0.0023,0.1263,0.0000,0.0000,0
258.803,2,5405,-0.00671,0.00833,-0.0001,0.0127,-0.02747,0.04426,0.00257,1,1,-0.014,0.166,in_circle,-0.0023,0.1263,0.0000,0.0000,0
258.849,2,5406,-0.00644,0.00830,0.0058,-0.0006,-0.02841,0.04430,0.00268,1,1,-0.005,0.070,in_circle,-0.0023,0.1263,0.0000,0.0000,0
258.892,2,5407,-0.00619,0.00816,0.0058,-0.0034,-0.02891,0.04473,0.00269,1,1,-0.029,0.123,in_circle,-0.0023,0.1263,0.0000,0.0000,0
258.936,2,5408,-0.00622,0.00814,-0.0007,-0.0005,-0.02387,0.04256,0.00266,1,1,-0.030,0.134,in_circle,-0.0023,0.1263,0.0000,0.0000,0
258.979,2,5409,-0.00673,0.00807,-0.0119,-0.0015,-0.02713,0.04394,0.00233,1,1,-0.003,0.123,in_circle,-0.0023,0.1263,0.0000,0.0000,0
259.025,2,5410,-0.00614,0.00850,0.0130,0.0094,-0.02777,0.04121,0.00301,1,1,0.042,0.127,in_circle,-0.0023,0.1263,0.0000,0.0000,0
259.067,2,5411,-0.00689,0.00827,-0.0178,-0.0056,-0.02954,0.04310,0.00244,1,1,-0.058,0.082,in_circle,-0.0023,0.1263,0.0000,0.0000,0
259.113,2,5412,-0.00686,0.00795,0.0007,-0.0068,-0.02753,0.04551,0.00217,1,1,0.067,0.143,in_circle,-0.0023,0.1263,0.0000,0.0000,0
259.157,2,5413,-0.00691,0.00789,-0.0010,-0.0016,-0.02807,0.04229,0.00209,1,1,-0.007,0.149,in_circle,-0.0023,0.1263,0.0000,0.0000,0
259.201,2,5414,-0.00662,0.00815,0.0065,0.0059,-0.03123,0.04403,0.00245,1,1,-0.001,0.128,in_circle,-0.0023,0.1263,0.0000,0.0000,0
259.244,2,5415,-0.00663,0.00817,-0.0003,0.0006,-0.03151,0.04348,0.00247,1,1,-0.031,0.097,in_circle,-0.0023,0.1263,0.0000,0.0000,0
259.289,2,5416,-0.00690,0.00808,-0.0059,-0.0021,-0.03126,0.04422,0.00227,1,1,-0.004,0.118,in_circle,-0.0023,0.1263,0.0000,0.0000,0
259.332,2,5417,-0.00663,0.00836,0.0063,0.0065,-0.03165,0.04418,0.00264,1,1,0.019,0.129,in_circle,-0.0023,0.1263,0.0000,0.0000,0
259.377,2,5418,-0.00635,0.00843,0.0062,0.0016,-0.03162,0.04345,0.00283,1,1,-0.030,0.095,in_circle,-0.0023,0.1263,0.0000,0.0000,0
259.419,2,5419,-0.00667,0.00843,-0.0074,0.0000,-0.03062,0.04503,0.00268,1,1,-0.031,0.114,in_circle,-0.0023,0.1263,0.0000,0.0000,0
259.464,2,5420,-0.00697,0.00815,-0.0069,-0.0062,-0.03096,0.04423,0.00231,1,1,0.025,0.120,in_circle,-0.0023,0.1263,0.0000,0.0000,0
259.508,2,5421,-0.00606,0.00866,0.0207,0.0114,-0.03049,0.04364,0.00318,1,1,0.023,0.146,in_circle,-0.0023,0.1263,0.0000,0.0000,0
259.552,2,5422,-0.00682,0.00816,-0.0175,-0.0114,-0.03045,0.04275,0.00237,1,1,-0.089,0.074,in_circle,-0.0023,0.1263,0.0000,0.0000,0
259.596,2,5423,-0.00635,0.00840,0.0105,0.0054,-0.02914,0.04335,0.00280,1,1,0.065,0.167,in_circle,-0.0023,0.1263,0.0000,0.0000,0
259.640,2,5424,-0.00659,0.00806,-0.0054,-0.0078,-0.02735,0.04180,0.00239,1,1,-0.048,0.099,in_circle,-0.0023,0.1263,0.0000,0.0000,0
259.683,2,5425,-0.00659,0.00812,-0.0000,0.0012,-0.03095,0.04061,0.00244,1,1,0.016,0.152,in_circle,-0.0023,0.1263,0.0000,0.0000,0
259.729,2,5426,-0.00667,0.00812,-0.0019,0.0001,-0.02914,0.04168,0.00240,1,1,-0.005,0.116,in_circle,-0.0023,0.1263,0.0000,0.0000,0
259.773,2,5427,-0.00654,0.00836,0.0030,0.0055,-0.03245,0.03995,0.00268,1,1,0.003,0.121,in_circle,-0.0023,0.1263,0.0000,0.0000,0
259.817,2,5428,-0.00656,0.00854,-0.0004,0.0042,-0.02872,0.04329,0.00283,1,1,-0.017,0.098,in_circle,-0.0023,0.1263,0.0000,0.0000,0
259.860,2,5429,-0.00645,0.00798,0.0025,-0.0131,-0.02936,0.04043,0.00240,1,1,-0.004,0.103,in_circle,-0.0023,0.1263,0.0000,0.0000,0
259.906,2,5430,-0.00638,0.00773,0.0015,-0.0056,-0.02855,0.04140,0.00223,1,1,-0.016,0.174,in_circle,-0.0023,0.1263,0.0000,0.0000,0
259.947,2,5431,-0.00656,0.00820,-0.0041,0.0115,-0.02935,0.04349,0.00253,1,1,-0.012,0.145,in_circle,-0.0023,0.1263,0.0000,0.0000,0
259.992,2,5432,-0.00547,0.00872,0.0241,0.0114,-0.02947,0.04091,0.00358,1,1,0.011,0.075,in_circle,-0.0023,0.1263,0.0000,0.0000,0
260.035,2,5433,-0.00690,0.00834,-0.0330,-0.0087,-0.02855,0.04240,0.00251,1,1,-0.104,0.074,in_circle,-0.0024,0.1261,0.0000,0.0000,0
260.081,2,5434,-0.00639,0.00785,0.0112,-0.0107,-0.02649,0.04241,0.00233,1,1,0.127,0.155,in_circle,-0.0024,0.1260,0.0000,0.0000,0
260.124,2,5435,-0.00614,0.00828,0.0059,0.0102,-0.02682,0.04164,0.00283,1,1,-0.051,0.164,in_circle,-0.0025,0.1260,0.0000,0.0000,0
260.168,2,5436,-0.00658,0.00813,-0.0100,-0.0035,-0.02988,0.04504,0.00245,1,1,-0.030,0.080,in_circle,-0.0025,0.1260,0.0000,0.0000,0
260.211,2,5437,-0.00581,0.00868,0.0177,0.0127,-0.02869,0.04681,0.00334,1,1,0.034,0.135,in_circle,-0.0025,0.1260,0.0000,0.0000,0
260.256,2,5438,-0.00665,0.00793,-0.0189,-0.0168,-0.02770,0.04575,0.00224,1,1,-0.078,0.068,in_circle,-0.0025,0.1260,0.0000,0.0000,0
260.299,2,5439,-0.00561,0.00884,0.0244,0.0213,-0.02663,0.04594,0.00359,1,1,0.070,0.188,in_circle,-0.0025,0.1260,0.0000,0.0000,0
260.344,2,5440,-0.00666,0.00832,-0.0232,-0.0117,-0.02718,0.04588,0.00258,1,1,-0.105,0.034,in_circle,-0.0025,0.1260,0.0000,0.0000,0
260.387,2,5441,-0.00667,0.00822,-0.0004,-0.0023,-0.03138,0.04687,0.00249,1,1,0.087,0.167,in_circle,-0.0025,0.1260,0.0000,0.0000,0
260.439,2,5442,-0.00667,0.00822,0.0000,0.0000,-0.02548,0.04367,0.00249,0,0,-0.004,0.130,in_circle,-0.0025,0.1260,0.0000,0.0000,0
260.529,2,5443,-0.00667,0.00822,0.0000,0.0000,-0.02890,0.04498,0.00249,0,0,-0.005,0.120,in_circle,-0.0026,0.1258,0.0000,0.0000,0
260.567,2,5444,-0.00659,0.00847,0.0023,0.0066,-0.03083,0.04425,0.00275,1,1,-0.005,0.120,in_circle,-0.0027,0.1256,0.0000,0.0000,0
260.609,2,5445,-0.00609,0.00841,0.0118,-0.0013,-0.03019,0.04581,0.00296,1,1,-0.015,0.093,in_circle,-0.0027,0.1256,0.0000,0.0000,0
260.659,2,5446,-0.00609,0.00841,0.0000,0.0000,-0.03048,0.04471,0.00296,0,0,-0.054,0.125,in_circle,-0.0027,0.1256,0.0000,0.0000,0
260.697,2,5447,-0.00600,0.00849,0.0024,0.0021,-0.03101,0.04297,0.00307,1,1,-0.007,0.119,in_circle,-0.0027,0.1255,0.0000,0.0000,0
260.785,2,5448,-0.00666,0.00822,-0.0075,-0.0031,-0.02967,0.04430,0.00250,1,1,-0.017,0.111,in_circle,-0.0027,0.1255,0.0000,0.0000,0
260.828,2,5449,-0.00591,0.00775,0.0172,-0.0109,-0.03085,0.04218,0.00257,1,1,0.024,0.132,in_circle,-0.0027,0.1255,0.0000,0.0000,0
260.872,2,5450,-0.00676,0.00831,-0.0192,0.0126,-0.03072,0.04163,0.00253,1,1,-0.076,0.165,in_circle,-0.0027,0.1255,0.0000,0.0000,0
260.916,2,5451,-0.00654,0.00824,0.0049,-0.0016,-0.03120,0.04273,0.00256,1,1,0.072,0.069,in_circle,-0.0027,0.1255,0.0000,0.0000,0
260.961,2,5452,-0.00657,0.00815,-0.0007,-0.0019,-0.03199,0.04149,0.00248,1,1,-0.026,0.126,in_circle,-0.0027,0.1255,0.0000,0.0000,0
261.004,2,5453,-0.00579,0.00834,0.0183,0.0043,-0.02868,0.04209,0.00309,1,1,-0.003,0.128,in_circle,-0.0027,0.1255,0.0000,0.0000,0
261.048,2,5454,-0.00625,0.00834,-0.0104,0.0001,-0.03095,0.04372,0.00281,1,1,-0.081,0.102,in_circle,-0.0027,0.1255,0.0000,0.0000,0
261.092,2,5455,-0.00635,0.00824,-0.0023,-0.0024,-0.02937,0.04139,0.00267,1,1,0.035,0.119,in_circle,-0.0027,0.1255,0.0000,0.0000,0
261.136,2,5456,-0.00645,0.00809,-0.0022,-0.0033,-0.02865,0.04093,0.00249,1,1,0.003,0.129,in_circle,-0.0027,0.1255,0.0000,0.0000,0
261.179,2,5457,-0.00684,0.00807,-0.0091,-0.0005,-0.02929,0.04120,0.00228,1,1,0.003,0.133,in_circle,-0.0027,0.1255,0.0000,0.0000,0
261.224,2,5458,-0.00618,0.00864,0.0145,0.0126,-0.02854,0.04229,0.00310,1,1,0.031,0.122,in_circle,-0.0027,0.1255,0.0000,0.0000,0
261.268,2,5459,-0.00665,0.00859,-0.0107,-0.0011,-0.02967,0.04199,0.00284,1,1,-0.065,0.068,in_circle,-0.0027,0.1255,0.0000,0.0000,0
261.312,2,5460,-0.00674,0.00828,-0.0022,-0.0071,-0.02871,0.04380,0.00251,1,1,0.037,0.124,in_circle,-0.0027,0.1255,0.0000,0.0000,0
261.355,2,5461,-0.00685,0.00847,-0.0024,0.0045,-0.02739,0.04392,0.00265,1,1,0.003,0.148,in_circle,-0.0027,0.1255,0.0000,0.0000,0
261.401,2,5462,-0.00671,0.00783,0.0030,-0.0140,-0.02789,0.04400,0.00213,1,1,0.004,0.101,in_circle,-0.0027,0.1255,0.0000,0.0000,0
261.443,2,5463,-0.00686,0.00834,-0.0035,0.0122,-0.02960,0.04438,0.00253,1,1,-0.018,0.177,in_circle,-0.0027,0.1255,0.0000,0.0000,0
261.489,2,5464,-0.00690,0.00810,-0.0009,-0.0053,-0.02834,0.04630,0.00229,1,1,0.009,0.071,in_circle,-0.0027,0.1255,0.0000,0.0000,0
261.533,2,5465,-0.00650,0.00793,0.0091,-0.0040,-0.03096,0.04470,0.00233,1,1,-0.001,0.141,in_circle,-0.0027,0.1255,0.0000,0.0000,0
261.577,2,5466,-0.00674,0.00827,-0.0055,0.0078,-0.02786,0.04464,0.00251,1,1,-0.043,0.137,in_circle,-0.0027,0.1255,0.0000,0.0000,0
261.619,2,5467,-0.00666,0.00836,0.0019,0.0020,-0.03142,0.04481,0.00262,1,1,0.017,0.088,in_circle,-0.0027,0.1255,0.0000,0.0000,0
261.665,2,5468,-0.00618,0.00825,0.0105,-0.0023,-0.03041,0.04354,0.00277,1,1,-0.013,0.112,in_circle,-0.0027,0.1255,0.0000,0.0000,0
261.708,2,5469,-0.00644,0.00810,-0.0060,-0.0035,-0.02973,0.04494,0.00250,1,1,-0.049,0.129,in_circle,-0.0027,0.1255,0.0000,0.0000,0
261.752,2,5470,-0.00650,0.00785,-0.0014,-0.0058,-0.03032,0.04414,0.00226,1,1,0.018,0.134,in_circle,-0.0027,0.1255,0.0000,0.0000,0
261.795,2,5471,-0.00640,0.00806,0.0025,0.0051,-0.03123,0.04224,0.00250,1,1,-0.000,0.144,in_circle,-0.0027,0.1255,0.0000,0.0000,0
261.841,2,5472,-0.00636,0.00829,0.0009,0.0050,-0.03159,0.04391,0.00271,1,1,-0.016,0.100,in_circle,-0.0027,0.1255,0.0000,0.0000,0
261.883,2,5473,-0.00666,0.00830,-0.0071,0.0003,-0.03080,0.04265,0.00257,1,1,-0.010,0.100,in_circle,-0.0027,0.1255,0.0000,0.0000,0
261.928,2,5474,-0.00596,0.00845,0.0155,0.0032,-0.03209,0.04181,0.00306,1,1,0.023,0.119,in_circle,-0.0027,0.1255,0.0000,0.0000,0
261.971,2,5475,-0.00639,0.00824,-0.0101,-0.0048,-0.03056,0.04333,0.00265,1,1,-0.069,0.107,in_circle,-0.0027,0.1255,0.0000,0.0000,0
262.017,2,5476,-0.00644,0.00846,-0.0011,0.0047,-0.03099,0.04377,0.00281,1,1,0.034,0.139,in_circle,-0.0027,0.1255,0.0000,0.0000,0
262.059,2,5477,-0.00642,0.00836,0.0006,-0.0023,-0.02845,0.04196,0.00273,1,1,-0.002,0.101,in_circle,-0.0027,0.1255,0.0000,0.0000,0
262.104,2,5478,-0.00619,0.00860,0.0051,0.0055,-0.02829,0.04446,0.00306,1,1,-0.009,0.129,in_circle,-0.0027,0.1255,0.0000,0.0000,0
262.148,2,5479,-0.00628,0.00824,-0.0021,-0.0084,-0.02569,0.04451,0.00270,1,1,-0.027,0.097,in_circle,-0.0027,0.1255,0.0000,0.0000,0
262.193,2,5480,-0.00628,0.00834,-0.0001,0.0023,-0.02652,0.04514,0.00279,1,1,0.002,0.153,in_circle,-0.0027,0.1255,0.0000,0.0000,0
262.236,2,5481,-0.00590,0.00806,0.0088,-0.0065,-0.02587,0.04509,0.00280,1,1,-0.006,0.110,in_circle,-0.0027,0.1255,0.0000,0.0000,0
262.281,2,5482,-0.00674,0.00812,-0.0188,0.0014,-0.02854,0.04450,0.00237,1,1,-0.043,0.146,in_circle,-0.0027,0.1255,0.0000,0.0000,0
262.324,2,5483,-0.00635,0.00842,0.0091,0.0070,-0.02850,0.04424,0.00282,1,1,0.070,0.115,in_circle,-0.0027,0.1255,0.0000,0.0000,0
262.369,2,5484,-0.00674,0.00851,-0.0087,0.0020,-0.03035,0.04242,0.00272,1,1,-0.043,0.091,in_circle,-0.0027,0.1255,0.0000,0.0000,0
262.411,2,5485,-0.00600,0.00858,0.0172,0.0017,-0.02972,0.04372,0.00314,1,1,0.029,0.111,in_circle,-0.0027,0.1255,0.0000,0.0000,0
262.456,2,5486,-0.00647,0.00839,-0.0103,-0.0043,-0.03053,0.04421,0.00273,1,1,-0.076,0.112,in_circle,-0.0027,0.1255,0.0000,0.0000,0
262.500,2,5487,-0.00677,0.00819,-0.0070,-0.0045,-0.02934,0.04539,0.00242,1,1,0.035,0.137,in_circle,-0.0027,0.1255,0.0000,0.0000,0
262.545,2,5488,-0.00651,0.00829,0.0058,0.0023,-0.03050,0.04378,0.00263,1,1,0.023,0.138,in_circle,-0.0027,0.1255,0.0000,0.0000,0
262.589,2,5489,-0.00630,0.00818,0.0049,-0.0025,-0.02906,0.04563,0.00265,1,1,-0.029,0.110,in_circle,-0.0027,0.1255,0.0000,0.0000,0
262.632,2,5490,-0.00664,0.00803,-0.0080,-0.0036,-0.02901,0.04497,0.00234,1,1,-0.026,0.130,in_circle,-0.0027,0.1255,0.0000,0.0000,0
262.675,2,5491,-0.00667,0.00820,-0.0005,0.0040,-0.03002,0.04332,0.00248,1,1,0.026,0.135,in_circle,-0.0027,0.1255,0.0000,0.0000,0
262.721,2,5492,-0.00577,0.00819,0.0198,-0.0002,-0.03055,0.04349,0.00299,1,1,-0.003,0.104,in_circle,-0.0027,0.1255,0.0000,0.0000,0
262.809,2,5493,-0.00661,0.00801,-0.0095,-0.0020,-0.02901,0.04447,0.00234,1,1,-0.087,0.121,in_circle,-0.0027,0.1255,0.0000,0.0000,0
262.851,2,5494,-0.00635,0.00794,0.0063,-0.0017,-0.03061,0.04428,0.00243,1,1,0.032,0.129,in_circle,-0.0027,0.1255,0.0000,0.0000,0
262.897,2,5495,-0.00678,0.00815,-0.0096,0.0045,-0.02912,0.04005,0.00238,1,1,-0.031,0.127,in_circle,-0.0027,0.1255,0.0000,0.0000,0
262.939,2,5496,-0.00690,0.00825,-0.0026,0.0023,-0.02975,0.04132,0.00242,1,1,0.033,0.102,in_circle,-0.0027,0.1255,0.0000,0.0000,0
262.984,2,5497,-0.00649,0.00819,0.0091,-0.0012,-0.02992,0.04177,0.00255,1,1,0.006,0.111,in_circle,-0.0027,0.1255,0.0000,0.0000,0
263.027,2,5498,-0.00639,0.00767,0.0024,-0.0122,-0.02870,0.04068,0.00219,1,1,-0.042,0.125,in_circle,-0.0027,0.1255,0.0000,0.0000,0
263.073,2,5499,-0.00585,0.00840,0.0118,0.0160,-0.03068,0.04236,0.00309,1,1,-0.016,0.170,in_circle,-0.0027,0.1255,0.0000,0.0000,0
263.116,2,5500,-0.00640,0.00842,-0.0129,0.0005,-0.03032,0.04071,0.00279,1,1,-0.055,0.056,in_circle,-0.0027,0.1255,0.0000,0.0000,0
263.160,2,5501,-0.00610,0.00842,0.0067,0.0001,-0.03001,0.04043,0.00296,1,1,0.045,0.118,in_circle,-0.0027,0.1255,0.0000,0.0000,0
263.210,2,5502,-0.00610,0.00842,0.0000,0.0000,-0.02657,0.04144,0.00296,0,0,-0.034,0.119,in_circle,-0.0027,0.1255,0.0000,0.0000,0
263.250,2,5503,-0.00634,0.00761,-0.0061,-0.0202,-0.02844,0.04299,0.00217,1,1,-0.007,0.119,in_circle,-0.0028,0.1254,0.0000,0.0000,0
263.291,2,5504,-0.00569,0.00834,0.0159,0.0178,-0.02555,0.04316,0.00315,1,1,0.018,0.202,in_circle,-0.0028,0.1254,0.0000,0.0000,0
263.337,2,5505,-0.00662,0.00789,-0.0205,-0.0100,-0.02833,0.04511,0.00223,1,1,-0.072,0.048,in_circle,-0.0028,0.1254,0.0000,0.0000,0
263.379,2,5506,-0.00659,0.00848,0.0007,0.0138,-0.03228,0.04119,0.00275,1,1,0.076,0.161,in_circle,-0.0028,0.1254,0.0000,0.0000,0
263.425,2,5507,-0.00638,0.00844,0.0048,-0.0007,-0.02951,0.04092,0.00283,1,1,-0.009,0.064,in_circle,-0.0028,0.1254,0.0000,0.0000,0
263.467,2,5508,-0.00677,0.00770,-0.0093,-0.0175,-0.03080,0.04464,0.00199,1,1,-0.026,0.122,in_circle,-0.0028,0.1254,0.0000,0.0000,0
263.513,2,5509,-0.00585,0.00823,0.0203,0.0117,-0.02839,0.04379,0.00296,1,1,0.032,0.191,in_circle,-0.0028,0.1254,0.0000,0.0000,0
263.556,2,5510,-0.00650,0.00775,-0.0151,-0.0112,-0.03011,0.04588,0.00218,1,1,-0.089,0.073,in_circle,-0.0028,0.1254,0.0000,0.0000,0
263.601,2,5511,-0.00588,0.00844,0.0139,0.0154,-0.03222,0.04428,0.00311,1,1,0.054,0.166,in_circle,-0.0028,0.1254,0.0000,0.0000,0
263.644,2,5512,-0.00656,0.00815,-0.0158,-0.0066,-0.03024,0.04468,0.00248,1,1,-0.063,0.058,in_circle,-0.0028,0.1254,0.0000,0.0000,0
263.688,2,5513,-0.00698,0.00824,-0.0093,0.0021,-0.03111,0.04656,0.00239,1,1,0.057,0.146,in_circle,-0.0028,0.1254,0.0000,0.0000,0
263.732,2,5514,-0.00679,0.00848,0.0043,0.0055,-0.02734,0.04478,0.00268,1,1,0.032,0.111,in_circle,-0.0028,0.1254,0.0000,0.0000,0
263.776,2,5515,-0.00681,0.00829,-0.0006,-0.0043,-0.03098,0.04578,0.00250,1,1,-0.023,0.097,in_circle,-0.0028,0.1254,0.0000,0.0000,0
263.820,2,5516,-0.00624,0.00817,0.0130,-0.0028,-0.02939,0.04516,0.00267,1,1,-0.003,0.137,in_circle,-0.0028,0.1254,0.0000,0.0000,0
263.864,2,5517,-0.00675,0.00831,-0.0114,0.0031,-0.03024,0.04592,0.00254,1,1,-0.059,0.131,in_circle,-0.0028,0.1254,0.0000,0.0000,0
263.907,2,5518,-0.00629,0.00831,0.0105,-0.0001,-0.02960,0.04601,0.00275,1,1,0.040,0.107,in_circle,-0.0028,0.1254,0.0000,0.0000,0
263.953,2,5519,-0.00662,0.00807,-0.0070,-0.0051,-0.03001,0.04451,0.00238,1,1,-0.049,0.120,in_circle,-0.0028,0.1254,0.0000,0.0000,0
263.995,2,5520,-0.00655,0.00825,0.0015,0.0044,-0.03033,0.04429,0.00258,1,1,0.022,0.141,in_circle,-0.0028,0.1254,0.0000,0.0000,0
264.041,2,5521,-0.00621,0.00869,0.0075,0.0095,-0.02916,0.04437,0.00312,1,1,-0.012,0.102,in_circle,-0.0028,0.1254,0.0000,0.0000,0
264.083,2,5522,-0.00658,0.00815,-0.0087,-0.0126,-0.02847,0.04565,0.00247,1,1,-0.037,0.081,in_circle,-0.0028,0.1254,0.0000,0.0000,0
264.129,2,5523,-0.00631,0.00837,0.0060,0.0046,-0.02772,0.04472,0.00280,1,1,0.029,0.170,in_circle,-0.0028,0.1254,0.0000,0.0000,0
264.171,2,5524,-0.00670,0.00827,-0.0093,-0.0024,-0.02810,0.04355,0.00252,1,1,-0.030,0.101,in_circle,-0.0028,0.1254,0.0000,0.0000,0
264.217,2,5525,-0.00593,0.00815,0.0170,-0.0026,-0.03108,0.04400,0.00285,1,1,0.032,0.129,in_circle,-0.0028,0.1254,0.0000,0.0000,0
264.260,2,5526,-0.00645,0.00841,-0.0122,0.0061,-0.02823,0.04438,0.00276,1,1,-0.075,0.130,in_circle,-0.0028,0.1254,0.0000,0.0000,0
264.304,2,5527,-0.00665,0.00822,-0.0047,-0.0043,-0.02898,0.04537,0.00250,1,1,0.043,0.095,in_circle,-0.0028,0.1254,0.0000,0.0000,0
264.350,2,5528,-0.00661,0.00815,0.0009,-0.0014,-0.02906,0.04209,0.00246,1,1,0.013,0.137,in_circle,-0.0028,0.1254,0.0000,0.0000,0
264.392,2,5529,-0.00663,0.00860,-0.0004,0.0106,-0.02918,0.04443,0.00285,1,1,-0.009,0.126,in_circle,-0.0028,0.1254,0.0000,0.0000,0
264.436,2,5530,-0.00685,0.00797,-0.0049,-0.0140,-0.02914,0.04464,0.00219,1,1,-0.004,0.076,in_circle,-0.0028,0.1254,0.0000,0.0000,0
264.481,2,5531,-0.00638,0.00832,0.0106,0.0078,-0.03027,0.04074,0.00272,1,1,0.014,0.177,in_circle,-0.0028,0.1254,0.0000,0.0000,0
264.525,2,5532,-0.00667,0.00839,-0.0066,0.0016,-0.02857,0.04479,0.00264,1,1,-0.049,0.089,in_circle,-0.0028,0.1254,0.0000,0.0000,0
264.567,2,5533,-0.00617,0.00831,0.0117,-0.0019,-0.03145,0.04156,0.00283,1,1,0.021,0.113,in_circle,-0.0028,0.1254,0.0000,0.0000,0
264.613,2,5534,-0.00653,0.00824,-0.0079,-0.0017,-0.02760,0.04282,0.00257,1,1,-0.054,0.127,in_circle,-0.0028,0.1254,0.0000,0.0000,0
264.656,2,5535,-0.00674,0.00833,-0.0048,0.0022,-0.03000,0.04543,0.00256,1,1,0.026,0.126,in_circle,-0.0028,0.1254,0.0000,0.0000,0
264.700,2,5536,-0.00666,0.00828,0.0018,-0.0010,-0.02913,0.04082,0.00255,1,1,0.014,0.111,in_circle,-0.0028,0.1254,0.0000,0.0000,0
264.744,2,5537,-0.00612,0.00873,0.0124,0.0103,-0.02803,0.04438,0.00320,1,1,-0.013,0.124,in_circle,-0.0028,0.1254,0.0000,0.0000,0
264.833,2,5538,-0.00610,0.00809,0.0003,-0.0072,-0.02819,0.04424,0.00270,1,1,-0.057,0.077,in_circle,-0.0028,0.1254,0.0000,0.0000,0
264.876,2,5539,-0.00674,0.00849,-0.0147,0.0092,-0.02798,0.04516,0.00271,1,1,-0.008,0.149,in_circle,-0.0028,0.1254,0.0000,0.0000,0
264.921,2,5540,-0.00686,0.00789,-0.0026,-0.0136,-0.02891,0.04142,0.00211,1,1,0.053,0.082,in_circle,-0.0028,0.1254,0.0000,0.0000,0
264.964,2,5541,-0.00606,0.00854,0.0186,0.0152,-0.02874,0.04308,0.00308,1,1,0.005,0.175,in_circle,-0.0028,0.1254,0.0000,0.0000,0
265.008,2,5542,-0.00577,0.00860,0.0066,0.0014,-0.02873,0.04410,0.00330,1,1,-0.081,0.058,in_circle,-0.0028,0.1254,0.0000,0.0000,0
265.053,2,5543,-0.00592,0.00858,-0.0033,-0.0006,-0.03223,0.04379,0.00319,1,1,-0.034,0.113,in_circle,-0.0028,0.1254,0.0000,0.0000,0
265.095,2,5544,-0.00603,0.00830,-0.0027,-0.0065,-0.02690,0.04178,0.00290,1,1,0.006,0.121,in_circle,-0.0028,0.1254,0.0000,0.0000,0
265.141,2,5545,-0.00705,0.00813,-0.0222,-0.0038,-0.02821,0.04223,0.00226,1,1,0.004,0.146,in_circle,-0.0028,0.1254,0.0000,0.0000,0
265.185,2,5546,-0.00659,0.00810,0.0107,-0.0007,-0.02888,0.04281,0.00242,1,1,0.084,0.135,in_circle,-0.0028,0.1254,0.0000,0.0000,0
265.236,2,5547,-0.00659,0.00810,0.0000,0.0000,-0.02843,0.04143,0.00242,0,0,-0.048,0.123,in_circle,-0.0028,0.1254,0.0000,0.0000,0
265.273,2,5548,-0.00655,0.00825,0.0009,0.0040,-0.02949,0.04485,0.00257,1,1,-0.006,0.120,in_circle,-0.0029,0.1253,0.0000,0.0000,0
265.316,2,5549,-0.00607,0.00863,0.0111,0.0089,-0.02922,0.04387,0.00315,1,1,-0.010,0.104,in_circle,-0.0029,0.1253,0.0000,0.0000,0
265.361,2,5550,-0.00640,0.00810,-0.0071,-0.0117,-0.02963,0.04312,0.00253,1,1,-0.052,0.083,in_circle,-0.0029,0.1253,0.0000,0.0000,0
265.405,2,5551,-0.00649,0.00817,-0.0021,0.0014,-0.02903,0.04464,0.00253,1,1,0.022,0.167,in_circle,-0.0029,0.1253,0.0000,0.0000,0
265.447,2,5552,-0.00653,0.00823,-0.0010,0.0015,-0.03069,0.04317,0.00257,1,1,0.002,0.114,in_circle,-0.0029,0.1253,0.0000,0.0000,0
265.493,2,5553,-0.00668,0.00827,-0.0034,0.0009,-0.03058,0.04367,0.00253,1,1,-0.002,0.114,in_circle,-0.0029,0.1253,0.0000,0.0000,0
265.537,2,5554,-0.00658,0.00808,0.0024,-0.0045,-0.03030,0.04343,0.00241,1,1,0.008,0.116,in_circle,-0.0029,0.1253,0.0000,0.0000,0
265.582,2,5555,-0.00621,0.00828,0.0080,0.0045,-0.03163,0.04403,0.00278,1,1,-0.016,0.138,in_circle,-0.0029,0.1253,0.0000,0.0000,0
265.625,2,5556,-0.00653,0.00848,-0.0073,0.0047,-0.03030,0.04392,0.00279,1,1,-0.039,0.102,in_circle,-0.0029,0.1253,0.0000,0.0000,0
265.670,2,5557,-0.00690,0.00804,-0.0084,-0.0100,-0.03066,0.04382,0.00223,1,1,0.023,0.100,in_circle,-0.0029,0.1253,0.0000,0.0000,0
265.712,2,5558,-0.00655,0.00848,0.0084,0.0104,-0.03030,0.04391,0.00278,1,1,0.029,0.160,in_circle,-0.0029,0.1253,0.0000,0.0000,0
265.757,2,5559,-0.00592,0.00848,0.0138,-0.0001,-0.03052,0.04403,0.00311,1,1,-0.040,0.077,in_circle,-0.0029,0.1253,0.0000,0.0000,0
265.799,2,5560,-0.00691,0.00842,-0.0236,-0.0014,-0.02961,0.04359,0.00257,1,1,-0.063,0.119,in_circle,-0.0029,0.1253,0.0000,0.0000,0
265.845,2,5561,-0.00642,0.00832,0.0109,-0.0022,-0.02736,0.04226,0.00270,1,1,0.089,0.125,in_circle,-0.0029,0.1253,0.0000,0.0000,0
265.889,2,5562,-0.00571,0.00791,0.0159,-0.0091,-0.02770,0.04355,0.00283,1,1,-0.050,0.128,in_circle,-0.0029,0.1253,0.0000,0.0000,0
265.932,2,5563,-0.00651,0.00836,-0.0186,0.0105,-0.02802,0.04262,0.00270,1,1,-0.072,0.157,in_circle,-0.0029,0.1253,0.0000,0.0000,0
265.975,2,5564,-0.00663,0.00825,-0.0029,-0.0027,-0.02704,0.04312,0.00253,1,1,0.068,0.077,in_circle,-0.0029,0.1253,0.0000,0.0000,0
266.021,2,5565,-0.00673,0.00793,-0.0022,-0.0070,-0.02989,0.04156,0.00220,1,1,0.006,0.131,in_circle,-0.0029,0.1253,0.0000,0.0000,0
266.064,2,5566,-0.00672,0.00834,0.0001,0.0097,-0.02720,0.04450,0.00258,1,1,0.003,0.149,in_circle,-0.0029,0.1253,0.0000,0.0000,0
266.108,2,5567,-0.00632,0.00770,0.0092,-0.0146,-0.02848,0.04654,0.00226,1,1,-0.006,0.081,in_circle,-0.0029,0.1253,0.0000,0.0000,0
266.154,2,5568,-0.00669,0.00812,-0.0083,0.0092,-0.02990,0.04378,0.00239,1,1,-0.043,0.179,in_circle,-0.0029,0.1253,0.0000,0.0000,0
266.204,2,5569,-0.00659,0.00877,0.0022,0.0129,-0.02881,0.04387,0.00302,1,1,0.027,0.083,in_circle,-0.0029,0.1253,0.0000,0.0000,0
266.240,2,5570,-0.00632,0.00849,0.0076,-0.0077,-0.03475,0.04298,0.00290,1,1,-0.015,0.067,in_circle,-0.0029,0.1253,0.0000,0.0000,0
266.285,2,5571,-0.00676,0.00841,-0.0099,-0.0018,-0.03041,0.04363,0.00262,1,1,-0.037,0.150,in_circle,-0.0029,0.1253,0.0000,0.0000,0
266.328,2,5572,-0.00624,0.00828,0.0121,-0.0029,-0.02813,0.04434,0.00277,1,1,0.034,0.126,in_circle,-0.0029,0.1253,0.0000,0.0000,0
266.372,2,5573,-0.00656,0.00798,-0.0073,-0.0069,-0.03077,0.04310,0.00234,1,1,-0.055,0.131,in_circle,-0.0029,0.1253,0.0000,0.0000,0
266.418,2,5574,-0.00668,0.00806,-0.0026,0.0017,-0.02998,0.04582,0.00234,1,1,0.023,0.148,in_circle,-0.0029,0.1253,0.0000,0.0000,0
266.461,2,5575,-0.00663,0.00801,0.0010,-0.0010,-0.03062,0.04462,0.00233,1,1,0.005,0.113,in_circle,-0.0029,0.1253,0.0000,0.0000,0
266.504,2,5576,-0.00689,0.00800,-0.0060,-0.0004,-0.03022,0.04431,0.00220,1,1,-0.010,0.124,in_circle,-0.0029,0.1253,0.0000,0.0000,0
266.549,2,5577,-0.00618,0.00828,0.0154,0.0061,-0.03024,0.04433,0.00279,1,1,0.019,0.122,in_circle,-0.0029,0.1253,0.0000,0.0000,0
266.592,2,5578,-0.00654,0.00763,-0.0085,-0.0153,-0.02943,0.04551,0.00206,1,1,-0.069,0.095,in_circle,-0.0029,0.1253,0.0000,0.0000,0
266.636,2,5579,-0.00655,0.00878,-0.0002,0.0257,-0.02655,0.04383,0.00305,1,1,0.028,0.182,in_circle,-0.0029,0.1253,0.0000,0.0000,0
266.679,2,5580,-0.00686,0.00852,-0.0072,-0.0060,-0.02856,0.04276,0.00269,1,1,-0.005,0.016,in_circle,-0.0029,0.1253,0.0000,0.0000,0
266.725,2,5581,-0.00658,0.00831,0.0062,-0.0047,-0.03253,0.04408,0.00261,1,1,0.023,0.143,in_circle,-0.0029,0.1253,0.0000,0.0000,0
266.768,2,5582,-0.00592,0.00816,0.0155,-0.0035,-0.02230,0.04162,0.00286,1,1,-0.031,0.138,in_circle,-0.0029,0.1253,0.0000,0.0000,0
266.857,2,5583,-0.00573,0.00842,0.0021,0.0030,-0.02905,0.04175,0.00319,1,1,-0.070,0.134,in_circle,-0.0029,0.1253,0.0000,0.0000,0
266.901,2,5584,-0.00619,0.00825,-0.0104,-0.0039,-0.02849,0.04491,0.00277,1,1,-0.016,0.107,in_circle,-0.0029,0.1253,0.0000,0.0000,0
266.944,2,5585,-0.00631,0.00850,-0.0028,0.0058,-0.02969,0.04062,0.00291,1,1,0.035,0.135,in_circle,-0.0029,0.1253,0.0000,0.0000,0
266.989,2,5586,-0.00555,0.00740,0.0168,-0.0244,-0.02912,0.04122,0.00265,1,1,0.005,0.096,in_circle,-0.0029,0.1253,0.0000,0.0000,0
267.033,2,5587,-0.00648,0.00817,-0.0212,0.0176,-0.03098,0.04329,0.00254,1,1,-0.076,0.219,in_circle,-0.0029,0.1253,0.0000,0.0000,0
267.077,2,5588,-0.00607,0.00866,0.0093,0.0110,-0.02992,0.04199,0.00317,1,1,0.079,0.050,in_circle,-0.0029,0.1253,0.0000,0.0000,0
267.121,2,5589,-0.00692,0.00836,-0.0197,-0.0069,-0.03513,0.04113,0.00252,1,1,-0.044,0.075,in_circle,-0.0029,0.1253,0.0000,0.0000,0
267.165,2,5590,-0.00632,0.00826,0.0135,-0.0023,-0.03058,0.04524,0.00270,1,1,0.074,0.147,in_circle,-0.0029,0.1253,0.0000,0.0000,0
267.208,2,5591,-0.00587,0.00786,0.0105,-0.0094,-0.02621,0.04289,0.00268,1,1,-0.061,0.129,in_circle,-0.0029,0.1253,0.0000,0.0000,0
267.253,2,5592,-0.00658,0.00825,-0.0156,0.0086,-0.03070,0.04322,0.00256,1,1,-0.050,0.158,in_circle,-0.0029,0.1253,0.0000,0.0000,0
267.297,2,5593,-0.00650,0.00787,0.0018,-0.0085,-0.02993,0.04536,0.00228,1,1,0.056,0.085,in_circle,-0.0029,0.1253,0.0000,0.0000,0
267.341,2,5594,-0.00575,0.00828,0.0171,0.0093,-0.03087,0.04111,0.00306,1,1,-0.013,0.155,in_circle,-0.0029,0.1253,0.0000,0.0000,0
267.384,2,5595,-0.00672,0.00821,-0.0225,-0.0015,-0.02977,0.04513,0.00246,1,1,-0.076,0.082,in_circle,-0.0029,0.1253,0.0000,0.0000,0
267.428,2,5596,-0.00596,0.00758,0.0169,-0.0142,-0.03093,0.04473,0.00242,1,1,0.084,0.126,in_circle,-0.0029,0.1253,0.0000,0.0000,0
267.472,2,5597,-0.00685,0.00841,-0.0202,0.0191,-0.02925,0.04240,0.00259,1,1,-0.075,0.178,in_circle,-0.0029,0.1253,0.0000,0.0000,0
267.517,2,5598,-0.00641,0.00862,0.0097,0.0046,-0.03079,0.04389,0.00297,1,1,0.075,0.043,in_circle,-0.0029,0.1253,0.0000,0.0000,0
267.560,2,5599,-0.00562,0.00823,0.0186,-0.0093,-0.03072,0.04316,0.00312,1,1,-0.045,0.100,in_circle,-0.0029,0.1253,0.0000,0.0000,0
267.604,2,5600,-0.00649,0.00844,-0.0197,0.0049,-0.02428,0.04227,0.00277,1,1,-0.083,0.157,in_circle,-0.0029,0.1253,0.0000,0.0000,0
267.648,2,5601,-0.00578,0.00758,0.0163,-0.0199,-0.02753,0.04384,0.00256,1,1,0.073,0.100,in_circle,-0.0029,0.1253,0.0000,0.0000,0
267.692,2,5602,-0.00559,0.00819,0.0043,0.0137,-0.02943,0.04090,0.00311,1,1,-0.073,0.201,in_circle,-0.0029,0.1253,0.0000,0.0000,0
267.736,2,5603,-0.00612,0.00826,-0.0122,0.0017,-0.02874,0.04431,0.00282,1,1,-0.026,0.065,in_circle,-0.0029,0.1253,0.0000,0.0000,0
267.781,2,5604,-0.00639,0.00815,-0.0060,-0.0024,-0.03284,0.04373,0.00257,1,1,0.042,0.113,in_circle,-0.0029,0.1253,0.0000,0.0000,0
267.824,2,5605,-0.00597,0.00802,0.0098,-0.0030,-0.02889,0.04157,0.00273,1,1,0.018,0.129,in_circle,-0.0029,0.1253,0.0000,0.0000,0
267.869,2,5606,-0.00578,0.00810,0.0042,0.0017,-0.03076,0.04471,0.00291,1,1,-0.047,0.132,in_circle,-0.0029,0.1253,0.0000,0.0000,0
267.913,2,5607,-0.00637,0.00814,-0.0134,0.0009,-0.02911,0.04477,0.00258,1,1,-0.025,0.113,in_circle,-0.0029,0.1253,0.0000,0.0000,0
267.957,2,5608,-0.00638,0.00824,-0.0004,0.0022,-0.03066,0.04299,0.00265,1,1,0.047,0.116,in_circle,-0.0029,0.1253,0.0000,0.0000,0
268.001,2,5609,-0.00566,0.00875,0.0164,0.0117,-0.03049,0.04364,0.00349,1,1,-0.005,0.111,in_circle,-0.0029,0.1253,0.0000,0.0000,0
268.044,2,5610,-0.00614,0.00783,-0.0112,-0.0215,-0.02968,0.04417,0.00247,1,1,-0.074,0.072,in_circle,-0.0029,0.1253,0.0000,0.0000,0
268.089,2,5611,-0.00620,0.00850,-0.0012,0.0150,-0.02916,0.04359,0.00297,1,1,0.038,0.207,in_circle,-0.0029,0.1253,0.0000,0.0000,0
268.133,2,5612,-0.00672,0.00784,-0.0119,-0.0150,-0.02814,0.04475,0.00214,1,1,-0.002,0.059,in_circle,-0.0029,0.1253,0.0000,0.0000,0
268.177,2,5613,-0.00689,0.00818,-0.0040,0.0076,-0.03106,0.04613,0.00236,1,1,0.042,0.181,in_circle,-0.0029,0.1253,0.0000,0.0000,0
268.220,2,5614,-0.00687,0.00854,0.0006,0.0086,-0.02499,0.04420,0.00271,1,1,0.011,0.090,in_circle,-0.0029,0.1253,0.0000,0.0000,0
268.265,2,5615,-0.00663,0.00793,0.0052,-0.0136,-0.03071,0.04508,0.00226,1,1,-0.008,0.084,in_circle,-0.0029,0.1253,0.0000,0.0000,0
268.308,2,5616,-0.00594,0.00866,0.0160,0.0168,-0.02833,0.04451,0.00324,1,1,-0.027,0.175,in_circle,-0.0029,0.1253,0.0000,0.0000,0
268.353,2,5617,-0.00654,0.00809,-0.0130,-0.0125,-0.02848,0.04420,0.00244,1,1,-0.071,0.051,in_circle,-0.0029,0.1253,0.0000,0.0000,0
268.396,2,5618,-0.00665,0.00779,-0.0026,-0.0069,-0.03156,0.04372,0.00213,1,1,0.046,0.170,in_circle,-0.0029,0.1253,0.0000,0.0000,0
268.441,2,5619,-0.00651,0.00773,0.0031,-0.0012,-0.02312,0.04197,0.00216,1,1,0.005,0.149,in_circle,-0.0029,0.1253,0.0000,0.0000,0
268.491,2,5620,-0.00651,0.00773,0.0000,0.0000,-0.03117,0.04255,0.00216,0,0,-0.019,0.126,in_circle,-0.0029,0.1253,0.0000,0.0000,0
268.530,2,5621,-0.00646,0.00825,0.0011,0.0130,-0.02979,0.04441,0.00262,1,1,-0.006,0.121,in_circle,-0.0030,0.1252,0.0000,0.0000,0
268.572,2,5622,-0.00653,0.00804,-0.0015,-0.0050,-0.03003,0.04418,0.00241,1,1,-0.011,0.067,in_circle,-0.0030,0.1252,0.0000,0.0000,0
268.617,2,5623,-0.00644,0.00798,0.0018,-0.0014,-0.02952,0.04425,0.00240,1,1,0.000,0.140,in_circle,-0.0030,0.1252,0.0000,0.0000,0
268.661,2,5624,-0.00619,0.00830,0.0059,0.0074,-0.02745,0.04455,0.00281,1,1,-0.014,0.126,in_circle,-0.0030,0.1252,0.0000,0.0000,0
268.705,2,5625,-0.00610,0.00868,0.0020,0.0086,-0.03031,0.04414,0.00317,1,1,-0.031,0.090,in_circle,-0.0030,0.1252,0.0000,0.0000,0
268.749,2,5626,-0.00711,0.00880,-0.0229,0.0028,-0.02810,0.04485,0.00289,1,1,-0.015,0.084,in_circle,-0.0030,0.1252,0.0000,0.0000,0
268.792,2,5627,-0.00653,0.00829,0.0132,-0.0117,-0.02970,0.04521,0.00262,1,1,0.087,0.107,in_circle,-0.0030,0.1252,0.0000,0.0000,0
268.881,2,5628,-0.00656,0.00846,-0.0003,0.0018,-0.02890,0.04404,0.00275,1,1,-0.059,0.166,in_circle,-0.0030,0.1252,0.0000,0.0000,0
268.925,2,5629,-0.00666,0.00822,-0.0022,-0.0054,-0.02837,0.04566,0.00250,1,1,-0.005,0.112,in_circle,-0.0030,0.1252,0.0000,0.0000,0
268.969,2,5630,-0.00636,0.00809,0.0068,-0.0031,-0.03183,0.04396,0.00254,1,1,0.003,0.141,in_circle,-0.0030,0.1252,0.0000,0.0000,0
269.013,2,5631,-0.00642,0.00815,-0.0015,0.0015,-0.03008,0.04375,0.00256,1,1,-0.034,0.132,in_circle,-0.0030,0.1252,0.0000,0.0000,0
269.057,2,5632,-0.00666,0.00819,-0.0055,0.0008,-0.03069,0.04310,0.00247,1,1,-0.001,0.114,in_circle,-0.0030,0.1252,0.0000,0.0000,0
269.101,2,5633,-0.00648,0.00840,0.0041,0.0049,-0.03097,0.04131,0.00274,1,1,0.016,0.116,in_circle,-0.0030,0.1252,0.0000,0.0000,0
269.144,2,5634,-0.00703,0.00820,-0.0126,-0.0046,-0.03094,0.04329,0.00233,1,1,-0.023,0.100,in_circle,-0.0030,0.1252,0.0000,0.0000,0
269.188,2,5635,-0.00671,0.00800,0.0074,-0.0045,-0.03077,0.04310,0.00228,1,1,0.046,0.138,in_circle,-0.0030,0.1252,0.0000,0.0000,0
269.233,2,5636,-0.00651,0.00803,0.0044,0.0006,-0.03093,0.04357,0.00241,1,1,-0.035,0.138,in_circle,-0.0030,0.1252,0.0000,0.0000,0
269.276,2,5637,-0.00648,0.00826,0.0007,0.0054,-0.03066,0.04382,0.00262,1,1,-0.024,0.118,in_circle,-0.0030,0.1252,0.0000,0.0000,0
269.321,2,5638,-0.00684,0.00840,-0.0080,0.0030,-0.03065,0.04331,0.00259,1,1,-0.009,0.098,in_circle,-0.0030,0.1252,0.0000,0.0000,0
269.365,2,5639,-0.00568,0.00847,0.0267,0.0017,-0.02944,0.04306,0.00326,1,1,0.026,0.107,in_circle,-0.0030,0.1252,0.0000,0.0000,0
269.409,2,5640,-0.00641,0.00811,-0.0166,-0.0082,-0.02852,0.04410,0.00252,1,1,-0.115,0.112,in_circle,-0.0030,0.1252,0.0000,0.0000,0
269.453,2,5641,-0.00656,0.00847,-0.0033,0.0081,-0.02878,0.04329,0.00276,1,1,0.060,0.153,in_circle,-0.0030,0.1252,0.0000,0.0000,0
269.497,2,5642,-0.00651,0.00754,0.0010,-0.0211,-0.02870,0.03994,0.00201,1,1,0.007,0.086,in_circle,-0.0030,0.1252,0.0000,0.0000,0
269.541,2,5643,-0.00666,0.00798,-0.0034,0.0100,-0.02850,0.04238,0.00228,1,1,-0.010,0.206,in_circle,-0.0030,0.1252,0.0000,0.0000,0
269.585,2,5644,-0.00662,0.00807,0.0010,0.0020,-0.02934,0.04425,0.00238,1,1,0.008,0.080,in_circle,-0.0030,0.1252,0.0000,0.0000,0
269.629,2,5645,-0.00642,0.00871,0.0046,0.0147,-0.03359,0.04160,0.00304,1,1,-0.010,0.112,in_circle,-0.0030,0.1252,0.0000,0.0000,0
269.674,2,5646,-0.00630,0.00794,0.0025,-0.0174,-0.02573,0.04236,0.00245,1,1,-0.025,0.060,in_circle,-0.0030,0.1252,0.0000,0.0000,0
269.716,2,5647,-0.00661,0.00815,-0.0073,0.0047,-0.02842,0.04039,0.00245,1,1,-0.017,0.190,in_circle,-0.0030,0.1252,0.0000,0.0000,0
269.762,2,5648,-0.00647,0.00807,0.0032,-0.0016,-0.02433,0.04287,0.00246,1,1,0.023,0.101,in_circle,-0.0030,0.1252,0.0000,0.0000,0
269.805,2,5649,-0.00677,0.00842,-0.0070,0.0080,-0.02993,0.04430,0.00263,1,1,-0.019,0.126,in_circle,-0.0030,0.1252,0.0000,0.0000,0
269.848,2,5650,-0.00628,0.00831,0.0113,-0.0024,-0.02855,0.04259,0.00277,1,1,0.022,0.087,in_circle,-0.0030,0.1252,0.0000,0.0000,0
269.893,2,5651,-0.00672,0.00859,-0.0098,0.0062,-0.02937,0.04373,0.00281,1,1,-0.052,0.129,in_circle,-0.0030,0.1252,0.0000,0.0000,0
269.937,2,5652,-0.00675,0.00832,-0.0006,-0.0062,-0.02929,0.04316,0.00255,1,1,0.034,0.094,in_circle,-0.0030,0.1252,0.0000,0.0000,0
269.981,2,5653,-0.00676,0.00803,-0.0003,-0.0067,-0.02735,0.04262,0.00228,1,1,-0.003,0.144,in_circle,-0.0030,0.1252,0.0000,0.0000,0
270.024,2,5654,-0.00673,0.00851,0.0006,0.0112,-0.02774,0.04494,0.00273,1,1,-0.004,0.147,in_circle,-0.0030,0.1252,0.0000,0.0000,0
270.070,2,5655,-0.00662,0.00830,0.0024,-0.0046,-0.02894,0.04572,0.00259,1,1,-0.008,0.074,in_circle,-0.0030,0.1252,0.0000,0.0000,0
270.113,2,5656,-0.00715,0.00792,-0.0124,-0.0088,-0.03019,0.04455,0.00203,1,1,-0.016,0.138,in_circle,-0.0030,0.1252,0.0000,0.0000,0
270.158,2,5657,-0.00642,0.00844,0.0165,0.0116,-0.02878,0.04453,0.00281,1,1,0.045,0.156,in_circle,-0.0030,0.1252,0.0000,0.0000,0
270.201,2,5658,-0.00595,0.00803,0.0109,-0.0096,-0.03024,0.04418,0.00275,1,1,-0.072,0.073,in_circle,-0.0030,0.1252,0.0000,0.0000,0
270.245,2,5659,-0.00672,0.00824,-0.0176,0.0048,-0.03028,0.04386,0.00249,1,1,-0.051,0.159,in_circle,-0.0030,0.1252,0.0000,0.0000,0
270.289,2,5660,-0.00659,0.00791,0.0028,-0.0075,-0.02986,0.04384,0.00226,1,1,0.065,0.100,in_circle,-0.0030,0.1252,0.0000,0.0000,0
270.333,2,5661,-0.00672,0.00817,-0.0028,0.0059,-0.03138,0.04209,0.00242,1,1,-0.017,0.150,in_circle,-0.0030,0.1252,0.0000,0.0000,0
270.376,2,5662,-0.00686,0.00831,-0.0033,0.0034,-0.02945,0.04515,0.00250,1,1,0.006,0.096,in_circle,-0.0030,0.1252,0.0000,0.0000,0
270.421,2,5663,-0.00673,0.00827,0.0029,-0.0011,-0.03136,0.04364,0.00251,1,1,0.008,0.106,in_circle,-0.0030,0.1252,0.0000,0.0000,0
270.464,2,5664,-0.00563,0.00780,0.0253,-0.0107,-0.02992,0.04389,0.00282,1,1,-0.017,0.124,in_circle,-0.0030,0.1252,0.0000,0.0000,0
270.510,2,5665,-0.00660,0.00837,-0.0212,0.0125,-0.02981,0.04354,0.00266,1,1,-0.110,0.163,in_circle,-0.0031,0.1251,0.0000,0.0000,0
270.552,2,5666,-0.00671,0.00837,-0.0025,-0.0001,-0.03050,0.04573,0.00261,1,1,0.079,0.069,in_circle,-0.0031,0.1250,0.0000,0.0000,0
270.597,2,5667,-0.00619,0.00855,0.0116,0.0041,-0.03108,0.04139,0.00302,1,1,0.004,0.120,in_circle,-0.0032,0.1249,0.0000,0.0000,0
270.642,2,5668,-0.00566,0.00844,0.0118,-0.0026,-0.02521,0.04245,0.00324,1,1,-0.054,0.102,in_circle,-0.0032,0.1248,0.0000,0.0000,0
270.685,2,5669,-0.00613,0.00826,-0.0108,-0.0041,-0.02733,0.04518,0.00281,1,1,-0.056,0.129,in_circle,-0.0033,0.1247,0.0000,0.0000,0
270.728,2,5670,-0.00664,0.00813,-0.0120,-0.0032,-0.02660,0.04155,0.00242,1,1,0.035,0.135,in_circle,-0.0034,0.1246,0.0000,0.0000,0
270.773,2,5671,-0.00625,0.00824,0.0086,0.0026,-0.02815,0.04182,0.00272,1,1,0.042,0.132,in_circle,-0.0034,0.1245,0.0000,0.0000,0
270.816,2,5672,-0.00659,0.00756,-0.0077,-0.0158,-0.02778,0.04309,0.00197,1,1,-0.042,0.109,in_circle,-0.0034,0.1245,0.0000,0.0000,0
270.905,2,5673,-0.00691,0.00828,-0.0036,0.0082,-0.02886,0.04545,0.00245,1,1,0.024,0.184,in_circle,-0.0034,0.1245,0.0000,0.0000,0
270.948,2,5674,-0.00625,0.00801,0.0153,-0.0064,-0.03031,0.04432,0.00254,1,1,0.009,0.086,in_circle,-0.0034,0.1245,0.0000,0.0000,0
270.992,2,5675,-0.00603,0.00831,0.0050,0.0070,-0.03248,0.04350,0.00291,1,1,-0.068,0.145,in_circle,-0.0034,0.1245,0.0000,0.0000,0
271.038,2,5676,-0.00603,0.00843,-0.0000,0.0025,-0.03132,0.04263,0.00300,1,1,-0.028,0.091,in_circle,-0.0034,0.1245,0.0000,0.0000,0
271.081,2,5677,-0.00666,0.00837,-0.0144,-0.0013,-0.03157,0.04216,0.00263,1,1,-0.008,0.108,in_circle,-0.0034,0.1245,0.0000,0.0000,0
271.125,2,5678,-0.00649,0.00821,0.0037,-0.0037,-0.02880,0.04369,0.00257,1,1,0.051,0.124,in_circle,-0.0034,0.1245,0.0000,0.0000,0
271.168,2,5679,-0.00690,0.00846,-0.0095,0.0058,-0.03048,0.04233,0.00262,1,1,-0.022,0.134,in_circle,-0.0034,0.1245,0.0000,0.0000,0
271.214,2,5680,-0.00665,0.00832,0.0054,-0.0031,-0.02957,0.04416,0.00258,1,1,0.032,0.095,in_circle,-0.0034,0.1245,0.0000,0.0000,0
271.256,2,5681,-0.00655,0.00830,0.0025,-0.0004,-0.03056,0.04297,0.00262,1,1,-0.028,0.131,in_circle,-0.0034,0.1245,0.0000,0.0000,0
271.301,2,5682,-0.00677,0.00815,-0.0048,-0.0032,-0.03038,0.04410,0.00239,1,1,-0.017,0.120,in_circle,-0.0034,0.1245,0.0000,0.0000,0
271.344,2,5683,-0.00654,0.00827,0.0051,0.0026,-0.03015,0.04460,0.00259,1,1,0.013,0.132,in_circle,-0.0034,0.1245,0.0000,0.0000,0
271.389,2,5684,-0.00598,0.00809,0.0126,-0.0039,-0.03009,0.04455,0.00277,1,1,-0.027,0.108,in_circle,-0.0034,0.1245,0.0000,0.0000,0
271.433,2,5685,-0.00594,0.00814,0.0008,0.0012,-0.02988,0.04430,0.00283,1,1,-0.058,0.135,in_circle,-0.0034,0.1245,0.0000,0.0000,0
271.478,2,5686,-0.00658,0.00803,-0.0142,-0.0026,-0.03069,0.04321,0.00237,1,1,-0.011,0.115,in_circle,-0.0034,0.1245,0.0000,0.0000,0
271.521,2,5687,-0.00653,0.00801,0.0011,-0.0003,-0.03020,0.04293,0.00238,1,1,0.050,0.130,in_circle,-0.0034,0.1245,0.0000,0.0000,0
271.565,2,5688,-0.00650,0.00791,0.0006,-0.0024,-0.03004,0.04304,0.00231,1,1,-0.011,0.121,in_circle,-0.0034,0.1245,0.0000,0.0000,0
271.608,2,5689,-0.00592,0.00860,0.0136,0.0163,-0.03004,0.04583,0.00321,1,1,-0.009,0.129,in_circle,-0.0034,0.1245,0.0000,0.0000,0
271.654,2,5690,-0.00582,0.00848,0.0023,-0.0027,-0.02997,0.04393,0.00317,1,1,-0.063,0.053,in_circle,-0.0034,0.1245,0.0000,0.0000,0
271.696,2,5691,-0.00619,0.00853,-0.0088,0.0012,-0.02900,0.04501,0.00300,1,1,-0.017,0.129,in_circle,-0.0034,0.1245,0.0000,0.0000,0
271.740,2,5692,-0.00637,0.00799,-0.0040,-0.0121,-0.02312,0.04167,0.00245,1,1,0.028,0.113,in_circle,-0.0034,0.1245,0.0000,0.0000,0
271.785,2,5693,-0.00570,0.00790,0.0151,-0.0019,-0.02469,0.04293,0.00284,1,1,0.009,0.168,in_circle,-0.0034,0.1245,0.0000,0.0000,0
271.829,2,5694,-0.00618,0.00819,-0.0110,0.0066,-0.02519,0.04239,0.00273,1,1,-0.069,0.127,in_circle,-0.0034,0.1245,0.0000,0.0000,0
271.872,2,5695,-0.00674,0.00839,-0.0127,0.0044,-0.02982,0.04386,0.00261,1,1,0.037,0.093,in_circle,-0.0034,0.1245,0.0000,0.0000,0
271.917,2,5696,-0.00648,0.00828,0.0058,-0.0023,-0.03066,0.04210,0.00264,1,1,0.045,0.101,in_circle,-0.0034,0.1245,0.0000,0.0000,0
271.960,2,5697,-0.00691,0.00846,-0.0100,0.0041,-0.03071,0.04513,0.00262,1,1,-0.030,0.128,in_circle,-0.0034,0.1245,0.0000,0.0000,0
272.005,2,5698,-0.00641,0.00803,0.0109,-0.0095,-0.03056,0.04332,0.00246,1,1,0.034,0.102,in_circle,-0.0034,0.1245,0.0000,0.0000,0
272.048,2,5699,-0.00685,0.00861,-0.0100,0.0134,-0.02930,0.04440,0.00278,1,1,-0.050,0.158,in_circle,-0.0034,0.1245,0.0000,0.0000,0
272.093,2,5700,-0.00651,0.00835,0.0075,-0.0059,-0.02940,0.04494,0.00268,1,1,0.034,0.064,in_circle,-0.0034,0.1245,0.0000,0.0000,0
272.137,2,5701,-0.00622,0.00842,0.0066,0.0017,-0.03020,0.04304,0.00289,1,1,-0.036,0.142,in_circle,-0.0034,0.1245,0.0000,0.0000,0
272.182,2,5702,-0.00672,0.00799,-0.0111,-0.0097,-0.02650,0.04557,0.00226,1,1,-0.034,0.112,in_circle,-0.0034,0.1245,0.0000,0.0000,0
272.225,2,5703,-0.00661,0.00800,0.0024,0.0004,-0.03006,0.04285,0.00233,1,1,0.038,0.158,in_circle,-0.0034,0.1245,0.0000,0.0000,0
272.269,2,5704,-0.00683,0.00828,-0.0049,0.0064,-0.02924,0.04320,0.00248,1,1,-0.016,0.118,in_circle,-0.0034,0.1245,0.0000,0.0000,0
272.312,2,5705,-0.00640,0.00856,0.0100,0.0065,-0.02974,0.04377,0.00292,1,1,0.014,0.093,in_circle,-0.0034,0.1245,0.0000,0.0000,0
272.358,2,5706,-0.00660,0.00795,-0.0045,-0.0132,-0.03087,0.04278,0.00229,1,1,-0.047,0.092,in_circle,-0.0034,0.1245,0.0000,0.0000,0
272.401,2,5707,-0.00665,0.00841,-0.0010,0.0106,-0.02963,0.04485,0.00267,1,1,0.012,0.172,in_circle,-0.0034,0.1245,0.0000,0.0000,0
272.445,2,5708,-0.00587,0.00875,0.0176,0.0077,-0.03044,0.04325,0.00336,1,1,-0.002,0.076,in_circle,-0.0034,0.1245,0.0000,0.0000,0
272.488,2,5709,-0.00672,0.00793,-0.0198,-0.0191,-0.03097,0.04476,0.00221,1,1,-0.079,0.087,in_circle,-0.0034,0.1245,0.0000,0.0000,0
272.533,2,5710,-0.00593,0.00841,0.0174,0.0107,-0.02648,0.04289,0.00305,1,1,0.073,0.196,in_circle,-0.0034,0.1245,0.0000,0.0000,0
272.577,2,5711,-0.00647,0.00812,-0.0125,-0.0066,-0.02896,0.04184,0.00250,1,1,-0.078,0.076,in_circle,-0.0034,0.1245,0.0000,0.0000,0
272.621,2,5712,-0.00679,0.00823,-0.0073,0.0024,-0.03172,0.04470,0.00245,1,1,0.043,0.146,in_circle,-0.0034,0.1245,0.0000,0.0000,0
272.672,2,5713,-0.00679,0.00823,0.0000,0.0000,-0.02761,0.04480,0.00245,0,0,0.023,0.109,in_circle,-0.0034,0.1245,0.0000,0.0000,0
272.710,2,5714,-0.00664,0.00799,0.0039,-0.0062,-0.03071,0.04513,0.00230,1,1,-0.006,0.119,in_circle,-0.0035,0.1244,0.0000,0.0000,0
272.753,2,5715,-0.00660,0.00810,0.0009,0.0025,-0.02975,0.04431,0.00242,1,1,-0.022,0.144,in_circle,-0.0035,0.1244,0.0000,0.0000,0
272.797,2,5716,-0.00578,0.00887,0.0184,0.0171,-0.03017,0.04336,0.00351,1,1,-0.010,0.109,in_circle,-0.0035,0.1244,0.0000,0.0000,0
272.840,2,5717,-0.00604,0.00802,-0.0061,-0.0198,-0.03026,0.04461,0.00268,1,1,-0.082,0.049,in_circle,-0.0035,0.1244,0.0000,0.0000,0
272.929,2,5718,-0.00676,0.00830,-0.0081,0.0031,-0.02250,0.04247,0.00252,1,1,0.016,0.198,in_circle,-0.0035,0.1244,0.0000,0.0000,0
272.974,2,5719,-0.00593,0.00842,0.0185,0.0028,-0.02430,0.03977,0.00306,1,1,0.026,0.106,in_circle,-0.0035,0.1244,0.0000,0.0000,0
273.016,2,5720,-0.00661,0.00840,-0.0161,-0.0006,-0.03244,0.04085,0.00267,1,1,-0.082,0.107,in_circle,-0.0035,0.1244,0.0000,0.0000,0
273.060,2,5721,-0.00640,0.00807,0.0048,-0.0073,-0.03021,0.04483,0.00250,1,1,0.058,0.121,in_circle,-0.0035,0.1244,0.0000,0.0000,0
273.106,2,5722,-0.00585,0.00819,0.0121,0.0026,-0.03040,0.03955,0.00293,1,1,-0.026,0.148,in_circle,-0.0035,0.1244,0.0000,0.0000,0
273.149,2,5723,-0.00684,0.00825,-0.0227,0.0014,-0.02903,0.04312,0.00244,1,1,-0.057,0.109,in_circle,-0.0035,0.1244,0.0000,0.0000,0
273.193,2,5724,-0.00650,0.00843,0.0077,0.0043,-0.03129,0.04305,0.00276,1,1,0.085,0.113,in_circle,-0.0035,0.1244,0.0000,0.0000,0
273.237,2,5725,-0.00653,0.00891,-0.0008,0.0107,-0.03085,0.03865,0.00317,1,1,-0.038,0.101,in_circle,-0.0035,0.1244,0.0000,0.0000,0
273.281,2,5726,-0.00653,0.00863,0.0001,-0.0064,-0.03062,0.04534,0.00292,1,1,-0.003,0.074,in_circle,-0.0035,0.1244,0.0000,0.0000,0
273.325,2,5727,-0.00659,0.00850,-0.0014,-0.0029,-0.03020,0.04613,0.00277,1,1,-0.007,0.143,in_circle,-0.0035,0.1244,0.0000,0.0000,0
273.369,2,5728,-0.00701,0.00816,-0.0095,-0.0078,-0.02512,0.04392,0.00230,1,1,-0.001,0.130,in_circle,-0.0035,0.1244,0.0000,0.0000,0
273.414,2,5729,-0.00655,0.00827,0.0101,0.0024,-0.02857,0.04424,0.00259,1,1,0.032,0.150,in_circle,-0.0035,0.1244,0.0000,0.0000,0
273.457,2,5730,-0.00682,0.00811,-0.0064,-0.0036,-0.02790,0.04509,0.00233,1,1,-0.047,0.109,in_circle,-0.0035,0.1244,0.0000,0.0000,0
273.502,2,5731,-0.00635,0.00809,0.0105,-0.0006,-0.02954,0.04546,0.00254,1,1,0.020,0.134,in_circle,-0.0035,0.1244,0.0000,0.0000,0
273.545,2,5732,-0.00667,0.00835,-0.0073,0.0061,-0.02881,0.04578,0.00261,1,1,-0.049,0.122,in_circle,-0.0035,0.1244,0.0000,0.0000,0
273.589,2,5733,-0.00689,0.00860,-0.0049,0.0056,-0.02997,0.04488,0.00275,1,1,0.023,0.094,in_circle,-0.0035,0.1244,0.0000,0.0000,0
273.633,2,5734,-0.00662,0.00811,0.0060,-0.0112,-0.03090,0.04278,0.00241,1,1,0.014,0.096,in_circle,-0.0035,0.1244,0.0000,0.0000,0
273.677,2,5735,-0.00686,0.00841,-0.0054,0.0068,-0.02962,0.04343,0.00259,1,1,-0.031,0.164,in_circle,-0.0035,0.1244,0.0000,0.0000,0
273.720,2,5736,-0.00654,0.00842,0.0077,0.0001,-0.03077,0.04473,0.00273,1,1,0.016,0.091,in_circle,-0.0035,0.1244,0.0000,0.0000,0
273.765,2,5737,-0.00631,0.00796,0.0051,-0.0103,-0.03094,0.04338,0.00246,1,1,-0.037,0.118,in_circle,-0.0035,0.1244,0.0000,0.0000,0
273.815,2,5738,-0.00631,0.00796,0.0000,0.0000,-0.02876,0.04431,0.00246,0,0,-0.028,0.161,in_circle,-0.0035,0.1244,0.0000,0.0000,0
273.855,2,5739,-0.00598,0.00855,0.0082,0.0146,-0.02949,0.04469,0.00313,1,1,-0.007,0.119,in_circle,-0.0036,0.1243,0.0000,0.0000,0
273.897,2,5740,-0.00627,0.00875,-0.0068,0.0048,-0.03011,0.04489,0.00315,1,1,-0.041,0.059,in_circle,-0.0036,0.1243,0.0000,0.0000,0
273.941,2,5741,-0.00687,0.00822,-0.0137,-0.0122,-0.03013,0.04306,0.00241,1,1,0.020,0.098,in_circle,-0.0036,0.1243,0.0000,0.0000,0
